Date,Time,AOD_Site,AOD_Day_of_Year,AOD_Day_of_Year(Fraction),AOD_Extinction-Total[440nm],AOD_Extinction-Total[675nm],AOD_Extinction-Total[870nm],AOD_Extinction-Total[1020nm],AOD_Extinction-Fine[440nm],AOD_Extinction-Fine[675nm],AOD_Extinction-Fine[870nm],AOD_Extinction-Fine[1020nm],AOD_Extinction-Coarse[440nm],AOD_Extinction-Coarse[675nm],AOD_Extinction-Coarse[870nm],AOD_Extinction-Coarse[1020nm],AOD_Extinction_Angstrom_Exponent_440-870nm-Total,AOD_Average_Solar_Zenith_Angles_for_Flux_Calculation(Degrees),AOD_Solar_Zenith_Angle_for_Measurement_Start(Degrees),AOD_Sky_Residual(%),AOD_Sun_Residual(%),AOD_Coincident_AOD440nm,AOD_Scattering_Angle_Bin_3.2_to_<6_degrees[440nm],AOD_Scattering_Angle_Bin_6_to_<30_degrees[440nm],AOD_Scattering_Angle_Bin_30_to_<80_degrees[440nm],AOD_Scattering_Angle_Bin_80_degrees_and_over[440nm],AOD_Scattering_Angle_Bin_3.2_to_<6_degrees[675nm],AOD_Scattering_Angle_Bin_6_to_<30_degrees[675nm],AOD_Scattering_Angle_Bin_30_to_<80_degrees[675nm],AOD_Scattering_Angle_Bin_80_degrees_and_over[675nm],AOD_Scattering_Angle_Bin_3.2_to_<6_degrees[870nm],AOD_Scattering_Angle_Bin_6_to_<30_degrees[870nm],AOD_Scattering_Angle_Bin_30_to_<80_degrees[870nm],AOD_Scattering_Angle_Bin_80_degrees_and_over[870nm],AOD_Scattering_Angle_Bin_3.2_to_<6_degrees[1020nm],AOD_Scattering_Angle_Bin_6_to_<30_degrees[1020nm],AOD_Scattering_Angle_Bin_30_to_<80_degrees[1020nm],AOD_Scattering_Angle_Bin_80_degrees_and_over[1020nm],AOD_Surface_Albedo[440m],AOD_Surface_Albedo[675m],AOD_Surface_Albedo[870m],AOD_Surface_Albedo[1020m],AOD_If_Retrieval_is_L2(without_L2_0.4_AOD_440_threshold),AOD_If_AOD_is_L2,AOD_Last_Processing_Date(dd:mm:yyyy),AOD_Last_Processing_Time(hh:mm:ss),AOD_Instrument_Number,AOD_Latitude(Degrees),AOD_Longitude(Degrees),AOD_Elevation(m),AOD_Inversion_Data_Quality_Level,AOD_Retrieval_Measurement_Scan_Type,CAD_Site,CAD_Day_of_Year,CAD_Day_of_Year(Fraction),CAD_AOD_Coincident_Input[440nm],CAD_AOD_Coincident_Input[675nm],CAD_AOD_Coincident_Input[870nm],CAD_AOD_Coincident_Input[1020nm],CAD_Angstrom_Exponent_440-870nm_from_Coincident_Input_AOD,CAD_Average_Solar_Zenith_Angles_for_Flux_Calculation(Degrees),CAD_Solar_Zenith_Angle_for_Measurement_Start(Degrees),CAD_Sky_Residual(%),CAD_Sun_Residual(%),CAD_Coincident_AOD440nm,CAD_Scattering_Angle_Bin_3.2_to_<6_degrees[440nm],CAD_Scattering_Angle_Bin_6_to_<30_degrees[440nm],CAD_Scattering_Angle_Bin_30_to_<80_degrees[440nm],CAD_Scattering_Angle_Bin_80_degrees_and_over[440nm],CAD_Scattering_Angle_Bin_3.2_to_<6_degrees[675nm],CAD_Scattering_Angle_Bin_6_to_<30_degrees[675nm],CAD_Scattering_Angle_Bin_30_to_<80_degrees[675nm],CAD_Scattering_Angle_Bin_80_degrees_and_over[675nm],CAD_Scattering_Angle_Bin_3.2_to_<6_degrees[870nm],CAD_Scattering_Angle_Bin_6_to_<30_degrees[870nm],CAD_Scattering_Angle_Bin_30_to_<80_degrees[870nm],CAD_Scattering_Angle_Bin_80_degrees_and_over[870nm],CAD_Scattering_Angle_Bin_3.2_to_<6_degrees[1020nm],CAD_Scattering_Angle_Bin_6_to_<30_degrees[1020nm],CAD_Scattering_Angle_Bin_30_to_<80_degrees[1020nm],CAD_Scattering_Angle_Bin_80_degrees_and_over[1020nm],CAD_Surface_Albedo[440m],CAD_Surface_Albedo[675m],CAD_Surface_Albedo[870m],CAD_Surface_Albedo[1020m],CAD_If_Retrieval_is_L2(without_L2_0.4_AOD_440_threshold),CAD_If_AOD_is_L2,CAD_Last_Processing_Date(dd:mm:yyyy),CAD_Last_Processing_Time(hh:mm:ss),CAD_Instrument_Number,CAD_Latitude(Degrees),CAD_Longitude(Degrees),CAD_Elevation(m),CAD_Inversion_Data_Quality_Level,CAD_Retrieval_Measurement_Scan_Type,RIN_Site,RIN_Day_of_Year,RIN_Day_of_Year(Fraction),RIN_Refractive_Index-Real_Part[440nm],RIN_Refractive_Index-Real_Part[675nm],RIN_Refractive_Index-Real_Part[870nm],RIN_Refractive_Index-Real_Part[1020nm],RIN_Refractive_Index-Imaginary_Part[440nm],RIN_Refractive_Index-Imaginary_Part[675nm],RIN_Refractive_Index-Imaginary_Part[870nm],RIN_Refractive_Index-Imaginary_Part[1020nm],RIN_Average_Solar_Zenith_Angles_for_Flux_Calculation(Degrees),RIN_Solar_Zenith_Angle_for_Measurement_Start(Degrees),RIN_Sky_Residual(%),RIN_Sun_Residual(%),RIN_Coincident_AOD440nm,RIN_Scattering_Angle_Bin_3.2_to_<6_degrees[440nm],RIN_Scattering_Angle_Bin_6_to_<30_degrees[440nm],RIN_Scattering_Angle_Bin_30_to_<80_degrees[440nm],RIN_Scattering_Angle_Bin_80_degrees_and_over[440nm],RIN_Scattering_Angle_Bin_3.2_to_<6_degrees[675nm],RIN_Scattering_Angle_Bin_6_to_<30_degrees[675nm],RIN_Scattering_Angle_Bin_30_to_<80_degrees[675nm],RIN_Scattering_Angle_Bin_80_degrees_and_over[675nm],RIN_Scattering_Angle_Bin_3.2_to_<6_degrees[870nm],RIN_Scattering_Angle_Bin_6_to_<30_degrees[870nm],RIN_Scattering_Angle_Bin_30_to_<80_degrees[870nm],RIN_Scattering_Angle_Bin_80_degrees_and_over[870nm],RIN_Scattering_Angle_Bin_3.2_to_<6_degrees[1020nm],RIN_Scattering_Angle_Bin_6_to_<30_degrees[1020nm],RIN_Scattering_Angle_Bin_30_to_<80_degrees[1020nm],RIN_Scattering_Angle_Bin_80_degrees_and_over[1020nm],RIN_Surface_Albedo[440m],RIN_Surface_Albedo[675m],RIN_Surface_Albedo[870m],RIN_Surface_Albedo[1020m],RIN_If_Retrieval_is_L2(without_L2_0.4_AOD_440_threshold),RIN_If_AOD_is_L2,RIN_Last_Processing_Date(dd:mm:yyyy),RIN_Last_Processing_Time(hh:mm:ss),RIN_Instrument_Number,RIN_Latitude(Degrees),RIN_Longitude(Degrees),RIN_Elevation(m),RIN_Inversion_Data_Quality_Level,RIN_Retrieval_Measurement_Scan_Type,SSA_Site,SSA_Day_of_Year,SSA_Day_of_Year(Fraction),Single_Scattering_Albedo[440nm],Single_Scattering_Albedo[675nm],Single_Scattering_Albedo[870nm],Single_Scattering_Albedo[1020nm],SSA_Average_Solar_Zenith_Angles_for_Flux_Calculation(Degrees),SSA_Solar_Zenith_Angle_for_Measurement_Start(Degrees),SSA_Sky_Residual(%),SSA_Sun_Residual(%),SSA_Coincident_AOD440nm,SSA_Scattering_Angle_Bin_3.2_to_<6_degrees[440nm],SSA_Scattering_Angle_Bin_6_to_<30_degrees[440nm],SSA_Scattering_Angle_Bin_30_to_<80_degrees[440nm],SSA_Scattering_Angle_Bin_80_degrees_and_over[440nm],SSA_Scattering_Angle_Bin_3.2_to_<6_degrees[675nm],SSA_Scattering_Angle_Bin_6_to_<30_degrees[675nm],SSA_Scattering_Angle_Bin_30_to_<80_degrees[675nm],SSA_Scattering_Angle_Bin_80_degrees_and_over[675nm],SSA_Scattering_Angle_Bin_3.2_to_<6_degrees[870nm],SSA_Scattering_Angle_Bin_6_to_<30_degrees[870nm],SSA_Scattering_Angle_Bin_30_to_<80_degrees[870nm],SSA_Scattering_Angle_Bin_80_degrees_and_over[870nm],SSA_Scattering_Angle_Bin_3.2_to_<6_degrees[1020nm],SSA_Scattering_Angle_Bin_6_to_<30_degrees[1020nm],SSA_Scattering_Angle_Bin_30_to_<80_degrees[1020nm],SSA_Scattering_Angle_Bin_80_degrees_and_over[1020nm],SSA_Surface_Albedo[440m],SSA_Surface_Albedo[675m],SSA_Surface_Albedo[870m],SSA_Surface_Albedo[1020m],SSA_If_Retrieval_is_L2(without_L2_0.4_AOD_440_threshold),SSA_If_AOD_is_L2,SSA_Last_Processing_Date(dd:mm:yyyy),SSA_Last_Processing_Time(hh:mm:ss),SSA_Instrument_Number,SSA_Latitude(Degrees),SSA_Longitude(Degrees),SSA_Elevation(m),SSA_Inversion_Data_Quality_Level,SSA_Retrieval_Measurement_Scan_Type,TAB_Site,TAB_Day_of_Year,TAB_Day_of_Year(Fraction),TAB_Absorption_AOD[440nm],TAB_Absorption_AOD[675nm],TAB_Absorption_AOD[870nm],TAB_Absorption_AOD[1020nm],TAB_Absorption_Angstrom_Exponent_440-870nm,TAB_Average_Solar_Zenith_Angles_for_Flux_Calculation(Degrees),TAB_Solar_Zenith_Angle_for_Measurement_Start(Degrees),TAB_Sky_Residual(%),TAB_Sun_Residual(%),TAB_Coincident_AOD440nm,TAB_Scattering_Angle_Bin_3.2_to_<6_degrees[440nm],TAB_Scattering_Angle_Bin_6_to_<30_degrees[440nm],TAB_Scattering_Angle_Bin_30_to_<80_degrees[440nm],TAB_Scattering_Angle_Bin_80_degrees_and_over[440nm],TAB_Scattering_Angle_Bin_3.2_to_<6_degrees[675nm],TAB_Scattering_Angle_Bin_6_to_<30_degrees[675nm],TAB_Scattering_Angle_Bin_30_to_<80_degrees[675nm],TAB_Scattering_Angle_Bin_80_degrees_and_over[675nm],TAB_Scattering_Angle_Bin_3.2_to_<6_degrees[870nm],TAB_Scattering_Angle_Bin_6_to_<30_degrees[870nm],TAB_Scattering_Angle_Bin_30_to_<80_degrees[870nm],TAB_Scattering_Angle_Bin_80_degrees_and_over[870nm],TAB_Scattering_Angle_Bin_3.2_to_<6_degrees[1020nm],TAB_Scattering_Angle_Bin_6_to_<30_degrees[1020nm],TAB_Scattering_Angle_Bin_30_to_<80_degrees[1020nm],TAB_Scattering_Angle_Bin_80_degrees_and_over[1020nm],TAB_Surface_Albedo[440m],TAB_Surface_Albedo[675m],TAB_Surface_Albedo[870m],TAB_Surface_Albedo[1020m],TAB_If_Retrieval_is_L2(without_L2_0.4_AOD_440_threshold),TAB_If_AOD_is_L2,TAB_Last_Processing_Date(dd:mm:yyyy),TAB_Last_Processing_Time(hh:mm:ss),TAB_Instrument_Number,TAB_Latitude(Degrees),TAB_Longitude(Degrees),TAB_Elevation(m),TAB_Inversion_Data_Quality_Level,TAB_Retrieval_Measurement_Scan_Type,AE,AOD_Extinction-Total[500nm],FMF,Label,Source,Day_of_Year,Season
12:03:2017,11:52:00,Los_Leones_Auger,71,71.494444,0.0096,0.0066,0.005,0.0042,0.0087,0.0057,0.004,0.0032,0.0009,0.0009,0.001,0.001,0.951229,74.412442,75.015664,2.852918,0.074161,0.010335,4,10,7,5,4,10,7,5,4,10,7,5,4,10,7,5,0.09802,0.18879,0.43154,0.43558,1,1,19:06:2024,12:47:01,590,-35.495807,-69.449759,1385.0,lev20,Almucantar,Los_Leones_Auger,71,71.494444,0.010335,0.006123,0.005298,0.003054,1.008575,74.412442,75.015664,2.852918,0.074161,0.010335,4,10,7,5,4,10,7,5,4,10,7,5,4,10,7,5,0.09802,0.18879,0.43154,0.43558,1,1,19:06:2024,12:47:01,590,-35.495807,-69.449759,1385.0,lev20,Almucantar,Los_Leones_Auger,71,71.494444,,,,,,,,,74.412442,75.015664,2.852918,0.074161,0.010335,4,10,7,5,4,10,7,5,4,10,7,5,4,10,7,5,0.09802,0.18879,0.43154,0.43558,1,1,19:06:2024,12:47:01,590,-35.495807,-69.449759,1385.0,lev20,Almucantar,Los_Leones_Auger,71,71.494444,,,,,74.412442,75.015664,2.852918,0.074161,0.010335,4,10,7,5,4,10,7,5,4,10,7,5,4,10,7,5,0.09802,0.18879,0.43154,0.43558,1,1,19:06:2024,12:47:01,590,-35.495807,-69.449759,1385.0,lev20,Almucantar,Los_Leones_Auger,71,71.494444,,,,,,74.412442,75.015664,2.852918,0.074161,0.010335,4,10,7,5,4,10,7,5,4,10,7,5,4,10,7,5,0.09802,0.18879,0.43154,0.43558,1,1,19:06:2024,12:47:01,590,-35.495807,-69.449759,1385.0,lev20,Almucantar,0.9568835239842421,0.008494691605978467,0.8868496043742219,Unclassified,Maritime,,Unknown
12:03:2017,12:26:14,Los_Leones_Auger,71,71.518218,0.0095,0.0064,0.0047,0.0039,0.0084,0.0053,0.0036,0.0028,0.0011,0.0011,0.0011,0.0012,1.023936,67.576247,68.170736,2.395653,0.111232,0.010555,4,10,7,6,4,10,7,6,4,10,7,6,4,10,7,6,0.09284,0.17828,0.38965,0.39493,1,1,19:06:2024,12:50:16,590,-35.495807,-69.449759,1385.0,lev20,Almucantar,Los_Leones_Auger,71,71.518218,0.010555,0.005987,0.005467,0.002245,1.005448,67.576247,68.170736,2.395653,0.111232,0.010555,4,10,7,6,4,10,7,6,4,10,7,6,4,10,7,6,0.09284,0.17828,0.38965,0.39493,1,1,19:06:2024,12:50:16,590,-35.495807,-69.449759,1385.0,lev20,Almucantar,Los_Leones_Auger,71,71.518218,,,,,,,,,67.576247,68.170736,2.395653,0.111232,0.010555,4,10,7,6,4,10,7,6,4,10,7,6,4,10,7,6,0.09284,0.17828,0.38965,0.39493,1,1,19:06:2024,12:50:16,590,-35.495807,-69.449759,1385.0,lev20,Almucantar,Los_Leones_Auger,71,71.518218,,,,,67.576247,68.170736,2.395653,0.111232,0.010555,4,10,7,6,4,10,7,6,4,10,7,6,4,10,7,6,0.09284,0.17828,0.38965,0.39493,1,1,19:06:2024,12:50:16,590,-35.495807,-69.449759,1385.0,lev20,Almucantar,Los_Leones_Auger,71,71.518218,,,,,,67.576247,68.170736,2.395653,0.111232,0.010555,4,10,7,6,4,10,7,6,4,10,7,6,4,10,7,6,0.09284,0.17828,0.38965,0.39493,1,1,19:06:2024,12:50:16,590,-35.495807,-69.449759,1385.0,lev20,Almucantar,1.0322872353427135,0.008325566161537637,0.8595050992236803,Unclassified,Maritime,,Unknown
12:03:2017,13:20:25,Los_Leones_Auger,71,71.555845,0.0099,0.0064,0.0045,0.0037,0.0088,0.0052,0.0032,0.0024,0.0012,0.0012,0.0013,0.0013,1.145675,57.090465,57.655038,1.746917,0.153128,0.011261,4,10,8,4,4,10,8,4,4,10,7,5,4,10,7,5,0.08798,0.16838,0.34825,0.35498,1,1,19:06:2024,12:34:19,590,-35.495807,-69.449759,1385.0,lev20,Almucantar,Los_Leones_Auger,71,71.555845,0.011261,0.006356,0.006132,0.001477,0.940622,57.090465,57.655038,1.746917,0.153128,0.011261,4,10,8,4,4,10,8,4,4,10,7,5,4,10,7,5,0.08798,0.16838,0.34825,0.35498,1,1,19:06:2024,12:34:19,590,-35.495807,-69.449759,1385.0,lev20,Almucantar,Los_Leones_Auger,71,71.555845,,,,,,,,,57.090465,57.655038,1.746917,0.153128,0.011261,4,10,8,4,4,10,8,4,4,10,7,5,4,10,7,5,0.08798,0.16838,0.34825,0.35498,1,1,19:06:2024,12:34:19,590,-35.495807,-69.449759,1385.0,lev20,Almucantar,Los_Leones_Auger,71,71.555845,,,,,57.090465,57.655038,1.746917,0.153128,0.011261,4,10,8,4,4,10,8,4,4,10,7,5,4,10,7,5,0.08798,0.16838,0.34825,0.35498,1,1,19:06:2024,12:34:19,590,-35.495807,-69.449759,1385.0,lev20,Almucantar,Los_Leones_Auger,71,71.555845,,,,,,57.090465,57.655038,1.746917,0.153128,0.011261,4,10,8,4,4,10,8,4,4,10,7,5,4,10,7,5,0.08798,0.16838,0.34825,0.35498,1,1,19:06:2024,12:34:19,590,-35.495807,-69.449759,1385.0,lev20,Almucantar,1.156573245434635,0.008539360309451625,0.8542625138142157,Unclassified,Maritime,,Unknown
12:03:2017,13:51:31,Los_Leones_Auger,71,71.577442,0.0113,0.0076,0.0053,0.0044,0.0102,0.0065,0.0042,0.0032,0.0011,0.0011,0.0012,0.0012,1.09468,51.395301,51.93048,1.444428,0.164771,0.011742,3,10,8,3,3,10,8,3,3,10,8,3,3,10,8,3,0.08632,0.16498,0.33299,0.34028,1,1,19:06:2024,12:38:18,590,-35.495807,-69.449759,1385.0,lev20,Almucantar,Los_Leones_Auger,71,71.577442,0.011742,0.006668,0.006649,0.001452,0.887547,51.395301,51.93048,1.444428,0.164771,0.011742,3,10,8,3,3,10,8,3,3,10,8,3,3,10,8,3,0.08632,0.16498,0.33299,0.34028,1,1,19:06:2024,12:38:18,590,-35.495807,-69.449759,1385.0,lev20,Almucantar,Los_Leones_Auger,71,71.577442,,,,,,,,,51.395301,51.93048,1.444428,0.164771,0.011742,3,10,8,3,3,10,8,3,3,10,8,3,3,10,8,3,0.08632,0.16498,0.33299,0.34028,1,1,19:06:2024,12:38:18,590,-35.495807,-69.449759,1385.0,lev20,Almucantar,Los_Leones_Auger,71,71.577442,,,,,51.395301,51.93048,1.444428,0.164771,0.011742,3,10,8,3,3,10,8,3,3,10,8,3,3,10,8,3,0.08632,0.16498,0.33299,0.34028,1,1,19:06:2024,12:38:18,590,-35.495807,-69.449759,1385.0,lev20,Almucantar,Los_Leones_Auger,71,71.577442,,,,,,51.395301,51.93048,1.444428,0.164771,0.011742,3,10,8,3,3,10,8,3,3,10,8,3,3,10,8,3,0.08632,0.16498,0.33299,0.34028,1,1,19:06:2024,12:38:18,590,-35.495807,-69.449759,1385.0,lev20,Almucantar,1.110569717723073,0.009804435196857053,0.8857780286426647,Unclassified,Maritime,,Unknown
12:03:2017,20:00:48,Los_Leones_Auger,71,71.833889,0.0192,0.0137,0.011,0.0094,0.0153,0.0096,0.0067,0.005,0.0039,0.0041,0.0043,0.0044,0.816534,55.733197,55.176791,1.102611,0.159628,0.019513,4,10,8,4,4,10,7,4,4,10,7,4,4,10,7,4,0.08777,0.16764,0.3437,0.34814,1,1,19:06:2024,12:34:15,590,-35.495807,-69.449759,1385.0,lev20,Almucantar,Los_Leones_Auger,71,71.833889,0.019513,0.012296,0.011928,0.007193,0.761411,55.733197,55.176791,1.102611,0.159628,0.019513,4,10,8,4,4,10,7,4,4,10,7,4,4,10,7,4,0.08777,0.16764,0.3437,0.34814,1,1,19:06:2024,12:34:15,590,-35.495807,-69.449759,1385.0,lev20,Almucantar,Los_Leones_Auger,71,71.833889,,,,,,,,,55.733197,55.176791,1.102611,0.159628,0.019513,4,10,8,4,4,10,7,4,4,10,7,4,4,10,7,4,0.08777,0.16764,0.3437,0.34814,1,1,19:06:2024,12:34:15,590,-35.495807,-69.449759,1385.0,lev20,Almucantar,Los_Leones_Auger,71,71.833889,,,,,55.733197,55.176791,1.102611,0.159628,0.019513,4,10,8,4,4,10,7,4,4,10,7,4,4,10,7,4,0.08777,0.16764,0.3437,0.34814,1,1,19:06:2024,12:34:15,590,-35.495807,-69.449759,1385.0,lev20,Almucantar,Los_Leones_Auger,71,71.833889,,,,,,55.733197,55.176791,1.102611,0.159628,0.019513,4,10,8,4,4,10,7,4,4,10,7,4,4,10,7,4,0.08777,0.16764,0.3437,0.34814,1,1,19:06:2024,12:34:15,590,-35.495807,-69.449759,1385.0,lev20,Almucantar,0.8170748171084279,0.01729575075761646,0.755285506423812,Unclassified,Maritime,,Unknown
12:03:2017,20:22:05,Los_Leones_Auger,71,71.848669,0.0198,0.0134,0.0106,0.009,0.0157,0.0091,0.0061,0.0044,0.0041,0.0043,0.0045,0.0046,0.918826,59.750159,59.177192,1.10351,0.115254,0.019716,3,10,8,5,3,10,8,5,3,10,8,5,3,11,7,5,0.08926,0.17059,0.35619,0.35958,1,1,19:06:2024,12:38:43,590,-35.495807,-69.449759,1385.0,lev20,Almucantar,Los_Leones_Auger,71,71.848669,0.019716,0.012524,0.011815,0.007766,0.78567,59.750159,59.177192,1.10351,0.115254,0.019716,3,10,8,5,3,10,8,5,3,10,8,5,3,11,7,5,0.08926,0.17059,0.35619,0.35958,1,1,19:06:2024,12:38:43,590,-35.495807,-69.449759,1385.0,lev20,Almucantar,Los_Leones_Auger,71,71.848669,,,,,,,,,59.750159,59.177192,1.10351,0.115254,0.019716,3,10,8,5,3,10,8,5,3,10,8,5,3,11,7,5,0.08926,0.17059,0.35619,0.35958,1,1,19:06:2024,12:38:43,590,-35.495807,-69.449759,1385.0,lev20,Almucantar,Los_Leones_Auger,71,71.848669,,,,,59.750159,59.177192,1.10351,0.115254,0.019716,3,10,8,5,3,10,8,5,3,10,8,5,3,11,7,5,0.08926,0.17059,0.35619,0.35958,1,1,19:06:2024,12:38:43,590,-35.495807,-69.449759,1385.0,lev20,Almucantar,Los_Leones_Auger,71,71.848669,,,,,,59.750159,59.177192,1.10351,0.115254,0.019716,3,10,8,5,3,10,8,5,3,10,8,5,3,11,7,5,0.08926,0.17059,0.35619,0.35958,1,1,19:06:2024,12:38:43,590,-35.495807,-69.449759,1385.0,lev20,Almucantar,0.9165483268715255,0.01761087263967762,0.7434271313591045,Unclassified,Maritime,,Unknown
12:03:2017,20:43:22,Los_Leones_Auger,71,71.863449,0.0195,0.0135,0.0108,0.0093,0.0148,0.0085,0.0056,0.004,0.0047,0.005,0.0052,0.0053,0.868526,63.868069,63.282514,1.331233,0.111552,0.019514,3,10,7,5,3,10,7,5,3,10,7,5,3,10,8,5,0.09117,0.17438,0.37168,0.37379,1,1,19:06:2024,12:43:18,590,-35.495807,-69.449759,1385.0,lev20,Almucantar,Los_Leones_Auger,71,71.863449,0.019514,0.012538,0.011812,0.008055,0.769662,63.868069,63.282514,1.331233,0.111552,0.019514,3,10,7,5,3,10,7,5,3,10,7,5,3,10,8,5,0.09117,0.17438,0.37168,0.37379,1,1,19:06:2024,12:43:18,590,-35.495807,-69.449759,1385.0,lev20,Almucantar,Los_Leones_Auger,71,71.863449,,,,,,,,,63.868069,63.282514,1.331233,0.111552,0.019514,3,10,7,5,3,10,7,5,3,10,7,5,3,10,8,5,0.09117,0.17438,0.37168,0.37379,1,1,19:06:2024,12:43:18,590,-35.495807,-69.449759,1385.0,lev20,Almucantar,Los_Leones_Auger,71,71.863449,,,,,63.868069,63.282514,1.331233,0.111552,0.019514,3,10,7,5,3,10,7,5,3,10,7,5,3,10,8,5,0.09117,0.17438,0.37168,0.37379,1,1,19:06:2024,12:43:18,590,-35.495807,-69.449759,1385.0,lev20,Almucantar,Los_Leones_Auger,71,71.863449,,,,,,63.868069,63.282514,1.331233,0.111552,0.019514,3,10,7,5,3,10,7,5,3,10,7,5,3,10,8,5,0.09117,0.17438,0.37168,0.37379,1,1,19:06:2024,12:43:18,590,-35.495807,-69.449759,1385.0,lev20,Almucantar,0.8667336219701673,0.01745484018127289,0.7013623010163068,Unclassified,Maritime,,Unknown
12:03:2017,21:26:55,Los_Leones_Auger,71,71.893692,0.0209,0.0147,0.0121,0.0106,0.015,0.0084,0.0055,0.0039,0.0059,0.0064,0.0066,0.0067,0.806243,72.506548,71.904999,2.119065,0.079131,0.020837,4,10,7,6,4,10,7,6,4,10,7,6,4,10,7,6,0.097,0.18587,0.41676,0.41516,1,1,19:06:2024,12:45:29,590,-35.495807,-69.449759,1385.0,lev20,Almucantar,Los_Leones_Auger,71,71.893692,0.020837,0.013818,0.012729,0.009797,0.749793,72.506548,71.904999,2.119065,0.079131,0.020837,4,10,7,6,4,10,7,6,4,10,7,6,4,10,7,6,0.097,0.18587,0.41676,0.41516,1,1,19:06:2024,12:45:29,590,-35.495807,-69.449759,1385.0,lev20,Almucantar,Los_Leones_Auger,71,71.893692,,,,,,,,,72.506548,71.904999,2.119065,0.079131,0.020837,4,10,7,6,4,10,7,6,4,10,7,6,4,10,7,6,0.097,0.18587,0.41676,0.41516,1,1,19:06:2024,12:45:29,590,-35.495807,-69.449759,1385.0,lev20,Almucantar,Los_Leones_Auger,71,71.893692,,,,,72.506548,71.904999,2.119065,0.079131,0.020837,4,10,7,6,4,10,7,6,4,10,7,6,4,10,7,6,0.097,0.18587,0.41676,0.41516,1,1,19:06:2024,12:45:29,590,-35.495807,-69.449759,1385.0,lev20,Almucantar,Los_Leones_Auger,71,71.893692,,,,,,72.506548,71.904999,2.119065,0.079131,0.020837,4,10,7,6,4,10,7,6,4,10,7,6,4,10,7,6,0.097,0.18587,0.41676,0.41516,1,1,19:06:2024,12:45:29,590,-35.495807,-69.449759,1385.0,lev20,Almucantar,0.8017146646382399,0.018864149528090606,0.6503956421353334,Unclassified,Maritime,,Unknown
12:03:2017,21:49:22,Los_Leones_Auger,71,71.909282,0.0223,0.0158,0.0132,0.0117,0.0153,0.0083,0.0054,0.0039,0.007,0.0075,0.0078,0.0079,0.77523,77.025002,76.419973,2.855683,0.062426,0.022108,4,10,6,6,4,10,7,6,4,10,6,6,4,10,6,6,0.10147,0.19467,0.45046,0.44613,1,1,19:06:2024,12:47:09,590,-35.495807,-69.449759,1385.0,lev20,Almucantar,Los_Leones_Auger,71,71.909282,0.022108,0.014875,0.013571,0.011109,0.739897,77.025002,76.419973,2.855683,0.062426,0.022108,4,10,6,6,4,10,7,6,4,10,6,6,4,10,6,6,0.10147,0.19467,0.45046,0.44613,1,1,19:06:2024,12:47:09,590,-35.495807,-69.449759,1385.0,lev20,Almucantar,Los_Leones_Auger,71,71.909282,,,,,,,,,77.025002,76.419973,2.855683,0.062426,0.022108,4,10,6,6,4,10,7,6,4,10,6,6,4,10,6,6,0.10147,0.19467,0.45046,0.44613,1,1,19:06:2024,12:47:09,590,-35.495807,-69.449759,1385.0,lev20,Almucantar,Los_Leones_Auger,71,71.909282,,,,,77.025002,76.419973,2.855683,0.062426,0.022108,4,10,6,6,4,10,7,6,4,10,6,6,4,10,6,6,0.10147,0.19467,0.45046,0.44613,1,1,19:06:2024,12:47:09,590,-35.495807,-69.449759,1385.0,lev20,Almucantar,Los_Leones_Auger,71,71.909282,,,,,,77.025002,76.419973,2.855683,0.062426,0.022108,4,10,6,6,4,10,7,6,4,10,6,6,4,10,6,6,0.10147,0.19467,0.45046,0.44613,1,1,19:06:2024,12:47:09,590,-35.495807,-69.449759,1385.0,lev20,Almucantar,0.7691882508900513,0.020211641515049075,0.6078346111742722,Unclassified,Maritime,,Unknown
13:03:2017,20:00:21,Los_Leones_Auger,72,72.833576,0.0271,0.0194,0.0162,0.0146,0.0193,0.0113,0.0077,0.006,0.0077,0.0081,0.0084,0.0086,0.759733,55.963785,55.409107,2.428841,0.132994,0.028508,4,10,8,4,4,10,7,4,4,10,7,4,4,10,7,4,0.08784,0.16779,0.34433,0.34875,1,1,19:06:2024,12:39:04,590,-35.495807,-69.449759,1385.0,lev20,Almucantar,Los_Leones_Auger,72,72.833576,0.028508,0.018735,0.017469,0.012982,0.747933,55.963785,55.409107,2.428841,0.132994,0.028508,4,10,8,4,4,10,7,4,4,10,7,4,4,10,7,4,0.08784,0.16779,0.34433,0.34875,1,1,19:06:2024,12:39:04,590,-35.495807,-69.449759,1385.0,lev20,Almucantar,Los_Leones_Auger,72,72.833576,,,,,,,,,55.963785,55.409107,2.428841,0.132994,0.028508,4,10,8,4,4,10,7,4,4,10,7,4,4,10,7,4,0.08784,0.16779,0.34433,0.34875,1,1,19:06:2024,12:39:04,590,-35.495807,-69.449759,1385.0,lev20,Almucantar,Los_Leones_Auger,72,72.833576,,,,,55.963785,55.409107,2.428841,0.132994,0.028508,4,10,8,4,4,10,7,4,4,10,7,4,4,10,7,4,0.08784,0.16779,0.34433,0.34875,1,1,19:06:2024,12:39:04,590,-35.495807,-69.449759,1385.0,lev20,Almucantar,Los_Leones_Auger,72,72.833576,,,,,,55.963785,55.409107,2.428841,0.132994,0.028508,4,10,8,4,4,10,7,4,4,10,7,4,4,10,7,4,0.08784,0.16779,0.34433,0.34875,1,1,19:06:2024,12:39:04,590,-35.495807,-69.449759,1385.0,lev20,Almucantar,0.7547433393218399,0.024607526272809016,0.6487129192293727,Unclassified,Maritime,,Unknown
13:03:2017,20:21:26,Los_Leones_Auger,72,72.848218,0.0283,0.0195,0.0162,0.0149,0.0187,0.0091,0.0054,0.004,0.0096,0.0104,0.0108,0.0109,0.82616,59.931569,59.360164,0.977181,0.107178,0.02872,3,10,8,5,3,10,8,5,3,10,8,5,3,11,7,5,0.08933,0.17074,0.35681,0.36016,1,1,19:06:2024,12:43:05,590,-35.495807,-69.449759,1385.0,lev20,Almucantar,Los_Leones_Auger,72,72.848218,0.02872,0.018928,0.017385,0.013379,0.763349,59.931569,59.360164,0.977181,0.107178,0.02872,3,10,8,5,3,10,8,5,3,10,8,5,3,11,7,5,0.08933,0.17074,0.35681,0.36016,1,1,19:06:2024,12:43:05,590,-35.495807,-69.449759,1385.0,lev20,Almucantar,Los_Leones_Auger,72,72.848218,,,,,,,,,59.931569,59.360164,0.977181,0.107178,0.02872,3,10,8,5,3,10,8,5,3,10,8,5,3,11,7,5,0.08933,0.17074,0.35681,0.36016,1,1,19:06:2024,12:43:05,590,-35.495807,-69.449759,1385.0,lev20,Almucantar,Los_Leones_Auger,72,72.848218,,,,,59.931569,59.360164,0.977181,0.107178,0.02872,3,10,8,5,3,10,8,5,3,10,8,5,3,11,7,5,0.08933,0.17074,0.35681,0.36016,1,1,19:06:2024,12:43:05,590,-35.495807,-69.449759,1385.0,lev20,Almucantar,Los_Leones_Auger,72,72.848218,,,,,,59.931569,59.360164,0.977181,0.107178,0.02872,3,10,8,5,3,10,8,5,3,10,8,5,3,11,7,5,0.08933,0.17074,0.35681,0.36016,1,1,19:06:2024,12:43:05,590,-35.495807,-69.449759,1385.0,lev20,Almucantar,0.8183004787183099,0.02548922198464266,0.5596166518569574,MA,Maritime,,Unknown
13:03:2017,20:42:46,Los_Leones_Auger,72,72.863032,0.0291,0.0202,0.0168,0.0154,0.019,0.0091,0.0054,0.0038,0.0102,0.0111,0.0114,0.0115,0.813164,64.049431,63.465101,1.390937,0.087998,0.029657,3,10,7,5,3,10,7,5,3,10,7,5,3,10,8,5,0.09127,0.17457,0.37244,0.37449,1,1,19:06:2024,12:46:45,590,-35.495807,-69.449759,1385.0,lev20,Almucantar,Los_Leones_Auger,72,72.863032,0.029657,0.019595,0.017893,0.014205,0.767137,64.049431,63.465101,1.390937,0.087998,0.029657,3,10,7,5,3,10,7,5,3,10,7,5,3,10,8,5,0.09127,0.17457,0.37244,0.37449,1,1,19:06:2024,12:46:45,590,-35.495807,-69.449759,1385.0,lev20,Almucantar,Los_Leones_Auger,72,72.863032,,,,,,,,,64.049431,63.465101,1.390937,0.087998,0.029657,3,10,7,5,3,10,7,5,3,10,7,5,3,10,8,5,0.09127,0.17457,0.37244,0.37449,1,1,19:06:2024,12:46:45,590,-35.495807,-69.449759,1385.0,lev20,Almucantar,Los_Leones_Auger,72,72.863032,,,,,64.049431,63.465101,1.390937,0.087998,0.029657,3,10,7,5,3,10,7,5,3,10,7,5,3,10,8,5,0.09127,0.17457,0.37244,0.37449,1,1,19:06:2024,12:46:45,590,-35.495807,-69.449759,1385.0,lev20,Almucantar,Los_Leones_Auger,72,72.863032,,,,,,64.049431,63.465101,1.390937,0.087998,0.029657,3,10,7,5,3,10,7,5,3,10,7,5,3,10,8,5,0.09127,0.17457,0.37244,0.37449,1,1,19:06:2024,12:46:45,590,-35.495807,-69.449759,1385.0,lev20,Almucantar,0.8058447879416337,0.026251531180474293,0.5503135046717363,MA,Maritime,,Unknown
13:03:2017,21:26:36,Los_Leones_Auger,72,72.893472,0.0288,0.0201,0.0167,0.0152,0.0195,0.0103,0.0064,0.0046,0.0093,0.0099,0.0104,0.0106,0.806057,72.731186,72.130268,2.379103,0.085768,0.029345,4,10,7,6,4,10,7,6,4,10,7,6,4,10,7,6,0.09721,0.18626,0.41822,0.41652,1,1,19:06:2024,12:48:40,590,-35.495807,-69.449759,1385.0,lev20,Almucantar,Los_Leones_Auger,72,72.893472,0.029345,0.019148,0.017029,0.013998,0.821446,72.731186,72.130268,2.379103,0.085768,0.029345,4,10,7,6,4,10,7,6,4,10,7,6,4,10,7,6,0.09721,0.18626,0.41822,0.41652,1,1,19:06:2024,12:48:40,590,-35.495807,-69.449759,1385.0,lev20,Almucantar,Los_Leones_Auger,72,72.893472,,,,,,,,,72.731186,72.130268,2.379103,0.085768,0.029345,4,10,7,6,4,10,7,6,4,10,7,6,4,10,7,6,0.09721,0.18626,0.41822,0.41652,1,1,19:06:2024,12:48:40,590,-35.495807,-69.449759,1385.0,lev20,Almucantar,Los_Leones_Auger,72,72.893472,,,,,72.731186,72.130268,2.379103,0.085768,0.029345,4,10,7,6,4,10,7,6,4,10,7,6,4,10,7,6,0.09721,0.18626,0.41822,0.41652,1,1,19:06:2024,12:48:40,590,-35.495807,-69.449759,1385.0,lev20,Almucantar,Los_Leones_Auger,72,72.893472,,,,,,72.731186,72.130268,2.379103,0.085768,0.029345,4,10,7,6,4,10,7,6,4,10,7,6,4,10,7,6,0.09721,0.18626,0.41822,0.41652,1,1,19:06:2024,12:48:40,590,-35.495807,-69.449759,1385.0,lev20,Almucantar,0.7994013363595016,0.026002305810945384,0.5978680076393708,MA,Maritime,,Unknown
15:03:2017,20:44:15,Los_Leones_Auger,74,74.864063,0.0581,0.0401,0.0344,0.0321,0.0353,0.0158,0.0091,0.0063,0.0229,0.0243,0.0253,0.0258,0.781283,64.940259,64.356999,2.696124,0.105271,0.05696,3,10,6,5,3,10,6,4,3,10,7,3,3,10,7,4,0.09209,0.17738,0.3726,0.37523,1,1,19:06:2024,12:36:28,590,-35.495807,-69.449759,1385.0,lev20,Almucantar,Los_Leones_Auger,74,74.864063,0.05696,0.04017,0.036151,0.031392,0.684475,64.940259,64.356999,2.696124,0.105271,0.05696,3,10,6,5,3,10,6,4,3,10,7,3,3,10,7,4,0.09209,0.17738,0.3726,0.37523,1,1,19:06:2024,12:36:28,590,-35.495807,-69.449759,1385.0,lev20,Almucantar,Los_Leones_Auger,74,74.864063,,,,,,,,,64.940259,64.356999,2.696124,0.105271,0.05696,3,10,6,5,3,10,6,4,3,10,7,3,3,10,7,4,0.09209,0.17738,0.3726,0.37523,1,1,19:06:2024,12:36:28,590,-35.495807,-69.449759,1385.0,lev20,Almucantar,Los_Leones_Auger,74,74.864063,,,,,64.940259,64.356999,2.696124,0.105271,0.05696,3,10,6,5,3,10,6,4,3,10,7,3,3,10,7,4,0.09209,0.17738,0.3726,0.37523,1,1,19:06:2024,12:36:28,590,-35.495807,-69.449759,1385.0,lev20,Almucantar,Los_Leones_Auger,74,74.864063,,,,,,64.940259,64.356999,2.696124,0.105271,0.05696,3,10,6,5,3,10,6,4,3,10,7,3,3,10,7,4,0.09209,0.17738,0.3726,0.37523,1,1,19:06:2024,12:36:28,590,-35.495807,-69.449759,1385.0,lev20,Almucantar,0.7688057625153434,0.05266160495018274,0.49678543273819425,MA,Maritime,,Unknown
16:03:2017,20:22:13,Los_Leones_Auger,75,75.848762,0.0639,0.0482,0.0436,0.0418,0.0324,0.0144,0.0081,0.0057,0.0315,0.0339,0.0355,0.0361,0.572646,61.007595,60.439027,0.931022,0.147159,0.062763,3,10,8,5,3,10,8,5,3,10,8,5,3,10,7,5,0.09032,0.17376,0.35757,0.36144,1,1,19:06:2024,12:32:01,590,-35.495807,-69.449759,1385.0,lev20,Almucantar,Los_Leones_Auger,75,75.848762,0.062763,0.048149,0.04494,0.039695,0.504966,61.007595,60.439027,0.931022,0.147159,0.062763,3,10,8,5,3,10,8,5,3,10,8,5,3,10,7,5,0.09032,0.17376,0.35757,0.36144,1,1,19:06:2024,12:32:01,590,-35.495807,-69.449759,1385.0,lev20,Almucantar,Los_Leones_Auger,75,75.848762,,,,,,,,,61.007595,60.439027,0.931022,0.147159,0.062763,3,10,8,5,3,10,8,5,3,10,8,5,3,10,7,5,0.09032,0.17376,0.35757,0.36144,1,1,19:06:2024,12:32:01,590,-35.495807,-69.449759,1385.0,lev20,Almucantar,Los_Leones_Auger,75,75.848762,,,,,61.007595,60.439027,0.931022,0.147159,0.062763,3,10,8,5,3,10,8,5,3,10,8,5,3,10,7,5,0.09032,0.17376,0.35757,0.36144,1,1,19:06:2024,12:32:01,590,-35.495807,-69.449759,1385.0,lev20,Almucantar,Los_Leones_Auger,75,75.848762,,,,,,61.007595,60.439027,0.931022,0.147159,0.062763,3,10,8,5,3,10,8,5,3,10,8,5,3,10,7,5,0.09032,0.17376,0.35757,0.36144,1,1,19:06:2024,12:32:01,590,-35.495807,-69.449759,1385.0,lev20,Almucantar,0.5607332345936802,0.05947992980744249,0.39334064638446187,CA,Maritime,,Unknown
17:03:2017,19:59:16,Los_Leones_Auger,76,76.832824,0.076,0.0514,0.0436,0.0405,0.0484,0.0215,0.0124,0.0087,0.0276,0.0299,0.0313,0.0318,0.827845,57.038806,56.490493,1.274516,0.161232,0.075961,4,10,7,5,4,10,6,5,4,10,7,4,4,10,8,4,0.08888,0.17082,0.34496,0.34992,1,1,19:06:2024,12:46:34,590,-35.495807,-69.449759,1385.0,lev20,Almucantar,Los_Leones_Auger,76,76.832824,0.075961,0.050704,0.0446,0.037798,0.80049,57.038806,56.490493,1.274516,0.161232,0.075961,4,10,7,5,4,10,6,5,4,10,7,4,4,10,8,4,0.08888,0.17082,0.34496,0.34992,1,1,19:06:2024,12:46:34,590,-35.495807,-69.449759,1385.0,lev20,Almucantar,Los_Leones_Auger,76,76.832824,,,,,,,,,57.038806,56.490493,1.274516,0.161232,0.075961,4,10,7,5,4,10,6,5,4,10,7,4,4,10,8,4,0.08888,0.17082,0.34496,0.34992,1,1,19:06:2024,12:46:34,590,-35.495807,-69.449759,1385.0,lev20,Almucantar,Los_Leones_Auger,76,76.832824,,,,,57.038806,56.490493,1.274516,0.161232,0.075961,4,10,7,5,4,10,6,5,4,10,7,4,4,10,8,4,0.08888,0.17082,0.34496,0.34992,1,1,19:06:2024,12:46:34,590,-35.495807,-69.449759,1385.0,lev20,Almucantar,Los_Leones_Auger,76,76.832824,,,,,,57.038806,56.490493,1.274516,0.161232,0.075961,4,10,7,5,4,10,6,5,4,10,7,4,4,10,8,4,0.08888,0.17082,0.34496,0.34992,1,1,19:06:2024,12:46:34,590,-35.495807,-69.449759,1385.0,lev20,Almucantar,0.8151109326986619,0.06847953637631542,0.5230883899282776,MA,Maritime,,Unknown
18:03:2017,19:58:55,Los_Leones_Auger,77,77.832581,0.0737,0.0487,0.0411,0.0382,0.0494,0.0225,0.0136,0.0102,0.0243,0.0263,0.0275,0.028,0.870839,57.297201,56.750575,1.656599,0.152891,0.074252,4,10,7,5,4,10,6,5,4,10,7,5,4,10,8,4,0.08896,0.17098,0.34571,0.35062,1,1,19:06:2024,12:42:31,590,-35.495807,-69.449759,1385.0,lev20,Almucantar,Los_Leones_Auger,77,77.832581,0.074252,0.047619,0.041648,0.035306,0.8705,57.297201,56.750575,1.656599,0.152891,0.074252,4,10,7,5,4,10,6,5,4,10,7,5,4,10,8,4,0.08896,0.17098,0.34571,0.35062,1,1,19:06:2024,12:42:31,590,-35.495807,-69.449759,1385.0,lev20,Almucantar,Los_Leones_Auger,77,77.832581,,,,,,,,,57.297201,56.750575,1.656599,0.152891,0.074252,4,10,7,5,4,10,6,5,4,10,7,5,4,10,8,4,0.08896,0.17098,0.34571,0.35062,1,1,19:06:2024,12:42:31,590,-35.495807,-69.449759,1385.0,lev20,Almucantar,Los_Leones_Auger,77,77.832581,,,,,57.297201,56.750575,1.656599,0.152891,0.074252,4,10,7,5,4,10,6,5,4,10,7,5,4,10,8,4,0.08896,0.17098,0.34571,0.35062,1,1,19:06:2024,12:42:31,590,-35.495807,-69.449759,1385.0,lev20,Almucantar,Los_Leones_Auger,77,77.832581,,,,,,57.297201,56.750575,1.656599,0.152891,0.074252,4,10,7,5,4,10,6,5,4,10,7,5,4,10,8,4,0.08896,0.17098,0.34571,0.35062,1,1,19:06:2024,12:42:31,590,-35.495807,-69.449759,1385.0,lev20,Almucantar,0.8566507888061473,0.06605543017304717,0.5603883256335088,MA,Maritime,,Unknown
21:03:2017,19:58:04,Los_Leones_Auger,80,80.831991,0.0231,0.0142,0.0103,0.0086,0.0207,0.0117,0.0077,0.0059,0.0024,0.0025,0.0026,0.0027,1.183311,58.116539,57.574825,1.620677,0.123529,0.024097,4,10,7,5,4,10,7,5,4,10,7,5,4,10,7,5,0.08924,0.17155,0.34816,0.35287,1,1,19:06:2024,12:44:33,590,-35.495807,-69.449759,1385.0,lev20,Almucantar,Los_Leones_Auger,80,80.831991,0.024097,0.013724,0.012227,0.007462,1.03156,58.116539,57.574825,1.620677,0.123529,0.024097,4,10,7,5,4,10,7,5,4,10,7,5,4,10,7,5,0.08924,0.17155,0.34816,0.35287,1,1,19:06:2024,12:44:33,590,-35.495807,-69.449759,1385.0,lev20,Almucantar,Los_Leones_Auger,80,80.831991,,,,,,,,,58.116539,57.574825,1.620677,0.123529,0.024097,4,10,7,5,4,10,7,5,4,10,7,5,4,10,7,5,0.08924,0.17155,0.34816,0.35287,1,1,19:06:2024,12:44:33,590,-35.495807,-69.449759,1385.0,lev20,Almucantar,Los_Leones_Auger,80,80.831991,,,,,58.116539,57.574825,1.620677,0.123529,0.024097,4,10,7,5,4,10,7,5,4,10,7,5,4,10,7,5,0.08924,0.17155,0.34816,0.35287,1,1,19:06:2024,12:44:33,590,-35.495807,-69.449759,1385.0,lev20,Almucantar,Los_Leones_Auger,80,80.831991,,,,,,58.116539,57.574825,1.620677,0.123529,0.024097,4,10,7,5,4,10,7,5,4,10,7,5,4,10,7,5,0.08924,0.17155,0.34816,0.35287,1,1,19:06:2024,12:44:33,590,-35.495807,-69.449759,1385.0,lev20,Almucantar,1.184783367880304,0.019853449395367307,0.8646751588168045,Unclassified,Maritime,,Unknown
21:03:2017,20:27:00,Los_Leones_Auger,80,80.852083,0.0258,0.0165,0.0123,0.0104,0.0215,0.0118,0.0074,0.0054,0.0043,0.0047,0.0049,0.005,1.085459,63.478576,62.912232,2.289162,0.096652,0.02707,3,10,8,5,3,10,7,5,3,10,7,5,3,10,7,5,0.09137,0.17592,0.36665,0.36983,1,1,19:06:2024,12:49:01,590,-35.495807,-69.449759,1385.0,lev20,Almucantar,Los_Leones_Auger,80,80.852083,0.02707,0.015558,0.013548,0.009345,1.047478,63.478576,62.912232,2.289162,0.096652,0.02707,3,10,8,5,3,10,7,5,3,10,7,5,3,10,7,5,0.09137,0.17592,0.36665,0.36983,1,1,19:06:2024,12:49:01,590,-35.495807,-69.449759,1385.0,lev20,Almucantar,Los_Leones_Auger,80,80.852083,,,,,,,,,63.478576,62.912232,2.289162,0.096652,0.02707,3,10,8,5,3,10,7,5,3,10,7,5,3,10,7,5,0.09137,0.17592,0.36665,0.36983,1,1,19:06:2024,12:49:01,590,-35.495807,-69.449759,1385.0,lev20,Almucantar,Los_Leones_Auger,80,80.852083,,,,,63.478576,62.912232,2.289162,0.096652,0.02707,3,10,8,5,3,10,7,5,3,10,7,5,3,10,7,5,0.09137,0.17592,0.36665,0.36983,1,1,19:06:2024,12:49:01,590,-35.495807,-69.449759,1385.0,lev20,Almucantar,Los_Leones_Auger,80,80.852083,,,,,,63.478576,62.912232,2.289162,0.096652,0.02707,3,10,8,5,3,10,7,5,3,10,7,5,3,10,7,5,0.09137,0.17592,0.36665,0.36983,1,1,19:06:2024,12:49:01,590,-35.495807,-69.449759,1385.0,lev20,Almucantar,1.0866292261911008,0.022453960533218156,0.779919693280728,Unclassified,Maritime,,Unknown
22:03:2017,19:57:41,Los_Leones_Auger,81,81.831725,0.0389,0.0233,0.0177,0.0154,0.0297,0.0132,0.0071,0.0047,0.0092,0.0101,0.0106,0.0107,1.162942,58.373598,57.833635,1.734638,0.127155,0.039172,4,10,7,5,4,10,7,5,4,10,7,5,4,10,7,5,0.08908,0.17205,0.34248,0.34788,1,1,19:06:2024,12:38:11,590,-35.495807,-69.449759,1385.0,lev20,Almucantar,Los_Leones_Auger,81,81.831725,0.039172,0.023008,0.019973,0.014783,1.017664,58.373598,57.833635,1.734638,0.127155,0.039172,4,10,7,5,4,10,7,5,4,10,7,5,4,10,7,5,0.08908,0.17205,0.34248,0.34788,1,1,19:06:2024,12:38:11,590,-35.495807,-69.449759,1385.0,lev20,Almucantar,Los_Leones_Auger,81,81.831725,,,,,,,,,58.373598,57.833635,1.734638,0.127155,0.039172,4,10,7,5,4,10,7,5,4,10,7,5,4,10,7,5,0.08908,0.17205,0.34248,0.34788,1,1,19:06:2024,12:38:11,590,-35.495807,-69.449759,1385.0,lev20,Almucantar,Los_Leones_Auger,81,81.831725,,,,,58.373598,57.833635,1.734638,0.127155,0.039172,4,10,7,5,4,10,7,5,4,10,7,5,4,10,7,5,0.08908,0.17205,0.34248,0.34788,1,1,19:06:2024,12:38:11,590,-35.495807,-69.449759,1385.0,lev20,Almucantar,Los_Leones_Auger,81,81.831725,,,,,,58.373598,57.833635,1.734638,0.127155,0.039172,4,10,7,5,4,10,7,5,4,10,7,5,4,10,7,5,0.08908,0.17205,0.34248,0.34788,1,1,19:06:2024,12:38:11,590,-35.495807,-69.449759,1385.0,lev20,Almucantar,1.155065659322971,0.03356011516062784,0.6691861546500588,Unclassified,Maritime,,Unknown
22:03:2017,20:26:38,Los_Leones_Auger,81,81.851829,0.0374,0.023,0.0176,0.0153,0.0282,0.013,0.0071,0.0048,0.0092,0.01,0.0105,0.0106,1.112146,63.723746,63.158796,1.857884,0.105779,0.037959,3,10,7,5,3,10,7,5,3,10,7,5,3,10,7,5,0.09126,0.17681,0.36102,0.36501,1,1,19:06:2024,12:42:40,590,-35.495807,-69.449759,1385.0,lev20,Almucantar,Los_Leones_Auger,81,81.851829,0.037959,0.022268,0.019313,0.014679,1.020825,63.723746,63.158796,1.857884,0.105779,0.037959,3,10,7,5,3,10,7,5,3,10,7,5,3,10,7,5,0.09126,0.17681,0.36102,0.36501,1,1,19:06:2024,12:42:40,590,-35.495807,-69.449759,1385.0,lev20,Almucantar,Los_Leones_Auger,81,81.851829,,,,,,,,,63.723746,63.158796,1.857884,0.105779,0.037959,3,10,7,5,3,10,7,5,3,10,7,5,3,10,7,5,0.09126,0.17681,0.36102,0.36501,1,1,19:06:2024,12:42:40,590,-35.495807,-69.449759,1385.0,lev20,Almucantar,Los_Leones_Auger,81,81.851829,,,,,63.723746,63.158796,1.857884,0.105779,0.037959,3,10,7,5,3,10,7,5,3,10,7,5,3,10,7,5,0.09126,0.17681,0.36102,0.36501,1,1,19:06:2024,12:42:40,590,-35.495807,-69.449759,1385.0,lev20,Almucantar,Los_Leones_Auger,81,81.851829,,,,,,63.723746,63.158796,1.857884,0.105779,0.037959,3,10,7,5,3,10,7,5,3,10,7,5,3,10,7,5,0.09126,0.17681,0.36102,0.36501,1,1,19:06:2024,12:42:40,590,-35.495807,-69.449759,1385.0,lev20,Almucantar,1.1056936539837652,0.032470310760814136,0.6624240769155276,Unclassified,Maritime,,Unknown
22:03:2017,21:11:52,Los_Leones_Auger,81,81.883241,0.0444,0.0275,0.0217,0.0192,0.0337,0.016,0.0097,0.0069,0.0107,0.0114,0.012,0.0123,1.060527,72.462631,71.872504,3.042732,0.074446,0.045116,4,10,6,6,4,10,6,6,4,10,6,6,4,10,6,6,0.09666,0.1885,0.40444,0.40514,1,1,19:06:2024,12:44:09,590,-35.495807,-69.449759,1385.0,lev20,Almucantar,Los_Leones_Auger,81,81.883241,0.045116,0.026253,0.022081,0.018172,1.073887,72.462631,71.872504,3.042732,0.074446,0.045116,4,10,6,6,4,10,6,6,4,10,6,6,4,10,6,6,0.09666,0.1885,0.40444,0.40514,1,1,19:06:2024,12:44:09,590,-35.495807,-69.449759,1385.0,lev20,Almucantar,Los_Leones_Auger,81,81.883241,,,,,,,,,72.462631,71.872504,3.042732,0.074446,0.045116,4,10,6,6,4,10,6,6,4,10,6,6,4,10,6,6,0.09666,0.1885,0.40444,0.40514,1,1,19:06:2024,12:44:09,590,-35.495807,-69.449759,1385.0,lev20,Almucantar,Los_Leones_Auger,81,81.883241,,,,,72.462631,71.872504,3.042732,0.074446,0.045116,4,10,6,6,4,10,6,6,4,10,6,6,4,10,6,6,0.09666,0.1885,0.40444,0.40514,1,1,19:06:2024,12:44:09,590,-35.495807,-69.449759,1385.0,lev20,Almucantar,Los_Leones_Auger,81,81.883241,,,,,,72.462631,71.872504,3.042732,0.074446,0.045116,4,10,6,6,4,10,6,6,4,10,6,6,4,10,6,6,0.09666,0.1885,0.40444,0.40514,1,1,19:06:2024,12:44:09,590,-35.495807,-69.449759,1385.0,lev20,Almucantar,1.0501801328867795,0.038822167172149286,0.6737711213058024,Unclassified,Maritime,,Unknown
22:03:2017,21:34:43,Los_Leones_Auger,81,81.899109,0.0493,0.0301,0.0235,0.0206,0.0382,0.018,0.0109,0.0078,0.0111,0.012,0.0126,0.0128,1.096974,76.990508,76.393259,4.972463,0.06227,0.050045,4,10,7,6,4,10,7,6,4,10,7,6,4,10,6,6,0.1008,0.19742,0.4368,0.43498,1,1,19:06:2024,12:45:38,590,-35.495807,-69.449759,1385.0,lev20,Almucantar,Los_Leones_Auger,81,81.899109,0.050045,0.028602,0.023678,0.019958,1.122893,76.990508,76.393259,4.972463,0.06227,0.050045,4,10,7,6,4,10,7,6,4,10,7,6,4,10,6,6,0.1008,0.19742,0.4368,0.43498,1,1,19:06:2024,12:45:38,590,-35.495807,-69.449759,1385.0,lev20,Almucantar,Los_Leones_Auger,81,81.899109,,,,,,,,,76.990508,76.393259,4.972463,0.06227,0.050045,4,10,7,6,4,10,7,6,4,10,7,6,4,10,6,6,0.1008,0.19742,0.4368,0.43498,1,1,19:06:2024,12:45:38,590,-35.495807,-69.449759,1385.0,lev20,Almucantar,Los_Leones_Auger,81,81.899109,,,,,76.990508,76.393259,4.972463,0.06227,0.050045,4,10,7,6,4,10,7,6,4,10,7,6,4,10,6,6,0.1008,0.19742,0.4368,0.43498,1,1,19:06:2024,12:45:38,590,-35.495807,-69.449759,1385.0,lev20,Almucantar,Los_Leones_Auger,81,81.899109,,,,,,76.990508,76.393259,4.972463,0.06227,0.050045,4,10,7,6,4,10,7,6,4,10,7,6,4,10,6,6,0.1008,0.19742,0.4368,0.43498,1,1,19:06:2024,12:45:38,590,-35.495807,-69.449759,1385.0,lev20,Almucantar,1.0868469558737401,0.042905017209411964,0.6889843672225201,Unclassified,Maritime,,Unknown
23:03:2017,19:57:25,Los_Leones_Auger,82,82.831539,0.0634,0.0369,0.0289,0.0256,0.0481,0.0204,0.0117,0.008,0.0153,0.0164,0.0172,0.0175,1.167567,58.65251,58.114186,0.795467,0.101971,0.062857,3,11,7,5,4,10,7,5,4,10,7,5,4,10,7,5,0.08917,0.17226,0.34333,0.34867,1,1,19:06:2024,12:39:33,590,-35.495807,-69.449759,1385.0,lev20,Almucantar,Los_Leones_Auger,82,82.831539,0.062857,0.036134,0.030437,0.024561,1.090927,58.65251,58.114186,0.795467,0.101971,0.062857,3,11,7,5,4,10,7,5,4,10,7,5,4,10,7,5,0.08917,0.17226,0.34333,0.34867,1,1,19:06:2024,12:39:33,590,-35.495807,-69.449759,1385.0,lev20,Almucantar,Los_Leones_Auger,82,82.831539,,,,,,,,,58.65251,58.114186,0.795467,0.101971,0.062857,3,11,7,5,4,10,7,5,4,10,7,5,4,10,7,5,0.08917,0.17226,0.34333,0.34867,1,1,19:06:2024,12:39:33,590,-35.495807,-69.449759,1385.0,lev20,Almucantar,Los_Leones_Auger,82,82.831539,,,,,58.65251,58.114186,0.795467,0.101971,0.062857,3,11,7,5,4,10,7,5,4,10,7,5,4,10,7,5,0.08917,0.17226,0.34333,0.34867,1,1,19:06:2024,12:39:33,590,-35.495807,-69.449759,1385.0,lev20,Almucantar,Los_Leones_Auger,82,82.831539,,,,,,58.65251,58.114186,0.795467,0.101971,0.062857,3,11,7,5,4,10,7,5,4,10,7,5,4,10,7,5,0.08917,0.17226,0.34333,0.34867,1,1,19:06:2024,12:39:33,590,-35.495807,-69.449759,1385.0,lev20,Almucantar,1.1524144994082997,0.05471548892100892,0.6583528091245754,Unclassified,Maritime,,Unknown
23:03:2017,20:23:18,Los_Leones_Auger,82,82.849514,0.0655,0.0389,0.0308,0.0273,0.0494,0.0216,0.0126,0.0088,0.0161,0.0173,0.0182,0.0185,1.121665,63.412364,62.851055,0.858858,0.100419,0.066089,3,10,8,5,3,10,7,5,3,10,7,5,3,10,7,5,0.09111,0.17649,0.3598,0.3639,1,1,19:06:2024,12:44:03,590,-35.495807,-69.449759,1385.0,lev20,Almucantar,Los_Leones_Auger,82,82.849514,0.066089,0.038153,0.031998,0.026447,1.090082,63.412364,62.851055,0.858858,0.100419,0.066089,3,10,8,5,3,10,7,5,3,10,7,5,3,10,7,5,0.09111,0.17649,0.3598,0.3639,1,1,19:06:2024,12:44:03,590,-35.495807,-69.449759,1385.0,lev20,Almucantar,Los_Leones_Auger,82,82.849514,,,,,,,,,63.412364,62.851055,0.858858,0.100419,0.066089,3,10,8,5,3,10,7,5,3,10,7,5,3,10,7,5,0.09111,0.17649,0.3598,0.3639,1,1,19:06:2024,12:44:03,590,-35.495807,-69.449759,1385.0,lev20,Almucantar,Los_Leones_Auger,82,82.849514,,,,,63.412364,62.851055,0.858858,0.100419,0.066089,3,10,8,5,3,10,7,5,3,10,7,5,3,10,7,5,0.09111,0.17649,0.3598,0.3639,1,1,19:06:2024,12:44:03,590,-35.495807,-69.449759,1385.0,lev20,Almucantar,Los_Leones_Auger,82,82.849514,,,,,,63.412364,62.851055,0.858858,0.100419,0.066089,3,10,8,5,3,10,7,5,3,10,7,5,3,10,7,5,0.09111,0.17649,0.3598,0.3639,1,1,19:06:2024,12:44:03,590,-35.495807,-69.449759,1385.0,lev20,Almucantar,1.1068138381982107,0.05685831081955036,0.6561089988550639,Unclassified,Maritime,,Unknown
02:04:2017,12:09:33,Los_Leones_Auger,92,92.506632,0.0413,0.023,0.0171,0.0146,0.0329,0.0137,0.0074,0.0048,0.0084,0.0093,0.0097,0.0097,1.305078,74.716881,75.296048,1.546927,0.076251,0.041262,4,10,7,6,4,10,7,6,4,10,7,6,4,10,7,6,0.09912,0.19447,0.41309,0.42074,1,1,19:06:2024,12:31:48,590,-35.495807,-69.449759,1385.0,lev20,Almucantar,Los_Leones_Auger,92,92.506632,0.041262,0.022249,0.01794,0.014042,1.24857,74.716881,75.296048,1.546927,0.076251,0.041262,4,10,7,6,4,10,7,6,4,10,7,6,4,10,7,6,0.09912,0.19447,0.41309,0.42074,1,1,19:06:2024,12:31:48,590,-35.495807,-69.449759,1385.0,lev20,Almucantar,Los_Leones_Auger,92,92.506632,,,,,,,,,74.716881,75.296048,1.546927,0.076251,0.041262,4,10,7,6,4,10,7,6,4,10,7,6,4,10,7,6,0.09912,0.19447,0.41309,0.42074,1,1,19:06:2024,12:31:48,590,-35.495807,-69.449759,1385.0,lev20,Almucantar,Los_Leones_Auger,92,92.506632,,,,,74.716881,75.296048,1.546927,0.076251,0.041262,4,10,7,6,4,10,7,6,4,10,7,6,4,10,7,6,0.09912,0.19447,0.41309,0.42074,1,1,19:06:2024,12:31:48,590,-35.495807,-69.449759,1385.0,lev20,Almucantar,Los_Leones_Auger,92,92.506632,,,,,,74.716881,75.296048,1.546927,0.076251,0.041262,4,10,7,6,4,10,7,6,4,10,7,6,4,10,7,6,0.09912,0.19447,0.41309,0.42074,1,1,19:06:2024,12:31:48,590,-35.495807,-69.449759,1385.0,lev20,Almucantar,1.2934723880920325,0.03500579305471722,0.7021307844059482,BCH,Maritime,,Unknown
02:04:2017,13:44:08,Los_Leones_Auger,92,92.572315,0.0348,0.0199,0.0145,0.0126,0.028,0.0124,0.0067,0.0046,0.0068,0.0075,0.0079,0.008,1.290294,57.576318,58.073548,0.731081,0.141224,0.034724,4,10,7,5,4,10,7,5,4,10,7,5,4,10,7,5,0.08916,0.17242,0.33436,0.34329,1,1,19:06:2024,12:36:43,590,-35.495807,-69.449759,1385.0,lev20,Almucantar,Los_Leones_Auger,92,92.572315,0.034724,0.018514,0.016005,0.010329,1.174315,57.576318,58.073548,0.731081,0.141224,0.034724,4,10,7,5,4,10,7,5,4,10,7,5,4,10,7,5,0.08916,0.17242,0.33436,0.34329,1,1,19:06:2024,12:36:43,590,-35.495807,-69.449759,1385.0,lev20,Almucantar,Los_Leones_Auger,92,92.572315,,,,,,,,,57.576318,58.073548,0.731081,0.141224,0.034724,4,10,7,5,4,10,7,5,4,10,7,5,4,10,7,5,0.08916,0.17242,0.33436,0.34329,1,1,19:06:2024,12:36:43,590,-35.495807,-69.449759,1385.0,lev20,Almucantar,Los_Leones_Auger,92,92.572315,,,,,57.576318,58.073548,0.731081,0.141224,0.034724,4,10,7,5,4,10,7,5,4,10,7,5,4,10,7,5,0.08916,0.17242,0.33436,0.34329,1,1,19:06:2024,12:36:43,590,-35.495807,-69.449759,1385.0,lev20,Almucantar,Los_Leones_Auger,92,92.572315,,,,,,57.576318,58.073548,0.731081,0.141224,0.034724,4,10,7,5,4,10,7,5,4,10,7,5,4,10,7,5,0.08916,0.17242,0.33436,0.34329,1,1,19:06:2024,12:36:43,590,-35.495807,-69.449759,1385.0,lev20,Almucantar,1.2842085948315112,0.029531357720956976,0.7187071232727726,BCH,Maritime,,Unknown
02:04:2017,14:05:17,Los_Leones_Auger,92,92.587002,0.034,0.0195,0.0141,0.0121,0.0276,0.0125,0.0068,0.0047,0.0064,0.007,0.0073,0.0074,1.295791,54.194166,54.659867,0.711118,0.141944,0.033831,4,10,8,4,4,10,8,4,4,10,8,4,4,10,8,4,0.0881,0.17005,0.32527,0.33438,1,1,19:06:2024,12:41:01,590,-35.495807,-69.449759,1385.0,lev20,Almucantar,Los_Leones_Auger,92,92.587002,0.033831,0.018245,0.016029,0.010283,1.135265,54.194166,54.659867,0.711118,0.141944,0.033831,4,10,8,4,4,10,8,4,4,10,8,4,4,10,8,4,0.0881,0.17005,0.32527,0.33438,1,1,19:06:2024,12:41:01,590,-35.495807,-69.449759,1385.0,lev20,Almucantar,Los_Leones_Auger,92,92.587002,,,,,,,,,54.194166,54.659867,0.711118,0.141944,0.033831,4,10,8,4,4,10,8,4,4,10,8,4,4,10,8,4,0.0881,0.17005,0.32527,0.33438,1,1,19:06:2024,12:41:01,590,-35.495807,-69.449759,1385.0,lev20,Almucantar,Los_Leones_Auger,92,92.587002,,,,,54.194166,54.659867,0.711118,0.141944,0.033831,4,10,8,4,4,10,8,4,4,10,8,4,4,10,8,4,0.0881,0.17005,0.32527,0.33438,1,1,19:06:2024,12:41:01,590,-35.495807,-69.449759,1385.0,lev20,Almucantar,Los_Leones_Auger,92,92.587002,,,,,,54.194166,54.659867,0.711118,0.141944,0.033831,4,10,8,4,4,10,8,4,4,10,8,4,4,10,8,4,0.0881,0.17005,0.32527,0.33438,1,1,19:06:2024,12:41:01,590,-35.495807,-69.449759,1385.0,lev20,Almucantar,1.2911278584040158,0.028826966833483163,0.7309089719419063,BCH,Maritime,,Unknown
02:04:2017,18:54:15,Los_Leones_Auger,92,92.787674,0.0378,0.0231,0.018,0.0158,0.029,0.0138,0.0082,0.0057,0.0088,0.0094,0.0099,0.0101,1.098085,51.715265,51.284632,0.741952,0.169268,0.037855,3,10,8,4,3,10,8,4,3,10,8,4,3,10,8,4,0.08758,0.16867,0.3191,0.32683,1,1,19:06:2024,12:38:11,590,-35.495807,-69.449759,1385.0,lev20,Almucantar,Los_Leones_Auger,92,92.787674,0.037855,0.021956,0.020193,0.01414,0.961222,51.715265,51.284632,0.741952,0.169268,0.037855,3,10,8,4,3,10,8,4,3,10,8,4,3,10,8,4,0.08758,0.16867,0.3191,0.32683,1,1,19:06:2024,12:38:11,590,-35.495807,-69.449759,1385.0,lev20,Almucantar,Los_Leones_Auger,92,92.787674,,,,,,,,,51.715265,51.284632,0.741952,0.169268,0.037855,3,10,8,4,3,10,8,4,3,10,8,4,3,10,8,4,0.08758,0.16867,0.3191,0.32683,1,1,19:06:2024,12:38:11,590,-35.495807,-69.449759,1385.0,lev20,Almucantar,Los_Leones_Auger,92,92.787674,,,,,51.715265,51.284632,0.741952,0.169268,0.037855,3,10,8,4,3,10,8,4,3,10,8,4,3,10,8,4,0.08758,0.16867,0.3191,0.32683,1,1,19:06:2024,12:38:11,590,-35.495807,-69.449759,1385.0,lev20,Almucantar,Los_Leones_Auger,92,92.787674,,,,,,51.715265,51.284632,0.741952,0.169268,0.037855,3,10,8,4,3,10,8,4,3,10,8,4,3,10,8,4,0.08758,0.16867,0.3191,0.32683,1,1,19:06:2024,12:38:11,590,-35.495807,-69.449759,1385.0,lev20,Almucantar,1.0883339110517833,0.03289049497343488,0.6880196074447454,Unclassified,Maritime,,Unknown
02:04:2017,19:54:18,Los_Leones_Auger,92,92.829375,0.0519,0.0292,0.0219,0.0188,0.0419,0.0185,0.0107,0.0075,0.01,0.0107,0.0112,0.0113,1.277605,61.370887,60.849661,1.750362,0.117789,0.052193,3,10,8,5,3,10,8,5,3,10,8,5,3,10,8,4,0.09091,0.1759,0.34582,0.35167,1,1,19:06:2024,12:42:37,590,-35.495807,-69.449759,1385.0,lev20,Almucantar,Los_Leones_Auger,92,92.829375,0.052193,0.027969,0.023636,0.017646,1.196355,61.370887,60.849661,1.750362,0.117789,0.052193,3,10,8,5,3,10,8,5,3,10,8,5,3,10,8,4,0.09091,0.1759,0.34582,0.35167,1,1,19:06:2024,12:42:37,590,-35.495807,-69.449759,1385.0,lev20,Almucantar,Los_Leones_Auger,92,92.829375,,,,,,,,,61.370887,60.849661,1.750362,0.117789,0.052193,3,10,8,5,3,10,8,5,3,10,8,5,3,10,8,4,0.09091,0.1759,0.34582,0.35167,1,1,19:06:2024,12:42:37,590,-35.495807,-69.449759,1385.0,lev20,Almucantar,Los_Leones_Auger,92,92.829375,,,,,61.370887,60.849661,1.750362,0.117789,0.052193,3,10,8,5,3,10,8,5,3,10,8,5,3,10,8,4,0.09091,0.1759,0.34582,0.35167,1,1,19:06:2024,12:42:37,590,-35.495807,-69.449759,1385.0,lev20,Almucantar,Los_Leones_Auger,92,92.829375,,,,,,61.370887,60.849661,1.750362,0.117789,0.052193,3,10,8,5,3,10,8,5,3,10,8,5,3,10,8,4,0.09091,0.1759,0.34582,0.35167,1,1,19:06:2024,12:42:37,590,-35.495807,-69.449759,1385.0,lev20,Almucantar,1.2656722278597405,0.04414694117357581,0.7239302123668621,BCH,Maritime,,Unknown
02:04:2017,20:15:47,Los_Leones_Auger,92,92.844294,0.0529,0.0304,0.0228,0.0196,0.0427,0.0194,0.0114,0.008,0.0102,0.011,0.0114,0.0115,1.244505,65.19466,64.651747,2.228581,0.119252,0.053554,3,8,4,5,3,8,4,5,3,6,6,5,3,10,8,5,0.09284,0.18004,0.36036,0.36512,1,1,19:06:2024,12:47:37,590,-35.495807,-69.449759,1385.0,lev20,Almucantar,Los_Leones_Auger,92,92.844294,0.053554,0.028473,0.023642,0.018216,1.23189,65.19466,64.651747,2.228581,0.119252,0.053554,3,8,4,5,3,8,4,5,3,6,6,5,3,10,8,5,0.09284,0.18004,0.36036,0.36512,1,1,19:06:2024,12:47:37,590,-35.495807,-69.449759,1385.0,lev20,Almucantar,Los_Leones_Auger,92,92.844294,,,,,,,,,65.19466,64.651747,2.228581,0.119252,0.053554,3,8,4,5,3,8,4,5,3,6,6,5,3,10,8,5,0.09284,0.18004,0.36036,0.36512,1,1,19:06:2024,12:47:37,590,-35.495807,-69.449759,1385.0,lev20,Almucantar,Los_Leones_Auger,92,92.844294,,,,,65.19466,64.651747,2.228581,0.119252,0.053554,3,8,4,5,3,8,4,5,3,6,6,5,3,10,8,5,0.09284,0.18004,0.36036,0.36512,1,1,19:06:2024,12:47:37,590,-35.495807,-69.449759,1385.0,lev20,Almucantar,Los_Leones_Auger,92,92.844294,,,,,,65.19466,64.651747,2.228581,0.119252,0.053554,3,8,4,5,3,8,4,5,3,6,6,5,3,10,8,5,0.09284,0.18004,0.36036,0.36512,1,1,19:06:2024,12:47:37,590,-35.495807,-69.449759,1385.0,lev20,Almucantar,1.2345899689508817,0.04517670332037083,0.7272479932721786,BCH,Maritime,,Unknown
02:04:2017,21:02:38,Los_Leones_Auger,92,92.876829,0.0544,0.0298,0.0229,0.0199,0.043,0.0175,0.0101,0.007,0.0114,0.0123,0.0128,0.0129,1.287279,73.971903,73.395763,1.730664,0.071922,0.054081,4,10,7,6,4,10,7,5,4,10,7,5,4,10,7,4,0.09914,0.19355,0.40657,0.40823,1,1,19:06:2024,12:51:57,590,-35.495807,-69.449759,1385.0,lev20,Almucantar,Los_Leones_Auger,92,92.876829,0.054081,0.028722,0.023362,0.018767,1.260746,73.971903,73.395763,1.730664,0.071922,0.054081,4,10,7,6,4,10,7,5,4,10,7,5,4,10,7,4,0.09914,0.19355,0.40657,0.40823,1,1,19:06:2024,12:51:57,590,-35.495807,-69.449759,1385.0,lev20,Almucantar,Los_Leones_Auger,92,92.876829,,,,,,,,,73.971903,73.395763,1.730664,0.071922,0.054081,4,10,7,6,4,10,7,5,4,10,7,5,4,10,7,4,0.09914,0.19355,0.40657,0.40823,1,1,19:06:2024,12:51:57,590,-35.495807,-69.449759,1385.0,lev20,Almucantar,Los_Leones_Auger,92,92.876829,,,,,73.971903,73.395763,1.730664,0.071922,0.054081,4,10,7,6,4,10,7,5,4,10,7,5,4,10,7,4,0.09914,0.19355,0.40657,0.40823,1,1,19:06:2024,12:51:57,590,-35.495807,-69.449759,1385.0,lev20,Almucantar,Los_Leones_Auger,92,92.876829,,,,,,73.971903,73.395763,1.730664,0.071922,0.054081,4,10,7,6,4,10,7,5,4,10,7,5,4,10,7,4,0.09914,0.19355,0.40657,0.40823,1,1,19:06:2024,12:51:57,590,-35.495807,-69.449759,1385.0,lev20,Almucantar,1.2691855401813823,0.04625270215334329,0.690300439040034,BCH,Maritime,,Unknown
02:04:2017,21:21:23,Los_Leones_Auger,92,92.88985,0.0537,0.0297,0.0231,0.02,0.0418,0.0167,0.0097,0.0065,0.0119,0.013,0.0134,0.0135,1.256407,77.604647,77.020125,2.277024,0.042394,0.053299,4,10,6,6,4,10,6,5,4,10,6,5,4,10,6,6,0.10292,0.20161,0.43378,0.43341,1,1,19:06:2024,12:31:55,590,-35.495807,-69.449759,1385.0,lev20,Almucantar,Los_Leones_Auger,92,92.88985,0.053299,0.028746,0.023477,0.019435,1.231347,77.604647,77.020125,2.277024,0.042394,0.053299,4,10,6,6,4,10,6,5,4,10,6,5,4,10,6,6,0.10292,0.20161,0.43378,0.43341,1,1,19:06:2024,12:31:55,590,-35.495807,-69.449759,1385.0,lev20,Almucantar,Los_Leones_Auger,92,92.88985,,,,,,,,,77.604647,77.020125,2.277024,0.042394,0.053299,4,10,6,6,4,10,6,5,4,10,6,5,4,10,6,6,0.10292,0.20161,0.43378,0.43341,1,1,19:06:2024,12:31:55,590,-35.495807,-69.449759,1385.0,lev20,Almucantar,Los_Leones_Auger,92,92.88985,,,,,77.604647,77.020125,2.277024,0.042394,0.053299,4,10,6,6,4,10,6,5,4,10,6,5,4,10,6,6,0.10292,0.20161,0.43378,0.43341,1,1,19:06:2024,12:31:55,590,-35.495807,-69.449759,1385.0,lev20,Almucantar,Los_Leones_Auger,92,92.88985,,,,,,77.604647,77.020125,2.277024,0.042394,0.053299,4,10,6,6,4,10,6,5,4,10,6,5,4,10,6,6,0.10292,0.20161,0.43378,0.43341,1,1,19:06:2024,12:31:55,590,-35.495807,-69.449759,1385.0,lev20,Almucantar,1.2374321701330337,0.045843245714585826,0.6727926677236747,BCH,Maritime,,Unknown
10:04:2017,18:51:59,Los_Leones_Auger,100,100.7861,0.0158,0.0107,0.0085,0.007,0.0135,0.0084,0.0061,0.0046,0.0023,0.0023,0.0024,0.0024,0.912228,54.181848,53.767803,1.453621,0.158928,0.016801,4,10,8,4,4,10,8,4,4,10,8,4,4,10,8,4,0.0928,0.17846,0.32639,0.33497,1,1,19:06:2024,12:43:53,590,-35.495807,-69.449759,1385.0,lev20,Almucantar,Los_Leones_Auger,100,100.7861,0.016801,0.009648,0.010417,0.005271,0.765403,54.181848,53.767803,1.453621,0.158928,0.016801,4,10,8,4,4,10,8,4,4,10,8,4,4,10,8,4,0.0928,0.17846,0.32639,0.33497,1,1,19:06:2024,12:43:53,590,-35.495807,-69.449759,1385.0,lev20,Almucantar,Los_Leones_Auger,100,100.7861,,,,,,,,,54.181848,53.767803,1.453621,0.158928,0.016801,4,10,8,4,4,10,8,4,4,10,8,4,4,10,8,4,0.0928,0.17846,0.32639,0.33497,1,1,19:06:2024,12:43:53,590,-35.495807,-69.449759,1385.0,lev20,Almucantar,Los_Leones_Auger,100,100.7861,,,,,54.181848,53.767803,1.453621,0.158928,0.016801,4,10,8,4,4,10,8,4,4,10,8,4,4,10,8,4,0.0928,0.17846,0.32639,0.33497,1,1,19:06:2024,12:43:53,590,-35.495807,-69.449759,1385.0,lev20,Almucantar,Los_Leones_Auger,100,100.7861,,,,,,54.181848,53.767803,1.453621,0.158928,0.016801,4,10,8,4,4,10,8,4,4,10,8,4,4,10,8,4,0.0928,0.17846,0.32639,0.33497,1,1,19:06:2024,12:43:53,590,-35.495807,-69.449759,1385.0,lev20,Almucantar,0.9093838445299519,0.0140659971770133,0.8247490902772394,Unclassified,Maritime,,Unknown
10:04:2017,19:51:49,Los_Leones_Auger,100,100.82765,0.0157,0.0109,0.0082,0.0068,0.0131,0.0081,0.0053,0.0038,0.0027,0.0028,0.0029,0.003,0.94515,63.496068,62.988708,2.318964,0.117616,0.016266,3,10,8,4,3,10,8,4,3,10,8,4,3,10,8,4,0.09651,0.18642,0.35317,0.35985,1,1,19:06:2024,12:47:59,590,-35.495807,-69.449759,1385.0,lev20,Almucantar,Los_Leones_Auger,100,100.82765,0.016266,0.009677,0.009925,0.00601,0.777815,63.496068,62.988708,2.318964,0.117616,0.016266,3,10,8,4,3,10,8,4,3,10,8,4,3,10,8,4,0.09651,0.18642,0.35317,0.35985,1,1,19:06:2024,12:47:59,590,-35.495807,-69.449759,1385.0,lev20,Almucantar,Los_Leones_Auger,100,100.82765,,,,,,,,,63.496068,62.988708,2.318964,0.117616,0.016266,3,10,8,4,3,10,8,4,3,10,8,4,3,10,8,4,0.09651,0.18642,0.35317,0.35985,1,1,19:06:2024,12:47:59,590,-35.495807,-69.449759,1385.0,lev20,Almucantar,Los_Leones_Auger,100,100.82765,,,,,63.496068,62.988708,2.318964,0.117616,0.016266,3,10,8,4,3,10,8,4,3,10,8,4,3,10,8,4,0.09651,0.18642,0.35317,0.35985,1,1,19:06:2024,12:47:59,590,-35.495807,-69.449759,1385.0,lev20,Almucantar,Los_Leones_Auger,100,100.82765,,,,,,63.496068,62.988708,2.318964,0.117616,0.016266,3,10,8,4,3,10,8,4,3,10,8,4,3,10,8,4,0.09651,0.18642,0.35317,0.35985,1,1,19:06:2024,12:47:59,590,-35.495807,-69.449759,1385.0,lev20,Almucantar,0.9527782693691824,0.013899652695363862,0.7974109501929316,Unclassified,Maritime,,Unknown
10:04:2017,20:42:03,Los_Leones_Auger,100,100.862535,0.0139,0.01,0.008,0.0069,0.0119,0.008,0.0059,0.0048,0.002,0.002,0.0021,0.0021,0.808509,72.444839,71.889943,3.631931,0.124483,0.014709,4,10,7,5,4,10,7,5,4,10,7,5,4,10,7,5,0.10253,0.1992,0.39384,0.39761,1,1,19:06:2024,12:49:49,590,-35.495807,-69.449759,1385.0,lev20,Almucantar,Los_Leones_Auger,100,100.862535,0.014709,0.008373,0.008496,0.005557,0.860971,72.444839,71.889943,3.631931,0.124483,0.014709,4,10,7,5,4,10,7,5,4,10,7,5,4,10,7,5,0.10253,0.1992,0.39384,0.39761,1,1,19:06:2024,12:49:49,590,-35.495807,-69.449759,1385.0,lev20,Almucantar,Los_Leones_Auger,100,100.862535,,,,,,,,,72.444839,71.889943,3.631931,0.124483,0.014709,4,10,7,5,4,10,7,5,4,10,7,5,4,10,7,5,0.10253,0.1992,0.39384,0.39761,1,1,19:06:2024,12:49:49,590,-35.495807,-69.449759,1385.0,lev20,Almucantar,Los_Leones_Auger,100,100.862535,,,,,72.444839,71.889943,3.631931,0.124483,0.014709,4,10,7,5,4,10,7,5,4,10,7,5,4,10,7,5,0.10253,0.1992,0.39384,0.39761,1,1,19:06:2024,12:49:49,590,-35.495807,-69.449759,1385.0,lev20,Almucantar,Los_Leones_Auger,100,100.862535,,,,,,72.444839,71.889943,3.631931,0.124483,0.014709,4,10,7,5,4,10,7,5,4,10,7,5,4,10,7,5,0.10253,0.1992,0.39384,0.39761,1,1,19:06:2024,12:49:49,590,-35.495807,-69.449759,1385.0,lev20,Almucantar,0.8103745326349592,0.012532132317993695,0.8302471420870952,Unclassified,Maritime,,Unknown
10:04:2017,21:07:15,Los_Leones_Auger,100,100.880035,0.0141,0.0099,0.008,0.0069,0.0119,0.0077,0.0057,0.0045,0.0022,0.0023,0.0023,0.0023,0.833278,77.183094,76.612572,4.902952,0.111541,0.015081,4,10,7,6,4,10,7,6,4,10,7,6,4,10,7,6,0.10724,0.2092,0.42507,0.4267,1,1,19:06:2024,12:51:21,590,-35.495807,-69.449759,1385.0,lev20,Almucantar,Los_Leones_Auger,100,100.880035,0.015081,0.008444,0.008219,0.005768,0.941544,77.183094,76.612572,4.902952,0.111541,0.015081,4,10,7,6,4,10,7,6,4,10,7,6,4,10,7,6,0.10724,0.2092,0.42507,0.4267,1,1,19:06:2024,12:51:21,590,-35.495807,-69.449759,1385.0,lev20,Almucantar,Los_Leones_Auger,100,100.880035,,,,,,,,,77.183094,76.612572,4.902952,0.111541,0.015081,4,10,7,6,4,10,7,6,4,10,7,6,4,10,7,6,0.10724,0.2092,0.42507,0.4267,1,1,19:06:2024,12:51:21,590,-35.495807,-69.449759,1385.0,lev20,Almucantar,Los_Leones_Auger,100,100.880035,,,,,77.183094,76.612572,4.902952,0.111541,0.015081,4,10,7,6,4,10,7,6,4,10,7,6,4,10,7,6,0.10724,0.2092,0.42507,0.4267,1,1,19:06:2024,12:51:21,590,-35.495807,-69.449759,1385.0,lev20,Almucantar,Los_Leones_Auger,100,100.880035,,,,,,77.183094,76.612572,4.902952,0.111541,0.015081,4,10,7,6,4,10,7,6,4,10,7,6,4,10,7,6,0.10724,0.2092,0.42507,0.4267,1,1,19:06:2024,12:51:21,590,-35.495807,-69.449759,1385.0,lev20,Almucantar,0.8313303341385698,0.012678441583327434,0.8160814708850356,Unclassified,Maritime,,Unknown
13:04:2017,18:51:03,Los_Leones_Auger,103,103.785451,0.0509,0.0311,0.0249,0.0223,0.037,0.0162,0.0094,0.0065,0.0139,0.0148,0.0155,0.0158,1.062618,55.066006,54.658178,0.765505,0.157992,0.05158,4,10,8,4,4,10,8,4,4,10,8,4,4,10,8,4,0.09307,0.17905,0.32847,0.33693,1,1,19:06:2024,12:42:45,590,-35.495807,-69.449759,1385.0,lev20,Almucantar,Los_Leones_Auger,103,103.785451,0.05158,0.030104,0.026483,0.019949,1.010064,55.066006,54.658178,0.765505,0.157992,0.05158,4,10,8,4,4,10,8,4,4,10,8,4,4,10,8,4,0.09307,0.17905,0.32847,0.33693,1,1,19:06:2024,12:42:45,590,-35.495807,-69.449759,1385.0,lev20,Almucantar,Los_Leones_Auger,103,103.785451,,,,,,,,,55.066006,54.658178,0.765505,0.157992,0.05158,4,10,8,4,4,10,8,4,4,10,8,4,4,10,8,4,0.09307,0.17905,0.32847,0.33693,1,1,19:06:2024,12:42:45,590,-35.495807,-69.449759,1385.0,lev20,Almucantar,Los_Leones_Auger,103,103.785451,,,,,55.066006,54.658178,0.765505,0.157992,0.05158,4,10,8,4,4,10,8,4,4,10,8,4,4,10,8,4,0.09307,0.17905,0.32847,0.33693,1,1,19:06:2024,12:42:45,590,-35.495807,-69.449759,1385.0,lev20,Almucantar,Los_Leones_Auger,103,103.785451,,,,,,55.066006,54.658178,0.765505,0.157992,0.05158,4,10,8,4,4,10,8,4,4,10,8,4,4,10,8,4,0.09307,0.17905,0.32847,0.33693,1,1,19:06:2024,12:42:45,590,-35.495807,-69.449759,1385.0,lev20,Almucantar,1.0488128693801864,0.044513371998478914,0.6249099949537391,Unclassified,Maritime,,Unknown
13:04:2017,19:50:54,Los_Leones_Auger,103,103.827014,0.0573,0.0332,0.0264,0.0239,0.0422,0.0167,0.0091,0.0063,0.0152,0.0165,0.0173,0.0176,1.154581,64.268037,63.765877,0.872127,0.103015,0.057295,3,10,8,4,3,10,8,4,3,10,8,4,3,10,8,4,0.09691,0.18728,0.35598,0.3625,1,1,19:06:2024,12:47:42,590,-35.495807,-69.449759,1385.0,lev20,Almucantar,Los_Leones_Auger,103,103.827014,0.057295,0.03263,0.027675,0.022166,1.096517,64.268037,63.765877,0.872127,0.103015,0.057295,3,10,8,4,3,10,8,4,3,10,8,4,3,10,8,4,0.09691,0.18728,0.35598,0.3625,1,1,19:06:2024,12:47:42,590,-35.495807,-69.449759,1385.0,lev20,Almucantar,Los_Leones_Auger,103,103.827014,,,,,,,,,64.268037,63.765877,0.872127,0.103015,0.057295,3,10,8,4,3,10,8,4,3,10,8,4,3,10,8,4,0.09691,0.18728,0.35598,0.3625,1,1,19:06:2024,12:47:42,590,-35.495807,-69.449759,1385.0,lev20,Almucantar,Los_Leones_Auger,103,103.827014,,,,,64.268037,63.765877,0.872127,0.103015,0.057295,3,10,8,4,3,10,8,4,3,10,8,4,3,10,8,4,0.09691,0.18728,0.35598,0.3625,1,1,19:06:2024,12:47:42,590,-35.495807,-69.449759,1385.0,lev20,Almucantar,Los_Leones_Auger,103,103.827014,,,,,,64.268037,63.765877,0.872127,0.103015,0.057295,3,10,8,4,3,10,8,4,3,10,8,4,3,10,8,4,0.09691,0.18728,0.35598,0.3625,1,1,19:06:2024,12:47:42,590,-35.495807,-69.449759,1385.0,lev20,Almucantar,1.1367399167240655,0.04955025106354873,0.6165116102121002,Unclassified,Maritime,,Unknown
13:04:2017,20:44:36,Los_Leones_Auger,103,103.864306,0.0605,0.0352,0.028,0.0251,0.0442,0.0172,0.0094,0.0064,0.0163,0.018,0.0186,0.0187,1.147639,73.779082,73.225734,2.238635,0.059409,0.06064,4,10,7,5,4,10,7,5,4,10,7,5,4,9,7,5,0.1037,0.20171,0.40173,0.40503,1,1,19:06:2024,12:51:24,590,-35.495807,-69.449759,1385.0,lev20,Almucantar,Los_Leones_Auger,103,103.864306,0.06064,0.034262,0.028472,0.023871,1.135838,73.779082,73.225734,2.238635,0.059409,0.06064,4,10,7,5,4,10,7,5,4,10,7,5,4,9,7,5,0.1037,0.20171,0.40173,0.40503,1,1,19:06:2024,12:51:24,590,-35.495807,-69.449759,1385.0,lev20,Almucantar,Los_Leones_Auger,103,103.864306,,,,,,,,,73.779082,73.225734,2.238635,0.059409,0.06064,4,10,7,5,4,10,7,5,4,10,7,5,4,9,7,5,0.1037,0.20171,0.40173,0.40503,1,1,19:06:2024,12:51:24,590,-35.495807,-69.449759,1385.0,lev20,Almucantar,Los_Leones_Auger,103,103.864306,,,,,73.779082,73.225734,2.238635,0.059409,0.06064,4,10,7,5,4,10,7,5,4,10,7,5,4,9,7,5,0.1037,0.20171,0.40173,0.40503,1,1,19:06:2024,12:51:24,590,-35.495807,-69.449759,1385.0,lev20,Almucantar,Los_Leones_Auger,103,103.864306,,,,,,73.779082,73.225734,2.238635,0.059409,0.06064,4,10,7,5,4,10,7,5,4,10,7,5,4,9,7,5,0.1037,0.20171,0.40173,0.40503,1,1,19:06:2024,12:51:24,590,-35.495807,-69.449759,1385.0,lev20,Almucantar,1.130142239225895,0.05236159864165525,0.6056197277360527,Unclassified,Maritime,,Unknown
13:04:2017,21:03:15,Los_Leones_Auger,103,103.877257,0.0592,0.0349,0.0278,0.0246,0.0436,0.0177,0.01,0.0068,0.0156,0.0172,0.0178,0.0178,1.125245,77.263439,76.698217,3.740187,0.049668,0.059444,4,10,7,5,4,10,7,5,4,10,7,5,4,10,7,5,0.10732,0.20938,0.42567,0.4273,1,1,19:06:2024,12:31:47,590,-35.495807,-69.449759,1385.0,lev20,Almucantar,Los_Leones_Auger,103,103.877257,0.059444,0.033831,0.028118,0.024028,1.124255,77.263439,76.698217,3.740187,0.049668,0.059444,4,10,7,5,4,10,7,5,4,10,7,5,4,10,7,5,0.10732,0.20938,0.42567,0.4273,1,1,19:06:2024,12:31:47,590,-35.495807,-69.449759,1385.0,lev20,Almucantar,Los_Leones_Auger,103,103.877257,,,,,,,,,77.263439,76.698217,3.740187,0.049668,0.059444,4,10,7,5,4,10,7,5,4,10,7,5,4,10,7,5,0.10732,0.20938,0.42567,0.4273,1,1,19:06:2024,12:31:47,590,-35.495807,-69.449759,1385.0,lev20,Almucantar,Los_Leones_Auger,103,103.877257,,,,,77.263439,76.698217,3.740187,0.049668,0.059444,4,10,7,5,4,10,7,5,4,10,7,5,4,10,7,5,0.10732,0.20938,0.42567,0.4273,1,1,19:06:2024,12:31:47,590,-35.495807,-69.449759,1385.0,lev20,Almucantar,Los_Leones_Auger,103,103.877257,,,,,,77.263439,76.698217,3.740187,0.049668,0.059444,4,10,7,5,4,10,7,5,4,10,7,5,4,10,7,5,0.10732,0.20938,0.42567,0.4273,1,1,19:06:2024,12:31:47,590,-35.495807,-69.449759,1385.0,lev20,Almucantar,1.1087942282887235,0.05137648807585724,0.6198218587048386,Unclassified,Maritime,,Unknown
22:04:2017,17:49:03,Los_Leones_Auger,112,112.742396,0.0165,0.0105,0.0074,0.0061,0.0157,0.0096,0.0066,0.0053,0.0008,0.0008,0.0008,0.0009,1.167211,51.161121,50.916331,2.054388,0.210313,0.018307,3,10,8,4,3,10,8,4,3,10,8,4,3,10,8,4,0.08844,0.17374,0.31848,0.32908,1,1,19:06:2024,12:46:14,590,-35.495807,-69.449759,1385.0,lev20,Almucantar,Los_Leones_Auger,112,112.742396,0.018307,0.00949,0.009109,0.003342,1.08031,51.161121,50.916331,2.054388,0.210313,0.018307,3,10,8,4,3,10,8,4,3,10,8,4,3,10,8,4,0.08844,0.17374,0.31848,0.32908,1,1,19:06:2024,12:46:14,590,-35.495807,-69.449759,1385.0,lev20,Almucantar,Los_Leones_Auger,112,112.742396,,,,,,,,,51.161121,50.916331,2.054388,0.210313,0.018307,3,10,8,4,3,10,8,4,3,10,8,4,3,10,8,4,0.08844,0.17374,0.31848,0.32908,1,1,19:06:2024,12:46:14,590,-35.495807,-69.449759,1385.0,lev20,Almucantar,Los_Leones_Auger,112,112.742396,,,,,51.161121,50.916331,2.054388,0.210313,0.018307,3,10,8,4,3,10,8,4,3,10,8,4,3,10,8,4,0.08844,0.17374,0.31848,0.32908,1,1,19:06:2024,12:46:14,590,-35.495807,-69.449759,1385.0,lev20,Almucantar,Los_Leones_Auger,112,112.742396,,,,,,51.161121,50.916331,2.054388,0.210313,0.018307,3,10,8,4,3,10,8,4,3,10,8,4,3,10,8,4,0.08844,0.17374,0.31848,0.32908,1,1,19:06:2024,12:46:14,590,-35.495807,-69.449759,1385.0,lev20,Almucantar,1.1762632210370016,0.014196489100289691,0.9344106765089181,Unclassified,Maritime,,Unknown
22:04:2017,18:48:58,Los_Leones_Auger,112,112.784005,0.0146,0.0095,0.0069,0.0057,0.0137,0.0086,0.006,0.0048,0.0009,0.0009,0.0009,0.0009,1.09274,57.673328,57.282245,2.703326,0.205382,0.016756,4,10,7,5,4,10,7,5,4,10,7,5,4,10,7,5,0.09047,0.17852,0.33332,0.34288,1,1,19:06:2024,12:32:05,590,-35.495807,-69.449759,1385.0,lev20,Almucantar,Los_Leones_Auger,112,112.784005,0.016756,0.008675,0.008444,0.003264,1.063947,57.673328,57.282245,2.703326,0.205382,0.016756,4,10,7,5,4,10,7,5,4,10,7,5,4,10,7,5,0.09047,0.17852,0.33332,0.34288,1,1,19:06:2024,12:32:05,590,-35.495807,-69.449759,1385.0,lev20,Almucantar,Los_Leones_Auger,112,112.784005,,,,,,,,,57.673328,57.282245,2.703326,0.205382,0.016756,4,10,7,5,4,10,7,5,4,10,7,5,4,10,7,5,0.09047,0.17852,0.33332,0.34288,1,1,19:06:2024,12:32:05,590,-35.495807,-69.449759,1385.0,lev20,Almucantar,Los_Leones_Auger,112,112.784005,,,,,57.673328,57.282245,2.703326,0.205382,0.016756,4,10,7,5,4,10,7,5,4,10,7,5,4,10,7,5,0.09047,0.17852,0.33332,0.34288,1,1,19:06:2024,12:32:05,590,-35.495807,-69.449759,1385.0,lev20,Almucantar,Los_Leones_Auger,112,112.784005,,,,,,57.673328,57.282245,2.703326,0.205382,0.016756,4,10,7,5,4,10,7,5,4,10,7,5,4,10,7,5,0.09047,0.17852,0.33332,0.34288,1,1,19:06:2024,12:32:05,590,-35.495807,-69.449759,1385.0,lev20,Almucantar,1.099427599357191,0.01268573320031399,0.9235348605811244,Unclassified,Maritime,,Unknown
22:04:2017,19:48:54,Los_Leones_Auger,112,112.825625,0.0155,0.0103,0.0078,0.0065,0.0146,0.0094,0.0068,0.0056,0.0009,0.0009,0.001,0.001,1.004856,66.571387,66.083866,3.6812,0.189006,0.017295,4,10,7,5,4,10,7,5,4,10,7,5,3,10,7,6,0.09469,0.18836,0.36267,0.37036,1,1,19:06:2024,12:36:14,590,-35.495807,-69.449759,1385.0,lev20,Almucantar,Los_Leones_Auger,112,112.825625,0.017295,0.008732,0.008009,0.003894,1.181471,66.571387,66.083866,3.6812,0.189006,0.017295,4,10,7,5,4,10,7,5,4,10,7,5,3,10,7,6,0.09469,0.18836,0.36267,0.37036,1,1,19:06:2024,12:36:14,590,-35.495807,-69.449759,1385.0,lev20,Almucantar,Los_Leones_Auger,112,112.825625,,,,,,,,,66.571387,66.083866,3.6812,0.189006,0.017295,4,10,7,5,4,10,7,5,4,10,7,5,3,10,7,6,0.09469,0.18836,0.36267,0.37036,1,1,19:06:2024,12:36:14,590,-35.495807,-69.449759,1385.0,lev20,Almucantar,Los_Leones_Auger,112,112.825625,,,,,66.571387,66.083866,3.6812,0.189006,0.017295,4,10,7,5,4,10,7,5,4,10,7,5,3,10,7,6,0.09469,0.18836,0.36267,0.37036,1,1,19:06:2024,12:36:14,590,-35.495807,-69.449759,1385.0,lev20,Almucantar,Los_Leones_Auger,112,112.825625,,,,,,66.571387,66.083866,3.6812,0.189006,0.017295,4,10,7,5,4,10,7,5,4,10,7,5,3,10,7,6,0.09469,0.18836,0.36267,0.37036,1,1,19:06:2024,12:36:14,590,-35.495807,-69.449759,1385.0,lev20,Almucantar,1.0073311867071721,0.013627222984972523,0.9259467791173159,Unclassified,Maritime,,Unknown
25:04:2017,19:49:36,Los_Leones_Auger,115,115.826111,0.0182,0.0121,0.0092,0.0079,0.0149,0.0087,0.0057,0.0043,0.0033,0.0034,0.0035,0.0036,0.99881,67.503452,67.019038,1.704838,0.107156,0.018551,4,10,7,5,4,10,7,5,4,10,7,5,4,10,7,5,0.08986,0.18393,0.35892,0.36921,1,1,19:06:2024,12:43:40,590,-35.495807,-69.449759,1385.0,lev20,Almucantar,Los_Leones_Auger,115,115.826111,0.018551,0.012025,0.010209,0.006025,0.893068,67.503452,67.019038,1.704838,0.107156,0.018551,4,10,7,5,4,10,7,5,4,10,7,5,4,10,7,5,0.08986,0.18393,0.35892,0.36921,1,1,19:06:2024,12:43:40,590,-35.495807,-69.449759,1385.0,lev20,Almucantar,Los_Leones_Auger,115,115.826111,,,,,,,,,67.503452,67.019038,1.704838,0.107156,0.018551,4,10,7,5,4,10,7,5,4,10,7,5,4,10,7,5,0.08986,0.18393,0.35892,0.36921,1,1,19:06:2024,12:43:40,590,-35.495807,-69.449759,1385.0,lev20,Almucantar,Los_Leones_Auger,115,115.826111,,,,,67.503452,67.019038,1.704838,0.107156,0.018551,4,10,7,5,4,10,7,5,4,10,7,5,4,10,7,5,0.08986,0.18393,0.35892,0.36921,1,1,19:06:2024,12:43:40,590,-35.495807,-69.449759,1385.0,lev20,Almucantar,Los_Leones_Auger,115,115.826111,,,,,,67.503452,67.019038,1.704838,0.107156,0.018551,4,10,7,5,4,10,7,5,4,10,7,5,4,10,7,5,0.08986,0.18393,0.35892,0.36921,1,1,19:06:2024,12:43:40,590,-35.495807,-69.449759,1385.0,lev20,Almucantar,1.0007328909258282,0.01601449956459278,0.7743728806979256,Unclassified,Maritime,,Unknown
25:04:2017,20:43:41,Los_Leones_Auger,115,115.863669,0.018,0.0119,0.0091,0.0076,0.0158,0.0096,0.0068,0.0053,0.0022,0.0023,0.0024,0.0024,1.000022,76.794344,76.255526,4.431525,0.077256,0.018791,4,10,7,6,4,10,7,5,4,10,7,5,4,10,7,6,0.09874,0.20479,0.41234,0.41984,1,1,19:06:2024,12:45:41,590,-35.495807,-69.449759,1385.0,lev20,Almucantar,Los_Leones_Auger,115,115.863669,0.018791,0.011319,0.009308,0.00628,1.049578,76.794344,76.255526,4.431525,0.077256,0.018791,4,10,7,6,4,10,7,5,4,10,7,5,4,10,7,6,0.09874,0.20479,0.41234,0.41984,1,1,19:06:2024,12:45:41,590,-35.495807,-69.449759,1385.0,lev20,Almucantar,Los_Leones_Auger,115,115.863669,,,,,,,,,76.794344,76.255526,4.431525,0.077256,0.018791,4,10,7,6,4,10,7,5,4,10,7,5,4,10,7,6,0.09874,0.20479,0.41234,0.41984,1,1,19:06:2024,12:45:41,590,-35.495807,-69.449759,1385.0,lev20,Almucantar,Los_Leones_Auger,115,115.863669,,,,,76.794344,76.255526,4.431525,0.077256,0.018791,4,10,7,6,4,10,7,5,4,10,7,5,4,10,7,6,0.09874,0.20479,0.41234,0.41984,1,1,19:06:2024,12:45:41,590,-35.495807,-69.449759,1385.0,lev20,Almucantar,Los_Leones_Auger,115,115.863669,,,,,,76.794344,76.255526,4.431525,0.077256,0.018791,4,10,7,6,4,10,7,5,4,10,7,5,4,10,7,6,0.09874,0.20479,0.41234,0.41984,1,1,19:06:2024,12:45:41,590,-35.495807,-69.449759,1385.0,lev20,Almucantar,1.0005557420629192,0.01583887472864702,0.8454858014648187,Unclassified,Maritime,,Unknown
26:04:2017,17:48:18,Los_Leones_Auger,116,116.741875,0.0139,0.0096,0.0072,0.0061,0.0125,0.0082,0.0058,0.0047,0.0014,0.0014,0.0015,0.0015,0.957341,52.386674,52.147465,2.054521,0.190077,0.014988,3,10,8,4,3,10,8,4,3,10,8,4,3,10,8,4,0.08241,0.16625,0.3122,0.32497,1,1,19:06:2024,12:34:14,590,-35.495807,-69.449759,1385.0,lev20,Almucantar,Los_Leones_Auger,116,116.741875,0.014988,0.009169,0.008997,0.003214,0.792621,52.386674,52.147465,2.054521,0.190077,0.014988,3,10,8,4,3,10,8,4,3,10,8,4,3,10,8,4,0.08241,0.16625,0.3122,0.32497,1,1,19:06:2024,12:34:14,590,-35.495807,-69.449759,1385.0,lev20,Almucantar,Los_Leones_Auger,116,116.741875,,,,,,,,,52.386674,52.147465,2.054521,0.190077,0.014988,3,10,8,4,3,10,8,4,3,10,8,4,3,10,8,4,0.08241,0.16625,0.3122,0.32497,1,1,19:06:2024,12:34:14,590,-35.495807,-69.449759,1385.0,lev20,Almucantar,Los_Leones_Auger,116,116.741875,,,,,52.386674,52.147465,2.054521,0.190077,0.014988,3,10,8,4,3,10,8,4,3,10,8,4,3,10,8,4,0.08241,0.16625,0.3122,0.32497,1,1,19:06:2024,12:34:14,590,-35.495807,-69.449759,1385.0,lev20,Almucantar,Los_Leones_Auger,116,116.741875,,,,,,52.386674,52.147465,2.054521,0.190077,0.014988,3,10,8,4,3,10,8,4,3,10,8,4,3,10,8,4,0.08241,0.16625,0.3122,0.32497,1,1,19:06:2024,12:34:14,590,-35.495807,-69.449759,1385.0,lev20,Almucantar,0.9649258878011289,0.012286967043317387,0.8787414626151586,Unclassified,Maritime,,Unknown
26:04:2017,18:48:13,Los_Leones_Auger,116,116.783484,0.0141,0.0101,0.0078,0.0067,0.012,0.0078,0.0055,0.0044,0.0021,0.0022,0.0023,0.0023,0.861767,58.769324,58.385125,2.181903,0.1734,0.015428,3,11,7,5,4,10,7,5,4,10,7,5,4,10,7,4,0.08484,0.17206,0.32788,0.33979,1,1,19:06:2024,12:38:15,590,-35.495807,-69.449759,1385.0,lev20,Almucantar,Los_Leones_Auger,116,116.783484,0.015428,0.009315,0.009002,0.004033,0.833236,58.769324,58.385125,2.181903,0.1734,0.015428,3,11,7,5,4,10,7,5,4,10,7,5,4,10,7,4,0.08484,0.17206,0.32788,0.33979,1,1,19:06:2024,12:38:15,590,-35.495807,-69.449759,1385.0,lev20,Almucantar,Los_Leones_Auger,116,116.783484,,,,,,,,,58.769324,58.385125,2.181903,0.1734,0.015428,3,11,7,5,4,10,7,5,4,10,7,5,4,10,7,4,0.08484,0.17206,0.32788,0.33979,1,1,19:06:2024,12:38:15,590,-35.495807,-69.449759,1385.0,lev20,Almucantar,Los_Leones_Auger,116,116.783484,,,,,58.769324,58.385125,2.181903,0.1734,0.015428,3,11,7,5,4,10,7,5,4,10,7,5,4,10,7,4,0.08484,0.17206,0.32788,0.33979,1,1,19:06:2024,12:38:15,590,-35.495807,-69.449759,1385.0,lev20,Almucantar,Los_Leones_Auger,116,116.783484,,,,,,58.769324,58.385125,2.181903,0.1734,0.015428,3,11,7,5,4,10,7,5,4,10,7,5,4,10,7,4,0.08484,0.17206,0.32788,0.33979,1,1,19:06:2024,12:38:15,590,-35.495807,-69.449759,1385.0,lev20,Almucantar,0.8684685496207016,0.012618393292624147,0.8139486799878417,Unclassified,Maritime,,Unknown
26:04:2017,19:48:15,Los_Leones_Auger,116,116.825174,0.0135,0.0098,0.0078,0.0067,0.012,0.0083,0.0062,0.0051,0.0015,0.0015,0.0015,0.0015,0.801198,67.550513,67.069131,4.424346,0.163033,0.015245,4,10,7,6,4,10,7,6,4,10,7,6,4,10,5,6,0.08985,0.18394,0.35904,0.36942,1,1,19:06:2024,12:41:43,590,-35.495807,-69.449759,1385.0,lev20,Almucantar,Los_Leones_Auger,116,116.825174,0.015245,0.008935,0.008151,0.004176,0.955535,67.550513,67.069131,4.424346,0.163033,0.015245,4,10,7,6,4,10,7,6,4,10,7,6,4,10,5,6,0.08985,0.18394,0.35904,0.36942,1,1,19:06:2024,12:41:43,590,-35.495807,-69.449759,1385.0,lev20,Almucantar,Los_Leones_Auger,116,116.825174,,,,,,,,,67.550513,67.069131,4.424346,0.163033,0.015245,4,10,7,6,4,10,7,6,4,10,7,6,4,10,5,6,0.08985,0.18394,0.35904,0.36942,1,1,19:06:2024,12:41:43,590,-35.495807,-69.449759,1385.0,lev20,Almucantar,Los_Leones_Auger,116,116.825174,,,,,67.550513,67.069131,4.424346,0.163033,0.015245,4,10,7,6,4,10,7,6,4,10,7,6,4,10,5,6,0.08985,0.18394,0.35904,0.36942,1,1,19:06:2024,12:41:43,590,-35.495807,-69.449759,1385.0,lev20,Almucantar,Los_Leones_Auger,116,116.825174,,,,,,67.550513,67.069131,4.424346,0.163033,0.015245,4,10,7,6,4,10,7,6,4,10,7,6,4,10,5,6,0.08985,0.18394,0.35904,0.36942,1,1,19:06:2024,12:41:43,590,-35.495807,-69.449759,1385.0,lev20,Almucantar,0.8046810582831916,0.01218035725063353,0.869626757962956,Unclassified,Maritime,,Unknown
27:04:2017,17:48:10,Los_Leones_Auger,117,117.741782,0.014,0.0092,0.0069,0.0057,0.0127,0.0079,0.0055,0.0044,0.0013,0.0013,0.0014,0.0014,1.03502,52.687544,52.449572,1.559098,0.170532,0.015099,3,10,8,4,3,10,8,4,3,10,8,4,3,10,8,4,0.08251,0.16648,0.31284,0.3256,1,1,19:06:2024,12:36:32,590,-35.495807,-69.449759,1385.0,lev20,Almucantar,Los_Leones_Auger,117,117.741782,0.015099,0.008112,0.00905,0.003642,0.826205,52.687544,52.449572,1.559098,0.170532,0.015099,3,10,8,4,3,10,8,4,3,10,8,4,3,10,8,4,0.08251,0.16648,0.31284,0.3256,1,1,19:06:2024,12:36:32,590,-35.495807,-69.449759,1385.0,lev20,Almucantar,Los_Leones_Auger,117,117.741782,,,,,,,,,52.687544,52.449572,1.559098,0.170532,0.015099,3,10,8,4,3,10,8,4,3,10,8,4,3,10,8,4,0.08251,0.16648,0.31284,0.3256,1,1,19:06:2024,12:36:32,590,-35.495807,-69.449759,1385.0,lev20,Almucantar,Los_Leones_Auger,117,117.741782,,,,,52.687544,52.449572,1.559098,0.170532,0.015099,3,10,8,4,3,10,8,4,3,10,8,4,3,10,8,4,0.08251,0.16648,0.31284,0.3256,1,1,19:06:2024,12:36:32,590,-35.495807,-69.449759,1385.0,lev20,Almucantar,Los_Leones_Auger,117,117.741782,,,,,,52.687544,52.449572,1.559098,0.170532,0.015099,3,10,8,4,3,10,8,4,3,10,8,4,3,10,8,4,0.08251,0.16648,0.31284,0.3256,1,1,19:06:2024,12:36:32,590,-35.495807,-69.449759,1385.0,lev20,Almucantar,1.0378711064079598,0.012260500664270434,0.8823964281956855,Unclassified,Maritime,,Unknown
27:04:2017,19:48:06,Los_Leones_Auger,117,117.825069,0.0167,0.012,0.0098,0.0086,0.0119,0.0069,0.0045,0.0032,0.0048,0.0051,0.0052,0.0053,0.783204,67.787932,67.308061,2.231182,0.096245,0.017147,4,10,5,5,4,9,6,5,4,7,4,5,4,9,4,5,0.09003,0.18436,0.36011,0.37043,1,1,19:06:2024,04:53:00,590,-35.495807,-69.449759,1385.0,lev20,Almucantar,Los_Leones_Auger,117,117.825069,0.017147,0.010597,0.010987,0.007856,0.704097,67.787932,67.308061,2.231182,0.096245,0.017147,4,10,5,5,4,9,6,5,4,7,4,5,4,9,4,5,0.09003,0.18436,0.36011,0.37043,1,1,19:06:2024,04:53:00,590,-35.495807,-69.449759,1385.0,lev20,Almucantar,Los_Leones_Auger,117,117.825069,,,,,,,,,67.787932,67.308061,2.231182,0.096245,0.017147,4,10,5,5,4,9,6,5,4,7,4,5,4,9,4,5,0.09003,0.18436,0.36011,0.37043,1,1,19:06:2024,04:53:00,590,-35.495807,-69.449759,1385.0,lev20,Almucantar,Los_Leones_Auger,117,117.825069,,,,,67.787932,67.308061,2.231182,0.096245,0.017147,4,10,5,5,4,9,6,5,4,7,4,5,4,9,4,5,0.09003,0.18436,0.36011,0.37043,1,1,19:06:2024,04:53:00,590,-35.495807,-69.449759,1385.0,lev20,Almucantar,Los_Leones_Auger,117,117.825069,,,,,,67.787932,67.308061,2.231182,0.096245,0.017147,4,10,5,5,4,9,6,5,4,7,4,5,4,9,4,5,0.09003,0.18436,0.36011,0.37043,1,1,19:06:2024,04:53:00,590,-35.495807,-69.449759,1385.0,lev20,Almucantar,0.7818862854398748,0.015111522909879275,0.6503217058349458,Unclassified,Maritime,,Unknown
28:04:2017,18:48:00,Los_Leones_Auger,118,118.783333,0.0121,0.0084,0.0064,0.0056,0.0109,0.0071,0.0052,0.0043,0.0012,0.0013,0.0013,0.0013,0.928536,59.314361,58.933243,2.907909,0.175102,0.014573,3,10,8,5,3,10,8,5,3,11,7,4,4,10,7,4,0.08509,0.17265,0.32946,0.34131,1,1,19:06:2024,12:51:54,590,-35.495807,-69.449759,1385.0,lev20,Almucantar,Los_Leones_Auger,118,118.783333,0.014573,0.007835,0.008383,0.004012,0.880296,59.314361,58.933243,2.907909,0.175102,0.014573,3,10,8,5,3,10,8,5,3,11,7,4,4,10,7,4,0.08509,0.17265,0.32946,0.34131,1,1,19:06:2024,12:51:54,590,-35.495807,-69.449759,1385.0,lev20,Almucantar,Los_Leones_Auger,118,118.783333,,,,,,,,,59.314361,58.933243,2.907909,0.175102,0.014573,3,10,8,5,3,10,8,5,3,11,7,4,4,10,7,4,0.08509,0.17265,0.32946,0.34131,1,1,19:06:2024,12:51:54,590,-35.495807,-69.449759,1385.0,lev20,Almucantar,Los_Leones_Auger,118,118.783333,,,,,59.314361,58.933243,2.907909,0.175102,0.014573,3,10,8,5,3,10,8,5,3,11,7,4,4,10,7,4,0.08509,0.17265,0.32946,0.34131,1,1,19:06:2024,12:51:54,590,-35.495807,-69.449759,1385.0,lev20,Almucantar,Los_Leones_Auger,118,118.783333,,,,,,59.314361,58.933243,2.907909,0.175102,0.014573,3,10,8,5,3,10,8,5,3,11,7,4,4,10,7,4,0.08509,0.17265,0.32946,0.34131,1,1,19:06:2024,12:51:54,590,-35.495807,-69.449759,1385.0,lev20,Almucantar,0.934267555446167,0.01073784998149514,0.8771410913965417,Unclassified,Maritime,,Unknown
28:04:2017,19:47:57,Los_Leones_Auger,118,118.824965,0.0123,0.0092,0.0077,0.0068,0.0103,0.0071,0.0056,0.0046,0.002,0.0021,0.0021,0.0022,0.688209,68.021398,67.543031,4.572782,0.156937,0.014725,4,10,7,6,4,10,7,6,4,10,7,6,4,8,7,6,0.0902,0.18476,0.36115,0.37144,1,1,19:06:2024,12:34:32,590,-35.495807,-69.449759,1385.0,lev20,Almucantar,Los_Leones_Auger,118,118.824965,0.014725,0.008087,0.008476,0.00506,0.87421,68.021398,67.543031,4.572782,0.156937,0.014725,4,10,7,6,4,10,7,6,4,10,7,6,4,8,7,6,0.0902,0.18476,0.36115,0.37144,1,1,19:06:2024,12:34:32,590,-35.495807,-69.449759,1385.0,lev20,Almucantar,Los_Leones_Auger,118,118.824965,,,,,,,,,68.021398,67.543031,4.572782,0.156937,0.014725,4,10,7,6,4,10,7,6,4,10,7,6,4,8,7,6,0.0902,0.18476,0.36115,0.37144,1,1,19:06:2024,12:34:32,590,-35.495807,-69.449759,1385.0,lev20,Almucantar,Los_Leones_Auger,118,118.824965,,,,,68.021398,67.543031,4.572782,0.156937,0.014725,4,10,7,6,4,10,7,6,4,10,7,6,4,8,7,6,0.0902,0.18476,0.36115,0.37144,1,1,19:06:2024,12:34:32,590,-35.495807,-69.449759,1385.0,lev20,Almucantar,Los_Leones_Auger,118,118.824965,,,,,,68.021398,67.543031,4.572782,0.156937,0.014725,4,10,7,6,4,10,7,6,4,10,7,6,4,8,7,6,0.0902,0.18476,0.36115,0.37144,1,1,19:06:2024,12:34:32,590,-35.495807,-69.449759,1385.0,lev20,Almucantar,0.6870562321628919,0.011265788283787041,0.808906037312849,Unclassified,Maritime,,Unknown
29:04:2017,18:47:52,Los_Leones_Auger,119,119.783241,0.0153,0.0113,0.0091,0.0082,0.0134,0.0092,0.0071,0.0061,0.0019,0.002,0.0021,0.0021,0.75878,59.577412,59.197875,3.7576,0.248226,0.017064,3,10,8,5,3,10,8,5,3,10,8,4,3,11,7,4,0.08521,0.17294,0.33023,0.34206,1,1,19:06:2024,12:47:46,590,-35.495807,-69.449759,1385.0,lev20,Almucantar,Los_Leones_Auger,119,119.783241,0.017064,0.009215,0.009326,0.004653,0.946591,59.577412,59.197875,3.7576,0.248226,0.017064,3,10,8,5,3,10,8,5,3,10,8,4,3,11,7,4,0.08521,0.17294,0.33023,0.34206,1,1,19:06:2024,12:47:46,590,-35.495807,-69.449759,1385.0,lev20,Almucantar,Los_Leones_Auger,119,119.783241,,,,,,,,,59.577412,59.197875,3.7576,0.248226,0.017064,3,10,8,5,3,10,8,5,3,10,8,4,3,11,7,4,0.08521,0.17294,0.33023,0.34206,1,1,19:06:2024,12:47:46,590,-35.495807,-69.449759,1385.0,lev20,Almucantar,Los_Leones_Auger,119,119.783241,,,,,59.577412,59.197875,3.7576,0.248226,0.017064,3,10,8,5,3,10,8,5,3,10,8,4,3,11,7,4,0.08521,0.17294,0.33023,0.34206,1,1,19:06:2024,12:47:46,590,-35.495807,-69.449759,1385.0,lev20,Almucantar,Los_Leones_Auger,119,119.783241,,,,,,59.577412,59.197875,3.7576,0.248226,0.017064,3,10,8,5,3,10,8,5,3,10,8,4,3,11,7,4,0.08521,0.17294,0.33023,0.34206,1,1,19:06:2024,12:47:46,590,-35.495807,-69.449759,1385.0,lev20,Almucantar,0.7621597866405948,0.013879644928660935,0.8473320538013491,Unclassified,Maritime,,Unknown
29:04:2017,19:47:47,Los_Leones_Auger,119,119.82485,0.0168,0.0115,0.009,0.0075,0.0143,0.0089,0.0063,0.0048,0.0025,0.0026,0.0027,0.0027,0.915158,68.248155,67.771311,3.361942,0.160237,0.017921,4,10,7,6,4,10,7,6,4,10,7,6,4,10,7,6,0.09036,0.18515,0.36216,0.37243,1,1,19:06:2024,12:32:16,590,-35.495807,-69.449759,1385.0,lev20,Almucantar,Los_Leones_Auger,119,119.82485,0.017921,0.009778,0.009342,0.00562,1.006513,68.248155,67.771311,3.361942,0.160237,0.017921,4,10,7,6,4,10,7,6,4,10,7,6,4,10,7,6,0.09036,0.18515,0.36216,0.37243,1,1,19:06:2024,12:32:16,590,-35.495807,-69.449759,1385.0,lev20,Almucantar,Los_Leones_Auger,119,119.82485,,,,,,,,,68.248155,67.771311,3.361942,0.160237,0.017921,4,10,7,6,4,10,7,6,4,10,7,6,4,10,7,6,0.09036,0.18515,0.36216,0.37243,1,1,19:06:2024,12:32:16,590,-35.495807,-69.449759,1385.0,lev20,Almucantar,Los_Leones_Auger,119,119.82485,,,,,68.248155,67.771311,3.361942,0.160237,0.017921,4,10,7,6,4,10,7,6,4,10,7,6,4,10,7,6,0.09036,0.18515,0.36216,0.37243,1,1,19:06:2024,12:32:16,590,-35.495807,-69.449759,1385.0,lev20,Almucantar,Los_Leones_Auger,119,119.82485,,,,,,68.248155,67.771311,3.361942,0.160237,0.017921,4,10,7,6,4,10,7,6,4,10,7,6,4,10,7,6,0.09036,0.18515,0.36216,0.37243,1,1,19:06:2024,12:32:16,590,-35.495807,-69.449759,1385.0,lev20,Almucantar,0.9155601953706836,0.014944446209518764,0.8168605463876236,Unclassified,Maritime,,Unknown
29:04:2017,20:19:46,Los_Leones_Auger,119,119.84706,0.0182,0.0119,0.0093,0.0079,0.0152,0.0089,0.0061,0.0047,0.0029,0.0031,0.0032,0.0033,0.988628,73.552181,73.039,4.088107,0.123702,0.019344,4,10,7,5,4,10,7,5,4,10,7,5,4,10,7,5,0.09502,0.19609,0.39022,0.3991,1,1,19:06:2024,12:36:49,590,-35.495807,-69.449759,1385.0,lev20,Almucantar,Los_Leones_Auger,119,119.84706,0.019344,0.010621,0.009816,0.00678,1.040471,73.552181,73.039,4.088107,0.123702,0.019344,4,10,7,5,4,10,7,5,4,10,7,5,4,10,7,5,0.09502,0.19609,0.39022,0.3991,1,1,19:06:2024,12:36:49,590,-35.495807,-69.449759,1385.0,lev20,Almucantar,Los_Leones_Auger,119,119.84706,,,,,,,,,73.552181,73.039,4.088107,0.123702,0.019344,4,10,7,5,4,10,7,5,4,10,7,5,4,10,7,5,0.09502,0.19609,0.39022,0.3991,1,1,19:06:2024,12:36:49,590,-35.495807,-69.449759,1385.0,lev20,Almucantar,Los_Leones_Auger,119,119.84706,,,,,73.552181,73.039,4.088107,0.123702,0.019344,4,10,7,5,4,10,7,5,4,10,7,5,4,10,7,5,0.09502,0.19609,0.39022,0.3991,1,1,19:06:2024,12:36:49,590,-35.495807,-69.449759,1385.0,lev20,Almucantar,Los_Leones_Auger,119,119.84706,,,,,,73.552181,73.039,4.088107,0.123702,0.019344,4,10,7,5,4,10,7,5,4,10,7,5,4,10,7,5,0.09502,0.19609,0.39022,0.3991,1,1,19:06:2024,12:36:49,590,-35.495807,-69.449759,1385.0,lev20,Almucantar,0.9848745617969106,0.016046997466447003,0.7948320863663166,Unclassified,Maritime,,Unknown
29:04:2017,20:38:32,Los_Leones_Auger,119,119.860093,0.0199,0.0127,0.0099,0.0084,0.0167,0.0093,0.0064,0.0049,0.0032,0.0033,0.0035,0.0035,1.029837,76.825289,76.295229,4.836732,0.103423,0.020254,4,10,7,6,4,10,7,6,4,10,7,6,4,10,7,6,0.09872,0.20479,0.41241,0.42012,1,1,19:06:2024,12:39:01,590,-35.495807,-69.449759,1385.0,lev20,Almucantar,Los_Leones_Auger,119,119.860093,0.020254,0.011162,0.010161,0.007455,1.054548,76.825289,76.295229,4.836732,0.103423,0.020254,4,10,7,6,4,10,7,6,4,10,7,6,4,10,7,6,0.09872,0.20479,0.41241,0.42012,1,1,19:06:2024,12:39:01,590,-35.495807,-69.449759,1385.0,lev20,Almucantar,Los_Leones_Auger,119,119.860093,,,,,,,,,76.825289,76.295229,4.836732,0.103423,0.020254,4,10,7,6,4,10,7,6,4,10,7,6,4,10,7,6,0.09872,0.20479,0.41241,0.42012,1,1,19:06:2024,12:39:01,590,-35.495807,-69.449759,1385.0,lev20,Almucantar,Los_Leones_Auger,119,119.860093,,,,,76.825289,76.295229,4.836732,0.103423,0.020254,4,10,7,6,4,10,7,6,4,10,7,6,4,10,7,6,0.09872,0.20479,0.41241,0.42012,1,1,19:06:2024,12:39:01,590,-35.495807,-69.449759,1385.0,lev20,Almucantar,Los_Leones_Auger,119,119.860093,,,,,,76.825289,76.295229,4.836732,0.103423,0.020254,4,10,7,6,4,10,7,6,4,10,7,6,4,10,7,6,0.09872,0.20479,0.41241,0.42012,1,1,19:06:2024,12:39:01,590,-35.495807,-69.449759,1385.0,lev20,Almucantar,1.0241543836968845,0.01745801095669116,0.7887986618105932,Unclassified,Maritime,,Unknown
30:04:2017,16:47:45,Los_Leones_Auger,120,120.699826,0.018,0.0116,0.0088,0.0075,0.0153,0.0088,0.0059,0.0046,0.0027,0.0028,0.0029,0.0029,1.050437,50.594567,50.546437,1.653375,0.179713,0.019098,3,10,8,4,3,10,8,4,3,10,8,4,3,10,8,4,0.08183,0.1649,0.30861,0.32181,1,1,19:06:2024,12:43:32,590,-35.495807,-69.449759,1385.0,lev20,Almucantar,Los_Leones_Auger,120,120.699826,0.019098,0.010621,0.010986,0.005412,0.872065,50.594567,50.546437,1.653375,0.179713,0.019098,3,10,8,4,3,10,8,4,3,10,8,4,3,10,8,4,0.08183,0.1649,0.30861,0.32181,1,1,19:06:2024,12:43:32,590,-35.495807,-69.449759,1385.0,lev20,Almucantar,Los_Leones_Auger,120,120.699826,,,,,,,,,50.594567,50.546437,1.653375,0.179713,0.019098,3,10,8,4,3,10,8,4,3,10,8,4,3,10,8,4,0.08183,0.1649,0.30861,0.32181,1,1,19:06:2024,12:43:32,590,-35.495807,-69.449759,1385.0,lev20,Almucantar,Los_Leones_Auger,120,120.699826,,,,,50.594567,50.546437,1.653375,0.179713,0.019098,3,10,8,4,3,10,8,4,3,10,8,4,3,10,8,4,0.08183,0.1649,0.30861,0.32181,1,1,19:06:2024,12:43:32,590,-35.495807,-69.449759,1385.0,lev20,Almucantar,Los_Leones_Auger,120,120.699826,,,,,,50.594567,50.546437,1.653375,0.179713,0.019098,3,10,8,4,3,10,8,4,3,10,8,4,3,10,8,4,0.08183,0.1649,0.30861,0.32181,1,1,19:06:2024,12:43:32,590,-35.495807,-69.449759,1385.0,lev20,Almucantar,1.0497295473641055,0.015739622995215627,0.8067721618928564,Unclassified,Maritime,,Unknown
30:04:2017,17:47:44,Los_Leones_Auger,120,120.741481,0.0178,0.0117,0.0089,0.0074,0.0154,0.0092,0.0064,0.0048,0.0024,0.0025,0.0025,0.0026,1.015995,53.561964,53.327801,1.753282,0.175206,0.018951,4,10,8,4,4,10,8,4,4,10,8,4,4,10,8,4,0.08279,0.16718,0.31476,0.32746,1,1,19:06:2024,12:47:08,590,-35.495807,-69.449759,1385.0,lev20,Almucantar,Los_Leones_Auger,120,120.741481,0.018951,0.010462,0.010571,0.005237,0.914366,53.561964,53.327801,1.753282,0.175206,0.018951,4,10,8,4,4,10,8,4,4,10,8,4,4,10,8,4,0.08279,0.16718,0.31476,0.32746,1,1,19:06:2024,12:47:08,590,-35.495807,-69.449759,1385.0,lev20,Almucantar,Los_Leones_Auger,120,120.741481,,,,,,,,,53.561964,53.327801,1.753282,0.175206,0.018951,4,10,8,4,4,10,8,4,4,10,8,4,4,10,8,4,0.08279,0.16718,0.31476,0.32746,1,1,19:06:2024,12:47:08,590,-35.495807,-69.449759,1385.0,lev20,Almucantar,Los_Leones_Auger,120,120.741481,,,,,53.561964,53.327801,1.753282,0.175206,0.018951,4,10,8,4,4,10,8,4,4,10,8,4,4,10,8,4,0.08279,0.16718,0.31476,0.32746,1,1,19:06:2024,12:47:08,590,-35.495807,-69.449759,1385.0,lev20,Almucantar,Los_Leones_Auger,120,120.741481,,,,,,53.561964,53.327801,1.753282,0.175206,0.018951,4,10,8,4,4,10,8,4,4,10,8,4,4,10,8,4,0.08279,0.16718,0.31476,0.32746,1,1,19:06:2024,12:47:08,590,-35.495807,-69.449759,1385.0,lev20,Almucantar,1.0167645385588204,0.01563046693554683,0.8323378461683754,Unclassified,Maritime,,Unknown
30:04:2017,18:47:44,Los_Leones_Auger,120,120.783148,0.0186,0.0128,0.01,0.0084,0.0151,0.0092,0.0062,0.0045,0.0035,0.0037,0.0038,0.0039,0.909145,59.836179,59.458214,2.788278,0.173888,0.020056,3,10,8,5,3,10,8,5,3,10,8,4,3,10,8,4,0.08532,0.17322,0.331,0.3428,1,1,19:06:2024,12:51:55,590,-35.495807,-69.449759,1385.0,lev20,Almucantar,Los_Leones_Auger,120,120.783148,0.020056,0.011098,0.01076,0.006163,0.965152,59.836179,59.458214,2.788278,0.173888,0.020056,3,10,8,5,3,10,8,5,3,10,8,4,3,10,8,4,0.08532,0.17322,0.331,0.3428,1,1,19:06:2024,12:51:55,590,-35.495807,-69.449759,1385.0,lev20,Almucantar,Los_Leones_Auger,120,120.783148,,,,,,,,,59.836179,59.458214,2.788278,0.173888,0.020056,3,10,8,5,3,10,8,5,3,10,8,4,3,10,8,4,0.08532,0.17322,0.331,0.3428,1,1,19:06:2024,12:51:55,590,-35.495807,-69.449759,1385.0,lev20,Almucantar,Los_Leones_Auger,120,120.783148,,,,,59.836179,59.458214,2.788278,0.173888,0.020056,3,10,8,5,3,10,8,5,3,10,8,4,3,10,8,4,0.08532,0.17322,0.331,0.3428,1,1,19:06:2024,12:51:55,590,-35.495807,-69.449759,1385.0,lev20,Almucantar,Los_Leones_Auger,120,120.783148,,,,,,59.836179,59.458214,2.788278,0.173888,0.020056,3,10,8,5,3,10,8,5,3,10,8,4,3,10,8,4,0.08532,0.17322,0.331,0.3428,1,1,19:06:2024,12:51:55,590,-35.495807,-69.449759,1385.0,lev20,Almucantar,0.9103119566504618,0.01655674106791786,0.7731796124149996,Unclassified,Maritime,,Unknown
30:04:2017,19:47:39,Los_Leones_Auger,120,120.824757,0.0187,0.0129,0.0099,0.0085,0.0154,0.0095,0.0063,0.0048,0.0033,0.0034,0.0036,0.0036,0.928868,68.476094,68.000723,3.513537,0.149793,0.020055,4,10,7,6,4,10,7,6,3,10,7,6,4,10,7,6,0.09053,0.18556,0.36322,0.37344,1,1,19:06:2024,12:34:27,590,-35.495807,-69.449759,1385.0,lev20,Almucantar,Los_Leones_Auger,120,120.824757,0.020055,0.011055,0.010313,0.006719,1.021955,68.476094,68.000723,3.513537,0.149793,0.020055,4,10,7,6,4,10,7,6,3,10,7,6,4,10,7,6,0.09053,0.18556,0.36322,0.37344,1,1,19:06:2024,12:34:27,590,-35.495807,-69.449759,1385.0,lev20,Almucantar,Los_Leones_Auger,120,120.824757,,,,,,,,,68.476094,68.000723,3.513537,0.149793,0.020055,4,10,7,6,4,10,7,6,3,10,7,6,4,10,7,6,0.09053,0.18556,0.36322,0.37344,1,1,19:06:2024,12:34:27,590,-35.495807,-69.449759,1385.0,lev20,Almucantar,Los_Leones_Auger,120,120.824757,,,,,68.476094,68.000723,3.513537,0.149793,0.020055,4,10,7,6,4,10,7,6,3,10,7,6,4,10,7,6,0.09053,0.18556,0.36322,0.37344,1,1,19:06:2024,12:34:27,590,-35.495807,-69.449759,1385.0,lev20,Almucantar,Los_Leones_Auger,120,120.824757,,,,,,68.476094,68.000723,3.513537,0.149793,0.020055,4,10,7,6,4,10,7,6,3,10,7,6,4,10,7,6,0.09053,0.18556,0.36322,0.37344,1,1,19:06:2024,12:34:27,590,-35.495807,-69.449759,1385.0,lev20,Almucantar,0.9329199383026656,0.01659771811229,0.7852464120453847,Unclassified,Maritime,,Unknown
30:04:2017,20:36:45,Los_Leones_Auger,120,120.858854,0.0204,0.0133,0.0105,0.0092,0.0165,0.0091,0.0062,0.0047,0.004,0.0042,0.0044,0.0044,0.979781,76.738897,76.211486,4.565174,0.102421,0.02163,4,10,7,6,4,10,7,6,4,10,7,6,4,10,7,6,0.0986,0.20452,0.4117,0.41952,1,1,19:06:2024,12:38:06,590,-35.495807,-69.449759,1385.0,lev20,Almucantar,Los_Leones_Auger,120,120.858854,0.02163,0.012138,0.01078,0.008008,1.058865,76.738897,76.211486,4.565174,0.102421,0.02163,4,10,7,6,4,10,7,6,4,10,7,6,4,10,7,6,0.0986,0.20452,0.4117,0.41952,1,1,19:06:2024,12:38:06,590,-35.495807,-69.449759,1385.0,lev20,Almucantar,Los_Leones_Auger,120,120.858854,,,,,,,,,76.738897,76.211486,4.565174,0.102421,0.02163,4,10,7,6,4,10,7,6,4,10,7,6,4,10,7,6,0.0986,0.20452,0.4117,0.41952,1,1,19:06:2024,12:38:06,590,-35.495807,-69.449759,1385.0,lev20,Almucantar,Los_Leones_Auger,120,120.858854,,,,,76.738897,76.211486,4.565174,0.102421,0.02163,4,10,7,6,4,10,7,6,4,10,7,6,4,10,7,6,0.0986,0.20452,0.4117,0.41952,1,1,19:06:2024,12:38:06,590,-35.495807,-69.449759,1385.0,lev20,Almucantar,Los_Leones_Auger,120,120.858854,,,,,,76.738897,76.211486,4.565174,0.102421,0.02163,4,10,7,6,4,10,7,6,4,10,7,6,4,10,7,6,0.0986,0.20452,0.4117,0.41952,1,1,19:06:2024,12:38:06,590,-35.495807,-69.449759,1385.0,lev20,Almucantar,0.9742432669162243,0.018011205633022817,0.7520085493696007,Unclassified,Maritime,,Unknown
03:05:2017,16:47:25,Los_Leones_Auger,123,123.699595,0.03,0.0197,0.0152,0.0134,0.0215,0.0105,0.0056,0.0038,0.0085,0.0092,0.0095,0.0097,0.998774,51.484092,51.436792,0.810875,0.151388,0.030265,3,10,8,4,3,10,8,4,3,10,8,4,3,10,8,4,0.07879,0.15858,0.30063,0.31462,1,1,19:06:2024,12:43:02,590,-35.495807,-69.449759,1385.0,lev20,Almucantar,Los_Leones_Auger,123,123.699595,0.030265,0.019151,0.016782,0.010739,0.888859,51.484092,51.436792,0.810875,0.151388,0.030265,3,10,8,4,3,10,8,4,3,10,8,4,3,10,8,4,0.07879,0.15858,0.30063,0.31462,1,1,19:06:2024,12:43:02,590,-35.495807,-69.449759,1385.0,lev20,Almucantar,Los_Leones_Auger,123,123.699595,,,,,,,,,51.484092,51.436792,0.810875,0.151388,0.030265,3,10,8,4,3,10,8,4,3,10,8,4,3,10,8,4,0.07879,0.15858,0.30063,0.31462,1,1,19:06:2024,12:43:02,590,-35.495807,-69.449759,1385.0,lev20,Almucantar,Los_Leones_Auger,123,123.699595,,,,,51.484092,51.436792,0.810875,0.151388,0.030265,3,10,8,4,3,10,8,4,3,10,8,4,3,10,8,4,0.07879,0.15858,0.30063,0.31462,1,1,19:06:2024,12:43:02,590,-35.495807,-69.449759,1385.0,lev20,Almucantar,Los_Leones_Auger,123,123.699595,,,,,,51.484092,51.436792,0.810875,0.151388,0.030265,3,10,8,4,3,10,8,4,3,10,8,4,3,10,8,4,0.07879,0.15858,0.30063,0.31462,1,1,19:06:2024,12:43:02,590,-35.495807,-69.449759,1385.0,lev20,Almucantar,0.9973353650119953,0.026408994144590605,0.6269706209641543,Unclassified,Maritime,,Unknown
03:05:2017,17:47:22,Los_Leones_Auger,123,123.741227,0.0289,0.0191,0.0147,0.013,0.0222,0.0121,0.0074,0.0054,0.0067,0.007,0.0074,0.0076,0.992055,54.401467,54.170931,1.757365,0.138567,0.029513,4,10,8,4,4,10,8,4,4,10,8,4,4,10,8,4,0.07981,0.16101,0.30662,0.32014,1,1,19:06:2024,12:47:03,590,-35.495807,-69.449759,1385.0,lev20,Almucantar,Los_Leones_Auger,123,123.741227,0.029513,0.018652,0.016169,0.0105,0.905108,54.401467,54.170931,1.757365,0.138567,0.029513,4,10,8,4,4,10,8,4,4,10,8,4,4,10,8,4,0.07981,0.16101,0.30662,0.32014,1,1,19:06:2024,12:47:03,590,-35.495807,-69.449759,1385.0,lev20,Almucantar,Los_Leones_Auger,123,123.741227,,,,,,,,,54.401467,54.170931,1.757365,0.138567,0.029513,4,10,8,4,4,10,8,4,4,10,8,4,4,10,8,4,0.07981,0.16101,0.30662,0.32014,1,1,19:06:2024,12:47:03,590,-35.495807,-69.449759,1385.0,lev20,Almucantar,Los_Leones_Auger,123,123.741227,,,,,54.401467,54.170931,1.757365,0.138567,0.029513,4,10,8,4,4,10,8,4,4,10,8,4,4,10,8,4,0.07981,0.16101,0.30662,0.32014,1,1,19:06:2024,12:47:03,590,-35.495807,-69.449759,1385.0,lev20,Almucantar,Los_Leones_Auger,123,123.741227,,,,,,54.401467,54.170931,1.757365,0.138567,0.029513,4,10,8,4,4,10,8,4,4,10,8,4,4,10,8,4,0.07981,0.16101,0.30662,0.32014,1,1,19:06:2024,12:47:03,590,-35.495807,-69.449759,1385.0,lev20,Almucantar,0.9916030098482062,0.025459313761449272,0.706923714131262,Unclassified,Maritime,,Unknown
03:05:2017,18:47:21,Los_Leones_Auger,123,123.782882,0.0307,0.019,0.0143,0.0124,0.0231,0.0109,0.0058,0.0039,0.0075,0.0081,0.0084,0.0085,1.124081,60.587946,60.214624,1.378271,0.120979,0.031549,3,10,8,4,3,10,8,4,3,10,8,4,3,10,8,4,0.08249,0.16746,0.32243,0.33513,1,1,19:06:2024,12:51:28,590,-35.495807,-69.449759,1385.0,lev20,Almucantar,Los_Leones_Auger,123,123.782882,0.031549,0.019025,0.015888,0.010612,1.027621,60.587946,60.214624,1.378271,0.120979,0.031549,3,10,8,4,3,10,8,4,3,10,8,4,3,10,8,4,0.08249,0.16746,0.32243,0.33513,1,1,19:06:2024,12:51:28,590,-35.495807,-69.449759,1385.0,lev20,Almucantar,Los_Leones_Auger,123,123.782882,,,,,,,,,60.587946,60.214624,1.378271,0.120979,0.031549,3,10,8,4,3,10,8,4,3,10,8,4,3,10,8,4,0.08249,0.16746,0.32243,0.33513,1,1,19:06:2024,12:51:28,590,-35.495807,-69.449759,1385.0,lev20,Almucantar,Los_Leones_Auger,123,123.782882,,,,,60.587946,60.214624,1.378271,0.120979,0.031549,3,10,8,4,3,10,8,4,3,10,8,4,3,10,8,4,0.08249,0.16746,0.32243,0.33513,1,1,19:06:2024,12:51:28,590,-35.495807,-69.449759,1385.0,lev20,Almucantar,Los_Leones_Auger,123,123.782882,,,,,,60.587946,60.214624,1.378271,0.120979,0.031549,3,10,8,4,3,10,8,4,3,10,8,4,3,10,8,4,0.08249,0.16746,0.32243,0.33513,1,1,19:06:2024,12:51:28,590,-35.495807,-69.449759,1385.0,lev20,Almucantar,1.1207017771020154,0.026602350271850275,0.6669180776773938,Unclassified,Maritime,,Unknown
03:05:2017,19:47:18,Los_Leones_Auger,123,123.824514,0.034,0.0211,0.0159,0.0137,0.0269,0.0135,0.0079,0.0057,0.0072,0.0075,0.0079,0.0081,1.118191,69.141986,68.670939,2.383417,0.074906,0.033905,4,10,7,6,4,10,7,6,4,10,6,6,4,10,7,5,0.08798,0.18054,0.35388,0.36512,1,1,19:06:2024,12:33:51,590,-35.495807,-69.449759,1385.0,lev20,Almucantar,Los_Leones_Auger,123,123.824514,0.033905,0.020393,0.01684,0.012538,1.046415,69.141986,68.670939,2.383417,0.074906,0.033905,4,10,7,6,4,10,7,6,4,10,6,6,4,10,7,5,0.08798,0.18054,0.35388,0.36512,1,1,19:06:2024,12:33:51,590,-35.495807,-69.449759,1385.0,lev20,Almucantar,Los_Leones_Auger,123,123.824514,,,,,,,,,69.141986,68.670939,2.383417,0.074906,0.033905,4,10,7,6,4,10,7,6,4,10,6,6,4,10,7,5,0.08798,0.18054,0.35388,0.36512,1,1,19:06:2024,12:33:51,590,-35.495807,-69.449759,1385.0,lev20,Almucantar,Los_Leones_Auger,123,123.824514,,,,,69.141986,68.670939,2.383417,0.074906,0.033905,4,10,7,6,4,10,7,6,4,10,6,6,4,10,7,5,0.08798,0.18054,0.35388,0.36512,1,1,19:06:2024,12:33:51,590,-35.495807,-69.449759,1385.0,lev20,Almucantar,Los_Leones_Auger,123,123.824514,,,,,,69.141986,68.670939,2.383417,0.074906,0.033905,4,10,7,6,4,10,7,6,4,10,6,6,4,10,7,5,0.08798,0.18054,0.35388,0.36512,1,1,19:06:2024,12:33:51,590,-35.495807,-69.449759,1385.0,lev20,Almucantar,1.1148904311784167,0.029483781188474667,0.7181363773836076,Unclassified,Maritime,,Unknown
03:05:2017,20:13:38,Los_Leones_Auger,123,123.842801,0.0321,0.0201,0.0158,0.0139,0.0237,0.0109,0.0062,0.0042,0.0084,0.0092,0.0095,0.0097,1.04853,73.43308,72.931032,2.730596,0.063076,0.031926,4,10,7,5,4,10,6,4,4,10,5,3,4,10,6,3,0.0919,0.18982,0.3759,0.38611,1,1,19:06:2024,12:35:43,590,-35.495807,-69.449759,1385.0,lev20,Almucantar,Los_Leones_Auger,123,123.842801,0.031926,0.019623,0.016187,0.012611,1.013995,73.43308,72.931032,2.730596,0.063076,0.031926,4,10,7,5,4,10,6,4,4,10,5,3,4,10,6,3,0.0919,0.18982,0.3759,0.38611,1,1,19:06:2024,12:35:43,590,-35.495807,-69.449759,1385.0,lev20,Almucantar,Los_Leones_Auger,123,123.842801,,,,,,,,,73.43308,72.931032,2.730596,0.063076,0.031926,4,10,7,5,4,10,6,4,4,10,5,3,4,10,6,3,0.0919,0.18982,0.3759,0.38611,1,1,19:06:2024,12:35:43,590,-35.495807,-69.449759,1385.0,lev20,Almucantar,Los_Leones_Auger,123,123.842801,,,,,73.43308,72.931032,2.730596,0.063076,0.031926,4,10,7,5,4,10,6,4,4,10,5,3,4,10,6,3,0.0919,0.18982,0.3759,0.38611,1,1,19:06:2024,12:35:43,590,-35.495807,-69.449759,1385.0,lev20,Almucantar,Los_Leones_Auger,123,123.842801,,,,,,73.43308,72.931032,2.730596,0.063076,0.031926,4,10,7,5,4,10,6,4,4,10,5,3,4,10,6,3,0.0919,0.18982,0.3759,0.38611,1,1,19:06:2024,12:35:43,590,-35.495807,-69.449759,1385.0,lev20,Almucantar,1.039792973161376,0.028104670955624404,0.6431977305290798,Unclassified,Maritime,,Unknown
07:05:2017,16:47:18,Los_Leones_Auger,127,127.699514,0.0314,0.0213,0.0178,0.0164,0.0201,0.0094,0.0054,0.0037,0.0113,0.0119,0.0124,0.0126,0.842843,52.611986,52.565079,3.410919,0.22128,0.0322,2,10,8,4,3,10,8,4,3,10,8,4,3,10,8,4,0.07916,0.15947,0.30288,0.31681,1,1,19:06:2024,12:42:21,590,-35.495807,-69.449759,1385.0,lev20,Almucantar,Los_Leones_Auger,127,127.699514,0.0322,0.022416,0.02188,0.016378,0.597668,52.611986,52.565079,3.410919,0.22128,0.0322,2,10,8,4,3,10,8,4,3,10,8,4,3,10,8,4,0.07916,0.15947,0.30288,0.31681,1,1,19:06:2024,12:42:21,590,-35.495807,-69.449759,1385.0,lev20,Almucantar,Los_Leones_Auger,127,127.699514,,,,,,,,,52.611986,52.565079,3.410919,0.22128,0.0322,2,10,8,4,3,10,8,4,3,10,8,4,3,10,8,4,0.07916,0.15947,0.30288,0.31681,1,1,19:06:2024,12:42:21,590,-35.495807,-69.449759,1385.0,lev20,Almucantar,Los_Leones_Auger,127,127.699514,,,,,52.611986,52.565079,3.410919,0.22128,0.0322,2,10,8,4,3,10,8,4,3,10,8,4,3,10,8,4,0.07916,0.15947,0.30288,0.31681,1,1,19:06:2024,12:42:21,590,-35.495807,-69.449759,1385.0,lev20,Almucantar,Los_Leones_Auger,127,127.699514,,,,,,52.611986,52.565079,3.410919,0.22128,0.0322,2,10,8,4,3,10,8,4,3,10,8,4,3,10,8,4,0.07916,0.15947,0.30288,0.31681,1,1,19:06:2024,12:42:21,590,-35.495807,-69.449759,1385.0,lev20,Almucantar,0.8326155859419155,0.028229621526489033,0.5409294434564121,MA,Maritime,,Unknown
07:05:2017,17:47:16,Los_Leones_Auger,127,127.741157,0.0377,0.0235,0.0186,0.0166,0.0269,0.0121,0.0068,0.0046,0.0108,0.0114,0.0118,0.012,1.04654,55.483927,55.257186,2.814977,0.174152,0.036963,4,10,8,4,4,10,8,4,4,10,8,4,4,10,8,4,0.08021,0.162,0.30908,0.32253,1,1,19:06:2024,12:45:43,590,-35.495807,-69.449759,1385.0,lev20,Almucantar,Los_Leones_Auger,127,127.741157,0.036963,0.023557,0.021915,0.016235,0.798938,55.483927,55.257186,2.814977,0.174152,0.036963,4,10,8,4,4,10,8,4,4,10,8,4,4,10,8,4,0.08021,0.162,0.30908,0.32253,1,1,19:06:2024,12:45:43,590,-35.495807,-69.449759,1385.0,lev20,Almucantar,Los_Leones_Auger,127,127.741157,,,,,,,,,55.483927,55.257186,2.814977,0.174152,0.036963,4,10,8,4,4,10,8,4,4,10,8,4,4,10,8,4,0.08021,0.162,0.30908,0.32253,1,1,19:06:2024,12:45:43,590,-35.495807,-69.449759,1385.0,lev20,Almucantar,Los_Leones_Auger,127,127.741157,,,,,55.483927,55.257186,2.814977,0.174152,0.036963,4,10,8,4,4,10,8,4,4,10,8,4,4,10,8,4,0.08021,0.162,0.30908,0.32253,1,1,19:06:2024,12:45:43,590,-35.495807,-69.449759,1385.0,lev20,Almucantar,Los_Leones_Auger,127,127.741157,,,,,,55.483927,55.257186,2.814977,0.174152,0.036963,4,10,8,4,4,10,8,4,4,10,8,4,4,10,8,4,0.08021,0.162,0.30908,0.32253,1,1,19:06:2024,12:45:43,590,-35.495807,-69.449759,1385.0,lev20,Almucantar,1.0363493576209415,0.03302219998175617,0.616770138356842,Unclassified,Maritime,,Unknown
07:05:2017,18:47:06,Los_Leones_Auger,127,127.782708,0.0507,0.0301,0.0228,0.0195,0.0397,0.0184,0.0106,0.0071,0.011,0.0117,0.0121,0.0123,1.180573,61.557124,61.189371,1.679715,0.124209,0.05017,3,8,8,4,3,10,8,4,3,10,8,4,3,10,8,4,0.08299,0.16866,0.32539,0.33798,1,1,19:06:2024,12:47:28,590,-35.495807,-69.449759,1385.0,lev20,Almucantar,Los_Leones_Auger,127,127.782708,0.05017,0.029322,0.02502,0.019193,1.048067,61.557124,61.189371,1.679715,0.124209,0.05017,3,8,8,4,3,10,8,4,3,10,8,4,3,10,8,4,0.08299,0.16866,0.32539,0.33798,1,1,19:06:2024,12:47:28,590,-35.495807,-69.449759,1385.0,lev20,Almucantar,Los_Leones_Auger,127,127.782708,,,,,,,,,61.557124,61.189371,1.679715,0.124209,0.05017,3,8,8,4,3,10,8,4,3,10,8,4,3,10,8,4,0.08299,0.16866,0.32539,0.33798,1,1,19:06:2024,12:47:28,590,-35.495807,-69.449759,1385.0,lev20,Almucantar,Los_Leones_Auger,127,127.782708,,,,,61.557124,61.189371,1.679715,0.124209,0.05017,3,8,8,4,3,10,8,4,3,10,8,4,3,10,8,4,0.08299,0.16866,0.32539,0.33798,1,1,19:06:2024,12:47:28,590,-35.495807,-69.449759,1385.0,lev20,Almucantar,Los_Leones_Auger,127,127.782708,,,,,,61.557124,61.189371,1.679715,0.124209,0.05017,3,8,8,4,3,10,8,4,3,10,8,4,3,10,8,4,0.08299,0.16866,0.32539,0.33798,1,1,19:06:2024,12:47:28,590,-35.495807,-69.449759,1385.0,lev20,Almucantar,1.1722806298054926,0.043644153170655134,0.7042874264379234,Unclassified,Maritime,,Unknown
08:05:2017,16:47:02,Los_Leones_Auger,128,128.699329,0.0194,0.013,0.0105,0.0096,0.0134,0.0066,0.0038,0.0028,0.0059,0.0064,0.0067,0.0068,0.906835,52.877933,52.831943,1.183458,0.160441,0.019958,3,10,8,4,3,10,8,4,3,10,8,4,3,10,8,4,0.07924,0.15969,0.30343,0.31735,1,1,19:06:2024,12:34:45,590,-35.495807,-69.449759,1385.0,lev20,Almucantar,Los_Leones_Auger,128,128.699329,0.019958,0.012307,0.012442,0.007052,0.740803,52.877933,52.831943,1.183458,0.160441,0.019958,3,10,8,4,3,10,8,4,3,10,8,4,3,10,8,4,0.07924,0.15969,0.30343,0.31735,1,1,19:06:2024,12:34:45,590,-35.495807,-69.449759,1385.0,lev20,Almucantar,Los_Leones_Auger,128,128.699329,,,,,,,,,52.877933,52.831943,1.183458,0.160441,0.019958,3,10,8,4,3,10,8,4,3,10,8,4,3,10,8,4,0.07924,0.15969,0.30343,0.31735,1,1,19:06:2024,12:34:45,590,-35.495807,-69.449759,1385.0,lev20,Almucantar,Los_Leones_Auger,128,128.699329,,,,,52.877933,52.831943,1.183458,0.160441,0.019958,3,10,8,4,3,10,8,4,3,10,8,4,3,10,8,4,0.07924,0.15969,0.30343,0.31735,1,1,19:06:2024,12:34:45,590,-35.495807,-69.449759,1385.0,lev20,Almucantar,Los_Leones_Auger,128,128.699329,,,,,,52.877933,52.831943,1.183458,0.160441,0.019958,3,10,8,4,3,10,8,4,3,10,8,4,3,10,8,4,0.07924,0.15969,0.30343,0.31735,1,1,19:06:2024,12:34:45,590,-35.495807,-69.449759,1385.0,lev20,Almucantar,0.9005151285332249,0.017290499366582997,0.5972287335032606,MA,Maritime,,Unknown
08:05:2017,17:47:07,Los_Leones_Auger,128,128.741053,0.0215,0.0146,0.0121,0.0109,0.0143,0.0067,0.0039,0.0026,0.0072,0.0079,0.0082,0.0083,0.852122,55.732329,55.506883,2.344288,0.146708,0.021122,4,10,8,4,4,10,8,4,4,8,8,4,4,10,8,4,0.08031,0.16223,0.30966,0.3231,1,1,19:06:2024,12:39:52,590,-35.495807,-69.449759,1385.0,lev20,Almucantar,Los_Leones_Auger,128,128.741053,0.021122,0.013363,0.013302,0.00831,0.721172,55.732329,55.506883,2.344288,0.146708,0.021122,4,10,8,4,4,10,8,4,4,8,8,4,4,10,8,4,0.08031,0.16223,0.30966,0.3231,1,1,19:06:2024,12:39:52,590,-35.495807,-69.449759,1385.0,lev20,Almucantar,Los_Leones_Auger,128,128.741053,,,,,,,,,55.732329,55.506883,2.344288,0.146708,0.021122,4,10,8,4,4,10,8,4,4,8,8,4,4,10,8,4,0.08031,0.16223,0.30966,0.3231,1,1,19:06:2024,12:39:52,590,-35.495807,-69.449759,1385.0,lev20,Almucantar,Los_Leones_Auger,128,128.741053,,,,,55.732329,55.506883,2.344288,0.146708,0.021122,4,10,8,4,4,10,8,4,4,8,8,4,4,10,8,4,0.08031,0.16223,0.30966,0.3231,1,1,19:06:2024,12:39:52,590,-35.495807,-69.449759,1385.0,lev20,Almucantar,Los_Leones_Auger,128,128.741053,,,,,,55.732329,55.506883,2.344288,0.146708,0.021122,4,10,8,4,4,10,8,4,4,8,8,4,4,10,8,4,0.08031,0.16223,0.30966,0.3231,1,1,19:06:2024,12:39:52,590,-35.495807,-69.449759,1385.0,lev20,Almucantar,0.8432329405784901,0.019302982649034017,0.5633374388246738,MA,Maritime,,Unknown
14:05:2017,19:47:00,Los_Leones_Auger,134,134.824306,0.0161,0.0118,0.0093,0.0079,0.013,0.0087,0.0061,0.0046,0.003,0.0031,0.0032,0.0032,0.799173,71.371602,70.914444,3.206757,0.112447,0.017077,4,10,7,6,4,10,7,6,4,10,7,6,4,8,7,6,0.09011,0.1848,0.35406,0.36658,1,1,19:06:2024,12:45:58,590,-35.495807,-69.449759,1385.0,lev20,Almucantar,Los_Leones_Auger,134,134.824306,0.017077,0.010951,0.009646,0.006236,0.861248,71.371602,70.914444,3.206757,0.112447,0.017077,4,10,7,6,4,10,7,6,4,10,7,6,4,8,7,6,0.09011,0.1848,0.35406,0.36658,1,1,19:06:2024,12:45:58,590,-35.495807,-69.449759,1385.0,lev20,Almucantar,Los_Leones_Auger,134,134.824306,,,,,,,,,71.371602,70.914444,3.206757,0.112447,0.017077,4,10,7,6,4,10,7,6,4,10,7,6,4,8,7,6,0.09011,0.1848,0.35406,0.36658,1,1,19:06:2024,12:45:58,590,-35.495807,-69.449759,1385.0,lev20,Almucantar,Los_Leones_Auger,134,134.824306,,,,,71.371602,70.914444,3.206757,0.112447,0.017077,4,10,7,6,4,10,7,6,4,10,7,6,4,8,7,6,0.09011,0.1848,0.35406,0.36658,1,1,19:06:2024,12:45:58,590,-35.495807,-69.449759,1385.0,lev20,Almucantar,Los_Leones_Auger,134,134.824306,,,,,,71.371602,70.914444,3.206757,0.112447,0.017077,4,10,7,6,4,10,7,6,4,10,7,6,4,8,7,6,0.09011,0.1848,0.35406,0.36658,1,1,19:06:2024,12:45:58,590,-35.495807,-69.449759,1385.0,lev20,Almucantar,0.8050315256501747,0.014525553052181723,0.7795264698463316,Unclassified,Maritime,,Unknown
16:05:2017,16:47:00,Los_Leones_Auger,136,136.699306,0.0225,0.0118,0.0077,0.0062,0.0203,0.0096,0.0053,0.0038,0.0021,0.0022,0.0024,0.0024,1.570832,54.85623,54.811781,1.6849,0.15485,0.023325,4,10,8,4,4,10,8,4,4,10,8,4,4,10,8,4,0.07964,0.16021,0.2995,0.3146,1,1,19:06:2024,21:21:17,590,-35.495807,-69.449759,1385.0,lev20,Almucantar,Los_Leones_Auger,136,136.699306,0.023325,0.0117,0.009771,0.004458,1.315218,54.85623,54.811781,1.6849,0.15485,0.023325,4,10,8,4,4,10,8,4,4,10,8,4,4,10,8,4,0.07964,0.16021,0.2995,0.3146,1,1,19:06:2024,21:21:17,590,-35.495807,-69.449759,1385.0,lev20,Almucantar,Los_Leones_Auger,136,136.699306,,,,,,,,,54.85623,54.811781,1.6849,0.15485,0.023325,4,10,8,4,4,10,8,4,4,10,8,4,4,10,8,4,0.07964,0.16021,0.2995,0.3146,1,1,19:06:2024,21:21:17,590,-35.495807,-69.449759,1385.0,lev20,Almucantar,Los_Leones_Auger,136,136.699306,,,,,54.85623,54.811781,1.6849,0.15485,0.023325,4,10,8,4,4,10,8,4,4,10,8,4,4,10,8,4,0.07964,0.16021,0.2995,0.3146,1,1,19:06:2024,21:21:17,590,-35.495807,-69.449759,1385.0,lev20,Almucantar,Los_Leones_Auger,136,136.699306,,,,,,54.85623,54.811781,1.6849,0.15485,0.023325,4,10,8,4,4,10,8,4,4,10,8,4,4,10,8,4,0.07964,0.16021,0.2995,0.3146,1,1,19:06:2024,21:21:17,590,-35.495807,-69.449759,1385.0,lev20,Almucantar,1.572929301991103,0.0184016889909781,0.8626357496924513,BCH,Maritime,,Unknown
16:05:2017,18:46:51,Los_Leones_Auger,136,136.782535,0.0197,0.0117,0.0082,0.0067,0.0176,0.0095,0.006,0.0044,0.0021,0.0022,0.0023,0.0023,1.282391,63.474089,63.117771,2.61515,0.148595,0.020206,3,10,8,4,3,10,8,3,3,7,8,3,3,9,7,4,0.08397,0.1704,0.32232,0.33623,1,1,19:06:2024,19:24:49,590,-35.495807,-69.449759,1385.0,lev20,Almucantar,Los_Leones_Auger,136,136.782535,0.020206,0.010845,0.009262,0.004543,1.179932,63.474089,63.117771,2.61515,0.148595,0.020206,3,10,8,4,3,10,8,3,3,7,8,3,3,9,7,4,0.08397,0.1704,0.32232,0.33623,1,1,19:06:2024,19:24:49,590,-35.495807,-69.449759,1385.0,lev20,Almucantar,Los_Leones_Auger,136,136.782535,,,,,,,,,63.474089,63.117771,2.61515,0.148595,0.020206,3,10,8,4,3,10,8,3,3,7,8,3,3,9,7,4,0.08397,0.1704,0.32232,0.33623,1,1,19:06:2024,19:24:49,590,-35.495807,-69.449759,1385.0,lev20,Almucantar,Los_Leones_Auger,136,136.782535,,,,,63.474089,63.117771,2.61515,0.148595,0.020206,3,10,8,4,3,10,8,3,3,7,8,3,3,9,7,4,0.08397,0.1704,0.32232,0.33623,1,1,19:06:2024,19:24:49,590,-35.495807,-69.449759,1385.0,lev20,Almucantar,Los_Leones_Auger,136,136.782535,,,,,,63.474089,63.117771,2.61515,0.148595,0.020206,3,10,8,4,3,10,8,3,3,7,8,3,3,9,7,4,0.08397,0.1704,0.32232,0.33623,1,1,19:06:2024,19:24:49,590,-35.495807,-69.449759,1385.0,lev20,Almucantar,1.28569857074177,0.016714280147729823,0.859501075754134,BCH,Maritime,,Unknown
17:05:2017,17:46:58,Los_Leones_Auger,137,137.740949,0.0603,0.0331,0.0231,0.0189,0.052,0.0245,0.0142,0.0098,0.0083,0.0086,0.0089,0.0091,1.411031,57.816537,57.599594,1.35362,0.098904,0.060577,4,10,7,5,4,10,7,5,4,10,7,5,4,9,7,5,0.08027,0.16197,0.29465,0.31114,1,1,19:06:2024,21:26:41,590,-35.495807,-69.449759,1385.0,lev20,Almucantar,Los_Leones_Auger,137,137.740949,0.060577,0.032498,0.024567,0.017299,1.34155,57.816537,57.599594,1.35362,0.098904,0.060577,4,10,7,5,4,10,7,5,4,10,7,5,4,9,7,5,0.08027,0.16197,0.29465,0.31114,1,1,19:06:2024,21:26:41,590,-35.495807,-69.449759,1385.0,lev20,Almucantar,Los_Leones_Auger,137,137.740949,,,,,,,,,57.816537,57.599594,1.35362,0.098904,0.060577,4,10,7,5,4,10,7,5,4,10,7,5,4,9,7,5,0.08027,0.16197,0.29465,0.31114,1,1,19:06:2024,21:26:41,590,-35.495807,-69.449759,1385.0,lev20,Almucantar,Los_Leones_Auger,137,137.740949,,,,,57.816537,57.599594,1.35362,0.098904,0.060577,4,10,7,5,4,10,7,5,4,10,7,5,4,9,7,5,0.08027,0.16197,0.29465,0.31114,1,1,19:06:2024,21:26:41,590,-35.495807,-69.449759,1385.0,lev20,Almucantar,Los_Leones_Auger,137,137.740949,,,,,,57.816537,57.599594,1.35362,0.098904,0.060577,4,10,7,5,4,10,7,5,4,10,7,5,4,9,7,5,0.08027,0.16197,0.29465,0.31114,1,1,19:06:2024,21:26:41,590,-35.495807,-69.449759,1385.0,lev20,Almucantar,1.4074717169749482,0.050370729820743775,0.8094953939083672,BCH,Maritime,,Unknown
17:05:2017,18:46:57,Los_Leones_Auger,137,137.782604,0.0492,0.0278,0.0199,0.0165,0.0411,0.0193,0.011,0.0075,0.0081,0.0086,0.0089,0.009,1.332365,63.674889,63.319545,1.187678,0.111559,0.04957,3,10,8,4,3,10,8,4,3,10,8,4,3,10,8,3,0.08353,0.16951,0.31043,0.32639,1,1,19:06:2024,21:28:37,590,-35.495807,-69.449759,1385.0,lev20,Almucantar,Los_Leones_Auger,137,137.782604,0.04957,0.02717,0.021066,0.015356,1.274591,63.674889,63.319545,1.187678,0.111559,0.04957,3,10,8,4,3,10,8,4,3,10,8,4,3,10,8,3,0.08353,0.16951,0.31043,0.32639,1,1,19:06:2024,21:28:37,590,-35.495807,-69.449759,1385.0,lev20,Almucantar,Los_Leones_Auger,137,137.782604,,,,,,,,,63.674889,63.319545,1.187678,0.111559,0.04957,3,10,8,4,3,10,8,4,3,10,8,4,3,10,8,3,0.08353,0.16951,0.31043,0.32639,1,1,19:06:2024,21:28:37,590,-35.495807,-69.449759,1385.0,lev20,Almucantar,Los_Leones_Auger,137,137.782604,,,,,63.674889,63.319545,1.187678,0.111559,0.04957,3,10,8,4,3,10,8,4,3,10,8,4,3,10,8,3,0.08353,0.16951,0.31043,0.32639,1,1,19:06:2024,21:28:37,590,-35.495807,-69.449759,1385.0,lev20,Almucantar,Los_Leones_Auger,137,137.782604,,,,,,63.674889,63.319545,1.187678,0.111559,0.04957,3,10,8,4,3,10,8,4,3,10,8,4,3,10,8,3,0.08353,0.16951,0.31043,0.32639,1,1,19:06:2024,21:28:37,590,-35.495807,-69.449759,1385.0,lev20,Almucantar,1.3277825261228202,0.041519313584347066,0.7723666520588299,BCH,Maritime,,Unknown
19:05:2017,18:47:05,Los_Leones_Auger,139,139.782697,0.0178,0.0105,0.0071,0.0056,0.017,0.0095,0.0061,0.0046,0.0009,0.0009,0.001,0.001,1.340223,64.051133,63.697834,2.978331,0.134566,0.018976,3,10,8,4,3,10,8,4,3,10,8,4,3,10,8,4,0.08377,0.17008,0.31163,0.32755,1,1,19:06:2024,19:21:21,590,-35.495807,-69.449759,1385.0,lev20,Almucantar,Los_Leones_Auger,139,139.782697,0.018976,0.010615,0.008139,0.003727,1.25739,64.051133,63.697834,2.978331,0.134566,0.018976,3,10,8,4,3,10,8,4,3,10,8,4,3,10,8,4,0.08377,0.17008,0.31163,0.32755,1,1,19:06:2024,19:21:21,590,-35.495807,-69.449759,1385.0,lev20,Almucantar,Los_Leones_Auger,139,139.782697,,,,,,,,,64.051133,63.697834,2.978331,0.134566,0.018976,3,10,8,4,3,10,8,4,3,10,8,4,3,10,8,4,0.08377,0.17008,0.31163,0.32755,1,1,19:06:2024,19:21:21,590,-35.495807,-69.449759,1385.0,lev20,Almucantar,Los_Leones_Auger,139,139.782697,,,,,64.051133,63.697834,2.978331,0.134566,0.018976,3,10,8,4,3,10,8,4,3,10,8,4,3,10,8,4,0.08377,0.17008,0.31163,0.32755,1,1,19:06:2024,19:21:21,590,-35.495807,-69.449759,1385.0,lev20,Almucantar,Los_Leones_Auger,139,139.782697,,,,,,64.051133,63.697834,2.978331,0.134566,0.018976,3,10,8,4,3,10,8,4,3,10,8,4,3,10,8,4,0.08377,0.17008,0.31163,0.32755,1,1,19:06:2024,19:21:21,590,-35.495807,-69.449759,1385.0,lev20,Almucantar,1.3482158601086838,0.014982029931841908,0.9323501352695113,BCH,Maritime,,Unknown
19:05:2017,19:46:59,Los_Leones_Auger,139,139.824294,0.0166,0.0102,0.0073,0.006,0.0156,0.0092,0.0062,0.0049,0.001,0.001,0.0011,0.0011,1.201656,72.19556,71.74417,3.476985,0.122599,0.01752,4,10,7,5,4,10,7,4,4,10,7,4,4,10,7,3,0.09053,0.18564,0.34372,0.35869,1,1,19:06:2024,19:24:42,590,-35.495807,-69.449759,1385.0,lev20,Almucantar,Los_Leones_Auger,139,139.824294,0.01752,0.009948,0.007561,0.004155,1.245799,72.19556,71.74417,3.476985,0.122599,0.01752,4,10,7,5,4,10,7,4,4,10,7,4,4,10,7,3,0.09053,0.18564,0.34372,0.35869,1,1,19:06:2024,19:24:42,590,-35.495807,-69.449759,1385.0,lev20,Almucantar,Los_Leones_Auger,139,139.824294,,,,,,,,,72.19556,71.74417,3.476985,0.122599,0.01752,4,10,7,5,4,10,7,4,4,10,7,4,4,10,7,3,0.09053,0.18564,0.34372,0.35869,1,1,19:06:2024,19:24:42,590,-35.495807,-69.449759,1385.0,lev20,Almucantar,Los_Leones_Auger,139,139.824294,,,,,72.19556,71.74417,3.476985,0.122599,0.01752,4,10,7,5,4,10,7,4,4,10,7,4,4,10,7,3,0.09053,0.18564,0.34372,0.35869,1,1,19:06:2024,19:24:42,590,-35.495807,-69.449759,1385.0,lev20,Almucantar,Los_Leones_Auger,139,139.824294,,,,,,72.19556,71.74417,3.476985,0.122599,0.01752,4,10,7,5,4,10,7,4,4,10,7,4,4,10,7,3,0.09053,0.18564,0.34372,0.35869,1,1,19:06:2024,19:24:42,590,-35.495807,-69.449759,1385.0,lev20,Almucantar,1.2050844528968665,0.014230003908878868,0.9224863228234691,BCH,Maritime,,Unknown
19:05:2017,19:59:25,Los_Leones_Auger,139,139.832928,0.0169,0.0106,0.0076,0.0062,0.0159,0.0096,0.0066,0.0052,0.0009,0.001,0.001,0.001,1.167164,74.107492,73.640281,3.893455,0.109829,0.017723,4,10,6,6,4,10,5,6,4,10,5,6,4,10,6,4,0.09263,0.19045,0.35357,0.36825,1,1,19:06:2024,19:26:19,590,-35.495807,-69.449759,1385.0,lev20,Almucantar,Los_Leones_Auger,139,139.832928,0.017723,0.01027,0.007792,0.004729,1.216304,74.107492,73.640281,3.893455,0.109829,0.017723,4,10,6,6,4,10,5,6,4,10,5,6,4,10,6,4,0.09263,0.19045,0.35357,0.36825,1,1,19:06:2024,19:26:19,590,-35.495807,-69.449759,1385.0,lev20,Almucantar,Los_Leones_Auger,139,139.832928,,,,,,,,,74.107492,73.640281,3.893455,0.109829,0.017723,4,10,6,6,4,10,5,6,4,10,5,6,4,10,6,4,0.09263,0.19045,0.35357,0.36825,1,1,19:06:2024,19:26:19,590,-35.495807,-69.449759,1385.0,lev20,Almucantar,Los_Leones_Auger,139,139.832928,,,,,74.107492,73.640281,3.893455,0.109829,0.017723,4,10,6,6,4,10,5,6,4,10,5,6,4,10,6,4,0.09263,0.19045,0.35357,0.36825,1,1,19:06:2024,19:26:19,590,-35.495807,-69.449759,1385.0,lev20,Almucantar,Los_Leones_Auger,139,139.832928,,,,,,74.107492,73.640281,3.893455,0.109829,0.017723,4,10,6,6,4,10,5,6,4,10,5,6,4,10,6,4,0.09263,0.19045,0.35357,0.36825,1,1,19:06:2024,19:26:19,590,-35.495807,-69.449759,1385.0,lev20,Almucantar,1.1722806298054926,0.014548051056885043,0.9252123723034658,Unclassified,Maritime,,Unknown
19:05:2017,20:18:05,Los_Leones_Auger,139,139.845891,0.0175,0.0109,0.0081,0.0068,0.0162,0.0095,0.0067,0.0053,0.0014,0.0014,0.0015,0.0015,1.130871,77.092103,76.603889,4.21618,0.10793,0.01806,4,10,7,6,4,10,7,5,4,10,6,5,4,10,5,5,0.09644,0.1992,0.37146,0.38554,1,1,19:06:2024,21:28:17,590,-35.495807,-69.449759,1385.0,lev20,Almucantar,Los_Leones_Auger,139,139.845891,0.01806,0.010615,0.008089,0.005278,1.188378,77.092103,76.603889,4.21618,0.10793,0.01806,4,10,7,6,4,10,7,5,4,10,6,5,4,10,5,5,0.09644,0.1992,0.37146,0.38554,1,1,19:06:2024,21:28:17,590,-35.495807,-69.449759,1385.0,lev20,Almucantar,Los_Leones_Auger,139,139.845891,,,,,,,,,77.092103,76.603889,4.21618,0.10793,0.01806,4,10,7,6,4,10,7,5,4,10,6,5,4,10,5,5,0.09644,0.1992,0.37146,0.38554,1,1,19:06:2024,21:28:17,590,-35.495807,-69.449759,1385.0,lev20,Almucantar,Los_Leones_Auger,139,139.845891,,,,,77.092103,76.603889,4.21618,0.10793,0.01806,4,10,7,6,4,10,7,5,4,10,6,5,4,10,5,5,0.09644,0.1992,0.37146,0.38554,1,1,19:06:2024,21:28:17,590,-35.495807,-69.449759,1385.0,lev20,Almucantar,Los_Leones_Auger,139,139.845891,,,,,,77.092103,76.603889,4.21618,0.10793,0.01806,4,10,7,6,4,10,7,5,4,10,6,5,4,10,5,5,0.09644,0.1992,0.37146,0.38554,1,1,19:06:2024,21:28:17,590,-35.495807,-69.449759,1385.0,lev20,Almucantar,1.1299925651114315,0.01514620675731465,0.902801251571216,Unclassified,Maritime,,Unknown
20:05:2017,12:59:31,Los_Leones_Auger,140,140.541331,0.0125,0.0088,0.0068,0.0058,0.0103,0.0066,0.0045,0.0034,0.0022,0.0023,0.0023,0.0024,0.888081,74.800569,75.274388,2.649777,0.055532,0.013433,4,10,7,6,4,10,7,6,4,10,7,6,4,10,7,6,0.09272,0.19172,0.35838,0.37739,1,1,19:06:2024,21:29:57,590,-35.495807,-69.449759,1385.0,lev20,Almucantar,Los_Leones_Auger,140,140.541331,0.013433,0.008651,0.007366,0.005095,0.899339,74.800569,75.274388,2.649777,0.055532,0.013433,4,10,7,6,4,10,7,6,4,10,7,6,4,10,7,6,0.09272,0.19172,0.35838,0.37739,1,1,19:06:2024,21:29:57,590,-35.495807,-69.449759,1385.0,lev20,Almucantar,Los_Leones_Auger,140,140.541331,,,,,,,,,74.800569,75.274388,2.649777,0.055532,0.013433,4,10,7,6,4,10,7,6,4,10,7,6,4,10,7,6,0.09272,0.19172,0.35838,0.37739,1,1,19:06:2024,21:29:57,590,-35.495807,-69.449759,1385.0,lev20,Almucantar,Los_Leones_Auger,140,140.541331,,,,,74.800569,75.274388,2.649777,0.055532,0.013433,4,10,7,6,4,10,7,6,4,10,7,6,4,10,7,6,0.09272,0.19172,0.35838,0.37739,1,1,19:06:2024,21:29:57,590,-35.495807,-69.449759,1385.0,lev20,Almucantar,Los_Leones_Auger,140,140.541331,,,,,,74.800569,75.274388,2.649777,0.055532,0.013433,4,10,7,6,4,10,7,6,4,10,7,6,4,10,7,6,0.09272,0.19172,0.35838,0.37739,1,1,19:06:2024,21:29:57,590,-35.495807,-69.449759,1385.0,lev20,Almucantar,0.8930460971168629,0.011151427881187583,0.7940975768435955,Unclassified,Maritime,,Unknown
20:05:2017,13:43:03,Los_Leones_Auger,140,140.571562,0.0114,0.0074,0.0053,0.0045,0.01,0.0059,0.0037,0.0028,0.0015,0.0015,0.0016,0.0016,1.114951,68.363108,68.777563,2.386091,0.097492,0.012131,4,10,7,5,4,10,7,5,4,10,7,5,4,10,7,5,0.08652,0.17706,0.32743,0.34563,1,1,19:06:2024,19:14:35,590,-35.495807,-69.449759,1385.0,lev20,Almucantar,Los_Leones_Auger,140,140.571562,0.012131,0.007085,0.006245,0.00327,1.006438,68.363108,68.777563,2.386091,0.097492,0.012131,4,10,7,5,4,10,7,5,4,10,7,5,4,10,7,5,0.08652,0.17706,0.32743,0.34563,1,1,19:06:2024,19:14:35,590,-35.495807,-69.449759,1385.0,lev20,Almucantar,Los_Leones_Auger,140,140.571562,,,,,,,,,68.363108,68.777563,2.386091,0.097492,0.012131,4,10,7,5,4,10,7,5,4,10,7,5,4,10,7,5,0.08652,0.17706,0.32743,0.34563,1,1,19:06:2024,19:14:35,590,-35.495807,-69.449759,1385.0,lev20,Almucantar,Los_Leones_Auger,140,140.571562,,,,,68.363108,68.777563,2.386091,0.097492,0.012131,4,10,7,5,4,10,7,5,4,10,7,5,4,10,7,5,0.08652,0.17706,0.32743,0.34563,1,1,19:06:2024,19:14:35,590,-35.495807,-69.449759,1385.0,lev20,Almucantar,Los_Leones_Auger,140,140.571562,,,,,,68.363108,68.777563,2.386091,0.097492,0.012131,4,10,7,5,4,10,7,5,4,10,7,5,4,10,7,5,0.08652,0.17706,0.32743,0.34563,1,1,19:06:2024,19:14:35,590,-35.495807,-69.449759,1385.0,lev20,Almucantar,1.1234938643898054,0.009874871981899066,0.8435904107060878,Unclassified,Maritime,,Unknown
20:05:2017,14:04:06,Los_Leones_Auger,140,140.586181,0.0121,0.0075,0.0053,0.0045,0.0102,0.0055,0.0033,0.0024,0.0019,0.002,0.002,0.0021,1.204763,65.594671,65.973612,2.322643,0.115591,0.012814,3,10,8,5,3,10,7,6,3,10,7,5,3,10,7,6,0.08448,0.17223,0.31715,0.33507,1,1,19:06:2024,21:17:56,590,-35.495807,-69.449759,1385.0,lev20,Almucantar,Los_Leones_Auger,140,140.586181,0.012814,0.007583,0.006921,0.003298,0.939955,65.594671,65.973612,2.322643,0.115591,0.012814,3,10,8,5,3,10,7,6,3,10,7,5,3,10,7,6,0.08448,0.17223,0.31715,0.33507,1,1,19:06:2024,21:17:56,590,-35.495807,-69.449759,1385.0,lev20,Almucantar,Los_Leones_Auger,140,140.586181,,,,,,,,,65.594671,65.973612,2.322643,0.115591,0.012814,3,10,8,5,3,10,7,6,3,10,7,5,3,10,7,6,0.08448,0.17223,0.31715,0.33507,1,1,19:06:2024,21:17:56,590,-35.495807,-69.449759,1385.0,lev20,Almucantar,Los_Leones_Auger,140,140.586181,,,,,65.594671,65.973612,2.322643,0.115591,0.012814,3,10,8,5,3,10,7,6,3,10,7,5,3,10,7,6,0.08448,0.17223,0.31715,0.33507,1,1,19:06:2024,21:17:56,590,-35.495807,-69.449759,1385.0,lev20,Almucantar,Los_Leones_Auger,140,140.586181,,,,,,65.594671,65.973612,2.322643,0.115591,0.012814,3,10,8,5,3,10,7,6,3,10,7,5,3,10,7,6,0.08448,0.17223,0.31715,0.33507,1,1,19:06:2024,21:17:56,590,-35.495807,-69.449759,1385.0,lev20,Almucantar,1.2109083889135093,0.010364753365380976,0.7959078489702832,BCH,Maritime,,Unknown
