Date,Time,AOD_Site,AOD_Day_of_Year,AOD_Day_of_Year(Fraction),AOD_Extinction-Total[440nm],AOD_Extinction-Total[675nm],AOD_Extinction-Total[870nm],AOD_Extinction-Total[1020nm],AOD_Extinction-Fine[440nm],AOD_Extinction-Fine[675nm],AOD_Extinction-Fine[870nm],AOD_Extinction-Fine[1020nm],AOD_Extinction-Coarse[440nm],AOD_Extinction-Coarse[675nm],AOD_Extinction-Coarse[870nm],AOD_Extinction-Coarse[1020nm],AOD_Extinction_Angstrom_Exponent_440-870nm-Total,AOD_Average_Solar_Zenith_Angles_for_Flux_Calculation(Degrees),AOD_Solar_Zenith_Angle_for_Measurement_Start(Degrees),AOD_Sky_Residual(%),AOD_Sun_Residual(%),AOD_Coincident_AOD440nm,AOD_Scattering_Angle_Bin_3.2_to_<6_degrees[440nm],AOD_Scattering_Angle_Bin_6_to_<30_degrees[440nm],AOD_Scattering_Angle_Bin_30_to_<80_degrees[440nm],AOD_Scattering_Angle_Bin_80_degrees_and_over[440nm],AOD_Scattering_Angle_Bin_3.2_to_<6_degrees[675nm],AOD_Scattering_Angle_Bin_6_to_<30_degrees[675nm],AOD_Scattering_Angle_Bin_30_to_<80_degrees[675nm],AOD_Scattering_Angle_Bin_80_degrees_and_over[675nm],AOD_Scattering_Angle_Bin_3.2_to_<6_degrees[870nm],AOD_Scattering_Angle_Bin_6_to_<30_degrees[870nm],AOD_Scattering_Angle_Bin_30_to_<80_degrees[870nm],AOD_Scattering_Angle_Bin_80_degrees_and_over[870nm],AOD_Scattering_Angle_Bin_3.2_to_<6_degrees[1020nm],AOD_Scattering_Angle_Bin_6_to_<30_degrees[1020nm],AOD_Scattering_Angle_Bin_30_to_<80_degrees[1020nm],AOD_Scattering_Angle_Bin_80_degrees_and_over[1020nm],AOD_Surface_Albedo[440m],AOD_Surface_Albedo[675m],AOD_Surface_Albedo[870m],AOD_Surface_Albedo[1020m],AOD_If_Retrieval_is_L2(without_L2_0.4_AOD_440_threshold),AOD_If_AOD_is_L2,AOD_Last_Processing_Date(dd:mm:yyyy),AOD_Last_Processing_Time(hh:mm:ss),AOD_Instrument_Number,AOD_Latitude(Degrees),AOD_Longitude(Degrees),AOD_Elevation(m),AOD_Inversion_Data_Quality_Level,AOD_Retrieval_Measurement_Scan_Type,CAD_Site,CAD_Day_of_Year,CAD_Day_of_Year(Fraction),CAD_AOD_Coincident_Input[440nm],CAD_AOD_Coincident_Input[675nm],CAD_AOD_Coincident_Input[870nm],CAD_AOD_Coincident_Input[1020nm],CAD_Angstrom_Exponent_440-870nm_from_Coincident_Input_AOD,CAD_Average_Solar_Zenith_Angles_for_Flux_Calculation(Degrees),CAD_Solar_Zenith_Angle_for_Measurement_Start(Degrees),CAD_Sky_Residual(%),CAD_Sun_Residual(%),CAD_Coincident_AOD440nm,CAD_Scattering_Angle_Bin_3.2_to_<6_degrees[440nm],CAD_Scattering_Angle_Bin_6_to_<30_degrees[440nm],CAD_Scattering_Angle_Bin_30_to_<80_degrees[440nm],CAD_Scattering_Angle_Bin_80_degrees_and_over[440nm],CAD_Scattering_Angle_Bin_3.2_to_<6_degrees[675nm],CAD_Scattering_Angle_Bin_6_to_<30_degrees[675nm],CAD_Scattering_Angle_Bin_30_to_<80_degrees[675nm],CAD_Scattering_Angle_Bin_80_degrees_and_over[675nm],CAD_Scattering_Angle_Bin_3.2_to_<6_degrees[870nm],CAD_Scattering_Angle_Bin_6_to_<30_degrees[870nm],CAD_Scattering_Angle_Bin_30_to_<80_degrees[870nm],CAD_Scattering_Angle_Bin_80_degrees_and_over[870nm],CAD_Scattering_Angle_Bin_3.2_to_<6_degrees[1020nm],CAD_Scattering_Angle_Bin_6_to_<30_degrees[1020nm],CAD_Scattering_Angle_Bin_30_to_<80_degrees[1020nm],CAD_Scattering_Angle_Bin_80_degrees_and_over[1020nm],CAD_Surface_Albedo[440m],CAD_Surface_Albedo[675m],CAD_Surface_Albedo[870m],CAD_Surface_Albedo[1020m],CAD_If_Retrieval_is_L2(without_L2_0.4_AOD_440_threshold),CAD_If_AOD_is_L2,CAD_Last_Processing_Date(dd:mm:yyyy),CAD_Last_Processing_Time(hh:mm:ss),CAD_Instrument_Number,CAD_Latitude(Degrees),CAD_Longitude(Degrees),CAD_Elevation(m),CAD_Inversion_Data_Quality_Level,CAD_Retrieval_Measurement_Scan_Type,RIN_Site,RIN_Day_of_Year,RIN_Day_of_Year(Fraction),RIN_Refractive_Index-Real_Part[440nm],RIN_Refractive_Index-Real_Part[675nm],RIN_Refractive_Index-Real_Part[870nm],RIN_Refractive_Index-Real_Part[1020nm],RIN_Refractive_Index-Imaginary_Part[440nm],RIN_Refractive_Index-Imaginary_Part[675nm],RIN_Refractive_Index-Imaginary_Part[870nm],RIN_Refractive_Index-Imaginary_Part[1020nm],RIN_Average_Solar_Zenith_Angles_for_Flux_Calculation(Degrees),RIN_Solar_Zenith_Angle_for_Measurement_Start(Degrees),RIN_Sky_Residual(%),RIN_Sun_Residual(%),RIN_Coincident_AOD440nm,RIN_Scattering_Angle_Bin_3.2_to_<6_degrees[440nm],RIN_Scattering_Angle_Bin_6_to_<30_degrees[440nm],RIN_Scattering_Angle_Bin_30_to_<80_degrees[440nm],RIN_Scattering_Angle_Bin_80_degrees_and_over[440nm],RIN_Scattering_Angle_Bin_3.2_to_<6_degrees[675nm],RIN_Scattering_Angle_Bin_6_to_<30_degrees[675nm],RIN_Scattering_Angle_Bin_30_to_<80_degrees[675nm],RIN_Scattering_Angle_Bin_80_degrees_and_over[675nm],RIN_Scattering_Angle_Bin_3.2_to_<6_degrees[870nm],RIN_Scattering_Angle_Bin_6_to_<30_degrees[870nm],RIN_Scattering_Angle_Bin_30_to_<80_degrees[870nm],RIN_Scattering_Angle_Bin_80_degrees_and_over[870nm],RIN_Scattering_Angle_Bin_3.2_to_<6_degrees[1020nm],RIN_Scattering_Angle_Bin_6_to_<30_degrees[1020nm],RIN_Scattering_Angle_Bin_30_to_<80_degrees[1020nm],RIN_Scattering_Angle_Bin_80_degrees_and_over[1020nm],RIN_Surface_Albedo[440m],RIN_Surface_Albedo[675m],RIN_Surface_Albedo[870m],RIN_Surface_Albedo[1020m],RIN_If_Retrieval_is_L2(without_L2_0.4_AOD_440_threshold),RIN_If_AOD_is_L2,RIN_Last_Processing_Date(dd:mm:yyyy),RIN_Last_Processing_Time(hh:mm:ss),RIN_Instrument_Number,RIN_Latitude(Degrees),RIN_Longitude(Degrees),RIN_Elevation(m),RIN_Inversion_Data_Quality_Level,RIN_Retrieval_Measurement_Scan_Type,SSA_Site,SSA_Day_of_Year,SSA_Day_of_Year(Fraction),Single_Scattering_Albedo[440nm],Single_Scattering_Albedo[675nm],Single_Scattering_Albedo[870nm],Single_Scattering_Albedo[1020nm],SSA_Average_Solar_Zenith_Angles_for_Flux_Calculation(Degrees),SSA_Solar_Zenith_Angle_for_Measurement_Start(Degrees),SSA_Sky_Residual(%),SSA_Sun_Residual(%),SSA_Coincident_AOD440nm,SSA_Scattering_Angle_Bin_3.2_to_<6_degrees[440nm],SSA_Scattering_Angle_Bin_6_to_<30_degrees[440nm],SSA_Scattering_Angle_Bin_30_to_<80_degrees[440nm],SSA_Scattering_Angle_Bin_80_degrees_and_over[440nm],SSA_Scattering_Angle_Bin_3.2_to_<6_degrees[675nm],SSA_Scattering_Angle_Bin_6_to_<30_degrees[675nm],SSA_Scattering_Angle_Bin_30_to_<80_degrees[675nm],SSA_Scattering_Angle_Bin_80_degrees_and_over[675nm],SSA_Scattering_Angle_Bin_3.2_to_<6_degrees[870nm],SSA_Scattering_Angle_Bin_6_to_<30_degrees[870nm],SSA_Scattering_Angle_Bin_30_to_<80_degrees[870nm],SSA_Scattering_Angle_Bin_80_degrees_and_over[870nm],SSA_Scattering_Angle_Bin_3.2_to_<6_degrees[1020nm],SSA_Scattering_Angle_Bin_6_to_<30_degrees[1020nm],SSA_Scattering_Angle_Bin_30_to_<80_degrees[1020nm],SSA_Scattering_Angle_Bin_80_degrees_and_over[1020nm],SSA_Surface_Albedo[440m],SSA_Surface_Albedo[675m],SSA_Surface_Albedo[870m],SSA_Surface_Albedo[1020m],SSA_If_Retrieval_is_L2(without_L2_0.4_AOD_440_threshold),SSA_If_AOD_is_L2,SSA_Last_Processing_Date(dd:mm:yyyy),SSA_Last_Processing_Time(hh:mm:ss),SSA_Instrument_Number,SSA_Latitude(Degrees),SSA_Longitude(Degrees),SSA_Elevation(m),SSA_Inversion_Data_Quality_Level,SSA_Retrieval_Measurement_Scan_Type,TAB_Site,TAB_Day_of_Year,TAB_Day_of_Year(Fraction),TAB_Absorption_AOD[440nm],TAB_Absorption_AOD[675nm],TAB_Absorption_AOD[870nm],TAB_Absorption_AOD[1020nm],TAB_Absorption_Angstrom_Exponent_440-870nm,TAB_Average_Solar_Zenith_Angles_for_Flux_Calculation(Degrees),TAB_Solar_Zenith_Angle_for_Measurement_Start(Degrees),TAB_Sky_Residual(%),TAB_Sun_Residual(%),TAB_Coincident_AOD440nm,TAB_Scattering_Angle_Bin_3.2_to_<6_degrees[440nm],TAB_Scattering_Angle_Bin_6_to_<30_degrees[440nm],TAB_Scattering_Angle_Bin_30_to_<80_degrees[440nm],TAB_Scattering_Angle_Bin_80_degrees_and_over[440nm],TAB_Scattering_Angle_Bin_3.2_to_<6_degrees[675nm],TAB_Scattering_Angle_Bin_6_to_<30_degrees[675nm],TAB_Scattering_Angle_Bin_30_to_<80_degrees[675nm],TAB_Scattering_Angle_Bin_80_degrees_and_over[675nm],TAB_Scattering_Angle_Bin_3.2_to_<6_degrees[870nm],TAB_Scattering_Angle_Bin_6_to_<30_degrees[870nm],TAB_Scattering_Angle_Bin_30_to_<80_degrees[870nm],TAB_Scattering_Angle_Bin_80_degrees_and_over[870nm],TAB_Scattering_Angle_Bin_3.2_to_<6_degrees[1020nm],TAB_Scattering_Angle_Bin_6_to_<30_degrees[1020nm],TAB_Scattering_Angle_Bin_30_to_<80_degrees[1020nm],TAB_Scattering_Angle_Bin_80_degrees_and_over[1020nm],TAB_Surface_Albedo[440m],TAB_Surface_Albedo[675m],TAB_Surface_Albedo[870m],TAB_Surface_Albedo[1020m],TAB_If_Retrieval_is_L2(without_L2_0.4_AOD_440_threshold),TAB_If_AOD_is_L2,TAB_Last_Processing_Date(dd:mm:yyyy),TAB_Last_Processing_Time(hh:mm:ss),TAB_Instrument_Number,TAB_Latitude(Degrees),TAB_Longitude(Degrees),TAB_Elevation(m),TAB_Inversion_Data_Quality_Level,TAB_Retrieval_Measurement_Scan_Type,AE,AOD_Extinction-Total[500nm],FMF,Label,Source,Day_of_Year,Season
23:03:2015,21:55:46,UNC-Gaitan,82,82.913727,0.5952,0.2991,0.2018,0.1599,0.5353,0.2323,0.1313,0.0878,0.0599,0.0668,0.0706,0.0721,1.585325,75.595124,74.850146,3.316947,0.018211,0.594334,4,10,7,6,4,10,7,6,4,9,7,5,4,10,5,3,0.05482,0.1031,0.33546,0.36374,1,1,05:02:2021,03:38:45,305,4.31068,-72.3518,192.0,lev20,Almucantar,UNC-Gaitan,82,82.913727,0.594334,0.298245,0.201677,0.159972,1.584558,75.595124,74.850146,3.316947,0.018211,0.594334,4,10,7,6,4,10,7,6,4,9,7,5,4,10,5,3,0.05482,0.1031,0.33546,0.36374,1,1,05:02:2021,03:38:45,305,4.31068,-72.3518,192.0,lev20,Almucantar,UNC-Gaitan,82,82.913727,1.354,1.3707,1.3784,1.3751,0.006939,0.006228,0.006428,0.006346,75.595124,74.850146,3.316947,0.018211,0.594334,4,10,7,6,4,10,7,6,4,9,7,5,4,10,5,3,0.05482,0.1031,0.33546,0.36374,1,1,05:02:2021,03:38:45,305,4.31068,-72.3518,192.0,lev20,Almucantar,UNC-Gaitan,82,82.913727,0.9309,0.9183,0.9051,0.8996,75.595124,74.850146,3.316947,0.018211,0.594334,4,10,7,6,4,10,7,6,4,9,7,5,4,10,5,3,0.05482,0.1031,0.33546,0.36374,1,1,05:02:2021,03:38:45,305,4.31068,-72.3518,192.0,lev20,Almucantar,UNC-Gaitan,82,82.913727,0.041134,0.024433,0.019163,0.01605,1.12812,75.595124,74.850146,3.316947,0.018211,0.594334,4,10,7,6,4,10,7,6,4,9,7,5,4,10,5,3,0.05482,0.1031,0.33546,0.36374,1,1,05:02:2021,03:38:45,305,4.31068,-72.3518,192.0,lev20,Almucantar,1.5866085485678538,0.48593553131635303,0.8472540933434636,BCL,Arid,,Unknown
24:03:2015,21:40:00,UNC-Gaitan,83,83.902778,0.6106,0.2912,0.1913,0.1503,0.5575,0.234,0.1307,0.0878,0.0531,0.0573,0.0606,0.0625,1.701589,71.72403,70.977952,1.985084,0.010929,0.609695,4,10,7,6,4,10,7,4,4,10,7,3,4,10,7,3,0.05066,0.09628,0.31586,0.34404,1,1,05:02:2021,02:24:57,305,4.31068,-72.3518,192.0,lev20,Almucantar,UNC-Gaitan,83,83.902778,0.609695,0.290193,0.191128,0.149788,1.701312,71.72403,70.977952,1.985084,0.010929,0.609695,4,10,7,6,4,10,7,4,4,10,7,3,4,10,7,3,0.05066,0.09628,0.31586,0.34404,1,1,05:02:2021,02:24:57,305,4.31068,-72.3518,192.0,lev20,Almucantar,UNC-Gaitan,83,83.902778,1.3984,1.4237,1.4394,1.4423,0.006277,0.005297,0.005698,0.005737,71.72403,70.977952,1.985084,0.010929,0.609695,4,10,7,6,4,10,7,4,4,10,7,3,4,10,7,3,0.05066,0.09628,0.31586,0.34404,1,1,05:02:2021,02:24:57,305,4.31068,-72.3518,192.0,lev20,Almucantar,UNC-Gaitan,83,83.902778,0.9404,0.9316,0.9137,0.9062,71.72403,70.977952,1.985084,0.010929,0.609695,4,10,7,6,4,10,7,4,4,10,7,3,4,10,7,3,0.05066,0.09628,0.31586,0.34404,1,1,05:02:2021,02:24:57,305,4.31068,-72.3518,192.0,lev20,Almucantar,UNC-Gaitan,83,83.902778,0.036389,0.019917,0.016496,0.014095,1.183881,71.72403,70.977952,1.985084,0.010929,0.609695,4,10,7,6,4,10,7,4,4,10,7,3,4,10,7,3,0.05066,0.09628,0.31586,0.34404,1,1,05:02:2021,02:24:57,305,4.31068,-72.3518,192.0,lev20,Almucantar,1.7024611035792447,0.49118003839760116,0.8676358209439087,BCL,Arid,,Unknown
24:03:2015,22:12:31,UNC-Gaitan,83,83.925359,0.5875,0.2857,0.1914,0.1524,0.5238,0.215,0.1182,0.0786,0.0637,0.0707,0.0732,0.0738,1.64561,79.793254,79.051022,3.199798,0.004137,0.586312,4,10,7,6,4,10,7,6,4,10,7,6,4,10,7,6,0.05909,0.11109,0.36131,0.38999,1,1,05:02:2021,02:24:24,305,4.31068,-72.3518,192.0,lev20,Almucantar,UNC-Gaitan,83,83.925359,0.586312,0.284707,0.191224,0.152395,1.64452,79.793254,79.051022,3.199798,0.004137,0.586312,4,10,7,6,4,10,7,6,4,10,7,6,4,10,7,6,0.05909,0.11109,0.36131,0.38999,1,1,05:02:2021,02:24:24,305,4.31068,-72.3518,192.0,lev20,Almucantar,UNC-Gaitan,83,83.925359,1.4145,1.4309,1.4445,1.4474,0.007897,0.00695,0.007286,0.0073,79.793254,79.051022,3.199798,0.004137,0.586312,4,10,7,6,4,10,7,6,4,10,7,6,4,10,7,6,0.05909,0.11109,0.36131,0.38999,1,1,05:02:2021,02:24:24,305,4.31068,-72.3518,192.0,lev20,Almucantar,UNC-Gaitan,83,83.925359,0.9312,0.917,0.9004,0.893,79.793254,79.051022,3.199798,0.004137,0.586312,4,10,7,6,4,10,7,6,4,10,7,6,4,10,7,6,0.05909,0.11109,0.36131,0.38999,1,1,05:02:2021,02:24:24,305,4.31068,-72.3518,192.0,lev20,Almucantar,UNC-Gaitan,83,83.925359,0.040395,0.023706,0.019067,0.016305,1.113902,79.793254,79.051022,3.199798,0.004137,0.586312,4,10,7,6,4,10,7,6,4,10,7,6,4,10,7,6,0.05909,0.11109,0.36131,0.38999,1,1,05:02:2021,02:24:24,305,4.31068,-72.3518,192.0,lev20,Almucantar,1.6451230120791605,0.4760746286572922,0.8303704260303767,BCL,Arid,,Unknown
26:05:2015,20:46:43,UNC-Gaitan,146,146.865775,0.1877,0.1593,0.151,0.1465,0.0845,0.0443,0.0287,0.0214,0.1032,0.115,0.1223,0.1252,0.325154,61.249174,60.555995,4.06483,0.100838,0.186626,3,10,8,5,3,8,8,4,3,8,8,4,3,10,8,4,0.03994,0.07683,0.29532,0.3165,1,1,05:02:2021,11:35:33,305,4.31068,-72.3518,192.0,lev20,Almucantar,UNC-Gaitan,146,146.865775,0.186626,0.158987,0.152283,0.145008,0.305623,61.249174,60.555995,4.06483,0.100838,0.186626,3,10,8,5,3,8,8,4,3,8,8,4,3,10,8,4,0.03994,0.07683,0.29532,0.3165,1,1,05:02:2021,11:35:33,305,4.31068,-72.3518,192.0,lev20,Almucantar,UNC-Gaitan,146,146.865775,1.4582,1.4657499999999999,1.46885,1.4654500000000001,0.008315,0.0064,0.0064575,0.0065625,61.249174,60.555995,4.06483,0.100838,0.186626,3,10,8,5,3,8,8,4,3,8,8,4,3,10,8,4,0.03994,0.07683,0.29532,0.3165,1,1,05:02:2021,11:35:33,305,4.31068,-72.3518,192.0,lev20,Almucantar,UNC-Gaitan,146,146.865775,0.93125,0.9249499999999999,0.9092,0.9011499999999999,61.249174,60.555995,4.06483,0.100838,0.186626,3,10,8,5,3,8,8,4,3,8,8,4,3,10,8,4,0.03994,0.07683,0.29532,0.3165,1,1,05:02:2021,11:35:33,305,4.31068,-72.3518,192.0,lev20,Almucantar,UNC-Gaitan,146,146.865775,0.040528999999999996,0.022200499999999998,0.017569500000000002,0.015528,1.2454589999999999,61.249174,60.555995,4.06483,0.100838,0.186626,3,10,8,5,3,8,8,4,3,8,8,4,3,10,8,4,0.03994,0.07683,0.29532,0.3165,1,1,05:02:2021,11:35:33,305,4.31068,-72.3518,192.0,lev20,Almucantar,0.3191421556680973,0.1801965006703943,0.35719549880751766,CA,Unclassified,,Unknown
29:05:2015,20:21:04,UNC-Gaitan,149,149.847963,0.0867,0.0525,0.0419,0.0374,0.0658,0.0288,0.0162,0.0111,0.0209,0.0237,0.0257,0.0264,1.075348,55.339467,54.65432,1.713935,0.135203,0.085419,4,10,8,4,4,10,8,4,4,10,8,4,4,10,8,3,0.03812,0.07331,0.28217,0.30335,1,1,05:02:2021,12:05:42,305,4.31068,-72.3518,192.0,lev20,Almucantar,UNC-Gaitan,149,149.847963,0.085419,0.049643,0.043173,0.036868,1.02666,55.339467,54.65432,1.713935,0.135203,0.085419,4,10,8,4,4,10,8,4,4,10,8,4,4,10,8,3,0.03812,0.07331,0.28217,0.30335,1,1,05:02:2021,12:05:42,305,4.31068,-72.3518,192.0,lev20,Almucantar,UNC-Gaitan,149,149.847963,1.4582,1.4657499999999999,1.46885,1.4654500000000001,0.008315,0.0064,0.0064575,0.0065625,55.339467,54.65432,1.713935,0.135203,0.085419,4,10,8,4,4,10,8,4,4,10,8,4,4,10,8,3,0.03812,0.07331,0.28217,0.30335,1,1,05:02:2021,12:05:42,305,4.31068,-72.3518,192.0,lev20,Almucantar,UNC-Gaitan,149,149.847963,0.93125,0.9249499999999999,0.9092,0.9011499999999999,55.339467,54.65432,1.713935,0.135203,0.085419,4,10,8,4,4,10,8,4,4,10,8,4,4,10,8,3,0.03812,0.07331,0.28217,0.30335,1,1,05:02:2021,12:05:42,305,4.31068,-72.3518,192.0,lev20,Almucantar,UNC-Gaitan,149,149.847963,0.040528999999999996,0.022200499999999998,0.017569500000000002,0.015528,1.2454589999999999,55.339467,54.65432,1.713935,0.135203,0.085419,4,10,8,4,4,10,8,4,4,10,8,4,4,10,8,3,0.03812,0.07331,0.28217,0.30335,1,1,05:02:2021,12:05:42,305,4.31068,-72.3518,192.0,lev20,Almucantar,1.066669120963708,0.07564852737616957,0.6550460800563076,Unclassified,Maritime,,Unknown
29:05:2015,20:46:45,UNC-Gaitan,149,149.865799,0.0856,0.0514,0.0411,0.0367,0.0647,0.0276,0.0156,0.0107,0.0209,0.0238,0.0255,0.0261,1.085931,61.231987,60.541589,1.199537,0.101581,0.085381,3,10,8,5,3,10,8,5,3,10,8,4,3,10,8,4,0.03991,0.07679,0.29526,0.31647,1,1,05:02:2021,12:05:28,305,4.31068,-72.3518,192.0,lev20,Almucantar,UNC-Gaitan,149,149.865799,0.085381,0.049288,0.0422,0.035926,1.0576,61.231987,60.541589,1.199537,0.101581,0.085381,3,10,8,5,3,10,8,5,3,10,8,4,3,10,8,4,0.03991,0.07679,0.29526,0.31647,1,1,05:02:2021,12:05:28,305,4.31068,-72.3518,192.0,lev20,Almucantar,UNC-Gaitan,149,149.865799,1.4582,1.4657499999999999,1.46885,1.4654500000000001,0.008315,0.0064,0.0064575,0.0065625,61.231987,60.541589,1.199537,0.101581,0.085381,3,10,8,5,3,10,8,5,3,10,8,4,3,10,8,4,0.03991,0.07679,0.29526,0.31647,1,1,05:02:2021,12:05:28,305,4.31068,-72.3518,192.0,lev20,Almucantar,UNC-Gaitan,149,149.865799,0.93125,0.9249499999999999,0.9092,0.9011499999999999,61.231987,60.541589,1.199537,0.101581,0.085381,3,10,8,5,3,10,8,5,3,10,8,4,3,10,8,4,0.03991,0.07679,0.29526,0.31647,1,1,05:02:2021,12:05:28,305,4.31068,-72.3518,192.0,lev20,Almucantar,UNC-Gaitan,149,149.865799,0.040528999999999996,0.022200499999999998,0.017569500000000002,0.015528,1.2454589999999999,61.231987,60.541589,1.199537,0.101581,0.085381,3,10,8,5,3,10,8,5,3,10,8,4,3,10,8,4,0.03991,0.07679,0.29526,0.31647,1,1,05:02:2021,12:05:28,305,4.31068,-72.3518,192.0,lev20,Almucantar,1.076217204128302,0.07459763538587261,0.6465163088394503,Unclassified,Maritime,,Unknown
12:06:2015,20:21:19,UNC-Gaitan,163,163.848137,0.0733,0.0429,0.034,0.0301,0.0575,0.0252,0.0149,0.0104,0.0158,0.0177,0.0191,0.0197,1.137431,55.120486,54.445786,1.625154,0.097151,0.073309,4,10,8,4,4,10,8,4,4,10,8,4,4,10,8,4,0.03721,0.07171,0.28466,0.30474,1,1,05:02:2021,14:55:36,305,4.31068,-72.3518,192.0,lev20,Almucantar,UNC-Gaitan,163,163.848137,0.073309,0.041564,0.035734,0.029964,1.080164,55.120486,54.445786,1.625154,0.097151,0.073309,4,10,8,4,4,10,8,4,4,10,8,4,4,10,8,4,0.03721,0.07171,0.28466,0.30474,1,1,05:02:2021,14:55:36,305,4.31068,-72.3518,192.0,lev20,Almucantar,UNC-Gaitan,163,163.848137,1.4582,1.4657499999999999,1.46885,1.4654500000000001,0.008315,0.0064,0.0064575,0.0065625,55.120486,54.445786,1.625154,0.097151,0.073309,4,10,8,4,4,10,8,4,4,10,8,4,4,10,8,4,0.03721,0.07171,0.28466,0.30474,1,1,05:02:2021,14:55:36,305,4.31068,-72.3518,192.0,lev20,Almucantar,UNC-Gaitan,163,163.848137,0.93125,0.9249499999999999,0.9092,0.9011499999999999,55.120486,54.445786,1.625154,0.097151,0.073309,4,10,8,4,4,10,8,4,4,10,8,4,4,10,8,4,0.03721,0.07171,0.28466,0.30474,1,1,05:02:2021,14:55:36,305,4.31068,-72.3518,192.0,lev20,Almucantar,UNC-Gaitan,163,163.848137,0.040528999999999996,0.022200499999999998,0.017569500000000002,0.015528,1.2454589999999999,55.120486,54.445786,1.625154,0.097151,0.073309,4,10,8,4,4,10,8,4,4,10,8,4,4,10,8,4,0.03721,0.07171,0.28466,0.30474,1,1,05:02:2021,14:55:36,305,4.31068,-72.3518,192.0,lev20,Almucantar,1.1268582288385087,0.06346639303690273,0.6889021258989065,Unclassified,Maritime,,Unknown
12:06:2015,20:48:00,UNC-Gaitan,163,163.866667,0.084,0.0484,0.0375,0.0329,0.0658,0.0275,0.0151,0.01,0.0183,0.0209,0.0224,0.023,1.191398,61.156697,60.475363,2.250374,0.092139,0.083564,3,10,8,5,3,10,8,5,3,10,8,5,3,7,8,5,0.03903,0.07525,0.29822,0.31822,1,1,05:02:2021,14:55:51,305,4.31068,-72.3518,192.0,lev20,Almucantar,UNC-Gaitan,163,163.866667,0.083564,0.047254,0.039388,0.032869,1.124824,61.156697,60.475363,2.250374,0.092139,0.083564,3,10,8,5,3,10,8,5,3,10,8,5,3,7,8,5,0.03903,0.07525,0.29822,0.31822,1,1,05:02:2021,14:55:51,305,4.31068,-72.3518,192.0,lev20,Almucantar,UNC-Gaitan,163,163.866667,1.4582,1.4657499999999999,1.46885,1.4654500000000001,0.008315,0.0064,0.0064575,0.0065625,61.156697,60.475363,2.250374,0.092139,0.083564,3,10,8,5,3,10,8,5,3,10,8,5,3,7,8,5,0.03903,0.07525,0.29822,0.31822,1,1,05:02:2021,14:55:51,305,4.31068,-72.3518,192.0,lev20,Almucantar,UNC-Gaitan,163,163.866667,0.93125,0.9249499999999999,0.9092,0.9011499999999999,61.156697,60.475363,2.250374,0.092139,0.083564,3,10,8,5,3,10,8,5,3,10,8,5,3,7,8,5,0.03903,0.07525,0.29822,0.31822,1,1,05:02:2021,14:55:51,305,4.31068,-72.3518,192.0,lev20,Almucantar,UNC-Gaitan,163,163.866667,0.040528999999999996,0.022200499999999998,0.017569500000000002,0.015528,1.2454589999999999,61.156697,60.475363,2.250374,0.092139,0.083564,3,10,8,5,3,10,8,5,3,10,8,5,3,7,8,5,0.03903,0.07525,0.29822,0.31822,1,1,05:02:2021,14:55:51,305,4.31068,-72.3518,192.0,lev20,Almucantar,1.1830042516433745,0.07221078249939278,0.6793092349798523,Unclassified,Maritime,,Unknown
12:06:2015,21:34:03,UNC-Gaitan,163,163.898646,0.0707,0.0402,0.0318,0.0278,0.0555,0.023,0.0133,0.0089,0.0152,0.0172,0.0184,0.0189,1.18482,71.666099,70.979589,1.422271,0.058044,0.070208,4,10,6,6,4,10,5,6,4,10,6,6,4,10,5,5,0.04487,0.08563,0.33485,0.35456,1,1,05:02:2021,14:55:45,305,4.31068,-72.3518,192.0,lev20,Almucantar,UNC-Gaitan,163,163.898646,0.070208,0.039592,0.032802,0.027504,1.137071,71.666099,70.979589,1.422271,0.058044,0.070208,4,10,6,6,4,10,5,6,4,10,6,6,4,10,5,5,0.04487,0.08563,0.33485,0.35456,1,1,05:02:2021,14:55:45,305,4.31068,-72.3518,192.0,lev20,Almucantar,UNC-Gaitan,163,163.898646,1.4582,1.4657499999999999,1.46885,1.4654500000000001,0.008315,0.0064,0.0064575,0.0065625,71.666099,70.979589,1.422271,0.058044,0.070208,4,10,6,6,4,10,5,6,4,10,6,6,4,10,5,5,0.04487,0.08563,0.33485,0.35456,1,1,05:02:2021,14:55:45,305,4.31068,-72.3518,192.0,lev20,Almucantar,UNC-Gaitan,163,163.898646,0.93125,0.9249499999999999,0.9092,0.9011499999999999,71.666099,70.979589,1.422271,0.058044,0.070208,4,10,6,6,4,10,5,6,4,10,6,6,4,10,5,5,0.04487,0.08563,0.33485,0.35456,1,1,05:02:2021,14:55:45,305,4.31068,-72.3518,192.0,lev20,Almucantar,UNC-Gaitan,163,163.898646,0.040528999999999996,0.022200499999999998,0.017569500000000002,0.015528,1.2454589999999999,71.666099,70.979589,1.422271,0.058044,0.070208,4,10,6,6,4,10,5,6,4,10,6,6,4,10,5,5,0.04487,0.08563,0.33485,0.35456,1,1,05:02:2021,14:55:45,305,4.31068,-72.3518,192.0,lev20,Almucantar,1.1720076556607202,0.060862905426864046,0.6820976737335781,Unclassified,Maritime,,Unknown
20:06:2015,13:23:28,UNC-Gaitan,171,171.557963,0.1074,0.0851,0.076,0.0716,0.0606,0.0339,0.0218,0.0162,0.0468,0.0513,0.0542,0.0554,0.509987,52.804637,53.474935,3.139368,0.154287,0.1067,3,10,8,4,3,10,8,4,4,10,7,4,4,10,7,4,0.03628,0.07003,0.28292,0.30377,1,1,05:02:2021,16:17:17,305,4.31068,-72.3518,192.0,lev20,Almucantar,UNC-Gaitan,171,171.557963,0.1067,0.082555,0.078021,0.072284,0.472864,52.804637,53.474935,3.139368,0.154287,0.1067,3,10,8,4,3,10,8,4,4,10,7,4,4,10,7,4,0.03628,0.07003,0.28292,0.30377,1,1,05:02:2021,16:17:17,305,4.31068,-72.3518,192.0,lev20,Almucantar,UNC-Gaitan,171,171.557963,1.4582,1.4657499999999999,1.46885,1.4654500000000001,0.008315,0.0064,0.0064575,0.0065625,52.804637,53.474935,3.139368,0.154287,0.1067,3,10,8,4,3,10,8,4,4,10,7,4,4,10,7,4,0.03628,0.07003,0.28292,0.30377,1,1,05:02:2021,16:17:17,305,4.31068,-72.3518,192.0,lev20,Almucantar,UNC-Gaitan,171,171.557963,0.93125,0.9249499999999999,0.9092,0.9011499999999999,52.804637,53.474935,3.139368,0.154287,0.1067,3,10,8,4,3,10,8,4,4,10,7,4,4,10,7,4,0.03628,0.07003,0.28292,0.30377,1,1,05:02:2021,16:17:17,305,4.31068,-72.3518,192.0,lev20,Almucantar,UNC-Gaitan,171,171.557963,0.040528999999999996,0.022200499999999998,0.017569500000000002,0.015528,1.2454589999999999,52.804637,53.474935,3.139368,0.154287,0.1067,3,10,8,4,3,10,8,4,4,10,7,4,4,10,7,4,0.03628,0.07003,0.28292,0.30377,1,1,05:02:2021,16:17:17,305,4.31068,-72.3518,192.0,lev20,Almucantar,0.5072868779877566,0.10065632484875953,0.4795314030837403,Unclassified,Maritime,,Unknown
30:06:2015,20:24:44,UNC-Gaitan,181,181.850509,0.13,0.0994,0.089,0.0839,0.0721,0.0347,0.0203,0.0141,0.0579,0.0648,0.0686,0.0699,0.562032,55.025825,54.351173,1.364764,0.137679,0.128388,4,10,8,4,4,10,8,4,4,10,8,4,4,10,8,4,0.03634,0.06999,0.28691,0.30635,1,1,05:02:2021,18:18:04,305,4.31068,-72.3518,192.0,lev20,Almucantar,UNC-Gaitan,181,181.850509,0.128388,0.097466,0.090084,0.081907,0.531583,55.025825,54.351173,1.364764,0.137679,0.128388,4,10,8,4,4,10,8,4,4,10,8,4,4,10,8,4,0.03634,0.06999,0.28691,0.30635,1,1,05:02:2021,18:18:04,305,4.31068,-72.3518,192.0,lev20,Almucantar,UNC-Gaitan,181,181.850509,1.4582,1.4657499999999999,1.46885,1.4654500000000001,0.008315,0.0064,0.0064575,0.0065625,55.025825,54.351173,1.364764,0.137679,0.128388,4,10,8,4,4,10,8,4,4,10,8,4,4,10,8,4,0.03634,0.06999,0.28691,0.30635,1,1,05:02:2021,18:18:04,305,4.31068,-72.3518,192.0,lev20,Almucantar,UNC-Gaitan,181,181.850509,0.93125,0.9249499999999999,0.9092,0.9011499999999999,55.025825,54.351173,1.364764,0.137679,0.128388,4,10,8,4,4,10,8,4,4,10,8,4,4,10,8,4,0.03634,0.06999,0.28691,0.30635,1,1,05:02:2021,18:18:04,305,4.31068,-72.3518,192.0,lev20,Almucantar,UNC-Gaitan,181,181.850509,0.040528999999999996,0.022200499999999998,0.017569500000000002,0.015528,1.2454589999999999,55.025825,54.351173,1.364764,0.137679,0.128388,4,10,8,4,4,10,8,4,4,10,8,4,4,10,8,4,0.03634,0.06999,0.28691,0.30635,1,1,05:02:2021,18:18:04,305,4.31068,-72.3518,192.0,lev20,Almucantar,0.5557984552377133,0.12108404122008447,0.44629018900915624,Unclassified,Maritime,,Unknown
30:06:2015,21:37:32,UNC-Gaitan,181,181.901065,0.1163,0.0847,0.0748,0.0697,0.0686,0.0309,0.0185,0.0126,0.0477,0.0538,0.0563,0.057,0.655761,71.587648,70.901024,1.216523,0.060681,0.115085,4,10,7,6,4,10,7,6,4,10,7,6,4,10,7,6,0.0439,0.08361,0.33792,0.35674,1,1,05:02:2021,18:18:31,305,4.31068,-72.3518,192.0,lev20,Almucantar,UNC-Gaitan,181,181.901065,0.115085,0.084127,0.075512,0.068731,0.628686,71.587648,70.901024,1.216523,0.060681,0.115085,4,10,7,6,4,10,7,6,4,10,7,6,4,10,7,6,0.0439,0.08361,0.33792,0.35674,1,1,05:02:2021,18:18:31,305,4.31068,-72.3518,192.0,lev20,Almucantar,UNC-Gaitan,181,181.901065,1.4582,1.4657499999999999,1.46885,1.4654500000000001,0.008315,0.0064,0.0064575,0.0065625,71.587648,70.901024,1.216523,0.060681,0.115085,4,10,7,6,4,10,7,6,4,10,7,6,4,10,7,6,0.0439,0.08361,0.33792,0.35674,1,1,05:02:2021,18:18:31,305,4.31068,-72.3518,192.0,lev20,Almucantar,UNC-Gaitan,181,181.901065,0.93125,0.9249499999999999,0.9092,0.9011499999999999,71.587648,70.901024,1.216523,0.060681,0.115085,4,10,7,6,4,10,7,6,4,10,7,6,4,10,7,6,0.0439,0.08361,0.33792,0.35674,1,1,05:02:2021,18:18:31,305,4.31068,-72.3518,192.0,lev20,Almucantar,UNC-Gaitan,181,181.901065,0.040528999999999996,0.022200499999999998,0.017569500000000002,0.015528,1.2454589999999999,71.587648,70.901024,1.216523,0.060681,0.115085,4,10,7,6,4,10,7,6,4,10,7,6,4,10,7,6,0.0439,0.08361,0.33792,0.35674,1,1,05:02:2021,18:18:31,305,4.31068,-72.3518,192.0,lev20,Almucantar,0.647415589317482,0.10706238928563044,0.47179640655207794,MA,Maritime,,Unknown
30:06:2015,21:59:19,UNC-Gaitan,181,181.916192,0.115,0.0838,0.0732,0.0676,0.069,0.0317,0.0187,0.0127,0.046,0.052,0.0545,0.055,0.669226,76.573063,75.886831,1.539893,0.046126,0.11399,4,10,7,6,4,9,7,6,4,10,7,6,4,10,7,6,0.04854,0.09145,0.36505,0.38347,1,1,05:02:2021,18:19:04,305,4.31068,-72.3518,192.0,lev20,Almucantar,UNC-Gaitan,181,181.916192,0.11399,0.082847,0.073822,0.067051,0.647223,76.573063,75.886831,1.539893,0.046126,0.11399,4,10,7,6,4,9,7,6,4,10,7,6,4,10,7,6,0.04854,0.09145,0.36505,0.38347,1,1,05:02:2021,18:19:04,305,4.31068,-72.3518,192.0,lev20,Almucantar,UNC-Gaitan,181,181.916192,1.4582,1.4657499999999999,1.46885,1.4654500000000001,0.008315,0.0064,0.0064575,0.0065625,76.573063,75.886831,1.539893,0.046126,0.11399,4,10,7,6,4,9,7,6,4,10,7,6,4,10,7,6,0.04854,0.09145,0.36505,0.38347,1,1,05:02:2021,18:19:04,305,4.31068,-72.3518,192.0,lev20,Almucantar,UNC-Gaitan,181,181.916192,0.93125,0.9249499999999999,0.9092,0.9011499999999999,76.573063,75.886831,1.539893,0.046126,0.11399,4,10,7,6,4,9,7,6,4,10,7,6,4,10,7,6,0.04854,0.09145,0.36505,0.38347,1,1,05:02:2021,18:19:04,305,4.31068,-72.3518,192.0,lev20,Almucantar,UNC-Gaitan,181,181.916192,0.040528999999999996,0.022200499999999998,0.017569500000000002,0.015528,1.2454589999999999,76.573063,75.886831,1.539893,0.046126,0.11399,4,10,7,6,4,9,7,6,4,10,7,6,4,10,7,6,0.04854,0.09145,0.36505,0.38347,1,1,05:02:2021,18:19:04,305,4.31068,-72.3518,192.0,lev20,Almucantar,0.6626440642440677,0.10565975822734747,0.48420392552237523,MA,Maritime,,Unknown
02:07:2015,12:58:49,UNC-Gaitan,183,183.540845,0.1107,0.0662,0.0513,0.0443,0.0885,0.0412,0.0251,0.0178,0.0222,0.0249,0.0261,0.0265,1.133385,58.839616,59.520333,1.817111,0.074614,0.10998,4,10,7,5,3,11,7,4,3,11,7,4,3,10,8,4,0.0373,0.07219,0.29713,0.31776,1,1,05:02:2021,18:37:05,305,4.31068,-72.3518,192.0,lev20,Almucantar,UNC-Gaitan,183,183.540845,0.10998,0.064717,0.05154,0.04301,1.122647,58.839616,59.520333,1.817111,0.074614,0.10998,4,10,7,5,3,11,7,4,3,11,7,4,3,10,8,4,0.0373,0.07219,0.29713,0.31776,1,1,05:02:2021,18:37:05,305,4.31068,-72.3518,192.0,lev20,Almucantar,UNC-Gaitan,183,183.540845,1.4582,1.4657499999999999,1.46885,1.4654500000000001,0.008315,0.0064,0.0064575,0.0065625,58.839616,59.520333,1.817111,0.074614,0.10998,4,10,7,5,3,11,7,4,3,11,7,4,3,10,8,4,0.0373,0.07219,0.29713,0.31776,1,1,05:02:2021,18:37:05,305,4.31068,-72.3518,192.0,lev20,Almucantar,UNC-Gaitan,183,183.540845,0.93125,0.9249499999999999,0.9092,0.9011499999999999,58.839616,59.520333,1.817111,0.074614,0.10998,4,10,7,5,3,11,7,4,3,11,7,4,3,10,8,4,0.0373,0.07219,0.29713,0.31776,1,1,05:02:2021,18:37:05,305,4.31068,-72.3518,192.0,lev20,Almucantar,UNC-Gaitan,183,183.540845,0.040528999999999996,0.022200499999999998,0.017569500000000002,0.015528,1.2454589999999999,58.839616,59.520333,1.817111,0.074614,0.10998,4,10,7,5,3,11,7,4,3,11,7,4,3,10,8,4,0.0373,0.07219,0.29713,0.31776,1,1,05:02:2021,18:37:05,305,4.31068,-72.3518,192.0,lev20,Almucantar,1.1282268337426047,0.09583220520531213,0.7139353874415832,Unclassified,Maritime,,Unknown
08:07:2015,21:39:06,UNC-Gaitan,189,189.902153,0.0736,0.054,0.047,0.0441,0.0431,0.0205,0.0118,0.0082,0.0306,0.0335,0.0352,0.0358,0.663309,71.585363,70.894926,2.709293,0.061043,0.071936,4,9,6,6,4,9,7,6,4,10,5,6,4,10,5,6,0.04347,0.08291,0.33761,0.35667,1,1,05:02:2021,20:04:19,305,4.31068,-72.3518,192.0,lev20,Almucantar,UNC-Gaitan,189,189.902153,0.071936,0.052735,0.047646,0.042847,0.615671,71.585363,70.894926,2.709293,0.061043,0.071936,4,9,6,6,4,9,7,6,4,10,5,6,4,10,5,6,0.04347,0.08291,0.33761,0.35667,1,1,05:02:2021,20:04:19,305,4.31068,-72.3518,192.0,lev20,Almucantar,UNC-Gaitan,189,189.902153,1.4582,1.4657499999999999,1.46885,1.4654500000000001,0.008315,0.0064,0.0064575,0.0065625,71.585363,70.894926,2.709293,0.061043,0.071936,4,9,6,6,4,9,7,6,4,10,5,6,4,10,5,6,0.04347,0.08291,0.33761,0.35667,1,1,05:02:2021,20:04:19,305,4.31068,-72.3518,192.0,lev20,Almucantar,UNC-Gaitan,189,189.902153,0.93125,0.9249499999999999,0.9092,0.9011499999999999,71.585363,70.894926,2.709293,0.061043,0.071936,4,9,6,6,4,9,7,6,4,10,5,6,4,10,5,6,0.04347,0.08291,0.33761,0.35667,1,1,05:02:2021,20:04:19,305,4.31068,-72.3518,192.0,lev20,Almucantar,UNC-Gaitan,189,189.902153,0.040528999999999996,0.022200499999999998,0.017569500000000002,0.015528,1.2454589999999999,71.585363,70.894926,2.709293,0.061043,0.071936,4,9,6,6,4,9,7,6,4,10,5,6,4,10,5,6,0.04347,0.08291,0.33761,0.35667,1,1,05:02:2021,20:04:19,305,4.31068,-72.3518,192.0,lev20,Almucantar,0.6578924205029343,0.06766333275512137,0.4784826898829124,MA,Maritime,,Unknown
05:08:2015,12:57:46,UNC-Gaitan,217,217.540116,0.1624,0.113,0.0817,0.0636,0.1506,0.1004,0.0685,0.0501,0.0119,0.0126,0.0132,0.0135,0.989306,58.782769,59.496524,4.199197,0.3736,0.160251,4,10,7,5,3,11,7,5,3,11,7,5,3,10,7,4,0.0359,0.06959,0.29847,0.31926,1,1,06:02:2021,02:02:35,9,4.31068,-72.3518,192.0,lev20,Almucantar,UNC-Gaitan,217,217.540116,0.160251,0.106864,0.081919,0.067595,0.978871,58.782769,59.496524,4.199197,0.3736,0.160251,4,10,7,5,3,11,7,5,3,11,7,5,3,10,7,4,0.0359,0.06959,0.29847,0.31926,1,1,06:02:2021,02:02:35,9,4.31068,-72.3518,192.0,lev20,Almucantar,UNC-Gaitan,217,217.540116,1.4582,1.4657499999999999,1.46885,1.4654500000000001,0.008315,0.0064,0.0064575,0.0065625,58.782769,59.496524,4.199197,0.3736,0.160251,4,10,7,5,3,11,7,5,3,11,7,5,3,10,7,4,0.0359,0.06959,0.29847,0.31926,1,1,06:02:2021,02:02:35,9,4.31068,-72.3518,192.0,lev20,Almucantar,UNC-Gaitan,217,217.540116,0.93125,0.9249499999999999,0.9092,0.9011499999999999,58.782769,59.496524,4.199197,0.3736,0.160251,4,10,7,5,3,11,7,5,3,11,7,5,3,10,7,4,0.0359,0.06959,0.29847,0.31926,1,1,06:02:2021,02:02:35,9,4.31068,-72.3518,192.0,lev20,Almucantar,UNC-Gaitan,217,217.540116,0.040528999999999996,0.022200499999999998,0.017569500000000002,0.015528,1.2454589999999999,58.782769,59.496524,4.199197,0.3736,0.160251,4,10,7,5,3,11,7,5,3,11,7,5,3,10,7,4,0.0359,0.06959,0.29847,0.31926,1,1,06:02:2021,02:02:35,9,4.31068,-72.3518,192.0,lev20,Almucantar,1.0077597149611455,0.14277030865352952,0.9128609247391599,Unclassified,Maritime,,Unknown
06:08:2015,12:57:35,UNC-Gaitan,218,218.539988,0.2594,0.1656,0.1266,0.1045,0.2464,0.1521,0.1127,0.0905,0.013,0.0135,0.0138,0.014,1.050333,58.776275,59.491252,3.413311,0.092176,0.258108,4,10,7,5,3,11,7,5,3,11,5,5,3,8,4,5,0.03591,0.06959,0.29843,0.31924,1,1,06:02:2021,01:26:16,9,4.31068,-72.3518,192.0,lev20,Almucantar,UNC-Gaitan,218,218.539988,0.258108,0.164164,0.126624,0.105807,1.044474,58.776275,59.491252,3.413311,0.092176,0.258108,4,10,7,5,3,11,7,5,3,11,5,5,3,8,4,5,0.03591,0.06959,0.29843,0.31924,1,1,06:02:2021,01:26:16,9,4.31068,-72.3518,192.0,lev20,Almucantar,UNC-Gaitan,218,218.539988,1.4582,1.4657499999999999,1.46885,1.4654500000000001,0.008315,0.0064,0.0064575,0.0065625,58.776275,59.491252,3.413311,0.092176,0.258108,4,10,7,5,3,11,7,5,3,11,5,5,3,8,4,5,0.03591,0.06959,0.29843,0.31924,1,1,06:02:2021,01:26:16,9,4.31068,-72.3518,192.0,lev20,Almucantar,UNC-Gaitan,218,218.539988,0.93125,0.9249499999999999,0.9092,0.9011499999999999,58.776275,59.491252,3.413311,0.092176,0.258108,4,10,7,5,3,11,7,5,3,11,5,5,3,8,4,5,0.03591,0.06959,0.29843,0.31924,1,1,06:02:2021,01:26:16,9,4.31068,-72.3518,192.0,lev20,Almucantar,UNC-Gaitan,218,218.539988,0.040528999999999996,0.022200499999999998,0.017569500000000002,0.015528,1.2454589999999999,58.776275,59.491252,3.413311,0.092176,0.258108,4,10,7,5,3,11,7,5,3,11,5,5,3,8,4,5,0.03591,0.06959,0.29843,0.31924,1,1,06:02:2021,01:26:16,9,4.31068,-72.3518,192.0,lev20,Almucantar,1.0522507137967994,0.2267523642141187,0.9357735808210647,Unclassified,Urban,,Unknown
01:09:2015,21:35:39,UNC-Gaitan,244,244.899757,0.1511,0.1003,0.0773,0.0673,0.1412,0.0899,0.0665,0.0564,0.0099,0.0104,0.0108,0.0109,0.979017,71.865145,71.124819,4.165255,0.150004,0.147167,4,10,7,6,4,10,7,6,4,10,7,6,4,10,7,5,0.04237,0.08033,0.34432,0.36234,1,1,06:02:2021,07:59:06,9,4.31068,-72.3518,192.0,lev20,Almucantar,UNC-Gaitan,244,244.899757,0.147167,0.100498,0.077887,0.068771,0.927561,71.865145,71.124819,4.165255,0.150004,0.147167,4,10,7,6,4,10,7,6,4,10,7,6,4,10,7,5,0.04237,0.08033,0.34432,0.36234,1,1,06:02:2021,07:59:06,9,4.31068,-72.3518,192.0,lev20,Almucantar,UNC-Gaitan,244,244.899757,1.4582,1.4657499999999999,1.46885,1.4654500000000001,0.008315,0.0064,0.0064575,0.0065625,71.865145,71.124819,4.165255,0.150004,0.147167,4,10,7,6,4,10,7,6,4,10,7,6,4,10,7,5,0.04237,0.08033,0.34432,0.36234,1,1,06:02:2021,07:59:06,9,4.31068,-72.3518,192.0,lev20,Almucantar,UNC-Gaitan,244,244.899757,0.93125,0.9249499999999999,0.9092,0.9011499999999999,71.865145,71.124819,4.165255,0.150004,0.147167,4,10,7,6,4,10,7,6,4,10,7,6,4,10,7,5,0.04237,0.08033,0.34432,0.36234,1,1,06:02:2021,07:59:06,9,4.31068,-72.3518,192.0,lev20,Almucantar,UNC-Gaitan,244,244.899757,0.040528999999999996,0.022200499999999998,0.017569500000000002,0.015528,1.2454589999999999,71.865145,71.124819,4.165255,0.150004,0.147167,4,10,7,6,4,10,7,6,4,10,7,6,4,10,7,5,0.04237,0.08033,0.34432,0.36234,1,1,06:02:2021,07:59:06,9,4.31068,-72.3518,192.0,lev20,Almucantar,0.9831740354591657,0.13325431130673857,0.9160486187596728,Unclassified,Maritime,,Unknown
01:09:2015,21:55:54,UNC-Gaitan,244,244.913819,0.1329,0.0883,0.0668,0.0576,0.1202,0.0743,0.0521,0.0427,0.0127,0.014,0.0148,0.0149,1.001895,76.855704,76.117312,2.052283,0.010317,0.132698,4,10,7,6,4,10,7,6,4,10,7,6,4,10,7,5,0.04695,0.08804,0.37314,0.3901,1,1,06:02:2021,08:00:18,9,4.31068,-72.3518,192.0,lev20,Almucantar,UNC-Gaitan,244,244.913819,0.132698,0.087957,0.066903,0.058317,0.998477,76.855704,76.117312,2.052283,0.010317,0.132698,4,10,7,6,4,10,7,6,4,10,7,6,4,10,7,5,0.04695,0.08804,0.37314,0.3901,1,1,06:02:2021,08:00:18,9,4.31068,-72.3518,192.0,lev20,Almucantar,UNC-Gaitan,244,244.913819,1.4582,1.4657499999999999,1.46885,1.4654500000000001,0.008315,0.0064,0.0064575,0.0065625,76.855704,76.117312,2.052283,0.010317,0.132698,4,10,7,6,4,10,7,6,4,10,7,6,4,10,7,5,0.04695,0.08804,0.37314,0.3901,1,1,06:02:2021,08:00:18,9,4.31068,-72.3518,192.0,lev20,Almucantar,UNC-Gaitan,244,244.913819,0.93125,0.9249499999999999,0.9092,0.9011499999999999,76.855704,76.117312,2.052283,0.010317,0.132698,4,10,7,6,4,10,7,6,4,10,7,6,4,10,7,5,0.04695,0.08804,0.37314,0.3901,1,1,06:02:2021,08:00:18,9,4.31068,-72.3518,192.0,lev20,Almucantar,UNC-Gaitan,244,244.913819,0.040528999999999996,0.022200499999999998,0.017569500000000002,0.015528,1.2454589999999999,76.855704,76.117312,2.052283,0.010317,0.132698,4,10,7,6,4,10,7,6,4,10,7,6,4,10,7,5,0.04695,0.08804,0.37314,0.3901,1,1,06:02:2021,08:00:18,9,4.31068,-72.3518,192.0,lev20,Almucantar,1.0090585785460482,0.1168166492953827,0.8742994763261246,Unclassified,Maritime,,Unknown
27:09:2015,12:01:19,UNC-Gaitan,270,270.500914,0.1471,0.0842,0.0601,0.05,0.1279,0.0632,0.0374,0.0265,0.0192,0.021,0.0227,0.0235,1.310099,69.201621,69.946625,3.805227,0.295404,0.145824,4,10,7,6,4,10,7,6,4,10,6,5,4,10,6,4,0.04067,0.07752,0.33513,0.35683,1,1,06:02:2021,14:10:06,9,4.31068,-72.3518,192.0,lev20,Almucantar,UNC-Gaitan,270,270.500914,0.145824,0.081832,0.057307,0.054289,1.365902,69.201621,69.946625,3.805227,0.295404,0.145824,4,10,7,6,4,10,7,6,4,10,6,5,4,10,6,4,0.04067,0.07752,0.33513,0.35683,1,1,06:02:2021,14:10:06,9,4.31068,-72.3518,192.0,lev20,Almucantar,UNC-Gaitan,270,270.500914,1.4582,1.4657499999999999,1.46885,1.4654500000000001,0.008315,0.0064,0.0064575,0.0065625,69.201621,69.946625,3.805227,0.295404,0.145824,4,10,7,6,4,10,7,6,4,10,6,5,4,10,6,4,0.04067,0.07752,0.33513,0.35683,1,1,06:02:2021,14:10:06,9,4.31068,-72.3518,192.0,lev20,Almucantar,UNC-Gaitan,270,270.500914,0.93125,0.9249499999999999,0.9092,0.9011499999999999,69.201621,69.946625,3.805227,0.295404,0.145824,4,10,7,6,4,10,7,6,4,10,6,5,4,10,6,4,0.04067,0.07752,0.33513,0.35683,1,1,06:02:2021,14:10:06,9,4.31068,-72.3518,192.0,lev20,Almucantar,UNC-Gaitan,270,270.500914,0.040528999999999996,0.022200499999999998,0.017569500000000002,0.015528,1.2454589999999999,69.201621,69.946625,3.805227,0.295404,0.145824,4,10,7,6,4,10,7,6,4,10,6,5,4,10,6,4,0.04067,0.07752,0.33513,0.35683,1,1,06:02:2021,14:10:06,9,4.31068,-72.3518,192.0,lev20,Almucantar,1.3130094109336654,0.12437064848153183,0.8173384201780863,BCL,Maritime,,Unknown
23:03:2016,21:08:12,UNC-Gaitan,83,83.880694,0.6685,0.3018,0.1915,0.1485,0.6119,0.2395,0.1248,0.0801,0.0566,0.0623,0.0667,0.0685,1.84002,63.799884,63.052979,1.976126,0.01888,0.667581,3,10,8,5,3,10,8,5,3,10,8,5,3,10,8,5,0.04576,0.08757,0.2886,0.31548,1,1,07:02:2021,12:22:38,977,4.31068,-72.3518,192.0,lev20,Almucantar,UNC-Gaitan,83,83.880694,0.667581,0.300637,0.191302,0.148689,1.840173,63.799884,63.052979,1.976126,0.01888,0.667581,3,10,8,5,3,10,8,5,3,10,8,5,3,10,8,5,0.04576,0.08757,0.2886,0.31548,1,1,07:02:2021,12:22:38,977,4.31068,-72.3518,192.0,lev20,Almucantar,UNC-Gaitan,83,83.880694,1.5907,1.5494,1.5396,1.5281,0.015078,0.01053,0.009933,0.009884,63.799884,63.052979,1.976126,0.01888,0.667581,3,10,8,5,3,10,8,5,3,10,8,5,3,10,8,5,0.04576,0.08757,0.2886,0.31548,1,1,07:02:2021,12:22:38,977,4.31068,-72.3518,192.0,lev20,Almucantar,UNC-Gaitan,83,83.880694,0.9123,0.9083,0.8931,0.8831,63.799884,63.052979,1.976126,0.01888,0.667581,3,10,8,5,3,10,8,5,3,10,8,5,3,10,8,5,0.04576,0.08757,0.2886,0.31548,1,1,07:02:2021,12:22:38,977,4.31068,-72.3518,192.0,lev20,Almucantar,UNC-Gaitan,83,83.880694,0.058641,0.02766,0.020467,0.017363,1.569213,63.799884,63.052979,1.976126,0.01888,0.667581,3,10,8,5,3,10,8,5,3,10,8,5,3,10,8,5,0.04576,0.08757,0.2886,0.31548,1,1,07:02:2021,12:22:38,977,4.31068,-72.3518,192.0,lev20,Almucantar,1.8338194077351944,0.5288014755515501,0.8658030001065689,BCL,Arid,,Unknown
23:03:2016,21:42:03,UNC-Gaitan,83,83.904201,0.6789,0.3075,0.1952,0.1513,0.6186,0.2411,0.1244,0.0787,0.0603,0.0664,0.0708,0.0726,1.834351,72.222389,71.476415,1.486954,0.008311,0.678012,4,10,7,6,4,10,7,6,4,10,7,6,4,10,7,6,0.05127,0.09742,0.31944,0.34622,1,1,07:02:2021,12:21:37,977,4.31068,-72.3518,192.0,lev20,Almucantar,UNC-Gaitan,83,83.904201,0.678012,0.306451,0.195063,0.151447,1.834063,72.222389,71.476415,1.486954,0.008311,0.678012,4,10,7,6,4,10,7,6,4,10,7,6,4,10,7,6,0.05127,0.09742,0.31944,0.34622,1,1,07:02:2021,12:21:37,977,4.31068,-72.3518,192.0,lev20,Almucantar,UNC-Gaitan,83,83.904201,1.5554,1.5361,1.5274,1.5133,0.014064,0.012971,0.013191,0.013128,72.222389,71.476415,1.486954,0.008311,0.678012,4,10,7,6,4,10,7,6,4,10,7,6,4,10,7,6,0.05127,0.09742,0.31944,0.34622,1,1,07:02:2021,12:21:37,977,4.31068,-72.3518,192.0,lev20,Almucantar,UNC-Gaitan,83,83.904201,0.9134,0.8869,0.8609,0.8476,72.222389,71.476415,1.486954,0.008311,0.678012,4,10,7,6,4,10,7,6,4,10,7,6,4,10,7,6,0.05127,0.09742,0.31944,0.34622,1,1,07:02:2021,12:21:37,977,4.31068,-72.3518,192.0,lev20,Almucantar,UNC-Gaitan,83,83.904201,0.058765,0.034766,0.027148,0.023052,1.144812,72.222389,71.476415,1.486954,0.008311,0.678012,4,10,7,6,4,10,7,6,4,10,7,6,4,10,7,6,0.05127,0.09742,0.31944,0.34622,1,1,07:02:2021,12:21:37,977,4.31068,-72.3518,192.0,lev20,Almucantar,1.8283927973739997,0.5374008218966965,0.8598994387679837,BCL,Arid,,Unknown
23:03:2016,22:00:16,UNC-Gaitan,83,83.916852,0.6735,0.3057,0.1944,0.1505,0.6151,0.2407,0.1265,0.082,0.0584,0.065,0.0679,0.0685,1.828727,76.747317,76.002874,1.718489,0.003916,0.672573,4,10,7,6,4,10,7,6,4,10,7,6,4,10,7,6,0.0557,0.1052,0.34327,0.36988,1,1,07:02:2021,12:21:47,977,4.31068,-72.3518,192.0,lev20,Almucantar,UNC-Gaitan,83,83.916852,0.672573,0.304688,0.194169,0.150929,1.828955,76.747317,76.002874,1.718489,0.003916,0.672573,4,10,7,6,4,10,7,6,4,10,7,6,4,10,7,6,0.0557,0.1052,0.34327,0.36988,1,1,07:02:2021,12:21:47,977,4.31068,-72.3518,192.0,lev20,Almucantar,UNC-Gaitan,83,83.916852,1.474,1.4698,1.4679,1.4608,0.011715,0.010643,0.011203,0.011561,76.747317,76.002874,1.718489,0.003916,0.672573,4,10,7,6,4,10,7,6,4,10,7,6,4,10,7,6,0.0557,0.1052,0.34327,0.36988,1,1,07:02:2021,12:21:47,977,4.31068,-72.3518,192.0,lev20,Almucantar,UNC-Gaitan,83,83.916852,0.9168,0.8916,0.8642,0.8472,76.747317,76.002874,1.718489,0.003916,0.672573,4,10,7,6,4,10,7,6,4,10,7,6,4,10,7,6,0.0557,0.1052,0.34327,0.36988,1,1,07:02:2021,12:21:47,977,4.31068,-72.3518,192.0,lev20,Almucantar,UNC-Gaitan,83,83.916852,0.05604,0.03314,0.026406,0.023,1.118879,76.747317,76.002874,1.718489,0.003916,0.672573,4,10,7,6,4,10,7,6,4,10,7,6,4,10,7,6,0.0557,0.1052,0.34327,0.36988,1,1,07:02:2021,12:21:47,977,4.31068,-72.3518,192.0,lev20,Almucantar,1.8227026722103414,0.5335142431782752,0.8600668278761006,BCL,Arid,,Unknown
24:03:2016,11:55:22,UNC-Gaitan,84,84.496782,0.7658,0.3666,0.2419,0.1921,0.6816,0.2726,0.1439,0.093,0.0842,0.0939,0.0981,0.0991,1.697012,74.160504,74.905817,1.410026,0.00411,0.763782,4,10,7,6,4,10,7,6,4,10,7,6,4,10,7,6,0.05206,0.09984,0.33019,0.36338,1,1,07:02:2021,12:59:48,977,4.31068,-72.3518,192.0,lev20,Almucantar,UNC-Gaitan,84,84.496782,0.763782,0.366191,0.241623,0.192379,1.694678,74.160504,74.905817,1.410026,0.00411,0.763782,4,10,7,6,4,10,7,6,4,10,7,6,4,10,7,6,0.05206,0.09984,0.33019,0.36338,1,1,07:02:2021,12:59:48,977,4.31068,-72.3518,192.0,lev20,Almucantar,UNC-Gaitan,84,84.496782,1.4426,1.4494,1.4534,1.45,0.008995,0.006374,0.00614,0.006139,74.160504,74.905817,1.410026,0.00411,0.763782,4,10,7,6,4,10,7,6,4,10,7,6,4,10,7,6,0.05206,0.09984,0.33019,0.36338,1,1,07:02:2021,12:59:48,977,4.31068,-72.3518,192.0,lev20,Almucantar,UNC-Gaitan,84,84.496782,0.9258,0.9246,0.9141,0.9081,74.160504,74.905817,1.410026,0.00411,0.763782,4,10,7,6,4,10,7,6,4,10,7,6,4,10,7,6,0.05206,0.09984,0.33019,0.36338,1,1,07:02:2021,12:59:48,977,4.31068,-72.3518,192.0,lev20,Almucantar,UNC-Gaitan,84,84.496782,0.056782,0.027633,0.020775,0.017665,1.499511,74.160504,74.905817,1.410026,0.00411,0.763782,4,10,7,6,4,10,7,6,4,10,7,6,4,10,7,6,0.05206,0.09984,0.33019,0.36338,1,1,07:02:2021,12:59:48,977,4.31068,-72.3518,192.0,lev20,Almucantar,1.6904288899734625,0.6169745744689492,0.8267396768606015,BCL,Arid,,Unknown
24:03:2016,12:25:42,UNC-Gaitan,84,84.517847,0.7194,0.3411,0.2249,0.1787,0.6408,0.2541,0.1335,0.0856,0.0786,0.087,0.0914,0.093,1.712997,66.615259,67.361987,1.062198,0.00653,0.71759,4,10,7,6,4,10,7,6,4,10,7,6,4,10,7,6,0.04674,0.08998,0.29835,0.32945,1,1,07:02:2021,13:00:10,977,4.31068,-72.3518,192.0,lev20,Almucantar,UNC-Gaitan,84,84.517847,0.71759,0.340843,0.2245,0.178826,1.711593,66.615259,67.361987,1.062198,0.00653,0.71759,4,10,7,6,4,10,7,6,4,10,7,6,4,10,7,6,0.04674,0.08998,0.29835,0.32945,1,1,07:02:2021,13:00:10,977,4.31068,-72.3518,192.0,lev20,Almucantar,UNC-Gaitan,84,84.517847,1.4584,1.4653,1.4698,1.4649,0.009421,0.006799,0.006864,0.00701,66.615259,67.361987,1.062198,0.00653,0.71759,4,10,7,6,4,10,7,6,4,10,7,6,4,10,7,6,0.04674,0.08998,0.29835,0.32945,1,1,07:02:2021,13:00:10,977,4.31068,-72.3518,192.0,lev20,Almucantar,UNC-Gaitan,84,84.517847,0.9234,0.921,0.9066,0.8983,66.615259,67.361987,1.062198,0.00653,0.71759,4,10,7,6,4,10,7,6,4,10,7,6,4,10,7,6,0.04674,0.08998,0.29835,0.32945,1,1,07:02:2021,13:00:10,977,4.31068,-72.3518,192.0,lev20,Almucantar,UNC-Gaitan,84,84.517847,0.055098,0.026942,0.020993,0.018173,1.444951,66.615259,67.361987,1.062198,0.00653,0.71759,4,10,7,6,4,10,7,6,4,10,7,6,4,10,7,6,0.04674,0.08998,0.29835,0.32945,1,1,07:02:2021,13:00:10,977,4.31068,-72.3518,192.0,lev20,Almucantar,1.7056331877901048,0.5784665310832832,0.8287552963264452,BCL,Arid,,Unknown
24:03:2016,13:08:02,UNC-Gaitan,84,84.547245,0.6599,0.3106,0.2059,0.1646,0.5863,0.2292,0.12,0.0768,0.0735,0.0813,0.0859,0.0879,1.717334,56.07238,56.81972,1.146874,0.013209,0.658179,4,10,8,4,4,10,8,4,4,10,8,4,4,10,8,4,0.04251,0.08178,0.27064,0.3,1,1,07:02:2021,12:59:32,977,4.31068,-72.3518,192.0,lev20,Almucantar,UNC-Gaitan,84,84.547245,0.658179,0.310213,0.205451,0.164026,1.71644,56.07238,56.81972,1.146874,0.013209,0.658179,4,10,8,4,4,10,8,4,4,10,8,4,4,10,8,4,0.04251,0.08178,0.27064,0.3,1,1,07:02:2021,12:59:32,977,4.31068,-72.3518,192.0,lev20,Almucantar,UNC-Gaitan,84,84.547245,1.4736,1.4826,1.4893,1.4849,0.009371,0.006224,0.006358,0.006657,56.07238,56.81972,1.146874,0.013209,0.658179,4,10,8,4,4,10,8,4,4,10,8,4,4,10,8,4,0.04251,0.08178,0.27064,0.3,1,1,07:02:2021,12:59:32,977,4.31068,-72.3518,192.0,lev20,Almucantar,UNC-Gaitan,84,84.547245,0.9244,0.9256,0.9118,0.9027,56.07238,56.81972,1.146874,0.013209,0.658179,4,10,8,4,4,10,8,4,4,10,8,4,4,10,8,4,0.04251,0.08178,0.27064,0.3,1,1,07:02:2021,12:59:32,977,4.31068,-72.3518,192.0,lev20,Almucantar,UNC-Gaitan,84,84.547245,0.049873,0.023106,0.018164,0.016011,1.517502,56.07238,56.81972,1.146874,0.013209,0.658179,4,10,8,4,4,10,8,4,4,10,8,4,4,10,8,4,0.04251,0.08178,0.27064,0.3,1,1,07:02:2021,12:59:32,977,4.31068,-72.3518,192.0,lev20,Almucantar,1.7084731020695705,0.530430229814026,0.8242902133978354,BCL,Arid,,Unknown
24:03:2016,13:32:13,UNC-Gaitan,84,84.564039,0.6134,0.2875,0.1911,0.1535,0.5458,0.2125,0.1122,0.0729,0.0676,0.075,0.0789,0.0806,1.720365,50.047683,50.795066,1.350295,0.017426,0.612141,3,10,8,4,3,10,8,4,3,10,8,4,3,10,8,4,0.04111,0.07889,0.26019,0.2889,1,1,07:02:2021,13:00:16,977,4.31068,-72.3518,192.0,lev20,Almucantar,UNC-Gaitan,84,84.564039,0.612141,0.287215,0.190829,0.152821,1.719268,50.047683,50.795066,1.350295,0.017426,0.612141,3,10,8,4,3,10,8,4,3,10,8,4,3,10,8,4,0.04111,0.07889,0.26019,0.2889,1,1,07:02:2021,13:00:16,977,4.31068,-72.3518,192.0,lev20,Almucantar,UNC-Gaitan,84,84.564039,1.4303,1.4506,1.4632,1.466,0.008594,0.005453,0.005612,0.005637,50.047683,50.795066,1.350295,0.017426,0.612141,3,10,8,4,3,10,8,4,3,10,8,4,3,10,8,4,0.04111,0.07889,0.26019,0.2889,1,1,07:02:2021,13:00:16,977,4.31068,-72.3518,192.0,lev20,Almucantar,UNC-Gaitan,84,84.564039,0.9246,0.9294,0.9158,0.9105,50.047683,50.795066,1.350295,0.017426,0.612141,3,10,8,4,3,10,8,4,3,10,8,4,3,10,8,4,0.04111,0.07889,0.26019,0.2889,1,1,07:02:2021,13:00:16,977,4.31068,-72.3518,192.0,lev20,Almucantar,UNC-Gaitan,84,84.564039,0.046233,0.020286,0.016088,0.013738,1.59077,50.047683,50.795066,1.350295,0.017426,0.612141,3,10,8,4,3,10,8,4,3,10,8,4,3,10,8,4,0.04111,0.07889,0.26019,0.2889,1,1,07:02:2021,13:00:16,977,4.31068,-72.3518,192.0,lev20,Almucantar,1.7107067309242734,0.49291258335055677,0.8245013509416326,BCL,Arid,,Unknown
24:03:2016,21:08:03,UNC-Gaitan,84,84.88059,0.6116,0.2893,0.1921,0.155,0.5425,0.2119,0.1107,0.0722,0.0692,0.0774,0.0814,0.0828,1.707386,63.810288,63.06335,2.420013,0.031018,0.610724,3,10,6,5,3,10,5,5,3,10,5,5,3,10,5,5,0.04577,0.08757,0.28863,0.31549,1,1,07:02:2021,13:01:59,977,4.31068,-72.3518,192.0,lev20,Almucantar,UNC-Gaitan,84,84.88059,0.610724,0.28826,0.192304,0.154094,1.704629,63.810288,63.06335,2.420013,0.031018,0.610724,3,10,6,5,3,10,5,5,3,10,5,5,3,10,5,5,0.04577,0.08757,0.28863,0.31549,1,1,07:02:2021,13:01:59,977,4.31068,-72.3518,192.0,lev20,Almucantar,UNC-Gaitan,84,84.88059,1.458,1.4662,1.4713,1.4716,0.008036,0.005681,0.005536,0.005606,63.810288,63.06335,2.420013,0.031018,0.610724,3,10,6,5,3,10,5,5,3,10,5,5,3,10,5,5,0.04577,0.08757,0.28863,0.31549,1,1,07:02:2021,13:01:59,977,4.31068,-72.3518,192.0,lev20,Almucantar,UNC-Gaitan,84,84.88059,0.9335,0.9314,0.9228,0.9176,63.810288,63.06335,2.420013,0.031018,0.610724,3,10,6,5,3,10,5,5,3,10,5,5,3,10,5,5,0.04577,0.08757,0.28863,0.31549,1,1,07:02:2021,13:01:59,977,4.31068,-72.3518,192.0,lev20,Almucantar,UNC-Gaitan,84,84.88059,0.040663,0.019839,0.014835,0.012778,1.50266,63.810288,63.06335,2.420013,0.031018,0.610724,3,10,6,5,3,10,5,5,3,10,5,5,3,10,5,5,0.04577,0.08757,0.28863,0.31549,1,1,07:02:2021,13:01:59,977,4.31068,-72.3518,192.0,lev20,Almucantar,1.6987399200834576,0.49221854880572424,0.8190488364850856,BCL,Arid,,Unknown
24:03:2016,22:08:13,UNC-Gaitan,84,84.922373,0.6085,0.2937,0.1981,0.1609,0.5358,0.2123,0.1129,0.0746,0.0727,0.0814,0.0852,0.0863,1.655278,78.76492,78.021827,3.50697,0.009328,0.607663,4,9,7,6,4,10,7,6,4,10,7,6,4,10,7,6,0.05942,0.11068,0.35737,0.38386,1,1,07:02:2021,13:02:45,977,4.31068,-72.3518,192.0,lev20,Almucantar,UNC-Gaitan,84,84.922373,0.607663,0.292562,0.197727,0.160238,1.656556,78.76492,78.021827,3.50697,0.009328,0.607663,4,9,7,6,4,10,7,6,4,10,7,6,4,10,7,6,0.05942,0.11068,0.35737,0.38386,1,1,07:02:2021,13:02:45,977,4.31068,-72.3518,192.0,lev20,Almucantar,UNC-Gaitan,84,84.922373,1.4259,1.432,1.4367,1.4373,0.007136,0.006934,0.007488,0.007889,78.76492,78.021827,3.50697,0.009328,0.607663,4,9,7,6,4,10,7,6,4,10,7,6,4,10,7,6,0.05942,0.11068,0.35737,0.38386,1,1,07:02:2021,13:02:45,977,4.31068,-72.3518,192.0,lev20,Almucantar,UNC-Gaitan,84,84.922373,0.9372,0.9174,0.8992,0.8894,78.76492,78.021827,3.50697,0.009328,0.607663,4,9,7,6,4,10,7,6,4,10,7,6,4,10,7,6,0.05942,0.11068,0.35737,0.38386,1,1,07:02:2021,13:02:45,977,4.31068,-72.3518,192.0,lev20,Almucantar,UNC-Gaitan,84,84.922373,0.038212,0.024267,0.019956,0.017804,0.966066,78.76492,78.021827,3.50697,0.009328,0.607663,4,9,7,6,4,10,7,6,4,10,7,6,4,10,7,6,0.05942,0.11068,0.35737,0.38386,1,1,07:02:2021,13:02:45,977,4.31068,-72.3518,192.0,lev20,Almucantar,1.6461706464613977,0.49302573259313726,0.8098380645755083,BCL,Arid,,Unknown
25:03:2016,13:07:38,UNC-Gaitan,85,85.546968,0.7536,0.3684,0.2435,0.1933,0.673,0.2783,0.1499,0.0987,0.0807,0.09,0.0936,0.0946,1.662078,56.070082,56.817479,1.306625,0.015631,0.752891,4,10,8,4,4,10,8,4,4,10,8,4,4,9,8,4,0.04248,0.08175,0.2706,0.29996,1,1,07:02:2021,12:15:21,977,4.31068,-72.3518,192.0,lev20,Almucantar,UNC-Gaitan,85,85.546968,0.752891,0.367211,0.243121,0.192662,1.663449,56.070082,56.817479,1.306625,0.015631,0.752891,4,10,8,4,4,10,8,4,4,10,8,4,4,9,8,4,0.04248,0.08175,0.2706,0.29996,1,1,07:02:2021,12:15:21,977,4.31068,-72.3518,192.0,lev20,Almucantar,UNC-Gaitan,85,85.546968,1.4164,1.4324,1.4403,1.4411,0.007785,0.006426,0.006487,0.006468,56.070082,56.817479,1.306625,0.015631,0.752891,4,10,8,4,4,10,8,4,4,10,8,4,4,9,8,4,0.04248,0.08175,0.2706,0.29996,1,1,07:02:2021,12:15:21,977,4.31068,-72.3518,192.0,lev20,Almucantar,UNC-Gaitan,85,85.546968,0.9337,0.9253,0.9129,0.9074,56.070082,56.817479,1.306625,0.015631,0.752891,4,10,8,4,4,10,8,4,4,10,8,4,4,9,8,4,0.04248,0.08175,0.2706,0.29996,1,1,07:02:2021,12:15:21,977,4.31068,-72.3518,192.0,lev20,Almucantar,UNC-Gaitan,85,85.546968,0.049953,0.027531,0.021209,0.017901,1.273234,56.070082,56.817479,1.306625,0.015631,0.752891,4,10,8,4,4,10,8,4,4,10,8,4,4,9,8,4,0.04248,0.08175,0.2706,0.29996,1,1,07:02:2021,12:15:21,977,4.31068,-72.3518,192.0,lev20,Almucantar,1.6572013316852858,0.6097299106941145,0.8332817356059949,BCL,Arid,,Unknown
25:03:2016,13:31:46,UNC-Gaitan,85,85.563727,0.7608,0.3709,0.245,0.1945,0.6907,0.2962,0.165,0.1108,0.0701,0.0747,0.0801,0.0837,1.667181,50.057114,50.804617,1.349773,0.011294,0.759763,3,10,8,4,3,10,8,4,3,10,8,4,3,10,5,4,0.04109,0.07887,0.26018,0.28889,1,1,07:02:2021,12:15:56,977,4.31068,-72.3518,192.0,lev20,Almucantar,UNC-Gaitan,85,85.563727,0.759763,0.369663,0.244708,0.193952,1.667438,50.057114,50.804617,1.349773,0.011294,0.759763,3,10,8,4,3,10,8,4,3,10,8,4,3,10,5,4,0.04109,0.07887,0.26018,0.28889,1,1,07:02:2021,12:15:56,977,4.31068,-72.3518,192.0,lev20,Almucantar,UNC-Gaitan,85,85.563727,1.4822,1.4736,1.4735,1.4685,0.007815,0.005273,0.005091,0.005114,50.057114,50.804617,1.349773,0.011294,0.759763,3,10,8,4,3,10,8,4,3,10,8,4,3,10,5,4,0.04109,0.07887,0.26018,0.28889,1,1,07:02:2021,12:15:56,977,4.31068,-72.3518,192.0,lev20,Almucantar,UNC-Gaitan,85,85.563727,0.9406,0.9434,0.9365,0.932,50.057114,50.804617,1.349773,0.011294,0.759763,3,10,8,4,3,10,8,4,3,10,8,4,3,10,5,4,0.04109,0.07887,0.26018,0.28889,1,1,07:02:2021,12:15:56,977,4.31068,-72.3518,192.0,lev20,Almucantar,UNC-Gaitan,85,85.563727,0.045188,0.021008,0.015565,0.01323,1.590105,50.057114,50.804617,1.349773,0.011294,0.759763,3,10,8,4,3,10,8,4,3,10,8,4,3,10,5,4,0.04109,0.07887,0.26018,0.28889,1,1,07:02:2021,12:15:56,977,4.31068,-72.3518,192.0,lev20,Almucantar,1.6621410832430672,0.6151667766788897,0.8635604418991427,BCL,Arid,,Unknown
25:03:2016,20:43:44,UNC-Gaitan,85,85.863704,0.5278,0.2548,0.1691,0.1349,0.4722,0.1923,0.1031,0.0679,0.0557,0.0625,0.066,0.0671,1.676303,57.803909,57.056644,0.952791,0.001657,0.52672,4,10,7,5,4,10,7,5,4,10,7,5,4,10,7,5,0.04332,0.08301,0.27364,0.3005,1,1,07:02:2021,12:17:02,977,4.31068,-72.3518,192.0,lev20,Almucantar,UNC-Gaitan,85,85.863704,0.52672,0.253858,0.16899,0.134505,1.674869,57.803909,57.056644,0.952791,0.001657,0.52672,4,10,7,5,4,10,7,5,4,10,7,5,4,10,7,5,0.04332,0.08301,0.27364,0.3005,1,1,07:02:2021,12:17:02,977,4.31068,-72.3518,192.0,lev20,Almucantar,UNC-Gaitan,85,85.863704,1.496,1.4985,1.5008,1.4968,0.009316,0.008688,0.009956,0.010866,57.803909,57.056644,0.952791,0.001657,0.52672,4,10,7,5,4,10,7,5,4,10,7,5,4,10,7,5,0.04332,0.08301,0.27364,0.3005,1,1,07:02:2021,12:17:02,977,4.31068,-72.3518,192.0,lev20,Almucantar,UNC-Gaitan,85,85.863704,0.9298,0.9124,0.8843,0.8689,57.803909,57.056644,0.952791,0.001657,0.52672,4,10,7,5,4,10,7,5,4,10,7,5,4,10,7,5,0.04332,0.08301,0.27364,0.3005,1,1,07:02:2021,12:17:02,977,4.31068,-72.3518,192.0,lev20,Almucantar,UNC-Gaitan,85,85.863704,0.037047,0.022323,0.01957,0.017692,0.963804,57.803909,57.056644,0.952791,0.001657,0.52672,4,10,7,5,4,10,7,5,4,10,7,5,4,10,7,5,0.04332,0.08301,0.27364,0.3005,1,1,07:02:2021,12:17:02,977,4.31068,-72.3518,192.0,lev20,Almucantar,1.6696439859701568,0.42635878244570796,0.8338121331724891,BCL,Unclassified,,Unknown
25:03:2016,21:07:50,UNC-Gaitan,85,85.88044,0.4987,0.2402,0.1593,0.1274,0.4447,0.1803,0.0957,0.0622,0.054,0.0599,0.0636,0.0652,1.680797,63.805573,63.058645,0.980271,0.005821,0.497488,3,10,8,5,3,10,8,5,3,10,8,5,3,10,8,5,0.04577,0.08758,0.28864,0.3155,1,1,07:02:2021,12:17:56,977,4.31068,-72.3518,192.0,lev20,Almucantar,UNC-Gaitan,85,85.88044,0.497488,0.239153,0.159196,0.12709,1.678926,63.805573,63.058645,0.980271,0.005821,0.497488,3,10,8,5,3,10,8,5,3,10,8,5,3,10,8,5,0.04577,0.08758,0.28864,0.3155,1,1,07:02:2021,12:17:56,977,4.31068,-72.3518,192.0,lev20,Almucantar,UNC-Gaitan,85,85.88044,1.4943,1.496,1.4972,1.4913,0.008961,0.006792,0.007725,0.008478,63.805573,63.058645,0.980271,0.005821,0.497488,3,10,8,5,3,10,8,5,3,10,8,5,3,10,8,5,0.04577,0.08758,0.28864,0.3155,1,1,07:02:2021,12:17:56,977,4.31068,-72.3518,192.0,lev20,Almucantar,UNC-Gaitan,85,85.88044,0.9313,0.9269,0.9056,0.8905,63.805573,63.058645,0.980271,0.005821,0.497488,3,10,8,5,3,10,8,5,3,10,8,5,3,10,8,5,0.04577,0.08758,0.28864,0.3155,1,1,07:02:2021,12:17:56,977,4.31068,-72.3518,192.0,lev20,Almucantar,UNC-Gaitan,85,85.88044,0.034259,0.017564,0.015038,0.013942,1.247005,63.805573,63.058645,0.980271,0.005821,0.497488,3,10,8,5,3,10,8,5,3,10,8,5,3,10,8,5,0.04577,0.08758,0.28864,0.3155,1,1,07:02:2021,12:17:56,977,4.31068,-72.3518,192.0,lev20,Almucantar,1.6740275072304622,0.40262601648895463,0.8317710197990051,BCL,Unclassified,,Unknown
25:03:2016,21:50:01,UNC-Gaitan,85,85.909734,0.4899,0.2353,0.1553,0.1237,0.4349,0.1735,0.0899,0.0572,0.055,0.0617,0.0655,0.0666,1.691525,74.298383,73.553084,1.087732,0.006996,0.488782,4,10,7,6,4,10,7,6,4,10,7,6,4,10,7,6,0.05295,0.10053,0.32938,0.35613,1,1,07:02:2021,12:19:37,977,4.31068,-72.3518,192.0,lev20,Almucantar,UNC-Gaitan,85,85.909734,0.488782,0.234395,0.155242,0.123435,1.689389,74.298383,73.553084,1.087732,0.006996,0.488782,4,10,7,6,4,10,7,6,4,10,7,6,4,10,7,6,0.05295,0.10053,0.32938,0.35613,1,1,07:02:2021,12:19:37,977,4.31068,-72.3518,192.0,lev20,Almucantar,UNC-Gaitan,85,85.909734,1.4813,1.488,1.4868,1.4778,0.009299,0.007225,0.007977,0.008354,74.298383,73.553084,1.087732,0.006996,0.488782,4,10,7,6,4,10,7,6,4,10,7,6,4,10,7,6,0.05295,0.10053,0.32938,0.35613,1,1,07:02:2021,12:19:37,977,4.31068,-72.3518,192.0,lev20,Almucantar,UNC-Gaitan,85,85.909734,0.927,0.9213,0.9001,0.8886,74.298383,73.553084,1.087732,0.006996,0.488782,4,10,7,6,4,10,7,6,4,10,7,6,4,10,7,6,0.05295,0.10053,0.32938,0.35613,1,1,07:02:2021,12:19:37,977,4.31068,-72.3518,192.0,lev20,Almucantar,UNC-Gaitan,85,85.909734,0.03575,0.018519,0.015526,0.013788,1.258532,74.298383,73.553084,1.087732,0.006996,0.488782,4,10,7,6,4,10,7,6,4,10,7,6,4,10,7,6,0.05295,0.10053,0.32938,0.35613,1,1,07:02:2021,12:19:37,977,4.31068,-72.3518,192.0,lev20,Almucantar,1.685215502018023,0.39495605648241594,0.8236605013958066,BCL,Urban,,Unknown
25:03:2016,22:08:03,UNC-Gaitan,85,85.922257,0.4989,0.2398,0.1583,0.1258,0.4445,0.1796,0.0943,0.0603,0.0544,0.0601,0.0639,0.0655,1.690122,78.771313,78.028336,1.303747,0.00305,0.497805,4,10,7,6,4,10,7,6,4,10,7,6,4,10,7,6,0.05762,0.10895,0.35576,0.38234,1,1,07:02:2021,12:18:36,977,4.31068,-72.3518,192.0,lev20,Almucantar,UNC-Gaitan,85,85.922257,0.497805,0.238962,0.158174,0.125575,1.688599,78.771313,78.028336,1.303747,0.00305,0.497805,4,10,7,6,4,10,7,6,4,10,7,6,4,10,7,6,0.05762,0.10895,0.35576,0.38234,1,1,07:02:2021,12:18:36,977,4.31068,-72.3518,192.0,lev20,Almucantar,UNC-Gaitan,85,85.922257,1.4945,1.4881,1.4845,1.4745,0.008833,0.007823,0.008792,0.009195,78.771313,78.028336,1.303747,0.00305,0.497805,4,10,7,6,4,10,7,6,4,10,7,6,4,10,7,6,0.05762,0.10895,0.35576,0.38234,1,1,07:02:2021,12:18:36,977,4.31068,-72.3518,192.0,lev20,Almucantar,UNC-Gaitan,85,85.922257,0.9326,0.9184,0.8934,0.8804,78.771313,78.028336,1.303747,0.00305,0.497805,4,10,7,6,4,10,7,6,4,10,7,6,4,10,7,6,0.05762,0.10895,0.35576,0.38234,1,1,07:02:2021,12:18:36,977,4.31068,-72.3518,192.0,lev20,Almucantar,UNC-Gaitan,85,85.922257,0.033606,0.019577,0.016867,0.015045,1.039399,78.771313,78.028336,1.303747,0.00305,0.497805,4,10,7,6,4,10,7,6,4,10,7,6,4,10,7,6,0.05762,0.10895,0.35576,0.38234,1,1,07:02:2021,12:18:36,977,4.31068,-72.3518,192.0,lev20,Almucantar,1.6838529887069429,0.40228189338246606,0.8314847541978414,BCL,Unclassified,,Unknown
26:03:2016,22:07:59,UNC-Gaitan,86,86.922211,0.734,0.3601,0.2408,0.1933,0.65,0.2669,0.1429,0.0936,0.084,0.0932,0.0978,0.0996,1.641189,78.803051,78.060246,4.052505,0.003868,0.732554,4,10,7,6,4,10,7,6,4,10,6,6,4,10,6,5,0.05772,0.10907,0.35602,0.38263,1,1,07:02:2021,12:17:23,977,4.31068,-72.3518,192.0,lev20,Almucantar,UNC-Gaitan,86,86.922211,0.732554,0.35898,0.24044,0.192598,1.64084,78.803051,78.060246,4.052505,0.003868,0.732554,4,10,7,6,4,10,7,6,4,10,6,6,4,10,6,5,0.05772,0.10907,0.35602,0.38263,1,1,07:02:2021,12:17:23,977,4.31068,-72.3518,192.0,lev20,Almucantar,UNC-Gaitan,86,86.922211,1.4584,1.4738,1.4827,1.4833,0.00621,0.005166,0.005169,0.005211,78.803051,78.060246,4.052505,0.003868,0.732554,4,10,7,6,4,10,7,6,4,10,6,6,4,10,6,5,0.05772,0.10907,0.35602,0.38263,1,1,07:02:2021,12:17:23,977,4.31068,-72.3518,192.0,lev20,Almucantar,UNC-Gaitan,86,86.922211,0.9452,0.939,0.9295,0.9247,78.803051,78.060246,4.052505,0.003868,0.732554,4,10,7,6,4,10,7,6,4,10,6,6,4,10,6,5,0.05772,0.10907,0.35602,0.38263,1,1,07:02:2021,12:17:23,977,4.31068,-72.3518,192.0,lev20,Almucantar,UNC-Gaitan,86,86.922211,0.040209,0.021978,0.016975,0.014562,1.282747,78.803051,78.060246,4.052505,0.003868,0.732554,4,10,7,6,4,10,7,6,4,10,6,6,4,10,6,5,0.05772,0.10907,0.35602,0.38263,1,1,07:02:2021,12:17:23,977,4.31068,-72.3518,192.0,lev20,Almucantar,1.634901121407814,0.5955671269854735,0.8230512109503568,BCL,Arid,,Unknown
29:03:2016,21:07:08,UNC-Gaitan,89,89.879954,1.0788,0.5388,0.3423,0.2607,1.0111,0.4644,0.2624,0.1781,0.0677,0.0744,0.0799,0.0825,1.680792,63.841234,63.09479,4.072222,0.031376,1.07614,3,9,8,5,3,9,8,4,3,8,7,4,3,9,5,4,0.04544,0.08691,0.29034,0.31633,1,1,07:02:2021,13:28:30,977,4.31068,-72.3518,192.0,lev20,Almucantar,UNC-Gaitan,89,89.879954,1.07614,0.537696,0.34155,0.260311,1.68033,63.841234,63.09479,4.072222,0.031376,1.07614,3,9,8,5,3,9,8,4,3,8,7,4,3,9,5,4,0.04544,0.08691,0.29034,0.31633,1,1,07:02:2021,13:28:30,977,4.31068,-72.3518,192.0,lev20,Almucantar,UNC-Gaitan,89,89.879954,1.4312,1.4408,1.4443,1.4432,0.004509,0.004106,0.004004,0.003996,63.841234,63.09479,4.072222,0.031376,1.07614,3,9,8,5,3,9,8,4,3,8,7,4,3,9,5,4,0.04544,0.08691,0.29034,0.31633,1,1,07:02:2021,13:28:30,977,4.31068,-72.3518,192.0,lev20,Almucantar,UNC-Gaitan,89,89.879954,0.9649,0.959,0.9524,0.9479,63.841234,63.09479,4.072222,0.031376,1.07614,3,9,8,5,3,9,8,4,3,8,7,4,3,9,5,4,0.04544,0.08691,0.29034,0.31633,1,1,07:02:2021,13:28:30,977,4.31068,-72.3518,192.0,lev20,Almucantar,UNC-Gaitan,89,89.879954,0.03788,0.022078,0.016276,0.013585,1.243913,63.841234,63.09479,4.072222,0.031376,1.07614,3,9,8,5,3,9,8,4,3,8,7,4,3,9,5,4,0.04544,0.08691,0.29034,0.31633,1,1,07:02:2021,13:28:30,977,4.31068,-72.3518,192.0,lev20,Almucantar,1.683857884788661,0.8698765984355104,0.9076514309097716,FNA,Biomass,,Unknown
07:04:2016,13:26:48,UNC-Gaitan,98,98.560278,0.1712,0.0882,0.0587,0.0451,0.1567,0.0725,0.0415,0.027,0.0145,0.0157,0.0172,0.0182,1.571139,50.186927,50.930761,1.873576,0.196063,0.170472,3,10,8,4,3,10,8,4,3,10,7,4,3,10,7,3,0.04041,0.07781,0.26403,0.29096,1,1,07:02:2021,14:41:36,977,4.31068,-72.3518,192.0,lev20,Almucantar,UNC-Gaitan,98,98.560278,0.170472,0.085185,0.05906,0.047967,1.564897,50.186927,50.930761,1.873576,0.196063,0.170472,3,10,8,4,3,10,8,4,3,10,7,4,3,10,7,3,0.04041,0.07781,0.26403,0.29096,1,1,07:02:2021,14:41:36,977,4.31068,-72.3518,192.0,lev20,Almucantar,UNC-Gaitan,98,98.560278,1.4582,1.4657499999999999,1.46885,1.4654500000000001,0.008315,0.0064,0.0064575,0.0065625,50.186927,50.930761,1.873576,0.196063,0.170472,3,10,8,4,3,10,8,4,3,10,7,4,3,10,7,3,0.04041,0.07781,0.26403,0.29096,1,1,07:02:2021,14:41:36,977,4.31068,-72.3518,192.0,lev20,Almucantar,UNC-Gaitan,98,98.560278,0.93125,0.9249499999999999,0.9092,0.9011499999999999,50.186927,50.930761,1.873576,0.196063,0.170472,3,10,8,4,3,10,8,4,3,10,7,4,3,10,7,3,0.04041,0.07781,0.26403,0.29096,1,1,07:02:2021,14:41:36,977,4.31068,-72.3518,192.0,lev20,Almucantar,UNC-Gaitan,98,98.560278,0.040528999999999996,0.022200499999999998,0.017569500000000002,0.015528,1.2454589999999999,50.186927,50.930761,1.873576,0.196063,0.170472,3,10,8,4,3,10,8,4,3,10,7,4,3,10,7,3,0.04041,0.07781,0.26403,0.29096,1,1,07:02:2021,14:41:36,977,4.31068,-72.3518,192.0,lev20,Almucantar,1.570138936877443,0.14006635991047814,0.880901616951962,BCL,Maritime,,Unknown
15:04:2016,20:38:17,UNC-Gaitan,106,106.859919,0.5606,0.2763,0.1745,0.1302,0.5408,0.2552,0.1522,0.1071,0.0198,0.0211,0.0223,0.0231,1.709261,57.746129,57.008647,2.082044,0.085224,0.559218,4,10,7,5,4,10,5,5,4,10,5,5,4,10,8,4,0.04192,0.08076,0.27912,0.30326,1,1,07:02:2021,15:30:06,977,4.31068,-72.3518,192.0,lev20,Almucantar,UNC-Gaitan,106,106.859919,0.559218,0.275293,0.17434,0.131933,1.707506,57.746129,57.008647,2.082044,0.085224,0.559218,4,10,7,5,4,10,5,5,4,10,5,5,4,10,8,4,0.04192,0.08076,0.27912,0.30326,1,1,07:02:2021,15:30:06,977,4.31068,-72.3518,192.0,lev20,Almucantar,UNC-Gaitan,106,106.859919,1.3413,1.3735,1.3917,1.3988,0.003213,0.003147,0.003438,0.003573,57.746129,57.008647,2.082044,0.085224,0.559218,4,10,7,5,4,10,5,5,4,10,5,5,4,10,8,4,0.04192,0.08076,0.27912,0.30326,1,1,07:02:2021,15:30:06,977,4.31068,-72.3518,192.0,lev20,Almucantar,UNC-Gaitan,106,106.859919,0.9685,0.9613,0.9496,0.9412,57.746129,57.008647,2.082044,0.085224,0.559218,4,10,7,5,4,10,5,5,4,10,5,5,4,10,8,4,0.04192,0.08076,0.27912,0.30326,1,1,07:02:2021,15:30:06,977,4.31068,-72.3518,192.0,lev20,Almucantar,UNC-Gaitan,106,106.859919,0.017646,0.010697,0.008798,0.007655,1.038392,57.746129,57.008647,2.082044,0.085224,0.559218,4,10,7,5,4,10,5,5,4,10,5,5,4,10,8,4,0.04192,0.08076,0.27912,0.30326,1,1,07:02:2021,15:30:06,977,4.31068,-72.3518,192.0,lev20,Almucantar,1.7119719110148737,0.4504109991680183,0.9487483533224926,FNA,Arid,,Unknown
15:04:2016,21:02:43,UNC-Gaitan,106,106.876887,0.5765,0.2843,0.1809,0.1358,0.5599,0.2672,0.1632,0.1176,0.0166,0.0171,0.0177,0.0182,1.698517,63.75219,63.01485,4.096904,0.198412,0.574325,3,10,8,4,3,10,8,3,3,10,8,3,3,10,8,3,0.04431,0.08523,0.29413,0.31819,1,1,07:02:2021,15:30:18,977,4.31068,-72.3518,192.0,lev20,Almucantar,UNC-Gaitan,106,106.876887,0.574325,0.286296,0.182189,0.138293,1.681564,63.75219,63.01485,4.096904,0.198412,0.574325,3,10,8,4,3,10,8,3,3,10,8,3,3,10,8,3,0.04431,0.08523,0.29413,0.31819,1,1,07:02:2021,15:30:18,977,4.31068,-72.3518,192.0,lev20,Almucantar,UNC-Gaitan,106,106.876887,1.33,1.3624,1.3819,1.3903,0.003102,0.003245,0.003375,0.003426,63.75219,63.01485,4.096904,0.198412,0.574325,3,10,8,4,3,10,8,3,3,10,8,3,3,10,8,3,0.04431,0.08523,0.29413,0.31819,1,1,07:02:2021,15:30:18,977,4.31068,-72.3518,192.0,lev20,Almucantar,UNC-Gaitan,106,106.876887,0.968,0.9579,0.9485,0.942,63.75219,63.01485,4.096904,0.198412,0.574325,3,10,8,4,3,10,8,3,3,10,8,3,3,10,8,3,0.04431,0.08523,0.29413,0.31819,1,1,07:02:2021,15:30:18,977,4.31068,-72.3518,192.0,lev20,Almucantar,UNC-Gaitan,106,106.876887,0.018429,0.01196,0.009318,0.007876,1.003459,63.75219,63.01485,4.096904,0.198412,0.574325,3,10,8,4,3,10,8,3,3,10,8,3,3,10,8,3,0.04431,0.08523,0.29413,0.31819,1,1,07:02:2021,15:30:18,977,4.31068,-72.3518,192.0,lev20,Almucantar,1.7001606576007076,0.46388564668373644,0.9586996438766829,FNA,Arid,,Unknown
18:04:2016,22:05:17,UNC-Gaitan,109,109.920336,0.076,0.0387,0.0286,0.0238,0.0667,0.0284,0.0177,0.0127,0.0093,0.0103,0.0108,0.0111,1.451416,79.219334,78.489215,2.337704,0.035791,0.074948,4,10,4,6,4,9,5,5,2,8,5,4,2,10,6,3,0.05605,0.10683,0.3644,0.38774,1,1,07:02:2021,17:01:29,977,4.31068,-72.3518,192.0,lev20,Almucantar,UNC-Gaitan,109,109.920336,0.074948,0.037636,0.028939,0.023992,1.42095,79.219334,78.489215,2.337704,0.035791,0.074948,4,10,4,6,4,9,5,5,2,8,5,4,2,10,6,3,0.05605,0.10683,0.3644,0.38774,1,1,07:02:2021,17:01:29,977,4.31068,-72.3518,192.0,lev20,Almucantar,UNC-Gaitan,109,109.920336,1.4582,1.4657499999999999,1.46885,1.4654500000000001,0.008315,0.0064,0.0064575,0.0065625,79.219334,78.489215,2.337704,0.035791,0.074948,4,10,4,6,4,9,5,5,2,8,5,4,2,10,6,3,0.05605,0.10683,0.3644,0.38774,1,1,07:02:2021,17:01:29,977,4.31068,-72.3518,192.0,lev20,Almucantar,UNC-Gaitan,109,109.920336,0.93125,0.9249499999999999,0.9092,0.9011499999999999,79.219334,78.489215,2.337704,0.035791,0.074948,4,10,4,6,4,9,5,5,2,8,5,4,2,10,6,3,0.05605,0.10683,0.3644,0.38774,1,1,07:02:2021,17:01:29,977,4.31068,-72.3518,192.0,lev20,Almucantar,UNC-Gaitan,109,109.920336,0.040528999999999996,0.022200499999999998,0.017569500000000002,0.015528,1.2454589999999999,79.219334,78.489215,2.337704,0.035791,0.074948,4,10,4,6,4,9,5,5,2,8,5,4,2,10,6,3,0.05605,0.10683,0.3644,0.38774,1,1,07:02:2021,17:01:29,977,4.31068,-72.3518,192.0,lev20,Almucantar,1.4336220072403316,0.06327362689670557,0.8104899652358725,BCL,Maritime,,Unknown
22:05:2016,13:00:15,UNC-Gaitan,143,143.54184,0.0853,0.0583,0.0502,0.0464,0.0555,0.0246,0.0144,0.0099,0.0298,0.0337,0.0358,0.0365,0.790856,56.445842,57.139611,1.852089,0.182663,0.084425,4,10,8,3,4,10,8,3,4,10,7,3,4,10,6,3,0.03889,0.07508,0.28434,0.30785,1,1,07:02:2021,20:59:07,977,4.31068,-72.3518,192.0,lev20,Almucantar,UNC-Gaitan,143,143.54184,0.084425,0.05617,0.051697,0.048958,0.745144,56.445842,57.139611,1.852089,0.182663,0.084425,4,10,8,3,4,10,8,3,4,10,7,3,4,10,6,3,0.03889,0.07508,0.28434,0.30785,1,1,07:02:2021,20:59:07,977,4.31068,-72.3518,192.0,lev20,Almucantar,UNC-Gaitan,143,143.54184,1.4582,1.4657499999999999,1.46885,1.4654500000000001,0.008315,0.0064,0.0064575,0.0065625,56.445842,57.139611,1.852089,0.182663,0.084425,4,10,8,3,4,10,8,3,4,10,7,3,4,10,6,3,0.03889,0.07508,0.28434,0.30785,1,1,07:02:2021,20:59:07,977,4.31068,-72.3518,192.0,lev20,Almucantar,UNC-Gaitan,143,143.54184,0.93125,0.9249499999999999,0.9092,0.9011499999999999,56.445842,57.139611,1.852089,0.182663,0.084425,4,10,8,3,4,10,8,3,4,10,7,3,4,10,6,3,0.03889,0.07508,0.28434,0.30785,1,1,07:02:2021,20:59:07,977,4.31068,-72.3518,192.0,lev20,Almucantar,UNC-Gaitan,143,143.54184,0.040528999999999996,0.022200499999999998,0.017569500000000002,0.015528,1.2454589999999999,56.445842,57.139611,1.852089,0.182663,0.084425,4,10,8,3,4,10,8,3,4,10,7,3,4,10,6,3,0.03889,0.07508,0.28434,0.30785,1,1,07:02:2021,20:59:07,977,4.31068,-72.3518,192.0,lev20,Almucantar,0.7776808751269327,0.07722790738034752,0.5321441514728087,MA,Maritime,,Unknown
02:06:2016,20:57:14,UNC-Gaitan,154,154.873079,0.0507,0.0292,0.0237,0.0216,0.0385,0.0158,0.0092,0.0067,0.0122,0.0134,0.0145,0.015,1.135819,63.554927,62.866812,1.198069,0.065722,0.050708,3,10,5,5,3,10,4,5,3,10,7,5,3,10,7,4,0.04065,0.07821,0.3042,0.32392,1,1,07:02:2021,23:32:12,977,4.31068,-72.3518,192.0,lev20,Almucantar,UNC-Gaitan,154,154.873079,0.050708,0.027707,0.024356,0.022137,1.112867,63.554927,62.866812,1.198069,0.065722,0.050708,3,10,5,5,3,10,4,5,3,10,7,5,3,10,7,4,0.04065,0.07821,0.3042,0.32392,1,1,07:02:2021,23:32:12,977,4.31068,-72.3518,192.0,lev20,Almucantar,UNC-Gaitan,154,154.873079,1.4582,1.4657499999999999,1.46885,1.4654500000000001,0.008315,0.0064,0.0064575,0.0065625,63.554927,62.866812,1.198069,0.065722,0.050708,3,10,5,5,3,10,4,5,3,10,7,5,3,10,7,4,0.04065,0.07821,0.3042,0.32392,1,1,07:02:2021,23:32:12,977,4.31068,-72.3518,192.0,lev20,Almucantar,UNC-Gaitan,154,154.873079,0.93125,0.9249499999999999,0.9092,0.9011499999999999,63.554927,62.866812,1.198069,0.065722,0.050708,3,10,5,5,3,10,4,5,3,10,7,5,3,10,7,4,0.04065,0.07821,0.3042,0.32392,1,1,07:02:2021,23:32:12,977,4.31068,-72.3518,192.0,lev20,Almucantar,UNC-Gaitan,154,154.873079,0.040528999999999996,0.022200499999999998,0.017569500000000002,0.015528,1.2454589999999999,63.554927,62.866812,1.198069,0.065722,0.050708,3,10,5,5,3,10,4,5,3,10,7,5,3,10,7,4,0.04065,0.07821,0.3042,0.32392,1,1,07:02:2021,23:32:12,977,4.31068,-72.3518,192.0,lev20,Almucantar,1.1154910413646506,0.04396214531595151,0.6470655896603634,Unclassified,Maritime,,Unknown
02:06:2016,21:42:46,UNC-Gaitan,154,154.904699,0.0424,0.0251,0.0209,0.0188,0.0313,0.0125,0.0075,0.0052,0.0111,0.0127,0.0134,0.0135,1.059262,74.030697,73.339709,1.060493,0.038954,0.042372,4,10,7,6,4,10,7,6,4,10,7,6,4,10,7,6,0.04759,0.09043,0.34609,0.36487,1,1,07:02:2021,23:31:31,977,4.31068,-72.3518,192.0,lev20,Almucantar,UNC-Gaitan,154,154.904699,0.042372,0.024007,0.021233,0.019106,1.04829,74.030697,73.339709,1.060493,0.038954,0.042372,4,10,7,6,4,10,7,6,4,10,7,6,4,10,7,6,0.04759,0.09043,0.34609,0.36487,1,1,07:02:2021,23:31:31,977,4.31068,-72.3518,192.0,lev20,Almucantar,UNC-Gaitan,154,154.904699,1.4582,1.4657499999999999,1.46885,1.4654500000000001,0.008315,0.0064,0.0064575,0.0065625,74.030697,73.339709,1.060493,0.038954,0.042372,4,10,7,6,4,10,7,6,4,10,7,6,4,10,7,6,0.04759,0.09043,0.34609,0.36487,1,1,07:02:2021,23:31:31,977,4.31068,-72.3518,192.0,lev20,Almucantar,UNC-Gaitan,154,154.904699,0.93125,0.9249499999999999,0.9092,0.9011499999999999,74.030697,73.339709,1.060493,0.038954,0.042372,4,10,7,6,4,10,7,6,4,10,7,6,4,10,7,6,0.04759,0.09043,0.34609,0.36487,1,1,07:02:2021,23:31:31,977,4.31068,-72.3518,192.0,lev20,Almucantar,UNC-Gaitan,154,154.904699,0.040528999999999996,0.022200499999999998,0.017569500000000002,0.015528,1.2454589999999999,74.030697,73.339709,1.060493,0.038954,0.042372,4,10,7,6,4,10,7,6,4,10,7,6,4,10,7,6,0.04759,0.09043,0.34609,0.36487,1,1,07:02:2021,23:31:31,977,4.31068,-72.3518,192.0,lev20,Almucantar,1.037670562124712,0.03713275394422096,0.6148303060253307,Unclassified,Maritime,,Unknown
02:06:2016,22:01:16,UNC-Gaitan,154,154.917546,0.0444,0.0254,0.0209,0.0186,0.034,0.0134,0.0084,0.006,0.0104,0.0119,0.0125,0.0126,1.128292,78.28783,77.598257,1.162056,0.02369,0.043889,4,10,6,6,4,10,7,6,4,10,7,6,4,10,7,6,0.05215,0.09826,0.37204,0.39012,1,1,07:05:2021,17:08:55,977,4.31068,-72.3518,192.0,lev20,Almucantar,UNC-Gaitan,154,154.917546,0.043889,0.024668,0.021326,0.018803,1.090764,78.28783,77.598257,1.162056,0.02369,0.043889,4,10,6,6,4,10,7,6,4,10,7,6,4,10,7,6,0.05215,0.09826,0.37204,0.39012,1,1,07:05:2021,17:08:55,977,4.31068,-72.3518,192.0,lev20,Almucantar,UNC-Gaitan,154,154.917546,1.4582,1.4657499999999999,1.46885,1.4654500000000001,0.008315,0.0064,0.0064575,0.0065625,78.28783,77.598257,1.162056,0.02369,0.043889,4,10,6,6,4,10,7,6,4,10,7,6,4,10,7,6,0.05215,0.09826,0.37204,0.39012,1,1,07:05:2021,17:08:55,977,4.31068,-72.3518,192.0,lev20,Almucantar,UNC-Gaitan,154,154.917546,0.93125,0.9249499999999999,0.9092,0.9011499999999999,78.28783,77.598257,1.162056,0.02369,0.043889,4,10,6,6,4,10,7,6,4,10,7,6,4,10,7,6,0.05215,0.09826,0.37204,0.39012,1,1,07:05:2021,17:08:55,977,4.31068,-72.3518,192.0,lev20,Almucantar,UNC-Gaitan,154,154.917546,0.040528999999999996,0.022200499999999998,0.017569500000000002,0.015528,1.2454589999999999,78.28783,77.598257,1.162056,0.02369,0.043889,4,10,6,6,4,10,7,6,4,10,7,6,4,10,7,6,0.05215,0.09826,0.37204,0.39012,1,1,07:05:2021,17:08:55,977,4.31068,-72.3518,192.0,lev20,Almucantar,1.1052807388065051,0.03854967641737151,0.6426506203512323,Unclassified,Maritime,,Unknown
04:06:2016,20:57:19,UNC-Gaitan,156,156.873137,0.2801,0.2635,0.2564,0.2499,0.082,0.0434,0.0278,0.02,0.1981,0.2201,0.2285,0.2299,0.131304,63.521973,62.835214,1.618244,0.037983,0.278198,3,10,8,5,3,10,8,5,3,10,8,5,3,10,8,5,0.04063,0.07818,0.30409,0.32382,1,1,08:02:2021,00:15:04,977,4.31068,-72.3518,192.0,lev20,Almucantar,UNC-Gaitan,156,156.873137,0.278198,0.262483,0.256019,0.248816,0.123572,63.521973,62.835214,1.618244,0.037983,0.278198,3,10,8,5,3,10,8,5,3,10,8,5,3,10,8,5,0.04063,0.07818,0.30409,0.32382,1,1,08:02:2021,00:15:04,977,4.31068,-72.3518,192.0,lev20,Almucantar,UNC-Gaitan,156,156.873137,1.4582,1.4657499999999999,1.46885,1.4654500000000001,0.008315,0.0064,0.0064575,0.0065625,63.521973,62.835214,1.618244,0.037983,0.278198,3,10,8,5,3,10,8,5,3,10,8,5,3,10,8,5,0.04063,0.07818,0.30409,0.32382,1,1,08:02:2021,00:15:04,977,4.31068,-72.3518,192.0,lev20,Almucantar,UNC-Gaitan,156,156.873137,0.93125,0.9249499999999999,0.9092,0.9011499999999999,63.521973,62.835214,1.618244,0.037983,0.278198,3,10,8,5,3,10,8,5,3,10,8,5,3,10,8,5,0.04063,0.07818,0.30409,0.32382,1,1,08:02:2021,00:15:04,977,4.31068,-72.3518,192.0,lev20,Almucantar,UNC-Gaitan,156,156.873137,0.040528999999999996,0.022200499999999998,0.017569500000000002,0.015528,1.2454589999999999,63.521973,62.835214,1.618244,0.037983,0.278198,3,10,8,5,3,10,8,5,3,10,8,5,3,10,8,5,0.04063,0.07818,0.30409,0.32382,1,1,08:02:2021,00:15:04,977,4.31068,-72.3518,192.0,lev20,Almucantar,0.1296839666211231,0.27549479722863546,0.22213542257348964,CA,Unclassified,,Unknown
04:06:2016,21:43:09,UNC-Gaitan,156,156.904965,0.2775,0.2596,0.2507,0.2433,0.0793,0.0409,0.0253,0.0179,0.1982,0.2187,0.2254,0.2254,0.14999,74.047646,73.357845,2.159088,0.046627,0.275529,4,10,7,6,4,10,7,6,4,10,7,6,4,10,7,6,0.04779,0.09061,0.34628,0.36511,1,1,07:05:2021,01:09:25,977,4.31068,-72.3518,192.0,lev20,Almucantar,UNC-Gaitan,156,156.904965,0.275529,0.258598,0.250598,0.242512,0.140348,74.047646,73.357845,2.159088,0.046627,0.275529,4,10,7,6,4,10,7,6,4,10,7,6,4,10,7,6,0.04779,0.09061,0.34628,0.36511,1,1,07:05:2021,01:09:25,977,4.31068,-72.3518,192.0,lev20,Almucantar,UNC-Gaitan,156,156.904965,1.4582,1.4657499999999999,1.46885,1.4654500000000001,0.008315,0.0064,0.0064575,0.0065625,74.047646,73.357845,2.159088,0.046627,0.275529,4,10,7,6,4,10,7,6,4,10,7,6,4,10,7,6,0.04779,0.09061,0.34628,0.36511,1,1,07:05:2021,01:09:25,977,4.31068,-72.3518,192.0,lev20,Almucantar,UNC-Gaitan,156,156.904965,0.93125,0.9249499999999999,0.9092,0.9011499999999999,74.047646,73.357845,2.159088,0.046627,0.275529,4,10,7,6,4,10,7,6,4,10,7,6,4,10,7,6,0.04779,0.09061,0.34628,0.36511,1,1,07:05:2021,01:09:25,977,4.31068,-72.3518,192.0,lev20,Almucantar,UNC-Gaitan,156,156.904965,0.040528999999999996,0.022200499999999998,0.017569500000000002,0.015528,1.2454589999999999,74.047646,73.357845,2.159088,0.046627,0.275529,4,10,7,6,4,10,7,6,4,10,7,6,4,10,7,6,0.04779,0.09061,0.34628,0.36511,1,1,07:05:2021,01:09:25,977,4.31068,-72.3518,192.0,lev20,Almucantar,0.14898221230061684,0.2722650484574702,0.21465183923179412,CA,Unclassified,,Unknown
04:06:2016,21:44:26,UNC-Gaitan,156,156.905856,0.2776,0.2595,0.2507,0.2427,0.0787,0.0402,0.0245,0.0167,0.1988,0.2193,0.2262,0.2261,0.150646,74.342704,73.652934,1.998253,0.026756,0.27553,4,10,7,6,4,10,7,6,4,10,7,6,4,10,7,6,0.04779,0.09061,0.34629,0.39069,1,1,08:02:2021,00:14:19,977,4.31068,-72.3518,192.0,lev20,Almucantar,UNC-Gaitan,156,156.905856,0.27553,0.258362,0.250272,0.242175,0.142286,74.342704,73.652934,1.998253,0.026756,0.27553,4,10,7,6,4,10,7,6,4,10,7,6,4,10,7,6,0.04779,0.09061,0.34629,0.39069,1,1,08:02:2021,00:14:19,977,4.31068,-72.3518,192.0,lev20,Almucantar,UNC-Gaitan,156,156.905856,1.4582,1.4657499999999999,1.46885,1.4654500000000001,0.008315,0.0064,0.0064575,0.0065625,74.342704,73.652934,1.998253,0.026756,0.27553,4,10,7,6,4,10,7,6,4,10,7,6,4,10,7,6,0.04779,0.09061,0.34629,0.39069,1,1,08:02:2021,00:14:19,977,4.31068,-72.3518,192.0,lev20,Almucantar,UNC-Gaitan,156,156.905856,0.93125,0.9249499999999999,0.9092,0.9011499999999999,74.342704,73.652934,1.998253,0.026756,0.27553,4,10,7,6,4,10,7,6,4,10,7,6,4,10,7,6,0.04779,0.09061,0.34629,0.39069,1,1,08:02:2021,00:14:19,977,4.31068,-72.3518,192.0,lev20,Almucantar,UNC-Gaitan,156,156.905856,0.040528999999999996,0.022200499999999998,0.017569500000000002,0.015528,1.2454589999999999,74.342704,73.652934,1.998253,0.026756,0.27553,4,10,7,6,4,10,7,6,4,10,7,6,4,10,7,6,0.04779,0.09061,0.34629,0.39069,1,1,08:02:2021,00:14:19,977,4.31068,-72.3518,192.0,lev20,Almucantar,0.14951072290173334,0.272344761402914,0.21294054066213408,CA,Unclassified,,Unknown
04:06:2016,22:01:51,UNC-Gaitan,156,156.917951,0.2826,0.2637,0.254,0.2454,0.0815,0.0426,0.0262,0.0179,0.2011,0.2212,0.2278,0.2275,0.15737,78.343434,77.655051,2.229137,0.019967,0.280483,4,10,6,6,4,10,7,6,4,10,7,6,4,10,7,6,0.05252,0.09863,0.37257,0.39073,1,1,07:05:2021,01:13:08,977,4.31068,-72.3518,192.0,lev20,Almucantar,UNC-Gaitan,156,156.917951,0.280483,0.262416,0.253656,0.244998,0.148608,78.343434,77.655051,2.229137,0.019967,0.280483,4,10,6,6,4,10,7,6,4,10,7,6,4,10,7,6,0.05252,0.09863,0.37257,0.39073,1,1,07:05:2021,01:13:08,977,4.31068,-72.3518,192.0,lev20,Almucantar,UNC-Gaitan,156,156.917951,1.4582,1.4657499999999999,1.46885,1.4654500000000001,0.008315,0.0064,0.0064575,0.0065625,78.343434,77.655051,2.229137,0.019967,0.280483,4,10,6,6,4,10,7,6,4,10,7,6,4,10,7,6,0.05252,0.09863,0.37257,0.39073,1,1,07:05:2021,01:13:08,977,4.31068,-72.3518,192.0,lev20,Almucantar,UNC-Gaitan,156,156.917951,0.93125,0.9249499999999999,0.9092,0.9011499999999999,78.343434,77.655051,2.229137,0.019967,0.280483,4,10,6,6,4,10,7,6,4,10,7,6,4,10,7,6,0.05252,0.09863,0.37257,0.39073,1,1,07:05:2021,01:13:08,977,4.31068,-72.3518,192.0,lev20,Almucantar,UNC-Gaitan,156,156.917951,0.040528999999999996,0.022200499999999998,0.017569500000000002,0.015528,1.2454589999999999,78.343434,77.655051,2.229137,0.019967,0.280483,4,10,6,6,4,10,7,6,4,10,7,6,4,10,7,6,0.05252,0.09863,0.37257,0.39073,1,1,07:05:2021,01:13:08,977,4.31068,-72.3518,192.0,lev20,Almucantar,0.15651358386322706,0.2770020234787504,0.21944317505184877,CA,Unclassified,,Unknown
05:06:2016,11:45:43,UNC-Gaitan,157,157.490081,0.3235,0.2832,0.2693,0.2609,0.1155,0.0549,0.0329,0.0226,0.208,0.2284,0.2365,0.2384,0.273888,74.282548,74.971891,2.030663,0.040245,0.320772,4,10,7,5,4,10,7,5,4,10,7,5,4,10,7,5,0.04687,0.09016,0.34858,0.37354,1,1,07:02:2021,23:46:49,977,4.31068,-72.3518,192.0,lev20,Almucantar,UNC-Gaitan,157,157.490081,0.320772,0.282725,0.268815,0.259482,0.263456,74.282548,74.971891,2.030663,0.040245,0.320772,4,10,7,5,4,10,7,5,4,10,7,5,4,10,7,5,0.04687,0.09016,0.34858,0.37354,1,1,07:02:2021,23:46:49,977,4.31068,-72.3518,192.0,lev20,Almucantar,UNC-Gaitan,157,157.490081,1.4582,1.4657499999999999,1.46885,1.4654500000000001,0.008315,0.0064,0.0064575,0.0065625,74.282548,74.971891,2.030663,0.040245,0.320772,4,10,7,5,4,10,7,5,4,10,7,5,4,10,7,5,0.04687,0.09016,0.34858,0.37354,1,1,07:02:2021,23:46:49,977,4.31068,-72.3518,192.0,lev20,Almucantar,UNC-Gaitan,157,157.490081,0.93125,0.9249499999999999,0.9092,0.9011499999999999,74.282548,74.971891,2.030663,0.040245,0.320772,4,10,7,5,4,10,7,5,4,10,7,5,4,10,7,5,0.04687,0.09016,0.34858,0.37354,1,1,07:02:2021,23:46:49,977,4.31068,-72.3518,192.0,lev20,Almucantar,UNC-Gaitan,157,157.490081,0.040528999999999996,0.022200499999999998,0.017569500000000002,0.015528,1.2454589999999999,74.282548,74.971891,2.030663,0.040245,0.320772,4,10,7,5,4,10,7,5,4,10,7,5,4,10,7,5,0.04687,0.09016,0.34858,0.37354,1,1,07:02:2021,23:46:49,977,4.31068,-72.3518,192.0,lev20,Almucantar,0.2689865659053206,0.31256537719834254,0.26697188165412217,CA,Unclassified,,Unknown
05:06:2016,12:17:33,UNC-Gaitan,157,157.512188,0.3282,0.2864,0.2727,0.2647,0.1185,0.056,0.0334,0.023,0.2098,0.2305,0.2393,0.2417,0.277137,66.970211,67.658566,2.93356,0.11745,0.325679,4,10,7,5,4,10,7,5,4,10,7,5,4,10,7,5,0.04191,0.08105,0.31619,0.33974,1,1,07:02:2021,23:47:30,977,4.31068,-72.3518,192.0,lev20,Almucantar,UNC-Gaitan,157,157.512188,0.325679,0.28589,0.271855,0.262501,0.269623,66.970211,67.658566,2.93356,0.11745,0.325679,4,10,7,5,4,10,7,5,4,10,7,5,4,10,7,5,0.04191,0.08105,0.31619,0.33974,1,1,07:02:2021,23:47:30,977,4.31068,-72.3518,192.0,lev20,Almucantar,UNC-Gaitan,157,157.512188,1.4582,1.4657499999999999,1.46885,1.4654500000000001,0.008315,0.0064,0.0064575,0.0065625,66.970211,67.658566,2.93356,0.11745,0.325679,4,10,7,5,4,10,7,5,4,10,7,5,4,10,7,5,0.04191,0.08105,0.31619,0.33974,1,1,07:02:2021,23:47:30,977,4.31068,-72.3518,192.0,lev20,Almucantar,UNC-Gaitan,157,157.512188,0.93125,0.9249499999999999,0.9092,0.9011499999999999,66.970211,67.658566,2.93356,0.11745,0.325679,4,10,7,5,4,10,7,5,4,10,7,5,4,10,7,5,0.04191,0.08105,0.31619,0.33974,1,1,07:02:2021,23:47:30,977,4.31068,-72.3518,192.0,lev20,Almucantar,UNC-Gaitan,157,157.512188,0.040528999999999996,0.022200499999999998,0.017569500000000002,0.015528,1.2454589999999999,66.970211,67.658566,2.93356,0.11745,0.325679,4,10,7,5,4,10,7,5,4,10,7,5,4,10,7,5,0.04191,0.08105,0.31619,0.33974,1,1,07:02:2021,23:47:30,977,4.31068,-72.3518,192.0,lev20,Almucantar,0.2717410382030342,0.31699487468640936,0.2695053029542651,CA,Unclassified,,Unknown
05:06:2016,13:03:15,UNC-Gaitan,157,157.543924,0.3127,0.2768,0.2652,0.2588,0.1105,0.0539,0.0326,0.023,0.2022,0.2229,0.2326,0.2358,0.246673,56.535234,57.216133,2.686811,0.152077,0.309549,4,10,8,4,4,10,8,4,4,10,8,4,4,10,7,5,0.03793,0.07333,0.28727,0.30964,1,1,07:02:2021,23:47:20,977,4.31068,-72.3518,192.0,lev20,Almucantar,UNC-Gaitan,157,157.543924,0.309549,0.27544,0.264027,0.255157,0.237904,56.535234,57.216133,2.686811,0.152077,0.309549,4,10,8,4,4,10,8,4,4,10,8,4,4,10,7,5,0.03793,0.07333,0.28727,0.30964,1,1,07:02:2021,23:47:20,977,4.31068,-72.3518,192.0,lev20,Almucantar,UNC-Gaitan,157,157.543924,1.4582,1.4657499999999999,1.46885,1.4654500000000001,0.008315,0.0064,0.0064575,0.0065625,56.535234,57.216133,2.686811,0.152077,0.309549,4,10,8,4,4,10,8,4,4,10,8,4,4,10,7,5,0.03793,0.07333,0.28727,0.30964,1,1,07:02:2021,23:47:20,977,4.31068,-72.3518,192.0,lev20,Almucantar,UNC-Gaitan,157,157.543924,0.93125,0.9249499999999999,0.9092,0.9011499999999999,56.535234,57.216133,2.686811,0.152077,0.309549,4,10,8,4,4,10,8,4,4,10,8,4,4,10,7,5,0.03793,0.07333,0.28727,0.30964,1,1,07:02:2021,23:47:20,977,4.31068,-72.3518,192.0,lev20,Almucantar,UNC-Gaitan,157,157.543924,0.040528999999999996,0.022200499999999998,0.017569500000000002,0.015528,1.2454589999999999,56.535234,57.216133,2.686811,0.152077,0.309549,4,10,8,4,4,10,8,4,4,10,8,4,4,10,7,5,0.03793,0.07333,0.28727,0.30964,1,1,07:02:2021,23:47:20,977,4.31068,-72.3518,192.0,lev20,Almucantar,0.24168334853911813,0.3031867848351364,0.2655084977913181,CA,Unclassified,,Unknown
05:06:2016,13:29:48,UNC-Gaitan,157,157.562361,0.3141,0.2813,0.2702,0.2644,0.1103,0.0563,0.0345,0.0246,0.2038,0.225,0.2356,0.2398,0.225119,50.548029,51.22051,3.231194,0.302497,0.312092,3,10,5,4,3,10,7,4,3,10,8,4,3,10,8,4,0.03664,0.07062,0.27632,0.29824,1,1,07:02:2021,23:46:54,977,4.31068,-72.3518,192.0,lev20,Almucantar,UNC-Gaitan,157,157.562361,0.312092,0.278296,0.267021,0.258349,0.233315,50.548029,51.22051,3.231194,0.302497,0.312092,3,10,5,4,3,10,7,4,3,10,8,4,3,10,8,4,0.03664,0.07062,0.27632,0.29824,1,1,07:02:2021,23:46:54,977,4.31068,-72.3518,192.0,lev20,Almucantar,UNC-Gaitan,157,157.562361,1.4582,1.4657499999999999,1.46885,1.4654500000000001,0.008315,0.0064,0.0064575,0.0065625,50.548029,51.22051,3.231194,0.302497,0.312092,3,10,5,4,3,10,7,4,3,10,8,4,3,10,8,4,0.03664,0.07062,0.27632,0.29824,1,1,07:02:2021,23:46:54,977,4.31068,-72.3518,192.0,lev20,Almucantar,UNC-Gaitan,157,157.562361,0.93125,0.9249499999999999,0.9092,0.9011499999999999,50.548029,51.22051,3.231194,0.302497,0.312092,3,10,5,4,3,10,7,4,3,10,8,4,3,10,8,4,0.03664,0.07062,0.27632,0.29824,1,1,07:02:2021,23:46:54,977,4.31068,-72.3518,192.0,lev20,Almucantar,UNC-Gaitan,157,157.562361,0.040528999999999996,0.022200499999999998,0.017569500000000002,0.015528,1.2454589999999999,50.548029,51.22051,3.231194,0.302497,0.312092,3,10,5,4,3,10,7,4,3,10,8,4,3,10,8,4,0.03664,0.07062,0.27632,0.29824,1,1,07:02:2021,23:46:54,977,4.31068,-72.3518,192.0,lev20,Almucantar,0.22083746354146788,0.3053568244518894,0.26837014735980713,CA,Unclassified,,Unknown
11:06:2016,11:46:51,UNC-Gaitan,163,163.490868,0.1028,0.0713,0.0624,0.0584,0.0633,0.0268,0.0157,0.011,0.0395,0.0445,0.0467,0.0474,0.746536,74.306227,74.992918,1.770471,0.062525,0.102727,4,10,7,5,4,10,7,5,4,10,7,5,4,10,7,4,0.04622,0.08909,0.35052,0.37464,1,1,08:02:2021,01:03:31,977,4.31068,-72.3518,192.0,lev20,Almucantar,UNC-Gaitan,163,163.490868,0.102727,0.070206,0.062572,0.058447,0.745565,74.306227,74.992918,1.770471,0.062525,0.102727,4,10,7,5,4,10,7,5,4,10,7,5,4,10,7,4,0.04622,0.08909,0.35052,0.37464,1,1,08:02:2021,01:03:31,977,4.31068,-72.3518,192.0,lev20,Almucantar,UNC-Gaitan,163,163.490868,1.4582,1.4657499999999999,1.46885,1.4654500000000001,0.008315,0.0064,0.0064575,0.0065625,74.306227,74.992918,1.770471,0.062525,0.102727,4,10,7,5,4,10,7,5,4,10,7,5,4,10,7,4,0.04622,0.08909,0.35052,0.37464,1,1,08:02:2021,01:03:31,977,4.31068,-72.3518,192.0,lev20,Almucantar,UNC-Gaitan,163,163.490868,0.93125,0.9249499999999999,0.9092,0.9011499999999999,74.306227,74.992918,1.770471,0.062525,0.102727,4,10,7,5,4,10,7,5,4,10,7,5,4,10,7,4,0.04622,0.08909,0.35052,0.37464,1,1,08:02:2021,01:03:31,977,4.31068,-72.3518,192.0,lev20,Almucantar,UNC-Gaitan,163,163.490868,0.040528999999999996,0.022200499999999998,0.017569500000000002,0.015528,1.2454589999999999,74.306227,74.992918,1.770471,0.062525,0.102727,4,10,7,5,4,10,7,5,4,10,7,5,4,10,7,4,0.04622,0.08909,0.35052,0.37464,1,1,08:02:2021,01:03:31,977,4.31068,-72.3518,192.0,lev20,Almucantar,0.732296525359398,0.0936133891042853,0.48699517903333217,MA,Maritime,,Unknown
11:06:2016,12:18:38,UNC-Gaitan,163,163.51294,0.0969,0.0684,0.0603,0.0565,0.0574,0.0241,0.0139,0.0094,0.0395,0.0443,0.0464,0.0472,0.709498,67.034254,67.719808,1.675773,0.115415,0.096396,4,10,7,5,4,10,7,5,4,10,7,5,4,10,7,5,0.0414,0.08016,0.31805,0.3409,1,1,08:02:2021,01:03:30,977,4.31068,-72.3518,192.0,lev20,Almucantar,UNC-Gaitan,163,163.51294,0.096396,0.066402,0.059877,0.056156,0.717863,67.034254,67.719808,1.675773,0.115415,0.096396,4,10,7,5,4,10,7,5,4,10,7,5,4,10,7,5,0.0414,0.08016,0.31805,0.3409,1,1,08:02:2021,01:03:30,977,4.31068,-72.3518,192.0,lev20,Almucantar,UNC-Gaitan,163,163.51294,1.4582,1.4657499999999999,1.46885,1.4654500000000001,0.008315,0.0064,0.0064575,0.0065625,67.034254,67.719808,1.675773,0.115415,0.096396,4,10,7,5,4,10,7,5,4,10,7,5,4,10,7,5,0.0414,0.08016,0.31805,0.3409,1,1,08:02:2021,01:03:30,977,4.31068,-72.3518,192.0,lev20,Almucantar,UNC-Gaitan,163,163.51294,0.93125,0.9249499999999999,0.9092,0.9011499999999999,67.034254,67.719808,1.675773,0.115415,0.096396,4,10,7,5,4,10,7,5,4,10,7,5,4,10,7,5,0.0414,0.08016,0.31805,0.3409,1,1,08:02:2021,01:03:30,977,4.31068,-72.3518,192.0,lev20,Almucantar,UNC-Gaitan,163,163.51294,0.040528999999999996,0.022200499999999998,0.017569500000000002,0.015528,1.2454589999999999,67.034254,67.719808,1.675773,0.115415,0.096396,4,10,7,5,4,10,7,5,4,10,7,5,4,10,7,5,0.0414,0.08016,0.31805,0.3409,1,1,08:02:2021,01:03:30,977,4.31068,-72.3518,192.0,lev20,Almucantar,0.6958112854267852,0.08865315456227994,0.4642541034224914,MA,Maritime,,Unknown
16:06:2016,20:02:26,UNC-Gaitan,168,168.835023,0.056,0.0409,0.0363,0.0344,0.0331,0.0158,0.0098,0.0073,0.0229,0.0251,0.0265,0.0271,0.64745,50.717161,50.051373,2.766931,0.190804,0.054081,3,10,8,4,3,9,8,4,3,10,8,4,3,10,8,4,0.03637,0.06996,0.27748,0.29714,1,1,08:02:2021,01:49:15,977,4.31068,-72.3518,192.0,lev20,Almucantar,UNC-Gaitan,168,168.835023,0.054081,0.037577,0.035794,0.033809,0.632172,50.717161,50.051373,2.766931,0.190804,0.054081,3,10,8,4,3,9,8,4,3,10,8,4,3,10,8,4,0.03637,0.06996,0.27748,0.29714,1,1,08:02:2021,01:49:15,977,4.31068,-72.3518,192.0,lev20,Almucantar,UNC-Gaitan,168,168.835023,1.4582,1.4657499999999999,1.46885,1.4654500000000001,0.008315,0.0064,0.0064575,0.0065625,50.717161,50.051373,2.766931,0.190804,0.054081,3,10,8,4,3,9,8,4,3,10,8,4,3,10,8,4,0.03637,0.06996,0.27748,0.29714,1,1,08:02:2021,01:49:15,977,4.31068,-72.3518,192.0,lev20,Almucantar,UNC-Gaitan,168,168.835023,0.93125,0.9249499999999999,0.9092,0.9011499999999999,50.717161,50.051373,2.766931,0.190804,0.054081,3,10,8,4,3,9,8,4,3,10,8,4,3,10,8,4,0.03637,0.06996,0.27748,0.29714,1,1,08:02:2021,01:49:15,977,4.31068,-72.3518,192.0,lev20,Almucantar,UNC-Gaitan,168,168.835023,0.040528999999999996,0.022200499999999998,0.017569500000000002,0.015528,1.2454589999999999,50.717161,50.051373,2.766931,0.190804,0.054081,3,10,8,4,3,9,8,4,3,10,8,4,3,10,8,4,0.03637,0.06996,0.27748,0.29714,1,1,08:02:2021,01:49:15,977,4.31068,-72.3518,192.0,lev20,Almucantar,0.635942781619055,0.051627629307152256,0.48192404802657923,MA,Maritime,,Unknown
16:06:2016,20:32:17,UNC-Gaitan,168,168.855752,0.0545,0.0402,0.0363,0.0348,0.0305,0.0139,0.0086,0.0064,0.024,0.0264,0.0278,0.0284,0.609286,57.402724,56.726559,2.14999,0.158104,0.053295,4,10,7,5,4,10,7,4,4,10,7,5,4,10,8,4,0.03793,0.0731,0.28997,0.30941,1,1,08:02:2021,01:49:11,977,4.31068,-72.3518,192.0,lev20,Almucantar,UNC-Gaitan,168,168.855752,0.053295,0.03749,0.035772,0.033713,0.610683,57.402724,56.726559,2.14999,0.158104,0.053295,4,10,7,5,4,10,7,4,4,10,7,5,4,10,8,4,0.03793,0.0731,0.28997,0.30941,1,1,08:02:2021,01:49:11,977,4.31068,-72.3518,192.0,lev20,Almucantar,UNC-Gaitan,168,168.855752,1.4582,1.4657499999999999,1.46885,1.4654500000000001,0.008315,0.0064,0.0064575,0.0065625,57.402724,56.726559,2.14999,0.158104,0.053295,4,10,7,5,4,10,7,4,4,10,7,5,4,10,8,4,0.03793,0.0731,0.28997,0.30941,1,1,08:02:2021,01:49:11,977,4.31068,-72.3518,192.0,lev20,Almucantar,UNC-Gaitan,168,168.855752,0.93125,0.9249499999999999,0.9092,0.9011499999999999,57.402724,56.726559,2.14999,0.158104,0.053295,4,10,7,5,4,10,7,4,4,10,7,5,4,10,8,4,0.03793,0.0731,0.28997,0.30941,1,1,08:02:2021,01:49:11,977,4.31068,-72.3518,192.0,lev20,Almucantar,UNC-Gaitan,168,168.855752,0.040528999999999996,0.022200499999999998,0.017569500000000002,0.015528,1.2454589999999999,57.402724,56.726559,2.14999,0.158104,0.053295,4,10,7,5,4,10,7,4,4,10,7,5,4,10,8,4,0.03793,0.0731,0.28997,0.30941,1,1,08:02:2021,01:49:11,977,4.31068,-72.3518,192.0,lev20,Almucantar,0.5961155073498932,0.05050120748327367,0.4434496379591594,Unclassified,Maritime,,Unknown
16:06:2016,21:45:00,UNC-Gaitan,168,168.90625,0.0715,0.0481,0.043,0.0409,0.0432,0.0168,0.0103,0.0075,0.0283,0.0313,0.0328,0.0334,0.766185,73.948077,73.262601,1.121343,0.031539,0.070243,4,10,7,6,4,10,6,6,4,10,6,5,4,10,7,5,0.04645,0.08882,0.34701,0.36515,1,1,08:02:2021,01:49:58,977,4.31068,-72.3518,192.0,lev20,Almucantar,UNC-Gaitan,168,168.90625,0.070243,0.048258,0.043311,0.040181,0.728218,73.948077,73.262601,1.121343,0.031539,0.070243,4,10,7,6,4,10,6,6,4,10,6,5,4,10,7,5,0.04645,0.08882,0.34701,0.36515,1,1,08:02:2021,01:49:58,977,4.31068,-72.3518,192.0,lev20,Almucantar,UNC-Gaitan,168,168.90625,1.4582,1.4657499999999999,1.46885,1.4654500000000001,0.008315,0.0064,0.0064575,0.0065625,73.948077,73.262601,1.121343,0.031539,0.070243,4,10,7,6,4,10,6,6,4,10,6,5,4,10,7,5,0.04645,0.08882,0.34701,0.36515,1,1,08:02:2021,01:49:58,977,4.31068,-72.3518,192.0,lev20,Almucantar,UNC-Gaitan,168,168.90625,0.93125,0.9249499999999999,0.9092,0.9011499999999999,73.948077,73.262601,1.121343,0.031539,0.070243,4,10,7,6,4,10,6,6,4,10,6,5,4,10,7,5,0.04645,0.08882,0.34701,0.36515,1,1,08:02:2021,01:49:58,977,4.31068,-72.3518,192.0,lev20,Almucantar,UNC-Gaitan,168,168.90625,0.040528999999999996,0.022200499999999998,0.017569500000000002,0.015528,1.2454589999999999,73.948077,73.262601,1.121343,0.031539,0.070243,4,10,7,6,4,10,6,6,4,10,6,5,4,10,7,5,0.04645,0.08882,0.34701,0.36515,1,1,08:02:2021,01:49:58,977,4.31068,-72.3518,192.0,lev20,Almucantar,0.7459051579085141,0.06499730961742699,0.46337203742058536,MA,Maritime,,Unknown
16:06:2016,22:03:27,UNC-Gaitan,168,168.919062,0.075,0.0505,0.044,0.041,0.0473,0.0196,0.0119,0.0085,0.0277,0.0308,0.0322,0.0326,0.798628,78.160582,77.476299,2.533548,0.04066,0.073853,4,10,6,6,4,8,5,6,3,8,5,6,4,8,7,6,0.0504,0.09596,0.37226,0.38967,1,1,08:02:2021,01:50:05,977,4.31068,-72.3518,192.0,lev20,Almucantar,UNC-Gaitan,168,168.919062,0.073853,0.050059,0.044376,0.040905,0.765527,78.160582,77.476299,2.533548,0.04066,0.073853,4,10,6,6,4,8,5,6,3,8,5,6,4,8,7,6,0.0504,0.09596,0.37226,0.38967,1,1,08:02:2021,01:50:05,977,4.31068,-72.3518,192.0,lev20,Almucantar,UNC-Gaitan,168,168.919062,1.4582,1.4657499999999999,1.46885,1.4654500000000001,0.008315,0.0064,0.0064575,0.0065625,78.160582,77.476299,2.533548,0.04066,0.073853,4,10,6,6,4,8,5,6,3,8,5,6,4,8,7,6,0.0504,0.09596,0.37226,0.38967,1,1,08:02:2021,01:50:05,977,4.31068,-72.3518,192.0,lev20,Almucantar,UNC-Gaitan,168,168.919062,0.93125,0.9249499999999999,0.9092,0.9011499999999999,78.160582,77.476299,2.533548,0.04066,0.073853,4,10,6,6,4,8,5,6,3,8,5,6,4,8,7,6,0.0504,0.09596,0.37226,0.38967,1,1,08:02:2021,01:50:05,977,4.31068,-72.3518,192.0,lev20,Almucantar,UNC-Gaitan,168,168.919062,0.040528999999999996,0.022200499999999998,0.017569500000000002,0.015528,1.2454589999999999,78.160582,77.476299,2.533548,0.04066,0.073853,4,10,6,6,4,8,5,6,3,8,5,6,4,8,7,6,0.0504,0.09596,0.37226,0.38967,1,1,08:02:2021,01:50:05,977,4.31068,-72.3518,192.0,lev20,Almucantar,0.7822854910914149,0.06786265761051756,0.5001196617432595,MA,Maritime,,Unknown
26:06:2016,21:46:58,UNC-Gaitan,178,178.907616,0.0429,0.0315,0.0283,0.0268,0.0245,0.0107,0.0067,0.005,0.0184,0.0207,0.0216,0.0218,0.623072,73.902907,73.217075,1.297181,0.047621,0.042441,4,10,7,6,4,10,7,6,4,10,7,6,4,10,7,4,0.04594,0.08721,0.35087,0.36803,1,1,08:02:2021,04:55:05,977,4.31068,-72.3518,192.0,lev20,Almucantar,UNC-Gaitan,178,178.907616,0.042441,0.030135,0.028584,0.026773,0.603906,73.902907,73.217075,1.297181,0.047621,0.042441,4,10,7,6,4,10,7,6,4,10,7,6,4,10,7,4,0.04594,0.08721,0.35087,0.36803,1,1,08:02:2021,04:55:05,977,4.31068,-72.3518,192.0,lev20,Almucantar,UNC-Gaitan,178,178.907616,1.4582,1.4657499999999999,1.46885,1.4654500000000001,0.008315,0.0064,0.0064575,0.0065625,73.902907,73.217075,1.297181,0.047621,0.042441,4,10,7,6,4,10,7,6,4,10,7,6,4,10,7,4,0.04594,0.08721,0.35087,0.36803,1,1,08:02:2021,04:55:05,977,4.31068,-72.3518,192.0,lev20,Almucantar,UNC-Gaitan,178,178.907616,0.93125,0.9249499999999999,0.9092,0.9011499999999999,73.902907,73.217075,1.297181,0.047621,0.042441,4,10,7,6,4,10,7,6,4,10,7,6,4,10,7,4,0.04594,0.08721,0.35087,0.36803,1,1,08:02:2021,04:55:05,977,4.31068,-72.3518,192.0,lev20,Almucantar,UNC-Gaitan,178,178.907616,0.040528999999999996,0.022200499999999998,0.017569500000000002,0.015528,1.2454589999999999,73.902907,73.217075,1.297181,0.047621,0.042441,4,10,7,6,4,10,7,6,4,10,7,6,4,10,7,4,0.04594,0.08721,0.35087,0.36803,1,1,08:02:2021,04:55:05,977,4.31068,-72.3518,192.0,lev20,Almucantar,0.6102372615665324,0.03968062920877615,0.44295062351650627,MA,Maritime,,Unknown
09:07:2016,13:09:26,UNC-Gaitan,191,191.548218,0.0711,0.0387,0.0269,0.0216,0.0648,0.0319,0.0196,0.0139,0.0063,0.0068,0.0073,0.0077,1.428123,56.593983,57.277406,2.027766,0.116248,0.071219,4,10,8,4,4,10,8,4,4,10,8,4,4,10,7,5,0.03627,0.07019,0.2912,0.31261,1,1,08:02:2021,07:33:55,977,4.31068,-72.3518,192.0,lev20,Almucantar,UNC-Gaitan,191,191.548218,0.071219,0.037473,0.02819,0.022501,1.376894,56.593983,57.277406,2.027766,0.116248,0.071219,4,10,8,4,4,10,8,4,4,10,8,4,4,10,7,5,0.03627,0.07019,0.2912,0.31261,1,1,08:02:2021,07:33:55,977,4.31068,-72.3518,192.0,lev20,Almucantar,UNC-Gaitan,191,191.548218,1.4582,1.4657499999999999,1.46885,1.4654500000000001,0.008315,0.0064,0.0064575,0.0065625,56.593983,57.277406,2.027766,0.116248,0.071219,4,10,8,4,4,10,8,4,4,10,8,4,4,10,7,5,0.03627,0.07019,0.2912,0.31261,1,1,08:02:2021,07:33:55,977,4.31068,-72.3518,192.0,lev20,Almucantar,UNC-Gaitan,191,191.548218,0.93125,0.9249499999999999,0.9092,0.9011499999999999,56.593983,57.277406,2.027766,0.116248,0.071219,4,10,8,4,4,10,8,4,4,10,8,4,4,10,7,5,0.03627,0.07019,0.2912,0.31261,1,1,08:02:2021,07:33:55,977,4.31068,-72.3518,192.0,lev20,Almucantar,UNC-Gaitan,191,191.548218,0.040528999999999996,0.022200499999999998,0.017569500000000002,0.015528,1.2454589999999999,56.593983,57.277406,2.027766,0.116248,0.071219,4,10,8,4,4,10,8,4,4,10,8,4,4,10,7,5,0.03627,0.07019,0.2912,0.31261,1,1,08:02:2021,07:33:55,977,4.31068,-72.3518,192.0,lev20,Almucantar,1.4257513503940562,0.05925373018566013,0.8758850669543724,BCL,Maritime,,Unknown
09:07:2016,13:35:59,UNC-Gaitan,191,191.566655,0.0758,0.0406,0.0297,0.0241,0.0676,0.0313,0.0198,0.0141,0.0082,0.0093,0.0099,0.01,1.385932,50.58243,51.257864,1.035847,0.07958,0.075562,3,10,8,4,3,10,8,4,3,10,8,4,3,10,8,4,0.03503,0.06756,0.27988,0.30096,1,1,08:02:2021,07:34:50,977,4.31068,-72.3518,192.0,lev20,Almucantar,UNC-Gaitan,191,191.566655,0.075562,0.039685,0.030119,0.024718,1.368134,50.58243,51.257864,1.035847,0.07958,0.075562,3,10,8,4,3,10,8,4,3,10,8,4,3,10,8,4,0.03503,0.06756,0.27988,0.30096,1,1,08:02:2021,07:34:50,977,4.31068,-72.3518,192.0,lev20,Almucantar,UNC-Gaitan,191,191.566655,1.4582,1.4657499999999999,1.46885,1.4654500000000001,0.008315,0.0064,0.0064575,0.0065625,50.58243,51.257864,1.035847,0.07958,0.075562,3,10,8,4,3,10,8,4,3,10,8,4,3,10,8,4,0.03503,0.06756,0.27988,0.30096,1,1,08:02:2021,07:34:50,977,4.31068,-72.3518,192.0,lev20,Almucantar,UNC-Gaitan,191,191.566655,0.93125,0.9249499999999999,0.9092,0.9011499999999999,50.58243,51.257864,1.035847,0.07958,0.075562,3,10,8,4,3,10,8,4,3,10,8,4,3,10,8,4,0.03503,0.06756,0.27988,0.30096,1,1,08:02:2021,07:34:50,977,4.31068,-72.3518,192.0,lev20,Almucantar,UNC-Gaitan,191,191.566655,0.040528999999999996,0.022200499999999998,0.017569500000000002,0.015528,1.2454589999999999,50.58243,51.257864,1.035847,0.07958,0.075562,3,10,8,4,3,10,8,4,3,10,8,4,3,10,8,4,0.03503,0.06756,0.27988,0.30096,1,1,08:02:2021,07:34:50,977,4.31068,-72.3518,192.0,lev20,Almucantar,1.374396129513885,0.06358671733639085,0.8368713028669561,BCL,Maritime,,Unknown
20:07:2016,22:09:30,UNC-Gaitan,202,202.923264,0.065,0.043,0.0371,0.0339,0.045,0.0199,0.0129,0.0094,0.02,0.0231,0.0242,0.0245,0.83911,78.279096,77.58049,2.101801,0.017897,0.064987,4,10,5,6,4,10,5,4,4,10,4,4,4,10,4,4,0.04841,0.09192,0.37916,0.39512,1,1,08:02:2021,09:16:33,977,4.31068,-72.3518,192.0,lev20,Almucantar,UNC-Gaitan,202,202.923264,0.064987,0.043019,0.037234,0.033547,0.833963,78.279096,77.58049,2.101801,0.017897,0.064987,4,10,5,6,4,10,5,4,4,10,4,4,4,10,4,4,0.04841,0.09192,0.37916,0.39512,1,1,08:02:2021,09:16:33,977,4.31068,-72.3518,192.0,lev20,Almucantar,UNC-Gaitan,202,202.923264,1.4582,1.4657499999999999,1.46885,1.4654500000000001,0.008315,0.0064,0.0064575,0.0065625,78.279096,77.58049,2.101801,0.017897,0.064987,4,10,5,6,4,10,5,4,4,10,4,4,4,10,4,4,0.04841,0.09192,0.37916,0.39512,1,1,08:02:2021,09:16:33,977,4.31068,-72.3518,192.0,lev20,Almucantar,UNC-Gaitan,202,202.923264,0.93125,0.9249499999999999,0.9092,0.9011499999999999,78.279096,77.58049,2.101801,0.017897,0.064987,4,10,5,6,4,10,5,4,4,10,4,4,4,10,4,4,0.04841,0.09192,0.37916,0.39512,1,1,08:02:2021,09:16:33,977,4.31068,-72.3518,192.0,lev20,Almucantar,UNC-Gaitan,202,202.923264,0.040528999999999996,0.022200499999999998,0.017569500000000002,0.015528,1.2454589999999999,78.279096,77.58049,2.101801,0.017897,0.064987,4,10,5,6,4,10,5,4,4,10,4,4,4,10,4,4,0.04841,0.09192,0.37916,0.39512,1,1,08:02:2021,09:16:33,977,4.31068,-72.3518,192.0,lev20,Almucantar,0.8225833871867861,0.05851210536595941,0.5720525534956697,MA,Maritime,,Unknown
