Date,Time,AOD_Site,AOD_Day_of_Year,AOD_Day_of_Year(Fraction),AOD_Extinction-Total[440nm],AOD_Extinction-Total[675nm],AOD_Extinction-Total[870nm],AOD_Extinction-Total[1020nm],AOD_Extinction-Fine[440nm],AOD_Extinction-Fine[675nm],AOD_Extinction-Fine[870nm],AOD_Extinction-Fine[1020nm],AOD_Extinction-Coarse[440nm],AOD_Extinction-Coarse[675nm],AOD_Extinction-Coarse[870nm],AOD_Extinction-Coarse[1020nm],AOD_Extinction_Angstrom_Exponent_440-870nm-Total,AOD_Average_Solar_Zenith_Angles_for_Flux_Calculation(Degrees),AOD_Solar_Zenith_Angle_for_Measurement_Start(Degrees),AOD_Sky_Residual(%),AOD_Sun_Residual(%),AOD_Coincident_AOD440nm,AOD_Scattering_Angle_Bin_3.2_to_<6_degrees[440nm],AOD_Scattering_Angle_Bin_6_to_<30_degrees[440nm],AOD_Scattering_Angle_Bin_30_to_<80_degrees[440nm],AOD_Scattering_Angle_Bin_80_degrees_and_over[440nm],AOD_Scattering_Angle_Bin_3.2_to_<6_degrees[675nm],AOD_Scattering_Angle_Bin_6_to_<30_degrees[675nm],AOD_Scattering_Angle_Bin_30_to_<80_degrees[675nm],AOD_Scattering_Angle_Bin_80_degrees_and_over[675nm],AOD_Scattering_Angle_Bin_3.2_to_<6_degrees[870nm],AOD_Scattering_Angle_Bin_6_to_<30_degrees[870nm],AOD_Scattering_Angle_Bin_30_to_<80_degrees[870nm],AOD_Scattering_Angle_Bin_80_degrees_and_over[870nm],AOD_Scattering_Angle_Bin_3.2_to_<6_degrees[1020nm],AOD_Scattering_Angle_Bin_6_to_<30_degrees[1020nm],AOD_Scattering_Angle_Bin_30_to_<80_degrees[1020nm],AOD_Scattering_Angle_Bin_80_degrees_and_over[1020nm],AOD_Surface_Albedo[440m],AOD_Surface_Albedo[675m],AOD_Surface_Albedo[870m],AOD_Surface_Albedo[1020m],AOD_If_Retrieval_is_L2(without_L2_0.4_AOD_440_threshold),AOD_If_AOD_is_L2,AOD_Last_Processing_Date(dd:mm:yyyy),AOD_Last_Processing_Time(hh:mm:ss),AOD_Instrument_Number,AOD_Latitude(Degrees),AOD_Longitude(Degrees),AOD_Elevation(m),AOD_Inversion_Data_Quality_Level,AOD_Retrieval_Measurement_Scan_Type,CAD_Site,CAD_Day_of_Year,CAD_Day_of_Year(Fraction),CAD_AOD_Coincident_Input[440nm],CAD_AOD_Coincident_Input[675nm],CAD_AOD_Coincident_Input[870nm],CAD_AOD_Coincident_Input[1020nm],CAD_Angstrom_Exponent_440-870nm_from_Coincident_Input_AOD,CAD_Average_Solar_Zenith_Angles_for_Flux_Calculation(Degrees),CAD_Solar_Zenith_Angle_for_Measurement_Start(Degrees),CAD_Sky_Residual(%),CAD_Sun_Residual(%),CAD_Coincident_AOD440nm,CAD_Scattering_Angle_Bin_3.2_to_<6_degrees[440nm],CAD_Scattering_Angle_Bin_6_to_<30_degrees[440nm],CAD_Scattering_Angle_Bin_30_to_<80_degrees[440nm],CAD_Scattering_Angle_Bin_80_degrees_and_over[440nm],CAD_Scattering_Angle_Bin_3.2_to_<6_degrees[675nm],CAD_Scattering_Angle_Bin_6_to_<30_degrees[675nm],CAD_Scattering_Angle_Bin_30_to_<80_degrees[675nm],CAD_Scattering_Angle_Bin_80_degrees_and_over[675nm],CAD_Scattering_Angle_Bin_3.2_to_<6_degrees[870nm],CAD_Scattering_Angle_Bin_6_to_<30_degrees[870nm],CAD_Scattering_Angle_Bin_30_to_<80_degrees[870nm],CAD_Scattering_Angle_Bin_80_degrees_and_over[870nm],CAD_Scattering_Angle_Bin_3.2_to_<6_degrees[1020nm],CAD_Scattering_Angle_Bin_6_to_<30_degrees[1020nm],CAD_Scattering_Angle_Bin_30_to_<80_degrees[1020nm],CAD_Scattering_Angle_Bin_80_degrees_and_over[1020nm],CAD_Surface_Albedo[440m],CAD_Surface_Albedo[675m],CAD_Surface_Albedo[870m],CAD_Surface_Albedo[1020m],CAD_If_Retrieval_is_L2(without_L2_0.4_AOD_440_threshold),CAD_If_AOD_is_L2,CAD_Last_Processing_Date(dd:mm:yyyy),CAD_Last_Processing_Time(hh:mm:ss),CAD_Instrument_Number,CAD_Latitude(Degrees),CAD_Longitude(Degrees),CAD_Elevation(m),CAD_Inversion_Data_Quality_Level,CAD_Retrieval_Measurement_Scan_Type,RIN_Site,RIN_Day_of_Year,RIN_Day_of_Year(Fraction),RIN_Refractive_Index-Real_Part[440nm],RIN_Refractive_Index-Real_Part[675nm],RIN_Refractive_Index-Real_Part[870nm],RIN_Refractive_Index-Real_Part[1020nm],RIN_Refractive_Index-Imaginary_Part[440nm],RIN_Refractive_Index-Imaginary_Part[675nm],RIN_Refractive_Index-Imaginary_Part[870nm],RIN_Refractive_Index-Imaginary_Part[1020nm],RIN_Average_Solar_Zenith_Angles_for_Flux_Calculation(Degrees),RIN_Solar_Zenith_Angle_for_Measurement_Start(Degrees),RIN_Sky_Residual(%),RIN_Sun_Residual(%),RIN_Coincident_AOD440nm,RIN_Scattering_Angle_Bin_3.2_to_<6_degrees[440nm],RIN_Scattering_Angle_Bin_6_to_<30_degrees[440nm],RIN_Scattering_Angle_Bin_30_to_<80_degrees[440nm],RIN_Scattering_Angle_Bin_80_degrees_and_over[440nm],RIN_Scattering_Angle_Bin_3.2_to_<6_degrees[675nm],RIN_Scattering_Angle_Bin_6_to_<30_degrees[675nm],RIN_Scattering_Angle_Bin_30_to_<80_degrees[675nm],RIN_Scattering_Angle_Bin_80_degrees_and_over[675nm],RIN_Scattering_Angle_Bin_3.2_to_<6_degrees[870nm],RIN_Scattering_Angle_Bin_6_to_<30_degrees[870nm],RIN_Scattering_Angle_Bin_30_to_<80_degrees[870nm],RIN_Scattering_Angle_Bin_80_degrees_and_over[870nm],RIN_Scattering_Angle_Bin_3.2_to_<6_degrees[1020nm],RIN_Scattering_Angle_Bin_6_to_<30_degrees[1020nm],RIN_Scattering_Angle_Bin_30_to_<80_degrees[1020nm],RIN_Scattering_Angle_Bin_80_degrees_and_over[1020nm],RIN_Surface_Albedo[440m],RIN_Surface_Albedo[675m],RIN_Surface_Albedo[870m],RIN_Surface_Albedo[1020m],RIN_If_Retrieval_is_L2(without_L2_0.4_AOD_440_threshold),RIN_If_AOD_is_L2,RIN_Last_Processing_Date(dd:mm:yyyy),RIN_Last_Processing_Time(hh:mm:ss),RIN_Instrument_Number,RIN_Latitude(Degrees),RIN_Longitude(Degrees),RIN_Elevation(m),RIN_Inversion_Data_Quality_Level,RIN_Retrieval_Measurement_Scan_Type,SSA_Site,SSA_Day_of_Year,SSA_Day_of_Year(Fraction),Single_Scattering_Albedo[440nm],Single_Scattering_Albedo[675nm],Single_Scattering_Albedo[870nm],Single_Scattering_Albedo[1020nm],SSA_Average_Solar_Zenith_Angles_for_Flux_Calculation(Degrees),SSA_Solar_Zenith_Angle_for_Measurement_Start(Degrees),SSA_Sky_Residual(%),SSA_Sun_Residual(%),SSA_Coincident_AOD440nm,SSA_Scattering_Angle_Bin_3.2_to_<6_degrees[440nm],SSA_Scattering_Angle_Bin_6_to_<30_degrees[440nm],SSA_Scattering_Angle_Bin_30_to_<80_degrees[440nm],SSA_Scattering_Angle_Bin_80_degrees_and_over[440nm],SSA_Scattering_Angle_Bin_3.2_to_<6_degrees[675nm],SSA_Scattering_Angle_Bin_6_to_<30_degrees[675nm],SSA_Scattering_Angle_Bin_30_to_<80_degrees[675nm],SSA_Scattering_Angle_Bin_80_degrees_and_over[675nm],SSA_Scattering_Angle_Bin_3.2_to_<6_degrees[870nm],SSA_Scattering_Angle_Bin_6_to_<30_degrees[870nm],SSA_Scattering_Angle_Bin_30_to_<80_degrees[870nm],SSA_Scattering_Angle_Bin_80_degrees_and_over[870nm],SSA_Scattering_Angle_Bin_3.2_to_<6_degrees[1020nm],SSA_Scattering_Angle_Bin_6_to_<30_degrees[1020nm],SSA_Scattering_Angle_Bin_30_to_<80_degrees[1020nm],SSA_Scattering_Angle_Bin_80_degrees_and_over[1020nm],SSA_Surface_Albedo[440m],SSA_Surface_Albedo[675m],SSA_Surface_Albedo[870m],SSA_Surface_Albedo[1020m],SSA_If_Retrieval_is_L2(without_L2_0.4_AOD_440_threshold),SSA_If_AOD_is_L2,SSA_Last_Processing_Date(dd:mm:yyyy),SSA_Last_Processing_Time(hh:mm:ss),SSA_Instrument_Number,SSA_Latitude(Degrees),SSA_Longitude(Degrees),SSA_Elevation(m),SSA_Inversion_Data_Quality_Level,SSA_Retrieval_Measurement_Scan_Type,TAB_Site,TAB_Day_of_Year,TAB_Day_of_Year(Fraction),TAB_Absorption_AOD[440nm],TAB_Absorption_AOD[675nm],TAB_Absorption_AOD[870nm],TAB_Absorption_AOD[1020nm],TAB_Absorption_Angstrom_Exponent_440-870nm,TAB_Average_Solar_Zenith_Angles_for_Flux_Calculation(Degrees),TAB_Solar_Zenith_Angle_for_Measurement_Start(Degrees),TAB_Sky_Residual(%),TAB_Sun_Residual(%),TAB_Coincident_AOD440nm,TAB_Scattering_Angle_Bin_3.2_to_<6_degrees[440nm],TAB_Scattering_Angle_Bin_6_to_<30_degrees[440nm],TAB_Scattering_Angle_Bin_30_to_<80_degrees[440nm],TAB_Scattering_Angle_Bin_80_degrees_and_over[440nm],TAB_Scattering_Angle_Bin_3.2_to_<6_degrees[675nm],TAB_Scattering_Angle_Bin_6_to_<30_degrees[675nm],TAB_Scattering_Angle_Bin_30_to_<80_degrees[675nm],TAB_Scattering_Angle_Bin_80_degrees_and_over[675nm],TAB_Scattering_Angle_Bin_3.2_to_<6_degrees[870nm],TAB_Scattering_Angle_Bin_6_to_<30_degrees[870nm],TAB_Scattering_Angle_Bin_30_to_<80_degrees[870nm],TAB_Scattering_Angle_Bin_80_degrees_and_over[870nm],TAB_Scattering_Angle_Bin_3.2_to_<6_degrees[1020nm],TAB_Scattering_Angle_Bin_6_to_<30_degrees[1020nm],TAB_Scattering_Angle_Bin_30_to_<80_degrees[1020nm],TAB_Scattering_Angle_Bin_80_degrees_and_over[1020nm],TAB_Surface_Albedo[440m],TAB_Surface_Albedo[675m],TAB_Surface_Albedo[870m],TAB_Surface_Albedo[1020m],TAB_If_Retrieval_is_L2(without_L2_0.4_AOD_440_threshold),TAB_If_AOD_is_L2,TAB_Last_Processing_Date(dd:mm:yyyy),TAB_Last_Processing_Time(hh:mm:ss),TAB_Instrument_Number,TAB_Latitude(Degrees),TAB_Longitude(Degrees),TAB_Elevation(m),TAB_Inversion_Data_Quality_Level,TAB_Retrieval_Measurement_Scan_Type,AE,AOD_Extinction-Total[500nm],FMF,Label,Source,Day_of_Year,Season
15:09:2021,19:15:02,Alta_Floresta_IF,258,258.802106,0.3596,0.1714,0.1096,0.0844,0.3331,0.1428,0.0793,0.0534,0.0265,0.0287,0.0302,0.0311,1.745509,55.880423,55.154072,1.264224,0.049332,0.359423,4,10,8,4,4,10,8,4,4,10,8,4,4,10,7,4,0.04663,0.09158,0.32741,0.35246,1,1,04:05:2022,05:31:41,669,-9.908354,-56.064393,288.0,lev20,Almucantar,Alta_Floresta_IF,258,258.802106,0.359423,0.170336,0.110283,0.083857,1.738157,55.880423,55.154072,1.264224,0.049332,0.359423,4,10,8,4,4,10,8,4,4,10,8,4,4,10,7,4,0.04663,0.09158,0.32741,0.35246,1,1,04:05:2022,05:31:41,669,-9.908354,-56.064393,288.0,lev20,Almucantar,Alta_Floresta_IF,258,258.802106,1.50485,1.50415,1.506,1.50265,0.012257,0.012527,0.012961,0.0134085,55.880423,55.154072,1.264224,0.049332,0.359423,4,10,8,4,4,10,8,4,4,10,8,4,4,10,7,4,0.04663,0.09158,0.32741,0.35246,1,1,04:05:2022,05:31:41,669,-9.908354,-56.064393,288.0,lev20,Almucantar,Alta_Floresta_IF,258,258.802106,0.9217,0.8989,0.8772500000000001,0.85805,55.880423,55.154072,1.264224,0.049332,0.359423,4,10,8,4,4,10,8,4,4,10,8,4,4,10,7,4,0.04663,0.09158,0.32741,0.35246,1,1,04:05:2022,05:31:41,669,-9.908354,-56.064393,288.0,lev20,Almucantar,Alta_Floresta_IF,258,258.802106,0.043364,0.0272645,0.021113,0.0182895,1.0952994999999999,55.880423,55.154072,1.264224,0.049332,0.359423,4,10,8,4,4,10,8,4,4,10,8,4,4,10,7,4,0.04663,0.09158,0.32741,0.35246,1,1,04:05:2022,05:31:41,669,-9.908354,-56.064393,288.0,lev20,Almucantar,1.7428820762328436,0.2877792838066041,0.8881882934381241,BCL,Urban,,Unknown
17:09:2021,10:42:21,Alta_Floresta_IF,260,260.446076,0.6554,0.3045,0.187,0.1389,0.6296,0.2778,0.1591,0.1101,0.0258,0.0267,0.0279,0.0288,1.838521,73.917204,74.650923,2.908947,0.019387,0.654145,4,10,7,6,4,10,7,6,4,9,7,6,4,10,7,5,0.05436,0.10767,0.39818,0.42766,1,1,04:05:2022,05:27:45,669,-9.908354,-56.064393,288.0,lev20,Almucantar,Alta_Floresta_IF,260,260.446076,0.654145,0.304444,0.1869,0.138733,1.836274,73.917204,74.650923,2.908947,0.019387,0.654145,4,10,7,6,4,10,7,6,4,9,7,6,4,10,7,5,0.05436,0.10767,0.39818,0.42766,1,1,04:05:2022,05:27:45,669,-9.908354,-56.064393,288.0,lev20,Almucantar,Alta_Floresta_IF,260,260.446076,1.5082,1.4852,1.4777,1.4704,0.017474,0.015656,0.015622,0.015794,73.917204,74.650923,2.908947,0.019387,0.654145,4,10,7,6,4,10,7,6,4,9,7,6,4,10,7,5,0.05436,0.10767,0.39818,0.42766,1,1,04:05:2022,05:27:45,669,-9.908354,-56.064393,288.0,lev20,Almucantar,Alta_Floresta_IF,260,260.446076,0.9034,0.8811,0.8543,0.8333,73.917204,74.650923,2.908947,0.019387,0.654145,4,10,7,6,4,10,7,6,4,9,7,6,4,10,7,5,0.05436,0.10767,0.39818,0.42766,1,1,04:05:2022,05:27:45,669,-9.908354,-56.064393,288.0,lev20,Almucantar,Alta_Floresta_IF,260,260.446076,0.063301,0.036198,0.02724,0.023155,1.247082,73.917204,74.650923,2.908947,0.019387,0.654145,4,10,7,6,4,10,7,6,4,9,7,6,4,10,7,5,0.05436,0.10767,0.39818,0.42766,1,1,04:05:2022,05:27:45,669,-9.908354,-56.064393,288.0,lev20,Almucantar,1.839670109422377,0.5180514199840064,0.9419292966854007,BCL,Arid,,Unknown
17:09:2021,11:04:38,Alta_Floresta_IF,260,260.461551,0.6557,0.304,0.1866,0.1383,0.6339,0.2812,0.1635,0.1149,0.0219,0.0228,0.0231,0.0234,1.84246,68.467856,69.201212,2.570928,0.012449,0.654689,4,10,7,6,4,10,7,6,4,8,6,5,4,7,6,6,0.05116,0.10109,0.36984,0.3985,1,1,04:05:2022,05:30:46,669,-9.908354,-56.064393,288.0,lev20,Almucantar,Alta_Floresta_IF,260,260.461551,0.654689,0.303791,0.1868,0.138662,1.838814,68.467856,69.201212,2.570928,0.012449,0.654689,4,10,7,6,4,10,7,6,4,8,6,5,4,7,6,6,0.05116,0.10109,0.36984,0.3985,1,1,04:05:2022,05:30:46,669,-9.908354,-56.064393,288.0,lev20,Almucantar,Alta_Floresta_IF,260,260.461551,1.5241,1.4994,1.4903,1.4807,0.018731,0.016304,0.016115,0.015929,68.467856,69.201212,2.570928,0.012449,0.654689,4,10,7,6,4,10,7,6,4,8,6,5,4,7,6,6,0.05116,0.10109,0.36984,0.3985,1,1,04:05:2022,05:30:46,669,-9.908354,-56.064393,288.0,lev20,Almucantar,Alta_Floresta_IF,260,260.461551,0.8999,0.8795,0.8533,0.8351,68.467856,69.201212,2.570928,0.012449,0.654689,4,10,7,6,4,10,7,6,4,8,6,5,4,7,6,6,0.05116,0.10109,0.36984,0.3985,1,1,04:05:2022,05:30:46,669,-9.908354,-56.064393,288.0,lev20,Almucantar,Alta_Floresta_IF,260,260.461551,0.065623,0.036632,0.027372,0.022806,1.294077,68.467856,69.201212,2.570928,0.012449,0.654689,4,10,7,6,4,10,7,6,4,8,6,5,4,7,6,6,0.05116,0.10109,0.36984,0.3985,1,1,04:05:2022,05:30:46,669,-9.908354,-56.064393,288.0,lev20,Almucantar,1.8434824740631977,0.5180360255788512,0.9498115608134547,BCM,Arid,,Unknown
17:09:2021,11:45:34,Alta_Floresta_IF,260,260.489977,0.6787,0.3118,0.1911,0.141,0.646,0.2772,0.1546,0.1033,0.0327,0.0345,0.0365,0.0377,1.858731,58.48089,59.211152,1.249531,0.015897,0.677535,4,10,7,5,4,10,7,5,4,10,7,4,3,11,7,4,0.04718,0.093,0.33496,0.3627,1,1,04:05:2022,05:34:12,669,-9.908354,-56.064393,288.0,lev20,Almucantar,Alta_Floresta_IF,260,260.489977,0.677535,0.311629,0.191417,0.14121,1.854008,58.48089,59.211152,1.249531,0.015897,0.677535,4,10,7,5,4,10,7,5,4,10,7,4,3,11,7,4,0.04718,0.093,0.33496,0.3627,1,1,04:05:2022,05:34:12,669,-9.908354,-56.064393,288.0,lev20,Almucantar,Alta_Floresta_IF,260,260.489977,1.5119,1.5113,1.5122,1.506,0.017923,0.014899,0.015708,0.015702,58.48089,59.211152,1.249531,0.015897,0.677535,4,10,7,5,4,10,7,5,4,10,7,4,3,11,7,4,0.04718,0.093,0.33496,0.3627,1,1,04:05:2022,05:34:12,669,-9.908354,-56.064393,288.0,lev20,Almucantar,Alta_Floresta_IF,260,260.489977,0.9008,0.8846,0.8501,0.8295,58.48089,59.211152,1.249531,0.015897,0.677535,4,10,7,5,4,10,7,5,4,10,7,4,3,11,7,4,0.04718,0.093,0.33496,0.3627,1,1,04:05:2022,05:34:12,669,-9.908354,-56.064393,288.0,lev20,Almucantar,Alta_Floresta_IF,260,260.489977,0.067358,0.035976,0.028638,0.024036,1.280122,58.48089,59.211152,1.249531,0.015897,0.677535,4,10,7,5,4,10,7,5,4,10,7,4,3,11,7,4,0.04718,0.093,0.33496,0.3627,1,1,04:05:2022,05:34:12,669,-9.908354,-56.064393,288.0,lev20,Almucantar,1.8590992922154486,0.5351377943222887,0.9280956015919695,BCL,Arid,,Unknown
17:09:2021,12:10:26,Alta_Floresta_IF,260,260.507245,0.6605,0.3027,0.1866,0.1383,0.6232,0.2637,0.1456,0.096,0.0373,0.039,0.041,0.0424,1.854947,52.442886,53.169706,1.080236,0.036109,0.659066,3,10,8,4,3,10,8,4,3,10,6,4,4,10,7,4,0.04556,0.08974,0.32057,0.3481,1,1,04:05:2022,05:36:53,669,-9.908354,-56.064393,288.0,lev20,Almucantar,Alta_Floresta_IF,260,260.507245,0.659066,0.302261,0.186955,0.138173,1.849421,52.442886,53.169706,1.080236,0.036109,0.659066,3,10,8,4,3,10,8,4,3,10,6,4,4,10,7,4,0.04556,0.08974,0.32057,0.3481,1,1,04:05:2022,05:36:53,669,-9.908354,-56.064393,288.0,lev20,Almucantar,Alta_Floresta_IF,260,260.507245,1.5331,1.5309,1.5339,1.5274,0.018145,0.013567,0.014138,0.013821,52.442886,53.169706,1.080236,0.036109,0.659066,3,10,8,4,3,10,8,4,3,10,6,4,4,10,7,4,0.04556,0.08974,0.32057,0.3481,1,1,04:05:2022,05:36:53,669,-9.908354,-56.064393,288.0,lev20,Almucantar,Alta_Floresta_IF,260,260.507245,0.9008,0.8925,0.8619,0.8455,52.442886,53.169706,1.080236,0.036109,0.659066,3,10,8,4,3,10,8,4,3,10,6,4,4,10,7,4,0.04556,0.08974,0.32057,0.3481,1,1,04:05:2022,05:36:53,669,-9.908354,-56.064393,288.0,lev20,Almucantar,Alta_Floresta_IF,260,260.507245,0.06551,0.032528,0.025766,0.021365,1.400646,52.442886,53.169706,1.080236,0.036109,0.659066,3,10,8,4,3,10,8,4,3,10,6,4,4,10,7,4,0.04556,0.08974,0.32057,0.3481,1,1,04:05:2022,05:36:53,669,-9.908354,-56.064393,288.0,lev20,Almucantar,1.8541815483234878,0.5211150513225046,0.9162367955200982,BCL,Arid,,Unknown
19:09:2021,10:41:18,Alta_Floresta_IF,262,262.445347,0.6111,0.2941,0.1838,0.1377,0.5797,0.261,0.1487,0.1014,0.0314,0.0331,0.0351,0.0363,1.760471,73.854664,74.589231,1.330707,0.009451,0.609589,4,10,7,6,4,10,7,6,4,10,7,6,4,10,7,6,0.05433,0.1077,0.39803,0.42728,1,1,04:05:2022,05:21:47,669,-9.908354,-56.064393,288.0,lev20,Almucantar,Alta_Floresta_IF,262,262.445347,0.609589,0.293143,0.183872,0.138008,1.75691,73.854664,74.589231,1.330707,0.009451,0.609589,4,10,7,6,4,10,7,6,4,10,7,6,4,10,7,6,0.05433,0.1077,0.39803,0.42728,1,1,04:05:2022,05:21:47,669,-9.908354,-56.064393,288.0,lev20,Almucantar,Alta_Floresta_IF,262,262.445347,1.5312,1.509,1.5074,1.5041,0.015938,0.012564,0.012864,0.012909,73.854664,74.589231,1.330707,0.009451,0.609589,4,10,7,6,4,10,7,6,4,10,7,6,4,10,7,6,0.05433,0.1077,0.39803,0.42728,1,1,04:05:2022,05:21:47,669,-9.908354,-56.064393,288.0,lev20,Almucantar,Alta_Floresta_IF,262,262.445347,0.9107,0.9068,0.8843,0.8694,73.854664,74.589231,1.330707,0.009451,0.609589,4,10,7,6,4,10,7,6,4,10,7,6,4,10,7,6,0.05433,0.1077,0.39803,0.42728,1,1,04:05:2022,05:21:47,669,-9.908354,-56.064393,288.0,lev20,Almucantar,Alta_Floresta_IF,262,262.445347,0.054549,0.027404,0.021266,0.017981,1.409302,73.854664,74.589231,1.330707,0.009451,0.609589,4,10,7,6,4,10,7,6,4,10,7,6,4,10,7,6,0.05433,0.1077,0.39803,0.42728,1,1,04:05:2022,05:21:47,669,-9.908354,-56.064393,288.0,lev20,Almucantar,1.7623292148869478,0.4878344598333532,0.9251007266883169,BCL,Arid,,Unknown
19:09:2021,11:44:09,Alta_Floresta_IF,262,262.488993,0.6013,0.2883,0.1806,0.1356,0.5596,0.2427,0.1323,0.0859,0.0417,0.0456,0.0484,0.0497,1.763249,58.48211,59.21404,1.18629,0.026294,0.600663,4,10,7,5,4,10,7,5,4,10,7,5,3,11,7,5,0.04718,0.093,0.33498,0.36271,1,1,04:05:2022,05:24:23,669,-9.908354,-56.064393,288.0,lev20,Almucantar,Alta_Floresta_IF,262,262.488993,0.600663,0.286908,0.180967,0.135609,1.760146,58.48211,59.21404,1.18629,0.026294,0.600663,4,10,7,5,4,10,7,5,4,10,7,5,3,11,7,5,0.04718,0.093,0.33498,0.36271,1,1,04:05:2022,05:24:23,669,-9.908354,-56.064393,288.0,lev20,Almucantar,Alta_Floresta_IF,262,262.488993,1.524,1.5224,1.5223,1.5152,0.016153,0.015026,0.015351,0.01477,58.48211,59.21404,1.18629,0.026294,0.600663,4,10,7,5,4,10,7,5,4,10,7,5,3,11,7,5,0.04718,0.093,0.33498,0.36271,1,1,04:05:2022,05:24:23,669,-9.908354,-56.064393,288.0,lev20,Almucantar,Alta_Floresta_IF,262,262.488993,0.906,0.883,0.8539,0.8412,58.48211,59.21404,1.18629,0.026294,0.600663,4,10,7,5,4,10,7,5,4,10,7,5,3,11,7,5,0.04718,0.093,0.33498,0.36271,1,1,04:05:2022,05:24:23,669,-9.908354,-56.064393,288.0,lev20,Almucantar,Alta_Floresta_IF,262,262.488993,0.05654,0.033727,0.026389,0.021524,1.129888,58.48211,59.21404,1.18629,0.026294,0.600663,4,10,7,5,4,10,7,5,4,10,7,5,3,11,7,5,0.04718,0.093,0.33498,0.36271,1,1,04:05:2022,05:24:23,669,-9.908354,-56.064393,288.0,lev20,Almucantar,1.7643783526390142,0.47988550519665113,0.8966766340445603,BCL,Arid,,Unknown
19:09:2021,12:09:07,Alta_Floresta_IF,262,262.506331,0.5844,0.279,0.1755,0.1319,0.5485,0.2412,0.1355,0.0903,0.0359,0.0378,0.04,0.0416,1.764508,52.403757,53.132732,0.897051,0.02414,0.583896,3,10,8,4,3,10,8,4,3,10,8,4,3,10,8,4,0.04555,0.08972,0.32049,0.34802,1,1,04:05:2022,05:26:58,669,-9.908354,-56.064393,288.0,lev20,Almucantar,Alta_Floresta_IF,262,262.506331,0.583896,0.277667,0.175843,0.13199,1.761801,52.403757,53.132732,0.897051,0.02414,0.583896,3,10,8,4,3,10,8,4,3,10,8,4,3,10,8,4,0.04555,0.08972,0.32049,0.34802,1,1,04:05:2022,05:26:58,669,-9.908354,-56.064393,288.0,lev20,Almucantar,Alta_Floresta_IF,262,262.506331,1.5044,1.5082,1.51,1.5027,0.015232,0.01162,0.013215,0.013689,52.403757,53.132732,0.897051,0.02414,0.583896,3,10,8,4,3,10,8,4,3,10,8,4,3,10,8,4,0.04555,0.08972,0.32049,0.34802,1,1,04:05:2022,05:26:58,669,-9.908354,-56.064393,288.0,lev20,Almucantar,Alta_Floresta_IF,262,262.506331,0.9083,0.9035,0.8698,0.8489,52.403757,53.132732,0.897051,0.02414,0.583896,3,10,8,4,3,10,8,4,3,10,8,4,3,10,8,4,0.04555,0.08972,0.32049,0.34802,1,1,04:05:2022,05:26:58,669,-9.908354,-56.064393,288.0,lev20,Almucantar,Alta_Floresta_IF,262,262.506331,0.053596,0.026928,0.022845,0.019936,1.292187,52.403757,53.132732,0.897051,0.02414,0.583896,3,10,8,4,3,10,8,4,3,10,8,4,3,10,8,4,0.04555,0.08972,0.32049,0.34802,1,1,04:05:2022,05:26:58,669,-9.908354,-56.064393,288.0,lev20,Almucantar,1.76457975528697,0.46638594544544437,0.910607890102954,BCL,Arid,,Unknown
20:09:2021,11:01:07,Alta_Floresta_IF,263,263.459109,0.7995,0.396,0.2537,0.1936,0.7522,0.3454,0.2,0.1383,0.0473,0.0506,0.0537,0.0553,1.68293,68.840576,69.575519,1.799478,0.009626,0.797742,4,10,7,6,4,10,7,6,4,8,7,6,3,6,7,4,0.05132,0.10144,0.37134,0.40023,1,1,04:05:2022,05:31:57,669,-9.908354,-56.064393,288.0,lev20,Almucantar,Alta_Floresta_IF,263,263.459109,0.797742,0.395027,0.25361,0.193455,1.680574,68.840576,69.575519,1.799478,0.009626,0.797742,4,10,7,6,4,10,7,6,4,8,7,6,3,6,7,4,0.05132,0.10144,0.37134,0.40023,1,1,04:05:2022,05:31:57,669,-9.908354,-56.064393,288.0,lev20,Almucantar,Alta_Floresta_IF,263,263.459109,1.4788,1.4814,1.4825,1.4799,0.013466,0.013005,0.014555,0.015269,68.840576,69.575519,1.799478,0.009626,0.797742,4,10,7,6,4,10,7,6,4,8,7,6,3,6,7,4,0.05132,0.10144,0.37134,0.40023,1,1,04:05:2022,05:31:57,669,-9.908354,-56.064393,288.0,lev20,Almucantar,Alta_Floresta_IF,263,263.459109,0.9156,0.8948,0.8607,0.8378,68.840576,69.575519,1.799478,0.009626,0.797742,4,10,7,6,4,10,7,6,4,8,7,6,3,6,7,4,0.05132,0.10144,0.37134,0.40023,1,1,04:05:2022,05:31:57,669,-9.908354,-56.064393,288.0,lev20,Almucantar,Alta_Floresta_IF,263,263.459109,0.067509,0.041673,0.035352,0.0314,0.97026,68.840576,69.575519,1.799478,0.009626,0.797742,4,10,7,6,4,10,7,6,4,8,7,6,3,6,7,4,0.05132,0.10144,0.37134,0.40023,1,1,04:05:2022,05:31:57,669,-9.908354,-56.064393,288.0,lev20,Almucantar,1.6837361629012246,0.6446766426330924,0.9133810801947099,BCL,Arid,,Unknown
20:09:2021,11:44:06,Alta_Floresta_IF,263,263.488958,0.8151,0.4215,0.2857,0.2292,0.7553,0.3584,0.2195,0.1614,0.0598,0.0631,0.0662,0.0678,1.54158,58.324642,59.057278,1.222085,0.024808,0.813388,4,10,7,5,4,10,7,5,2,10,7,5,2,11,7,5,0.04713,0.0929,0.33456,0.36228,1,1,04:05:2022,05:35:05,669,-9.908354,-56.064393,288.0,lev20,Almucantar,Alta_Floresta_IF,263,263.488958,0.813388,0.419853,0.285261,0.229009,1.541297,58.324642,59.057278,1.222085,0.024808,0.813388,4,10,7,5,4,10,7,5,2,10,7,5,2,11,7,5,0.04713,0.0929,0.33456,0.36228,1,1,04:05:2022,05:35:05,669,-9.908354,-56.064393,288.0,lev20,Almucantar,Alta_Floresta_IF,263,263.488958,1.4978,1.503,1.5124,1.5187,0.015386,0.017313,0.022893,0.027257,58.324642,59.057278,1.222085,0.024808,0.813388,4,10,7,5,4,10,7,5,2,10,7,5,2,11,7,5,0.04713,0.0929,0.33456,0.36228,1,1,04:05:2022,05:35:05,669,-9.908354,-56.064393,288.0,lev20,Almucantar,Alta_Floresta_IF,263,263.488958,0.9016,0.8643,0.8078,0.7629,58.324642,59.057278,1.222085,0.024808,0.813388,4,10,7,5,4,10,7,5,2,10,7,5,2,11,7,5,0.04713,0.0929,0.33456,0.36228,1,1,04:05:2022,05:35:05,669,-9.908354,-56.064393,288.0,lev20,Almucantar,Alta_Floresta_IF,263,263.488958,0.080203,0.057204,0.054921,0.054339,0.581939,58.324642,59.057278,1.222085,0.024808,0.813388,4,10,7,5,4,10,7,5,2,10,7,5,2,11,7,5,0.04713,0.0929,0.33456,0.36228,1,1,04:05:2022,05:35:05,669,-9.908354,-56.064393,288.0,lev20,Almucantar,1.537831992731099,0.6696294881449341,0.893166936252224,BCL,Arid,,Unknown
20:09:2021,12:09:03,Alta_Floresta_IF,263,263.506285,0.7741,0.3893,0.2564,0.1994,0.7371,0.3508,0.2174,0.1602,0.037,0.0384,0.039,0.0392,1.622849,52.243526,52.97342,2.342277,0.098722,0.772712,3,10,8,4,3,10,8,4,3,9,8,4,3,8,8,4,0.04549,0.08961,0.32006,0.34769,1,1,04:05:2022,05:37:19,669,-9.908354,-56.064393,288.0,lev20,Almucantar,Alta_Floresta_IF,263,263.506285,0.772712,0.38737,0.255775,0.200657,1.624499,52.243526,52.97342,2.342277,0.098722,0.772712,3,10,8,4,3,10,8,4,3,9,8,4,3,8,8,4,0.04549,0.08961,0.32006,0.34769,1,1,04:05:2022,05:37:19,669,-9.908354,-56.064393,288.0,lev20,Almucantar,Alta_Floresta_IF,263,263.506285,1.549,1.5207,1.5214,1.5197,0.016035,0.015592,0.017618,0.018876,52.243526,52.97342,2.342277,0.098722,0.772712,3,10,8,4,3,10,8,4,3,9,8,4,3,8,8,4,0.04549,0.08961,0.32006,0.34769,1,1,04:05:2022,05:37:19,669,-9.908354,-56.064393,288.0,lev20,Almucantar,Alta_Floresta_IF,263,263.506285,0.9071,0.8837,0.8516,0.8293,52.243526,52.97342,2.342277,0.098722,0.772712,3,10,8,4,3,10,8,4,3,9,8,4,3,8,8,4,0.04549,0.08961,0.32006,0.34769,1,1,04:05:2022,05:37:19,669,-9.908354,-56.064393,288.0,lev20,Almucantar,Alta_Floresta_IF,263,263.506285,0.071931,0.045266,0.038049,0.034032,0.952193,52.243526,52.97342,2.342277,0.098722,0.772712,3,10,8,4,3,10,8,4,3,9,8,4,3,8,8,4,0.04549,0.08961,0.32006,0.34769,1,1,04:05:2022,05:37:19,669,-9.908354,-56.064393,288.0,lev20,Almucantar,1.6208484351007935,0.6292335831004027,0.9299075020711525,BCL,Arid,,Unknown
24:10:2021,11:25:57,Alta_Floresta_IF,297,297.476354,0.0812,0.0415,0.0283,0.0224,0.0737,0.0334,0.0197,0.0134,0.0075,0.0081,0.0087,0.009,1.551995,58.68306,59.413979,1.431361,0.06963,0.081799,4,10,7,5,4,10,7,5,4,10,7,5,3,10,8,5,0.04376,0.08444,0.34685,0.36932,1,1,04:05:2022,05:23:09,669,-9.908354,-56.064393,288.0,lev20,Almucantar,Alta_Floresta_IF,297,297.476354,0.081799,0.039754,0.029202,0.022989,1.533133,58.68306,59.413979,1.431361,0.06963,0.081799,4,10,7,5,4,10,7,5,4,10,7,5,3,10,8,5,0.04376,0.08444,0.34685,0.36932,1,1,04:05:2022,05:23:09,669,-9.908354,-56.064393,288.0,lev20,Almucantar,Alta_Floresta_IF,297,297.476354,1.50485,1.50415,1.506,1.50265,0.012257,0.012527,0.012961,0.0134085,58.68306,59.413979,1.431361,0.06963,0.081799,4,10,7,5,4,10,7,5,4,10,7,5,3,10,8,5,0.04376,0.08444,0.34685,0.36932,1,1,04:05:2022,05:23:09,669,-9.908354,-56.064393,288.0,lev20,Almucantar,Alta_Floresta_IF,297,297.476354,0.9217,0.8989,0.8772500000000001,0.85805,58.68306,59.413979,1.431361,0.06963,0.081799,4,10,7,5,4,10,7,5,4,10,7,5,3,10,8,5,0.04376,0.08444,0.34685,0.36932,1,1,04:05:2022,05:23:09,669,-9.908354,-56.064393,288.0,lev20,Almucantar,Alta_Floresta_IF,297,297.476354,0.043364,0.0272645,0.021113,0.0182895,1.0952994999999999,58.68306,59.413979,1.431361,0.06963,0.081799,4,10,7,5,4,10,7,5,4,10,7,5,3,10,8,5,0.04376,0.08444,0.34685,0.36932,1,1,04:05:2022,05:23:09,669,-9.908354,-56.064393,288.0,lev20,Almucantar,1.546171133860527,0.06663719986844788,0.8659850806338463,BCL,Maritime,,Unknown
24:10:2021,11:50:38,Alta_Floresta_IF,297,297.493495,0.0832,0.0435,0.0302,0.0236,0.0745,0.034,0.0202,0.0133,0.0087,0.0094,0.01,0.0103,1.492938,52.664069,53.396057,1.328392,0.108539,0.084139,3,10,8,4,3,10,8,3,3,10,8,4,4,10,8,3,0.04232,0.08122,0.33207,0.3544,1,1,04:05:2022,05:25:10,669,-9.908354,-56.064393,288.0,lev20,Almucantar,Alta_Floresta_IF,297,297.493495,0.084139,0.040769,0.030305,0.023591,1.522254,52.664069,53.396057,1.328392,0.108539,0.084139,3,10,8,4,3,10,8,3,3,10,8,4,4,10,8,3,0.04232,0.08122,0.33207,0.3544,1,1,04:05:2022,05:25:10,669,-9.908354,-56.064393,288.0,lev20,Almucantar,Alta_Floresta_IF,297,297.493495,1.50485,1.50415,1.506,1.50265,0.012257,0.012527,0.012961,0.0134085,52.664069,53.396057,1.328392,0.108539,0.084139,3,10,8,4,3,10,8,3,3,10,8,4,4,10,8,3,0.04232,0.08122,0.33207,0.3544,1,1,04:05:2022,05:25:10,669,-9.908354,-56.064393,288.0,lev20,Almucantar,Alta_Floresta_IF,297,297.493495,0.9217,0.8989,0.8772500000000001,0.85805,52.664069,53.396057,1.328392,0.108539,0.084139,3,10,8,4,3,10,8,3,3,10,8,4,4,10,8,3,0.04232,0.08122,0.33207,0.3544,1,1,04:05:2022,05:25:10,669,-9.908354,-56.064393,288.0,lev20,Almucantar,Alta_Floresta_IF,297,297.493495,0.043364,0.0272645,0.021113,0.0182895,1.0952994999999999,52.664069,53.396057,1.328392,0.108539,0.084139,3,10,8,4,3,10,8,3,3,10,8,4,4,10,8,3,0.04232,0.08122,0.33207,0.3544,1,1,04:05:2022,05:25:10,669,-9.908354,-56.064393,288.0,lev20,Almucantar,1.4865453205927184,0.06880092898888462,0.8494689489837135,BCL,Maritime,,Unknown
17:08:2023,19:06:14,Alta_Floresta_IF,229,229.795995,1.3541,0.5718,0.308,0.2065,1.3289,0.5458,0.2813,0.1792,0.0252,0.026,0.0267,0.0273,2.145695,54.970921,54.297909,4.923582,0.169998,1.349088,4,10,8,4,4,10,8,4,4,10,8,4,4,10,8,4,0.059,0.11305,0.32073,0.35231,1,1,23:12:2024,21:32:50,624,-9.908354,-56.064393,288.0,lev20,Almucantar,Alta_Floresta_IF,229,229.795995,1.349088,0.57171,0.307566,0.204759,2.141831,54.970921,54.297909,4.923582,0.169998,1.349088,4,10,8,4,4,10,8,4,4,10,8,4,4,10,8,4,0.059,0.11305,0.32073,0.35231,1,1,23:12:2024,21:32:50,624,-9.908354,-56.064393,288.0,lev20,Almucantar,Alta_Floresta_IF,229,229.795995,1.481,1.5097,1.5178,1.5157,0.004904,0.004814,0.00479,0.004782,54.970921,54.297909,4.923582,0.169998,1.349088,4,10,8,4,4,10,8,4,4,10,8,4,4,10,8,4,0.059,0.11305,0.32073,0.35231,1,1,23:12:2024,21:32:50,624,-9.908354,-56.064393,288.0,lev20,Almucantar,Alta_Floresta_IF,229,229.795995,0.9694,0.9586,0.9454,0.9337,54.970921,54.297909,4.923582,0.169998,1.349088,4,10,8,4,4,10,8,4,4,10,8,4,4,10,8,4,0.059,0.11305,0.32073,0.35231,1,1,23:12:2024,21:32:50,624,-9.908354,-56.064393,288.0,lev20,Almucantar,Alta_Floresta_IF,229,229.795995,0.041439,0.023648,0.016826,0.013686,1.314759,54.970921,54.297909,4.923582,0.169998,1.349088,4,10,8,4,4,10,8,4,4,10,8,4,4,10,8,4,0.059,0.11305,0.32073,0.35231,1,1,23:12:2024,21:32:50,624,-9.908354,-56.064393,288.0,lev20,Almucantar,2.1721466502231492,1.025791179513704,0.9727108215310488,FNA,Biomass,,Unknown
17:08:2023,20:18:56,Alta_Floresta_IF,229,229.846481,1.2933,0.536,0.2832,0.1911,1.2768,0.519,0.2658,0.1737,0.0165,0.0171,0.0173,0.0174,2.199942,71.694863,70.993137,6.704951,0.128915,1.29234,4,10,7,6,4,10,7,6,4,10,7,6,4,10,7,6,0.06917,0.13066,0.38104,0.41014,1,1,23:12:2024,21:38:34,624,-9.908354,-56.064393,288.0,lev20,Almucantar,Alta_Floresta_IF,229,229.846481,1.29234,0.535966,0.28214,0.189354,2.203712,71.694863,70.993137,6.704951,0.128915,1.29234,4,10,7,6,4,10,7,6,4,10,7,6,4,10,7,6,0.06917,0.13066,0.38104,0.41014,1,1,23:12:2024,21:38:34,624,-9.908354,-56.064393,288.0,lev20,Almucantar,Alta_Floresta_IF,229,229.846481,1.4709,1.4845,1.4849,1.4863,0.006239,0.006199,0.006186,0.006183,71.694863,70.993137,6.704951,0.128915,1.29234,4,10,7,6,4,10,7,6,4,10,7,6,4,10,7,6,0.06917,0.13066,0.38104,0.41014,1,1,23:12:2024,21:38:34,624,-9.908354,-56.064393,288.0,lev20,Almucantar,Alta_Floresta_IF,229,229.846481,0.9623,0.9476,0.9294,0.9149,71.694863,70.993137,6.704951,0.128915,1.29234,4,10,7,6,4,10,7,6,4,10,7,6,4,10,7,6,0.06917,0.13066,0.38104,0.41014,1,1,23:12:2024,21:38:34,624,-9.908354,-56.064393,288.0,lev20,Almucantar,Alta_Floresta_IF,229,229.846481,0.048745,0.028078,0.019988,0.016269,1.299647,71.694863,70.993137,6.704951,0.128915,1.29234,4,10,7,6,4,10,7,6,4,10,7,6,4,10,7,6,0.06917,0.13066,0.38104,0.41014,1,1,23:12:2024,21:38:34,624,-9.908354,-56.064393,288.0,lev20,Almucantar,2.22789764779384,0.9727748938276948,0.98055639106894,FNA,Biomass,,Unknown
18:08:2023,12:34:10,Alta_Floresta_IF,230,230.523727,0.4451,0.2118,0.1256,0.0919,0.4199,0.1855,0.098,0.0634,0.0252,0.0263,0.0276,0.0285,1.834762,52.661609,53.332272,1.599322,0.061041,0.445164,3,10,8,4,3,10,8,4,3,10,8,4,4,10,8,4,0.05792,0.11148,0.31627,0.35018,1,1,23:12:2024,21:47:30,624,-9.908354,-56.064393,288.0,lev20,Almucantar,Alta_Floresta_IF,230,230.523727,0.445164,0.211495,0.124468,0.0929,1.847175,52.661609,53.332272,1.599322,0.061041,0.445164,3,10,8,4,3,10,8,4,3,10,8,4,4,10,8,4,0.05792,0.11148,0.31627,0.35018,1,1,23:12:2024,21:47:30,624,-9.908354,-56.064393,288.0,lev20,Almucantar,Alta_Floresta_IF,230,230.523727,1.5214,1.5384,1.5356,1.5273,0.009631,0.008363,0.008425,0.008661,52.661609,53.332272,1.599322,0.061041,0.445164,3,10,8,4,3,10,8,4,3,10,8,4,4,10,8,4,0.05792,0.11148,0.31627,0.35018,1,1,23:12:2024,21:47:30,624,-9.908354,-56.064393,288.0,lev20,Almucantar,Alta_Floresta_IF,230,230.523727,0.9376,0.9281,0.9081,0.8916,52.661609,53.332272,1.599322,0.061041,0.445164,3,10,8,4,3,10,8,4,3,10,8,4,4,10,8,4,0.05792,0.11148,0.31627,0.35018,1,1,23:12:2024,21:47:30,624,-9.908354,-56.064393,288.0,lev20,Almucantar,Alta_Floresta_IF,230,230.523727,0.027787,0.015222,0.011547,0.009964,1.294361,52.661609,53.332272,1.599322,0.061041,0.445164,3,10,8,4,3,10,8,4,3,10,8,4,4,10,8,4,0.05792,0.11148,0.31627,0.35018,1,1,23:12:2024,21:47:30,624,-9.908354,-56.064393,288.0,lev20,Almucantar,1.8558932320532098,0.35109396247721514,0.9193607215290467,BCL,Urban,,Unknown
18:08:2023,18:50:21,Alta_Floresta_IF,230,230.784965,0.4325,0.2024,0.1207,0.0893,0.4083,0.176,0.0931,0.0612,0.0243,0.0264,0.0276,0.0281,1.853289,51.345695,50.681024,4.075092,0.076455,0.432046,3,10,8,4,3,10,8,4,3,10,8,4,3,7,8,4,0.05771,0.11083,0.3129,0.34481,1,1,23:12:2024,21:28:55,624,-9.908354,-56.064393,288.0,lev20,Almucantar,Alta_Floresta_IF,230,230.784965,0.432046,0.201945,0.120846,0.090373,1.85062,51.345695,50.681024,4.075092,0.076455,0.432046,3,10,8,4,3,10,8,4,3,10,8,4,3,7,8,4,0.05771,0.11083,0.3129,0.34481,1,1,23:12:2024,21:28:55,624,-9.908354,-56.064393,288.0,lev20,Almucantar,Alta_Floresta_IF,230,230.784965,1.33,1.3735,1.388,1.3951,0.003153,0.003095,0.00313,0.003145,51.345695,50.681024,4.075092,0.076455,0.432046,3,10,8,4,3,10,8,4,3,10,8,4,3,7,8,4,0.05771,0.11083,0.3129,0.34481,1,1,23:12:2024,21:28:55,624,-9.908354,-56.064393,288.0,lev20,Almucantar,Alta_Floresta_IF,230,230.784965,0.9618,0.9505,0.9373,0.9291,51.345695,50.681024,4.075092,0.076455,0.432046,3,10,8,4,3,10,8,4,3,10,8,4,3,7,8,4,0.05771,0.11083,0.3129,0.34481,1,1,23:12:2024,21:28:55,624,-9.908354,-56.064393,288.0,lev20,Almucantar,Alta_Floresta_IF,230,230.784965,0.016516,0.010021,0.007559,0.006331,1.143264,51.345695,50.681024,4.075092,0.076455,0.432046,3,10,8,4,3,10,8,4,3,10,8,4,3,7,8,4,0.05771,0.11083,0.3129,0.34481,1,1,23:12:2024,21:28:55,624,-9.908354,-56.064393,288.0,lev20,Almucantar,1.8721425732824155,0.3404471938024198,0.915311122787445,FNA,Urban,,Unknown
18:08:2023,19:06:32,Alta_Floresta_IF,230,230.796204,0.4201,0.1981,0.1196,0.0912,0.3902,0.1663,0.0861,0.057,0.0299,0.0318,0.0334,0.0342,1.825369,54.965996,54.290753,2.000936,0.042406,0.419855,4,10,8,4,4,10,8,4,4,10,8,3,2,10,8,4,0.05898,0.11302,0.32068,0.35229,1,1,23:12:2024,21:30:45,624,-9.908354,-56.064393,288.0,lev20,Almucantar,Alta_Floresta_IF,230,230.796204,0.419855,0.197504,0.118983,0.090317,1.831954,54.965996,54.290753,2.000936,0.042406,0.419855,4,10,8,4,4,10,8,4,4,10,8,3,2,10,8,4,0.05898,0.11302,0.32068,0.35229,1,1,23:12:2024,21:30:45,624,-9.908354,-56.064393,288.0,lev20,Almucantar,Alta_Floresta_IF,230,230.796204,1.5549,1.5772,1.5822,1.5921,0.010099,0.00947,0.00924,0.009086,54.965996,54.290753,2.000936,0.042406,0.419855,4,10,8,4,4,10,8,4,4,10,8,3,2,10,8,4,0.05898,0.11302,0.32068,0.35229,1,1,23:12:2024,21:30:45,624,-9.908354,-56.064393,288.0,lev20,Almucantar,Alta_Floresta_IF,230,230.796204,0.935,0.916,0.8962,0.8862,54.965996,54.290753,2.000936,0.042406,0.419855,4,10,8,4,4,10,8,4,4,10,8,3,2,10,8,4,0.05898,0.11302,0.32068,0.35229,1,1,23:12:2024,21:30:45,624,-9.908354,-56.064393,288.0,lev20,Almucantar,Alta_Floresta_IF,230,230.796204,0.027306,0.016651,0.012409,0.010386,1.151401,54.965996,54.290753,2.000936,0.042406,0.419855,4,10,8,4,4,10,8,4,4,10,8,3,2,10,8,4,0.05898,0.11302,0.32068,0.35229,1,1,23:12:2024,21:30:45,624,-9.908354,-56.064393,288.0,lev20,Almucantar,1.842901380537945,0.33192481463951734,0.893291032898472,BCL,Urban,,Unknown
18:08:2023,20:44:29,Alta_Floresta_IF,230,230.864225,0.4198,0.2,0.1208,0.0898,0.3952,0.1744,0.0939,0.0622,0.0246,0.0256,0.0268,0.0276,1.808892,77.671149,76.964165,3.666159,0.077549,0.420829,4,10,5,6,4,10,5,5,2,10,4,5,2,10,4,4,0.07541,0.1417,0.4185,0.44705,1,1,23:12:2024,21:35:23,624,-9.908354,-56.064393,288.0,lev20,Almucantar,Alta_Floresta_IF,230,230.864225,0.420829,0.198671,0.120583,0.088897,1.81665,77.671149,76.964165,3.666159,0.077549,0.420829,4,10,5,6,4,10,5,5,2,10,4,5,2,10,4,4,0.07541,0.1417,0.4185,0.44705,1,1,23:12:2024,21:35:23,624,-9.908354,-56.064393,288.0,lev20,Almucantar,Alta_Floresta_IF,230,230.864225,1.6,1.5504,1.5306,1.5184,0.016286,0.017387,0.01766,0.017599,77.671149,76.964165,3.666159,0.077549,0.420829,4,10,5,6,4,10,5,5,2,10,4,5,2,10,4,4,0.07541,0.1417,0.4185,0.44705,1,1,23:12:2024,21:35:23,624,-9.908354,-56.064393,288.0,lev20,Almucantar,Alta_Floresta_IF,230,230.864225,0.9112,0.8778,0.8432,0.8205,77.671149,76.964165,3.666159,0.077549,0.420829,4,10,5,6,4,10,5,5,2,10,4,5,2,10,4,4,0.07541,0.1417,0.4185,0.44705,1,1,23:12:2024,21:35:23,624,-9.908354,-56.064393,288.0,lev20,Almucantar,Alta_Floresta_IF,230,230.864225,0.03729,0.024451,0.018934,0.016114,0.98874,77.671149,76.964165,3.666159,0.077549,0.420829,4,10,5,6,4,10,5,5,2,10,4,5,2,10,4,4,0.07541,0.1417,0.4185,0.44705,1,1,23:12:2024,21:35:23,624,-9.908354,-56.064393,288.0,lev20,Almucantar,1.8272089576206985,0.33235382051589757,0.9152533355339644,BCL,Urban,,Unknown
19:08:2023,11:00:41,Alta_Floresta_IF,231,231.458808,0.4896,0.2256,0.1342,0.0996,0.4647,0.1996,0.1066,0.0709,0.0249,0.026,0.0277,0.0288,1.880561,74.062921,74.769584,0.971983,0.006848,0.489706,4,10,7,6,4,10,7,6,4,10,7,6,4,10,7,6,0.07023,0.13361,0.39469,0.43193,1,1,23:12:2024,21:41:10,624,-9.908354,-56.064393,288.0,lev20,Almucantar,Alta_Floresta_IF,231,231.458808,0.489706,0.225704,0.13425,0.099911,1.880303,74.062921,74.769584,0.971983,0.006848,0.489706,4,10,7,6,4,10,7,6,4,10,7,6,4,10,7,6,0.07023,0.13361,0.39469,0.43193,1,1,23:12:2024,21:41:10,624,-9.908354,-56.064393,288.0,lev20,Almucantar,Alta_Floresta_IF,231,231.458808,1.536,1.5305,1.5219,1.5165,0.011423,0.011184,0.01207,0.012579,74.062921,74.769584,0.971983,0.006848,0.489706,4,10,7,6,4,10,7,6,4,10,7,6,4,10,7,6,0.07023,0.13361,0.39469,0.43193,1,1,23:12:2024,21:41:10,624,-9.908354,-56.064393,288.0,lev20,Almucantar,Alta_Floresta_IF,231,231.458808,0.9328,0.9114,0.8817,0.8615,74.062921,74.769584,0.971983,0.006848,0.489706,4,10,7,6,4,10,7,6,4,10,7,6,4,10,7,6,0.07023,0.13361,0.39469,0.43193,1,1,23:12:2024,21:41:10,624,-9.908354,-56.064393,288.0,lev20,Almucantar,Alta_Floresta_IF,231,231.458808,0.032901,0.019993,0.015879,0.013795,1.07352,74.062921,74.769584,0.971983,0.006848,0.489706,4,10,7,6,4,10,7,6,4,10,7,6,4,10,7,6,0.07023,0.13361,0.39469,0.43193,1,1,23:12:2024,21:41:10,624,-9.908354,-56.064393,288.0,lev20,Almucantar,1.898521949512829,0.38409667146317056,0.9253716444544078,BCL,Urban,,Unknown
19:08:2023,11:21:51,Alta_Floresta_IF,231,231.473507,0.5055,0.231,0.1369,0.1011,0.4789,0.2034,0.1078,0.0708,0.0265,0.0277,0.0292,0.0303,1.898321,69.093075,69.795416,1.761659,0.03666,0.505271,4,10,7,6,4,10,7,6,4,10,7,6,4,10,7,6,0.06598,0.12597,0.36819,0.40415,1,1,23:12:2024,21:43:27,624,-9.908354,-56.064393,288.0,lev20,Almucantar,Alta_Floresta_IF,231,231.473507,0.505271,0.230969,0.13655,0.101692,1.901001,69.093075,69.795416,1.761659,0.03666,0.505271,4,10,7,6,4,10,7,6,4,10,7,6,4,10,7,6,0.06598,0.12597,0.36819,0.40415,1,1,23:12:2024,21:43:27,624,-9.908354,-56.064393,288.0,lev20,Almucantar,Alta_Floresta_IF,231,231.473507,1.5395,1.5434,1.5405,1.5358,0.010129,0.009009,0.009119,0.009425,69.093075,69.795416,1.761659,0.03666,0.505271,4,10,7,6,4,10,7,6,4,10,7,6,4,10,7,6,0.06598,0.12597,0.36819,0.40415,1,1,23:12:2024,21:43:27,624,-9.908354,-56.064393,288.0,lev20,Almucantar,Alta_Floresta_IF,231,231.473507,0.938,0.9244,0.9032,0.8862,69.093075,69.795416,1.761659,0.03666,0.505271,4,10,7,6,4,10,7,6,4,10,7,6,4,10,7,6,0.06598,0.12597,0.36819,0.40415,1,1,23:12:2024,21:43:27,624,-9.908354,-56.064393,288.0,lev20,Almucantar,Alta_Floresta_IF,231,231.473507,0.031323,0.017471,0.013251,0.011511,1.266634,69.093075,69.795416,1.761659,0.03666,0.505271,4,10,7,6,4,10,7,6,4,10,7,6,4,10,7,6,0.06598,0.12597,0.36819,0.40415,1,1,23:12:2024,21:43:27,624,-9.908354,-56.064393,288.0,lev20,Almucantar,1.9161829045480219,0.39567608815649397,0.9231410495331239,BCL,Urban,,Unknown
19:08:2023,12:06:52,Alta_Floresta_IF,231,231.504769,0.501,0.2328,0.1385,0.1025,0.4749,0.2055,0.1096,0.0726,0.0261,0.0273,0.0288,0.0299,1.867381,58.664775,59.351872,1.36085,0.047133,0.500934,4,10,7,5,4,10,7,5,4,10,7,5,3,11,7,5,0.06018,0.1155,0.33086,0.36513,1,1,23:12:2024,21:45:30,624,-9.908354,-56.064393,288.0,lev20,Almucantar,Alta_Floresta_IF,231,231.504769,0.500934,0.232462,0.137842,0.102882,1.87376,58.664775,59.351872,1.36085,0.047133,0.500934,4,10,7,5,4,10,7,5,4,10,7,5,3,11,7,5,0.06018,0.1155,0.33086,0.36513,1,1,23:12:2024,21:45:30,624,-9.908354,-56.064393,288.0,lev20,Almucantar,Alta_Floresta_IF,231,231.504769,1.5012,1.5248,1.5293,1.53,0.009583,0.008327,0.008456,0.008728,58.664775,59.351872,1.36085,0.047133,0.500934,4,10,7,5,4,10,7,5,4,10,7,5,3,11,7,5,0.06018,0.1155,0.33086,0.36513,1,1,23:12:2024,21:45:30,624,-9.908354,-56.064393,288.0,lev20,Almucantar,Alta_Floresta_IF,231,231.504769,0.9367,0.9265,0.9061,0.8903,58.664775,59.351872,1.36085,0.047133,0.500934,4,10,7,5,4,10,7,5,4,10,7,5,3,11,7,5,0.06018,0.1155,0.33086,0.36513,1,1,23:12:2024,21:45:30,624,-9.908354,-56.064393,288.0,lev20,Almucantar,Alta_Floresta_IF,231,231.504769,0.03172,0.017119,0.013007,0.011244,1.315395,58.664775,59.351872,1.36085,0.047133,0.500934,4,10,7,5,4,10,7,5,4,10,7,5,3,11,7,5,0.06018,0.1155,0.33086,0.36513,1,1,23:12:2024,21:45:30,624,-9.908354,-56.064393,288.0,lev20,Almucantar,1.886021582581515,0.3936686648898072,0.9237933157432708,BCL,Urban,,Unknown
19:08:2023,12:33:25,Alta_Floresta_IF,231,231.523206,0.4689,0.221,0.1318,0.0968,0.4426,0.1936,0.1031,0.0671,0.0263,0.0274,0.0287,0.0296,1.842189,52.649905,53.322909,1.431445,0.113639,0.469097,3,10,8,4,3,10,8,4,3,10,8,4,4,10,8,4,0.0579,0.11145,0.31619,0.35016,1,1,23:12:2024,21:26:31,624,-9.908354,-56.064393,288.0,lev20,Almucantar,Alta_Floresta_IF,231,231.523206,0.469097,0.220341,0.130425,0.098285,1.857282,52.649905,53.322909,1.431445,0.113639,0.469097,3,10,8,4,3,10,8,4,3,10,8,4,4,10,8,4,0.0579,0.11145,0.31619,0.35016,1,1,23:12:2024,21:26:31,624,-9.908354,-56.064393,288.0,lev20,Almucantar,Alta_Floresta_IF,231,231.523206,1.5451,1.5469,1.5424,1.5341,0.008759,0.007471,0.007609,0.007955,52.649905,53.322909,1.431445,0.113639,0.469097,3,10,8,4,3,10,8,4,3,10,8,4,4,10,8,4,0.0579,0.11145,0.31619,0.35016,1,1,23:12:2024,21:26:31,624,-9.908354,-56.064393,288.0,lev20,Almucantar,Alta_Floresta_IF,231,231.523206,0.9451,0.9364,0.9183,0.9026,52.649905,53.322909,1.431445,0.113639,0.469097,3,10,8,4,3,10,8,4,3,10,8,4,4,10,8,4,0.0579,0.11145,0.31619,0.35016,1,1,23:12:2024,21:26:31,624,-9.908354,-56.064393,288.0,lev20,Almucantar,Alta_Floresta_IF,231,231.523206,0.025726,0.014062,0.010777,0.009423,1.284356,52.649905,53.322909,1.431445,0.113639,0.469097,3,10,8,4,3,10,8,4,3,10,8,4,4,10,8,4,0.0579,0.11145,0.31619,0.35016,1,1,23:12:2024,21:26:31,624,-9.908354,-56.064393,288.0,lev20,Almucantar,1.8616246037658815,0.3695964654370639,0.9195036428524486,BCL,Urban,,Unknown
19:08:2023,18:50:09,Alta_Floresta_IF,231,231.784826,0.444,0.2132,0.1276,0.0942,0.4196,0.1868,0.0995,0.0652,0.0244,0.0264,0.0281,0.029,1.808666,51.21924,50.552416,2.392328,0.050615,0.444638,3,9,7,4,3,8,5,4,3,8,5,4,3,7,4,3,0.05767,0.11077,0.31265,0.34456,1,1,23:12:2024,21:30:27,624,-9.908354,-56.064393,288.0,lev20,Almucantar,Alta_Floresta_IF,231,231.784826,0.444638,0.212839,0.127158,0.094188,1.815839,51.21924,50.552416,2.392328,0.050615,0.444638,3,9,7,4,3,8,5,4,3,8,5,4,3,7,4,3,0.05767,0.11077,0.31265,0.34456,1,1,23:12:2024,21:30:27,624,-9.908354,-56.064393,288.0,lev20,Almucantar,Alta_Floresta_IF,231,231.784826,1.4071,1.443,1.4473,1.4456,0.006941,0.006936,0.006849,0.006817,51.21924,50.552416,2.392328,0.050615,0.444638,3,9,7,4,3,8,5,4,3,8,5,4,3,7,4,3,0.05767,0.11077,0.31265,0.34456,1,1,23:12:2024,21:30:27,624,-9.908354,-56.064393,288.0,lev20,Almucantar,Alta_Floresta_IF,231,231.784826,0.9416,0.9238,0.9054,0.8932,51.21924,50.552416,2.392328,0.050615,0.444638,3,9,7,4,3,8,5,4,3,8,5,4,3,7,4,3,0.05767,0.11077,0.31265,0.34456,1,1,23:12:2024,21:30:27,624,-9.908354,-56.064393,288.0,lev20,Almucantar,Alta_Floresta_IF,231,231.784826,0.025938,0.016255,0.01207,0.010068,1.113787,51.21924,50.552416,2.392328,0.050615,0.444638,3,9,7,4,3,8,5,4,3,8,5,4,3,7,4,3,0.05767,0.11077,0.31265,0.34456,1,1,23:12:2024,21:30:27,624,-9.908354,-56.064393,288.0,lev20,Almucantar,1.8290896014119744,0.35142835776672987,0.9197159287874987,BCL,Urban,,Unknown
19:08:2023,20:18:52,Alta_Floresta_IF,231,231.846435,0.4255,0.209,0.129,0.0974,0.3939,0.1761,0.0944,0.0618,0.0315,0.0329,0.0346,0.0356,1.733233,71.615463,70.911073,2.00889,0.013934,0.42513,4,10,7,6,4,10,7,6,4,10,6,6,4,10,5,4,0.06888,0.13029,0.38014,0.40972,1,1,23:12:2024,21:37:32,624,-9.908354,-56.064393,288.0,lev20,Almucantar,Alta_Floresta_IF,231,231.846435,0.42513,0.208003,0.129013,0.097586,1.732913,71.615463,70.911073,2.00889,0.013934,0.42513,4,10,7,6,4,10,7,6,4,10,6,6,4,10,5,4,0.06888,0.13029,0.38014,0.40972,1,1,23:12:2024,21:37:32,624,-9.908354,-56.064393,288.0,lev20,Almucantar,Alta_Floresta_IF,231,231.846435,1.5494,1.5285,1.5116,1.4983,0.011178,0.013501,0.013954,0.013702,71.615463,70.911073,2.00889,0.013934,0.42513,4,10,7,6,4,10,7,6,4,10,6,6,4,10,5,4,0.06888,0.13029,0.38014,0.40972,1,1,23:12:2024,21:37:32,624,-9.908354,-56.064393,288.0,lev20,Almucantar,Alta_Floresta_IF,231,231.846435,0.9279,0.8895,0.8568,0.8396,71.615463,70.911073,2.00889,0.013934,0.42513,4,10,7,6,4,10,7,6,4,10,6,6,4,10,5,4,0.06888,0.13029,0.38014,0.40972,1,1,23:12:2024,21:37:32,624,-9.908354,-56.064393,288.0,lev20,Almucantar,Alta_Floresta_IF,231,231.846435,0.030675,0.023104,0.018478,0.015626,0.731641,71.615463,70.911073,2.00889,0.013934,0.42513,4,10,7,6,4,10,7,6,4,10,6,6,4,10,5,4,0.06888,0.13029,0.38014,0.40972,1,1,23:12:2024,21:37:32,624,-9.908354,-56.064393,288.0,lev20,Almucantar,1.7506530486896865,0.34017937991005903,0.8943769326941909,BCL,Urban,,Unknown
20:08:2023,11:21:39,Alta_Floresta_IF,232,232.473368,0.495,0.2266,0.1355,0.1016,0.466,0.1965,0.1037,0.0686,0.0289,0.0301,0.0318,0.033,1.883883,68.995306,69.698966,0.934037,0.024526,0.494007,4,10,7,6,4,10,7,6,4,10,7,6,4,10,7,6,0.06593,0.12589,0.36788,0.40369,1,1,23:12:2024,21:34:22,624,-9.908354,-56.064393,288.0,lev20,Almucantar,Alta_Floresta_IF,232,232.473368,0.494007,0.22653,0.135238,0.101773,1.883374,68.995306,69.698966,0.934037,0.024526,0.494007,4,10,7,6,4,10,7,6,4,10,7,6,4,10,7,6,0.06593,0.12589,0.36788,0.40369,1,1,23:12:2024,21:34:22,624,-9.908354,-56.064393,288.0,lev20,Almucantar,Alta_Floresta_IF,232,232.473368,1.5881,1.5594,1.5439,1.5339,0.014207,0.012179,0.012434,0.013418,68.995306,69.698966,0.934037,0.024526,0.494007,4,10,7,6,4,10,7,6,4,10,7,6,4,10,7,6,0.06593,0.12589,0.36788,0.40369,1,1,23:12:2024,21:34:22,624,-9.908354,-56.064393,288.0,lev20,Almucantar,Alta_Floresta_IF,232,232.473368,0.9211,0.9057,0.8784,0.8537,68.995306,69.698966,0.934037,0.024526,0.494007,4,10,7,6,4,10,7,6,4,10,7,6,4,10,7,6,0.06593,0.12589,0.36788,0.40369,1,1,23:12:2024,21:34:22,624,-9.908354,-56.064393,288.0,lev20,Almucantar,Alta_Floresta_IF,232,232.473368,0.039058,0.02137,0.016471,0.01486,1.275434,68.995306,69.698966,0.934037,0.024526,0.494007,4,10,7,6,4,10,7,6,4,10,7,6,4,10,7,6,0.06593,0.12589,0.36788,0.40369,1,1,23:12:2024,21:34:22,624,-9.908354,-56.064393,288.0,lev20,Almucantar,1.900470870685054,0.3882362956706442,0.9135370921742479,BCL,Urban,,Unknown
20:08:2023,12:06:10,Alta_Floresta_IF,232,232.504282,0.4535,0.2104,0.1278,0.0966,0.4248,0.1804,0.0961,0.0638,0.0286,0.03,0.0317,0.0327,1.842633,58.659259,59.348252,1.140447,0.056319,0.45267,4,10,7,5,4,10,7,5,4,10,7,5,3,11,7,4,0.06018,0.11548,0.33079,0.36512,1,1,23:12:2024,21:36:14,624,-9.908354,-56.064393,288.0,lev20,Almucantar,Alta_Floresta_IF,232,232.504282,0.45267,0.210212,0.126968,0.097075,1.848552,58.659259,59.348252,1.140447,0.056319,0.45267,4,10,7,5,4,10,7,5,4,10,7,5,3,11,7,4,0.06018,0.11548,0.33079,0.36512,1,1,23:12:2024,21:36:14,624,-9.908354,-56.064393,288.0,lev20,Almucantar,Alta_Floresta_IF,232,232.504282,1.5128,1.52,1.5154,1.5102,0.011645,0.010248,0.010788,0.011633,58.659259,59.348252,1.140447,0.056319,0.45267,4,10,7,5,4,10,7,5,4,10,7,5,3,11,7,4,0.06018,0.11548,0.33079,0.36512,1,1,23:12:2024,21:36:14,624,-9.908354,-56.064393,288.0,lev20,Almucantar,Alta_Floresta_IF,232,232.504282,0.9252,0.9071,0.8798,0.8578,58.659259,59.348252,1.140447,0.056319,0.45267,4,10,7,5,4,10,7,5,4,10,7,5,3,11,7,4,0.06018,0.11548,0.33079,0.36512,1,1,23:12:2024,21:36:14,624,-9.908354,-56.064393,288.0,lev20,Almucantar,Alta_Floresta_IF,232,232.504282,0.033913,0.019541,0.015362,0.013733,1.169315,58.659259,59.348252,1.140447,0.056319,0.45267,4,10,7,5,4,10,7,5,4,10,7,5,3,11,7,4,0.06018,0.11548,0.33079,0.36512,1,1,23:12:2024,21:36:14,624,-9.908354,-56.064393,288.0,lev20,Almucantar,1.8578471260048484,0.3576305276083596,0.9063098223319866,BCL,Urban,,Unknown
20:08:2023,12:32:40,Alta_Floresta_IF,232,232.522685,0.4381,0.2057,0.1259,0.0968,0.4033,0.1678,0.086,0.056,0.0349,0.0378,0.0399,0.0408,1.81414,52.637009,53.31233,1.505836,0.026425,0.437316,3,10,8,4,3,10,8,4,3,10,8,4,4,10,8,3,0.05791,0.11146,0.31622,0.35014,1,1,23:12:2024,21:38:12,624,-9.908354,-56.064393,288.0,lev20,Almucantar,Alta_Floresta_IF,232,232.522685,0.437316,0.205648,0.125846,0.096836,1.811989,52.637009,53.31233,1.505836,0.026425,0.437316,3,10,8,4,3,10,8,4,3,10,8,4,4,10,8,3,0.05791,0.11146,0.31622,0.35014,1,1,23:12:2024,21:38:12,624,-9.908354,-56.064393,288.0,lev20,Almucantar,Alta_Floresta_IF,232,232.522685,1.523,1.5338,1.5306,1.5309,0.010994,0.009648,0.009266,0.009201,52.637009,53.31233,1.505836,0.026425,0.437316,3,10,8,4,3,10,8,4,3,10,8,4,4,10,8,3,0.05791,0.11146,0.31622,0.35014,1,1,23:12:2024,21:38:12,624,-9.908354,-56.064393,288.0,lev20,Almucantar,Alta_Floresta_IF,232,232.522685,0.9268,0.9082,0.8897,0.8787,52.637009,53.31233,1.505836,0.026425,0.437316,3,10,8,4,3,10,8,4,3,10,8,4,4,10,8,3,0.05791,0.11146,0.31622,0.35014,1,1,23:12:2024,21:38:12,624,-9.908354,-56.064393,288.0,lev20,Almucantar,Alta_Floresta_IF,232,232.522685,0.032058,0.018888,0.013889,0.011746,1.222204,52.637009,53.31233,1.505836,0.026425,0.437316,3,10,8,4,3,10,8,4,3,10,8,4,4,10,8,3,0.05791,0.11146,0.31622,0.35014,1,1,23:12:2024,21:38:12,624,-9.908354,-56.064393,288.0,lev20,Almucantar,1.8291410335629297,0.34675619659489104,0.8785342627216183,BCL,Urban,,Unknown
21:08:2023,20:42:44,Alta_Floresta_IF,233,233.863009,0.3229,0.1653,0.1153,0.0963,0.2709,0.1092,0.0576,0.0384,0.052,0.0562,0.0576,0.0579,1.509152,77.200738,76.490345,2.375127,0.006823,0.322095,4,10,5,6,4,9,5,5,3,8,5,5,3,6,5,4,0.06634,0.13129,0.41649,0.44331,1,1,23:12:2024,21:28:46,624,-9.908354,-56.064393,288.0,lev20,Almucantar,Alta_Floresta_IF,233,233.863009,0.322095,0.164256,0.115231,0.095778,1.507606,77.200738,76.490345,2.375127,0.006823,0.322095,4,10,5,6,4,9,5,5,3,8,5,5,3,6,5,4,0.06634,0.13129,0.41649,0.44331,1,1,23:12:2024,21:28:46,624,-9.908354,-56.064393,288.0,lev20,Almucantar,Alta_Floresta_IF,233,233.863009,1.50485,1.50415,1.506,1.50265,0.012257,0.012527,0.012961,0.0134085,77.200738,76.490345,2.375127,0.006823,0.322095,4,10,5,6,4,9,5,5,3,8,5,5,3,6,5,4,0.06634,0.13129,0.41649,0.44331,1,1,23:12:2024,21:28:46,624,-9.908354,-56.064393,288.0,lev20,Almucantar,Alta_Floresta_IF,233,233.863009,0.9217,0.8989,0.8772500000000001,0.85805,77.200738,76.490345,2.375127,0.006823,0.322095,4,10,5,6,4,9,5,5,3,8,5,5,3,6,5,4,0.06634,0.13129,0.41649,0.44331,1,1,23:12:2024,21:28:46,624,-9.908354,-56.064393,288.0,lev20,Almucantar,Alta_Floresta_IF,233,233.863009,0.043364,0.0272645,0.021113,0.0182895,1.0952994999999999,77.200738,76.490345,2.375127,0.006823,0.322095,4,10,5,6,4,9,5,5,3,8,5,5,3,6,5,4,0.06634,0.13129,0.41649,0.44331,1,1,23:12:2024,21:28:46,624,-9.908354,-56.064393,288.0,lev20,Almucantar,1.5106019178686756,0.26619718778029733,0.7555306207203053,BCL,Urban,,Unknown
22:08:2023,20:51:16,Alta_Floresta_IF,234,234.868935,0.1889,0.1045,0.0739,0.0616,0.1618,0.0763,0.0444,0.0314,0.0271,0.0282,0.0295,0.0303,1.370954,79.20928,78.497547,4.652558,0.070821,0.189097,4,10,5,6,4,10,5,6,4,10,4,4,2,10,5,4,0.06851,0.13566,0.43169,0.45864,1,1,23:12:2024,21:42:40,624,-9.908354,-56.064393,288.0,lev20,Almucantar,Alta_Floresta_IF,234,234.868935,0.189097,0.102839,0.073175,0.060919,1.389346,79.20928,78.497547,4.652558,0.070821,0.189097,4,10,5,6,4,10,5,6,4,10,4,4,2,10,5,4,0.06851,0.13566,0.43169,0.45864,1,1,23:12:2024,21:42:40,624,-9.908354,-56.064393,288.0,lev20,Almucantar,Alta_Floresta_IF,234,234.868935,1.50485,1.50415,1.506,1.50265,0.012257,0.012527,0.012961,0.0134085,79.20928,78.497547,4.652558,0.070821,0.189097,4,10,5,6,4,10,5,6,4,10,4,4,2,10,5,4,0.06851,0.13566,0.43169,0.45864,1,1,23:12:2024,21:42:40,624,-9.908354,-56.064393,288.0,lev20,Almucantar,Alta_Floresta_IF,234,234.868935,0.9217,0.8989,0.8772500000000001,0.85805,79.20928,78.497547,4.652558,0.070821,0.189097,4,10,5,6,4,10,5,6,4,10,4,4,2,10,5,4,0.06851,0.13566,0.43169,0.45864,1,1,23:12:2024,21:42:40,624,-9.908354,-56.064393,288.0,lev20,Almucantar,Alta_Floresta_IF,234,234.868935,0.043364,0.0272645,0.021113,0.0182895,1.0952994999999999,79.20928,78.497547,4.652558,0.070821,0.189097,4,10,5,6,4,10,5,6,4,10,4,4,2,10,5,4,0.06851,0.13566,0.43169,0.45864,1,1,23:12:2024,21:42:40,624,-9.908354,-56.064393,288.0,lev20,Almucantar,1.3766752223482779,0.15841730772637333,0.8000266694615292,BCL,Maritime,,Unknown
23:08:2023,12:04:01,Alta_Floresta_IF,235,235.502789,0.4477,0.2279,0.1586,0.1328,0.3885,0.1625,0.0904,0.0638,0.0592,0.0654,0.0682,0.069,1.520893,58.646497,59.341065,1.86046,0.055318,0.446609,4,10,7,5,4,10,7,5,4,10,7,5,3,11,7,5,0.05378,0.10657,0.33176,0.3648,1,1,23:12:2024,21:41:18,624,-9.908354,-56.064393,288.0,lev20,Almucantar,Alta_Floresta_IF,235,235.502789,0.446609,0.227205,0.157871,0.133381,1.523881,58.646497,59.341065,1.86046,0.055318,0.446609,4,10,7,5,4,10,7,5,4,10,7,5,3,11,7,5,0.05378,0.10657,0.33176,0.3648,1,1,23:12:2024,21:41:18,624,-9.908354,-56.064393,288.0,lev20,Almucantar,Alta_Floresta_IF,235,235.502789,1.4358,1.4701,1.4899,1.5069,0.009269,0.007843,0.009427,0.011424,58.646497,59.341065,1.86046,0.055318,0.446609,4,10,7,5,4,10,7,5,4,10,7,5,3,11,7,5,0.05378,0.10657,0.33176,0.3648,1,1,23:12:2024,21:41:18,624,-9.908354,-56.064393,288.0,lev20,Almucantar,Alta_Floresta_IF,235,235.502789,0.9134,0.9021,0.8687,0.8451,58.646497,59.341065,1.86046,0.055318,0.446609,4,10,7,5,4,10,7,5,4,10,7,5,3,11,7,5,0.05378,0.10657,0.33176,0.3648,1,1,23:12:2024,21:41:18,624,-9.908354,-56.064393,288.0,lev20,Almucantar,Alta_Floresta_IF,235,235.502789,0.038766,0.022313,0.02082,0.020564,0.946837,58.646497,59.341065,1.86046,0.055318,0.446609,4,10,7,5,4,10,7,5,4,10,7,5,3,11,7,5,0.05378,0.10657,0.33176,0.3648,1,1,23:12:2024,21:41:18,624,-9.908354,-56.064393,288.0,lev20,Almucantar,1.5222384008665282,0.36853308784490024,0.794665327333943,BCL,Urban,,Unknown
23:08:2023,12:30:18,Alta_Floresta_IF,235,235.521042,0.4102,0.2205,0.1555,0.1295,0.3502,0.1548,0.0857,0.0581,0.0601,0.0657,0.0698,0.0714,1.419101,52.618694,53.300883,4.136114,0.297502,0.408248,3,10,8,4,3,10,8,4,3,10,8,4,3,10,8,3,0.05185,0.10261,0.31701,0.34979,1,1,23:12:2024,21:43:14,624,-9.908354,-56.064393,288.0,lev20,Almucantar,Alta_Floresta_IF,235,235.521042,0.408248,0.217499,0.156181,0.135178,1.409308,52.618694,53.300883,4.136114,0.297502,0.408248,3,10,8,4,3,10,8,4,3,10,8,4,3,10,8,3,0.05185,0.10261,0.31701,0.34979,1,1,23:12:2024,21:43:14,624,-9.908354,-56.064393,288.0,lev20,Almucantar,Alta_Floresta_IF,235,235.521042,1.5893,1.5993,1.6,1.6,0.012572,0.012851,0.013332,0.012956,52.618694,53.300883,4.136114,0.297502,0.408248,3,10,8,4,3,10,8,4,3,10,8,4,3,10,8,3,0.05185,0.10261,0.31701,0.34979,1,1,23:12:2024,21:43:14,624,-9.908354,-56.064393,288.0,lev20,Almucantar,Alta_Floresta_IF,235,235.521042,0.91,0.8832,0.863,0.8591,52.618694,53.300883,4.136114,0.297502,0.408248,3,10,8,4,3,10,8,4,3,10,8,4,3,10,8,3,0.05185,0.10261,0.31701,0.34979,1,1,23:12:2024,21:43:14,624,-9.908354,-56.064393,288.0,lev20,Almucantar,Alta_Floresta_IF,235,235.521042,0.0369,0.025765,0.021297,0.018257,0.80593,52.618694,53.300883,4.136114,0.297502,0.408248,3,10,8,4,3,10,8,4,3,10,8,4,3,10,8,3,0.05185,0.10261,0.31701,0.34979,1,1,23:12:2024,21:43:14,624,-9.908354,-56.064393,288.0,lev20,Almucantar,1.4228734231758011,0.3419806439152473,0.7856361766448946,BCL,Urban,,Unknown
24:08:2023,11:18:28,Alta_Floresta_IF,236,236.471157,0.4165,0.198,0.1282,0.1016,0.3747,0.1522,0.0818,0.0553,0.0419,0.0458,0.0465,0.0463,1.721314,69.14698,69.856282,1.950324,0.04236,0.416185,4,10,7,6,4,10,7,6,4,10,7,4,4,10,7,3,0.05888,0.11714,0.37011,0.40416,1,1,23:12:2024,21:43:37,624,-9.908354,-56.064393,288.0,lev20,Almucantar,Alta_Floresta_IF,236,236.471157,0.416185,0.197649,0.127846,0.102417,1.724186,69.14698,69.856282,1.950324,0.04236,0.416185,4,10,7,6,4,10,7,6,4,10,7,4,4,10,7,3,0.05888,0.11714,0.37011,0.40416,1,1,23:12:2024,21:43:37,624,-9.908354,-56.064393,288.0,lev20,Almucantar,Alta_Floresta_IF,236,236.471157,1.3477,1.3808,1.3976,1.4098,0.005001,0.003765,0.004087,0.004371,69.14698,69.856282,1.950324,0.04236,0.416185,4,10,7,6,4,10,7,6,4,10,7,4,4,10,7,3,0.05888,0.11714,0.37011,0.40416,1,1,23:12:2024,21:43:37,624,-9.908354,-56.064393,288.0,lev20,Almucantar,Alta_Floresta_IF,236,236.471157,0.944,0.9419,0.9278,0.919,69.14698,69.856282,1.950324,0.04236,0.416185,4,10,7,6,4,10,7,6,4,10,7,4,4,10,7,3,0.05888,0.11714,0.37011,0.40416,1,1,23:12:2024,21:43:37,624,-9.908354,-56.064393,288.0,lev20,Almucantar,Alta_Floresta_IF,236,236.471157,0.023344,0.011499,0.009258,0.008233,1.381173,69.14698,69.856282,1.950324,0.04236,0.416185,4,10,7,6,4,10,7,6,4,10,7,4,4,10,7,3,0.05888,0.11714,0.37011,0.40416,1,1,23:12:2024,21:43:37,624,-9.908354,-56.064393,288.0,lev20,Almucantar,1.728418611937848,0.3339318342455291,0.8409906875347939,BCL,Urban,,Unknown
24:08:2023,12:03:23,Alta_Floresta_IF,236,236.50235,0.4514,0.2164,0.1405,0.1099,0.4059,0.1655,0.0876,0.0568,0.0455,0.051,0.0528,0.0531,1.704699,58.620682,59.317028,2.631891,0.143789,0.450938,4,10,7,5,4,10,7,5,4,10,7,5,3,11,7,5,0.05377,0.10653,0.33159,0.36473,1,1,23:12:2024,21:45:27,624,-9.908354,-56.064393,288.0,lev20,Almucantar,Alta_Floresta_IF,236,236.50235,0.450938,0.214737,0.139367,0.111793,1.715567,58.620682,59.317028,2.631891,0.143789,0.450938,4,10,7,5,4,10,7,5,4,10,7,5,3,11,7,5,0.05377,0.10653,0.33159,0.36473,1,1,23:12:2024,21:45:27,624,-9.908354,-56.064393,288.0,lev20,Almucantar,Alta_Floresta_IF,236,236.50235,1.4128,1.4411,1.4545,1.4574,0.003489,0.00274,0.002909,0.003081,58.620682,59.317028,2.631891,0.143789,0.450938,4,10,7,5,4,10,7,5,4,10,7,5,3,11,7,5,0.05377,0.10653,0.33159,0.36473,1,1,23:12:2024,21:45:27,624,-9.908354,-56.064393,288.0,lev20,Almucantar,Alta_Floresta_IF,236,236.50235,0.9647,0.9633,0.9546,0.9482,58.620682,59.317028,2.631891,0.143789,0.450938,4,10,7,5,4,10,7,5,4,10,7,5,3,11,7,5,0.05377,0.10653,0.33159,0.36473,1,1,23:12:2024,21:45:27,624,-9.908354,-56.064393,288.0,lev20,Almucantar,Alta_Floresta_IF,236,236.50235,0.01595,0.007947,0.00638,0.005688,1.367158,58.620682,59.317028,2.631891,0.143789,0.450938,4,10,7,5,4,10,7,5,4,10,7,5,3,11,7,5,0.05377,0.10653,0.33159,0.36473,1,1,23:12:2024,21:45:27,624,-9.908354,-56.064393,288.0,lev20,Almucantar,1.712065026461865,0.36267054035137336,0.8415197951415158,FNA,Urban,,Unknown
24:08:2023,12:29:31,Alta_Floresta_IF,236,236.520498,0.542,0.264,0.1742,0.1401,0.4813,0.1989,0.1083,0.0745,0.0607,0.0651,0.0658,0.0657,1.658878,52.609749,53.294167,2.017906,0.044978,0.540455,3,10,8,4,3,10,8,4,3,10,8,4,4,10,8,4,0.05185,0.1026,0.31699,0.34978,1,1,23:12:2024,21:27:44,624,-9.908354,-56.064393,288.0,lev20,Almucantar,Alta_Floresta_IF,236,236.520498,0.540455,0.263303,0.173912,0.140935,1.657258,52.609749,53.294167,2.017906,0.044978,0.540455,3,10,8,4,3,10,8,4,3,10,8,4,4,10,8,4,0.05185,0.1026,0.31699,0.34978,1,1,23:12:2024,21:27:44,624,-9.908354,-56.064393,288.0,lev20,Almucantar,Alta_Floresta_IF,236,236.520498,1.33,1.3644,1.3814,1.3953,0.005772,0.004789,0.005279,0.005598,52.609749,53.294167,2.017906,0.044978,0.540455,3,10,8,4,3,10,8,4,3,10,8,4,4,10,8,4,0.05185,0.1026,0.31699,0.34978,1,1,23:12:2024,21:27:44,624,-9.908354,-56.064393,288.0,lev20,Almucantar,Alta_Floresta_IF,236,236.520498,0.9274,0.9212,0.8996,0.8875,52.609749,53.294167,2.017906,0.044978,0.540455,3,10,8,4,3,10,8,4,3,10,8,4,4,10,8,4,0.05185,0.1026,0.31699,0.34978,1,1,23:12:2024,21:27:44,624,-9.908354,-56.064393,288.0,lev20,Almucantar,Alta_Floresta_IF,236,236.520498,0.039328,0.020797,0.017493,0.01577,1.213939,52.609749,53.294167,2.017906,0.044978,0.540455,3,10,8,4,3,10,8,4,3,10,8,4,4,10,8,4,0.05185,0.1026,0.31699,0.34978,1,1,23:12:2024,21:27:44,624,-9.908354,-56.064393,288.0,lev20,Almucantar,1.665000968046608,0.4380895379933931,0.826446270957222,BCL,Unclassified,,Unknown
28:08:2023,19:09:33,Alta_Floresta_IF,240,240.798299,0.2257,0.1224,0.0806,0.063,0.2103,0.1057,0.0628,0.0445,0.0154,0.0167,0.0179,0.0185,1.495072,55.057967,54.361411,1.464383,0.019637,0.225931,4,10,8,4,4,10,8,4,4,10,8,4,4,10,8,4,0.05279,0.10418,0.32169,0.35213,1,1,23:12:2024,21:43:09,624,-9.908354,-56.064393,288.0,lev20,Almucantar,Alta_Floresta_IF,240,240.798299,0.225931,0.122517,0.081087,0.063186,1.488541,55.057967,54.361411,1.464383,0.019637,0.225931,4,10,8,4,4,10,8,4,4,10,8,4,4,10,8,4,0.05279,0.10418,0.32169,0.35213,1,1,23:12:2024,21:43:09,624,-9.908354,-56.064393,288.0,lev20,Almucantar,Alta_Floresta_IF,240,240.798299,1.50485,1.50415,1.506,1.50265,0.012257,0.012527,0.012961,0.0134085,55.057967,54.361411,1.464383,0.019637,0.225931,4,10,8,4,4,10,8,4,4,10,8,4,4,10,8,4,0.05279,0.10418,0.32169,0.35213,1,1,23:12:2024,21:43:09,624,-9.908354,-56.064393,288.0,lev20,Almucantar,Alta_Floresta_IF,240,240.798299,0.9217,0.8989,0.8772500000000001,0.85805,55.057967,54.361411,1.464383,0.019637,0.225931,4,10,8,4,4,10,8,4,4,10,8,4,4,10,8,4,0.05279,0.10418,0.32169,0.35213,1,1,23:12:2024,21:43:09,624,-9.908354,-56.064393,288.0,lev20,Almucantar,Alta_Floresta_IF,240,240.798299,0.043364,0.0272645,0.021113,0.0182895,1.0952994999999999,55.057967,54.361411,1.464383,0.019637,0.225931,4,10,8,4,4,10,8,4,4,10,8,4,4,10,8,4,0.05279,0.10418,0.32169,0.35213,1,1,23:12:2024,21:43:09,624,-9.908354,-56.064393,288.0,lev20,Almucantar,1.510459313288507,0.18606937299684007,0.9042949436931826,BCL,Maritime,,Unknown
28:08:2023,19:35:27,Alta_Floresta_IF,240,240.816285,0.2263,0.1228,0.0812,0.0628,0.2042,0.0984,0.0549,0.0358,0.0221,0.0245,0.0263,0.027,1.488696,61.118691,60.412819,1.252357,0.02375,0.226347,3,10,8,5,3,10,8,5,3,10,8,5,3,10,8,5,0.05508,0.10873,0.33799,0.36794,1,1,23:12:2024,21:44:45,624,-9.908354,-56.064393,288.0,lev20,Almucantar,Alta_Floresta_IF,240,240.816285,0.226347,0.122676,0.081695,0.062823,1.481303,61.118691,60.412819,1.252357,0.02375,0.226347,3,10,8,5,3,10,8,5,3,10,8,5,3,10,8,5,0.05508,0.10873,0.33799,0.36794,1,1,23:12:2024,21:44:45,624,-9.908354,-56.064393,288.0,lev20,Almucantar,Alta_Floresta_IF,240,240.816285,1.50485,1.50415,1.506,1.50265,0.012257,0.012527,0.012961,0.0134085,61.118691,60.412819,1.252357,0.02375,0.226347,3,10,8,5,3,10,8,5,3,10,8,5,3,10,8,5,0.05508,0.10873,0.33799,0.36794,1,1,23:12:2024,21:44:45,624,-9.908354,-56.064393,288.0,lev20,Almucantar,Alta_Floresta_IF,240,240.816285,0.9217,0.8989,0.8772500000000001,0.85805,61.118691,60.412819,1.252357,0.02375,0.226347,3,10,8,5,3,10,8,5,3,10,8,5,3,10,8,5,0.05508,0.10873,0.33799,0.36794,1,1,23:12:2024,21:44:45,624,-9.908354,-56.064393,288.0,lev20,Almucantar,Alta_Floresta_IF,240,240.816285,0.043364,0.0272645,0.021113,0.0182895,1.0952994999999999,61.118691,60.412819,1.252357,0.02375,0.226347,3,10,8,5,3,10,8,5,3,10,8,5,3,10,8,5,0.05508,0.10873,0.33799,0.36794,1,1,23:12:2024,21:44:45,624,-9.908354,-56.064393,288.0,lev20,Almucantar,1.5034744229772379,0.18673067688635592,0.8630435258572501,BCL,Maritime,,Unknown
28:08:2023,20:19:59,Alta_Floresta_IF,240,240.847211,0.2299,0.1225,0.0807,0.0625,0.2096,0.0998,0.0562,0.0374,0.0203,0.0227,0.0245,0.025,1.521833,71.684019,70.968111,1.422651,0.016091,0.230016,4,10,7,6,4,10,7,6,4,10,7,6,4,10,7,5,0.06121,0.12102,0.38116,0.40973,1,1,23:12:2024,21:26:26,624,-9.908354,-56.064393,288.0,lev20,Almucantar,Alta_Floresta_IF,240,240.847211,0.230016,0.122574,0.080985,0.062799,1.517864,71.684019,70.968111,1.422651,0.016091,0.230016,4,10,7,6,4,10,7,6,4,10,7,6,4,10,7,5,0.06121,0.12102,0.38116,0.40973,1,1,23:12:2024,21:26:26,624,-9.908354,-56.064393,288.0,lev20,Almucantar,Alta_Floresta_IF,240,240.847211,1.50485,1.50415,1.506,1.50265,0.012257,0.012527,0.012961,0.0134085,71.684019,70.968111,1.422651,0.016091,0.230016,4,10,7,6,4,10,7,6,4,10,7,6,4,10,7,5,0.06121,0.12102,0.38116,0.40973,1,1,23:12:2024,21:26:26,624,-9.908354,-56.064393,288.0,lev20,Almucantar,Alta_Floresta_IF,240,240.847211,0.9217,0.8989,0.8772500000000001,0.85805,71.684019,70.968111,1.422651,0.016091,0.230016,4,10,7,6,4,10,7,6,4,10,7,6,4,10,7,5,0.06121,0.12102,0.38116,0.40973,1,1,23:12:2024,21:26:26,624,-9.908354,-56.064393,288.0,lev20,Almucantar,Alta_Floresta_IF,240,240.847211,0.043364,0.0272645,0.021113,0.0182895,1.0952994999999999,71.684019,70.968111,1.422651,0.016091,0.230016,4,10,7,6,4,10,7,6,4,10,7,6,4,10,7,5,0.06121,0.12102,0.38116,0.40973,1,1,23:12:2024,21:26:26,624,-9.908354,-56.064393,288.0,lev20,Almucantar,1.5356864745983214,0.18892166384677223,0.872872812941823,BCL,Maritime,,Unknown
28:08:2023,20:43:17,Alta_Floresta_IF,240,240.863391,0.2404,0.1276,0.0842,0.0655,0.222,0.1083,0.0634,0.0436,0.0184,0.0193,0.0209,0.0218,1.525652,77.255578,76.537486,2.249645,0.007867,0.240599,4,10,7,6,4,10,5,3,4,10,4,3,4,10,5,3,0.06638,0.13116,0.41618,0.44364,1,1,23:12:2024,21:28:20,624,-9.908354,-56.064393,288.0,lev20,Almucantar,Alta_Floresta_IF,240,240.863391,0.240599,0.127723,0.084302,0.065388,1.525122,77.255578,76.537486,2.249645,0.007867,0.240599,4,10,7,6,4,10,5,3,4,10,4,3,4,10,5,3,0.06638,0.13116,0.41618,0.44364,1,1,23:12:2024,21:28:20,624,-9.908354,-56.064393,288.0,lev20,Almucantar,Alta_Floresta_IF,240,240.863391,1.50485,1.50415,1.506,1.50265,0.012257,0.012527,0.012961,0.0134085,77.255578,76.537486,2.249645,0.007867,0.240599,4,10,7,6,4,10,5,3,4,10,4,3,4,10,5,3,0.06638,0.13116,0.41618,0.44364,1,1,23:12:2024,21:28:20,624,-9.908354,-56.064393,288.0,lev20,Almucantar,Alta_Floresta_IF,240,240.863391,0.9217,0.8989,0.8772500000000001,0.85805,77.255578,76.537486,2.249645,0.007867,0.240599,4,10,7,6,4,10,5,3,4,10,4,3,4,10,5,3,0.06638,0.13116,0.41618,0.44364,1,1,23:12:2024,21:28:20,624,-9.908354,-56.064393,288.0,lev20,Almucantar,Alta_Floresta_IF,240,240.863391,0.043364,0.0272645,0.021113,0.0182895,1.0952994999999999,77.255578,76.537486,2.249645,0.007867,0.240599,4,10,7,6,4,10,5,3,4,10,4,3,4,10,5,3,0.06638,0.13116,0.41618,0.44364,1,1,23:12:2024,21:28:20,624,-9.908354,-56.064393,288.0,lev20,Almucantar,1.5389186370948262,0.19746849345431453,0.8950362294419812,BCL,Maritime,,Unknown
29:08:2023,10:54:39,Alta_Floresta_IF,241,241.454618,0.4134,0.2154,0.137,0.1036,0.388,0.1886,0.1079,0.073,0.0254,0.0268,0.0291,0.0306,1.602506,74.050888,74.769333,1.669358,0.005478,0.4125,4,10,7,6,4,10,7,6,4,10,7,6,4,10,7,6,0.05918,0.11686,0.3966,0.43012,1,1,23:12:2024,21:41:21,624,-9.908354,-56.064393,288.0,lev20,Almucantar,Alta_Floresta_IF,241,241.454618,0.4125,0.215198,0.136937,0.104134,1.599955,74.050888,74.769333,1.669358,0.005478,0.4125,4,10,7,6,4,10,7,6,4,10,7,6,4,10,7,6,0.05918,0.11686,0.3966,0.43012,1,1,23:12:2024,21:41:21,624,-9.908354,-56.064393,288.0,lev20,Almucantar,Alta_Floresta_IF,241,241.454618,1.5412,1.4994,1.4874,1.4772,0.012313,0.01326,0.014375,0.014722,74.050888,74.769333,1.669358,0.005478,0.4125,4,10,7,6,4,10,7,6,4,10,7,6,4,10,7,6,0.05918,0.11686,0.3966,0.43012,1,1,23:12:2024,21:41:21,624,-9.908354,-56.064393,288.0,lev20,Almucantar,Alta_Floresta_IF,241,241.454618,0.9281,0.9077,0.8816,0.8657,74.050888,74.769333,1.669358,0.005478,0.4125,4,10,7,6,4,10,7,6,4,10,7,6,4,10,7,6,0.05918,0.11686,0.3966,0.43012,1,1,23:12:2024,21:41:21,624,-9.908354,-56.064393,288.0,lev20,Almucantar,Alta_Floresta_IF,241,241.454618,0.029716,0.019878,0.016213,0.013915,0.889858,74.050888,74.769333,1.669358,0.005478,0.4125,4,10,7,6,4,10,7,6,4,10,7,6,4,10,7,6,0.05918,0.11686,0.3966,0.43012,1,1,23:12:2024,21:41:21,624,-9.908354,-56.064393,288.0,lev20,Almucantar,1.6200744825728468,0.33606885482497123,0.9157606891256034,BCL,Urban,,Unknown
29:08:2023,11:15:22,Alta_Floresta_IF,241,241.469005,0.3919,0.2044,0.1305,0.0995,0.369,0.1799,0.1038,0.0716,0.0229,0.0245,0.0267,0.0278,1.595985,69.099489,69.815149,1.786369,0.026064,0.390927,4,10,7,6,4,10,7,6,4,10,7,6,4,10,7,6,0.05598,0.11033,0.37094,0.40218,1,1,23:12:2024,21:43:22,624,-9.908354,-56.064393,288.0,lev20,Almucantar,Alta_Floresta_IF,241,241.469005,0.390927,0.204105,0.130455,0.100146,1.59293,69.099489,69.815149,1.786369,0.026064,0.390927,4,10,7,6,4,10,7,6,4,10,7,6,4,10,7,6,0.05598,0.11033,0.37094,0.40218,1,1,23:12:2024,21:43:22,624,-9.908354,-56.064393,288.0,lev20,Almucantar,Alta_Floresta_IF,241,241.469005,1.50485,1.50415,1.506,1.50265,0.012257,0.012527,0.012961,0.0134085,69.099489,69.815149,1.786369,0.026064,0.390927,4,10,7,6,4,10,7,6,4,10,7,6,4,10,7,6,0.05598,0.11033,0.37094,0.40218,1,1,23:12:2024,21:43:22,624,-9.908354,-56.064393,288.0,lev20,Almucantar,Alta_Floresta_IF,241,241.469005,0.9217,0.8989,0.8772500000000001,0.85805,69.099489,69.815149,1.786369,0.026064,0.390927,4,10,7,6,4,10,7,6,4,10,7,6,4,10,7,6,0.05598,0.11033,0.37094,0.40218,1,1,23:12:2024,21:43:22,624,-9.908354,-56.064393,288.0,lev20,Almucantar,Alta_Floresta_IF,241,241.469005,0.043364,0.0272645,0.021113,0.0182895,1.0952994999999999,69.099489,69.815149,1.786369,0.026064,0.390927,4,10,7,6,4,10,7,6,4,10,7,6,4,10,7,6,0.05598,0.11033,0.37094,0.40218,1,1,23:12:2024,21:43:22,624,-9.908354,-56.064393,288.0,lev20,Almucantar,1.6130316297175917,0.3188776330142727,0.918282411010319,BCL,Urban,,Unknown
29:08:2023,11:59:40,Alta_Floresta_IF,241,241.499769,0.4436,0.2302,0.1451,0.109,0.4201,0.2051,0.1178,0.0804,0.0236,0.0251,0.0273,0.0286,1.620579,58.606991,59.312026,1.209878,0.046589,0.443677,4,10,7,5,4,10,7,5,4,10,7,5,3,11,7,5,0.05082,0.10029,0.33209,0.36254,1,1,23:12:2024,21:45:25,624,-9.908354,-56.064393,288.0,lev20,Almucantar,Alta_Floresta_IF,241,241.499769,0.443677,0.229864,0.144966,0.109645,1.622412,58.606991,59.312026,1.209878,0.046589,0.443677,4,10,7,5,4,10,7,5,4,10,7,5,3,11,7,5,0.05082,0.10029,0.33209,0.36254,1,1,23:12:2024,21:45:25,624,-9.908354,-56.064393,288.0,lev20,Almucantar,Alta_Floresta_IF,241,241.499769,1.5158,1.4909,1.4818,1.4731,0.009608,0.00936,0.011782,0.013287,58.606991,59.312026,1.209878,0.046589,0.443677,4,10,7,5,4,10,7,5,4,10,7,5,3,11,7,5,0.05082,0.10029,0.33209,0.36254,1,1,23:12:2024,21:45:25,624,-9.908354,-56.064393,288.0,lev20,Almucantar,Alta_Floresta_IF,241,241.499769,0.9407,0.9309,0.902,0.8795,58.606991,59.312026,1.209878,0.046589,0.443677,4,10,7,5,4,10,7,5,4,10,7,5,3,11,7,5,0.05082,0.10029,0.33209,0.36254,1,1,23:12:2024,21:45:25,624,-9.908354,-56.064393,288.0,lev20,Almucantar,Alta_Floresta_IF,241,241.499769,0.026321,0.015899,0.01422,0.013137,0.927426,58.606991,59.312026,1.209878,0.046589,0.443677,4,10,7,5,4,10,7,5,4,10,7,5,3,11,7,5,0.05082,0.10029,0.33209,0.36254,1,1,23:12:2024,21:45:25,624,-9.908354,-56.064393,288.0,lev20,Almucantar,1.6392398337538114,0.3597371769565835,0.9265162707108765,BCL,Urban,,Unknown
29:08:2023,12:25:33,Alta_Floresta_IF,241,241.517743,0.5087,0.2619,0.1635,0.1211,0.4832,0.2347,0.1338,0.0899,0.0255,0.0272,0.0297,0.0312,1.645447,52.569451,53.264562,2.108517,0.0489,0.507753,3,10,8,4,3,10,8,4,3,10,8,4,4,10,7,4,0.04885,0.0965,0.3171,0.34737,1,1,23:12:2024,21:26:33,624,-9.908354,-56.064393,288.0,lev20,Almucantar,Alta_Floresta_IF,241,241.517743,0.507753,0.261483,0.163196,0.122662,1.645378,52.569451,53.264562,2.108517,0.0489,0.507753,3,10,8,4,3,10,8,4,3,10,8,4,4,10,7,4,0.04885,0.0965,0.3171,0.34737,1,1,23:12:2024,21:26:33,624,-9.908354,-56.064393,288.0,lev20,Almucantar,Alta_Floresta_IF,241,241.517743,1.5338,1.4959,1.4817,1.4686,0.014105,0.015416,0.015799,0.016023,52.569451,53.264562,2.108517,0.0489,0.507753,3,10,8,4,3,10,8,4,3,10,8,4,4,10,7,4,0.04885,0.0965,0.3171,0.34737,1,1,23:12:2024,21:26:33,624,-9.908354,-56.064393,288.0,lev20,Almucantar,Alta_Floresta_IF,241,241.517743,0.9211,0.8964,0.8728,0.8559,52.569451,53.264562,2.108517,0.0489,0.507753,3,10,8,4,3,10,8,4,3,10,8,4,4,10,7,4,0.04885,0.0965,0.3171,0.34737,1,1,23:12:2024,21:26:33,624,-9.908354,-56.064393,288.0,lev20,Almucantar,Alta_Floresta_IF,241,241.517743,0.04012,0.027125,0.020798,0.01745,0.954187,52.569451,53.264562,2.108517,0.0489,0.507753,3,10,8,4,3,10,8,4,3,10,8,4,4,10,7,4,0.04885,0.0965,0.3171,0.34737,1,1,23:12:2024,21:26:33,624,-9.908354,-56.064393,288.0,lev20,Almucantar,1.6649768004023362,0.4111749750499903,0.9309955308297111,BCL,Unclassified,,Unknown
01:09:2023,11:13:16,Alta_Floresta_IF,244,244.467546,0.2695,0.1561,0.1095,0.0886,0.2506,0.1361,0.0886,0.0671,0.0188,0.02,0.0209,0.0215,1.310306,69.116276,69.835482,4.690227,0.095382,0.26738,4,10,4,6,4,9,4,6,4,9,4,5,4,8,4,5,0.05598,0.11033,0.37099,0.40228,1,1,23:12:2024,21:42:41,624,-9.908354,-56.064393,288.0,lev20,Almucantar,Alta_Floresta_IF,244,244.467546,0.26738,0.156666,0.109484,0.090167,1.297377,69.116276,69.835482,4.690227,0.095382,0.26738,4,10,4,6,4,9,4,6,4,9,4,5,4,8,4,5,0.05598,0.11033,0.37099,0.40228,1,1,23:12:2024,21:42:41,624,-9.908354,-56.064393,288.0,lev20,Almucantar,Alta_Floresta_IF,244,244.467546,1.50485,1.50415,1.506,1.50265,0.012257,0.012527,0.012961,0.0134085,69.116276,69.835482,4.690227,0.095382,0.26738,4,10,4,6,4,9,4,6,4,9,4,5,4,8,4,5,0.05598,0.11033,0.37099,0.40228,1,1,23:12:2024,21:42:41,624,-9.908354,-56.064393,288.0,lev20,Almucantar,Alta_Floresta_IF,244,244.467546,0.9217,0.8989,0.8772500000000001,0.85805,69.116276,69.835482,4.690227,0.095382,0.26738,4,10,4,6,4,9,4,6,4,9,4,5,4,8,4,5,0.05598,0.11033,0.37099,0.40228,1,1,23:12:2024,21:42:41,624,-9.908354,-56.064393,288.0,lev20,Almucantar,Alta_Floresta_IF,244,244.467546,0.043364,0.0272645,0.021113,0.0182895,1.0952994999999999,69.116276,69.835482,4.690227,0.095382,0.26738,4,10,4,6,4,9,4,6,4,9,4,5,4,8,4,5,0.05598,0.11033,0.37099,0.40228,1,1,23:12:2024,21:42:41,624,-9.908354,-56.064393,288.0,lev20,Almucantar,1.321137480144536,0.2276212200875231,0.9047862942258063,BCL,Urban,,Unknown
01:09:2023,19:10:26,Alta_Floresta_IF,244,244.798912,0.2428,0.142,0.0979,0.0779,0.2197,0.1178,0.0723,0.0515,0.0231,0.0242,0.0255,0.0264,1.317973,55.091856,54.387688,2.403696,0.05038,0.241831,4,10,8,3,4,10,8,3,4,10,7,4,4,10,8,4,0.04983,0.09806,0.32202,0.34987,1,1,23:12:2024,21:44:54,624,-9.908354,-56.064393,288.0,lev20,Almucantar,Alta_Floresta_IF,244,244.798912,0.241831,0.141048,0.09824,0.077438,1.308869,55.091856,54.387688,2.403696,0.05038,0.241831,4,10,8,3,4,10,8,3,4,10,7,4,4,10,8,4,0.04983,0.09806,0.32202,0.34987,1,1,23:12:2024,21:44:54,624,-9.908354,-56.064393,288.0,lev20,Almucantar,Alta_Floresta_IF,244,244.798912,1.50485,1.50415,1.506,1.50265,0.012257,0.012527,0.012961,0.0134085,55.091856,54.387688,2.403696,0.05038,0.241831,4,10,8,3,4,10,8,3,4,10,7,4,4,10,8,4,0.04983,0.09806,0.32202,0.34987,1,1,23:12:2024,21:44:54,624,-9.908354,-56.064393,288.0,lev20,Almucantar,Alta_Floresta_IF,244,244.798912,0.9217,0.8989,0.8772500000000001,0.85805,55.091856,54.387688,2.403696,0.05038,0.241831,4,10,8,3,4,10,8,3,4,10,7,4,4,10,8,4,0.04983,0.09806,0.32202,0.34987,1,1,23:12:2024,21:44:54,624,-9.908354,-56.064393,288.0,lev20,Almucantar,Alta_Floresta_IF,244,244.798912,0.043364,0.0272645,0.021113,0.0182895,1.0952994999999999,55.091856,54.387688,2.403696,0.05038,0.241831,4,10,8,3,4,10,8,3,4,10,7,4,4,10,8,4,0.04983,0.09806,0.32202,0.34987,1,1,23:12:2024,21:44:54,624,-9.908354,-56.064393,288.0,lev20,Almucantar,1.3323557010489315,0.20477637659804782,0.8743077281664842,BCL,Urban,,Unknown
03:09:2023,11:12:17,Alta_Floresta_IF,246,246.466863,0.3935,0.2382,0.167,0.1358,0.3535,0.1943,0.12,0.0873,0.04,0.044,0.047,0.0485,1.242657,69.024054,69.745424,2.616238,0.019781,0.392782,4,8,7,6,4,8,7,6,3,5,7,6,2,8,7,6,0.05587,0.11011,0.37015,0.40184,1,1,23:12:2024,21:46:01,624,-9.908354,-56.064393,288.0,lev20,Almucantar,Alta_Floresta_IF,246,246.466863,0.392782,0.238014,0.166818,0.135911,1.24144,69.024054,69.745424,2.616238,0.019781,0.392782,4,8,7,6,4,8,7,6,3,5,7,6,2,8,7,6,0.05587,0.11011,0.37015,0.40184,1,1,23:12:2024,21:46:01,624,-9.908354,-56.064393,288.0,lev20,Almucantar,Alta_Floresta_IF,246,246.466863,1.50485,1.50415,1.506,1.50265,0.012257,0.012527,0.012961,0.0134085,69.024054,69.745424,2.616238,0.019781,0.392782,4,8,7,6,4,8,7,6,3,5,7,6,2,8,7,6,0.05587,0.11011,0.37015,0.40184,1,1,23:12:2024,21:46:01,624,-9.908354,-56.064393,288.0,lev20,Almucantar,Alta_Floresta_IF,246,246.466863,0.9217,0.8989,0.8772500000000001,0.85805,69.024054,69.745424,2.616238,0.019781,0.392782,4,8,7,6,4,8,7,6,3,5,7,6,2,8,7,6,0.05587,0.11011,0.37015,0.40184,1,1,23:12:2024,21:46:01,624,-9.908354,-56.064393,288.0,lev20,Almucantar,Alta_Floresta_IF,246,246.466863,0.043364,0.0272645,0.021113,0.0182895,1.0952994999999999,69.024054,69.745424,2.616238,0.019781,0.392782,4,8,7,6,4,8,7,6,3,5,7,6,2,8,7,6,0.05587,0.11011,0.37015,0.40184,1,1,23:12:2024,21:46:01,624,-9.908354,-56.064393,288.0,lev20,Almucantar,1.2572451453655535,0.3350779469126031,0.8632451457133472,BCL,Urban,,Unknown
04:09:2023,12:20:41,Alta_Floresta_IF,247,247.514363,0.2601,0.1543,0.1122,0.0938,0.2269,0.1195,0.0751,0.0552,0.0332,0.0348,0.0371,0.0386,1.226215,52.545376,53.252145,4.787004,0.218672,0.256736,3,10,8,4,3,10,8,4,3,8,6,3,4,8,5,3,0.04885,0.09649,0.31708,0.34734,1,1,23:12:2024,21:30:52,624,-9.908354,-56.064393,288.0,lev20,Almucantar,Alta_Floresta_IF,247,247.514363,0.256736,0.1513,0.110125,0.095098,1.2352,52.545376,53.252145,4.787004,0.218672,0.256736,3,10,8,4,3,10,8,4,3,8,6,3,4,8,5,3,0.04885,0.09649,0.31708,0.34734,1,1,23:12:2024,21:30:52,624,-9.908354,-56.064393,288.0,lev20,Almucantar,Alta_Floresta_IF,247,247.514363,1.50485,1.50415,1.506,1.50265,0.012257,0.012527,0.012961,0.0134085,52.545376,53.252145,4.787004,0.218672,0.256736,3,10,8,4,3,10,8,4,3,8,6,3,4,8,5,3,0.04885,0.09649,0.31708,0.34734,1,1,23:12:2024,21:30:52,624,-9.908354,-56.064393,288.0,lev20,Almucantar,Alta_Floresta_IF,247,247.514363,0.9217,0.8989,0.8772500000000001,0.85805,52.545376,53.252145,4.787004,0.218672,0.256736,3,10,8,4,3,10,8,4,3,8,6,3,4,8,5,3,0.04885,0.09649,0.31708,0.34734,1,1,23:12:2024,21:30:52,624,-9.908354,-56.064393,288.0,lev20,Almucantar,Alta_Floresta_IF,247,247.514363,0.043364,0.0272645,0.021113,0.0182895,1.0952994999999999,52.545376,53.252145,4.787004,0.218672,0.256736,3,10,8,4,3,10,8,4,3,8,6,3,4,8,5,3,0.04885,0.09649,0.31708,0.34734,1,1,23:12:2024,21:30:52,624,-9.908354,-56.064393,288.0,lev20,Almucantar,1.2333290033806419,0.2221617161421954,0.829856465117474,BCL,Urban,,Unknown
04:09:2023,19:36:23,Alta_Floresta_IF,247,247.816933,0.1864,0.1094,0.0771,0.0626,0.1625,0.0843,0.0502,0.0345,0.0239,0.025,0.0268,0.0281,1.283761,61.157966,60.441671,2.961619,0.038386,0.186362,3,10,7,5,2,10,7,5,3,10,8,5,3,10,5,3,0.05214,0.1024,0.33863,0.36588,1,1,23:12:2024,21:34:25,624,-9.908354,-56.064393,288.0,lev20,Almucantar,Alta_Floresta_IF,247,247.816933,0.186362,0.1091,0.077821,0.063198,1.271935,61.157966,60.441671,2.961619,0.038386,0.186362,3,10,7,5,2,10,7,5,3,10,8,5,3,10,5,3,0.05214,0.1024,0.33863,0.36588,1,1,23:12:2024,21:34:25,624,-9.908354,-56.064393,288.0,lev20,Almucantar,Alta_Floresta_IF,247,247.816933,1.50485,1.50415,1.506,1.50265,0.012257,0.012527,0.012961,0.0134085,61.157966,60.441671,2.961619,0.038386,0.186362,3,10,7,5,2,10,7,5,3,10,8,5,3,10,5,3,0.05214,0.1024,0.33863,0.36588,1,1,23:12:2024,21:34:25,624,-9.908354,-56.064393,288.0,lev20,Almucantar,Alta_Floresta_IF,247,247.816933,0.9217,0.8989,0.8772500000000001,0.85805,61.157966,60.441671,2.961619,0.038386,0.186362,3,10,7,5,2,10,7,5,3,10,8,5,3,10,5,3,0.05214,0.1024,0.33863,0.36588,1,1,23:12:2024,21:34:25,624,-9.908354,-56.064393,288.0,lev20,Almucantar,Alta_Floresta_IF,247,247.816933,0.043364,0.0272645,0.021113,0.0182895,1.0952994999999999,61.157966,60.441671,2.961619,0.038386,0.186362,3,10,7,5,2,10,7,5,3,10,8,5,3,10,5,3,0.05214,0.1024,0.33863,0.36588,1,1,23:12:2024,21:34:25,624,-9.908354,-56.064393,288.0,lev20,Almucantar,1.294950395871481,0.15796239955552932,0.831337775139909,BCL,Maritime,,Unknown
04:09:2023,20:44:02,Alta_Floresta_IF,247,247.863912,0.1823,0.1054,0.0745,0.0607,0.1593,0.0811,0.0485,0.0337,0.023,0.0242,0.026,0.027,1.303173,77.436298,76.711679,1.871881,0.008735,0.182094,4,10,7,6,4,10,7,6,4,10,7,6,4,10,7,6,0.06379,0.12444,0.42021,0.44352,1,1,23:12:2024,21:37:59,624,-9.908354,-56.064393,288.0,lev20,Almucantar,Alta_Floresta_IF,247,247.863912,0.182094,0.105224,0.074563,0.060694,1.300731,77.436298,76.711679,1.871881,0.008735,0.182094,4,10,7,6,4,10,7,6,4,10,7,6,4,10,7,6,0.06379,0.12444,0.42021,0.44352,1,1,23:12:2024,21:37:59,624,-9.908354,-56.064393,288.0,lev20,Almucantar,Alta_Floresta_IF,247,247.863912,1.50485,1.50415,1.506,1.50265,0.012257,0.012527,0.012961,0.0134085,77.436298,76.711679,1.871881,0.008735,0.182094,4,10,7,6,4,10,7,6,4,10,7,6,4,10,7,6,0.06379,0.12444,0.42021,0.44352,1,1,23:12:2024,21:37:59,624,-9.908354,-56.064393,288.0,lev20,Almucantar,Alta_Floresta_IF,247,247.863912,0.9217,0.8989,0.8772500000000001,0.85805,77.436298,76.711679,1.871881,0.008735,0.182094,4,10,7,6,4,10,7,6,4,10,7,6,4,10,7,6,0.06379,0.12444,0.42021,0.44352,1,1,23:12:2024,21:37:59,624,-9.908354,-56.064393,288.0,lev20,Almucantar,Alta_Floresta_IF,247,247.863912,0.043364,0.0272645,0.021113,0.0182895,1.0952994999999999,77.436298,76.711679,1.871881,0.008735,0.182094,4,10,7,6,4,10,7,6,4,10,7,6,4,10,7,6,0.06379,0.12444,0.42021,0.44352,1,1,23:12:2024,21:37:59,624,-9.908354,-56.064393,288.0,lev20,Almucantar,1.3126452873655294,0.1541388483710717,0.8307194070163424,BCL,Maritime,,Unknown
05:09:2023,19:11:06,Alta_Floresta_IF,248,248.799375,0.264,0.1467,0.0986,0.0784,0.2359,0.1159,0.0657,0.0445,0.028,0.0308,0.033,0.0339,1.430535,55.114726,54.403603,1.633634,0.050333,0.263572,4,10,8,4,4,10,8,4,4,10,8,3,4,10,8,3,0.04984,0.09807,0.32208,0.34991,1,1,23:12:2024,21:38:15,624,-9.908354,-56.064393,288.0,lev20,Almucantar,Alta_Floresta_IF,248,248.799375,0.263572,0.146642,0.098415,0.079172,1.430576,55.114726,54.403603,1.633634,0.050333,0.263572,4,10,8,4,4,10,8,4,4,10,8,3,4,10,8,3,0.04984,0.09807,0.32208,0.34991,1,1,23:12:2024,21:38:15,624,-9.908354,-56.064393,288.0,lev20,Almucantar,Alta_Floresta_IF,248,248.799375,1.50485,1.50415,1.506,1.50265,0.012257,0.012527,0.012961,0.0134085,55.114726,54.403603,1.633634,0.050333,0.263572,4,10,8,4,4,10,8,4,4,10,8,3,4,10,8,3,0.04984,0.09807,0.32208,0.34991,1,1,23:12:2024,21:38:15,624,-9.908354,-56.064393,288.0,lev20,Almucantar,Alta_Floresta_IF,248,248.799375,0.9217,0.8989,0.8772500000000001,0.85805,55.114726,54.403603,1.633634,0.050333,0.263572,4,10,8,4,4,10,8,4,4,10,8,3,4,10,8,3,0.04984,0.09807,0.32208,0.34991,1,1,23:12:2024,21:38:15,624,-9.908354,-56.064393,288.0,lev20,Almucantar,Alta_Floresta_IF,248,248.799375,0.043364,0.0272645,0.021113,0.0182895,1.0952994999999999,55.114726,54.403603,1.633634,0.050333,0.263572,4,10,8,4,4,10,8,4,4,10,8,3,4,10,8,3,0.04984,0.09807,0.32208,0.34991,1,1,23:12:2024,21:38:15,624,-9.908354,-56.064393,288.0,lev20,Almucantar,1.4446987482210654,0.21948159763460756,0.8513105814062621,BCL,Urban,,Unknown
05:09:2023,19:36:31,Alta_Floresta_IF,248,248.817025,0.291,0.1619,0.11,0.0885,0.2556,0.1235,0.0698,0.0476,0.0353,0.0384,0.0403,0.0409,1.414497,61.172041,60.454389,1.612598,0.062114,0.291359,3,10,8,5,2,10,8,5,2,10,8,5,3,10,8,5,0.05215,0.10241,0.33867,0.36592,1,1,23:12:2024,21:40:31,624,-9.908354,-56.064393,288.0,lev20,Almucantar,Alta_Floresta_IF,248,248.817025,0.291359,0.161914,0.109846,0.088497,1.418219,61.172041,60.454389,1.612598,0.062114,0.291359,3,10,8,5,2,10,8,5,2,10,8,5,3,10,8,5,0.05215,0.10241,0.33867,0.36592,1,1,23:12:2024,21:40:31,624,-9.908354,-56.064393,288.0,lev20,Almucantar,Alta_Floresta_IF,248,248.817025,1.50485,1.50415,1.506,1.50265,0.012257,0.012527,0.012961,0.0134085,61.172041,60.454389,1.612598,0.062114,0.291359,3,10,8,5,2,10,8,5,2,10,8,5,3,10,8,5,0.05215,0.10241,0.33867,0.36592,1,1,23:12:2024,21:40:31,624,-9.908354,-56.064393,288.0,lev20,Almucantar,Alta_Floresta_IF,248,248.817025,0.9217,0.8989,0.8772500000000001,0.85805,61.172041,60.454389,1.612598,0.062114,0.291359,3,10,8,5,2,10,8,5,2,10,8,5,3,10,8,5,0.05215,0.10241,0.33867,0.36592,1,1,23:12:2024,21:40:31,624,-9.908354,-56.064393,288.0,lev20,Almucantar,Alta_Floresta_IF,248,248.817025,0.043364,0.0272645,0.021113,0.0182895,1.0952994999999999,61.172041,60.454389,1.612598,0.062114,0.291359,3,10,8,5,2,10,8,5,2,10,8,5,3,10,8,5,0.05215,0.10241,0.33867,0.36592,1,1,23:12:2024,21:40:31,624,-9.908354,-56.064393,288.0,lev20,Almucantar,1.4270449212703329,0.24247516762541163,0.8290438462516136,BCL,Urban,,Unknown
05:09:2023,20:20:22,Alta_Floresta_IF,248,248.847477,0.2624,0.1451,0.0982,0.0788,0.2286,0.1083,0.0587,0.0381,0.0339,0.0368,0.0395,0.0407,1.429083,71.720525,70.996057,1.29096,0.010915,0.26193,4,10,7,6,4,10,7,6,4,10,7,6,4,10,7,6,0.05838,0.1142,0.38254,0.40815,1,1,23:12:2024,21:42:21,624,-9.908354,-56.064393,288.0,lev20,Almucantar,Alta_Floresta_IF,248,248.847477,0.26193,0.144945,0.09826,0.078876,1.425769,71.720525,70.996057,1.29096,0.010915,0.26193,4,10,7,6,4,10,7,6,4,10,7,6,4,10,7,6,0.05838,0.1142,0.38254,0.40815,1,1,23:12:2024,21:42:21,624,-9.908354,-56.064393,288.0,lev20,Almucantar,Alta_Floresta_IF,248,248.847477,1.50485,1.50415,1.506,1.50265,0.012257,0.012527,0.012961,0.0134085,71.720525,70.996057,1.29096,0.010915,0.26193,4,10,7,6,4,10,7,6,4,10,7,6,4,10,7,6,0.05838,0.1142,0.38254,0.40815,1,1,23:12:2024,21:42:21,624,-9.908354,-56.064393,288.0,lev20,Almucantar,Alta_Floresta_IF,248,248.847477,0.9217,0.8989,0.8772500000000001,0.85805,71.720525,70.996057,1.29096,0.010915,0.26193,4,10,7,6,4,10,7,6,4,10,7,6,4,10,7,6,0.05838,0.1142,0.38254,0.40815,1,1,23:12:2024,21:42:21,624,-9.908354,-56.064393,288.0,lev20,Almucantar,Alta_Floresta_IF,248,248.847477,0.043364,0.0272645,0.021113,0.0182895,1.0952994999999999,71.720525,70.996057,1.29096,0.010915,0.26193,4,10,7,6,4,10,7,6,4,10,7,6,4,10,7,6,0.05838,0.1142,0.38254,0.40815,1,1,23:12:2024,21:42:21,624,-9.908354,-56.064393,288.0,lev20,Almucantar,1.4417444498217902,0.21823380830006622,0.8207985172887554,BCL,Urban,,Unknown
08:09:2023,19:11:28,Alta_Floresta_IF,251,251.79963,0.2659,0.1523,0.1113,0.0939,0.2188,0.0994,0.0549,0.0366,0.0471,0.0529,0.0564,0.0573,1.274094,55.12526,54.409387,1.915002,0.015657,0.264506,4,10,8,4,4,9,7,4,4,10,8,4,4,10,8,4,0.04741,0.09307,0.32119,0.34861,1,1,23:12:2024,21:33:19,624,-9.908354,-56.064393,288.0,lev20,Almucantar,Alta_Floresta_IF,251,251.79963,0.264506,0.152104,0.111379,0.094533,1.265324,55.12526,54.409387,1.915002,0.015657,0.264506,4,10,8,4,4,9,7,4,4,10,8,4,4,10,8,4,0.04741,0.09307,0.32119,0.34861,1,1,23:12:2024,21:33:19,624,-9.908354,-56.064393,288.0,lev20,Almucantar,Alta_Floresta_IF,251,251.79963,1.50485,1.50415,1.506,1.50265,0.012257,0.012527,0.012961,0.0134085,55.12526,54.409387,1.915002,0.015657,0.264506,4,10,8,4,4,9,7,4,4,10,8,4,4,10,8,4,0.04741,0.09307,0.32119,0.34861,1,1,23:12:2024,21:33:19,624,-9.908354,-56.064393,288.0,lev20,Almucantar,Alta_Floresta_IF,251,251.79963,0.9217,0.8989,0.8772500000000001,0.85805,55.12526,54.409387,1.915002,0.015657,0.264506,4,10,8,4,4,9,7,4,4,10,8,4,4,10,8,4,0.04741,0.09307,0.32119,0.34861,1,1,23:12:2024,21:33:19,624,-9.908354,-56.064393,288.0,lev20,Almucantar,Alta_Floresta_IF,251,251.79963,0.043364,0.0272645,0.021113,0.0182895,1.0952994999999999,55.12526,54.409387,1.915002,0.015657,0.264506,4,10,8,4,4,9,7,4,4,10,8,4,4,10,8,4,0.04741,0.09307,0.32119,0.34861,1,1,23:12:2024,21:33:19,624,-9.908354,-56.064393,288.0,lev20,Almucantar,1.2774936567904878,0.22583710770228976,0.7450059188757165,BCL,Urban,,Unknown
08:09:2023,19:36:43,Alta_Floresta_IF,251,251.817164,0.2562,0.1472,0.1084,0.0931,0.2093,0.095,0.0529,0.0365,0.0469,0.0523,0.0555,0.0566,1.259266,61.178209,60.456751,1.18764,0.035179,0.254798,3,10,8,5,3,10,8,5,3,10,8,5,3,10,8,5,0.04935,0.09688,0.337,0.36391,1,1,23:12:2024,21:35:09,624,-9.908354,-56.064393,288.0,lev20,Almucantar,Alta_Floresta_IF,251,251.817164,0.254798,0.146917,0.108174,0.093326,1.253955,61.178209,60.456751,1.18764,0.035179,0.254798,3,10,8,5,3,10,8,5,3,10,8,5,3,10,8,5,0.04935,0.09688,0.337,0.36391,1,1,23:12:2024,21:35:09,624,-9.908354,-56.064393,288.0,lev20,Almucantar,Alta_Floresta_IF,251,251.817164,1.50485,1.50415,1.506,1.50265,0.012257,0.012527,0.012961,0.0134085,61.178209,60.456751,1.18764,0.035179,0.254798,3,10,8,5,3,10,8,5,3,10,8,5,3,10,8,5,0.04935,0.09688,0.337,0.36391,1,1,23:12:2024,21:35:09,624,-9.908354,-56.064393,288.0,lev20,Almucantar,Alta_Floresta_IF,251,251.817164,0.9217,0.8989,0.8772500000000001,0.85805,61.178209,60.456751,1.18764,0.035179,0.254798,3,10,8,5,3,10,8,5,3,10,8,5,3,10,8,5,0.04935,0.09688,0.337,0.36391,1,1,23:12:2024,21:35:09,624,-9.908354,-56.064393,288.0,lev20,Almucantar,Alta_Floresta_IF,251,251.817164,0.043364,0.0272645,0.021113,0.0182895,1.0952994999999999,61.178209,60.456751,1.18764,0.035179,0.254798,3,10,8,5,3,10,8,5,3,10,8,5,3,10,8,5,0.04935,0.09688,0.337,0.36391,1,1,23:12:2024,21:35:09,624,-9.908354,-56.064393,288.0,lev20,Almucantar,1.2617089307616063,0.21803811413291707,0.7362154934927329,BCL,Urban,,Unknown
08:09:2023,20:20:21,Alta_Floresta_IF,251,251.847465,0.2691,0.1549,0.1142,0.0975,0.2186,0.0984,0.0541,0.0364,0.0505,0.0565,0.06,0.0611,1.254893,71.72077,70.993599,1.175329,0.00301,0.267769,4,10,7,6,4,10,7,6,4,10,7,6,4,10,7,6,0.05462,0.10723,0.37884,0.40428,1,1,23:12:2024,21:36:49,624,-9.908354,-56.064393,288.0,lev20,Almucantar,Alta_Floresta_IF,251,251.847465,0.267769,0.154965,0.114147,0.097298,1.247712,71.72077,70.993599,1.175329,0.00301,0.267769,4,10,7,6,4,10,7,6,4,10,7,6,4,10,7,6,0.05462,0.10723,0.37884,0.40428,1,1,23:12:2024,21:36:49,624,-9.908354,-56.064393,288.0,lev20,Almucantar,Alta_Floresta_IF,251,251.847465,1.50485,1.50415,1.506,1.50265,0.012257,0.012527,0.012961,0.0134085,71.72077,70.993599,1.175329,0.00301,0.267769,4,10,7,6,4,10,7,6,4,10,7,6,4,10,7,6,0.05462,0.10723,0.37884,0.40428,1,1,23:12:2024,21:36:49,624,-9.908354,-56.064393,288.0,lev20,Almucantar,Alta_Floresta_IF,251,251.847465,0.9217,0.8989,0.8772500000000001,0.85805,71.72077,70.993599,1.175329,0.00301,0.267769,4,10,7,6,4,10,7,6,4,10,7,6,4,10,7,6,0.05462,0.10723,0.37884,0.40428,1,1,23:12:2024,21:36:49,624,-9.908354,-56.064393,288.0,lev20,Almucantar,Alta_Floresta_IF,251,251.847465,0.043364,0.0272645,0.021113,0.0182895,1.0952994999999999,71.72077,70.993599,1.175329,0.00301,0.267769,4,10,7,6,4,10,7,6,4,10,7,6,4,10,7,6,0.05462,0.10723,0.37884,0.40428,1,1,23:12:2024,21:36:49,624,-9.908354,-56.064393,288.0,lev20,Almucantar,1.2573104290145143,0.2291454206210165,0.7298313556598186,BCL,Urban,,Unknown
10:09:2023,11:07:09,Alta_Floresta_IF,253,253.463299,0.2207,0.1148,0.0812,0.0691,0.1847,0.0753,0.039,0.0261,0.036,0.0395,0.0422,0.043,1.466154,69.099021,69.827179,0.925771,0.014156,0.219667,4,10,7,6,4,10,7,6,4,10,7,6,4,10,7,5,0.05258,0.10381,0.36763,0.39864,1,1,23:12:2024,21:38:03,624,-9.908354,-56.064393,288.0,lev20,Almucantar,Alta_Floresta_IF,253,253.463299,0.219667,0.114684,0.080861,0.06896,1.4646,69.099021,69.827179,0.925771,0.014156,0.219667,4,10,7,6,4,10,7,6,4,10,7,6,4,10,7,5,0.05258,0.10381,0.36763,0.39864,1,1,23:12:2024,21:38:03,624,-9.908354,-56.064393,288.0,lev20,Almucantar,Alta_Floresta_IF,253,253.463299,1.50485,1.50415,1.506,1.50265,0.012257,0.012527,0.012961,0.0134085,69.099021,69.827179,0.925771,0.014156,0.219667,4,10,7,6,4,10,7,6,4,10,7,6,4,10,7,5,0.05258,0.10381,0.36763,0.39864,1,1,23:12:2024,21:38:03,624,-9.908354,-56.064393,288.0,lev20,Almucantar,Alta_Floresta_IF,253,253.463299,0.9217,0.8989,0.8772500000000001,0.85805,69.099021,69.827179,0.925771,0.014156,0.219667,4,10,7,6,4,10,7,6,4,10,7,6,4,10,7,5,0.05258,0.10381,0.36763,0.39864,1,1,23:12:2024,21:38:03,624,-9.908354,-56.064393,288.0,lev20,Almucantar,Alta_Floresta_IF,253,253.463299,0.043364,0.0272645,0.021113,0.0182895,1.0952994999999999,69.099021,69.827179,0.925771,0.014156,0.219667,4,10,7,6,4,10,7,6,4,10,7,6,4,10,7,5,0.05258,0.10381,0.36763,0.39864,1,1,23:12:2024,21:38:03,624,-9.908354,-56.064393,288.0,lev20,Almucantar,1.4667184306756755,0.18296753838158997,0.7523036542624182,BCL,Maritime,,Unknown
10:09:2023,11:50:42,Alta_Floresta_IF,253,253.493542,0.218,0.1143,0.081,0.0683,0.183,0.0759,0.0401,0.0267,0.035,0.0384,0.0409,0.0416,1.451355,58.567506,59.289951,0.970861,0.006899,0.217058,4,10,7,5,4,10,7,5,4,10,7,5,3,11,7,4,0.04821,0.09497,0.33057,0.36061,1,1,23:12:2024,21:40:38,624,-9.908354,-56.064393,288.0,lev20,Almucantar,Alta_Floresta_IF,253,253.493542,0.217058,0.114277,0.080914,0.06874,1.446083,58.567506,59.289951,0.970861,0.006899,0.217058,4,10,7,5,4,10,7,5,4,10,7,5,3,11,7,4,0.04821,0.09497,0.33057,0.36061,1,1,23:12:2024,21:40:38,624,-9.908354,-56.064393,288.0,lev20,Almucantar,Alta_Floresta_IF,253,253.493542,1.50485,1.50415,1.506,1.50265,0.012257,0.012527,0.012961,0.0134085,58.567506,59.289951,0.970861,0.006899,0.217058,4,10,7,5,4,10,7,5,4,10,7,5,3,11,7,4,0.04821,0.09497,0.33057,0.36061,1,1,23:12:2024,21:40:38,624,-9.908354,-56.064393,288.0,lev20,Almucantar,Alta_Floresta_IF,253,253.493542,0.9217,0.8989,0.8772500000000001,0.85805,58.567506,59.289951,0.970861,0.006899,0.217058,4,10,7,5,4,10,7,5,4,10,7,5,3,11,7,4,0.04821,0.09497,0.33057,0.36061,1,1,23:12:2024,21:40:38,624,-9.908354,-56.064393,288.0,lev20,Almucantar,Alta_Floresta_IF,253,253.493542,0.043364,0.0272645,0.021113,0.0182895,1.0952994999999999,58.567506,59.289951,0.970861,0.006899,0.217058,4,10,7,5,4,10,7,5,4,10,7,5,3,11,7,4,0.04821,0.09497,0.33057,0.36061,1,1,23:12:2024,21:40:38,624,-9.908354,-56.064393,288.0,lev20,Almucantar,1.4522796877065518,0.1810630392781984,0.7585032019106966,BCL,Maritime,,Unknown
10:09:2023,12:15:50,Alta_Floresta_IF,253,253.510995,0.2084,0.1108,0.0792,0.0675,0.1736,0.0727,0.0385,0.0259,0.0348,0.0381,0.0407,0.0416,1.418468,52.539844,53.256698,0.998928,0.012253,0.207144,3,10,8,4,3,10,8,4,3,10,8,4,4,10,8,3,0.04657,0.09168,0.31642,0.34615,1,1,23:12:2024,21:42:43,624,-9.908354,-56.064393,288.0,lev20,Almucantar,Alta_Floresta_IF,253,253.510995,0.207144,0.110589,0.079019,0.067883,1.412551,52.539844,53.256698,0.998928,0.012253,0.207144,3,10,8,4,3,10,8,4,3,10,8,4,4,10,8,3,0.04657,0.09168,0.31642,0.34615,1,1,23:12:2024,21:42:43,624,-9.908354,-56.064393,288.0,lev20,Almucantar,Alta_Floresta_IF,253,253.510995,1.50485,1.50415,1.506,1.50265,0.012257,0.012527,0.012961,0.0134085,52.539844,53.256698,0.998928,0.012253,0.207144,3,10,8,4,3,10,8,4,3,10,8,4,4,10,8,3,0.04657,0.09168,0.31642,0.34615,1,1,23:12:2024,21:42:43,624,-9.908354,-56.064393,288.0,lev20,Almucantar,Alta_Floresta_IF,253,253.510995,0.9217,0.8989,0.8772500000000001,0.85805,52.539844,53.256698,0.998928,0.012253,0.207144,3,10,8,4,3,10,8,4,3,10,8,4,4,10,8,3,0.04657,0.09168,0.31642,0.34615,1,1,23:12:2024,21:42:43,624,-9.908354,-56.064393,288.0,lev20,Almucantar,Alta_Floresta_IF,253,253.510995,0.043364,0.0272645,0.021113,0.0182895,1.0952994999999999,52.539844,53.256698,0.998928,0.012253,0.207144,3,10,8,4,3,10,8,4,3,10,8,4,4,10,8,3,0.04657,0.09168,0.31642,0.34615,1,1,23:12:2024,21:42:43,624,-9.908354,-56.064393,288.0,lev20,Almucantar,1.419182599153136,0.17382349945455478,0.7508012596512024,BCL,Maritime,,Unknown
11:09:2023,10:48:30,Alta_Floresta_IF,254,254.450347,0.3596,0.1527,0.0925,0.0709,0.3373,0.1293,0.0676,0.0452,0.0223,0.0234,0.0249,0.0257,1.983429,73.466799,74.196773,1.112644,0.015032,0.359037,4,10,7,6,4,10,7,6,4,10,7,6,4,10,7,5,0.0552,0.1092,0.39008,0.42182,1,1,23:12:2024,21:40:09,624,-9.908354,-56.064393,288.0,lev20,Almucantar,Alta_Floresta_IF,254,254.450347,0.359037,0.15269,0.092284,0.071052,1.984072,73.466799,74.196773,1.112644,0.015032,0.359037,4,10,7,6,4,10,7,6,4,10,7,6,4,10,7,5,0.0552,0.1092,0.39008,0.42182,1,1,23:12:2024,21:40:09,624,-9.908354,-56.064393,288.0,lev20,Almucantar,Alta_Floresta_IF,254,254.450347,1.50485,1.50415,1.506,1.50265,0.012257,0.012527,0.012961,0.0134085,73.466799,74.196773,1.112644,0.015032,0.359037,4,10,7,6,4,10,7,6,4,10,7,6,4,10,7,5,0.0552,0.1092,0.39008,0.42182,1,1,23:12:2024,21:40:09,624,-9.908354,-56.064393,288.0,lev20,Almucantar,Alta_Floresta_IF,254,254.450347,0.9217,0.8989,0.8772500000000001,0.85805,73.466799,74.196773,1.112644,0.015032,0.359037,4,10,7,6,4,10,7,6,4,10,7,6,4,10,7,5,0.0552,0.1092,0.39008,0.42182,1,1,23:12:2024,21:40:09,624,-9.908354,-56.064393,288.0,lev20,Almucantar,Alta_Floresta_IF,254,254.450347,0.043364,0.0272645,0.021113,0.0182895,1.0952994999999999,73.466799,74.196773,1.112644,0.015032,0.359037,4,10,7,6,4,10,7,6,4,10,7,6,4,10,7,5,0.0552,0.1092,0.39008,0.42182,1,1,23:12:2024,21:40:09,624,-9.908354,-56.064393,288.0,lev20,Almucantar,1.9917072640391347,0.2787696038388934,0.9011735811773753,BCL,Urban,,Unknown
11:09:2023,11:06:30,Alta_Floresta_IF,254,254.462847,0.3642,0.1538,0.0931,0.0712,0.3425,0.1311,0.069,0.0463,0.0217,0.0227,0.0241,0.0249,1.992938,69.089787,69.818769,0.889749,0.034808,0.363666,4,10,7,6,4,10,7,6,4,10,7,6,4,10,7,6,0.05258,0.10381,0.36757,0.3986,1,1,23:12:2024,21:42:02,624,-9.908354,-56.064393,288.0,lev20,Almucantar,Alta_Floresta_IF,254,254.462847,0.363666,0.153868,0.092631,0.071613,1.997168,69.089787,69.818769,0.889749,0.034808,0.363666,4,10,7,6,4,10,7,6,4,10,7,6,4,10,7,6,0.05258,0.10381,0.36757,0.3986,1,1,23:12:2024,21:42:02,624,-9.908354,-56.064393,288.0,lev20,Almucantar,Alta_Floresta_IF,254,254.462847,1.50485,1.50415,1.506,1.50265,0.012257,0.012527,0.012961,0.0134085,69.089787,69.818769,0.889749,0.034808,0.363666,4,10,7,6,4,10,7,6,4,10,7,6,4,10,7,6,0.05258,0.10381,0.36757,0.3986,1,1,23:12:2024,21:42:02,624,-9.908354,-56.064393,288.0,lev20,Almucantar,Alta_Floresta_IF,254,254.462847,0.9217,0.8989,0.8772500000000001,0.85805,69.089787,69.818769,0.889749,0.034808,0.363666,4,10,7,6,4,10,7,6,4,10,7,6,4,10,7,6,0.05258,0.10381,0.36757,0.3986,1,1,23:12:2024,21:42:02,624,-9.908354,-56.064393,288.0,lev20,Almucantar,Alta_Floresta_IF,254,254.462847,0.043364,0.0272645,0.021113,0.0182895,1.0952994999999999,69.089787,69.818769,0.889749,0.034808,0.363666,4,10,7,6,4,10,7,6,4,10,7,6,4,10,7,6,0.05258,0.10381,0.36757,0.3986,1,1,23:12:2024,21:42:02,624,-9.908354,-56.064393,288.0,lev20,Almucantar,2.000868413503662,0.2820051722403355,0.9049656396327926,BCL,Urban,,Unknown
11:09:2023,11:49:55,Alta_Floresta_IF,254,254.492998,0.3455,0.1477,0.0912,0.07,0.3237,0.1244,0.0666,0.0448,0.0219,0.0233,0.0246,0.0253,1.947996,58.5759,59.299546,1.997797,0.049569,0.345057,4,10,7,5,4,10,7,5,4,10,7,5,3,11,7,5,0.04821,0.09498,0.3306,0.36063,1,1,23:12:2024,21:44:15,624,-9.908354,-56.064393,288.0,lev20,Almucantar,Alta_Floresta_IF,254,254.492998,0.345057,0.147736,0.090149,0.069826,1.961106,58.5759,59.299546,1.997797,0.049569,0.345057,4,10,7,5,4,10,7,5,4,10,7,5,3,11,7,5,0.04821,0.09498,0.3306,0.36063,1,1,23:12:2024,21:44:15,624,-9.908354,-56.064393,288.0,lev20,Almucantar,Alta_Floresta_IF,254,254.492998,1.50485,1.50415,1.506,1.50265,0.012257,0.012527,0.012961,0.0134085,58.5759,59.299546,1.997797,0.049569,0.345057,4,10,7,5,4,10,7,5,4,10,7,5,3,11,7,5,0.04821,0.09498,0.3306,0.36063,1,1,23:12:2024,21:44:15,624,-9.908354,-56.064393,288.0,lev20,Almucantar,Alta_Floresta_IF,254,254.492998,0.9217,0.8989,0.8772500000000001,0.85805,58.5759,59.299546,1.997797,0.049569,0.345057,4,10,7,5,4,10,7,5,4,10,7,5,3,11,7,5,0.04821,0.09498,0.3306,0.36063,1,1,23:12:2024,21:44:15,624,-9.908354,-56.064393,288.0,lev20,Almucantar,Alta_Floresta_IF,254,254.492998,0.043364,0.0272645,0.021113,0.0182895,1.0952994999999999,58.5759,59.299546,1.997797,0.049569,0.345057,4,10,7,5,4,10,7,5,4,10,7,5,3,11,7,5,0.04821,0.09498,0.3306,0.36063,1,1,23:12:2024,21:44:15,624,-9.908354,-56.064393,288.0,lev20,Almucantar,1.95379438279807,0.26914022330667486,0.8977256455252307,BCL,Urban,,Unknown
11:09:2023,12:15:00,Alta_Floresta_IF,254,254.510417,0.2602,0.12,0.0782,0.0626,0.2342,0.0917,0.0489,0.0331,0.0259,0.0284,0.0293,0.0296,1.759901,52.548769,53.267143,1.395133,0.055159,0.259759,3,10,8,4,3,10,8,4,3,10,8,4,3,10,8,3,0.04657,0.09169,0.31645,0.34617,1,1,23:12:2024,21:27:11,624,-9.908354,-56.064393,288.0,lev20,Almucantar,Alta_Floresta_IF,254,254.510417,0.259759,0.119991,0.077283,0.063088,1.772726,52.548769,53.267143,1.395133,0.055159,0.259759,3,10,8,4,3,10,8,4,3,10,8,4,3,10,8,3,0.04657,0.09169,0.31645,0.34617,1,1,23:12:2024,21:27:11,624,-9.908354,-56.064393,288.0,lev20,Almucantar,Alta_Floresta_IF,254,254.510417,1.50485,1.50415,1.506,1.50265,0.012257,0.012527,0.012961,0.0134085,52.548769,53.267143,1.395133,0.055159,0.259759,3,10,8,4,3,10,8,4,3,10,8,4,3,10,8,3,0.04657,0.09169,0.31645,0.34617,1,1,23:12:2024,21:27:11,624,-9.908354,-56.064393,288.0,lev20,Almucantar,Alta_Floresta_IF,254,254.510417,0.9217,0.8989,0.8772500000000001,0.85805,52.548769,53.267143,1.395133,0.055159,0.259759,3,10,8,4,3,10,8,4,3,10,8,4,3,10,8,3,0.04657,0.09169,0.31645,0.34617,1,1,23:12:2024,21:27:11,624,-9.908354,-56.064393,288.0,lev20,Almucantar,Alta_Floresta_IF,254,254.510417,0.043364,0.0272645,0.021113,0.0182895,1.0952994999999999,52.548769,53.267143,1.395133,0.055159,0.259759,3,10,8,4,3,10,8,4,3,10,8,4,3,10,8,3,0.04657,0.09169,0.31645,0.34617,1,1,23:12:2024,21:27:11,624,-9.908354,-56.064393,288.0,lev20,Almucantar,1.7634565373302489,0.20768488840540625,0.8391114478498177,BCL,Urban,,Unknown
11:09:2023,19:11:47,Alta_Floresta_IF,254,254.79985,0.2393,0.1192,0.0806,0.0658,0.2103,0.0877,0.0473,0.0319,0.029,0.0316,0.0333,0.0339,1.592181,55.144143,54.423931,2.15138,0.070345,0.237398,4,10,8,4,2,10,8,4,2,10,8,4,4,10,8,3,0.04741,0.09308,0.32122,0.34864,1,1,23:12:2024,21:33:20,624,-9.908354,-56.064393,288.0,lev20,Almucantar,Alta_Floresta_IF,254,254.79985,0.237398,0.11931,0.08074,0.065007,1.577318,55.144143,54.423931,2.15138,0.070345,0.237398,4,10,8,4,2,10,8,4,2,10,8,4,4,10,8,3,0.04741,0.09308,0.32122,0.34864,1,1,23:12:2024,21:33:20,624,-9.908354,-56.064393,288.0,lev20,Almucantar,Alta_Floresta_IF,254,254.79985,1.50485,1.50415,1.506,1.50265,0.012257,0.012527,0.012961,0.0134085,55.144143,54.423931,2.15138,0.070345,0.237398,4,10,8,4,2,10,8,4,2,10,8,4,4,10,8,3,0.04741,0.09308,0.32122,0.34864,1,1,23:12:2024,21:33:20,624,-9.908354,-56.064393,288.0,lev20,Almucantar,Alta_Floresta_IF,254,254.79985,0.9217,0.8989,0.8772500000000001,0.85805,55.144143,54.423931,2.15138,0.070345,0.237398,4,10,8,4,2,10,8,4,2,10,8,4,4,10,8,3,0.04741,0.09308,0.32122,0.34864,1,1,23:12:2024,21:33:20,624,-9.908354,-56.064393,288.0,lev20,Almucantar,Alta_Floresta_IF,254,254.79985,0.043364,0.0272645,0.021113,0.0182895,1.0952994999999999,55.144143,54.423931,2.15138,0.070345,0.237398,4,10,8,4,2,10,8,4,2,10,8,4,4,10,8,3,0.04741,0.09308,0.32122,0.34864,1,1,23:12:2024,21:33:20,624,-9.908354,-56.064393,288.0,lev20,Almucantar,1.596288453030066,0.19512864520819348,0.8151637455727695,BCL,Maritime,,Unknown
11:09:2023,19:36:52,Alta_Floresta_IF,254,254.817269,0.2211,0.1125,0.0761,0.0619,0.1926,0.0812,0.0431,0.0283,0.0285,0.0313,0.0331,0.0335,1.558714,61.189083,60.464176,1.876471,0.047726,0.219975,3,10,8,5,3,10,8,5,3,10,8,5,3,10,8,5,0.04935,0.09688,0.337,0.36393,1,1,23:12:2024,21:35:02,624,-9.908354,-56.064393,288.0,lev20,Almucantar,Alta_Floresta_IF,254,254.817269,0.219975,0.111756,0.076768,0.061037,1.540983,61.189083,60.464176,1.876471,0.047726,0.219975,3,10,8,5,3,10,8,5,3,10,8,5,3,10,8,5,0.04935,0.09688,0.337,0.36393,1,1,23:12:2024,21:35:02,624,-9.908354,-56.064393,288.0,lev20,Almucantar,Alta_Floresta_IF,254,254.817269,1.50485,1.50415,1.506,1.50265,0.012257,0.012527,0.012961,0.0134085,61.189083,60.464176,1.876471,0.047726,0.219975,3,10,8,5,3,10,8,5,3,10,8,5,3,10,8,5,0.04935,0.09688,0.337,0.36393,1,1,23:12:2024,21:35:02,624,-9.908354,-56.064393,288.0,lev20,Almucantar,Alta_Floresta_IF,254,254.817269,0.9217,0.8989,0.8772500000000001,0.85805,61.189083,60.464176,1.876471,0.047726,0.219975,3,10,8,5,3,10,8,5,3,10,8,5,3,10,8,5,0.04935,0.09688,0.337,0.36393,1,1,23:12:2024,21:35:02,624,-9.908354,-56.064393,288.0,lev20,Almucantar,Alta_Floresta_IF,254,254.817269,0.043364,0.0272645,0.021113,0.0182895,1.0952994999999999,61.189083,60.464176,1.876471,0.047726,0.219975,3,10,8,5,3,10,8,5,3,10,8,5,3,10,8,5,0.04935,0.09688,0.337,0.36393,1,1,23:12:2024,21:35:02,624,-9.908354,-56.064393,288.0,lev20,Almucantar,1.5645267758997188,0.1810215989356553,0.8058511391640819,BCL,Maritime,,Unknown
11:09:2023,20:20:21,Alta_Floresta_IF,254,254.847465,0.245,0.121,0.081,0.0652,0.2134,0.0863,0.0442,0.0279,0.0316,0.0347,0.0368,0.0374,1.618568,71.736762,71.007187,2.423408,0.0128,0.243652,4,10,7,6,2,10,7,6,4,10,6,5,4,10,7,5,0.05461,0.1072,0.37873,0.40434,1,1,23:12:2024,21:36:51,624,-9.908354,-56.064393,288.0,lev20,Almucantar,Alta_Floresta_IF,254,254.847465,0.243652,0.120073,0.081022,0.06508,1.611522,71.736762,71.007187,2.423408,0.0128,0.243652,4,10,7,6,2,10,7,6,4,10,6,5,4,10,7,5,0.05461,0.1072,0.37873,0.40434,1,1,23:12:2024,21:36:51,624,-9.908354,-56.064393,288.0,lev20,Almucantar,Alta_Floresta_IF,254,254.847465,1.50485,1.50415,1.506,1.50265,0.012257,0.012527,0.012961,0.0134085,71.736762,71.007187,2.423408,0.0128,0.243652,4,10,7,6,2,10,7,6,4,10,6,5,4,10,7,5,0.05461,0.1072,0.37873,0.40434,1,1,23:12:2024,21:36:51,624,-9.908354,-56.064393,288.0,lev20,Almucantar,Alta_Floresta_IF,254,254.847465,0.9217,0.8989,0.8772500000000001,0.85805,71.736762,71.007187,2.423408,0.0128,0.243652,4,10,7,6,2,10,7,6,4,10,6,5,4,10,7,5,0.05461,0.1072,0.37873,0.40434,1,1,23:12:2024,21:36:51,624,-9.908354,-56.064393,288.0,lev20,Almucantar,Alta_Floresta_IF,254,254.847465,0.043364,0.0272645,0.021113,0.0182895,1.0952994999999999,71.736762,71.007187,2.423408,0.0128,0.243652,4,10,7,6,2,10,7,6,4,10,6,5,4,10,7,5,0.05461,0.1072,0.37873,0.40434,1,1,23:12:2024,21:36:51,624,-9.908354,-56.064393,288.0,lev20,Almucantar,1.6235573490432542,0.1990813232466587,0.803360534702197,BCL,Maritime,,Unknown
12:09:2023,10:45:41,Alta_Floresta_IF,255,255.448391,0.6776,0.3206,0.2031,0.1562,0.6382,0.2772,0.1577,0.1099,0.0394,0.0434,0.0454,0.0463,1.757211,73.990031,74.720701,5.216281,0.043435,0.676424,4,10,7,6,4,10,7,6,4,10,6,6,4,10,7,6,0.05554,0.10996,0.3931,0.42501,1,1,23:12:2024,21:27:28,624,-9.908354,-56.064393,288.0,lev20,Almucantar,Alta_Floresta_IF,255,255.448391,0.676424,0.320768,0.202749,0.157366,1.756651,73.990031,74.720701,5.216281,0.043435,0.676424,4,10,7,6,4,10,7,6,4,10,6,6,4,10,7,6,0.05554,0.10996,0.3931,0.42501,1,1,23:12:2024,21:27:28,624,-9.908354,-56.064393,288.0,lev20,Almucantar,Alta_Floresta_IF,255,255.448391,1.33,1.3639,1.3844,1.3982,0.005478,0.005663,0.005973,0.006135,73.990031,74.720701,5.216281,0.043435,0.676424,4,10,7,6,4,10,7,6,4,10,6,6,4,10,7,6,0.05554,0.10996,0.3931,0.42501,1,1,23:12:2024,21:27:28,624,-9.908354,-56.064393,288.0,lev20,Almucantar,Alta_Floresta_IF,255,255.448391,0.9414,0.9204,0.9006,0.89,73.990031,74.720701,5.216281,0.043435,0.676424,4,10,7,6,4,10,7,6,4,10,6,6,4,10,7,6,0.05554,0.10996,0.3931,0.42501,1,1,23:12:2024,21:27:28,624,-9.908354,-56.064393,288.0,lev20,Almucantar,Alta_Floresta_IF,255,255.448391,0.039692,0.025509,0.020193,0.017178,0.991041,73.990031,74.720701,5.216281,0.043435,0.676424,4,10,7,6,4,10,7,6,4,10,6,6,4,10,7,6,0.05554,0.10996,0.3931,0.42501,1,1,23:12:2024,21:27:28,624,-9.908354,-56.064393,288.0,lev20,Almucantar,1.7673844874802316,0.5405712363618426,0.9093690444624516,BCL,Arid,,Unknown
13:09:2023,10:44:40,Alta_Floresta_IF,256,256.447685,0.5626,0.2476,0.1519,0.1156,0.5234,0.2044,0.108,0.072,0.0392,0.0432,0.0438,0.0436,1.911413,74.07563,74.806933,2.255753,0.016218,0.561431,4,10,7,6,4,10,7,6,4,10,7,6,4,10,7,5,0.05551,0.1098,0.39247,0.42555,1,1,23:12:2024,21:47:38,624,-9.908354,-56.064393,288.0,lev20,Almucantar,Alta_Floresta_IF,256,256.447685,0.561431,0.247625,0.151719,0.116224,1.909725,74.07563,74.806933,2.255753,0.016218,0.561431,4,10,7,6,4,10,7,6,4,10,7,6,4,10,7,5,0.05551,0.1098,0.39247,0.42555,1,1,23:12:2024,21:47:38,624,-9.908354,-56.064393,288.0,lev20,Almucantar,Alta_Floresta_IF,256,256.447685,1.3594,1.3885,1.4049,1.4158,0.007295,0.006288,0.006319,0.006449,74.07563,74.806933,2.255753,0.016218,0.561431,4,10,7,6,4,10,7,6,4,10,7,6,4,10,7,5,0.05551,0.1098,0.39247,0.42555,1,1,23:12:2024,21:47:38,624,-9.908354,-56.064393,288.0,lev20,Almucantar,Alta_Floresta_IF,256,256.447685,0.9285,0.9123,0.8931,0.8811,74.07563,74.806933,2.255753,0.016218,0.561431,4,10,7,6,4,10,7,6,4,10,7,6,4,10,7,5,0.05551,0.1098,0.39247,0.42555,1,1,23:12:2024,21:47:38,624,-9.908354,-56.064393,288.0,lev20,Almucantar,Alta_Floresta_IF,256,256.447685,0.040225,0.021715,0.01623,0.013738,1.336478,74.07563,74.806933,2.255753,0.016218,0.561431,4,10,7,6,4,10,7,6,4,10,7,6,4,10,7,5,0.05551,0.1098,0.39247,0.42555,1,1,23:12:2024,21:47:38,624,-9.908354,-56.064393,288.0,lev20,Almucantar,1.9206556896582652,0.4401189378752593,0.8851146998345407,BCL,Unclassified,,Unknown
13:09:2023,11:05:14,Alta_Floresta_IF,256,256.461968,0.5934,0.2615,0.1601,0.1222,0.561,0.2257,0.122,0.0831,0.0324,0.0359,0.0381,0.0392,1.91204,69.064266,69.794787,2.119056,0.012567,0.592392,4,10,7,6,4,10,7,6,4,10,7,6,4,10,7,5,0.05255,0.10377,0.3675,0.39849,1,1,23:12:2024,21:50:01,624,-9.908354,-56.064393,288.0,lev20,Almucantar,Alta_Floresta_IF,256,256.461968,0.592392,0.261458,0.159847,0.122563,1.911516,69.064266,69.794787,2.119056,0.012567,0.592392,4,10,7,6,4,10,7,6,4,10,7,6,4,10,7,5,0.05255,0.10377,0.3675,0.39849,1,1,23:12:2024,21:50:01,624,-9.908354,-56.064393,288.0,lev20,Almucantar,Alta_Floresta_IF,256,256.461968,1.3626,1.3884,1.403,1.414,0.00714,0.006616,0.006442,0.006447,69.064266,69.794787,2.119056,0.012567,0.592392,4,10,7,6,4,10,7,6,4,10,7,6,4,10,7,5,0.05255,0.10377,0.3675,0.39849,1,1,23:12:2024,21:50:01,624,-9.908354,-56.064393,288.0,lev20,Almucantar,Alta_Floresta_IF,256,256.461968,0.9316,0.911,0.894,0.8841,69.064266,69.794787,2.119056,0.012567,0.592392,4,10,7,6,4,10,7,6,4,10,7,6,4,10,7,5,0.05255,0.10377,0.3675,0.39849,1,1,23:12:2024,21:50:01,624,-9.908354,-56.064393,288.0,lev20,Almucantar,Alta_Floresta_IF,256,256.461968,0.040597,0.023266,0.016982,0.014167,1.274806,69.064266,69.794787,2.119056,0.012567,0.592392,4,10,7,6,4,10,7,6,4,10,7,6,4,10,7,5,0.05255,0.10377,0.3675,0.39849,1,1,23:12:2024,21:50:01,624,-9.908354,-56.064393,288.0,lev20,Almucantar,1.9217171269175222,0.46415062780443417,0.9115107386432703,BCL,Arid,,Unknown
13:09:2023,11:48:26,Alta_Floresta_IF,256,256.491968,0.5703,0.2517,0.1543,0.118,0.5307,0.2075,0.1087,0.0722,0.0396,0.0441,0.0456,0.0458,1.908004,58.575576,59.301479,1.543255,0.033339,0.56946,4,10,7,5,4,10,7,5,4,10,7,5,3,11,7,5,0.04821,0.09498,0.33058,0.36064,1,1,23:12:2024,21:27:19,624,-9.908354,-56.064393,288.0,lev20,Almucantar,Alta_Floresta_IF,256,256.491968,0.56946,0.251641,0.153719,0.11809,1.910709,58.575576,59.301479,1.543255,0.033339,0.56946,4,10,7,5,4,10,7,5,4,10,7,5,3,11,7,5,0.04821,0.09498,0.33058,0.36064,1,1,23:12:2024,21:27:19,624,-9.908354,-56.064393,288.0,lev20,Almucantar,Alta_Floresta_IF,256,256.491968,1.3935,1.4175,1.429,1.437,0.009445,0.008611,0.008363,0.008419,58.575576,59.301479,1.543255,0.033339,0.56946,4,10,7,5,4,10,7,5,4,10,7,5,3,11,7,5,0.04821,0.09498,0.33058,0.36064,1,1,23:12:2024,21:27:19,624,-9.908354,-56.064393,288.0,lev20,Almucantar,Alta_Floresta_IF,256,256.491968,0.9169,0.8958,0.8769,0.8646,58.575576,59.301479,1.543255,0.033339,0.56946,4,10,7,5,4,10,7,5,4,10,7,5,3,11,7,5,0.04821,0.09498,0.33058,0.36064,1,1,23:12:2024,21:27:19,624,-9.908354,-56.064393,288.0,lev20,Almucantar,Alta_Floresta_IF,256,256.491968,0.047393,0.026211,0.018997,0.015977,1.339215,58.575576,59.301479,1.543255,0.033339,0.56946,4,10,7,5,4,10,7,5,4,10,7,5,3,11,7,5,0.04821,0.09498,0.33058,0.36064,1,1,23:12:2024,21:27:19,624,-9.908354,-56.064393,288.0,lev20,Almucantar,1.9176006050342116,0.44631687758936445,0.8854057005653988,BCL,Unclassified,,Unknown
13:09:2023,12:13:26,Alta_Floresta_IF,256,256.509329,0.573,0.257,0.1604,0.1244,0.5319,0.2112,0.1116,0.0745,0.0411,0.0458,0.0488,0.05,1.859563,52.546963,53.268201,1.15133,0.048782,0.572006,3,10,8,4,3,10,8,4,3,10,8,4,4,10,8,4,0.04656,0.09168,0.31643,0.34617,1,1,23:12:2024,21:29:58,624,-9.908354,-56.064393,288.0,lev20,Almucantar,Alta_Floresta_IF,256,256.509329,0.572006,0.25682,0.159653,0.124894,1.86315,52.546963,53.268201,1.15133,0.048782,0.572006,3,10,8,4,3,10,8,4,3,10,8,4,4,10,8,4,0.04656,0.09168,0.31643,0.34617,1,1,23:12:2024,21:29:58,624,-9.908354,-56.064393,288.0,lev20,Almucantar,Alta_Floresta_IF,256,256.509329,1.4926,1.5032,1.5084,1.5108,0.011955,0.012225,0.013293,0.014505,52.546963,53.268201,1.15133,0.048782,0.572006,3,10,8,4,3,10,8,4,3,10,8,4,4,10,8,4,0.04656,0.09168,0.31643,0.34617,1,1,23:12:2024,21:29:58,624,-9.908354,-56.064393,288.0,lev20,Almucantar,Alta_Floresta_IF,256,256.509329,0.9213,0.89,0.8574,0.8321,52.546963,53.268201,1.15133,0.048782,0.572006,3,10,8,4,3,10,8,4,3,10,8,4,4,10,8,4,0.04656,0.09168,0.31643,0.34617,1,1,23:12:2024,21:29:58,624,-9.908354,-56.064393,288.0,lev20,Almucantar,Alta_Floresta_IF,256,256.509329,0.045098,0.028263,0.022861,0.020897,1.001829,52.546963,53.268201,1.15133,0.048782,0.572006,3,10,8,4,3,10,8,4,3,10,8,4,4,10,8,4,0.04656,0.09168,0.31643,0.34617,1,1,23:12:2024,21:29:58,624,-9.908354,-56.064393,288.0,lev20,Almucantar,1.8676551242039212,0.45130214753289544,0.883716372985583,BCL,Arid,,Unknown
13:09:2023,20:20:15,Alta_Floresta_IF,256,256.847396,0.5292,0.231,0.1406,0.1061,0.4904,0.1884,0.095,0.0591,0.0388,0.0426,0.0457,0.0471,1.934458,71.72885,70.997853,1.446328,0.00325,0.528206,4,10,7,6,4,10,7,6,4,10,7,6,4,10,7,6,0.05463,0.10725,0.37882,0.4043,1,1,23:12:2024,21:38:58,624,-9.908354,-56.064393,288.0,lev20,Almucantar,Alta_Floresta_IF,256,256.847396,0.528206,0.23006,0.140584,0.105871,1.932677,71.72885,70.997853,1.446328,0.00325,0.528206,4,10,7,6,4,10,7,6,4,10,7,6,4,10,7,6,0.05463,0.10725,0.37882,0.4043,1,1,23:12:2024,21:38:58,624,-9.908354,-56.064393,288.0,lev20,Almucantar,Alta_Floresta_IF,256,256.847396,1.5577,1.5353,1.5222,1.5054,0.012394,0.013105,0.013058,0.012951,71.72885,70.997853,1.446328,0.00325,0.528206,4,10,7,6,4,10,7,6,4,10,7,6,4,10,7,6,0.05463,0.10725,0.37882,0.4043,1,1,23:12:2024,21:38:58,624,-9.908354,-56.064393,288.0,lev20,Almucantar,Alta_Floresta_IF,256,256.847396,0.9256,0.89,0.8636,0.8485,71.72885,70.997853,1.446328,0.00325,0.528206,4,10,7,6,4,10,7,6,4,10,7,6,4,10,7,6,0.05463,0.10725,0.37882,0.4043,1,1,23:12:2024,21:38:58,624,-9.908354,-56.064393,288.0,lev20,Almucantar,Alta_Floresta_IF,256,256.847396,0.039363,0.025406,0.01918,0.016081,1.046446,71.72885,70.997853,1.446328,0.00325,0.528206,4,10,7,6,4,10,7,6,4,10,7,6,4,10,7,6,0.05463,0.10725,0.37882,0.4043,1,1,23:12:2024,21:38:58,624,-9.908354,-56.064393,288.0,lev20,Almucantar,1.9442738939034303,0.41274226614631515,0.8844290660162333,BCL,Unclassified,,Unknown
13:09:2023,20:43:43,Alta_Floresta_IF,256,256.863692,0.4962,0.2198,0.1357,0.1033,0.4593,0.1788,0.092,0.0587,0.0368,0.041,0.0436,0.0445,1.893079,77.447888,76.717026,1.68568,0.008449,0.495276,4,10,7,6,4,10,7,6,4,10,7,6,4,10,7,6,0.05917,0.11614,0.41421,0.43817,1,1,23:12:2024,21:41:37,624,-9.908354,-56.064393,288.0,lev20,Almucantar,Alta_Floresta_IF,256,256.863692,0.495276,0.218789,0.135685,0.103423,1.891451,77.447888,76.717026,1.68568,0.008449,0.495276,4,10,7,6,4,10,7,6,4,10,7,6,4,10,7,6,0.05917,0.11614,0.41421,0.43817,1,1,23:12:2024,21:41:37,624,-9.908354,-56.064393,288.0,lev20,Almucantar,Alta_Floresta_IF,256,256.863692,1.529,1.5103,1.4967,1.4826,0.012246,0.014973,0.015762,0.015872,77.447888,76.717026,1.68568,0.008449,0.495276,4,10,7,6,4,10,7,6,4,10,7,6,4,10,7,6,0.05917,0.11614,0.41421,0.43817,1,1,23:12:2024,21:41:37,624,-9.908354,-56.064393,288.0,lev20,Almucantar,Alta_Floresta_IF,256,256.863692,0.9227,0.8716,0.8338,0.8145,77.447888,76.717026,1.68568,0.008449,0.495276,4,10,7,6,4,10,7,6,4,10,7,6,4,10,7,6,0.05917,0.11614,0.41421,0.43817,1,1,23:12:2024,21:41:37,624,-9.908354,-56.064393,288.0,lev20,Almucantar,Alta_Floresta_IF,256,256.863692,0.03833,0.028219,0.022542,0.019159,0.768533,77.447888,76.717026,1.68568,0.008449,0.495276,4,10,7,6,4,10,7,6,4,10,7,6,4,10,7,6,0.05917,0.11614,0.41421,0.43817,1,1,23:12:2024,21:41:37,624,-9.908354,-56.064393,288.0,lev20,Almucantar,1.9018591008550318,0.38910841642835603,0.8807467373791705,BCL,Urban,,Unknown
15:09:2023,10:43:30,Alta_Floresta_IF,258,258.446875,0.4201,0.2031,0.1324,0.1057,0.3759,0.1541,0.0808,0.0535,0.0442,0.049,0.0516,0.0523,1.686332,74.036592,74.769057,0.932169,0.010709,0.418706,4,10,7,6,4,10,7,6,4,10,7,6,4,10,7,6,0.05448,0.10788,0.39871,0.4284,1,1,23:12:2024,21:47:23,624,-9.908354,-56.064393,288.0,lev20,Almucantar,Alta_Floresta_IF,258,258.446875,0.418706,0.202773,0.132144,0.105685,1.684106,74.036592,74.769057,0.932169,0.010709,0.418706,4,10,7,6,4,10,7,6,4,10,7,6,4,10,7,6,0.05448,0.10788,0.39871,0.4284,1,1,23:12:2024,21:47:23,624,-9.908354,-56.064393,288.0,lev20,Almucantar,Alta_Floresta_IF,258,258.446875,1.5001,1.5006,1.4931,1.4864,0.013174,0.01149,0.012225,0.013769,74.036592,74.769057,0.932169,0.010709,0.418706,4,10,7,6,4,10,7,6,4,10,7,6,4,10,7,6,0.05448,0.10788,0.39871,0.4284,1,1,23:12:2024,21:47:23,624,-9.908354,-56.064393,288.0,lev20,Almucantar,Alta_Floresta_IF,258,258.446875,0.9057,0.885,0.8558,0.8288,74.036592,74.769057,0.932169,0.010709,0.418706,4,10,7,6,4,10,7,6,4,10,7,6,4,10,7,6,0.05448,0.10788,0.39871,0.4284,1,1,23:12:2024,21:47:23,624,-9.908354,-56.064393,288.0,lev20,Almucantar,Alta_Floresta_IF,258,258.446875,0.039608,0.023357,0.019091,0.018104,1.082494,74.036592,74.769057,0.932169,0.010709,0.418706,4,10,7,6,4,10,7,6,4,10,7,6,4,10,7,6,0.05448,0.10788,0.39871,0.4284,1,1,23:12:2024,21:47:23,624,-9.908354,-56.064393,288.0,lev20,Almucantar,1.6937565293084784,0.3383139026329174,0.8354059159986332,BCL,Urban,,Unknown
15:09:2023,11:03:44,Alta_Floresta_IF,258,258.460926,0.4116,0.1988,0.1294,0.1027,0.3738,0.1589,0.0872,0.0592,0.0379,0.0399,0.0421,0.0435,1.689806,69.097725,69.829649,0.82469,0.013655,0.4103,4,10,7,6,4,10,7,6,4,10,7,6,4,10,7,6,0.05153,0.10182,0.37304,0.40143,1,1,23:12:2024,21:26:25,624,-9.908354,-56.064393,288.0,lev20,Almucantar,Alta_Floresta_IF,258,258.460926,0.4103,0.198509,0.129111,0.103397,1.688179,69.097725,69.829649,0.82469,0.013655,0.4103,4,10,7,6,4,10,7,6,4,10,7,6,4,10,7,6,0.05153,0.10182,0.37304,0.40143,1,1,23:12:2024,21:26:25,624,-9.908354,-56.064393,288.0,lev20,Almucantar,Alta_Floresta_IF,258,258.460926,1.4737,1.4923,1.4989,1.4996,0.010086,0.007741,0.00762,0.008422,69.097725,69.829649,0.82469,0.013655,0.4103,4,10,7,6,4,10,7,6,4,10,7,6,4,10,7,6,0.05153,0.10182,0.37304,0.40143,1,1,23:12:2024,21:26:25,624,-9.908354,-56.064393,288.0,lev20,Almucantar,Alta_Floresta_IF,258,258.460926,0.9194,0.9133,0.8977,0.8794,69.097725,69.829649,0.82469,0.013655,0.4103,4,10,7,6,4,10,7,6,4,10,7,6,4,10,7,6,0.05153,0.10182,0.37304,0.40143,1,1,23:12:2024,21:26:25,624,-9.908354,-56.064393,288.0,lev20,Almucantar,Alta_Floresta_IF,258,258.460926,0.033188,0.017238,0.013239,0.012385,1.36072,69.097725,69.829649,0.82469,0.013655,0.4103,4,10,7,6,4,10,7,6,4,10,7,6,4,10,7,6,0.05153,0.10182,0.37304,0.40143,1,1,23:12:2024,21:26:25,624,-9.908354,-56.064393,288.0,lev20,Almucantar,1.6973921755116537,0.3313146868823261,0.862572606879127,BCL,Urban,,Unknown
15:09:2023,20:20:15,Alta_Floresta_IF,258,258.847396,0.3277,0.1657,0.1128,0.0918,0.2838,0.1184,0.0634,0.0414,0.0439,0.0473,0.0494,0.0504,1.560117,71.749349,71.017072,1.332112,0.017097,0.325909,4,10,7,6,2,10,7,5,4,10,7,5,4,10,7,6,0.05358,0.10529,0.38467,0.40724,1,1,23:12:2024,21:30:34,624,-9.908354,-56.064393,288.0,lev20,Almucantar,Alta_Floresta_IF,258,258.847396,0.325909,0.16554,0.112793,0.091283,1.551941,71.749349,71.017072,1.332112,0.017097,0.325909,4,10,7,6,2,10,7,5,4,10,7,5,4,10,7,6,0.05358,0.10529,0.38467,0.40724,1,1,23:12:2024,21:30:34,624,-9.908354,-56.064393,288.0,lev20,Almucantar,Alta_Floresta_IF,258,258.847396,1.50485,1.50415,1.506,1.50265,0.012257,0.012527,0.012961,0.0134085,71.749349,71.017072,1.332112,0.017097,0.325909,4,10,7,6,2,10,7,5,4,10,7,5,4,10,7,6,0.05358,0.10529,0.38467,0.40724,1,1,23:12:2024,21:30:34,624,-9.908354,-56.064393,288.0,lev20,Almucantar,Alta_Floresta_IF,258,258.847396,0.9217,0.8989,0.8772500000000001,0.85805,71.749349,71.017072,1.332112,0.017097,0.325909,4,10,7,6,2,10,7,5,4,10,7,5,4,10,7,6,0.05358,0.10529,0.38467,0.40724,1,1,23:12:2024,21:30:34,624,-9.908354,-56.064393,288.0,lev20,Almucantar,Alta_Floresta_IF,258,258.847396,0.043364,0.0272645,0.021113,0.0182895,1.0952994999999999,71.749349,71.017072,1.332112,0.017097,0.325909,4,10,7,6,2,10,7,5,4,10,7,5,4,10,7,6,0.05358,0.10529,0.38467,0.40724,1,1,23:12:2024,21:30:34,624,-9.908354,-56.064393,288.0,lev20,Almucantar,1.5644026684318353,0.26830266443841533,0.8002431703066255,BCL,Urban,,Unknown
15:09:2023,20:43:38,Alta_Floresta_IF,258,258.863634,0.3309,0.1668,0.1134,0.0922,0.286,0.1181,0.0625,0.0405,0.0448,0.0487,0.0509,0.0517,1.56664,77.45688,76.724999,1.533802,0.008144,0.329157,4,10,7,5,4,10,7,5,4,10,7,5,4,10,7,6,0.05802,0.11398,0.42035,0.44146,1,1,23:12:2024,21:32:35,624,-9.908354,-56.064393,288.0,lev20,Almucantar,Alta_Floresta_IF,258,258.863634,0.329157,0.166798,0.113346,0.09217,1.559083,77.45688,76.724999,1.533802,0.008144,0.329157,4,10,7,5,4,10,7,5,4,10,7,5,4,10,7,6,0.05802,0.11398,0.42035,0.44146,1,1,23:12:2024,21:32:35,624,-9.908354,-56.064393,288.0,lev20,Almucantar,Alta_Floresta_IF,258,258.863634,1.50485,1.50415,1.506,1.50265,0.012257,0.012527,0.012961,0.0134085,77.45688,76.724999,1.533802,0.008144,0.329157,4,10,7,5,4,10,7,5,4,10,7,5,4,10,7,6,0.05802,0.11398,0.42035,0.44146,1,1,23:12:2024,21:32:35,624,-9.908354,-56.064393,288.0,lev20,Almucantar,Alta_Floresta_IF,258,258.863634,0.9217,0.8989,0.8772500000000001,0.85805,77.45688,76.724999,1.533802,0.008144,0.329157,4,10,7,5,4,10,7,5,4,10,7,5,4,10,7,6,0.05802,0.11398,0.42035,0.44146,1,1,23:12:2024,21:32:35,624,-9.908354,-56.064393,288.0,lev20,Almucantar,Alta_Floresta_IF,258,258.863634,0.043364,0.0272645,0.021113,0.0182895,1.0952994999999999,77.45688,76.724999,1.533802,0.008144,0.329157,4,10,7,5,4,10,7,5,4,10,7,5,4,10,7,6,0.05802,0.11398,0.42035,0.44146,1,1,23:12:2024,21:32:35,624,-9.908354,-56.064393,288.0,lev20,Almucantar,1.5708754384856078,0.2706985692957086,0.7960565295862276,BCL,Urban,,Unknown
16:09:2023,19:13:43,Alta_Floresta_IF,259,259.801192,0.3377,0.1736,0.1158,0.0937,0.2975,0.1301,0.0696,0.0462,0.0402,0.0435,0.0463,0.0474,1.561107,55.558132,54.831425,1.645563,0.032009,0.336434,4,10,8,4,4,9,8,4,4,10,8,4,3,10,8,4,0.04654,0.0914,0.32665,0.35172,1,1,23:12:2024,21:33:47,624,-9.908354,-56.064393,288.0,lev20,Almucantar,Alta_Floresta_IF,259,259.801192,0.336434,0.172651,0.115319,0.094243,1.562055,55.558132,54.831425,1.645563,0.032009,0.336434,4,10,8,4,4,9,8,4,4,10,8,4,3,10,8,4,0.04654,0.0914,0.32665,0.35172,1,1,23:12:2024,21:33:47,624,-9.908354,-56.064393,288.0,lev20,Almucantar,Alta_Floresta_IF,259,259.801192,1.50485,1.50415,1.506,1.50265,0.012257,0.012527,0.012961,0.0134085,55.558132,54.831425,1.645563,0.032009,0.336434,4,10,8,4,4,9,8,4,4,10,8,4,3,10,8,4,0.04654,0.0914,0.32665,0.35172,1,1,23:12:2024,21:33:47,624,-9.908354,-56.064393,288.0,lev20,Almucantar,Alta_Floresta_IF,259,259.801192,0.9217,0.8989,0.8772500000000001,0.85805,55.558132,54.831425,1.645563,0.032009,0.336434,4,10,8,4,4,9,8,4,4,10,8,4,3,10,8,4,0.04654,0.0914,0.32665,0.35172,1,1,23:12:2024,21:33:47,624,-9.908354,-56.064393,288.0,lev20,Almucantar,Alta_Floresta_IF,259,259.801192,0.043364,0.0272645,0.021113,0.0182895,1.0952994999999999,55.558132,54.831425,1.645563,0.032009,0.336434,4,10,8,4,4,9,8,4,4,10,8,4,3,10,8,4,0.04654,0.0914,0.32665,0.35172,1,1,23:12:2024,21:33:47,624,-9.908354,-56.064393,288.0,lev20,Almucantar,1.5699931661184146,0.27629258857011274,0.8251686440549033,BCL,Urban,,Unknown
16:09:2023,19:36:57,Alta_Floresta_IF,259,259.817326,0.2988,0.1532,0.1017,0.0826,0.2624,0.114,0.0601,0.0398,0.0365,0.0392,0.0416,0.0427,1.571493,61.200329,60.47053,1.375614,0.015899,0.297646,3,10,8,5,3,10,8,5,3,10,8,5,3,10,8,5,0.04836,0.09496,0.34181,0.36631,1,1,23:12:2024,21:35:28,624,-9.908354,-56.064393,288.0,lev20,Almucantar,Alta_Floresta_IF,259,259.817326,0.297646,0.15228,0.101323,0.082495,1.571813,61.200329,60.47053,1.375614,0.015899,0.297646,3,10,8,5,3,10,8,5,3,10,8,5,3,10,8,5,0.04836,0.09496,0.34181,0.36631,1,1,23:12:2024,21:35:28,624,-9.908354,-56.064393,288.0,lev20,Almucantar,Alta_Floresta_IF,259,259.817326,1.50485,1.50415,1.506,1.50265,0.012257,0.012527,0.012961,0.0134085,61.200329,60.47053,1.375614,0.015899,0.297646,3,10,8,5,3,10,8,5,3,10,8,5,3,10,8,5,0.04836,0.09496,0.34181,0.36631,1,1,23:12:2024,21:35:28,624,-9.908354,-56.064393,288.0,lev20,Almucantar,Alta_Floresta_IF,259,259.817326,0.9217,0.8989,0.8772500000000001,0.85805,61.200329,60.47053,1.375614,0.015899,0.297646,3,10,8,5,3,10,8,5,3,10,8,5,3,10,8,5,0.04836,0.09496,0.34181,0.36631,1,1,23:12:2024,21:35:28,624,-9.908354,-56.064393,288.0,lev20,Almucantar,Alta_Floresta_IF,259,259.817326,0.043364,0.0272645,0.021113,0.0182895,1.0952994999999999,61.200329,60.47053,1.375614,0.015899,0.297646,3,10,8,5,3,10,8,5,3,10,8,5,3,10,8,5,0.04836,0.09496,0.34181,0.36631,1,1,23:12:2024,21:35:28,624,-9.908354,-56.064393,288.0,lev20,Almucantar,1.5809269872167289,0.24412471612549727,0.8212303441329077,BCL,Urban,,Unknown
19:09:2023,11:01:18,Alta_Floresta_IF,262,262.459236,0.5812,0.2982,0.1939,0.1514,0.5371,0.2516,0.1439,0.0994,0.0441,0.0466,0.05,0.0521,1.597493,69.035909,69.770159,0.851114,0.03778,0.579554,4,10,7,6,4,10,7,6,4,10,7,6,4,5,7,6,0.05141,0.10158,0.37257,0.40114,1,1,23:12:2024,21:27:08,624,-9.908354,-56.064393,288.0,lev20,Almucantar,Alta_Floresta_IF,262,262.459236,0.579554,0.297726,0.193483,0.151786,1.5963,69.035909,69.770159,0.851114,0.03778,0.579554,4,10,7,6,4,10,7,6,4,10,7,6,4,5,7,6,0.05141,0.10158,0.37257,0.40114,1,1,23:12:2024,21:27:08,624,-9.908354,-56.064393,288.0,lev20,Almucantar,Alta_Floresta_IF,262,262.459236,1.5167,1.5044,1.4985,1.4932,0.015525,0.01546,0.015373,0.016094,69.035909,69.770159,0.851114,0.03778,0.579554,4,10,7,6,4,10,7,6,4,10,7,6,4,5,7,6,0.05141,0.10158,0.37257,0.40114,1,1,23:12:2024,21:27:08,624,-9.908354,-56.064393,288.0,lev20,Almucantar,Alta_Floresta_IF,262,262.459236,0.9032,0.8784,0.8568,0.8378,69.035909,69.770159,0.851114,0.03778,0.579554,4,10,7,6,4,10,7,6,4,10,7,6,4,5,7,6,0.05141,0.10158,0.37257,0.40114,1,1,23:12:2024,21:27:08,624,-9.908354,-56.064393,288.0,lev20,Almucantar,Alta_Floresta_IF,262,262.459236,0.056287,0.03627,0.027764,0.024571,1.030836,69.035909,69.770159,0.851114,0.03778,0.579554,4,10,7,6,4,10,7,6,4,10,7,6,4,5,7,6,0.05141,0.10158,0.37257,0.40114,1,1,23:12:2024,21:27:08,624,-9.908354,-56.064393,288.0,lev20,Almucantar,1.610272266377102,0.4730723794301354,0.892064333884628,BCL,Arid,,Unknown
19:09:2023,11:44:04,Alta_Floresta_IF,262,262.488935,0.5863,0.3052,0.1987,0.155,0.5432,0.2595,0.1497,0.1039,0.0432,0.0457,0.049,0.0511,1.573433,58.585417,59.317003,0.775102,0.024982,0.585335,4,10,7,5,4,10,7,5,4,10,7,5,3,11,7,5,0.04721,0.09306,0.33524,0.363,1,1,23:12:2024,21:29:11,624,-9.908354,-56.064393,288.0,lev20,Almucantar,Alta_Floresta_IF,262,262.488935,0.585335,0.305021,0.198356,0.155448,1.573287,58.585417,59.317003,0.775102,0.024982,0.585335,4,10,7,5,4,10,7,5,4,10,7,5,3,11,7,5,0.04721,0.09306,0.33524,0.363,1,1,23:12:2024,21:29:11,624,-9.908354,-56.064393,288.0,lev20,Almucantar,Alta_Floresta_IF,262,262.488935,1.5045,1.5039,1.5021,1.4985,0.016198,0.017528,0.017636,0.018564,58.585417,59.317003,0.775102,0.024982,0.585335,4,10,7,5,4,10,7,5,4,10,7,5,3,11,7,5,0.04721,0.09306,0.33524,0.363,1,1,23:12:2024,21:29:11,624,-9.908354,-56.064393,288.0,lev20,Almucantar,Alta_Floresta_IF,262,262.488935,0.8999,0.8689,0.8448,0.825,58.585417,59.317003,0.775102,0.024982,0.585335,4,10,7,5,4,10,7,5,4,10,7,5,3,11,7,5,0.04721,0.09306,0.33524,0.363,1,1,23:12:2024,21:29:11,624,-9.908354,-56.064393,288.0,lev20,Almucantar,Alta_Floresta_IF,262,262.488935,0.0587,0.04,0.030838,0.027113,0.934853,58.585417,59.317003,0.775102,0.024982,0.585335,4,10,7,5,4,10,7,5,4,10,7,5,3,11,7,5,0.04721,0.09306,0.33524,0.363,1,1,23:12:2024,21:29:11,624,-9.908354,-56.064393,288.0,lev20,Almucantar,1.5872174198575706,0.47863210288268954,0.8963139891029084,BCM,Arid,,Unknown
19:09:2023,12:08:54,Alta_Floresta_IF,262,262.506181,0.5184,0.2708,0.1772,0.1393,0.4705,0.2183,0.1216,0.0822,0.0479,0.0525,0.0556,0.0571,1.561379,52.542735,53.271288,1.794017,0.027121,0.517473,3,10,8,4,3,10,8,4,3,10,7,4,4,10,7,4,0.04558,0.08978,0.32077,0.34831,1,1,23:12:2024,21:31:12,624,-9.908354,-56.064393,288.0,lev20,Almucantar,Alta_Floresta_IF,262,262.506181,0.517473,0.2707,0.176596,0.139607,1.563163,52.542735,53.271288,1.794017,0.027121,0.517473,3,10,8,4,3,10,8,4,3,10,7,4,4,10,7,4,0.04558,0.08978,0.32077,0.34831,1,1,23:12:2024,21:31:12,624,-9.908354,-56.064393,288.0,lev20,Almucantar,Alta_Floresta_IF,262,262.506181,1.5002,1.522,1.5325,1.5368,0.014383,0.012848,0.012252,0.012639,52.542735,53.271288,1.794017,0.027121,0.517473,3,10,8,4,3,10,8,4,3,10,7,4,4,10,7,4,0.04558,0.08978,0.32077,0.34831,1,1,23:12:2024,21:31:12,624,-9.908354,-56.064393,288.0,lev20,Almucantar,Alta_Floresta_IF,262,262.506181,0.908,0.8955,0.8817,0.8689,52.542735,53.271288,1.794017,0.027121,0.517473,3,10,8,4,3,10,8,4,3,10,7,4,4,10,7,4,0.04558,0.08978,0.32077,0.34831,1,1,23:12:2024,21:31:12,624,-9.908354,-56.064393,288.0,lev20,Almucantar,Alta_Floresta_IF,262,262.506181,0.047667,0.028296,0.02096,0.01826,1.200994,52.542735,53.271288,1.794017,0.027121,0.517473,3,10,8,4,3,10,8,4,3,10,7,4,4,10,7,4,0.04558,0.08978,0.32077,0.34831,1,1,23:12:2024,21:31:12,624,-9.908354,-56.064393,288.0,lev20,Almucantar,1.5746501391733336,0.4238816584305198,0.865902752874489,BCL,Unclassified,,Unknown
19:09:2023,19:12:38,Alta_Floresta_IF,262,262.80044,0.5558,0.2961,0.1885,0.1435,0.5219,0.2606,0.1511,0.1048,0.0339,0.0355,0.0374,0.0387,1.566883,55.285941,54.556315,0.979992,0.009295,0.554855,4,10,8,4,4,10,8,4,4,10,8,4,4,10,8,4,0.04647,0.09126,0.32604,0.3511,1,1,23:12:2024,21:38:17,624,-9.908354,-56.064393,288.0,lev20,Almucantar,Alta_Floresta_IF,262,262.80044,0.554855,0.295269,0.188567,0.143218,1.564458,55.285941,54.556315,0.979992,0.009295,0.554855,4,10,8,4,4,10,8,4,4,10,8,4,4,10,8,4,0.04647,0.09126,0.32604,0.3511,1,1,23:12:2024,21:38:17,624,-9.908354,-56.064393,288.0,lev20,Almucantar,Alta_Floresta_IF,262,262.80044,1.5408,1.5513,1.5534,1.5486,0.024975,0.024547,0.022943,0.024913,55.285941,54.556315,0.979992,0.009295,0.554855,4,10,8,4,4,10,8,4,4,10,8,4,4,10,8,4,0.04647,0.09126,0.32604,0.3511,1,1,23:12:2024,21:38:17,624,-9.908354,-56.064393,288.0,lev20,Almucantar,Alta_Floresta_IF,262,262.80044,0.8711,0.8463,0.8276,0.794,55.285941,54.556315,0.979992,0.009295,0.554855,4,10,8,4,4,10,8,4,4,10,8,4,4,10,8,4,0.04647,0.09126,0.32604,0.3511,1,1,23:12:2024,21:38:17,624,-9.908354,-56.064393,288.0,lev20,Almucantar,Alta_Floresta_IF,262,262.80044,0.071648,0.045504,0.032496,0.029572,1.144129,55.285941,54.556315,0.979992,0.009295,0.554855,4,10,8,4,4,10,8,4,4,10,8,4,4,10,8,4,0.04647,0.09126,0.32604,0.3511,1,1,23:12:2024,21:38:17,624,-9.908354,-56.064393,288.0,lev20,Almucantar,1.5861540131753518,0.4537947948188406,0.9164456820949903,BCM,Arid,,Unknown
19:09:2023,19:37:00,Alta_Floresta_IF,262,262.817361,0.5787,0.307,0.1964,0.1482,0.5361,0.2605,0.1471,0.0977,0.0426,0.0466,0.0493,0.0505,1.567016,61.22463,60.492423,1.314588,0.006549,0.577628,3,10,8,5,3,10,8,5,3,10,8,5,3,10,8,5,0.0484,0.09504,0.34204,0.36637,1,1,23:12:2024,21:40:25,624,-9.908354,-56.064393,288.0,lev20,Almucantar,Alta_Floresta_IF,262,262.817361,0.577628,0.306073,0.196334,0.148477,1.565312,61.22463,60.492423,1.314588,0.006549,0.577628,3,10,8,5,3,10,8,5,3,10,8,5,3,10,8,5,0.0484,0.09504,0.34204,0.36637,1,1,23:12:2024,21:40:25,624,-9.908354,-56.064393,288.0,lev20,Almucantar,Alta_Floresta_IF,262,262.817361,1.5232,1.5434,1.5496,1.5444,0.024131,0.024705,0.024028,0.023579,61.22463,60.492423,1.314588,0.006549,0.577628,3,10,8,5,3,10,8,5,3,10,8,5,3,10,8,5,0.0484,0.09504,0.34204,0.36637,1,1,23:12:2024,21:40:25,624,-9.908354,-56.064393,288.0,lev20,Almucantar,Alta_Floresta_IF,262,262.817361,0.8726,0.8409,0.8157,0.7979,61.22463,60.492423,1.314588,0.006549,0.577628,3,10,8,5,3,10,8,5,3,10,8,5,3,10,8,5,0.0484,0.09504,0.34204,0.36637,1,1,23:12:2024,21:40:25,624,-9.908354,-56.064393,288.0,lev20,Almucantar,Alta_Floresta_IF,262,262.817361,0.073709,0.048862,0.036196,0.029959,1.029802,61.22463,60.492423,1.314588,0.006549,0.577628,3,10,8,5,3,10,8,5,3,10,8,5,3,10,8,5,0.0484,0.09504,0.34204,0.36637,1,1,23:12:2024,21:40:25,624,-9.908354,-56.064393,288.0,lev20,Almucantar,1.5851569773370566,0.4725522145414474,0.8966392116497653,BCM,Arid,,Unknown
19:09:2023,20:20:02,Alta_Floresta_IF,262,262.847245,0.5901,0.3121,0.199,0.1513,0.5484,0.2666,0.1508,0.1019,0.0417,0.0455,0.0482,0.0494,1.576064,71.747531,71.01315,0.730212,0.002812,0.589032,4,10,7,6,4,10,7,6,4,10,7,6,4,10,7,6,0.05354,0.10518,0.38433,0.40722,1,1,23:12:2024,21:42:57,624,-9.908354,-56.064393,288.0,lev20,Almucantar,Alta_Floresta_IF,262,262.847245,0.589032,0.311053,0.19901,0.151059,1.574003,71.747531,71.01315,0.730212,0.002812,0.589032,4,10,7,6,4,10,7,6,4,10,7,6,4,10,7,6,0.05354,0.10518,0.38433,0.40722,1,1,23:12:2024,21:42:57,624,-9.908354,-56.064393,288.0,lev20,Almucantar,Alta_Floresta_IF,262,262.847245,1.5528,1.5519,1.5521,1.5472,0.024734,0.025277,0.024894,0.02587,71.747531,71.01315,0.730212,0.002812,0.589032,4,10,7,6,4,10,7,6,4,10,7,6,4,10,7,6,0.05354,0.10518,0.38433,0.40722,1,1,23:12:2024,21:42:57,624,-9.908354,-56.064393,288.0,lev20,Almucantar,Alta_Floresta_IF,262,262.847245,0.8748,0.8441,0.8167,0.7887,71.747531,71.01315,0.730212,0.002812,0.589032,4,10,7,6,4,10,7,6,4,10,7,6,4,10,7,6,0.05354,0.10518,0.38433,0.40722,1,1,23:12:2024,21:42:57,624,-9.908354,-56.064393,288.0,lev20,Almucantar,Alta_Floresta_IF,262,262.847245,0.073886,0.048665,0.036491,0.031958,1.023879,71.747531,71.01315,0.730212,0.002812,0.589032,4,10,7,6,4,10,7,6,4,10,7,6,4,10,7,6,0.05354,0.10518,0.38433,0.40722,1,1,23:12:2024,21:42:57,624,-9.908354,-56.064393,288.0,lev20,Almucantar,1.5944810265179463,0.48128717464525655,0.9000153226577747,BCM,Arid,,Unknown
19:09:2023,20:43:42,Alta_Floresta_IF,262,262.863681,0.5945,0.3141,0.2008,0.1528,0.5512,0.2664,0.1505,0.1015,0.0433,0.0477,0.0504,0.0513,1.574255,77.538525,76.805059,0.972039,0.004062,0.59322,4,10,7,6,4,10,7,6,4,10,7,6,4,10,7,6,0.0582,0.11437,0.42181,0.44203,1,1,23:12:2024,21:45:46,624,-9.908354,-56.064393,288.0,lev20,Almucantar,Alta_Floresta_IF,262,262.863681,0.59322,0.312957,0.20072,0.152948,1.572321,77.538525,76.805059,0.972039,0.004062,0.59322,4,10,7,6,4,10,7,6,4,10,7,6,4,10,7,6,0.0582,0.11437,0.42181,0.44203,1,1,23:12:2024,21:45:46,624,-9.908354,-56.064393,288.0,lev20,Almucantar,Alta_Floresta_IF,262,262.863681,1.5158,1.5254,1.5272,1.5236,0.022785,0.023938,0.024152,0.024612,77.538525,76.805059,0.972039,0.004062,0.59322,4,10,7,6,4,10,7,6,4,10,7,6,4,10,7,6,0.0582,0.11437,0.42181,0.44203,1,1,23:12:2024,21:45:46,624,-9.908354,-56.064393,288.0,lev20,Almucantar,Alta_Floresta_IF,262,262.863681,0.8789,0.8445,0.8129,0.7885,77.538525,76.805059,0.972039,0.004062,0.59322,4,10,7,6,4,10,7,6,4,10,7,6,4,10,7,6,0.0582,0.11437,0.42181,0.44203,1,1,23:12:2024,21:45:46,624,-9.908354,-56.064393,288.0,lev20,Almucantar,Alta_Floresta_IF,262,262.863681,0.072001,0.048855,0.037577,0.032309,0.944513,77.538525,76.805059,0.972039,0.004062,0.59322,4,10,7,6,4,10,7,6,4,10,7,6,4,10,7,6,0.0582,0.11437,0.42181,0.44203,1,1,23:12:2024,21:45:46,624,-9.908354,-56.064393,288.0,lev20,Almucantar,1.592169425672947,0.48501912853209966,0.8958684911485498,BCM,Arid,,Unknown
20:09:2023,10:40:04,Alta_Floresta_IF,263,263.444491,0.6856,0.3643,0.231,0.1746,0.6482,0.3249,0.1894,0.1316,0.0374,0.0394,0.0417,0.0431,1.576103,74.075127,74.809852,1.664089,0.006411,0.684637,4,10,7,6,4,10,7,6,4,10,7,5,4,10,7,5,0.05412,0.10725,0.39739,0.42866,1,1,23:12:2024,21:43:28,624,-9.908354,-56.064393,288.0,lev20,Almucantar,Alta_Floresta_IF,263,263.444491,0.684637,0.364103,0.23093,0.174239,1.574453,74.075127,74.809852,1.664089,0.006411,0.684637,4,10,7,6,4,10,7,6,4,10,7,5,4,10,7,5,0.05412,0.10725,0.39739,0.42866,1,1,23:12:2024,21:43:28,624,-9.908354,-56.064393,288.0,lev20,Almucantar,Alta_Floresta_IF,263,263.444491,1.4935,1.5219,1.5299,1.5311,0.023833,0.022089,0.021422,0.021581,74.075127,74.809852,1.664089,0.006411,0.684637,4,10,7,6,4,10,7,6,4,10,7,5,4,10,7,5,0.05412,0.10725,0.39739,0.42866,1,1,23:12:2024,21:43:28,624,-9.908354,-56.064393,288.0,lev20,Almucantar,Alta_Floresta_IF,263,263.444491,0.8704,0.8535,0.83,0.8098,74.075127,74.809852,1.664089,0.006411,0.684637,4,10,7,6,4,10,7,6,4,10,7,5,4,10,7,5,0.05412,0.10725,0.39739,0.42866,1,1,23:12:2024,21:43:28,624,-9.908354,-56.064393,288.0,lev20,Almucantar,Alta_Floresta_IF,263,263.444491,0.088849,0.053364,0.039285,0.033218,1.190928,74.075127,74.809852,1.664089,0.006411,0.684637,4,10,7,6,4,10,7,6,4,10,7,5,4,10,7,5,0.05412,0.10725,0.39739,0.42866,1,1,23:12:2024,21:43:28,624,-9.908354,-56.064393,288.0,lev20,Almucantar,1.5957857695211966,0.5590839787301644,0.9250009880486353,BCM,Arid,,Unknown
20:09:2023,11:14:00,Alta_Floresta_IF,263,263.468056,0.7186,0.3837,0.2448,0.186,0.6743,0.3369,0.1955,0.1351,0.0443,0.0468,0.0493,0.0509,1.560516,65.764619,66.498939,2.281447,0.013681,0.717666,3,10,8,5,3,10,7,6,3,10,7,6,4,10,7,6,0.04979,0.09832,0.35818,0.38697,1,1,23:12:2024,21:45:42,624,-9.908354,-56.064393,288.0,lev20,Almucantar,Alta_Floresta_IF,263,263.468056,0.717666,0.383665,0.24458,0.186223,1.5597,65.764619,66.498939,2.281447,0.013681,0.717666,3,10,8,5,3,10,7,6,3,10,7,6,4,10,7,6,0.04979,0.09832,0.35818,0.38697,1,1,23:12:2024,21:45:42,624,-9.908354,-56.064393,288.0,lev20,Almucantar,Alta_Floresta_IF,263,263.468056,1.4599,1.5005,1.5127,1.5141,0.022317,0.020243,0.019709,0.020384,65.764619,66.498939,2.281447,0.013681,0.717666,3,10,8,5,3,10,7,6,3,10,7,6,4,10,7,6,0.04979,0.09832,0.35818,0.38697,1,1,23:12:2024,21:45:42,624,-9.908354,-56.064393,288.0,lev20,Almucantar,Alta_Floresta_IF,263,263.468056,0.8685,0.8529,0.8285,0.8048,65.764619,66.498939,2.281447,0.013681,0.717666,3,10,8,5,3,10,7,6,3,10,7,6,4,10,7,6,0.04979,0.09832,0.35818,0.38697,1,1,23:12:2024,21:45:42,624,-9.908354,-56.064393,288.0,lev20,Almucantar,Alta_Floresta_IF,263,263.468056,0.094474,0.056453,0.041973,0.036302,1.18589,65.764619,66.498939,2.281447,0.013681,0.717666,3,10,8,5,3,10,7,6,3,10,7,6,4,10,7,6,0.04979,0.09832,0.35818,0.38697,1,1,23:12:2024,21:45:42,624,-9.908354,-56.064393,288.0,lev20,Almucantar,1.5796305192718372,0.5872058146949828,0.9151879956819651,BCM,Arid,,Unknown
20:09:2023,19:12:20,Alta_Floresta_IF,263,263.800231,0.6468,0.3436,0.2188,0.1672,0.6064,0.3014,0.175,0.1224,0.0404,0.0422,0.0439,0.0448,1.570932,55.212947,54.482428,1.557182,0.01582,0.645179,4,10,8,4,4,9,7,4,4,10,6,4,4,10,6,4,0.04644,0.09122,0.32584,0.35094,1,1,23:12:2024,21:28:59,624,-9.908354,-56.064393,288.0,lev20,Almucantar,Alta_Floresta_IF,263,263.800231,0.645179,0.342461,0.218472,0.167407,1.569811,55.212947,54.482428,1.557182,0.01582,0.645179,4,10,8,4,4,9,7,4,4,10,6,4,4,10,6,4,0.04644,0.09122,0.32584,0.35094,1,1,23:12:2024,21:28:59,624,-9.908354,-56.064393,288.0,lev20,Almucantar,Alta_Floresta_IF,263,263.800231,1.5052,1.5227,1.5329,1.5397,0.017796,0.014651,0.013624,0.014241,55.212947,54.482428,1.557182,0.01582,0.645179,4,10,8,4,4,9,7,4,4,10,6,4,4,10,6,4,0.04644,0.09122,0.32584,0.35094,1,1,23:12:2024,21:28:59,624,-9.908354,-56.064393,288.0,lev20,Almucantar,Alta_Floresta_IF,263,263.800231,0.8985,0.8918,0.8776,0.8583,55.212947,54.482428,1.557182,0.01582,0.645179,4,10,8,4,4,9,7,4,4,10,6,4,4,10,6,4,0.04644,0.09122,0.32584,0.35094,1,1,23:12:2024,21:28:59,624,-9.908354,-56.064393,288.0,lev20,Almucantar,Alta_Floresta_IF,263,263.800231,0.065664,0.03719,0.026796,0.023691,1.31005,55.212947,54.482428,1.557182,0.01582,0.645179,4,10,8,4,4,9,7,4,4,10,6,4,4,10,6,4,0.04644,0.09122,0.32584,0.35094,1,1,23:12:2024,21:28:59,624,-9.908354,-56.064393,288.0,lev20,Almucantar,1.5899217659828488,0.5278393984950676,0.913564105079096,BCM,Arid,,Unknown
20:09:2023,19:36:59,Alta_Floresta_IF,263,263.81735,0.694,0.3665,0.2327,0.1766,0.6534,0.3241,0.1883,0.1309,0.0406,0.0424,0.0444,0.0457,1.583931,61.227143,60.494227,1.812899,0.019116,0.692627,3,10,8,5,3,10,8,4,3,10,8,3,3,9,8,4,0.04838,0.09502,0.34201,0.36637,1,1,23:12:2024,21:31:14,624,-9.908354,-56.064393,288.0,lev20,Almucantar,Alta_Floresta_IF,263,263.81735,0.692627,0.365275,0.232387,0.176983,1.58343,61.227143,60.494227,1.812899,0.019116,0.692627,3,10,8,5,3,10,8,4,3,10,8,3,3,9,8,4,0.04838,0.09502,0.34201,0.36637,1,1,23:12:2024,21:31:14,624,-9.908354,-56.064393,288.0,lev20,Almucantar,Alta_Floresta_IF,263,263.81735,1.5293,1.538,1.5402,1.539,0.017823,0.019562,0.021248,0.023108,61.227143,60.494227,1.812899,0.019116,0.692627,3,10,8,5,3,10,8,4,3,10,8,3,3,9,8,4,0.04838,0.09502,0.34201,0.36637,1,1,23:12:2024,21:31:14,624,-9.908354,-56.064393,288.0,lev20,Almucantar,Alta_Floresta_IF,263,263.81735,0.9011,0.8707,0.8343,0.8017,61.227143,60.494227,1.812899,0.019116,0.692627,3,10,8,5,3,10,8,4,3,10,8,3,3,9,8,4,0.04838,0.09502,0.34201,0.36637,1,1,23:12:2024,21:31:14,624,-9.908354,-56.064393,288.0,lev20,Almucantar,Alta_Floresta_IF,263,263.81735,0.068607,0.047375,0.038568,0.035035,0.843056,61.227143,60.494227,1.812899,0.019116,0.692627,3,10,8,5,3,10,8,4,3,10,8,3,3,9,8,4,0.04838,0.09502,0.34201,0.36637,1,1,23:12:2024,21:31:14,624,-9.908354,-56.064393,288.0,lev20,Almucantar,1.602893151153449,0.5654199474180671,0.9193489715650466,BCL,Arid,,Unknown
21:09:2023,10:39:40,Alta_Floresta_IF,264,264.444213,0.6908,0.3623,0.2288,0.1715,0.6561,0.3253,0.1897,0.1312,0.0348,0.0369,0.0391,0.0403,1.601665,74.015099,74.750176,0.989271,0.004314,0.689921,4,10,7,6,4,10,7,6,4,10,7,6,4,10,7,6,0.05449,0.10789,0.39888,0.42828,1,1,23:12:2024,21:40:09,624,-9.908354,-56.064393,288.0,lev20,Almucantar,Alta_Floresta_IF,264,264.444213,0.689921,0.36205,0.228675,0.171814,1.600574,74.015099,74.750176,0.989271,0.004314,0.689921,4,10,7,6,4,10,7,6,4,10,7,6,4,10,7,6,0.05449,0.10789,0.39888,0.42828,1,1,23:12:2024,21:40:09,624,-9.908354,-56.064393,288.0,lev20,Almucantar,Alta_Floresta_IF,264,264.444213,1.4799,1.4878,1.4891,1.4867,0.016646,0.017774,0.018891,0.019652,74.015099,74.750176,0.989271,0.004314,0.689921,4,10,7,6,4,10,7,6,4,10,7,6,4,10,7,6,0.05449,0.10789,0.39888,0.42828,1,1,23:12:2024,21:40:09,624,-9.908354,-56.064393,288.0,lev20,Almucantar,Alta_Floresta_IF,264,264.444213,0.9026,0.876,0.8448,0.8208,74.015099,74.750176,0.989271,0.004314,0.689921,4,10,7,6,4,10,7,6,4,10,7,6,4,10,7,6,0.05449,0.10789,0.39888,0.42828,1,1,23:12:2024,21:40:09,624,-9.908354,-56.064393,288.0,lev20,Almucantar,Alta_Floresta_IF,264,264.444213,0.067261,0.044924,0.035524,0.030741,0.932744,74.015099,74.750176,0.989271,0.004314,0.689921,4,10,7,6,4,10,7,6,4,10,7,6,4,10,7,6,0.05449,0.10789,0.39888,0.42828,1,1,23:12:2024,21:40:09,624,-9.908354,-56.064393,288.0,lev20,Almucantar,1.6209067401102921,0.5615183044137243,0.9299634044725682,BCL,Arid,,Unknown
21:09:2023,11:00:16,Alta_Floresta_IF,264,264.458519,0.6919,0.3619,0.2283,0.1714,0.6561,0.3241,0.1881,0.1298,0.0358,0.0377,0.0402,0.0416,1.607261,68.966316,69.701494,0.765368,0.007755,0.69095,4,10,7,6,4,10,7,6,4,10,7,6,4,10,7,6,0.05135,0.10148,0.37165,0.40082,1,1,23:12:2024,21:42:29,624,-9.908354,-56.064393,288.0,lev20,Almucantar,Alta_Floresta_IF,264,264.458519,0.69095,0.361632,0.228067,0.171482,1.606649,68.966316,69.701494,0.765368,0.007755,0.69095,4,10,7,6,4,10,7,6,4,10,7,6,4,10,7,6,0.05135,0.10148,0.37165,0.40082,1,1,23:12:2024,21:42:29,624,-9.908354,-56.064393,288.0,lev20,Almucantar,Alta_Floresta_IF,264,264.458519,1.5266,1.5102,1.5052,1.4987,0.020082,0.019803,0.019734,0.021125,68.966316,69.701494,0.765368,0.007755,0.69095,4,10,7,6,4,10,7,6,4,10,7,6,4,10,7,6,0.05135,0.10148,0.37165,0.40082,1,1,23:12:2024,21:42:29,624,-9.908354,-56.064393,288.0,lev20,Almucantar,Alta_Floresta_IF,264,264.458519,0.8939,0.8725,0.8471,0.8191,68.966316,69.701494,0.765368,0.007755,0.69095,4,10,7,6,4,10,7,6,4,10,7,6,4,10,7,6,0.05135,0.10148,0.37165,0.40082,1,1,23:12:2024,21:42:29,624,-9.908354,-56.064393,288.0,lev20,Almucantar,Alta_Floresta_IF,264,264.458519,0.073428,0.046151,0.034909,0.030997,1.085053,68.966316,69.701494,0.765368,0.007755,0.69095,4,10,7,6,4,10,7,6,4,10,7,6,4,10,7,6,0.05135,0.10148,0.37165,0.40082,1,1,23:12:2024,21:42:29,624,-9.908354,-56.064393,288.0,lev20,Almucantar,1.6264497850573516,0.5620140653475698,0.9283784217993064,BCM,Arid,,Unknown
21:09:2023,11:42:46,Alta_Floresta_IF,264,264.488032,0.7352,0.3822,0.2409,0.1808,0.6978,0.343,0.1994,0.1377,0.0375,0.0392,0.0415,0.0431,1.617874,58.563757,59.296851,0.987371,0.02021,0.734134,4,10,7,5,4,10,7,5,4,10,7,5,3,11,7,5,0.04718,0.09302,0.33513,0.36294,1,1,23:12:2024,21:44:54,624,-9.908354,-56.064393,288.0,lev20,Almucantar,Alta_Floresta_IF,264,264.488032,0.734134,0.381953,0.240445,0.180908,1.618255,58.563757,59.296851,0.987371,0.02021,0.734134,4,10,7,5,4,10,7,5,4,10,7,5,3,11,7,5,0.04718,0.09302,0.33513,0.36294,1,1,23:12:2024,21:44:54,624,-9.908354,-56.064393,288.0,lev20,Almucantar,Alta_Floresta_IF,264,264.488032,1.5179,1.5243,1.5288,1.5279,0.017541,0.017492,0.018228,0.01942,58.563757,59.296851,0.987371,0.02021,0.734134,4,10,7,5,4,10,7,5,4,10,7,5,3,11,7,5,0.04718,0.09302,0.33513,0.36294,1,1,23:12:2024,21:44:54,624,-9.908354,-56.064393,288.0,lev20,Almucantar,Alta_Floresta_IF,264,264.488032,0.904,0.8827,0.8551,0.8303,58.563757,59.296851,0.987371,0.02021,0.734134,4,10,7,5,4,10,7,5,4,10,7,5,3,11,7,5,0.04718,0.09302,0.33513,0.36294,1,1,23:12:2024,21:44:54,624,-9.908354,-56.064393,288.0,lev20,Almucantar,Alta_Floresta_IF,264,264.488032,0.070553,0.04484,0.034892,0.030679,1.030749,58.563757,59.296851,0.987371,0.02021,0.734134,4,10,7,5,4,10,7,5,4,10,7,5,3,11,7,5,0.04718,0.09302,0.33513,0.36294,1,1,23:12:2024,21:44:54,624,-9.908354,-56.064393,288.0,lev20,Almucantar,1.6366882905517945,0.5964045361515032,0.9297747550504821,BCL,Arid,,Unknown
21:09:2023,12:07:30,Alta_Floresta_IF,264,264.505208,0.7737,0.4006,0.2505,0.1883,0.7375,0.3624,0.2105,0.1473,0.0362,0.0382,0.04,0.041,1.634498,52.530835,53.261382,0.922108,0.017107,0.772637,3,10,8,4,3,10,8,4,3,10,8,4,4,10,8,4,0.04557,0.08977,0.32074,0.34829,1,1,23:12:2024,21:27:07,624,-9.908354,-56.064393,288.0,lev20,Almucantar,Alta_Floresta_IF,264,264.505208,0.772637,0.400431,0.250151,0.188248,1.634292,52.530835,53.261382,0.922108,0.017107,0.772637,3,10,8,4,3,10,8,4,3,10,8,4,4,10,8,4,0.04557,0.08977,0.32074,0.34829,1,1,23:12:2024,21:27:07,624,-9.908354,-56.064393,288.0,lev20,Almucantar,Alta_Floresta_IF,264,264.505208,1.4992,1.4985,1.4998,1.4992,0.017343,0.016188,0.015004,0.016842,52.530835,53.261382,0.922108,0.017107,0.772637,3,10,8,4,3,10,8,4,3,10,8,4,4,10,8,4,0.04557,0.08977,0.32074,0.34829,1,1,23:12:2024,21:27:07,624,-9.908354,-56.064393,288.0,lev20,Almucantar,Alta_Floresta_IF,264,264.505208,0.902,0.8855,0.8709,0.8412,52.530835,53.261382,0.922108,0.017107,0.772637,3,10,8,4,3,10,8,4,3,10,8,4,4,10,8,4,0.04557,0.08977,0.32074,0.34829,1,1,23:12:2024,21:27:07,624,-9.908354,-56.064393,288.0,lev20,Almucantar,Alta_Floresta_IF,264,264.505208,0.075823,0.045857,0.032357,0.029899,1.235659,52.530835,53.261382,0.922108,0.017107,0.772637,3,10,8,4,3,10,8,4,3,10,8,4,4,10,8,4,0.04557,0.08977,0.32074,0.34829,1,1,23:12:2024,21:27:07,624,-9.908354,-56.064393,288.0,lev20,Almucantar,1.6542389656144862,0.6262297128964828,0.9342379086014031,BCL,Arid,,Unknown
22:09:2023,10:38:54,Alta_Floresta_IF,265,265.443681,0.6567,0.3546,0.2247,0.1681,0.6313,0.3284,0.1973,0.1398,0.0253,0.0262,0.0274,0.0284,1.552046,74.045959,74.781335,0.987443,0.004946,0.65614,4,10,7,6,4,10,7,6,4,10,7,6,4,10,7,6,0.05344,0.10631,0.39985,0.43029,1,1,23:12:2024,21:34:55,624,-9.908354,-56.064393,288.0,lev20,Almucantar,Alta_Floresta_IF,265,265.443681,0.65614,0.354446,0.224635,0.168369,1.55121,74.045959,74.781335,0.987443,0.004946,0.65614,4,10,7,6,4,10,7,6,4,10,7,6,4,10,7,6,0.05344,0.10631,0.39985,0.43029,1,1,23:12:2024,21:34:55,624,-9.908354,-56.064393,288.0,lev20,Almucantar,Alta_Floresta_IF,265,265.443681,1.4681,1.4712,1.4689,1.4649,0.016707,0.018422,0.019268,0.020159,74.045959,74.781335,0.987443,0.004946,0.65614,4,10,7,6,4,10,7,6,4,10,7,6,4,10,7,6,0.05344,0.10631,0.39985,0.43029,1,1,23:12:2024,21:34:55,624,-9.908354,-56.064393,288.0,lev20,Almucantar,Alta_Floresta_IF,265,265.443681,0.903,0.8773,0.8491,0.825,74.045959,74.781335,0.987443,0.004946,0.65614,4,10,7,6,4,10,7,6,4,10,7,6,4,10,7,6,0.05344,0.10631,0.39985,0.43029,1,1,23:12:2024,21:34:55,624,-9.908354,-56.064393,288.0,lev20,Almucantar,Alta_Floresta_IF,265,265.443681,0.063694,0.043505,0.033912,0.029413,0.916794,74.045959,74.781335,0.987443,0.004946,0.65614,4,10,7,6,4,10,7,6,4,10,7,6,4,10,7,6,0.05344,0.10631,0.39985,0.43029,1,1,23:12:2024,21:34:55,624,-9.908354,-56.064393,288.0,lev20,Almucantar,1.5731730003191178,0.5370672312860226,0.9480744676567698,BCL,Arid,,Unknown
22:09:2023,11:00:00,Alta_Floresta_IF,265,265.458333,0.6231,0.3355,0.2123,0.1592,0.593,0.3034,0.178,0.1237,0.0301,0.0321,0.0343,0.0355,1.558289,68.872095,69.607678,0.848639,0.011497,0.622695,4,10,7,6,4,10,7,6,4,10,7,6,4,10,7,6,0.05059,0.10031,0.37398,0.40199,1,1,23:12:2024,21:36:51,624,-9.908354,-56.064393,288.0,lev20,Almucantar,Alta_Floresta_IF,265,265.458333,0.622695,0.335286,0.212118,0.159273,1.558555,68.872095,69.607678,0.848639,0.011497,0.622695,4,10,7,6,4,10,7,6,4,10,7,6,4,10,7,6,0.05059,0.10031,0.37398,0.40199,1,1,23:12:2024,21:36:51,624,-9.908354,-56.064393,288.0,lev20,Almucantar,Alta_Floresta_IF,265,265.458333,1.4628,1.4812,1.4826,1.4805,0.017725,0.020588,0.021505,0.022055,68.872095,69.607678,0.848639,0.011497,0.622695,4,10,7,6,4,10,7,6,4,10,7,6,4,10,7,6,0.05059,0.10031,0.37398,0.40199,1,1,23:12:2024,21:36:51,624,-9.908354,-56.064393,288.0,lev20,Almucantar,Alta_Floresta_IF,265,265.458333,0.8972,0.863,0.8309,0.8073,68.872095,69.607678,0.848639,0.011497,0.622695,4,10,7,6,4,10,7,6,4,10,7,6,4,10,7,6,0.05059,0.10031,0.37398,0.40199,1,1,23:12:2024,21:36:51,624,-9.908354,-56.064393,288.0,lev20,Almucantar,Alta_Floresta_IF,265,265.458333,0.064049,0.045965,0.035888,0.030687,0.838015,68.872095,69.607678,0.848639,0.011497,0.622695,4,10,7,6,4,10,7,6,4,10,7,6,4,10,7,6,0.05059,0.10031,0.37398,0.40199,1,1,23:12:2024,21:36:51,624,-9.908354,-56.064393,288.0,lev20,Almucantar,1.5794006983064546,0.5091827061494159,0.933917914361439,BCM,Arid,,Unknown
22:09:2023,11:41:57,Alta_Floresta_IF,265,265.487465,0.5366,0.2853,0.1796,0.1354,0.5112,0.2587,0.1514,0.1062,0.0254,0.0267,0.0282,0.0292,1.584648,58.596538,59.330329,0.888964,0.004998,0.536179,4,10,7,5,4,10,7,5,4,10,7,5,3,11,7,4,0.04658,0.09191,0.33727,0.36436,1,1,23:12:2024,21:39:51,624,-9.908354,-56.064393,288.0,lev20,Almucantar,Alta_Floresta_IF,265,265.487465,0.536179,0.285314,0.179608,0.13568,1.583364,58.596538,59.330329,0.888964,0.004998,0.536179,4,10,7,5,4,10,7,5,4,10,7,5,3,11,7,4,0.04658,0.09191,0.33727,0.36436,1,1,23:12:2024,21:39:51,624,-9.908354,-56.064393,288.0,lev20,Almucantar,Alta_Floresta_IF,265,265.487465,1.5114,1.5271,1.5319,1.5319,0.024142,0.02568,0.024655,0.026372,58.596538,59.330329,0.888964,0.004998,0.536179,4,10,7,5,4,10,7,5,4,10,7,5,3,11,7,4,0.04658,0.09191,0.33727,0.36436,1,1,23:12:2024,21:39:51,624,-9.908354,-56.064393,288.0,lev20,Almucantar,Alta_Floresta_IF,265,265.487465,0.8757,0.8418,0.8191,0.7868,58.596538,59.330329,0.888964,0.004998,0.536179,4,10,7,5,4,10,7,5,4,10,7,5,3,11,7,4,0.04658,0.09191,0.33727,0.36436,1,1,23:12:2024,21:39:51,624,-9.908354,-56.064393,288.0,lev20,Almucantar,Alta_Floresta_IF,265,265.487465,0.066722,0.045147,0.032484,0.028851,1.036103,58.596538,59.330329,0.888964,0.004998,0.536179,4,10,7,5,4,10,7,5,4,10,7,5,3,11,7,4,0.04658,0.09191,0.33727,0.36436,1,1,23:12:2024,21:39:51,624,-9.908354,-56.064393,288.0,lev20,Almucantar,1.6055319118224687,0.4370346054515054,0.9352454416183363,BCM,Unclassified,,Unknown
22:09:2023,12:06:39,Alta_Floresta_IF,265,265.504618,0.5182,0.2761,0.1748,0.1323,0.4909,0.2476,0.1447,0.1011,0.0273,0.0286,0.0301,0.0312,1.57393,52.56497,53.29645,0.686314,0.010369,0.517701,3,10,8,4,3,10,8,4,3,10,8,4,4,10,8,3,0.045,0.08866,0.3227,0.34957,1,1,23:12:2024,21:42:27,624,-9.908354,-56.064393,288.0,lev20,Almucantar,Alta_Floresta_IF,265,265.504618,0.517701,0.276094,0.174562,0.132739,1.574228,52.56497,53.29645,0.686314,0.010369,0.517701,3,10,8,4,3,10,8,4,3,10,8,4,4,10,8,3,0.045,0.08866,0.3227,0.34957,1,1,23:12:2024,21:42:27,624,-9.908354,-56.064393,288.0,lev20,Almucantar,Alta_Floresta_IF,265,265.504618,1.5379,1.5449,1.548,1.5465,0.024546,0.024367,0.0236,0.025412,52.56497,53.29645,0.686314,0.010369,0.517701,3,10,8,4,3,10,8,4,3,10,8,4,4,10,8,3,0.045,0.08866,0.3227,0.34957,1,1,23:12:2024,21:42:27,624,-9.908354,-56.064393,288.0,lev20,Almucantar,Alta_Floresta_IF,265,265.504618,0.8762,0.8523,0.829,0.7963,52.56497,53.29645,0.686314,0.010369,0.517701,3,10,8,4,3,10,8,4,3,10,8,4,4,10,8,3,0.045,0.08866,0.3227,0.34957,1,1,23:12:2024,21:42:27,624,-9.908354,-56.064393,288.0,lev20,Almucantar,Alta_Floresta_IF,265,265.504618,0.064133,0.040791,0.029894,0.026944,1.108,52.56497,53.29645,0.686314,0.010369,0.517701,3,10,8,4,3,10,8,4,3,10,8,4,4,10,8,3,0.045,0.08866,0.3227,0.34957,1,1,23:12:2024,21:42:27,624,-9.908354,-56.064393,288.0,lev20,Almucantar,1.5940873384515886,0.4226666086951741,0.9281397054004615,BCM,Unclassified,,Unknown
22:09:2023,19:12:10,Alta_Floresta_IF,265,265.800116,0.5097,0.2742,0.1736,0.1312,0.4811,0.2443,0.142,0.0985,0.0286,0.0299,0.0316,0.0327,1.558975,55.176842,54.444633,1.188793,0.008913,0.509131,4,10,8,4,4,10,8,4,4,10,8,4,4,10,8,4,0.04583,0.09007,0.3277,0.35208,1,1,23:12:2024,21:27:06,624,-9.908354,-56.064393,288.0,lev20,Almucantar,Alta_Floresta_IF,265,265.800116,0.509131,0.273315,0.173405,0.131385,1.559498,55.176842,54.444633,1.188793,0.008913,0.509131,4,10,8,4,4,10,8,4,4,10,8,4,4,10,8,4,0.04583,0.09007,0.3277,0.35208,1,1,23:12:2024,21:27:06,624,-9.908354,-56.064393,288.0,lev20,Almucantar,Alta_Floresta_IF,265,265.800116,1.5226,1.5437,1.5472,1.5455,0.023531,0.023845,0.02272,0.023509,55.176842,54.444633,1.188793,0.008913,0.509131,4,10,8,4,4,10,8,4,4,10,8,4,4,10,8,4,0.04583,0.09007,0.3277,0.35208,1,1,23:12:2024,21:27:06,624,-9.908354,-56.064393,288.0,lev20,Almucantar,Alta_Floresta_IF,265,265.800116,0.8769,0.8505,0.8288,0.8036,55.176842,54.444633,1.188793,0.008913,0.509131,4,10,8,4,4,10,8,4,4,10,8,4,4,10,8,4,0.04583,0.09007,0.3277,0.35208,1,1,23:12:2024,21:27:06,624,-9.908354,-56.064393,288.0,lev20,Almucantar,Alta_Floresta_IF,265,265.800116,0.062759,0.040989,0.029707,0.025781,1.081466,55.176842,54.444633,1.188793,0.008913,0.509131,4,10,8,4,4,10,8,4,4,10,8,4,4,10,8,4,0.04583,0.09007,0.3277,0.35208,1,1,23:12:2024,21:27:06,624,-9.908354,-56.064393,288.0,lev20,Almucantar,1.579931510198581,0.41648662391566726,0.9239490558890503,BCM,Unclassified,,Unknown
22:09:2023,19:36:50,Alta_Floresta_IF,265,265.817245,0.5395,0.2881,0.1821,0.1368,0.5091,0.2564,0.1489,0.1024,0.0304,0.0317,0.0333,0.0344,1.572556,61.207003,60.472813,1.357912,0.012312,0.538941,3,10,7,5,3,10,7,5,3,10,7,5,3,10,6,5,0.04771,0.09384,0.34389,0.36766,1,1,23:12:2024,21:29:52,624,-9.908354,-56.064393,288.0,lev20,Almucantar,Alta_Floresta_IF,265,265.817245,0.538941,0.287243,0.181912,0.137254,1.573023,61.207003,60.472813,1.357912,0.012312,0.538941,3,10,7,5,3,10,7,5,3,10,7,5,3,10,6,5,0.04771,0.09384,0.34389,0.36766,1,1,23:12:2024,21:29:52,624,-9.908354,-56.064393,288.0,lev20,Almucantar,Alta_Floresta_IF,265,265.817245,1.5417,1.5585,1.5648,1.5615,0.024486,0.023411,0.022633,0.024082,61.207003,60.472813,1.357912,0.012312,0.538941,3,10,7,5,3,10,7,5,3,10,7,5,3,10,6,5,0.04771,0.09384,0.34389,0.36766,1,1,23:12:2024,21:29:52,624,-9.908354,-56.064393,288.0,lev20,Almucantar,Alta_Floresta_IF,265,265.817245,0.8763,0.8566,0.8334,0.8029,61.207003,60.472813,1.357912,0.012312,0.538941,3,10,7,5,3,10,7,5,3,10,7,5,3,10,6,5,0.04771,0.09384,0.34389,0.36766,1,1,23:12:2024,21:29:52,624,-9.908354,-56.064393,288.0,lev20,Almucantar,Alta_Floresta_IF,265,265.817245,0.066756,0.041305,0.030353,0.026965,1.147173,61.207003,60.472813,1.357912,0.012312,0.538941,3,10,7,5,3,10,7,5,3,10,7,5,3,10,6,5,0.04771,0.09384,0.34389,0.36766,1,1,23:12:2024,21:29:52,624,-9.908354,-56.064393,288.0,lev20,Almucantar,1.5931602593770173,0.44009197422008123,0.9237146814412246,BCM,Unclassified,,Unknown
23:09:2023,10:38:10,Alta_Floresta_IF,266,266.443171,0.6143,0.3196,0.2028,0.1537,0.579,0.2825,0.1633,0.1126,0.0353,0.0371,0.0395,0.041,1.607876,74.069816,74.805452,0.718754,0.004308,0.613504,4,10,7,6,4,10,7,6,4,10,7,6,4,10,7,6,0.0535,0.10649,0.40101,0.43045,1,1,23:12:2024,21:46:16,624,-9.908354,-56.064393,288.0,lev20,Almucantar,Alta_Floresta_IF,266,266.443171,0.613504,0.319362,0.202636,0.153532,1.607108,74.069816,74.805452,0.718754,0.004308,0.613504,4,10,7,6,4,10,7,6,4,10,7,6,4,10,7,6,0.0535,0.10649,0.40101,0.43045,1,1,23:12:2024,21:46:16,624,-9.908354,-56.064393,288.0,lev20,Almucantar,Alta_Floresta_IF,266,266.443171,1.5197,1.5151,1.5113,1.5058,0.019759,0.021008,0.021947,0.022989,74.069816,74.805452,0.718754,0.004308,0.613504,4,10,7,6,4,10,7,6,4,10,7,6,4,10,7,6,0.0535,0.10649,0.40101,0.43045,1,1,23:12:2024,21:46:16,624,-9.908354,-56.064393,288.0,lev20,Almucantar,Alta_Floresta_IF,266,266.443171,0.8928,0.862,0.8286,0.8014,74.069816,74.805452,0.718754,0.004308,0.613504,4,10,7,6,4,10,7,6,4,10,7,6,4,10,7,6,0.0535,0.10649,0.40101,0.43045,1,1,23:12:2024,21:46:16,624,-9.908354,-56.064393,288.0,lev20,Almucantar,Alta_Floresta_IF,266,266.443171,0.065824,0.044092,0.034758,0.030526,0.932307,74.069816,74.805452,0.718754,0.004308,0.613504,4,10,7,6,4,10,7,6,4,10,7,6,4,10,7,6,0.0535,0.10649,0.40101,0.43045,1,1,23:12:2024,21:46:16,624,-9.908354,-56.064393,288.0,lev20,Almucantar,1.6256903124484168,0.49902986042821107,0.9203753741799718,BCM,Arid,,Unknown
23:09:2023,10:58:25,Alta_Floresta_IF,266,266.457234,0.5946,0.3094,0.1965,0.1497,0.56,0.2732,0.158,0.1096,0.0346,0.0363,0.0385,0.0401,1.606481,69.102197,69.838152,0.512723,0.005787,0.593833,4,10,7,6,4,10,7,6,4,10,7,6,4,10,7,6,0.0506,0.1004,0.37467,0.40308,1,1,23:12:2024,21:48:25,624,-9.908354,-56.064393,288.0,lev20,Almucantar,Alta_Floresta_IF,266,266.457234,0.593833,0.3093,0.196342,0.149393,1.605613,69.102197,69.838152,0.512723,0.005787,0.593833,4,10,7,6,4,10,7,6,4,10,7,6,4,10,7,6,0.0506,0.1004,0.37467,0.40308,1,1,23:12:2024,21:48:25,624,-9.908354,-56.064393,288.0,lev20,Almucantar,Alta_Floresta_IF,266,266.457234,1.5248,1.5239,1.5225,1.519,0.02014,0.019971,0.020337,0.021841,69.102197,69.838152,0.512723,0.005787,0.593833,4,10,7,6,4,10,7,6,4,10,7,6,4,10,7,6,0.0506,0.1004,0.37467,0.40308,1,1,23:12:2024,21:48:25,624,-9.908354,-56.064393,288.0,lev20,Almucantar,Alta_Floresta_IF,266,266.457234,0.8912,0.8674,0.8393,0.8114,69.102197,69.838152,0.512723,0.005787,0.593833,4,10,7,6,4,10,7,6,4,10,7,6,4,10,7,6,0.0506,0.1004,0.37467,0.40308,1,1,23:12:2024,21:48:25,624,-9.908354,-56.064393,288.0,lev20,Almucantar,Alta_Floresta_IF,266,266.457234,0.064679,0.041018,0.031593,0.028237,1.047486,69.102197,69.838152,0.512723,0.005787,0.593833,4,10,7,6,4,10,7,6,4,10,7,6,4,10,7,6,0.0506,0.1004,0.37467,0.40308,1,1,23:12:2024,21:48:25,624,-9.908354,-56.064393,288.0,lev20,Almucantar,1.6241696595375996,0.48312036576140016,0.9194027423277127,BCM,Arid,,Unknown
23:09:2023,11:41:15,Alta_Floresta_IF,266,266.486979,0.6074,0.3159,0.2011,0.1531,0.5714,0.2783,0.1612,0.1114,0.036,0.0376,0.04,0.0416,1.604195,58.602871,59.3373,0.595121,0.009443,0.606624,4,10,7,5,4,10,7,5,4,10,7,5,3,11,7,5,0.04657,0.09191,0.33724,0.36438,1,1,23:12:2024,21:26:45,624,-9.908354,-56.064393,288.0,lev20,Almucantar,Alta_Floresta_IF,266,266.486979,0.606624,0.315709,0.200827,0.153439,1.604139,58.602871,59.3373,0.595121,0.009443,0.606624,4,10,7,5,4,10,7,5,4,10,7,5,3,11,7,5,0.04657,0.09191,0.33724,0.36438,1,1,23:12:2024,21:26:45,624,-9.908354,-56.064393,288.0,lev20,Almucantar,Alta_Floresta_IF,266,266.486979,1.544,1.5363,1.5357,1.5327,0.020386,0.019055,0.018466,0.01931,58.602871,59.3373,0.595121,0.009443,0.606624,4,10,7,5,4,10,7,5,4,10,7,5,3,11,7,5,0.04657,0.09191,0.33724,0.36438,1,1,23:12:2024,21:26:45,624,-9.908354,-56.064393,288.0,lev20,Almucantar,Alta_Floresta_IF,266,266.486979,0.8922,0.8743,0.8531,0.8319,58.602871,59.3373,0.595121,0.009443,0.606624,4,10,7,5,4,10,7,5,4,10,7,5,3,11,7,5,0.04657,0.09191,0.33724,0.36438,1,1,23:12:2024,21:26:45,624,-9.908354,-56.064393,288.0,lev20,Almucantar,Alta_Floresta_IF,266,266.486979,0.065462,0.03971,0.029541,0.025732,1.161831,58.602871,59.3373,0.595121,0.009443,0.606624,4,10,7,5,4,10,7,5,4,10,7,5,3,11,7,5,0.04657,0.09191,0.33724,0.36438,1,1,23:12:2024,21:26:45,624,-9.908354,-56.064393,288.0,lev20,Almucantar,1.6214688035935931,0.49369095717017086,0.9181992750772485,BCM,Arid,,Unknown
23:09:2023,12:05:57,Alta_Floresta_IF,266,266.504132,0.6217,0.3227,0.2051,0.1566,0.5851,0.2844,0.1644,0.1144,0.0366,0.0383,0.0407,0.0423,1.609349,52.565069,53.297408,0.701096,0.017154,0.62079,3,10,8,4,3,10,8,4,3,10,8,4,4,10,8,4,0.045,0.08866,0.32269,0.34957,1,1,23:12:2024,21:28:55,624,-9.908354,-56.064393,288.0,lev20,Almucantar,Alta_Floresta_IF,266,266.504132,0.62079,0.322537,0.204652,0.15687,1.610063,52.565069,53.297408,0.701096,0.017154,0.62079,3,10,8,4,3,10,8,4,3,10,8,4,4,10,8,4,0.045,0.08866,0.32269,0.34957,1,1,23:12:2024,21:28:55,624,-9.908354,-56.064393,288.0,lev20,Almucantar,Alta_Floresta_IF,266,266.504132,1.5475,1.5373,1.5371,1.5352,0.019853,0.018944,0.017434,0.01891,52.565069,53.297408,0.701096,0.017154,0.62079,3,10,8,4,3,10,8,4,3,10,8,4,4,10,8,4,0.045,0.08866,0.32269,0.34957,1,1,23:12:2024,21:28:55,624,-9.908354,-56.064393,288.0,lev20,Almucantar,Alta_Floresta_IF,266,266.504132,0.8949,0.8751,0.8586,0.8347,52.565069,53.297408,0.701096,0.017154,0.62079,3,10,8,4,3,10,8,4,3,10,8,4,4,10,8,4,0.045,0.08866,0.32269,0.34957,1,1,23:12:2024,21:28:55,624,-9.908354,-56.064393,288.0,lev20,Almucantar,Alta_Floresta_IF,266,266.504132,0.06536,0.040314,0.029001,0.025894,1.179896,52.565069,53.297408,0.701096,0.017154,0.62079,3,10,8,4,3,10,8,4,3,10,8,4,4,10,8,4,0.045,0.08866,0.32269,0.34957,1,1,23:12:2024,21:28:55,624,-9.908354,-56.064393,288.0,lev20,Almucantar,1.6267125228764838,0.5049752988943799,0.9179750031816225,BCM,Arid,,Unknown
24:09:2023,11:40:39,Alta_Floresta_IF,267,267.486562,0.7711,0.4032,0.2575,0.1953,0.7267,0.3561,0.207,0.1427,0.0444,0.0471,0.0505,0.0526,1.591661,58.586861,59.321874,0.732128,0.01606,0.769913,4,10,7,5,4,10,7,5,4,10,7,5,3,11,7,5,0.04656,0.09189,0.33716,0.36433,1,1,23:12:2024,21:36:15,624,-9.908354,-56.064393,288.0,lev20,Almucantar,Alta_Floresta_IF,267,267.486562,0.769913,0.402925,0.257189,0.195266,1.591016,58.586861,59.321874,0.732128,0.01606,0.769913,4,10,7,5,4,10,7,5,4,10,7,5,3,11,7,5,0.04656,0.09189,0.33716,0.36433,1,1,23:12:2024,21:36:15,624,-9.908354,-56.064393,288.0,lev20,Almucantar,Alta_Floresta_IF,267,267.486562,1.4988,1.4885,1.486,1.4818,0.012174,0.012499,0.012761,0.013324,58.586861,59.321874,0.732128,0.01606,0.769913,4,10,7,5,4,10,7,5,4,10,7,5,3,11,7,5,0.04656,0.09189,0.33716,0.36433,1,1,23:12:2024,21:36:15,624,-9.908354,-56.064393,288.0,lev20,Almucantar,Alta_Floresta_IF,267,267.486562,0.9257,0.9076,0.8882,0.8712,58.586861,59.321874,0.732128,0.01606,0.769913,4,10,7,5,4,10,7,5,4,10,7,5,3,11,7,5,0.04656,0.09189,0.33716,0.36433,1,1,23:12:2024,21:36:15,624,-9.908354,-56.064393,288.0,lev20,Almucantar,Alta_Floresta_IF,267,267.486562,0.05731,0.03726,0.028793,0.025154,1.004633,58.586861,59.321874,0.732128,0.01606,0.769913,4,10,7,5,4,10,7,5,4,10,7,5,3,11,7,5,0.04656,0.09189,0.33716,0.36433,1,1,23:12:2024,21:36:15,624,-9.908354,-56.064393,288.0,lev20,Almucantar,1.6088728284364293,0.6277552924642585,0.9200188132504875,BCL,Arid,,Unknown
24:09:2023,12:05:18,Alta_Floresta_IF,267,267.503681,0.7617,0.3958,0.2511,0.1912,0.7185,0.35,0.2021,0.1402,0.0432,0.0457,0.049,0.051,1.610055,52.555534,53.288672,0.666562,0.027555,0.760431,3,10,8,4,3,10,8,4,3,10,8,4,4,10,8,4,0.04498,0.08863,0.32258,0.34955,1,1,23:12:2024,21:38:26,624,-9.908354,-56.064393,288.0,lev20,Almucantar,Alta_Floresta_IF,267,267.503681,0.760431,0.39527,0.250586,0.191149,1.610477,52.555534,53.288672,0.666562,0.027555,0.760431,3,10,8,4,3,10,8,4,3,10,8,4,4,10,8,4,0.04498,0.08863,0.32258,0.34955,1,1,23:12:2024,21:38:26,624,-9.908354,-56.064393,288.0,lev20,Almucantar,Alta_Floresta_IF,267,267.503681,1.5056,1.495,1.4925,1.49,0.012624,0.012591,0.012203,0.013399,52.555534,53.288672,0.666562,0.027555,0.760431,3,10,8,4,3,10,8,4,3,10,8,4,4,10,8,4,0.04498,0.08863,0.32258,0.34955,1,1,23:12:2024,21:38:26,624,-9.908354,-56.064393,288.0,lev20,Almucantar,Alta_Floresta_IF,267,267.503681,0.9242,0.9076,0.8924,0.8711,52.555534,53.288672,0.666562,0.027555,0.760431,3,10,8,4,3,10,8,4,3,10,8,4,4,10,8,4,0.04498,0.08863,0.32258,0.34955,1,1,23:12:2024,21:38:26,624,-9.908354,-56.064393,288.0,lev20,Almucantar,Alta_Floresta_IF,267,267.503681,0.05771,0.03657,0.027023,0.024631,1.102932,52.555534,53.288672,0.666562,0.027555,0.760431,3,10,8,4,3,10,8,4,3,10,8,4,4,10,8,4,0.04498,0.08863,0.32258,0.34955,1,1,23:12:2024,21:38:26,624,-9.908354,-56.064393,288.0,lev20,Almucantar,1.6278002372847753,0.6186041598831385,0.9206853024810948,BCL,Arid,,Unknown
24:09:2023,19:12:07,Alta_Floresta_IF,267,267.800081,0.632,0.323,0.205,0.1561,0.5912,0.28,0.1596,0.1092,0.0408,0.043,0.0454,0.0468,1.635233,55.174808,54.441105,2.51356,0.037422,0.630792,4,10,8,4,4,10,8,4,4,7,8,4,4,9,7,4,0.04582,0.09006,0.32768,0.35207,1,1,23:12:2024,21:44:39,624,-9.908354,-56.064393,288.0,lev20,Almucantar,Alta_Floresta_IF,267,267.800081,0.630792,0.321924,0.204433,0.156729,1.636695,55.174808,54.441105,2.51356,0.037422,0.630792,4,10,8,4,4,10,8,4,4,7,8,4,4,9,7,4,0.04582,0.09006,0.32768,0.35207,1,1,23:12:2024,21:44:39,624,-9.908354,-56.064393,288.0,lev20,Almucantar,Alta_Floresta_IF,267,267.800081,1.4703,1.4976,1.5068,1.5086,0.010011,0.009008,0.009193,0.009631,55.174808,54.441105,2.51356,0.037422,0.630792,4,10,8,4,4,10,8,4,4,7,8,4,4,9,7,4,0.04582,0.09006,0.32768,0.35207,1,1,23:12:2024,21:44:39,624,-9.908354,-56.064393,288.0,lev20,Almucantar,Alta_Floresta_IF,267,267.800081,0.9288,0.9185,0.9,0.8834,55.174808,54.441105,2.51356,0.037422,0.630792,4,10,8,4,4,10,8,4,4,7,8,4,4,9,7,4,0.04582,0.09006,0.32768,0.35207,1,1,23:12:2024,21:44:39,624,-9.908354,-56.064393,288.0,lev20,Almucantar,Alta_Floresta_IF,267,267.800081,0.044964,0.026314,0.020492,0.018191,1.157614,55.174808,54.441105,2.51356,0.037422,0.630792,4,10,8,4,4,10,8,4,4,7,8,4,4,9,7,4,0.04582,0.09006,0.32768,0.35207,1,1,23:12:2024,21:44:39,624,-9.908354,-56.064393,288.0,lev20,Almucantar,1.6515312995274303,0.5117153840635209,0.9088473090114929,BCL,Arid,,Unknown
25:09:2023,10:37:05,Alta_Floresta_IF,268,268.442419,0.773,0.3921,0.2493,0.1897,0.7256,0.3417,0.1948,0.1329,0.0473,0.0504,0.0544,0.0568,1.644566,74.027329,74.763394,0.889124,0.004694,0.771909,4,10,7,6,4,10,7,6,4,10,7,6,4,10,7,6,0.05351,0.10645,0.4011,0.43018,1,1,23:12:2024,21:37:07,624,-9.908354,-56.064393,288.0,lev20,Almucantar,Alta_Floresta_IF,268,268.442419,0.771909,0.391726,0.249031,0.190052,1.644018,74.027329,74.763394,0.889124,0.004694,0.771909,4,10,7,6,4,10,7,6,4,10,7,6,4,10,7,6,0.05351,0.10645,0.4011,0.43018,1,1,23:12:2024,21:37:07,624,-9.908354,-56.064393,288.0,lev20,Almucantar,Alta_Floresta_IF,268,268.442419,1.4968,1.4872,1.4824,1.4763,0.012808,0.013327,0.014107,0.014732,74.027329,74.763394,0.889124,0.004694,0.771909,4,10,7,6,4,10,7,6,4,10,7,6,4,10,7,6,0.05351,0.10645,0.4011,0.43018,1,1,23:12:2024,21:37:07,624,-9.908354,-56.064393,288.0,lev20,Almucantar,Alta_Floresta_IF,268,268.442419,0.9216,0.8985,0.8723,0.8527,74.027329,74.763394,0.889124,0.004694,0.771909,4,10,7,6,4,10,7,6,4,10,7,6,4,10,7,6,0.05351,0.10645,0.4011,0.43018,1,1,23:12:2024,21:37:07,624,-9.908354,-56.064393,288.0,lev20,Almucantar,Alta_Floresta_IF,268,268.442419,0.060635,0.039811,0.031824,0.027938,0.945101,74.027329,74.763394,0.889124,0.004694,0.771909,4,10,7,6,4,10,7,6,4,10,7,6,4,10,7,6,0.05351,0.10645,0.4011,0.43018,1,1,23:12:2024,21:37:07,624,-9.908354,-56.064393,288.0,lev20,Almucantar,1.6599550744111073,0.6252061246912559,0.9130992729056445,BCL,Arid,,Unknown
25:09:2023,10:57:18,Alta_Floresta_IF,268,268.456458,0.7361,0.3733,0.2379,0.1822,0.6889,0.3232,0.1838,0.1255,0.0472,0.0501,0.0541,0.0567,1.641864,69.064319,69.800885,0.814034,0.011159,0.73522,4,10,7,6,4,10,7,6,4,10,7,6,4,10,7,6,0.05071,0.1005,0.37492,0.40291,1,1,23:12:2024,21:39:42,624,-9.908354,-56.064393,288.0,lev20,Almucantar,Alta_Floresta_IF,268,268.456458,0.73522,0.372922,0.237597,0.182359,1.64192,69.064319,69.800885,0.814034,0.011159,0.73522,4,10,7,6,4,10,7,6,4,10,7,6,4,10,7,6,0.05071,0.1005,0.37492,0.40291,1,1,23:12:2024,21:39:42,624,-9.908354,-56.064393,288.0,lev20,Almucantar,Alta_Floresta_IF,268,268.456458,1.4839,1.4807,1.4774,1.474,0.012382,0.014209,0.014704,0.014533,69.064319,69.800885,0.814034,0.011159,0.73522,4,10,7,6,4,10,7,6,4,10,7,6,4,10,7,6,0.05071,0.1005,0.37492,0.40291,1,1,23:12:2024,21:39:42,624,-9.908354,-56.064393,288.0,lev20,Almucantar,Alta_Floresta_IF,268,268.456458,0.9218,0.8891,0.8632,0.8512,69.064319,69.800885,0.814034,0.011159,0.73522,4,10,7,6,4,10,7,6,4,10,7,6,4,10,7,6,0.05071,0.1005,0.37492,0.40291,1,1,23:12:2024,21:39:42,624,-9.908354,-56.064393,288.0,lev20,Almucantar,Alta_Floresta_IF,268,268.456458,0.057592,0.041406,0.032542,0.027115,0.826598,69.064319,69.800885,0.814034,0.011159,0.73522,4,10,7,6,4,10,7,6,4,10,7,6,4,10,7,6,0.05071,0.1005,0.37492,0.40291,1,1,23:12:2024,21:39:42,624,-9.908354,-56.064393,288.0,lev20,Almucantar,1.656865094677059,0.5955964425306532,0.9092576538719404,BCL,Arid,,Unknown
25:09:2023,11:40:05,Alta_Floresta_IF,268,268.486169,0.7387,0.3734,0.2382,0.1827,0.6907,0.3229,0.1838,0.1256,0.048,0.0505,0.0544,0.0571,1.645616,58.564893,59.300442,1.225889,0.033429,0.737581,4,10,7,5,4,10,7,5,4,10,7,5,3,11,7,5,0.04657,0.09189,0.33717,0.36427,1,1,23:12:2024,21:43:14,624,-9.908354,-56.064393,288.0,lev20,Almucantar,Alta_Floresta_IF,268,268.486169,0.737581,0.373051,0.2377,0.182893,1.646241,58.564893,59.300442,1.225889,0.033429,0.737581,4,10,7,5,4,10,7,5,4,10,7,5,3,11,7,5,0.04657,0.09189,0.33717,0.36427,1,1,23:12:2024,21:43:14,624,-9.908354,-56.064393,288.0,lev20,Almucantar,Alta_Floresta_IF,268,268.486169,1.5178,1.5059,1.5026,1.4977,0.012945,0.013244,0.013297,0.014147,58.564893,59.300442,1.225889,0.033429,0.737581,4,10,7,5,4,10,7,5,4,10,7,5,3,11,7,5,0.04657,0.09189,0.33717,0.36427,1,1,23:12:2024,21:43:14,624,-9.908354,-56.064393,288.0,lev20,Almucantar,Alta_Floresta_IF,268,268.486169,0.9215,0.8991,0.8791,0.8592,58.564893,59.300442,1.225889,0.033429,0.737581,4,10,7,5,4,10,7,5,4,10,7,5,3,11,7,5,0.04657,0.09189,0.33717,0.36427,1,1,23:12:2024,21:43:14,624,-9.908354,-56.064393,288.0,lev20,Almucantar,Alta_Floresta_IF,268,268.486169,0.058026,0.037658,0.028793,0.025719,1.021309,58.564893,59.300442,1.225889,0.033429,0.737581,4,10,7,5,4,10,7,5,4,10,7,5,3,11,7,5,0.04657,0.09189,0.33717,0.36427,1,1,23:12:2024,21:43:14,624,-9.908354,-56.064393,288.0,lev20,Almucantar,1.6601885572330441,0.5974462872336093,0.9083851995762187,BCL,Arid,,Unknown
25:09:2023,12:04:38,Alta_Floresta_IF,268,268.503218,0.7619,0.3869,0.247,0.1901,0.713,0.3347,0.1915,0.1327,0.0489,0.0522,0.0555,0.0574,1.637501,52.552733,53.286616,1.048624,0.014403,0.760805,3,10,8,4,3,10,8,4,3,10,8,4,4,10,8,4,0.04499,0.08865,0.32267,0.34955,1,1,23:12:2024,21:45:26,624,-9.908354,-56.064393,288.0,lev20,Almucantar,Alta_Floresta_IF,268,268.503218,0.760805,0.386722,0.246533,0.190537,1.637859,52.552733,53.286616,1.048624,0.014403,0.760805,3,10,8,4,3,10,8,4,3,10,8,4,4,10,8,4,0.04499,0.08865,0.32267,0.34955,1,1,23:12:2024,21:45:26,624,-9.908354,-56.064393,288.0,lev20,Almucantar,Alta_Floresta_IF,268,268.503218,1.4704,1.4773,1.4803,1.4803,0.012074,0.011695,0.011636,0.012756,52.552733,53.286616,1.048624,0.014403,0.760805,3,10,8,4,3,10,8,4,3,10,8,4,4,10,8,4,0.04499,0.08865,0.32267,0.34955,1,1,23:12:2024,21:45:26,624,-9.908354,-56.064393,288.0,lev20,Almucantar,Alta_Floresta_IF,268,268.503218,0.9213,0.9032,0.8851,0.8642,52.552733,53.286616,1.048624,0.014403,0.760805,3,10,8,4,3,10,8,4,3,10,8,4,4,10,8,4,0.04499,0.08865,0.32267,0.34955,1,1,23:12:2024,21:45:26,624,-9.908354,-56.064393,288.0,lev20,Almucantar,Alta_Floresta_IF,268,268.503218,0.059972,0.037442,0.028391,0.025818,1.092226,52.552733,53.286616,1.048624,0.014403,0.760805,3,10,8,4,3,10,8,4,3,10,8,4,4,10,8,4,0.04499,0.08865,0.32267,0.34955,1,1,23:12:2024,21:45:26,624,-9.908354,-56.064393,288.0,lev20,Almucantar,1.6523345076768308,0.6168289904363303,0.9076504320434889,BCL,Arid,,Unknown
26:09:2023,10:36:10,Alta_Floresta_IF,269,269.441782,0.636,0.3249,0.2109,0.1644,0.5946,0.2794,0.1616,0.1132,0.0414,0.0454,0.0493,0.0513,1.606476,74.100207,74.836406,1.520824,0.013636,0.635773,4,10,7,6,4,10,7,6,4,10,7,6,4,10,7,5,0.05347,0.10659,0.40142,0.43064,1,1,23:12:2024,21:30:28,624,-9.908354,-56.064393,288.0,lev20,Almucantar,Alta_Floresta_IF,269,269.441782,0.635773,0.324723,0.210658,0.164281,1.607554,74.100207,74.836406,1.520824,0.013636,0.635773,4,10,7,6,4,10,7,6,4,10,7,6,4,10,7,5,0.05347,0.10659,0.40142,0.43064,1,1,23:12:2024,21:30:28,624,-9.908354,-56.064393,288.0,lev20,Almucantar,Alta_Floresta_IF,269,269.441782,1.4322,1.4476,1.4497,1.451,0.009561,0.012555,0.014682,0.015438,74.100207,74.836406,1.520824,0.013636,0.635773,4,10,7,6,4,10,7,6,4,10,7,6,4,10,7,5,0.05347,0.10659,0.40142,0.43064,1,1,23:12:2024,21:30:28,624,-9.908354,-56.064393,288.0,lev20,Almucantar,Alta_Floresta_IF,269,269.441782,0.929,0.8918,0.8541,0.8341,74.100207,74.836406,1.520824,0.013636,0.635773,4,10,7,6,4,10,7,6,4,10,7,6,4,10,7,5,0.05347,0.10659,0.40142,0.43064,1,1,23:12:2024,21:30:28,624,-9.908354,-56.064393,288.0,lev20,Almucantar,Alta_Floresta_IF,269,269.441782,0.045132,0.035158,0.030775,0.027285,0.561303,74.100207,74.836406,1.520824,0.013636,0.635773,4,10,7,6,4,10,7,6,4,10,7,6,4,10,7,5,0.05347,0.10659,0.40142,0.43064,1,1,23:12:2024,21:30:28,624,-9.908354,-56.064393,288.0,lev20,Almucantar,1.6191646560417536,0.5170891445956304,0.9044047086408498,BCL,Arid,,Unknown
26:09:2023,10:57:06,Alta_Floresta_IF,269,269.456319,0.6136,0.3096,0.1982,0.1529,0.5746,0.268,0.153,0.1056,0.0389,0.0416,0.0452,0.0473,1.643814,68.959848,69.696664,1.07254,0.004638,0.613203,4,10,7,6,4,10,7,6,4,10,7,6,4,10,7,6,0.05065,0.10039,0.37424,0.40241,1,1,23:12:2024,21:32:36,624,-9.908354,-56.064393,288.0,lev20,Almucantar,Alta_Floresta_IF,269,269.456319,0.613203,0.309484,0.198061,0.153186,1.643818,68.959848,69.696664,1.07254,0.004638,0.613203,4,10,7,6,4,10,7,6,4,10,7,6,4,10,7,6,0.05065,0.10039,0.37424,0.40241,1,1,23:12:2024,21:32:36,624,-9.908354,-56.064393,288.0,lev20,Almucantar,Alta_Floresta_IF,269,269.456319,1.4817,1.4848,1.4837,1.4819,0.011076,0.013192,0.014325,0.014802,68.959848,69.696664,1.07254,0.004638,0.613203,4,10,7,6,4,10,7,6,4,10,7,6,4,10,7,6,0.05065,0.10039,0.37424,0.40241,1,1,23:12:2024,21:32:36,624,-9.908354,-56.064393,288.0,lev20,Almucantar,Alta_Floresta_IF,269,269.456319,0.9279,0.896,0.8673,0.8505,68.959848,69.696664,1.07254,0.004638,0.613203,4,10,7,6,4,10,7,6,4,10,7,6,4,10,7,6,0.05065,0.10039,0.37424,0.40241,1,1,23:12:2024,21:32:36,624,-9.908354,-56.064393,288.0,lev20,Almucantar,Alta_Floresta_IF,269,269.456319,0.044225,0.032212,0.026307,0.022855,0.756215,68.959848,69.696664,1.07254,0.004638,0.613203,4,10,7,6,4,10,7,6,4,10,7,6,4,10,7,6,0.05065,0.10039,0.37424,0.40241,1,1,23:12:2024,21:32:36,624,-9.908354,-56.064393,288.0,lev20,Almucantar,1.6576734435978364,0.49642740777751276,0.9089015968832549,BCL,Arid,,Unknown
26:09:2023,11:39:35,Alta_Floresta_IF,269,269.485822,0.6119,0.3095,0.1986,0.1538,0.5699,0.2648,0.1506,0.1038,0.042,0.0447,0.0479,0.05,1.636954,58.528873,59.264908,0.943872,0.02134,0.611336,4,10,7,5,4,10,7,5,4,10,7,5,3,11,7,5,0.04655,0.09186,0.33702,0.36417,1,1,23:12:2024,21:35:41,624,-9.908354,-56.064393,288.0,lev20,Almucantar,Alta_Floresta_IF,269,269.485822,0.611336,0.309365,0.198275,0.15402,1.637771,58.528873,59.264908,0.943872,0.02134,0.611336,4,10,7,5,4,10,7,5,4,10,7,5,3,11,7,5,0.04655,0.09186,0.33702,0.36417,1,1,23:12:2024,21:35:41,624,-9.908354,-56.064393,288.0,lev20,Almucantar,Alta_Floresta_IF,269,269.485822,1.4663,1.4768,1.4805,1.4805,0.009394,0.009124,0.009156,0.010145,58.528873,59.264908,0.943872,0.02134,0.611336,4,10,7,5,4,10,7,5,4,10,7,5,3,11,7,5,0.04655,0.09186,0.33702,0.36417,1,1,23:12:2024,21:35:41,624,-9.908354,-56.064393,288.0,lev20,Almucantar,Alta_Floresta_IF,269,269.485822,0.9332,0.9182,0.9028,0.8843,58.528873,59.264908,0.943872,0.02134,0.611336,4,10,7,5,4,10,7,5,4,10,7,5,3,11,7,5,0.04655,0.09186,0.33702,0.36417,1,1,23:12:2024,21:35:41,624,-9.908354,-56.064393,288.0,lev20,Almucantar,Alta_Floresta_IF,269,269.485822,0.04089,0.025306,0.019298,0.017795,1.098373,58.528873,59.264908,0.943872,0.02134,0.611336,4,10,7,5,4,10,7,5,4,10,7,5,3,11,7,5,0.04655,0.09186,0.33702,0.36417,1,1,23:12:2024,21:35:41,624,-9.908354,-56.064393,288.0,lev20,Almucantar,1.6506463357710786,0.49549694298571023,0.901461034133567,BCL,Arid,,Unknown
29:09:2023,19:11:56,Alta_Floresta_IF,272,272.799954,0.2086,0.118,0.0821,0.0676,0.1874,0.0956,0.0579,0.0424,0.0212,0.0225,0.0242,0.0252,1.357678,55.176365,54.439862,1.743684,0.095175,0.208154,4,10,8,4,4,10,8,4,4,10,8,4,4,10,4,4,0.04582,0.09005,0.32765,0.35206,1,1,23:12:2024,21:44:33,624,-9.908354,-56.064393,288.0,lev20,Almucantar,Alta_Floresta_IF,272,272.799954,0.208154,0.116401,0.081496,0.068802,1.367324,55.176365,54.439862,1.743684,0.095175,0.208154,4,10,8,4,4,10,8,4,4,10,8,4,4,10,4,4,0.04582,0.09005,0.32765,0.35206,1,1,23:12:2024,21:44:33,624,-9.908354,-56.064393,288.0,lev20,Almucantar,Alta_Floresta_IF,272,272.799954,1.50485,1.50415,1.506,1.50265,0.012257,0.012527,0.012961,0.0134085,55.176365,54.439862,1.743684,0.095175,0.208154,4,10,8,4,4,10,8,4,4,10,8,4,4,10,4,4,0.04582,0.09005,0.32765,0.35206,1,1,23:12:2024,21:44:33,624,-9.908354,-56.064393,288.0,lev20,Almucantar,Alta_Floresta_IF,272,272.799954,0.9217,0.8989,0.8772500000000001,0.85805,55.176365,54.439862,1.743684,0.095175,0.208154,4,10,8,4,4,10,8,4,4,10,8,4,4,10,4,4,0.04582,0.09005,0.32765,0.35206,1,1,23:12:2024,21:44:33,624,-9.908354,-56.064393,288.0,lev20,Almucantar,Alta_Floresta_IF,272,272.799954,0.043364,0.0272645,0.021113,0.0182895,1.0952994999999999,55.176365,54.439862,1.743684,0.095175,0.208154,4,10,8,4,4,10,8,4,4,10,8,4,4,10,4,4,0.04582,0.09005,0.32765,0.35206,1,1,23:12:2024,21:44:33,624,-9.908354,-56.064393,288.0,lev20,Almucantar,1.3678381135124384,0.17513606477846602,0.8604384201025504,BCL,Maritime,,Unknown
03:10:2023,10:52:09,Alta_Floresta_IF,276,276.452882,0.5794,0.2983,0.2003,0.1618,0.5201,0.2309,0.128,0.0878,0.0593,0.0674,0.0723,0.074,1.550123,69.15581,69.893194,1.779096,0.033495,0.577273,4,10,7,6,4,10,7,6,4,10,7,6,4,10,7,6,0.04981,0.09881,0.37738,0.40452,1,1,23:12:2024,21:28:28,624,-9.908354,-56.064393,288.0,lev20,Almucantar,Alta_Floresta_IF,276,276.452882,0.577273,0.297928,0.199949,0.162252,1.547021,69.15581,69.893194,1.779096,0.033495,0.577273,4,10,7,6,4,10,7,6,4,10,7,6,4,10,7,6,0.04981,0.09881,0.37738,0.40452,1,1,23:12:2024,21:28:28,624,-9.908354,-56.064393,288.0,lev20,Almucantar,Alta_Floresta_IF,276,276.452882,1.4948,1.501,1.5028,1.5053,0.010238,0.011635,0.013764,0.015309,69.15581,69.893194,1.779096,0.033495,0.577273,4,10,7,6,4,10,7,6,4,10,7,6,4,10,7,6,0.04981,0.09881,0.37738,0.40452,1,1,23:12:2024,21:28:28,624,-9.908354,-56.064393,288.0,lev20,Almucantar,Alta_Floresta_IF,276,276.452882,0.9266,0.8987,0.8666,0.8441,69.15581,69.893194,1.779096,0.033495,0.577273,4,10,7,6,4,10,7,6,4,10,7,6,4,10,7,6,0.04981,0.09881,0.37738,0.40452,1,1,23:12:2024,21:28:28,624,-9.908354,-56.064393,288.0,lev20,Almucantar,Alta_Floresta_IF,276,276.452882,0.042503,0.030212,0.026725,0.025221,0.689539,69.15581,69.893194,1.779096,0.033495,0.577273,4,10,7,6,4,10,7,6,4,10,7,6,4,10,7,6,0.04981,0.09881,0.37738,0.40452,1,1,23:12:2024,21:28:28,624,-9.908354,-56.064393,288.0,lev20,Almucantar,1.5580871964683631,0.4747638611039536,0.8435365789233392,BCL,Arid,,Unknown
03:10:2023,11:34:55,Alta_Floresta_IF,276,276.482581,0.5588,0.2761,0.1775,0.1382,0.511,0.223,0.1203,0.079,0.0478,0.0531,0.0572,0.0591,1.670804,58.636021,59.374153,1.455117,0.038543,0.556927,4,10,7,5,4,10,7,5,4,10,7,5,3,11,7,4,0.04578,0.09025,0.33955,0.36578,1,1,23:12:2024,21:30:24,624,-9.908354,-56.064393,288.0,lev20,Almucantar,Alta_Floresta_IF,276,276.482581,0.556927,0.27603,0.177051,0.138679,1.668977,58.636021,59.374153,1.455117,0.038543,0.556927,4,10,7,5,4,10,7,5,4,10,7,5,3,11,7,4,0.04578,0.09025,0.33955,0.36578,1,1,23:12:2024,21:30:24,624,-9.908354,-56.064393,288.0,lev20,Almucantar,Alta_Floresta_IF,276,276.482581,1.5327,1.5275,1.525,1.5191,0.012268,0.01223,0.01253,0.013171,58.636021,59.374153,1.455117,0.038543,0.556927,4,10,7,5,4,10,7,5,4,10,7,5,3,11,7,4,0.04578,0.09025,0.33955,0.36578,1,1,23:12:2024,21:30:24,624,-9.908354,-56.064393,288.0,lev20,Almucantar,Alta_Floresta_IF,276,276.482581,0.9243,0.9028,0.8828,0.8674,58.636021,59.374153,1.455117,0.038543,0.556927,4,10,7,5,4,10,7,5,4,10,7,5,3,11,7,4,0.04578,0.09025,0.33955,0.36578,1,1,23:12:2024,21:30:24,624,-9.908354,-56.064393,288.0,lev20,Almucantar,Alta_Floresta_IF,276,276.482581,0.042317,0.026825,0.020806,0.018319,1.039017,58.636021,59.374153,1.455117,0.038543,0.556927,4,10,7,5,4,10,7,5,4,10,7,5,3,11,7,4,0.04578,0.09025,0.33955,0.36578,1,1,23:12:2024,21:30:24,624,-9.908354,-56.064393,288.0,lev20,Almucantar,1.6822501430497485,0.45067385573116936,0.8718578840184609,BCL,Arid,,Unknown
03:10:2023,11:59:25,Alta_Floresta_IF,276,276.499595,0.5467,0.2689,0.1714,0.1329,0.5028,0.2206,0.1195,0.0792,0.0439,0.0483,0.0519,0.0537,1.68901,52.608983,53.346819,1.555334,0.066722,0.545911,3,10,8,4,3,10,8,4,3,10,8,4,4,10,7,4,0.04425,0.08701,0.32499,0.35101,1,1,23:12:2024,21:32:17,624,-9.908354,-56.064393,288.0,lev20,Almucantar,Alta_Floresta_IF,276,276.499595,0.545911,0.268805,0.170653,0.133872,1.692568,52.608983,53.346819,1.555334,0.066722,0.545911,3,10,8,4,3,10,8,4,3,10,8,4,4,10,7,4,0.04425,0.08701,0.32499,0.35101,1,1,23:12:2024,21:32:17,624,-9.908354,-56.064393,288.0,lev20,Almucantar,Alta_Floresta_IF,276,276.499595,1.5519,1.5347,1.5319,1.5289,0.010829,0.010509,0.010626,0.011268,52.608983,53.346819,1.555334,0.066722,0.545911,3,10,8,4,3,10,8,4,3,10,8,4,4,10,7,4,0.04425,0.08701,0.32499,0.35101,1,1,23:12:2024,21:32:17,624,-9.908354,-56.064393,288.0,lev20,Almucantar,Alta_Floresta_IF,276,276.499595,0.9339,0.917,0.9005,0.8873,52.608983,53.346819,1.555334,0.066722,0.545911,3,10,8,4,3,10,8,4,3,10,8,4,4,10,7,4,0.04425,0.08701,0.32499,0.35101,1,1,23:12:2024,21:32:17,624,-9.908354,-56.064393,288.0,lev20,Almucantar,Alta_Floresta_IF,276,276.499595,0.036149,0.022332,0.017053,0.01498,1.099379,52.608983,53.346819,1.555334,0.066722,0.545911,3,10,8,4,3,10,8,4,3,10,8,4,4,10,7,4,0.04425,0.08701,0.32499,0.35101,1,1,23:12:2024,21:32:17,624,-9.908354,-56.064393,288.0,lev20,Almucantar,1.7014357476105468,0.4398351237230659,0.8801643791194406,BCL,Unclassified,,Unknown
03:10:2023,19:36:14,Alta_Floresta_IF,276,276.816829,0.4141,0.2073,0.1335,0.1052,0.3757,0.1638,0.0866,0.0571,0.0385,0.0435,0.0469,0.0482,1.648257,61.20697,60.469066,1.509173,0.003232,0.413406,3,10,8,5,3,10,8,5,3,10,8,5,3,10,8,4,0.04685,0.09209,0.34604,0.36893,1,1,23:12:2024,21:38:08,624,-9.908354,-56.064393,288.0,lev20,Almucantar,Alta_Floresta_IF,276,276.816829,0.413406,0.206586,0.133509,0.105226,1.646406,61.20697,60.469066,1.509173,0.003232,0.413406,3,10,8,5,3,10,8,5,3,10,8,5,3,10,8,4,0.04685,0.09209,0.34604,0.36893,1,1,23:12:2024,21:38:08,624,-9.908354,-56.064393,288.0,lev20,Almucantar,Alta_Floresta_IF,276,276.816829,1.4903,1.5089,1.5091,1.5083,0.010825,0.010737,0.010927,0.011266,61.20697,60.469066,1.509173,0.003232,0.413406,3,10,8,5,3,10,8,5,3,10,8,5,3,10,8,4,0.04685,0.09209,0.34604,0.36893,1,1,23:12:2024,21:38:08,624,-9.908354,-56.064393,288.0,lev20,Almucantar,Alta_Floresta_IF,276,276.816829,0.9267,0.9072,0.8896,0.8794,61.20697,60.469066,1.509173,0.003232,0.413406,3,10,8,5,3,10,8,5,3,10,8,5,3,10,8,4,0.04685,0.09209,0.34604,0.36893,1,1,23:12:2024,21:38:08,624,-9.908354,-56.064393,288.0,lev20,Almucantar,Alta_Floresta_IF,276,276.816829,0.030366,0.019244,0.014732,0.012693,1.056552,61.20697,60.469066,1.509173,0.003232,0.413406,3,10,8,5,3,10,8,5,3,10,8,5,3,10,8,4,0.04685,0.09209,0.34604,0.36893,1,1,23:12:2024,21:38:08,624,-9.908354,-56.064393,288.0,lev20,Almucantar,1.6605182902573905,0.3349019622698901,0.8587482397691013,BCL,Urban,,Unknown
03:10:2023,20:19:01,Alta_Floresta_IF,276,276.846539,0.3845,0.193,0.1252,0.0986,0.3482,0.1517,0.0811,0.0538,0.0363,0.0413,0.0441,0.0447,1.634558,71.724112,70.987257,1.097031,0.003473,0.383758,4,10,7,6,4,10,7,6,4,10,7,6,4,10,7,6,0.05186,0.1023,0.38889,0.4099,1,1,23:12:2024,21:39:57,624,-9.908354,-56.064393,288.0,lev20,Almucantar,Alta_Floresta_IF,276,276.846539,0.383758,0.192243,0.125207,0.099058,1.632444,71.724112,70.987257,1.097031,0.003473,0.383758,4,10,7,6,4,10,7,6,4,10,7,6,4,10,7,6,0.05186,0.1023,0.38889,0.4099,1,1,23:12:2024,21:39:57,624,-9.908354,-56.064393,288.0,lev20,Almucantar,Alta_Floresta_IF,276,276.846539,1.50485,1.50415,1.506,1.50265,0.012257,0.012527,0.012961,0.0134085,71.724112,70.987257,1.097031,0.003473,0.383758,4,10,7,6,4,10,7,6,4,10,7,6,4,10,7,6,0.05186,0.1023,0.38889,0.4099,1,1,23:12:2024,21:39:57,624,-9.908354,-56.064393,288.0,lev20,Almucantar,Alta_Floresta_IF,276,276.846539,0.9217,0.8989,0.8772500000000001,0.85805,71.724112,70.987257,1.097031,0.003473,0.383758,4,10,7,6,4,10,7,6,4,10,7,6,4,10,7,6,0.05186,0.1023,0.38889,0.4099,1,1,23:12:2024,21:39:57,624,-9.908354,-56.064393,288.0,lev20,Almucantar,Alta_Floresta_IF,276,276.846539,0.043364,0.0272645,0.021113,0.0182895,1.0952994999999999,71.724112,70.987257,1.097031,0.003473,0.383758,4,10,7,6,4,10,7,6,4,10,7,6,4,10,7,6,0.05186,0.1023,0.38889,0.4099,1,1,23:12:2024,21:39:57,624,-9.908354,-56.064393,288.0,lev20,Almucantar,1.6458866165462473,0.31154523788228916,0.8549070104619432,BCL,Urban,,Unknown
03:10:2023,20:56:10,Alta_Floresta_IF,276,276.872338,0.3712,0.1865,0.1215,0.0964,0.335,0.1459,0.0785,0.0526,0.0362,0.0406,0.043,0.0438,1.627522,80.821488,80.090156,2.065611,0.002121,0.370408,4,10,7,6,4,10,7,6,4,10,7,6,4,10,7,6,0.05929,0.11766,0.45383,0.47127,1,1,23:12:2024,21:41:37,624,-9.908354,-56.064393,288.0,lev20,Almucantar,Alta_Floresta_IF,276,276.872338,0.370408,0.185747,0.121578,0.096358,1.624354,80.821488,80.090156,2.065611,0.002121,0.370408,4,10,7,6,4,10,7,6,4,10,7,6,4,10,7,6,0.05929,0.11766,0.45383,0.47127,1,1,23:12:2024,21:41:37,624,-9.908354,-56.064393,288.0,lev20,Almucantar,Alta_Floresta_IF,276,276.872338,1.50485,1.50415,1.506,1.50265,0.012257,0.012527,0.012961,0.0134085,80.821488,80.090156,2.065611,0.002121,0.370408,4,10,7,6,4,10,7,6,4,10,7,6,4,10,7,6,0.05929,0.11766,0.45383,0.47127,1,1,23:12:2024,21:41:37,624,-9.908354,-56.064393,288.0,lev20,Almucantar,Alta_Floresta_IF,276,276.872338,0.9217,0.8989,0.8772500000000001,0.85805,80.821488,80.090156,2.065611,0.002121,0.370408,4,10,7,6,4,10,7,6,4,10,7,6,4,10,7,6,0.05929,0.11766,0.45383,0.47127,1,1,23:12:2024,21:41:37,624,-9.908354,-56.064393,288.0,lev20,Almucantar,Alta_Floresta_IF,276,276.872338,0.043364,0.0272645,0.021113,0.0182895,1.0952994999999999,80.821488,80.090156,2.065611,0.002121,0.370408,4,10,7,6,4,10,7,6,4,10,7,6,4,10,7,6,0.05929,0.11766,0.45383,0.47127,1,1,23:12:2024,21:41:37,624,-9.908354,-56.064393,288.0,lev20,Almucantar,1.6382520983913358,0.3010624480369474,0.8511468297693497,BCL,Urban,,Unknown
04:10:2023,11:58:52,Alta_Floresta_IF,277,277.499213,0.5919,0.2987,0.1935,0.1519,0.5449,0.2484,0.1395,0.0955,0.047,0.0503,0.054,0.0564,1.628068,52.605632,53.343709,1.507604,0.029007,0.590821,3,10,8,4,3,10,8,4,3,10,8,4,4,10,8,4,0.04424,0.08701,0.32496,0.35101,1,1,23:12:2024,21:27:50,624,-9.908354,-56.064393,288.0,lev20,Almucantar,Alta_Floresta_IF,277,277.499213,0.590821,0.298306,0.193144,0.152471,1.627971,52.605632,53.343709,1.507604,0.029007,0.590821,3,10,8,4,3,10,8,4,3,10,8,4,4,10,8,4,0.04424,0.08701,0.32496,0.35101,1,1,23:12:2024,21:27:50,624,-9.908354,-56.064393,288.0,lev20,Almucantar,Alta_Floresta_IF,277,277.499213,1.4672,1.467,1.4649,1.4642,0.008504,0.006796,0.006934,0.006959,52.605632,53.343709,1.507604,0.029007,0.590821,3,10,8,4,3,10,8,4,3,10,8,4,4,10,8,4,0.04424,0.08701,0.32496,0.35101,1,1,23:12:2024,21:27:50,624,-9.908354,-56.064393,288.0,lev20,Almucantar,Alta_Floresta_IF,277,277.499213,0.9376,0.9344,0.9216,0.9154,52.605632,53.343709,1.507604,0.029007,0.590821,3,10,8,4,3,10,8,4,3,10,8,4,4,10,8,4,0.04424,0.08701,0.32496,0.35101,1,1,23:12:2024,21:27:50,624,-9.908354,-56.064393,288.0,lev20,Almucantar,Alta_Floresta_IF,277,277.499213,0.036956,0.019603,0.015177,0.012854,1.317598,52.605632,53.343709,1.507604,0.029007,0.590821,3,10,8,4,3,10,8,4,3,10,8,4,4,10,8,4,0.04424,0.08701,0.32496,0.35101,1,1,23:12:2024,21:27:50,624,-9.908354,-56.064393,288.0,lev20,Almucantar,1.640061424561914,0.4799505704219118,0.8850169547903598,BCL,Arid,,Unknown
04:10:2023,19:36:08,Alta_Floresta_IF,277,277.816759,0.3817,0.193,0.1268,0.101,0.3442,0.1511,0.0827,0.0562,0.0375,0.0419,0.0441,0.0448,1.606617,61.198318,60.460353,1.579932,0.027572,0.380764,3,9,7,5,3,9,7,5,3,10,7,5,3,10,8,5,0.04684,0.09207,0.34596,0.36891,1,1,23:12:2024,21:31:45,624,-9.908354,-56.064393,288.0,lev20,Almucantar,Alta_Floresta_IF,277,277.816759,0.380764,0.19208,0.126518,0.101629,1.60688,61.198318,60.460353,1.579932,0.027572,0.380764,3,9,7,5,3,9,7,5,3,10,7,5,3,10,8,5,0.04684,0.09207,0.34596,0.36891,1,1,23:12:2024,21:31:45,624,-9.908354,-56.064393,288.0,lev20,Almucantar,Alta_Floresta_IF,277,277.816759,1.50485,1.50415,1.506,1.50265,0.012257,0.012527,0.012961,0.0134085,61.198318,60.460353,1.579932,0.027572,0.380764,3,9,7,5,3,9,7,5,3,10,7,5,3,10,8,5,0.04684,0.09207,0.34596,0.36891,1,1,23:12:2024,21:31:45,624,-9.908354,-56.064393,288.0,lev20,Almucantar,Alta_Floresta_IF,277,277.816759,0.9217,0.8989,0.8772500000000001,0.85805,61.198318,60.460353,1.579932,0.027572,0.380764,3,9,7,5,3,9,7,5,3,10,7,5,3,10,8,5,0.04684,0.09207,0.34596,0.36891,1,1,23:12:2024,21:31:45,624,-9.908354,-56.064393,288.0,lev20,Almucantar,Alta_Floresta_IF,277,277.816759,0.043364,0.0272645,0.021113,0.0182895,1.0952994999999999,61.198318,60.460353,1.579932,0.027572,0.380764,3,9,7,5,3,9,7,5,3,10,7,5,3,10,8,5,0.04684,0.09207,0.34596,0.36891,1,1,23:12:2024,21:31:45,624,-9.908354,-56.064393,288.0,lev20,Almucantar,1.6165381200926405,0.3104390052585628,0.8501987749854201,BCL,Urban,,Unknown
04:10:2023,20:18:55,Alta_Floresta_IF,277,277.84647,0.3818,0.1941,0.1293,0.1028,0.3418,0.15,0.0835,0.0564,0.04,0.0441,0.0458,0.0464,1.580107,71.714955,70.978213,3.88062,0.049006,0.381197,4,10,7,6,4,10,7,6,4,10,7,4,4,10,7,5,0.05174,0.10215,0.38881,0.40986,1,1,23:12:2024,21:34:19,624,-9.908354,-56.064393,288.0,lev20,Almucantar,Alta_Floresta_IF,277,277.84647,0.381197,0.193395,0.128914,0.103825,1.582448,71.714955,70.978213,3.88062,0.049006,0.381197,4,10,7,6,4,10,7,6,4,10,7,4,4,10,7,5,0.05174,0.10215,0.38881,0.40986,1,1,23:12:2024,21:34:19,624,-9.908354,-56.064393,288.0,lev20,Almucantar,Alta_Floresta_IF,277,277.84647,1.50485,1.50415,1.506,1.50265,0.012257,0.012527,0.012961,0.0134085,71.714955,70.978213,3.88062,0.049006,0.381197,4,10,7,6,4,10,7,6,4,10,7,4,4,10,7,5,0.05174,0.10215,0.38881,0.40986,1,1,23:12:2024,21:34:19,624,-9.908354,-56.064393,288.0,lev20,Almucantar,Alta_Floresta_IF,277,277.84647,0.9217,0.8989,0.8772500000000001,0.85805,71.714955,70.978213,3.88062,0.049006,0.381197,4,10,7,6,4,10,7,6,4,10,7,4,4,10,7,5,0.05174,0.10215,0.38881,0.40986,1,1,23:12:2024,21:34:19,624,-9.908354,-56.064393,288.0,lev20,Almucantar,Alta_Floresta_IF,277,277.84647,0.043364,0.0272645,0.021113,0.0182895,1.0952994999999999,71.714955,70.978213,3.88062,0.049006,0.381197,4,10,7,6,4,10,7,6,4,10,7,4,4,10,7,5,0.05174,0.10215,0.38881,0.40986,1,1,23:12:2024,21:34:19,624,-9.908354,-56.064393,288.0,lev20,Almucantar,1.5882826265634113,0.3116439618312093,0.8422064984486067,BCL,Urban,,Unknown
07:10:2023,20:18:43,Alta_Floresta_IF,280,280.846331,0.3142,0.1587,0.1061,0.0858,0.2803,0.1204,0.0655,0.0444,0.034,0.0383,0.0407,0.0414,1.585453,71.708697,70.972521,2.088356,0.019685,0.314128,4,10,7,6,3,10,7,5,2,9,7,5,4,9,7,4,0.0517,0.10208,0.38854,0.40983,1,1,23:12:2024,21:27:54,624,-9.908354,-56.064393,288.0,lev20,Almucantar,Alta_Floresta_IF,280,280.846331,0.314128,0.158746,0.10602,0.086091,1.586011,71.708697,70.972521,2.088356,0.019685,0.314128,4,10,7,6,3,10,7,5,2,9,7,5,4,9,7,4,0.0517,0.10208,0.38854,0.40983,1,1,23:12:2024,21:27:54,624,-9.908354,-56.064393,288.0,lev20,Almucantar,Alta_Floresta_IF,280,280.846331,1.50485,1.50415,1.506,1.50265,0.012257,0.012527,0.012961,0.0134085,71.708697,70.972521,2.088356,0.019685,0.314128,4,10,7,6,3,10,7,5,2,9,7,5,4,9,7,4,0.0517,0.10208,0.38854,0.40983,1,1,23:12:2024,21:27:54,624,-9.908354,-56.064393,288.0,lev20,Almucantar,Alta_Floresta_IF,280,280.846331,0.9217,0.8989,0.8772500000000001,0.85805,71.708697,70.972521,2.088356,0.019685,0.314128,4,10,7,6,3,10,7,5,2,9,7,5,4,9,7,4,0.0517,0.10208,0.38854,0.40983,1,1,23:12:2024,21:27:54,624,-9.908354,-56.064393,288.0,lev20,Almucantar,Alta_Floresta_IF,280,280.846331,0.043364,0.0272645,0.021113,0.0182895,1.0952994999999999,71.708697,70.972521,2.088356,0.019685,0.314128,4,10,7,6,3,10,7,5,2,9,7,5,4,9,7,4,0.0517,0.10208,0.38854,0.40983,1,1,23:12:2024,21:27:54,624,-9.908354,-56.064393,288.0,lev20,Almucantar,1.5925161258044718,0.25632675576047176,0.8332956028164685,BCL,Urban,,Unknown
10:10:2023,19:11:12,Alta_Floresta_IF,283,283.799444,0.3623,0.1801,0.1168,0.0897,0.333,0.1488,0.0833,0.0545,0.0293,0.0313,0.0335,0.0352,1.64996,55.16148,54.423447,2.778083,0.039102,0.361438,4,10,8,4,4,10,8,4,4,10,8,4,4,10,6,4,0.04448,0.08671,0.33166,0.35386,1,1,23:12:2024,21:36:47,624,-9.908354,-56.064393,288.0,lev20,Almucantar,Alta_Floresta_IF,283,283.799444,0.361438,0.179937,0.117334,0.089659,1.64052,55.16148,54.423447,2.778083,0.039102,0.361438,4,10,8,4,4,10,8,4,4,10,8,4,4,10,6,4,0.04448,0.08671,0.33166,0.35386,1,1,23:12:2024,21:36:47,624,-9.908354,-56.064393,288.0,lev20,Almucantar,Alta_Floresta_IF,283,283.799444,1.50485,1.50415,1.506,1.50265,0.012257,0.012527,0.012961,0.0134085,55.16148,54.423447,2.778083,0.039102,0.361438,4,10,8,4,4,10,8,4,4,10,8,4,4,10,6,4,0.04448,0.08671,0.33166,0.35386,1,1,23:12:2024,21:36:47,624,-9.908354,-56.064393,288.0,lev20,Almucantar,Alta_Floresta_IF,283,283.799444,0.9217,0.8989,0.8772500000000001,0.85805,55.16148,54.423447,2.778083,0.039102,0.361438,4,10,8,4,4,10,8,4,4,10,8,4,4,10,6,4,0.04448,0.08671,0.33166,0.35386,1,1,23:12:2024,21:36:47,624,-9.908354,-56.064393,288.0,lev20,Almucantar,Alta_Floresta_IF,283,283.799444,0.043364,0.0272645,0.021113,0.0182895,1.0952994999999999,55.16148,54.423447,2.778083,0.039102,0.361438,4,10,8,4,4,10,8,4,4,10,8,4,4,10,6,4,0.04448,0.08671,0.33166,0.35386,1,1,23:12:2024,21:36:47,624,-9.908354,-56.064393,288.0,lev20,Almucantar,1.6605234460449572,0.2930086958723524,0.8843524538220402,BCL,Urban,,Unknown
10:10:2023,19:35:42,Alta_Floresta_IF,283,283.816458,0.3659,0.18,0.1161,0.0898,0.333,0.1428,0.0766,0.0494,0.0329,0.0372,0.0396,0.0405,1.673285,61.186076,60.448674,1.516257,0.041554,0.364862,3,10,8,5,3,10,8,4,3,10,7,4,3,10,6,5,0.04626,0.09043,0.34787,0.36944,1,1,23:12:2024,21:38:22,624,-9.908354,-56.064393,288.0,lev20,Almucantar,Alta_Floresta_IF,283,283.816458,0.364862,0.180045,0.116751,0.089797,1.6615,61.186076,60.448674,1.516257,0.041554,0.364862,3,10,8,5,3,10,8,4,3,10,7,4,3,10,6,5,0.04626,0.09043,0.34787,0.36944,1,1,23:12:2024,21:38:22,624,-9.908354,-56.064393,288.0,lev20,Almucantar,Alta_Floresta_IF,283,283.816458,1.50485,1.50415,1.506,1.50265,0.012257,0.012527,0.012961,0.0134085,61.186076,60.448674,1.516257,0.041554,0.364862,3,10,8,5,3,10,8,4,3,10,7,4,3,10,6,5,0.04626,0.09043,0.34787,0.36944,1,1,23:12:2024,21:38:22,624,-9.908354,-56.064393,288.0,lev20,Almucantar,Alta_Floresta_IF,283,283.816458,0.9217,0.8989,0.8772500000000001,0.85805,61.186076,60.448674,1.516257,0.041554,0.364862,3,10,8,5,3,10,8,4,3,10,7,4,3,10,6,5,0.04626,0.09043,0.34787,0.36944,1,1,23:12:2024,21:38:22,624,-9.908354,-56.064393,288.0,lev20,Almucantar,Alta_Floresta_IF,283,283.816458,0.043364,0.0272645,0.021113,0.0182895,1.0952994999999999,61.186076,60.448674,1.516257,0.041554,0.364862,3,10,8,5,3,10,8,4,3,10,7,4,3,10,6,5,0.04626,0.09043,0.34787,0.36944,1,1,23:12:2024,21:38:22,624,-9.908354,-56.064393,288.0,lev20,Almucantar,1.6838448846891796,0.2950392809728891,0.8628808474161153,BCL,Urban,,Unknown
12:10:2023,11:30:12,Alta_Floresta_IF,285,285.479306,0.4355,0.246,0.1778,0.1487,0.4018,0.2113,0.1424,0.1131,0.0337,0.0348,0.0354,0.0356,1.310087,58.680307,59.41773,5.506614,0.168091,0.43322,4,10,7,5,4,10,7,5,4,10,7,5,3,8,6,5,0.04522,0.08862,0.34157,0.36646,1,1,23:12:2024,21:37:27,624,-9.908354,-56.064393,288.0,lev20,Almucantar,Alta_Floresta_IF,285,285.479306,0.43322,0.244479,0.176652,0.151266,1.311928,58.680307,59.41773,5.506614,0.168091,0.43322,4,10,7,5,4,10,7,5,4,10,7,5,3,8,6,5,0.04522,0.08862,0.34157,0.36646,1,1,23:12:2024,21:37:27,624,-9.908354,-56.064393,288.0,lev20,Almucantar,Alta_Floresta_IF,285,285.479306,1.5154,1.5471,1.5718,1.59,0.007908,0.010763,0.011605,0.011661,58.680307,59.41773,5.506614,0.168091,0.43322,4,10,7,5,4,10,7,5,4,10,7,5,3,8,6,5,0.04522,0.08862,0.34157,0.36646,1,1,23:12:2024,21:37:27,624,-9.908354,-56.064393,288.0,lev20,Almucantar,Alta_Floresta_IF,285,285.479306,0.9344,0.8995,0.8831,0.8775,58.680307,59.41773,5.506614,0.168091,0.43322,4,10,7,5,4,10,7,5,4,10,7,5,3,8,6,5,0.04522,0.08862,0.34157,0.36646,1,1,23:12:2024,21:37:27,624,-9.908354,-56.064393,288.0,lev20,Almucantar,Alta_Floresta_IF,285,285.479306,0.028563,0.024733,0.02079,0.018211,0.450357,58.680307,59.41773,5.506614,0.168091,0.43322,4,10,7,5,4,10,7,5,4,10,7,5,3,8,6,5,0.04522,0.08862,0.34157,0.36646,1,1,23:12:2024,21:37:27,624,-9.908354,-56.064393,288.0,lev20,Almucantar,1.3140841759032653,0.3681575551871494,0.8925841866910872,BCL,Urban,,Unknown
13:10:2023,11:54:16,Alta_Floresta_IF,286,286.496019,0.3354,0.1798,0.1265,0.1039,0.2935,0.1322,0.0756,0.0518,0.0419,0.0476,0.0509,0.052,1.426411,52.657136,53.394989,3.146174,0.178485,0.334229,3,10,8,4,3,10,8,4,3,10,8,4,3,10,8,3,0.0437,0.08536,0.32691,0.35161,1,1,23:12:2024,21:29:37,624,-9.908354,-56.064393,288.0,lev20,Almucantar,Alta_Floresta_IF,286,286.496019,0.334229,0.178516,0.125129,0.106716,1.436982,52.657136,53.394989,3.146174,0.178485,0.334229,3,10,8,4,3,10,8,4,3,10,8,4,3,10,8,3,0.0437,0.08536,0.32691,0.35161,1,1,23:12:2024,21:29:37,624,-9.908354,-56.064393,288.0,lev20,Almucantar,Alta_Floresta_IF,286,286.496019,1.50485,1.50415,1.506,1.50265,0.012257,0.012527,0.012961,0.0134085,52.657136,53.394989,3.146174,0.178485,0.334229,3,10,8,4,3,10,8,4,3,10,8,4,3,10,8,3,0.0437,0.08536,0.32691,0.35161,1,1,23:12:2024,21:29:37,624,-9.908354,-56.064393,288.0,lev20,Almucantar,Alta_Floresta_IF,286,286.496019,0.9217,0.8989,0.8772500000000001,0.85805,52.657136,53.394989,3.146174,0.178485,0.334229,3,10,8,4,3,10,8,4,3,10,8,4,3,10,8,3,0.0437,0.08536,0.32691,0.35161,1,1,23:12:2024,21:29:37,624,-9.908354,-56.064393,288.0,lev20,Almucantar,Alta_Floresta_IF,286,286.496019,0.043364,0.0272645,0.021113,0.0182895,1.0952994999999999,52.657136,53.394989,3.146174,0.178485,0.334229,3,10,8,4,3,10,8,4,3,10,8,4,3,10,8,3,0.0437,0.08536,0.32691,0.35161,1,1,23:12:2024,21:29:37,624,-9.908354,-56.064393,288.0,lev20,Almucantar,1.4303287398737308,0.2793540864450486,0.8127968926464647,BCL,Urban,,Unknown
13:10:2023,19:11:01,Alta_Floresta_IF,286,286.799317,0.2301,0.1184,0.0778,0.0617,0.2093,0.0967,0.0547,0.0376,0.0209,0.0217,0.0231,0.0241,1.579292,55.16519,54.427789,2.186752,0.116662,0.229154,4,10,8,4,4,10,7,4,4,10,7,4,4,10,7,3,0.04447,0.0867,0.33167,0.35387,1,1,23:12:2024,21:32:42,624,-9.908354,-56.064393,288.0,lev20,Almucantar,Alta_Floresta_IF,286,286.799317,0.229154,0.117806,0.078312,0.063851,1.565532,55.16519,54.427789,2.186752,0.116662,0.229154,4,10,8,4,4,10,7,4,4,10,7,4,4,10,7,3,0.04447,0.0867,0.33167,0.35387,1,1,23:12:2024,21:32:42,624,-9.908354,-56.064393,288.0,lev20,Almucantar,Alta_Floresta_IF,286,286.799317,1.50485,1.50415,1.506,1.50265,0.012257,0.012527,0.012961,0.0134085,55.16519,54.427789,2.186752,0.116662,0.229154,4,10,8,4,4,10,7,4,4,10,7,4,4,10,7,3,0.04447,0.0867,0.33167,0.35387,1,1,23:12:2024,21:32:42,624,-9.908354,-56.064393,288.0,lev20,Almucantar,Alta_Floresta_IF,286,286.799317,0.9217,0.8989,0.8772500000000001,0.85805,55.16519,54.427789,2.186752,0.116662,0.229154,4,10,8,4,4,10,7,4,4,10,7,4,4,10,7,3,0.04447,0.0867,0.33167,0.35387,1,1,23:12:2024,21:32:42,624,-9.908354,-56.064393,288.0,lev20,Almucantar,Alta_Floresta_IF,286,286.799317,0.043364,0.0272645,0.021113,0.0182895,1.0952994999999999,55.16519,54.427789,2.186752,0.116662,0.229154,4,10,8,4,4,10,7,4,4,10,7,4,4,10,7,3,0.04447,0.0867,0.33167,0.35387,1,1,23:12:2024,21:32:42,624,-9.908354,-56.064393,288.0,lev20,Almucantar,1.5906456845986678,0.18776222398505638,0.8721968918470794,BCL,Maritime,,Unknown
17:10:2023,10:24:58,Alta_Floresta_IF,290,290.434005,0.3107,0.1725,0.1285,0.1121,0.2562,0.1113,0.0634,0.0456,0.0545,0.0612,0.0651,0.0665,1.297342,74.144141,74.875076,2.88796,0.027627,0.30972,4,10,7,6,4,10,7,6,4,10,7,5,3,10,6,5,0.05121,0.10158,0.4094,0.43442,1,1,23:12:2024,21:36:16,624,-9.908354,-56.064393,288.0,lev20,Almucantar,Alta_Floresta_IF,290,290.434005,0.30972,0.172145,0.128185,0.112608,1.296148,74.144141,74.875076,2.88796,0.027627,0.30972,4,10,7,6,4,10,7,6,4,10,7,5,3,10,6,5,0.05121,0.10158,0.4094,0.43442,1,1,23:12:2024,21:36:16,624,-9.908354,-56.064393,288.0,lev20,Almucantar,Alta_Floresta_IF,290,290.434005,1.50485,1.50415,1.506,1.50265,0.012257,0.012527,0.012961,0.0134085,74.144141,74.875076,2.88796,0.027627,0.30972,4,10,7,6,4,10,7,6,4,10,7,5,3,10,6,5,0.05121,0.10158,0.4094,0.43442,1,1,23:12:2024,21:36:16,624,-9.908354,-56.064393,288.0,lev20,Almucantar,Alta_Floresta_IF,290,290.434005,0.9217,0.8989,0.8772500000000001,0.85805,74.144141,74.875076,2.88796,0.027627,0.30972,4,10,7,6,4,10,7,6,4,10,7,5,3,10,6,5,0.05121,0.10158,0.4094,0.43442,1,1,23:12:2024,21:36:16,624,-9.908354,-56.064393,288.0,lev20,Almucantar,Alta_Floresta_IF,290,290.434005,0.043364,0.0272645,0.021113,0.0182895,1.0952994999999999,74.144141,74.875076,2.88796,0.027627,0.30972,4,10,7,6,4,10,7,6,4,10,7,5,3,10,6,5,0.05121,0.10158,0.4094,0.43442,1,1,23:12:2024,21:36:16,624,-9.908354,-56.064393,288.0,lev20,Almucantar,1.295107778110517,0.2632936166722513,0.7368378192032556,BCL,Urban,,Unknown
17:10:2023,10:45:14,Alta_Floresta_IF,290,290.448079,0.303,0.1668,0.1235,0.1061,0.25,0.1069,0.06,0.0411,0.0531,0.0599,0.0635,0.065,1.318489,69.197699,69.930636,4.32852,0.092406,0.302195,4,10,7,6,4,10,7,6,4,10,7,4,3,10,5,5,0.04851,0.09555,0.38256,0.40696,1,1,23:12:2024,21:38:06,624,-9.908354,-56.064393,288.0,lev20,Almucantar,Alta_Floresta_IF,290,290.448079,0.302195,0.166283,0.122629,0.107508,1.324373,69.197699,69.930636,4.32852,0.092406,0.302195,4,10,7,6,4,10,7,6,4,10,7,4,3,10,5,5,0.04851,0.09555,0.38256,0.40696,1,1,23:12:2024,21:38:06,624,-9.908354,-56.064393,288.0,lev20,Almucantar,Alta_Floresta_IF,290,290.448079,1.50485,1.50415,1.506,1.50265,0.012257,0.012527,0.012961,0.0134085,69.197699,69.930636,4.32852,0.092406,0.302195,4,10,7,6,4,10,7,6,4,10,7,4,3,10,5,5,0.04851,0.09555,0.38256,0.40696,1,1,23:12:2024,21:38:06,624,-9.908354,-56.064393,288.0,lev20,Almucantar,Alta_Floresta_IF,290,290.448079,0.9217,0.8989,0.8772500000000001,0.85805,69.197699,69.930636,4.32852,0.092406,0.302195,4,10,7,6,4,10,7,6,4,10,7,4,3,10,5,5,0.04851,0.09555,0.38256,0.40696,1,1,23:12:2024,21:38:06,624,-9.908354,-56.064393,288.0,lev20,Almucantar,Alta_Floresta_IF,290,290.448079,0.043364,0.0272645,0.021113,0.0182895,1.0952994999999999,69.197699,69.930636,4.32852,0.092406,0.302195,4,10,7,6,4,10,7,6,4,10,7,4,3,10,5,5,0.04851,0.09555,0.38256,0.40696,1,1,23:12:2024,21:38:06,624,-9.908354,-56.064393,288.0,lev20,Almucantar,1.3165135896065254,0.2560668222189407,0.7379565599151041,BCL,Urban,,Unknown
17:10:2023,11:28:08,Alta_Floresta_IF,290,290.47787,0.3144,0.1763,0.1302,0.1112,0.2586,0.1147,0.0647,0.044,0.0559,0.0617,0.0655,0.0672,1.293227,58.69502,59.430533,4.181011,0.139741,0.314096,4,10,7,5,4,10,7,5,4,8,6,4,3,8,5,4,0.04457,0.08685,0.3442,0.36793,1,1,23:12:2024,21:39:49,624,-9.908354,-56.064393,288.0,lev20,Almucantar,Alta_Floresta_IF,290,290.47787,0.314096,0.174143,0.128596,0.112567,1.31092,58.69502,59.430533,4.181011,0.139741,0.314096,4,10,7,5,4,10,7,5,4,8,6,4,3,8,5,4,0.04457,0.08685,0.3442,0.36793,1,1,23:12:2024,21:39:49,624,-9.908354,-56.064393,288.0,lev20,Almucantar,Alta_Floresta_IF,290,290.47787,1.50485,1.50415,1.506,1.50265,0.012257,0.012527,0.012961,0.0134085,58.69502,59.430533,4.181011,0.139741,0.314096,4,10,7,5,4,10,7,5,4,8,6,4,3,8,5,4,0.04457,0.08685,0.3442,0.36793,1,1,23:12:2024,21:39:49,624,-9.908354,-56.064393,288.0,lev20,Almucantar,Alta_Floresta_IF,290,290.47787,0.9217,0.8989,0.8772500000000001,0.85805,58.69502,59.430533,4.181011,0.139741,0.314096,4,10,7,5,4,10,7,5,4,8,6,4,3,8,5,4,0.04457,0.08685,0.3442,0.36793,1,1,23:12:2024,21:39:49,624,-9.908354,-56.064393,288.0,lev20,Almucantar,Alta_Floresta_IF,290,290.47787,0.043364,0.0272645,0.021113,0.0182895,1.0952994999999999,58.69502,59.430533,4.181011,0.139741,0.314096,4,10,7,5,4,10,7,5,4,8,6,4,3,8,5,4,0.04457,0.08685,0.3442,0.36793,1,1,23:12:2024,21:39:49,624,-9.908354,-56.064393,288.0,lev20,Almucantar,1.2931941124078052,0.2664942579311581,0.7431460070419572,BCL,Urban,,Unknown
17:10:2023,20:18:16,Alta_Floresta_IF,290,290.846019,0.1835,0.0986,0.0703,0.0596,0.1532,0.0654,0.0343,0.0226,0.0303,0.0332,0.036,0.037,1.405388,71.681753,70.949754,1.48629,0.013774,0.182767,4,10,7,6,4,10,7,6,4,10,7,6,4,10,7,6,0.05025,0.09872,0.39343,0.41201,1,1,23:12:2024,21:29:44,624,-9.908354,-56.064393,288.0,lev20,Almucantar,Alta_Floresta_IF,290,290.846019,0.182767,0.098566,0.07033,0.059618,1.398714,71.681753,70.949754,1.48629,0.013774,0.182767,4,10,7,6,4,10,7,6,4,10,7,6,4,10,7,6,0.05025,0.09872,0.39343,0.41201,1,1,23:12:2024,21:29:44,624,-9.908354,-56.064393,288.0,lev20,Almucantar,Alta_Floresta_IF,290,290.846019,1.50485,1.50415,1.506,1.50265,0.012257,0.012527,0.012961,0.0134085,71.681753,70.949754,1.48629,0.013774,0.182767,4,10,7,6,4,10,7,6,4,10,7,6,4,10,7,6,0.05025,0.09872,0.39343,0.41201,1,1,23:12:2024,21:29:44,624,-9.908354,-56.064393,288.0,lev20,Almucantar,Alta_Floresta_IF,290,290.846019,0.9217,0.8989,0.8772500000000001,0.85805,71.681753,70.949754,1.48629,0.013774,0.182767,4,10,7,6,4,10,7,6,4,10,7,6,4,10,7,6,0.05025,0.09872,0.39343,0.41201,1,1,23:12:2024,21:29:44,624,-9.908354,-56.064393,288.0,lev20,Almucantar,Alta_Floresta_IF,290,290.846019,0.043364,0.0272645,0.021113,0.0182895,1.0952994999999999,71.681753,70.949754,1.48629,0.013774,0.182767,4,10,7,6,4,10,7,6,4,10,7,6,4,10,7,6,0.05025,0.09872,0.39343,0.41201,1,1,23:12:2024,21:29:44,624,-9.908354,-56.064393,288.0,lev20,Almucantar,1.4073886657908394,0.15328568910798565,0.7574304314644688,BCL,Maritime,,Unknown
17:10:2023,20:41:16,Alta_Floresta_IF,290,290.861991,0.1913,0.1024,0.0731,0.0617,0.1615,0.0696,0.0379,0.0257,0.0298,0.0328,0.0352,0.036,1.409675,77.281472,76.552609,1.77811,0.041565,0.19075,4,10,7,6,4,10,6,5,4,10,6,5,4,10,5,5,0.0542,0.10718,0.42902,0.44572,1,1,23:12:2024,21:31:48,624,-9.908354,-56.064393,288.0,lev20,Almucantar,Alta_Floresta_IF,290,290.861991,0.19075,0.102004,0.072731,0.061567,1.41277,77.281472,76.552609,1.77811,0.041565,0.19075,4,10,7,6,4,10,6,5,4,10,6,5,4,10,5,5,0.0542,0.10718,0.42902,0.44572,1,1,23:12:2024,21:31:48,624,-9.908354,-56.064393,288.0,lev20,Almucantar,Alta_Floresta_IF,290,290.861991,1.50485,1.50415,1.506,1.50265,0.012257,0.012527,0.012961,0.0134085,77.281472,76.552609,1.77811,0.041565,0.19075,4,10,7,6,4,10,6,5,4,10,6,5,4,10,5,5,0.0542,0.10718,0.42902,0.44572,1,1,23:12:2024,21:31:48,624,-9.908354,-56.064393,288.0,lev20,Almucantar,Alta_Floresta_IF,290,290.861991,0.9217,0.8989,0.8772500000000001,0.85805,77.281472,76.552609,1.77811,0.041565,0.19075,4,10,7,6,4,10,6,5,4,10,6,5,4,10,5,5,0.0542,0.10718,0.42902,0.44572,1,1,23:12:2024,21:31:48,624,-9.908354,-56.064393,288.0,lev20,Almucantar,Alta_Floresta_IF,290,290.861991,0.043364,0.0272645,0.021113,0.0182895,1.0952994999999999,77.281472,76.552609,1.77811,0.041565,0.19075,4,10,7,6,4,10,6,5,4,10,6,5,4,10,5,5,0.0542,0.10718,0.42902,0.44572,1,1,23:12:2024,21:31:48,624,-9.908354,-56.064393,288.0,lev20,Almucantar,1.4111609575359625,0.15972433347101986,0.7687450531444937,BCL,Maritime,,Unknown
18:10:2023,10:45:07,Alta_Floresta_IF,291,291.447998,0.376,0.1949,0.1337,0.1102,0.3278,0.1417,0.0774,0.0524,0.0482,0.0532,0.0564,0.0578,1.511608,69.132312,69.864699,1.412966,0.014875,0.375462,4,10,7,6,4,10,7,6,4,10,7,6,4,10,5,6,0.04842,0.09537,0.38189,0.40665,1,1,23:12:2024,21:39:03,624,-9.908354,-56.064393,288.0,lev20,Almucantar,Alta_Floresta_IF,291,291.447998,0.375462,0.194787,0.133462,0.110587,1.511863,69.132312,69.864699,1.412966,0.014875,0.375462,4,10,7,6,4,10,7,6,4,10,7,6,4,10,5,6,0.04842,0.09537,0.38189,0.40665,1,1,23:12:2024,21:39:03,624,-9.908354,-56.064393,288.0,lev20,Almucantar,Alta_Floresta_IF,291,291.447998,1.50485,1.50415,1.506,1.50265,0.012257,0.012527,0.012961,0.0134085,69.132312,69.864699,1.412966,0.014875,0.375462,4,10,7,6,4,10,7,6,4,10,7,6,4,10,5,6,0.04842,0.09537,0.38189,0.40665,1,1,23:12:2024,21:39:03,624,-9.908354,-56.064393,288.0,lev20,Almucantar,Alta_Floresta_IF,291,291.447998,0.9217,0.8989,0.8772500000000001,0.85805,69.132312,69.864699,1.412966,0.014875,0.375462,4,10,7,6,4,10,7,6,4,10,7,6,4,10,5,6,0.04842,0.09537,0.38189,0.40665,1,1,23:12:2024,21:39:03,624,-9.908354,-56.064393,288.0,lev20,Almucantar,Alta_Floresta_IF,291,291.447998,0.043364,0.0272645,0.021113,0.0182895,1.0952994999999999,69.132312,69.864699,1.412966,0.014875,0.375462,4,10,7,6,4,10,7,6,4,10,7,6,4,10,5,6,0.04842,0.09537,0.38189,0.40665,1,1,23:12:2024,21:39:03,624,-9.908354,-56.064393,288.0,lev20,Almucantar,1.5167414151633682,0.3097293880845161,0.8076697087702629,BCL,Urban,,Unknown
28:10:2023,19:35:11,Alta_Floresta_IF,301,301.8161,0.6535,0.2922,0.1748,0.1314,0.6109,0.2457,0.1252,0.0801,0.0425,0.0465,0.0496,0.0513,1.919814,61.180214,60.45283,1.985966,0.037339,0.652897,3,10,8,5,3,10,8,5,3,10,8,4,2,10,8,4,0.04474,0.08624,0.35324,0.37235,1,1,23:12:2024,21:30:54,624,-9.908354,-56.064393,288.0,lev20,Almucantar,Alta_Floresta_IF,301,301.8161,0.652897,0.291157,0.174383,0.132359,1.922368,61.180214,60.45283,1.985966,0.037339,0.652897,3,10,8,5,3,10,8,5,3,10,8,4,2,10,8,4,0.04474,0.08624,0.35324,0.37235,1,1,23:12:2024,21:30:54,624,-9.908354,-56.064393,288.0,lev20,Almucantar,Alta_Floresta_IF,301,301.8161,1.4852,1.4998,1.5027,1.5026,0.006596,0.006438,0.006525,0.0066,61.180214,60.45283,1.985966,0.037339,0.652897,3,10,8,5,3,10,8,5,3,10,8,4,2,10,8,4,0.04474,0.08624,0.35324,0.37235,1,1,23:12:2024,21:30:54,624,-9.908354,-56.064393,288.0,lev20,Almucantar,Alta_Floresta_IF,301,301.8161,0.9535,0.9368,0.9202,0.9104,61.180214,60.45283,1.985966,0.037339,0.652897,3,10,8,5,3,10,8,5,3,10,8,4,2,10,8,4,0.04474,0.08624,0.35324,0.37235,1,1,23:12:2024,21:30:54,624,-9.908354,-56.064393,288.0,lev20,Almucantar,Alta_Floresta_IF,301,301.8161,0.030357,0.018464,0.013942,0.011767,1.138204,61.180214,60.45283,1.985966,0.037339,0.652897,3,10,8,5,3,10,8,5,3,10,8,4,2,10,8,4,0.04474,0.08624,0.35324,0.37235,1,1,23:12:2024,21:30:54,624,-9.908354,-56.064393,288.0,lev20,Almucantar,1.9343762848867045,0.5103336312705467,0.8992692123782041,FNA,Arid,,Unknown
28:10:2023,20:18:33,Alta_Floresta_IF,301,301.846215,0.5567,0.2461,0.1462,0.1101,0.5226,0.2077,0.1052,0.0682,0.0342,0.0385,0.041,0.0419,1.946574,71.670854,70.946854,2.300791,0.009493,0.556518,4,10,7,6,4,9,6,5,4,9,5,5,4,9,5,5,0.0493,0.09618,0.39648,0.41355,1,1,23:12:2024,21:32:50,624,-9.908354,-56.064393,288.0,lev20,Almucantar,Alta_Floresta_IF,301,301.846215,0.556518,0.245208,0.146235,0.110297,1.946637,71.670854,70.946854,2.300791,0.009493,0.556518,4,10,7,6,4,9,6,5,4,9,5,5,4,9,5,5,0.0493,0.09618,0.39648,0.41355,1,1,23:12:2024,21:32:50,624,-9.908354,-56.064393,288.0,lev20,Almucantar,Alta_Floresta_IF,301,301.846215,1.5137,1.5128,1.507,1.5062,0.008594,0.008308,0.008184,0.008156,71.670854,70.946854,2.300791,0.009493,0.556518,4,10,7,6,4,9,6,5,4,9,5,5,4,9,5,5,0.0493,0.09618,0.39648,0.41355,1,1,23:12:2024,21:32:50,624,-9.908354,-56.064393,288.0,lev20,Almucantar,Alta_Floresta_IF,301,301.846215,0.9455,0.9277,0.9111,0.9018,71.670854,70.946854,2.300791,0.009493,0.556518,4,10,7,6,4,9,6,5,4,9,5,5,4,9,5,5,0.0493,0.09618,0.39648,0.41355,1,1,23:12:2024,21:32:50,624,-9.908354,-56.064393,288.0,lev20,Almucantar,Alta_Floresta_IF,301,301.846215,0.030315,0.017794,0.012999,0.010812,1.236615,71.670854,70.946854,2.300791,0.009493,0.556518,4,10,7,6,4,9,6,5,4,9,5,5,4,9,5,5,0.0493,0.09618,0.39648,0.41355,1,1,23:12:2024,21:32:50,624,-9.908354,-56.064393,288.0,lev20,Almucantar,1.961294842094436,0.43324680886722783,0.9012487508795963,BCL,Unclassified,,Unknown
28:10:2023,20:42:08,Alta_Floresta_IF,301,301.862593,0.5755,0.2538,0.1509,0.1128,0.5486,0.2244,0.1189,0.0797,0.0269,0.0295,0.032,0.0332,1.949211,77.347632,76.627273,2.301665,0.008779,0.575175,4,10,7,6,4,8,7,4,4,7,7,5,4,8,7,5,0.05346,0.1049,0.43357,0.44788,1,1,23:12:2024,21:34:47,624,-9.908354,-56.064393,288.0,lev20,Almucantar,Alta_Floresta_IF,301,301.862593,0.575175,0.253043,0.150935,0.113473,1.948754,77.347632,76.627273,2.301665,0.008779,0.575175,4,10,7,6,4,8,7,4,4,7,7,5,4,8,7,5,0.05346,0.1049,0.43357,0.44788,1,1,23:12:2024,21:34:47,624,-9.908354,-56.064393,288.0,lev20,Almucantar,Alta_Floresta_IF,301,301.862593,1.4529,1.4616,1.4593,1.4591,0.00878,0.008299,0.008244,0.00827,77.347632,76.627273,2.301665,0.008779,0.575175,4,10,7,6,4,8,7,4,4,7,7,5,4,8,7,5,0.05346,0.1049,0.43357,0.44788,1,1,23:12:2024,21:34:47,624,-9.908354,-56.064393,288.0,lev20,Almucantar,Alta_Floresta_IF,301,301.862593,0.9385,0.9205,0.9018,0.8905,77.347632,76.627273,2.301665,0.008779,0.575175,4,10,7,6,4,8,7,4,4,7,7,5,4,8,7,5,0.05346,0.1049,0.43357,0.44788,1,1,23:12:2024,21:34:47,624,-9.908354,-56.064393,288.0,lev20,Almucantar,Alta_Floresta_IF,301,301.862593,0.035387,0.020176,0.014811,0.012362,1.275311,77.347632,76.627273,2.301665,0.008779,0.575175,4,10,7,6,4,8,7,4,4,7,7,5,4,8,7,5,0.05346,0.1049,0.43357,0.44788,1,1,23:12:2024,21:34:47,624,-9.908354,-56.064393,288.0,lev20,Almucantar,1.9635991869956275,0.4477458282670424,0.9265033233125626,BCL,Unclassified,,Unknown
31:10:2023,20:18:47,Alta_Floresta_IF,304,304.846377,0.7264,0.3743,0.2533,0.207,0.6403,0.2801,0.1571,0.1105,0.0862,0.0942,0.0962,0.0965,1.538601,71.66401,70.942646,3.217121,0.072972,0.725791,4,10,7,6,4,10,6,5,4,10,4,4,4,9,5,5,0.04941,0.09634,0.39645,0.41353,1,1,23:12:2024,21:33:41,624,-9.908354,-56.064393,288.0,lev20,Almucantar,Alta_Floresta_IF,304,304.846377,0.725791,0.372791,0.252983,0.208179,1.539918,71.66401,70.942646,3.217121,0.072972,0.725791,4,10,7,6,4,10,6,5,4,10,4,4,4,9,5,5,0.04941,0.09634,0.39645,0.41353,1,1,23:12:2024,21:33:41,624,-9.908354,-56.064393,288.0,lev20,Almucantar,Alta_Floresta_IF,304,304.846377,1.3487,1.3864,1.4061,1.4241,0.004531,0.005556,0.006554,0.006991,71.66401,70.942646,3.217121,0.072972,0.725791,4,10,7,6,4,10,6,5,4,10,4,4,4,9,5,5,0.04941,0.09634,0.39645,0.41353,1,1,23:12:2024,21:33:41,624,-9.908354,-56.064393,288.0,lev20,Almucantar,Alta_Floresta_IF,304,304.846377,0.9487,0.9217,0.8978,0.8882,71.66401,70.942646,3.217121,0.072972,0.725791,4,10,7,6,4,10,6,5,4,10,4,4,4,9,5,5,0.04941,0.09634,0.39645,0.41353,1,1,23:12:2024,21:33:41,624,-9.908354,-56.064393,288.0,lev20,Almucantar,Alta_Floresta_IF,304,304.846377,0.037273,0.029287,0.02588,0.023129,0.535555,71.66401,70.942646,3.217121,0.072972,0.725791,4,10,7,6,4,10,6,5,4,10,4,4,4,9,5,5,0.04941,0.09634,0.39645,0.41353,1,1,23:12:2024,21:33:41,624,-9.908354,-56.064393,288.0,lev20,Almucantar,1.5453978348363848,0.5961828478660018,0.8200191740900036,BCL,Arid,,Unknown
31:10:2023,20:44:10,Alta_Floresta_IF,304,304.864005,0.6916,0.3523,0.2369,0.1929,0.6169,0.2694,0.1503,0.1049,0.0747,0.0829,0.0866,0.088,1.564721,77.750085,77.032823,2.995734,0.013631,0.690431,4,10,7,6,4,10,7,6,4,10,7,6,4,10,7,6,0.05355,0.10539,0.43601,0.45082,1,1,23:12:2024,21:36:03,624,-9.908354,-56.064393,288.0,lev20,Almucantar,Alta_Floresta_IF,304,304.864005,0.690431,0.351173,0.236545,0.193093,1.564836,77.750085,77.032823,2.995734,0.013631,0.690431,4,10,7,6,4,10,7,6,4,10,7,6,4,10,7,6,0.05355,0.10539,0.43601,0.45082,1,1,23:12:2024,21:36:03,624,-9.908354,-56.064393,288.0,lev20,Almucantar,Alta_Floresta_IF,304,304.864005,1.426,1.4603,1.482,1.5017,0.004483,0.004143,0.004144,0.004215,77.750085,77.032823,2.995734,0.013631,0.690431,4,10,7,6,4,10,7,6,4,10,7,6,4,10,7,6,0.05355,0.10539,0.43601,0.45082,1,1,23:12:2024,21:36:03,624,-9.908354,-56.064393,288.0,lev20,Almucantar,Alta_Floresta_IF,304,304.864005,0.9594,0.9519,0.9452,0.9422,77.750085,77.032823,2.995734,0.013631,0.690431,4,10,7,6,4,10,7,6,4,10,7,6,4,10,7,6,0.05355,0.10539,0.43601,0.45082,1,1,23:12:2024,21:36:03,624,-9.908354,-56.064393,288.0,lev20,Almucantar,Alta_Floresta_IF,304,304.864005,0.028066,0.016937,0.012969,0.011154,1.132093,77.750085,77.032823,2.995734,0.013631,0.690431,4,10,7,6,4,10,7,6,4,10,7,6,4,10,7,6,0.05355,0.10539,0.43601,0.45082,1,1,23:12:2024,21:36:03,624,-9.908354,-56.064393,288.0,lev20,Almucantar,1.571571941545319,0.565725180773638,0.8346490967448936,FNA,Arid,,Unknown
03:11:2023,11:49:18,Alta_Floresta_IF,307,307.492569,1.1365,0.5923,0.3801,0.2939,1.0757,0.5282,0.3119,0.2229,0.0608,0.0641,0.0682,0.071,1.590469,52.715613,53.439149,2.860513,0.051284,1.135744,3,10,8,4,3,10,8,4,3,10,8,4,4,9,8,4,0.04137,0.07886,0.33361,0.35513,1,1,23:12:2024,21:45:31,624,-9.908354,-56.064393,288.0,lev20,Almucantar,Alta_Floresta_IF,307,307.492569,1.135744,0.592101,0.379194,0.294389,1.592639,52.715613,53.439149,2.860513,0.051284,1.135744,3,10,8,4,3,10,8,4,3,10,8,4,4,9,8,4,0.04137,0.07886,0.33361,0.35513,1,1,23:12:2024,21:45:31,624,-9.908354,-56.064393,288.0,lev20,Almucantar,Alta_Floresta_IF,307,307.492569,1.3621,1.3878,1.3973,1.4045,0.00304,0.002889,0.002839,0.002888,52.715613,53.439149,2.860513,0.051284,1.135744,3,10,8,4,3,10,8,4,3,10,8,4,4,9,8,4,0.04137,0.07886,0.33361,0.35513,1,1,23:12:2024,21:45:31,624,-9.908354,-56.064393,288.0,lev20,Almucantar,Alta_Floresta_IF,307,307.492569,0.9722,0.9679,0.963,0.9594,52.715613,53.439149,2.860513,0.051284,1.135744,3,10,8,4,3,10,8,4,3,10,8,4,4,9,8,4,0.04137,0.07886,0.33361,0.35513,1,1,23:12:2024,21:45:31,624,-9.908354,-56.064393,288.0,lev20,Almucantar,Alta_Floresta_IF,307,307.492569,0.031553,0.019019,0.01405,0.011933,1.180842,52.715613,53.439149,2.860513,0.051284,1.135744,3,10,8,4,3,10,8,4,3,10,8,4,4,9,8,4,0.04137,0.07886,0.33361,0.35513,1,1,23:12:2024,21:45:31,624,-9.908354,-56.064393,288.0,lev20,Almucantar,1.6066371850266443,0.9254932097461152,0.9247154477750362,FNA,Biomass,,Unknown
05:11:2023,10:19:34,Alta_Floresta_IF,309,309.430255,0.2638,0.1367,0.0902,0.0719,0.2422,0.1129,0.065,0.0461,0.0217,0.0238,0.0252,0.0259,1.562923,74.231143,74.946463,2.148675,0.045212,0.262791,4,10,7,6,4,10,6,6,3,10,7,6,4,10,6,5,0.0492,0.09664,0.41519,0.43739,1,1,23:12:2024,21:49:53,624,-9.908354,-56.064393,288.0,lev20,Almucantar,Alta_Floresta_IF,309,309.430255,0.262791,0.136545,0.089693,0.072537,1.564632,74.231143,74.946463,2.148675,0.045212,0.262791,4,10,7,6,4,10,6,6,3,10,7,6,4,10,6,5,0.0492,0.09664,0.41519,0.43739,1,1,23:12:2024,21:49:53,624,-9.908354,-56.064393,288.0,lev20,Almucantar,Alta_Floresta_IF,309,309.430255,1.50485,1.50415,1.506,1.50265,0.012257,0.012527,0.012961,0.0134085,74.231143,74.946463,2.148675,0.045212,0.262791,4,10,7,6,4,10,6,6,3,10,7,6,4,10,6,5,0.0492,0.09664,0.41519,0.43739,1,1,23:12:2024,21:49:53,624,-9.908354,-56.064393,288.0,lev20,Almucantar,Alta_Floresta_IF,309,309.430255,0.9217,0.8989,0.8772500000000001,0.85805,74.231143,74.946463,2.148675,0.045212,0.262791,4,10,7,6,4,10,6,6,3,10,7,6,4,10,6,5,0.0492,0.09664,0.41519,0.43739,1,1,23:12:2024,21:49:53,624,-9.908354,-56.064393,288.0,lev20,Almucantar,Alta_Floresta_IF,309,309.430255,0.043364,0.0272645,0.021113,0.0182895,1.0952994999999999,74.231143,74.946463,2.148675,0.045212,0.262791,4,10,7,6,4,10,6,6,3,10,7,6,4,10,6,5,0.0492,0.09664,0.41519,0.43739,1,1,23:12:2024,21:49:53,624,-9.908354,-56.064393,288.0,lev20,Almucantar,1.574200842785886,0.21571451401832484,0.8782437286278918,BCL,Urban,,Unknown
05:11:2023,10:40:23,Alta_Floresta_IF,309,309.444711,0.2827,0.1503,0.1021,0.0826,0.2626,0.1296,0.0808,0.0612,0.0201,0.0208,0.0212,0.0214,1.485124,69.256736,69.974559,2.507763,0.074827,0.281004,4,10,7,6,4,10,7,6,4,10,7,5,4,10,7,5,0.04654,0.09059,0.38771,0.40954,1,1,23:12:2024,21:28:29,624,-9.908354,-56.064393,288.0,lev20,Almucantar,Alta_Floresta_IF,309,309.444711,0.281004,0.149602,0.101331,0.084222,1.486818,69.256736,69.974559,2.507763,0.074827,0.281004,4,10,7,6,4,10,7,6,4,10,7,5,4,10,7,5,0.04654,0.09059,0.38771,0.40954,1,1,23:12:2024,21:28:29,624,-9.908354,-56.064393,288.0,lev20,Almucantar,Alta_Floresta_IF,309,309.444711,1.50485,1.50415,1.506,1.50265,0.012257,0.012527,0.012961,0.0134085,69.256736,69.974559,2.507763,0.074827,0.281004,4,10,7,6,4,10,7,6,4,10,7,5,4,10,7,5,0.04654,0.09059,0.38771,0.40954,1,1,23:12:2024,21:28:29,624,-9.908354,-56.064393,288.0,lev20,Almucantar,Alta_Floresta_IF,309,309.444711,0.9217,0.8989,0.8772500000000001,0.85805,69.256736,69.974559,2.507763,0.074827,0.281004,4,10,7,6,4,10,7,6,4,10,7,5,4,10,7,5,0.04654,0.09059,0.38771,0.40954,1,1,23:12:2024,21:28:29,624,-9.908354,-56.064393,288.0,lev20,Almucantar,Alta_Floresta_IF,309,309.444711,0.043364,0.0272645,0.021113,0.0182895,1.0952994999999999,69.256736,69.974559,2.507763,0.074827,0.281004,4,10,7,6,4,10,7,6,4,10,7,5,4,10,7,5,0.04654,0.09059,0.38771,0.40954,1,1,23:12:2024,21:28:29,624,-9.908354,-56.064393,288.0,lev20,Almucantar,1.49392096933214,0.23355399922121564,0.8985428963502705,BCL,Urban,,Unknown
05:11:2023,11:24:10,Alta_Floresta_IF,309,309.475116,0.3556,0.1945,0.1353,0.1105,0.3227,0.1605,0.1006,0.0756,0.0329,0.034,0.0347,0.0349,1.410074,58.754388,59.475162,2.718219,0.117918,0.353217,4,10,7,5,3,10,7,5,3,10,6,5,3,10,6,4,0.04279,0.08207,0.34862,0.37018,1,1,23:12:2024,21:30:17,624,-9.908354,-56.064393,288.0,lev20,Almucantar,Alta_Floresta_IF,309,309.475116,0.353217,0.192995,0.133746,0.112173,1.416642,58.754388,59.475162,2.718219,0.117918,0.353217,4,10,7,5,3,10,7,5,3,10,6,5,3,10,6,4,0.04279,0.08207,0.34862,0.37018,1,1,23:12:2024,21:30:17,624,-9.908354,-56.064393,288.0,lev20,Almucantar,Alta_Floresta_IF,309,309.475116,1.50485,1.50415,1.506,1.50265,0.012257,0.012527,0.012961,0.0134085,58.754388,59.475162,2.718219,0.117918,0.353217,4,10,7,5,3,10,7,5,3,10,6,5,3,10,6,4,0.04279,0.08207,0.34862,0.37018,1,1,23:12:2024,21:30:17,624,-9.908354,-56.064393,288.0,lev20,Almucantar,Alta_Floresta_IF,309,309.475116,0.9217,0.8989,0.8772500000000001,0.85805,58.754388,59.475162,2.718219,0.117918,0.353217,4,10,7,5,3,10,7,5,3,10,6,5,3,10,6,4,0.04279,0.08207,0.34862,0.37018,1,1,23:12:2024,21:30:17,624,-9.908354,-56.064393,288.0,lev20,Almucantar,Alta_Floresta_IF,309,309.475116,0.043364,0.0272645,0.021113,0.0182895,1.0952994999999999,58.754388,59.475162,2.718219,0.117918,0.353217,4,10,7,5,3,10,7,5,3,10,6,5,3,10,6,4,0.04279,0.08207,0.34862,0.37018,1,1,23:12:2024,21:30:17,624,-9.908354,-56.064393,288.0,lev20,Almucantar,1.4174648188346555,0.2966660800959527,0.8698938112903252,BCL,Urban,,Unknown
10:11:2023,11:49:28,Alta_Floresta_IF,314,314.492685,0.1364,0.0766,0.0567,0.0482,0.1126,0.0499,0.0283,0.0194,0.0239,0.0267,0.0283,0.0288,1.287927,52.742975,53.459046,1.36319,0.125505,0.136471,3,10,8,4,3,10,7,3,3,9,7,4,4,8,5,4,0.0404,0.07671,0.33609,0.35637,1,1,23:12:2024,21:37:42,624,-9.908354,-56.064393,288.0,lev20,Almucantar,Alta_Floresta_IF,314,314.492685,0.136471,0.076544,0.055597,0.050329,1.314597,52.742975,53.459046,1.36319,0.125505,0.136471,3,10,8,4,3,10,7,3,3,9,7,4,4,8,5,4,0.0404,0.07671,0.33609,0.35637,1,1,23:12:2024,21:37:42,624,-9.908354,-56.064393,288.0,lev20,Almucantar,Alta_Floresta_IF,314,314.492685,1.50485,1.50415,1.506,1.50265,0.012257,0.012527,0.012961,0.0134085,52.742975,53.459046,1.36319,0.125505,0.136471,3,10,8,4,3,10,7,3,3,9,7,4,4,8,5,4,0.0404,0.07671,0.33609,0.35637,1,1,23:12:2024,21:37:42,624,-9.908354,-56.064393,288.0,lev20,Almucantar,Alta_Floresta_IF,314,314.492685,0.9217,0.8989,0.8772500000000001,0.85805,52.742975,53.459046,1.36319,0.125505,0.136471,3,10,8,4,3,10,7,3,3,9,7,4,4,8,5,4,0.0404,0.07671,0.33609,0.35637,1,1,23:12:2024,21:37:42,624,-9.908354,-56.064393,288.0,lev20,Almucantar,Alta_Floresta_IF,314,314.492685,0.043364,0.0272645,0.021113,0.0182895,1.0952994999999999,52.742975,53.459046,1.36319,0.125505,0.136471,3,10,8,4,3,10,7,3,3,9,7,4,4,8,5,4,0.0404,0.07671,0.33609,0.35637,1,1,23:12:2024,21:37:42,624,-9.908354,-56.064393,288.0,lev20,Almucantar,1.2876540013656526,0.11569837545347014,0.7435875183999603,BCL,Maritime,,Unknown
11:11:2023,19:11:08,Alta_Floresta_IF,315,315.799398,0.2657,0.1328,0.0855,0.067,0.2388,0.1033,0.0548,0.0361,0.0269,0.0296,0.0307,0.0309,1.651054,55.172967,54.458348,2.737677,0.133143,0.265907,4,10,6,4,4,10,7,4,4,10,8,4,4,7,7,4,0.04107,0.07797,0.34079,0.35859,1,1,23:12:2024,21:28:45,624,-9.908354,-56.064393,288.0,lev20,Almucantar,Alta_Floresta_IF,315,315.799398,0.265907,0.131433,0.086157,0.070071,1.644754,55.172967,54.458348,2.737677,0.133143,0.265907,4,10,6,4,4,10,7,4,4,10,8,4,4,7,7,4,0.04107,0.07797,0.34079,0.35859,1,1,23:12:2024,21:28:45,624,-9.908354,-56.064393,288.0,lev20,Almucantar,Alta_Floresta_IF,315,315.799398,1.50485,1.50415,1.506,1.50265,0.012257,0.012527,0.012961,0.0134085,55.172967,54.458348,2.737677,0.133143,0.265907,4,10,6,4,4,10,7,4,4,10,8,4,4,7,7,4,0.04107,0.07797,0.34079,0.35859,1,1,23:12:2024,21:28:45,624,-9.908354,-56.064393,288.0,lev20,Almucantar,Alta_Floresta_IF,315,315.799398,0.9217,0.8989,0.8772500000000001,0.85805,55.172967,54.458348,2.737677,0.133143,0.265907,4,10,6,4,4,10,7,4,4,10,8,4,4,7,7,4,0.04107,0.07797,0.34079,0.35859,1,1,23:12:2024,21:28:45,624,-9.908354,-56.064393,288.0,lev20,Almucantar,Alta_Floresta_IF,315,315.799398,0.043364,0.0272645,0.021113,0.0182895,1.0952994999999999,55.172967,54.458348,2.737677,0.133143,0.265907,4,10,6,4,4,10,7,4,4,10,8,4,4,7,7,4,0.04107,0.07797,0.34079,0.35859,1,1,23:12:2024,21:28:45,624,-9.908354,-56.064393,288.0,lev20,Almucantar,1.6632253667899415,0.21480961980003183,0.8474475514549763,BCL,Urban,,Unknown
13:11:2023,11:24:31,Alta_Floresta_IF,317,317.475359,0.5517,0.2883,0.2041,0.1736,0.4613,0.1881,0.0988,0.0665,0.0904,0.1002,0.1053,0.1071,1.457851,58.765167,59.477721,1.46696,0.04132,0.550827,4,10,7,5,4,10,7,5,3,11,7,4,3,10,8,5,0.04177,0.07985,0.35112,0.37145,1,1,23:12:2024,21:34:17,624,-9.908354,-56.064393,288.0,lev20,Almucantar,Alta_Floresta_IF,317,317.475359,0.550827,0.287803,0.203618,0.174313,1.458904,58.765167,59.477721,1.46696,0.04132,0.550827,4,10,7,5,4,10,7,5,3,11,7,4,3,10,8,5,0.04177,0.07985,0.35112,0.37145,1,1,23:12:2024,21:34:17,624,-9.908354,-56.064393,288.0,lev20,Almucantar,Alta_Floresta_IF,317,317.475359,1.4295,1.4442,1.4483,1.4552,0.004915,0.003913,0.004233,0.004696,58.765167,59.477721,1.46696,0.04132,0.550827,4,10,7,5,4,10,7,5,3,11,7,4,3,10,8,5,0.04177,0.07985,0.35112,0.37145,1,1,23:12:2024,21:34:17,624,-9.908354,-56.064393,288.0,lev20,Almucantar,Alta_Floresta_IF,317,317.475359,0.9496,0.9471,0.9383,0.9322,58.765167,59.477721,1.46696,0.04132,0.550827,4,10,7,5,4,10,7,5,3,11,7,4,3,10,8,5,0.04177,0.07985,0.35112,0.37145,1,1,23:12:2024,21:34:17,624,-9.908354,-56.064393,288.0,lev20,Almucantar,Alta_Floresta_IF,317,317.475359,0.027821,0.01526,0.012585,0.011775,1.183047,58.765167,59.477721,1.46696,0.04132,0.550827,4,10,7,5,4,10,7,5,3,11,7,4,3,10,8,5,0.04177,0.07985,0.35112,0.37145,1,1,23:12:2024,21:34:17,624,-9.908354,-56.064393,288.0,lev20,Almucantar,1.4586583358484126,0.45784889556280783,0.7496810857291728,BCL,Arid,,Unknown
13:11:2023,11:49:53,Alta_Floresta_IF,317,317.492975,0.5818,0.3021,0.2126,0.1783,0.4914,0.2018,0.1075,0.0715,0.0904,0.1003,0.1051,0.1068,1.475507,52.738685,53.451405,0.911408,0.041672,0.580968,3,10,8,4,3,10,8,4,3,10,8,4,4,10,8,4,0.04039,0.07671,0.33606,0.35635,1,1,23:12:2024,21:36:29,624,-9.908354,-56.064393,288.0,lev20,Almucantar,Alta_Floresta_IF,317,317.492975,0.580968,0.301717,0.211762,0.178769,1.478765,52.738685,53.451405,0.911408,0.041672,0.580968,3,10,8,4,3,10,8,4,3,10,8,4,4,10,8,4,0.04039,0.07671,0.33606,0.35635,1,1,23:12:2024,21:36:29,624,-9.908354,-56.064393,288.0,lev20,Almucantar,Alta_Floresta_IF,317,317.492975,1.452,1.4568,1.4592,1.4608,0.005279,0.005054,0.005226,0.00563,52.738685,53.451405,0.911408,0.041672,0.580968,3,10,8,4,3,10,8,4,3,10,8,4,4,10,8,4,0.04039,0.07671,0.33606,0.35635,1,1,23:12:2024,21:36:29,624,-9.908354,-56.064393,288.0,lev20,Almucantar,Alta_Floresta_IF,317,317.492975,0.9491,0.9381,0.9293,0.9221,52.738685,53.451405,0.911408,0.041672,0.580968,3,10,8,4,3,10,8,4,3,10,8,4,4,10,8,4,0.04039,0.07671,0.33606,0.35635,1,1,23:12:2024,21:36:29,624,-9.908354,-56.064393,288.0,lev20,Almucantar,Alta_Floresta_IF,317,317.492975,0.029608,0.018691,0.015023,0.013881,0.998833,52.738685,53.451405,0.911408,0.041672,0.580968,3,10,8,4,3,10,8,4,3,10,8,4,4,10,8,4,0.04039,0.07671,0.33606,0.35635,1,1,23:12:2024,21:36:29,624,-9.908354,-56.064393,288.0,lev20,Almucantar,1.4767302085737546,0.4817143698322965,0.7631823216928834,BCL,Arid,,Unknown
14:11:2023,10:19:15,Alta_Floresta_IF,318,318.430035,0.4134,0.2022,0.1369,0.1135,0.3588,0.1419,0.0714,0.046,0.0546,0.0603,0.0655,0.0675,1.618762,74.237128,74.943542,1.914081,0.015331,0.412714,4,10,7,6,4,10,7,4,4,10,6,4,4,10,5,4,0.04801,0.09414,0.41821,0.4389,1,1,23:12:2024,21:37:12,624,-9.908354,-56.064393,288.0,lev20,Almucantar,Alta_Floresta_IF,318,318.430035,0.412714,0.202257,0.136813,0.113351,1.616948,74.237128,74.943542,1.914081,0.015331,0.412714,4,10,7,6,4,10,7,4,4,10,6,4,4,10,5,4,0.04801,0.09414,0.41821,0.4389,1,1,23:12:2024,21:37:12,624,-9.908354,-56.064393,288.0,lev20,Almucantar,Alta_Floresta_IF,318,318.430035,1.5735,1.5378,1.5139,1.5002,0.007062,0.008318,0.010055,0.011453,74.237128,74.943542,1.914081,0.015331,0.412714,4,10,7,6,4,10,7,4,4,10,6,4,4,10,5,4,0.04801,0.09414,0.41821,0.4389,1,1,23:12:2024,21:37:12,624,-9.908354,-56.064393,288.0,lev20,Almucantar,Alta_Floresta_IF,318,318.430035,0.9462,0.9186,0.8896,0.8755,74.237128,74.943542,1.914081,0.015331,0.412714,4,10,7,6,4,10,7,4,4,10,6,4,4,10,5,4,0.04801,0.09414,0.41821,0.4389,1,1,23:12:2024,21:37:12,624,-9.908354,-56.064393,288.0,lev20,Almucantar,Alta_Floresta_IF,318,318.430035,0.02226,0.016454,0.015108,0.014126,0.580122,74.237128,74.943542,1.914081,0.015331,0.412714,4,10,7,6,4,10,7,4,4,10,6,4,4,10,5,4,0.04801,0.09414,0.41821,0.4389,1,1,23:12:2024,21:37:12,624,-9.908354,-56.064393,288.0,lev20,Almucantar,1.621145589708814,0.3360228423398633,0.7951510308040382,BCL,Urban,,Unknown
14:11:2023,11:24:39,Alta_Floresta_IF,318,318.475451,0.4055,0.1985,0.1336,0.11,0.3542,0.1409,0.0717,0.0464,0.0513,0.0576,0.0619,0.0636,1.625241,58.764367,59.475875,1.417197,0.032032,0.404675,4,10,7,5,4,10,7,5,3,11,7,5,3,10,8,5,0.04177,0.07985,0.35114,0.37144,1,1,23:12:2024,21:41:11,624,-9.908354,-56.064393,288.0,lev20,Almucantar,Alta_Floresta_IF,318,318.475451,0.404675,0.198391,0.133486,0.111035,1.623334,58.764367,59.475875,1.417197,0.032032,0.404675,4,10,7,5,4,10,7,5,3,11,7,5,3,10,8,5,0.04177,0.07985,0.35114,0.37144,1,1,23:12:2024,21:41:11,624,-9.908354,-56.064393,288.0,lev20,Almucantar,Alta_Floresta_IF,318,318.475451,1.49,1.4941,1.4889,1.4856,0.005696,0.005107,0.005568,0.006057,58.764367,59.475875,1.417197,0.032032,0.404675,4,10,7,5,4,10,7,5,3,11,7,5,3,10,8,5,0.04177,0.07985,0.35114,0.37144,1,1,23:12:2024,21:41:11,624,-9.908354,-56.064393,288.0,lev20,Almucantar,Alta_Floresta_IF,318,318.475451,0.9504,0.9415,0.9272,0.9185,58.764367,59.475875,1.417197,0.032032,0.404675,4,10,7,5,4,10,7,5,3,11,7,5,3,10,8,5,0.04177,0.07985,0.35114,0.37144,1,1,23:12:2024,21:41:11,624,-9.908354,-56.064393,288.0,lev20,Almucantar,Alta_Floresta_IF,318,318.475451,0.020127,0.011606,0.009723,0.008964,1.084923,58.764367,59.475875,1.417197,0.032032,0.404675,4,10,7,5,4,10,7,5,3,11,7,5,3,10,8,5,0.04177,0.07985,0.35114,0.37144,1,1,23:12:2024,21:41:11,624,-9.908354,-56.064393,288.0,lev20,Almucantar,1.6286350411671129,0.32928609589794855,0.8016479442640094,FNA,Urban,,Unknown
14:11:2023,11:50:03,Alta_Floresta_IF,318,318.49309,0.4869,0.2345,0.1545,0.1225,0.4332,0.1736,0.0901,0.0573,0.0537,0.0609,0.0644,0.0652,1.678357,52.739163,53.450759,1.340662,0.014699,0.486011,3,10,8,4,3,10,8,4,3,10,8,3,4,10,8,4,0.04039,0.07671,0.33606,0.35635,1,1,23:12:2024,21:42:57,624,-9.908354,-56.064393,288.0,lev20,Almucantar,Alta_Floresta_IF,318,318.49309,0.486011,0.234268,0.154524,0.123136,1.675561,52.739163,53.450759,1.340662,0.014699,0.486011,3,10,8,4,3,10,8,4,3,10,8,3,4,10,8,4,0.04039,0.07671,0.33606,0.35635,1,1,23:12:2024,21:42:57,624,-9.908354,-56.064393,288.0,lev20,Almucantar,Alta_Floresta_IF,318,318.49309,1.447,1.4604,1.4615,1.455,0.006784,0.006252,0.00689,0.007118,52.739163,53.450759,1.340662,0.014699,0.486011,3,10,8,4,3,10,8,4,3,10,8,3,4,10,8,4,0.04039,0.07671,0.33606,0.35635,1,1,23:12:2024,21:42:57,624,-9.908354,-56.064393,288.0,lev20,Almucantar,Alta_Floresta_IF,318,318.49309,0.9423,0.9282,0.9106,0.9023,52.739163,53.450759,1.340662,0.014699,0.486011,3,10,8,4,3,10,8,4,3,10,8,3,4,10,8,4,0.04039,0.07671,0.33606,0.35635,1,1,23:12:2024,21:42:57,624,-9.908354,-56.064393,288.0,lev20,Almucantar,Alta_Floresta_IF,318,318.49309,0.02808,0.016848,0.013812,0.011972,1.051758,52.739163,53.450759,1.340662,0.014699,0.486011,3,10,8,4,3,10,8,4,3,10,8,3,4,10,8,4,0.04039,0.07671,0.33606,0.35635,1,1,23:12:2024,21:42:57,624,-9.908354,-56.064393,288.0,lev20,Almucantar,1.6837810511986193,0.39260945105071765,0.8258739617561828,BCL,Urban,,Unknown
28:11:2023,10:21:24,Alta_Floresta_IF,332,332.431528,0.1576,0.0862,0.0633,0.0555,0.1313,0.0569,0.0329,0.0246,0.0263,0.0292,0.0304,0.0309,1.339259,74.269622,74.963217,1.257985,0.039212,0.157554,4,10,7,5,4,10,7,5,4,10,7,5,4,10,5,4,0.04603,0.09019,0.42215,0.4408,1,1,23:12:2024,21:34:34,624,-9.908354,-56.064393,288.0,lev20,Almucantar,Alta_Floresta_IF,332,332.431528,0.157554,0.086297,0.062905,0.055804,1.346718,74.269622,74.963217,1.257985,0.039212,0.157554,4,10,7,5,4,10,7,5,4,10,7,5,4,10,5,4,0.04603,0.09019,0.42215,0.4408,1,1,23:12:2024,21:34:34,624,-9.908354,-56.064393,288.0,lev20,Almucantar,Alta_Floresta_IF,332,332.431528,1.50485,1.50415,1.506,1.50265,0.012257,0.012527,0.012961,0.0134085,74.269622,74.963217,1.257985,0.039212,0.157554,4,10,7,5,4,10,7,5,4,10,7,5,4,10,5,4,0.04603,0.09019,0.42215,0.4408,1,1,23:12:2024,21:34:34,624,-9.908354,-56.064393,288.0,lev20,Almucantar,Alta_Floresta_IF,332,332.431528,0.9217,0.8989,0.8772500000000001,0.85805,74.269622,74.963217,1.257985,0.039212,0.157554,4,10,7,5,4,10,7,5,4,10,7,5,4,10,5,4,0.04603,0.09019,0.42215,0.4408,1,1,23:12:2024,21:34:34,624,-9.908354,-56.064393,288.0,lev20,Almucantar,Alta_Floresta_IF,332,332.431528,0.043364,0.0272645,0.021113,0.0182895,1.0952994999999999,74.269622,74.963217,1.257985,0.039212,0.157554,4,10,7,5,4,10,7,5,4,10,7,5,4,10,5,4,0.04603,0.09019,0.42215,0.4408,1,1,23:12:2024,21:34:34,624,-9.908354,-56.064393,288.0,lev20,Almucantar,1.3380520973059171,0.13282234276048321,0.7465576454778078,BCL,Maritime,,Unknown
28:11:2023,10:43:03,Alta_Floresta_IF,332,332.446563,0.1568,0.0861,0.0636,0.0551,0.1308,0.0568,0.0324,0.0232,0.0261,0.0293,0.0312,0.0319,1.325466,69.252714,69.948812,1.934876,0.064325,0.156498,4,10,7,6,4,10,7,6,4,10,7,6,4,9,7,6,0.0435,0.08439,0.39381,0.41241,1,1,23:12:2024,21:36:17,624,-9.908354,-56.064393,288.0,lev20,Almucantar,Alta_Floresta_IF,332,332.446563,0.156498,0.08611,0.062946,0.056619,1.335966,69.252714,69.948812,1.934876,0.064325,0.156498,4,10,7,6,4,10,7,6,4,10,7,6,4,9,7,6,0.0435,0.08439,0.39381,0.41241,1,1,23:12:2024,21:36:17,624,-9.908354,-56.064393,288.0,lev20,Almucantar,Alta_Floresta_IF,332,332.446563,1.50485,1.50415,1.506,1.50265,0.012257,0.012527,0.012961,0.0134085,69.252714,69.948812,1.934876,0.064325,0.156498,4,10,7,6,4,10,7,6,4,10,7,6,4,9,7,6,0.0435,0.08439,0.39381,0.41241,1,1,23:12:2024,21:36:17,624,-9.908354,-56.064393,288.0,lev20,Almucantar,Alta_Floresta_IF,332,332.446563,0.9217,0.8989,0.8772500000000001,0.85805,69.252714,69.948812,1.934876,0.064325,0.156498,4,10,7,6,4,10,7,6,4,10,7,6,4,9,7,6,0.0435,0.08439,0.39381,0.41241,1,1,23:12:2024,21:36:17,624,-9.908354,-56.064393,288.0,lev20,Almucantar,Alta_Floresta_IF,332,332.446563,0.043364,0.0272645,0.021113,0.0182895,1.0952994999999999,69.252714,69.948812,1.934876,0.064325,0.156498,4,10,7,6,4,10,7,6,4,10,7,6,4,9,7,6,0.0435,0.08439,0.39381,0.41241,1,1,23:12:2024,21:36:17,624,-9.908354,-56.064393,288.0,lev20,Almucantar,1.3236514159055668,0.1323916115625244,0.7496704073339987,BCL,Maritime,,Unknown
28:11:2023,11:28:00,Alta_Floresta_IF,332,332.477778,0.1635,0.0909,0.0681,0.0584,0.1347,0.0588,0.0342,0.0238,0.0288,0.032,0.0339,0.0346,1.287769,58.804083,59.501843,2.403721,0.074153,0.162796,4,10,7,5,4,10,7,5,3,11,7,5,3,8,8,5,0.03999,0.07633,0.35411,0.37283,1,1,23:12:2024,21:37:58,624,-9.908354,-56.064393,288.0,lev20,Almucantar,Alta_Floresta_IF,332,332.477778,0.162796,0.090869,0.067628,0.059823,1.290261,58.804083,59.501843,2.403721,0.074153,0.162796,4,10,7,5,4,10,7,5,3,11,7,5,3,8,8,5,0.03999,0.07633,0.35411,0.37283,1,1,23:12:2024,21:37:58,624,-9.908354,-56.064393,288.0,lev20,Almucantar,Alta_Floresta_IF,332,332.477778,1.50485,1.50415,1.506,1.50265,0.012257,0.012527,0.012961,0.0134085,58.804083,59.501843,2.403721,0.074153,0.162796,4,10,7,5,4,10,7,5,3,11,7,5,3,8,8,5,0.03999,0.07633,0.35411,0.37283,1,1,23:12:2024,21:37:58,624,-9.908354,-56.064393,288.0,lev20,Almucantar,Alta_Floresta_IF,332,332.477778,0.9217,0.8989,0.8772500000000001,0.85805,58.804083,59.501843,2.403721,0.074153,0.162796,4,10,7,5,4,10,7,5,3,11,7,5,3,8,8,5,0.03999,0.07633,0.35411,0.37283,1,1,23:12:2024,21:37:58,624,-9.908354,-56.064393,288.0,lev20,Almucantar,Alta_Floresta_IF,332,332.477778,0.043364,0.0272645,0.021113,0.0182895,1.0952994999999999,58.804083,59.501843,2.403721,0.074153,0.162796,4,10,7,5,4,10,7,5,3,11,7,5,3,8,8,5,0.03999,0.07633,0.35411,0.37283,1,1,23:12:2024,21:37:58,624,-9.908354,-56.064393,288.0,lev20,Almucantar,1.284746998639182,0.13873691612251174,0.7399218019928575,BCL,Maritime,,Unknown
28:11:2023,11:53:54,Alta_Floresta_IF,332,332.495764,0.1639,0.0909,0.0669,0.0567,0.1377,0.0616,0.0358,0.0249,0.0262,0.0293,0.0311,0.0317,1.314813,52.784002,53.48072,1.843274,0.048382,0.163147,3,10,8,4,3,9,8,4,3,10,8,4,4,8,8,4,0.03866,0.07328,0.33881,0.35762,1,1,23:12:2024,21:39:51,624,-9.908354,-56.064393,288.0,lev20,Almucantar,Alta_Floresta_IF,332,332.495764,0.163147,0.090981,0.067085,0.057414,1.303855,52.784002,53.48072,1.843274,0.048382,0.163147,3,10,8,4,3,9,8,4,3,10,8,4,4,8,8,4,0.03866,0.07328,0.33881,0.35762,1,1,23:12:2024,21:39:51,624,-9.908354,-56.064393,288.0,lev20,Almucantar,Alta_Floresta_IF,332,332.495764,1.50485,1.50415,1.506,1.50265,0.012257,0.012527,0.012961,0.0134085,52.784002,53.48072,1.843274,0.048382,0.163147,3,10,8,4,3,9,8,4,3,10,8,4,4,8,8,4,0.03866,0.07328,0.33881,0.35762,1,1,23:12:2024,21:39:51,624,-9.908354,-56.064393,288.0,lev20,Almucantar,Alta_Floresta_IF,332,332.495764,0.9217,0.8989,0.8772500000000001,0.85805,52.784002,53.48072,1.843274,0.048382,0.163147,3,10,8,4,3,9,8,4,3,10,8,4,4,8,8,4,0.03866,0.07328,0.33881,0.35762,1,1,23:12:2024,21:39:51,624,-9.908354,-56.064393,288.0,lev20,Almucantar,Alta_Floresta_IF,332,332.495764,0.043364,0.0272645,0.021113,0.0182895,1.0952994999999999,52.784002,53.48072,1.843274,0.048382,0.163147,3,10,8,4,3,9,8,4,3,10,8,4,4,8,8,4,0.03866,0.07328,0.33881,0.35762,1,1,23:12:2024,21:39:51,624,-9.908354,-56.064393,288.0,lev20,Almucantar,1.3144098901208192,0.13854996766807479,0.7646263554722552,BCL,Maritime,,Unknown
29:11:2023,11:54:17,Alta_Floresta_IF,333,333.49603,0.2027,0.1051,0.0751,0.063,0.171,0.0699,0.0381,0.0254,0.0317,0.0352,0.037,0.0376,1.457794,52.7861,53.48189,1.271158,0.059452,0.20259,3,10,8,4,3,10,8,4,3,10,8,4,4,10,8,4,0.03866,0.07328,0.33882,0.35762,1,1,23:12:2024,21:30:28,624,-9.908354,-56.064393,288.0,lev20,Almucantar,Alta_Floresta_IF,333,333.49603,0.20259,0.105413,0.074094,0.063574,1.473879,52.7861,53.48189,1.271158,0.059452,0.20259,3,10,8,4,3,10,8,4,3,10,8,4,4,10,8,4,0.03866,0.07328,0.33882,0.35762,1,1,23:12:2024,21:30:28,624,-9.908354,-56.064393,288.0,lev20,Almucantar,Alta_Floresta_IF,333,333.49603,1.50485,1.50415,1.506,1.50265,0.012257,0.012527,0.012961,0.0134085,52.7861,53.48189,1.271158,0.059452,0.20259,3,10,8,4,3,10,8,4,3,10,8,4,4,10,8,4,0.03866,0.07328,0.33882,0.35762,1,1,23:12:2024,21:30:28,624,-9.908354,-56.064393,288.0,lev20,Almucantar,Alta_Floresta_IF,333,333.49603,0.9217,0.8989,0.8772500000000001,0.85805,52.7861,53.48189,1.271158,0.059452,0.20259,3,10,8,4,3,10,8,4,3,10,8,4,4,10,8,4,0.03866,0.07328,0.33882,0.35762,1,1,23:12:2024,21:30:28,624,-9.908354,-56.064393,288.0,lev20,Almucantar,Alta_Floresta_IF,333,333.49603,0.043364,0.0272645,0.021113,0.0182895,1.0952994999999999,52.7861,53.48189,1.271158,0.059452,0.20259,3,10,8,4,3,10,8,4,3,10,8,4,4,10,8,4,0.03866,0.07328,0.33882,0.35762,1,1,23:12:2024,21:30:28,624,-9.908354,-56.064393,288.0,lev20,Almucantar,1.4564758282473522,0.16826512118675813,0.761064295655662,BCL,Maritime,,Unknown
29:11:2023,19:14:44,Alta_Floresta_IF,333,333.801898,0.2219,0.1137,0.0785,0.0646,0.19,0.0783,0.0416,0.0276,0.032,0.0354,0.0369,0.037,1.521126,55.1102,54.414187,2.363527,0.101029,0.22175,4,10,7,4,4,9,7,4,4,8,8,4,3,8,6,4,0.03928,0.07445,0.3434,0.35971,1,1,23:12:2024,21:35:16,624,-9.908354,-56.064393,288.0,lev20,Almucantar,Alta_Floresta_IF,333,333.801898,0.22175,0.113486,0.077357,0.065993,1.539718,55.1102,54.414187,2.363527,0.101029,0.22175,4,10,7,4,4,9,7,4,4,8,8,4,3,8,6,4,0.03928,0.07445,0.3434,0.35971,1,1,23:12:2024,21:35:16,624,-9.908354,-56.064393,288.0,lev20,Almucantar,Alta_Floresta_IF,333,333.801898,1.50485,1.50415,1.506,1.50265,0.012257,0.012527,0.012961,0.0134085,55.1102,54.414187,2.363527,0.101029,0.22175,4,10,7,4,4,9,7,4,4,8,8,4,3,8,6,4,0.03928,0.07445,0.3434,0.35971,1,1,23:12:2024,21:35:16,624,-9.908354,-56.064393,288.0,lev20,Almucantar,Alta_Floresta_IF,333,333.801898,0.9217,0.8989,0.8772500000000001,0.85805,55.1102,54.414187,2.363527,0.101029,0.22175,4,10,7,4,4,9,7,4,4,8,8,4,3,8,6,4,0.03928,0.07445,0.3434,0.35971,1,1,23:12:2024,21:35:16,624,-9.908354,-56.064393,288.0,lev20,Almucantar,Alta_Floresta_IF,333,333.801898,0.043364,0.0272645,0.021113,0.0182895,1.0952994999999999,55.1102,54.414187,2.363527,0.101029,0.22175,4,10,7,4,4,9,7,4,4,8,8,4,3,8,6,4,0.03928,0.07445,0.3434,0.35971,1,1,23:12:2024,21:35:16,624,-9.908354,-56.064393,288.0,lev20,Almucantar,1.5242775843933627,0.18261375377607025,0.7791977397753994,BCL,Maritime,,Unknown
29:11:2023,19:40:39,Alta_Floresta_IF,333,333.819896,0.2061,0.1059,0.0732,0.0608,0.176,0.073,0.0384,0.0253,0.0301,0.0329,0.0348,0.0356,1.515267,61.127215,60.430547,2.154325,0.065525,0.205981,3,10,8,5,3,10,8,4,3,10,8,4,3,6,6,4,0.04083,0.0779,0.36023,0.37558,1,1,23:12:2024,21:36:53,624,-9.908354,-56.064393,288.0,lev20,Almucantar,Alta_Floresta_IF,333,333.819896,0.205981,0.105224,0.072285,0.06166,1.532372,61.127215,60.430547,2.154325,0.065525,0.205981,3,10,8,5,3,10,8,4,3,10,8,4,3,6,6,4,0.04083,0.0779,0.36023,0.37558,1,1,23:12:2024,21:36:53,624,-9.908354,-56.064393,288.0,lev20,Almucantar,Alta_Floresta_IF,333,333.819896,1.50485,1.50415,1.506,1.50265,0.012257,0.012527,0.012961,0.0134085,61.127215,60.430547,2.154325,0.065525,0.205981,3,10,8,5,3,10,8,4,3,10,8,4,3,6,6,4,0.04083,0.0779,0.36023,0.37558,1,1,23:12:2024,21:36:53,624,-9.908354,-56.064393,288.0,lev20,Almucantar,Alta_Floresta_IF,333,333.819896,0.9217,0.8989,0.8772500000000001,0.85805,61.127215,60.430547,2.154325,0.065525,0.205981,3,10,8,5,3,10,8,4,3,10,8,4,3,6,6,4,0.04083,0.0779,0.36023,0.37558,1,1,23:12:2024,21:36:53,624,-9.908354,-56.064393,288.0,lev20,Almucantar,Alta_Floresta_IF,333,333.819896,0.043364,0.0272645,0.021113,0.0182895,1.0952994999999999,61.127215,60.430547,2.154325,0.065525,0.205981,3,10,8,5,3,10,8,4,3,10,8,4,3,6,6,4,0.04083,0.0779,0.36023,0.37558,1,1,23:12:2024,21:36:53,624,-9.908354,-56.064393,288.0,lev20,Almucantar,1.5184655984933908,0.1697371240139152,0.7801290027952132,BCL,Maritime,,Unknown
06:12:2023,10:45:30,Alta_Floresta_IF,340,340.448264,0.1099,0.0593,0.0424,0.0366,0.099,0.048,0.0305,0.0244,0.0109,0.0113,0.0118,0.0122,1.395192,69.335641,70.026129,0.998167,0.023081,0.109445,4,10,7,6,4,10,7,6,4,10,7,6,4,10,7,6,0.04276,0.08306,0.39622,0.41391,1,1,23:12:2024,21:30:34,624,-9.908354,-56.064393,288.0,lev20,Almucantar,Alta_Floresta_IF,340,340.448264,0.109445,0.059612,0.042163,0.036717,1.394834,69.335641,70.026129,0.998167,0.023081,0.109445,4,10,7,6,4,10,7,6,4,10,7,6,4,10,7,6,0.04276,0.08306,0.39622,0.41391,1,1,23:12:2024,21:30:34,624,-9.908354,-56.064393,288.0,lev20,Almucantar,Alta_Floresta_IF,340,340.448264,1.50485,1.50415,1.506,1.50265,0.012257,0.012527,0.012961,0.0134085,69.335641,70.026129,0.998167,0.023081,0.109445,4,10,7,6,4,10,7,6,4,10,7,6,4,10,7,6,0.04276,0.08306,0.39622,0.41391,1,1,23:12:2024,21:30:34,624,-9.908354,-56.064393,288.0,lev20,Almucantar,Alta_Floresta_IF,340,340.448264,0.9217,0.8989,0.8772500000000001,0.85805,69.335641,70.026129,0.998167,0.023081,0.109445,4,10,7,6,4,10,7,6,4,10,7,6,4,10,7,6,0.04276,0.08306,0.39622,0.41391,1,1,23:12:2024,21:30:34,624,-9.908354,-56.064393,288.0,lev20,Almucantar,Alta_Floresta_IF,340,340.448264,0.043364,0.0272645,0.021113,0.0182895,1.0952994999999999,69.335641,70.026129,0.998167,0.023081,0.109445,4,10,7,6,4,10,7,6,4,10,7,6,4,10,7,6,0.04276,0.08306,0.39622,0.41391,1,1,23:12:2024,21:30:34,624,-9.908354,-56.064393,288.0,lev20,Almucantar,1.397090618043084,0.09192527855274872,0.8565592793820802,BCL,Maritime,,Unknown
06:12:2023,11:31:06,Alta_Floresta_IF,340,340.479931,0.1037,0.0568,0.0408,0.0343,0.0893,0.0407,0.0237,0.0171,0.0143,0.0161,0.017,0.0172,1.365921,58.82388,59.515607,1.892551,0.090773,0.104118,4,10,7,5,4,9,7,5,3,11,7,5,3,8,8,5,0.03927,0.07506,0.35586,0.3738,1,1,23:12:2024,21:32:25,624,-9.908354,-56.064393,288.0,lev20,Almucantar,Alta_Floresta_IF,340,340.479931,0.104118,0.057299,0.039798,0.035982,1.402573,58.82388,59.515607,1.892551,0.090773,0.104118,4,10,7,5,4,9,7,5,3,11,7,5,3,8,8,5,0.03927,0.07506,0.35586,0.3738,1,1,23:12:2024,21:32:25,624,-9.908354,-56.064393,288.0,lev20,Almucantar,Alta_Floresta_IF,340,340.479931,1.50485,1.50415,1.506,1.50265,0.012257,0.012527,0.012961,0.0134085,58.82388,59.515607,1.892551,0.090773,0.104118,4,10,7,5,4,9,7,5,3,11,7,5,3,8,8,5,0.03927,0.07506,0.35586,0.3738,1,1,23:12:2024,21:32:25,624,-9.908354,-56.064393,288.0,lev20,Almucantar,Alta_Floresta_IF,340,340.479931,0.9217,0.8989,0.8772500000000001,0.85805,58.82388,59.515607,1.892551,0.090773,0.104118,4,10,7,5,4,9,7,5,3,11,7,5,3,8,8,5,0.03927,0.07506,0.35586,0.3738,1,1,23:12:2024,21:32:25,624,-9.908354,-56.064393,288.0,lev20,Almucantar,Alta_Floresta_IF,340,340.479931,0.043364,0.0272645,0.021113,0.0182895,1.0952994999999999,58.82388,59.515607,1.892551,0.090773,0.104118,4,10,7,5,4,9,7,5,3,11,7,5,3,8,8,5,0.03927,0.07506,0.35586,0.3738,1,1,23:12:2024,21:32:25,624,-9.908354,-56.064393,288.0,lev20,Almucantar,1.3683361309854534,0.08705874269976074,0.7921595397506728,BCL,Maritime,,Unknown
06:12:2023,11:57:12,Alta_Floresta_IF,340,340.498056,0.1043,0.056,0.0399,0.0326,0.0905,0.0404,0.0234,0.016,0.0138,0.0155,0.0165,0.0167,1.407475,52.812237,53.50238,1.6859,0.024529,0.103857,3,10,8,4,3,8,8,4,3,9,8,4,4,8,8,4,0.03796,0.07207,0.34047,0.35852,1,1,23:12:2024,21:34:23,624,-9.908354,-56.064393,288.0,lev20,Almucantar,Alta_Floresta_IF,340,340.498056,0.103857,0.05662,0.039737,0.033306,1.403563,52.812237,53.50238,1.6859,0.024529,0.103857,3,10,8,4,3,8,8,4,3,9,8,4,4,8,8,4,0.03796,0.07207,0.34047,0.35852,1,1,23:12:2024,21:34:23,624,-9.908354,-56.064393,288.0,lev20,Almucantar,Alta_Floresta_IF,340,340.498056,1.50485,1.50415,1.506,1.50265,0.012257,0.012527,0.012961,0.0134085,52.812237,53.50238,1.6859,0.024529,0.103857,3,10,8,4,3,8,8,4,3,9,8,4,4,8,8,4,0.03796,0.07207,0.34047,0.35852,1,1,23:12:2024,21:34:23,624,-9.908354,-56.064393,288.0,lev20,Almucantar,Alta_Floresta_IF,340,340.498056,0.9217,0.8989,0.8772500000000001,0.85805,52.812237,53.50238,1.6859,0.024529,0.103857,3,10,8,4,3,8,8,4,3,9,8,4,4,8,8,4,0.03796,0.07207,0.34047,0.35852,1,1,23:12:2024,21:34:23,624,-9.908354,-56.064393,288.0,lev20,Almucantar,Alta_Floresta_IF,340,340.498056,0.043364,0.0272645,0.021113,0.0182895,1.0952994999999999,52.812237,53.50238,1.6859,0.024529,0.103857,3,10,8,4,3,8,8,4,3,9,8,4,4,8,8,4,0.03796,0.07207,0.34047,0.35852,1,1,23:12:2024,21:34:23,624,-9.908354,-56.064393,288.0,lev20,Almucantar,1.4095188257695073,0.08710269443170396,0.8011151478353535,BCL,Maritime,,Unknown
14:12:2023,10:48:49,Alta_Floresta_IF,348,348.450567,0.1517,0.0989,0.0814,0.0738,0.1082,0.0501,0.0304,0.0218,0.0435,0.0488,0.0511,0.052,0.917872,69.372814,70.05973,4.122987,0.123036,0.150263,4,10,7,6,4,10,7,6,4,10,7,6,4,10,7,6,0.04191,0.08185,0.3982,0.41509,1,1,23:12:2024,21:33:18,624,-9.908354,-56.064393,288.0,lev20,Almucantar,Alta_Floresta_IF,348,348.450567,0.150263,0.097476,0.08093,0.076651,0.914198,69.372814,70.05973,4.122987,0.123036,0.150263,4,10,7,6,4,10,7,6,4,10,7,6,4,10,7,6,0.04191,0.08185,0.3982,0.41509,1,1,23:12:2024,21:33:18,624,-9.908354,-56.064393,288.0,lev20,Almucantar,Alta_Floresta_IF,348,348.450567,1.50485,1.50415,1.506,1.50265,0.012257,0.012527,0.012961,0.0134085,69.372814,70.05973,4.122987,0.123036,0.150263,4,10,7,6,4,10,7,6,4,10,7,6,4,10,7,6,0.04191,0.08185,0.3982,0.41509,1,1,23:12:2024,21:33:18,624,-9.908354,-56.064393,288.0,lev20,Almucantar,Alta_Floresta_IF,348,348.450567,0.9217,0.8989,0.8772500000000001,0.85805,69.372814,70.05973,4.122987,0.123036,0.150263,4,10,7,6,4,10,7,6,4,10,7,6,4,10,7,6,0.04191,0.08185,0.3982,0.41509,1,1,23:12:2024,21:33:18,624,-9.908354,-56.064393,288.0,lev20,Almucantar,Alta_Floresta_IF,348,348.450567,0.043364,0.0272645,0.021113,0.0182895,1.0952994999999999,69.372814,70.05973,4.122987,0.123036,0.150263,4,10,7,6,4,10,7,6,4,10,7,6,4,10,7,6,0.04191,0.08185,0.3982,0.41509,1,1,23:12:2024,21:33:18,624,-9.908354,-56.064393,288.0,lev20,Almucantar,0.913176959822024,0.13498590921359874,0.6085566182538618,Unclassified,Maritime,,Unknown
14:12:2023,11:34:40,Alta_Floresta_IF,348,348.482407,0.1539,0.0983,0.0801,0.0726,0.1112,0.0503,0.0291,0.0206,0.0428,0.048,0.0511,0.052,0.962724,58.859856,59.54773,2.14381,0.105353,0.152224,4,10,7,5,4,10,7,5,3,11,7,5,3,10,8,5,0.03846,0.07395,0.35743,0.37476,1,1,23:12:2024,21:35:00,624,-9.908354,-56.064393,288.0,lev20,Almucantar,Alta_Floresta_IF,348,348.482407,0.152224,0.097271,0.079674,0.074555,0.955273,58.859856,59.54773,2.14381,0.105353,0.152224,4,10,7,5,4,10,7,5,3,11,7,5,3,10,8,5,0.03846,0.07395,0.35743,0.37476,1,1,23:12:2024,21:35:00,624,-9.908354,-56.064393,288.0,lev20,Almucantar,Alta_Floresta_IF,348,348.482407,1.50485,1.50415,1.506,1.50265,0.012257,0.012527,0.012961,0.0134085,58.859856,59.54773,2.14381,0.105353,0.152224,4,10,7,5,4,10,7,5,3,11,7,5,3,10,8,5,0.03846,0.07395,0.35743,0.37476,1,1,23:12:2024,21:35:00,624,-9.908354,-56.064393,288.0,lev20,Almucantar,Alta_Floresta_IF,348,348.482407,0.9217,0.8989,0.8772500000000001,0.85805,58.859856,59.54773,2.14381,0.105353,0.152224,4,10,7,5,4,10,7,5,3,11,7,5,3,10,8,5,0.03846,0.07395,0.35743,0.37476,1,1,23:12:2024,21:35:00,624,-9.908354,-56.064393,288.0,lev20,Almucantar,Alta_Floresta_IF,348,348.482407,0.043364,0.0272645,0.021113,0.0182895,1.0952994999999999,58.859856,59.54773,2.14381,0.105353,0.152224,4,10,7,5,4,10,7,5,3,11,7,5,3,10,8,5,0.03846,0.07395,0.35743,0.37476,1,1,23:12:2024,21:35:00,624,-9.908354,-56.064393,288.0,lev20,Almucantar,0.9579132756288691,0.136162599643557,0.615559143335609,Unclassified,Maritime,,Unknown
14:12:2023,12:00:56,Alta_Floresta_IF,348,348.500648,0.1594,0.0999,0.0802,0.0722,0.1175,0.0531,0.0302,0.0211,0.042,0.0468,0.05,0.0511,1.011615,52.845141,53.53108,2.107406,0.144498,0.157708,3,10,8,4,3,10,8,4,3,10,8,4,4,9,8,4,0.03718,0.07099,0.34191,0.35939,1,1,23:12:2024,21:36:39,624,-9.908354,-56.064393,288.0,lev20,Almucantar,Alta_Floresta_IF,348,348.500648,0.157708,0.098978,0.0791,0.074546,1.015381,52.845141,53.53108,2.107406,0.144498,0.157708,3,10,8,4,3,10,8,4,3,10,8,4,4,9,8,4,0.03718,0.07099,0.34191,0.35939,1,1,23:12:2024,21:36:39,624,-9.908354,-56.064393,288.0,lev20,Almucantar,Alta_Floresta_IF,348,348.500648,1.50485,1.50415,1.506,1.50265,0.012257,0.012527,0.012961,0.0134085,52.845141,53.53108,2.107406,0.144498,0.157708,3,10,8,4,3,10,8,4,3,10,8,4,4,9,8,4,0.03718,0.07099,0.34191,0.35939,1,1,23:12:2024,21:36:39,624,-9.908354,-56.064393,288.0,lev20,Almucantar,Alta_Floresta_IF,348,348.500648,0.9217,0.8989,0.8772500000000001,0.85805,52.845141,53.53108,2.107406,0.144498,0.157708,3,10,8,4,3,10,8,4,3,10,8,4,4,9,8,4,0.03718,0.07099,0.34191,0.35939,1,1,23:12:2024,21:36:39,624,-9.908354,-56.064393,288.0,lev20,Almucantar,Alta_Floresta_IF,348,348.500648,0.043364,0.0272645,0.021113,0.0182895,1.0952994999999999,52.845141,53.53108,2.107406,0.144498,0.157708,3,10,8,4,3,10,8,4,3,10,8,4,4,9,8,4,0.03718,0.07099,0.34191,0.35939,1,1,23:12:2024,21:36:39,624,-9.908354,-56.064393,288.0,lev20,Almucantar,1.0075907678362643,0.1401359525992898,0.6345119731723523,Unclassified,Maritime,,Unknown
19:12:2023,10:51:08,Alta_Floresta_IF,353,353.452176,0.2425,0.1399,0.1077,0.0954,0.1872,0.0803,0.0469,0.0344,0.0554,0.0595,0.0608,0.0611,1.194859,69.390974,70.07686,2.063487,0.057042,0.239899,4,10,7,6,3,10,7,6,4,10,7,6,4,10,7,6,0.04116,0.0806,0.39998,0.41609,1,1,23:12:2024,21:36:59,624,-9.908354,-56.064393,288.0,lev20,Almucantar,Alta_Floresta_IF,353,353.452176,0.239899,0.139709,0.107162,0.096705,1.18502,69.390974,70.07686,2.063487,0.057042,0.239899,4,10,7,6,3,10,7,6,4,10,7,6,4,10,7,6,0.04116,0.0806,0.39998,0.41609,1,1,23:12:2024,21:36:59,624,-9.908354,-56.064393,288.0,lev20,Almucantar,Alta_Floresta_IF,353,353.452176,1.50485,1.50415,1.506,1.50265,0.012257,0.012527,0.012961,0.0134085,69.390974,70.07686,2.063487,0.057042,0.239899,4,10,7,6,3,10,7,6,4,10,7,6,4,10,7,6,0.04116,0.0806,0.39998,0.41609,1,1,23:12:2024,21:36:59,624,-9.908354,-56.064393,288.0,lev20,Almucantar,Alta_Floresta_IF,353,353.452176,0.9217,0.8989,0.8772500000000001,0.85805,69.390974,70.07686,2.063487,0.057042,0.239899,4,10,7,6,3,10,7,6,4,10,7,6,4,10,7,6,0.04116,0.0806,0.39998,0.41609,1,1,23:12:2024,21:36:59,624,-9.908354,-56.064393,288.0,lev20,Almucantar,Alta_Floresta_IF,353,353.452176,0.043364,0.0272645,0.021113,0.0182895,1.0952994999999999,69.390974,70.07686,2.063487,0.057042,0.239899,4,10,7,6,3,10,7,6,4,10,7,6,4,10,7,6,0.04116,0.0806,0.39998,0.41609,1,1,23:12:2024,21:36:59,624,-9.908354,-56.064393,288.0,lev20,Almucantar,1.1905972104146898,0.20826340627806175,0.6708657775423271,Unclassified,Urban,,Unknown
16:01:2024,11:49:52,Alta_Floresta_IF,16,16.492963,0.1567,0.0932,0.0713,0.0631,0.1421,0.0781,0.0559,0.0475,0.0146,0.0151,0.0155,0.0156,1.155805,58.766847,59.466173,2.334265,0.077385,0.155398,4,10,7,5,4,10,7,5,3,11,7,5,3,10,8,4,0.03739,0.0711,0.36072,0.37613,1,1,13:01:2025,18:35:42,624,-9.908354,-56.064393,288.0,lev20,Almucantar,Alta_Floresta_IF,16,16.492963,0.155398,0.092929,0.070627,0.064275,1.155983,58.766847,59.466173,2.334265,0.077385,0.155398,4,10,7,5,4,10,7,5,3,11,7,5,3,10,8,4,0.03739,0.0711,0.36072,0.37613,1,1,13:01:2025,18:35:42,624,-9.908354,-56.064393,288.0,lev20,Almucantar,Alta_Floresta_IF,16,16.492963,1.50485,1.50415,1.506,1.50265,0.012257,0.012527,0.012961,0.0134085,58.766847,59.466173,2.334265,0.077385,0.155398,4,10,7,5,4,10,7,5,3,11,7,5,3,10,8,4,0.03739,0.0711,0.36072,0.37613,1,1,13:01:2025,18:35:42,624,-9.908354,-56.064393,288.0,lev20,Almucantar,Alta_Floresta_IF,16,16.492963,0.9217,0.8989,0.8772500000000001,0.85805,58.766847,59.466173,2.334265,0.077385,0.155398,4,10,7,5,4,10,7,5,3,11,7,5,3,10,8,4,0.03739,0.0711,0.36072,0.37613,1,1,13:01:2025,18:35:42,624,-9.908354,-56.064393,288.0,lev20,Almucantar,Alta_Floresta_IF,16,16.492963,0.043364,0.0272645,0.021113,0.0182895,1.0952994999999999,58.766847,59.466173,2.334265,0.077385,0.155398,4,10,7,5,4,10,7,5,3,11,7,5,3,10,8,4,0.03739,0.0711,0.36072,0.37613,1,1,13:01:2025,18:35:42,624,-9.908354,-56.064393,288.0,lev20,Almucantar,1.1550762368520673,0.13518927853046592,0.8725513363018436,Unclassified,Maritime,,Unknown
17:01:2024,10:43:30,Alta_Floresta_IF,17,17.446875,0.084,0.0498,0.038,0.0337,0.0681,0.0317,0.0188,0.0143,0.0159,0.0181,0.0192,0.0194,1.164163,74.30452,75.00022,1.274748,0.031525,0.083284,4,10,7,5,4,10,7,5,4,10,7,4,4,10,7,5,0.04268,0.08331,0.43082,0.44568,1,1,14:01:2025,16:49:40,624,-9.908354,-56.064393,288.0,lev20,Almucantar,Alta_Floresta_IF,17,17.446875,0.083284,0.049849,0.037884,0.034401,1.154651,74.30452,75.00022,1.274748,0.031525,0.083284,4,10,7,5,4,10,7,5,4,10,7,4,4,10,7,5,0.04268,0.08331,0.43082,0.44568,1,1,14:01:2025,16:49:40,624,-9.908354,-56.064393,288.0,lev20,Almucantar,Alta_Floresta_IF,17,17.446875,1.50485,1.50415,1.506,1.50265,0.012257,0.012527,0.012961,0.0134085,74.30452,75.00022,1.274748,0.031525,0.083284,4,10,7,5,4,10,7,5,4,10,7,4,4,10,7,5,0.04268,0.08331,0.43082,0.44568,1,1,14:01:2025,16:49:40,624,-9.908354,-56.064393,288.0,lev20,Almucantar,Alta_Floresta_IF,17,17.446875,0.9217,0.8989,0.8772500000000001,0.85805,74.30452,75.00022,1.274748,0.031525,0.083284,4,10,7,5,4,10,7,5,4,10,7,4,4,10,7,5,0.04268,0.08331,0.43082,0.44568,1,1,14:01:2025,16:49:40,624,-9.908354,-56.064393,288.0,lev20,Almucantar,Alta_Floresta_IF,17,17.446875,0.043364,0.0272645,0.021113,0.0182895,1.0952994999999999,74.30452,75.00022,1.274748,0.031525,0.083284,4,10,7,5,4,10,7,5,4,10,7,4,4,10,7,5,0.04268,0.08331,0.43082,0.44568,1,1,14:01:2025,16:49:40,624,-9.908354,-56.064393,288.0,lev20,Almucantar,1.1635750780965495,0.07239035509555992,0.721901984783041,Unclassified,Maritime,,Unknown
17:01:2024,11:04:55,Alta_Floresta_IF,17,17.461748,0.0921,0.0534,0.0406,0.0362,0.0755,0.0347,0.0205,0.0159,0.0166,0.0188,0.0201,0.0203,1.203399,69.326388,70.024657,1.068205,0.040471,0.091295,4,10,7,6,4,10,7,6,4,10,7,6,4,10,7,6,0.04031,0.07786,0.4015,0.41672,1,1,14:01:2025,16:51:35,624,-9.908354,-56.064393,288.0,lev20,Almucantar,Alta_Floresta_IF,17,17.461748,0.091295,0.053598,0.040163,0.036538,1.203059,69.326388,70.024657,1.068205,0.040471,0.091295,4,10,7,6,4,10,7,6,4,10,7,6,4,10,7,6,0.04031,0.07786,0.4015,0.41672,1,1,14:01:2025,16:51:35,624,-9.908354,-56.064393,288.0,lev20,Almucantar,Alta_Floresta_IF,17,17.461748,1.50485,1.50415,1.506,1.50265,0.012257,0.012527,0.012961,0.0134085,69.326388,70.024657,1.068205,0.040471,0.091295,4,10,7,6,4,10,7,6,4,10,7,6,4,10,7,6,0.04031,0.07786,0.4015,0.41672,1,1,14:01:2025,16:51:35,624,-9.908354,-56.064393,288.0,lev20,Almucantar,Alta_Floresta_IF,17,17.461748,0.9217,0.8989,0.8772500000000001,0.85805,69.326388,70.024657,1.068205,0.040471,0.091295,4,10,7,6,4,10,7,6,4,10,7,6,4,10,7,6,0.04031,0.07786,0.4015,0.41672,1,1,14:01:2025,16:51:35,624,-9.908354,-56.064393,288.0,lev20,Almucantar,Alta_Floresta_IF,17,17.461748,0.043364,0.0272645,0.021113,0.0182895,1.0952994999999999,69.326388,70.024657,1.068205,0.040471,0.091295,4,10,7,6,4,10,7,6,4,10,7,6,4,10,7,6,0.04031,0.07786,0.4015,0.41672,1,1,14:01:2025,16:51:35,624,-9.908354,-56.064393,288.0,lev20,Almucantar,1.2015324433668413,0.0789866617849582,0.731992303645624,BCL,Maritime,,Unknown
17:01:2024,11:50:01,Alta_Floresta_IF,17,17.493067,0.0934,0.0552,0.0426,0.0375,0.0756,0.0354,0.0214,0.0161,0.0178,0.0199,0.0211,0.0215,1.154201,58.807935,59.508181,1.548457,0.078065,0.092585,4,10,7,5,4,10,7,5,3,11,7,5,3,10,8,5,0.03699,0.0702,0.35994,0.37579,1,1,14:01:2025,16:36:49,624,-9.908354,-56.064393,288.0,lev20,Almucantar,Alta_Floresta_IF,17,17.493067,0.092585,0.055613,0.041724,0.038889,1.166005,58.807935,59.508181,1.548457,0.078065,0.092585,4,10,7,5,4,10,7,5,3,11,7,5,3,10,8,5,0.03699,0.0702,0.35994,0.37579,1,1,14:01:2025,16:36:49,624,-9.908354,-56.064393,288.0,lev20,Almucantar,Alta_Floresta_IF,17,17.493067,1.50485,1.50415,1.506,1.50265,0.012257,0.012527,0.012961,0.0134085,58.807935,59.508181,1.548457,0.078065,0.092585,4,10,7,5,4,10,7,5,3,11,7,5,3,10,8,5,0.03699,0.0702,0.35994,0.37579,1,1,14:01:2025,16:36:49,624,-9.908354,-56.064393,288.0,lev20,Almucantar,Alta_Floresta_IF,17,17.493067,0.9217,0.8989,0.8772500000000001,0.85805,58.807935,59.508181,1.548457,0.078065,0.092585,4,10,7,5,4,10,7,5,3,11,7,5,3,10,8,5,0.03699,0.0702,0.35994,0.37579,1,1,14:01:2025,16:36:49,624,-9.908354,-56.064393,288.0,lev20,Almucantar,Alta_Floresta_IF,17,17.493067,0.043364,0.0272645,0.021113,0.0182895,1.0952994999999999,58.807935,59.508181,1.548457,0.078065,0.092585,4,10,7,5,4,10,7,5,3,11,7,5,3,10,8,5,0.03699,0.0702,0.35994,0.37579,1,1,14:01:2025,16:36:49,624,-9.908354,-56.064393,288.0,lev20,Almucantar,1.1515561181579397,0.08061494419445718,0.7248731043765554,Unclassified,Maritime,,Unknown
17:01:2024,12:15:53,Alta_Floresta_IF,17,17.51103,0.0906,0.0538,0.0423,0.0375,0.0722,0.0331,0.0202,0.015,0.0184,0.0208,0.0221,0.0225,1.12248,52.772856,53.472349,1.577041,0.10395,0.08959,3,10,8,4,3,10,8,4,3,10,8,4,4,10,8,4,0.03573,0.0673,0.34405,0.36015,1,1,14:01:2025,16:39:05,624,-9.908354,-56.064393,288.0,lev20,Almucantar,Alta_Floresta_IF,17,17.51103,0.08959,0.054238,0.041119,0.038835,1.140205,52.772856,53.472349,1.577041,0.10395,0.08959,3,10,8,4,3,10,8,4,3,10,8,4,4,10,8,4,0.03573,0.0673,0.34405,0.36015,1,1,14:01:2025,16:39:05,624,-9.908354,-56.064393,288.0,lev20,Almucantar,Alta_Floresta_IF,17,17.51103,1.50485,1.50415,1.506,1.50265,0.012257,0.012527,0.012961,0.0134085,52.772856,53.472349,1.577041,0.10395,0.08959,3,10,8,4,3,10,8,4,3,10,8,4,4,10,8,4,0.03573,0.0673,0.34405,0.36015,1,1,14:01:2025,16:39:05,624,-9.908354,-56.064393,288.0,lev20,Almucantar,Alta_Floresta_IF,17,17.51103,0.9217,0.8989,0.8772500000000001,0.85805,52.772856,53.472349,1.577041,0.10395,0.08959,3,10,8,4,3,10,8,4,3,10,8,4,4,10,8,4,0.03573,0.0673,0.34405,0.36015,1,1,14:01:2025,16:39:05,624,-9.908354,-56.064393,288.0,lev20,Almucantar,Alta_Floresta_IF,17,17.51103,0.043364,0.0272645,0.021113,0.0182895,1.0952994999999999,52.772856,53.472349,1.577041,0.10395,0.08959,3,10,8,4,3,10,8,4,3,10,8,4,4,10,8,4,0.03573,0.0673,0.34405,0.36015,1,1,14:01:2025,16:39:05,624,-9.908354,-56.064393,288.0,lev20,Almucantar,1.1172751569019015,0.07854165828656678,0.7059143102155323,Unclassified,Maritime,,Unknown
14:02:2024,10:51:31,Alta_Floresta_IF,45,45.452442,0.0794,0.0548,0.0448,0.0411,0.055,0.0279,0.0161,0.0118,0.0244,0.0268,0.0288,0.0293,0.838363,74.189124,74.911648,1.639802,0.020476,0.078202,4,10,7,6,4,10,7,6,4,10,7,6,4,10,7,6,0.04119,0.08053,0.4303,0.44625,1,1,26:04:2025,20:16:14,624,-9.908354,-56.064393,288.0,lev20,Almucantar,Alta_Floresta_IF,45,45.452442,0.078202,0.05469,0.044698,0.041447,0.818275,74.189124,74.911648,1.639802,0.020476,0.078202,4,10,7,6,4,10,7,6,4,10,7,6,4,10,7,6,0.04119,0.08053,0.4303,0.44625,1,1,26:04:2025,20:16:14,624,-9.908354,-56.064393,288.0,lev20,Almucantar,Alta_Floresta_IF,45,45.452442,1.50485,1.50415,1.506,1.50265,0.012257,0.012527,0.012961,0.0134085,74.189124,74.911648,1.639802,0.020476,0.078202,4,10,7,6,4,10,7,6,4,10,7,6,4,10,7,6,0.04119,0.08053,0.4303,0.44625,1,1,26:04:2025,20:16:14,624,-9.908354,-56.064393,288.0,lev20,Almucantar,Alta_Floresta_IF,45,45.452442,0.9217,0.8989,0.8772500000000001,0.85805,74.189124,74.911648,1.639802,0.020476,0.078202,4,10,7,6,4,10,7,6,4,10,7,6,4,10,7,6,0.04119,0.08053,0.4303,0.44625,1,1,26:04:2025,20:16:14,624,-9.908354,-56.064393,288.0,lev20,Almucantar,Alta_Floresta_IF,45,45.452442,0.043364,0.0272645,0.021113,0.0182895,1.0952994999999999,74.189124,74.911648,1.639802,0.020476,0.078202,4,10,7,6,4,10,7,6,4,10,7,6,4,10,7,6,0.04119,0.08053,0.4303,0.44625,1,1,26:04:2025,20:16:14,624,-9.908354,-56.064393,288.0,lev20,Almucantar,0.8394817533127372,0.07132055575692882,0.5994335943059471,MA,Maritime,,Unknown
14:02:2024,11:12:07,Alta_Floresta_IF,45,45.466748,0.0821,0.056,0.0459,0.0417,0.0588,0.0304,0.0184,0.0137,0.0232,0.0256,0.0275,0.028,0.853225,69.217404,69.942347,1.804692,0.057489,0.08063,4,10,7,6,4,10,7,6,4,10,7,6,4,10,7,6,0.03898,0.07539,0.40151,0.4171,1,1,26:04:2025,20:18:17,624,-9.908354,-56.064393,288.0,lev20,Almucantar,Alta_Floresta_IF,45,45.466748,0.08063,0.056015,0.045396,0.042405,0.839583,69.217404,69.942347,1.804692,0.057489,0.08063,4,10,7,6,4,10,7,6,4,10,7,6,4,10,7,6,0.03898,0.07539,0.40151,0.4171,1,1,26:04:2025,20:18:17,624,-9.908354,-56.064393,288.0,lev20,Almucantar,Alta_Floresta_IF,45,45.466748,1.50485,1.50415,1.506,1.50265,0.012257,0.012527,0.012961,0.0134085,69.217404,69.942347,1.804692,0.057489,0.08063,4,10,7,6,4,10,7,6,4,10,7,6,4,10,7,6,0.03898,0.07539,0.40151,0.4171,1,1,26:04:2025,20:18:17,624,-9.908354,-56.064393,288.0,lev20,Almucantar,Alta_Floresta_IF,45,45.466748,0.9217,0.8989,0.8772500000000001,0.85805,69.217404,69.942347,1.804692,0.057489,0.08063,4,10,7,6,4,10,7,6,4,10,7,6,4,10,7,6,0.03898,0.07539,0.40151,0.4171,1,1,26:04:2025,20:18:17,624,-9.908354,-56.064393,288.0,lev20,Almucantar,Alta_Floresta_IF,45,45.466748,0.043364,0.0272645,0.021113,0.0182895,1.0952994999999999,69.217404,69.942347,1.804692,0.057489,0.08063,4,10,7,6,4,10,7,6,4,10,7,6,4,10,7,6,0.03898,0.07539,0.40151,0.4171,1,1,26:04:2025,20:18:17,624,-9.908354,-56.064393,288.0,lev20,Almucantar,0.8529516397326194,0.07361894022310955,0.6288354870498118,Unclassified,Maritime,,Unknown
26:02:2024,20:46:12,Alta_Floresta_IF,57,57.865417,0.0581,0.0385,0.031,0.0278,0.0409,0.0193,0.0109,0.0076,0.0172,0.0192,0.02,0.0202,0.921321,71.867808,71.13462,2.480382,0.050864,0.05804,4,10,7,6,4,10,7,6,4,10,7,6,4,10,6,5,0.0397,0.07696,0.41775,0.42604,1,1,25:04:2025,06:55:55,624,-9.908354,-56.064393,288.0,lev20,Almucantar,Alta_Floresta_IF,57,57.865417,0.05804,0.03817,0.030435,0.028151,0.945844,71.867808,71.13462,2.480382,0.050864,0.05804,4,10,7,6,4,10,7,6,4,10,7,6,4,10,6,5,0.0397,0.07696,0.41775,0.42604,1,1,25:04:2025,06:55:55,624,-9.908354,-56.064393,288.0,lev20,Almucantar,Alta_Floresta_IF,57,57.865417,1.50485,1.50415,1.506,1.50265,0.012257,0.012527,0.012961,0.0134085,71.867808,71.13462,2.480382,0.050864,0.05804,4,10,7,6,4,10,7,6,4,10,7,6,4,10,6,5,0.0397,0.07696,0.41775,0.42604,1,1,25:04:2025,06:55:55,624,-9.908354,-56.064393,288.0,lev20,Almucantar,Alta_Floresta_IF,57,57.865417,0.9217,0.8989,0.8772500000000001,0.85805,71.867808,71.13462,2.480382,0.050864,0.05804,4,10,7,6,4,10,7,6,4,10,7,6,4,10,6,5,0.0397,0.07696,0.41775,0.42604,1,1,25:04:2025,06:55:55,624,-9.908354,-56.064393,288.0,lev20,Almucantar,Alta_Floresta_IF,57,57.865417,0.043364,0.0272645,0.021113,0.0182895,1.0952994999999999,71.867808,71.13462,2.480382,0.050864,0.05804,4,10,7,6,4,10,7,6,4,10,7,6,4,10,6,5,0.0397,0.07696,0.41775,0.42604,1,1,25:04:2025,06:55:55,624,-9.908354,-56.064393,288.0,lev20,Almucantar,0.9214631456204219,0.05164389159515554,0.6015070698964932,Unclassified,Maritime,,Unknown
26:02:2024,21:08:59,Alta_Floresta_IF,57,57.881238,0.0583,0.0379,0.0305,0.0274,0.0441,0.0228,0.0143,0.0107,0.0142,0.0151,0.0162,0.0166,0.951719,77.424246,76.694092,2.339473,0.030514,0.058063,4,8,7,6,4,8,7,6,4,8,7,6,4,8,7,6,0.04285,0.08403,0.45709,0.46212,1,1,25:04:2025,06:58:02,624,-9.908354,-56.064393,288.0,lev20,Almucantar,Alta_Floresta_IF,57,57.881238,0.058063,0.037888,0.030279,0.027877,0.955019,77.424246,76.694092,2.339473,0.030514,0.058063,4,8,7,6,4,8,7,6,4,8,7,6,4,8,7,6,0.04285,0.08403,0.45709,0.46212,1,1,25:04:2025,06:58:02,624,-9.908354,-56.064393,288.0,lev20,Almucantar,Alta_Floresta_IF,57,57.881238,1.50485,1.50415,1.506,1.50265,0.012257,0.012527,0.012961,0.0134085,77.424246,76.694092,2.339473,0.030514,0.058063,4,8,7,6,4,8,7,6,4,8,7,6,4,8,7,6,0.04285,0.08403,0.45709,0.46212,1,1,25:04:2025,06:58:02,624,-9.908354,-56.064393,288.0,lev20,Almucantar,Alta_Floresta_IF,57,57.881238,0.9217,0.8989,0.8772500000000001,0.85805,77.424246,76.694092,2.339473,0.030514,0.058063,4,8,7,6,4,8,7,6,4,8,7,6,4,8,7,6,0.04285,0.08403,0.45709,0.46212,1,1,25:04:2025,06:58:02,624,-9.908354,-56.064393,288.0,lev20,Almucantar,Alta_Floresta_IF,57,57.881238,0.043364,0.0272645,0.021113,0.0182895,1.0952994999999999,77.424246,76.694092,2.339473,0.030514,0.058063,4,8,7,6,4,8,7,6,4,8,7,6,4,8,7,6,0.04285,0.08403,0.45709,0.46212,1,1,25:04:2025,06:58:02,624,-9.908354,-56.064393,288.0,lev20,Almucantar,0.9503562309795197,0.05163061715377307,0.6813114192807255,Unclassified,Maritime,,Unknown
06:03:2024,11:13:06,Alta_Floresta_IF,66,66.467431,0.059,0.0354,0.0274,0.0242,0.051,0.0269,0.0182,0.0147,0.008,0.0085,0.0092,0.0095,1.126944,69.201201,69.937832,2.120293,0.057596,0.058773,4,10,7,6,4,10,7,6,2,10,7,6,3,10,6,5,0.0379,0.07377,0.40416,0.41953,1,1,09:05:2025,07:08:51,624,-9.908354,-56.064393,288.0,lev20,Almucantar,Alta_Floresta_IF,66,66.467431,0.058773,0.035133,0.027081,0.025058,1.138108,69.201201,69.937832,2.120293,0.057596,0.058773,4,10,7,6,4,10,7,6,2,10,7,6,3,10,6,5,0.0379,0.07377,0.40416,0.41953,1,1,09:05:2025,07:08:51,624,-9.908354,-56.064393,288.0,lev20,Almucantar,Alta_Floresta_IF,66,66.467431,1.50485,1.50415,1.506,1.50265,0.012257,0.012527,0.012961,0.0134085,69.201201,69.937832,2.120293,0.057596,0.058773,4,10,7,6,4,10,7,6,2,10,7,6,3,10,6,5,0.0379,0.07377,0.40416,0.41953,1,1,09:05:2025,07:08:51,624,-9.908354,-56.064393,288.0,lev20,Almucantar,Alta_Floresta_IF,66,66.467431,0.9217,0.8989,0.8772500000000001,0.85805,69.201201,69.937832,2.120293,0.057596,0.058773,4,10,7,6,4,10,7,6,2,10,7,6,3,10,6,5,0.0379,0.07377,0.40416,0.41953,1,1,09:05:2025,07:08:51,624,-9.908354,-56.064393,288.0,lev20,Almucantar,Alta_Floresta_IF,66,66.467431,0.043364,0.0272645,0.021113,0.0182895,1.0952994999999999,69.201201,69.937832,2.120293,0.057596,0.058773,4,10,7,6,4,10,7,6,2,10,7,6,3,10,6,5,0.0379,0.07377,0.40416,0.41953,1,1,09:05:2025,07:08:51,624,-9.908354,-56.064393,288.0,lev20,Almucantar,1.1250896780484918,0.051096368957910344,0.813535548409835,Unclassified,Maritime,,Unknown
11:03:2024,12:20:14,Alta_Floresta_IF,71,71.514051,0.1171,0.0799,0.0644,0.057,0.0878,0.0477,0.0303,0.0224,0.0292,0.0322,0.034,0.0346,0.874652,52.692664,53.429749,2.929694,0.254481,0.114666,3,10,8,4,3,10,8,4,3,10,8,4,3,10,8,4,0.03362,0.06381,0.34541,0.36162,1,1,09:05:2025,04:10:38,624,-9.908354,-56.064393,288.0,lev20,Almucantar,Alta_Floresta_IF,71,71.514051,0.114666,0.07788,0.063973,0.061432,0.85698,52.692664,53.429749,2.929694,0.254481,0.114666,3,10,8,4,3,10,8,4,3,10,8,4,3,10,8,4,0.03362,0.06381,0.34541,0.36162,1,1,09:05:2025,04:10:38,624,-9.908354,-56.064393,288.0,lev20,Almucantar,Alta_Floresta_IF,71,71.514051,1.50485,1.50415,1.506,1.50265,0.012257,0.012527,0.012961,0.0134085,52.692664,53.429749,2.929694,0.254481,0.114666,3,10,8,4,3,10,8,4,3,10,8,4,3,10,8,4,0.03362,0.06381,0.34541,0.36162,1,1,09:05:2025,04:10:38,624,-9.908354,-56.064393,288.0,lev20,Almucantar,Alta_Floresta_IF,71,71.514051,0.9217,0.8989,0.8772500000000001,0.85805,52.692664,53.429749,2.929694,0.254481,0.114666,3,10,8,4,3,10,8,4,3,10,8,4,3,10,8,4,0.03362,0.06381,0.34541,0.36162,1,1,09:05:2025,04:10:38,624,-9.908354,-56.064393,288.0,lev20,Almucantar,Alta_Floresta_IF,71,71.514051,0.043364,0.0272645,0.021113,0.0182895,1.0952994999999999,52.692664,53.429749,2.929694,0.254481,0.114666,3,10,8,4,3,10,8,4,3,10,8,4,3,10,8,4,0.03362,0.06381,0.34541,0.36162,1,1,09:05:2025,04:10:38,624,-9.908354,-56.064393,288.0,lev20,Almucantar,0.8770697155507337,0.10468014803370985,0.6758379517571647,Unclassified,Maritime,,Unknown
31:03:2024,19:44:27,Alta_Floresta_IF,91,91.822535,0.0395,0.0257,0.0197,0.0169,0.0329,0.0187,0.0122,0.0091,0.0066,0.007,0.0075,0.0078,1.014054,61.290472,60.565592,2.833107,0.207509,0.03898,3,6,8,5,3,6,8,4,3,6,8,5,3,6,8,5,0.03461,0.06735,0.37658,0.38609,1,1,08:05:2025,14:32:44,624,-9.908354,-56.064393,288.0,lev20,Almucantar,Alta_Floresta_IF,91,91.822535,0.03898,0.026491,0.021061,0.013012,0.898784,61.290472,60.565592,2.833107,0.207509,0.03898,3,6,8,5,3,6,8,4,3,6,8,5,3,6,8,5,0.03461,0.06735,0.37658,0.38609,1,1,08:05:2025,14:32:44,624,-9.908354,-56.064393,288.0,lev20,Almucantar,Alta_Floresta_IF,91,91.822535,1.50485,1.50415,1.506,1.50265,0.012257,0.012527,0.012961,0.0134085,61.290472,60.565592,2.833107,0.207509,0.03898,3,6,8,5,3,6,8,4,3,6,8,5,3,6,8,5,0.03461,0.06735,0.37658,0.38609,1,1,08:05:2025,14:32:44,624,-9.908354,-56.064393,288.0,lev20,Almucantar,Alta_Floresta_IF,91,91.822535,0.9217,0.8989,0.8772500000000001,0.85805,61.290472,60.565592,2.833107,0.207509,0.03898,3,6,8,5,3,6,8,4,3,6,8,5,3,6,8,5,0.03461,0.06735,0.37658,0.38609,1,1,08:05:2025,14:32:44,624,-9.908354,-56.064393,288.0,lev20,Almucantar,Alta_Floresta_IF,91,91.822535,0.043364,0.0272645,0.021113,0.0182895,1.0952994999999999,61.290472,60.565592,2.833107,0.207509,0.03898,3,6,8,5,3,6,8,4,3,6,8,5,3,6,8,5,0.03461,0.06735,0.37658,0.38609,1,1,08:05:2025,14:32:44,624,-9.908354,-56.064393,288.0,lev20,Almucantar,1.020482870480198,0.034669103664105146,0.7864003431423384,Unclassified,Maritime,,Unknown
31:03:2024,20:27:48,Alta_Floresta_IF,91,91.852639,0.0396,0.0257,0.0191,0.0157,0.0346,0.0205,0.0135,0.01,0.005,0.0052,0.0055,0.0057,1.058435,71.805335,71.075798,3.360362,0.130854,0.03905,4,8,7,6,4,8,7,6,4,10,7,5,4,10,6,4,0.03825,0.07543,0.42568,0.43158,1,1,08:05:2025,14:34:26,624,-9.908354,-56.064393,288.0,lev20,Almucantar,Alta_Floresta_IF,91,91.852639,0.03905,0.025921,0.020938,0.014418,0.914541,71.805335,71.075798,3.360362,0.130854,0.03905,4,8,7,6,4,8,7,6,4,10,7,5,4,10,6,4,0.03825,0.07543,0.42568,0.43158,1,1,08:05:2025,14:34:26,624,-9.908354,-56.064393,288.0,lev20,Almucantar,Alta_Floresta_IF,91,91.852639,1.50485,1.50415,1.506,1.50265,0.012257,0.012527,0.012961,0.0134085,71.805335,71.075798,3.360362,0.130854,0.03905,4,8,7,6,4,8,7,6,4,10,7,5,4,10,6,4,0.03825,0.07543,0.42568,0.43158,1,1,08:05:2025,14:34:26,624,-9.908354,-56.064393,288.0,lev20,Almucantar,Alta_Floresta_IF,91,91.852639,0.9217,0.8989,0.8772500000000001,0.85805,71.805335,71.075798,3.360362,0.130854,0.03905,4,8,7,6,4,8,7,6,4,10,7,5,4,10,6,4,0.03825,0.07543,0.42568,0.43158,1,1,08:05:2025,14:34:26,624,-9.908354,-56.064393,288.0,lev20,Almucantar,Alta_Floresta_IF,91,91.852639,0.043364,0.0272645,0.021113,0.0182895,1.0952994999999999,71.805335,71.075798,3.360362,0.130854,0.03905,4,8,7,6,4,8,7,6,4,10,7,5,4,10,6,4,0.03825,0.07543,0.42568,0.43158,1,1,08:05:2025,14:34:26,624,-9.908354,-56.064393,288.0,lev20,Almucantar,1.0695628760746754,0.034539489400731774,0.8412904711717293,Unclassified,Maritime,,Unknown
03:04:2024,20:25:48,Alta_Floresta_IF,94,94.85125,0.0425,0.0273,0.0212,0.0188,0.0343,0.0186,0.012,0.0093,0.0082,0.0086,0.0092,0.0095,1.016919,71.776097,71.049042,2.861267,0.081562,0.042224,4,9,7,5,4,8,6,5,4,8,5,5,4,8,4,4,0.03823,0.07539,0.42551,0.43143,1,1,23:12:2024,21:53:40,624,-9.908354,-56.064393,288.0,lev20,Almucantar,Alta_Floresta_IF,94,94.85125,0.042224,0.025968,0.020151,0.019378,1.08529,71.776097,71.049042,2.861267,0.081562,0.042224,4,9,7,5,4,8,6,5,4,8,5,5,4,8,4,4,0.03823,0.07539,0.42551,0.43143,1,1,23:12:2024,21:53:40,624,-9.908354,-56.064393,288.0,lev20,Almucantar,Alta_Floresta_IF,94,94.85125,1.50485,1.50415,1.506,1.50265,0.012257,0.012527,0.012961,0.0134085,71.776097,71.049042,2.861267,0.081562,0.042224,4,9,7,5,4,8,6,5,4,8,5,5,4,8,4,4,0.03823,0.07539,0.42551,0.43143,1,1,23:12:2024,21:53:40,624,-9.908354,-56.064393,288.0,lev20,Almucantar,Alta_Floresta_IF,94,94.85125,0.9217,0.8989,0.8772500000000001,0.85805,71.776097,71.049042,2.861267,0.081562,0.042224,4,9,7,5,4,8,6,5,4,8,5,5,4,8,4,4,0.03823,0.07539,0.42551,0.43143,1,1,23:12:2024,21:53:40,624,-9.908354,-56.064393,288.0,lev20,Almucantar,Alta_Floresta_IF,94,94.85125,0.043364,0.0272645,0.021113,0.0182895,1.0952994999999999,71.776097,71.049042,2.861267,0.081562,0.042224,4,9,7,5,4,8,6,5,4,8,5,5,4,8,4,4,0.03823,0.07539,0.42551,0.43143,1,1,23:12:2024,21:53:40,624,-9.908354,-56.064393,288.0,lev20,Almucantar,1.0202200905868255,0.03730345322295933,0.7469009109158228,Unclassified,Maritime,,Unknown
23:04:2024,10:54:02,Alta_Floresta_IF,114,114.45419,0.0553,0.0371,0.0308,0.028,0.0483,0.0299,0.0235,0.0206,0.007,0.0072,0.0073,0.0074,0.862186,74.346293,75.052761,3.729448,0.063109,0.054507,4,10,7,6,4,8,7,6,2,7,7,6,2,6,7,6,0.04105,0.07834,0.46589,0.47339,1,1,23:12:2024,22:01:38,624,-9.908354,-56.064393,288.0,lev20,Almucantar,Alta_Floresta_IF,114,114.45419,0.054507,0.037271,0.030209,0.029166,0.86404,74.346293,75.052761,3.729448,0.063109,0.054507,4,10,7,6,4,8,7,6,2,7,7,6,2,6,7,6,0.04105,0.07834,0.46589,0.47339,1,1,23:12:2024,22:01:38,624,-9.908354,-56.064393,288.0,lev20,Almucantar,Alta_Floresta_IF,114,114.45419,1.50485,1.50415,1.506,1.50265,0.012257,0.012527,0.012961,0.0134085,74.346293,75.052761,3.729448,0.063109,0.054507,4,10,7,6,4,8,7,6,2,7,7,6,2,6,7,6,0.04105,0.07834,0.46589,0.47339,1,1,23:12:2024,22:01:38,624,-9.908354,-56.064393,288.0,lev20,Almucantar,Alta_Floresta_IF,114,114.45419,0.9217,0.8989,0.8772500000000001,0.85805,74.346293,75.052761,3.729448,0.063109,0.054507,4,10,7,6,4,8,7,6,2,7,7,6,2,6,7,6,0.04105,0.07834,0.46589,0.47339,1,1,23:12:2024,22:01:38,624,-9.908354,-56.064393,288.0,lev20,Almucantar,Alta_Floresta_IF,114,114.45419,0.043364,0.0272645,0.021113,0.0182895,1.0952994999999999,74.346293,75.052761,3.729448,0.063109,0.054507,4,10,7,6,4,8,7,6,2,7,7,6,2,6,7,6,0.04105,0.07834,0.46589,0.47339,1,1,23:12:2024,22:01:38,624,-9.908354,-56.064393,288.0,lev20,Almucantar,0.8585042530790823,0.049552237462214856,0.8397201575369108,Unclassified,Maritime,,Unknown
23:04:2024,11:15:04,Alta_Floresta_IF,114,114.468796,0.059,0.0396,0.0325,0.0293,0.0499,0.0302,0.0229,0.0197,0.0091,0.0094,0.0096,0.0096,0.876518,69.408778,70.110994,3.193472,0.091545,0.057892,4,10,7,6,2,10,7,6,3,10,7,6,4,9,7,5,0.03857,0.07344,0.43286,0.44088,1,1,23:12:2024,22:03:09,624,-9.908354,-56.064393,288.0,lev20,Almucantar,Alta_Floresta_IF,114,114.468796,0.057892,0.039466,0.031521,0.030537,0.887955,69.408778,70.110994,3.193472,0.091545,0.057892,4,10,7,6,2,10,7,6,3,10,7,6,4,9,7,5,0.03857,0.07344,0.43286,0.44088,1,1,23:12:2024,22:03:09,624,-9.908354,-56.064393,288.0,lev20,Almucantar,Alta_Floresta_IF,114,114.468796,1.50485,1.50415,1.506,1.50265,0.012257,0.012527,0.012961,0.0134085,69.408778,70.110994,3.193472,0.091545,0.057892,4,10,7,6,2,10,7,6,3,10,7,6,4,9,7,5,0.03857,0.07344,0.43286,0.44088,1,1,23:12:2024,22:03:09,624,-9.908354,-56.064393,288.0,lev20,Almucantar,Alta_Floresta_IF,114,114.468796,0.9217,0.8989,0.8772500000000001,0.85805,69.408778,70.110994,3.193472,0.091545,0.057892,4,10,7,6,2,10,7,6,3,10,7,6,4,9,7,5,0.03857,0.07344,0.43286,0.44088,1,1,23:12:2024,22:03:09,624,-9.908354,-56.064393,288.0,lev20,Almucantar,Alta_Floresta_IF,114,114.468796,0.043364,0.0272645,0.021113,0.0182895,1.0952994999999999,69.408778,70.110994,3.193472,0.091545,0.057892,4,10,7,6,2,10,7,6,3,10,7,6,4,9,7,5,0.03857,0.07344,0.43286,0.44088,1,1,23:12:2024,22:03:09,624,-9.908354,-56.064393,288.0,lev20,Almucantar,0.8746973537040961,0.05275834358791196,0.8036524981847423,Unclassified,Maritime,,Unknown
23:04:2024,12:00:17,Alta_Floresta_IF,114,114.500197,0.0528,0.0349,0.0274,0.0235,0.0436,0.0249,0.0168,0.0126,0.0092,0.01,0.0106,0.0109,0.958283,58.936145,59.623087,2.303703,0.09547,0.052875,4,10,7,5,4,10,7,5,3,11,7,5,3,10,8,5,0.03504,0.06649,0.38547,0.39469,1,1,23:12:2024,22:04:44,624,-9.908354,-56.064393,288.0,lev20,Almucantar,Alta_Floresta_IF,114,114.500197,0.052875,0.034905,0.026217,0.025137,1.018212,58.936145,59.623087,2.303703,0.09547,0.052875,4,10,7,5,4,10,7,5,3,11,7,5,3,10,8,5,0.03504,0.06649,0.38547,0.39469,1,1,23:12:2024,22:04:44,624,-9.908354,-56.064393,288.0,lev20,Almucantar,Alta_Floresta_IF,114,114.500197,1.50485,1.50415,1.506,1.50265,0.012257,0.012527,0.012961,0.0134085,58.936145,59.623087,2.303703,0.09547,0.052875,4,10,7,5,4,10,7,5,3,11,7,5,3,10,8,5,0.03504,0.06649,0.38547,0.39469,1,1,23:12:2024,22:04:44,624,-9.908354,-56.064393,288.0,lev20,Almucantar,Alta_Floresta_IF,114,114.500197,0.9217,0.8989,0.8772500000000001,0.85805,58.936145,59.623087,2.303703,0.09547,0.052875,4,10,7,5,4,10,7,5,3,11,7,5,3,10,8,5,0.03504,0.06649,0.38547,0.39469,1,1,23:12:2024,22:04:44,624,-9.908354,-56.064393,288.0,lev20,Almucantar,Alta_Floresta_IF,114,114.500197,0.043364,0.0272645,0.021113,0.0182895,1.0952994999999999,58.936145,59.623087,2.303703,0.09547,0.052875,4,10,7,5,4,10,7,5,3,11,7,5,3,10,8,5,0.03504,0.06649,0.38547,0.39469,1,1,23:12:2024,22:04:44,624,-9.908354,-56.064393,288.0,lev20,Almucantar,0.9622273592477236,0.04668889879374374,0.7748524954367514,Unclassified,Maritime,,Unknown
23:04:2024,12:26:44,Alta_Floresta_IF,114,114.518565,0.0538,0.0341,0.026,0.0224,0.0445,0.0238,0.0149,0.0111,0.0094,0.0103,0.0111,0.0113,1.061585,52.944921,53.617863,2.207131,0.127455,0.053174,3,10,8,4,3,10,8,4,3,10,8,4,4,10,8,4,0.03372,0.0639,0.36738,0.37706,1,1,23:12:2024,22:06:12,624,-9.908354,-56.064393,288.0,lev20,Almucantar,Alta_Floresta_IF,114,114.518565,0.053174,0.034624,0.025308,0.024722,1.075047,52.944921,53.617863,2.207131,0.127455,0.053174,3,10,8,4,3,10,8,4,3,10,8,4,4,10,8,4,0.03372,0.0639,0.36738,0.37706,1,1,23:12:2024,22:06:12,624,-9.908354,-56.064393,288.0,lev20,Almucantar,Alta_Floresta_IF,114,114.518565,1.50485,1.50415,1.506,1.50265,0.012257,0.012527,0.012961,0.0134085,52.944921,53.617863,2.207131,0.127455,0.053174,3,10,8,4,3,10,8,4,3,10,8,4,4,10,8,4,0.03372,0.0639,0.36738,0.37706,1,1,23:12:2024,22:06:12,624,-9.908354,-56.064393,288.0,lev20,Almucantar,Alta_Floresta_IF,114,114.518565,0.9217,0.8989,0.8772500000000001,0.85805,52.944921,53.617863,2.207131,0.127455,0.053174,3,10,8,4,3,10,8,4,3,10,8,4,4,10,8,4,0.03372,0.0639,0.36738,0.37706,1,1,23:12:2024,22:06:12,624,-9.908354,-56.064393,288.0,lev20,Almucantar,Alta_Floresta_IF,114,114.518565,0.043364,0.0272645,0.021113,0.0182895,1.0952994999999999,52.944921,53.617863,2.207131,0.127455,0.053174,3,10,8,4,3,10,8,4,3,10,8,4,4,10,8,4,0.03372,0.0639,0.36738,0.37706,1,1,23:12:2024,22:06:12,624,-9.908354,-56.064393,288.0,lev20,Almucantar,1.066682135555583,0.04694214534913153,0.7660975823213904,Unclassified,Maritime,,Unknown
24:04:2024,12:27:09,Alta_Floresta_IF,115,115.518854,0.0588,0.0347,0.0256,0.0217,0.0488,0.0237,0.0141,0.0101,0.01,0.0109,0.0115,0.0116,1.215403,52.941609,53.612158,2.347703,0.131384,0.057022,3,10,8,4,3,10,8,4,3,10,8,4,4,10,8,4,0.03371,0.06389,0.36731,0.37704,1,1,23:12:2024,22:04:59,624,-9.908354,-56.064393,288.0,lev20,Almucantar,Alta_Floresta_IF,115,115.518854,0.057022,0.035384,0.025065,0.023984,1.190728,52.941609,53.612158,2.347703,0.131384,0.057022,3,10,8,4,3,10,8,4,3,10,8,4,4,10,8,4,0.03371,0.06389,0.36731,0.37704,1,1,23:12:2024,22:04:59,624,-9.908354,-56.064393,288.0,lev20,Almucantar,Alta_Floresta_IF,115,115.518854,1.50485,1.50415,1.506,1.50265,0.012257,0.012527,0.012961,0.0134085,52.941609,53.612158,2.347703,0.131384,0.057022,3,10,8,4,3,10,8,4,3,10,8,4,4,10,8,4,0.03371,0.06389,0.36731,0.37704,1,1,23:12:2024,22:04:59,624,-9.908354,-56.064393,288.0,lev20,Almucantar,Alta_Floresta_IF,115,115.518854,0.9217,0.8989,0.8772500000000001,0.85805,52.941609,53.612158,2.347703,0.131384,0.057022,3,10,8,4,3,10,8,4,3,10,8,4,4,10,8,4,0.03371,0.06389,0.36731,0.37704,1,1,23:12:2024,22:04:59,624,-9.908354,-56.064393,288.0,lev20,Almucantar,Alta_Floresta_IF,115,115.518854,0.043364,0.0272645,0.021113,0.0182895,1.0952994999999999,52.941609,53.612158,2.347703,0.131384,0.057022,3,10,8,4,3,10,8,4,3,10,8,4,4,10,8,4,0.03371,0.06389,0.36731,0.37704,1,1,23:12:2024,22:04:59,624,-9.908354,-56.064393,288.0,lev20,Almucantar,1.2197842981193239,0.05031044529869575,0.760672870529623,BCL,Maritime,,Unknown
25:04:2024,12:00:55,Alta_Floresta_IF,116,116.500637,0.0964,0.0699,0.0583,0.0522,0.0787,0.0517,0.0397,0.0336,0.0177,0.0183,0.0186,0.0186,0.73565,58.938508,59.621569,3.634335,0.217011,0.096513,4,10,7,5,4,10,7,5,3,9,7,5,3,9,7,5,0.03505,0.0665,0.38553,0.39468,1,1,23:12:2024,22:06:46,624,-9.908354,-56.064393,288.0,lev20,Almucantar,Alta_Floresta_IF,116,116.500637,0.096513,0.068539,0.057778,0.056246,0.753978,58.938508,59.621569,3.634335,0.217011,0.096513,4,10,7,5,4,10,7,5,3,9,7,5,3,9,7,5,0.03505,0.0665,0.38553,0.39468,1,1,23:12:2024,22:06:46,624,-9.908354,-56.064393,288.0,lev20,Almucantar,Alta_Floresta_IF,116,116.500637,1.50485,1.50415,1.506,1.50265,0.012257,0.012527,0.012961,0.0134085,58.938508,59.621569,3.634335,0.217011,0.096513,4,10,7,5,4,10,7,5,3,9,7,5,3,9,7,5,0.03505,0.0665,0.38553,0.39468,1,1,23:12:2024,22:06:46,624,-9.908354,-56.064393,288.0,lev20,Almucantar,Alta_Floresta_IF,116,116.500637,0.9217,0.8989,0.8772500000000001,0.85805,58.938508,59.621569,3.634335,0.217011,0.096513,4,10,7,5,4,10,7,5,3,9,7,5,3,9,7,5,0.03505,0.0665,0.38553,0.39468,1,1,23:12:2024,22:06:46,624,-9.908354,-56.064393,288.0,lev20,Almucantar,Alta_Floresta_IF,116,116.500637,0.043364,0.0272645,0.021113,0.0182895,1.0952994999999999,58.938508,59.621569,3.634335,0.217011,0.096513,4,10,7,5,4,10,7,5,3,9,7,5,3,9,7,5,0.03505,0.0665,0.38553,0.39468,1,1,23:12:2024,22:06:46,624,-9.908354,-56.064393,288.0,lev20,Almucantar,0.7377005604513838,0.08772469562460358,0.7786689780560906,Unclassified,Maritime,,Unknown
26:04:2024,12:43:50,Alta_Floresta_IF,117,117.53044,0.0934,0.0615,0.0493,0.0443,0.0701,0.0363,0.0223,0.0163,0.0233,0.0252,0.0271,0.028,0.93697,49.461349,50.115147,4.035677,0.491179,0.094174,3,11,7,4,3,10,8,4,2,10,8,4,3,10,8,4,0.0331,0.0627,0.3589,0.36879,1,1,23:12:2024,21:54:37,624,-9.908354,-56.064393,288.0,lev20,Almucantar,Alta_Floresta_IF,117,117.53044,0.094174,0.065221,0.052908,0.052505,0.843147,49.461349,50.115147,4.035677,0.491179,0.094174,3,11,7,4,3,10,8,4,2,10,8,4,3,10,8,4,0.0331,0.0627,0.3589,0.36879,1,1,23:12:2024,21:54:37,624,-9.908354,-56.064393,288.0,lev20,Almucantar,Alta_Floresta_IF,117,117.53044,1.50485,1.50415,1.506,1.50265,0.012257,0.012527,0.012961,0.0134085,49.461349,50.115147,4.035677,0.491179,0.094174,3,11,7,4,3,10,8,4,2,10,8,4,3,10,8,4,0.0331,0.0627,0.3589,0.36879,1,1,23:12:2024,21:54:37,624,-9.908354,-56.064393,288.0,lev20,Almucantar,Alta_Floresta_IF,117,117.53044,0.9217,0.8989,0.8772500000000001,0.85805,49.461349,50.115147,4.035677,0.491179,0.094174,3,11,7,4,3,10,8,4,2,10,8,4,3,10,8,4,0.0331,0.0627,0.3589,0.36879,1,1,23:12:2024,21:54:37,624,-9.908354,-56.064393,288.0,lev20,Almucantar,Alta_Floresta_IF,117,117.53044,0.043364,0.0272645,0.021113,0.0182895,1.0952994999999999,49.461349,50.115147,4.035677,0.491179,0.094174,3,11,7,4,3,10,8,4,2,10,8,4,3,10,8,4,0.0331,0.0627,0.3589,0.36879,1,1,23:12:2024,21:54:37,624,-9.908354,-56.064393,288.0,lev20,Almucantar,0.9372890401135221,0.08285354467100872,0.673931455336625,Unclassified,Maritime,,Unknown
01:05:2024,20:09:27,Alta_Floresta_IF,122,122.839896,0.0623,0.0385,0.0305,0.0274,0.0443,0.0182,0.0096,0.0065,0.0181,0.0203,0.0209,0.0209,1.050783,71.702244,71.009907,4.32465,0.065343,0.062107,4,8,6,6,4,7,6,6,4,9,5,5,4,9,7,5,0.03946,0.07482,0.44483,0.44635,1,1,23:12:2024,22:05:13,624,-9.908354,-56.064393,288.0,lev20,Almucantar,Alta_Floresta_IF,122,122.839896,0.062107,0.038051,0.029911,0.027514,1.074299,71.702244,71.009907,4.32465,0.065343,0.062107,4,8,6,6,4,7,6,6,4,9,5,5,4,9,7,5,0.03946,0.07482,0.44483,0.44635,1,1,23:12:2024,22:05:13,624,-9.908354,-56.064393,288.0,lev20,Almucantar,Alta_Floresta_IF,122,122.839896,1.50485,1.50415,1.506,1.50265,0.012257,0.012527,0.012961,0.0134085,71.702244,71.009907,4.32465,0.065343,0.062107,4,8,6,6,4,7,6,6,4,9,5,5,4,9,7,5,0.03946,0.07482,0.44483,0.44635,1,1,23:12:2024,22:05:13,624,-9.908354,-56.064393,288.0,lev20,Almucantar,Alta_Floresta_IF,122,122.839896,0.9217,0.8989,0.8772500000000001,0.85805,71.702244,71.009907,4.32465,0.065343,0.062107,4,8,6,6,4,7,6,6,4,9,5,5,4,9,7,5,0.03946,0.07482,0.44483,0.44635,1,1,23:12:2024,22:05:13,624,-9.908354,-56.064393,288.0,lev20,Almucantar,Alta_Floresta_IF,122,122.839896,0.043364,0.0272645,0.021113,0.0182895,1.0952994999999999,71.702244,71.009907,4.32465,0.065343,0.062107,4,8,6,6,4,7,6,6,4,9,5,5,4,9,7,5,0.03946,0.07482,0.44483,0.44635,1,1,23:12:2024,22:05:13,624,-9.908354,-56.064393,288.0,lev20,Almucantar,1.0476974853576044,0.05449073699981851,0.587331714567389,MA,Maritime,,Unknown
02:05:2024,11:17:13,Alta_Floresta_IF,123,123.470289,0.0605,0.0371,0.0288,0.0257,0.0467,0.0214,0.0122,0.0089,0.0138,0.0157,0.0166,0.0167,1.089323,69.409421,70.098322,1.954447,0.065027,0.060554,4,10,7,6,4,10,7,6,4,10,7,6,4,10,7,6,0.03799,0.07256,0.43271,0.44089,1,1,23:12:2024,21:55:52,624,-9.908354,-56.064393,288.0,lev20,Almucantar,Alta_Floresta_IF,123,123.470289,0.060554,0.036983,0.028473,0.026849,1.106427,69.409421,70.098322,1.954447,0.065027,0.060554,4,10,7,6,4,10,7,6,4,10,7,6,4,10,7,6,0.03799,0.07256,0.43271,0.44089,1,1,23:12:2024,21:55:52,624,-9.908354,-56.064393,288.0,lev20,Almucantar,Alta_Floresta_IF,123,123.470289,1.50485,1.50415,1.506,1.50265,0.012257,0.012527,0.012961,0.0134085,69.409421,70.098322,1.954447,0.065027,0.060554,4,10,7,6,4,10,7,6,4,10,7,6,4,10,7,6,0.03799,0.07256,0.43271,0.44089,1,1,23:12:2024,21:55:52,624,-9.908354,-56.064393,288.0,lev20,Almucantar,Alta_Floresta_IF,123,123.470289,0.9217,0.8989,0.8772500000000001,0.85805,69.409421,70.098322,1.954447,0.065027,0.060554,4,10,7,6,4,10,7,6,4,10,7,6,4,10,7,6,0.03799,0.07256,0.43271,0.44089,1,1,23:12:2024,21:55:52,624,-9.908354,-56.064393,288.0,lev20,Almucantar,Alta_Floresta_IF,123,123.470289,0.043364,0.0272645,0.021113,0.0182895,1.0952994999999999,69.409421,70.098322,1.954447,0.065027,0.060554,4,10,7,6,4,10,7,6,4,10,7,6,4,10,7,6,0.03799,0.07256,0.43271,0.44089,1,1,23:12:2024,21:55:52,624,-9.908354,-56.064393,288.0,lev20,Almucantar,1.0888189106123365,0.05263893066676419,0.6727797835700492,Unclassified,Maritime,,Unknown
02:05:2024,12:03:25,Alta_Floresta_IF,123,123.502373,0.061,0.0378,0.0303,0.0268,0.0462,0.0212,0.0125,0.0087,0.0148,0.0166,0.0177,0.0181,1.031141,58.947857,59.61699,2.01669,0.074842,0.060837,4,10,7,5,4,10,7,5,3,11,7,5,3,10,8,5,0.03434,0.06569,0.38467,0.39365,1,1,23:12:2024,21:57:28,624,-9.908354,-56.064393,288.0,lev20,Almucantar,Alta_Floresta_IF,123,123.502373,0.060837,0.038228,0.029626,0.028114,1.053681,58.947857,59.61699,2.01669,0.074842,0.060837,4,10,7,5,4,10,7,5,3,11,7,5,3,10,8,5,0.03434,0.06569,0.38467,0.39365,1,1,23:12:2024,21:57:28,624,-9.908354,-56.064393,288.0,lev20,Almucantar,Alta_Floresta_IF,123,123.502373,1.50485,1.50415,1.506,1.50265,0.012257,0.012527,0.012961,0.0134085,58.947857,59.61699,2.01669,0.074842,0.060837,4,10,7,5,4,10,7,5,3,11,7,5,3,10,8,5,0.03434,0.06569,0.38467,0.39365,1,1,23:12:2024,21:57:28,624,-9.908354,-56.064393,288.0,lev20,Almucantar,Alta_Floresta_IF,123,123.502373,0.9217,0.8989,0.8772500000000001,0.85805,58.947857,59.61699,2.01669,0.074842,0.060837,4,10,7,5,4,10,7,5,3,11,7,5,3,10,8,5,0.03434,0.06569,0.38467,0.39365,1,1,23:12:2024,21:57:28,624,-9.908354,-56.064393,288.0,lev20,Almucantar,Alta_Floresta_IF,123,123.502373,0.043364,0.0272645,0.021113,0.0182895,1.0952994999999999,58.947857,59.61699,2.01669,0.074842,0.060837,4,10,7,5,4,10,7,5,3,11,7,5,3,10,8,5,0.03434,0.06569,0.38467,0.39365,1,1,23:12:2024,21:57:28,624,-9.908354,-56.064393,288.0,lev20,Almucantar,1.026415107298477,0.05349904270827841,0.6609598047609371,Unclassified,Maritime,,Unknown
02:05:2024,12:30:39,Alta_Floresta_IF,123,123.521285,0.0602,0.0369,0.0288,0.0256,0.0459,0.0211,0.0119,0.0084,0.0143,0.0158,0.0169,0.0172,1.082926,52.960382,53.6114,2.224966,0.118393,0.059666,3,10,8,4,3,10,8,4,3,10,8,4,4,10,8,3,0.03297,0.06313,0.36624,0.3756,1,1,23:12:2024,21:59:40,624,-9.908354,-56.064393,288.0,lev20,Almucantar,Alta_Floresta_IF,123,123.521285,0.059666,0.037974,0.028375,0.027589,1.081637,52.960382,53.6114,2.224966,0.118393,0.059666,3,10,8,4,3,10,8,4,3,10,8,4,4,10,8,3,0.03297,0.06313,0.36624,0.3756,1,1,23:12:2024,21:59:40,624,-9.908354,-56.064393,288.0,lev20,Almucantar,Alta_Floresta_IF,123,123.521285,1.50485,1.50415,1.506,1.50265,0.012257,0.012527,0.012961,0.0134085,52.960382,53.6114,2.224966,0.118393,0.059666,3,10,8,4,3,10,8,4,3,10,8,4,4,10,8,3,0.03297,0.06313,0.36624,0.3756,1,1,23:12:2024,21:59:40,624,-9.908354,-56.064393,288.0,lev20,Almucantar,Alta_Floresta_IF,123,123.521285,0.9217,0.8989,0.8772500000000001,0.85805,52.960382,53.6114,2.224966,0.118393,0.059666,3,10,8,4,3,10,8,4,3,10,8,4,4,10,8,3,0.03297,0.06313,0.36624,0.3756,1,1,23:12:2024,21:59:40,624,-9.908354,-56.064393,288.0,lev20,Almucantar,Alta_Floresta_IF,123,123.521285,0.043364,0.0272645,0.021113,0.0182895,1.0952994999999999,52.960382,53.6114,2.224966,0.118393,0.059666,3,10,8,4,3,10,8,4,3,10,8,4,4,10,8,3,0.03297,0.06313,0.36624,0.3756,1,1,23:12:2024,21:59:40,624,-9.908354,-56.064393,288.0,lev20,Almucantar,1.08152702571656,0.05242675781090552,0.6682591149890926,Unclassified,Maritime,,Unknown
02:05:2024,12:43:05,Alta_Floresta_IF,123,123.529919,0.059,0.0371,0.0291,0.0258,0.0459,0.0228,0.0137,0.01,0.0131,0.0142,0.0154,0.0159,1.03685,50.288864,50.929333,2.621177,0.116064,0.059335,3,10,8,4,3,10,8,4,3,10,7,4,3,10,8,4,0.03247,0.06221,0.3595,0.369,1,1,23:12:2024,22:01:08,624,-9.908354,-56.064393,288.0,lev20,Almucantar,Alta_Floresta_IF,123,123.529919,0.059335,0.037474,0.027704,0.027364,1.107533,50.288864,50.929333,2.621177,0.116064,0.059335,3,10,8,4,3,10,8,4,3,10,7,4,3,10,8,4,0.03247,0.06221,0.3595,0.369,1,1,23:12:2024,22:01:08,624,-9.908354,-56.064393,288.0,lev20,Almucantar,Alta_Floresta_IF,123,123.529919,1.50485,1.50415,1.506,1.50265,0.012257,0.012527,0.012961,0.0134085,50.288864,50.929333,2.621177,0.116064,0.059335,3,10,8,4,3,10,8,4,3,10,7,4,3,10,8,4,0.03247,0.06221,0.3595,0.369,1,1,23:12:2024,22:01:08,624,-9.908354,-56.064393,288.0,lev20,Almucantar,Alta_Floresta_IF,123,123.529919,0.9217,0.8989,0.8772500000000001,0.85805,50.288864,50.929333,2.621177,0.116064,0.059335,3,10,8,4,3,10,8,4,3,10,7,4,3,10,8,4,0.03247,0.06221,0.3595,0.369,1,1,23:12:2024,22:01:08,624,-9.908354,-56.064393,288.0,lev20,Almucantar,Alta_Floresta_IF,123,123.529919,0.043364,0.0272645,0.021113,0.0182895,1.0952994999999999,50.288864,50.929333,2.621177,0.116064,0.059335,3,10,8,4,3,10,8,4,3,10,7,4,3,10,8,4,0.03247,0.06221,0.3595,0.369,1,1,23:12:2024,22:01:08,624,-9.908354,-56.064393,288.0,lev20,Almucantar,1.0367905309207668,0.05167639055269215,0.6988741081294135,Unclassified,Maritime,,Unknown
05:05:2024,20:07:40,Alta_Floresta_IF,126,126.838657,0.1043,0.059,0.0442,0.0385,0.0825,0.035,0.0189,0.013,0.0218,0.024,0.0252,0.0256,1.260961,71.70338,71.016853,4.424694,0.078298,0.103718,4,10,6,6,4,10,5,6,4,10,5,6,4,10,4,6,0.03947,0.07483,0.4449,0.44639,1,1,23:12:2024,21:59:56,624,-9.908354,-56.064393,288.0,lev20,Almucantar,Alta_Floresta_IF,126,126.838657,0.103718,0.058258,0.043297,0.039168,1.282343,71.70338,71.016853,4.424694,0.078298,0.103718,4,10,6,6,4,10,5,6,4,10,5,6,4,10,4,6,0.03947,0.07483,0.4449,0.44639,1,1,23:12:2024,21:59:56,624,-9.908354,-56.064393,288.0,lev20,Almucantar,Alta_Floresta_IF,126,126.838657,1.50485,1.50415,1.506,1.50265,0.012257,0.012527,0.012961,0.0134085,71.70338,71.016853,4.424694,0.078298,0.103718,4,10,6,6,4,10,5,6,4,10,5,6,4,10,4,6,0.03947,0.07483,0.4449,0.44639,1,1,23:12:2024,21:59:56,624,-9.908354,-56.064393,288.0,lev20,Almucantar,Alta_Floresta_IF,126,126.838657,0.9217,0.8989,0.8772500000000001,0.85805,71.70338,71.016853,4.424694,0.078298,0.103718,4,10,6,6,4,10,5,6,4,10,5,6,4,10,4,6,0.03947,0.07483,0.4449,0.44639,1,1,23:12:2024,21:59:56,624,-9.908354,-56.064393,288.0,lev20,Almucantar,Alta_Floresta_IF,126,126.838657,0.043364,0.0272645,0.021113,0.0182895,1.0952994999999999,71.70338,71.016853,4.424694,0.078298,0.103718,4,10,6,6,4,10,5,6,4,10,5,6,4,10,4,6,0.03947,0.07483,0.4449,0.44639,1,1,23:12:2024,21:59:56,624,-9.908354,-56.064393,288.0,lev20,Almucantar,1.2593857906832993,0.08879051492203292,0.6937873644932406,BCL,Maritime,,Unknown
05:05:2024,20:30:45,Alta_Floresta_IF,126,126.854687,0.0972,0.0553,0.0422,0.0369,0.0772,0.0327,0.0186,0.0133,0.02,0.0226,0.0235,0.0236,1.227921,77.011309,76.319383,3.74455,0.048186,0.096497,4,10,5,6,4,8,5,6,4,9,5,6,4,8,4,5,0.04288,0.08108,0.48639,0.48445,1,1,23:12:2024,22:01:37,624,-9.908354,-56.064393,288.0,lev20,Almucantar,Alta_Floresta_IF,126,126.854687,0.096497,0.054898,0.041809,0.037901,1.230617,77.011309,76.319383,3.74455,0.048186,0.096497,4,10,5,6,4,8,5,6,4,9,5,6,4,8,4,5,0.04288,0.08108,0.48639,0.48445,1,1,23:12:2024,22:01:37,624,-9.908354,-56.064393,288.0,lev20,Almucantar,Alta_Floresta_IF,126,126.854687,1.50485,1.50415,1.506,1.50265,0.012257,0.012527,0.012961,0.0134085,77.011309,76.319383,3.74455,0.048186,0.096497,4,10,5,6,4,8,5,6,4,9,5,6,4,8,4,5,0.04288,0.08108,0.48639,0.48445,1,1,23:12:2024,22:01:37,624,-9.908354,-56.064393,288.0,lev20,Almucantar,Alta_Floresta_IF,126,126.854687,0.9217,0.8989,0.8772500000000001,0.85805,77.011309,76.319383,3.74455,0.048186,0.096497,4,10,5,6,4,8,5,6,4,9,5,6,4,8,4,5,0.04288,0.08108,0.48639,0.48445,1,1,23:12:2024,22:01:37,624,-9.908354,-56.064393,288.0,lev20,Almucantar,Alta_Floresta_IF,126,126.854687,0.043364,0.0272645,0.021113,0.0182895,1.0952994999999999,77.011309,76.319383,3.74455,0.048186,0.096497,4,10,5,6,4,8,5,6,4,9,5,6,4,8,4,5,0.04288,0.08108,0.48639,0.48445,1,1,23:12:2024,22:01:37,624,-9.908354,-56.064393,288.0,lev20,Almucantar,1.2238930131799788,0.08312257629721552,0.6914100869855896,BCL,Maritime,,Unknown
06:05:2024,12:05:02,Alta_Floresta_IF,127,127.503495,0.0868,0.0557,0.0452,0.0409,0.0635,0.0298,0.0176,0.0129,0.0234,0.0259,0.0276,0.0281,0.960921,58.952132,59.61323,2.069549,0.100568,0.085683,4,10,7,5,3,10,7,5,3,11,7,5,2,10,6,5,0.03434,0.0657,0.38467,0.39364,1,1,23:12:2024,21:49:47,624,-9.908354,-56.064393,288.0,lev20,Almucantar,Alta_Floresta_IF,127,127.503495,0.085683,0.055497,0.044647,0.042928,0.957816,58.952132,59.61323,2.069549,0.100568,0.085683,4,10,7,5,3,10,7,5,3,11,7,5,2,10,6,5,0.03434,0.0657,0.38467,0.39364,1,1,23:12:2024,21:49:47,624,-9.908354,-56.064393,288.0,lev20,Almucantar,Alta_Floresta_IF,127,127.503495,1.50485,1.50415,1.506,1.50265,0.012257,0.012527,0.012961,0.0134085,58.952132,59.61323,2.069549,0.100568,0.085683,4,10,7,5,3,10,7,5,3,11,7,5,2,10,6,5,0.03434,0.0657,0.38467,0.39364,1,1,23:12:2024,21:49:47,624,-9.908354,-56.064393,288.0,lev20,Almucantar,Alta_Floresta_IF,127,127.503495,0.9217,0.8989,0.8772500000000001,0.85805,58.952132,59.61323,2.069549,0.100568,0.085683,4,10,7,5,3,10,7,5,3,11,7,5,2,10,6,5,0.03434,0.0657,0.38467,0.39364,1,1,23:12:2024,21:49:47,624,-9.908354,-56.064393,288.0,lev20,Almucantar,Alta_Floresta_IF,127,127.503495,0.043364,0.0272645,0.021113,0.0182895,1.0952994999999999,58.952132,59.61323,2.069549,0.100568,0.085683,4,10,7,5,3,10,7,5,3,11,7,5,2,10,6,5,0.03434,0.0657,0.38467,0.39364,1,1,23:12:2024,21:49:47,624,-9.908354,-56.064393,288.0,lev20,Almucantar,0.9571539417484021,0.07680351491575964,0.631060593449288,Unclassified,Maritime,,Unknown
06:05:2024,12:32:37,Alta_Floresta_IF,127,127.52265,0.1064,0.0643,0.0497,0.0438,0.0832,0.039,0.0229,0.0164,0.0232,0.0253,0.0269,0.0274,1.117628,52.970435,53.611569,1.705683,0.10158,0.105696,3,10,8,4,3,10,8,4,4,10,8,4,4,10,8,4,0.03297,0.06313,0.36627,0.3756,1,1,23:12:2024,21:51:56,624,-9.908354,-56.064393,288.0,lev20,Almucantar,Alta_Floresta_IF,127,127.52265,0.105696,0.064782,0.048758,0.045327,1.130556,52.970435,53.611569,1.705683,0.10158,0.105696,3,10,8,4,3,10,8,4,4,10,8,4,4,10,8,4,0.03297,0.06313,0.36627,0.3756,1,1,23:12:2024,21:51:56,624,-9.908354,-56.064393,288.0,lev20,Almucantar,Alta_Floresta_IF,127,127.52265,1.50485,1.50415,1.506,1.50265,0.012257,0.012527,0.012961,0.0134085,52.970435,53.611569,1.705683,0.10158,0.105696,3,10,8,4,3,10,8,4,4,10,8,4,4,10,8,4,0.03297,0.06313,0.36627,0.3756,1,1,23:12:2024,21:51:56,624,-9.908354,-56.064393,288.0,lev20,Almucantar,Alta_Floresta_IF,127,127.52265,0.9217,0.8989,0.8772500000000001,0.85805,52.970435,53.611569,1.705683,0.10158,0.105696,3,10,8,4,3,10,8,4,4,10,8,4,4,10,8,4,0.03297,0.06313,0.36627,0.3756,1,1,23:12:2024,21:51:56,624,-9.908354,-56.064393,288.0,lev20,Almucantar,Alta_Floresta_IF,127,127.52265,0.043364,0.0272645,0.021113,0.0182895,1.0952994999999999,52.970435,53.611569,1.705683,0.10158,0.105696,3,10,8,4,3,10,8,4,4,10,8,4,4,10,8,4,0.03297,0.06313,0.36627,0.3756,1,1,23:12:2024,21:51:56,624,-9.908354,-56.064393,288.0,lev20,Almucantar,1.1165908814976329,0.09224683744818724,0.696876788468861,Unclassified,Maritime,,Unknown
06:05:2024,12:42:48,Alta_Floresta_IF,127,127.529722,0.1102,0.0662,0.0499,0.0429,0.0893,0.043,0.0254,0.018,0.0209,0.0232,0.0245,0.0249,1.159723,50.814173,51.446047,2.481463,0.184912,0.107964,3,10,8,4,3,10,8,4,3,10,8,4,3,10,8,4,0.03256,0.06238,0.36076,0.37022,1,1,23:12:2024,21:53:34,624,-9.908354,-56.064393,288.0,lev20,Almucantar,Alta_Floresta_IF,127,127.529722,0.107964,0.065568,0.049122,0.045901,1.150832,50.814173,51.446047,2.481463,0.184912,0.107964,3,10,8,4,3,10,8,4,3,10,8,4,3,10,8,4,0.03256,0.06238,0.36076,0.37022,1,1,23:12:2024,21:53:34,624,-9.908354,-56.064393,288.0,lev20,Almucantar,Alta_Floresta_IF,127,127.529722,1.50485,1.50415,1.506,1.50265,0.012257,0.012527,0.012961,0.0134085,50.814173,51.446047,2.481463,0.184912,0.107964,3,10,8,4,3,10,8,4,3,10,8,4,3,10,8,4,0.03256,0.06238,0.36076,0.37022,1,1,23:12:2024,21:53:34,624,-9.908354,-56.064393,288.0,lev20,Almucantar,Alta_Floresta_IF,127,127.529722,0.9217,0.8989,0.8772500000000001,0.85805,50.814173,51.446047,2.481463,0.184912,0.107964,3,10,8,4,3,10,8,4,3,10,8,4,3,10,8,4,0.03256,0.06238,0.36076,0.37022,1,1,23:12:2024,21:53:34,624,-9.908354,-56.064393,288.0,lev20,Almucantar,Alta_Floresta_IF,127,127.529722,0.043364,0.0272645,0.021113,0.0182895,1.0952994999999999,50.814173,51.446047,2.481463,0.184912,0.107964,3,10,8,4,3,10,8,4,3,10,8,4,3,10,8,4,0.03256,0.06238,0.36076,0.37022,1,1,23:12:2024,21:53:34,624,-9.908354,-56.064393,288.0,lev20,Almucantar,1.1621745804175758,0.09498625546530964,0.7342845537098317,Unclassified,Maritime,,Unknown
