Date,Time,CAD_Site,CAD_Day_of_Year,CAD_Day_of_Year(Fraction),CAD_AOD_Coincident_Input[440nm],CAD_AOD_Coincident_Input[675nm],CAD_AOD_Coincident_Input[870nm],CAD_AOD_Coincident_Input[1020nm],CAD_Angstrom_Exponent_440-870nm_from_Coincident_Input_AOD,CAD_Average_Solar_Zenith_Angles_for_Flux_Calculation(Degrees),CAD_Solar_Zenith_Angle_for_Measurement_Start(Degrees),CAD_Sky_Residual(%),CAD_Sun_Residual(%),CAD_Coincident_AOD440nm,CAD_Scattering_Angle_Bin_3.2_to_<6_degrees[440nm],CAD_Scattering_Angle_Bin_6_to_<30_degrees[440nm],CAD_Scattering_Angle_Bin_30_to_<80_degrees[440nm],CAD_Scattering_Angle_Bin_80_degrees_and_over[440nm],CAD_Scattering_Angle_Bin_3.2_to_<6_degrees[675nm],CAD_Scattering_Angle_Bin_6_to_<30_degrees[675nm],CAD_Scattering_Angle_Bin_30_to_<80_degrees[675nm],CAD_Scattering_Angle_Bin_80_degrees_and_over[675nm],CAD_Scattering_Angle_Bin_3.2_to_<6_degrees[870nm],CAD_Scattering_Angle_Bin_6_to_<30_degrees[870nm],CAD_Scattering_Angle_Bin_30_to_<80_degrees[870nm],CAD_Scattering_Angle_Bin_80_degrees_and_over[870nm],CAD_Scattering_Angle_Bin_3.2_to_<6_degrees[1020nm],CAD_Scattering_Angle_Bin_6_to_<30_degrees[1020nm],CAD_Scattering_Angle_Bin_30_to_<80_degrees[1020nm],CAD_Scattering_Angle_Bin_80_degrees_and_over[1020nm],CAD_Surface_Albedo[440m],CAD_Surface_Albedo[675m],CAD_Surface_Albedo[870m],CAD_Surface_Albedo[1020m],CAD_If_Retrieval_is_L2(without_L2_0.4_AOD_440_threshold),CAD_If_AOD_is_L2,CAD_Last_Processing_Date(dd:mm:yyyy),CAD_Last_Processing_Time(hh:mm:ss),CAD_Instrument_Number,CAD_Latitude(Degrees),CAD_Longitude(Degrees),CAD_Elevation(m),CAD_Inversion_Data_Quality_Level,CAD_Retrieval_Measurement_Scan_Type,RIN_Site,RIN_Day_of_Year,RIN_Day_of_Year(Fraction),RIN_Refractive_Index-Real_Part[440nm],RIN_Refractive_Index-Real_Part[675nm],RIN_Refractive_Index-Real_Part[870nm],RIN_Refractive_Index-Real_Part[1020nm],RIN_Refractive_Index-Imaginary_Part[440nm],RIN_Refractive_Index-Imaginary_Part[675nm],RIN_Refractive_Index-Imaginary_Part[870nm],RIN_Refractive_Index-Imaginary_Part[1020nm],RIN_Average_Solar_Zenith_Angles_for_Flux_Calculation(Degrees),RIN_Solar_Zenith_Angle_for_Measurement_Start(Degrees),RIN_Sky_Residual(%),RIN_Sun_Residual(%),RIN_Coincident_AOD440nm,RIN_Scattering_Angle_Bin_3.2_to_<6_degrees[440nm],RIN_Scattering_Angle_Bin_6_to_<30_degrees[440nm],RIN_Scattering_Angle_Bin_30_to_<80_degrees[440nm],RIN_Scattering_Angle_Bin_80_degrees_and_over[440nm],RIN_Scattering_Angle_Bin_3.2_to_<6_degrees[675nm],RIN_Scattering_Angle_Bin_6_to_<30_degrees[675nm],RIN_Scattering_Angle_Bin_30_to_<80_degrees[675nm],RIN_Scattering_Angle_Bin_80_degrees_and_over[675nm],RIN_Scattering_Angle_Bin_3.2_to_<6_degrees[870nm],RIN_Scattering_Angle_Bin_6_to_<30_degrees[870nm],RIN_Scattering_Angle_Bin_30_to_<80_degrees[870nm],RIN_Scattering_Angle_Bin_80_degrees_and_over[870nm],RIN_Scattering_Angle_Bin_3.2_to_<6_degrees[1020nm],RIN_Scattering_Angle_Bin_6_to_<30_degrees[1020nm],RIN_Scattering_Angle_Bin_30_to_<80_degrees[1020nm],RIN_Scattering_Angle_Bin_80_degrees_and_over[1020nm],RIN_Surface_Albedo[440m],RIN_Surface_Albedo[675m],RIN_Surface_Albedo[870m],RIN_Surface_Albedo[1020m],RIN_If_Retrieval_is_L2(without_L2_0.4_AOD_440_threshold),RIN_If_AOD_is_L2,RIN_Last_Processing_Date(dd:mm:yyyy),RIN_Last_Processing_Time(hh:mm:ss),RIN_Instrument_Number,RIN_Latitude(Degrees),RIN_Longitude(Degrees),RIN_Elevation(m),RIN_Inversion_Data_Quality_Level,RIN_Retrieval_Measurement_Scan_Type,SSA_Site,SSA_Day_of_Year,SSA_Day_of_Year(Fraction),Single_Scattering_Albedo[440nm],Single_Scattering_Albedo[675nm],Single_Scattering_Albedo[870nm],Single_Scattering_Albedo[1020nm],SSA_Average_Solar_Zenith_Angles_for_Flux_Calculation(Degrees),SSA_Solar_Zenith_Angle_for_Measurement_Start(Degrees),SSA_Sky_Residual(%),SSA_Sun_Residual(%),SSA_Coincident_AOD440nm,SSA_Scattering_Angle_Bin_3.2_to_<6_degrees[440nm],SSA_Scattering_Angle_Bin_6_to_<30_degrees[440nm],SSA_Scattering_Angle_Bin_30_to_<80_degrees[440nm],SSA_Scattering_Angle_Bin_80_degrees_and_over[440nm],SSA_Scattering_Angle_Bin_3.2_to_<6_degrees[675nm],SSA_Scattering_Angle_Bin_6_to_<30_degrees[675nm],SSA_Scattering_Angle_Bin_30_to_<80_degrees[675nm],SSA_Scattering_Angle_Bin_80_degrees_and_over[675nm],SSA_Scattering_Angle_Bin_3.2_to_<6_degrees[870nm],SSA_Scattering_Angle_Bin_6_to_<30_degrees[870nm],SSA_Scattering_Angle_Bin_30_to_<80_degrees[870nm],SSA_Scattering_Angle_Bin_80_degrees_and_over[870nm],SSA_Scattering_Angle_Bin_3.2_to_<6_degrees[1020nm],SSA_Scattering_Angle_Bin_6_to_<30_degrees[1020nm],SSA_Scattering_Angle_Bin_30_to_<80_degrees[1020nm],SSA_Scattering_Angle_Bin_80_degrees_and_over[1020nm],SSA_Surface_Albedo[440m],SSA_Surface_Albedo[675m],SSA_Surface_Albedo[870m],SSA_Surface_Albedo[1020m],SSA_If_Retrieval_is_L2(without_L2_0.4_AOD_440_threshold),SSA_If_AOD_is_L2,SSA_Last_Processing_Date(dd:mm:yyyy),SSA_Last_Processing_Time(hh:mm:ss),SSA_Instrument_Number,SSA_Latitude(Degrees),SSA_Longitude(Degrees),SSA_Elevation(m),SSA_Inversion_Data_Quality_Level,SSA_Retrieval_Measurement_Scan_Type,AOD_Site,AOD_Day_of_Year,AOD_Day_of_Year(Fraction),AOD_Extinction-Total[440nm],AOD_Extinction-Total[675nm],AOD_Extinction-Total[870nm],AOD_Extinction-Total[1020nm],AOD_Extinction-Fine[440nm],AOD_Extinction-Fine[675nm],AOD_Extinction-Fine[870nm],AOD_Extinction-Fine[1020nm],AOD_Extinction-Coarse[440nm],AOD_Extinction-Coarse[675nm],AOD_Extinction-Coarse[870nm],AOD_Extinction-Coarse[1020nm],AOD_Extinction_Angstrom_Exponent_440-870nm-Total,AOD_Average_Solar_Zenith_Angles_for_Flux_Calculation(Degrees),AOD_Solar_Zenith_Angle_for_Measurement_Start(Degrees),AOD_Sky_Residual(%),AOD_Sun_Residual(%),AOD_Coincident_AOD440nm,AOD_Scattering_Angle_Bin_3.2_to_<6_degrees[440nm],AOD_Scattering_Angle_Bin_6_to_<30_degrees[440nm],AOD_Scattering_Angle_Bin_30_to_<80_degrees[440nm],AOD_Scattering_Angle_Bin_80_degrees_and_over[440nm],AOD_Scattering_Angle_Bin_3.2_to_<6_degrees[675nm],AOD_Scattering_Angle_Bin_6_to_<30_degrees[675nm],AOD_Scattering_Angle_Bin_30_to_<80_degrees[675nm],AOD_Scattering_Angle_Bin_80_degrees_and_over[675nm],AOD_Scattering_Angle_Bin_3.2_to_<6_degrees[870nm],AOD_Scattering_Angle_Bin_6_to_<30_degrees[870nm],AOD_Scattering_Angle_Bin_30_to_<80_degrees[870nm],AOD_Scattering_Angle_Bin_80_degrees_and_over[870nm],AOD_Scattering_Angle_Bin_3.2_to_<6_degrees[1020nm],AOD_Scattering_Angle_Bin_6_to_<30_degrees[1020nm],AOD_Scattering_Angle_Bin_30_to_<80_degrees[1020nm],AOD_Scattering_Angle_Bin_80_degrees_and_over[1020nm],AOD_Surface_Albedo[440m],AOD_Surface_Albedo[675m],AOD_Surface_Albedo[870m],AOD_Surface_Albedo[1020m],AOD_If_Retrieval_is_L2(without_L2_0.4_AOD_440_threshold),AOD_If_AOD_is_L2,AOD_Last_Processing_Date(dd:mm:yyyy),AOD_Last_Processing_Time(hh:mm:ss),AOD_Instrument_Number,AOD_Latitude(Degrees),AOD_Longitude(Degrees),AOD_Elevation(m),AOD_Inversion_Data_Quality_Level,AOD_Retrieval_Measurement_Scan_Type,TAB_Site,TAB_Day_of_Year,TAB_Day_of_Year(Fraction),TAB_Absorption_AOD[440nm],TAB_Absorption_AOD[675nm],TAB_Absorption_AOD[870nm],TAB_Absorption_AOD[1020nm],TAB_Absorption_Angstrom_Exponent_440-870nm,TAB_Average_Solar_Zenith_Angles_for_Flux_Calculation(Degrees),TAB_Solar_Zenith_Angle_for_Measurement_Start(Degrees),TAB_Sky_Residual(%),TAB_Sun_Residual(%),TAB_Coincident_AOD440nm,TAB_Scattering_Angle_Bin_3.2_to_<6_degrees[440nm],TAB_Scattering_Angle_Bin_6_to_<30_degrees[440nm],TAB_Scattering_Angle_Bin_30_to_<80_degrees[440nm],TAB_Scattering_Angle_Bin_80_degrees_and_over[440nm],TAB_Scattering_Angle_Bin_3.2_to_<6_degrees[675nm],TAB_Scattering_Angle_Bin_6_to_<30_degrees[675nm],TAB_Scattering_Angle_Bin_30_to_<80_degrees[675nm],TAB_Scattering_Angle_Bin_80_degrees_and_over[675nm],TAB_Scattering_Angle_Bin_3.2_to_<6_degrees[870nm],TAB_Scattering_Angle_Bin_6_to_<30_degrees[870nm],TAB_Scattering_Angle_Bin_30_to_<80_degrees[870nm],TAB_Scattering_Angle_Bin_80_degrees_and_over[870nm],TAB_Scattering_Angle_Bin_3.2_to_<6_degrees[1020nm],TAB_Scattering_Angle_Bin_6_to_<30_degrees[1020nm],TAB_Scattering_Angle_Bin_30_to_<80_degrees[1020nm],TAB_Scattering_Angle_Bin_80_degrees_and_over[1020nm],TAB_Surface_Albedo[440m],TAB_Surface_Albedo[675m],TAB_Surface_Albedo[870m],TAB_Surface_Albedo[1020m],TAB_If_Retrieval_is_L2(without_L2_0.4_AOD_440_threshold),TAB_If_AOD_is_L2,TAB_Last_Processing_Date(dd:mm:yyyy),TAB_Last_Processing_Time(hh:mm:ss),TAB_Instrument_Number,TAB_Latitude(Degrees),TAB_Longitude(Degrees),TAB_Elevation(m),TAB_Inversion_Data_Quality_Level,TAB_Retrieval_Measurement_Scan_Type,AE,AOD_Extinction-Total[500nm],FMF,Label,Source,Day_of_Year,Season
10:08:2006,12:02:40,Mount_Chacaltaya,222,222.501852,0.18012,0.091383,0.065779,0.05938,1.49009,74.268048,74.934583,3.506932,0.076707,0.18012,4,10,7,4,4,10,7,4,4,10,7,3,4,10,7,3,0.0833,0.1526,0.21995,0.25136,1,1,06:01:2018,06:33:45,12,-16.350139,-68.1315,5233.0,lev20,Almucantar,Mount_Chacaltaya,222,222.501852,1.47015,1.4826,1.48925,1.48655,0.011893,0.011836,0.0124395,0.012941000000000001,74.268048,74.934583,3.506932,0.076707,0.18012,4,10,7,4,4,10,7,4,4,10,7,3,4,10,7,3,0.0833,0.1526,0.21995,0.25136,1,1,06:01:2018,06:33:45,12,-16.350139,-68.1315,5233.0,lev20,Almucantar,Mount_Chacaltaya,222,222.501852,0.9114,0.8854500000000001,0.8596,0.84035,74.268048,74.934583,3.506932,0.076707,0.18012,4,10,7,4,4,10,7,4,4,10,7,3,4,10,7,3,0.0833,0.1526,0.21995,0.25136,1,1,06:01:2018,06:33:45,12,-16.350139,-68.1315,5233.0,lev20,Almucantar,Mount_Chacaltaya,222,222.501852,0.181,0.0917,0.0677,0.0595,0.1442,0.0526,0.0274,0.0187,0.0369,0.0391,0.0403,0.0407,1.458924,74.268048,74.934583,3.506932,0.076707,0.18012,4,10,7,4,4,10,7,4,4,10,7,3,4,10,7,3,0.0833,0.1526,0.21995,0.25136,1,1,06:01:2018,06:33:45,12,-16.350139,-68.1315,5233.0,lev20,Almucantar,Mount_Chacaltaya,222,222.501852,0.036778,0.023216,0.018213,0.0159,1.0336025,74.268048,74.934583,3.506932,0.076707,0.18012,4,10,7,4,4,10,7,4,4,10,7,3,4,10,7,3,0.0833,0.1526,0.21995,0.25136,1,1,06:01:2018,06:33:45,12,-16.350139,-68.1315,5233.0,lev20,Almucantar,1.4425468479528811,0.15051931339040928,0.6850235629627334,BCL,Maritime,,Unknown
12:08:2006,12:01:23,Mount_Chacaltaya,224,224.500961,0.200525,0.093985,0.062175,0.053226,1.724758,74.257514,74.927079,2.905393,0.069339,0.200525,4,10,7,4,4,10,7,4,4,10,7,4,4,10,7,4,0.08309,0.15237,0.21971,0.2511,1,1,06:01:2018,06:38:31,12,-16.350139,-68.1315,5233.0,lev20,Almucantar,Mount_Chacaltaya,224,224.500961,1.47015,1.4826,1.48925,1.48655,0.011893,0.011836,0.0124395,0.012941000000000001,74.257514,74.927079,2.905393,0.069339,0.200525,4,10,7,4,4,10,7,4,4,10,7,4,4,10,7,4,0.08309,0.15237,0.21971,0.2511,1,1,06:01:2018,06:38:31,12,-16.350139,-68.1315,5233.0,lev20,Almucantar,Mount_Chacaltaya,224,224.500961,0.9114,0.8854500000000001,0.8596,0.84035,74.257514,74.927079,2.905393,0.069339,0.200525,4,10,7,4,4,10,7,4,4,10,7,4,4,10,7,4,0.08309,0.15237,0.21971,0.2511,1,1,06:01:2018,06:38:31,12,-16.350139,-68.1315,5233.0,lev20,Almucantar,Mount_Chacaltaya,224,224.500961,0.2005,0.0943,0.0637,0.0528,0.1777,0.07,0.0384,0.027,0.0228,0.0243,0.0253,0.0258,1.691841,74.257514,74.927079,2.905393,0.069339,0.200525,4,10,7,4,4,10,7,4,4,10,7,4,4,10,7,4,0.08309,0.15237,0.21971,0.2511,1,1,06:01:2018,06:38:31,12,-16.350139,-68.1315,5233.0,lev20,Almucantar,Mount_Chacaltaya,224,224.500961,0.036778,0.023216,0.018213,0.0159,1.0336025,74.257514,74.927079,2.905393,0.069339,0.200525,4,10,7,4,4,10,7,4,4,10,7,4,4,10,7,4,0.08309,0.15237,0.21971,0.2511,1,1,06:01:2018,06:38:31,12,-16.350139,-68.1315,5233.0,lev20,Almucantar,1.6819694783720052,0.16170964584897987,0.8196592073188673,BCL,Maritime,,Unknown
12:08:2006,12:23:54,Mount_Chacaltaya,224,224.516597,0.192672,0.090559,0.059984,0.052144,1.718718,69.270793,69.930743,2.371766,0.104112,0.192672,4,10,7,6,4,10,7,5,4,10,7,5,4,10,7,5,0.0775,0.14268,0.20433,0.23356,1,1,25:01:2021,11:03:57,12,-16.350139,-68.1315,5233.0,lev20,Almucantar,Mount_Chacaltaya,224,224.516597,1.47015,1.4826,1.48925,1.48655,0.011893,0.011836,0.0124395,0.012941000000000001,69.270793,69.930743,2.371766,0.104112,0.192672,4,10,7,6,4,10,7,5,4,10,7,5,4,10,7,5,0.0775,0.14268,0.20433,0.23356,1,1,25:01:2021,11:03:57,12,-16.350139,-68.1315,5233.0,lev20,Almucantar,Mount_Chacaltaya,224,224.516597,0.9114,0.8854500000000001,0.8596,0.84035,69.270793,69.930743,2.371766,0.104112,0.192672,4,10,7,6,4,10,7,5,4,10,7,5,4,10,7,5,0.0775,0.14268,0.20433,0.23356,1,1,25:01:2021,11:03:57,12,-16.350139,-68.1315,5233.0,lev20,Almucantar,Mount_Chacaltaya,224,224.516597,0.1931,0.0908,0.0623,0.0518,0.1707,0.0668,0.0372,0.0262,0.0224,0.024,0.0251,0.0257,1.67162,69.270793,69.930743,2.371766,0.104112,0.192672,4,10,7,6,4,10,7,5,4,10,7,5,4,10,7,5,0.0775,0.14268,0.20433,0.23356,1,1,25:01:2021,11:03:57,12,-16.350139,-68.1315,5233.0,lev20,Almucantar,Mount_Chacaltaya,224,224.516597,0.036778,0.023216,0.018213,0.0159,1.0336025,69.270793,69.930743,2.371766,0.104112,0.192672,4,10,7,6,4,10,7,5,4,10,7,5,4,10,7,5,0.0775,0.14268,0.20433,0.23356,1,1,25:01:2021,11:03:57,12,-16.350139,-68.1315,5233.0,lev20,Almucantar,1.659404562102506,0.15619120183862828,0.8149697029891831,BCL,Maritime,,Unknown
12:08:2006,13:12:51,Mount_Chacaltaya,224,224.55059,0.191637,0.090529,0.059913,0.052373,1.711973,58.756937,59.384779,3.489591,0.176033,0.191637,4,10,7,5,4,10,7,5,3,11,7,5,3,10,8,5,0.06978,0.12929,0.18289,0.20916,1,1,06:01:2018,06:39:14,12,-16.350139,-68.1315,5233.0,lev20,Almucantar,Mount_Chacaltaya,224,224.55059,1.47015,1.4826,1.48925,1.48655,0.011893,0.011836,0.0124395,0.012941000000000001,58.756937,59.384779,3.489591,0.176033,0.191637,4,10,7,5,4,10,7,5,3,11,7,5,3,10,8,5,0.06978,0.12929,0.18289,0.20916,1,1,06:01:2018,06:39:14,12,-16.350139,-68.1315,5233.0,lev20,Almucantar,Mount_Chacaltaya,224,224.55059,0.9114,0.8854500000000001,0.8596,0.84035,58.756937,59.384779,3.489591,0.176033,0.191637,4,10,7,5,4,10,7,5,3,11,7,5,3,10,8,5,0.06978,0.12929,0.18289,0.20916,1,1,06:01:2018,06:39:14,12,-16.350139,-68.1315,5233.0,lev20,Almucantar,Mount_Chacaltaya,224,224.55059,0.1916,0.0915,0.0635,0.052,0.1711,0.0696,0.0408,0.0289,0.0205,0.0219,0.0227,0.0231,1.632492,58.756937,59.384779,3.489591,0.176033,0.191637,4,10,7,5,4,10,7,5,3,11,7,5,3,10,8,5,0.06978,0.12929,0.18289,0.20916,1,1,06:01:2018,06:39:14,12,-16.350139,-68.1315,5233.0,lev20,Almucantar,Mount_Chacaltaya,224,224.55059,0.036778,0.023216,0.018213,0.0159,1.0336025,58.756937,59.384779,3.489591,0.176033,0.191637,4,10,7,5,4,10,7,5,3,11,7,5,3,10,8,5,0.06978,0.12929,0.18289,0.20916,1,1,06:01:2018,06:39:14,12,-16.350139,-68.1315,5233.0,lev20,Almucantar,1.619979484735941,0.1557609447125252,0.832385326569218,BCL,Maritime,,Unknown
14:08:2006,12:00:08,Mount_Chacaltaya,226,226.500093,0.418132,0.207617,0.13231,0.103927,1.684143,74.228567,74.901117,3.887874,0.040147,0.418132,3,10,7,5,2,8,5,4,4,9,5,5,4,10,5,3,0.087,0.15841,0.22542,0.25725,1,1,25:01:2021,10:52:44,12,-16.350139,-68.1315,5233.0,lev20,Almucantar,Mount_Chacaltaya,226,226.500093,1.3744,1.3959,1.4054,1.4154,0.011304,0.011646,0.011376,0.011608,74.228567,74.901117,3.887874,0.040147,0.418132,3,10,7,5,2,8,5,4,4,9,5,5,4,10,5,3,0.087,0.15841,0.22542,0.25725,1,1,25:01:2021,10:52:44,12,-16.350139,-68.1315,5233.0,lev20,Almucantar,Mount_Chacaltaya,226,226.500093,0.9004,0.8698,0.8487,0.8343,74.228567,74.901117,3.887874,0.040147,0.418132,3,10,7,5,2,8,5,4,4,9,5,5,4,10,5,3,0.087,0.15841,0.22542,0.25725,1,1,25:01:2021,10:52:44,12,-16.350139,-68.1315,5233.0,lev20,Almucantar,Mount_Chacaltaya,226,226.500093,0.4181,0.2076,0.1331,0.1042,0.3968,0.1853,0.1096,0.08,0.0213,0.0224,0.0236,0.0243,1.676201,74.228567,74.901117,3.887874,0.040147,0.418132,3,10,7,5,2,8,5,4,4,9,5,5,4,10,5,3,0.087,0.15841,0.22542,0.25725,1,1,25:01:2021,10:52:44,12,-16.350139,-68.1315,5233.0,lev20,Almucantar,Mount_Chacaltaya,226,226.500093,0.04165,0.027025,0.020138,0.017274,1.06132,74.228567,74.901117,3.887874,0.040147,0.418132,3,10,7,5,2,8,5,4,4,9,5,5,4,10,5,3,0.087,0.15841,0.22542,0.25725,1,1,25:01:2021,10:52:44,12,-16.350139,-68.1315,5233.0,lev20,Almucantar,1.6790213828574319,0.33733809414395044,0.925201625804435,BCL,Urban,,Unknown
23:08:2006,13:02:50,Mount_Chacaltaya,235,235.543634,0.043937,0.02373,0.015504,0.016714,1.520391,58.687484,59.341767,3.513874,0.194378,0.043937,4,10,7,5,4,9,7,5,3,10,7,5,3,10,7,5,0.0741,0.13508,0.18759,0.2135,1,1,06:01:2018,06:43:21,12,-16.350139,-68.1315,5233.0,lev20,Almucantar,Mount_Chacaltaya,235,235.543634,1.47015,1.4826,1.48925,1.48655,0.011893,0.011836,0.0124395,0.012941000000000001,58.687484,59.341767,3.513874,0.194378,0.043937,4,10,7,5,4,9,7,5,3,10,7,5,3,10,7,5,0.0741,0.13508,0.18759,0.2135,1,1,06:01:2018,06:43:21,12,-16.350139,-68.1315,5233.0,lev20,Almucantar,Mount_Chacaltaya,235,235.543634,0.9114,0.8854500000000001,0.8596,0.84035,58.687484,59.341767,3.513874,0.194378,0.043937,4,10,7,5,4,9,7,5,3,10,7,5,3,10,7,5,0.0741,0.13508,0.18759,0.2135,1,1,06:01:2018,06:43:21,12,-16.350139,-68.1315,5233.0,lev20,Almucantar,Mount_Chacaltaya,235,235.543634,0.0459,0.0233,0.0166,0.0137,0.0401,0.017,0.01,0.0071,0.0059,0.0063,0.0065,0.0066,1.502802,58.687484,59.341767,3.513874,0.194378,0.043937,4,10,7,5,4,9,7,5,3,10,7,5,3,10,7,5,0.0741,0.13508,0.18759,0.2135,1,1,06:01:2018,06:43:21,12,-16.350139,-68.1315,5233.0,lev20,Almucantar,Mount_Chacaltaya,235,235.543634,0.036778,0.023216,0.018213,0.0159,1.0336025,58.687484,59.341767,3.513874,0.194378,0.043937,4,10,7,5,4,9,7,5,3,10,7,5,3,10,7,5,0.0741,0.13508,0.18759,0.2135,1,1,06:01:2018,06:43:21,12,-16.350139,-68.1315,5233.0,lev20,Almucantar,1.4919097024300068,0.03793026225331721,0.8056727420617839,BCL,Maritime,,Unknown
23:08:2006,13:30:54,Mount_Chacaltaya,235,235.563125,0.045553,0.026823,0.016189,0.018567,1.490309,52.675758,53.307796,3.969454,0.304439,0.045553,3,10,8,4,3,10,8,4,3,10,8,4,4,10,8,4,0.07081,0.12936,0.17883,0.20375,1,1,06:01:2018,06:43:31,12,-16.350139,-68.1315,5233.0,lev20,Almucantar,Mount_Chacaltaya,235,235.563125,1.47015,1.4826,1.48925,1.48655,0.011893,0.011836,0.0124395,0.012941000000000001,52.675758,53.307796,3.969454,0.304439,0.045553,3,10,8,4,3,10,8,4,3,10,8,4,4,10,8,4,0.07081,0.12936,0.17883,0.20375,1,1,06:01:2018,06:43:31,12,-16.350139,-68.1315,5233.0,lev20,Almucantar,Mount_Chacaltaya,235,235.563125,0.9114,0.8854500000000001,0.8596,0.84035,52.675758,53.307796,3.969454,0.304439,0.045553,3,10,8,4,3,10,8,4,3,10,8,4,4,10,8,4,0.07081,0.12936,0.17883,0.20375,1,1,06:01:2018,06:43:31,12,-16.350139,-68.1315,5233.0,lev20,Almucantar,Mount_Chacaltaya,235,235.563125,0.0492,0.0252,0.0178,0.0143,0.0428,0.0184,0.0108,0.0072,0.0063,0.0068,0.007,0.0071,1.500171,52.675758,53.307796,3.969454,0.304439,0.045553,3,10,8,4,3,10,8,4,3,10,8,4,4,10,8,4,0.07081,0.12936,0.17883,0.20375,1,1,06:01:2018,06:43:31,12,-16.350139,-68.1315,5233.0,lev20,Almucantar,Mount_Chacaltaya,235,235.563125,0.036778,0.023216,0.018213,0.0159,1.0336025,52.675758,53.307796,3.969454,0.304439,0.045553,3,10,8,4,3,10,8,4,3,10,8,4,4,10,8,4,0.07081,0.12936,0.17883,0.20375,1,1,06:01:2018,06:43:31,12,-16.350139,-68.1315,5233.0,lev20,Almucantar,1.4913709822515138,0.040660074589408894,0.809158582067479,BCL,Maritime,,Unknown
24:08:2006,13:01:55,Mount_Chacaltaya,236,236.542998,0.059837,0.028575,0.017564,0.018956,1.792515,58.674041,59.330597,2.148302,0.206635,0.059837,4,10,7,5,4,9,7,5,3,10,7,5,3,10,7,5,0.07409,0.13508,0.18757,0.21347,1,1,06:01:2018,06:46:52,12,-16.350139,-68.1315,5233.0,lev20,Almucantar,Mount_Chacaltaya,236,236.542998,1.47015,1.4826,1.48925,1.48655,0.011893,0.011836,0.0124395,0.012941000000000001,58.674041,59.330597,2.148302,0.206635,0.059837,4,10,7,5,4,9,7,5,3,10,7,5,3,10,7,5,0.07409,0.13508,0.18757,0.21347,1,1,06:01:2018,06:46:52,12,-16.350139,-68.1315,5233.0,lev20,Almucantar,Mount_Chacaltaya,236,236.542998,0.9114,0.8854500000000001,0.8596,0.84035,58.674041,59.330597,2.148302,0.206635,0.059837,4,10,7,5,4,9,7,5,3,10,7,5,3,10,7,5,0.07409,0.13508,0.18757,0.21347,1,1,06:01:2018,06:46:52,12,-16.350139,-68.1315,5233.0,lev20,Almucantar,Mount_Chacaltaya,236,236.542998,0.0611,0.0283,0.0188,0.0154,0.0572,0.0242,0.0145,0.011,0.0039,0.0042,0.0043,0.0044,1.737716,58.674041,59.330597,2.148302,0.206635,0.059837,4,10,7,5,4,9,7,5,3,10,7,5,3,10,7,5,0.07409,0.13508,0.18757,0.21347,1,1,06:01:2018,06:46:52,12,-16.350139,-68.1315,5233.0,lev20,Almucantar,Mount_Chacaltaya,236,236.542998,0.036778,0.023216,0.018213,0.0159,1.0336025,58.674041,59.330597,2.148302,0.206635,0.059837,4,10,7,5,4,9,7,5,3,10,7,5,3,10,7,5,0.07409,0.13508,0.18757,0.21347,1,1,06:01:2018,06:46:52,12,-16.350139,-68.1315,5233.0,lev20,Almucantar,1.7289468053628183,0.04898405156602876,0.8986593437198654,BCL,Unclassified,,Unknown
28:08:2006,13:25:39,Mount_Chacaltaya,240,240.559479,0.057859,0.037999,0.027429,0.028139,1.084397,52.62636,53.272658,3.023306,0.252541,0.057859,3,10,8,4,3,10,8,4,3,10,6,3,4,10,7,4,0.07081,0.12936,0.17881,0.20372,1,1,06:01:2018,06:56:50,12,-16.350139,-68.1315,5233.0,lev20,Almucantar,Mount_Chacaltaya,240,240.559479,1.47015,1.4826,1.48925,1.48655,0.011893,0.011836,0.0124395,0.012941000000000001,52.62636,53.272658,3.023306,0.252541,0.057859,3,10,8,4,3,10,8,4,3,10,6,3,4,10,7,4,0.07081,0.12936,0.17881,0.20372,1,1,06:01:2018,06:56:50,12,-16.350139,-68.1315,5233.0,lev20,Almucantar,Mount_Chacaltaya,240,240.559479,0.9114,0.8854500000000001,0.8596,0.84035,52.62636,53.272658,3.023306,0.252541,0.057859,3,10,8,4,3,10,8,4,3,10,6,3,4,10,7,4,0.07081,0.12936,0.17881,0.20372,1,1,06:01:2018,06:56:50,12,-16.350139,-68.1315,5233.0,lev20,Almucantar,Mount_Chacaltaya,240,240.559479,0.0601,0.037,0.0279,0.0239,0.0478,0.0236,0.014,0.0097,0.0124,0.0134,0.0139,0.0142,1.127536,52.62636,53.272658,3.023306,0.252541,0.057859,3,10,8,4,3,10,8,4,3,10,6,3,4,10,7,4,0.07081,0.12936,0.17881,0.20372,1,1,06:01:2018,06:56:50,12,-16.350139,-68.1315,5233.0,lev20,Almucantar,Mount_Chacaltaya,240,240.559479,0.036778,0.023216,0.018213,0.0159,1.0336025,52.62636,53.272658,3.023306,0.252541,0.057859,3,10,8,4,3,10,8,4,3,10,6,3,4,10,7,4,0.07081,0.12936,0.17881,0.20372,1,1,06:01:2018,06:56:50,12,-16.350139,-68.1315,5233.0,lev20,Almucantar,1.1256598873223351,0.052045219318293985,0.7231581572078263,Unclassified,Maritime,,Unknown
05:09:2006,13:17:07,Mount_Chacaltaya,248,248.553553,0.027688,0.017486,0.010725,0.015609,1.359966,52.581555,53.248741,4.94581,0.43506,0.027688,3,10,8,4,3,10,8,4,3,10,8,4,4,10,8,4,0.07204,0.13026,0.17941,0.20478,1,1,06:01:2018,07:21:23,12,-16.350139,-68.1315,5233.0,lev20,Almucantar,Mount_Chacaltaya,248,248.553553,1.47015,1.4826,1.48925,1.48655,0.011893,0.011836,0.0124395,0.012941000000000001,52.581555,53.248741,4.94581,0.43506,0.027688,3,10,8,4,3,10,8,4,3,10,8,4,4,10,8,4,0.07204,0.13026,0.17941,0.20478,1,1,06:01:2018,07:21:23,12,-16.350139,-68.1315,5233.0,lev20,Almucantar,Mount_Chacaltaya,248,248.553553,0.9114,0.8854500000000001,0.8596,0.84035,52.581555,53.248741,4.94581,0.43506,0.027688,3,10,8,4,3,10,8,4,3,10,8,4,4,10,8,4,0.07204,0.13026,0.17941,0.20478,1,1,06:01:2018,07:21:23,12,-16.350139,-68.1315,5233.0,lev20,Almucantar,Mount_Chacaltaya,248,248.553553,0.0258,0.0138,0.0096,0.0078,0.0224,0.0101,0.0056,0.0038,0.0034,0.0037,0.0039,0.004,1.452776,52.581555,53.248741,4.94581,0.43506,0.027688,3,10,8,4,3,10,8,4,3,10,8,4,4,10,8,4,0.07204,0.13026,0.17941,0.20478,1,1,06:01:2018,07:21:23,12,-16.350139,-68.1315,5233.0,lev20,Almucantar,Mount_Chacaltaya,248,248.553553,0.036778,0.023216,0.018213,0.0159,1.0336025,52.581555,53.248741,4.94581,0.43506,0.027688,3,10,8,4,3,10,8,4,3,10,8,4,4,10,8,4,0.07204,0.13026,0.17941,0.20478,1,1,06:01:2018,07:21:23,12,-16.350139,-68.1315,5233.0,lev20,Almucantar,1.450175425177388,0.0214343264799351,0.8068401752702005,BCL,Maritime,,Unknown
07:09:2006,13:15:01,Mount_Chacaltaya,250,250.552095,0.109261,0.050323,0.033188,0.032997,1.756056,52.569677,53.241617,2.67656,0.298608,0.109261,3,10,8,4,3,10,8,4,3,10,7,4,4,10,4,4,0.0714,0.12891,0.17918,0.20534,1,1,06:01:2018,07:28:47,12,-16.350139,-68.1315,5233.0,lev20,Almucantar,Mount_Chacaltaya,250,250.552095,1.47015,1.4826,1.48925,1.48655,0.011893,0.011836,0.0124395,0.012941000000000001,52.569677,53.241617,2.67656,0.298608,0.109261,3,10,8,4,3,10,8,4,3,10,7,4,4,10,4,4,0.0714,0.12891,0.17918,0.20534,1,1,06:01:2018,07:28:47,12,-16.350139,-68.1315,5233.0,lev20,Almucantar,Mount_Chacaltaya,250,250.552095,0.9114,0.8854500000000001,0.8596,0.84035,52.569677,53.241617,2.67656,0.298608,0.109261,3,10,8,4,3,10,8,4,3,10,7,4,4,10,4,4,0.0714,0.12891,0.17918,0.20534,1,1,06:01:2018,07:28:47,12,-16.350139,-68.1315,5233.0,lev20,Almucantar,Mount_Chacaltaya,250,250.552095,0.1116,0.0516,0.0344,0.028,0.0994,0.0385,0.0207,0.014,0.0122,0.0131,0.0137,0.014,1.735776,52.569677,53.241617,2.67656,0.298608,0.109261,3,10,8,4,3,10,8,4,3,10,7,4,4,10,4,4,0.0714,0.12891,0.17918,0.20534,1,1,06:01:2018,07:28:47,12,-16.350139,-68.1315,5233.0,lev20,Almucantar,Mount_Chacaltaya,250,250.552095,0.036778,0.023216,0.018213,0.0159,1.0336025,52.569677,53.241617,2.67656,0.298608,0.109261,3,10,8,4,3,10,8,4,3,10,7,4,4,10,4,4,0.0714,0.12891,0.17918,0.20534,1,1,06:01:2018,07:28:47,12,-16.350139,-68.1315,5233.0,lev20,Almucantar,1.726320338846393,0.08950009625243112,0.8261625591011703,BCL,Unclassified,,Unknown
10:09:2006,13:11:54,Mount_Chacaltaya,253,253.549931,0.023899,0.015966,0.009459,0.013977,1.318143,52.552885,53.231574,4.606823,0.468958,0.023899,3,10,8,4,3,10,8,4,3,10,8,3,4,10,8,4,0.07139,0.1289,0.17917,0.20534,1,1,25:01:2021,11:16:51,12,-16.350139,-68.1315,5233.0,lev20,Almucantar,Mount_Chacaltaya,253,253.549931,1.47015,1.4826,1.48925,1.48655,0.011893,0.011836,0.0124395,0.012941000000000001,52.552885,53.231574,4.606823,0.468958,0.023899,3,10,8,4,3,10,8,4,3,10,8,3,4,10,8,4,0.07139,0.1289,0.17917,0.20534,1,1,25:01:2021,11:16:51,12,-16.350139,-68.1315,5233.0,lev20,Almucantar,Mount_Chacaltaya,253,253.549931,0.9114,0.8854500000000001,0.8596,0.84035,52.552885,53.231574,4.606823,0.468958,0.023899,3,10,8,4,3,10,8,4,3,10,8,3,4,10,8,4,0.07139,0.1289,0.17917,0.20534,1,1,25:01:2021,11:16:51,12,-16.350139,-68.1315,5233.0,lev20,Almucantar,Mount_Chacaltaya,253,253.549931,0.0217,0.0117,0.0081,0.0067,0.0188,0.0086,0.005,0.0035,0.0029,0.003,0.0032,0.0032,1.446695,52.552885,53.231574,4.606823,0.468958,0.023899,3,10,8,4,3,10,8,4,3,10,8,3,4,10,8,4,0.07139,0.1289,0.17917,0.20534,1,1,25:01:2021,11:16:51,12,-16.350139,-68.1315,5233.0,lev20,Almucantar,Mount_Chacaltaya,253,253.549931,0.036778,0.023216,0.018213,0.0159,1.0336025,52.552885,53.231574,4.606823,0.468958,0.023899,3,10,8,4,3,10,8,4,3,10,8,3,4,10,8,4,0.07139,0.1289,0.17917,0.20534,1,1,25:01:2021,11:16:51,12,-16.350139,-68.1315,5233.0,lev20,Almucantar,1.4455353946419334,0.018038792853704754,0.8083811341643774,BCL,Maritime,,Unknown
18:04:2018,12:58:03,Mount_Chacaltaya,108,108.540312,0.018857,0.008985,0.004998,0.004889,1.934834,58.807195,59.464238,3.914322,0.318073,0.018857,4,10,7,5,4,10,7,5,3,11,6,5,3,10,7,5,0.05945,0.10662,0.18619,0.20862,1,1,09:02:2020,10:07:03,718,-16.350139,-68.1315,5233.0,lev20,Almucantar,Mount_Chacaltaya,108,108.540312,1.47015,1.4826,1.48925,1.48655,0.011893,0.011836,0.0124395,0.012941000000000001,58.807195,59.464238,3.914322,0.318073,0.018857,4,10,7,5,4,10,7,5,3,11,6,5,3,10,7,5,0.05945,0.10662,0.18619,0.20862,1,1,09:02:2020,10:07:03,718,-16.350139,-68.1315,5233.0,lev20,Almucantar,Mount_Chacaltaya,108,108.540312,0.9114,0.8854500000000001,0.8596,0.84035,58.807195,59.464238,3.914322,0.318073,0.018857,4,10,7,5,4,10,7,5,3,11,6,5,3,10,7,5,0.05945,0.10662,0.18619,0.20862,1,1,09:02:2020,10:07:03,718,-16.350139,-68.1315,5233.0,lev20,Almucantar,Mount_Chacaltaya,108,108.540312,0.0248,0.0106,0.0062,0.0045,0.0244,0.0102,0.0058,0.0041,0.0004,0.0004,0.0004,0.0004,2.038057,58.807195,59.464238,3.914322,0.318073,0.018857,4,10,7,5,4,10,7,5,3,11,6,5,3,10,7,5,0.05945,0.10662,0.18619,0.20862,1,1,09:02:2020,10:07:03,718,-16.350139,-68.1315,5233.0,lev20,Almucantar,Mount_Chacaltaya,108,108.540312,0.036778,0.023216,0.018213,0.0159,1.0336025,58.807195,59.464238,3.914322,0.318073,0.018857,4,10,7,5,4,10,7,5,3,11,6,5,3,10,7,5,0.05945,0.10662,0.18619,0.20862,1,1,09:02:2020,10:07:03,718,-16.350139,-68.1315,5233.0,lev20,Almucantar,2.033529077117641,0.01912298041994673,0.9750564192436512,BCL,Unclassified,,Unknown
20:04:2018,12:58:04,Mount_Chacaltaya,110,110.540324,0.029085,0.014267,0.008587,0.008015,1.785063,59.02348,59.676516,3.920828,0.075548,0.029085,4,10,7,5,4,10,7,5,3,11,7,5,3,10,8,4,0.05956,0.10679,0.18655,0.20901,1,1,09:02:2020,10:09:50,718,-16.350139,-68.1315,5233.0,lev20,Almucantar,Mount_Chacaltaya,110,110.540324,1.47015,1.4826,1.48925,1.48655,0.011893,0.011836,0.0124395,0.012941000000000001,59.02348,59.676516,3.920828,0.075548,0.029085,4,10,7,5,4,10,7,5,3,11,7,5,3,10,8,4,0.05956,0.10679,0.18655,0.20901,1,1,09:02:2020,10:09:50,718,-16.350139,-68.1315,5233.0,lev20,Almucantar,Mount_Chacaltaya,110,110.540324,0.9114,0.8854500000000001,0.8596,0.84035,59.02348,59.676516,3.920828,0.075548,0.029085,4,10,7,5,4,10,7,5,3,11,7,5,3,10,8,4,0.05956,0.10679,0.18655,0.20901,1,1,09:02:2020,10:09:50,718,-16.350139,-68.1315,5233.0,lev20,Almucantar,Mount_Chacaltaya,110,110.540324,0.0301,0.0143,0.0094,0.0075,0.0274,0.0114,0.0062,0.0042,0.0027,0.003,0.0032,0.0033,1.718257,59.02348,59.676516,3.920828,0.075548,0.029085,4,10,7,5,4,10,7,5,3,11,7,5,3,10,8,4,0.05956,0.10679,0.18655,0.20901,1,1,09:02:2020,10:09:50,718,-16.350139,-68.1315,5233.0,lev20,Almucantar,Mount_Chacaltaya,110,110.540324,0.036778,0.023216,0.018213,0.0159,1.0336025,59.02348,59.676516,3.920828,0.075548,0.029085,4,10,7,5,4,10,7,5,3,11,7,5,3,10,8,4,0.05956,0.10679,0.18655,0.20901,1,1,09:02:2020,10:09:50,718,-16.350139,-68.1315,5233.0,lev20,Almucantar,1.707179002090601,0.024198501848189446,0.8625074817355352,BCL,Unclassified,,Unknown
20:04:2018,13:25:48,Mount_Chacaltaya,110,110.559583,0.029429,0.014111,0.008739,0.00819,1.782822,53.094026,53.725002,3.889127,0.12255,0.029429,3,10,8,4,3,10,8,4,4,10,8,4,4,10,8,3,0.05696,0.10254,0.17767,0.19916,1,1,09:02:2020,10:10:00,718,-16.350139,-68.1315,5233.0,lev20,Almucantar,Mount_Chacaltaya,110,110.559583,1.47015,1.4826,1.48925,1.48655,0.011893,0.011836,0.0124395,0.012941000000000001,53.094026,53.725002,3.889127,0.12255,0.029429,3,10,8,4,3,10,8,4,4,10,8,4,4,10,8,3,0.05696,0.10254,0.17767,0.19916,1,1,09:02:2020,10:10:00,718,-16.350139,-68.1315,5233.0,lev20,Almucantar,Mount_Chacaltaya,110,110.559583,0.9114,0.8854500000000001,0.8596,0.84035,53.094026,53.725002,3.889127,0.12255,0.029429,3,10,8,4,3,10,8,4,4,10,8,4,4,10,8,3,0.05696,0.10254,0.17767,0.19916,1,1,09:02:2020,10:10:00,718,-16.350139,-68.1315,5233.0,lev20,Almucantar,Mount_Chacaltaya,110,110.559583,0.0314,0.0149,0.0098,0.0079,0.0279,0.011,0.0056,0.0037,0.0035,0.0039,0.0042,0.0042,1.719345,53.094026,53.725002,3.889127,0.12255,0.029429,3,10,8,4,3,10,8,4,4,10,8,4,4,10,8,3,0.05696,0.10254,0.17767,0.19916,1,1,09:02:2020,10:10:00,718,-16.350139,-68.1315,5233.0,lev20,Almucantar,Mount_Chacaltaya,110,110.559583,0.036778,0.023216,0.018213,0.0159,1.0336025,53.094026,53.725002,3.889127,0.12255,0.029429,3,10,8,4,3,10,8,4,4,10,8,4,4,10,8,3,0.05696,0.10254,0.17767,0.19916,1,1,09:02:2020,10:10:00,718,-16.350139,-68.1315,5233.0,lev20,Almucantar,1.7080738359149257,0.02524073242515792,0.820631900216098,BCL,Unclassified,,Unknown
20:04:2018,13:35:19,Mount_Chacaltaya,110,110.566192,0.031554,0.0158,0.009859,0.00941,1.705119,51.111828,51.733381,4.928378,0.197536,0.031554,3,10,8,4,3,10,8,4,3,9,8,4,3,9,7,4,0.05626,0.10139,0.17522,0.19646,1,1,09:02:2020,10:09:51,718,-16.350139,-68.1315,5233.0,lev20,Almucantar,Mount_Chacaltaya,110,110.566192,1.47015,1.4826,1.48925,1.48655,0.011893,0.011836,0.0124395,0.012941000000000001,51.111828,51.733381,4.928378,0.197536,0.031554,3,10,8,4,3,10,8,4,3,9,8,4,3,9,7,4,0.05626,0.10139,0.17522,0.19646,1,1,09:02:2020,10:09:51,718,-16.350139,-68.1315,5233.0,lev20,Almucantar,Mount_Chacaltaya,110,110.566192,0.9114,0.8854500000000001,0.8596,0.84035,51.111828,51.733381,4.928378,0.197536,0.031554,3,10,8,4,3,10,8,4,3,9,8,4,3,9,7,4,0.05626,0.10139,0.17522,0.19646,1,1,09:02:2020,10:09:51,718,-16.350139,-68.1315,5233.0,lev20,Almucantar,Mount_Chacaltaya,110,110.566192,0.035,0.0167,0.011,0.0088,0.0323,0.0139,0.0081,0.0058,0.0027,0.0028,0.0029,0.003,1.708802,51.111828,51.733381,4.928378,0.197536,0.031554,3,10,8,4,3,10,8,4,3,9,8,4,3,9,7,4,0.05626,0.10139,0.17522,0.19646,1,1,09:02:2020,10:09:51,718,-16.350139,-68.1315,5233.0,lev20,Almucantar,Mount_Chacaltaya,110,110.566192,0.036778,0.023216,0.018213,0.0159,1.0336025,51.111828,51.733381,4.928378,0.197536,0.031554,3,10,8,4,3,10,8,4,3,9,8,4,3,9,7,4,0.05626,0.10139,0.17522,0.19646,1,1,09:02:2020,10:09:51,718,-16.350139,-68.1315,5233.0,lev20,Almucantar,1.6978456864620985,0.028171384341538028,0.8838063096467503,BCL,Maritime,,Unknown
27:04:2018,13:41:09,Mount_Chacaltaya,117,117.570243,0.054801,0.02936,0.019753,0.018666,1.499762,50.952952,51.549939,3.89786,0.580084,0.054801,3,10,8,4,3,10,8,4,3,10,8,4,3,10,8,4,0.0541,0.10018,0.17096,0.19206,1,1,12:02:2021,21:33:12,718,-16.350139,-68.1315,5233.0,lev20,Almucantar,Mount_Chacaltaya,117,117.570243,1.47015,1.4826,1.48925,1.48655,0.011893,0.011836,0.0124395,0.012941000000000001,50.952952,51.549939,3.89786,0.580084,0.054801,3,10,8,4,3,10,8,4,3,10,8,4,3,10,8,4,0.0541,0.10018,0.17096,0.19206,1,1,12:02:2021,21:33:12,718,-16.350139,-68.1315,5233.0,lev20,Almucantar,Mount_Chacaltaya,117,117.570243,0.9114,0.8854500000000001,0.8596,0.84035,50.952952,51.549939,3.89786,0.580084,0.054801,3,10,8,4,3,10,8,4,3,10,8,4,3,10,8,4,0.0541,0.10018,0.17096,0.19206,1,1,12:02:2021,21:33:12,718,-16.350139,-68.1315,5233.0,lev20,Almucantar,Mount_Chacaltaya,117,117.570243,0.0626,0.0273,0.0161,0.0119,0.0617,0.0264,0.0151,0.0109,0.0009,0.0009,0.001,0.001,1.995734,50.952952,51.549939,3.89786,0.580084,0.054801,3,10,8,4,3,10,8,4,3,10,8,4,3,10,8,4,0.0541,0.10018,0.17096,0.19206,1,1,12:02:2021,21:33:12,718,-16.350139,-68.1315,5233.0,lev20,Almucantar,Mount_Chacaltaya,117,117.570243,0.036778,0.023216,0.018213,0.0159,1.0336025,50.952952,51.549939,3.89786,0.580084,0.054801,3,10,8,4,3,10,8,4,3,10,8,4,3,10,8,4,0.0541,0.10018,0.17096,0.19206,1,1,12:02:2021,21:33:12,718,-16.350139,-68.1315,5233.0,lev20,Almucantar,1.9919454093149116,0.04852738028312451,0.9778741767362636,BCL,Unclassified,,Unknown
06:05:2018,13:31:10,Mount_Chacaltaya,126,126.56331,0.054917,0.024106,0.013852,0.016437,2.019977,54.264948,54.853257,4.753231,0.52364,0.054917,4,10,8,4,4,10,8,4,4,10,8,4,4,8,7,3,0.05585,0.10401,0.17343,0.19519,1,1,09:02:2020,10:19:16,718,-16.350139,-68.1315,5233.0,lev20,Almucantar,Mount_Chacaltaya,126,126.56331,1.47015,1.4826,1.48925,1.48655,0.011893,0.011836,0.0124395,0.012941000000000001,54.264948,54.853257,4.753231,0.52364,0.054917,4,10,8,4,4,10,8,4,4,10,8,4,4,8,7,3,0.05585,0.10401,0.17343,0.19519,1,1,09:02:2020,10:19:16,718,-16.350139,-68.1315,5233.0,lev20,Almucantar,Mount_Chacaltaya,126,126.56331,0.9114,0.8854500000000001,0.8596,0.84035,54.264948,54.853257,4.753231,0.52364,0.054917,4,10,8,4,4,10,8,4,4,10,8,4,4,8,7,3,0.05585,0.10401,0.17343,0.19519,1,1,09:02:2020,10:19:16,718,-16.350139,-68.1315,5233.0,lev20,Almucantar,Mount_Chacaltaya,126,126.56331,0.0617,0.0251,0.0133,0.0095,0.0597,0.0229,0.0109,0.007,0.002,0.0022,0.0024,0.0025,2.246141,54.264948,54.853257,4.753231,0.52364,0.054917,4,10,8,4,4,10,8,4,4,10,8,4,4,8,7,3,0.05585,0.10401,0.17343,0.19519,1,1,09:02:2020,10:19:16,718,-16.350139,-68.1315,5233.0,lev20,Almucantar,Mount_Chacaltaya,126,126.56331,0.036778,0.023216,0.018213,0.0159,1.0336025,54.264948,54.853257,4.753231,0.52364,0.054917,4,10,8,4,4,10,8,4,4,10,8,4,4,8,7,3,0.05585,0.10401,0.17343,0.19519,1,1,09:02:2020,10:19:16,718,-16.350139,-68.1315,5233.0,lev20,Almucantar,2.250958320834092,0.04627196821552384,0.9485873723315672,BCL,Unclassified,,Unknown
16:05:2018,13:13:37,Mount_Chacaltaya,136,136.551123,0.01767,0.007928,0.003813,0.004506,2.221599,59.094287,59.684285,3.341182,0.157463,0.01767,4,10,7,5,3,11,7,5,3,11,7,5,3,10,8,5,0.06099,0.1117,0.18182,0.20459,1,1,13:02:2021,01:31:17,718,-16.350139,-68.1315,5233.0,lev20,Almucantar,Mount_Chacaltaya,136,136.551123,1.47015,1.4826,1.48925,1.48655,0.011893,0.011836,0.0124395,0.012941000000000001,59.094287,59.684285,3.341182,0.157463,0.01767,4,10,7,5,3,11,7,5,3,11,7,5,3,10,8,5,0.06099,0.1117,0.18182,0.20459,1,1,13:02:2021,01:31:17,718,-16.350139,-68.1315,5233.0,lev20,Almucantar,Mount_Chacaltaya,136,136.551123,0.9114,0.8854500000000001,0.8596,0.84035,59.094287,59.684285,3.341182,0.157463,0.01767,4,10,7,5,3,11,7,5,3,11,7,5,3,10,8,5,0.06099,0.1117,0.18182,0.20459,1,1,13:02:2021,01:31:17,718,-16.350139,-68.1315,5233.0,lev20,Almucantar,Mount_Chacaltaya,136,136.551123,0.0202,0.009,0.0054,0.004,0.0192,0.008,0.0044,0.003,0.0009,0.001,0.001,0.001,1.939436,59.094287,59.684285,3.341182,0.157463,0.01767,4,10,7,5,3,11,7,5,3,11,7,5,3,10,8,5,0.06099,0.1117,0.18182,0.20459,1,1,13:02:2021,01:31:17,718,-16.350139,-68.1315,5233.0,lev20,Almucantar,Mount_Chacaltaya,136,136.551123,0.036778,0.023216,0.018213,0.0159,1.0336025,59.094287,59.684285,3.341182,0.157463,0.01767,4,10,7,5,3,11,7,5,3,11,7,5,3,10,8,5,0.06099,0.1117,0.18182,0.20459,1,1,13:02:2021,01:31:17,718,-16.350139,-68.1315,5233.0,lev20,Almucantar,1.9352323288508269,0.015772932391544682,0.9254054200910464,BCL,Unclassified,,Unknown
17:05:2018,13:16:03,Mount_Chacaltaya,137,137.552812,0.021866,0.010841,0.006003,0.006665,1.878845,58.750453,59.336232,3.355284,0.113462,0.021866,4,10,7,5,4,10,7,5,4,10,7,5,3,11,7,5,0.06023,0.11177,0.17926,0.20228,1,1,13:02:2021,01:55:47,718,-16.350139,-68.1315,5233.0,lev20,Almucantar,Mount_Chacaltaya,137,137.552812,1.47015,1.4826,1.48925,1.48655,0.011893,0.011836,0.0124395,0.012941000000000001,58.750453,59.336232,3.355284,0.113462,0.021866,4,10,7,5,4,10,7,5,4,10,7,5,3,11,7,5,0.06023,0.11177,0.17926,0.20228,1,1,13:02:2021,01:55:47,718,-16.350139,-68.1315,5233.0,lev20,Almucantar,Mount_Chacaltaya,137,137.552812,0.9114,0.8854500000000001,0.8596,0.84035,58.750453,59.336232,3.355284,0.113462,0.021866,4,10,7,5,4,10,7,5,4,10,7,5,3,11,7,5,0.06023,0.11177,0.17926,0.20228,1,1,13:02:2021,01:55:47,718,-16.350139,-68.1315,5233.0,lev20,Almucantar,Mount_Chacaltaya,137,137.552812,0.0232,0.0113,0.0076,0.0063,0.0205,0.0084,0.0046,0.0032,0.0027,0.0029,0.003,0.0031,1.64901,58.750453,59.336232,3.355284,0.113462,0.021866,4,10,7,5,4,10,7,5,4,10,7,5,3,11,7,5,0.06023,0.11177,0.17926,0.20228,1,1,13:02:2021,01:55:47,718,-16.350139,-68.1315,5233.0,lev20,Almucantar,Mount_Chacaltaya,137,137.552812,0.036778,0.023216,0.018213,0.0159,1.0336025,58.750453,59.336232,3.355284,0.113462,0.021866,4,10,7,5,4,10,7,5,4,10,7,5,3,11,7,5,0.06023,0.11177,0.17926,0.20228,1,1,13:02:2021,01:55:47,718,-16.350139,-68.1315,5233.0,lev20,Almucantar,1.6370452853594408,0.018819306051137373,0.8205815651448136,BCL,Maritime,,Unknown
17:05:2018,13:31:03,Mount_Chacaltaya,137,137.563229,0.02215,0.010867,0.006147,0.007008,1.867075,55.874526,56.442279,3.456678,0.14099,0.02215,4,10,8,4,4,10,8,4,4,10,8,4,4,10,8,4,0.05913,0.10988,0.17522,0.1979,1,1,09:02:2020,09:49:17,718,-16.350139,-68.1315,5233.0,lev20,Almucantar,Mount_Chacaltaya,137,137.563229,1.47015,1.4826,1.48925,1.48655,0.011893,0.011836,0.0124395,0.012941000000000001,55.874526,56.442279,3.456678,0.14099,0.02215,4,10,8,4,4,10,8,4,4,10,8,4,4,10,8,4,0.05913,0.10988,0.17522,0.1979,1,1,09:02:2020,09:49:17,718,-16.350139,-68.1315,5233.0,lev20,Almucantar,Mount_Chacaltaya,137,137.563229,0.9114,0.8854500000000001,0.8596,0.84035,55.874526,56.442279,3.456678,0.14099,0.02215,4,10,8,4,4,10,8,4,4,10,8,4,4,10,8,4,0.05913,0.10988,0.17522,0.1979,1,1,09:02:2020,09:49:17,718,-16.350139,-68.1315,5233.0,lev20,Almucantar,Mount_Chacaltaya,137,137.563229,0.0241,0.0116,0.0079,0.0064,0.0209,0.0081,0.0042,0.0027,0.0031,0.0035,0.0036,0.0037,1.650954,55.874526,56.442279,3.456678,0.14099,0.02215,4,10,8,4,4,10,8,4,4,10,8,4,4,10,8,4,0.05913,0.10988,0.17522,0.1979,1,1,09:02:2020,09:49:17,718,-16.350139,-68.1315,5233.0,lev20,Almucantar,Mount_Chacaltaya,137,137.563229,0.036778,0.023216,0.018213,0.0159,1.0336025,55.874526,56.442279,3.456678,0.14099,0.02215,4,10,8,4,4,10,8,4,4,10,8,4,4,10,8,4,0.05913,0.10988,0.17522,0.1979,1,1,09:02:2020,09:49:17,718,-16.350139,-68.1315,5233.0,lev20,Almucantar,1.6360845510225996,0.019551766419027464,0.7911740333489673,BCL,Maritime,,Unknown
17:05:2018,19:31:06,Mount_Chacaltaya,137,137.813264,0.034681,0.01916,0.014441,0.014018,1.301361,57.869642,57.292665,4.244699,0.198045,0.034681,4,10,7,5,4,10,7,5,4,10,7,5,4,10,7,5,0.06012,0.11127,0.17757,0.19912,1,1,09:02:2020,09:49:08,718,-16.350139,-68.1315,5233.0,lev20,Almucantar,Mount_Chacaltaya,137,137.813264,1.47015,1.4826,1.48925,1.48655,0.011893,0.011836,0.0124395,0.012941000000000001,57.869642,57.292665,4.244699,0.198045,0.034681,4,10,7,5,4,10,7,5,4,10,7,5,4,10,7,5,0.06012,0.11127,0.17757,0.19912,1,1,09:02:2020,09:49:08,718,-16.350139,-68.1315,5233.0,lev20,Almucantar,Mount_Chacaltaya,137,137.813264,0.9114,0.8854500000000001,0.8596,0.84035,57.869642,57.292665,4.244699,0.198045,0.034681,4,10,7,5,4,10,7,5,4,10,7,5,4,10,7,5,0.06012,0.11127,0.17757,0.19912,1,1,09:02:2020,09:49:08,718,-16.350139,-68.1315,5233.0,lev20,Almucantar,Mount_Chacaltaya,137,137.813264,0.0385,0.0206,0.0154,0.0137,0.0286,0.0102,0.0046,0.0027,0.0099,0.0104,0.0108,0.011,1.362152,57.869642,57.292665,4.244699,0.198045,0.034681,4,10,7,5,4,10,7,5,4,10,7,5,4,10,7,5,0.06012,0.11127,0.17757,0.19912,1,1,09:02:2020,09:49:08,718,-16.350139,-68.1315,5233.0,lev20,Almucantar,Mount_Chacaltaya,137,137.813264,0.036778,0.023216,0.018213,0.0159,1.0336025,57.869642,57.292665,4.244699,0.198045,0.034681,4,10,7,5,4,10,7,5,4,10,7,5,4,10,7,5,0.06012,0.11127,0.17757,0.19912,1,1,09:02:2020,09:49:08,718,-16.350139,-68.1315,5233.0,lev20,Almucantar,1.3440896094060895,0.032422049611941534,0.6240800883926332,BCL,Maritime,,Unknown
17:05:2018,19:49:12,Mount_Chacaltaya,137,137.825833,0.037258,0.020836,0.016032,0.015551,1.254941,61.422259,60.825454,4.812537,0.096205,0.037258,3,10,7,4,3,10,7,4,3,10,7,4,3,10,6,4,0.06172,0.11397,0.18308,0.20479,1,1,09:02:2020,09:49:13,718,-16.350139,-68.1315,5233.0,lev20,Almucantar,Mount_Chacaltaya,137,137.825833,1.47015,1.4826,1.48925,1.48655,0.011893,0.011836,0.0124395,0.012941000000000001,61.422259,60.825454,4.812537,0.096205,0.037258,3,10,7,4,3,10,7,4,3,10,7,4,3,10,6,4,0.06172,0.11397,0.18308,0.20479,1,1,09:02:2020,09:49:13,718,-16.350139,-68.1315,5233.0,lev20,Almucantar,Mount_Chacaltaya,137,137.825833,0.9114,0.8854500000000001,0.8596,0.84035,61.422259,60.825454,4.812537,0.096205,0.037258,3,10,7,4,3,10,7,4,3,10,7,4,3,10,6,4,0.06172,0.11397,0.18308,0.20479,1,1,09:02:2020,09:49:13,718,-16.350139,-68.1315,5233.0,lev20,Almucantar,Mount_Chacaltaya,137,137.825833,0.0391,0.0216,0.0169,0.0152,0.0283,0.0102,0.0051,0.0033,0.0108,0.0114,0.0118,0.0119,1.251934,61.422259,60.825454,4.812537,0.096205,0.037258,3,10,7,4,3,10,7,4,3,10,7,4,3,10,6,4,0.06172,0.11397,0.18308,0.20479,1,1,09:02:2020,09:49:13,718,-16.350139,-68.1315,5233.0,lev20,Almucantar,Mount_Chacaltaya,137,137.825833,0.036778,0.023216,0.018213,0.0159,1.0336025,61.422259,60.825454,4.812537,0.096205,0.037258,3,10,7,4,3,10,7,4,3,10,7,4,3,10,6,4,0.06172,0.11397,0.18308,0.20479,1,1,09:02:2020,09:49:13,718,-16.350139,-68.1315,5233.0,lev20,Almucantar,1.2304328895918524,0.03340922576327502,0.5950044227309637,Unclassified,Maritime,,Unknown
18:05:2018,13:16:05,Mount_Chacaltaya,138,138.552836,0.020483,0.009901,0.004605,0.005391,2.149566,58.875342,59.459568,3.219991,0.097555,0.020483,4,10,7,5,4,10,7,5,3,11,7,5,3,10,8,5,0.06026,0.11184,0.17942,0.20248,1,1,09:02:2020,09:49:04,718,-16.350139,-68.1315,5233.0,lev20,Almucantar,Mount_Chacaltaya,138,138.552836,1.47015,1.4826,1.48925,1.48655,0.011893,0.011836,0.0124395,0.012941000000000001,58.875342,59.459568,3.219991,0.097555,0.020483,4,10,7,5,4,10,7,5,3,11,7,5,3,10,8,5,0.06026,0.11184,0.17942,0.20248,1,1,09:02:2020,09:49:04,718,-16.350139,-68.1315,5233.0,lev20,Almucantar,Mount_Chacaltaya,138,138.552836,0.9114,0.8854500000000001,0.8596,0.84035,58.875342,59.459568,3.219991,0.097555,0.020483,4,10,7,5,4,10,7,5,3,11,7,5,3,10,8,5,0.06026,0.11184,0.17942,0.20248,1,1,09:02:2020,09:49:04,718,-16.350139,-68.1315,5233.0,lev20,Almucantar,Mount_Chacaltaya,138,138.552836,0.0214,0.0096,0.0057,0.0043,0.0205,0.0086,0.0047,0.0032,0.0009,0.001,0.001,0.001,1.94264,58.875342,59.459568,3.219991,0.097555,0.020483,4,10,7,5,4,10,7,5,3,11,7,5,3,10,8,5,0.06026,0.11184,0.17942,0.20248,1,1,09:02:2020,09:49:04,718,-16.350139,-68.1315,5233.0,lev20,Almucantar,Mount_Chacaltaya,138,138.552836,0.036778,0.023216,0.018213,0.0159,1.0336025,58.875342,59.459568,3.219991,0.097555,0.020483,4,10,7,5,4,10,7,5,3,11,7,5,3,10,8,5,0.06026,0.11184,0.17942,0.20248,1,1,09:02:2020,09:49:04,718,-16.350139,-68.1315,5233.0,lev20,Almucantar,1.940573384479939,0.016698533206637535,0.9357120547926464,BCL,Unclassified,,Unknown
18:05:2018,13:31:04,Mount_Chacaltaya,138,138.563241,0.022057,0.01113,0.005693,0.006799,1.956475,56.010581,56.576714,4.219237,0.16396,0.022057,4,10,8,4,4,10,8,4,4,10,8,4,4,10,8,3,0.05918,0.10996,0.1754,0.19808,1,1,09:02:2020,09:49:08,718,-16.350139,-68.1315,5233.0,lev20,Almucantar,Mount_Chacaltaya,138,138.563241,1.47015,1.4826,1.48925,1.48655,0.011893,0.011836,0.0124395,0.012941000000000001,56.010581,56.576714,4.219237,0.16396,0.022057,4,10,8,4,4,10,8,4,4,10,8,4,4,10,8,3,0.05918,0.10996,0.1754,0.19808,1,1,09:02:2020,09:49:08,718,-16.350139,-68.1315,5233.0,lev20,Almucantar,Mount_Chacaltaya,138,138.563241,0.9114,0.8854500000000001,0.8596,0.84035,56.010581,56.576714,4.219237,0.16396,0.022057,4,10,8,4,4,10,8,4,4,10,8,4,4,10,8,3,0.05918,0.10996,0.1754,0.19808,1,1,09:02:2020,09:49:08,718,-16.350139,-68.1315,5233.0,lev20,Almucantar,Mount_Chacaltaya,138,138.563241,0.0245,0.0113,0.0073,0.0058,0.0217,0.0082,0.0041,0.0026,0.0028,0.0031,0.0032,0.0032,1.787518,56.010581,56.576714,4.219237,0.16396,0.022057,4,10,8,4,4,10,8,4,4,10,8,4,4,10,8,3,0.05918,0.10996,0.1754,0.19808,1,1,09:02:2020,09:49:08,718,-16.350139,-68.1315,5233.0,lev20,Almucantar,Mount_Chacaltaya,138,138.563241,0.036778,0.023216,0.018213,0.0159,1.0336025,56.010581,56.576714,4.219237,0.16396,0.022057,4,10,8,4,4,10,8,4,4,10,8,4,4,10,8,3,0.05918,0.10996,0.1754,0.19808,1,1,09:02:2020,09:49:08,718,-16.350139,-68.1315,5233.0,lev20,Almucantar,1.7760979003886816,0.01952368872719986,0.8153997847999628,BCL,Unclassified,,Unknown
19:05:2018,13:16:11,Mount_Chacaltaya,139,139.552905,0.020864,0.010847,0.005782,0.006248,1.855031,58.986305,59.568948,3.169972,0.217976,0.020864,4,10,7,5,4,10,7,5,3,11,7,5,3,10,8,5,0.0603,0.11192,0.17959,0.20264,1,1,13:02:2021,01:34:08,718,-16.350139,-68.1315,5233.0,lev20,Almucantar,Mount_Chacaltaya,139,139.552905,1.47015,1.4826,1.48925,1.48655,0.011893,0.011836,0.0124395,0.012941000000000001,58.986305,59.568948,3.169972,0.217976,0.020864,4,10,7,5,4,10,7,5,3,11,7,5,3,10,8,5,0.0603,0.11192,0.17959,0.20264,1,1,13:02:2021,01:34:08,718,-16.350139,-68.1315,5233.0,lev20,Almucantar,Mount_Chacaltaya,139,139.552905,0.9114,0.8854500000000001,0.8596,0.84035,58.986305,59.568948,3.169972,0.217976,0.020864,4,10,7,5,4,10,7,5,3,11,7,5,3,10,8,5,0.0603,0.11192,0.17959,0.20264,1,1,13:02:2021,01:34:08,718,-16.350139,-68.1315,5233.0,lev20,Almucantar,Mount_Chacaltaya,139,139.552905,0.025,0.0113,0.0071,0.0056,0.0227,0.0089,0.0045,0.003,0.0023,0.0024,0.0025,0.0026,1.855874,58.986305,59.568948,3.169972,0.217976,0.020864,4,10,7,5,4,10,7,5,3,11,7,5,3,10,8,5,0.0603,0.11192,0.17959,0.20264,1,1,13:02:2021,01:34:08,718,-16.350139,-68.1315,5233.0,lev20,Almucantar,Mount_Chacaltaya,139,139.552905,0.036778,0.023216,0.018213,0.0159,1.0336025,58.986305,59.568948,3.169972,0.217976,0.020864,4,10,7,5,4,10,7,5,3,11,7,5,3,10,8,5,0.0603,0.11192,0.17959,0.20264,1,1,13:02:2021,01:34:08,718,-16.350139,-68.1315,5233.0,lev20,Almucantar,1.8464821902369373,0.01974368673103728,0.855378169998862,BCL,Unclassified,,Unknown
19:05:2018,13:31:07,Mount_Chacaltaya,139,139.563275,0.020795,0.010701,0.005373,0.006167,1.950484,56.139107,56.703627,3.851601,0.247966,0.020795,4,10,8,4,4,10,8,4,4,10,8,4,4,10,8,4,0.0592,0.11002,0.17556,0.19824,1,1,09:02:2020,09:51:04,718,-16.350139,-68.1315,5233.0,lev20,Almucantar,Mount_Chacaltaya,139,139.563275,1.47015,1.4826,1.48925,1.48655,0.011893,0.011836,0.0124395,0.012941000000000001,56.139107,56.703627,3.851601,0.247966,0.020795,4,10,8,4,4,10,8,4,4,10,8,4,4,10,8,4,0.0592,0.11002,0.17556,0.19824,1,1,09:02:2020,09:51:04,718,-16.350139,-68.1315,5233.0,lev20,Almucantar,Mount_Chacaltaya,139,139.563275,0.9114,0.8854500000000001,0.8596,0.84035,56.139107,56.703627,3.851601,0.247966,0.020795,4,10,8,4,4,10,8,4,4,10,8,4,4,10,8,4,0.0592,0.11002,0.17556,0.19824,1,1,09:02:2020,09:51:04,718,-16.350139,-68.1315,5233.0,lev20,Almucantar,Mount_Chacaltaya,139,139.563275,0.0254,0.0115,0.0071,0.0055,0.0233,0.0093,0.0047,0.0031,0.0021,0.0022,0.0024,0.0024,1.876506,56.139107,56.703627,3.851601,0.247966,0.020795,4,10,8,4,4,10,8,4,4,10,8,4,4,10,8,4,0.0592,0.11002,0.17556,0.19824,1,1,09:02:2020,09:51:04,718,-16.350139,-68.1315,5233.0,lev20,Almucantar,Mount_Chacaltaya,139,139.563275,0.036778,0.023216,0.018213,0.0159,1.0336025,56.139107,56.703627,3.851601,0.247966,0.020795,4,10,8,4,4,10,8,4,4,10,8,4,4,10,8,4,0.0592,0.11002,0.17556,0.19824,1,1,09:02:2020,09:51:04,718,-16.350139,-68.1315,5233.0,lev20,Almucantar,1.869766507021203,0.019999966878861793,0.8713148372433221,BCL,Unclassified,,Unknown
20:05:2018,13:16:17,Mount_Chacaltaya,140,140.552975,0.01633,0.007416,0.003098,0.00425,2.389242,59.096216,59.677323,2.419614,0.172561,0.01633,4,10,7,5,3,11,7,5,3,11,7,5,2,10,8,5,0.06036,0.11201,0.17976,0.20284,1,1,13:02:2021,01:44:36,718,-16.350139,-68.1315,5233.0,lev20,Almucantar,Mount_Chacaltaya,140,140.552975,1.47015,1.4826,1.48925,1.48655,0.011893,0.011836,0.0124395,0.012941000000000001,59.096216,59.677323,2.419614,0.172561,0.01633,4,10,7,5,3,11,7,5,3,11,7,5,2,10,8,5,0.06036,0.11201,0.17976,0.20284,1,1,13:02:2021,01:44:36,718,-16.350139,-68.1315,5233.0,lev20,Almucantar,Mount_Chacaltaya,140,140.552975,0.9114,0.8854500000000001,0.8596,0.84035,59.096216,59.677323,2.419614,0.172561,0.01633,4,10,7,5,3,11,7,5,3,11,7,5,2,10,8,5,0.06036,0.11201,0.17976,0.20284,1,1,13:02:2021,01:44:36,718,-16.350139,-68.1315,5233.0,lev20,Almucantar,Mount_Chacaltaya,140,140.552975,0.0189,0.008,0.0043,0.003,0.0187,0.0078,0.0041,0.0028,0.0002,0.0002,0.0002,0.0002,2.165227,59.096216,59.677323,2.419614,0.172561,0.01633,4,10,7,5,3,11,7,5,3,11,7,5,2,10,8,5,0.06036,0.11201,0.17976,0.20284,1,1,13:02:2021,01:44:36,718,-16.350139,-68.1315,5233.0,lev20,Almucantar,Mount_Chacaltaya,140,140.552975,0.036778,0.023216,0.018213,0.0159,1.0336025,59.096216,59.677323,2.419614,0.172561,0.01633,4,10,7,5,3,11,7,5,3,11,7,5,2,10,8,5,0.06036,0.11201,0.17976,0.20284,1,1,13:02:2021,01:44:36,718,-16.350139,-68.1315,5233.0,lev20,Almucantar,2.171786349520405,0.014318252912998382,0.9839620083678905,BCL,Unclassified,,Unknown
20:05:2018,13:31:13,Mount_Chacaltaya,140,140.563345,0.016944,0.008001,0.003443,0.004755,2.289121,56.256934,56.819828,3.35347,0.144837,0.016944,4,10,8,4,4,10,8,4,4,10,8,4,4,10,8,4,0.05926,0.1101,0.1757,0.19843,1,1,13:02:2021,01:45:07,718,-16.350139,-68.1315,5233.0,lev20,Almucantar,Mount_Chacaltaya,140,140.563345,1.47015,1.4826,1.48925,1.48655,0.011893,0.011836,0.0124395,0.012941000000000001,56.256934,56.819828,3.35347,0.144837,0.016944,4,10,8,4,4,10,8,4,4,10,8,4,4,10,8,4,0.05926,0.1101,0.1757,0.19843,1,1,13:02:2021,01:45:07,718,-16.350139,-68.1315,5233.0,lev20,Almucantar,Mount_Chacaltaya,140,140.563345,0.9114,0.8854500000000001,0.8596,0.84035,56.256934,56.819828,3.35347,0.144837,0.016944,4,10,8,4,4,10,8,4,4,10,8,4,4,10,8,4,0.05926,0.1101,0.1757,0.19843,1,1,13:02:2021,01:45:07,718,-16.350139,-68.1315,5233.0,lev20,Almucantar,Mount_Chacaltaya,140,140.563345,0.0185,0.0082,0.0048,0.0035,0.0179,0.0076,0.0042,0.0028,0.0006,0.0006,0.0006,0.0006,1.980236,56.256934,56.819828,3.35347,0.144837,0.016944,4,10,8,4,4,10,8,4,4,10,8,4,4,10,8,4,0.05926,0.1101,0.1757,0.19843,1,1,13:02:2021,01:45:07,718,-16.350139,-68.1315,5233.0,lev20,Almucantar,Mount_Chacaltaya,140,140.563345,0.036778,0.023216,0.018213,0.0159,1.0336025,56.256934,56.819828,3.35347,0.144837,0.016944,4,10,8,4,4,10,8,4,4,10,8,4,4,10,8,4,0.05926,0.1101,0.1757,0.19843,1,1,13:02:2021,01:45:07,718,-16.350139,-68.1315,5233.0,lev20,Almucantar,1.979049775498261,0.014364819497226693,0.956424286830146,BCL,Unclassified,,Unknown
22:05:2018,13:19:04,Mount_Chacaltaya,142,142.554907,0.039436,0.017022,0.009826,0.00956,2.040169,58.817367,59.392558,3.667099,0.2628,0.039436,4,10,7,5,4,10,7,5,4,10,7,5,3,10,8,4,0.06022,0.11178,0.17929,0.20235,1,1,09:02:2020,09:52:14,718,-16.350139,-68.1315,5233.0,lev20,Almucantar,Mount_Chacaltaya,142,142.554907,1.47015,1.4826,1.48925,1.48655,0.011893,0.011836,0.0124395,0.012941000000000001,58.817367,59.392558,3.667099,0.2628,0.039436,4,10,7,5,4,10,7,5,4,10,7,5,3,10,8,4,0.06022,0.11178,0.17929,0.20235,1,1,09:02:2020,09:52:14,718,-16.350139,-68.1315,5233.0,lev20,Almucantar,Mount_Chacaltaya,142,142.554907,0.9114,0.8854500000000001,0.8596,0.84035,58.817367,59.392558,3.667099,0.2628,0.039436,4,10,7,5,4,10,7,5,4,10,7,5,3,10,8,4,0.06022,0.11178,0.17929,0.20235,1,1,09:02:2020,09:52:14,718,-16.350139,-68.1315,5233.0,lev20,Almucantar,Mount_Chacaltaya,142,142.554907,0.0441,0.0187,0.0117,0.0094,0.0395,0.0137,0.0065,0.0041,0.0046,0.005,0.0052,0.0053,1.96122,58.817367,59.392558,3.667099,0.2628,0.039436,4,10,7,5,4,10,7,5,4,10,7,5,3,10,8,4,0.06022,0.11178,0.17929,0.20235,1,1,09:02:2020,09:52:14,718,-16.350139,-68.1315,5233.0,lev20,Almucantar,Mount_Chacaltaya,142,142.554907,0.036778,0.023216,0.018213,0.0159,1.0336025,58.817367,59.392558,3.667099,0.2628,0.039436,4,10,7,5,4,10,7,5,4,10,7,5,3,10,8,4,0.06022,0.11178,0.17929,0.20235,1,1,09:02:2020,09:52:14,718,-16.350139,-68.1315,5233.0,lev20,Almucantar,1.946361981313007,0.03438600905745389,0.8251058677286282,BCL,Unclassified,,Unknown
22:05:2018,13:31:18,Mount_Chacaltaya,142,142.563403,0.040413,0.017547,0.010106,0.010034,2.033912,56.509959,57.069911,3.851077,0.262552,0.040413,4,10,8,4,4,10,8,4,4,10,8,4,4,10,7,4,0.05934,0.11025,0.17604,0.19877,1,1,09:02:2020,09:52:31,718,-16.350139,-68.1315,5233.0,lev20,Almucantar,Mount_Chacaltaya,142,142.563403,1.47015,1.4826,1.48925,1.48655,0.011893,0.011836,0.0124395,0.012941000000000001,56.509959,57.069911,3.851077,0.262552,0.040413,4,10,8,4,4,10,8,4,4,10,8,4,4,10,7,4,0.05934,0.11025,0.17604,0.19877,1,1,09:02:2020,09:52:31,718,-16.350139,-68.1315,5233.0,lev20,Almucantar,Mount_Chacaltaya,142,142.563403,0.9114,0.8854500000000001,0.8596,0.84035,56.509959,57.069911,3.851077,0.262552,0.040413,4,10,8,4,4,10,8,4,4,10,8,4,4,10,7,4,0.05934,0.11025,0.17604,0.19877,1,1,09:02:2020,09:52:31,718,-16.350139,-68.1315,5233.0,lev20,Almucantar,Mount_Chacaltaya,142,142.563403,0.045,0.0193,0.0123,0.0098,0.04,0.0139,0.0066,0.0042,0.005,0.0054,0.0056,0.0057,1.919033,56.509959,57.069911,3.851077,0.262552,0.040413,4,10,8,4,4,10,8,4,4,10,8,4,4,10,7,4,0.05934,0.11025,0.17604,0.19877,1,1,09:02:2020,09:52:31,718,-16.350139,-68.1315,5233.0,lev20,Almucantar,Mount_Chacaltaya,142,142.563403,0.036778,0.023216,0.018213,0.0159,1.0336025,56.509959,57.069911,3.851077,0.262552,0.040413,4,10,8,4,4,10,8,4,4,10,8,4,4,10,7,4,0.05934,0.11025,0.17604,0.19877,1,1,09:02:2020,09:52:31,718,-16.350139,-68.1315,5233.0,lev20,Almucantar,1.9026376083870316,0.0352844342122396,0.8118590077358409,BCL,Unclassified,,Unknown
23:05:2018,13:19:05,Mount_Chacaltaya,143,143.554919,0.040518,0.022405,0.015954,0.016059,1.375171,58.940592,59.514474,3.924775,0.183407,0.040518,4,10,7,5,4,10,7,5,3,11,7,5,3,10,8,5,0.0603,0.1119,0.17952,0.20257,1,1,09:02:2020,09:53:14,718,-16.350139,-68.1315,5233.0,lev20,Almucantar,Mount_Chacaltaya,143,143.554919,1.47015,1.4826,1.48925,1.48655,0.011893,0.011836,0.0124395,0.012941000000000001,58.940592,59.514474,3.924775,0.183407,0.040518,4,10,7,5,4,10,7,5,3,11,7,5,3,10,8,5,0.0603,0.1119,0.17952,0.20257,1,1,09:02:2020,09:53:14,718,-16.350139,-68.1315,5233.0,lev20,Almucantar,Mount_Chacaltaya,143,143.554919,0.9114,0.8854500000000001,0.8596,0.84035,58.940592,59.514474,3.924775,0.183407,0.040518,4,10,7,5,4,10,7,5,3,11,7,5,3,10,8,5,0.0603,0.1119,0.17952,0.20257,1,1,09:02:2020,09:53:14,718,-16.350139,-68.1315,5233.0,lev20,Almucantar,Mount_Chacaltaya,143,143.554919,0.0439,0.0225,0.0164,0.0143,0.036,0.014,0.0074,0.0049,0.0079,0.0085,0.0091,0.0094,1.462893,58.940592,59.514474,3.924775,0.183407,0.040518,4,10,7,5,4,10,7,5,3,11,7,5,3,10,8,5,0.0603,0.1119,0.17952,0.20257,1,1,09:02:2020,09:53:14,718,-16.350139,-68.1315,5233.0,lev20,Almucantar,Mount_Chacaltaya,143,143.554919,0.036778,0.023216,0.018213,0.0159,1.0336025,58.940592,59.514474,3.924775,0.183407,0.040518,4,10,7,5,4,10,7,5,3,11,7,5,3,10,8,5,0.0603,0.1119,0.17952,0.20257,1,1,09:02:2020,09:53:14,718,-16.350139,-68.1315,5233.0,lev20,Almucantar,1.4443395731477233,0.03649880509175953,0.7283353535994156,BCL,Maritime,,Unknown
23:05:2018,13:31:21,Mount_Chacaltaya,143,143.563437,0.03976,0.021953,0.015544,0.015943,1.385092,56.632458,57.191009,4.649895,0.229747,0.03976,4,10,8,4,3,10,8,4,4,10,8,4,4,10,7,5,0.0594,0.11034,0.17622,0.19896,1,1,09:02:2020,09:53:20,718,-16.350139,-68.1315,5233.0,lev20,Almucantar,Mount_Chacaltaya,143,143.563437,1.47015,1.4826,1.48925,1.48655,0.011893,0.011836,0.0124395,0.012941000000000001,56.632458,57.191009,4.649895,0.229747,0.03976,4,10,8,4,3,10,8,4,4,10,8,4,4,10,7,5,0.0594,0.11034,0.17622,0.19896,1,1,09:02:2020,09:53:20,718,-16.350139,-68.1315,5233.0,lev20,Almucantar,Mount_Chacaltaya,143,143.563437,0.9114,0.8854500000000001,0.8596,0.84035,56.632458,57.191009,4.649895,0.229747,0.03976,4,10,8,4,3,10,8,4,4,10,8,4,4,10,7,5,0.0594,0.11034,0.17622,0.19896,1,1,09:02:2020,09:53:20,718,-16.350139,-68.1315,5233.0,lev20,Almucantar,Mount_Chacaltaya,143,143.563437,0.0441,0.0232,0.017,0.0147,0.0358,0.0143,0.0076,0.0051,0.0083,0.0089,0.0094,0.0096,1.415127,56.632458,57.191009,4.649895,0.229747,0.03976,4,10,8,4,3,10,8,4,4,10,8,4,4,10,7,5,0.0594,0.11034,0.17622,0.19896,1,1,09:02:2020,09:53:20,718,-16.350139,-68.1315,5233.0,lev20,Almucantar,Mount_Chacaltaya,143,143.563437,0.036778,0.023216,0.018213,0.0159,1.0336025,56.632458,57.191009,4.649895,0.229747,0.03976,4,10,8,4,3,10,8,4,4,10,8,4,4,10,7,5,0.0594,0.11034,0.17622,0.19896,1,1,09:02:2020,09:53:20,718,-16.350139,-68.1315,5233.0,lev20,Almucantar,1.3982992389670703,0.0368815149754945,0.7188340757527735,BCL,Maritime,,Unknown
23:05:2018,19:31:23,Mount_Chacaltaya,143,143.813461,0.045313,0.021984,0.015079,0.013953,1.629123,58.565285,57.997468,3.330347,0.198404,0.045313,4,10,7,5,4,10,7,5,4,10,7,4,4,10,7,5,0.06038,0.11174,0.17855,0.20015,1,1,09:02:2020,09:53:38,718,-16.350139,-68.1315,5233.0,lev20,Almucantar,Mount_Chacaltaya,143,143.813461,1.47015,1.4826,1.48925,1.48655,0.011893,0.011836,0.0124395,0.012941000000000001,58.565285,57.997468,3.330347,0.198404,0.045313,4,10,7,5,4,10,7,5,4,10,7,4,4,10,7,5,0.06038,0.11174,0.17855,0.20015,1,1,09:02:2020,09:53:38,718,-16.350139,-68.1315,5233.0,lev20,Almucantar,Mount_Chacaltaya,143,143.813461,0.9114,0.8854500000000001,0.8596,0.84035,58.565285,57.997468,3.330347,0.198404,0.045313,4,10,7,5,4,10,7,5,4,10,7,4,4,10,7,5,0.06038,0.11174,0.17855,0.20015,1,1,09:02:2020,09:53:38,718,-16.350139,-68.1315,5233.0,lev20,Almucantar,Mount_Chacaltaya,143,143.813461,0.0483,0.0239,0.0164,0.0138,0.0398,0.015,0.0072,0.0044,0.0084,0.0089,0.0092,0.0093,1.597767,58.565285,57.997468,3.330347,0.198404,0.045313,4,10,7,5,4,10,7,5,4,10,7,4,4,10,7,5,0.06038,0.11174,0.17855,0.20015,1,1,09:02:2020,09:53:38,718,-16.350139,-68.1315,5233.0,lev20,Almucantar,Mount_Chacaltaya,143,143.813461,0.036778,0.023216,0.018213,0.0159,1.0336025,58.565285,57.997468,3.330347,0.198404,0.045313,4,10,7,5,4,10,7,5,4,10,7,4,4,10,7,5,0.06038,0.11174,0.17855,0.20015,1,1,09:02:2020,09:53:38,718,-16.350139,-68.1315,5233.0,lev20,Almucantar,1.5844520135700275,0.03944414883425349,0.7370562920107391,BCL,Maritime,,Unknown
23:05:2018,19:46:27,Mount_Chacaltaya,143,143.823924,0.045501,0.022008,0.015032,0.013805,1.639456,61.469996,60.884921,3.33176,0.129984,0.045501,3,10,7,4,3,10,7,4,3,10,7,4,3,10,7,5,0.06174,0.11399,0.18314,0.20489,1,1,09:02:2020,09:53:48,718,-16.350139,-68.1315,5233.0,lev20,Almucantar,Mount_Chacaltaya,143,143.823924,1.47015,1.4826,1.48925,1.48655,0.011893,0.011836,0.0124395,0.012941000000000001,61.469996,60.884921,3.33176,0.129984,0.045501,3,10,7,4,3,10,7,4,3,10,7,4,3,10,7,5,0.06174,0.11399,0.18314,0.20489,1,1,09:02:2020,09:53:48,718,-16.350139,-68.1315,5233.0,lev20,Almucantar,Mount_Chacaltaya,143,143.823924,0.9114,0.8854500000000001,0.8596,0.84035,61.469996,60.884921,3.33176,0.129984,0.045501,3,10,7,4,3,10,7,4,3,10,7,4,3,10,7,5,0.06174,0.11399,0.18314,0.20489,1,1,09:02:2020,09:53:48,718,-16.350139,-68.1315,5233.0,lev20,Almucantar,Mount_Chacaltaya,143,143.823924,0.0472,0.0234,0.0162,0.0136,0.0389,0.0147,0.0072,0.0045,0.0082,0.0087,0.009,0.0091,1.583053,61.469996,60.884921,3.33176,0.129984,0.045501,3,10,7,4,3,10,7,4,3,10,7,4,3,10,7,5,0.06174,0.11399,0.18314,0.20489,1,1,09:02:2020,09:53:48,718,-16.350139,-68.1315,5233.0,lev20,Almucantar,Mount_Chacaltaya,143,143.823924,0.036778,0.023216,0.018213,0.0159,1.0336025,61.469996,60.884921,3.33176,0.129984,0.045501,3,10,7,4,3,10,7,4,3,10,7,4,3,10,7,5,0.06174,0.11399,0.18314,0.20489,1,1,09:02:2020,09:53:48,718,-16.350139,-68.1315,5233.0,lev20,Almucantar,1.568657259993164,0.038623741273676834,0.7350654335236817,BCL,Maritime,,Unknown
24:05:2018,13:19:07,Mount_Chacaltaya,144,144.554942,0.025878,0.013127,0.007598,0.00809,1.784427,59.059054,59.63166,3.69976,0.337014,0.025878,4,10,7,5,3,11,7,5,3,11,7,5,3,10,8,4,0.06033,0.11197,0.17969,0.20276,1,1,09:02:2020,09:54:21,718,-16.350139,-68.1315,5233.0,lev20,Almucantar,Mount_Chacaltaya,144,144.554942,1.47015,1.4826,1.48925,1.48655,0.011893,0.011836,0.0124395,0.012941000000000001,59.059054,59.63166,3.69976,0.337014,0.025878,4,10,7,5,3,11,7,5,3,11,7,5,3,10,8,4,0.06033,0.11197,0.17969,0.20276,1,1,09:02:2020,09:54:21,718,-16.350139,-68.1315,5233.0,lev20,Almucantar,Mount_Chacaltaya,144,144.554942,0.9114,0.8854500000000001,0.8596,0.84035,59.059054,59.63166,3.69976,0.337014,0.025878,4,10,7,5,3,11,7,5,3,11,7,5,3,10,8,4,0.06033,0.11197,0.17969,0.20276,1,1,09:02:2020,09:54:21,718,-16.350139,-68.1315,5233.0,lev20,Almucantar,Mount_Chacaltaya,144,144.554942,0.0315,0.0149,0.0096,0.0076,0.0279,0.0112,0.0057,0.0036,0.0035,0.0037,0.0039,0.004,1.751627,59.059054,59.63166,3.69976,0.337014,0.025878,4,10,7,5,3,11,7,5,3,11,7,5,3,10,8,4,0.06033,0.11197,0.17969,0.20276,1,1,09:02:2020,09:54:21,718,-16.350139,-68.1315,5233.0,lev20,Almucantar,Mount_Chacaltaya,144,144.554942,0.036778,0.023216,0.018213,0.0159,1.0336025,59.059054,59.63166,3.69976,0.337014,0.025878,4,10,7,5,3,11,7,5,3,11,7,5,3,10,8,4,0.06033,0.11197,0.17969,0.20276,1,1,09:02:2020,09:54:21,718,-16.350139,-68.1315,5233.0,lev20,Almucantar,1.7429840527463216,0.025208368377936462,0.8315403363193077,BCL,Unclassified,,Unknown
24:05:2018,13:31:26,Mount_Chacaltaya,144,144.563495,0.027557,0.013813,0.007883,0.008595,1.821734,56.747011,57.30417,3.98765,0.397126,0.027557,4,10,8,4,4,10,8,4,4,10,8,4,4,10,7,5,0.05944,0.11042,0.17638,0.19912,1,1,09:02:2020,09:54:18,718,-16.350139,-68.1315,5233.0,lev20,Almucantar,Mount_Chacaltaya,144,144.563495,1.47015,1.4826,1.48925,1.48655,0.011893,0.011836,0.0124395,0.012941000000000001,56.747011,57.30417,3.98765,0.397126,0.027557,4,10,8,4,4,10,8,4,4,10,8,4,4,10,7,5,0.05944,0.11042,0.17638,0.19912,1,1,09:02:2020,09:54:18,718,-16.350139,-68.1315,5233.0,lev20,Almucantar,Mount_Chacaltaya,144,144.563495,0.9114,0.8854500000000001,0.8596,0.84035,56.747011,57.30417,3.98765,0.397126,0.027557,4,10,8,4,4,10,8,4,4,10,8,4,4,10,7,5,0.05944,0.11042,0.17638,0.19912,1,1,09:02:2020,09:54:18,718,-16.350139,-68.1315,5233.0,lev20,Almucantar,Mount_Chacaltaya,144,144.563495,0.0342,0.016,0.0103,0.0082,0.0301,0.0116,0.0056,0.0036,0.0041,0.0044,0.0046,0.0047,1.769946,56.747011,57.30417,3.98765,0.397126,0.027557,4,10,8,4,4,10,8,4,4,10,8,4,4,10,7,5,0.05944,0.11042,0.17638,0.19912,1,1,09:02:2020,09:54:18,718,-16.350139,-68.1315,5233.0,lev20,Almucantar,Mount_Chacaltaya,144,144.563495,0.036778,0.023216,0.018213,0.0159,1.0336025,56.747011,57.30417,3.98765,0.397126,0.027557,4,10,8,4,4,10,8,4,4,10,8,4,4,10,7,5,0.05944,0.11042,0.17638,0.19912,1,1,09:02:2020,09:54:18,718,-16.350139,-68.1315,5233.0,lev20,Almucantar,1.7603773048594116,0.027308299802601854,0.8097455213299739,BCL,Unclassified,,Unknown
24:05:2018,19:31:28,Mount_Chacaltaya,144,144.813519,0.03981,0.019868,0.014162,0.012843,1.53399,58.671491,58.105056,3.888395,0.219909,0.03981,3,11,7,5,4,10,7,5,4,10,7,5,4,10,7,5,0.06043,0.11182,0.17871,0.20032,1,1,09:02:2020,09:54:23,718,-16.350139,-68.1315,5233.0,lev20,Almucantar,Mount_Chacaltaya,144,144.813519,1.47015,1.4826,1.48925,1.48655,0.011893,0.011836,0.0124395,0.012941000000000001,58.671491,58.105056,3.888395,0.219909,0.03981,3,11,7,5,4,10,7,5,4,10,7,5,4,10,7,5,0.06043,0.11182,0.17871,0.20032,1,1,09:02:2020,09:54:23,718,-16.350139,-68.1315,5233.0,lev20,Almucantar,Mount_Chacaltaya,144,144.813519,0.9114,0.8854500000000001,0.8596,0.84035,58.671491,58.105056,3.888395,0.219909,0.03981,3,11,7,5,4,10,7,5,4,10,7,5,4,10,7,5,0.06043,0.11182,0.17871,0.20032,1,1,09:02:2020,09:54:23,718,-16.350139,-68.1315,5233.0,lev20,Almucantar,Mount_Chacaltaya,144,144.813519,0.0432,0.0221,0.0154,0.0131,0.0351,0.0136,0.0066,0.0042,0.0081,0.0085,0.0088,0.0089,1.525387,58.671491,58.105056,3.888395,0.219909,0.03981,3,11,7,5,4,10,7,5,4,10,7,5,4,10,7,5,0.06043,0.11182,0.17871,0.20032,1,1,09:02:2020,09:54:23,718,-16.350139,-68.1315,5233.0,lev20,Almucantar,Mount_Chacaltaya,144,144.813519,0.036778,0.023216,0.018213,0.0159,1.0336025,58.671491,58.105056,3.888395,0.219909,0.03981,3,11,7,5,4,10,7,5,4,10,7,5,4,10,7,5,0.06043,0.11182,0.17871,0.20032,1,1,09:02:2020,09:54:23,718,-16.350139,-68.1315,5233.0,lev20,Almucantar,1.5130482874165248,0.03560273395550924,0.7211154661659213,BCL,Maritime,,Unknown
24:05:2018,19:46:30,Mount_Chacaltaya,144,144.823958,0.043787,0.022286,0.016156,0.014937,1.480965,61.56298,60.97925,4.463094,0.197194,0.043787,3,10,7,4,2,10,7,4,3,10,7,4,3,10,7,4,0.06179,0.11408,0.1833,0.20507,1,1,09:02:2020,09:54:30,718,-16.350139,-68.1315,5233.0,lev20,Almucantar,Mount_Chacaltaya,144,144.823958,1.47015,1.4826,1.48925,1.48655,0.011893,0.011836,0.0124395,0.012941000000000001,61.56298,60.97925,4.463094,0.197194,0.043787,3,10,7,4,2,10,7,4,3,10,7,4,3,10,7,4,0.06179,0.11408,0.1833,0.20507,1,1,09:02:2020,09:54:30,718,-16.350139,-68.1315,5233.0,lev20,Almucantar,Mount_Chacaltaya,144,144.823958,0.9114,0.8854500000000001,0.8596,0.84035,61.56298,60.97925,4.463094,0.197194,0.043787,3,10,7,4,2,10,7,4,3,10,7,4,3,10,7,4,0.06179,0.11408,0.1833,0.20507,1,1,09:02:2020,09:54:30,718,-16.350139,-68.1315,5233.0,lev20,Almucantar,Mount_Chacaltaya,144,144.823958,0.0469,0.0243,0.017,0.0145,0.0379,0.0148,0.0072,0.0045,0.009,0.0095,0.0098,0.0099,1.500289,61.56298,60.97925,4.463094,0.197194,0.043787,3,10,7,4,2,10,7,4,3,10,7,4,3,10,7,4,0.06179,0.11408,0.1833,0.20507,1,1,09:02:2020,09:54:30,718,-16.350139,-68.1315,5233.0,lev20,Almucantar,Mount_Chacaltaya,144,144.823958,0.036778,0.023216,0.018213,0.0159,1.0336025,61.56298,60.97925,4.463094,0.197194,0.043787,3,10,7,4,2,10,7,4,3,10,7,4,3,10,7,4,0.06179,0.11408,0.1833,0.20507,1,1,09:02:2020,09:54:30,718,-16.350139,-68.1315,5233.0,lev20,Almucantar,1.4885973523052218,0.0387730437739697,0.7176248606787391,BCL,Maritime,,Unknown
25:05:2018,13:19:30,Mount_Chacaltaya,145,145.555208,0.02671,0.01341,0.007488,0.007607,1.848144,59.109407,59.680373,3.745889,0.095709,0.02671,4,10,7,5,3,11,7,5,3,11,7,5,3,10,8,4,0.05885,0.1119,0.17643,0.20026,1,1,09:02:2020,09:54:55,718,-16.350139,-68.1315,5233.0,lev20,Almucantar,Mount_Chacaltaya,145,145.555208,1.47015,1.4826,1.48925,1.48655,0.011893,0.011836,0.0124395,0.012941000000000001,59.109407,59.680373,3.745889,0.095709,0.02671,4,10,7,5,3,11,7,5,3,11,7,5,3,10,8,4,0.05885,0.1119,0.17643,0.20026,1,1,09:02:2020,09:54:55,718,-16.350139,-68.1315,5233.0,lev20,Almucantar,Mount_Chacaltaya,145,145.555208,0.9114,0.8854500000000001,0.8596,0.84035,59.109407,59.680373,3.745889,0.095709,0.02671,4,10,7,5,3,11,7,5,3,11,7,5,3,10,8,4,0.05885,0.1119,0.17643,0.20026,1,1,09:02:2020,09:54:55,718,-16.350139,-68.1315,5233.0,lev20,Almucantar,Mount_Chacaltaya,145,145.555208,0.0272,0.0137,0.0091,0.0073,0.0243,0.0106,0.0058,0.004,0.0029,0.0031,0.0032,0.0033,1.613158,59.109407,59.680373,3.745889,0.095709,0.02671,4,10,7,5,3,11,7,5,3,11,7,5,3,10,8,4,0.05885,0.1119,0.17643,0.20026,1,1,09:02:2020,09:54:55,718,-16.350139,-68.1315,5233.0,lev20,Almucantar,Mount_Chacaltaya,145,145.555208,0.036778,0.023216,0.018213,0.0159,1.0336025,59.109407,59.680373,3.745889,0.095709,0.02671,4,10,7,5,3,11,7,5,3,11,7,5,3,10,8,4,0.05885,0.1119,0.17643,0.20026,1,1,09:02:2020,09:54:55,718,-16.350139,-68.1315,5233.0,lev20,Almucantar,1.6061506095183158,0.022151325257386018,0.8397213725050818,BCL,Maritime,,Unknown
25:05:2018,13:31:32,Mount_Chacaltaya,145,145.563565,0.026661,0.013196,0.007407,0.007771,1.863426,56.856631,57.412431,1.869593,0.116715,0.026661,4,10,8,4,4,10,8,4,4,10,8,4,4,10,7,4,0.05809,0.11048,0.17344,0.19694,1,1,09:02:2020,09:55:42,718,-16.350139,-68.1315,5233.0,lev20,Almucantar,Mount_Chacaltaya,145,145.563565,1.47015,1.4826,1.48925,1.48655,0.011893,0.011836,0.0124395,0.012941000000000001,56.856631,57.412431,1.869593,0.116715,0.026661,4,10,8,4,4,10,8,4,4,10,8,4,4,10,7,4,0.05809,0.11048,0.17344,0.19694,1,1,09:02:2020,09:55:42,718,-16.350139,-68.1315,5233.0,lev20,Almucantar,Mount_Chacaltaya,145,145.563565,0.9114,0.8854500000000001,0.8596,0.84035,56.856631,57.412431,1.869593,0.116715,0.026661,4,10,8,4,4,10,8,4,4,10,8,4,4,10,7,4,0.05809,0.11048,0.17344,0.19694,1,1,09:02:2020,09:55:42,718,-16.350139,-68.1315,5233.0,lev20,Almucantar,Mount_Chacaltaya,145,145.563565,0.0277,0.0132,0.0083,0.0065,0.025,0.0104,0.0055,0.0035,0.0027,0.0028,0.0029,0.0029,1.772328,56.856631,57.412431,1.869593,0.116715,0.026661,4,10,8,4,4,10,8,4,4,10,8,4,4,10,7,4,0.05809,0.11048,0.17344,0.19694,1,1,09:02:2020,09:55:42,718,-16.350139,-68.1315,5233.0,lev20,Almucantar,Mount_Chacaltaya,145,145.563565,0.036778,0.023216,0.018213,0.0159,1.0336025,56.856631,57.412431,1.869593,0.116715,0.026661,4,10,8,4,4,10,8,4,4,10,8,4,4,10,7,4,0.05809,0.11048,0.17344,0.19694,1,1,09:02:2020,09:55:42,718,-16.350139,-68.1315,5233.0,lev20,Almucantar,1.767851283740506,0.022097003768902158,0.8603121991571505,BCL,Unclassified,,Unknown
26:05:2018,13:20:07,Mount_Chacaltaya,146,146.555637,0.018296,0.00898,0.004422,0.004965,2.050157,59.114169,59.683264,3.156326,0.126732,0.018296,4,10,7,5,3,11,7,5,3,11,7,5,3,10,8,5,0.05884,0.11188,0.1764,0.20025,1,1,09:02:2020,09:56:04,718,-16.350139,-68.1315,5233.0,lev20,Almucantar,Mount_Chacaltaya,146,146.555637,1.47015,1.4826,1.48925,1.48655,0.011893,0.011836,0.0124395,0.012941000000000001,59.114169,59.683264,3.156326,0.126732,0.018296,4,10,7,5,3,11,7,5,3,11,7,5,3,10,8,5,0.05884,0.11188,0.1764,0.20025,1,1,09:02:2020,09:56:04,718,-16.350139,-68.1315,5233.0,lev20,Almucantar,Mount_Chacaltaya,146,146.555637,0.9114,0.8854500000000001,0.8596,0.84035,59.114169,59.683264,3.156326,0.126732,0.018296,4,10,7,5,3,11,7,5,3,11,7,5,3,10,8,5,0.05884,0.11188,0.1764,0.20025,1,1,09:02:2020,09:56:04,718,-16.350139,-68.1315,5233.0,lev20,Almucantar,Mount_Chacaltaya,146,146.555637,0.0195,0.0095,0.006,0.0046,0.0182,0.0081,0.0045,0.0031,0.0013,0.0014,0.0014,0.0015,1.731954,59.114169,59.683264,3.156326,0.126732,0.018296,4,10,7,5,3,11,7,5,3,11,7,5,3,10,8,5,0.05884,0.11188,0.1764,0.20025,1,1,09:02:2020,09:56:04,718,-16.350139,-68.1315,5233.0,lev20,Almucantar,Mount_Chacaltaya,146,146.555637,0.036778,0.023216,0.018213,0.0159,1.0336025,59.114169,59.683264,3.156326,0.126732,0.018296,4,10,7,5,3,11,7,5,3,11,7,5,3,10,8,5,0.05884,0.11188,0.1764,0.20025,1,1,09:02:2020,09:56:04,718,-16.350139,-68.1315,5233.0,lev20,Almucantar,1.7289468053628183,0.015633207946604923,0.8990445528559112,BCL,Unclassified,,Unknown
26:05:2018,13:31:38,Mount_Chacaltaya,146,146.563634,0.019144,0.009802,0.004918,0.005323,1.959215,56.964302,57.518799,3.178924,0.129163,0.019144,4,10,8,4,4,10,8,4,4,10,7,5,4,10,7,5,0.05811,0.11053,0.17355,0.19707,1,1,09:02:2020,09:55:45,718,-16.350139,-68.1315,5233.0,lev20,Almucantar,Mount_Chacaltaya,146,146.563634,1.47015,1.4826,1.48925,1.48655,0.011893,0.011836,0.0124395,0.012941000000000001,56.964302,57.518799,3.178924,0.129163,0.019144,4,10,8,4,4,10,8,4,4,10,7,5,4,10,7,5,0.05811,0.11053,0.17355,0.19707,1,1,09:02:2020,09:55:45,718,-16.350139,-68.1315,5233.0,lev20,Almucantar,Mount_Chacaltaya,146,146.563634,0.9114,0.8854500000000001,0.8596,0.84035,56.964302,57.518799,3.178924,0.129163,0.019144,4,10,8,4,4,10,8,4,4,10,7,5,4,10,7,5,0.05811,0.11053,0.17355,0.19707,1,1,09:02:2020,09:55:45,718,-16.350139,-68.1315,5233.0,lev20,Almucantar,Mount_Chacaltaya,146,146.563634,0.0206,0.0098,0.0062,0.0049,0.0189,0.008,0.0043,0.0029,0.0017,0.0018,0.0019,0.002,1.766854,56.964302,57.518799,3.178924,0.129163,0.019144,4,10,8,4,4,10,8,4,4,10,7,5,4,10,7,5,0.05811,0.11053,0.17355,0.19707,1,1,09:02:2020,09:55:45,718,-16.350139,-68.1315,5233.0,lev20,Almucantar,Mount_Chacaltaya,146,146.563634,0.036778,0.023216,0.018213,0.0159,1.0336025,56.964302,57.518799,3.178924,0.129163,0.019144,4,10,8,4,4,10,8,4,4,10,7,5,4,10,7,5,0.05811,0.11053,0.17355,0.19707,1,1,09:02:2020,09:55:45,718,-16.350139,-68.1315,5233.0,lev20,Almucantar,1.761345497634433,0.016446823239778433,0.8770837653455076,BCL,Unclassified,,Unknown
28:05:2018,13:22:05,Mount_Chacaltaya,148,148.557002,0.045781,0.024776,0.016256,0.017057,1.51728,58.981948,59.546541,2.496049,0.187429,0.045781,4,10,7,5,4,10,7,5,3,10,7,5,3,9,8,5,0.05882,0.11182,0.17626,0.20007,1,1,09:02:2020,09:56:59,718,-16.350139,-68.1315,5233.0,lev20,Almucantar,Mount_Chacaltaya,148,148.557002,1.47015,1.4826,1.48925,1.48655,0.011893,0.011836,0.0124395,0.012941000000000001,58.981948,59.546541,2.496049,0.187429,0.045781,4,10,7,5,4,10,7,5,3,10,7,5,3,9,8,5,0.05882,0.11182,0.17626,0.20007,1,1,09:02:2020,09:56:59,718,-16.350139,-68.1315,5233.0,lev20,Almucantar,Mount_Chacaltaya,148,148.557002,0.9114,0.8854500000000001,0.8596,0.84035,58.981948,59.546541,2.496049,0.187429,0.045781,4,10,7,5,4,10,7,5,3,10,7,5,3,9,8,5,0.05882,0.11182,0.17626,0.20007,1,1,09:02:2020,09:56:59,718,-16.350139,-68.1315,5233.0,lev20,Almucantar,Mount_Chacaltaya,148,148.557002,0.0475,0.0238,0.0167,0.0141,0.04,0.0157,0.0084,0.0057,0.0075,0.008,0.0083,0.0084,1.54866,58.981948,59.546541,2.496049,0.187429,0.045781,4,10,7,5,4,10,7,5,3,10,7,5,3,9,8,5,0.05882,0.11182,0.17626,0.20007,1,1,09:02:2020,09:56:59,718,-16.350139,-68.1315,5233.0,lev20,Almucantar,Mount_Chacaltaya,148,148.557002,0.036778,0.023216,0.018213,0.0159,1.0336025,58.981948,59.546541,2.496049,0.187429,0.045781,4,10,7,5,4,10,7,5,3,10,7,5,3,9,8,5,0.05882,0.11182,0.17626,0.20007,1,1,09:02:2020,09:56:59,718,-16.350139,-68.1315,5233.0,lev20,Almucantar,1.5333616661754432,0.039045003607552614,0.7558217950168762,BCL,Maritime,,Unknown
29:05:2018,13:22:08,Mount_Chacaltaya,149,149.557037,0.018557,0.009203,0.004432,0.005144,2.063222,59.088834,59.652384,3.067111,0.09382,0.018557,4,10,7,5,3,10,7,5,3,10,7,5,3,9,8,5,0.05885,0.11188,0.17638,0.20022,1,1,09:02:2020,09:57:23,718,-16.350139,-68.1315,5233.0,lev20,Almucantar,Mount_Chacaltaya,149,149.557037,1.47015,1.4826,1.48925,1.48655,0.011893,0.011836,0.0124395,0.012941000000000001,59.088834,59.652384,3.067111,0.09382,0.018557,4,10,7,5,3,10,7,5,3,10,7,5,3,9,8,5,0.05885,0.11188,0.17638,0.20022,1,1,09:02:2020,09:57:23,718,-16.350139,-68.1315,5233.0,lev20,Almucantar,Mount_Chacaltaya,149,149.557037,0.9114,0.8854500000000001,0.8596,0.84035,59.088834,59.652384,3.067111,0.09382,0.018557,4,10,7,5,3,10,7,5,3,10,7,5,3,9,8,5,0.05885,0.11188,0.17638,0.20022,1,1,09:02:2020,09:57:23,718,-16.350139,-68.1315,5233.0,lev20,Almucantar,Mount_Chacaltaya,149,149.557037,0.0193,0.0093,0.0061,0.0048,0.0177,0.0076,0.0043,0.003,0.0016,0.0017,0.0017,0.0018,1.699,59.088834,59.652384,3.067111,0.09382,0.018557,4,10,7,5,3,10,7,5,3,10,7,5,3,9,8,5,0.05885,0.11188,0.17638,0.20022,1,1,09:02:2020,09:57:23,718,-16.350139,-68.1315,5233.0,lev20,Almucantar,Mount_Chacaltaya,149,149.557037,0.036778,0.023216,0.018213,0.0159,1.0336025,59.088834,59.652384,3.067111,0.09382,0.018557,4,10,7,5,3,10,7,5,3,10,7,5,3,9,8,5,0.05885,0.11188,0.17638,0.20022,1,1,09:02:2020,09:57:23,718,-16.350139,-68.1315,5233.0,lev20,Almucantar,1.6895776636848534,0.01555093377612991,0.8728789887283228,BCL,Maritime,,Unknown
29:05:2018,13:32:00,Mount_Chacaltaya,149,149.563889,0.018852,0.009331,0.00459,0.00563,2.038381,57.262353,57.813183,3.335763,0.113606,0.018852,4,10,8,4,4,10,7,5,4,10,7,5,4,10,7,5,0.05822,0.11072,0.17392,0.1975,1,1,09:02:2020,09:57:07,718,-16.350139,-68.1315,5233.0,lev20,Almucantar,Mount_Chacaltaya,149,149.563889,1.47015,1.4826,1.48925,1.48655,0.011893,0.011836,0.0124395,0.012941000000000001,57.262353,57.813183,3.335763,0.113606,0.018852,4,10,8,4,4,10,7,5,4,10,7,5,4,10,7,5,0.05822,0.11072,0.17392,0.1975,1,1,09:02:2020,09:57:07,718,-16.350139,-68.1315,5233.0,lev20,Almucantar,Mount_Chacaltaya,149,149.563889,0.9114,0.8854500000000001,0.8596,0.84035,57.262353,57.813183,3.335763,0.113606,0.018852,4,10,8,4,4,10,7,5,4,10,7,5,4,10,7,5,0.05822,0.11072,0.17392,0.1975,1,1,09:02:2020,09:57:07,718,-16.350139,-68.1315,5233.0,lev20,Almucantar,Mount_Chacaltaya,149,149.563889,0.0198,0.0098,0.0065,0.0052,0.018,0.0079,0.0045,0.0032,0.0018,0.0019,0.0019,0.002,1.64239,57.262353,57.813183,3.335763,0.113606,0.018852,4,10,8,4,4,10,7,5,4,10,7,5,4,10,7,5,0.05822,0.11072,0.17392,0.1975,1,1,09:02:2020,09:57:07,718,-16.350139,-68.1315,5233.0,lev20,Almucantar,Mount_Chacaltaya,149,149.563889,0.036778,0.023216,0.018213,0.0159,1.0336025,57.262353,57.813183,3.335763,0.113606,0.018852,4,10,8,4,4,10,7,5,4,10,7,5,4,10,7,5,0.05822,0.11072,0.17392,0.1975,1,1,09:02:2020,09:57:07,718,-16.350139,-68.1315,5233.0,lev20,Almucantar,1.6339292328705575,0.016067703364272858,0.8625041264635457,BCL,Maritime,,Unknown
31:05:2018,13:25:07,Mount_Chacaltaya,151,151.559109,0.017516,0.008513,0.004386,0.005256,2.005309,58.759567,59.31759,3.622204,0.148144,0.017516,4,10,7,5,3,10,7,5,4,9,7,5,3,10,7,5,0.05872,0.11165,0.17592,0.1997,1,1,09:02:2020,09:58:15,718,-16.350139,-68.1315,5233.0,lev20,Almucantar,Mount_Chacaltaya,151,151.559109,1.47015,1.4826,1.48925,1.48655,0.011893,0.011836,0.0124395,0.012941000000000001,58.759567,59.31759,3.622204,0.148144,0.017516,4,10,7,5,3,10,7,5,4,9,7,5,3,10,7,5,0.05872,0.11165,0.17592,0.1997,1,1,09:02:2020,09:58:15,718,-16.350139,-68.1315,5233.0,lev20,Almucantar,Mount_Chacaltaya,151,151.559109,0.9114,0.8854500000000001,0.8596,0.84035,58.759567,59.31759,3.622204,0.148144,0.017516,4,10,7,5,3,10,7,5,4,9,7,5,3,10,7,5,0.05872,0.11165,0.17592,0.1997,1,1,09:02:2020,09:58:15,718,-16.350139,-68.1315,5233.0,lev20,Almucantar,Mount_Chacaltaya,151,151.559109,0.0192,0.0096,0.0064,0.0051,0.0175,0.0078,0.0045,0.0032,0.0017,0.0018,0.0019,0.0019,1.619757,58.759567,59.31759,3.622204,0.148144,0.017516,4,10,7,5,3,10,7,5,4,9,7,5,3,10,7,5,0.05872,0.11165,0.17592,0.1997,1,1,09:02:2020,09:58:15,718,-16.350139,-68.1315,5233.0,lev20,Almucantar,Mount_Chacaltaya,151,151.559109,0.036778,0.023216,0.018213,0.0159,1.0336025,58.759567,59.31759,3.622204,0.148144,0.017516,4,10,7,5,3,10,7,5,4,9,7,5,3,10,7,5,0.05872,0.11165,0.17592,0.1997,1,1,09:02:2020,09:58:15,718,-16.350139,-68.1315,5233.0,lev20,Almucantar,1.6115336656787804,0.015625473470077613,0.8669631243795803,BCL,Maritime,,Unknown
31:05:2018,13:34:38,Mount_Chacaltaya,151,151.565718,0.017544,0.008429,0.004208,0.005498,2.065318,57.01548,57.560865,3.760777,0.175586,0.017544,4,10,8,4,4,10,8,4,4,10,7,5,4,10,7,5,0.05813,0.11057,0.17362,0.19714,1,1,09:02:2020,09:58:15,718,-16.350139,-68.1315,5233.0,lev20,Almucantar,Mount_Chacaltaya,151,151.565718,1.47015,1.4826,1.48925,1.48655,0.011893,0.011836,0.0124395,0.012941000000000001,57.01548,57.560865,3.760777,0.175586,0.017544,4,10,8,4,4,10,8,4,4,10,7,5,4,10,7,5,0.05813,0.11057,0.17362,0.19714,1,1,09:02:2020,09:58:15,718,-16.350139,-68.1315,5233.0,lev20,Almucantar,Mount_Chacaltaya,151,151.565718,0.9114,0.8854500000000001,0.8596,0.84035,57.01548,57.560865,3.760777,0.175586,0.017544,4,10,8,4,4,10,8,4,4,10,7,5,4,10,7,5,0.05813,0.11057,0.17362,0.19714,1,1,09:02:2020,09:58:15,718,-16.350139,-68.1315,5233.0,lev20,Almucantar,Mount_Chacaltaya,151,151.565718,0.0196,0.0098,0.0064,0.0051,0.0181,0.0081,0.0047,0.0034,0.0016,0.0016,0.0017,0.0018,1.647073,57.01548,57.560865,3.760777,0.175586,0.017544,4,10,8,4,4,10,8,4,4,10,7,5,4,10,7,5,0.05813,0.11057,0.17362,0.19714,1,1,09:02:2020,09:58:15,718,-16.350139,-68.1315,5233.0,lev20,Almucantar,Mount_Chacaltaya,151,151.565718,0.036778,0.023216,0.018213,0.0159,1.0336025,57.01548,57.560865,3.760777,0.175586,0.017544,4,10,8,4,4,10,8,4,4,10,7,5,4,10,7,5,0.05813,0.11057,0.17362,0.19714,1,1,09:02:2020,09:58:15,718,-16.350139,-68.1315,5233.0,lev20,Almucantar,1.6417797095581845,0.015889449423239596,0.8791051302175583,BCL,Maritime,,Unknown
01:06:2018,13:25:07,Mount_Chacaltaya,152,152.559109,0.020293,0.011563,0.007262,0.00819,1.49466,58.869569,59.42677,2.130006,0.099325,0.020293,4,10,7,5,4,10,7,5,3,10,7,5,3,9,8,5,0.05877,0.11173,0.17608,0.19987,1,1,09:02:2020,09:59:33,718,-16.350139,-68.1315,5233.0,lev20,Almucantar,Mount_Chacaltaya,152,152.559109,1.47015,1.4826,1.48925,1.48655,0.011893,0.011836,0.0124395,0.012941000000000001,58.869569,59.42677,2.130006,0.099325,0.020293,4,10,7,5,4,10,7,5,3,10,7,5,3,9,8,5,0.05877,0.11173,0.17608,0.19987,1,1,09:02:2020,09:59:33,718,-16.350139,-68.1315,5233.0,lev20,Almucantar,Mount_Chacaltaya,152,152.559109,0.9114,0.8854500000000001,0.8596,0.84035,58.869569,59.42677,2.130006,0.099325,0.020293,4,10,7,5,4,10,7,5,3,10,7,5,3,9,8,5,0.05877,0.11173,0.17608,0.19987,1,1,09:02:2020,09:59:33,718,-16.350139,-68.1315,5233.0,lev20,Almucantar,Mount_Chacaltaya,152,152.559109,0.0216,0.0117,0.0084,0.0071,0.0176,0.0074,0.004,0.0027,0.004,0.0043,0.0044,0.0045,1.396564,58.869569,59.42677,2.130006,0.099325,0.020293,4,10,7,5,4,10,7,5,3,10,7,5,3,9,8,5,0.05877,0.11173,0.17608,0.19987,1,1,09:02:2020,09:59:33,718,-16.350139,-68.1315,5233.0,lev20,Almucantar,Mount_Chacaltaya,152,152.559109,0.036778,0.023216,0.018213,0.0159,1.0336025,58.869569,59.42677,2.130006,0.099325,0.020293,4,10,7,5,4,10,7,5,3,10,7,5,3,9,8,5,0.05877,0.11173,0.17608,0.19987,1,1,09:02:2020,09:59:33,718,-16.350139,-68.1315,5233.0,lev20,Almucantar,1.3854129380196485,0.018094197520358832,0.7280732250405663,BCL,Maritime,,Unknown
01:06:2018,13:34:42,Mount_Chacaltaya,152,152.565764,0.02098,0.012126,0.007668,0.008559,1.46345,57.116056,57.660517,3.953535,0.106253,0.02098,4,10,8,4,4,10,7,5,2,10,7,5,4,10,7,5,0.05817,0.11064,0.17376,0.19728,1,1,09:02:2020,09:58:54,718,-16.350139,-68.1315,5233.0,lev20,Almucantar,Mount_Chacaltaya,152,152.565764,1.47015,1.4826,1.48925,1.48655,0.011893,0.011836,0.0124395,0.012941000000000001,57.116056,57.660517,3.953535,0.106253,0.02098,4,10,8,4,4,10,7,5,2,10,7,5,4,10,7,5,0.05817,0.11064,0.17376,0.19728,1,1,09:02:2020,09:58:54,718,-16.350139,-68.1315,5233.0,lev20,Almucantar,Mount_Chacaltaya,152,152.565764,0.9114,0.8854500000000001,0.8596,0.84035,57.116056,57.660517,3.953535,0.106253,0.02098,4,10,8,4,4,10,7,5,2,10,7,5,4,10,7,5,0.05817,0.11064,0.17376,0.19728,1,1,09:02:2020,09:58:54,718,-16.350139,-68.1315,5233.0,lev20,Almucantar,Mount_Chacaltaya,152,152.565764,0.0221,0.0127,0.0094,0.0081,0.0179,0.0082,0.0048,0.0034,0.0042,0.0044,0.0046,0.0047,1.263854,57.116056,57.660517,3.953535,0.106253,0.02098,4,10,8,4,4,10,7,5,2,10,7,5,4,10,7,5,0.05817,0.11064,0.17376,0.19728,1,1,09:02:2020,09:58:54,718,-16.350139,-68.1315,5233.0,lev20,Almucantar,Mount_Chacaltaya,152,152.565764,0.036778,0.023216,0.018213,0.0159,1.0336025,57.116056,57.660517,3.953535,0.106253,0.02098,4,10,8,4,4,10,7,5,2,10,7,5,4,10,7,5,0.05817,0.11064,0.17376,0.19728,1,1,09:02:2020,09:58:54,718,-16.350139,-68.1315,5233.0,lev20,Almucantar,1.253989642921884,0.018826696414963137,0.7324816532369355,BCL,Maritime,,Unknown
02:06:2018,13:25:09,Mount_Chacaltaya,153,153.559132,0.022172,0.011655,0.006969,0.007805,1.685712,58.970801,59.527195,3.278194,0.27053,0.022172,4,10,7,5,4,10,7,5,3,11,7,5,3,9,8,5,0.05959,0.11355,0.17578,0.19994,1,1,09:02:2020,09:59:29,718,-16.350139,-68.1315,5233.0,lev20,Almucantar,Mount_Chacaltaya,153,153.559132,1.47015,1.4826,1.48925,1.48655,0.011893,0.011836,0.0124395,0.012941000000000001,58.970801,59.527195,3.278194,0.27053,0.022172,4,10,7,5,4,10,7,5,3,11,7,5,3,9,8,5,0.05959,0.11355,0.17578,0.19994,1,1,09:02:2020,09:59:29,718,-16.350139,-68.1315,5233.0,lev20,Almucantar,Mount_Chacaltaya,153,153.559132,0.9114,0.8854500000000001,0.8596,0.84035,58.970801,59.527195,3.278194,0.27053,0.022172,4,10,7,5,4,10,7,5,3,11,7,5,3,9,8,5,0.05959,0.11355,0.17578,0.19994,1,1,09:02:2020,09:59:29,718,-16.350139,-68.1315,5233.0,lev20,Almucantar,Mount_Chacaltaya,153,153.559132,0.027,0.0134,0.0089,0.0073,0.0236,0.0098,0.0051,0.0034,0.0034,0.0036,0.0038,0.0039,1.636322,58.970801,59.527195,3.278194,0.27053,0.022172,4,10,7,5,4,10,7,5,3,11,7,5,3,9,8,5,0.05959,0.11355,0.17578,0.19994,1,1,09:02:2020,09:59:29,718,-16.350139,-68.1315,5233.0,lev20,Almucantar,Mount_Chacaltaya,153,153.559132,0.036778,0.023216,0.018213,0.0159,1.0336025,58.970801,59.527195,3.278194,0.27053,0.022172,4,10,7,5,4,10,7,5,3,11,7,5,3,9,8,5,0.05959,0.11355,0.17578,0.19994,1,1,09:02:2020,09:59:29,718,-16.350139,-68.1315,5233.0,lev20,Almucantar,1.6279235697935954,0.021927332270041403,0.8118215031189594,BCL,Maritime,,Unknown
02:06:2018,13:34:39,Mount_Chacaltaya,153,153.565729,0.022471,0.011902,0.007185,0.00813,1.661269,57.234939,57.778696,3.252599,0.291206,0.022471,4,10,8,4,4,10,7,5,4,10,7,5,4,10,7,5,0.05899,0.11249,0.17357,0.19748,1,1,09:02:2020,09:59:53,718,-16.350139,-68.1315,5233.0,lev20,Almucantar,Mount_Chacaltaya,153,153.565729,1.47015,1.4826,1.48925,1.48655,0.011893,0.011836,0.0124395,0.012941000000000001,57.234939,57.778696,3.252599,0.291206,0.022471,4,10,8,4,4,10,7,5,4,10,7,5,4,10,7,5,0.05899,0.11249,0.17357,0.19748,1,1,09:02:2020,09:59:53,718,-16.350139,-68.1315,5233.0,lev20,Almucantar,Mount_Chacaltaya,153,153.565729,0.9114,0.8854500000000001,0.8596,0.84035,57.234939,57.778696,3.252599,0.291206,0.022471,4,10,8,4,4,10,7,5,4,10,7,5,4,10,7,5,0.05899,0.11249,0.17357,0.19748,1,1,09:02:2020,09:59:53,718,-16.350139,-68.1315,5233.0,lev20,Almucantar,Mount_Chacaltaya,153,153.565729,0.0277,0.0137,0.0091,0.0075,0.0242,0.01,0.0053,0.0035,0.0035,0.0037,0.0039,0.004,1.641609,57.234939,57.778696,3.252599,0.291206,0.022471,4,10,8,4,4,10,7,5,4,10,7,5,4,10,7,5,0.05899,0.11249,0.17357,0.19748,1,1,09:02:2020,09:59:53,718,-16.350139,-68.1315,5233.0,lev20,Almucantar,Mount_Chacaltaya,153,153.565729,0.036778,0.023216,0.018213,0.0159,1.0336025,57.234939,57.778696,3.252599,0.291206,0.022471,4,10,8,4,4,10,7,5,4,10,7,5,4,10,7,5,0.05899,0.11249,0.17357,0.19748,1,1,09:02:2020,09:59:53,718,-16.350139,-68.1315,5233.0,lev20,Almucantar,1.6328704950710549,0.022481597205523944,0.8133877599055338,BCL,Maritime,,Unknown
10:07:2018,13:34:11,Mount_Chacaltaya,191,191.565405,0.041766,0.019331,0.01196,0.012162,1.839314,58.648716,59.203571,4.552476,0.289471,0.041766,4,10,7,5,4,10,7,4,4,10,7,4,3,10,7,4,0.06698,0.12411,0.18042,0.20542,1,1,09:02:2020,10:21:20,718,-16.350139,-68.1315,5233.0,lev20,Almucantar,Mount_Chacaltaya,191,191.565405,1.47015,1.4826,1.48925,1.48655,0.011893,0.011836,0.0124395,0.012941000000000001,58.648716,59.203571,4.552476,0.289471,0.041766,4,10,7,5,4,10,7,4,4,10,7,4,3,10,7,4,0.06698,0.12411,0.18042,0.20542,1,1,09:02:2020,10:21:20,718,-16.350139,-68.1315,5233.0,lev20,Almucantar,Mount_Chacaltaya,191,191.565405,0.9114,0.8854500000000001,0.8596,0.84035,58.648716,59.203571,4.552476,0.289471,0.041766,4,10,7,5,4,10,7,4,4,10,7,4,3,10,7,4,0.06698,0.12411,0.18042,0.20542,1,1,09:02:2020,10:21:20,718,-16.350139,-68.1315,5233.0,lev20,Almucantar,Mount_Chacaltaya,191,191.565405,0.0466,0.0219,0.0142,0.0115,0.0405,0.0153,0.0074,0.0047,0.006,0.0065,0.0068,0.0069,1.753343,58.648716,59.203571,4.552476,0.289471,0.041766,4,10,7,5,4,10,7,4,4,10,7,4,3,10,7,4,0.06698,0.12411,0.18042,0.20542,1,1,09:02:2020,10:21:20,718,-16.350139,-68.1315,5233.0,lev20,Almucantar,Mount_Chacaltaya,191,191.565405,0.036778,0.023216,0.018213,0.0159,1.0336025,58.648716,59.203571,4.552476,0.289471,0.041766,4,10,7,5,4,10,7,4,4,10,7,4,3,10,7,4,0.06698,0.12411,0.18042,0.20542,1,1,09:02:2020,10:21:20,718,-16.350139,-68.1315,5233.0,lev20,Almucantar,1.7431808042934651,0.037291441941814066,0.7928044118967038,BCL,Unclassified,,Unknown
10:07:2018,13:44:12,Mount_Chacaltaya,191,191.572361,0.042063,0.019527,0.012082,0.012559,1.834554,56.825151,57.366469,4.526352,0.281032,0.042063,4,10,8,4,4,10,8,4,4,10,8,4,4,10,7,4,0.06616,0.12273,0.17801,0.20269,1,1,09:02:2020,10:21:18,718,-16.350139,-68.1315,5233.0,lev20,Almucantar,Mount_Chacaltaya,191,191.572361,1.47015,1.4826,1.48925,1.48655,0.011893,0.011836,0.0124395,0.012941000000000001,56.825151,57.366469,4.526352,0.281032,0.042063,4,10,8,4,4,10,8,4,4,10,8,4,4,10,7,4,0.06616,0.12273,0.17801,0.20269,1,1,09:02:2020,10:21:18,718,-16.350139,-68.1315,5233.0,lev20,Almucantar,Mount_Chacaltaya,191,191.572361,0.9114,0.8854500000000001,0.8596,0.84035,56.825151,57.366469,4.526352,0.281032,0.042063,4,10,8,4,4,10,8,4,4,10,8,4,4,10,7,4,0.06616,0.12273,0.17801,0.20269,1,1,09:02:2020,10:21:18,718,-16.350139,-68.1315,5233.0,lev20,Almucantar,Mount_Chacaltaya,191,191.572361,0.0464,0.0222,0.0142,0.0111,0.0413,0.0168,0.0086,0.0054,0.0051,0.0054,0.0056,0.0057,1.743399,56.825151,57.366469,4.526352,0.281032,0.042063,4,10,8,4,4,10,8,4,4,10,8,4,4,10,7,4,0.06616,0.12273,0.17801,0.20269,1,1,09:02:2020,10:21:18,718,-16.350139,-68.1315,5233.0,lev20,Almucantar,Mount_Chacaltaya,191,191.572361,0.036778,0.023216,0.018213,0.0159,1.0336025,56.825151,57.366469,4.526352,0.281032,0.042063,4,10,8,4,4,10,8,4,4,10,8,4,4,10,7,4,0.06616,0.12273,0.17801,0.20269,1,1,09:02:2020,10:21:18,718,-16.350139,-68.1315,5233.0,lev20,Almucantar,1.7368716282982533,0.03716135224583888,0.836116088868532,BCL,Unclassified,,Unknown
09:12:2018,12:38:01,Mount_Chacaltaya,343,343.5264,0.038737,0.021953,0.017895,0.018651,1.157752,52.799485,53.48844,1.625328,0.187757,0.038737,3,10,8,4,3,10,8,4,3,10,8,4,4,10,8,4,0.07082,0.12082,0.18311,0.20635,1,1,09:02:2020,10:07:58,718,-16.350139,-68.1315,5233.0,lev20,Almucantar,Mount_Chacaltaya,343,343.5264,1.47015,1.4826,1.48925,1.48655,0.011893,0.011836,0.0124395,0.012941000000000001,52.799485,53.48844,1.625328,0.187757,0.038737,3,10,8,4,3,10,8,4,3,10,8,4,4,10,8,4,0.07082,0.12082,0.18311,0.20635,1,1,09:02:2020,10:07:58,718,-16.350139,-68.1315,5233.0,lev20,Almucantar,Mount_Chacaltaya,343,343.5264,0.9114,0.8854500000000001,0.8596,0.84035,52.799485,53.48844,1.625328,0.187757,0.038737,3,10,8,4,3,10,8,4,3,10,8,4,4,10,8,4,0.07082,0.12082,0.18311,0.20635,1,1,09:02:2020,10:07:58,718,-16.350139,-68.1315,5233.0,lev20,Almucantar,Mount_Chacaltaya,343,343.5264,0.038,0.0235,0.0178,0.0154,0.0361,0.0215,0.0158,0.0133,0.0019,0.002,0.002,0.002,1.118638,52.799485,53.48844,1.625328,0.187757,0.038737,3,10,8,4,3,10,8,4,3,10,8,4,4,10,8,4,0.07082,0.12082,0.18311,0.20635,1,1,09:02:2020,10:07:58,718,-16.350139,-68.1315,5233.0,lev20,Almucantar,Mount_Chacaltaya,343,343.5264,0.036778,0.023216,0.018213,0.0159,1.0336025,52.799485,53.48844,1.625328,0.187757,0.038737,3,10,8,4,3,10,8,4,3,10,8,4,4,10,8,4,0.07082,0.12082,0.18311,0.20635,1,1,09:02:2020,10:07:58,718,-16.350139,-68.1315,5233.0,lev20,Almucantar,1.1124646307950388,0.032962681413143353,0.93394369852235,Unclassified,Maritime,,Unknown
09:12:2018,20:16:12,Mount_Chacaltaya,343,343.844583,0.029567,0.016458,0.014619,0.014587,1.071981,55.180262,54.492055,2.594879,0.171907,0.029567,4,10,8,4,4,10,8,4,4,10,8,4,4,10,8,4,0.07245,0.12306,0.1859,0.20771,1,1,09:02:2020,10:07:18,718,-16.350139,-68.1315,5233.0,lev20,Almucantar,Mount_Chacaltaya,343,343.844583,1.47015,1.4826,1.48925,1.48655,0.011893,0.011836,0.0124395,0.012941000000000001,55.180262,54.492055,2.594879,0.171907,0.029567,4,10,8,4,4,10,8,4,4,10,8,4,4,10,8,4,0.07245,0.12306,0.1859,0.20771,1,1,09:02:2020,10:07:18,718,-16.350139,-68.1315,5233.0,lev20,Almucantar,Mount_Chacaltaya,343,343.844583,0.9114,0.8854500000000001,0.8596,0.84035,55.180262,54.492055,2.594879,0.171907,0.029567,4,10,8,4,4,10,8,4,4,10,8,4,4,10,8,4,0.07245,0.12306,0.1859,0.20771,1,1,09:02:2020,10:07:18,718,-16.350139,-68.1315,5233.0,lev20,Almucantar,Mount_Chacaltaya,343,343.844583,0.0305,0.0178,0.0139,0.0119,0.0299,0.0171,0.0132,0.0112,0.0007,0.0007,0.0007,0.0007,1.168742,55.180262,54.492055,2.594879,0.171907,0.029567,4,10,8,4,4,10,8,4,4,10,8,4,4,10,8,4,0.07245,0.12306,0.1859,0.20771,1,1,09:02:2020,10:07:18,718,-16.350139,-68.1315,5233.0,lev20,Almucantar,Mount_Chacaltaya,343,343.844583,0.036778,0.023216,0.018213,0.0159,1.0336025,55.180262,54.492055,2.594879,0.171907,0.029567,4,10,8,4,4,10,8,4,4,10,8,4,4,10,8,4,0.07245,0.12306,0.1859,0.20771,1,1,09:02:2020,10:07:18,718,-16.350139,-68.1315,5233.0,lev20,Almucantar,1.1527307254704542,0.026321056034233892,0.9707432757697063,Unclassified,Maritime,,Unknown
09:12:2018,20:43:06,Mount_Chacaltaya,343,343.863264,0.028628,0.015831,0.014065,0.013834,1.081918,61.337797,60.652441,2.722667,0.160744,0.028628,3,10,8,4,3,10,8,4,3,10,8,4,3,10,7,4,0.07649,0.12964,0.1959,0.21768,1,1,09:02:2020,10:07:31,718,-16.350139,-68.1315,5233.0,lev20,Almucantar,Mount_Chacaltaya,343,343.863264,1.47015,1.4826,1.48925,1.48655,0.011893,0.011836,0.0124395,0.012941000000000001,61.337797,60.652441,2.722667,0.160744,0.028628,3,10,8,4,3,10,8,4,3,10,8,4,3,10,7,4,0.07649,0.12964,0.1959,0.21768,1,1,09:02:2020,10:07:31,718,-16.350139,-68.1315,5233.0,lev20,Almucantar,Mount_Chacaltaya,343,343.863264,0.9114,0.8854500000000001,0.8596,0.84035,61.337797,60.652441,2.722667,0.160744,0.028628,3,10,8,4,3,10,8,4,3,10,8,4,3,10,7,4,0.07649,0.12964,0.1959,0.21768,1,1,09:02:2020,10:07:31,718,-16.350139,-68.1315,5233.0,lev20,Almucantar,Mount_Chacaltaya,343,343.863264,0.0292,0.0169,0.013,0.0112,0.0284,0.016,0.0121,0.0103,0.0008,0.0009,0.0009,0.0009,1.201692,61.337797,60.652441,2.722667,0.160744,0.028628,3,10,8,4,3,10,8,4,3,10,8,4,3,10,7,4,0.07649,0.12964,0.1959,0.21768,1,1,09:02:2020,10:07:31,718,-16.350139,-68.1315,5233.0,lev20,Almucantar,Mount_Chacaltaya,343,343.863264,0.036778,0.023216,0.018213,0.0159,1.0336025,61.337797,60.652441,2.722667,0.160744,0.028628,3,10,8,4,3,10,8,4,3,10,8,4,3,10,7,4,0.07649,0.12964,0.1959,0.21768,1,1,09:02:2020,10:07:31,718,-16.350139,-68.1315,5233.0,lev20,Almucantar,1.1870286194831463,0.02508893315545337,0.9599057502921542,Unclassified,Maritime,,Unknown
10:12:2018,12:13:05,Mount_Chacaltaya,344,344.509086,0.03729,0.020486,0.016379,0.01675,1.231917,58.611639,59.297843,1.400555,0.146255,0.03729,4,10,7,5,4,10,7,5,4,10,7,5,3,11,7,5,0.07399,0.12616,0.19149,0.21519,1,1,09:02:2020,10:09:25,718,-16.350139,-68.1315,5233.0,lev20,Almucantar,Mount_Chacaltaya,344,344.509086,1.47015,1.4826,1.48925,1.48655,0.011893,0.011836,0.0124395,0.012941000000000001,58.611639,59.297843,1.400555,0.146255,0.03729,4,10,7,5,4,10,7,5,4,10,7,5,3,11,7,5,0.07399,0.12616,0.19149,0.21519,1,1,09:02:2020,10:09:25,718,-16.350139,-68.1315,5233.0,lev20,Almucantar,Mount_Chacaltaya,344,344.509086,0.9114,0.8854500000000001,0.8596,0.84035,58.611639,59.297843,1.400555,0.146255,0.03729,4,10,7,5,4,10,7,5,4,10,7,5,3,11,7,5,0.07399,0.12616,0.19149,0.21519,1,1,09:02:2020,10:09:25,718,-16.350139,-68.1315,5233.0,lev20,Almucantar,Mount_Chacaltaya,344,344.509086,0.0363,0.0214,0.0166,0.014,0.032,0.0165,0.0114,0.0088,0.0044,0.0049,0.0052,0.0053,1.161813,58.611639,59.297843,1.400555,0.146255,0.03729,4,10,7,5,4,10,7,5,4,10,7,5,3,11,7,5,0.07399,0.12616,0.19149,0.21519,1,1,09:02:2020,10:09:25,718,-16.350139,-68.1315,5233.0,lev20,Almucantar,Mount_Chacaltaya,344,344.509086,0.036778,0.023216,0.018213,0.0159,1.0336025,58.611639,59.297843,1.400555,0.146255,0.03729,4,10,7,5,4,10,7,5,4,10,7,5,3,11,7,5,0.07399,0.12616,0.19149,0.21519,1,1,09:02:2020,10:09:25,718,-16.350139,-68.1315,5233.0,lev20,Almucantar,1.1477098882113088,0.03134648428419565,0.8281579114078025,Unclassified,Maritime,,Unknown
10:12:2018,12:40:14,Mount_Chacaltaya,344,344.52794,0.039486,0.022226,0.017878,0.018205,1.18599,52.388294,53.076957,1.868397,0.182649,0.039486,3,10,8,4,3,10,8,4,3,10,8,4,3,10,8,4,0.07062,0.12048,0.18259,0.20579,1,1,09:02:2020,10:11:23,718,-16.350139,-68.1315,5233.0,lev20,Almucantar,Mount_Chacaltaya,344,344.52794,1.47015,1.4826,1.48925,1.48655,0.011893,0.011836,0.0124395,0.012941000000000001,52.388294,53.076957,1.868397,0.182649,0.039486,3,10,8,4,3,10,8,4,3,10,8,4,3,10,8,4,0.07062,0.12048,0.18259,0.20579,1,1,09:02:2020,10:11:23,718,-16.350139,-68.1315,5233.0,lev20,Almucantar,Mount_Chacaltaya,344,344.52794,0.9114,0.8854500000000001,0.8596,0.84035,52.388294,53.076957,1.868397,0.182649,0.039486,3,10,8,4,3,10,8,4,3,10,8,4,3,10,8,4,0.07062,0.12048,0.18259,0.20579,1,1,09:02:2020,10:11:23,718,-16.350139,-68.1315,5233.0,lev20,Almucantar,Mount_Chacaltaya,344,344.52794,0.0394,0.0229,0.0177,0.0147,0.0348,0.0177,0.0123,0.0092,0.0046,0.0052,0.0055,0.0055,1.188743,52.388294,53.076957,1.868397,0.182649,0.039486,3,10,8,4,3,10,8,4,3,10,8,4,3,10,8,4,0.07062,0.12048,0.18259,0.20579,1,1,09:02:2020,10:11:23,718,-16.350139,-68.1315,5233.0,lev20,Almucantar,Mount_Chacaltaya,344,344.52794,0.036778,0.023216,0.018213,0.0159,1.0336025,52.388294,53.076957,1.868397,0.182649,0.039486,3,10,8,4,3,10,8,4,3,10,8,4,3,10,8,4,0.07062,0.12048,0.18259,0.20579,1,1,09:02:2020,10:11:23,718,-16.350139,-68.1315,5233.0,lev20,Almucantar,1.1738000283703751,0.03391017107846217,0.8324904246585197,Unclassified,Maritime,,Unknown
11:12:2018,12:40:07,Mount_Chacaltaya,345,345.527859,0.054345,0.030846,0.024448,0.024503,1.192522,52.515064,53.203301,2.55619,0.206157,0.054345,3,10,8,4,3,10,8,4,3,10,8,4,3,10,8,4,0.06903,0.11818,0.18247,0.20536,1,1,09:02:2020,10:09:45,718,-16.350139,-68.1315,5233.0,lev20,Almucantar,Mount_Chacaltaya,345,345.527859,1.47015,1.4826,1.48925,1.48655,0.011893,0.011836,0.0124395,0.012941000000000001,52.515064,53.203301,2.55619,0.206157,0.054345,3,10,8,4,3,10,8,4,3,10,8,4,3,10,8,4,0.06903,0.11818,0.18247,0.20536,1,1,09:02:2020,10:09:45,718,-16.350139,-68.1315,5233.0,lev20,Almucantar,Mount_Chacaltaya,345,345.527859,0.9114,0.8854500000000001,0.8596,0.84035,52.515064,53.203301,2.55619,0.206157,0.054345,3,10,8,4,3,10,8,4,3,10,8,4,3,10,8,4,0.06903,0.11818,0.18247,0.20536,1,1,09:02:2020,10:09:45,718,-16.350139,-68.1315,5233.0,lev20,Almucantar,Mount_Chacaltaya,345,345.527859,0.0561,0.0317,0.0243,0.0214,0.0468,0.0216,0.0136,0.0104,0.0093,0.0101,0.0108,0.011,1.243726,52.515064,53.203301,2.55619,0.206157,0.054345,3,10,8,4,3,10,8,4,3,10,8,4,3,10,8,4,0.06903,0.11818,0.18247,0.20536,1,1,09:02:2020,10:09:45,718,-16.350139,-68.1315,5233.0,lev20,Almucantar,Mount_Chacaltaya,345,345.527859,0.036778,0.023216,0.018213,0.0159,1.0336025,52.515064,53.203301,2.55619,0.206157,0.054345,3,10,8,4,3,10,8,4,3,10,8,4,3,10,8,4,0.06903,0.11818,0.18247,0.20536,1,1,09:02:2020,10:09:45,718,-16.350139,-68.1315,5233.0,lev20,Almucantar,1.2272800003446493,0.04795429991572521,0.7591059910580402,BCL,Maritime,,Unknown
12:12:2018,12:15:57,Mount_Chacaltaya,346,346.511076,0.069981,0.046731,0.040563,0.040761,0.818256,58.150967,58.836671,3.203639,0.244984,0.069981,4,10,7,5,4,10,7,5,4,10,7,4,4,10,7,3,0.07186,0.12307,0.19039,0.21373,1,1,09:02:2020,10:10:22,718,-16.350139,-68.1315,5233.0,lev20,Almucantar,Mount_Chacaltaya,346,346.511076,1.47015,1.4826,1.48925,1.48655,0.011893,0.011836,0.0124395,0.012941000000000001,58.150967,58.836671,3.203639,0.244984,0.069981,4,10,7,5,4,10,7,5,4,10,7,4,4,10,7,3,0.07186,0.12307,0.19039,0.21373,1,1,09:02:2020,10:10:22,718,-16.350139,-68.1315,5233.0,lev20,Almucantar,Mount_Chacaltaya,346,346.511076,0.9114,0.8854500000000001,0.8596,0.84035,58.150967,58.836671,3.203639,0.244984,0.069981,4,10,7,5,4,10,7,5,4,10,7,4,4,10,7,3,0.07186,0.12307,0.19039,0.21373,1,1,09:02:2020,10:10:22,718,-16.350139,-68.1315,5233.0,lev20,Almucantar,Mount_Chacaltaya,346,346.511076,0.0726,0.0459,0.0395,0.0373,0.047,0.0183,0.0101,0.0071,0.0256,0.0277,0.0294,0.0302,0.915053,58.150967,58.836671,3.203639,0.244984,0.069981,4,10,7,5,4,10,7,5,4,10,7,4,4,10,7,3,0.07186,0.12307,0.19039,0.21373,1,1,09:02:2020,10:10:22,718,-16.350139,-68.1315,5233.0,lev20,Almucantar,Mount_Chacaltaya,346,346.511076,0.036778,0.023216,0.018213,0.0159,1.0336025,58.150967,58.836671,3.203639,0.244984,0.069981,4,10,7,5,4,10,7,5,4,10,7,4,4,10,7,3,0.07186,0.12307,0.19039,0.21373,1,1,09:02:2020,10:10:22,718,-16.350139,-68.1315,5233.0,lev20,Almucantar,0.8928381194755126,0.064769215096689,0.5136887956814306,MA,Maritime,,Unknown
14:12:2018,12:13:47,Mount_Chacaltaya,348,348.509572,0.0792,0.049905,0.041581,0.041913,0.963089,58.849093,59.53387,4.394231,0.233712,0.0792,4,10,7,5,4,10,7,5,3,11,7,5,3,10,7,5,0.07228,0.1238,0.19155,0.21495,1,1,09:02:2020,10:12:54,718,-16.350139,-68.1315,5233.0,lev20,Almucantar,Mount_Chacaltaya,348,348.509572,1.47015,1.4826,1.48925,1.48655,0.011893,0.011836,0.0124395,0.012941000000000001,58.849093,59.53387,4.394231,0.233712,0.0792,4,10,7,5,4,10,7,5,3,11,7,5,3,10,7,5,0.07228,0.1238,0.19155,0.21495,1,1,09:02:2020,10:12:54,718,-16.350139,-68.1315,5233.0,lev20,Almucantar,Mount_Chacaltaya,348,348.509572,0.9114,0.8854500000000001,0.8596,0.84035,58.849093,59.53387,4.394231,0.233712,0.0792,4,10,7,5,4,10,7,5,3,11,7,5,3,10,7,5,0.07228,0.1238,0.19155,0.21495,1,1,09:02:2020,10:12:54,718,-16.350139,-68.1315,5233.0,lev20,Almucantar,Mount_Chacaltaya,348,348.509572,0.0793,0.0496,0.0409,0.038,0.0546,0.0235,0.0132,0.0095,0.0246,0.0261,0.0277,0.0285,0.988402,58.849093,59.53387,4.394231,0.233712,0.0792,4,10,7,5,4,10,7,5,3,11,7,5,3,10,7,5,0.07228,0.1238,0.19155,0.21495,1,1,09:02:2020,10:12:54,718,-16.350139,-68.1315,5233.0,lev20,Almucantar,Mount_Chacaltaya,348,348.509572,0.036778,0.023216,0.018213,0.0159,1.0336025,58.849093,59.53387,4.394231,0.233712,0.0792,4,10,7,5,4,10,7,5,3,11,7,5,3,10,7,5,0.07228,0.1238,0.19155,0.21495,1,1,09:02:2020,10:12:54,718,-16.350139,-68.1315,5233.0,lev20,Almucantar,0.9712338456659844,0.07004108732390918,0.577296069734797,MA,Maritime,,Unknown
14:12:2018,12:40:04,Mount_Chacaltaya,348,348.527824,0.077588,0.048661,0.040627,0.040867,0.967716,52.837189,53.524364,3.065541,0.390319,0.077588,3,10,8,4,3,10,6,4,3,10,8,4,4,10,8,4,0.06916,0.11842,0.18286,0.20576,1,1,09:02:2020,10:12:31,718,-16.350139,-68.1315,5233.0,lev20,Almucantar,Mount_Chacaltaya,348,348.527824,1.47015,1.4826,1.48925,1.48655,0.011893,0.011836,0.0124395,0.012941000000000001,52.837189,53.524364,3.065541,0.390319,0.077588,3,10,8,4,3,10,6,4,3,10,8,4,4,10,8,4,0.06916,0.11842,0.18286,0.20576,1,1,09:02:2020,10:12:31,718,-16.350139,-68.1315,5233.0,lev20,Almucantar,Mount_Chacaltaya,348,348.527824,0.9114,0.8854500000000001,0.8596,0.84035,52.837189,53.524364,3.065541,0.390319,0.077588,3,10,8,4,3,10,6,4,3,10,8,4,4,10,8,4,0.06916,0.11842,0.18286,0.20576,1,1,09:02:2020,10:12:31,718,-16.350139,-68.1315,5233.0,lev20,Almucantar,Mount_Chacaltaya,348,348.527824,0.0829,0.0496,0.0394,0.0356,0.0608,0.0259,0.0145,0.0101,0.0221,0.0237,0.0249,0.0254,1.107244,52.837189,53.524364,3.065541,0.390319,0.077588,3,10,8,4,3,10,6,4,3,10,8,4,4,10,8,4,0.06916,0.11842,0.18286,0.20576,1,1,09:02:2020,10:12:31,718,-16.350139,-68.1315,5233.0,lev20,Almucantar,Mount_Chacaltaya,348,348.527824,0.036778,0.023216,0.018213,0.0159,1.0336025,52.837189,53.524364,3.065541,0.390319,0.077588,3,10,8,4,3,10,6,4,3,10,8,4,4,10,8,4,0.06916,0.11842,0.18286,0.20576,1,1,09:02:2020,10:12:31,718,-16.350139,-68.1315,5233.0,lev20,Almucantar,1.0911677803852973,0.07210673168564863,0.6276058828570313,Unclassified,Maritime,,Unknown
01:08:2020,19:40:30,Mount_Chacaltaya,214,214.819792,0.118544,0.069824,0.058006,0.0518,1.069475,56.80305,56.214835,4.474851,0.430533,0.118544,4,10,7,5,4,10,8,4,4,10,8,4,4,10,7,3,0.07001,0.12814,0.1811,0.20495,1,1,23:07:2021,11:13:50,348,-16.350139,-68.1315,5233.0,lev20,Almucantar,Mount_Chacaltaya,214,214.819792,1.47015,1.4826,1.48925,1.48655,0.011893,0.011836,0.0124395,0.012941000000000001,56.80305,56.214835,4.474851,0.430533,0.118544,4,10,7,5,4,10,8,4,4,10,8,4,4,10,7,3,0.07001,0.12814,0.1811,0.20495,1,1,23:07:2021,11:13:50,348,-16.350139,-68.1315,5233.0,lev20,Almucantar,Mount_Chacaltaya,214,214.819792,0.9114,0.8854500000000001,0.8596,0.84035,56.80305,56.214835,4.474851,0.430533,0.118544,4,10,7,5,4,10,8,4,4,10,8,4,4,10,7,3,0.07001,0.12814,0.1811,0.20495,1,1,23:07:2021,11:13:50,348,-16.350139,-68.1315,5233.0,lev20,Almucantar,Mount_Chacaltaya,214,214.819792,0.1258,0.0727,0.0549,0.0478,0.1,0.0454,0.0264,0.0189,0.0258,0.0274,0.0285,0.0289,1.225016,56.80305,56.214835,4.474851,0.430533,0.118544,4,10,7,5,4,10,8,4,4,10,8,4,4,10,7,3,0.07001,0.12814,0.1811,0.20495,1,1,23:07:2021,11:13:50,348,-16.350139,-68.1315,5233.0,lev20,Almucantar,Mount_Chacaltaya,214,214.819792,0.036778,0.023216,0.018213,0.0159,1.0336025,56.80305,56.214835,4.474851,0.430533,0.118544,4,10,7,5,4,10,8,4,4,10,8,4,4,10,7,3,0.07001,0.12814,0.1811,0.20495,1,1,23:07:2021,11:13:50,348,-16.350139,-68.1315,5233.0,lev20,Almucantar,1.2163085119682038,0.10768480914882864,0.7123660796973955,BCL,Maritime,,Unknown
02:08:2020,20:00:56,Mount_Chacaltaya,215,215.833981,0.228446,0.109952,0.075869,0.061053,1.629057,60.777659,60.166338,4.143192,0.255085,0.228446,3,10,8,5,3,10,8,4,3,10,7,4,3,10,5,3,0.07233,0.132,0.18723,0.21153,1,1,23:07:2021,11:21:04,348,-16.350139,-68.1315,5233.0,lev20,Almucantar,Mount_Chacaltaya,215,215.833981,1.47015,1.4826,1.48925,1.48655,0.011893,0.011836,0.0124395,0.012941000000000001,60.777659,60.166338,4.143192,0.255085,0.228446,3,10,8,5,3,10,8,4,3,10,7,4,3,10,5,3,0.07233,0.132,0.18723,0.21153,1,1,23:07:2021,11:21:04,348,-16.350139,-68.1315,5233.0,lev20,Almucantar,Mount_Chacaltaya,215,215.833981,0.9114,0.8854500000000001,0.8596,0.84035,60.777659,60.166338,4.143192,0.255085,0.228446,3,10,8,5,3,10,8,4,3,10,7,4,3,10,5,3,0.07233,0.132,0.18723,0.21153,1,1,23:07:2021,11:21:04,348,-16.350139,-68.1315,5233.0,lev20,Almucantar,Mount_Chacaltaya,215,215.833981,0.2252,0.1131,0.075,0.0585,0.2149,0.1024,0.0641,0.0476,0.0103,0.0107,0.0109,0.011,1.615209,60.777659,60.166338,4.143192,0.255085,0.228446,3,10,8,5,3,10,8,4,3,10,7,4,3,10,5,3,0.07233,0.132,0.18723,0.21153,1,1,23:07:2021,11:21:04,348,-16.350139,-68.1315,5233.0,lev20,Almucantar,Mount_Chacaltaya,215,215.833981,0.036778,0.023216,0.018213,0.0159,1.0336025,60.777659,60.166338,4.143192,0.255085,0.228446,3,10,8,5,3,10,8,4,3,10,7,4,3,10,5,3,0.07233,0.132,0.18723,0.21153,1,1,23:07:2021,11:21:04,348,-16.350139,-68.1315,5233.0,lev20,Almucantar,1.6128369808756085,0.1832432503923256,0.9326511161626908,BCL,Maritime,,Unknown
03:08:2020,19:40:24,Mount_Chacaltaya,216,216.819722,0.410606,0.193396,0.12549,0.097074,1.743886,56.522837,55.930824,2.920557,0.176271,0.410606,4,10,8,4,4,10,8,4,4,10,8,4,4,10,8,4,0.06988,0.12792,0.18074,0.20454,1,1,23:07:2021,11:12:28,348,-16.350139,-68.1315,5233.0,lev20,Almucantar,Mount_Chacaltaya,216,216.819722,1.5659,1.5693,1.5731,1.5577,0.012482,0.012026,0.013503,0.014274,56.522837,55.930824,2.920557,0.176271,0.410606,4,10,8,4,4,10,8,4,4,10,8,4,4,10,8,4,0.06988,0.12792,0.18074,0.20454,1,1,23:07:2021,11:12:28,348,-16.350139,-68.1315,5233.0,lev20,Almucantar,Mount_Chacaltaya,216,216.819722,0.9224,0.9011,0.8705,0.8464,56.522837,55.930824,2.920557,0.176271,0.410606,4,10,8,4,4,10,8,4,4,10,8,4,4,10,8,4,0.06988,0.12792,0.18074,0.20454,1,1,23:07:2021,11:12:28,348,-16.350139,-68.1315,5233.0,lev20,Almucantar,Mount_Chacaltaya,216,216.819722,0.411,0.1962,0.1257,0.0946,0.3905,0.175,0.1041,0.0724,0.0205,0.0212,0.0217,0.0221,1.739736,56.522837,55.930824,2.920557,0.176271,0.410606,4,10,8,4,4,10,8,4,4,10,8,4,4,10,8,4,0.06988,0.12792,0.18074,0.20454,1,1,23:07:2021,11:12:28,348,-16.350139,-68.1315,5233.0,lev20,Almucantar,Mount_Chacaltaya,216,216.819722,0.031906,0.019407,0.016288,0.014526,1.005885,56.522837,55.930824,2.920557,0.176271,0.410606,4,10,8,4,4,10,8,4,4,10,8,4,4,10,8,4,0.06988,0.12792,0.18074,0.20454,1,1,23:07:2021,11:12:28,348,-16.350139,-68.1315,5233.0,lev20,Almucantar,1.7378069179952678,0.3291269350366279,0.9269444599708985,BCL,Urban,,Unknown
03:08:2020,20:01:35,Mount_Chacaltaya,216,216.834433,0.359953,0.170954,0.111877,0.087061,1.719687,60.793382,60.179671,2.240933,0.157285,0.359953,3,10,8,5,3,10,8,5,3,10,8,5,3,10,8,4,0.07234,0.13201,0.18727,0.21155,1,1,23:07:2021,11:15:15,348,-16.350139,-68.1315,5233.0,lev20,Almucantar,Mount_Chacaltaya,216,216.834433,1.47015,1.4826,1.48925,1.48655,0.011893,0.011836,0.0124395,0.012941000000000001,60.793382,60.179671,2.240933,0.157285,0.359953,3,10,8,5,3,10,8,5,3,10,8,5,3,10,8,4,0.07234,0.13201,0.18727,0.21155,1,1,23:07:2021,11:15:15,348,-16.350139,-68.1315,5233.0,lev20,Almucantar,Mount_Chacaltaya,216,216.834433,0.9114,0.8854500000000001,0.8596,0.84035,60.793382,60.179671,2.240933,0.157285,0.359953,3,10,8,5,3,10,8,5,3,10,8,5,3,10,8,4,0.07234,0.13201,0.18727,0.21155,1,1,23:07:2021,11:15:15,348,-16.350139,-68.1315,5233.0,lev20,Almucantar,Mount_Chacaltaya,216,216.834433,0.3601,0.1731,0.1121,0.0846,0.3432,0.1557,0.0942,0.0661,0.0169,0.0174,0.018,0.0184,1.714717,60.793382,60.179671,2.240933,0.157285,0.359953,3,10,8,5,3,10,8,5,3,10,8,5,3,10,8,4,0.07234,0.13201,0.18727,0.21155,1,1,23:07:2021,11:15:15,348,-16.350139,-68.1315,5233.0,lev20,Almucantar,Mount_Chacaltaya,216,216.834433,0.036778,0.023216,0.018213,0.0159,1.0336025,60.793382,60.179671,2.240933,0.157285,0.359953,3,10,8,5,3,10,8,5,3,10,8,5,3,10,8,4,0.07234,0.13201,0.18727,0.21155,1,1,23:07:2021,11:15:15,348,-16.350139,-68.1315,5233.0,lev20,Almucantar,1.7118362883002767,0.2893253884810746,0.9318251999629901,BCL,Urban,,Unknown
07:08:2020,20:03:58,Mount_Chacaltaya,220,220.836088,0.125784,0.07488,0.060549,0.053346,1.088545,60.824227,60.20102,3.519543,0.391062,0.125784,3,10,8,5,3,10,8,4,3,10,7,3,3,10,8,3,0.0713,0.13139,0.18542,0.2106,1,1,23:07:2021,11:07:53,348,-16.350139,-68.1315,5233.0,lev20,Almucantar,Mount_Chacaltaya,220,220.836088,1.47015,1.4826,1.48925,1.48655,0.011893,0.011836,0.0124395,0.012941000000000001,60.824227,60.20102,3.519543,0.391062,0.125784,3,10,8,5,3,10,8,4,3,10,7,3,3,10,8,3,0.0713,0.13139,0.18542,0.2106,1,1,23:07:2021,11:07:53,348,-16.350139,-68.1315,5233.0,lev20,Almucantar,Mount_Chacaltaya,220,220.836088,0.9114,0.8854500000000001,0.8596,0.84035,60.824227,60.20102,3.519543,0.391062,0.125784,3,10,8,5,3,10,8,4,3,10,7,3,3,10,8,3,0.0713,0.13139,0.18542,0.2106,1,1,23:07:2021,11:07:53,348,-16.350139,-68.1315,5233.0,lev20,Almucantar,Mount_Chacaltaya,220,220.836088,0.1266,0.0753,0.0559,0.0475,0.1051,0.053,0.0328,0.0241,0.0215,0.0223,0.0231,0.0235,1.202683,60.824227,60.20102,3.519543,0.391062,0.125784,3,10,8,5,3,10,8,4,3,10,7,3,3,10,8,3,0.0713,0.13139,0.18542,0.2106,1,1,23:07:2021,11:07:53,348,-16.350139,-68.1315,5233.0,lev20,Almucantar,Mount_Chacaltaya,220,220.836088,0.036778,0.023216,0.018213,0.0159,1.0336025,60.824227,60.20102,3.519543,0.391062,0.125784,3,10,8,5,3,10,8,4,3,10,7,3,3,10,8,3,0.0713,0.13139,0.18542,0.2106,1,1,23:07:2021,11:07:53,348,-16.350139,-68.1315,5233.0,lev20,Almucantar,1.199128596117216,0.10860786845219503,0.7714420470256733,Unclassified,Maritime,,Unknown
10:08:2020,13:13:40,Mount_Chacaltaya,223,223.551157,0.068743,0.041067,0.033855,0.030607,1.0576,58.846757,59.471535,4.241749,0.161138,0.068743,4,10,7,5,4,10,7,5,3,10,7,5,3,10,7,5,0.06977,0.12924,0.18275,0.20931,1,1,23:07:2021,11:08:02,348,-16.350139,-68.1315,5233.0,lev20,Almucantar,Mount_Chacaltaya,223,223.551157,1.47015,1.4826,1.48925,1.48655,0.011893,0.011836,0.0124395,0.012941000000000001,58.846757,59.471535,4.241749,0.161138,0.068743,4,10,7,5,4,10,7,5,3,10,7,5,3,10,7,5,0.06977,0.12924,0.18275,0.20931,1,1,23:07:2021,11:08:02,348,-16.350139,-68.1315,5233.0,lev20,Almucantar,Mount_Chacaltaya,223,223.551157,0.9114,0.8854500000000001,0.8596,0.84035,58.846757,59.471535,4.241749,0.161138,0.068743,4,10,7,5,4,10,7,5,3,10,7,5,3,10,7,5,0.06977,0.12924,0.18275,0.20931,1,1,23:07:2021,11:08:02,348,-16.350139,-68.1315,5233.0,lev20,Almucantar,Mount_Chacaltaya,223,223.551157,0.068,0.0416,0.032,0.0281,0.0628,0.0363,0.0266,0.0226,0.0052,0.0053,0.0055,0.0055,1.111919,58.846757,59.471535,4.241749,0.161138,0.068743,4,10,7,5,4,10,7,5,3,10,7,5,3,10,7,5,0.06977,0.12924,0.18275,0.20931,1,1,23:07:2021,11:08:02,348,-16.350139,-68.1315,5233.0,lev20,Almucantar,Mount_Chacaltaya,223,223.551157,0.036778,0.023216,0.018213,0.0159,1.0336025,58.846757,59.471535,4.241749,0.161138,0.068743,4,10,7,5,4,10,7,5,3,10,7,5,3,10,7,5,0.06977,0.12924,0.18275,0.20931,1,1,23:07:2021,11:08:02,348,-16.350139,-68.1315,5233.0,lev20,Almucantar,1.1056936539837652,0.0590369286560257,0.8988086670250615,Unclassified,Maritime,,Unknown
10:08:2020,13:39:40,Mount_Chacaltaya,223,223.569213,0.069729,0.042379,0.036128,0.033444,0.986529,53.553066,54.151684,4.747534,0.223432,0.069729,4,10,8,4,4,10,8,4,4,10,8,4,4,10,8,4,0.06728,0.12491,0.17568,0.20119,1,1,23:07:2021,11:10:22,348,-16.350139,-68.1315,5233.0,lev20,Almucantar,Mount_Chacaltaya,223,223.569213,1.47015,1.4826,1.48925,1.48655,0.011893,0.011836,0.0124395,0.012941000000000001,53.553066,54.151684,4.747534,0.223432,0.069729,4,10,8,4,4,10,8,4,4,10,8,4,4,10,8,4,0.06728,0.12491,0.17568,0.20119,1,1,23:07:2021,11:10:22,348,-16.350139,-68.1315,5233.0,lev20,Almucantar,Mount_Chacaltaya,223,223.569213,0.9114,0.8854500000000001,0.8596,0.84035,53.553066,54.151684,4.747534,0.223432,0.069729,4,10,8,4,4,10,8,4,4,10,8,4,4,10,8,4,0.06728,0.12491,0.17568,0.20119,1,1,23:07:2021,11:10:22,348,-16.350139,-68.1315,5233.0,lev20,Almucantar,Mount_Chacaltaya,223,223.569213,0.0705,0.0433,0.0339,0.0298,0.0655,0.0382,0.0287,0.0246,0.0049,0.0051,0.0052,0.0052,1.082511,53.553066,54.151684,4.747534,0.223432,0.069729,4,10,8,4,4,10,8,4,4,10,8,4,4,10,8,4,0.06728,0.12491,0.17568,0.20119,1,1,23:07:2021,11:10:22,348,-16.350139,-68.1315,5233.0,lev20,Almucantar,Mount_Chacaltaya,223,223.569213,0.036778,0.023216,0.018213,0.0159,1.0336025,53.553066,54.151684,4.747534,0.223432,0.069729,4,10,8,4,4,10,8,4,4,10,8,4,4,10,8,4,0.06728,0.12491,0.17568,0.20119,1,1,23:07:2021,11:10:22,348,-16.350139,-68.1315,5233.0,lev20,Almucantar,1.0740470030162381,0.0614555199481037,0.9058225142939267,Unclassified,Maritime,,Unknown
10:09:2020,19:52:12,Mount_Chacaltaya,254,254.827917,0.133729,0.073421,0.053524,0.044131,1.3514,54.994726,54.310924,4.401739,0.265821,0.133729,4,10,8,4,4,10,7,3,4,10,8,4,4,10,8,4,0.07311,0.13127,0.18186,0.207,1,1,23:07:2021,11:12:53,348,-16.350139,-68.1315,5233.0,lev20,Almucantar,Mount_Chacaltaya,254,254.827917,1.47015,1.4826,1.48925,1.48655,0.011893,0.011836,0.0124395,0.012941000000000001,54.994726,54.310924,4.401739,0.265821,0.133729,4,10,8,4,4,10,7,3,4,10,8,4,4,10,8,4,0.07311,0.13127,0.18186,0.207,1,1,23:07:2021,11:12:53,348,-16.350139,-68.1315,5233.0,lev20,Almucantar,Mount_Chacaltaya,254,254.827917,0.9114,0.8854500000000001,0.8596,0.84035,54.994726,54.310924,4.401739,0.265821,0.133729,4,10,8,4,4,10,7,3,4,10,8,4,4,10,8,4,0.07311,0.13127,0.18186,0.207,1,1,23:07:2021,11:12:53,348,-16.350139,-68.1315,5233.0,lev20,Almucantar,Mount_Chacaltaya,254,254.827917,0.1298,0.0746,0.0523,0.0417,0.1258,0.0704,0.0481,0.0374,0.004,0.0041,0.0042,0.0043,1.331643,54.994726,54.310924,4.401739,0.265821,0.133729,4,10,8,4,4,10,7,3,4,10,8,4,4,10,8,4,0.07311,0.13127,0.18186,0.207,1,1,23:07:2021,11:12:53,348,-16.350139,-68.1315,5233.0,lev20,Almucantar,Mount_Chacaltaya,254,254.827917,0.036778,0.023216,0.018213,0.0159,1.0336025,54.994726,54.310924,4.401739,0.265821,0.133729,4,10,8,4,4,10,7,3,4,10,8,4,4,10,8,4,0.07311,0.13127,0.18186,0.207,1,1,23:07:2021,11:12:53,348,-16.350139,-68.1315,5233.0,lev20,Almucantar,1.3333926738845845,0.10945819803012657,0.9581983469279396,BCL,Maritime,,Unknown
11:03:2021,12:45:27,Mount_Chacaltaya,70,70.531563,0.030046,0.018138,0.01369,0.008895,1.156181,58.803546,59.518678,3.448746,0.198619,0.030046,4,10,7,5,3,10,7,5,3,9,7,5,3,8,7,4,0.06577,0.11147,0.19539,0.21504,1,1,03:05:2024,11:28:06,354,-16.350139,-68.1315,5233.0,lev20,Almucantar,Mount_Chacaltaya,70,70.531563,1.47015,1.4826,1.48925,1.48655,0.011893,0.011836,0.0124395,0.012941000000000001,58.803546,59.518678,3.448746,0.198619,0.030046,4,10,7,5,3,10,7,5,3,9,7,5,3,8,7,4,0.06577,0.11147,0.19539,0.21504,1,1,03:05:2024,11:28:06,354,-16.350139,-68.1315,5233.0,lev20,Almucantar,Mount_Chacaltaya,70,70.531563,0.9114,0.8854500000000001,0.8596,0.84035,58.803546,59.518678,3.448746,0.198619,0.030046,4,10,7,5,3,10,7,5,3,9,7,5,3,8,7,4,0.06577,0.11147,0.19539,0.21504,1,1,03:05:2024,11:28:06,354,-16.350139,-68.1315,5233.0,lev20,Almucantar,Mount_Chacaltaya,70,70.531563,0.0302,0.0189,0.0146,0.0128,0.0229,0.0109,0.0063,0.0044,0.0074,0.0079,0.0083,0.0085,1.069529,58.803546,59.518678,3.448746,0.198619,0.030046,4,10,7,5,3,10,7,5,3,9,7,5,3,8,7,4,0.06577,0.11147,0.19539,0.21504,1,1,03:05:2024,11:28:06,354,-16.350139,-68.1315,5233.0,lev20,Almucantar,Mount_Chacaltaya,70,70.531563,0.036778,0.023216,0.018213,0.0159,1.0336025,58.803546,59.518678,3.448746,0.198619,0.030046,4,10,7,5,3,10,7,5,3,9,7,5,3,8,7,4,0.06577,0.11147,0.19539,0.21504,1,1,03:05:2024,11:28:06,354,-16.350139,-68.1315,5233.0,lev20,Almucantar,1.0661591433121478,0.026352185336635657,0.6703929862615545,Unclassified,Maritime,,Unknown
11:03:2021,13:10:43,Mount_Chacaltaya,70,70.549109,0.029443,0.017543,0.014113,0.010443,1.092887,52.794743,53.506617,4.610503,0.116131,0.029443,3,5,8,4,3,10,8,4,4,10,8,4,4,10,8,4,0.06268,0.10641,0.18614,0.20542,1,1,03:05:2024,11:29:22,354,-16.350139,-68.1315,5233.0,lev20,Almucantar,Mount_Chacaltaya,70,70.549109,1.47015,1.4826,1.48925,1.48655,0.011893,0.011836,0.0124395,0.012941000000000001,52.794743,53.506617,4.610503,0.116131,0.029443,3,5,8,4,3,10,8,4,4,10,8,4,4,10,8,4,0.06268,0.10641,0.18614,0.20542,1,1,03:05:2024,11:29:22,354,-16.350139,-68.1315,5233.0,lev20,Almucantar,Mount_Chacaltaya,70,70.549109,0.9114,0.8854500000000001,0.8596,0.84035,52.794743,53.506617,4.610503,0.116131,0.029443,3,5,8,4,3,10,8,4,4,10,8,4,4,10,8,4,0.06268,0.10641,0.18614,0.20542,1,1,03:05:2024,11:29:22,354,-16.350139,-68.1315,5233.0,lev20,Almucantar,Mount_Chacaltaya,70,70.549109,0.0298,0.0186,0.0143,0.0125,0.0229,0.0112,0.0065,0.0045,0.0069,0.0075,0.0078,0.008,1.079935,52.794743,53.506617,4.610503,0.116131,0.029443,3,5,8,4,3,10,8,4,4,10,8,4,4,10,8,4,0.06268,0.10641,0.18614,0.20542,1,1,03:05:2024,11:29:22,354,-16.350139,-68.1315,5233.0,lev20,Almucantar,Mount_Chacaltaya,70,70.549109,0.036778,0.023216,0.018213,0.0159,1.0336025,52.794743,53.506617,4.610503,0.116131,0.029443,3,5,8,4,3,10,8,4,4,10,8,4,4,10,8,4,0.06268,0.10641,0.18614,0.20542,1,1,03:05:2024,11:29:22,354,-16.350139,-68.1315,5233.0,lev20,Almucantar,1.0770558121648885,0.02596695369156668,0.6910430380328756,Unclassified,Maritime,,Unknown
22:06:2021,13:40:23,Mount_Chacaltaya,173,173.569711,0.044642,0.022662,0.017009,0.012902,1.433675,57.6994,58.231721,4.631129,0.227751,0.044642,4,10,7,5,4,10,7,5,4,10,7,5,4,10,7,5,0.06086,0.11596,0.17433,0.19852,1,1,16:05:2024,22:59:03,354,-16.350139,-68.1315,5233.0,lev20,Almucantar,Mount_Chacaltaya,173,173.569711,1.47015,1.4826,1.48925,1.48655,0.011893,0.011836,0.0124395,0.012941000000000001,57.6994,58.231721,4.631129,0.227751,0.044642,4,10,7,5,4,10,7,5,4,10,7,5,4,10,7,5,0.06086,0.11596,0.17433,0.19852,1,1,16:05:2024,22:59:03,354,-16.350139,-68.1315,5233.0,lev20,Almucantar,Mount_Chacaltaya,173,173.569711,0.9114,0.8854500000000001,0.8596,0.84035,57.6994,58.231721,4.631129,0.227751,0.044642,4,10,7,5,4,10,7,5,4,10,7,5,4,10,7,5,0.06086,0.11596,0.17433,0.19852,1,1,16:05:2024,22:59:03,354,-16.350139,-68.1315,5233.0,lev20,Almucantar,Mount_Chacaltaya,173,173.569711,0.0479,0.0252,0.0175,0.0146,0.041,0.0178,0.0097,0.0066,0.0069,0.0075,0.0079,0.008,1.479958,57.6994,58.231721,4.631129,0.227751,0.044642,4,10,7,5,4,10,7,5,4,10,7,5,4,10,7,5,0.06086,0.11596,0.17433,0.19852,1,1,16:05:2024,22:59:03,354,-16.350139,-68.1315,5233.0,lev20,Almucantar,Mount_Chacaltaya,173,173.569711,0.036778,0.023216,0.018213,0.0159,1.0336025,57.6994,58.231721,4.631129,0.227751,0.044642,4,10,7,5,4,10,7,5,4,10,7,5,4,10,7,5,0.06086,0.11596,0.17433,0.19852,1,1,16:05:2024,22:59:03,354,-16.350139,-68.1315,5233.0,lev20,Almucantar,1.4770240884356525,0.03965839032445204,0.7888910979862258,BCL,Maritime,,Unknown
02:07:2021,13:41:08,Mount_Chacaltaya,183,183.570231,0.020298,0.009416,0.006498,0.002565,1.684501,57.650724,58.188381,4.115211,0.082094,0.020298,4,10,7,5,4,10,7,5,4,10,7,5,4,10,6,4,0.06331,0.11995,0.17731,0.20128,1,1,16:05:2024,23:14:03,354,-16.350139,-68.1315,5233.0,lev20,Almucantar,Mount_Chacaltaya,183,183.570231,1.47015,1.4826,1.48925,1.48655,0.011893,0.011836,0.0124395,0.012941000000000001,57.650724,58.188381,4.115211,0.082094,0.020298,4,10,7,5,4,10,7,5,4,10,7,5,4,10,6,4,0.06331,0.11995,0.17731,0.20128,1,1,16:05:2024,23:14:03,354,-16.350139,-68.1315,5233.0,lev20,Almucantar,Mount_Chacaltaya,183,183.570231,0.9114,0.8854500000000001,0.8596,0.84035,57.650724,58.188381,4.115211,0.082094,0.020298,4,10,7,5,4,10,7,5,4,10,7,5,4,10,6,4,0.06331,0.11995,0.17731,0.20128,1,1,16:05:2024,23:14:03,354,-16.350139,-68.1315,5233.0,lev20,Almucantar,Mount_Chacaltaya,183,183.570231,0.0191,0.0099,0.0061,0.0046,0.0188,0.0096,0.0058,0.0043,0.0003,0.0003,0.0003,0.0003,1.660114,57.650724,58.188381,4.115211,0.082094,0.020298,4,10,7,5,4,10,7,5,4,10,7,5,4,10,6,4,0.06331,0.11995,0.17731,0.20128,1,1,16:05:2024,23:14:03,354,-16.350139,-68.1315,5233.0,lev20,Almucantar,Mount_Chacaltaya,183,183.570231,0.036778,0.023216,0.018213,0.0159,1.0336025,57.650724,58.188381,4.115211,0.082094,0.020298,4,10,7,5,4,10,7,5,4,10,7,5,4,10,6,4,0.06331,0.11995,0.17731,0.20128,1,1,16:05:2024,23:14:03,354,-16.350139,-68.1315,5233.0,lev20,Almucantar,1.674297513459376,0.015419874649190307,0.9782026795434742,BCL,Maritime,,Unknown
07:07:2021,13:40:40,Mount_Chacaltaya,188,188.569907,0.023215,0.011057,0.008723,0.005493,1.467741,57.593528,58.136712,4.58119,0.09747,0.023215,4,10,7,5,4,10,7,5,4,10,7,5,4,6,7,4,0.06659,0.12344,0.17927,0.20381,1,1,16:05:2024,23:07:45,354,-16.350139,-68.1315,5233.0,lev20,Almucantar,Mount_Chacaltaya,188,188.569907,1.47015,1.4826,1.48925,1.48655,0.011893,0.011836,0.0124395,0.012941000000000001,57.593528,58.136712,4.58119,0.09747,0.023215,4,10,7,5,4,10,7,5,4,10,7,5,4,6,7,4,0.06659,0.12344,0.17927,0.20381,1,1,16:05:2024,23:07:45,354,-16.350139,-68.1315,5233.0,lev20,Almucantar,Mount_Chacaltaya,188,188.569907,0.9114,0.8854500000000001,0.8596,0.84035,57.593528,58.136712,4.58119,0.09747,0.023215,4,10,7,5,4,10,7,5,4,10,7,5,4,6,7,4,0.06659,0.12344,0.17927,0.20381,1,1,16:05:2024,23:07:45,354,-16.350139,-68.1315,5233.0,lev20,Almucantar,Mount_Chacaltaya,188,188.569907,0.0223,0.0123,0.0086,0.0071,0.0194,0.0092,0.0053,0.0037,0.0028,0.0031,0.0033,0.0034,1.3973,57.593528,58.136712,4.58119,0.09747,0.023215,4,10,7,5,4,10,7,5,4,10,7,5,4,6,7,4,0.06659,0.12344,0.17927,0.20381,1,1,16:05:2024,23:07:45,354,-16.350139,-68.1315,5233.0,lev20,Almucantar,Mount_Chacaltaya,188,188.569907,0.036778,0.023216,0.018213,0.0159,1.0336025,57.593528,58.136712,4.58119,0.09747,0.023215,4,10,7,5,4,10,7,5,4,10,7,5,4,6,7,4,0.06659,0.12344,0.17927,0.20381,1,1,16:05:2024,23:07:45,354,-16.350139,-68.1315,5233.0,lev20,Almucantar,1.3976802691145271,0.018651312097571867,0.8166990497626433,BCL,Maritime,,Unknown
10:07:2021,19:39:31,Mount_Chacaltaya,191,191.819109,0.078259,0.045847,0.037941,0.032956,1.082115,59.305735,58.749695,3.729302,0.150078,0.078259,3,10,8,5,3,11,7,5,3,11,7,5,4,10,7,5,0.06751,0.12462,0.1807,0.20473,1,1,16:05:2024,23:08:17,354,-16.350139,-68.1315,5233.0,lev20,Almucantar,Mount_Chacaltaya,191,191.819109,1.47015,1.4826,1.48925,1.48655,0.011893,0.011836,0.0124395,0.012941000000000001,59.305735,58.749695,3.729302,0.150078,0.078259,3,10,8,5,3,11,7,5,3,11,7,5,4,10,7,5,0.06751,0.12462,0.1807,0.20473,1,1,16:05:2024,23:08:17,354,-16.350139,-68.1315,5233.0,lev20,Almucantar,Mount_Chacaltaya,191,191.819109,0.9114,0.8854500000000001,0.8596,0.84035,59.305735,58.749695,3.729302,0.150078,0.078259,3,10,8,5,3,11,7,5,3,11,7,5,4,10,7,5,0.06751,0.12462,0.1807,0.20473,1,1,16:05:2024,23:08:17,354,-16.350139,-68.1315,5233.0,lev20,Almucantar,Mount_Chacaltaya,191,191.819109,0.077,0.0473,0.0385,0.0352,0.0529,0.0217,0.0119,0.0082,0.0242,0.0256,0.0266,0.027,1.029937,59.305735,58.749695,3.729302,0.150078,0.078259,3,10,8,5,3,11,7,5,3,11,7,5,4,10,7,5,0.06751,0.12462,0.1807,0.20473,1,1,16:05:2024,23:08:17,354,-16.350139,-68.1315,5233.0,lev20,Almucantar,Mount_Chacaltaya,191,191.819109,0.036778,0.023216,0.018213,0.0159,1.0336025,59.305735,58.749695,3.729302,0.150078,0.078259,3,10,8,5,3,11,7,5,3,11,7,5,4,10,7,5,0.06751,0.12462,0.1807,0.20473,1,1,16:05:2024,23:08:17,354,-16.350139,-68.1315,5233.0,lev20,Almucantar,1.0167645385588204,0.06761494123803966,0.569138323253149,MA,Maritime,,Unknown
10:07:2021,19:51:46,Mount_Chacaltaya,191,191.827616,0.08306,0.049201,0.04078,0.035693,1.062824,61.614324,61.043517,4.166967,0.196522,0.08306,3,10,8,5,3,10,8,5,3,10,8,5,3,10,8,5,0.06876,0.12666,0.18411,0.20843,1,1,16:05:2024,23:09:46,354,-16.350139,-68.1315,5233.0,lev20,Almucantar,Mount_Chacaltaya,191,191.827616,1.47015,1.4826,1.48925,1.48655,0.011893,0.011836,0.0124395,0.012941000000000001,61.614324,61.043517,4.166967,0.196522,0.08306,3,10,8,5,3,10,8,5,3,10,8,5,3,10,8,5,0.06876,0.12666,0.18411,0.20843,1,1,16:05:2024,23:09:46,354,-16.350139,-68.1315,5233.0,lev20,Almucantar,Mount_Chacaltaya,191,191.827616,0.9114,0.8854500000000001,0.8596,0.84035,61.614324,61.043517,4.166967,0.196522,0.08306,3,10,8,5,3,10,8,5,3,10,8,5,3,10,8,5,0.06876,0.12666,0.18411,0.20843,1,1,16:05:2024,23:09:46,354,-16.350139,-68.1315,5233.0,lev20,Almucantar,Mount_Chacaltaya,191,191.827616,0.0815,0.051,0.042,0.0386,0.0544,0.0223,0.0122,0.0084,0.0272,0.0287,0.0298,0.0303,0.985715,61.614324,61.043517,4.166967,0.196522,0.08306,3,10,8,5,3,10,8,5,3,10,8,5,3,10,8,5,0.06876,0.12666,0.18411,0.20843,1,1,16:05:2024,23:09:46,354,-16.350139,-68.1315,5233.0,lev20,Almucantar,Mount_Chacaltaya,191,191.827616,0.036778,0.023216,0.018213,0.0159,1.0336025,61.614324,61.043517,4.166967,0.196522,0.08306,3,10,8,5,3,10,8,5,3,10,8,5,3,10,8,5,0.06876,0.12666,0.18411,0.20843,1,1,16:05:2024,23:09:46,354,-16.350139,-68.1315,5233.0,lev20,Almucantar,0.9724445160378192,0.0719730799238608,0.5475304791341874,MA,Maritime,,Unknown
11:07:2021,13:39:45,Mount_Chacaltaya,192,192.569271,0.021975,0.010107,0.007553,0.003519,1.593229,57.557656,58.106691,4.178507,0.125954,0.021975,4,10,7,5,4,10,7,5,4,10,7,5,4,10,6,4,0.06657,0.12341,0.17922,0.20376,1,1,16:05:2024,23:23:26,354,-16.350139,-68.1315,5233.0,lev20,Almucantar,Mount_Chacaltaya,192,192.569271,1.47015,1.4826,1.48925,1.48655,0.011893,0.011836,0.0124395,0.012941000000000001,57.557656,58.106691,4.178507,0.125954,0.021975,4,10,7,5,4,10,7,5,4,10,7,5,4,10,6,4,0.06657,0.12341,0.17922,0.20376,1,1,16:05:2024,23:23:26,354,-16.350139,-68.1315,5233.0,lev20,Almucantar,Mount_Chacaltaya,192,192.569271,0.9114,0.8854500000000001,0.8596,0.84035,57.557656,58.106691,4.178507,0.125954,0.021975,4,10,7,5,4,10,7,5,4,10,7,5,4,10,6,4,0.06657,0.12341,0.17922,0.20376,1,1,16:05:2024,23:23:26,354,-16.350139,-68.1315,5233.0,lev20,Almucantar,Mount_Chacaltaya,192,192.569271,0.0219,0.0113,0.007,0.0052,0.0213,0.0106,0.0063,0.0046,0.0006,0.0006,0.0007,0.0007,1.660153,57.557656,58.106691,4.178507,0.125954,0.021975,4,10,7,5,4,10,7,5,4,10,7,5,4,10,6,4,0.06657,0.12341,0.17922,0.20376,1,1,16:05:2024,23:23:26,354,-16.350139,-68.1315,5233.0,lev20,Almucantar,Mount_Chacaltaya,192,192.569271,0.036778,0.023216,0.018213,0.0159,1.0336025,57.557656,58.106691,4.178507,0.125954,0.021975,4,10,7,5,4,10,7,5,4,10,7,5,4,10,6,4,0.06657,0.12341,0.17922,0.20376,1,1,16:05:2024,23:23:26,354,-16.350139,-68.1315,5233.0,lev20,Almucantar,1.6730901586280118,0.01768310883800082,0.9548353405483281,BCL,Maritime,,Unknown
12:07:2021,13:39:46,Mount_Chacaltaya,193,193.569282,0.022493,0.010416,0.007767,0.004543,1.585473,57.49167,58.04192,4.152539,0.133077,0.022493,4,10,7,5,4,10,7,5,4,10,7,5,4,10,6,4,0.06793,0.12536,0.18004,0.20482,1,1,16:05:2024,23:36:37,354,-16.350139,-68.1315,5233.0,lev20,Almucantar,Mount_Chacaltaya,193,193.569282,1.47015,1.4826,1.48925,1.48655,0.011893,0.011836,0.0124395,0.012941000000000001,57.49167,58.04192,4.152539,0.133077,0.022493,4,10,7,5,4,10,7,5,4,10,7,5,4,10,6,4,0.06793,0.12536,0.18004,0.20482,1,1,16:05:2024,23:36:37,354,-16.350139,-68.1315,5233.0,lev20,Almucantar,Mount_Chacaltaya,193,193.569282,0.9114,0.8854500000000001,0.8596,0.84035,57.49167,58.04192,4.152539,0.133077,0.022493,4,10,7,5,4,10,7,5,4,10,7,5,4,10,6,4,0.06793,0.12536,0.18004,0.20482,1,1,16:05:2024,23:36:37,354,-16.350139,-68.1315,5233.0,lev20,Almucantar,Mount_Chacaltaya,193,193.569282,0.0231,0.0121,0.0077,0.006,0.0216,0.0106,0.0061,0.0043,0.0015,0.0016,0.0016,0.0017,1.601366,57.49167,58.04192,4.152539,0.133077,0.022493,4,10,7,5,4,10,7,5,4,10,7,5,4,10,6,4,0.06793,0.12536,0.18004,0.20482,1,1,16:05:2024,23:36:37,354,-16.350139,-68.1315,5233.0,lev20,Almucantar,Mount_Chacaltaya,193,193.569282,0.036778,0.023216,0.018213,0.0159,1.0336025,57.49167,58.04192,4.152539,0.133077,0.022493,4,10,7,5,4,10,7,5,4,10,7,5,4,10,6,4,0.06793,0.12536,0.18004,0.20482,1,1,16:05:2024,23:36:37,354,-16.350139,-68.1315,5233.0,lev20,Almucantar,1.6115336656787804,0.018799397768687127,0.9130596201166122,BCL,Maritime,,Unknown
15:07:2021,13:30:41,Mount_Chacaltaya,196,196.562975,0.037859,0.019246,0.014356,0.009546,1.43959,58.962512,59.528258,4.41846,0.176739,0.037859,4,10,7,5,3,11,7,5,3,11,7,5,3,10,7,5,0.0686,0.1265,0.18202,0.20709,1,1,16:05:2024,23:28:18,354,-16.350139,-68.1315,5233.0,lev20,Almucantar,Mount_Chacaltaya,196,196.562975,1.47015,1.4826,1.48925,1.48655,0.011893,0.011836,0.0124395,0.012941000000000001,58.962512,59.528258,4.41846,0.176739,0.037859,4,10,7,5,3,11,7,5,3,11,7,5,3,10,7,5,0.0686,0.1265,0.18202,0.20709,1,1,16:05:2024,23:28:18,354,-16.350139,-68.1315,5233.0,lev20,Almucantar,Mount_Chacaltaya,196,196.562975,0.9114,0.8854500000000001,0.8596,0.84035,58.962512,59.528258,4.41846,0.176739,0.037859,4,10,7,5,3,11,7,5,3,11,7,5,3,10,7,5,0.0686,0.1265,0.18202,0.20709,1,1,16:05:2024,23:28:18,354,-16.350139,-68.1315,5233.0,lev20,Almucantar,Mount_Chacaltaya,196,196.562975,0.0388,0.021,0.0148,0.0125,0.0325,0.0144,0.0079,0.0054,0.0062,0.0067,0.007,0.0071,1.416363,58.962512,59.528258,4.41846,0.176739,0.037859,4,10,7,5,3,11,7,5,3,11,7,5,3,10,7,5,0.0686,0.1265,0.18202,0.20709,1,1,16:05:2024,23:28:18,354,-16.350139,-68.1315,5233.0,lev20,Almucantar,Mount_Chacaltaya,196,196.562975,0.036778,0.023216,0.018213,0.0159,1.0336025,58.962512,59.528258,4.41846,0.176739,0.037859,4,10,7,5,3,11,7,5,3,11,7,5,3,10,7,5,0.0686,0.1265,0.18202,0.20709,1,1,16:05:2024,23:28:18,354,-16.350139,-68.1315,5233.0,lev20,Almucantar,1.4137698880674145,0.032384932725528524,0.7693684769457376,BCL,Maritime,,Unknown
15:07:2021,13:40:07,Mount_Chacaltaya,196,196.569525,0.037655,0.019068,0.014252,0.00929,1.443058,57.208249,57.761951,4.868198,0.207382,0.037655,4,10,7,5,4,10,7,5,4,10,7,5,4,10,7,5,0.06779,0.12514,0.17967,0.20441,1,1,16:05:2024,23:07:51,354,-16.350139,-68.1315,5233.0,lev20,Almucantar,Mount_Chacaltaya,196,196.569525,1.47015,1.4826,1.48925,1.48655,0.011893,0.011836,0.0124395,0.012941000000000001,57.208249,57.761951,4.868198,0.207382,0.037655,4,10,7,5,4,10,7,5,4,10,7,5,4,10,7,5,0.06779,0.12514,0.17967,0.20441,1,1,16:05:2024,23:07:51,354,-16.350139,-68.1315,5233.0,lev20,Almucantar,Mount_Chacaltaya,196,196.569525,0.9114,0.8854500000000001,0.8596,0.84035,57.208249,57.761951,4.868198,0.207382,0.037655,4,10,7,5,4,10,7,5,4,10,7,5,4,10,7,5,0.06779,0.12514,0.17967,0.20441,1,1,16:05:2024,23:07:51,354,-16.350139,-68.1315,5233.0,lev20,Almucantar,Mount_Chacaltaya,196,196.569525,0.0389,0.0213,0.0151,0.0126,0.0326,0.0146,0.008,0.0054,0.0063,0.0067,0.007,0.0072,1.39054,57.208249,57.761951,4.868198,0.207382,0.037655,4,10,7,5,4,10,7,5,4,10,7,5,4,10,7,5,0.06779,0.12514,0.17967,0.20441,1,1,16:05:2024,23:07:51,354,-16.350139,-68.1315,5233.0,lev20,Almucantar,Mount_Chacaltaya,196,196.569525,0.036778,0.023216,0.018213,0.0159,1.0336025,57.208249,57.761951,4.868198,0.207382,0.037655,4,10,7,5,4,10,7,5,4,10,7,5,4,10,7,5,0.06779,0.12514,0.17967,0.20441,1,1,16:05:2024,23:07:51,354,-16.350139,-68.1315,5233.0,lev20,Almucantar,1.3881089159105533,0.03257508094473151,0.7691654175980159,BCL,Maritime,,Unknown
21:07:2021,13:28:07,Mount_Chacaltaya,202,202.561192,0.037381,0.017488,0.012497,0.007693,1.625403,58.906711,59.483858,4.869082,0.173657,0.037381,4,10,6,5,3,11,6,5,3,11,6,5,3,10,8,5,0.07026,0.12889,0.18413,0.20896,1,1,16:05:2024,12:49:19,354,-16.350139,-68.1315,5233.0,lev20,Almucantar,Mount_Chacaltaya,202,202.561192,1.47015,1.4826,1.48925,1.48655,0.011893,0.011836,0.0124395,0.012941000000000001,58.906711,59.483858,4.869082,0.173657,0.037381,4,10,6,5,3,11,6,5,3,11,6,5,3,10,8,5,0.07026,0.12889,0.18413,0.20896,1,1,16:05:2024,12:49:19,354,-16.350139,-68.1315,5233.0,lev20,Almucantar,Mount_Chacaltaya,202,202.561192,0.9114,0.8854500000000001,0.8596,0.84035,58.906711,59.483858,4.869082,0.173657,0.037381,4,10,6,5,3,11,6,5,3,11,6,5,3,10,8,5,0.07026,0.12889,0.18413,0.20896,1,1,16:05:2024,12:49:19,354,-16.350139,-68.1315,5233.0,lev20,Almucantar,Mount_Chacaltaya,202,202.561192,0.039,0.0191,0.0125,0.0101,0.0348,0.0148,0.008,0.0056,0.0042,0.0043,0.0045,0.0046,1.669441,58.906711,59.483858,4.869082,0.173657,0.037381,4,10,6,5,3,11,6,5,3,11,6,5,3,10,8,5,0.07026,0.12889,0.18413,0.20896,1,1,16:05:2024,12:49:19,354,-16.350139,-68.1315,5233.0,lev20,Almucantar,Mount_Chacaltaya,202,202.561192,0.036778,0.023216,0.018213,0.0159,1.0336025,58.906711,59.483858,4.869082,0.173657,0.037381,4,10,6,5,3,11,6,5,3,11,6,5,3,10,8,5,0.07026,0.12889,0.18413,0.20896,1,1,16:05:2024,12:49:19,354,-16.350139,-68.1315,5233.0,lev20,Almucantar,1.66906579078824,0.0315066721857144,0.839003009599246,BCL,Maritime,,Unknown
23:07:2021,13:40:44,Mount_Chacaltaya,204,204.569954,0.030374,0.014304,0.009889,0.005,1.658595,56.288076,56.852804,4.680377,0.183632,0.030374,4,10,8,4,4,10,8,4,4,10,8,4,4,10,7,4,0.069,0.12677,0.1805,0.20485,1,1,16:05:2024,23:43:54,354,-16.350139,-68.1315,5233.0,lev20,Almucantar,Mount_Chacaltaya,204,204.569954,1.47015,1.4826,1.48925,1.48655,0.011893,0.011836,0.0124395,0.012941000000000001,56.288076,56.852804,4.680377,0.183632,0.030374,4,10,8,4,4,10,8,4,4,10,8,4,4,10,7,4,0.069,0.12677,0.1805,0.20485,1,1,16:05:2024,23:43:54,354,-16.350139,-68.1315,5233.0,lev20,Almucantar,Mount_Chacaltaya,204,204.569954,0.9114,0.8854500000000001,0.8596,0.84035,56.288076,56.852804,4.680377,0.183632,0.030374,4,10,8,4,4,10,8,4,4,10,8,4,4,10,7,4,0.069,0.12677,0.1805,0.20485,1,1,16:05:2024,23:43:54,354,-16.350139,-68.1315,5233.0,lev20,Almucantar,Mount_Chacaltaya,204,204.569954,0.0306,0.0159,0.0104,0.0082,0.0281,0.0133,0.0077,0.0054,0.0025,0.0026,0.0027,0.0028,1.577873,56.288076,56.852804,4.680377,0.183632,0.030374,4,10,8,4,4,10,8,4,4,10,8,4,4,10,7,4,0.069,0.12677,0.1805,0.20485,1,1,16:05:2024,23:43:54,354,-16.350139,-68.1315,5233.0,lev20,Almucantar,Mount_Chacaltaya,204,204.569954,0.036778,0.023216,0.018213,0.0159,1.0336025,56.288076,56.852804,4.680377,0.183632,0.030374,4,10,8,4,4,10,8,4,4,10,8,4,4,10,7,4,0.069,0.12677,0.1805,0.20485,1,1,16:05:2024,23:43:54,354,-16.350139,-68.1315,5233.0,lev20,Almucantar,1.5830496414196873,0.024993941013343568,0.8849152996690124,BCL,Maritime,,Unknown
24:07:2021,13:40:45,Mount_Chacaltaya,205,205.569965,0.033344,0.01607,0.011304,0.0061,1.599835,56.16208,56.728393,4.046923,0.207014,0.033344,4,10,8,4,4,10,8,4,4,10,8,4,4,10,7,4,0.06894,0.12666,0.18032,0.20467,1,1,16:05:2024,23:36:40,354,-16.350139,-68.1315,5233.0,lev20,Almucantar,Mount_Chacaltaya,205,205.569965,1.47015,1.4826,1.48925,1.48655,0.011893,0.011836,0.0124395,0.012941000000000001,56.16208,56.728393,4.046923,0.207014,0.033344,4,10,8,4,4,10,8,4,4,10,8,4,4,10,7,4,0.06894,0.12666,0.18032,0.20467,1,1,16:05:2024,23:36:40,354,-16.350139,-68.1315,5233.0,lev20,Almucantar,Mount_Chacaltaya,205,205.569965,0.9114,0.8854500000000001,0.8596,0.84035,56.16208,56.728393,4.046923,0.207014,0.033344,4,10,8,4,4,10,8,4,4,10,8,4,4,10,7,4,0.06894,0.12666,0.18032,0.20467,1,1,16:05:2024,23:36:40,354,-16.350139,-68.1315,5233.0,lev20,Almucantar,Mount_Chacaltaya,205,205.569965,0.0319,0.0175,0.0118,0.0096,0.0284,0.0138,0.008,0.0057,0.0035,0.0037,0.0038,0.0039,1.453336,56.16208,56.728393,4.046923,0.207014,0.033344,4,10,8,4,4,10,8,4,4,10,8,4,4,10,7,4,0.06894,0.12666,0.18032,0.20467,1,1,16:05:2024,23:36:40,354,-16.350139,-68.1315,5233.0,lev20,Almucantar,Mount_Chacaltaya,205,205.569965,0.036778,0.023216,0.018213,0.0159,1.0336025,56.16208,56.728393,4.046923,0.207014,0.033344,4,10,8,4,4,10,8,4,4,10,8,4,4,10,7,4,0.06894,0.12666,0.18032,0.20467,1,1,16:05:2024,23:36:40,354,-16.350139,-68.1315,5233.0,lev20,Almucantar,1.4588228140884845,0.026472852423004598,0.8461751123497259,BCL,Maritime,,Unknown
19:08:2021,13:43:17,Mount_Chacaltaya,231,231.571725,0.031223,0.015647,0.011981,0.007927,1.427552,50.94955,51.56159,4.641428,0.204748,0.031223,3,10,8,4,3,10,8,4,3,10,8,4,3,10,8,3,0.06891,0.1265,0.17587,0.20068,1,1,03:05:2024,11:12:54,354,-16.350139,-68.1315,5233.0,lev20,Almucantar,Mount_Chacaltaya,231,231.571725,1.47015,1.4826,1.48925,1.48655,0.011893,0.011836,0.0124395,0.012941000000000001,50.94955,51.56159,4.641428,0.204748,0.031223,3,10,8,4,3,10,8,4,3,10,8,4,3,10,8,3,0.06891,0.1265,0.17587,0.20068,1,1,03:05:2024,11:12:54,354,-16.350139,-68.1315,5233.0,lev20,Almucantar,Mount_Chacaltaya,231,231.571725,0.9114,0.8854500000000001,0.8596,0.84035,50.94955,51.56159,4.641428,0.204748,0.031223,3,10,8,4,3,10,8,4,3,10,8,4,3,10,8,3,0.06891,0.1265,0.17587,0.20068,1,1,03:05:2024,11:12:54,354,-16.350139,-68.1315,5233.0,lev20,Almucantar,Mount_Chacaltaya,231,231.571725,0.0328,0.0183,0.0126,0.0102,0.0287,0.014,0.0082,0.0057,0.0041,0.0043,0.0044,0.0045,1.399597,50.94955,51.56159,4.641428,0.204748,0.031223,3,10,8,4,3,10,8,4,3,10,8,4,3,10,8,3,0.06891,0.1265,0.17587,0.20068,1,1,03:05:2024,11:12:54,354,-16.350139,-68.1315,5233.0,lev20,Almucantar,Mount_Chacaltaya,231,231.571725,0.036778,0.023216,0.018213,0.0159,1.0336025,50.94955,51.56159,4.641428,0.204748,0.031223,3,10,8,4,3,10,8,4,3,10,8,4,3,10,8,3,0.06891,0.1265,0.17587,0.20068,1,1,03:05:2024,11:12:54,354,-16.350139,-68.1315,5233.0,lev20,Almucantar,1.4034117056437363,0.027413227858062782,0.8280881119083677,BCL,Maritime,,Unknown
14:10:2021,12:42:06,Mount_Chacaltaya,287,287.529236,0.091398,0.039194,0.026784,0.019131,1.819825,52.556418,53.27547,4.045668,0.332879,0.091398,3,10,8,4,3,10,8,4,3,10,8,4,4,10,7,4,0.06966,0.12449,0.17641,0.20225,1,1,03:05:2024,11:24:44,354,-16.350139,-68.1315,5233.0,lev20,Almucantar,Mount_Chacaltaya,287,287.529236,1.47015,1.4826,1.48925,1.48655,0.011893,0.011836,0.0124395,0.012941000000000001,52.556418,53.27547,4.045668,0.332879,0.091398,3,10,8,4,3,10,8,4,3,10,8,4,4,10,7,4,0.06966,0.12449,0.17641,0.20225,1,1,03:05:2024,11:24:44,354,-16.350139,-68.1315,5233.0,lev20,Almucantar,Mount_Chacaltaya,287,287.529236,0.9114,0.8854500000000001,0.8596,0.84035,52.556418,53.27547,4.045668,0.332879,0.091398,3,10,8,4,3,10,8,4,3,10,8,4,4,10,7,4,0.06966,0.12449,0.17641,0.20225,1,1,03:05:2024,11:24:44,354,-16.350139,-68.1315,5233.0,lev20,Almucantar,Mount_Chacaltaya,287,287.529236,0.0943,0.0435,0.0283,0.0228,0.0837,0.0321,0.0164,0.0106,0.0106,0.0114,0.012,0.0122,1.77055,52.556418,53.27547,4.045668,0.332879,0.091398,3,10,8,4,3,10,8,4,3,10,8,4,4,10,7,4,0.06966,0.12449,0.17641,0.20225,1,1,03:05:2024,11:24:44,354,-16.350139,-68.1315,5233.0,lev20,Almucantar,Mount_Chacaltaya,287,287.529236,0.036778,0.023216,0.018213,0.0159,1.0336025,52.556418,53.27547,4.045668,0.332879,0.091398,3,10,8,4,3,10,8,4,3,10,8,4,4,10,7,4,0.06966,0.12449,0.17641,0.20225,1,1,03:05:2024,11:24:44,354,-16.350139,-68.1315,5233.0,lev20,Almucantar,1.765566596680681,0.07524751342977969,0.8233936251880519,BCL,Unclassified,,Unknown
23:10:2021,12:37:07,Mount_Chacaltaya,296,296.525775,0.049764,0.027241,0.021738,0.01631,1.235676,52.624396,53.343125,4.982712,0.208376,0.049764,3,10,8,4,3,10,8,4,3,10,8,4,4,10,8,4,0.07336,0.12833,0.18124,0.20737,1,1,03:05:2024,11:36:17,354,-16.350139,-68.1315,5233.0,lev20,Almucantar,Mount_Chacaltaya,296,296.525775,1.47015,1.4826,1.48925,1.48655,0.011893,0.011836,0.0124395,0.012941000000000001,52.624396,53.343125,4.982712,0.208376,0.049764,3,10,8,4,3,10,8,4,3,10,8,4,4,10,8,4,0.07336,0.12833,0.18124,0.20737,1,1,03:05:2024,11:36:17,354,-16.350139,-68.1315,5233.0,lev20,Almucantar,Mount_Chacaltaya,296,296.525775,0.9114,0.8854500000000001,0.8596,0.84035,52.624396,53.343125,4.982712,0.208376,0.049764,3,10,8,4,3,10,8,4,3,10,8,4,4,10,8,4,0.07336,0.12833,0.18124,0.20737,1,1,03:05:2024,11:36:17,354,-16.350139,-68.1315,5233.0,lev20,Almucantar,Mount_Chacaltaya,296,296.525775,0.0475,0.0283,0.022,0.0196,0.0351,0.0151,0.0083,0.0056,0.0123,0.0132,0.0137,0.014,1.137929,52.624396,53.343125,4.982712,0.208376,0.049764,3,10,8,4,3,10,8,4,3,10,8,4,4,10,8,4,0.07336,0.12833,0.18124,0.20737,1,1,03:05:2024,11:36:17,354,-16.350139,-68.1315,5233.0,lev20,Almucantar,Mount_Chacaltaya,296,296.525775,0.036778,0.023216,0.018213,0.0159,1.0336025,52.624396,53.343125,4.982712,0.208376,0.049764,3,10,8,4,3,10,8,4,3,10,8,4,4,10,8,4,0.07336,0.12833,0.18124,0.20737,1,1,03:05:2024,11:36:17,354,-16.350139,-68.1315,5233.0,lev20,Almucantar,1.129039735485509,0.04111614040867343,0.6388984592997585,Unclassified,Maritime,,Unknown
28:10:2021,12:35:08,Mount_Chacaltaya,301,301.524398,0.049472,0.022598,0.015889,0.009966,1.683989,52.642761,53.359794,4.974082,0.395244,0.049472,3,10,8,4,3,10,8,4,3,10,8,4,4,10,8,4,0.06982,0.12407,0.17951,0.20473,1,1,03:05:2024,11:26:11,354,-16.350139,-68.1315,5233.0,lev20,Almucantar,Mount_Chacaltaya,301,301.524398,1.47015,1.4826,1.48925,1.48655,0.011893,0.011836,0.0124395,0.012941000000000001,52.642761,53.359794,4.974082,0.395244,0.049472,3,10,8,4,3,10,8,4,3,10,8,4,4,10,8,4,0.06982,0.12407,0.17951,0.20473,1,1,03:05:2024,11:26:11,354,-16.350139,-68.1315,5233.0,lev20,Almucantar,Mount_Chacaltaya,301,301.524398,0.9114,0.8854500000000001,0.8596,0.84035,52.642761,53.359794,4.974082,0.395244,0.049472,3,10,8,4,3,10,8,4,3,10,8,4,4,10,8,4,0.06982,0.12407,0.17951,0.20473,1,1,03:05:2024,11:26:11,354,-16.350139,-68.1315,5233.0,lev20,Almucantar,Mount_Chacaltaya,301,301.524398,0.0543,0.0266,0.0173,0.0139,0.048,0.0199,0.0103,0.0066,0.0063,0.0067,0.007,0.0072,1.67723,52.642761,53.359794,4.974082,0.395244,0.049472,3,10,8,4,3,10,8,4,3,10,8,4,4,10,8,4,0.06982,0.12407,0.17951,0.20473,1,1,03:05:2024,11:26:11,354,-16.350139,-68.1315,5233.0,lev20,Almucantar,Mount_Chacaltaya,301,301.524398,0.036778,0.023216,0.018213,0.0159,1.0336025,52.642761,53.359794,4.974082,0.395244,0.049472,3,10,8,4,3,10,8,4,3,10,8,4,4,10,8,4,0.06982,0.12407,0.17951,0.20473,1,1,03:05:2024,11:26:11,354,-16.350139,-68.1315,5233.0,lev20,Almucantar,1.6778446690917679,0.04381778065438784,0.8290681240041118,BCL,Maritime,,Unknown
17:03:2022,12:46:41,Mount_Chacaltaya,76,76.532419,0.104041,0.078788,0.057749,0.043919,0.841151,58.821933,59.532714,4.679579,0.091544,0.104041,4,8,7,5,3,9,7,5,3,10,7,5,3,7,8,5,0.06631,0.1114,0.19499,0.21442,1,1,17:05:2024,10:43:20,354,-16.350139,-68.1315,5233.0,lev20,Almucantar,Mount_Chacaltaya,76,76.532419,1.47015,1.4826,1.48925,1.48655,0.011893,0.011836,0.0124395,0.012941000000000001,58.821933,59.532714,4.679579,0.091544,0.104041,4,8,7,5,3,9,7,5,3,10,7,5,3,7,8,5,0.06631,0.1114,0.19499,0.21442,1,1,17:05:2024,10:43:20,354,-16.350139,-68.1315,5233.0,lev20,Almucantar,Mount_Chacaltaya,76,76.532419,0.9114,0.8854500000000001,0.8596,0.84035,58.821933,59.532714,4.679579,0.091544,0.104041,4,8,7,5,3,9,7,5,3,10,7,5,3,7,8,5,0.06631,0.1114,0.19499,0.21442,1,1,17:05:2024,10:43:20,354,-16.350139,-68.1315,5233.0,lev20,Almucantar,Mount_Chacaltaya,76,76.532419,0.1043,0.0776,0.0563,0.0444,0.1042,0.0775,0.0562,0.0443,0.0001,0.0001,0.0001,0.0001,0.882142,58.821933,59.532714,4.679579,0.091544,0.104041,4,8,7,5,3,9,7,5,3,10,7,5,3,7,8,5,0.06631,0.1114,0.19499,0.21442,1,1,17:05:2024,10:43:20,354,-16.350139,-68.1315,5233.0,lev20,Almucantar,Mount_Chacaltaya,76,76.532419,0.036778,0.023216,0.018213,0.0159,1.0336025,58.821933,59.532714,4.679579,0.091544,0.104041,4,8,7,5,3,9,7,5,3,10,7,5,3,7,8,5,0.06631,0.1114,0.19499,0.21442,1,1,17:05:2024,10:43:20,354,-16.350139,-68.1315,5233.0,lev20,Almucantar,0.904444929492507,0.09291202868147291,0.9989170925464737,Unclassified,Maritime,,Unknown
17:03:2022,13:12:05,Mount_Chacaltaya,76,76.550058,0.11236,0.084189,0.063873,0.051464,0.812464,52.826825,53.532461,4.455005,0.14103,0.11236,3,10,8,3,3,10,8,4,4,10,8,4,4,10,8,4,0.06327,0.10641,0.18579,0.20477,1,1,17:05:2024,10:22:32,354,-16.350139,-68.1315,5233.0,lev20,Almucantar,Mount_Chacaltaya,76,76.550058,1.47015,1.4826,1.48925,1.48655,0.011893,0.011836,0.0124395,0.012941000000000001,52.826825,53.532461,4.455005,0.14103,0.11236,3,10,8,3,3,10,8,4,4,10,8,4,4,10,8,4,0.06327,0.10641,0.18579,0.20477,1,1,17:05:2024,10:22:32,354,-16.350139,-68.1315,5233.0,lev20,Almucantar,Mount_Chacaltaya,76,76.550058,0.9114,0.8854500000000001,0.8596,0.84035,52.826825,53.532461,4.455005,0.14103,0.11236,3,10,8,3,3,10,8,4,4,10,8,4,4,10,8,4,0.06327,0.10641,0.18579,0.20477,1,1,17:05:2024,10:22:32,354,-16.350139,-68.1315,5233.0,lev20,Almucantar,Mount_Chacaltaya,76,76.550058,0.1102,0.0829,0.0633,0.0523,0.1101,0.0827,0.0631,0.0521,0.0001,0.0002,0.0002,0.0002,0.797838,52.826825,53.532461,4.455005,0.14103,0.11236,3,10,8,3,3,10,8,4,4,10,8,4,4,10,8,4,0.06327,0.10641,0.18579,0.20477,1,1,17:05:2024,10:22:32,354,-16.350139,-68.1315,5233.0,lev20,Almucantar,Mount_Chacaltaya,76,76.550058,0.036778,0.023216,0.018213,0.0159,1.0336025,52.826825,53.532461,4.455005,0.14103,0.11236,3,10,8,3,3,10,8,4,4,10,8,4,4,10,8,4,0.06327,0.10641,0.18579,0.20477,1,1,17:05:2024,10:22:32,354,-16.350139,-68.1315,5233.0,lev20,Almucantar,0.8132558819834861,0.09931887717235877,0.9983679249629093,Unclassified,Maritime,,Unknown
12:04:2022,12:54:19,Mount_Chacaltaya,102,102.53772,0.051565,0.035133,0.026803,0.01854,0.953418,59.018294,59.689132,4.361385,0.253402,0.051565,4,9,7,5,3,10,7,5,3,9,8,5,3,9,8,5,0.06105,0.10681,0.18897,0.21066,1,1,17:05:2024,03:43:25,354,-16.350139,-68.1315,5233.0,lev20,Almucantar,Mount_Chacaltaya,102,102.53772,1.47015,1.4826,1.48925,1.48655,0.011893,0.011836,0.0124395,0.012941000000000001,59.018294,59.689132,4.361385,0.253402,0.051565,4,9,7,5,3,10,7,5,3,9,8,5,3,9,8,5,0.06105,0.10681,0.18897,0.21066,1,1,17:05:2024,03:43:25,354,-16.350139,-68.1315,5233.0,lev20,Almucantar,Mount_Chacaltaya,102,102.53772,0.9114,0.8854500000000001,0.8596,0.84035,59.018294,59.689132,4.361385,0.253402,0.051565,4,9,7,5,3,10,7,5,3,9,8,5,3,9,8,5,0.06105,0.10681,0.18897,0.21066,1,1,17:05:2024,03:43:25,354,-16.350139,-68.1315,5233.0,lev20,Almucantar,Mount_Chacaltaya,102,102.53772,0.0503,0.037,0.0275,0.0226,0.048,0.0347,0.0251,0.0202,0.0023,0.0023,0.0024,0.0024,0.868212,59.018294,59.689132,4.361385,0.253402,0.051565,4,9,7,5,3,10,7,5,3,9,8,5,3,9,8,5,0.06105,0.10681,0.18897,0.21066,1,1,17:05:2024,03:43:25,354,-16.350139,-68.1315,5233.0,lev20,Almucantar,Mount_Chacaltaya,102,102.53772,0.036778,0.023216,0.018213,0.0159,1.0336025,59.018294,59.689132,4.361385,0.253402,0.051565,4,9,7,5,3,10,7,5,3,9,8,5,3,9,8,5,0.06105,0.10681,0.18897,0.21066,1,1,17:05:2024,03:43:25,354,-16.350139,-68.1315,5233.0,lev20,Almucantar,0.8857308199097977,0.04491532812616978,0.9473719648805362,Unclassified,Maritime,,Unknown
12:04:2022,19:35:20,Mount_Chacaltaya,102,102.816204,0.04718,0.031087,0.0243,0.017092,0.973691,52.262796,51.614485,4.574673,0.356179,0.04718,3,10,8,4,3,10,8,4,3,10,8,4,3,10,8,4,0.05814,0.10169,0.17772,0.19772,1,1,17:05:2024,03:48:27,354,-16.350139,-68.1315,5233.0,lev20,Almucantar,Mount_Chacaltaya,102,102.816204,1.47015,1.4826,1.48925,1.48655,0.011893,0.011836,0.0124395,0.012941000000000001,52.262796,51.614485,4.574673,0.356179,0.04718,3,10,8,4,3,10,8,4,3,10,8,4,3,10,8,4,0.05814,0.10169,0.17772,0.19772,1,1,17:05:2024,03:48:27,354,-16.350139,-68.1315,5233.0,lev20,Almucantar,Mount_Chacaltaya,102,102.816204,0.9114,0.8854500000000001,0.8596,0.84035,52.262796,51.614485,4.574673,0.356179,0.04718,3,10,8,4,3,10,8,4,3,10,8,4,3,10,8,4,0.05814,0.10169,0.17772,0.19772,1,1,17:05:2024,03:48:27,354,-16.350139,-68.1315,5233.0,lev20,Almucantar,Mount_Chacaltaya,102,102.816204,0.0484,0.0362,0.0262,0.0212,0.0463,0.034,0.024,0.0189,0.0021,0.0022,0.0023,0.0023,0.877121,52.262796,51.614485,4.574673,0.356179,0.04718,3,10,8,4,3,10,8,4,3,10,8,4,3,10,8,4,0.05814,0.10169,0.17772,0.19772,1,1,17:05:2024,03:48:27,354,-16.350139,-68.1315,5233.0,lev20,Almucantar,Mount_Chacaltaya,102,102.816204,0.036778,0.023216,0.018213,0.0159,1.0336025,52.262796,51.614485,4.574673,0.356179,0.04718,3,10,8,4,3,10,8,4,3,10,8,4,3,10,8,4,0.05814,0.10169,0.17772,0.19772,1,1,17:05:2024,03:48:27,354,-16.350139,-68.1315,5233.0,lev20,Almucantar,0.9002842327106904,0.043138395393409516,0.9502327845016341,Unclassified,Maritime,,Unknown
12:04:2022,19:49:48,Mount_Chacaltaya,102,102.82625,0.04718,0.031087,0.0243,0.017092,0.973691,55.421415,54.762263,4.637137,0.352752,0.04718,4,10,8,4,4,10,8,4,4,10,8,4,4,10,8,4,0.05943,0.10376,0.18193,0.20218,1,1,17:05:2024,03:50:02,354,-16.350139,-68.1315,5233.0,lev20,Almucantar,Mount_Chacaltaya,102,102.82625,1.47015,1.4826,1.48925,1.48655,0.011893,0.011836,0.0124395,0.012941000000000001,55.421415,54.762263,4.637137,0.352752,0.04718,4,10,8,4,4,10,8,4,4,10,8,4,4,10,8,4,0.05943,0.10376,0.18193,0.20218,1,1,17:05:2024,03:50:02,354,-16.350139,-68.1315,5233.0,lev20,Almucantar,Mount_Chacaltaya,102,102.82625,0.9114,0.8854500000000001,0.8596,0.84035,55.421415,54.762263,4.637137,0.352752,0.04718,4,10,8,4,4,10,8,4,4,10,8,4,4,10,8,4,0.05943,0.10376,0.18193,0.20218,1,1,17:05:2024,03:50:02,354,-16.350139,-68.1315,5233.0,lev20,Almucantar,Mount_Chacaltaya,102,102.82625,0.0483,0.0362,0.0262,0.0211,0.0457,0.0335,0.0235,0.0184,0.0026,0.0027,0.0027,0.0028,0.873896,55.421415,54.762263,4.637137,0.352752,0.04718,4,10,8,4,4,10,8,4,4,10,8,4,4,10,8,4,0.05943,0.10376,0.18193,0.20218,1,1,17:05:2024,03:50:02,354,-16.350139,-68.1315,5233.0,lev20,Almucantar,Mount_Chacaltaya,102,102.82625,0.036778,0.023216,0.018213,0.0159,1.0336025,55.421415,54.762263,4.637137,0.352752,0.04718,4,10,8,4,4,10,8,4,4,10,8,4,4,10,8,4,0.05943,0.10376,0.18193,0.20218,1,1,17:05:2024,03:50:02,354,-16.350139,-68.1315,5233.0,lev20,Almucantar,0.8972503512620177,0.04306596556805161,0.9378155848966143,Unclassified,Maritime,,Unknown
12:04:2022,20:16:20,Mount_Chacaltaya,102,102.844676,0.046541,0.031601,0.023942,0.016651,0.967861,61.331016,60.6564,4.795452,0.272247,0.046541,3,10,8,5,3,10,8,5,3,10,8,5,3,10,8,5,0.06252,0.10869,0.19176,0.21259,1,1,17:05:2024,03:51:28,354,-16.350139,-68.1315,5233.0,lev20,Almucantar,Mount_Chacaltaya,102,102.844676,1.47015,1.4826,1.48925,1.48655,0.011893,0.011836,0.0124395,0.012941000000000001,61.331016,60.6564,4.795452,0.272247,0.046541,3,10,8,5,3,10,8,5,3,10,8,5,3,10,8,5,0.06252,0.10869,0.19176,0.21259,1,1,17:05:2024,03:51:28,354,-16.350139,-68.1315,5233.0,lev20,Almucantar,Mount_Chacaltaya,102,102.844676,0.9114,0.8854500000000001,0.8596,0.84035,61.331016,60.6564,4.795452,0.272247,0.046541,3,10,8,5,3,10,8,5,3,10,8,5,3,10,8,5,0.06252,0.10869,0.19176,0.21259,1,1,17:05:2024,03:51:28,354,-16.350139,-68.1315,5233.0,lev20,Almucantar,Mount_Chacaltaya,102,102.844676,0.0465,0.0348,0.0254,0.0206,0.0439,0.0321,0.0227,0.0179,0.0025,0.0026,0.0027,0.0027,0.865112,61.331016,60.6564,4.795452,0.272247,0.046541,3,10,8,5,3,10,8,5,3,10,8,5,3,10,8,5,0.06252,0.10869,0.19176,0.21259,1,1,17:05:2024,03:51:28,354,-16.350139,-68.1315,5233.0,lev20,Almucantar,Mount_Chacaltaya,102,102.844676,0.036778,0.023216,0.018213,0.0159,1.0336025,61.331016,60.6564,4.795452,0.272247,0.046541,3,10,8,5,3,10,8,5,3,10,8,5,3,10,8,5,0.06252,0.10869,0.19176,0.21259,1,1,17:05:2024,03:51:28,354,-16.350139,-68.1315,5233.0,lev20,Almucantar,0.887027639866196,0.04151523958594686,0.9352119021462206,Unclassified,Maritime,,Unknown
15:04:2022,13:34:34,Mount_Chacaltaya,105,105.565671,0.045805,0.03226,0.024437,0.015922,0.911098,50.593465,51.228507,4.793184,0.368947,0.045805,3,10,8,4,3,10,8,4,3,10,8,4,3,10,8,4,0.05616,0.10123,0.17489,0.19582,1,1,17:05:2024,03:53:53,354,-16.350139,-68.1315,5233.0,lev20,Almucantar,Mount_Chacaltaya,105,105.565671,1.47015,1.4826,1.48925,1.48655,0.011893,0.011836,0.0124395,0.012941000000000001,50.593465,51.228507,4.793184,0.368947,0.045805,3,10,8,4,3,10,8,4,3,10,8,4,3,10,8,4,0.05616,0.10123,0.17489,0.19582,1,1,17:05:2024,03:53:53,354,-16.350139,-68.1315,5233.0,lev20,Almucantar,Mount_Chacaltaya,105,105.565671,0.9114,0.8854500000000001,0.8596,0.84035,50.593465,51.228507,4.793184,0.368947,0.045805,3,10,8,4,3,10,8,4,3,10,8,4,3,10,8,4,0.05616,0.10123,0.17489,0.19582,1,1,17:05:2024,03:53:53,354,-16.350139,-68.1315,5233.0,lev20,Almucantar,Mount_Chacaltaya,105,105.565671,0.0479,0.0365,0.0264,0.021,0.047,0.0355,0.0254,0.0199,0.001,0.001,0.001,0.001,0.848912,50.593465,51.228507,4.793184,0.368947,0.045805,3,10,8,4,3,10,8,4,3,10,8,4,3,10,8,4,0.05616,0.10123,0.17489,0.19582,1,1,17:05:2024,03:53:53,354,-16.350139,-68.1315,5233.0,lev20,Almucantar,Mount_Chacaltaya,105,105.565671,0.036778,0.023216,0.018213,0.0159,1.0336025,50.593465,51.228507,4.793184,0.368947,0.045805,3,10,8,4,3,10,8,4,3,10,8,4,3,10,8,4,0.05616,0.10123,0.17489,0.19582,1,1,17:05:2024,03:53:53,354,-16.350139,-68.1315,5233.0,lev20,Almucantar,0.8738966415074191,0.042837005794370456,0.9784504067905592,Unclassified,Maritime,,Unknown
15:04:2022,19:46:42,Mount_Chacaltaya,105,105.824097,0.050702,0.035545,0.027715,0.019484,0.880307,55.4027,54.751297,4.212039,0.34591,0.050702,4,10,6,4,4,10,5,4,4,10,4,4,2,10,4,4,0.05808,0.10401,0.18005,0.20068,1,1,17:05:2024,03:39:40,354,-16.350139,-68.1315,5233.0,lev20,Almucantar,Mount_Chacaltaya,105,105.824097,1.47015,1.4826,1.48925,1.48655,0.011893,0.011836,0.0124395,0.012941000000000001,55.4027,54.751297,4.212039,0.34591,0.050702,4,10,6,4,4,10,5,4,4,10,4,4,2,10,4,4,0.05808,0.10401,0.18005,0.20068,1,1,17:05:2024,03:39:40,354,-16.350139,-68.1315,5233.0,lev20,Almucantar,Mount_Chacaltaya,105,105.824097,0.9114,0.8854500000000001,0.8596,0.84035,55.4027,54.751297,4.212039,0.34591,0.050702,4,10,6,4,4,10,5,4,4,10,4,4,2,10,4,4,0.05808,0.10401,0.18005,0.20068,1,1,17:05:2024,03:39:40,354,-16.350139,-68.1315,5233.0,lev20,Almucantar,Mount_Chacaltaya,105,105.824097,0.0523,0.04,0.0296,0.024,0.0494,0.037,0.0265,0.0209,0.0029,0.003,0.0031,0.0031,0.813187,55.4027,54.751297,4.212039,0.34591,0.050702,4,10,6,4,4,10,5,4,4,10,4,4,2,10,4,4,0.05808,0.10401,0.18005,0.20068,1,1,17:05:2024,03:39:40,354,-16.350139,-68.1315,5233.0,lev20,Almucantar,Mount_Chacaltaya,105,105.824097,0.036778,0.023216,0.018213,0.0159,1.0336025,55.4027,54.751297,4.212039,0.34591,0.050702,4,10,6,4,4,10,5,4,4,10,4,4,2,10,4,4,0.05808,0.10401,0.18005,0.20068,1,1,17:05:2024,03:39:40,354,-16.350139,-68.1315,5233.0,lev20,Almucantar,0.834981040540551,0.047005185692737116,0.9366909070273469,Unclassified,Maritime,,Unknown
16:04:2022,13:34:18,Mount_Chacaltaya,106,106.565486,0.040367,0.028832,0.021753,0.013388,0.894457,50.7823,51.415041,4.593642,0.365576,0.040367,3,10,8,4,3,10,8,4,3,10,8,4,3,10,8,4,0.05622,0.10133,0.1751,0.19605,1,1,17:05:2024,04:07:50,354,-16.350139,-68.1315,5233.0,lev20,Almucantar,Mount_Chacaltaya,106,106.565486,1.47015,1.4826,1.48925,1.48655,0.011893,0.011836,0.0124395,0.012941000000000001,50.7823,51.415041,4.593642,0.365576,0.040367,3,10,8,4,3,10,8,4,3,10,8,4,3,10,8,4,0.05622,0.10133,0.1751,0.19605,1,1,17:05:2024,04:07:50,354,-16.350139,-68.1315,5233.0,lev20,Almucantar,Mount_Chacaltaya,106,106.565486,0.9114,0.8854500000000001,0.8596,0.84035,50.7823,51.415041,4.593642,0.365576,0.040367,3,10,8,4,3,10,8,4,3,10,8,4,3,10,8,4,0.05622,0.10133,0.1751,0.19605,1,1,17:05:2024,04:07:50,354,-16.350139,-68.1315,5233.0,lev20,Almucantar,Mount_Chacaltaya,106,106.565486,0.0434,0.0337,0.0236,0.0183,0.0432,0.0334,0.0233,0.018,0.0003,0.0003,0.0003,0.0003,0.861924,50.7823,51.415041,4.593642,0.365576,0.040367,3,10,8,4,3,10,8,4,3,10,8,4,3,10,8,4,0.05622,0.10133,0.1751,0.19605,1,1,17:05:2024,04:07:50,354,-16.350139,-68.1315,5233.0,lev20,Almucantar,Mount_Chacaltaya,106,106.565486,0.036778,0.023216,0.018213,0.0159,1.0336025,50.7823,51.415041,4.593642,0.365576,0.040367,3,10,8,4,3,10,8,4,3,10,8,4,3,10,8,4,0.05622,0.10133,0.1751,0.19605,1,1,17:05:2024,04:07:50,354,-16.350139,-68.1315,5233.0,lev20,Almucantar,0.8936426732075898,0.038714805009545654,0.9935171222928246,Unclassified,Maritime,,Unknown
20:04:2022,12:57:55,Mount_Chacaltaya,110,110.54022,0.046004,0.032071,0.023578,0.015505,0.966249,59.060221,59.713298,4.588464,0.292227,0.046004,4,10,7,5,3,11,7,5,3,10,8,5,3,9,8,5,0.05968,0.107,0.18701,0.20908,1,1,17:05:2024,00:00:27,354,-16.350139,-68.1315,5233.0,lev20,Almucantar,Mount_Chacaltaya,110,110.54022,1.47015,1.4826,1.48925,1.48655,0.011893,0.011836,0.0124395,0.012941000000000001,59.060221,59.713298,4.588464,0.292227,0.046004,4,10,7,5,3,11,7,5,3,10,8,5,3,9,8,5,0.05968,0.107,0.18701,0.20908,1,1,17:05:2024,00:00:27,354,-16.350139,-68.1315,5233.0,lev20,Almucantar,Mount_Chacaltaya,110,110.54022,0.9114,0.8854500000000001,0.8596,0.84035,59.060221,59.713298,4.588464,0.292227,0.046004,4,10,7,5,3,11,7,5,3,10,8,5,3,9,8,5,0.05968,0.107,0.18701,0.20908,1,1,17:05:2024,00:00:27,354,-16.350139,-68.1315,5233.0,lev20,Almucantar,Mount_Chacaltaya,110,110.54022,0.0459,0.0349,0.0252,0.02,0.0444,0.0334,0.0236,0.0185,0.0015,0.0015,0.0016,0.0016,0.854527,59.060221,59.713298,4.588464,0.292227,0.046004,4,10,7,5,3,11,7,5,3,10,8,5,3,9,8,5,0.05968,0.107,0.18701,0.20908,1,1,17:05:2024,00:00:27,354,-16.350139,-68.1315,5233.0,lev20,Almucantar,Mount_Chacaltaya,110,110.54022,0.036778,0.023216,0.018213,0.0159,1.0336025,59.060221,59.713298,4.588464,0.292227,0.046004,4,10,7,5,3,11,7,5,3,10,8,5,3,9,8,5,0.05968,0.107,0.18701,0.20908,1,1,17:05:2024,00:00:27,354,-16.350139,-68.1315,5233.0,lev20,Almucantar,0.879572926324633,0.04101862961694263,0.9626729698962958,Unclassified,Maritime,,Unknown
21:04:2022,12:58:26,Mount_Chacaltaya,111,111.540579,0.058328,0.04211,0.033047,0.024267,0.826031,59.060242,59.710964,4.670146,0.228707,0.058328,4,10,7,5,3,11,7,5,3,10,8,5,3,10,8,5,0.05969,0.10701,0.18702,0.20909,1,1,16:05:2024,23:43:45,354,-16.350139,-68.1315,5233.0,lev20,Almucantar,Mount_Chacaltaya,111,111.540579,1.47015,1.4826,1.48925,1.48655,0.011893,0.011836,0.0124395,0.012941000000000001,59.060242,59.710964,4.670146,0.228707,0.058328,4,10,7,5,3,11,7,5,3,10,8,5,3,10,8,5,0.05969,0.10701,0.18702,0.20909,1,1,16:05:2024,23:43:45,354,-16.350139,-68.1315,5233.0,lev20,Almucantar,Mount_Chacaltaya,111,111.540579,0.9114,0.8854500000000001,0.8596,0.84035,59.060242,59.710964,4.670146,0.228707,0.058328,4,10,7,5,3,11,7,5,3,10,8,5,3,10,8,5,0.05969,0.10701,0.18702,0.20909,1,1,16:05:2024,23:43:45,354,-16.350139,-68.1315,5233.0,lev20,Almucantar,Mount_Chacaltaya,111,111.540579,0.0585,0.0437,0.0337,0.0284,0.0548,0.0399,0.0298,0.0245,0.0037,0.0038,0.0038,0.0039,0.795788,59.060242,59.710964,4.670146,0.228707,0.058328,4,10,7,5,3,11,7,5,3,10,8,5,3,10,8,5,0.05969,0.10701,0.18702,0.20909,1,1,16:05:2024,23:43:45,354,-16.350139,-68.1315,5233.0,lev20,Almucantar,Mount_Chacaltaya,111,111.540579,0.036778,0.023216,0.018213,0.0159,1.0336025,59.060242,59.710964,4.670146,0.228707,0.058328,4,10,7,5,3,11,7,5,3,10,8,5,3,10,8,5,0.05969,0.10701,0.18702,0.20909,1,1,16:05:2024,23:43:45,354,-16.350139,-68.1315,5233.0,lev20,Almucantar,0.8090273760037725,0.05275223056842208,0.9262669130615104,Unclassified,Maritime,,Unknown
21:04:2022,13:26:25,Mount_Chacaltaya,111,111.560012,0.055028,0.03911,0.031158,0.023855,0.830722,53.102456,53.730374,3.902114,0.128067,0.055028,3,10,8,4,4,10,8,4,4,10,8,4,3,10,8,4,0.05706,0.10269,0.17798,0.19919,1,1,16:05:2024,23:45:13,354,-16.350139,-68.1315,5233.0,lev20,Almucantar,Mount_Chacaltaya,111,111.560012,1.47015,1.4826,1.48925,1.48655,0.011893,0.011836,0.0124395,0.012941000000000001,53.102456,53.730374,3.902114,0.128067,0.055028,3,10,8,4,4,10,8,4,4,10,8,4,3,10,8,4,0.05706,0.10269,0.17798,0.19919,1,1,16:05:2024,23:45:13,354,-16.350139,-68.1315,5233.0,lev20,Almucantar,Mount_Chacaltaya,111,111.560012,0.9114,0.8854500000000001,0.8596,0.84035,53.102456,53.730374,3.902114,0.128067,0.055028,3,10,8,4,4,10,8,4,4,10,8,4,3,10,8,4,0.05706,0.10269,0.17798,0.19919,1,1,16:05:2024,23:45:13,354,-16.350139,-68.1315,5233.0,lev20,Almucantar,Mount_Chacaltaya,111,111.560012,0.0551,0.0404,0.0297,0.0242,0.0524,0.0376,0.0267,0.0213,0.0027,0.0028,0.0029,0.0029,0.887623,53.102456,53.730374,3.902114,0.128067,0.055028,3,10,8,4,4,10,8,4,4,10,8,4,3,10,8,4,0.05706,0.10269,0.17798,0.19919,1,1,16:05:2024,23:45:13,354,-16.350139,-68.1315,5233.0,lev20,Almucantar,Mount_Chacaltaya,111,111.560012,0.036778,0.023216,0.018213,0.0159,1.0336025,53.102456,53.730374,3.902114,0.128067,0.055028,3,10,8,4,4,10,8,4,4,10,8,4,3,10,8,4,0.05706,0.10269,0.17798,0.19919,1,1,16:05:2024,23:45:13,354,-16.350139,-68.1315,5233.0,lev20,Almucantar,0.9065364724403037,0.04907079751117631,0.9417002065525137,Unclassified,Maritime,,Unknown
26:04:2022,13:37:24,Mount_Chacaltaya,116,116.567639,0.047002,0.035124,0.026866,0.018421,0.805903,51.556987,52.160939,4.17654,0.359774,0.047002,3,10,8,4,3,10,8,4,3,10,8,4,3,10,8,3,0.05436,0.10059,0.17188,0.19281,1,1,03:05:2024,11:38:14,354,-16.350139,-68.1315,5233.0,lev20,Almucantar,Mount_Chacaltaya,116,116.567639,1.47015,1.4826,1.48925,1.48655,0.011893,0.011836,0.0124395,0.012941000000000001,51.556987,52.160939,4.17654,0.359774,0.047002,3,10,8,4,3,10,8,4,3,10,8,4,3,10,8,3,0.05436,0.10059,0.17188,0.19281,1,1,03:05:2024,11:38:14,354,-16.350139,-68.1315,5233.0,lev20,Almucantar,Mount_Chacaltaya,116,116.567639,0.9114,0.8854500000000001,0.8596,0.84035,51.556987,52.160939,4.17654,0.359774,0.047002,3,10,8,4,3,10,8,4,3,10,8,4,3,10,8,3,0.05436,0.10059,0.17188,0.19281,1,1,03:05:2024,11:38:14,354,-16.350139,-68.1315,5233.0,lev20,Almucantar,Mount_Chacaltaya,116,116.567639,0.0486,0.0394,0.0291,0.0233,0.0477,0.0384,0.0281,0.0223,0.001,0.001,0.001,0.001,0.724871,51.556987,52.160939,4.17654,0.359774,0.047002,3,10,8,4,3,10,8,4,3,10,8,4,3,10,8,3,0.05436,0.10059,0.17188,0.19281,1,1,03:05:2024,11:38:14,354,-16.350139,-68.1315,5233.0,lev20,Almucantar,Mount_Chacaltaya,116,116.567639,0.036778,0.023216,0.018213,0.0159,1.0336025,51.556987,52.160939,4.17654,0.359774,0.047002,3,10,8,4,3,10,8,4,3,10,8,4,3,10,8,3,0.05436,0.10059,0.17188,0.19281,1,1,03:05:2024,11:38:14,354,-16.350139,-68.1315,5233.0,lev20,Almucantar,0.7523418657591141,0.044143651979058854,0.9787621250648091,Unclassified,Maritime,,Unknown
27:04:2022,13:38:08,Mount_Chacaltaya,117,117.568148,0.043887,0.032179,0.024792,0.016482,0.826064,51.558755,52.159347,4.387737,0.394177,0.043887,3,10,8,4,3,10,8,4,3,10,8,4,3,10,8,4,0.05436,0.10059,0.17189,0.19281,1,1,03:05:2024,11:38:18,354,-16.350139,-68.1315,5233.0,lev20,Almucantar,Mount_Chacaltaya,117,117.568148,1.47015,1.4826,1.48925,1.48655,0.011893,0.011836,0.0124395,0.012941000000000001,51.558755,52.159347,4.387737,0.394177,0.043887,3,10,8,4,3,10,8,4,3,10,8,4,3,10,8,4,0.05436,0.10059,0.17189,0.19281,1,1,03:05:2024,11:38:18,354,-16.350139,-68.1315,5233.0,lev20,Almucantar,Mount_Chacaltaya,117,117.568148,0.9114,0.8854500000000001,0.8596,0.84035,51.558755,52.159347,4.387737,0.394177,0.043887,3,10,8,4,3,10,8,4,3,10,8,4,3,10,8,4,0.05436,0.10059,0.17189,0.19281,1,1,03:05:2024,11:38:18,354,-16.350139,-68.1315,5233.0,lev20,Almucantar,Mount_Chacaltaya,117,117.568148,0.0455,0.0367,0.0271,0.0217,0.0443,0.0355,0.0259,0.0205,0.0011,0.0012,0.0012,0.0012,0.733071,51.558755,52.159347,4.387737,0.394177,0.043887,3,10,8,4,3,10,8,4,3,10,8,4,3,10,8,4,0.05436,0.10059,0.17189,0.19281,1,1,03:05:2024,11:38:18,354,-16.350139,-68.1315,5233.0,lev20,Almucantar,Mount_Chacaltaya,117,117.568148,0.036778,0.023216,0.018213,0.0159,1.0336025,51.558755,52.159347,4.387737,0.394177,0.043887,3,10,8,4,3,10,8,4,3,10,8,4,3,10,8,4,0.05436,0.10059,0.17189,0.19281,1,1,03:05:2024,11:38:18,354,-16.350139,-68.1315,5233.0,lev20,Almucantar,0.7601064217463201,0.04128690416959971,0.9714506744204833,Unclassified,Maritime,,Unknown
02:05:2022,13:04:28,Mount_Chacaltaya,122,122.544769,0.067666,0.047112,0.035397,0.025267,0.939681,59.109853,59.733837,4.863047,0.340328,0.067666,3,10,7,5,3,11,7,5,3,10,8,5,3,10,8,5,0.05777,0.10729,0.18056,0.20251,1,1,03:05:2024,11:57:50,354,-16.350139,-68.1315,5233.0,lev20,Almucantar,Mount_Chacaltaya,122,122.544769,1.47015,1.4826,1.48925,1.48655,0.011893,0.011836,0.0124395,0.012941000000000001,59.109853,59.733837,4.863047,0.340328,0.067666,3,10,7,5,3,11,7,5,3,10,8,5,3,10,8,5,0.05777,0.10729,0.18056,0.20251,1,1,03:05:2024,11:57:50,354,-16.350139,-68.1315,5233.0,lev20,Almucantar,Mount_Chacaltaya,122,122.544769,0.9114,0.8854500000000001,0.8596,0.84035,59.109853,59.733837,4.863047,0.340328,0.067666,3,10,7,5,3,11,7,5,3,10,8,5,3,10,8,5,0.05777,0.10729,0.18056,0.20251,1,1,03:05:2024,11:57:50,354,-16.350139,-68.1315,5233.0,lev20,Almucantar,Mount_Chacaltaya,122,122.544769,0.0682,0.0509,0.0375,0.0304,0.0655,0.0481,0.0346,0.0275,0.0027,0.0028,0.0029,0.0029,0.85713,59.109853,59.733837,4.863047,0.340328,0.067666,3,10,7,5,3,11,7,5,3,10,8,5,3,10,8,5,0.05777,0.10729,0.18056,0.20251,1,1,03:05:2024,11:57:50,354,-16.350139,-68.1315,5233.0,lev20,Almucantar,Mount_Chacaltaya,122,122.544769,0.036778,0.023216,0.018213,0.0159,1.0336025,59.109853,59.733837,4.863047,0.340328,0.067666,3,10,7,5,3,11,7,5,3,10,8,5,3,10,8,5,0.05777,0.10729,0.18056,0.20251,1,1,03:05:2024,11:57:50,354,-16.350139,-68.1315,5233.0,lev20,Almucantar,0.8773469478451769,0.06096441580631032,0.9540433021664937,Unclassified,Maritime,,Unknown
02:05:2022,13:31:30,Mount_Chacaltaya,122,122.563542,0.066753,0.04655,0.035375,0.025401,0.922312,53.618055,54.214658,4.593531,0.383195,0.066753,4,10,8,4,4,10,8,4,4,10,8,4,4,10,8,4,0.05569,0.10376,0.1729,0.19435,1,1,03:05:2024,11:59:23,354,-16.350139,-68.1315,5233.0,lev20,Almucantar,Mount_Chacaltaya,122,122.563542,1.47015,1.4826,1.48925,1.48655,0.011893,0.011836,0.0124395,0.012941000000000001,53.618055,54.214658,4.593531,0.383195,0.066753,4,10,8,4,4,10,8,4,4,10,8,4,4,10,8,4,0.05569,0.10376,0.1729,0.19435,1,1,03:05:2024,11:59:23,354,-16.350139,-68.1315,5233.0,lev20,Almucantar,Mount_Chacaltaya,122,122.563542,0.9114,0.8854500000000001,0.8596,0.84035,53.618055,54.214658,4.593531,0.383195,0.066753,4,10,8,4,4,10,8,4,4,10,8,4,4,10,8,4,0.05569,0.10376,0.1729,0.19435,1,1,03:05:2024,11:59:23,354,-16.350139,-68.1315,5233.0,lev20,Almucantar,Mount_Chacaltaya,122,122.563542,0.0684,0.0511,0.0377,0.0307,0.0652,0.0478,0.0343,0.0272,0.0032,0.0033,0.0034,0.0034,0.853747,53.618055,54.214658,4.593531,0.383195,0.066753,4,10,8,4,4,10,8,4,4,10,8,4,4,10,8,4,0.05569,0.10376,0.1729,0.19435,1,1,03:05:2024,11:59:23,354,-16.350139,-68.1315,5233.0,lev20,Almucantar,Mount_Chacaltaya,122,122.563542,0.036778,0.023216,0.018213,0.0159,1.0336025,53.618055,54.214658,4.593531,0.383195,0.066753,4,10,8,4,4,10,8,4,4,10,8,4,4,10,8,4,0.05569,0.10376,0.1729,0.19435,1,1,03:05:2024,11:59:23,354,-16.350139,-68.1315,5233.0,lev20,Almucantar,0.8738397791941225,0.06117061575501178,0.9463848823067549,Unclassified,Maritime,,Unknown
04:05:2022,19:31:20,Mount_Chacaltaya,124,124.813426,0.060154,0.040133,0.030931,0.022278,0.972815,55.984731,55.384126,4.754018,0.316083,0.060154,4,10,8,4,4,10,8,4,4,10,8,4,4,10,8,4,0.05658,0.10499,0.17496,0.19589,1,1,03:05:2024,11:57:30,354,-16.350139,-68.1315,5233.0,lev20,Almucantar,Mount_Chacaltaya,124,124.813426,1.47015,1.4826,1.48925,1.48655,0.011893,0.011836,0.0124395,0.012941000000000001,55.984731,55.384126,4.754018,0.316083,0.060154,4,10,8,4,4,10,8,4,4,10,8,4,4,10,8,4,0.05658,0.10499,0.17496,0.19589,1,1,03:05:2024,11:57:30,354,-16.350139,-68.1315,5233.0,lev20,Almucantar,Mount_Chacaltaya,124,124.813426,0.9114,0.8854500000000001,0.8596,0.84035,55.984731,55.384126,4.754018,0.316083,0.060154,4,10,8,4,4,10,8,4,4,10,8,4,4,10,8,4,0.05658,0.10499,0.17496,0.19589,1,1,03:05:2024,11:57:30,354,-16.350139,-68.1315,5233.0,lev20,Almucantar,Mount_Chacaltaya,124,124.813426,0.0616,0.0445,0.0323,0.0263,0.0566,0.0393,0.027,0.0209,0.005,0.0052,0.0053,0.0054,0.927499,55.984731,55.384126,4.754018,0.316083,0.060154,4,10,8,4,4,10,8,4,4,10,8,4,4,10,8,4,0.05658,0.10499,0.17496,0.19589,1,1,03:05:2024,11:57:30,354,-16.350139,-68.1315,5233.0,lev20,Almucantar,Mount_Chacaltaya,124,124.813426,0.036778,0.023216,0.018213,0.0159,1.0336025,55.984731,55.384126,4.754018,0.316083,0.060154,4,10,8,4,4,10,8,4,4,10,8,4,4,10,8,4,0.05658,0.10499,0.17496,0.19589,1,1,03:05:2024,11:57:30,354,-16.350139,-68.1315,5233.0,lev20,Almucantar,0.9470106132747281,0.05457644126580608,0.9044736062569225,Unclassified,Maritime,,Unknown
04:05:2022,19:56:54,Mount_Chacaltaya,124,124.831181,0.06004,0.041037,0.03113,0.022559,0.955922,61.224892,60.599735,4.346794,0.285647,0.06004,3,10,8,5,3,10,8,4,3,10,8,4,3,10,8,4,0.05888,0.10876,0.1828,0.20401,1,1,03:05:2024,11:58:53,354,-16.350139,-68.1315,5233.0,lev20,Almucantar,Mount_Chacaltaya,124,124.831181,1.47015,1.4826,1.48925,1.48655,0.011893,0.011836,0.0124395,0.012941000000000001,61.224892,60.599735,4.346794,0.285647,0.06004,3,10,8,5,3,10,8,4,3,10,8,4,3,10,8,4,0.05888,0.10876,0.1828,0.20401,1,1,03:05:2024,11:58:53,354,-16.350139,-68.1315,5233.0,lev20,Almucantar,Mount_Chacaltaya,124,124.831181,0.9114,0.8854500000000001,0.8596,0.84035,61.224892,60.599735,4.346794,0.285647,0.06004,3,10,8,5,3,10,8,4,3,10,8,4,3,10,8,4,0.05888,0.10876,0.1828,0.20401,1,1,03:05:2024,11:58:53,354,-16.350139,-68.1315,5233.0,lev20,Almucantar,Mount_Chacaltaya,124,124.831181,0.0599,0.0441,0.0328,0.0271,0.0546,0.0385,0.0271,0.0214,0.0053,0.0055,0.0057,0.0057,0.865935,61.224892,60.599735,4.346794,0.285647,0.06004,3,10,8,5,3,10,8,4,3,10,8,4,3,10,8,4,0.05888,0.10876,0.1828,0.20401,1,1,03:05:2024,11:58:53,354,-16.350139,-68.1315,5233.0,lev20,Almucantar,Mount_Chacaltaya,124,124.831181,0.036778,0.023216,0.018213,0.0159,1.0336025,61.224892,60.599735,4.346794,0.285647,0.06004,3,10,8,5,3,10,8,4,3,10,8,4,3,10,8,4,0.05888,0.10876,0.1828,0.20401,1,1,03:05:2024,11:58:53,354,-16.350139,-68.1315,5233.0,lev20,Almucantar,0.8834262282975136,0.0535033972495693,0.8948571111913664,Unclassified,Maritime,,Unknown
05:05:2022,19:31:14,Mount_Chacaltaya,125,125.813356,0.061288,0.043302,0.032691,0.023155,0.910529,56.137846,55.539261,4.194639,0.265394,0.061288,4,10,8,4,4,10,8,4,4,10,8,4,4,10,8,4,0.05664,0.10509,0.17517,0.1961,1,1,03:05:2024,12:04:52,354,-16.350139,-68.1315,5233.0,lev20,Almucantar,Mount_Chacaltaya,125,125.813356,1.47015,1.4826,1.48925,1.48655,0.011893,0.011836,0.0124395,0.012941000000000001,56.137846,55.539261,4.194639,0.265394,0.061288,4,10,8,4,4,10,8,4,4,10,8,4,4,10,8,4,0.05664,0.10509,0.17517,0.1961,1,1,03:05:2024,12:04:52,354,-16.350139,-68.1315,5233.0,lev20,Almucantar,Mount_Chacaltaya,125,125.813356,0.9114,0.8854500000000001,0.8596,0.84035,56.137846,55.539261,4.194639,0.265394,0.061288,4,10,8,4,4,10,8,4,4,10,8,4,4,10,8,4,0.05664,0.10509,0.17517,0.1961,1,1,03:05:2024,12:04:52,354,-16.350139,-68.1315,5233.0,lev20,Almucantar,Mount_Chacaltaya,125,125.813356,0.0609,0.0466,0.0337,0.027,0.0571,0.0426,0.0297,0.023,0.0038,0.004,0.004,0.0041,0.842611,56.137846,55.539261,4.194639,0.265394,0.061288,4,10,8,4,4,10,8,4,4,10,8,4,4,10,8,4,0.05664,0.10509,0.17517,0.1961,1,1,03:05:2024,12:04:52,354,-16.350139,-68.1315,5233.0,lev20,Almucantar,Mount_Chacaltaya,125,125.813356,0.036778,0.023216,0.018213,0.0159,1.0336025,56.137846,55.539261,4.194639,0.265394,0.061288,4,10,8,4,4,10,8,4,4,10,8,4,4,10,8,4,0.05664,0.10509,0.17517,0.1961,1,1,03:05:2024,12:04:52,354,-16.350139,-68.1315,5233.0,lev20,Almucantar,0.8680054166147612,0.0545039467141783,0.9283807934381914,Unclassified,Maritime,,Unknown
05:05:2022,19:56:09,Mount_Chacaltaya,125,125.83066,0.056431,0.041453,0.03071,0.02171,0.874629,61.226639,60.603819,4.782558,0.314825,0.056431,3,10,8,5,3,10,8,5,3,10,8,4,3,10,8,4,0.05888,0.10876,0.1828,0.20402,1,1,03:05:2024,12:06:49,354,-16.350139,-68.1315,5233.0,lev20,Almucantar,Mount_Chacaltaya,125,125.83066,1.47015,1.4826,1.48925,1.48655,0.011893,0.011836,0.0124395,0.012941000000000001,61.226639,60.603819,4.782558,0.314825,0.056431,3,10,8,5,3,10,8,5,3,10,8,4,3,10,8,4,0.05888,0.10876,0.1828,0.20402,1,1,03:05:2024,12:06:49,354,-16.350139,-68.1315,5233.0,lev20,Almucantar,Mount_Chacaltaya,125,125.83066,0.9114,0.8854500000000001,0.8596,0.84035,61.226639,60.603819,4.782558,0.314825,0.056431,3,10,8,5,3,10,8,5,3,10,8,4,3,10,8,4,0.05888,0.10876,0.1828,0.20402,1,1,03:05:2024,12:06:49,354,-16.350139,-68.1315,5233.0,lev20,Almucantar,Mount_Chacaltaya,125,125.83066,0.0584,0.0447,0.0326,0.0261,0.0553,0.0415,0.0293,0.0227,0.0032,0.0033,0.0033,0.0034,0.831081,61.226639,60.603819,4.782558,0.314825,0.056431,3,10,8,5,3,10,8,5,3,10,8,4,3,10,8,4,0.05888,0.10876,0.1828,0.20402,1,1,03:05:2024,12:06:49,354,-16.350139,-68.1315,5233.0,lev20,Almucantar,Mount_Chacaltaya,125,125.83066,0.036778,0.023216,0.018213,0.0159,1.0336025,61.226639,60.603819,4.782558,0.314825,0.056431,3,10,8,5,3,10,8,5,3,10,8,4,3,10,8,4,0.05888,0.10876,0.1828,0.20402,1,1,03:05:2024,12:06:49,354,-16.350139,-68.1315,5233.0,lev20,Almucantar,0.8551969977563624,0.0523521588009012,0.9403876180835821,Unclassified,Maritime,,Unknown
13:05:2022,13:11:29,Mount_Chacaltaya,133,133.549641,0.064822,0.044546,0.032638,0.022724,0.993098,59.12478,59.721864,3.996829,0.30238,0.064822,3,11,6,5,3,11,7,5,3,10,8,5,3,10,8,5,0.06109,0.11189,0.18221,0.20465,1,1,16:05:2024,23:45:29,354,-16.350139,-68.1315,5233.0,lev20,Almucantar,Mount_Chacaltaya,133,133.549641,1.47015,1.4826,1.48925,1.48655,0.011893,0.011836,0.0124395,0.012941000000000001,59.12478,59.721864,3.996829,0.30238,0.064822,3,11,6,5,3,11,7,5,3,10,8,5,3,10,8,5,0.06109,0.11189,0.18221,0.20465,1,1,16:05:2024,23:45:29,354,-16.350139,-68.1315,5233.0,lev20,Almucantar,Mount_Chacaltaya,133,133.549641,0.9114,0.8854500000000001,0.8596,0.84035,59.12478,59.721864,3.996829,0.30238,0.064822,3,11,6,5,3,11,7,5,3,10,8,5,3,10,8,5,0.06109,0.11189,0.18221,0.20465,1,1,16:05:2024,23:45:29,354,-16.350139,-68.1315,5233.0,lev20,Almucantar,Mount_Chacaltaya,133,133.549641,0.065,0.0476,0.0343,0.0276,0.0612,0.0437,0.0303,0.0235,0.0038,0.0039,0.004,0.0041,0.9158,59.12478,59.721864,3.996829,0.30238,0.064822,3,11,6,5,3,11,7,5,3,10,8,5,3,10,8,5,0.06109,0.11189,0.18221,0.20465,1,1,16:05:2024,23:45:29,354,-16.350139,-68.1315,5233.0,lev20,Almucantar,Mount_Chacaltaya,133,133.549641,0.036778,0.023216,0.018213,0.0159,1.0336025,59.12478,59.721864,3.996829,0.30238,0.064822,3,11,6,5,3,11,7,5,3,10,8,5,3,10,8,5,0.06109,0.11189,0.18221,0.20465,1,1,16:05:2024,23:45:29,354,-16.350139,-68.1315,5233.0,lev20,Almucantar,0.9376919212789002,0.05765742023115088,0.9326314166323625,Unclassified,Maritime,,Unknown
13:05:2022,13:30:56,Mount_Chacaltaya,133,133.563148,0.064836,0.044078,0.032528,0.022659,1.000467,55.334878,55.909623,4.225108,0.356563,0.064836,4,10,8,4,4,10,8,4,4,10,8,4,4,10,8,4,0.05937,0.10905,0.17653,0.19858,1,1,16:05:2024,23:46:51,354,-16.350139,-68.1315,5233.0,lev20,Almucantar,Mount_Chacaltaya,133,133.563148,1.47015,1.4826,1.48925,1.48655,0.011893,0.011836,0.0124395,0.012941000000000001,55.334878,55.909623,4.225108,0.356563,0.064836,4,10,8,4,4,10,8,4,4,10,8,4,4,10,8,4,0.05937,0.10905,0.17653,0.19858,1,1,16:05:2024,23:46:51,354,-16.350139,-68.1315,5233.0,lev20,Almucantar,Mount_Chacaltaya,133,133.563148,0.9114,0.8854500000000001,0.8596,0.84035,55.334878,55.909623,4.225108,0.356563,0.064836,4,10,8,4,4,10,8,4,4,10,8,4,4,10,8,4,0.05937,0.10905,0.17653,0.19858,1,1,16:05:2024,23:46:51,354,-16.350139,-68.1315,5233.0,lev20,Almucantar,Mount_Chacaltaya,133,133.563148,0.0642,0.0473,0.0348,0.0286,0.0597,0.0426,0.03,0.0238,0.0045,0.0047,0.0048,0.0048,0.87906,55.334878,55.909623,4.225108,0.356563,0.064836,4,10,8,4,4,10,8,4,4,10,8,4,4,10,8,4,0.05937,0.10905,0.17653,0.19858,1,1,16:05:2024,23:46:51,354,-16.350139,-68.1315,5233.0,lev20,Almucantar,Mount_Chacaltaya,133,133.563148,0.036778,0.023216,0.018213,0.0159,1.0336025,55.334878,55.909623,4.225108,0.356563,0.064836,4,10,8,4,4,10,8,4,4,10,8,4,4,10,8,4,0.05937,0.10905,0.17653,0.19858,1,1,16:05:2024,23:46:51,354,-16.350139,-68.1315,5233.0,lev20,Almucantar,0.8982972262404582,0.05723530038593266,0.917391591965239,Unclassified,Maritime,,Unknown
15:05:2022,13:12:49,Mount_Chacaltaya,135,135.550567,0.050199,0.037388,0.027409,0.018042,0.866874,59.125282,59.717682,4.398941,0.396532,0.050199,3,11,6,5,3,11,7,5,3,10,8,5,3,10,8,5,0.0611,0.1119,0.18221,0.20466,1,1,17:05:2024,00:04:19,354,-16.350139,-68.1315,5233.0,lev20,Almucantar,Mount_Chacaltaya,135,135.550567,1.47015,1.4826,1.48925,1.48655,0.011893,0.011836,0.0124395,0.012941000000000001,59.125282,59.717682,4.398941,0.396532,0.050199,3,11,6,5,3,11,7,5,3,10,8,5,3,10,8,5,0.0611,0.1119,0.18221,0.20466,1,1,17:05:2024,00:04:19,354,-16.350139,-68.1315,5233.0,lev20,Almucantar,Mount_Chacaltaya,135,135.550567,0.9114,0.8854500000000001,0.8596,0.84035,59.125282,59.717682,4.398941,0.396532,0.050199,3,11,6,5,3,11,7,5,3,10,8,5,3,10,8,5,0.0611,0.1119,0.18221,0.20466,1,1,17:05:2024,00:04:19,354,-16.350139,-68.1315,5233.0,lev20,Almucantar,Mount_Chacaltaya,135,135.550567,0.0509,0.0412,0.0302,0.0241,0.0481,0.0384,0.0273,0.0212,0.0027,0.0028,0.0029,0.0029,0.737247,59.125282,59.717682,4.398941,0.396532,0.050199,3,11,6,5,3,11,7,5,3,10,8,5,3,10,8,5,0.0611,0.1119,0.18221,0.20466,1,1,17:05:2024,00:04:19,354,-16.350139,-68.1315,5233.0,lev20,Almucantar,Mount_Chacaltaya,135,135.550567,0.036778,0.023216,0.018213,0.0159,1.0336025,59.125282,59.717682,4.398941,0.396532,0.050199,3,11,6,5,3,11,7,5,3,10,8,5,3,10,8,5,0.0611,0.1119,0.18221,0.20466,1,1,17:05:2024,00:04:19,354,-16.350139,-68.1315,5233.0,lev20,Almucantar,0.7657427675260444,0.04615362212914538,0.9406706606339666,Unclassified,Maritime,,Unknown
15:05:2022,13:30:55,Mount_Chacaltaya,135,135.563137,0.051141,0.037923,0.028115,0.019232,0.858949,55.623652,56.19488,4.552185,0.37302,0.051141,4,10,8,4,4,10,8,4,4,10,8,4,4,10,8,4,0.05951,0.10926,0.17694,0.19901,1,1,16:05:2024,13:15:02,354,-16.350139,-68.1315,5233.0,lev20,Almucantar,Mount_Chacaltaya,135,135.563137,1.47015,1.4826,1.48925,1.48655,0.011893,0.011836,0.0124395,0.012941000000000001,55.623652,56.19488,4.552185,0.37302,0.051141,4,10,8,4,4,10,8,4,4,10,8,4,4,10,8,4,0.05951,0.10926,0.17694,0.19901,1,1,16:05:2024,13:15:02,354,-16.350139,-68.1315,5233.0,lev20,Almucantar,Mount_Chacaltaya,135,135.563137,0.9114,0.8854500000000001,0.8596,0.84035,55.623652,56.19488,4.552185,0.37302,0.051141,4,10,8,4,4,10,8,4,4,10,8,4,4,10,8,4,0.05951,0.10926,0.17694,0.19901,1,1,16:05:2024,13:15:02,354,-16.350139,-68.1315,5233.0,lev20,Almucantar,Mount_Chacaltaya,135,135.563137,0.0523,0.0419,0.0306,0.0246,0.0495,0.039,0.0277,0.0216,0.0028,0.0029,0.0029,0.003,0.758126,55.623652,56.19488,4.552185,0.37302,0.051141,4,10,8,4,4,10,8,4,4,10,8,4,4,10,8,4,0.05951,0.10926,0.17694,0.19901,1,1,16:05:2024,13:15:02,354,-16.350139,-68.1315,5233.0,lev20,Almucantar,Mount_Chacaltaya,135,135.563137,0.036778,0.023216,0.018213,0.0159,1.0336025,55.623652,56.19488,4.552185,0.37302,0.051141,4,10,8,4,4,10,8,4,4,10,8,4,4,10,8,4,0.05951,0.10926,0.17694,0.19901,1,1,16:05:2024,13:15:02,354,-16.350139,-68.1315,5233.0,lev20,Almucantar,0.7862429640878179,0.04729895877989751,0.9413130100922907,Unclassified,Maritime,,Unknown
16:05:2022,13:13:33,Mount_Chacaltaya,136,136.551076,0.049245,0.035779,0.026324,0.017321,0.90079,59.112776,59.702804,4.831892,0.401279,0.049245,3,11,6,5,3,11,7,5,3,10,8,5,3,10,8,5,0.0611,0.11189,0.18219,0.20463,1,1,16:05:2024,23:57:29,354,-16.350139,-68.1315,5233.0,lev20,Almucantar,Mount_Chacaltaya,136,136.551076,1.47015,1.4826,1.48925,1.48655,0.011893,0.011836,0.0124395,0.012941000000000001,59.112776,59.702804,4.831892,0.401279,0.049245,3,11,6,5,3,11,7,5,3,10,8,5,3,10,8,5,0.0611,0.11189,0.18219,0.20463,1,1,16:05:2024,23:57:29,354,-16.350139,-68.1315,5233.0,lev20,Almucantar,Mount_Chacaltaya,136,136.551076,0.9114,0.8854500000000001,0.8596,0.84035,59.112776,59.702804,4.831892,0.401279,0.049245,3,11,6,5,3,11,7,5,3,10,8,5,3,10,8,5,0.0611,0.11189,0.18219,0.20463,1,1,16:05:2024,23:57:29,354,-16.350139,-68.1315,5233.0,lev20,Almucantar,Mount_Chacaltaya,136,136.551076,0.0507,0.0399,0.029,0.0232,0.0486,0.0377,0.0267,0.0209,0.0021,0.0022,0.0023,0.0023,0.792233,59.112776,59.702804,4.831892,0.401279,0.049245,3,11,6,5,3,11,7,5,3,10,8,5,3,10,8,5,0.0611,0.11189,0.18219,0.20463,1,1,16:05:2024,23:57:29,354,-16.350139,-68.1315,5233.0,lev20,Almucantar,Mount_Chacaltaya,136,136.551076,0.036778,0.023216,0.018213,0.0159,1.0336025,59.112776,59.702804,4.831892,0.401279,0.049245,3,11,6,5,3,11,7,5,3,10,8,5,3,10,8,5,0.0611,0.11189,0.18219,0.20463,1,1,16:05:2024,23:57:29,354,-16.350139,-68.1315,5233.0,lev20,Almucantar,0.8194439392775631,0.045657762165747184,0.9533075800211607,Unclassified,Maritime,,Unknown
24:05:2022,13:18:48,Mount_Chacaltaya,144,144.554722,0.042573,0.03139,0.023014,0.014927,0.882443,59.124601,59.697552,4.622372,0.339763,0.042573,3,11,6,5,3,11,6,5,3,10,7,5,3,10,7,5,0.06046,0.11218,0.18012,0.20287,1,1,17:05:2024,00:05:37,354,-16.350139,-68.1315,5233.0,lev20,Almucantar,Mount_Chacaltaya,144,144.554722,1.47015,1.4826,1.48925,1.48655,0.011893,0.011836,0.0124395,0.012941000000000001,59.124601,59.697552,4.622372,0.339763,0.042573,3,11,6,5,3,11,6,5,3,10,7,5,3,10,7,5,0.06046,0.11218,0.18012,0.20287,1,1,17:05:2024,00:05:37,354,-16.350139,-68.1315,5233.0,lev20,Almucantar,Mount_Chacaltaya,144,144.554722,0.9114,0.8854500000000001,0.8596,0.84035,59.124601,59.697552,4.622372,0.339763,0.042573,3,11,6,5,3,11,6,5,3,10,7,5,3,10,7,5,0.06046,0.11218,0.18012,0.20287,1,1,17:05:2024,00:05:37,354,-16.350139,-68.1315,5233.0,lev20,Almucantar,Mount_Chacaltaya,144,144.554722,0.043,0.0361,0.0257,0.0203,0.0424,0.0354,0.025,0.0196,0.0007,0.0007,0.0007,0.0007,0.718633,59.124601,59.697552,4.622372,0.339763,0.042573,3,11,6,5,3,11,6,5,3,10,7,5,3,10,7,5,0.06046,0.11218,0.18012,0.20287,1,1,17:05:2024,00:05:37,354,-16.350139,-68.1315,5233.0,lev20,Almucantar,Mount_Chacaltaya,144,144.554722,0.036778,0.023216,0.018213,0.0159,1.0336025,59.124601,59.697552,4.622372,0.339763,0.042573,3,11,6,5,3,11,6,5,3,10,7,5,3,10,7,5,0.06046,0.11218,0.18012,0.20287,1,1,17:05:2024,00:05:37,354,-16.350139,-68.1315,5233.0,lev20,Almucantar,0.7550171153001215,0.03904378592172431,0.9839261974941875,Unclassified,Maritime,,Unknown
24:05:2022,19:44:37,Mount_Chacaltaya,144,144.82265,0.048602,0.036572,0.028659,0.02114,0.763376,61.197068,60.615416,4.822611,0.300314,0.048602,3,10,8,5,3,10,8,5,3,10,8,5,3,10,8,5,0.06148,0.11357,0.18231,0.20441,1,1,16:05:2024,13:33:23,354,-16.350139,-68.1315,5233.0,lev20,Almucantar,Mount_Chacaltaya,144,144.82265,1.47015,1.4826,1.48925,1.48655,0.011893,0.011836,0.0124395,0.012941000000000001,61.197068,60.615416,4.822611,0.300314,0.048602,3,10,8,5,3,10,8,5,3,10,8,5,3,10,8,5,0.06148,0.11357,0.18231,0.20441,1,1,16:05:2024,13:33:23,354,-16.350139,-68.1315,5233.0,lev20,Almucantar,Mount_Chacaltaya,144,144.82265,0.9114,0.8854500000000001,0.8596,0.84035,61.197068,60.615416,4.822611,0.300314,0.048602,3,10,8,5,3,10,8,5,3,10,8,5,3,10,8,5,0.06148,0.11357,0.18231,0.20441,1,1,16:05:2024,13:33:23,354,-16.350139,-68.1315,5233.0,lev20,Almucantar,Mount_Chacaltaya,144,144.82265,0.0493,0.04,0.0304,0.0253,0.0439,0.0345,0.0247,0.0196,0.0054,0.0056,0.0057,0.0057,0.686084,61.197068,60.615416,4.822611,0.300314,0.048602,3,10,8,5,3,10,8,5,3,10,8,5,3,10,8,5,0.06148,0.11357,0.18231,0.20441,1,1,16:05:2024,13:33:23,354,-16.350139,-68.1315,5233.0,lev20,Almucantar,Mount_Chacaltaya,144,144.82265,0.036778,0.023216,0.018213,0.0159,1.0336025,61.197068,60.615416,4.822611,0.300314,0.048602,3,10,8,5,3,10,8,5,3,10,8,5,3,10,8,5,0.06148,0.11357,0.18231,0.20441,1,1,16:05:2024,13:33:23,354,-16.350139,-68.1315,5233.0,lev20,Almucantar,0.7092098622255651,0.04502704878272858,0.8794751216252304,Unclassified,Maritime,,Unknown
27:05:2022,13:20:41,Mount_Chacaltaya,147,147.55603,0.057368,0.040688,0.030032,0.021294,0.934187,59.132185,59.699492,4.433869,0.301986,0.057368,3,11,7,5,3,11,6,5,3,10,7,5,3,10,7,5,0.05894,0.11205,0.17674,0.2003,1,1,19:05:2024,16:19:15,354,-16.350139,-68.1315,5233.0,lev20,Almucantar,Mount_Chacaltaya,147,147.55603,1.47015,1.4826,1.48925,1.48655,0.011893,0.011836,0.0124395,0.012941000000000001,59.132185,59.699492,4.433869,0.301986,0.057368,3,11,7,5,3,11,6,5,3,10,7,5,3,10,7,5,0.05894,0.11205,0.17674,0.2003,1,1,19:05:2024,16:19:15,354,-16.350139,-68.1315,5233.0,lev20,Almucantar,Mount_Chacaltaya,147,147.55603,0.9114,0.8854500000000001,0.8596,0.84035,59.132185,59.699492,4.433869,0.301986,0.057368,3,11,7,5,3,11,6,5,3,10,7,5,3,10,7,5,0.05894,0.11205,0.17674,0.2003,1,1,19:05:2024,16:19:15,354,-16.350139,-68.1315,5233.0,lev20,Almucantar,Mount_Chacaltaya,147,147.55603,0.0574,0.0443,0.032,0.0255,0.055,0.0418,0.0294,0.0229,0.0024,0.0025,0.0026,0.0026,0.830748,59.132185,59.699492,4.433869,0.301986,0.057368,3,11,7,5,3,11,6,5,3,10,7,5,3,10,7,5,0.05894,0.11205,0.17674,0.2003,1,1,19:05:2024,16:19:15,354,-16.350139,-68.1315,5233.0,lev20,Almucantar,Mount_Chacaltaya,147,147.55603,0.036778,0.023216,0.018213,0.0159,1.0336025,59.132185,59.699492,4.433869,0.301986,0.057368,3,11,7,5,3,11,6,5,3,10,7,5,3,10,7,5,0.05894,0.11205,0.17674,0.2003,1,1,19:05:2024,16:19:15,354,-16.350139,-68.1315,5233.0,lev20,Almucantar,0.8571109829181104,0.05144312953460935,0.9525530783658703,Unclassified,Maritime,,Unknown
27:05:2022,13:31:44,Mount_Chacaltaya,147,147.563704,0.057028,0.040459,0.029939,0.02107,0.930367,57.07514,57.628366,4.540816,0.31071,0.057028,4,10,8,4,4,10,7,5,4,10,7,5,4,10,7,5,0.05823,0.11074,0.17397,0.19725,1,1,19:05:2024,16:20:33,354,-16.350139,-68.1315,5233.0,lev20,Almucantar,Mount_Chacaltaya,147,147.563704,1.47015,1.4826,1.48925,1.48655,0.011893,0.011836,0.0124395,0.012941000000000001,57.07514,57.628366,4.540816,0.31071,0.057028,4,10,8,4,4,10,7,5,4,10,7,5,4,10,7,5,0.05823,0.11074,0.17397,0.19725,1,1,19:05:2024,16:20:33,354,-16.350139,-68.1315,5233.0,lev20,Almucantar,Mount_Chacaltaya,147,147.563704,0.9114,0.8854500000000001,0.8596,0.84035,57.07514,57.628366,4.540816,0.31071,0.057028,4,10,8,4,4,10,7,5,4,10,7,5,4,10,7,5,0.05823,0.11074,0.17397,0.19725,1,1,19:05:2024,16:20:33,354,-16.350139,-68.1315,5233.0,lev20,Almucantar,Mount_Chacaltaya,147,147.563704,0.0571,0.044,0.032,0.0256,0.0547,0.0415,0.0294,0.023,0.0024,0.0025,0.0026,0.0026,0.824256,57.07514,57.628366,4.540816,0.31071,0.057028,4,10,8,4,4,10,7,5,4,10,7,5,4,10,7,5,0.05823,0.11074,0.17397,0.19725,1,1,19:05:2024,16:20:33,354,-16.350139,-68.1315,5233.0,lev20,Almucantar,Mount_Chacaltaya,147,147.563704,0.036778,0.023216,0.018213,0.0159,1.0336025,57.07514,57.628366,4.540816,0.31071,0.057028,4,10,8,4,4,10,7,5,4,10,7,5,4,10,7,5,0.05823,0.11074,0.17397,0.19725,1,1,19:05:2024,16:20:33,354,-16.350139,-68.1315,5233.0,lev20,Almucantar,0.8494242518393966,0.0512245726102015,0.9521999682868891,Unclassified,Maritime,,Unknown
28:05:2022,13:21:20,Mount_Chacaltaya,148,148.556481,0.053654,0.037662,0.028142,0.020264,0.934186,59.127842,59.69333,4.224295,0.266416,0.053654,3,11,7,5,3,11,7,5,3,10,8,5,3,10,8,5,0.05895,0.11206,0.17675,0.2003,1,1,20:05:2024,15:29:49,354,-16.350139,-68.1315,5233.0,lev20,Almucantar,Mount_Chacaltaya,148,148.556481,1.47015,1.4826,1.48925,1.48655,0.011893,0.011836,0.0124395,0.012941000000000001,59.127842,59.69333,4.224295,0.266416,0.053654,3,11,7,5,3,11,7,5,3,10,8,5,3,10,8,5,0.05895,0.11206,0.17675,0.2003,1,1,20:05:2024,15:29:49,354,-16.350139,-68.1315,5233.0,lev20,Almucantar,Mount_Chacaltaya,148,148.556481,0.9114,0.8854500000000001,0.8596,0.84035,59.127842,59.69333,4.224295,0.266416,0.053654,3,11,7,5,3,11,7,5,3,10,8,5,3,10,8,5,0.05895,0.11206,0.17675,0.2003,1,1,20:05:2024,15:29:49,354,-16.350139,-68.1315,5233.0,lev20,Almucantar,Mount_Chacaltaya,148,148.556481,0.0528,0.0405,0.0298,0.0243,0.0491,0.0367,0.0259,0.0203,0.0037,0.0038,0.0039,0.004,0.816118,59.127842,59.69333,4.224295,0.266416,0.053654,3,11,7,5,3,11,7,5,3,10,8,5,3,10,8,5,0.05895,0.11206,0.17675,0.2003,1,1,20:05:2024,15:29:49,354,-16.350139,-68.1315,5233.0,lev20,Almucantar,Mount_Chacaltaya,148,148.556481,0.036778,0.023216,0.018213,0.0159,1.0336025,59.127842,59.69333,4.224295,0.266416,0.053654,3,11,7,5,3,11,7,5,3,10,8,5,3,10,8,5,0.05895,0.11206,0.17675,0.2003,1,1,20:05:2024,15:29:49,354,-16.350139,-68.1315,5233.0,lev20,Almucantar,0.8390601252687143,0.047429827644916114,0.9210665603762296,Unclassified,Maritime,,Unknown
28:05:2022,13:31:50,Mount_Chacaltaya,148,148.563773,0.053674,0.037406,0.028045,0.02011,0.940964,57.178528,57.730564,4.40311,0.284366,0.053674,4,10,7,5,4,10,7,5,4,10,7,5,4,10,7,5,0.05826,0.11079,0.17409,0.1974,1,1,20:05:2024,15:31:31,354,-16.350139,-68.1315,5233.0,lev20,Almucantar,Mount_Chacaltaya,148,148.563773,1.47015,1.4826,1.48925,1.48655,0.011893,0.011836,0.0124395,0.012941000000000001,57.178528,57.730564,4.40311,0.284366,0.053674,4,10,7,5,4,10,7,5,4,10,7,5,4,10,7,5,0.05826,0.11079,0.17409,0.1974,1,1,20:05:2024,15:31:31,354,-16.350139,-68.1315,5233.0,lev20,Almucantar,Mount_Chacaltaya,148,148.563773,0.9114,0.8854500000000001,0.8596,0.84035,57.178528,57.730564,4.40311,0.284366,0.053674,4,10,7,5,4,10,7,5,4,10,7,5,4,10,7,5,0.05826,0.11079,0.17409,0.1974,1,1,20:05:2024,15:31:31,354,-16.350139,-68.1315,5233.0,lev20,Almucantar,Mount_Chacaltaya,148,148.563773,0.0528,0.0404,0.0299,0.0244,0.0494,0.0369,0.0263,0.0208,0.0034,0.0036,0.0036,0.0037,0.812333,57.178528,57.730564,4.40311,0.284366,0.053674,4,10,7,5,4,10,7,5,4,10,7,5,4,10,7,5,0.05826,0.11079,0.17409,0.1974,1,1,20:05:2024,15:31:31,354,-16.350139,-68.1315,5233.0,lev20,Almucantar,Mount_Chacaltaya,148,148.563773,0.036778,0.023216,0.018213,0.0159,1.0336025,57.178528,57.730564,4.40311,0.284366,0.053674,4,10,7,5,4,10,7,5,4,10,7,5,4,10,7,5,0.05826,0.11079,0.17409,0.1974,1,1,20:05:2024,15:31:31,354,-16.350139,-68.1315,5233.0,lev20,Almucantar,0.8341459459406041,0.04745963223880688,0.926581162966096,Unclassified,Maritime,,Unknown
16:06:2022,13:30:50,Mount_Chacaltaya,167,167.563079,0.048854,0.03302,0.024753,0.017446,0.988936,59.118641,59.662799,4.780084,0.248585,0.048854,3,11,6,5,3,11,6,5,3,10,7,5,2,10,8,5,0.06123,0.11583,0.17687,0.20086,1,1,08:06:2024,18:31:10,354,-16.350139,-68.1315,5233.0,lev20,Almucantar,Mount_Chacaltaya,167,167.563079,1.47015,1.4826,1.48925,1.48655,0.011893,0.011836,0.0124395,0.012941000000000001,59.118641,59.662799,4.780084,0.248585,0.048854,3,11,6,5,3,11,6,5,3,10,7,5,2,10,8,5,0.06123,0.11583,0.17687,0.20086,1,1,08:06:2024,18:31:10,354,-16.350139,-68.1315,5233.0,lev20,Almucantar,Mount_Chacaltaya,167,167.563079,0.9114,0.8854500000000001,0.8596,0.84035,59.118641,59.662799,4.780084,0.248585,0.048854,3,11,6,5,3,11,6,5,3,10,7,5,2,10,8,5,0.06123,0.11583,0.17687,0.20086,1,1,08:06:2024,18:31:10,354,-16.350139,-68.1315,5233.0,lev20,Almucantar,Mount_Chacaltaya,167,167.563079,0.0464,0.0346,0.0255,0.0209,0.0428,0.0308,0.0217,0.017,0.0036,0.0038,0.0039,0.0039,0.858022,59.118641,59.662799,4.780084,0.248585,0.048854,3,11,6,5,3,11,6,5,3,10,7,5,2,10,8,5,0.06123,0.11583,0.17687,0.20086,1,1,08:06:2024,18:31:10,354,-16.350139,-68.1315,5233.0,lev20,Almucantar,Mount_Chacaltaya,167,167.563079,0.036778,0.023216,0.018213,0.0159,1.0336025,59.118641,59.662799,4.780084,0.248585,0.048854,3,11,6,5,3,11,6,5,3,10,7,5,2,10,8,5,0.06123,0.11583,0.17687,0.20086,1,1,08:06:2024,18:31:10,354,-16.350139,-68.1315,5233.0,lev20,Almucantar,0.87810587576977,0.04147323272624709,0.9096259538510383,Unclassified,Maritime,,Unknown
16:06:2022,13:38:37,Mount_Chacaltaya,167,167.568484,0.048484,0.032765,0.024568,0.017517,0.988848,57.726009,58.259428,4.916428,0.237166,0.048484,4,10,7,5,4,10,7,4,4,10,7,5,4,10,7,5,0.06072,0.11494,0.17506,0.19888,1,1,08:06:2024,18:32:32,354,-16.350139,-68.1315,5233.0,lev20,Almucantar,Mount_Chacaltaya,167,167.568484,1.47015,1.4826,1.48925,1.48655,0.011893,0.011836,0.0124395,0.012941000000000001,57.726009,58.259428,4.916428,0.237166,0.048484,4,10,7,5,4,10,7,4,4,10,7,5,4,10,7,5,0.06072,0.11494,0.17506,0.19888,1,1,08:06:2024,18:32:32,354,-16.350139,-68.1315,5233.0,lev20,Almucantar,Mount_Chacaltaya,167,167.568484,0.9114,0.8854500000000001,0.8596,0.84035,57.726009,58.259428,4.916428,0.237166,0.048484,4,10,7,5,4,10,7,4,4,10,7,5,4,10,7,5,0.06072,0.11494,0.17506,0.19888,1,1,08:06:2024,18:32:32,354,-16.350139,-68.1315,5233.0,lev20,Almucantar,Mount_Chacaltaya,167,167.568484,0.0461,0.0342,0.0254,0.0208,0.0424,0.0304,0.0215,0.0168,0.0037,0.0038,0.0039,0.004,0.855936,57.726009,58.259428,4.916428,0.237166,0.048484,4,10,7,5,4,10,7,4,4,10,7,5,4,10,7,5,0.06072,0.11494,0.17506,0.19888,1,1,08:06:2024,18:32:32,354,-16.350139,-68.1315,5233.0,lev20,Almucantar,Mount_Chacaltaya,167,167.568484,0.036778,0.023216,0.018213,0.0159,1.0336025,57.726009,58.259428,4.916428,0.237166,0.048484,4,10,7,5,4,10,7,4,4,10,7,5,4,10,7,5,0.06072,0.11494,0.17506,0.19888,1,1,08:06:2024,18:32:32,354,-16.350139,-68.1315,5233.0,lev20,Almucantar,0.8743547216688126,0.0412248503366371,0.9077407198832241,Unclassified,Maritime,,Unknown
19:06:2022,13:31:45,Mount_Chacaltaya,170,170.563715,0.04522,0.032475,0.024447,0.017034,0.888864,59.112929,59.656241,4.406988,0.257586,0.04522,3,11,6,5,3,11,6,5,3,10,7,5,3,10,8,5,0.06137,0.11687,0.17613,0.2005,1,1,11:06:2024,15:50:49,354,-16.350139,-68.1315,5233.0,lev20,Almucantar,Mount_Chacaltaya,170,170.563715,1.47015,1.4826,1.48925,1.48655,0.011893,0.011836,0.0124395,0.012941000000000001,59.112929,59.656241,4.406988,0.257586,0.04522,3,11,6,5,3,11,6,5,3,10,7,5,3,10,8,5,0.06137,0.11687,0.17613,0.2005,1,1,11:06:2024,15:50:49,354,-16.350139,-68.1315,5233.0,lev20,Almucantar,Mount_Chacaltaya,170,170.563715,0.9114,0.8854500000000001,0.8596,0.84035,59.112929,59.656241,4.406988,0.257586,0.04522,3,11,6,5,3,11,6,5,3,10,7,5,3,10,8,5,0.06137,0.11687,0.17613,0.2005,1,1,11:06:2024,15:50:49,354,-16.350139,-68.1315,5233.0,lev20,Almucantar,Mount_Chacaltaya,170,170.563715,0.0438,0.0351,0.0258,0.0209,0.0415,0.0328,0.0235,0.0185,0.0022,0.0023,0.0024,0.0024,0.749217,59.112929,59.656241,4.406988,0.257586,0.04522,3,11,6,5,3,11,6,5,3,10,7,5,3,10,8,5,0.06137,0.11687,0.17613,0.2005,1,1,11:06:2024,15:50:49,354,-16.350139,-68.1315,5233.0,lev20,Almucantar,Mount_Chacaltaya,170,170.563715,0.036778,0.023216,0.018213,0.0159,1.0336025,59.112929,59.656241,4.406988,0.257586,0.04522,3,11,6,5,3,11,6,5,3,10,7,5,3,10,8,5,0.06137,0.11687,0.17613,0.2005,1,1,11:06:2024,15:50:49,354,-16.350139,-68.1315,5233.0,lev20,Almucantar,0.7763605319570254,0.039661820831741516,0.9435850975578272,Unclassified,Maritime,,Unknown
19:06:2022,13:39:32,Mount_Chacaltaya,170,170.56912,0.045134,0.032319,0.024277,0.016883,0.896234,57.722557,58.255094,4.923035,0.275806,0.045134,4,10,7,5,4,10,7,5,4,10,7,5,4,10,7,5,0.06087,0.11598,0.17436,0.19856,1,1,11:06:2024,15:52:14,354,-16.350139,-68.1315,5233.0,lev20,Almucantar,Mount_Chacaltaya,170,170.56912,1.47015,1.4826,1.48925,1.48655,0.011893,0.011836,0.0124395,0.012941000000000001,57.722557,58.255094,4.923035,0.275806,0.045134,4,10,7,5,4,10,7,5,4,10,7,5,4,10,7,5,0.06087,0.11598,0.17436,0.19856,1,1,11:06:2024,15:52:14,354,-16.350139,-68.1315,5233.0,lev20,Almucantar,Mount_Chacaltaya,170,170.56912,0.9114,0.8854500000000001,0.8596,0.84035,57.722557,58.255094,4.923035,0.275806,0.045134,4,10,7,5,4,10,7,5,4,10,7,5,4,10,7,5,0.06087,0.11598,0.17436,0.19856,1,1,11:06:2024,15:52:14,354,-16.350139,-68.1315,5233.0,lev20,Almucantar,Mount_Chacaltaya,170,170.56912,0.0438,0.035,0.026,0.0211,0.0414,0.0325,0.0234,0.0185,0.0024,0.0025,0.0025,0.0026,0.739788,57.722557,58.255094,4.923035,0.275806,0.045134,4,10,7,5,4,10,7,5,4,10,7,5,4,10,7,5,0.06087,0.11598,0.17436,0.19856,1,1,11:06:2024,15:52:14,354,-16.350139,-68.1315,5233.0,lev20,Almucantar,Mount_Chacaltaya,170,170.56912,0.036778,0.023216,0.018213,0.0159,1.0336025,57.722557,58.255094,4.923035,0.275806,0.045134,4,10,7,5,4,10,7,5,4,10,7,5,4,10,7,5,0.06087,0.11598,0.17436,0.19856,1,1,11:06:2024,15:52:14,354,-16.350139,-68.1315,5233.0,lev20,Almucantar,0.7650332080442859,0.039719293145360664,0.9387397169788207,Unclassified,Maritime,,Unknown
20:06:2022,13:39:47,Mount_Chacaltaya,171,171.569294,0.049347,0.033729,0.025404,0.018147,0.96526,57.722655,58.255085,4.450723,0.303696,0.049347,4,10,7,5,4,10,7,5,4,10,7,4,4,10,7,4,0.06086,0.11596,0.17435,0.19854,1,1,12:06:2024,18:23:04,354,-16.350139,-68.1315,5233.0,lev20,Almucantar,Mount_Chacaltaya,171,171.569294,1.47015,1.4826,1.48925,1.48655,0.011893,0.011836,0.0124395,0.012941000000000001,57.722655,58.255085,4.450723,0.303696,0.049347,4,10,7,5,4,10,7,5,4,10,7,4,4,10,7,4,0.06086,0.11596,0.17435,0.19854,1,1,12:06:2024,18:23:04,354,-16.350139,-68.1315,5233.0,lev20,Almucantar,Mount_Chacaltaya,171,171.569294,0.9114,0.8854500000000001,0.8596,0.84035,57.722655,58.255085,4.450723,0.303696,0.049347,4,10,7,5,4,10,7,5,4,10,7,4,4,10,7,4,0.06086,0.11596,0.17435,0.19854,1,1,12:06:2024,18:23:04,354,-16.350139,-68.1315,5233.0,lev20,Almucantar,Mount_Chacaltaya,171,171.569294,0.0478,0.0365,0.0275,0.0229,0.0439,0.0324,0.0233,0.0187,0.004,0.0041,0.0042,0.0042,0.792083,57.722655,58.255085,4.450723,0.303696,0.049347,4,10,7,5,4,10,7,5,4,10,7,4,4,10,7,4,0.06086,0.11596,0.17435,0.19854,1,1,12:06:2024,18:23:04,354,-16.350139,-68.1315,5233.0,lev20,Almucantar,Mount_Chacaltaya,171,171.569294,0.036778,0.023216,0.018213,0.0159,1.0336025,57.722655,58.255085,4.450723,0.303696,0.049347,4,10,7,5,4,10,7,5,4,10,7,4,4,10,7,4,0.06086,0.11596,0.17435,0.19854,1,1,12:06:2024,18:23:04,354,-16.350139,-68.1315,5233.0,lev20,Almucantar,0.8109500434607021,0.0430929392556974,0.9051628024721707,Unclassified,Maritime,,Unknown
24:06:2022,13:32:49,Mount_Chacaltaya,175,175.564456,0.041981,0.028226,0.021403,0.015606,0.982111,59.101612,59.645169,4.930612,0.206023,0.041981,3,11,6,5,3,11,6,5,3,10,4,5,3,5,7,4,0.06137,0.11687,0.17613,0.20049,1,1,17:06:2024,15:22:30,354,-16.350139,-68.1315,5233.0,lev20,Almucantar,Mount_Chacaltaya,175,175.564456,1.47015,1.4826,1.48925,1.48655,0.011893,0.011836,0.0124395,0.012941000000000001,59.101612,59.645169,4.930612,0.206023,0.041981,3,11,6,5,3,11,6,5,3,10,4,5,3,5,7,4,0.06137,0.11687,0.17613,0.20049,1,1,17:06:2024,15:22:30,354,-16.350139,-68.1315,5233.0,lev20,Almucantar,Mount_Chacaltaya,175,175.564456,0.9114,0.8854500000000001,0.8596,0.84035,59.101612,59.645169,4.930612,0.206023,0.041981,3,11,6,5,3,11,6,5,3,10,4,5,3,5,7,4,0.06137,0.11687,0.17613,0.20049,1,1,17:06:2024,15:22:30,354,-16.350139,-68.1315,5233.0,lev20,Almucantar,Mount_Chacaltaya,175,175.564456,0.0394,0.0299,0.0222,0.0183,0.0373,0.0277,0.02,0.016,0.0021,0.0022,0.0022,0.0023,0.820953,59.101612,59.645169,4.930612,0.206023,0.041981,3,11,6,5,3,11,6,5,3,10,4,5,3,5,7,4,0.06137,0.11687,0.17613,0.20049,1,1,17:06:2024,15:22:30,354,-16.350139,-68.1315,5233.0,lev20,Almucantar,Mount_Chacaltaya,175,175.564456,0.036778,0.023216,0.018213,0.0159,1.0336025,59.101612,59.645169,4.930612,0.206023,0.041981,3,11,6,5,3,11,6,5,3,10,4,5,3,5,7,4,0.06137,0.11687,0.17613,0.20049,1,1,17:06:2024,15:22:30,354,-16.350139,-68.1315,5233.0,lev20,Almucantar,0.8415108879547865,0.035381625875821075,0.9390250545343407,Unclassified,Maritime,,Unknown
29:06:2022,13:33:16,Mount_Chacaltaya,180,180.564769,0.038992,0.027322,0.021445,0.016139,0.872385,59.088446,59.634307,4.949506,0.257715,0.038992,3,11,7,5,3,11,6,5,3,10,8,5,3,10,7,5,0.0639,0.12099,0.17922,0.20339,1,1,22:06:2024,17:12:51,354,-16.350139,-68.1315,5233.0,lev20,Almucantar,Mount_Chacaltaya,180,180.564769,1.47015,1.4826,1.48925,1.48655,0.011893,0.011836,0.0124395,0.012941000000000001,59.088446,59.634307,4.949506,0.257715,0.038992,3,11,7,5,3,11,6,5,3,10,8,5,3,10,7,5,0.0639,0.12099,0.17922,0.20339,1,1,22:06:2024,17:12:51,354,-16.350139,-68.1315,5233.0,lev20,Almucantar,Mount_Chacaltaya,180,180.564769,0.9114,0.8854500000000001,0.8596,0.84035,59.088446,59.634307,4.949506,0.257715,0.038992,3,11,7,5,3,11,6,5,3,10,8,5,3,10,7,5,0.0639,0.12099,0.17922,0.20339,1,1,22:06:2024,17:12:51,354,-16.350139,-68.1315,5233.0,lev20,Almucantar,Mount_Chacaltaya,180,180.564769,0.0387,0.0308,0.0232,0.0191,0.0362,0.0282,0.0205,0.0164,0.0025,0.0026,0.0026,0.0027,0.727859,59.088446,59.634307,4.949506,0.257715,0.038992,3,11,7,5,3,11,6,5,3,10,8,5,3,10,7,5,0.0639,0.12099,0.17922,0.20339,1,1,22:06:2024,17:12:51,354,-16.350139,-68.1315,5233.0,lev20,Almucantar,Mount_Chacaltaya,180,180.564769,0.036778,0.023216,0.018213,0.0159,1.0336025,59.088446,59.634307,4.949506,0.257715,0.038992,3,11,7,5,3,11,6,5,3,10,8,5,3,10,7,5,0.0639,0.12099,0.17922,0.20339,1,1,22:06:2024,17:12:51,354,-16.350139,-68.1315,5233.0,lev20,Almucantar,0.750584490255364,0.03515932427441314,0.9273818693168683,Unclassified,Maritime,,Unknown
29:06:2022,19:49:39,Mount_Chacaltaya,180,180.826146,0.046247,0.03319,0.027178,0.021736,0.779507,62.183533,61.620611,4.91523,0.276972,0.046247,3,10,8,5,3,10,8,4,3,10,8,4,3,10,8,4,0.06542,0.1233,0.18277,0.20653,1,1,22:06:2024,16:21:00,354,-16.350139,-68.1315,5233.0,lev20,Almucantar,Mount_Chacaltaya,180,180.826146,1.47015,1.4826,1.48925,1.48655,0.011893,0.011836,0.0124395,0.012941000000000001,62.183533,61.620611,4.91523,0.276972,0.046247,3,10,8,5,3,10,8,4,3,10,8,4,3,10,8,4,0.06542,0.1233,0.18277,0.20653,1,1,22:06:2024,16:21:00,354,-16.350139,-68.1315,5233.0,lev20,Almucantar,Mount_Chacaltaya,180,180.826146,0.9114,0.8854500000000001,0.8596,0.84035,62.183533,61.620611,4.91523,0.276972,0.046247,3,10,8,5,3,10,8,4,3,10,8,4,3,10,8,4,0.06542,0.1233,0.18277,0.20653,1,1,22:06:2024,16:21:00,354,-16.350139,-68.1315,5233.0,lev20,Almucantar,Mount_Chacaltaya,180,180.826146,0.0462,0.0365,0.0294,0.0256,0.0366,0.0265,0.0191,0.0151,0.0096,0.01,0.0103,0.0105,0.651327,62.183533,61.620611,4.91523,0.276972,0.046247,3,10,8,5,3,10,8,4,3,10,8,4,3,10,8,4,0.06542,0.1233,0.18277,0.20653,1,1,22:06:2024,16:21:00,354,-16.350139,-68.1315,5233.0,lev20,Almucantar,Mount_Chacaltaya,180,180.826146,0.036778,0.023216,0.018213,0.0159,1.0336025,62.183533,61.620611,4.91523,0.276972,0.046247,3,10,8,5,3,10,8,4,3,10,8,4,3,10,8,4,0.06542,0.1233,0.18277,0.20653,1,1,22:06:2024,16:21:00,354,-16.350139,-68.1315,5233.0,lev20,Almucantar,0.6630084615028118,0.042445682135862146,0.7638304902187626,Unclassified,Maritime,,Unknown
01:07:2022,19:50:02,Mount_Chacaltaya,182,182.826412,0.050739,0.036915,0.029665,0.023722,0.782869,62.1085,61.544663,4.938457,0.237133,0.050739,3,10,8,5,3,10,8,4,3,10,8,4,3,10,8,4,0.06539,0.12323,0.18266,0.2064,1,1,10:05:2025,23:46:09,354,-16.350139,-68.1315,5233.0,lev20,Almucantar,Mount_Chacaltaya,182,182.826412,1.47015,1.4826,1.48925,1.48655,0.011893,0.011836,0.0124395,0.012941000000000001,62.1085,61.544663,4.938457,0.237133,0.050739,3,10,8,5,3,10,8,4,3,10,8,4,3,10,8,4,0.06539,0.12323,0.18266,0.2064,1,1,10:05:2025,23:46:09,354,-16.350139,-68.1315,5233.0,lev20,Almucantar,Mount_Chacaltaya,182,182.826412,0.9114,0.8854500000000001,0.8596,0.84035,62.1085,61.544663,4.938457,0.237133,0.050739,3,10,8,5,3,10,8,4,3,10,8,4,3,10,8,4,0.06539,0.12323,0.18266,0.2064,1,1,10:05:2025,23:46:09,354,-16.350139,-68.1315,5233.0,lev20,Almucantar,Mount_Chacaltaya,182,182.826412,0.0488,0.0389,0.0313,0.0272,0.0406,0.0304,0.0226,0.0185,0.0082,0.0085,0.0087,0.0088,0.63879,62.1085,61.544663,4.938457,0.237133,0.050739,3,10,8,5,3,10,8,4,3,10,8,4,3,10,8,4,0.06539,0.12323,0.18266,0.2064,1,1,10:05:2025,23:46:09,354,-16.350139,-68.1315,5233.0,lev20,Almucantar,Mount_Chacaltaya,182,182.826412,0.036778,0.023216,0.018213,0.0159,1.0336025,62.1085,61.544663,4.938457,0.237133,0.050739,3,10,8,5,3,10,8,4,3,10,8,4,3,10,8,4,0.06539,0.12323,0.18266,0.2064,1,1,10:05:2025,23:46:09,354,-16.350139,-68.1315,5233.0,lev20,Almucantar,0.6514598404717883,0.044900638047007564,0.8092991534354954,Unclassified,Maritime,,Unknown
06:07:2022,13:32:51,Mount_Chacaltaya,187,187.564479,0.05016,0.032604,0.025016,0.019181,1.019342,59.06087,59.61321,4.571369,0.137116,0.05016,3,11,6,5,3,11,7,5,3,10,8,5,3,10,7,5,0.06729,0.12461,0.1813,0.20607,1,1,10:05:2025,21:22:41,354,-16.350139,-68.1315,5233.0,lev20,Almucantar,Mount_Chacaltaya,187,187.564479,1.47015,1.4826,1.48925,1.48655,0.011893,0.011836,0.0124395,0.012941000000000001,59.06087,59.61321,4.571369,0.137116,0.05016,3,11,6,5,3,11,7,5,3,10,8,5,3,10,7,5,0.06729,0.12461,0.1813,0.20607,1,1,10:05:2025,21:22:41,354,-16.350139,-68.1315,5233.0,lev20,Almucantar,Mount_Chacaltaya,187,187.564479,0.9114,0.8854500000000001,0.8596,0.84035,59.06087,59.61321,4.571369,0.137116,0.05016,3,11,6,5,3,11,7,5,3,10,8,5,3,10,7,5,0.06729,0.12461,0.1813,0.20607,1,1,10:05:2025,21:22:41,354,-16.350139,-68.1315,5233.0,lev20,Almucantar,Mount_Chacaltaya,187,187.564479,0.0484,0.0337,0.0251,0.0208,0.0442,0.0294,0.0208,0.0164,0.0041,0.0043,0.0044,0.0044,0.951078,59.06087,59.61321,4.571369,0.137116,0.05016,3,11,6,5,3,11,7,5,3,10,8,5,3,10,7,5,0.06729,0.12461,0.1813,0.20607,1,1,10:05:2025,21:22:41,354,-16.350139,-68.1315,5233.0,lev20,Almucantar,Mount_Chacaltaya,187,187.564479,0.036778,0.023216,0.018213,0.0159,1.0336025,59.06087,59.61321,4.571369,0.137116,0.05016,3,11,6,5,3,11,7,5,3,10,8,5,3,10,7,5,0.06729,0.12461,0.1813,0.20607,1,1,10:05:2025,21:22:41,354,-16.350139,-68.1315,5233.0,lev20,Almucantar,0.9632010606824344,0.04279283040670281,0.896124996436653,Unclassified,Maritime,,Unknown
22:07:2022,19:40:37,Mount_Chacaltaya,203,203.819873,0.121002,0.065088,0.046843,0.036649,1.398482,58.164167,57.593503,4.298,0.195484,0.121002,4,10,7,5,4,10,7,5,4,10,7,5,4,10,7,5,0.07,0.12806,0.18208,0.20595,1,1,10:05:2025,17:21:28,354,-16.350139,-68.1315,5233.0,lev20,Almucantar,Mount_Chacaltaya,203,203.819873,1.47015,1.4826,1.48925,1.48655,0.011893,0.011836,0.0124395,0.012941000000000001,58.164167,57.593503,4.298,0.195484,0.121002,4,10,7,5,4,10,7,5,4,10,7,5,4,10,7,5,0.07,0.12806,0.18208,0.20595,1,1,10:05:2025,17:21:28,354,-16.350139,-68.1315,5233.0,lev20,Almucantar,Mount_Chacaltaya,203,203.819873,0.9114,0.8854500000000001,0.8596,0.84035,58.164167,57.593503,4.298,0.195484,0.121002,4,10,7,5,4,10,7,5,4,10,7,5,4,10,7,5,0.07,0.12806,0.18208,0.20595,1,1,10:05:2025,17:21:28,354,-16.350139,-68.1315,5233.0,lev20,Almucantar,Mount_Chacaltaya,203,203.819873,0.1195,0.067,0.0478,0.0395,0.1081,0.0552,0.0355,0.027,0.0115,0.0119,0.0122,0.0125,1.345316,58.164167,57.593503,4.298,0.195484,0.121002,4,10,7,5,4,10,7,5,4,10,7,5,4,10,7,5,0.07,0.12806,0.18208,0.20595,1,1,10:05:2025,17:21:28,354,-16.350139,-68.1315,5233.0,lev20,Almucantar,Mount_Chacaltaya,203,203.819873,0.036778,0.023216,0.018213,0.0159,1.0336025,58.164167,57.593503,4.298,0.195484,0.121002,4,10,7,5,4,10,7,5,4,10,7,5,4,10,7,5,0.07,0.12806,0.18208,0.20595,1,1,10:05:2025,17:21:28,354,-16.350139,-68.1315,5233.0,lev20,Almucantar,1.3440896094060895,0.1006346734708315,0.8678426741680821,BCL,Maritime,,Unknown
23:07:2022,13:27:03,Mount_Chacaltaya,204,204.560451,0.046599,0.029009,0.021075,0.015206,1.158362,58.921892,59.502882,4.761329,0.284356,0.046599,4,10,7,5,3,11,6,5,3,11,6,5,3,10,8,5,0.07026,0.1289,0.18415,0.209,1,1,09:05:2025,16:58:35,354,-16.350139,-68.1315,5233.0,lev20,Almucantar,Mount_Chacaltaya,204,204.560451,1.47015,1.4826,1.48925,1.48655,0.011893,0.011836,0.0124395,0.012941000000000001,58.921892,59.502882,4.761329,0.284356,0.046599,4,10,7,5,3,11,6,5,3,11,6,5,3,10,8,5,0.07026,0.1289,0.18415,0.209,1,1,09:05:2025,16:58:35,354,-16.350139,-68.1315,5233.0,lev20,Almucantar,Mount_Chacaltaya,204,204.560451,0.9114,0.8854500000000001,0.8596,0.84035,58.921892,59.502882,4.761329,0.284356,0.046599,4,10,7,5,3,11,6,5,3,11,6,5,3,10,8,5,0.07026,0.1289,0.18415,0.209,1,1,09:05:2025,16:58:35,354,-16.350139,-68.1315,5233.0,lev20,Almucantar,Mount_Chacaltaya,204,204.560451,0.0429,0.0312,0.0227,0.0186,0.0402,0.0283,0.0198,0.0157,0.0027,0.0028,0.0029,0.0029,0.913914,58.921892,59.502882,4.761329,0.284356,0.046599,4,10,7,5,3,11,6,5,3,11,6,5,3,10,8,5,0.07026,0.1289,0.18415,0.209,1,1,09:05:2025,16:58:35,354,-16.350139,-68.1315,5233.0,lev20,Almucantar,Mount_Chacaltaya,204,204.560451,0.036778,0.023216,0.018213,0.0159,1.0336025,58.921892,59.502882,4.761329,0.284356,0.046599,4,10,7,5,3,11,6,5,3,11,6,5,3,10,8,5,0.07026,0.1289,0.18415,0.209,1,1,09:05:2025,16:58:35,354,-16.350139,-68.1315,5233.0,lev20,Almucantar,0.9336799803702029,0.0380734186772179,0.924042974094845,Unclassified,Maritime,,Unknown
23:07:2022,19:40:41,Mount_Chacaltaya,204,204.819919,0.064344,0.042107,0.034281,0.028025,0.930997,58.052806,57.480597,4.343629,0.218061,0.064344,4,10,7,5,4,10,7,5,4,10,7,5,4,10,7,5,0.06993,0.12796,0.18192,0.20578,1,1,09:05:2025,16:44:29,354,-16.350139,-68.1315,5233.0,lev20,Almucantar,Mount_Chacaltaya,204,204.819919,1.47015,1.4826,1.48925,1.48655,0.011893,0.011836,0.0124395,0.012941000000000001,58.052806,57.480597,4.343629,0.218061,0.064344,4,10,7,5,4,10,7,5,4,10,7,5,4,10,7,5,0.06993,0.12796,0.18192,0.20578,1,1,09:05:2025,16:44:29,354,-16.350139,-68.1315,5233.0,lev20,Almucantar,Mount_Chacaltaya,204,204.819919,0.9114,0.8854500000000001,0.8596,0.84035,58.052806,57.480597,4.343629,0.218061,0.064344,4,10,7,5,4,10,7,5,4,10,7,5,4,10,7,5,0.06993,0.12796,0.18192,0.20578,1,1,09:05:2025,16:44:29,354,-16.350139,-68.1315,5233.0,lev20,Almucantar,Mount_Chacaltaya,204,204.819919,0.0635,0.0448,0.0355,0.0312,0.0505,0.0313,0.0216,0.0169,0.013,0.0135,0.0139,0.0142,0.849241,58.052806,57.480597,4.343629,0.218061,0.064344,4,10,7,5,4,10,7,5,4,10,7,5,4,10,7,5,0.06993,0.12796,0.18192,0.20578,1,1,09:05:2025,16:44:29,354,-16.350139,-68.1315,5233.0,lev20,Almucantar,Mount_Chacaltaya,204,204.819919,0.036778,0.023216,0.018213,0.0159,1.0336025,58.052806,57.480597,4.343629,0.218061,0.064344,4,10,7,5,4,10,7,5,4,10,7,5,4,10,7,5,0.06993,0.12796,0.18192,0.20578,1,1,09:05:2025,16:44:29,354,-16.350139,-68.1315,5233.0,lev20,Almucantar,0.8530019684623829,0.05693998328900297,0.7512151754561861,Unclassified,Maritime,,Unknown
24:07:2022,13:26:33,Mount_Chacaltaya,205,205.560104,0.051041,0.032156,0.024429,0.017766,1.081052,58.904197,59.48727,4.506517,0.254355,0.051041,4,10,7,5,3,11,6,5,3,11,6,5,3,10,8,5,0.07025,0.12888,0.18412,0.20897,1,1,09:05:2025,16:27:49,354,-16.350139,-68.1315,5233.0,lev20,Almucantar,Mount_Chacaltaya,205,205.560104,1.47015,1.4826,1.48925,1.48655,0.011893,0.011836,0.0124395,0.012941000000000001,58.904197,59.48727,4.506517,0.254355,0.051041,4,10,7,5,3,11,6,5,3,11,6,5,3,10,8,5,0.07025,0.12888,0.18412,0.20897,1,1,09:05:2025,16:27:49,354,-16.350139,-68.1315,5233.0,lev20,Almucantar,Mount_Chacaltaya,205,205.560104,0.9114,0.8854500000000001,0.8596,0.84035,58.904197,59.48727,4.506517,0.254355,0.051041,4,10,7,5,3,11,6,5,3,11,6,5,3,10,8,5,0.07025,0.12888,0.18412,0.20897,1,1,09:05:2025,16:27:49,354,-16.350139,-68.1315,5233.0,lev20,Almucantar,Mount_Chacaltaya,205,205.560104,0.0475,0.0336,0.0252,0.0211,0.0426,0.0285,0.02,0.0159,0.0049,0.0051,0.0052,0.0052,0.917327,58.904197,59.48727,4.506517,0.254355,0.051041,4,10,7,5,3,11,6,5,3,11,6,5,3,10,8,5,0.07025,0.12888,0.18412,0.20897,1,1,09:05:2025,16:27:49,354,-16.350139,-68.1315,5233.0,lev20,Almucantar,Mount_Chacaltaya,205,205.560104,0.036778,0.023216,0.018213,0.0159,1.0336025,58.904197,59.48727,4.506517,0.254355,0.051041,4,10,7,5,3,11,6,5,3,11,6,5,3,10,8,5,0.07025,0.12888,0.18412,0.20897,1,1,09:05:2025,16:27:49,354,-16.350139,-68.1315,5233.0,lev20,Almucantar,0.9298350135956697,0.04217660849545278,0.8750358484064061,Unclassified,Maritime,,Unknown
24:07:2022,13:40:43,Mount_Chacaltaya,205,205.569942,0.051391,0.032234,0.024417,0.018047,1.091777,56.198802,56.764772,4.748945,0.245224,0.051391,4,10,8,4,4,10,8,4,4,10,8,4,4,10,8,4,0.06895,0.12668,0.18037,0.20472,1,1,09:05:2025,16:29:39,354,-16.350139,-68.1315,5233.0,lev20,Almucantar,Mount_Chacaltaya,205,205.569942,1.47015,1.4826,1.48925,1.48655,0.011893,0.011836,0.0124395,0.012941000000000001,56.198802,56.764772,4.748945,0.245224,0.051391,4,10,8,4,4,10,8,4,4,10,8,4,4,10,8,4,0.06895,0.12668,0.18037,0.20472,1,1,09:05:2025,16:29:39,354,-16.350139,-68.1315,5233.0,lev20,Almucantar,Mount_Chacaltaya,205,205.569942,0.9114,0.8854500000000001,0.8596,0.84035,56.198802,56.764772,4.748945,0.245224,0.051391,4,10,8,4,4,10,8,4,4,10,8,4,4,10,8,4,0.06895,0.12668,0.18037,0.20472,1,1,09:05:2025,16:29:39,354,-16.350139,-68.1315,5233.0,lev20,Almucantar,Mount_Chacaltaya,205,205.569942,0.049,0.0345,0.0257,0.0214,0.0441,0.0294,0.0205,0.0162,0.0049,0.0051,0.0052,0.0052,0.933495,56.198802,56.764772,4.748945,0.245224,0.051391,4,10,8,4,4,10,8,4,4,10,8,4,4,10,8,4,0.06895,0.12668,0.18037,0.20472,1,1,09:05:2025,16:29:39,354,-16.350139,-68.1315,5233.0,lev20,Almucantar,Mount_Chacaltaya,205,205.569942,0.036778,0.023216,0.018213,0.0159,1.0336025,56.198802,56.764772,4.748945,0.245224,0.051391,4,10,8,4,4,10,8,4,4,10,8,4,4,10,8,4,0.06895,0.12668,0.18037,0.20472,1,1,09:05:2025,16:29:39,354,-16.350139,-68.1315,5233.0,lev20,Almucantar,0.9466213996809186,0.04341523832874672,0.8787254654425519,Unclassified,Maritime,,Unknown
25:07:2022,13:25:56,Mount_Chacaltaya,206,206.559676,0.048438,0.029065,0.021754,0.015743,1.17659,58.905135,59.490435,4.963789,0.285789,0.048438,4,10,7,5,3,11,7,5,3,11,7,5,3,10,7,5,0.07026,0.12889,0.18413,0.20897,1,1,09:05:2025,15:53:38,354,-16.350139,-68.1315,5233.0,lev20,Almucantar,Mount_Chacaltaya,206,206.559676,1.47015,1.4826,1.48925,1.48655,0.011893,0.011836,0.0124395,0.012941000000000001,58.905135,59.490435,4.963789,0.285789,0.048438,4,10,7,5,3,11,7,5,3,11,7,5,3,10,7,5,0.07026,0.12889,0.18413,0.20897,1,1,09:05:2025,15:53:38,354,-16.350139,-68.1315,5233.0,lev20,Almucantar,Mount_Chacaltaya,206,206.559676,0.9114,0.8854500000000001,0.8596,0.84035,58.905135,59.490435,4.963789,0.285789,0.048438,4,10,7,5,3,11,7,5,3,11,7,5,3,10,7,5,0.07026,0.12889,0.18413,0.20897,1,1,09:05:2025,15:53:38,354,-16.350139,-68.1315,5233.0,lev20,Almucantar,Mount_Chacaltaya,206,206.559676,0.0471,0.0327,0.0237,0.0193,0.0443,0.0299,0.0208,0.0163,0.0028,0.0029,0.0029,0.003,0.991379,58.905135,59.490435,4.963789,0.285789,0.048438,4,10,7,5,3,11,7,5,3,11,7,5,3,10,7,5,0.07026,0.12889,0.18413,0.20897,1,1,09:05:2025,15:53:38,354,-16.350139,-68.1315,5233.0,lev20,Almucantar,Mount_Chacaltaya,206,206.559676,0.036778,0.023216,0.018213,0.0159,1.0336025,58.905135,59.490435,4.963789,0.285789,0.048438,4,10,7,5,3,11,7,5,3,11,7,5,3,10,7,5,0.07026,0.12889,0.18413,0.20897,1,1,09:05:2025,15:53:38,354,-16.350139,-68.1315,5233.0,lev20,Almucantar,1.0074509761121246,0.041408540263497565,0.9303090920038884,Unclassified,Maritime,,Unknown
01:08:2022,13:21:32,Mount_Chacaltaya,213,213.55662,0.047949,0.030172,0.02291,0.016043,1.083579,58.823788,59.425029,4.835397,0.341143,0.047949,4,10,7,5,3,11,7,5,3,11,7,5,3,10,8,5,0.07089,0.13005,0.18487,0.2102,1,1,18:05:2024,07:09:57,354,-16.350139,-68.1315,5233.0,lev20,Almucantar,Mount_Chacaltaya,213,213.55662,1.47015,1.4826,1.48925,1.48655,0.011893,0.011836,0.0124395,0.012941000000000001,58.823788,59.425029,4.835397,0.341143,0.047949,4,10,7,5,3,11,7,5,3,11,7,5,3,10,8,5,0.07089,0.13005,0.18487,0.2102,1,1,18:05:2024,07:09:57,354,-16.350139,-68.1315,5233.0,lev20,Almucantar,Mount_Chacaltaya,213,213.55662,0.9114,0.8854500000000001,0.8596,0.84035,58.823788,59.425029,4.835397,0.341143,0.047949,4,10,7,5,3,11,7,5,3,11,7,5,3,10,8,5,0.07089,0.13005,0.18487,0.2102,1,1,18:05:2024,07:09:57,354,-16.350139,-68.1315,5233.0,lev20,Almucantar,Mount_Chacaltaya,213,213.55662,0.0484,0.0338,0.0252,0.0211,0.0437,0.029,0.0203,0.0161,0.0047,0.0048,0.0049,0.005,0.945129,58.823788,59.425029,4.835397,0.341143,0.047949,4,10,7,5,3,11,7,5,3,11,7,5,3,10,8,5,0.07089,0.13005,0.18487,0.2102,1,1,18:05:2024,07:09:57,354,-16.350139,-68.1315,5233.0,lev20,Almucantar,Mount_Chacaltaya,213,213.55662,0.036778,0.023216,0.018213,0.0159,1.0336025,58.823788,59.425029,4.835397,0.341143,0.047949,4,10,7,5,3,11,7,5,3,11,7,5,3,10,8,5,0.07089,0.13005,0.18487,0.2102,1,1,18:05:2024,07:09:57,354,-16.350139,-68.1315,5233.0,lev20,Almucantar,0.9573685235447955,0.042824748334069594,0.883615350693794,Unclassified,Maritime,,Unknown
17:08:2022,19:38:53,Mount_Chacaltaya,229,229.818669,0.04353,0.02941,0.024795,0.019433,0.835391,54.490367,53.870197,4.477585,0.286175,0.04353,4,10,8,4,3,10,8,4,4,10,8,4,4,10,8,4,0.07055,0.129,0.1792,0.20376,1,1,17:05:2024,18:47:05,354,-16.350139,-68.1315,5233.0,lev20,Almucantar,Mount_Chacaltaya,229,229.818669,1.47015,1.4826,1.48925,1.48655,0.011893,0.011836,0.0124395,0.012941000000000001,54.490367,53.870197,4.477585,0.286175,0.04353,4,10,8,4,3,10,8,4,4,10,8,4,4,10,8,4,0.07055,0.129,0.1792,0.20376,1,1,17:05:2024,18:47:05,354,-16.350139,-68.1315,5233.0,lev20,Almucantar,Mount_Chacaltaya,229,229.818669,0.9114,0.8854500000000001,0.8596,0.84035,54.490367,53.870197,4.477585,0.286175,0.04353,4,10,8,4,3,10,8,4,4,10,8,4,4,10,8,4,0.07055,0.129,0.1792,0.20376,1,1,17:05:2024,18:47:05,354,-16.350139,-68.1315,5233.0,lev20,Almucantar,Mount_Chacaltaya,229,229.818669,0.0435,0.0334,0.0264,0.023,0.0349,0.0245,0.0173,0.0137,0.0086,0.0089,0.0091,0.0093,0.720592,54.490367,53.870197,4.477585,0.286175,0.04353,4,10,8,4,3,10,8,4,4,10,8,4,4,10,8,4,0.07055,0.129,0.1792,0.20376,1,1,17:05:2024,18:47:05,354,-16.350139,-68.1315,5233.0,lev20,Almucantar,Mount_Chacaltaya,229,229.818669,0.036778,0.023216,0.018213,0.0159,1.0336025,54.490367,53.870197,4.477585,0.286175,0.04353,4,10,8,4,3,10,8,4,4,10,8,4,4,10,8,4,0.07055,0.129,0.1792,0.20376,1,1,17:05:2024,18:47:05,354,-16.350139,-68.1315,5233.0,lev20,Almucantar,0.7325559437273091,0.039611355887549674,0.7723938147828205,Unclassified,Maritime,,Unknown
20:08:2022,19:38:14,Mount_Chacaltaya,232,232.818218,0.107967,0.066369,0.052895,0.044231,1.05649,53.992391,53.365705,3.149372,0.130025,0.107967,4,10,6,4,4,10,6,3,4,10,5,3,3,10,5,3,0.07032,0.12859,0.17857,0.20306,1,1,17:05:2024,19:03:21,354,-16.350139,-68.1315,5233.0,lev20,Almucantar,Mount_Chacaltaya,232,232.818218,1.47015,1.4826,1.48925,1.48655,0.011893,0.011836,0.0124395,0.012941000000000001,53.992391,53.365705,3.149372,0.130025,0.107967,4,10,6,4,4,10,6,3,4,10,5,3,3,10,5,3,0.07032,0.12859,0.17857,0.20306,1,1,17:05:2024,19:03:21,354,-16.350139,-68.1315,5233.0,lev20,Almucantar,Mount_Chacaltaya,232,232.818218,0.9114,0.8854500000000001,0.8596,0.84035,53.992391,53.365705,3.149372,0.130025,0.107967,4,10,6,4,4,10,6,3,4,10,5,3,3,10,5,3,0.07032,0.12859,0.17857,0.20306,1,1,17:05:2024,19:03:21,354,-16.350139,-68.1315,5233.0,lev20,Almucantar,Mount_Chacaltaya,232,232.818218,0.1082,0.0669,0.053,0.0468,0.0864,0.0442,0.0295,0.0229,0.0219,0.0227,0.0235,0.0239,1.055286,53.992391,53.365705,3.149372,0.130025,0.107967,4,10,6,4,4,10,6,3,4,10,5,3,3,10,5,3,0.07032,0.12859,0.17857,0.20306,1,1,17:05:2024,19:03:21,354,-16.350139,-68.1315,5233.0,lev20,Almucantar,Mount_Chacaltaya,232,232.818218,0.036778,0.023216,0.018213,0.0159,1.0336025,53.992391,53.365705,3.149372,0.130025,0.107967,4,10,6,4,4,10,6,3,4,10,5,3,3,10,5,3,0.07032,0.12859,0.17857,0.20306,1,1,17:05:2024,19:03:21,354,-16.350139,-68.1315,5233.0,lev20,Almucantar,1.046897610729013,0.09464688015570802,0.731106496922943,Unclassified,Maritime,,Unknown
22:08:2022,13:40:01,Mount_Chacaltaya,234,234.569456,0.042969,0.026446,0.020281,0.014207,1.105139,50.981348,51.602631,4.885221,0.260117,0.042969,3,10,8,4,3,10,8,4,3,10,8,4,3,10,8,4,0.07011,0.12811,0.17685,0.20148,1,1,17:05:2024,19:00:53,354,-16.350139,-68.1315,5233.0,lev20,Almucantar,Mount_Chacaltaya,234,234.569456,1.47015,1.4826,1.48925,1.48655,0.011893,0.011836,0.0124395,0.012941000000000001,50.981348,51.602631,4.885221,0.260117,0.042969,3,10,8,4,3,10,8,4,3,10,8,4,3,10,8,4,0.07011,0.12811,0.17685,0.20148,1,1,17:05:2024,19:00:53,354,-16.350139,-68.1315,5233.0,lev20,Almucantar,Mount_Chacaltaya,234,234.569456,0.9114,0.8854500000000001,0.8596,0.84035,50.981348,51.602631,4.885221,0.260117,0.042969,3,10,8,4,3,10,8,4,3,10,8,4,3,10,8,4,0.07011,0.12811,0.17685,0.20148,1,1,17:05:2024,19:00:53,354,-16.350139,-68.1315,5233.0,lev20,Almucantar,Mount_Chacaltaya,234,234.569456,0.0417,0.0294,0.0215,0.0177,0.0385,0.0261,0.0181,0.0143,0.0032,0.0033,0.0034,0.0034,0.955625,50.981348,51.602631,4.885221,0.260117,0.042969,3,10,8,4,3,10,8,4,3,10,8,4,3,10,8,4,0.07011,0.12811,0.17685,0.20148,1,1,17:05:2024,19:00:53,354,-16.350139,-68.1315,5233.0,lev20,Almucantar,Mount_Chacaltaya,234,234.569456,0.036778,0.023216,0.018213,0.0159,1.0336025,50.981348,51.602631,4.885221,0.260117,0.042969,3,10,8,4,3,10,8,4,3,10,8,4,3,10,8,4,0.07011,0.12811,0.17685,0.20148,1,1,17:05:2024,19:00:53,354,-16.350139,-68.1315,5233.0,lev20,Almucantar,0.9717327731363523,0.03682884067434031,0.907777217023378,Unclassified,Maritime,,Unknown
24:08:2022,13:37:59,Mount_Chacaltaya,236,236.568044,0.039589,0.025686,0.021222,0.0162,0.925055,50.93273,51.560196,4.953852,0.215156,0.039589,3,10,8,4,3,10,8,4,3,10,8,4,3,10,8,4,0.07009,0.12808,0.1768,0.20142,1,1,17:05:2024,19:01:41,354,-16.350139,-68.1315,5233.0,lev20,Almucantar,Mount_Chacaltaya,236,236.568044,1.47015,1.4826,1.48925,1.48655,0.011893,0.011836,0.0124395,0.012941000000000001,50.93273,51.560196,4.953852,0.215156,0.039589,3,10,8,4,3,10,8,4,3,10,8,4,3,10,8,4,0.07009,0.12808,0.1768,0.20142,1,1,17:05:2024,19:01:41,354,-16.350139,-68.1315,5233.0,lev20,Almucantar,Mount_Chacaltaya,236,236.568044,0.9114,0.8854500000000001,0.8596,0.84035,50.93273,51.560196,4.953852,0.215156,0.039589,3,10,8,4,3,10,8,4,3,10,8,4,3,10,8,4,0.07009,0.12808,0.1768,0.20142,1,1,17:05:2024,19:01:41,354,-16.350139,-68.1315,5233.0,lev20,Almucantar,Mount_Chacaltaya,236,236.568044,0.0384,0.0283,0.022,0.0188,0.0325,0.0222,0.0156,0.0123,0.0059,0.0061,0.0064,0.0065,0.806325,50.93273,51.560196,4.953852,0.215156,0.039589,3,10,8,4,3,10,8,4,3,10,8,4,3,10,8,4,0.07009,0.12808,0.1768,0.20142,1,1,17:05:2024,19:01:41,354,-16.350139,-68.1315,5233.0,lev20,Almucantar,Mount_Chacaltaya,236,236.568044,0.036778,0.023216,0.018213,0.0159,1.0336025,50.93273,51.560196,4.953852,0.215156,0.039589,3,10,8,4,3,10,8,4,3,10,8,4,3,10,8,4,0.07009,0.12808,0.1768,0.20142,1,1,17:05:2024,19:01:41,354,-16.350139,-68.1315,5233.0,lev20,Almucantar,0.8170748171084279,0.03459150151523292,0.8192538531233667,Unclassified,Maritime,,Unknown
26:08:2022,13:00:21,Mount_Chacaltaya,238,238.54191,0.073945,0.042971,0.032354,0.024952,1.218771,58.561715,59.222806,4.342272,0.226079,0.073945,4,10,7,5,4,10,7,5,3,11,7,5,3,11,7,5,0.0741,0.13505,0.18747,0.21328,1,1,17:05:2024,18:51:04,354,-16.350139,-68.1315,5233.0,lev20,Almucantar,Mount_Chacaltaya,238,238.54191,1.47015,1.4826,1.48925,1.48655,0.011893,0.011836,0.0124395,0.012941000000000001,58.561715,59.222806,4.342272,0.226079,0.073945,4,10,7,5,4,10,7,5,3,11,7,5,3,11,7,5,0.0741,0.13505,0.18747,0.21328,1,1,17:05:2024,18:51:04,354,-16.350139,-68.1315,5233.0,lev20,Almucantar,Mount_Chacaltaya,238,238.54191,0.9114,0.8854500000000001,0.8596,0.84035,58.561715,59.222806,4.342272,0.226079,0.073945,4,10,7,5,4,10,7,5,3,11,7,5,3,11,7,5,0.0741,0.13505,0.18747,0.21328,1,1,17:05:2024,18:51:04,354,-16.350139,-68.1315,5233.0,lev20,Almucantar,Mount_Chacaltaya,238,238.54191,0.0747,0.0457,0.0336,0.0283,0.0655,0.0362,0.0238,0.0183,0.0092,0.0095,0.0098,0.01,1.169794,58.561715,59.222806,4.342272,0.226079,0.073945,4,10,7,5,4,10,7,5,3,11,7,5,3,11,7,5,0.0741,0.13505,0.18747,0.21328,1,1,17:05:2024,18:51:04,354,-16.350139,-68.1315,5233.0,lev20,Almucantar,Mount_Chacaltaya,238,238.54191,0.036778,0.023216,0.018213,0.0159,1.0336025,58.561715,59.222806,4.342272,0.226079,0.073945,4,10,7,5,4,10,7,5,3,11,7,5,3,11,7,5,0.0741,0.13505,0.18747,0.21328,1,1,17:05:2024,18:51:04,354,-16.350139,-68.1315,5233.0,lev20,Almucantar,1.171970605254507,0.06430665585195475,0.8383401431595597,Unclassified,Maritime,,Unknown
26:08:2022,13:28:01,Mount_Chacaltaya,238,238.561123,0.077371,0.043838,0.032977,0.025521,1.259421,52.563793,53.20454,4.351819,0.235558,0.077371,3,10,8,4,3,10,8,4,3,10,8,4,4,10,8,4,0.07081,0.12934,0.17875,0.20361,1,1,17:05:2024,18:52:52,354,-16.350139,-68.1315,5233.0,lev20,Almucantar,Mount_Chacaltaya,238,238.561123,1.47015,1.4826,1.48925,1.48655,0.011893,0.011836,0.0124395,0.012941000000000001,52.563793,53.20454,4.351819,0.235558,0.077371,3,10,8,4,3,10,8,4,3,10,8,4,4,10,8,4,0.07081,0.12934,0.17875,0.20361,1,1,17:05:2024,18:52:52,354,-16.350139,-68.1315,5233.0,lev20,Almucantar,Mount_Chacaltaya,238,238.561123,0.9114,0.8854500000000001,0.8596,0.84035,52.563793,53.20454,4.351819,0.235558,0.077371,3,10,8,4,3,10,8,4,3,10,8,4,4,10,8,4,0.07081,0.12934,0.17875,0.20361,1,1,17:05:2024,18:52:52,354,-16.350139,-68.1315,5233.0,lev20,Almucantar,Mount_Chacaltaya,238,238.561123,0.0758,0.0463,0.0341,0.0288,0.0664,0.0366,0.0241,0.0186,0.0094,0.0097,0.0101,0.0102,1.169982,52.563793,53.20454,4.351819,0.235558,0.077371,3,10,8,4,3,10,8,4,3,10,8,4,4,10,8,4,0.07081,0.12934,0.17875,0.20361,1,1,17:05:2024,18:52:52,354,-16.350139,-68.1315,5233.0,lev20,Almucantar,Mount_Chacaltaya,238,238.561123,0.036778,0.023216,0.018213,0.0159,1.0336025,52.563793,53.20454,4.351819,0.235558,0.077371,3,10,8,4,3,10,8,4,3,10,8,4,4,10,8,4,0.07081,0.12934,0.17875,0.20361,1,1,17:05:2024,18:52:52,354,-16.350139,-68.1315,5233.0,lev20,Almucantar,1.1717460010899043,0.06525548152862015,0.8369129370144914,Unclassified,Maritime,,Unknown
26:08:2022,13:36:46,Mount_Chacaltaya,238,238.567199,0.078366,0.044138,0.033157,0.025481,1.270497,50.710451,51.343185,3.792335,0.183642,0.078366,3,10,8,4,3,10,8,4,3,10,8,4,3,10,8,4,0.06999,0.12791,0.17655,0.20115,1,1,17:05:2024,18:54:23,354,-16.350139,-68.1315,5233.0,lev20,Almucantar,Mount_Chacaltaya,238,238.567199,1.47015,1.4826,1.48925,1.48655,0.011893,0.011836,0.0124395,0.012941000000000001,50.710451,51.343185,3.792335,0.183642,0.078366,3,10,8,4,3,10,8,4,3,10,8,4,3,10,8,4,0.06999,0.12791,0.17655,0.20115,1,1,17:05:2024,18:54:23,354,-16.350139,-68.1315,5233.0,lev20,Almucantar,Mount_Chacaltaya,238,238.567199,0.9114,0.8854500000000001,0.8596,0.84035,50.710451,51.343185,3.792335,0.183642,0.078366,3,10,8,4,3,10,8,4,3,10,8,4,3,10,8,4,0.06999,0.12791,0.17655,0.20115,1,1,17:05:2024,18:54:23,354,-16.350139,-68.1315,5233.0,lev20,Almucantar,Mount_Chacaltaya,238,238.567199,0.0779,0.0464,0.0337,0.0281,0.0695,0.0377,0.0247,0.0189,0.0084,0.0087,0.009,0.0092,1.227543,50.710451,51.343185,3.792335,0.183642,0.078366,3,10,8,4,3,10,8,4,3,10,8,4,3,10,8,4,0.06999,0.12791,0.17655,0.20115,1,1,17:05:2024,18:54:23,354,-16.350139,-68.1315,5233.0,lev20,Almucantar,Mount_Chacaltaya,238,238.567199,0.036778,0.023216,0.018213,0.0159,1.0336025,50.710451,51.343185,3.792335,0.183642,0.078366,3,10,8,4,3,10,8,4,3,10,8,4,3,10,8,4,0.06999,0.12791,0.17655,0.20115,1,1,17:05:2024,18:54:23,354,-16.350139,-68.1315,5233.0,lev20,Almucantar,1.2291409640190163,0.06657310847701663,0.856307791076945,BCL,Maritime,,Unknown
30:08:2022,12:56:27,Mount_Chacaltaya,242,242.539201,0.068262,0.037069,0.02427,0.014918,1.507844,58.544449,59.214251,4.502443,0.276831,0.068262,4,10,7,5,4,9,7,5,3,10,7,5,3,10,7,5,0.07582,0.13658,0.18862,0.21491,1,1,17:05:2024,19:11:53,354,-16.350139,-68.1315,5233.0,lev20,Almucantar,Mount_Chacaltaya,242,242.539201,1.47015,1.4826,1.48925,1.48655,0.011893,0.011836,0.0124395,0.012941000000000001,58.544449,59.214251,4.502443,0.276831,0.068262,4,10,7,5,4,9,7,5,3,10,7,5,3,10,7,5,0.07582,0.13658,0.18862,0.21491,1,1,17:05:2024,19:11:53,354,-16.350139,-68.1315,5233.0,lev20,Almucantar,Mount_Chacaltaya,242,242.539201,0.9114,0.8854500000000001,0.8596,0.84035,58.544449,59.214251,4.502443,0.276831,0.068262,4,10,7,5,4,9,7,5,3,10,7,5,3,10,7,5,0.07582,0.13658,0.18862,0.21491,1,1,17:05:2024,19:11:53,354,-16.350139,-68.1315,5233.0,lev20,Almucantar,Mount_Chacaltaya,242,242.539201,0.0656,0.0386,0.0252,0.0194,0.0634,0.0362,0.0228,0.017,0.0023,0.0023,0.0024,0.0024,1.386458,58.544449,59.214251,4.502443,0.276831,0.068262,4,10,7,5,4,9,7,5,3,10,7,5,3,10,7,5,0.07582,0.13658,0.18862,0.21491,1,1,17:05:2024,19:11:53,354,-16.350139,-68.1315,5233.0,lev20,Almucantar,Mount_Chacaltaya,242,242.539201,0.036778,0.023216,0.018213,0.0159,1.0336025,58.544449,59.214251,4.502443,0.276831,0.068262,4,10,7,5,4,9,7,5,3,10,7,5,3,10,7,5,0.07582,0.13658,0.18862,0.21491,1,1,17:05:2024,19:11:53,354,-16.350139,-68.1315,5233.0,lev20,Almucantar,1.4034117056437363,0.054826455716125565,0.9543060140500865,BCL,Maritime,,Unknown
30:08:2022,13:23:46,Mount_Chacaltaya,242,242.558171,0.065663,0.035893,0.023894,0.014727,1.475717,52.531715,53.183559,4.661688,0.27124,0.065663,3,10,8,4,3,10,8,4,3,10,8,4,4,10,8,4,0.07211,0.13033,0.17944,0.20471,1,1,17:05:2024,18:51:16,354,-16.350139,-68.1315,5233.0,lev20,Almucantar,Mount_Chacaltaya,242,242.558171,1.47015,1.4826,1.48925,1.48655,0.011893,0.011836,0.0124395,0.012941000000000001,52.531715,53.183559,4.661688,0.27124,0.065663,3,10,8,4,3,10,8,4,3,10,8,4,4,10,8,4,0.07211,0.13033,0.17944,0.20471,1,1,17:05:2024,18:51:16,354,-16.350139,-68.1315,5233.0,lev20,Almucantar,Mount_Chacaltaya,242,242.558171,0.9114,0.8854500000000001,0.8596,0.84035,52.531715,53.183559,4.661688,0.27124,0.065663,3,10,8,4,3,10,8,4,3,10,8,4,4,10,8,4,0.07211,0.13033,0.17944,0.20471,1,1,17:05:2024,18:51:16,354,-16.350139,-68.1315,5233.0,lev20,Almucantar,Mount_Chacaltaya,242,242.558171,0.067,0.0385,0.0251,0.0193,0.0642,0.0356,0.0221,0.0162,0.0028,0.0029,0.003,0.0031,1.425243,52.531715,53.183559,4.661688,0.27124,0.065663,3,10,8,4,3,10,8,4,3,10,8,4,4,10,8,4,0.07211,0.13033,0.17944,0.20471,1,1,17:05:2024,18:51:16,354,-16.350139,-68.1315,5233.0,lev20,Almucantar,Mount_Chacaltaya,242,242.558171,0.036778,0.023216,0.018213,0.0159,1.0336025,52.531715,53.183559,4.661688,0.27124,0.065663,3,10,8,4,3,10,8,4,3,10,8,4,4,10,8,4,0.07211,0.13033,0.17944,0.20471,1,1,17:05:2024,18:51:16,354,-16.350139,-68.1315,5233.0,lev20,Almucantar,1.44022025988188,0.05573366750420838,0.9450955433918689,BCL,Maritime,,Unknown
06:09:2022,20:17:18,Mount_Chacaltaya,249,249.845347,0.076648,0.048521,0.038778,0.031769,1.007061,61.041112,60.354113,4.881047,0.239198,0.076648,3,10,8,5,3,10,8,5,3,10,7,5,3,10,5,4,0.07717,0.13809,0.19166,0.21799,1,1,17:05:2024,11:08:34,354,-16.350139,-68.1315,5233.0,lev20,Almucantar,Mount_Chacaltaya,249,249.845347,1.47015,1.4826,1.48925,1.48655,0.011893,0.011836,0.0124395,0.012941000000000001,61.041112,60.354113,4.881047,0.239198,0.076648,3,10,8,5,3,10,8,5,3,10,7,5,3,10,5,4,0.07717,0.13809,0.19166,0.21799,1,1,17:05:2024,11:08:34,354,-16.350139,-68.1315,5233.0,lev20,Almucantar,Mount_Chacaltaya,249,249.845347,0.9114,0.8854500000000001,0.8596,0.84035,61.041112,60.354113,4.881047,0.239198,0.076648,3,10,8,5,3,10,8,5,3,10,7,5,3,10,5,4,0.07717,0.13809,0.19166,0.21799,1,1,17:05:2024,11:08:34,354,-16.350139,-68.1315,5233.0,lev20,Almucantar,Mount_Chacaltaya,249,249.845347,0.0746,0.0506,0.0397,0.0347,0.0594,0.0348,0.0236,0.0184,0.0152,0.0157,0.0162,0.0164,0.923632,61.041112,60.354113,4.881047,0.239198,0.076648,3,10,8,5,3,10,8,5,3,10,7,5,3,10,5,4,0.07717,0.13809,0.19166,0.21799,1,1,17:05:2024,11:08:34,354,-16.350139,-68.1315,5233.0,lev20,Almucantar,Mount_Chacaltaya,249,249.845347,0.036778,0.023216,0.018213,0.0159,1.0336025,61.041112,60.354113,4.881047,0.239198,0.076648,3,10,8,5,3,10,8,5,3,10,7,5,3,10,5,4,0.07717,0.13809,0.19166,0.21799,1,1,17:05:2024,11:08:34,354,-16.350139,-68.1315,5233.0,lev20,Almucantar,0.9252929671703845,0.06627794502202015,0.7449495591203841,Unclassified,Maritime,,Unknown
06:09:2022,21:02:58,Mount_Chacaltaya,249,249.87706,0.055898,0.038412,0.031247,0.025677,0.855845,71.618697,70.918192,3.956996,0.117946,0.055898,4,10,7,3,4,10,7,3,4,10,7,3,4,10,7,3,0.08865,0.15724,0.21899,0.24744,1,1,17:05:2024,10:54:55,354,-16.350139,-68.1315,5233.0,lev20,Almucantar,Mount_Chacaltaya,249,249.87706,1.47015,1.4826,1.48925,1.48655,0.011893,0.011836,0.0124395,0.012941000000000001,71.618697,70.918192,3.956996,0.117946,0.055898,4,10,7,3,4,10,7,3,4,10,7,3,4,10,7,3,0.08865,0.15724,0.21899,0.24744,1,1,17:05:2024,10:54:55,354,-16.350139,-68.1315,5233.0,lev20,Almucantar,Mount_Chacaltaya,249,249.87706,0.9114,0.8854500000000001,0.8596,0.84035,71.618697,70.918192,3.956996,0.117946,0.055898,4,10,7,3,4,10,7,3,4,10,7,3,4,10,7,3,0.08865,0.15724,0.21899,0.24744,1,1,17:05:2024,10:54:55,354,-16.350139,-68.1315,5233.0,lev20,Almucantar,Mount_Chacaltaya,249,249.87706,0.0554,0.0391,0.0312,0.0274,0.0437,0.027,0.0188,0.0148,0.0117,0.0121,0.0125,0.0126,0.839509,71.618697,70.918192,3.956996,0.117946,0.055898,4,10,7,3,4,10,7,3,4,10,7,3,4,10,7,3,0.08865,0.15724,0.21899,0.24744,1,1,17:05:2024,10:54:55,354,-16.350139,-68.1315,5233.0,lev20,Almucantar,Mount_Chacaltaya,249,249.87706,0.036778,0.023216,0.018213,0.0159,1.0336025,71.618697,70.918192,3.956996,0.117946,0.055898,4,10,7,3,4,10,7,3,4,10,7,3,4,10,7,3,0.08865,0.15724,0.21899,0.24744,1,1,17:05:2024,10:54:55,354,-16.350139,-68.1315,5233.0,lev20,Almucantar,0.8422266841713667,0.04974524679046692,0.7430040883405252,Unclassified,Maritime,,Unknown
07:09:2022,19:33:07,Mount_Chacaltaya,250,250.814664,0.054907,0.035231,0.029428,0.023373,0.928023,50.976317,50.310606,4.464273,0.249172,0.054907,3,10,8,4,3,10,8,4,3,10,8,4,3,10,8,4,0.07083,0.12742,0.17625,0.2013,1,1,17:05:2024,11:02:26,354,-16.350139,-68.1315,5233.0,lev20,Almucantar,Mount_Chacaltaya,250,250.814664,1.47015,1.4826,1.48925,1.48655,0.011893,0.011836,0.0124395,0.012941000000000001,50.976317,50.310606,4.464273,0.249172,0.054907,3,10,8,4,3,10,8,4,3,10,8,4,3,10,8,4,0.07083,0.12742,0.17625,0.2013,1,1,17:05:2024,11:02:26,354,-16.350139,-68.1315,5233.0,lev20,Almucantar,Mount_Chacaltaya,250,250.814664,0.9114,0.8854500000000001,0.8596,0.84035,50.976317,50.310606,4.464273,0.249172,0.054907,3,10,8,4,3,10,8,4,3,10,8,4,3,10,8,4,0.07083,0.12742,0.17625,0.2013,1,1,17:05:2024,11:02:26,354,-16.350139,-68.1315,5233.0,lev20,Almucantar,Mount_Chacaltaya,250,250.814664,0.0529,0.0386,0.03,0.0259,0.0433,0.0287,0.0198,0.0156,0.0096,0.0099,0.0102,0.0103,0.822157,50.976317,50.310606,4.464273,0.249172,0.054907,3,10,8,4,3,10,8,4,3,10,8,4,3,10,8,4,0.07083,0.12742,0.17625,0.2013,1,1,17:05:2024,11:02:26,354,-16.350139,-68.1315,5233.0,lev20,Almucantar,Mount_Chacaltaya,250,250.814664,0.036778,0.023216,0.018213,0.0159,1.0336025,50.976317,50.310606,4.464273,0.249172,0.054907,3,10,8,4,3,10,8,4,3,10,8,4,3,10,8,4,0.07083,0.12742,0.17625,0.2013,1,1,17:05:2024,11:02:26,354,-16.350139,-68.1315,5233.0,lev20,Almucantar,0.8320237310588464,0.04756241935903216,0.784587069987884,Unclassified,Maritime,,Unknown
07:09:2022,19:50:57,Mount_Chacaltaya,250,250.827049,0.055799,0.035648,0.02942,0.023738,0.950628,54.972525,54.295962,4.512984,0.21747,0.055799,4,10,8,4,4,10,8,4,4,10,8,4,4,10,8,4,0.07296,0.13103,0.18149,0.20698,1,1,17:05:2024,11:04:20,354,-16.350139,-68.1315,5233.0,lev20,Almucantar,Mount_Chacaltaya,250,250.827049,1.47015,1.4826,1.48925,1.48655,0.011893,0.011836,0.0124395,0.012941000000000001,54.972525,54.295962,4.512984,0.21747,0.055799,4,10,8,4,4,10,8,4,4,10,8,4,4,10,8,4,0.07296,0.13103,0.18149,0.20698,1,1,17:05:2024,11:04:20,354,-16.350139,-68.1315,5233.0,lev20,Almucantar,Mount_Chacaltaya,250,250.827049,0.9114,0.8854500000000001,0.8596,0.84035,54.972525,54.295962,4.512984,0.21747,0.055799,4,10,8,4,4,10,8,4,4,10,8,4,4,10,8,4,0.07296,0.13103,0.18149,0.20698,1,1,17:05:2024,11:04:20,354,-16.350139,-68.1315,5233.0,lev20,Almucantar,Mount_Chacaltaya,250,250.827049,0.0538,0.0385,0.0299,0.0259,0.044,0.0282,0.0194,0.0152,0.0099,0.0102,0.0105,0.0107,0.853483,54.972525,54.295962,4.512984,0.21747,0.055799,4,10,8,4,4,10,8,4,4,10,8,4,4,10,8,4,0.07296,0.13103,0.18149,0.20698,1,1,17:05:2024,11:04:20,354,-16.350139,-68.1315,5233.0,lev20,Almucantar,Mount_Chacaltaya,250,250.827049,0.036778,0.023216,0.018213,0.0159,1.0336025,54.972525,54.295962,4.512984,0.21747,0.055799,4,10,8,4,4,10,8,4,4,10,8,4,4,10,8,4,0.07296,0.13103,0.18149,0.20698,1,1,17:05:2024,11:04:20,354,-16.350139,-68.1315,5233.0,lev20,Almucantar,0.8616679757455902,0.04818865137612593,0.7791365481978149,Unclassified,Maritime,,Unknown
07:09:2022,20:17:37,Mount_Chacaltaya,250,250.845567,0.052455,0.03343,0.026543,0.020106,1.00515,61.049531,60.360825,4.788513,0.263641,0.052455,3,10,8,5,2,10,8,5,3,10,8,5,3,10,8,5,0.07715,0.13807,0.19165,0.21799,1,1,17:05:2024,11:05:55,354,-16.350139,-68.1315,5233.0,lev20,Almucantar,Mount_Chacaltaya,250,250.845567,1.47015,1.4826,1.48925,1.48655,0.011893,0.011836,0.0124395,0.012941000000000001,61.049531,60.360825,4.788513,0.263641,0.052455,3,10,8,5,2,10,8,5,3,10,8,5,3,10,8,5,0.07715,0.13807,0.19165,0.21799,1,1,17:05:2024,11:05:55,354,-16.350139,-68.1315,5233.0,lev20,Almucantar,Mount_Chacaltaya,250,250.845567,0.9114,0.8854500000000001,0.8596,0.84035,61.049531,60.360825,4.788513,0.263641,0.052455,3,10,8,5,2,10,8,5,3,10,8,5,3,10,8,5,0.07715,0.13807,0.19165,0.21799,1,1,17:05:2024,11:05:55,354,-16.350139,-68.1315,5233.0,lev20,Almucantar,Mount_Chacaltaya,250,250.845567,0.0507,0.0361,0.0278,0.0239,0.0422,0.0272,0.0187,0.0146,0.0085,0.0088,0.0091,0.0093,0.872405,61.049531,60.360825,4.788513,0.263641,0.052455,3,10,8,5,2,10,8,5,3,10,8,5,3,10,8,5,0.07715,0.13807,0.19165,0.21799,1,1,17:05:2024,11:05:55,354,-16.350139,-68.1315,5233.0,lev20,Almucantar,Mount_Chacaltaya,250,250.845567,0.036778,0.023216,0.018213,0.0159,1.0336025,61.049531,60.360825,4.788513,0.263641,0.052455,3,10,8,5,2,10,8,5,3,10,8,5,3,10,8,5,0.07715,0.13807,0.19165,0.21799,1,1,17:05:2024,11:05:55,354,-16.350139,-68.1315,5233.0,lev20,Almucantar,0.8814340572457273,0.04529738131924027,0.7972326148269845,Unclassified,Maritime,,Unknown
09:09:2022,12:46:39,Mount_Chacaltaya,252,252.532396,0.073245,0.041407,0.028488,0.018571,1.380069,58.510736,59.199791,4.193938,0.293714,0.073245,4,10,7,5,4,9,7,5,4,9,7,5,3,10,7,5,0.07506,0.13521,0.18849,0.21563,1,1,17:05:2024,10:59:34,354,-16.350139,-68.1315,5233.0,lev20,Almucantar,Mount_Chacaltaya,252,252.532396,1.47015,1.4826,1.48925,1.48655,0.011893,0.011836,0.0124395,0.012941000000000001,58.510736,59.199791,4.193938,0.293714,0.073245,4,10,7,5,4,9,7,5,4,9,7,5,3,10,7,5,0.07506,0.13521,0.18849,0.21563,1,1,17:05:2024,10:59:34,354,-16.350139,-68.1315,5233.0,lev20,Almucantar,Mount_Chacaltaya,252,252.532396,0.9114,0.8854500000000001,0.8596,0.84035,58.510736,59.199791,4.193938,0.293714,0.073245,4,10,7,5,4,9,7,5,4,9,7,5,3,10,7,5,0.07506,0.13521,0.18849,0.21563,1,1,17:05:2024,10:59:34,354,-16.350139,-68.1315,5233.0,lev20,Almucantar,Mount_Chacaltaya,252,252.532396,0.0703,0.0433,0.0293,0.023,0.0657,0.0385,0.0243,0.0179,0.0046,0.0048,0.005,0.0051,1.268159,58.510736,59.199791,4.193938,0.293714,0.073245,4,10,7,5,4,9,7,5,4,9,7,5,3,10,7,5,0.07506,0.13521,0.18849,0.21563,1,1,17:05:2024,10:59:34,354,-16.350139,-68.1315,5233.0,lev20,Almucantar,Mount_Chacaltaya,252,252.532396,0.036778,0.023216,0.018213,0.0159,1.0336025,58.510736,59.199791,4.193938,0.293714,0.073245,4,10,7,5,4,9,7,5,4,9,7,5,3,10,7,5,0.07506,0.13521,0.18849,0.21563,1,1,17:05:2024,10:59:34,354,-16.350139,-68.1315,5233.0,lev20,Almucantar,1.2837913337968303,0.059659919173617196,0.9162061238946341,BCL,Maritime,,Unknown
09:09:2022,13:13:07,Mount_Chacaltaya,252,252.550775,0.074064,0.040872,0.028745,0.019955,1.388828,52.489679,53.166292,3.943246,0.288393,0.074064,3,10,8,4,3,10,8,4,3,10,8,4,4,10,8,4,0.07144,0.12894,0.17916,0.20524,1,1,17:05:2024,11:01:15,354,-16.350139,-68.1315,5233.0,lev20,Almucantar,Mount_Chacaltaya,252,252.550775,1.47015,1.4826,1.48925,1.48655,0.011893,0.011836,0.0124395,0.012941000000000001,52.489679,53.166292,3.943246,0.288393,0.074064,3,10,8,4,3,10,8,4,3,10,8,4,4,10,8,4,0.07144,0.12894,0.17916,0.20524,1,1,17:05:2024,11:01:15,354,-16.350139,-68.1315,5233.0,lev20,Almucantar,Mount_Chacaltaya,252,252.550775,0.9114,0.8854500000000001,0.8596,0.84035,52.489679,53.166292,3.943246,0.288393,0.074064,3,10,8,4,3,10,8,4,3,10,8,4,4,10,8,4,0.07144,0.12894,0.17916,0.20524,1,1,17:05:2024,11:01:15,354,-16.350139,-68.1315,5233.0,lev20,Almucantar,Mount_Chacaltaya,252,252.550775,0.0731,0.0449,0.0301,0.0235,0.0688,0.0404,0.0255,0.0189,0.0043,0.0045,0.0046,0.0046,1.284747,52.489679,53.166292,3.943246,0.288393,0.074064,3,10,8,4,3,10,8,4,3,10,8,4,4,10,8,4,0.07144,0.12894,0.17916,0.20524,1,1,17:05:2024,11:01:15,354,-16.350139,-68.1315,5233.0,lev20,Almucantar,Mount_Chacaltaya,252,252.550775,0.036778,0.023216,0.018213,0.0159,1.0336025,52.489679,53.166292,3.943246,0.288393,0.074064,3,10,8,4,3,10,8,4,3,10,8,4,4,10,8,4,0.07144,0.12894,0.17916,0.20524,1,1,17:05:2024,11:01:15,354,-16.350139,-68.1315,5233.0,lev20,Almucantar,1.3015683377634935,0.061895315473747305,0.9238118771346792,BCL,Maritime,,Unknown
09:09:2022,21:03:37,Mount_Chacaltaya,252,252.877512,0.055961,0.031746,0.021448,0.01465,1.398488,71.641202,70.937397,4.740322,0.24005,0.055961,4,10,7,3,4,10,7,3,4,10,6,3,4,10,6,3,0.0885,0.1571,0.21884,0.24742,1,1,17:05:2024,11:08:42,354,-16.350139,-68.1315,5233.0,lev20,Almucantar,Mount_Chacaltaya,252,252.877512,1.47015,1.4826,1.48925,1.48655,0.011893,0.011836,0.0124395,0.012941000000000001,71.641202,70.937397,4.740322,0.24005,0.055961,4,10,7,3,4,10,7,3,4,10,6,3,4,10,6,3,0.0885,0.1571,0.21884,0.24742,1,1,17:05:2024,11:08:42,354,-16.350139,-68.1315,5233.0,lev20,Almucantar,Mount_Chacaltaya,252,252.877512,0.9114,0.8854500000000001,0.8596,0.84035,71.641202,70.937397,4.740322,0.24005,0.055961,4,10,7,3,4,10,7,3,4,10,6,3,4,10,6,3,0.0885,0.1571,0.21884,0.24742,1,1,17:05:2024,11:08:42,354,-16.350139,-68.1315,5233.0,lev20,Almucantar,Mount_Chacaltaya,252,252.877512,0.0562,0.0349,0.023,0.0176,0.0547,0.0333,0.0214,0.016,0.0015,0.0016,0.0016,0.0016,1.29007,71.641202,70.937397,4.740322,0.24005,0.055961,4,10,7,3,4,10,7,3,4,10,6,3,4,10,6,3,0.0885,0.1571,0.21884,0.24742,1,1,17:05:2024,11:08:42,354,-16.350139,-68.1315,5233.0,lev20,Almucantar,Mount_Chacaltaya,252,252.877512,0.036778,0.023216,0.018213,0.0159,1.0336025,71.641202,70.937397,4.740322,0.24005,0.055961,4,10,7,3,4,10,7,3,4,10,6,3,4,10,6,3,0.0885,0.1571,0.21884,0.24742,1,1,17:05:2024,11:08:42,354,-16.350139,-68.1315,5233.0,lev20,Almucantar,1.3105446910626997,0.047531155938941215,0.9654416042475217,BCL,Maritime,,Unknown
12:09:2022,12:43:43,Mount_Chacaltaya,255,255.530359,0.078372,0.048129,0.035262,0.025594,1.168484,58.510547,59.204568,4.116268,0.244584,0.078372,4,10,7,5,4,10,7,5,4,9,7,5,3,10,7,5,0.07506,0.13522,0.1885,0.21563,1,1,17:05:2024,11:06:04,354,-16.350139,-68.1315,5233.0,lev20,Almucantar,Mount_Chacaltaya,255,255.530359,1.47015,1.4826,1.48925,1.48655,0.011893,0.011836,0.0124395,0.012941000000000001,58.510547,59.204568,4.116268,0.244584,0.078372,4,10,7,5,4,10,7,5,4,9,7,5,3,10,7,5,0.07506,0.13522,0.1885,0.21563,1,1,17:05:2024,11:06:04,354,-16.350139,-68.1315,5233.0,lev20,Almucantar,Mount_Chacaltaya,255,255.530359,0.9114,0.8854500000000001,0.8596,0.84035,58.510547,59.204568,4.116268,0.244584,0.078372,4,10,7,5,4,10,7,5,4,9,7,5,3,10,7,5,0.07506,0.13522,0.1885,0.21563,1,1,17:05:2024,11:06:04,354,-16.350139,-68.1315,5233.0,lev20,Almucantar,Mount_Chacaltaya,255,255.530359,0.0784,0.0498,0.0364,0.0301,0.0699,0.0409,0.0272,0.0208,0.0086,0.0089,0.0092,0.0094,1.118918,58.510547,59.204568,4.116268,0.244584,0.078372,4,10,7,5,4,10,7,5,4,9,7,5,3,10,7,5,0.07506,0.13522,0.1885,0.21563,1,1,17:05:2024,11:06:04,354,-16.350139,-68.1315,5233.0,lev20,Almucantar,Mount_Chacaltaya,255,255.530359,0.036778,0.023216,0.018213,0.0159,1.0336025,58.510547,59.204568,4.116268,0.244584,0.078372,4,10,7,5,4,10,7,5,4,9,7,5,3,10,7,5,0.07506,0.13522,0.1885,0.21563,1,1,17:05:2024,11:06:04,354,-16.350139,-68.1315,5233.0,lev20,Almucantar,1.125472126533915,0.06789422849519215,0.8602333544716751,Unclassified,Maritime,,Unknown
12:09:2022,13:10:00,Mount_Chacaltaya,255,255.548611,0.081165,0.048994,0.036198,0.027342,1.1843,52.480843,53.1639,3.599375,0.292913,0.081165,3,10,8,4,3,10,8,4,3,10,8,4,4,10,8,4,0.07143,0.12893,0.17916,0.20523,1,1,17:05:2024,11:07:26,354,-16.350139,-68.1315,5233.0,lev20,Almucantar,Mount_Chacaltaya,255,255.548611,1.47015,1.4826,1.48925,1.48655,0.011893,0.011836,0.0124395,0.012941000000000001,52.480843,53.1639,3.599375,0.292913,0.081165,3,10,8,4,3,10,8,4,3,10,8,4,4,10,8,4,0.07143,0.12893,0.17916,0.20523,1,1,17:05:2024,11:07:26,354,-16.350139,-68.1315,5233.0,lev20,Almucantar,Mount_Chacaltaya,255,255.548611,0.9114,0.8854500000000001,0.8596,0.84035,52.480843,53.1639,3.599375,0.292913,0.081165,3,10,8,4,3,10,8,4,3,10,8,4,4,10,8,4,0.07143,0.12893,0.17916,0.20523,1,1,17:05:2024,11:07:26,354,-16.350139,-68.1315,5233.0,lev20,Almucantar,Mount_Chacaltaya,255,255.548611,0.0775,0.0512,0.0374,0.0309,0.0696,0.0431,0.0292,0.0226,0.0078,0.0081,0.0083,0.0083,1.058503,52.480843,53.1639,3.599375,0.292913,0.081165,3,10,8,4,3,10,8,4,3,10,8,4,4,10,8,4,0.07143,0.12893,0.17916,0.20523,1,1,17:05:2024,11:07:26,354,-16.350139,-68.1315,5233.0,lev20,Almucantar,Mount_Chacaltaya,255,255.548611,0.036778,0.023216,0.018213,0.0159,1.0336025,52.480843,53.1639,3.599375,0.292913,0.081165,3,10,8,4,3,10,8,4,3,10,8,4,4,10,8,4,0.07143,0.12893,0.17916,0.20523,1,1,17:05:2024,11:07:26,354,-16.350139,-68.1315,5233.0,lev20,Almucantar,1.0687802197715501,0.06760298625633787,0.8735549384369653,Unclassified,Maritime,,Unknown
17:09:2022,12:38:57,Mount_Chacaltaya,260,260.527049,0.090471,0.044813,0.02962,0.019838,1.638733,58.506381,59.207728,3.755643,0.169624,0.090471,4,10,7,5,4,9,7,5,3,10,7,5,3,9,7,5,0.07666,0.13614,0.18884,0.21599,1,1,17:05:2024,11:16:40,354,-16.350139,-68.1315,5233.0,lev20,Almucantar,Mount_Chacaltaya,260,260.527049,1.47015,1.4826,1.48925,1.48655,0.011893,0.011836,0.0124395,0.012941000000000001,58.506381,59.207728,3.755643,0.169624,0.090471,4,10,7,5,4,9,7,5,3,10,7,5,3,9,7,5,0.07666,0.13614,0.18884,0.21599,1,1,17:05:2024,11:16:40,354,-16.350139,-68.1315,5233.0,lev20,Almucantar,Mount_Chacaltaya,260,260.527049,0.9114,0.8854500000000001,0.8596,0.84035,58.506381,59.207728,3.755643,0.169624,0.090471,4,10,7,5,4,9,7,5,3,10,7,5,3,9,7,5,0.07666,0.13614,0.18884,0.21599,1,1,17:05:2024,11:16:40,354,-16.350139,-68.1315,5233.0,lev20,Almucantar,Mount_Chacaltaya,260,260.527049,0.0898,0.0461,0.0297,0.023,0.0856,0.0418,0.0251,0.0183,0.0042,0.0043,0.0045,0.0046,1.61661,58.506381,59.207728,3.755643,0.169624,0.090471,4,10,7,5,4,9,7,5,3,10,7,5,3,9,7,5,0.07666,0.13614,0.18884,0.21599,1,1,17:05:2024,11:16:40,354,-16.350139,-68.1315,5233.0,lev20,Almucantar,Mount_Chacaltaya,260,260.527049,0.036778,0.023216,0.018213,0.0159,1.0336025,58.506381,59.207728,3.755643,0.169624,0.090471,4,10,7,5,4,9,7,5,3,10,7,5,3,9,7,5,0.07666,0.13614,0.18884,0.21599,1,1,17:05:2024,11:16:40,354,-16.350139,-68.1315,5233.0,lev20,Almucantar,1.6230129507599487,0.07297447757881637,0.9338945225293516,BCL,Maritime,,Unknown
17:09:2022,13:04:52,Mount_Chacaltaya,260,260.545046,0.098377,0.046619,0.030737,0.019563,1.711033,52.486896,53.179601,3.4474,0.169789,0.098377,3,10,8,4,3,10,8,4,3,10,8,4,4,10,8,4,0.07294,0.12983,0.17947,0.20559,1,1,17:05:2024,11:18:29,354,-16.350139,-68.1315,5233.0,lev20,Almucantar,Mount_Chacaltaya,260,260.545046,1.47015,1.4826,1.48925,1.48655,0.011893,0.011836,0.0124395,0.012941000000000001,52.486896,53.179601,3.4474,0.169789,0.098377,3,10,8,4,3,10,8,4,3,10,8,4,4,10,8,4,0.07294,0.12983,0.17947,0.20559,1,1,17:05:2024,11:18:29,354,-16.350139,-68.1315,5233.0,lev20,Almucantar,Mount_Chacaltaya,260,260.545046,0.9114,0.8854500000000001,0.8596,0.84035,52.486896,53.179601,3.4474,0.169789,0.098377,3,10,8,4,3,10,8,4,3,10,8,4,4,10,8,4,0.07294,0.12983,0.17947,0.20559,1,1,17:05:2024,11:18:29,354,-16.350139,-68.1315,5233.0,lev20,Almucantar,Mount_Chacaltaya,260,260.545046,0.0969,0.0473,0.0297,0.0226,0.094,0.0442,0.0266,0.0194,0.003,0.0031,0.0031,0.0032,1.728913,52.486896,53.179601,3.4474,0.169789,0.098377,3,10,8,4,3,10,8,4,3,10,8,4,4,10,8,4,0.07294,0.12983,0.17947,0.20559,1,1,17:05:2024,11:18:29,354,-16.350139,-68.1315,5233.0,lev20,Almucantar,Mount_Chacaltaya,260,260.545046,0.036778,0.023216,0.018213,0.0159,1.0336025,52.486896,53.179601,3.4474,0.169789,0.098377,3,10,8,4,3,10,8,4,3,10,8,4,4,10,8,4,0.07294,0.12983,0.17947,0.20559,1,1,17:05:2024,11:18:29,354,-16.350139,-68.1315,5233.0,lev20,Almucantar,1.7346346029409054,0.07762855445338918,0.955431692217084,BCL,Unclassified,,Unknown
18:09:2022,12:37:57,Mount_Chacaltaya,261,261.526354,0.085243,0.047425,0.033287,0.02319,1.378789,58.521076,59.223758,3.568352,0.165831,0.085243,4,9,7,5,4,10,7,5,3,10,7,5,3,9,7,5,0.07665,0.13615,0.18885,0.21601,1,1,17:05:2024,11:30:14,354,-16.350139,-68.1315,5233.0,lev20,Almucantar,Mount_Chacaltaya,261,261.526354,1.47015,1.4826,1.48925,1.48655,0.011893,0.011836,0.0124395,0.012941000000000001,58.521076,59.223758,3.568352,0.165831,0.085243,4,9,7,5,4,10,7,5,3,10,7,5,3,9,7,5,0.07665,0.13615,0.18885,0.21601,1,1,17:05:2024,11:30:14,354,-16.350139,-68.1315,5233.0,lev20,Almucantar,Mount_Chacaltaya,261,261.526354,0.9114,0.8854500000000001,0.8596,0.84035,58.521076,59.223758,3.568352,0.165831,0.085243,4,9,7,5,4,10,7,5,3,10,7,5,3,9,7,5,0.07665,0.13615,0.18885,0.21601,1,1,17:05:2024,11:30:14,354,-16.350139,-68.1315,5233.0,lev20,Almucantar,Mount_Chacaltaya,261,261.526354,0.084,0.0469,0.0326,0.0265,0.0789,0.0417,0.0273,0.0211,0.0051,0.0052,0.0054,0.0054,1.385996,58.521076,59.223758,3.568352,0.165831,0.085243,4,9,7,5,4,10,7,5,3,10,7,5,3,9,7,5,0.07665,0.13615,0.18885,0.21601,1,1,17:05:2024,11:30:14,354,-16.350139,-68.1315,5233.0,lev20,Almucantar,Mount_Chacaltaya,261,261.526354,0.036778,0.023216,0.018213,0.0159,1.0336025,58.521076,59.223758,3.568352,0.165831,0.085243,4,9,7,5,4,10,7,5,3,10,7,5,3,9,7,5,0.07665,0.13615,0.18885,0.21601,1,1,17:05:2024,11:30:14,354,-16.350139,-68.1315,5233.0,lev20,Almucantar,1.3884096319270909,0.07033937309834823,0.9169788513175011,BCL,Maritime,,Unknown
18:09:2022,13:03:59,Mount_Chacaltaya,261,261.544433,0.075516,0.042706,0.031591,0.022773,1.284358,52.461138,53.155552,3.96793,0.211568,0.075516,3,10,8,4,3,8,8,4,3,10,8,4,4,10,8,4,0.0729,0.12978,0.1794,0.20553,1,1,17:05:2024,11:12:01,354,-16.350139,-68.1315,5233.0,lev20,Almucantar,Mount_Chacaltaya,261,261.544433,1.47015,1.4826,1.48925,1.48655,0.011893,0.011836,0.0124395,0.012941000000000001,52.461138,53.155552,3.96793,0.211568,0.075516,3,10,8,4,3,8,8,4,3,10,8,4,4,10,8,4,0.0729,0.12978,0.1794,0.20553,1,1,17:05:2024,11:12:01,354,-16.350139,-68.1315,5233.0,lev20,Almucantar,Mount_Chacaltaya,261,261.544433,0.9114,0.8854500000000001,0.8596,0.84035,52.461138,53.155552,3.96793,0.211568,0.075516,3,10,8,4,3,8,8,4,3,10,8,4,4,10,8,4,0.0729,0.12978,0.1794,0.20553,1,1,17:05:2024,11:12:01,354,-16.350139,-68.1315,5233.0,lev20,Almucantar,Mount_Chacaltaya,261,261.544433,0.072,0.0438,0.0309,0.0252,0.0668,0.0383,0.0253,0.0196,0.0053,0.0055,0.0056,0.0056,1.232808,52.461138,53.155552,3.96793,0.211568,0.075516,3,10,8,4,3,8,8,4,3,10,8,4,4,10,8,4,0.0729,0.12978,0.1794,0.20553,1,1,17:05:2024,11:12:01,354,-16.350139,-68.1315,5233.0,lev20,Almucantar,Mount_Chacaltaya,261,261.544433,0.036778,0.023216,0.018213,0.0159,1.0336025,52.461138,53.155552,3.96793,0.211568,0.075516,3,10,8,4,3,8,8,4,3,10,8,4,4,10,8,4,0.0729,0.12978,0.1794,0.20553,1,1,17:05:2024,11:12:01,354,-16.350139,-68.1315,5233.0,lev20,Almucantar,1.2408493447842175,0.061438960130474125,0.9035383730132565,BCL,Maritime,,Unknown
04:10:2022,12:49:17,Mount_Chacaltaya,277,277.534225,0.107327,0.053599,0.034898,0.023455,1.645743,52.550884,53.265193,3.292547,0.263939,0.107327,3,10,8,4,3,10,8,4,3,10,8,4,4,10,8,4,0.07217,0.12788,0.18,0.20563,1,1,17:05:2024,04:04:23,354,-16.350139,-68.1315,5233.0,lev20,Almucantar,Mount_Chacaltaya,277,277.534225,1.47015,1.4826,1.48925,1.48655,0.011893,0.011836,0.0124395,0.012941000000000001,52.550884,53.265193,3.292547,0.263939,0.107327,3,10,8,4,3,10,8,4,3,10,8,4,4,10,8,4,0.07217,0.12788,0.18,0.20563,1,1,17:05:2024,04:04:23,354,-16.350139,-68.1315,5233.0,lev20,Almucantar,Mount_Chacaltaya,277,277.534225,0.9114,0.8854500000000001,0.8596,0.84035,52.550884,53.265193,3.292547,0.263939,0.107327,3,10,8,4,3,10,8,4,3,10,8,4,4,10,8,4,0.07217,0.12788,0.18,0.20563,1,1,17:05:2024,04:04:23,354,-16.350139,-68.1315,5233.0,lev20,Almucantar,Mount_Chacaltaya,277,277.534225,0.1086,0.0575,0.0357,0.0263,0.1058,0.0545,0.0327,0.0232,0.0028,0.003,0.003,0.0031,1.616965,52.550884,53.265193,3.292547,0.263939,0.107327,3,10,8,4,3,10,8,4,3,10,8,4,4,10,8,4,0.07217,0.12788,0.18,0.20563,1,1,17:05:2024,04:04:23,354,-16.350139,-68.1315,5233.0,lev20,Almucantar,Mount_Chacaltaya,277,277.534225,0.036778,0.023216,0.018213,0.0159,1.0336025,52.550884,53.265193,3.292547,0.263939,0.107327,3,10,8,4,3,10,8,4,3,10,8,4,4,10,8,4,0.07217,0.12788,0.18,0.20563,1,1,17:05:2024,04:04:23,354,-16.350139,-68.1315,5233.0,lev20,Almucantar,1.6319356796442834,0.08815138031990102,0.9642204746040163,BCL,Maritime,,Unknown
05:10:2022,20:23:11,Mount_Chacaltaya,278,278.849433,0.04692,0.033026,0.028176,0.023265,0.755913,61.096878,60.379446,4.615169,0.192681,0.04692,3,10,8,4,3,10,8,3,3,10,8,4,3,10,7,4,0.07797,0.1369,0.1925,0.21819,1,1,17:05:2024,03:56:57,354,-16.350139,-68.1315,5233.0,lev20,Almucantar,Mount_Chacaltaya,278,278.849433,1.47015,1.4826,1.48925,1.48655,0.011893,0.011836,0.0124395,0.012941000000000001,61.096878,60.379446,4.615169,0.192681,0.04692,3,10,8,4,3,10,8,3,3,10,8,4,3,10,7,4,0.07797,0.1369,0.1925,0.21819,1,1,17:05:2024,03:56:57,354,-16.350139,-68.1315,5233.0,lev20,Almucantar,Mount_Chacaltaya,278,278.849433,0.9114,0.8854500000000001,0.8596,0.84035,61.096878,60.379446,4.615169,0.192681,0.04692,3,10,8,4,3,10,8,3,3,10,8,4,3,10,7,4,0.07797,0.1369,0.1925,0.21819,1,1,17:05:2024,03:56:57,354,-16.350139,-68.1315,5233.0,lev20,Almucantar,Mount_Chacaltaya,278,278.849433,0.0447,0.0346,0.0289,0.0258,0.034,0.0236,0.0175,0.0142,0.0107,0.0111,0.0114,0.0116,0.635574,61.096878,60.379446,4.615169,0.192681,0.04692,3,10,8,4,3,10,8,3,3,10,8,4,3,10,7,4,0.07797,0.1369,0.1925,0.21819,1,1,17:05:2024,03:56:57,354,-16.350139,-68.1315,5233.0,lev20,Almucantar,Mount_Chacaltaya,278,278.849433,0.036778,0.023216,0.018213,0.0159,1.0336025,61.096878,60.379446,4.615169,0.192681,0.04692,3,10,8,4,3,10,8,3,3,10,8,4,3,10,7,4,0.07797,0.1369,0.1925,0.21819,1,1,17:05:2024,03:56:57,354,-16.350139,-68.1315,5233.0,lev20,Almucantar,0.6397536758443998,0.04118984034179399,0.7246386884198533,Unclassified,Maritime,,Unknown
07:10:2022,19:58:17,Mount_Chacaltaya,280,280.832141,0.073764,0.049942,0.04233,0.035271,0.825111,55.07331,54.356626,4.959112,0.256016,0.073764,4,10,8,4,3,10,8,4,2,10,8,4,3,10,7,4,0.07372,0.12993,0.1823,0.20727,1,1,17:05:2024,04:11:43,354,-16.350139,-68.1315,5233.0,lev20,Almucantar,Mount_Chacaltaya,280,280.832141,1.47015,1.4826,1.48925,1.48655,0.011893,0.011836,0.0124395,0.012941000000000001,55.07331,54.356626,4.959112,0.256016,0.073764,4,10,8,4,3,10,8,4,2,10,8,4,3,10,7,4,0.07372,0.12993,0.1823,0.20727,1,1,17:05:2024,04:11:43,354,-16.350139,-68.1315,5233.0,lev20,Almucantar,Mount_Chacaltaya,280,280.832141,0.9114,0.8854500000000001,0.8596,0.84035,55.07331,54.356626,4.959112,0.256016,0.073764,4,10,8,4,3,10,8,4,2,10,8,4,3,10,7,4,0.07372,0.12993,0.1823,0.20727,1,1,17:05:2024,04:11:43,354,-16.350139,-68.1315,5233.0,lev20,Almucantar,Mount_Chacaltaya,280,280.832141,0.0694,0.0501,0.0412,0.0368,0.0528,0.0329,0.0235,0.0188,0.0167,0.0173,0.0178,0.018,0.764756,55.07331,54.356626,4.959112,0.256016,0.073764,4,10,8,4,3,10,8,4,2,10,8,4,3,10,7,4,0.07372,0.12993,0.1823,0.20727,1,1,17:05:2024,04:11:43,354,-16.350139,-68.1315,5233.0,lev20,Almucantar,Mount_Chacaltaya,280,280.832141,0.036778,0.023216,0.018213,0.0159,1.0336025,55.07331,54.356626,4.959112,0.256016,0.073764,4,10,8,4,3,10,8,4,2,10,8,4,3,10,7,4,0.07372,0.12993,0.1823,0.20727,1,1,17:05:2024,04:11:43,354,-16.350139,-68.1315,5233.0,lev20,Almucantar,0.7649031423270939,0.06293526887192898,0.7112659922081787,Unclassified,Maritime,,Unknown
12:10:2022,21:08:05,Mount_Chacaltaya,285,285.880613,0.046799,0.036837,0.031436,0.026815,0.581267,71.604324,70.887323,4.00182,0.115615,0.046799,4,10,7,3,4,10,7,3,4,10,7,3,4,10,7,3,0.08513,0.14948,0.21316,0.24125,1,1,17:05:2024,04:15:50,354,-16.350139,-68.1315,5233.0,lev20,Almucantar,Mount_Chacaltaya,285,285.880613,1.47015,1.4826,1.48925,1.48655,0.011893,0.011836,0.0124395,0.012941000000000001,71.604324,70.887323,4.00182,0.115615,0.046799,4,10,7,3,4,10,7,3,4,10,7,3,4,10,7,3,0.08513,0.14948,0.21316,0.24125,1,1,17:05:2024,04:15:50,354,-16.350139,-68.1315,5233.0,lev20,Almucantar,Mount_Chacaltaya,285,285.880613,0.9114,0.8854500000000001,0.8596,0.84035,71.604324,70.887323,4.00182,0.115615,0.046799,4,10,7,3,4,10,7,3,4,10,7,3,4,10,7,3,0.08513,0.14948,0.21316,0.24125,1,1,17:05:2024,04:15:50,354,-16.350139,-68.1315,5233.0,lev20,Almucantar,Mount_Chacaltaya,285,285.880613,0.0459,0.0372,0.0316,0.0287,0.0314,0.0222,0.0162,0.0131,0.0145,0.015,0.0154,0.0156,0.541781,71.604324,70.887323,4.00182,0.115615,0.046799,4,10,7,3,4,10,7,3,4,10,7,3,4,10,7,3,0.08513,0.14948,0.21316,0.24125,1,1,17:05:2024,04:15:50,354,-16.350139,-68.1315,5233.0,lev20,Almucantar,Mount_Chacaltaya,285,285.880613,0.036778,0.023216,0.018213,0.0159,1.0336025,71.604324,70.887323,4.00182,0.115615,0.046799,4,10,7,3,4,10,7,3,4,10,7,3,4,10,7,3,0.08513,0.14948,0.21316,0.24125,1,1,17:05:2024,04:15:50,354,-16.350139,-68.1315,5233.0,lev20,Almucantar,0.547598465982659,0.04279681820956413,0.643343477373063,Unclassified,Maritime,,Unknown
26:10:2022,12:35:51,Mount_Chacaltaya,299,299.524896,0.051269,0.033909,0.028482,0.022082,0.87346,52.660398,53.378304,4.851766,0.201719,0.051269,3,10,8,4,3,10,8,4,3,10,8,4,4,10,8,4,0.06983,0.12409,0.17953,0.20477,1,1,03:05:2024,11:59:55,354,-16.350139,-68.1315,5233.0,lev20,Almucantar,Mount_Chacaltaya,299,299.524896,1.47015,1.4826,1.48925,1.48655,0.011893,0.011836,0.0124395,0.012941000000000001,52.660398,53.378304,4.851766,0.201719,0.051269,3,10,8,4,3,10,8,4,3,10,8,4,4,10,8,4,0.06983,0.12409,0.17953,0.20477,1,1,03:05:2024,11:59:55,354,-16.350139,-68.1315,5233.0,lev20,Almucantar,Mount_Chacaltaya,299,299.524896,0.9114,0.8854500000000001,0.8596,0.84035,52.660398,53.378304,4.851766,0.201719,0.051269,3,10,8,4,3,10,8,4,3,10,8,4,4,10,8,4,0.06983,0.12409,0.17953,0.20477,1,1,03:05:2024,11:59:55,354,-16.350139,-68.1315,5233.0,lev20,Almucantar,Mount_Chacaltaya,299,299.524896,0.0489,0.0352,0.0281,0.0247,0.0397,0.0256,0.0183,0.0147,0.0092,0.0095,0.0098,0.01,0.808191,52.660398,53.378304,4.851766,0.201719,0.051269,3,10,8,4,3,10,8,4,3,10,8,4,4,10,8,4,0.06983,0.12409,0.17953,0.20477,1,1,03:05:2024,11:59:55,354,-16.350139,-68.1315,5233.0,lev20,Almucantar,Mount_Chacaltaya,299,299.524896,0.036778,0.023216,0.018213,0.0159,1.0336025,52.660398,53.378304,4.851766,0.201719,0.051269,3,10,8,4,3,10,8,4,3,10,8,4,4,10,8,4,0.06983,0.12409,0.17953,0.20477,1,1,03:05:2024,11:59:55,354,-16.350139,-68.1315,5233.0,lev20,Almucantar,0.8126636324896005,0.04407496192592804,0.7727265768054432,Unclassified,Maritime,,Unknown
10:11:2022,12:32:23,Mount_Chacaltaya,314,314.522488,0.065223,0.037387,0.027838,0.019311,1.254712,52.707812,53.417052,4.518455,0.332209,0.065223,3,10,8,4,3,10,8,4,4,10,8,4,4,10,8,4,0.07009,0.12245,0.17808,0.20208,1,1,17:05:2024,00:28:16,354,-16.350139,-68.1315,5233.0,lev20,Almucantar,Mount_Chacaltaya,314,314.522488,1.47015,1.4826,1.48925,1.48655,0.011893,0.011836,0.0124395,0.012941000000000001,52.707812,53.417052,4.518455,0.332209,0.065223,3,10,8,4,3,10,8,4,4,10,8,4,4,10,8,4,0.07009,0.12245,0.17808,0.20208,1,1,17:05:2024,00:28:16,354,-16.350139,-68.1315,5233.0,lev20,Almucantar,Mount_Chacaltaya,314,314.522488,0.9114,0.8854500000000001,0.8596,0.84035,52.707812,53.417052,4.518455,0.332209,0.065223,3,10,8,4,3,10,8,4,4,10,8,4,4,10,8,4,0.07009,0.12245,0.17808,0.20208,1,1,17:05:2024,00:28:16,354,-16.350139,-68.1315,5233.0,lev20,Almucantar,Mount_Chacaltaya,314,314.522488,0.066,0.0405,0.0297,0.0247,0.0585,0.0327,0.0217,0.0166,0.0074,0.0077,0.008,0.0081,1.16846,52.707812,53.417052,4.518455,0.332209,0.065223,3,10,8,4,3,10,8,4,4,10,8,4,4,10,8,4,0.07009,0.12245,0.17808,0.20208,1,1,17:05:2024,00:28:16,354,-16.350139,-68.1315,5233.0,lev20,Almucantar,Mount_Chacaltaya,314,314.522488,0.036778,0.023216,0.018213,0.0159,1.0336025,52.707812,53.417052,4.518455,0.332209,0.065223,3,10,8,4,3,10,8,4,4,10,8,4,4,10,8,4,0.07009,0.12245,0.17808,0.20208,1,1,17:05:2024,00:28:16,354,-16.350139,-68.1315,5233.0,lev20,Almucantar,1.17131589372499,0.05682188110283014,0.8506713576206489,Unclassified,Maritime,,Unknown
14:11:2022,12:32:18,Mount_Chacaltaya,318,318.522431,0.035657,0.024047,0.019556,0.013879,0.885517,52.710824,53.417001,4.915006,0.262548,0.035657,3,10,8,4,3,10,8,4,3,10,8,4,4,10,8,4,0.07006,0.12241,0.17804,0.20205,1,1,16:05:2024,13:32:59,354,-16.350139,-68.1315,5233.0,lev20,Almucantar,Mount_Chacaltaya,318,318.522431,1.47015,1.4826,1.48925,1.48655,0.011893,0.011836,0.0124395,0.012941000000000001,52.710824,53.417001,4.915006,0.262548,0.035657,3,10,8,4,3,10,8,4,3,10,8,4,4,10,8,4,0.07006,0.12241,0.17804,0.20205,1,1,16:05:2024,13:32:59,354,-16.350139,-68.1315,5233.0,lev20,Almucantar,Mount_Chacaltaya,318,318.522431,0.9114,0.8854500000000001,0.8596,0.84035,52.710824,53.417001,4.915006,0.262548,0.035657,3,10,8,4,3,10,8,4,3,10,8,4,4,10,8,4,0.07006,0.12241,0.17804,0.20205,1,1,16:05:2024,13:32:59,354,-16.350139,-68.1315,5233.0,lev20,Almucantar,Mount_Chacaltaya,318,318.522431,0.0353,0.0276,0.0212,0.0179,0.0318,0.024,0.0175,0.0141,0.0035,0.0037,0.0037,0.0038,0.729871,52.710824,53.417001,4.915006,0.262548,0.035657,3,10,8,4,3,10,8,4,3,10,8,4,4,10,8,4,0.07006,0.12241,0.17804,0.20205,1,1,16:05:2024,13:32:59,354,-16.350139,-68.1315,5233.0,lev20,Almucantar,Mount_Chacaltaya,318,318.522431,0.036778,0.023216,0.018213,0.0159,1.0336025,52.710824,53.417001,4.915006,0.262548,0.035657,3,10,8,4,3,10,8,4,3,10,8,4,4,10,8,4,0.07006,0.12241,0.17804,0.20205,1,1,16:05:2024,13:32:59,354,-16.350139,-68.1315,5233.0,lev20,Almucantar,0.7479359789671803,0.0320812512430796,0.8883734224089695,Unclassified,Maritime,,Unknown
16:11:2022,12:32:18,Mount_Chacaltaya,320,320.522431,0.062448,0.035453,0.026301,0.019256,1.274577,52.731284,53.435877,4.65429,0.320466,0.062448,3,10,8,4,3,10,8,4,4,10,8,4,4,10,8,4,0.07006,0.12243,0.17806,0.20208,1,1,17:05:2024,00:26:14,354,-16.350139,-68.1315,5233.0,lev20,Almucantar,Mount_Chacaltaya,320,320.522431,1.47015,1.4826,1.48925,1.48655,0.011893,0.011836,0.0124395,0.012941000000000001,52.731284,53.435877,4.65429,0.320466,0.062448,3,10,8,4,3,10,8,4,4,10,8,4,4,10,8,4,0.07006,0.12243,0.17806,0.20208,1,1,17:05:2024,00:26:14,354,-16.350139,-68.1315,5233.0,lev20,Almucantar,Mount_Chacaltaya,320,320.522431,0.9114,0.8854500000000001,0.8596,0.84035,52.731284,53.435877,4.65429,0.320466,0.062448,3,10,8,4,3,10,8,4,4,10,8,4,4,10,8,4,0.07006,0.12243,0.17806,0.20208,1,1,17:05:2024,00:26:14,354,-16.350139,-68.1315,5233.0,lev20,Almucantar,Mount_Chacaltaya,320,320.522431,0.0635,0.0398,0.0284,0.0234,0.0583,0.0343,0.0229,0.0178,0.0053,0.0054,0.0056,0.0056,1.171291,52.731284,53.435877,4.65429,0.320466,0.062448,3,10,8,4,3,10,8,4,4,10,8,4,4,10,8,4,0.07006,0.12243,0.17806,0.20208,1,1,17:05:2024,00:26:14,354,-16.350139,-68.1315,5233.0,lev20,Almucantar,Mount_Chacaltaya,320,320.522431,0.036778,0.023216,0.018213,0.0159,1.0336025,52.731284,53.435877,4.65429,0.320466,0.062448,3,10,8,4,3,10,8,4,4,10,8,4,4,10,8,4,0.07006,0.12243,0.17806,0.20208,1,1,17:05:2024,00:26:14,354,-16.350139,-68.1315,5233.0,lev20,Almucantar,1.1803270393096519,0.05460659816592632,0.8931489244381251,Unclassified,Maritime,,Unknown
19:11:2022,12:06:47,Mount_Chacaltaya,323,323.504711,0.148215,0.082432,0.059926,0.048368,1.333207,58.759557,59.459106,3.176677,0.108126,0.148215,4,9,7,5,4,8,7,5,3,9,7,5,3,8,8,5,0.07304,0.12762,0.18815,0.21216,1,1,16:05:2024,13:41:21,354,-16.350139,-68.1315,5233.0,lev20,Almucantar,Mount_Chacaltaya,323,323.504711,1.47015,1.4826,1.48925,1.48655,0.011893,0.011836,0.0124395,0.012941000000000001,58.759557,59.459106,3.176677,0.108126,0.148215,4,9,7,5,4,8,7,5,3,9,7,5,3,8,8,5,0.07304,0.12762,0.18815,0.21216,1,1,16:05:2024,13:41:21,354,-16.350139,-68.1315,5233.0,lev20,Almucantar,Mount_Chacaltaya,323,323.504711,0.9114,0.8854500000000001,0.8596,0.84035,58.759557,59.459106,3.176677,0.108126,0.148215,4,9,7,5,4,8,7,5,3,9,7,5,3,8,8,5,0.07304,0.12762,0.18815,0.21216,1,1,16:05:2024,13:41:21,354,-16.350139,-68.1315,5233.0,lev20,Almucantar,Mount_Chacaltaya,323,323.504711,0.1476,0.0833,0.0599,0.0503,0.1299,0.0649,0.0407,0.0306,0.0177,0.0184,0.0192,0.0197,1.324718,58.759557,59.459106,3.176677,0.108126,0.148215,4,9,7,5,4,8,7,5,3,9,7,5,3,8,8,5,0.07304,0.12762,0.18815,0.21216,1,1,16:05:2024,13:41:21,354,-16.350139,-68.1315,5233.0,lev20,Almucantar,Mount_Chacaltaya,323,323.504711,0.036778,0.023216,0.018213,0.0159,1.0336025,58.759557,59.459106,3.176677,0.108126,0.148215,4,9,7,5,4,8,7,5,3,9,7,5,3,8,8,5,0.07304,0.12762,0.18815,0.21216,1,1,16:05:2024,13:41:21,354,-16.350139,-68.1315,5233.0,lev20,Almucantar,1.3228765645012268,0.12463608121951068,0.8339877508419005,BCL,Maritime,,Unknown
19:11:2022,12:32:32,Mount_Chacaltaya,323,323.522593,0.134664,0.074065,0.054017,0.043635,1.346374,52.741886,53.444092,2.306517,0.129486,0.134664,3,10,8,4,3,10,8,4,4,10,8,4,4,10,8,4,0.06973,0.12206,0.17963,0.2032,1,1,16:05:2024,13:43:03,354,-16.350139,-68.1315,5233.0,lev20,Almucantar,Mount_Chacaltaya,323,323.522593,1.47015,1.4826,1.48925,1.48655,0.011893,0.011836,0.0124395,0.012941000000000001,52.741886,53.444092,2.306517,0.129486,0.134664,3,10,8,4,3,10,8,4,4,10,8,4,4,10,8,4,0.06973,0.12206,0.17963,0.2032,1,1,16:05:2024,13:43:03,354,-16.350139,-68.1315,5233.0,lev20,Almucantar,Mount_Chacaltaya,323,323.522593,0.9114,0.8854500000000001,0.8596,0.84035,52.741886,53.444092,2.306517,0.129486,0.134664,3,10,8,4,3,10,8,4,4,10,8,4,4,10,8,4,0.06973,0.12206,0.17963,0.2032,1,1,16:05:2024,13:43:03,354,-16.350139,-68.1315,5233.0,lev20,Almucantar,Mount_Chacaltaya,323,323.522593,0.1345,0.0759,0.0543,0.0456,0.1181,0.0587,0.0364,0.0272,0.0165,0.0172,0.018,0.0184,1.331578,52.741886,53.444092,2.306517,0.129486,0.134664,3,10,8,4,3,10,8,4,4,10,8,4,4,10,8,4,0.06973,0.12206,0.17963,0.2032,1,1,16:05:2024,13:43:03,354,-16.350139,-68.1315,5233.0,lev20,Almucantar,Mount_Chacaltaya,323,323.522593,0.036778,0.023216,0.018213,0.0159,1.0336025,52.741886,53.444092,2.306517,0.129486,0.134664,3,10,8,4,3,10,8,4,4,10,8,4,4,10,8,4,0.06973,0.12206,0.17963,0.2032,1,1,16:05:2024,13:43:03,354,-16.350139,-68.1315,5233.0,lev20,Almucantar,1.3305198442034796,0.11346329147674639,0.8303977489516043,BCL,Maritime,,Unknown
27:11:2022,12:08:01,Mount_Chacaltaya,331,331.505567,0.119624,0.06473,0.044841,0.032839,1.4393,58.782117,59.475579,4.649684,0.201674,0.119624,4,8,7,5,4,8,7,5,3,9,7,5,3,8,8,5,0.07483,0.12852,0.1913,0.21506,1,1,20:05:2024,22:51:24,354,-16.350139,-68.1315,5233.0,lev20,Almucantar,Mount_Chacaltaya,331,331.505567,1.47015,1.4826,1.48925,1.48655,0.011893,0.011836,0.0124395,0.012941000000000001,58.782117,59.475579,4.649684,0.201674,0.119624,4,8,7,5,4,8,7,5,3,9,7,5,3,8,8,5,0.07483,0.12852,0.1913,0.21506,1,1,20:05:2024,22:51:24,354,-16.350139,-68.1315,5233.0,lev20,Almucantar,Mount_Chacaltaya,331,331.505567,0.9114,0.8854500000000001,0.8596,0.84035,58.782117,59.475579,4.649684,0.201674,0.119624,4,8,7,5,4,8,7,5,3,9,7,5,3,8,8,5,0.07483,0.12852,0.1913,0.21506,1,1,20:05:2024,22:51:24,354,-16.350139,-68.1315,5233.0,lev20,Almucantar,Mount_Chacaltaya,331,331.505567,0.1227,0.0652,0.0425,0.0337,0.1147,0.0569,0.0339,0.0248,0.0081,0.0083,0.0086,0.0089,1.547466,58.782117,59.475579,4.649684,0.201674,0.119624,4,8,7,5,4,8,7,5,3,9,7,5,3,8,8,5,0.07483,0.12852,0.1913,0.21506,1,1,20:05:2024,22:51:24,354,-16.350139,-68.1315,5233.0,lev20,Almucantar,Mount_Chacaltaya,331,331.505567,0.036778,0.023216,0.018213,0.0159,1.0336025,58.782117,59.475579,4.649684,0.201674,0.119624,4,8,7,5,4,8,7,5,3,9,7,5,3,8,8,5,0.07483,0.12852,0.1913,0.21506,1,1,20:05:2024,22:51:24,354,-16.350139,-68.1315,5233.0,lev20,Almucantar,1.555243549243904,0.10057767608110903,0.9088318044176887,BCL,Maritime,,Unknown
27:11:2022,12:33:59,Mount_Chacaltaya,331,331.5236,0.121942,0.061791,0.041129,0.028679,1.594114,52.766641,53.462709,4.550765,0.443389,0.121942,3,10,8,4,3,10,8,4,4,10,8,4,4,10,8,4,0.07119,0.1226,0.18228,0.2056,1,1,20:05:2024,22:52:58,354,-16.350139,-68.1315,5233.0,lev20,Almucantar,Mount_Chacaltaya,331,331.5236,1.47015,1.4826,1.48925,1.48655,0.011893,0.011836,0.0124395,0.012941000000000001,52.766641,53.462709,4.550765,0.443389,0.121942,3,10,8,4,3,10,8,4,4,10,8,4,4,10,8,4,0.07119,0.1226,0.18228,0.2056,1,1,20:05:2024,22:52:58,354,-16.350139,-68.1315,5233.0,lev20,Almucantar,Mount_Chacaltaya,331,331.5236,0.9114,0.8854500000000001,0.8596,0.84035,52.766641,53.462709,4.550765,0.443389,0.121942,3,10,8,4,3,10,8,4,4,10,8,4,4,10,8,4,0.07119,0.1226,0.18228,0.2056,1,1,20:05:2024,22:52:58,354,-16.350139,-68.1315,5233.0,lev20,Almucantar,Mount_Chacaltaya,331,331.5236,0.126,0.0674,0.0433,0.0339,0.1179,0.0591,0.0346,0.0249,0.0081,0.0084,0.0087,0.0089,1.55618,52.766641,53.462709,4.550765,0.443389,0.121942,3,10,8,4,3,10,8,4,4,10,8,4,4,10,8,4,0.07119,0.1226,0.18228,0.2056,1,1,20:05:2024,22:52:58,354,-16.350139,-68.1315,5233.0,lev20,Almucantar,Mount_Chacaltaya,331,331.5236,0.036778,0.023216,0.018213,0.0159,1.0336025,52.766641,53.462709,4.550765,0.443389,0.121942,3,10,8,4,3,10,8,4,4,10,8,4,4,10,8,4,0.07119,0.1226,0.18228,0.2056,1,1,20:05:2024,22:52:58,354,-16.350139,-68.1315,5233.0,lev20,Almucantar,1.5668187028200775,0.10312998569558797,0.9119043901125035,BCL,Maritime,,Unknown
28:11:2022,12:08:14,Mount_Chacaltaya,332,332.505718,0.191526,0.092952,0.059291,0.04302,1.717272,58.788635,59.481393,4.172293,0.153823,0.191526,4,10,7,5,3,9,7,5,3,9,7,5,3,8,8,5,0.07483,0.12853,0.19129,0.21506,1,1,20:05:2024,22:42:45,354,-16.350139,-68.1315,5233.0,lev20,Almucantar,Mount_Chacaltaya,332,332.505718,1.47015,1.4826,1.48925,1.48655,0.011893,0.011836,0.0124395,0.012941000000000001,58.788635,59.481393,4.172293,0.153823,0.191526,4,10,7,5,3,9,7,5,3,9,7,5,3,8,8,5,0.07483,0.12853,0.19129,0.21506,1,1,20:05:2024,22:42:45,354,-16.350139,-68.1315,5233.0,lev20,Almucantar,Mount_Chacaltaya,332,332.505718,0.9114,0.8854500000000001,0.8596,0.84035,58.788635,59.481393,4.172293,0.153823,0.191526,4,10,7,5,3,9,7,5,3,9,7,5,3,8,8,5,0.07483,0.12853,0.19129,0.21506,1,1,20:05:2024,22:42:45,354,-16.350139,-68.1315,5233.0,lev20,Almucantar,Mount_Chacaltaya,332,332.505718,0.1934,0.0935,0.0573,0.0435,0.1848,0.0846,0.0482,0.0341,0.0086,0.0089,0.0091,0.0094,1.775813,58.788635,59.481393,4.172293,0.153823,0.191526,4,10,7,5,3,9,7,5,3,9,7,5,3,8,8,5,0.07483,0.12853,0.19129,0.21506,1,1,20:05:2024,22:42:45,354,-16.350139,-68.1315,5233.0,lev20,Almucantar,Mount_Chacaltaya,332,332.505718,0.036778,0.023216,0.018213,0.0159,1.0336025,58.788635,59.481393,4.172293,0.153823,0.191526,4,10,7,5,3,9,7,5,3,9,7,5,3,8,8,5,0.07483,0.12853,0.19129,0.21506,1,1,20:05:2024,22:42:45,354,-16.350139,-68.1315,5233.0,lev20,Almucantar,1.7844021931853684,0.1539540889915752,0.9352964272061771,BCL,Unclassified,,Unknown
28:11:2022,12:34:14,Mount_Chacaltaya,332,332.523773,0.205935,0.096988,0.060657,0.04247,1.789975,52.771574,53.466927,3.029548,0.185311,0.205935,3,10,8,4,3,10,7,4,4,10,5,4,4,10,8,4,0.07121,0.12261,0.18231,0.20562,1,1,20:05:2024,22:44:33,354,-16.350139,-68.1315,5233.0,lev20,Almucantar,Mount_Chacaltaya,332,332.523773,1.47015,1.4826,1.48925,1.48655,0.011893,0.011836,0.0124395,0.012941000000000001,52.771574,53.466927,3.029548,0.185311,0.205935,3,10,8,4,3,10,7,4,4,10,5,4,4,10,8,4,0.07121,0.12261,0.18231,0.20562,1,1,20:05:2024,22:44:33,354,-16.350139,-68.1315,5233.0,lev20,Almucantar,Mount_Chacaltaya,332,332.523773,0.9114,0.8854500000000001,0.8596,0.84035,52.771574,53.466927,3.029548,0.185311,0.205935,3,10,8,4,3,10,7,4,4,10,5,4,4,10,8,4,0.07121,0.12261,0.18231,0.20562,1,1,20:05:2024,22:44:33,354,-16.350139,-68.1315,5233.0,lev20,Almucantar,Mount_Chacaltaya,332,332.523773,0.2074,0.0994,0.0602,0.0446,0.1992,0.091,0.0515,0.0355,0.0082,0.0084,0.0088,0.0091,1.804885,52.771574,53.466927,3.029548,0.185311,0.205935,3,10,8,4,3,10,7,4,4,10,5,4,4,10,8,4,0.07121,0.12261,0.18231,0.20562,1,1,20:05:2024,22:44:33,354,-16.350139,-68.1315,5233.0,lev20,Almucantar,Mount_Chacaltaya,332,332.523773,0.036778,0.023216,0.018213,0.0159,1.0336025,52.771574,53.466927,3.029548,0.185311,0.205935,3,10,8,4,3,10,7,4,4,10,5,4,4,10,8,4,0.07121,0.12261,0.18231,0.20562,1,1,20:05:2024,22:44:33,354,-16.350139,-68.1315,5233.0,lev20,Almucantar,1.8144981706915193,0.1644646867647523,0.9438610487682861,BCL,Unclassified,,Unknown
27:12:2022,12:46:06,Mount_Chacaltaya,361,361.532014,0.061032,0.037222,0.028495,0.022199,1.121649,52.918108,53.604827,4.840611,0.200881,0.061032,3,7,8,4,3,8,8,4,4,10,8,4,4,10,7,4,0.06709,0.11459,0.18177,0.2038,1,1,20:05:2024,16:55:26,354,-16.350139,-68.1315,5233.0,lev20,Almucantar,Mount_Chacaltaya,361,361.532014,1.47015,1.4826,1.48925,1.48655,0.011893,0.011836,0.0124395,0.012941000000000001,52.918108,53.604827,4.840611,0.200881,0.061032,3,7,8,4,3,8,8,4,4,10,8,4,4,10,7,4,0.06709,0.11459,0.18177,0.2038,1,1,20:05:2024,16:55:26,354,-16.350139,-68.1315,5233.0,lev20,Almucantar,Mount_Chacaltaya,361,361.532014,0.9114,0.8854500000000001,0.8596,0.84035,52.918108,53.604827,4.840611,0.200881,0.061032,3,7,8,4,3,8,8,4,4,10,8,4,4,10,7,4,0.06709,0.11459,0.18177,0.2038,1,1,20:05:2024,16:55:26,354,-16.350139,-68.1315,5233.0,lev20,Almucantar,Mount_Chacaltaya,361,361.532014,0.0628,0.0403,0.0285,0.0235,0.0568,0.034,0.0219,0.0167,0.0061,0.0063,0.0066,0.0068,1.146312,52.918108,53.604827,4.840611,0.200881,0.061032,3,7,8,4,3,8,8,4,4,10,8,4,4,10,7,4,0.06709,0.11459,0.18177,0.2038,1,1,20:05:2024,16:55:26,354,-16.350139,-68.1315,5233.0,lev20,Almucantar,Mount_Chacaltaya,361,361.532014,0.036778,0.023216,0.018213,0.0159,1.0336025,52.918108,53.604827,4.840611,0.200881,0.061032,3,7,8,4,3,8,8,4,4,10,8,4,4,10,7,4,0.06709,0.11459,0.18177,0.2038,1,1,20:05:2024,16:55:26,354,-16.350139,-68.1315,5233.0,lev20,Almucantar,1.1589109051445579,0.054152686542522324,0.8784619658777982,Unclassified,Maritime,,Unknown
13:01:2023,12:54:36,Mount_Chacaltaya,13,13.537917,0.040625,0.029824,0.024601,0.019457,0.734575,52.82997,53.524764,4.817984,0.176592,0.040625,3,10,8,4,3,10,8,4,4,10,8,4,4,10,8,4,0.06686,0.11337,0.18173,0.20314,1,1,20:05:2024,08:38:31,354,-16.350139,-68.1315,5233.0,lev20,Almucantar,Mount_Chacaltaya,13,13.537917,1.47015,1.4826,1.48925,1.48655,0.011893,0.011836,0.0124395,0.012941000000000001,52.82997,53.524764,4.817984,0.176592,0.040625,3,10,8,4,3,10,8,4,4,10,8,4,4,10,8,4,0.06686,0.11337,0.18173,0.20314,1,1,20:05:2024,08:38:31,354,-16.350139,-68.1315,5233.0,lev20,Almucantar,Mount_Chacaltaya,13,13.537917,0.9114,0.8854500000000001,0.8596,0.84035,52.82997,53.524764,4.817984,0.176592,0.040625,3,10,8,4,3,10,8,4,4,10,8,4,4,10,8,4,0.06686,0.11337,0.18173,0.20314,1,1,20:05:2024,08:38:31,354,-16.350139,-68.1315,5233.0,lev20,Almucantar,Mount_Chacaltaya,13,13.537917,0.0398,0.0315,0.0254,0.0223,0.0337,0.0252,0.019,0.0158,0.0061,0.0063,0.0064,0.0065,0.647122,52.82997,53.524764,4.817984,0.176592,0.040625,3,10,8,4,3,10,8,4,4,10,8,4,4,10,8,4,0.06686,0.11337,0.18173,0.20314,1,1,20:05:2024,08:38:31,354,-16.350139,-68.1315,5233.0,lev20,Almucantar,Mount_Chacaltaya,13,13.537917,0.036778,0.023216,0.018213,0.0159,1.0336025,52.82997,53.524764,4.817984,0.176592,0.040625,3,10,8,4,3,10,8,4,4,10,8,4,4,10,8,4,0.06686,0.11337,0.18173,0.20314,1,1,20:05:2024,08:38:31,354,-16.350139,-68.1315,5233.0,lev20,Almucantar,0.6588023477749946,0.03658542682796641,0.825983656473113,Unclassified,Maritime,,Unknown
16:04:2023,12:56:00,Mount_Chacaltaya,106,106.538889,0.031269,0.020149,0.014537,0.008492,1.113644,59.023071,59.685756,4.069121,0.298865,0.031269,4,10,6,5,3,11,7,4,3,10,6,4,3,10,5,4,0.05967,0.10698,0.18697,0.20903,1,1,17:05:2024,19:38:18,354,-16.350139,-68.1315,5233.0,lev20,Almucantar,Mount_Chacaltaya,106,106.538889,1.47015,1.4826,1.48925,1.48655,0.011893,0.011836,0.0124395,0.012941000000000001,59.023071,59.685756,4.069121,0.298865,0.031269,4,10,6,5,3,11,7,4,3,10,6,4,3,10,5,4,0.05967,0.10698,0.18697,0.20903,1,1,17:05:2024,19:38:18,354,-16.350139,-68.1315,5233.0,lev20,Almucantar,Mount_Chacaltaya,106,106.538889,0.9114,0.8854500000000001,0.8596,0.84035,59.023071,59.685756,4.069121,0.298865,0.031269,4,10,6,5,3,11,7,4,3,10,6,4,3,10,5,4,0.05967,0.10698,0.18697,0.20903,1,1,17:05:2024,19:38:18,354,-16.350139,-68.1315,5233.0,lev20,Almucantar,Mount_Chacaltaya,106,106.538889,0.0337,0.023,0.0164,0.013,0.0325,0.0218,0.0152,0.0117,0.0012,0.0012,0.0013,0.0013,1.039458,59.023071,59.685756,4.069121,0.298865,0.031269,4,10,6,5,3,11,7,4,3,10,6,4,3,10,5,4,0.05967,0.10698,0.18697,0.20903,1,1,17:05:2024,19:38:18,354,-16.350139,-68.1315,5233.0,lev20,Almucantar,Mount_Chacaltaya,106,106.538889,0.036778,0.023216,0.018213,0.0159,1.0336025,59.023071,59.685756,4.069121,0.298865,0.031269,4,10,6,5,3,11,7,4,3,10,6,4,3,10,5,4,0.05967,0.10698,0.18697,0.20903,1,1,17:05:2024,19:38:18,354,-16.350139,-68.1315,5233.0,lev20,Almucantar,1.0564720169011277,0.02944268398082261,0.95893598826811,Unclassified,Maritime,,Unknown
19:07:2023,19:40:28,Mount_Chacaltaya,200,200.819769,0.073604,0.045579,0.036721,0.030441,1.030846,58.529181,57.963094,3.894888,0.211228,0.073604,4,10,4,4,4,10,4,4,4,10,4,4,4,10,4,4,0.0685,0.12596,0.1805,0.20469,1,1,21:05:2024,11:38:34,354,-16.350139,-68.1315,5233.0,lev20,Almucantar,Mount_Chacaltaya,200,200.819769,1.47015,1.4826,1.48925,1.48655,0.011893,0.011836,0.0124395,0.012941000000000001,58.529181,57.963094,3.894888,0.211228,0.073604,4,10,4,4,4,10,4,4,4,10,4,4,4,10,4,4,0.0685,0.12596,0.1805,0.20469,1,1,21:05:2024,11:38:34,354,-16.350139,-68.1315,5233.0,lev20,Almucantar,Mount_Chacaltaya,200,200.819769,0.9114,0.8854500000000001,0.8596,0.84035,58.529181,57.963094,3.894888,0.211228,0.073604,4,10,4,4,4,10,4,4,4,10,4,4,4,10,4,4,0.0685,0.12596,0.1805,0.20469,1,1,21:05:2024,11:38:34,354,-16.350139,-68.1315,5233.0,lev20,Almucantar,Mount_Chacaltaya,200,200.819769,0.0707,0.0475,0.0376,0.033,0.0533,0.0293,0.0187,0.0139,0.0174,0.0182,0.0189,0.0192,0.926841,58.529181,57.963094,3.894888,0.211228,0.073604,4,10,4,4,4,10,4,4,4,10,4,4,4,10,4,4,0.0685,0.12596,0.1805,0.20469,1,1,21:05:2024,11:38:34,354,-16.350139,-68.1315,5233.0,lev20,Almucantar,Mount_Chacaltaya,200,200.819769,0.036778,0.023216,0.018213,0.0159,1.0336025,58.529181,57.963094,3.894888,0.211228,0.073604,4,10,4,4,4,10,4,4,4,10,4,4,4,10,4,4,0.0685,0.12596,0.1805,0.20469,1,1,21:05:2024,11:38:34,354,-16.350139,-68.1315,5233.0,lev20,Almucantar,0.9262496714474587,0.06280533075726481,0.6886404582310837,Unclassified,Maritime,,Unknown
19:07:2023,19:52:35,Mount_Chacaltaya,200,200.828183,0.075114,0.046576,0.037365,0.030897,1.03434,60.851916,60.271607,4.265926,0.215653,0.075114,3,10,8,5,3,10,7,4,3,10,5,4,2,10,6,4,0.0697,0.12791,0.18375,0.20829,1,1,21:05:2024,11:39:56,354,-16.350139,-68.1315,5233.0,lev20,Almucantar,Mount_Chacaltaya,200,200.828183,1.47015,1.4826,1.48925,1.48655,0.011893,0.011836,0.0124395,0.012941000000000001,60.851916,60.271607,4.265926,0.215653,0.075114,3,10,8,5,3,10,7,4,3,10,5,4,2,10,6,4,0.0697,0.12791,0.18375,0.20829,1,1,21:05:2024,11:39:56,354,-16.350139,-68.1315,5233.0,lev20,Almucantar,Mount_Chacaltaya,200,200.828183,0.9114,0.8854500000000001,0.8596,0.84035,60.851916,60.271607,4.265926,0.215653,0.075114,3,10,8,5,3,10,7,4,3,10,5,4,2,10,6,4,0.0697,0.12791,0.18375,0.20829,1,1,21:05:2024,11:39:56,354,-16.350139,-68.1315,5233.0,lev20,Almucantar,Mount_Chacaltaya,200,200.828183,0.0732,0.0489,0.0385,0.034,0.0546,0.0295,0.0183,0.0135,0.0185,0.0194,0.0202,0.0205,0.942809,60.851916,60.271607,4.265926,0.215653,0.075114,3,10,8,5,3,10,7,4,3,10,5,4,2,10,6,4,0.0697,0.12791,0.18375,0.20829,1,1,21:05:2024,11:39:56,354,-16.350139,-68.1315,5233.0,lev20,Almucantar,Mount_Chacaltaya,200,200.828183,0.036778,0.023216,0.018213,0.0159,1.0336025,60.851916,60.271607,4.265926,0.215653,0.075114,3,10,8,5,3,10,7,4,3,10,5,4,2,10,6,4,0.0697,0.12791,0.18375,0.20829,1,1,21:05:2024,11:39:56,354,-16.350139,-68.1315,5233.0,lev20,Almucantar,0.9425256818759288,0.06489101597026477,0.6778558602564498,Unclassified,Maritime,,Unknown
22:09:2023,12:34:21,Mount_Chacaltaya,265,265.523854,0.045931,0.028004,0.019576,0.014844,1.239903,58.556365,59.263584,3.385527,0.068931,0.045931,4,10,7,5,4,10,6,5,4,10,7,5,3,9,7,5,0.07714,0.13644,0.1884,0.2157,1,1,02:12:2024,15:36:01,14,-16.350139,-68.1315,5233.0,lev20,Almucantar,Mount_Chacaltaya,265,265.523854,1.47015,1.4826,1.48925,1.48655,0.011893,0.011836,0.0124395,0.012941000000000001,58.556365,59.263584,3.385527,0.068931,0.045931,4,10,7,5,4,10,6,5,4,10,7,5,3,9,7,5,0.07714,0.13644,0.1884,0.2157,1,1,02:12:2024,15:36:01,14,-16.350139,-68.1315,5233.0,lev20,Almucantar,Mount_Chacaltaya,265,265.523854,0.9114,0.8854500000000001,0.8596,0.84035,58.556365,59.263584,3.385527,0.068931,0.045931,4,10,7,5,4,10,6,5,4,10,7,5,3,9,7,5,0.07714,0.13644,0.1884,0.2157,1,1,02:12:2024,15:36:01,14,-16.350139,-68.1315,5233.0,lev20,Almucantar,Mount_Chacaltaya,265,265.523854,0.0466,0.0271,0.0194,0.016,0.0407,0.021,0.013,0.0096,0.0059,0.0062,0.0064,0.0065,1.282373,58.556365,59.263584,3.385527,0.068931,0.045931,4,10,7,5,4,10,6,5,4,10,7,5,3,9,7,5,0.07714,0.13644,0.1884,0.2157,1,1,02:12:2024,15:36:01,14,-16.350139,-68.1315,5233.0,lev20,Almucantar,Mount_Chacaltaya,265,265.523854,0.036778,0.023216,0.018213,0.0159,1.0336025,58.556365,59.263584,3.385527,0.068931,0.045931,4,10,7,5,4,10,6,5,4,10,7,5,3,9,7,5,0.07714,0.13644,0.1884,0.2157,1,1,02:12:2024,15:36:01,14,-16.350139,-68.1315,5233.0,lev20,Almucantar,1.2854682609952506,0.039538496781717565,0.828238613730537,BCL,Maritime,,Unknown
22:09:2023,13:00:04,Mount_Chacaltaya,265,265.541713,0.047713,0.028421,0.019825,0.014694,1.278973,52.52398,53.224533,3.399209,0.086568,0.047713,3,10,8,4,3,10,8,4,3,10,8,4,4,5,8,3,0.07346,0.13001,0.17902,0.20522,1,1,02:12:2024,15:37:43,14,-16.350139,-68.1315,5233.0,lev20,Almucantar,Mount_Chacaltaya,265,265.541713,1.47015,1.4826,1.48925,1.48655,0.011893,0.011836,0.0124395,0.012941000000000001,52.52398,53.224533,3.399209,0.086568,0.047713,3,10,8,4,3,10,8,4,3,10,8,4,4,5,8,3,0.07346,0.13001,0.17902,0.20522,1,1,02:12:2024,15:37:43,14,-16.350139,-68.1315,5233.0,lev20,Almucantar,Mount_Chacaltaya,265,265.541713,0.9114,0.8854500000000001,0.8596,0.84035,52.52398,53.224533,3.399209,0.086568,0.047713,3,10,8,4,3,10,8,4,3,10,8,4,4,5,8,3,0.07346,0.13001,0.17902,0.20522,1,1,02:12:2024,15:37:43,14,-16.350139,-68.1315,5233.0,lev20,Almucantar,Mount_Chacaltaya,265,265.541713,0.0476,0.0283,0.0201,0.0165,0.0415,0.022,0.0135,0.0098,0.0061,0.0064,0.0066,0.0067,1.258291,52.52398,53.224533,3.399209,0.086568,0.047713,3,10,8,4,3,10,8,4,3,10,8,4,4,5,8,3,0.07346,0.13001,0.17902,0.20522,1,1,02:12:2024,15:37:43,14,-16.350139,-68.1315,5233.0,lev20,Almucantar,Mount_Chacaltaya,265,265.541713,0.036778,0.023216,0.018213,0.0159,1.0336025,52.52398,53.224533,3.399209,0.086568,0.047713,3,10,8,4,3,10,8,4,3,10,8,4,4,5,8,3,0.07346,0.13001,0.17902,0.20522,1,1,02:12:2024,15:37:43,14,-16.350139,-68.1315,5233.0,lev20,Almucantar,1.2646172364033745,0.04049475567567169,0.830500215882297,BCL,Maritime,,Unknown
24:09:2023,12:32:34,Mount_Chacaltaya,267,267.522616,0.049296,0.029606,0.020607,0.016164,1.269033,58.555905,59.265224,4.322155,0.122905,0.049296,4,10,7,5,4,10,7,5,4,10,7,5,3,11,7,5,0.07711,0.13641,0.18838,0.21569,1,1,02:12:2024,15:41:58,14,-16.350139,-68.1315,5233.0,lev20,Almucantar,Mount_Chacaltaya,267,267.522616,1.47015,1.4826,1.48925,1.48655,0.011893,0.011836,0.0124395,0.012941000000000001,58.555905,59.265224,4.322155,0.122905,0.049296,4,10,7,5,4,10,7,5,4,10,7,5,3,11,7,5,0.07711,0.13641,0.18838,0.21569,1,1,02:12:2024,15:41:58,14,-16.350139,-68.1315,5233.0,lev20,Almucantar,Mount_Chacaltaya,267,267.522616,0.9114,0.8854500000000001,0.8596,0.84035,58.555905,59.265224,4.322155,0.122905,0.049296,4,10,7,5,4,10,7,5,4,10,7,5,3,11,7,5,0.07711,0.13641,0.18838,0.21569,1,1,02:12:2024,15:41:58,14,-16.350139,-68.1315,5233.0,lev20,Almucantar,Mount_Chacaltaya,267,267.522616,0.0484,0.0278,0.0199,0.0164,0.0441,0.0234,0.0154,0.0119,0.0043,0.0044,0.0045,0.0045,1.301753,58.555905,59.265224,4.322155,0.122905,0.049296,4,10,7,5,4,10,7,5,4,10,7,5,3,11,7,5,0.07711,0.13641,0.18838,0.21569,1,1,02:12:2024,15:41:58,14,-16.350139,-68.1315,5233.0,lev20,Almucantar,Mount_Chacaltaya,267,267.522616,0.036778,0.023216,0.018213,0.0159,1.0336025,58.555905,59.265224,4.322155,0.122905,0.049296,4,10,7,5,4,10,7,5,4,10,7,5,3,11,7,5,0.07711,0.13641,0.18838,0.21569,1,1,02:12:2024,15:41:58,14,-16.350139,-68.1315,5233.0,lev20,Almucantar,1.3037347554627403,0.0409699554581936,0.8790239178812349,BCL,Maritime,,Unknown
24:09:2023,12:58:10,Mount_Chacaltaya,267,267.540394,0.045689,0.027128,0.01855,0.014132,1.310088,52.529464,53.232889,3.344789,0.081679,0.045689,3,10,8,4,3,10,8,4,3,10,8,4,4,10,8,4,0.07347,0.13004,0.17908,0.20524,1,1,02:12:2024,15:25:40,14,-16.350139,-68.1315,5233.0,lev20,Almucantar,Mount_Chacaltaya,267,267.540394,1.47015,1.4826,1.48925,1.48655,0.011893,0.011836,0.0124395,0.012941000000000001,52.529464,53.232889,3.344789,0.081679,0.045689,3,10,8,4,3,10,8,4,3,10,8,4,4,10,8,4,0.07347,0.13004,0.17908,0.20524,1,1,02:12:2024,15:25:40,14,-16.350139,-68.1315,5233.0,lev20,Almucantar,Mount_Chacaltaya,267,267.540394,0.9114,0.8854500000000001,0.8596,0.84035,52.529464,53.232889,3.344789,0.081679,0.045689,3,10,8,4,3,10,8,4,3,10,8,4,4,10,8,4,0.07347,0.13004,0.17908,0.20524,1,1,02:12:2024,15:25:40,14,-16.350139,-68.1315,5233.0,lev20,Almucantar,Mount_Chacaltaya,267,267.540394,0.0467,0.0268,0.0182,0.0143,0.0431,0.0231,0.0143,0.0104,0.0036,0.0037,0.0039,0.004,1.372152,52.529464,53.232889,3.344789,0.081679,0.045689,3,10,8,4,3,10,8,4,3,10,8,4,4,10,8,4,0.07347,0.13004,0.17908,0.20524,1,1,02:12:2024,15:25:40,14,-16.350139,-68.1315,5233.0,lev20,Almucantar,Mount_Chacaltaya,267,267.540394,0.036778,0.023216,0.018213,0.0159,1.0336025,52.529464,53.232889,3.344789,0.081679,0.045689,3,10,8,4,3,10,8,4,3,10,8,4,4,10,8,4,0.07347,0.13004,0.17908,0.20524,1,1,02:12:2024,15:25:40,14,-16.350139,-68.1315,5233.0,lev20,Almucantar,1.3822752231173203,0.03913601968715154,0.8968762410942293,BCL,Maritime,,Unknown
27:09:2023,12:55:20,Mount_Chacaltaya,270,270.538426,0.115034,0.061233,0.038969,0.028772,1.574388,52.555324,53.262615,3.527586,0.183081,0.115034,3,10,8,4,3,10,8,4,3,10,8,4,4,10,8,3,0.07343,0.13002,0.17906,0.20525,1,1,02:12:2024,15:30:47,14,-16.350139,-68.1315,5233.0,lev20,Almucantar,Mount_Chacaltaya,270,270.538426,1.47015,1.4826,1.48925,1.48655,0.011893,0.011836,0.0124395,0.012941000000000001,52.555324,53.262615,3.527586,0.183081,0.115034,3,10,8,4,3,10,8,4,3,10,8,4,4,10,8,3,0.07343,0.13002,0.17906,0.20525,1,1,02:12:2024,15:30:47,14,-16.350139,-68.1315,5233.0,lev20,Almucantar,Mount_Chacaltaya,270,270.538426,0.9114,0.8854500000000001,0.8596,0.84035,52.555324,53.262615,3.527586,0.183081,0.115034,3,10,8,4,3,10,8,4,3,10,8,4,4,10,8,3,0.07343,0.13002,0.17906,0.20525,1,1,02:12:2024,15:30:47,14,-16.350139,-68.1315,5233.0,lev20,Almucantar,Mount_Chacaltaya,270,270.538426,0.1174,0.064,0.0397,0.0299,0.1125,0.0588,0.0343,0.0243,0.005,0.0052,0.0054,0.0056,1.570838,52.555324,53.262615,3.527586,0.183081,0.115034,3,10,8,4,3,10,8,4,3,10,8,4,4,10,8,3,0.07343,0.13002,0.17906,0.20525,1,1,02:12:2024,15:30:47,14,-16.350139,-68.1315,5233.0,lev20,Almucantar,Mount_Chacaltaya,270,270.538426,0.036778,0.023216,0.018213,0.0159,1.0336025,52.555324,53.262615,3.527586,0.183081,0.115034,3,10,8,4,3,10,8,4,3,10,8,4,4,10,8,3,0.07343,0.13002,0.17906,0.20525,1,1,02:12:2024,15:30:47,14,-16.350139,-68.1315,5233.0,lev20,Almucantar,1.5904449475507707,0.0958011766775189,0.9432915360179208,BCL,Maritime,,Unknown
29:09:2023,20:22:33,Mount_Chacaltaya,272,272.848993,0.049239,0.027605,0.01824,0.013587,1.444415,61.164364,60.450017,4.648049,0.053204,0.049239,3,10,8,5,3,10,8,5,3,10,8,5,3,10,8,4,0.08011,0.14066,0.19317,0.21815,1,1,02:12:2024,15:29:59,14,-16.350139,-68.1315,5233.0,lev20,Almucantar,Mount_Chacaltaya,272,272.848993,1.47015,1.4826,1.48925,1.48655,0.011893,0.011836,0.0124395,0.012941000000000001,61.164364,60.450017,4.648049,0.053204,0.049239,3,10,8,5,3,10,8,5,3,10,8,5,3,10,8,4,0.08011,0.14066,0.19317,0.21815,1,1,02:12:2024,15:29:59,14,-16.350139,-68.1315,5233.0,lev20,Almucantar,Mount_Chacaltaya,272,272.848993,0.9114,0.8854500000000001,0.8596,0.84035,61.164364,60.450017,4.648049,0.053204,0.049239,3,10,8,5,3,10,8,5,3,10,8,5,3,10,8,4,0.08011,0.14066,0.19317,0.21815,1,1,02:12:2024,15:29:59,14,-16.350139,-68.1315,5233.0,lev20,Almucantar,Mount_Chacaltaya,272,272.848993,0.0484,0.0283,0.0188,0.0145,0.0465,0.0263,0.0168,0.0124,0.002,0.002,0.0021,0.0021,1.371891,61.164364,60.450017,4.648049,0.053204,0.049239,3,10,8,5,3,10,8,5,3,10,8,5,3,10,8,4,0.08011,0.14066,0.19317,0.21815,1,1,02:12:2024,15:29:59,14,-16.350139,-68.1315,5233.0,lev20,Almucantar,Mount_Chacaltaya,272,272.848993,0.036778,0.023216,0.018213,0.0159,1.0336025,61.164364,60.450017,4.648049,0.053204,0.049239,3,10,8,5,3,10,8,5,3,10,8,5,3,10,8,4,0.08011,0.14066,0.19317,0.21815,1,1,02:12:2024,15:29:59,14,-16.350139,-68.1315,5233.0,lev20,Almucantar,1.3871458161391081,0.0405354251669547,0.9486963011290972,BCL,Maritime,,Unknown
15:10:2023,19:59:35,Mount_Chacaltaya,288,288.833044,0.11003,0.061811,0.040828,0.034104,1.441721,55.105015,54.386107,4.700309,0.395044,0.11003,4,10,8,4,4,10,8,4,4,10,8,4,4,10,8,3,0.07128,0.12671,0.17906,0.20383,1,1,02:12:2024,15:27:28,14,-16.350139,-68.1315,5233.0,lev20,Almucantar,Mount_Chacaltaya,288,288.833044,1.47015,1.4826,1.48925,1.48655,0.011893,0.011836,0.0124395,0.012941000000000001,55.105015,54.386107,4.700309,0.395044,0.11003,4,10,8,4,4,10,8,4,4,10,8,4,4,10,8,3,0.07128,0.12671,0.17906,0.20383,1,1,02:12:2024,15:27:28,14,-16.350139,-68.1315,5233.0,lev20,Almucantar,Mount_Chacaltaya,288,288.833044,0.9114,0.8854500000000001,0.8596,0.84035,55.105015,54.386107,4.700309,0.395044,0.11003,4,10,8,4,4,10,8,4,4,10,8,4,4,10,8,3,0.07128,0.12671,0.17906,0.20383,1,1,02:12:2024,15:27:28,14,-16.350139,-68.1315,5233.0,lev20,Almucantar,Mount_Chacaltaya,288,288.833044,0.102,0.0605,0.0414,0.0326,0.0996,0.058,0.0389,0.03,0.0024,0.0025,0.0026,0.0026,1.310752,55.105015,54.386107,4.700309,0.395044,0.11003,4,10,8,4,4,10,8,4,4,10,8,4,4,10,8,3,0.07128,0.12671,0.17906,0.20383,1,1,02:12:2024,15:27:28,14,-16.350139,-68.1315,5233.0,lev20,Almucantar,Mount_Chacaltaya,288,288.833044,0.036778,0.023216,0.018213,0.0159,1.0336025,55.105015,54.386107,4.700309,0.395044,0.11003,4,10,8,4,4,10,8,4,4,10,8,4,4,10,8,3,0.07128,0.12671,0.17906,0.20383,1,1,02:12:2024,15:27:28,14,-16.350139,-68.1315,5233.0,lev20,Almucantar,1.3226749056126326,0.0861328456002312,0.9692302304776588,BCL,Maritime,,Unknown
29:10:2023,20:01:57,Mount_Chacaltaya,302,302.834687,0.036719,0.023162,0.016938,0.012487,1.127826,55.114729,54.398812,2.796115,0.143829,0.036719,4,10,8,4,4,10,8,4,4,10,8,4,4,10,8,4,0.07151,0.12636,0.18223,0.20628,1,1,02:12:2024,15:36:41,14,-16.350139,-68.1315,5233.0,lev20,Almucantar,Mount_Chacaltaya,302,302.834687,1.47015,1.4826,1.48925,1.48655,0.011893,0.011836,0.0124395,0.012941000000000001,55.114729,54.398812,2.796115,0.143829,0.036719,4,10,8,4,4,10,8,4,4,10,8,4,4,10,8,4,0.07151,0.12636,0.18223,0.20628,1,1,02:12:2024,15:36:41,14,-16.350139,-68.1315,5233.0,lev20,Almucantar,Mount_Chacaltaya,302,302.834687,0.9114,0.8854500000000001,0.8596,0.84035,55.114729,54.398812,2.796115,0.143829,0.036719,4,10,8,4,4,10,8,4,4,10,8,4,4,10,8,4,0.07151,0.12636,0.18223,0.20628,1,1,02:12:2024,15:36:41,14,-16.350139,-68.1315,5233.0,lev20,Almucantar,Mount_Chacaltaya,302,302.834687,0.0346,0.0235,0.0171,0.0142,0.0314,0.0202,0.0137,0.0108,0.0032,0.0033,0.0034,0.0034,1.019222,55.114729,54.398812,2.796115,0.143829,0.036719,4,10,8,4,4,10,8,4,4,10,8,4,4,10,8,4,0.07151,0.12636,0.18223,0.20628,1,1,02:12:2024,15:36:41,14,-16.350139,-68.1315,5233.0,lev20,Almucantar,Mount_Chacaltaya,302,302.834687,0.036778,0.023216,0.018213,0.0159,1.0336025,55.114729,54.398812,2.796115,0.143829,0.036719,4,10,8,4,4,10,8,4,4,10,8,4,4,10,8,4,0.07151,0.12636,0.18223,0.20628,1,1,02:12:2024,15:36:41,14,-16.350139,-68.1315,5233.0,lev20,Almucantar,1.03382148839291,0.030316641787820484,0.8859778494437262,Unclassified,Maritime,,Unknown
29:10:2023,20:27:13,Mount_Chacaltaya,302,302.852234,0.037941,0.024453,0.017931,0.013583,1.090753,61.135021,60.421165,3.533793,0.136939,0.037941,3,10,8,5,3,10,8,5,2,10,8,5,3,10,8,5,0.0755,0.13295,0.1922,0.21677,1,1,02:12:2024,15:38:33,14,-16.350139,-68.1315,5233.0,lev20,Almucantar,Mount_Chacaltaya,302,302.852234,1.47015,1.4826,1.48925,1.48655,0.011893,0.011836,0.0124395,0.012941000000000001,61.135021,60.421165,3.533793,0.136939,0.037941,3,10,8,5,3,10,8,5,2,10,8,5,3,10,8,5,0.0755,0.13295,0.1922,0.21677,1,1,02:12:2024,15:38:33,14,-16.350139,-68.1315,5233.0,lev20,Almucantar,Mount_Chacaltaya,302,302.852234,0.9114,0.8854500000000001,0.8596,0.84035,61.135021,60.421165,3.533793,0.136939,0.037941,3,10,8,5,3,10,8,5,2,10,8,5,3,10,8,5,0.0755,0.13295,0.1922,0.21677,1,1,02:12:2024,15:38:33,14,-16.350139,-68.1315,5233.0,lev20,Almucantar,Mount_Chacaltaya,302,302.852234,0.0357,0.0244,0.0181,0.015,0.032,0.0205,0.0141,0.011,0.0038,0.0039,0.004,0.004,0.984199,61.135021,60.421165,3.533793,0.136939,0.037941,3,10,8,5,3,10,8,5,2,10,8,5,3,10,8,5,0.0755,0.13295,0.1922,0.21677,1,1,02:12:2024,15:38:33,14,-16.350139,-68.1315,5233.0,lev20,Almucantar,Mount_Chacaltaya,302,302.852234,0.036778,0.023216,0.018213,0.0159,1.0336025,61.135021,60.421165,3.533793,0.136939,0.037941,3,10,8,5,3,10,8,5,2,10,8,5,3,10,8,5,0.0755,0.13295,0.1922,0.21677,1,1,02:12:2024,15:38:33,14,-16.350139,-68.1315,5233.0,lev20,Almucantar,0.9963625245933175,0.03143061154609915,0.8711996536418817,Unclassified,Maritime,,Unknown
29:10:2023,21:11:35,Mount_Chacaltaya,302,302.883044,0.036387,0.023479,0.017096,0.013541,1.098166,71.653216,70.944644,4.741082,0.089952,0.036387,4,10,7,3,4,10,7,3,4,10,7,3,4,10,7,3,0.0866,0.15106,0.21919,0.24509,1,1,02:12:2024,15:40:08,14,-16.350139,-68.1315,5233.0,lev20,Almucantar,Mount_Chacaltaya,302,302.883044,1.47015,1.4826,1.48925,1.48655,0.011893,0.011836,0.0124395,0.012941000000000001,71.653216,70.944644,4.741082,0.089952,0.036387,4,10,7,3,4,10,7,3,4,10,7,3,4,10,7,3,0.0866,0.15106,0.21919,0.24509,1,1,02:12:2024,15:40:08,14,-16.350139,-68.1315,5233.0,lev20,Almucantar,Mount_Chacaltaya,302,302.883044,0.9114,0.8854500000000001,0.8596,0.84035,71.653216,70.944644,4.741082,0.089952,0.036387,4,10,7,3,4,10,7,3,4,10,7,3,4,10,7,3,0.0866,0.15106,0.21919,0.24509,1,1,02:12:2024,15:40:08,14,-16.350139,-68.1315,5233.0,lev20,Almucantar,Mount_Chacaltaya,302,302.883044,0.0361,0.0239,0.0179,0.015,0.0324,0.0201,0.014,0.011,0.0037,0.0038,0.0039,0.0039,1.021224,71.653216,70.944644,4.741082,0.089952,0.036387,4,10,7,3,4,10,7,3,4,10,7,3,4,10,7,3,0.0866,0.15106,0.21919,0.24509,1,1,02:12:2024,15:40:08,14,-16.350139,-68.1315,5233.0,lev20,Almucantar,Mount_Chacaltaya,302,302.883044,0.036778,0.023216,0.018213,0.0159,1.0336025,71.653216,70.944644,4.741082,0.089952,0.036387,4,10,7,3,4,10,7,3,4,10,7,3,4,10,7,3,0.0866,0.15106,0.21919,0.24509,1,1,02:12:2024,15:40:08,14,-16.350139,-68.1315,5233.0,lev20,Almucantar,1.0290056206462577,0.031650425978913176,0.8728671957168226,Unclassified,Maritime,,Unknown
31:10:2023,12:34:16,Mount_Chacaltaya,304,304.523796,0.054445,0.037697,0.029773,0.025893,0.881817,52.667542,53.383379,3.040958,0.132204,0.054445,3,10,8,4,3,10,8,4,3,10,8,4,3,8,6,4,0.0696,0.12374,0.17904,0.20476,1,1,02:12:2024,15:27:16,14,-16.350139,-68.1315,5233.0,lev20,Almucantar,Mount_Chacaltaya,304,304.523796,1.47015,1.4826,1.48925,1.48655,0.011893,0.011836,0.0124395,0.012941000000000001,52.667542,53.383379,3.040958,0.132204,0.054445,3,10,8,4,3,10,8,4,3,10,8,4,3,8,6,4,0.0696,0.12374,0.17904,0.20476,1,1,02:12:2024,15:27:16,14,-16.350139,-68.1315,5233.0,lev20,Almucantar,Mount_Chacaltaya,304,304.523796,0.9114,0.8854500000000001,0.8596,0.84035,52.667542,53.383379,3.040958,0.132204,0.054445,3,10,8,4,3,10,8,4,3,10,8,4,3,8,6,4,0.0696,0.12374,0.17904,0.20476,1,1,02:12:2024,15:27:16,14,-16.350139,-68.1315,5233.0,lev20,Almucantar,Mount_Chacaltaya,304,304.523796,0.0573,0.0376,0.0291,0.0254,0.046,0.0259,0.0172,0.0134,0.0113,0.0117,0.0119,0.012,0.992048,52.667542,53.383379,3.040958,0.132204,0.054445,3,10,8,4,3,10,8,4,3,10,8,4,3,8,6,4,0.0696,0.12374,0.17904,0.20476,1,1,02:12:2024,15:27:16,14,-16.350139,-68.1315,5233.0,lev20,Almucantar,Mount_Chacaltaya,304,304.523796,0.036778,0.023216,0.018213,0.0159,1.0336025,52.667542,53.383379,3.040958,0.132204,0.054445,3,10,8,4,3,10,8,4,3,10,8,4,3,8,6,4,0.0696,0.12374,0.17904,0.20476,1,1,02:12:2024,15:27:16,14,-16.350139,-68.1315,5233.0,lev20,Almucantar,0.9939035902852434,0.05046331198043811,0.7481162624802419,Unclassified,Maritime,,Unknown
14:11:2023,12:06:44,Mount_Chacaltaya,318,318.504676,0.060497,0.038151,0.02846,0.023648,1.102175,58.719761,59.423517,4.708201,0.334052,0.060497,4,10,7,5,4,10,7,5,4,10,7,5,2,8,8,5,0.07293,0.12735,0.18572,0.2109,1,1,02:12:2024,15:40:06,14,-16.350139,-68.1315,5233.0,lev20,Almucantar,Mount_Chacaltaya,318,318.504676,1.47015,1.4826,1.48925,1.48655,0.011893,0.011836,0.0124395,0.012941000000000001,58.719761,59.423517,4.708201,0.334052,0.060497,4,10,7,5,4,10,7,5,4,10,7,5,2,8,8,5,0.07293,0.12735,0.18572,0.2109,1,1,02:12:2024,15:40:06,14,-16.350139,-68.1315,5233.0,lev20,Almucantar,Mount_Chacaltaya,318,318.504676,0.9114,0.8854500000000001,0.8596,0.84035,58.719761,59.423517,4.708201,0.334052,0.060497,4,10,7,5,4,10,7,5,4,10,7,5,2,8,8,5,0.07293,0.12735,0.18572,0.2109,1,1,02:12:2024,15:40:06,14,-16.350139,-68.1315,5233.0,lev20,Almucantar,Mount_Chacaltaya,318,318.504676,0.0596,0.0339,0.0246,0.0203,0.0554,0.0294,0.02,0.0157,0.0043,0.0044,0.0046,0.0047,1.299091,58.719761,59.423517,4.708201,0.334052,0.060497,4,10,7,5,4,10,7,5,4,10,7,5,2,8,8,5,0.07293,0.12735,0.18572,0.2109,1,1,02:12:2024,15:40:06,14,-16.350139,-68.1315,5233.0,lev20,Almucantar,Mount_Chacaltaya,318,318.504676,0.036778,0.023216,0.018213,0.0159,1.0336025,58.719761,59.423517,4.708201,0.334052,0.060497,4,10,7,5,4,10,7,5,4,10,7,5,2,8,8,5,0.07293,0.12735,0.18572,0.2109,1,1,02:12:2024,15:40:06,14,-16.350139,-68.1315,5233.0,lev20,Almucantar,1.2980565305857228,0.050487240013600644,0.9003092485800169,BCL,Maritime,,Unknown
14:11:2023,12:32:28,Mount_Chacaltaya,318,318.522546,0.057636,0.032678,0.022565,0.017827,1.369141,52.670094,53.376477,3.691047,0.27283,0.057636,3,10,8,4,3,10,8,4,3,10,8,4,4,10,8,4,0.06986,0.12208,0.17757,0.20202,1,1,02:12:2024,15:26:02,14,-16.350139,-68.1315,5233.0,lev20,Almucantar,Mount_Chacaltaya,318,318.522546,1.47015,1.4826,1.48925,1.48655,0.011893,0.011836,0.0124395,0.012941000000000001,52.670094,53.376477,3.691047,0.27283,0.057636,3,10,8,4,3,10,8,4,3,10,8,4,4,10,8,4,0.06986,0.12208,0.17757,0.20202,1,1,02:12:2024,15:26:02,14,-16.350139,-68.1315,5233.0,lev20,Almucantar,Mount_Chacaltaya,318,318.522546,0.9114,0.8854500000000001,0.8596,0.84035,52.670094,53.376477,3.691047,0.27283,0.057636,3,10,8,4,3,10,8,4,3,10,8,4,4,10,8,4,0.06986,0.12208,0.17757,0.20202,1,1,02:12:2024,15:26:02,14,-16.350139,-68.1315,5233.0,lev20,Almucantar,Mount_Chacaltaya,318,318.522546,0.0611,0.0308,0.0199,0.0153,0.058,0.0276,0.0166,0.012,0.0031,0.0032,0.0033,0.0034,1.639377,52.670094,53.376477,3.691047,0.27283,0.057636,3,10,8,4,3,10,8,4,3,10,8,4,4,10,8,4,0.06986,0.12208,0.17757,0.20202,1,1,02:12:2024,15:26:02,14,-16.350139,-68.1315,5233.0,lev20,Almucantar,Mount_Chacaltaya,318,318.522546,0.036778,0.023216,0.018213,0.0159,1.0336025,52.670094,53.376477,3.691047,0.27283,0.057636,3,10,8,4,3,10,8,4,3,10,8,4,4,10,8,4,0.06986,0.12208,0.17757,0.20202,1,1,02:12:2024,15:26:02,14,-16.350139,-68.1315,5233.0,lev20,Almucantar,1.64553574468645,0.049509149159192765,0.9264335504419222,BCL,Maritime,,Unknown
06:12:2023,12:10:39,Mount_Chacaltaya,340,340.507396,0.0824,0.05616,0.047011,0.042992,0.830188,58.788888,59.476922,3.698709,0.103732,0.0824,4,10,7,5,4,10,7,5,4,10,7,5,3,10,8,5,0.074,0.12622,0.19168,0.21551,1,1,02:12:2024,15:41:57,14,-16.350139,-68.1315,5233.0,lev20,Almucantar,Mount_Chacaltaya,340,340.507396,1.47015,1.4826,1.48925,1.48655,0.011893,0.011836,0.0124395,0.012941000000000001,58.788888,59.476922,3.698709,0.103732,0.0824,4,10,7,5,4,10,7,5,4,10,7,5,3,10,8,5,0.074,0.12622,0.19168,0.21551,1,1,02:12:2024,15:41:57,14,-16.350139,-68.1315,5233.0,lev20,Almucantar,Mount_Chacaltaya,340,340.507396,0.9114,0.8854500000000001,0.8596,0.84035,58.788888,59.476922,3.698709,0.103732,0.0824,4,10,7,5,4,10,7,5,4,10,7,5,3,10,8,5,0.074,0.12622,0.19168,0.21551,1,1,02:12:2024,15:41:57,14,-16.350139,-68.1315,5233.0,lev20,Almucantar,Mount_Chacaltaya,340,340.507396,0.0824,0.0554,0.0461,0.042,0.0793,0.0521,0.0428,0.0386,0.0031,0.0033,0.0033,0.0033,0.859186,58.788888,59.476922,3.698709,0.103732,0.0824,4,10,7,5,4,10,7,5,4,10,7,5,3,10,8,5,0.074,0.12622,0.19168,0.21551,1,1,02:12:2024,15:41:57,14,-16.350139,-68.1315,5233.0,lev20,Almucantar,Mount_Chacaltaya,340,340.507396,0.036778,0.023216,0.018213,0.0159,1.0336025,58.788888,59.476922,3.698709,0.103732,0.0824,4,10,7,5,4,10,7,5,4,10,7,5,3,10,8,5,0.074,0.12622,0.19168,0.21551,1,1,02:12:2024,15:41:57,14,-16.350139,-68.1315,5233.0,lev20,Almucantar,0.8519242178645872,0.07389765474095593,0.9516753931968451,Unclassified,Maritime,,Unknown
06:12:2023,12:36:51,Mount_Chacaltaya,340,340.52559,0.098726,0.067028,0.056047,0.052485,0.837628,52.767242,53.457762,2.630377,0.102796,0.098726,3,10,8,4,3,10,8,4,3,10,8,4,4,10,8,4,0.07074,0.1207,0.18298,0.20629,1,1,02:12:2024,15:26:25,14,-16.350139,-68.1315,5233.0,lev20,Almucantar,Mount_Chacaltaya,340,340.52559,1.47015,1.4826,1.48925,1.48655,0.011893,0.011836,0.0124395,0.012941000000000001,52.767242,53.457762,2.630377,0.102796,0.098726,3,10,8,4,3,10,8,4,3,10,8,4,4,10,8,4,0.07074,0.1207,0.18298,0.20629,1,1,02:12:2024,15:26:25,14,-16.350139,-68.1315,5233.0,lev20,Almucantar,Mount_Chacaltaya,340,340.52559,0.9114,0.8854500000000001,0.8596,0.84035,52.767242,53.457762,2.630377,0.102796,0.098726,3,10,8,4,3,10,8,4,3,10,8,4,4,10,8,4,0.07074,0.1207,0.18298,0.20629,1,1,02:12:2024,15:26:25,14,-16.350139,-68.1315,5233.0,lev20,Almucantar,Mount_Chacaltaya,340,340.52559,0.0985,0.0671,0.0575,0.0516,0.0954,0.0638,0.0542,0.0482,0.0032,0.0033,0.0033,0.0033,0.800237,52.767242,53.457762,2.630377,0.102796,0.098726,3,10,8,4,3,10,8,4,3,10,8,4,4,10,8,4,0.07074,0.1207,0.18298,0.20629,1,1,02:12:2024,15:26:25,14,-16.350139,-68.1315,5233.0,lev20,Almucantar,Mount_Chacaltaya,340,340.52559,0.036778,0.023216,0.018213,0.0159,1.0336025,52.767242,53.457762,2.630377,0.102796,0.098726,3,10,8,4,3,10,8,4,3,10,8,4,4,10,8,4,0.07074,0.1207,0.18298,0.20629,1,1,02:12:2024,15:26:25,14,-16.350139,-68.1315,5233.0,lev20,Almucantar,0.7895804682235265,0.08904321510362555,0.9601238324567379,Unclassified,Maritime,,Unknown
11:06:2024,13:29:28,Mount_Chacaltaya,163,163.56213,0.043056,0.026709,0.020041,0.018341,1.120125,59.0617,59.608028,4.434523,0.082515,0.043056,4,10,7,5,4,10,7,5,3,11,7,5,3,6,5,4,0.06107,0.11558,0.17642,0.20077,1,1,04:12:2024,14:42:53,14,-16.350139,-68.1315,5233.0,lev20,Almucantar,Mount_Chacaltaya,163,163.56213,1.47015,1.4826,1.48925,1.48655,0.011893,0.011836,0.0124395,0.012941000000000001,59.0617,59.608028,4.434523,0.082515,0.043056,4,10,7,5,4,10,7,5,3,11,7,5,3,6,5,4,0.06107,0.11558,0.17642,0.20077,1,1,04:12:2024,14:42:53,14,-16.350139,-68.1315,5233.0,lev20,Almucantar,Mount_Chacaltaya,163,163.56213,0.9114,0.8854500000000001,0.8596,0.84035,59.0617,59.608028,4.434523,0.082515,0.043056,4,10,7,5,4,10,7,5,3,11,7,5,3,6,5,4,0.06107,0.11558,0.17642,0.20077,1,1,04:12:2024,14:42:53,14,-16.350139,-68.1315,5233.0,lev20,Almucantar,Mount_Chacaltaya,163,163.56213,0.0411,0.0265,0.0203,0.0174,0.0334,0.0184,0.0117,0.0087,0.0077,0.0082,0.0085,0.0088,1.032853,59.0617,59.608028,4.434523,0.082515,0.043056,4,10,7,5,4,10,7,5,3,11,7,5,3,6,5,4,0.06107,0.11558,0.17642,0.20077,1,1,04:12:2024,14:42:53,14,-16.350139,-68.1315,5233.0,lev20,Almucantar,Mount_Chacaltaya,163,163.56213,0.036778,0.023216,0.018213,0.0159,1.0336025,59.0617,59.608028,4.434523,0.082515,0.043056,4,10,7,5,4,10,7,5,3,11,7,5,3,6,5,4,0.06107,0.11558,0.17642,0.20077,1,1,04:12:2024,14:42:53,14,-16.350139,-68.1315,5233.0,lev20,Almucantar,1.0347192444507052,0.03600783205646053,0.7576692480383468,Unclassified,Maritime,,Unknown
11:06:2024,13:40:49,Mount_Chacaltaya,163,163.570012,0.043151,0.026454,0.019608,0.017849,1.154586,57.032097,57.562604,4.718148,0.057313,0.043151,4,10,8,4,4,10,8,4,4,10,7,3,4,10,7,3,0.06036,0.11433,0.17387,0.19795,1,1,04:12:2024,14:44:20,14,-16.350139,-68.1315,5233.0,lev20,Almucantar,Mount_Chacaltaya,163,163.570012,1.47015,1.4826,1.48925,1.48655,0.011893,0.011836,0.0124395,0.012941000000000001,57.032097,57.562604,4.718148,0.057313,0.043151,4,10,8,4,4,10,8,4,4,10,7,3,4,10,7,3,0.06036,0.11433,0.17387,0.19795,1,1,04:12:2024,14:44:20,14,-16.350139,-68.1315,5233.0,lev20,Almucantar,Mount_Chacaltaya,163,163.570012,0.9114,0.8854500000000001,0.8596,0.84035,57.032097,57.562604,4.718148,0.057313,0.043151,4,10,8,4,4,10,8,4,4,10,7,3,4,10,7,3,0.06036,0.11433,0.17387,0.19795,1,1,04:12:2024,14:44:20,14,-16.350139,-68.1315,5233.0,lev20,Almucantar,Mount_Chacaltaya,163,163.570012,0.0419,0.0268,0.0201,0.017,0.0345,0.0191,0.012,0.0087,0.0074,0.0077,0.0081,0.0082,1.073078,57.032097,57.562604,4.718148,0.057313,0.043151,4,10,8,4,4,10,8,4,4,10,7,3,4,10,7,3,0.06036,0.11433,0.17387,0.19795,1,1,04:12:2024,14:44:20,14,-16.350139,-68.1315,5233.0,lev20,Almucantar,Mount_Chacaltaya,163,163.570012,0.036778,0.023216,0.018213,0.0159,1.0336025,57.032097,57.562604,4.718148,0.057313,0.043151,4,10,8,4,4,10,8,4,4,10,7,3,4,10,7,3,0.06036,0.11433,0.17387,0.19795,1,1,04:12:2024,14:44:20,14,-16.350139,-68.1315,5233.0,lev20,Almucantar,1.0775210417642993,0.03650841125149724,0.774724318808663,Unclassified,Maritime,,Unknown
15:06:2024,19:35:18,Mount_Chacaltaya,167,167.816181,0.053914,0.035692,0.027601,0.023972,0.979323,60.142655,59.594866,3.731594,0.065318,0.053914,3,10,8,5,3,10,8,5,3,10,8,4,3,10,8,4,0.06186,0.11661,0.17778,0.20076,1,1,04:12:2024,14:53:54,14,-16.350139,-68.1315,5233.0,lev20,Almucantar,Mount_Chacaltaya,167,167.816181,1.47015,1.4826,1.48925,1.48655,0.011893,0.011836,0.0124395,0.012941000000000001,60.142655,59.594866,3.731594,0.065318,0.053914,3,10,8,5,3,10,8,5,3,10,8,4,3,10,8,4,0.06186,0.11661,0.17778,0.20076,1,1,04:12:2024,14:53:54,14,-16.350139,-68.1315,5233.0,lev20,Almucantar,Mount_Chacaltaya,167,167.816181,0.9114,0.8854500000000001,0.8596,0.84035,60.142655,59.594866,3.731594,0.065318,0.053914,3,10,8,5,3,10,8,5,3,10,8,4,3,10,8,4,0.06186,0.11661,0.17778,0.20076,1,1,04:12:2024,14:53:54,14,-16.350139,-68.1315,5233.0,lev20,Almucantar,Mount_Chacaltaya,167,167.816181,0.0539,0.0368,0.0285,0.0247,0.0415,0.0238,0.0151,0.011,0.0124,0.013,0.0135,0.0137,0.929393,60.142655,59.594866,3.731594,0.065318,0.053914,3,10,8,5,3,10,8,5,3,10,8,4,3,10,8,4,0.06186,0.11661,0.17778,0.20076,1,1,04:12:2024,14:53:54,14,-16.350139,-68.1315,5233.0,lev20,Almucantar,Mount_Chacaltaya,167,167.816181,0.036778,0.023216,0.018213,0.0159,1.0336025,60.142655,59.594866,3.731594,0.065318,0.053914,3,10,8,5,3,10,8,5,3,10,8,4,3,10,8,4,0.06186,0.11661,0.17778,0.20076,1,1,04:12:2024,14:53:54,14,-16.350139,-68.1315,5233.0,lev20,Almucantar,0.9347353855115359,0.04782938033877638,0.7144904131311054,Unclassified,Maritime,,Unknown
15:06:2024,19:52:58,Mount_Chacaltaya,167,167.828449,0.053463,0.034844,0.026565,0.022971,1.022333,63.442829,62.873956,3.772193,0.086034,0.053463,3,10,8,5,3,10,8,5,3,10,8,4,3,10,8,3,0.06349,0.11931,0.18286,0.20601,1,1,04:12:2024,14:55:24,14,-16.350139,-68.1315,5233.0,lev20,Almucantar,Mount_Chacaltaya,167,167.828449,1.47015,1.4826,1.48925,1.48655,0.011893,0.011836,0.0124395,0.012941000000000001,63.442829,62.873956,3.772193,0.086034,0.053463,3,10,8,5,3,10,8,5,3,10,8,4,3,10,8,3,0.06349,0.11931,0.18286,0.20601,1,1,04:12:2024,14:55:24,14,-16.350139,-68.1315,5233.0,lev20,Almucantar,Mount_Chacaltaya,167,167.828449,0.9114,0.8854500000000001,0.8596,0.84035,63.442829,62.873956,3.772193,0.086034,0.053463,3,10,8,5,3,10,8,5,3,10,8,4,3,10,8,3,0.06349,0.11931,0.18286,0.20601,1,1,04:12:2024,14:55:24,14,-16.350139,-68.1315,5233.0,lev20,Almucantar,Mount_Chacaltaya,167,167.828449,0.0536,0.0362,0.0276,0.0235,0.0424,0.0246,0.0155,0.0112,0.0111,0.0117,0.0121,0.0123,0.966816,63.442829,62.873956,3.772193,0.086034,0.053463,3,10,8,5,3,10,8,5,3,10,8,4,3,10,8,3,0.06349,0.11931,0.18286,0.20601,1,1,04:12:2024,14:55:24,14,-16.350139,-68.1315,5233.0,lev20,Almucantar,Mount_Chacaltaya,167,167.828449,0.036778,0.023216,0.018213,0.0159,1.0336025,63.442829,62.873956,3.772193,0.086034,0.053463,3,10,8,5,3,10,8,5,3,10,8,4,3,10,8,3,0.06349,0.11931,0.18286,0.20601,1,1,04:12:2024,14:55:24,14,-16.350139,-68.1315,5233.0,lev20,Almucantar,0.9736178645799419,0.04732734344009952,0.741996297650033,Unclassified,Maritime,,Unknown
12:07:2024,13:31:28,Mount_Chacaltaya,194,194.563519,0.029855,0.018081,0.011828,0.009484,1.33735,59.007464,59.568804,4.86367,0.142048,0.029855,4,10,7,5,4,10,7,5,3,11,7,5,3,10,8,5,0.06846,0.12628,0.1817,0.20716,1,1,04:12:2024,14:57:05,14,-16.350139,-68.1315,5233.0,lev20,Almucantar,Mount_Chacaltaya,194,194.563519,1.47015,1.4826,1.48925,1.48655,0.011893,0.011836,0.0124395,0.012941000000000001,59.007464,59.568804,4.86367,0.142048,0.029855,4,10,7,5,4,10,7,5,3,11,7,5,3,10,8,5,0.06846,0.12628,0.1817,0.20716,1,1,04:12:2024,14:57:05,14,-16.350139,-68.1315,5233.0,lev20,Almucantar,Mount_Chacaltaya,194,194.563519,0.9114,0.8854500000000001,0.8596,0.84035,59.007464,59.568804,4.86367,0.142048,0.029855,4,10,7,5,4,10,7,5,3,11,7,5,3,10,8,5,0.06846,0.12628,0.1817,0.20716,1,1,04:12:2024,14:57:05,14,-16.350139,-68.1315,5233.0,lev20,Almucantar,Mount_Chacaltaya,194,194.563519,0.0304,0.0194,0.0137,0.0107,0.0277,0.0166,0.0108,0.0077,0.0028,0.0029,0.0029,0.003,1.15554,59.007464,59.568804,4.86367,0.142048,0.029855,4,10,7,5,4,10,7,5,3,11,7,5,3,10,8,5,0.06846,0.12628,0.1817,0.20716,1,1,04:12:2024,14:57:05,14,-16.350139,-68.1315,5233.0,lev20,Almucantar,Mount_Chacaltaya,194,194.563519,0.036778,0.023216,0.018213,0.0159,1.0336025,59.007464,59.568804,4.86367,0.142048,0.029855,4,10,7,5,4,10,7,5,3,11,7,5,3,10,8,5,0.06846,0.12628,0.1817,0.20716,1,1,04:12:2024,14:57:05,14,-16.350139,-68.1315,5233.0,lev20,Almucantar,1.1691728967660036,0.026179673659402547,0.8904482574220935,Unclassified,Maritime,,Unknown
12:07:2024,13:42:44,Mount_Chacaltaya,194,194.571343,0.030364,0.018434,0.012023,0.009788,1.337399,56.933998,57.480555,4.933555,0.104753,0.030364,4,10,8,4,4,10,8,4,4,10,8,4,4,10,6,5,0.06751,0.1247,0.17897,0.20401,1,1,04:12:2024,14:42:22,14,-16.350139,-68.1315,5233.0,lev20,Almucantar,Mount_Chacaltaya,194,194.571343,1.47015,1.4826,1.48925,1.48655,0.011893,0.011836,0.0124395,0.012941000000000001,56.933998,57.480555,4.933555,0.104753,0.030364,4,10,8,4,4,10,8,4,4,10,8,4,4,10,6,5,0.06751,0.1247,0.17897,0.20401,1,1,04:12:2024,14:42:22,14,-16.350139,-68.1315,5233.0,lev20,Almucantar,Mount_Chacaltaya,194,194.571343,0.9114,0.8854500000000001,0.8596,0.84035,56.933998,57.480555,4.933555,0.104753,0.030364,4,10,8,4,4,10,8,4,4,10,8,4,4,10,6,5,0.06751,0.1247,0.17897,0.20401,1,1,04:12:2024,14:42:22,14,-16.350139,-68.1315,5233.0,lev20,Almucantar,Mount_Chacaltaya,194,194.571343,0.0311,0.0196,0.0132,0.0102,0.0288,0.0172,0.0108,0.0077,0.0023,0.0024,0.0025,0.0025,1.237199,56.933998,57.480555,4.933555,0.104753,0.030364,4,10,8,4,4,10,8,4,4,10,8,4,4,10,6,5,0.06751,0.1247,0.17897,0.20401,1,1,04:12:2024,14:42:22,14,-16.350139,-68.1315,5233.0,lev20,Almucantar,Mount_Chacaltaya,194,194.571343,0.036778,0.023216,0.018213,0.0159,1.0336025,56.933998,57.480555,4.933555,0.104753,0.030364,4,10,8,4,4,10,8,4,4,10,8,4,4,10,6,5,0.06751,0.1247,0.17897,0.20401,1,1,04:12:2024,14:42:22,14,-16.350139,-68.1315,5233.0,lev20,Almucantar,1.2571039348072441,0.026483131545557235,0.9083386313212234,BCL,Maritime,,Unknown
12:07:2024,19:57:37,Mount_Chacaltaya,194,194.831678,0.04305,0.026282,0.018133,0.01515,1.255036,62.506066,61.926902,3.771774,0.060052,0.04305,3,10,8,5,3,10,8,5,3,10,8,5,3,10,8,4,0.07088,0.1298,0.18685,0.21115,1,1,04:12:2024,14:48:40,14,-16.350139,-68.1315,5233.0,lev20,Almucantar,Mount_Chacaltaya,194,194.831678,1.47015,1.4826,1.48925,1.48655,0.011893,0.011836,0.0124395,0.012941000000000001,62.506066,61.926902,3.771774,0.060052,0.04305,3,10,8,5,3,10,8,5,3,10,8,5,3,10,8,4,0.07088,0.1298,0.18685,0.21115,1,1,04:12:2024,14:48:40,14,-16.350139,-68.1315,5233.0,lev20,Almucantar,Mount_Chacaltaya,194,194.831678,0.9114,0.8854500000000001,0.8596,0.84035,62.506066,61.926902,3.771774,0.060052,0.04305,3,10,8,5,3,10,8,5,3,10,8,5,3,10,8,4,0.07088,0.1298,0.18685,0.21115,1,1,04:12:2024,14:48:40,14,-16.350139,-68.1315,5233.0,lev20,Almucantar,Mount_Chacaltaya,194,194.831678,0.0431,0.0272,0.0187,0.0148,0.0389,0.0229,0.0142,0.0102,0.0042,0.0044,0.0045,0.0045,1.208035,62.506066,61.926902,3.771774,0.060052,0.04305,3,10,8,5,3,10,8,5,3,10,8,5,3,10,8,4,0.07088,0.1298,0.18685,0.21115,1,1,04:12:2024,14:48:40,14,-16.350139,-68.1315,5233.0,lev20,Almucantar,Mount_Chacaltaya,194,194.831678,0.036778,0.023216,0.018213,0.0159,1.0336025,62.506066,61.926902,3.771774,0.060052,0.04305,3,10,8,5,3,10,8,5,3,10,8,5,3,10,8,4,0.07088,0.1298,0.18685,0.21115,1,1,04:12:2024,14:48:40,14,-16.350139,-68.1315,5233.0,lev20,Almucantar,1.224844993857142,0.036853365049940696,0.8787428355982461,BCL,Maritime,,Unknown
13:07:2024,13:42:27,Mount_Chacaltaya,195,195.571146,0.0383,0.02323,0.014996,0.011887,1.352384,56.914912,57.463156,4.795686,0.180226,0.0383,4,10,8,4,4,10,8,4,4,10,8,4,4,10,6,5,0.06748,0.12465,0.17891,0.20396,1,1,04:12:2024,14:44:13,14,-16.350139,-68.1315,5233.0,lev20,Almucantar,Mount_Chacaltaya,195,195.571146,1.47015,1.4826,1.48925,1.48655,0.011893,0.011836,0.0124395,0.012941000000000001,56.914912,57.463156,4.795686,0.180226,0.0383,4,10,8,4,4,10,8,4,4,10,8,4,4,10,6,5,0.06748,0.12465,0.17891,0.20396,1,1,04:12:2024,14:44:13,14,-16.350139,-68.1315,5233.0,lev20,Almucantar,Mount_Chacaltaya,195,195.571146,0.9114,0.8854500000000001,0.8596,0.84035,56.914912,57.463156,4.795686,0.180226,0.0383,4,10,8,4,4,10,8,4,4,10,8,4,4,10,6,5,0.06748,0.12465,0.17891,0.20396,1,1,04:12:2024,14:44:13,14,-16.350139,-68.1315,5233.0,lev20,Almucantar,Mount_Chacaltaya,195,195.571146,0.0396,0.0246,0.0172,0.0141,0.0367,0.0216,0.0143,0.0112,0.0028,0.0029,0.003,0.003,1.210511,56.914912,57.463156,4.795686,0.180226,0.0383,4,10,8,4,4,10,8,4,4,10,8,4,4,10,6,5,0.06748,0.12465,0.17891,0.20396,1,1,04:12:2024,14:44:13,14,-16.350139,-68.1315,5233.0,lev20,Almucantar,Mount_Chacaltaya,195,195.571146,0.036778,0.023216,0.018213,0.0159,1.0336025,56.914912,57.463156,4.795686,0.180226,0.0383,4,10,8,4,4,10,8,4,4,10,8,4,4,10,6,5,0.06748,0.12465,0.17891,0.20396,1,1,04:12:2024,14:44:13,14,-16.350139,-68.1315,5233.0,lev20,Almucantar,1.2232611453444364,0.0338674888014169,0.9047444349772069,BCL,Maritime,,Unknown
15:07:2024,13:42:45,Mount_Chacaltaya,197,197.571354,0.043196,0.025502,0.016327,0.012806,1.405252,56.703826,57.254352,3.113414,0.123288,0.043196,4,10,8,4,4,10,8,4,4,10,8,4,4,10,5,4,0.06738,0.12451,0.17862,0.20368,1,1,04:12:2024,14:43:45,14,-16.350139,-68.1315,5233.0,lev20,Almucantar,Mount_Chacaltaya,197,197.571354,1.47015,1.4826,1.48925,1.48655,0.011893,0.011836,0.0124395,0.012941000000000001,56.703826,57.254352,3.113414,0.123288,0.043196,4,10,8,4,4,10,8,4,4,10,8,4,4,10,5,4,0.06738,0.12451,0.17862,0.20368,1,1,04:12:2024,14:43:45,14,-16.350139,-68.1315,5233.0,lev20,Almucantar,Mount_Chacaltaya,197,197.571354,0.9114,0.8854500000000001,0.8596,0.84035,56.703826,57.254352,3.113414,0.123288,0.043196,4,10,8,4,4,10,8,4,4,10,8,4,4,10,5,4,0.06738,0.12451,0.17862,0.20368,1,1,04:12:2024,14:43:45,14,-16.350139,-68.1315,5233.0,lev20,Almucantar,Mount_Chacaltaya,197,197.571354,0.0444,0.027,0.0176,0.0137,0.0423,0.0248,0.0154,0.0115,0.0021,0.0022,0.0022,0.0023,1.335602,56.703826,57.254352,3.113414,0.123288,0.043196,4,10,8,4,4,10,8,4,4,10,8,4,4,10,5,4,0.06738,0.12451,0.17862,0.20368,1,1,04:12:2024,14:43:45,14,-16.350139,-68.1315,5233.0,lev20,Almucantar,Mount_Chacaltaya,197,197.571354,0.036778,0.023216,0.018213,0.0159,1.0336025,56.703826,57.254352,3.113414,0.123288,0.043196,4,10,8,4,4,10,8,4,4,10,8,4,4,10,5,4,0.06738,0.12451,0.17862,0.20368,1,1,04:12:2024,14:43:45,14,-16.350139,-68.1315,5233.0,lev20,Almucantar,1.357364642609008,0.0373272256583094,0.9383139821990981,BCL,Maritime,,Unknown
15:07:2024,19:40:16,Mount_Chacaltaya,197,197.81963,0.041633,0.02524,0.017109,0.013792,1.289088,58.869628,58.307629,3.733642,0.060712,0.041633,3,11,7,5,3,11,7,5,4,10,7,5,4,10,7,5,0.06883,0.12649,0.18135,0.20521,1,1,04:12:2024,14:46:40,14,-16.350139,-68.1315,5233.0,lev20,Almucantar,Mount_Chacaltaya,197,197.81963,1.47015,1.4826,1.48925,1.48655,0.011893,0.011836,0.0124395,0.012941000000000001,58.869628,58.307629,3.733642,0.060712,0.041633,3,11,7,5,3,11,7,5,4,10,7,5,4,10,7,5,0.06883,0.12649,0.18135,0.20521,1,1,04:12:2024,14:46:40,14,-16.350139,-68.1315,5233.0,lev20,Almucantar,Mount_Chacaltaya,197,197.81963,0.9114,0.8854500000000001,0.8596,0.84035,58.869628,58.307629,3.733642,0.060712,0.041633,3,11,7,5,3,11,7,5,4,10,7,5,4,10,7,5,0.06883,0.12649,0.18135,0.20521,1,1,04:12:2024,14:46:40,14,-16.350139,-68.1315,5233.0,lev20,Almucantar,Mount_Chacaltaya,197,197.81963,0.0413,0.0259,0.0179,0.0142,0.0381,0.0225,0.0144,0.0106,0.0033,0.0034,0.0035,0.0036,1.210985,58.869628,58.307629,3.733642,0.060712,0.041633,3,11,7,5,3,11,7,5,4,10,7,5,4,10,7,5,0.06883,0.12649,0.18135,0.20521,1,1,04:12:2024,14:46:40,14,-16.350139,-68.1315,5233.0,lev20,Almucantar,Mount_Chacaltaya,197,197.81963,0.036778,0.023216,0.018213,0.0159,1.0336025,58.869628,58.307629,3.733642,0.060712,0.041633,3,11,7,5,3,11,7,5,4,10,7,5,4,10,7,5,0.06883,0.12649,0.18135,0.20521,1,1,04:12:2024,14:46:40,14,-16.350139,-68.1315,5233.0,lev20,Almucantar,1.2264032820580664,0.03530721145521236,0.9007809517096987,BCL,Maritime,,Unknown
15:07:2024,19:57:28,Mount_Chacaltaya,197,197.831574,0.041045,0.024842,0.016865,0.013541,1.289736,62.160379,61.57846,3.735729,0.092897,0.041045,3,10,8,5,3,10,8,5,3,10,8,4,3,10,8,4,0.07069,0.12949,0.18634,0.21054,1,1,04:12:2024,14:48:13,14,-16.350139,-68.1315,5233.0,lev20,Almucantar,Mount_Chacaltaya,197,197.831574,1.47015,1.4826,1.48925,1.48655,0.011893,0.011836,0.0124395,0.012941000000000001,62.160379,61.57846,3.735729,0.092897,0.041045,3,10,8,5,3,10,8,5,3,10,8,4,3,10,8,4,0.07069,0.12949,0.18634,0.21054,1,1,04:12:2024,14:48:13,14,-16.350139,-68.1315,5233.0,lev20,Almucantar,Mount_Chacaltaya,197,197.831574,0.9114,0.8854500000000001,0.8596,0.84035,62.160379,61.57846,3.735729,0.092897,0.041045,3,10,8,5,3,10,8,5,3,10,8,4,3,10,8,4,0.07069,0.12949,0.18634,0.21054,1,1,04:12:2024,14:48:13,14,-16.350139,-68.1315,5233.0,lev20,Almucantar,Mount_Chacaltaya,197,197.831574,0.0408,0.0258,0.0181,0.0143,0.0374,0.0222,0.0144,0.0105,0.0035,0.0036,0.0037,0.0038,1.178404,62.160379,61.57846,3.735729,0.092897,0.041045,3,10,8,5,3,10,8,5,3,10,8,4,3,10,8,4,0.07069,0.12949,0.18634,0.21054,1,1,04:12:2024,14:48:13,14,-16.350139,-68.1315,5233.0,lev20,Almucantar,Mount_Chacaltaya,197,197.831574,0.036778,0.023216,0.018213,0.0159,1.0336025,62.160379,61.57846,3.735729,0.092897,0.041045,3,10,8,5,3,10,8,5,3,10,8,4,3,10,8,4,0.07069,0.12949,0.18634,0.21054,1,1,04:12:2024,14:48:13,14,-16.350139,-68.1315,5233.0,lev20,Almucantar,1.1922372083730457,0.035032436148493176,0.8942489285240587,Unclassified,Maritime,,Unknown
19:07:2024,19:40:39,Mount_Chacaltaya,201,201.819896,0.028177,0.016487,0.011134,0.008895,1.349294,58.472525,57.905234,4.28427,0.112786,0.028177,3,11,7,5,4,10,7,5,4,10,7,5,4,10,7,5,0.07034,0.12861,0.18295,0.20643,1,1,04:12:2024,14:51:08,14,-16.350139,-68.1315,5233.0,lev20,Almucantar,Mount_Chacaltaya,201,201.819896,1.47015,1.4826,1.48925,1.48655,0.011893,0.011836,0.0124395,0.012941000000000001,58.472525,57.905234,4.28427,0.112786,0.028177,3,11,7,5,4,10,7,5,4,10,7,5,4,10,7,5,0.07034,0.12861,0.18295,0.20643,1,1,04:12:2024,14:51:08,14,-16.350139,-68.1315,5233.0,lev20,Almucantar,Mount_Chacaltaya,201,201.819896,0.9114,0.8854500000000001,0.8596,0.84035,58.472525,57.905234,4.28427,0.112786,0.028177,3,11,7,5,4,10,7,5,4,10,7,5,4,10,7,5,0.07034,0.12861,0.18295,0.20643,1,1,04:12:2024,14:51:08,14,-16.350139,-68.1315,5233.0,lev20,Almucantar,Mount_Chacaltaya,201,201.819896,0.0268,0.0177,0.0124,0.0098,0.026,0.0168,0.0116,0.0089,0.0008,0.0009,0.0009,0.0009,1.112545,58.472525,57.905234,4.28427,0.112786,0.028177,3,11,7,5,4,10,7,5,4,10,7,5,4,10,7,5,0.07034,0.12861,0.18295,0.20643,1,1,04:12:2024,14:51:08,14,-16.350139,-68.1315,5233.0,lev20,Almucantar,Mount_Chacaltaya,201,201.819896,0.036778,0.023216,0.018213,0.0159,1.0336025,58.472525,57.905234,4.28427,0.112786,0.028177,3,11,7,5,4,10,7,5,4,10,7,5,4,10,7,5,0.07034,0.12861,0.18295,0.20643,1,1,04:12:2024,14:51:08,14,-16.350139,-68.1315,5233.0,lev20,Almucantar,1.1305332511321238,0.0231937306238053,0.9627971097675101,Unclassified,Maritime,,Unknown
19:07:2024,19:58:00,Mount_Chacaltaya,201,201.831944,0.027907,0.016229,0.010788,0.008828,1.379524,61.821998,61.234941,4.083806,0.121907,0.027907,3,10,8,5,3,10,8,5,3,10,8,4,3,10,8,4,0.07228,0.13179,0.18815,0.21201,1,1,04:12:2024,14:52:55,14,-16.350139,-68.1315,5233.0,lev20,Almucantar,Mount_Chacaltaya,201,201.831944,1.47015,1.4826,1.48925,1.48655,0.011893,0.011836,0.0124395,0.012941000000000001,61.821998,61.234941,4.083806,0.121907,0.027907,3,10,8,5,3,10,8,5,3,10,8,4,3,10,8,4,0.07228,0.13179,0.18815,0.21201,1,1,04:12:2024,14:52:55,14,-16.350139,-68.1315,5233.0,lev20,Almucantar,Mount_Chacaltaya,201,201.831944,0.9114,0.8854500000000001,0.8596,0.84035,61.821998,61.234941,4.083806,0.121907,0.027907,3,10,8,5,3,10,8,5,3,10,8,4,3,10,8,4,0.07228,0.13179,0.18815,0.21201,1,1,04:12:2024,14:52:55,14,-16.350139,-68.1315,5233.0,lev20,Almucantar,Mount_Chacaltaya,201,201.831944,0.0265,0.0177,0.0124,0.0097,0.0258,0.017,0.0117,0.0089,0.0007,0.0007,0.0007,0.0007,1.095013,61.821998,61.234941,4.083806,0.121907,0.027907,3,10,8,5,3,10,8,5,3,10,8,4,3,10,8,4,0.07228,0.13179,0.18815,0.21201,1,1,04:12:2024,14:52:55,14,-16.350139,-68.1315,5233.0,lev20,Almucantar,Mount_Chacaltaya,201,201.831944,0.036778,0.023216,0.018213,0.0159,1.0336025,61.821998,61.234941,4.083806,0.121907,0.027907,3,10,8,5,3,10,8,5,3,10,8,4,3,10,8,4,0.07228,0.13179,0.18815,0.21201,1,1,04:12:2024,14:52:55,14,-16.350139,-68.1315,5233.0,lev20,Almucantar,1.1140203432725273,0.022982562048818198,0.9700024345684051,Unclassified,Maritime,,Unknown
20:07:2024,13:28:12,Mount_Chacaltaya,202,202.56125,0.022207,0.012655,0.007791,0.006295,1.511743,58.966207,59.54221,3.279318,0.080827,0.022207,4,10,7,5,4,10,7,5,3,11,7,5,3,10,8,4,0.07005,0.12859,0.18371,0.20906,1,1,04:12:2024,14:57:56,14,-16.350139,-68.1315,5233.0,lev20,Almucantar,Mount_Chacaltaya,202,202.56125,1.47015,1.4826,1.48925,1.48655,0.011893,0.011836,0.0124395,0.012941000000000001,58.966207,59.54221,3.279318,0.080827,0.022207,4,10,7,5,4,10,7,5,3,11,7,5,3,10,8,4,0.07005,0.12859,0.18371,0.20906,1,1,04:12:2024,14:57:56,14,-16.350139,-68.1315,5233.0,lev20,Almucantar,Mount_Chacaltaya,202,202.56125,0.9114,0.8854500000000001,0.8596,0.84035,58.966207,59.54221,3.279318,0.080827,0.022207,4,10,7,5,4,10,7,5,3,11,7,5,3,10,8,4,0.07005,0.12859,0.18371,0.20906,1,1,04:12:2024,14:57:56,14,-16.350139,-68.1315,5233.0,lev20,Almucantar,Mount_Chacaltaya,202,202.56125,0.0213,0.0132,0.0089,0.0067,0.0211,0.013,0.0087,0.0065,0.0002,0.0002,0.0002,0.0002,1.261879,58.966207,59.54221,3.279318,0.080827,0.022207,4,10,7,5,4,10,7,5,3,11,7,5,3,10,8,4,0.07005,0.12859,0.18371,0.20906,1,1,04:12:2024,14:57:56,14,-16.350139,-68.1315,5233.0,lev20,Almucantar,Mount_Chacaltaya,202,202.56125,0.036778,0.023216,0.018213,0.0159,1.0336025,58.966207,59.54221,3.279318,0.080827,0.022207,4,10,7,5,4,10,7,5,3,11,7,5,3,10,8,4,0.07005,0.12859,0.18371,0.20906,1,1,04:12:2024,14:57:56,14,-16.350139,-68.1315,5233.0,lev20,Almucantar,1.2800823441289173,0.0180847642717184,0.9883677284713752,BCL,Maritime,,Unknown
20:07:2024,13:40:38,Mount_Chacaltaya,202,202.569884,0.022457,0.012737,0.007887,0.006544,1.511438,56.617919,57.178546,3.7281,0.088484,0.022457,4,10,8,4,4,10,8,4,4,10,8,4,4,10,7,5,0.06896,0.12673,0.1805,0.20533,1,1,04:12:2024,14:59:36,14,-16.350139,-68.1315,5233.0,lev20,Almucantar,Mount_Chacaltaya,202,202.569884,1.47015,1.4826,1.48925,1.48655,0.011893,0.011836,0.0124395,0.012941000000000001,56.617919,57.178546,3.7281,0.088484,0.022457,4,10,8,4,4,10,8,4,4,10,8,4,4,10,7,5,0.06896,0.12673,0.1805,0.20533,1,1,04:12:2024,14:59:36,14,-16.350139,-68.1315,5233.0,lev20,Almucantar,Mount_Chacaltaya,202,202.569884,0.9114,0.8854500000000001,0.8596,0.84035,56.617919,57.178546,3.7281,0.088484,0.022457,4,10,8,4,4,10,8,4,4,10,8,4,4,10,7,5,0.06896,0.12673,0.1805,0.20533,1,1,04:12:2024,14:59:36,14,-16.350139,-68.1315,5233.0,lev20,Almucantar,Mount_Chacaltaya,202,202.569884,0.0215,0.0133,0.009,0.0068,0.0213,0.0131,0.0088,0.0066,0.0002,0.0002,0.0002,0.0002,1.259927,56.617919,57.178546,3.7281,0.088484,0.022457,4,10,8,4,4,10,8,4,4,10,8,4,4,10,7,5,0.06896,0.12673,0.1805,0.20533,1,1,04:12:2024,14:59:36,14,-16.350139,-68.1315,5233.0,lev20,Almucantar,Mount_Chacaltaya,202,202.569884,0.036778,0.023216,0.018213,0.0159,1.0336025,56.617919,57.178546,3.7281,0.088484,0.022457,4,10,8,4,4,10,8,4,4,10,8,4,4,10,7,5,0.06896,0.12673,0.1805,0.20533,1,1,04:12:2024,14:59:36,14,-16.350139,-68.1315,5233.0,lev20,Almucantar,1.2774017094962882,0.018260830715038704,0.9884459740911374,BCL,Maritime,,Unknown
20:07:2024,19:40:39,Mount_Chacaltaya,202,202.819896,0.027933,0.01557,0.010117,0.008214,1.475399,58.351471,57.782845,4.985967,0.110714,0.027933,4,10,7,5,4,10,7,5,2,10,7,5,4,10,7,5,0.07028,0.12849,0.18276,0.20624,1,1,04:12:2024,14:44:55,14,-16.350139,-68.1315,5233.0,lev20,Almucantar,Mount_Chacaltaya,202,202.819896,1.47015,1.4826,1.48925,1.48655,0.011893,0.011836,0.0124395,0.012941000000000001,58.351471,57.782845,4.985967,0.110714,0.027933,4,10,7,5,4,10,7,5,2,10,7,5,4,10,7,5,0.07028,0.12849,0.18276,0.20624,1,1,04:12:2024,14:44:55,14,-16.350139,-68.1315,5233.0,lev20,Almucantar,Mount_Chacaltaya,202,202.819896,0.9114,0.8854500000000001,0.8596,0.84035,58.351471,57.782845,4.985967,0.110714,0.027933,4,10,7,5,4,10,7,5,2,10,7,5,4,10,7,5,0.07028,0.12849,0.18276,0.20624,1,1,04:12:2024,14:44:55,14,-16.350139,-68.1315,5233.0,lev20,Almucantar,Mount_Chacaltaya,202,202.819896,0.0262,0.0163,0.011,0.0084,0.0258,0.016,0.0106,0.008,0.0004,0.0004,0.0004,0.0004,1.254637,58.351471,57.782845,4.985967,0.110714,0.027933,4,10,7,5,4,10,7,5,2,10,7,5,4,10,7,5,0.07028,0.12849,0.18276,0.20624,1,1,04:12:2024,14:44:55,14,-16.350139,-68.1315,5233.0,lev20,Almucantar,Mount_Chacaltaya,202,202.819896,0.036778,0.023216,0.018213,0.0159,1.0336025,58.351471,57.782845,4.985967,0.110714,0.027933,4,10,7,5,4,10,7,5,2,10,7,5,4,10,7,5,0.07028,0.12849,0.18276,0.20624,1,1,04:12:2024,14:44:55,14,-16.350139,-68.1315,5233.0,lev20,Almucantar,1.2730535512827648,0.022265105634768065,0.9839402239101873,BCL,Maritime,,Unknown
20:07:2024,19:58:05,Mount_Chacaltaya,202,202.832002,0.027459,0.01531,0.01,0.008209,1.468099,61.724807,61.136401,4.165595,0.09727,0.027459,3,10,8,5,3,10,8,5,3,10,8,4,3,10,8,4,0.07219,0.13163,0.18791,0.21185,1,1,04:12:2024,14:46:25,14,-16.350139,-68.1315,5233.0,lev20,Almucantar,Mount_Chacaltaya,202,202.832002,1.47015,1.4826,1.48925,1.48655,0.011893,0.011836,0.0124395,0.012941000000000001,61.724807,61.136401,4.165595,0.09727,0.027459,3,10,8,5,3,10,8,5,3,10,8,4,3,10,8,4,0.07219,0.13163,0.18791,0.21185,1,1,04:12:2024,14:46:25,14,-16.350139,-68.1315,5233.0,lev20,Almucantar,Mount_Chacaltaya,202,202.832002,0.9114,0.8854500000000001,0.8596,0.84035,61.724807,61.136401,4.165595,0.09727,0.027459,3,10,8,5,3,10,8,5,3,10,8,4,3,10,8,4,0.07219,0.13163,0.18791,0.21185,1,1,04:12:2024,14:46:25,14,-16.350139,-68.1315,5233.0,lev20,Almucantar,Mount_Chacaltaya,202,202.832002,0.0258,0.0157,0.0107,0.0083,0.0255,0.0154,0.0104,0.0079,0.0003,0.0003,0.0003,0.0003,1.276172,61.724807,61.136401,4.165595,0.09727,0.027459,3,10,8,5,3,10,8,5,3,10,8,4,3,10,8,4,0.07219,0.13163,0.18791,0.21185,1,1,04:12:2024,14:46:25,14,-16.350139,-68.1315,5233.0,lev20,Almucantar,Mount_Chacaltaya,202,202.832002,0.036778,0.023216,0.018213,0.0159,1.0336025,61.724807,61.136401,4.165595,0.09727,0.027459,3,10,8,5,3,10,8,5,3,10,8,4,3,10,8,4,0.07219,0.13163,0.18791,0.21185,1,1,04:12:2024,14:46:25,14,-16.350139,-68.1315,5233.0,lev20,Almucantar,1.2910472140125866,0.021874806222006864,0.987193693372028,BCL,Maritime,,Unknown
21:07:2024,13:27:45,Mount_Chacaltaya,203,203.560937,0.024414,0.013441,0.008838,0.006637,1.479166,58.949247,59.527233,4.483345,0.093054,0.024414,4,10,7,5,4,10,7,5,3,11,7,5,3,10,8,5,0.07008,0.12862,0.18377,0.20904,1,1,04:12:2024,14:48:58,14,-16.350139,-68.1315,5233.0,lev20,Almucantar,Mount_Chacaltaya,203,203.560937,1.47015,1.4826,1.48925,1.48655,0.011893,0.011836,0.0124395,0.012941000000000001,58.949247,59.527233,4.483345,0.093054,0.024414,4,10,7,5,4,10,7,5,3,11,7,5,3,10,8,5,0.07008,0.12862,0.18377,0.20904,1,1,04:12:2024,14:48:58,14,-16.350139,-68.1315,5233.0,lev20,Almucantar,Mount_Chacaltaya,203,203.560937,0.9114,0.8854500000000001,0.8596,0.84035,58.949247,59.527233,4.483345,0.093054,0.024414,4,10,7,5,4,10,7,5,3,11,7,5,3,10,8,5,0.07008,0.12862,0.18377,0.20904,1,1,04:12:2024,14:48:58,14,-16.350139,-68.1315,5233.0,lev20,Almucantar,Mount_Chacaltaya,203,203.560937,0.0244,0.0145,0.0098,0.0077,0.0234,0.0135,0.0088,0.0067,0.0009,0.001,0.001,0.001,1.324059,58.949247,59.527233,4.483345,0.093054,0.024414,4,10,7,5,4,10,7,5,3,11,7,5,3,10,8,5,0.07008,0.12862,0.18377,0.20904,1,1,04:12:2024,14:48:58,14,-16.350139,-68.1315,5233.0,lev20,Almucantar,Mount_Chacaltaya,203,203.560937,0.036778,0.023216,0.018213,0.0159,1.0336025,58.949247,59.527233,4.483345,0.093054,0.024414,4,10,7,5,4,10,7,5,3,11,7,5,3,10,8,5,0.07008,0.12862,0.18377,0.20904,1,1,04:12:2024,14:48:58,14,-16.350139,-68.1315,5233.0,lev20,Almucantar,1.3380900871060497,0.020563765384342268,0.947098889120635,BCL,Maritime,,Unknown
21:07:2024,13:40:48,Mount_Chacaltaya,203,203.57,0.0242,0.013329,0.008674,0.006861,1.492023,56.4772,57.039142,4.78027,0.072721,0.0242,4,10,8,4,4,10,8,4,4,10,8,4,4,10,8,4,0.06893,0.12666,0.18035,0.20512,1,1,04:12:2024,14:50:30,14,-16.350139,-68.1315,5233.0,lev20,Almucantar,Mount_Chacaltaya,203,203.57,1.47015,1.4826,1.48925,1.48655,0.011893,0.011836,0.0124395,0.012941000000000001,56.4772,57.039142,4.78027,0.072721,0.0242,4,10,8,4,4,10,8,4,4,10,8,4,4,10,8,4,0.06893,0.12666,0.18035,0.20512,1,1,04:12:2024,14:50:30,14,-16.350139,-68.1315,5233.0,lev20,Almucantar,Mount_Chacaltaya,203,203.57,0.9114,0.8854500000000001,0.8596,0.84035,56.4772,57.039142,4.78027,0.072721,0.0242,4,10,8,4,4,10,8,4,4,10,8,4,4,10,8,4,0.06893,0.12666,0.18035,0.20512,1,1,04:12:2024,14:50:30,14,-16.350139,-68.1315,5233.0,lev20,Almucantar,Mount_Chacaltaya,203,203.57,0.0242,0.0142,0.0096,0.0074,0.0233,0.0134,0.0087,0.0065,0.0008,0.0009,0.0009,0.0009,1.343425,56.4772,57.039142,4.78027,0.072721,0.0242,4,10,8,4,4,10,8,4,4,10,8,4,4,10,8,4,0.06893,0.12666,0.18035,0.20512,1,1,04:12:2024,14:50:30,14,-16.350139,-68.1315,5233.0,lev20,Almucantar,Mount_Chacaltaya,203,203.57,0.036778,0.023216,0.018213,0.0159,1.0336025,56.4772,57.039142,4.78027,0.072721,0.0242,4,10,8,4,4,10,8,4,4,10,8,4,4,10,8,4,0.06893,0.12666,0.18035,0.20512,1,1,04:12:2024,14:50:30,14,-16.350139,-68.1315,5233.0,lev20,Almucantar,1.3562629668850277,0.020347884799945235,0.9553550680592615,BCL,Maritime,,Unknown
22:07:2024,19:58:23,Mount_Chacaltaya,204,204.832211,0.045543,0.026047,0.019221,0.016125,1.268579,61.554043,60.962665,4.758661,0.071546,0.045543,3,10,8,5,3,10,8,5,3,10,8,4,3,10,8,3,0.07205,0.13143,0.18759,0.2115,1,1,04:12:2024,14:46:17,14,-16.350139,-68.1315,5233.0,lev20,Almucantar,Mount_Chacaltaya,204,204.832211,1.47015,1.4826,1.48925,1.48655,0.011893,0.011836,0.0124395,0.012941000000000001,61.554043,60.962665,4.758661,0.071546,0.045543,3,10,8,5,3,10,8,5,3,10,8,4,3,10,8,3,0.07205,0.13143,0.18759,0.2115,1,1,04:12:2024,14:46:17,14,-16.350139,-68.1315,5233.0,lev20,Almucantar,Mount_Chacaltaya,204,204.832211,0.9114,0.8854500000000001,0.8596,0.84035,61.554043,60.962665,4.758661,0.071546,0.045543,3,10,8,5,3,10,8,5,3,10,8,4,3,10,8,3,0.07205,0.13143,0.18759,0.2115,1,1,04:12:2024,14:46:17,14,-16.350139,-68.1315,5233.0,lev20,Almucantar,Mount_Chacaltaya,204,204.832211,0.0453,0.0273,0.0196,0.0162,0.0396,0.0213,0.0136,0.01,0.0057,0.0059,0.0061,0.0062,1.22305,61.554043,60.962665,4.758661,0.071546,0.045543,3,10,8,5,3,10,8,5,3,10,8,4,3,10,8,3,0.07205,0.13143,0.18759,0.2115,1,1,04:12:2024,14:46:17,14,-16.350139,-68.1315,5233.0,lev20,Almucantar,Mount_Chacaltaya,204,204.832211,0.036778,0.023216,0.018213,0.0159,1.0336025,61.554043,60.962665,4.758661,0.071546,0.045543,3,10,8,5,3,10,8,5,3,10,8,4,3,10,8,3,0.07205,0.13143,0.18759,0.2115,1,1,04:12:2024,14:46:17,14,-16.350139,-68.1315,5233.0,lev20,Almucantar,1.228919979449516,0.038714338999724894,0.8336221283310195,BCL,Maritime,,Unknown
23:07:2024,13:26:43,Mount_Chacaltaya,205,205.56022,0.023311,0.013151,0.008309,0.006147,1.493432,58.928451,59.510607,4.210273,0.228194,0.023311,4,10,7,5,4,10,7,5,4,10,7,5,3,10,8,5,0.07004,0.12858,0.18365,0.20901,1,1,04:12:2024,14:50:32,14,-16.350139,-68.1315,5233.0,lev20,Almucantar,Mount_Chacaltaya,205,205.56022,1.47015,1.4826,1.48925,1.48655,0.011893,0.011836,0.0124395,0.012941000000000001,58.928451,59.510607,4.210273,0.228194,0.023311,4,10,7,5,4,10,7,5,4,10,7,5,3,10,8,5,0.07004,0.12858,0.18365,0.20901,1,1,04:12:2024,14:50:32,14,-16.350139,-68.1315,5233.0,lev20,Almucantar,Mount_Chacaltaya,205,205.56022,0.9114,0.8854500000000001,0.8596,0.84035,58.928451,59.510607,4.210273,0.228194,0.023311,4,10,7,5,4,10,7,5,4,10,7,5,3,10,8,5,0.07004,0.12858,0.18365,0.20901,1,1,04:12:2024,14:50:32,14,-16.350139,-68.1315,5233.0,lev20,Almucantar,Mount_Chacaltaya,205,205.56022,0.0264,0.016,0.0102,0.0076,0.0262,0.0157,0.01,0.0073,0.0003,0.0003,0.0003,0.0003,1.370037,58.928451,59.510607,4.210273,0.228194,0.023311,4,10,7,5,4,10,7,5,4,10,7,5,3,10,8,5,0.07004,0.12858,0.18365,0.20901,1,1,04:12:2024,14:50:32,14,-16.350139,-68.1315,5233.0,lev20,Almucantar,Mount_Chacaltaya,205,205.56022,0.036778,0.023216,0.018213,0.0159,1.0336025,58.928451,59.510607,4.210273,0.228194,0.023311,4,10,7,5,4,10,7,5,4,10,7,5,3,10,8,5,0.07004,0.12858,0.18365,0.20901,1,1,04:12:2024,14:50:32,14,-16.350139,-68.1315,5233.0,lev20,Almucantar,1.3949692008569592,0.022088130748677787,0.9896589703308344,BCL,Maritime,,Unknown
23:07:2024,13:40:53,Mount_Chacaltaya,205,205.570058,0.023481,0.01311,0.008333,0.006573,1.501746,56.227583,56.792567,4.08364,0.219699,0.023481,4,10,8,4,4,10,8,4,4,10,8,4,4,10,8,4,0.06881,0.12647,0.18002,0.20476,1,1,04:12:2024,14:52:11,14,-16.350139,-68.1315,5233.0,lev20,Almucantar,Mount_Chacaltaya,205,205.570058,1.47015,1.4826,1.48925,1.48655,0.011893,0.011836,0.0124395,0.012941000000000001,56.227583,56.792567,4.08364,0.219699,0.023481,4,10,8,4,4,10,8,4,4,10,8,4,4,10,8,4,0.06881,0.12647,0.18002,0.20476,1,1,04:12:2024,14:52:11,14,-16.350139,-68.1315,5233.0,lev20,Almucantar,Mount_Chacaltaya,205,205.570058,0.9114,0.8854500000000001,0.8596,0.84035,56.227583,56.792567,4.08364,0.219699,0.023481,4,10,8,4,4,10,8,4,4,10,8,4,4,10,8,4,0.06881,0.12647,0.18002,0.20476,1,1,04:12:2024,14:52:11,14,-16.350139,-68.1315,5233.0,lev20,Almucantar,Mount_Chacaltaya,205,205.570058,0.0264,0.016,0.0103,0.0076,0.0262,0.0157,0.01,0.0073,0.0002,0.0002,0.0002,0.0003,1.357249,56.227583,56.792567,4.08364,0.219699,0.023481,4,10,8,4,4,10,8,4,4,10,8,4,4,10,8,4,0.06881,0.12647,0.18002,0.20476,1,1,04:12:2024,14:52:11,14,-16.350139,-68.1315,5233.0,lev20,Almucantar,Mount_Chacaltaya,205,205.570058,0.036778,0.023216,0.018213,0.0159,1.0336025,56.227583,56.792567,4.08364,0.219699,0.023481,4,10,8,4,4,10,8,4,4,10,8,4,4,10,8,4,0.06881,0.12647,0.18002,0.20476,1,1,04:12:2024,14:52:11,14,-16.350139,-68.1315,5233.0,lev20,Almucantar,1.3806580516600322,0.02212857669824328,0.9876513066748345,BCL,Maritime,,Unknown
23:07:2024,19:40:52,Mount_Chacaltaya,205,205.820046,0.037746,0.022473,0.016741,0.013931,1.193605,58.022437,57.449232,3.601374,0.088063,0.037746,4,10,7,5,4,10,7,5,4,10,7,4,4,10,7,5,0.07011,0.12823,0.18229,0.20573,1,1,04:12:2024,14:54:57,14,-16.350139,-68.1315,5233.0,lev20,Almucantar,Mount_Chacaltaya,205,205.820046,1.47015,1.4826,1.48925,1.48655,0.011893,0.011836,0.0124395,0.012941000000000001,58.022437,57.449232,3.601374,0.088063,0.037746,4,10,7,5,4,10,7,5,4,10,7,4,4,10,7,5,0.07011,0.12823,0.18229,0.20573,1,1,04:12:2024,14:54:57,14,-16.350139,-68.1315,5233.0,lev20,Almucantar,Mount_Chacaltaya,205,205.820046,0.9114,0.8854500000000001,0.8596,0.84035,58.022437,57.449232,3.601374,0.088063,0.037746,4,10,7,5,4,10,7,5,4,10,7,4,4,10,7,5,0.07011,0.12823,0.18229,0.20573,1,1,04:12:2024,14:54:57,14,-16.350139,-68.1315,5233.0,lev20,Almucantar,Mount_Chacaltaya,205,205.820046,0.0369,0.024,0.0175,0.0145,0.0319,0.0187,0.0122,0.0091,0.005,0.0052,0.0053,0.0054,1.083954,58.022437,57.449232,3.601374,0.088063,0.037746,4,10,7,5,4,10,7,5,4,10,7,4,4,10,7,5,0.07011,0.12823,0.18229,0.20573,1,1,04:12:2024,14:54:57,14,-16.350139,-68.1315,5233.0,lev20,Almucantar,Mount_Chacaltaya,205,205.820046,0.036778,0.023216,0.018213,0.0159,1.0336025,58.022437,57.449232,3.601374,0.088063,0.037746,4,10,7,5,4,10,7,5,4,10,7,4,4,10,7,5,0.07011,0.12823,0.18229,0.20573,1,1,04:12:2024,14:54:57,14,-16.350139,-68.1315,5233.0,lev20,Almucantar,1.094308995311397,0.03208287320396139,0.8273644530632276,Unclassified,Maritime,,Unknown
24:07:2024,13:26:05,Mount_Chacaltaya,206,206.55978,0.026518,0.01488,0.009705,0.007814,1.460089,58.9346,59.518994,3.510079,0.061233,0.026518,4,10,7,5,4,10,7,5,3,11,7,5,3,10,8,5,0.07004,0.12857,0.18365,0.209,1,1,04:12:2024,14:48:10,14,-16.350139,-68.1315,5233.0,lev20,Almucantar,Mount_Chacaltaya,206,206.55978,1.47015,1.4826,1.48925,1.48655,0.011893,0.011836,0.0124395,0.012941000000000001,58.9346,59.518994,3.510079,0.061233,0.026518,4,10,7,5,4,10,7,5,3,11,7,5,3,10,8,5,0.07004,0.12857,0.18365,0.209,1,1,04:12:2024,14:48:10,14,-16.350139,-68.1315,5233.0,lev20,Almucantar,Mount_Chacaltaya,206,206.55978,0.9114,0.8854500000000001,0.8596,0.84035,58.9346,59.518994,3.510079,0.061233,0.026518,4,10,7,5,4,10,7,5,3,11,7,5,3,10,8,5,0.07004,0.12857,0.18365,0.209,1,1,04:12:2024,14:48:10,14,-16.350139,-68.1315,5233.0,lev20,Almucantar,Mount_Chacaltaya,206,206.55978,0.0248,0.0152,0.0099,0.0076,0.0244,0.0147,0.0094,0.0071,0.0005,0.0005,0.0005,0.0005,1.324448,58.9346,59.518994,3.510079,0.061233,0.026518,4,10,7,5,4,10,7,5,3,11,7,5,3,10,8,5,0.07004,0.12857,0.18365,0.209,1,1,04:12:2024,14:48:10,14,-16.350139,-68.1315,5233.0,lev20,Almucantar,Mount_Chacaltaya,206,206.55978,0.036778,0.023216,0.018213,0.0159,1.0336025,58.9346,59.518994,3.510079,0.061233,0.026518,4,10,7,5,4,10,7,5,3,11,7,5,3,10,8,5,0.07004,0.12857,0.18365,0.209,1,1,04:12:2024,14:48:10,14,-16.350139,-68.1315,5233.0,lev20,Almucantar,1.3470500163796773,0.02087695059367457,0.9765779827427816,BCL,Maritime,,Unknown
24:07:2024,13:40:48,Mount_Chacaltaya,206,206.57,0.026339,0.01474,0.009509,0.008201,1.478658,56.119008,56.685715,3.600671,0.064,0.026339,4,10,8,4,4,10,8,4,4,10,8,4,4,10,8,4,0.06875,0.12635,0.17986,0.2046,1,1,04:12:2024,14:49:33,14,-16.350139,-68.1315,5233.0,lev20,Almucantar,Mount_Chacaltaya,206,206.57,1.47015,1.4826,1.48925,1.48655,0.011893,0.011836,0.0124395,0.012941000000000001,56.119008,56.685715,3.600671,0.064,0.026339,4,10,8,4,4,10,8,4,4,10,8,4,4,10,8,4,0.06875,0.12635,0.17986,0.2046,1,1,04:12:2024,14:49:33,14,-16.350139,-68.1315,5233.0,lev20,Almucantar,Mount_Chacaltaya,206,206.57,0.9114,0.8854500000000001,0.8596,0.84035,56.119008,56.685715,3.600671,0.064,0.026339,4,10,8,4,4,10,8,4,4,10,8,4,4,10,8,4,0.06875,0.12635,0.17986,0.2046,1,1,04:12:2024,14:49:33,14,-16.350139,-68.1315,5233.0,lev20,Almucantar,Mount_Chacaltaya,206,206.57,0.025,0.0154,0.0103,0.0078,0.0243,0.0147,0.0096,0.0071,0.0007,0.0007,0.0007,0.0007,1.281814,56.119008,56.685715,3.600671,0.064,0.026339,4,10,8,4,4,10,8,4,4,10,8,4,4,10,8,4,0.06875,0.12635,0.17986,0.2046,1,1,04:12:2024,14:49:33,14,-16.350139,-68.1315,5233.0,lev20,Almucantar,Mount_Chacaltaya,206,206.57,0.036778,0.023216,0.018213,0.0159,1.0336025,56.119008,56.685715,3.600671,0.064,0.026339,4,10,8,4,4,10,8,4,4,10,8,4,4,10,8,4,0.06875,0.12635,0.17986,0.2046,1,1,04:12:2024,14:49:33,14,-16.350139,-68.1315,5233.0,lev20,Almucantar,1.300730359358796,0.021170296222436408,0.9651631348906019,BCL,Maritime,,Unknown
26:07:2024,13:24:54,Mount_Chacaltaya,208,208.558958,0.034386,0.019434,0.012829,0.009863,1.433126,58.91911,59.507923,3.75676,0.087438,0.034386,4,10,7,5,4,10,7,5,4,8,7,5,3,10,7,5,0.07001,0.12853,0.18362,0.20899,1,1,04:12:2024,14:47:24,14,-16.350139,-68.1315,5233.0,lev20,Almucantar,Mount_Chacaltaya,208,208.558958,1.47015,1.4826,1.48925,1.48655,0.011893,0.011836,0.0124395,0.012941000000000001,58.91911,59.507923,3.75676,0.087438,0.034386,4,10,7,5,4,10,7,5,4,8,7,5,3,10,7,5,0.07001,0.12853,0.18362,0.20899,1,1,04:12:2024,14:47:24,14,-16.350139,-68.1315,5233.0,lev20,Almucantar,Mount_Chacaltaya,208,208.558958,0.9114,0.8854500000000001,0.8596,0.84035,58.91911,59.507923,3.75676,0.087438,0.034386,4,10,7,5,4,10,7,5,4,8,7,5,3,10,7,5,0.07001,0.12853,0.18362,0.20899,1,1,04:12:2024,14:47:24,14,-16.350139,-68.1315,5233.0,lev20,Almucantar,Mount_Chacaltaya,208,208.558958,0.0333,0.0203,0.0141,0.0107,0.0312,0.0181,0.0118,0.0084,0.0021,0.0022,0.0023,0.0023,1.248537,58.91911,59.507923,3.75676,0.087438,0.034386,4,10,7,5,4,10,7,5,4,8,7,5,3,10,7,5,0.07001,0.12853,0.18362,0.20899,1,1,04:12:2024,14:47:24,14,-16.350139,-68.1315,5233.0,lev20,Almucantar,Mount_Chacaltaya,208,208.558958,0.036778,0.023216,0.018213,0.0159,1.0336025,58.91911,59.507923,3.75676,0.087438,0.034386,4,10,7,5,4,10,7,5,4,8,7,5,3,10,7,5,0.07001,0.12853,0.18362,0.20899,1,1,04:12:2024,14:47:24,14,-16.350139,-68.1315,5233.0,lev20,Almucantar,1.2606121424662127,0.02834382225775592,0.9190022667616647,BCL,Maritime,,Unknown
26:07:2024,13:41:00,Mount_Chacaltaya,208,208.570139,0.03523,0.019726,0.012959,0.010794,1.453999,55.81846,56.388212,3.180085,0.086486,0.03523,4,10,8,4,4,10,8,4,4,10,8,4,4,10,8,4,0.06864,0.12617,0.1795,0.20418,1,1,04:12:2024,14:48:43,14,-16.350139,-68.1315,5233.0,lev20,Almucantar,Mount_Chacaltaya,208,208.570139,1.47015,1.4826,1.48925,1.48655,0.011893,0.011836,0.0124395,0.012941000000000001,55.81846,56.388212,3.180085,0.086486,0.03523,4,10,8,4,4,10,8,4,4,10,8,4,4,10,8,4,0.06864,0.12617,0.1795,0.20418,1,1,04:12:2024,14:48:43,14,-16.350139,-68.1315,5233.0,lev20,Almucantar,Mount_Chacaltaya,208,208.570139,0.9114,0.8854500000000001,0.8596,0.84035,55.81846,56.388212,3.180085,0.086486,0.03523,4,10,8,4,4,10,8,4,4,10,8,4,4,10,8,4,0.06864,0.12617,0.1795,0.20418,1,1,04:12:2024,14:48:43,14,-16.350139,-68.1315,5233.0,lev20,Almucantar,Mount_Chacaltaya,208,208.570139,0.0333,0.0203,0.0138,0.0108,0.031,0.0179,0.0113,0.0083,0.0023,0.0024,0.0024,0.0025,1.276727,55.81846,56.388212,3.180085,0.086486,0.03523,4,10,8,4,4,10,8,4,4,10,8,4,4,10,8,4,0.06864,0.12617,0.1795,0.20418,1,1,04:12:2024,14:48:43,14,-16.350139,-68.1315,5233.0,lev20,Almucantar,Mount_Chacaltaya,208,208.570139,0.036778,0.023216,0.018213,0.0159,1.0336025,55.81846,56.388212,3.180085,0.086486,0.03523,4,10,8,4,4,10,8,4,4,10,8,4,4,10,8,4,0.06864,0.12617,0.1795,0.20418,1,1,04:12:2024,14:48:43,14,-16.350139,-68.1315,5233.0,lev20,Almucantar,1.2921591896748297,0.02822974844295242,0.9102928998903179,BCL,Maritime,,Unknown
29:07:2024,13:23:01,Mount_Chacaltaya,211,211.55765,0.044918,0.026663,0.018419,0.014788,1.297148,58.888956,59.484588,4.733522,0.329294,0.044918,4,10,7,5,4,10,7,5,4,10,7,5,3,10,7,5,0.07068,0.12974,0.18445,0.2103,1,1,04:12:2024,14:52:07,14,-16.350139,-68.1315,5233.0,lev20,Almucantar,Mount_Chacaltaya,211,211.55765,1.47015,1.4826,1.48925,1.48655,0.011893,0.011836,0.0124395,0.012941000000000001,58.888956,59.484588,4.733522,0.329294,0.044918,4,10,7,5,4,10,7,5,4,10,7,5,3,10,7,5,0.07068,0.12974,0.18445,0.2103,1,1,04:12:2024,14:52:07,14,-16.350139,-68.1315,5233.0,lev20,Almucantar,Mount_Chacaltaya,211,211.55765,0.9114,0.8854500000000001,0.8596,0.84035,58.888956,59.484588,4.733522,0.329294,0.044918,4,10,7,5,4,10,7,5,4,10,7,5,3,10,7,5,0.07068,0.12974,0.18445,0.2103,1,1,04:12:2024,14:52:07,14,-16.350139,-68.1315,5233.0,lev20,Almucantar,Mount_Chacaltaya,211,211.55765,0.0503,0.0301,0.0204,0.0161,0.046,0.0255,0.0157,0.0113,0.0044,0.0045,0.0047,0.0048,1.309589,58.888956,59.484588,4.733522,0.329294,0.044918,4,10,7,5,4,10,7,5,4,10,7,5,3,10,7,5,0.07068,0.12974,0.18445,0.2103,1,1,04:12:2024,14:52:07,14,-16.350139,-68.1315,5233.0,lev20,Almucantar,Mount_Chacaltaya,211,211.55765,0.036778,0.023216,0.018213,0.0159,1.0336025,58.888956,59.484588,4.733522,0.329294,0.044918,4,10,7,5,4,10,7,5,4,10,7,5,3,10,7,5,0.07068,0.12974,0.18445,0.2103,1,1,04:12:2024,14:52:07,14,-16.350139,-68.1315,5233.0,lev20,Almucantar,1.3238164967825146,0.04246911691927601,0.8868241358100409,BCL,Maritime,,Unknown
29:07:2024,13:40:52,Mount_Chacaltaya,211,211.570046,0.048884,0.028129,0.019356,0.016421,1.350695,55.414615,55.989666,4.213401,0.220279,0.048884,4,10,8,4,4,10,8,4,4,10,8,4,4,10,8,4,0.06895,0.12677,0.1795,0.20463,1,1,04:12:2024,14:53:33,14,-16.350139,-68.1315,5233.0,lev20,Almucantar,Mount_Chacaltaya,211,211.570046,1.47015,1.4826,1.48925,1.48655,0.011893,0.011836,0.0124395,0.012941000000000001,55.414615,55.989666,4.213401,0.220279,0.048884,4,10,8,4,4,10,8,4,4,10,8,4,4,10,8,4,0.06895,0.12677,0.1795,0.20463,1,1,04:12:2024,14:53:33,14,-16.350139,-68.1315,5233.0,lev20,Almucantar,Mount_Chacaltaya,211,211.570046,0.9114,0.8854500000000001,0.8596,0.84035,55.414615,55.989666,4.213401,0.220279,0.048884,4,10,8,4,4,10,8,4,4,10,8,4,4,10,8,4,0.06895,0.12677,0.1795,0.20463,1,1,04:12:2024,14:53:33,14,-16.350139,-68.1315,5233.0,lev20,Almucantar,Mount_Chacaltaya,211,211.570046,0.0526,0.0307,0.0208,0.0166,0.0478,0.0258,0.0157,0.0114,0.0047,0.0049,0.0051,0.0052,1.348903,55.414615,55.989666,4.213401,0.220279,0.048884,4,10,8,4,4,10,8,4,4,10,8,4,4,10,8,4,0.06895,0.12677,0.1795,0.20463,1,1,04:12:2024,14:53:33,14,-16.350139,-68.1315,5233.0,lev20,Almucantar,Mount_Chacaltaya,211,211.570046,0.036778,0.023216,0.018213,0.0159,1.0336025,55.414615,55.989666,4.213401,0.220279,0.048884,4,10,8,4,4,10,8,4,4,10,8,4,4,10,8,4,0.06895,0.12677,0.1795,0.20463,1,1,04:12:2024,14:53:33,14,-16.350139,-68.1315,5233.0,lev20,Almucantar,1.3609182585026065,0.04420090881996404,0.8802395982662428,BCL,Maritime,,Unknown
30:07:2024,13:40:54,Mount_Chacaltaya,212,212.570069,0.04249,0.023903,0.0152,0.013209,1.489371,55.256085,55.832847,4.302741,0.302231,0.04249,4,10,8,4,4,10,8,4,4,10,8,4,4,10,7,4,0.06882,0.12655,0.1792,0.20438,1,1,04:12:2024,14:43:15,14,-16.350139,-68.1315,5233.0,lev20,Almucantar,Mount_Chacaltaya,212,212.570069,1.47015,1.4826,1.48925,1.48655,0.011893,0.011836,0.0124395,0.012941000000000001,55.256085,55.832847,4.302741,0.302231,0.04249,4,10,8,4,4,10,8,4,4,10,8,4,4,10,7,4,0.06882,0.12655,0.1792,0.20438,1,1,04:12:2024,14:43:15,14,-16.350139,-68.1315,5233.0,lev20,Almucantar,Mount_Chacaltaya,212,212.570069,0.9114,0.8854500000000001,0.8596,0.84035,55.256085,55.832847,4.302741,0.302231,0.04249,4,10,8,4,4,10,8,4,4,10,8,4,4,10,7,4,0.06882,0.12655,0.1792,0.20438,1,1,04:12:2024,14:43:15,14,-16.350139,-68.1315,5233.0,lev20,Almucantar,Mount_Chacaltaya,212,212.570069,0.0484,0.0254,0.0164,0.0127,0.0456,0.0225,0.0135,0.0097,0.0027,0.0029,0.0029,0.003,1.577578,55.256085,55.832847,4.302741,0.302231,0.04249,4,10,8,4,4,10,8,4,4,10,8,4,4,10,7,4,0.06882,0.12655,0.1792,0.20438,1,1,04:12:2024,14:43:15,14,-16.350139,-68.1315,5233.0,lev20,Almucantar,Mount_Chacaltaya,212,212.570069,0.036778,0.023216,0.018213,0.0159,1.0336025,55.256085,55.832847,4.302741,0.302231,0.04249,4,10,8,4,4,10,8,4,4,10,8,4,4,10,7,4,0.06882,0.12655,0.1792,0.20438,1,1,04:12:2024,14:43:15,14,-16.350139,-68.1315,5233.0,lev20,Almucantar,1.5874858950187003,0.039510487363386006,0.9193730053452344,BCL,Maritime,,Unknown
31:07:2024,13:21:49,Mount_Chacaltaya,213,213.556817,0.040633,0.022846,0.014992,0.011946,1.448916,58.839796,59.439953,3.687755,0.132464,0.040633,4,10,7,5,4,10,7,5,4,10,7,5,3,10,8,5,0.07065,0.12968,0.18436,0.21022,1,1,04:12:2024,14:48:18,14,-16.350139,-68.1315,5233.0,lev20,Almucantar,Mount_Chacaltaya,213,213.556817,1.47015,1.4826,1.48925,1.48655,0.011893,0.011836,0.0124395,0.012941000000000001,58.839796,59.439953,3.687755,0.132464,0.040633,4,10,7,5,4,10,7,5,4,10,7,5,3,10,8,5,0.07065,0.12968,0.18436,0.21022,1,1,04:12:2024,14:48:18,14,-16.350139,-68.1315,5233.0,lev20,Almucantar,Mount_Chacaltaya,213,213.556817,0.9114,0.8854500000000001,0.8596,0.84035,58.839796,59.439953,3.687755,0.132464,0.040633,4,10,7,5,4,10,7,5,4,10,7,5,3,10,8,5,0.07065,0.12968,0.18436,0.21022,1,1,04:12:2024,14:48:18,14,-16.350139,-68.1315,5233.0,lev20,Almucantar,Mount_Chacaltaya,213,213.556817,0.042,0.0247,0.0162,0.0124,0.0396,0.0222,0.0136,0.0097,0.0025,0.0025,0.0026,0.0027,1.379664,58.839796,59.439953,3.687755,0.132464,0.040633,4,10,7,5,4,10,7,5,4,10,7,5,3,10,8,5,0.07065,0.12968,0.18436,0.21022,1,1,04:12:2024,14:48:18,14,-16.350139,-68.1315,5233.0,lev20,Almucantar,Mount_Chacaltaya,213,213.556817,0.036778,0.023216,0.018213,0.0159,1.0336025,58.839796,59.439953,3.687755,0.132464,0.040633,4,10,7,5,4,10,7,5,4,10,7,5,3,10,8,5,0.07065,0.12968,0.18436,0.21022,1,1,04:12:2024,14:48:18,14,-16.350139,-68.1315,5233.0,lev20,Almucantar,1.3974366213841223,0.0351291258789094,0.926364614681106,BCL,Maritime,,Unknown
31:07:2024,13:40:44,Mount_Chacaltaya,213,213.569954,0.042578,0.023972,0.015928,0.013836,1.430561,55.131503,55.710246,3.147316,0.092604,0.042578,4,10,8,4,4,10,8,4,4,10,8,4,4,10,8,4,0.06882,0.12652,0.17913,0.20422,1,1,04:12:2024,14:49:54,14,-16.350139,-68.1315,5233.0,lev20,Almucantar,Mount_Chacaltaya,213,213.569954,1.47015,1.4826,1.48925,1.48655,0.011893,0.011836,0.0124395,0.012941000000000001,55.131503,55.710246,3.147316,0.092604,0.042578,4,10,8,4,4,10,8,4,4,10,8,4,4,10,8,4,0.06882,0.12652,0.17913,0.20422,1,1,04:12:2024,14:49:54,14,-16.350139,-68.1315,5233.0,lev20,Almucantar,Mount_Chacaltaya,213,213.569954,0.9114,0.8854500000000001,0.8596,0.84035,55.131503,55.710246,3.147316,0.092604,0.042578,4,10,8,4,4,10,8,4,4,10,8,4,4,10,8,4,0.06882,0.12652,0.17913,0.20422,1,1,04:12:2024,14:49:54,14,-16.350139,-68.1315,5233.0,lev20,Almucantar,Mount_Chacaltaya,213,213.569954,0.043,0.0252,0.0166,0.0128,0.0401,0.0223,0.0135,0.0098,0.0028,0.0029,0.003,0.0031,1.379396,55.131503,55.710246,3.147316,0.092604,0.042578,4,10,8,4,4,10,8,4,4,10,8,4,4,10,8,4,0.06882,0.12652,0.17913,0.20422,1,1,04:12:2024,14:49:54,14,-16.350139,-68.1315,5233.0,lev20,Almucantar,Mount_Chacaltaya,213,213.569954,0.036778,0.023216,0.018213,0.0159,1.0336025,55.131503,55.710246,3.147316,0.092604,0.042578,4,10,8,4,4,10,8,4,4,10,8,4,4,10,8,4,0.06882,0.12652,0.17913,0.20422,1,1,04:12:2024,14:49:54,14,-16.350139,-68.1315,5233.0,lev20,Almucantar,1.3961737016698386,0.03597134050055604,0.9118196268041012,BCL,Maritime,,Unknown
01:08:2024,13:20:55,Mount_Chacaltaya,214,214.556192,0.065719,0.033116,0.021726,0.017387,1.619915,58.870053,59.472782,4.940531,0.14702,0.065719,4,10,7,5,4,10,7,5,4,10,7,3,3,10,8,4,0.07066,0.12972,0.18442,0.21027,1,1,04:12:2024,14:47:42,14,-16.350139,-68.1315,5233.0,lev20,Almucantar,Mount_Chacaltaya,214,214.556192,1.47015,1.4826,1.48925,1.48655,0.011893,0.011836,0.0124395,0.012941000000000001,58.870053,59.472782,4.940531,0.14702,0.065719,4,10,7,5,4,10,7,5,4,10,7,3,3,10,8,4,0.07066,0.12972,0.18442,0.21027,1,1,04:12:2024,14:47:42,14,-16.350139,-68.1315,5233.0,lev20,Almucantar,Mount_Chacaltaya,214,214.556192,0.9114,0.8854500000000001,0.8596,0.84035,58.870053,59.472782,4.940531,0.14702,0.065719,4,10,7,5,4,10,7,5,4,10,7,3,3,10,8,4,0.07066,0.12972,0.18442,0.21027,1,1,04:12:2024,14:47:42,14,-16.350139,-68.1315,5233.0,lev20,Almucantar,Mount_Chacaltaya,214,214.556192,0.0667,0.035,0.0234,0.0188,0.061,0.029,0.0171,0.0124,0.0056,0.0059,0.0062,0.0064,1.532055,58.870053,59.472782,4.940531,0.14702,0.065719,4,10,7,5,4,10,7,5,4,10,7,3,3,10,8,4,0.07066,0.12972,0.18442,0.21027,1,1,04:12:2024,14:47:42,14,-16.350139,-68.1315,5233.0,lev20,Almucantar,Mount_Chacaltaya,214,214.556192,0.036778,0.023216,0.018213,0.0159,1.0336025,58.870053,59.472782,4.940531,0.14702,0.065719,4,10,7,5,4,10,7,5,4,10,7,3,3,10,8,4,0.07066,0.12972,0.18442,0.21027,1,1,04:12:2024,14:47:42,14,-16.350139,-68.1315,5233.0,lev20,Almucantar,1.5365124373341086,0.05480532647559607,0.8766354907886504,BCL,Maritime,,Unknown
01:08:2024,13:40:46,Mount_Chacaltaya,214,214.569977,0.069456,0.03472,0.022594,0.018451,1.643055,54.964147,55.544642,4.607758,0.125295,0.069456,4,10,8,4,4,10,8,4,4,10,8,4,4,10,8,3,0.06872,0.12635,0.17886,0.20398,1,1,04:12:2024,14:49:23,14,-16.350139,-68.1315,5233.0,lev20,Almucantar,Mount_Chacaltaya,214,214.569977,1.47015,1.4826,1.48925,1.48655,0.011893,0.011836,0.0124395,0.012941000000000001,54.964147,55.544642,4.607758,0.125295,0.069456,4,10,8,4,4,10,8,4,4,10,8,4,4,10,8,3,0.06872,0.12635,0.17886,0.20398,1,1,04:12:2024,14:49:23,14,-16.350139,-68.1315,5233.0,lev20,Almucantar,Mount_Chacaltaya,214,214.569977,0.9114,0.8854500000000001,0.8596,0.84035,54.964147,55.544642,4.607758,0.125295,0.069456,4,10,8,4,4,10,8,4,4,10,8,4,4,10,8,3,0.06872,0.12635,0.17886,0.20398,1,1,04:12:2024,14:49:23,14,-16.350139,-68.1315,5233.0,lev20,Almucantar,Mount_Chacaltaya,214,214.569977,0.0697,0.0367,0.0241,0.0188,0.0637,0.0304,0.0175,0.012,0.0061,0.0064,0.0067,0.0068,1.55024,54.964147,55.544642,4.607758,0.125295,0.069456,4,10,8,4,4,10,8,4,4,10,8,4,4,10,8,3,0.06872,0.12635,0.17886,0.20398,1,1,04:12:2024,14:49:23,14,-16.350139,-68.1315,5233.0,lev20,Almucantar,Mount_Chacaltaya,214,214.569977,0.036778,0.023216,0.018213,0.0159,1.0336025,54.964147,55.544642,4.607758,0.125295,0.069456,4,10,8,4,4,10,8,4,4,10,8,4,4,10,8,3,0.06872,0.12635,0.17886,0.20398,1,1,04:12:2024,14:49:23,14,-16.350139,-68.1315,5233.0,lev20,Almucantar,1.557810886821748,0.05711461851552987,0.8795612485388633,BCL,Maritime,,Unknown
01:08:2024,20:01:23,Mount_Chacaltaya,214,214.834294,0.049017,0.02823,0.019714,0.016407,1.330024,60.981254,60.371223,3.522523,0.088635,0.049017,3,10,8,5,3,10,8,4,3,10,8,4,3,10,7,4,0.07257,0.13237,0.18774,0.2119,1,1,04:12:2024,14:52:24,14,-16.350139,-68.1315,5233.0,lev20,Almucantar,Mount_Chacaltaya,214,214.834294,1.47015,1.4826,1.48925,1.48655,0.011893,0.011836,0.0124395,0.012941000000000001,60.981254,60.371223,3.522523,0.088635,0.049017,3,10,8,5,3,10,8,4,3,10,8,4,3,10,7,4,0.07257,0.13237,0.18774,0.2119,1,1,04:12:2024,14:52:24,14,-16.350139,-68.1315,5233.0,lev20,Almucantar,Mount_Chacaltaya,214,214.834294,0.9114,0.8854500000000001,0.8596,0.84035,60.981254,60.371223,3.522523,0.088635,0.049017,3,10,8,5,3,10,8,4,3,10,8,4,3,10,7,4,0.07257,0.13237,0.18774,0.2119,1,1,04:12:2024,14:52:24,14,-16.350139,-68.1315,5233.0,lev20,Almucantar,Mount_Chacaltaya,214,214.834294,0.0496,0.0297,0.0206,0.017,0.043,0.0228,0.0135,0.0097,0.0066,0.0069,0.0072,0.0073,1.278275,60.981254,60.371223,3.522523,0.088635,0.049017,3,10,8,5,3,10,8,4,3,10,8,4,3,10,7,4,0.07257,0.13237,0.18774,0.2119,1,1,04:12:2024,14:52:24,14,-16.350139,-68.1315,5233.0,lev20,Almucantar,Mount_Chacaltaya,214,214.834294,0.036778,0.023216,0.018213,0.0159,1.0336025,60.981254,60.371223,3.522523,0.088635,0.049017,3,10,8,5,3,10,8,4,3,10,8,4,3,10,7,4,0.07257,0.13237,0.18774,0.2119,1,1,04:12:2024,14:52:24,14,-16.350139,-68.1315,5233.0,lev20,Almucantar,1.2889481180420286,0.04206517705605775,0.8243103911491353,BCL,Maritime,,Unknown
02:08:2024,13:20:09,Mount_Chacaltaya,215,215.55566,0.032565,0.020209,0.013587,0.010874,1.263454,58.870539,59.475706,3.105858,0.095951,0.032565,4,10,7,5,4,10,7,5,4,10,7,5,3,10,8,5,0.07065,0.12971,0.18441,0.21026,1,1,04:12:2024,14:57:51,14,-16.350139,-68.1315,5233.0,lev20,Almucantar,Mount_Chacaltaya,215,215.55566,1.47015,1.4826,1.48925,1.48655,0.011893,0.011836,0.0124395,0.012941000000000001,58.870539,59.475706,3.105858,0.095951,0.032565,4,10,7,5,4,10,7,5,4,10,7,5,3,10,8,5,0.07065,0.12971,0.18441,0.21026,1,1,04:12:2024,14:57:51,14,-16.350139,-68.1315,5233.0,lev20,Almucantar,Mount_Chacaltaya,215,215.55566,0.9114,0.8854500000000001,0.8596,0.84035,58.870539,59.475706,3.105858,0.095951,0.032565,4,10,7,5,4,10,7,5,4,10,7,5,3,10,8,5,0.07065,0.12971,0.18441,0.21026,1,1,04:12:2024,14:57:51,14,-16.350139,-68.1315,5233.0,lev20,Almucantar,Mount_Chacaltaya,215,215.55566,0.0333,0.0212,0.0146,0.0115,0.0304,0.0183,0.0116,0.0084,0.0029,0.003,0.003,0.0031,1.192161,58.870539,59.475706,3.105858,0.095951,0.032565,4,10,7,5,4,10,7,5,4,10,7,5,3,10,8,5,0.07065,0.12971,0.18441,0.21026,1,1,04:12:2024,14:57:51,14,-16.350139,-68.1315,5233.0,lev20,Almucantar,Mount_Chacaltaya,215,215.55566,0.036778,0.023216,0.018213,0.0159,1.0336025,58.870539,59.475706,3.105858,0.095951,0.032565,4,10,7,5,4,10,7,5,4,10,7,5,3,10,8,5,0.07065,0.12971,0.18441,0.21026,1,1,04:12:2024,14:57:51,14,-16.350139,-68.1315,5233.0,lev20,Almucantar,1.209496128876459,0.02852963663791618,0.8943281105213371,BCL,Maritime,,Unknown
02:08:2024,13:40:48,Mount_Chacaltaya,215,215.57,0.032769,0.019908,0.013312,0.011287,1.30367,54.792415,55.37468,3.257151,0.069335,0.032769,4,10,8,4,4,10,8,4,4,10,8,4,4,10,8,4,0.06864,0.12624,0.17866,0.20373,1,1,04:12:2024,14:59:12,14,-16.350139,-68.1315,5233.0,lev20,Almucantar,Mount_Chacaltaya,215,215.57,1.47015,1.4826,1.48925,1.48655,0.011893,0.011836,0.0124395,0.012941000000000001,54.792415,55.37468,3.257151,0.069335,0.032769,4,10,8,4,4,10,8,4,4,10,8,4,4,10,8,4,0.06864,0.12624,0.17866,0.20373,1,1,04:12:2024,14:59:12,14,-16.350139,-68.1315,5233.0,lev20,Almucantar,Mount_Chacaltaya,215,215.57,0.9114,0.8854500000000001,0.8596,0.84035,54.792415,55.37468,3.257151,0.069335,0.032769,4,10,8,4,4,10,8,4,4,10,8,4,4,10,8,4,0.06864,0.12624,0.17866,0.20373,1,1,04:12:2024,14:59:12,14,-16.350139,-68.1315,5233.0,lev20,Almucantar,Mount_Chacaltaya,215,215.57,0.033,0.0208,0.0142,0.0112,0.0304,0.0182,0.0115,0.0084,0.0026,0.0027,0.0027,0.0028,1.219178,54.792415,55.37468,3.257151,0.069335,0.032769,4,10,8,4,4,10,8,4,4,10,8,4,4,10,8,4,0.06864,0.12624,0.17866,0.20373,1,1,04:12:2024,14:59:12,14,-16.350139,-68.1315,5233.0,lev20,Almucantar,Mount_Chacaltaya,215,215.57,0.036778,0.023216,0.018213,0.0159,1.0336025,54.792415,55.37468,3.257151,0.069335,0.032769,4,10,8,4,4,10,8,4,4,10,8,4,4,10,8,4,0.06864,0.12624,0.17866,0.20373,1,1,04:12:2024,14:59:12,14,-16.350139,-68.1315,5233.0,lev20,Almucantar,1.236970414826622,0.02817348994373525,0.903830217416149,BCL,Maritime,,Unknown
02:08:2024,20:01:11,Mount_Chacaltaya,215,215.834155,0.03573,0.022618,0.016435,0.014053,1.130708,60.822969,60.211362,4.341835,0.107105,0.03573,3,10,8,5,3,10,8,4,3,10,8,4,3,10,8,5,0.07253,0.13224,0.18754,0.21161,1,1,04:12:2024,14:46:16,14,-16.350139,-68.1315,5233.0,lev20,Almucantar,Mount_Chacaltaya,215,215.834155,1.47015,1.4826,1.48925,1.48655,0.011893,0.011836,0.0124395,0.012941000000000001,60.822969,60.211362,4.341835,0.107105,0.03573,3,10,8,5,3,10,8,4,3,10,8,4,3,10,8,5,0.07253,0.13224,0.18754,0.21161,1,1,04:12:2024,14:46:16,14,-16.350139,-68.1315,5233.0,lev20,Almucantar,Mount_Chacaltaya,215,215.834155,0.9114,0.8854500000000001,0.8596,0.84035,60.822969,60.211362,4.341835,0.107105,0.03573,3,10,8,5,3,10,8,4,3,10,8,4,3,10,8,5,0.07253,0.13224,0.18754,0.21161,1,1,04:12:2024,14:46:16,14,-16.350139,-68.1315,5233.0,lev20,Almucantar,Mount_Chacaltaya,215,215.834155,0.0352,0.024,0.0178,0.0149,0.0299,0.0185,0.0121,0.0091,0.0053,0.0055,0.0057,0.0057,0.988217,60.822969,60.211362,4.341835,0.107105,0.03573,3,10,8,5,3,10,8,4,3,10,8,4,3,10,8,5,0.07253,0.13224,0.18754,0.21161,1,1,04:12:2024,14:46:16,14,-16.350139,-68.1315,5233.0,lev20,Almucantar,Mount_Chacaltaya,215,215.834155,0.036778,0.023216,0.018213,0.0159,1.0336025,60.822969,60.211362,4.341835,0.107105,0.03573,3,10,8,5,3,10,8,4,3,10,8,4,3,10,8,5,0.07253,0.13224,0.18754,0.21161,1,1,04:12:2024,14:46:16,14,-16.350139,-68.1315,5233.0,lev20,Almucantar,1.0001894338683504,0.030975249895193423,0.8154968206611083,Unclassified,Maritime,,Unknown
03:08:2024,13:19:32,Mount_Chacaltaya,216,216.555231,0.031943,0.020066,0.014274,0.012105,1.170501,58.837631,59.445087,3.320384,0.070213,0.031943,4,10,7,5,4,10,7,5,4,10,7,5,3,10,8,5,0.07064,0.12966,0.18434,0.21023,1,1,04:12:2024,14:51:41,14,-16.350139,-68.1315,5233.0,lev20,Almucantar,Mount_Chacaltaya,216,216.555231,1.47015,1.4826,1.48925,1.48655,0.011893,0.011836,0.0124395,0.012941000000000001,58.837631,59.445087,3.320384,0.070213,0.031943,4,10,7,5,4,10,7,5,4,10,7,5,3,10,8,5,0.07064,0.12966,0.18434,0.21023,1,1,04:12:2024,14:51:41,14,-16.350139,-68.1315,5233.0,lev20,Almucantar,Mount_Chacaltaya,216,216.555231,0.9114,0.8854500000000001,0.8596,0.84035,58.837631,59.445087,3.320384,0.070213,0.031943,4,10,7,5,4,10,7,5,4,10,7,5,3,10,8,5,0.07064,0.12966,0.18434,0.21023,1,1,04:12:2024,14:51:41,14,-16.350139,-68.1315,5233.0,lev20,Almucantar,Mount_Chacaltaya,216,216.555231,0.0317,0.0209,0.0152,0.0126,0.0271,0.0161,0.0102,0.0076,0.0046,0.0048,0.0049,0.005,1.066197,58.837631,59.445087,3.320384,0.070213,0.031943,4,10,7,5,4,10,7,5,4,10,7,5,3,10,8,5,0.07064,0.12966,0.18434,0.21023,1,1,04:12:2024,14:51:41,14,-16.350139,-68.1315,5233.0,lev20,Almucantar,Mount_Chacaltaya,216,216.555231,0.036778,0.023216,0.018213,0.0159,1.0336025,58.837631,59.445087,3.320384,0.070213,0.031943,4,10,7,5,4,10,7,5,4,10,7,5,3,10,8,5,0.07064,0.12966,0.18434,0.21023,1,1,04:12:2024,14:51:41,14,-16.350139,-68.1315,5233.0,lev20,Almucantar,1.078188826455686,0.027618564352253017,0.8171265703527117,Unclassified,Maritime,,Unknown
03:08:2024,13:40:42,Mount_Chacaltaya,216,216.569931,0.032846,0.020275,0.014499,0.012789,1.190875,54.642251,55.226469,3.126466,0.05599,0.032846,4,10,8,4,4,10,8,4,4,10,8,4,4,10,8,4,0.06859,0.12614,0.17847,0.20352,1,1,04:12:2024,14:53:16,14,-16.350139,-68.1315,5233.0,lev20,Almucantar,Mount_Chacaltaya,216,216.569931,1.47015,1.4826,1.48925,1.48655,0.011893,0.011836,0.0124395,0.012941000000000001,54.642251,55.226469,3.126466,0.05599,0.032846,4,10,8,4,4,10,8,4,4,10,8,4,4,10,8,4,0.06859,0.12614,0.17847,0.20352,1,1,04:12:2024,14:53:16,14,-16.350139,-68.1315,5233.0,lev20,Almucantar,Mount_Chacaltaya,216,216.569931,0.9114,0.8854500000000001,0.8596,0.84035,54.642251,55.226469,3.126466,0.05599,0.032846,4,10,8,4,4,10,8,4,4,10,8,4,4,10,8,4,0.06859,0.12614,0.17847,0.20352,1,1,04:12:2024,14:53:16,14,-16.350139,-68.1315,5233.0,lev20,Almucantar,Mount_Chacaltaya,216,216.569931,0.032,0.0209,0.0151,0.0125,0.0274,0.016,0.0101,0.0075,0.0046,0.0048,0.005,0.005,1.089519,54.642251,55.226469,3.126466,0.05599,0.032846,4,10,8,4,4,10,8,4,4,10,8,4,4,10,8,4,0.06859,0.12614,0.17847,0.20352,1,1,04:12:2024,14:53:16,14,-16.350139,-68.1315,5233.0,lev20,Almucantar,Mount_Chacaltaya,216,216.569931,0.036778,0.023216,0.018213,0.0159,1.0336025,54.642251,55.226469,3.126466,0.05599,0.032846,4,10,8,4,4,10,8,4,4,10,8,4,4,10,8,4,0.06859,0.12614,0.17847,0.20352,1,1,04:12:2024,14:53:16,14,-16.350139,-68.1315,5233.0,lev20,Almucantar,1.10168812463599,0.027796313263325233,0.8154622299237223,Unclassified,Maritime,,Unknown
03:08:2024,20:01:55,Mount_Chacaltaya,216,216.834664,0.045654,0.028846,0.022519,0.019274,1.039615,60.856022,60.241952,3.659063,0.090561,0.045654,3,10,8,5,3,10,8,4,3,10,8,4,3,9,8,4,0.07252,0.13222,0.18752,0.21167,1,1,04:12:2024,14:43:19,14,-16.350139,-68.1315,5233.0,lev20,Almucantar,Mount_Chacaltaya,216,216.834664,1.47015,1.4826,1.48925,1.48655,0.011893,0.011836,0.0124395,0.012941000000000001,60.856022,60.241952,3.659063,0.090561,0.045654,3,10,8,5,3,10,8,4,3,10,8,4,3,9,8,4,0.07252,0.13222,0.18752,0.21167,1,1,04:12:2024,14:43:19,14,-16.350139,-68.1315,5233.0,lev20,Almucantar,Mount_Chacaltaya,216,216.834664,0.9114,0.8854500000000001,0.8596,0.84035,60.856022,60.241952,3.659063,0.090561,0.045654,3,10,8,5,3,10,8,4,3,10,8,4,3,9,8,4,0.07252,0.13222,0.18752,0.21167,1,1,04:12:2024,14:43:19,14,-16.350139,-68.1315,5233.0,lev20,Almucantar,Mount_Chacaltaya,216,216.834664,0.0463,0.0304,0.0231,0.0201,0.0358,0.0195,0.0118,0.0085,0.0105,0.0109,0.0114,0.0116,1.015163,60.856022,60.241952,3.659063,0.090561,0.045654,3,10,8,5,3,10,8,4,3,10,8,4,3,9,8,4,0.07252,0.13222,0.18752,0.21167,1,1,04:12:2024,14:43:19,14,-16.350139,-68.1315,5233.0,lev20,Almucantar,Mount_Chacaltaya,216,216.834664,0.036778,0.023216,0.018213,0.0159,1.0336025,60.856022,60.241952,3.659063,0.090561,0.045654,3,10,8,5,3,10,8,4,3,10,8,4,3,9,8,4,0.07252,0.13222,0.18752,0.21167,1,1,04:12:2024,14:43:19,14,-16.350139,-68.1315,5233.0,lev20,Almucantar,1.019936174729624,0.04064029577417554,0.7134955272716532,Unclassified,Maritime,,Unknown
05:08:2024,13:18:08,Mount_Chacaltaya,218,218.554259,0.052508,0.027639,0.018307,0.01444,1.539434,58.796033,59.408231,3.946823,0.174328,0.052508,4,10,7,5,4,10,7,5,4,10,7,5,3,10,5,5,0.06956,0.12897,0.18241,0.20918,1,1,04:12:2024,14:47:03,14,-16.350139,-68.1315,5233.0,lev20,Almucantar,Mount_Chacaltaya,218,218.554259,1.47015,1.4826,1.48925,1.48655,0.011893,0.011836,0.0124395,0.012941000000000001,58.796033,59.408231,3.946823,0.174328,0.052508,4,10,7,5,4,10,7,5,4,10,7,5,3,10,5,5,0.06956,0.12897,0.18241,0.20918,1,1,04:12:2024,14:47:03,14,-16.350139,-68.1315,5233.0,lev20,Almucantar,Mount_Chacaltaya,218,218.554259,0.9114,0.8854500000000001,0.8596,0.84035,58.796033,59.408231,3.946823,0.174328,0.052508,4,10,7,5,4,10,7,5,4,10,7,5,3,10,5,5,0.06956,0.12897,0.18241,0.20918,1,1,04:12:2024,14:47:03,14,-16.350139,-68.1315,5233.0,lev20,Almucantar,Mount_Chacaltaya,218,218.554259,0.0549,0.03,0.0193,0.0146,0.0522,0.0272,0.0164,0.0116,0.0028,0.0029,0.003,0.003,1.519354,58.796033,59.408231,3.946823,0.174328,0.052508,4,10,7,5,4,10,7,5,4,10,7,5,3,10,5,5,0.06956,0.12897,0.18241,0.20918,1,1,04:12:2024,14:47:03,14,-16.350139,-68.1315,5233.0,lev20,Almucantar,Mount_Chacaltaya,218,218.554259,0.036778,0.023216,0.018213,0.0159,1.0336025,58.796033,59.408231,3.946823,0.174328,0.052508,4,10,7,5,4,10,7,5,4,10,7,5,3,10,5,5,0.06956,0.12897,0.18241,0.20918,1,1,04:12:2024,14:47:03,14,-16.350139,-68.1315,5233.0,lev20,Almucantar,1.5334896676727072,0.045127065755537606,0.9340096477992383,BCL,Maritime,,Unknown
08:08:2024,13:15:34,Mount_Chacaltaya,221,221.552477,0.034,0.01962,0.013311,0.010688,1.364835,58.807628,59.427344,2.84553,0.07616,0.034,4,10,7,5,4,10,7,5,4,10,7,5,3,10,8,5,0.06961,0.12903,0.1825,0.20923,1,1,04:12:2024,14:56:31,14,-16.350139,-68.1315,5233.0,lev20,Almucantar,Mount_Chacaltaya,221,221.552477,1.47015,1.4826,1.48925,1.48655,0.011893,0.011836,0.0124395,0.012941000000000001,58.807628,59.427344,2.84553,0.07616,0.034,4,10,7,5,4,10,7,5,4,10,7,5,3,10,8,5,0.06961,0.12903,0.1825,0.20923,1,1,04:12:2024,14:56:31,14,-16.350139,-68.1315,5233.0,lev20,Almucantar,Mount_Chacaltaya,221,221.552477,0.9114,0.8854500000000001,0.8596,0.84035,58.807628,59.427344,2.84553,0.07616,0.034,4,10,7,5,4,10,7,5,4,10,7,5,3,10,8,5,0.06961,0.12903,0.1825,0.20923,1,1,04:12:2024,14:56:31,14,-16.350139,-68.1315,5233.0,lev20,Almucantar,Mount_Chacaltaya,221,221.552477,0.0327,0.0205,0.0138,0.0109,0.0304,0.0181,0.0113,0.0084,0.0023,0.0024,0.0024,0.0025,1.245992,58.807628,59.427344,2.84553,0.07616,0.034,4,10,7,5,4,10,7,5,4,10,7,5,3,10,8,5,0.06961,0.12903,0.1825,0.20923,1,1,04:12:2024,14:56:31,14,-16.350139,-68.1315,5233.0,lev20,Almucantar,Mount_Chacaltaya,221,221.552477,0.036778,0.023216,0.018213,0.0159,1.0336025,58.807628,59.427344,2.84553,0.07616,0.034,4,10,7,5,4,10,7,5,4,10,7,5,3,10,8,5,0.06961,0.12903,0.1825,0.20923,1,1,04:12:2024,14:56:31,14,-16.350139,-68.1315,5233.0,lev20,Almucantar,1.265487888411489,0.02781578024937998,0.9098731464712397,BCL,Maritime,,Unknown
08:08:2024,13:40:29,Mount_Chacaltaya,221,221.56978,0.035087,0.019626,0.013099,0.010583,1.434828,53.775929,54.369807,3.262037,0.082158,0.035087,4,10,8,4,4,10,8,4,4,10,8,4,4,10,8,4,0.06725,0.12492,0.17579,0.20147,1,1,04:12:2024,14:57:46,14,-16.350139,-68.1315,5233.0,lev20,Almucantar,Mount_Chacaltaya,221,221.56978,1.47015,1.4826,1.48925,1.48655,0.011893,0.011836,0.0124395,0.012941000000000001,53.775929,54.369807,3.262037,0.082158,0.035087,4,10,8,4,4,10,8,4,4,10,8,4,4,10,8,4,0.06725,0.12492,0.17579,0.20147,1,1,04:12:2024,14:57:46,14,-16.350139,-68.1315,5233.0,lev20,Almucantar,Mount_Chacaltaya,221,221.56978,0.9114,0.8854500000000001,0.8596,0.84035,53.775929,54.369807,3.262037,0.082158,0.035087,4,10,8,4,4,10,8,4,4,10,8,4,4,10,8,4,0.06725,0.12492,0.17579,0.20147,1,1,04:12:2024,14:57:46,14,-16.350139,-68.1315,5233.0,lev20,Almucantar,Mount_Chacaltaya,221,221.56978,0.0336,0.0202,0.0139,0.0108,0.0314,0.018,0.0116,0.0085,0.0021,0.0022,0.0023,0.0023,1.282449,53.775929,54.369807,3.262037,0.082158,0.035087,4,10,8,4,4,10,8,4,4,10,8,4,4,10,8,4,0.06725,0.12492,0.17579,0.20147,1,1,04:12:2024,14:57:46,14,-16.350139,-68.1315,5233.0,lev20,Almucantar,Mount_Chacaltaya,221,221.56978,0.036778,0.023216,0.018213,0.0159,1.0336025,53.775929,54.369807,3.262037,0.082158,0.035087,4,10,8,4,4,10,8,4,4,10,8,4,4,10,8,4,0.06725,0.12492,0.17579,0.20147,1,1,04:12:2024,14:57:46,14,-16.350139,-68.1315,5233.0,lev20,Almucantar,1.2947239169756444,0.028474733308796338,0.9167164867111139,BCL,Maritime,,Unknown
08:08:2024,19:40:17,Mount_Chacaltaya,221,221.819641,0.039269,0.023139,0.016783,0.014221,1.244742,55.844981,55.242626,4.43803,0.190119,0.039269,4,10,8,4,4,10,8,4,4,10,8,4,4,10,8,3,0.06868,0.12693,0.17832,0.20269,1,1,04:12:2024,14:44:57,14,-16.350139,-68.1315,5233.0,lev20,Almucantar,Mount_Chacaltaya,221,221.819641,1.47015,1.4826,1.48925,1.48655,0.011893,0.011836,0.0124395,0.012941000000000001,55.844981,55.242626,4.43803,0.190119,0.039269,4,10,8,4,4,10,8,4,4,10,8,4,4,10,8,3,0.06868,0.12693,0.17832,0.20269,1,1,04:12:2024,14:44:57,14,-16.350139,-68.1315,5233.0,lev20,Almucantar,Mount_Chacaltaya,221,221.819641,0.9114,0.8854500000000001,0.8596,0.84035,55.844981,55.242626,4.43803,0.190119,0.039269,4,10,8,4,4,10,8,4,4,10,8,4,4,10,8,3,0.06868,0.12693,0.17832,0.20269,1,1,04:12:2024,14:44:57,14,-16.350139,-68.1315,5233.0,lev20,Almucantar,Mount_Chacaltaya,221,221.819641,0.0414,0.0254,0.0184,0.0152,0.0366,0.0205,0.0133,0.01,0.0048,0.005,0.0051,0.0052,1.183447,55.844981,55.242626,4.43803,0.190119,0.039269,4,10,8,4,4,10,8,4,4,10,8,4,4,10,8,3,0.06868,0.12693,0.17832,0.20269,1,1,04:12:2024,14:44:57,14,-16.350139,-68.1315,5233.0,lev20,Almucantar,Mount_Chacaltaya,221,221.819641,0.036778,0.023216,0.018213,0.0159,1.0336025,55.844981,55.242626,4.43803,0.190119,0.039269,4,10,8,4,4,10,8,4,4,10,8,4,4,10,8,3,0.06868,0.12693,0.17832,0.20269,1,1,04:12:2024,14:44:57,14,-16.350139,-68.1315,5233.0,lev20,Almucantar,1.18953825423992,0.035559885660776495,0.8503808116336348,Unclassified,Maritime,,Unknown
08:08:2024,20:04:46,Mount_Chacaltaya,221,221.836644,0.038861,0.022735,0.016442,0.013702,1.259703,60.872627,60.246791,4.178349,0.108039,0.038861,3,10,8,5,3,10,8,4,3,10,8,4,3,10,8,4,0.07145,0.13158,0.18563,0.21069,1,1,04:12:2024,14:46:28,14,-16.350139,-68.1315,5233.0,lev20,Almucantar,Mount_Chacaltaya,221,221.836644,1.47015,1.4826,1.48925,1.48655,0.011893,0.011836,0.0124395,0.012941000000000001,60.872627,60.246791,4.178349,0.108039,0.038861,3,10,8,5,3,10,8,4,3,10,8,4,3,10,8,4,0.07145,0.13158,0.18563,0.21069,1,1,04:12:2024,14:46:28,14,-16.350139,-68.1315,5233.0,lev20,Almucantar,Mount_Chacaltaya,221,221.836644,0.9114,0.8854500000000001,0.8596,0.84035,60.872627,60.246791,4.178349,0.108039,0.038861,3,10,8,5,3,10,8,4,3,10,8,4,3,10,8,4,0.07145,0.13158,0.18563,0.21069,1,1,04:12:2024,14:46:28,14,-16.350139,-68.1315,5233.0,lev20,Almucantar,Mount_Chacaltaya,221,221.836644,0.0372,0.024,0.0171,0.0138,0.0334,0.0201,0.013,0.0097,0.0038,0.0039,0.004,0.0041,1.126873,60.872627,60.246791,4.178349,0.108039,0.038861,3,10,8,5,3,10,8,4,3,10,8,4,3,10,8,4,0.07145,0.13158,0.18563,0.21069,1,1,04:12:2024,14:46:28,14,-16.350139,-68.1315,5233.0,lev20,Almucantar,Mount_Chacaltaya,221,221.836644,0.036778,0.023216,0.018213,0.0159,1.0336025,60.872627,60.246791,4.178349,0.108039,0.038861,3,10,8,5,3,10,8,4,3,10,8,4,3,10,8,4,0.07145,0.13158,0.18563,0.21069,1,1,04:12:2024,14:46:28,14,-16.350139,-68.1315,5233.0,lev20,Almucantar,1.1401044788613977,0.03215491647061165,0.8719178906315809,Unclassified,Maritime,,Unknown
09:08:2024,13:14:42,Mount_Chacaltaya,222,222.551875,0.044087,0.024667,0.016679,0.013638,1.417372,58.808704,59.430917,2.575649,0.077131,0.044087,4,10,7,5,4,10,7,5,4,10,7,5,3,10,7,5,0.06961,0.12902,0.1825,0.20924,1,1,04:12:2024,14:43:29,14,-16.350139,-68.1315,5233.0,lev20,Almucantar,Mount_Chacaltaya,222,222.551875,1.47015,1.4826,1.48925,1.48655,0.011893,0.011836,0.0124395,0.012941000000000001,58.808704,59.430917,2.575649,0.077131,0.044087,4,10,7,5,4,10,7,5,4,10,7,5,3,10,7,5,0.06961,0.12902,0.1825,0.20924,1,1,04:12:2024,14:43:29,14,-16.350139,-68.1315,5233.0,lev20,Almucantar,Mount_Chacaltaya,222,222.551875,0.9114,0.8854500000000001,0.8596,0.84035,58.808704,59.430917,2.575649,0.077131,0.044087,4,10,7,5,4,10,7,5,4,10,7,5,3,10,7,5,0.06961,0.12902,0.1825,0.20924,1,1,04:12:2024,14:43:29,14,-16.350139,-68.1315,5233.0,lev20,Almucantar,Mount_Chacaltaya,222,222.551875,0.0447,0.0258,0.0172,0.0134,0.0417,0.0227,0.014,0.0101,0.003,0.0031,0.0032,0.0033,1.387437,58.808704,59.430917,2.575649,0.077131,0.044087,4,10,7,5,4,10,7,5,4,10,7,5,3,10,7,5,0.06961,0.12902,0.1825,0.20924,1,1,04:12:2024,14:43:29,14,-16.350139,-68.1315,5233.0,lev20,Almucantar,Mount_Chacaltaya,222,222.551875,0.036778,0.023216,0.018213,0.0159,1.0336025,58.808704,59.430917,2.575649,0.077131,0.044087,4,10,7,5,4,10,7,5,4,10,7,5,3,10,7,5,0.06961,0.12902,0.1825,0.20924,1,1,04:12:2024,14:43:29,14,-16.350139,-68.1315,5233.0,lev20,Almucantar,1.400965558634542,0.037370564567527804,0.9118854823293837,BCL,Maritime,,Unknown
09:08:2024,13:40:11,Mount_Chacaltaya,222,222.569572,0.044081,0.024686,0.016595,0.013895,1.423534,53.641919,54.238075,4.200835,0.088337,0.044081,3,10,8,4,4,10,8,4,4,10,8,4,4,10,8,4,0.06721,0.12486,0.17563,0.2013,1,1,04:12:2024,14:45:03,14,-16.350139,-68.1315,5233.0,lev20,Almucantar,Mount_Chacaltaya,222,222.569572,1.47015,1.4826,1.48925,1.48655,0.011893,0.011836,0.0124395,0.012941000000000001,53.641919,54.238075,4.200835,0.088337,0.044081,3,10,8,4,4,10,8,4,4,10,8,4,4,10,8,4,0.06721,0.12486,0.17563,0.2013,1,1,04:12:2024,14:45:03,14,-16.350139,-68.1315,5233.0,lev20,Almucantar,Mount_Chacaltaya,222,222.569572,0.9114,0.8854500000000001,0.8596,0.84035,53.641919,54.238075,4.200835,0.088337,0.044081,3,10,8,4,4,10,8,4,4,10,8,4,4,10,8,4,0.06721,0.12486,0.17563,0.2013,1,1,04:12:2024,14:45:03,14,-16.350139,-68.1315,5233.0,lev20,Almucantar,Mount_Chacaltaya,222,222.569572,0.0432,0.0258,0.0177,0.0137,0.0401,0.0225,0.0143,0.0103,0.0032,0.0033,0.0034,0.0034,1.296717,53.641919,54.238075,4.200835,0.088337,0.044081,3,10,8,4,4,10,8,4,4,10,8,4,4,10,8,4,0.06721,0.12486,0.17563,0.2013,1,1,04:12:2024,14:45:03,14,-16.350139,-68.1315,5233.0,lev20,Almucantar,Mount_Chacaltaya,222,222.569572,0.036778,0.023216,0.018213,0.0159,1.0336025,53.641919,54.238075,4.200835,0.088337,0.044081,3,10,8,4,4,10,8,4,4,10,8,4,4,10,8,4,0.06721,0.12486,0.17563,0.2013,1,1,04:12:2024,14:45:03,14,-16.350139,-68.1315,5233.0,lev20,Almucantar,1.3088626400021979,0.03654426155006085,0.9048829681373948,BCL,Maritime,,Unknown
09:08:2024,19:40:16,Mount_Chacaltaya,222,222.81963,0.039201,0.02267,0.015853,0.012398,1.321827,55.713128,55.108615,3.685474,0.112908,0.039201,4,10,8,4,4,10,8,4,4,10,8,4,4,10,8,4,0.06863,0.12683,0.17814,0.2025,1,1,04:12:2024,14:47:59,14,-16.350139,-68.1315,5233.0,lev20,Almucantar,Mount_Chacaltaya,222,222.81963,1.47015,1.4826,1.48925,1.48655,0.011893,0.011836,0.0124395,0.012941000000000001,55.713128,55.108615,3.685474,0.112908,0.039201,4,10,8,4,4,10,8,4,4,10,8,4,4,10,8,4,0.06863,0.12683,0.17814,0.2025,1,1,04:12:2024,14:47:59,14,-16.350139,-68.1315,5233.0,lev20,Almucantar,Mount_Chacaltaya,222,222.81963,0.9114,0.8854500000000001,0.8596,0.84035,55.713128,55.108615,3.685474,0.112908,0.039201,4,10,8,4,4,10,8,4,4,10,8,4,4,10,8,4,0.06863,0.12683,0.17814,0.2025,1,1,04:12:2024,14:47:59,14,-16.350139,-68.1315,5233.0,lev20,Almucantar,Mount_Chacaltaya,222,222.81963,0.0382,0.0239,0.0168,0.0135,0.0345,0.02,0.0128,0.0095,0.0037,0.0039,0.004,0.0041,1.192417,55.713128,55.108615,3.685474,0.112908,0.039201,4,10,8,4,4,10,8,4,4,10,8,4,4,10,8,4,0.06863,0.12683,0.17814,0.2025,1,1,04:12:2024,14:47:59,14,-16.350139,-68.1315,5233.0,lev20,Almucantar,Mount_Chacaltaya,222,222.81963,0.036778,0.023216,0.018213,0.0159,1.0336025,55.713128,55.108615,3.685474,0.112908,0.039201,4,10,8,4,4,10,8,4,4,10,8,4,4,10,8,4,0.06863,0.12683,0.17814,0.2025,1,1,04:12:2024,14:47:59,14,-16.350139,-68.1315,5233.0,lev20,Almucantar,1.204979251106917,0.032746593956486,0.87426700616843,BCL,Maritime,,Unknown
09:08:2024,20:05:23,Mount_Chacaltaya,222,222.837072,0.038011,0.021753,0.015537,0.012824,1.310341,60.890004,60.261749,3.973122,0.095297,0.038011,3,10,8,5,3,10,8,5,3,10,8,4,3,10,8,4,0.07145,0.1316,0.18568,0.21071,1,1,04:12:2024,14:49:22,14,-16.350139,-68.1315,5233.0,lev20,Almucantar,Mount_Chacaltaya,222,222.837072,1.47015,1.4826,1.48925,1.48655,0.011893,0.011836,0.0124395,0.012941000000000001,60.890004,60.261749,3.973122,0.095297,0.038011,3,10,8,5,3,10,8,5,3,10,8,4,3,10,8,4,0.07145,0.1316,0.18568,0.21071,1,1,04:12:2024,14:49:22,14,-16.350139,-68.1315,5233.0,lev20,Almucantar,Mount_Chacaltaya,222,222.837072,0.9114,0.8854500000000001,0.8596,0.84035,60.890004,60.261749,3.973122,0.095297,0.038011,3,10,8,5,3,10,8,5,3,10,8,4,3,10,8,4,0.07145,0.1316,0.18568,0.21071,1,1,04:12:2024,14:49:22,14,-16.350139,-68.1315,5233.0,lev20,Almucantar,Mount_Chacaltaya,222,222.837072,0.0373,0.0232,0.0163,0.013,0.0342,0.02,0.013,0.0097,0.0031,0.0032,0.0033,0.0033,1.20222,60.890004,60.261749,3.973122,0.095297,0.038011,3,10,8,5,3,10,8,5,3,10,8,4,3,10,8,4,0.07145,0.1316,0.18568,0.21071,1,1,04:12:2024,14:49:22,14,-16.350139,-68.1315,5233.0,lev20,Almucantar,Mount_Chacaltaya,222,222.837072,0.036778,0.023216,0.018213,0.0159,1.0336025,60.890004,60.261749,3.973122,0.095297,0.038011,3,10,8,5,3,10,8,5,3,10,8,4,3,10,8,4,0.07145,0.1316,0.18568,0.21071,1,1,04:12:2024,14:49:22,14,-16.350139,-68.1315,5233.0,lev20,Almucantar,1.2143256158841629,0.031936897060712705,0.8933589454203895,BCL,Maritime,,Unknown
10:08:2024,13:14:07,Mount_Chacaltaya,223,223.55147,0.043667,0.024865,0.017052,0.013996,1.37142,58.748524,59.372977,4.135332,0.167813,0.043667,4,10,7,5,4,10,7,5,4,10,7,5,3,11,7,5,0.06955,0.12893,0.18234,0.20912,1,1,04:12:2024,14:54:44,14,-16.350139,-68.1315,5233.0,lev20,Almucantar,Mount_Chacaltaya,223,223.55147,1.47015,1.4826,1.48925,1.48655,0.011893,0.011836,0.0124395,0.012941000000000001,58.748524,59.372977,4.135332,0.167813,0.043667,4,10,7,5,4,10,7,5,4,10,7,5,3,11,7,5,0.06955,0.12893,0.18234,0.20912,1,1,04:12:2024,14:54:44,14,-16.350139,-68.1315,5233.0,lev20,Almucantar,Mount_Chacaltaya,223,223.55147,0.9114,0.8854500000000001,0.8596,0.84035,58.748524,59.372977,4.135332,0.167813,0.043667,4,10,7,5,4,10,7,5,4,10,7,5,3,11,7,5,0.06955,0.12893,0.18234,0.20912,1,1,04:12:2024,14:54:44,14,-16.350139,-68.1315,5233.0,lev20,Almucantar,Mount_Chacaltaya,223,223.55147,0.0456,0.0271,0.0187,0.0146,0.0419,0.0233,0.0148,0.0106,0.0037,0.0038,0.0039,0.004,1.296758,58.748524,59.372977,4.135332,0.167813,0.043667,4,10,7,5,4,10,7,5,4,10,7,5,3,11,7,5,0.06955,0.12893,0.18234,0.20912,1,1,04:12:2024,14:54:44,14,-16.350139,-68.1315,5233.0,lev20,Almucantar,Mount_Chacaltaya,223,223.55147,0.036778,0.023216,0.018213,0.0159,1.0336025,58.748524,59.372977,4.135332,0.167813,0.043667,4,10,7,5,4,10,7,5,4,10,7,5,3,11,7,5,0.06955,0.12893,0.18234,0.20912,1,1,04:12:2024,14:54:44,14,-16.350139,-68.1315,5233.0,lev20,Almucantar,1.3075546763332553,0.03858094855240945,0.8955325375261166,BCL,Maritime,,Unknown
10:08:2024,13:40:00,Mount_Chacaltaya,223,223.569444,0.043489,0.024561,0.01683,0.01441,1.385272,53.481412,54.079717,3.324701,0.142545,0.043489,3,10,8,4,4,10,8,4,4,10,8,4,4,10,8,4,0.06714,0.12473,0.17544,0.20107,1,1,04:12:2024,14:56:14,14,-16.350139,-68.1315,5233.0,lev20,Almucantar,Mount_Chacaltaya,223,223.569444,1.47015,1.4826,1.48925,1.48655,0.011893,0.011836,0.0124395,0.012941000000000001,53.481412,54.079717,3.324701,0.142545,0.043489,3,10,8,4,4,10,8,4,4,10,8,4,4,10,8,4,0.06714,0.12473,0.17544,0.20107,1,1,04:12:2024,14:56:14,14,-16.350139,-68.1315,5233.0,lev20,Almucantar,Mount_Chacaltaya,223,223.569444,0.9114,0.8854500000000001,0.8596,0.84035,53.481412,54.079717,3.324701,0.142545,0.043489,3,10,8,4,4,10,8,4,4,10,8,4,4,10,8,4,0.06714,0.12473,0.17544,0.20107,1,1,04:12:2024,14:56:14,14,-16.350139,-68.1315,5233.0,lev20,Almucantar,Mount_Chacaltaya,223,223.569444,0.0446,0.0268,0.0183,0.0145,0.0408,0.0229,0.0143,0.0103,0.0038,0.0039,0.004,0.0041,1.293312,53.481412,54.079717,3.324701,0.142545,0.043489,3,10,8,4,4,10,8,4,4,10,8,4,4,10,8,4,0.06714,0.12473,0.17544,0.20107,1,1,04:12:2024,14:56:14,14,-16.350139,-68.1315,5233.0,lev20,Almucantar,Mount_Chacaltaya,223,223.569444,0.036778,0.023216,0.018213,0.0159,1.0336025,53.481412,54.079717,3.324701,0.142545,0.043489,3,10,8,4,4,10,8,4,4,10,8,4,4,10,8,4,0.06714,0.12473,0.17544,0.20107,1,1,04:12:2024,14:56:14,14,-16.350139,-68.1315,5233.0,lev20,Almucantar,1.3067458476253617,0.03773877692971351,0.891712650767536,BCL,Maritime,,Unknown
10:08:2024,19:39:54,Mount_Chacaltaya,223,223.819375,0.034159,0.019995,0.014619,0.012225,1.244531,55.51092,54.904596,3.756087,0.13114,0.034159,4,10,8,4,4,10,8,4,4,10,8,4,4,10,8,4,0.06846,0.12657,0.17777,0.2022,1,1,04:12:2024,14:44:57,14,-16.350139,-68.1315,5233.0,lev20,Almucantar,Mount_Chacaltaya,223,223.819375,1.47015,1.4826,1.48925,1.48655,0.011893,0.011836,0.0124395,0.012941000000000001,55.51092,54.904596,3.756087,0.13114,0.034159,4,10,8,4,4,10,8,4,4,10,8,4,4,10,8,4,0.06846,0.12657,0.17777,0.2022,1,1,04:12:2024,14:44:57,14,-16.350139,-68.1315,5233.0,lev20,Almucantar,Mount_Chacaltaya,223,223.819375,0.9114,0.8854500000000001,0.8596,0.84035,55.51092,54.904596,3.756087,0.13114,0.034159,4,10,8,4,4,10,8,4,4,10,8,4,4,10,8,4,0.06846,0.12657,0.17777,0.2022,1,1,04:12:2024,14:44:57,14,-16.350139,-68.1315,5233.0,lev20,Almucantar,Mount_Chacaltaya,223,223.819375,0.033,0.0217,0.0157,0.0129,0.0292,0.0178,0.0117,0.0088,0.0038,0.0039,0.004,0.0041,1.077103,55.51092,54.904596,3.756087,0.13114,0.034159,4,10,8,4,4,10,8,4,4,10,8,4,4,10,8,4,0.06846,0.12657,0.17777,0.2022,1,1,04:12:2024,14:44:57,14,-16.350139,-68.1315,5233.0,lev20,Almucantar,Mount_Chacaltaya,223,223.819375,0.036778,0.023216,0.018213,0.0159,1.0336025,55.51092,54.904596,3.756087,0.13114,0.034159,4,10,8,4,4,10,8,4,4,10,8,4,4,10,8,4,0.06846,0.12657,0.17777,0.2022,1,1,04:12:2024,14:44:57,14,-16.350139,-68.1315,5233.0,lev20,Almucantar,1.0896680458936636,0.02870902752839181,0.8578792904300585,Unclassified,Maritime,,Unknown
10:08:2024,20:05:58,Mount_Chacaltaya,223,223.837477,0.034381,0.020625,0.015464,0.013342,1.173296,60.902045,60.271395,3.725215,0.108768,0.034381,3,10,8,5,3,10,8,5,3,10,8,4,3,10,8,4,0.07149,0.13163,0.18569,0.21073,1,1,04:12:2024,14:46:17,14,-16.350139,-68.1315,5233.0,lev20,Almucantar,Mount_Chacaltaya,223,223.837477,1.47015,1.4826,1.48925,1.48655,0.011893,0.011836,0.0124395,0.012941000000000001,60.902045,60.271395,3.725215,0.108768,0.034381,3,10,8,5,3,10,8,5,3,10,8,4,3,10,8,4,0.07149,0.13163,0.18569,0.21073,1,1,04:12:2024,14:46:17,14,-16.350139,-68.1315,5233.0,lev20,Almucantar,Mount_Chacaltaya,223,223.837477,0.9114,0.8854500000000001,0.8596,0.84035,60.902045,60.271395,3.725215,0.108768,0.034381,3,10,8,5,3,10,8,5,3,10,8,4,3,10,8,4,0.07149,0.13163,0.18569,0.21073,1,1,04:12:2024,14:46:17,14,-16.350139,-68.1315,5233.0,lev20,Almucantar,Mount_Chacaltaya,223,223.837477,0.0332,0.022,0.0163,0.0135,0.0289,0.0176,0.0117,0.0089,0.0043,0.0044,0.0045,0.0046,1.033967,60.902045,60.271395,3.725215,0.108768,0.034381,3,10,8,5,3,10,8,5,3,10,8,4,3,10,8,4,0.07149,0.13163,0.18569,0.21073,1,1,04:12:2024,14:46:17,14,-16.350139,-68.1315,5233.0,lev20,Almucantar,Mount_Chacaltaya,223,223.837477,0.036778,0.023216,0.018213,0.0159,1.0336025,60.902045,60.271395,3.725215,0.108768,0.034381,3,10,8,5,3,10,8,5,3,10,8,4,3,10,8,4,0.07149,0.13163,0.18569,0.21073,1,1,04:12:2024,14:46:17,14,-16.350139,-68.1315,5233.0,lev20,Almucantar,1.0435169120944081,0.029053925138721508,0.8391429170642803,Unclassified,Maritime,,Unknown
11:08:2024,13:13:15,Mount_Chacaltaya,224,224.550868,0.034116,0.019365,0.012886,0.010404,1.41591,58.744664,59.371596,4.967031,0.051223,0.034116,4,10,7,5,4,10,7,5,4,10,7,4,3,11,4,4,0.06957,0.12895,0.18235,0.20914,1,1,04:12:2024,14:50:20,14,-16.350139,-68.1315,5233.0,lev20,Almucantar,Mount_Chacaltaya,224,224.550868,1.47015,1.4826,1.48925,1.48655,0.011893,0.011836,0.0124395,0.012941000000000001,58.744664,59.371596,4.967031,0.051223,0.034116,4,10,7,5,4,10,7,5,4,10,7,4,3,11,4,4,0.06957,0.12895,0.18235,0.20914,1,1,04:12:2024,14:50:20,14,-16.350139,-68.1315,5233.0,lev20,Almucantar,Mount_Chacaltaya,224,224.550868,0.9114,0.8854500000000001,0.8596,0.84035,58.744664,59.371596,4.967031,0.051223,0.034116,4,10,7,5,4,10,7,5,4,10,7,4,3,11,4,4,0.06957,0.12895,0.18235,0.20914,1,1,04:12:2024,14:50:20,14,-16.350139,-68.1315,5233.0,lev20,Almucantar,Mount_Chacaltaya,224,224.550868,0.0344,0.0201,0.0135,0.0105,0.0327,0.0183,0.0116,0.0086,0.0017,0.0018,0.0019,0.0019,1.358594,58.744664,59.371596,4.967031,0.051223,0.034116,4,10,7,5,4,10,7,5,4,10,7,4,3,11,4,4,0.06957,0.12895,0.18235,0.20914,1,1,04:12:2024,14:50:20,14,-16.350139,-68.1315,5233.0,lev20,Almucantar,Mount_Chacaltaya,224,224.550868,0.036778,0.023216,0.018213,0.0159,1.0336025,58.744664,59.371596,4.967031,0.051223,0.034116,4,10,7,5,4,10,7,5,4,10,7,4,3,11,4,4,0.06957,0.12895,0.18235,0.20914,1,1,04:12:2024,14:50:20,14,-16.350139,-68.1315,5233.0,lev20,Almucantar,1.3720720500878796,0.02886587115160738,0.9334708809079811,BCL,Maritime,,Unknown
12:08:2024,19:39:36,Mount_Chacaltaya,225,225.819167,0.034935,0.019588,0.013501,0.011315,1.38893,55.195566,54.585067,3.838783,0.074132,0.034935,4,10,8,4,4,9,8,4,4,10,8,3,4,10,6,3,0.07107,0.12987,0.18051,0.20479,1,1,04:12:2024,14:43:23,14,-16.350139,-68.1315,5233.0,lev20,Almucantar,Mount_Chacaltaya,225,225.819167,1.47015,1.4826,1.48925,1.48655,0.011893,0.011836,0.0124395,0.012941000000000001,55.195566,54.585067,3.838783,0.074132,0.034935,4,10,8,4,4,9,8,4,4,10,8,3,4,10,6,3,0.07107,0.12987,0.18051,0.20479,1,1,04:12:2024,14:43:23,14,-16.350139,-68.1315,5233.0,lev20,Almucantar,Mount_Chacaltaya,225,225.819167,0.9114,0.8854500000000001,0.8596,0.84035,55.195566,54.585067,3.838783,0.074132,0.034935,4,10,8,4,4,9,8,4,4,10,8,3,4,10,6,3,0.07107,0.12987,0.18051,0.20479,1,1,04:12:2024,14:43:23,14,-16.350139,-68.1315,5233.0,lev20,Almucantar,Mount_Chacaltaya,225,225.819167,0.0345,0.0206,0.014,0.0107,0.0328,0.0187,0.0121,0.0088,0.0018,0.0019,0.0019,0.002,1.309384,55.195566,54.585067,3.838783,0.074132,0.034935,4,10,8,4,4,9,8,4,4,10,8,3,4,10,6,3,0.07107,0.12987,0.18051,0.20479,1,1,04:12:2024,14:43:23,14,-16.350139,-68.1315,5233.0,lev20,Almucantar,Mount_Chacaltaya,225,225.819167,0.036778,0.023216,0.018213,0.0159,1.0336025,55.195566,54.585067,3.838783,0.074132,0.034935,4,10,8,4,4,9,8,4,4,10,8,3,4,10,6,3,0.07107,0.12987,0.18051,0.20479,1,1,04:12:2024,14:43:23,14,-16.350139,-68.1315,5233.0,lev20,Almucantar,1.3229830415569506,0.029132020830232804,0.9327719849418873,BCL,Maritime,,Unknown
13:08:2024,13:11:22,Mount_Chacaltaya,226,226.54956,0.042292,0.02335,0.015622,0.01259,1.451951,58.761899,59.393872,3.750966,0.064737,0.042292,4,10,7,5,4,10,7,5,4,10,7,5,3,10,8,5,0.07243,0.1328,0.18591,0.21273,1,1,04:12:2024,14:54:21,14,-16.350139,-68.1315,5233.0,lev20,Almucantar,Mount_Chacaltaya,226,226.54956,1.47015,1.4826,1.48925,1.48655,0.011893,0.011836,0.0124395,0.012941000000000001,58.761899,59.393872,3.750966,0.064737,0.042292,4,10,7,5,4,10,7,5,4,10,7,5,3,10,8,5,0.07243,0.1328,0.18591,0.21273,1,1,04:12:2024,14:54:21,14,-16.350139,-68.1315,5233.0,lev20,Almucantar,Mount_Chacaltaya,226,226.54956,0.9114,0.8854500000000001,0.8596,0.84035,58.761899,59.393872,3.750966,0.064737,0.042292,4,10,7,5,4,10,7,5,4,10,7,5,3,10,8,5,0.07243,0.1328,0.18591,0.21273,1,1,04:12:2024,14:54:21,14,-16.350139,-68.1315,5233.0,lev20,Almucantar,Mount_Chacaltaya,226,226.54956,0.0418,0.0241,0.0164,0.0128,0.0384,0.0207,0.0128,0.0092,0.0033,0.0034,0.0036,0.0036,1.362211,58.761899,59.393872,3.750966,0.064737,0.042292,4,10,7,5,4,10,7,5,4,10,7,5,3,10,8,5,0.07243,0.1328,0.18591,0.21273,1,1,04:12:2024,14:54:21,14,-16.350139,-68.1315,5233.0,lev20,Almucantar,Mount_Chacaltaya,226,226.54956,0.036778,0.023216,0.018213,0.0159,1.0336025,58.761899,59.393872,3.750966,0.064737,0.042292,4,10,7,5,4,10,7,5,4,10,7,5,3,10,8,5,0.07243,0.1328,0.18591,0.21273,1,1,04:12:2024,14:54:21,14,-16.350139,-68.1315,5233.0,lev20,Almucantar,1.3724360210981197,0.03507375800864955,0.8938283187229662,BCL,Maritime,,Unknown
13:08:2024,13:39:35,Mount_Chacaltaya,226,226.569155,0.044726,0.024772,0.016897,0.014085,1.421661,52.953194,53.557853,3.541,0.129285,0.044726,3,10,8,4,3,10,8,4,3,10,8,4,4,10,8,4,0.06953,0.12763,0.17777,0.20331,1,1,04:12:2024,14:55:39,14,-16.350139,-68.1315,5233.0,lev20,Almucantar,Mount_Chacaltaya,226,226.569155,1.47015,1.4826,1.48925,1.48655,0.011893,0.011836,0.0124395,0.012941000000000001,52.953194,53.557853,3.541,0.129285,0.044726,3,10,8,4,3,10,8,4,3,10,8,4,4,10,8,4,0.06953,0.12763,0.17777,0.20331,1,1,04:12:2024,14:55:39,14,-16.350139,-68.1315,5233.0,lev20,Almucantar,Mount_Chacaltaya,226,226.569155,0.9114,0.8854500000000001,0.8596,0.84035,52.953194,53.557853,3.541,0.129285,0.044726,3,10,8,4,3,10,8,4,3,10,8,4,4,10,8,4,0.06953,0.12763,0.17777,0.20331,1,1,04:12:2024,14:55:39,14,-16.350139,-68.1315,5233.0,lev20,Almucantar,Mount_Chacaltaya,226,226.569155,0.0437,0.0265,0.0182,0.0147,0.0393,0.022,0.0135,0.0099,0.0044,0.0046,0.0047,0.0048,1.271522,52.953194,53.557853,3.541,0.129285,0.044726,3,10,8,4,3,10,8,4,3,10,8,4,4,10,8,4,0.06953,0.12763,0.17777,0.20331,1,1,04:12:2024,14:55:39,14,-16.350139,-68.1315,5233.0,lev20,Almucantar,Mount_Chacaltaya,226,226.569155,0.036778,0.023216,0.018213,0.0159,1.0336025,52.953194,53.557853,3.541,0.129285,0.044726,3,10,8,4,3,10,8,4,3,10,8,4,4,10,8,4,0.06953,0.12763,0.17777,0.20331,1,1,04:12:2024,14:55:39,14,-16.350139,-68.1315,5233.0,lev20,Almucantar,1.2848800899943158,0.03708073446989282,0.8703360284840953,BCL,Maritime,,Unknown
13:08:2024,19:39:41,Mount_Chacaltaya,226,226.819225,0.037635,0.021585,0.015499,0.012799,1.300002,55.086584,54.473715,4.023721,0.057666,0.037635,4,10,8,4,4,10,8,4,4,10,8,4,4,10,8,4,0.07105,0.12982,0.18041,0.20463,1,1,04:12:2024,14:43:30,14,-16.350139,-68.1315,5233.0,lev20,Almucantar,Mount_Chacaltaya,226,226.819225,1.47015,1.4826,1.48925,1.48655,0.011893,0.011836,0.0124395,0.012941000000000001,55.086584,54.473715,4.023721,0.057666,0.037635,4,10,8,4,4,10,8,4,4,10,8,4,4,10,8,4,0.07105,0.12982,0.18041,0.20463,1,1,04:12:2024,14:43:30,14,-16.350139,-68.1315,5233.0,lev20,Almucantar,Mount_Chacaltaya,226,226.819225,0.9114,0.8854500000000001,0.8596,0.84035,55.086584,54.473715,4.023721,0.057666,0.037635,4,10,8,4,4,10,8,4,4,10,8,4,4,10,8,4,0.07105,0.12982,0.18041,0.20463,1,1,04:12:2024,14:43:30,14,-16.350139,-68.1315,5233.0,lev20,Almucantar,Mount_Chacaltaya,226,226.819225,0.0373,0.0224,0.0157,0.0126,0.0342,0.0191,0.0123,0.0092,0.0032,0.0033,0.0034,0.0035,1.260035,55.086584,54.473715,4.023721,0.057666,0.037635,4,10,8,4,4,10,8,4,4,10,8,4,4,10,8,4,0.07105,0.12982,0.18041,0.20463,1,1,04:12:2024,14:43:30,14,-16.350139,-68.1315,5233.0,lev20,Almucantar,Mount_Chacaltaya,226,226.819225,0.036778,0.023216,0.018213,0.0159,1.0336025,55.086584,54.473715,4.023721,0.057666,0.037635,4,10,8,4,4,10,8,4,4,10,8,4,4,10,8,4,0.07105,0.12982,0.18041,0.20463,1,1,04:12:2024,14:43:30,14,-16.350139,-68.1315,5233.0,lev20,Almucantar,1.2693401069067445,0.03171308276268248,0.8884536459373812,BCL,Maritime,,Unknown
14:08:2024,13:10:40,Mount_Chacaltaya,227,227.549074,0.042673,0.024077,0.01592,0.012906,1.433553,58.716585,59.350858,2.5927,0.085773,0.042673,4,10,7,5,4,10,7,5,4,10,7,5,3,11,7,5,0.07243,0.13278,0.18585,0.21265,1,1,04:12:2024,14:48:10,14,-16.350139,-68.1315,5233.0,lev20,Almucantar,Mount_Chacaltaya,227,227.549074,1.47015,1.4826,1.48925,1.48655,0.011893,0.011836,0.0124395,0.012941000000000001,58.716585,59.350858,2.5927,0.085773,0.042673,4,10,7,5,4,10,7,5,4,10,7,5,3,11,7,5,0.07243,0.13278,0.18585,0.21265,1,1,04:12:2024,14:48:10,14,-16.350139,-68.1315,5233.0,lev20,Almucantar,Mount_Chacaltaya,227,227.549074,0.9114,0.8854500000000001,0.8596,0.84035,58.716585,59.350858,2.5927,0.085773,0.042673,4,10,7,5,4,10,7,5,4,10,7,5,3,11,7,5,0.07243,0.13278,0.18585,0.21265,1,1,04:12:2024,14:48:10,14,-16.350139,-68.1315,5233.0,lev20,Almucantar,Mount_Chacaltaya,227,227.549074,0.0414,0.0245,0.0166,0.0131,0.0382,0.0212,0.0132,0.0097,0.0032,0.0033,0.0034,0.0035,1.327287,58.716585,59.350858,2.5927,0.085773,0.042673,4,10,7,5,4,10,7,5,4,10,7,5,3,11,7,5,0.07243,0.13278,0.18585,0.21265,1,1,04:12:2024,14:48:10,14,-16.350139,-68.1315,5233.0,lev20,Almucantar,Mount_Chacaltaya,227,227.549074,0.036778,0.023216,0.018213,0.0159,1.0336025,58.716585,59.350858,2.5927,0.085773,0.042673,4,10,7,5,4,10,7,5,4,10,7,5,3,11,7,5,0.07243,0.13278,0.18585,0.21265,1,1,04:12:2024,14:48:10,14,-16.350139,-68.1315,5233.0,lev20,Almucantar,1.3405506905423636,0.034880005836769284,0.8981545237987737,BCL,Maritime,,Unknown
14:08:2024,13:39:29,Mount_Chacaltaya,227,227.569086,0.042697,0.023718,0.015728,0.012669,1.454105,52.762839,53.36959,2.851694,0.080962,0.042697,3,10,8,4,3,10,8,4,3,10,8,4,4,10,8,4,0.06948,0.12754,0.17756,0.20307,1,1,04:12:2024,14:49:38,14,-16.350139,-68.1315,5233.0,lev20,Almucantar,Mount_Chacaltaya,227,227.569086,1.47015,1.4826,1.48925,1.48655,0.011893,0.011836,0.0124395,0.012941000000000001,52.762839,53.36959,2.851694,0.080962,0.042697,3,10,8,4,3,10,8,4,3,10,8,4,4,10,8,4,0.06948,0.12754,0.17756,0.20307,1,1,04:12:2024,14:49:38,14,-16.350139,-68.1315,5233.0,lev20,Almucantar,Mount_Chacaltaya,227,227.569086,0.9114,0.8854500000000001,0.8596,0.84035,52.762839,53.36959,2.851694,0.080962,0.042697,3,10,8,4,3,10,8,4,3,10,8,4,4,10,8,4,0.06948,0.12754,0.17756,0.20307,1,1,04:12:2024,14:49:38,14,-16.350139,-68.1315,5233.0,lev20,Almucantar,Mount_Chacaltaya,227,227.569086,0.0421,0.0248,0.0166,0.013,0.0391,0.0217,0.0134,0.0098,0.003,0.0031,0.0032,0.0032,1.350399,52.762839,53.36959,2.851694,0.080962,0.042697,3,10,8,4,3,10,8,4,3,10,8,4,4,10,8,4,0.06948,0.12754,0.17756,0.20307,1,1,04:12:2024,14:49:38,14,-16.350139,-68.1315,5233.0,lev20,Almucantar,Mount_Chacaltaya,227,227.569086,0.036778,0.023216,0.018213,0.0159,1.0336025,52.762839,53.36959,2.851694,0.080962,0.042697,3,10,8,4,3,10,8,4,3,10,8,4,4,10,8,4,0.06948,0.12754,0.17756,0.20307,1,1,04:12:2024,14:49:38,14,-16.350139,-68.1315,5233.0,lev20,Almucantar,1.365145681337651,0.03535842042881232,0.9059995901011534,BCL,Maritime,,Unknown
14:08:2024,19:39:17,Mount_Chacaltaya,227,227.818947,0.06382,0.037146,0.02686,0.023026,1.267877,54.879331,54.264571,3.072322,0.132094,0.06382,4,10,8,4,4,10,8,4,4,10,8,3,4,10,8,4,0.07094,0.12962,0.18009,0.20433,1,1,04:12:2024,14:52:25,14,-16.350139,-68.1315,5233.0,lev20,Almucantar,Mount_Chacaltaya,227,227.818947,1.47015,1.4826,1.48925,1.48655,0.011893,0.011836,0.0124395,0.012941000000000001,54.879331,54.264571,3.072322,0.132094,0.06382,4,10,8,4,4,10,8,4,4,10,8,3,4,10,8,4,0.07094,0.12962,0.18009,0.20433,1,1,04:12:2024,14:52:25,14,-16.350139,-68.1315,5233.0,lev20,Almucantar,Mount_Chacaltaya,227,227.818947,0.9114,0.8854500000000001,0.8596,0.84035,54.879331,54.264571,3.072322,0.132094,0.06382,4,10,8,4,4,10,8,4,4,10,8,3,4,10,8,4,0.07094,0.12962,0.18009,0.20433,1,1,04:12:2024,14:52:25,14,-16.350139,-68.1315,5233.0,lev20,Almucantar,Mount_Chacaltaya,227,227.818947,0.0632,0.0387,0.0286,0.0241,0.0532,0.0282,0.0177,0.013,0.01,0.0105,0.0109,0.011,1.160287,54.879331,54.264571,3.072322,0.132094,0.06382,4,10,8,4,4,10,8,4,4,10,8,3,4,10,8,4,0.07094,0.12962,0.18009,0.20433,1,1,04:12:2024,14:52:25,14,-16.350139,-68.1315,5233.0,lev20,Almucantar,Mount_Chacaltaya,227,227.818947,0.036778,0.023216,0.018213,0.0159,1.0336025,54.879331,54.264571,3.072322,0.132094,0.06382,4,10,8,4,4,10,8,4,4,10,8,3,4,10,8,4,0.07094,0.12962,0.18009,0.20433,1,1,04:12:2024,14:52:25,14,-16.350139,-68.1315,5233.0,lev20,Almucantar,1.1630865248339048,0.05446852594899236,0.790582559522811,Unclassified,Maritime,,Unknown
14:08:2024,20:08:13,Mount_Chacaltaya,227,227.839039,0.06447,0.036272,0.025976,0.021738,1.333389,60.950159,60.309992,3.032503,0.172786,0.06447,3,10,8,4,3,10,8,4,3,10,8,4,3,10,8,4,0.07462,0.13587,0.18956,0.21447,1,1,04:12:2024,14:53:57,14,-16.350139,-68.1315,5233.0,lev20,Almucantar,Mount_Chacaltaya,227,227.839039,1.47015,1.4826,1.48925,1.48655,0.011893,0.011836,0.0124395,0.012941000000000001,60.950159,60.309992,3.032503,0.172786,0.06447,3,10,8,4,3,10,8,4,3,10,8,4,3,10,8,4,0.07462,0.13587,0.18956,0.21447,1,1,04:12:2024,14:53:57,14,-16.350139,-68.1315,5233.0,lev20,Almucantar,Mount_Chacaltaya,227,227.839039,0.9114,0.8854500000000001,0.8596,0.84035,60.950159,60.309992,3.032503,0.172786,0.06447,3,10,8,4,3,10,8,4,3,10,8,4,3,10,8,4,0.07462,0.13587,0.18956,0.21447,1,1,04:12:2024,14:53:57,14,-16.350139,-68.1315,5233.0,lev20,Almucantar,Mount_Chacaltaya,227,227.839039,0.0622,0.0377,0.0273,0.0228,0.0541,0.0292,0.0184,0.0137,0.0082,0.0085,0.0089,0.0091,1.202882,60.950159,60.309992,3.032503,0.172786,0.06447,3,10,8,4,3,10,8,4,3,10,8,4,3,10,8,4,0.07462,0.13587,0.18956,0.21447,1,1,04:12:2024,14:53:57,14,-16.350139,-68.1315,5233.0,lev20,Almucantar,Mount_Chacaltaya,227,227.839039,0.036778,0.023216,0.018213,0.0159,1.0336025,60.950159,60.309992,3.032503,0.172786,0.06447,3,10,8,4,3,10,8,4,3,10,8,4,3,10,8,4,0.07462,0.13587,0.18956,0.21447,1,1,04:12:2024,14:53:57,14,-16.350139,-68.1315,5233.0,lev20,Almucantar,1.2079301295060578,0.05330026050812847,0.8272261562120663,BCL,Maritime,,Unknown
15:08:2024,13:09:36,Mount_Chacaltaya,228,228.548333,0.032138,0.018475,0.012099,0.009017,1.417082,58.746724,59.383577,4.101255,0.132532,0.032138,4,10,7,5,4,10,7,5,4,10,7,5,3,10,8,5,0.07246,0.13281,0.18587,0.21271,1,1,04:12:2024,14:44:29,14,-16.350139,-68.1315,5233.0,lev20,Almucantar,Mount_Chacaltaya,228,228.548333,1.47015,1.4826,1.48925,1.48655,0.011893,0.011836,0.0124395,0.012941000000000001,58.746724,59.383577,4.101255,0.132532,0.032138,4,10,7,5,4,10,7,5,4,10,7,5,3,10,8,5,0.07246,0.13281,0.18587,0.21271,1,1,04:12:2024,14:44:29,14,-16.350139,-68.1315,5233.0,lev20,Almucantar,Mount_Chacaltaya,228,228.548333,0.9114,0.8854500000000001,0.8596,0.84035,58.746724,59.383577,4.101255,0.132532,0.032138,4,10,7,5,4,10,7,5,4,10,7,5,3,10,8,5,0.07246,0.13281,0.18587,0.21271,1,1,04:12:2024,14:44:29,14,-16.350139,-68.1315,5233.0,lev20,Almucantar,Mount_Chacaltaya,228,228.548333,0.0337,0.0197,0.0133,0.0104,0.0323,0.0182,0.0118,0.0088,0.0014,0.0015,0.0015,0.0015,1.351097,58.746724,59.383577,4.101255,0.132532,0.032138,4,10,7,5,4,10,7,5,4,10,7,5,3,10,8,5,0.07246,0.13281,0.18587,0.21271,1,1,04:12:2024,14:44:29,14,-16.350139,-68.1315,5233.0,lev20,Almucantar,Mount_Chacaltaya,228,228.548333,0.036778,0.023216,0.018213,0.0159,1.0336025,58.746724,59.383577,4.101255,0.132532,0.032138,4,10,7,5,4,10,7,5,4,10,7,5,3,10,8,5,0.07246,0.13281,0.18587,0.21271,1,1,04:12:2024,14:44:29,14,-16.350139,-68.1315,5233.0,lev20,Almucantar,1.3638089958646402,0.02830837041565761,0.9451325377024734,BCL,Maritime,,Unknown
15:08:2024,13:38:35,Mount_Chacaltaya,228,228.568461,0.034263,0.019084,0.012758,0.010426,1.439295,52.73141,53.341145,2.914795,0.080692,0.034263,3,10,8,4,3,10,8,4,3,10,8,4,4,10,8,4,0.06948,0.12752,0.17754,0.20303,1,1,04:12:2024,14:46:02,14,-16.350139,-68.1315,5233.0,lev20,Almucantar,Mount_Chacaltaya,228,228.568461,1.47015,1.4826,1.48925,1.48655,0.011893,0.011836,0.0124395,0.012941000000000001,52.73141,53.341145,2.914795,0.080692,0.034263,3,10,8,4,3,10,8,4,3,10,8,4,4,10,8,4,0.06948,0.12752,0.17754,0.20303,1,1,04:12:2024,14:46:02,14,-16.350139,-68.1315,5233.0,lev20,Almucantar,Mount_Chacaltaya,228,228.568461,0.9114,0.8854500000000001,0.8596,0.84035,52.73141,53.341145,2.914795,0.080692,0.034263,3,10,8,4,3,10,8,4,3,10,8,4,4,10,8,4,0.06948,0.12752,0.17754,0.20303,1,1,04:12:2024,14:46:02,14,-16.350139,-68.1315,5233.0,lev20,Almucantar,Mount_Chacaltaya,228,228.568461,0.0333,0.0198,0.0132,0.0101,0.0321,0.0186,0.0119,0.0088,0.0012,0.0012,0.0012,0.0013,1.341145,52.73141,53.341145,2.914795,0.080692,0.034263,3,10,8,4,3,10,8,4,3,10,8,4,4,10,8,4,0.06948,0.12752,0.17754,0.20303,1,1,04:12:2024,14:46:02,14,-16.350139,-68.1315,5233.0,lev20,Almucantar,Mount_Chacaltaya,228,228.568461,0.036778,0.023216,0.018213,0.0159,1.0336025,52.73141,53.341145,2.914795,0.080692,0.034263,3,10,8,4,3,10,8,4,3,10,8,4,4,10,8,4,0.06948,0.12752,0.17754,0.20303,1,1,04:12:2024,14:46:02,14,-16.350139,-68.1315,5233.0,lev20,Almucantar,1.3573646426090082,0.02799541924373205,0.9540218329929305,BCL,Maritime,,Unknown
15:08:2024,13:50:04,Mount_Chacaltaya,228,228.576435,0.034244,0.019127,0.012864,0.010848,1.427021,50.429605,51.025806,3.212004,0.086766,0.034244,3,10,8,4,3,10,8,4,3,10,8,4,3,10,8,4,0.06856,0.12588,0.17491,0.20001,1,1,04:12:2024,14:47:27,14,-16.350139,-68.1315,5233.0,lev20,Almucantar,Mount_Chacaltaya,228,228.576435,1.47015,1.4826,1.48925,1.48655,0.011893,0.011836,0.0124395,0.012941000000000001,50.429605,51.025806,3.212004,0.086766,0.034244,3,10,8,4,3,10,8,4,3,10,8,4,3,10,8,4,0.06856,0.12588,0.17491,0.20001,1,1,04:12:2024,14:47:27,14,-16.350139,-68.1315,5233.0,lev20,Almucantar,Mount_Chacaltaya,228,228.576435,0.9114,0.8854500000000001,0.8596,0.84035,50.429605,51.025806,3.212004,0.086766,0.034244,3,10,8,4,3,10,8,4,3,10,8,4,3,10,8,4,0.06856,0.12588,0.17491,0.20001,1,1,04:12:2024,14:47:27,14,-16.350139,-68.1315,5233.0,lev20,Almucantar,Mount_Chacaltaya,228,228.576435,0.0337,0.0203,0.0134,0.0103,0.0323,0.0189,0.0119,0.0087,0.0014,0.0014,0.0015,0.0015,1.333879,50.429605,51.025806,3.212004,0.086766,0.034244,3,10,8,4,3,10,8,4,3,10,8,4,3,10,8,4,0.06856,0.12588,0.17491,0.20001,1,1,04:12:2024,14:47:27,14,-16.350139,-68.1315,5233.0,lev20,Almucantar,Mount_Chacaltaya,228,228.576435,0.036778,0.023216,0.018213,0.0159,1.0336025,50.429605,51.025806,3.212004,0.086766,0.034244,3,10,8,4,3,10,8,4,3,10,8,4,3,10,8,4,0.06856,0.12588,0.17491,0.20001,1,1,04:12:2024,14:47:27,14,-16.350139,-68.1315,5233.0,lev20,Almucantar,1.3528210706478918,0.02834816095755975,0.9490401463352379,BCL,Maritime,,Unknown
16:08:2024,13:08:41,Mount_Chacaltaya,229,229.547697,0.027054,0.015798,0.009938,0.006856,1.445451,58.743423,59.382715,3.248069,0.06551,0.027054,4,10,7,5,4,10,7,5,4,10,7,5,3,10,8,5,0.07243,0.13278,0.18589,0.21271,1,1,04:12:2024,14:54:33,14,-16.350139,-68.1315,5233.0,lev20,Almucantar,Mount_Chacaltaya,229,229.547697,1.47015,1.4826,1.48925,1.48655,0.011893,0.011836,0.0124395,0.012941000000000001,58.743423,59.382715,3.248069,0.06551,0.027054,4,10,7,5,4,10,7,5,4,10,7,5,3,10,8,5,0.07243,0.13278,0.18589,0.21271,1,1,04:12:2024,14:54:33,14,-16.350139,-68.1315,5233.0,lev20,Almucantar,Mount_Chacaltaya,229,229.547697,0.9114,0.8854500000000001,0.8596,0.84035,58.743423,59.382715,3.248069,0.06551,0.027054,4,10,7,5,4,10,7,5,4,10,7,5,3,10,8,5,0.07243,0.13278,0.18589,0.21271,1,1,04:12:2024,14:54:33,14,-16.350139,-68.1315,5233.0,lev20,Almucantar,Mount_Chacaltaya,229,229.547697,0.0262,0.0165,0.0108,0.0081,0.0259,0.0162,0.0106,0.0078,0.0003,0.0003,0.0003,0.0003,1.275681,58.743423,59.382715,3.248069,0.06551,0.027054,4,10,7,5,4,10,7,5,4,10,7,5,3,10,8,5,0.07243,0.13278,0.18589,0.21271,1,1,04:12:2024,14:54:33,14,-16.350139,-68.1315,5233.0,lev20,Almucantar,Mount_Chacaltaya,229,229.547697,0.036778,0.023216,0.018213,0.0159,1.0336025,58.743423,59.382715,3.248069,0.06551,0.027054,4,10,7,5,4,10,7,5,4,10,7,5,3,10,8,5,0.07243,0.13278,0.18589,0.21271,1,1,04:12:2024,14:54:33,14,-16.350139,-68.1315,5233.0,lev20,Almucantar,1.2999695570520575,0.02218862831172584,0.9879270725477283,BCL,Maritime,,Unknown
16:08:2024,13:37:29,Mount_Chacaltaya,229,229.567697,0.028462,0.016094,0.010418,0.008452,1.457991,52.739087,53.352006,3.417576,0.093963,0.028462,3,10,8,4,3,10,8,4,3,10,8,4,4,10,8,4,0.06948,0.12754,0.17759,0.20304,1,1,04:12:2024,14:56:29,14,-16.350139,-68.1315,5233.0,lev20,Almucantar,Mount_Chacaltaya,229,229.567697,1.47015,1.4826,1.48925,1.48655,0.011893,0.011836,0.0124395,0.012941000000000001,52.739087,53.352006,3.417576,0.093963,0.028462,3,10,8,4,3,10,8,4,3,10,8,4,4,10,8,4,0.06948,0.12754,0.17759,0.20304,1,1,04:12:2024,14:56:29,14,-16.350139,-68.1315,5233.0,lev20,Almucantar,Mount_Chacaltaya,229,229.567697,0.9114,0.8854500000000001,0.8596,0.84035,52.739087,53.352006,3.417576,0.093963,0.028462,3,10,8,4,3,10,8,4,3,10,8,4,4,10,8,4,0.06948,0.12754,0.17759,0.20304,1,1,04:12:2024,14:56:29,14,-16.350139,-68.1315,5233.0,lev20,Almucantar,Mount_Chacaltaya,229,229.567697,0.0269,0.0169,0.0111,0.0082,0.0265,0.0165,0.0107,0.0078,0.0004,0.0004,0.0004,0.0004,1.274924,52.739087,53.352006,3.417576,0.093963,0.028462,3,10,8,4,3,10,8,4,3,10,8,4,4,10,8,4,0.06948,0.12754,0.17759,0.20304,1,1,04:12:2024,14:56:29,14,-16.350139,-68.1315,5233.0,lev20,Almucantar,Mount_Chacaltaya,229,229.567697,0.036778,0.023216,0.018213,0.0159,1.0336025,52.739087,53.352006,3.417576,0.093963,0.028462,3,10,8,4,3,10,8,4,3,10,8,4,4,10,8,4,0.06948,0.12754,0.17759,0.20304,1,1,04:12:2024,14:56:29,14,-16.350139,-68.1315,5233.0,lev20,Almucantar,1.298455591433579,0.02278586370191674,0.9818904131984987,BCL,Maritime,,Unknown
16:08:2024,13:48:53,Mount_Chacaltaya,229,229.575613,0.027998,0.015916,0.010322,0.007517,1.447291,50.441028,51.040799,2.712617,0.081473,0.027998,3,10,8,4,3,10,8,4,3,10,8,4,3,10,8,4,0.06856,0.12589,0.17496,0.20003,1,1,04:12:2024,14:58:00,14,-16.350139,-68.1315,5233.0,lev20,Almucantar,Mount_Chacaltaya,229,229.575613,1.47015,1.4826,1.48925,1.48655,0.011893,0.011836,0.0124395,0.012941000000000001,50.441028,51.040799,2.712617,0.081473,0.027998,3,10,8,4,3,10,8,4,3,10,8,4,3,10,8,4,0.06856,0.12589,0.17496,0.20003,1,1,04:12:2024,14:58:00,14,-16.350139,-68.1315,5233.0,lev20,Almucantar,Mount_Chacaltaya,229,229.575613,0.9114,0.8854500000000001,0.8596,0.84035,50.441028,51.040799,2.712617,0.081473,0.027998,3,10,8,4,3,10,8,4,3,10,8,4,3,10,8,4,0.06856,0.12589,0.17496,0.20003,1,1,04:12:2024,14:58:00,14,-16.350139,-68.1315,5233.0,lev20,Almucantar,Mount_Chacaltaya,229,229.575613,0.0272,0.0172,0.0113,0.0083,0.0267,0.0167,0.0108,0.0078,0.0005,0.0005,0.0005,0.0005,1.264449,50.441028,51.040799,2.712617,0.081473,0.027998,3,10,8,4,3,10,8,4,3,10,8,4,3,10,8,4,0.06856,0.12589,0.17496,0.20003,1,1,04:12:2024,14:58:00,14,-16.350139,-68.1315,5233.0,lev20,Almucantar,Mount_Chacaltaya,229,229.575613,0.036778,0.023216,0.018213,0.0159,1.0336025,50.441028,51.040799,2.712617,0.081473,0.027998,3,10,8,4,3,10,8,4,3,10,8,4,3,10,8,4,0.06856,0.12589,0.17496,0.20003,1,1,04:12:2024,14:58:00,14,-16.350139,-68.1315,5233.0,lev20,Almucantar,1.2885293082868552,0.0230692353655659,0.977766732705931,BCL,Maritime,,Unknown
17:08:2024,13:07:48,Mount_Chacaltaya,230,230.547083,0.038929,0.022015,0.014757,0.011134,1.41205,58.731312,59.372999,2.931294,0.061754,0.038929,4,10,7,5,4,10,7,5,4,10,7,5,3,11,7,5,0.07243,0.13277,0.18585,0.21269,1,1,04:12:2024,14:44:35,14,-16.350139,-68.1315,5233.0,lev20,Almucantar,Mount_Chacaltaya,230,230.547083,1.47015,1.4826,1.48925,1.48655,0.011893,0.011836,0.0124395,0.012941000000000001,58.731312,59.372999,2.931294,0.061754,0.038929,4,10,7,5,4,10,7,5,4,10,7,5,3,11,7,5,0.07243,0.13277,0.18585,0.21269,1,1,04:12:2024,14:44:35,14,-16.350139,-68.1315,5233.0,lev20,Almucantar,Mount_Chacaltaya,230,230.547083,0.9114,0.8854500000000001,0.8596,0.84035,58.731312,59.372999,2.931294,0.061754,0.038929,4,10,7,5,4,10,7,5,4,10,7,5,3,11,7,5,0.07243,0.13277,0.18585,0.21269,1,1,04:12:2024,14:44:35,14,-16.350139,-68.1315,5233.0,lev20,Almucantar,Mount_Chacaltaya,230,230.547083,0.0375,0.0223,0.015,0.0116,0.0351,0.0198,0.0124,0.009,0.0024,0.0025,0.0026,0.0027,1.329253,58.731312,59.372999,2.931294,0.061754,0.038929,4,10,7,5,4,10,7,5,4,10,7,5,3,11,7,5,0.07243,0.13277,0.18585,0.21269,1,1,04:12:2024,14:44:35,14,-16.350139,-68.1315,5233.0,lev20,Almucantar,Mount_Chacaltaya,230,230.547083,0.036778,0.023216,0.018213,0.0159,1.0336025,58.731312,59.372999,2.931294,0.061754,0.038929,4,10,7,5,4,10,7,5,4,10,7,5,3,11,7,5,0.07243,0.13277,0.18585,0.21269,1,1,04:12:2024,14:44:35,14,-16.350139,-68.1315,5233.0,lev20,Almucantar,1.3440896094060895,0.031579918453189804,0.9160869624315857,BCL,Maritime,,Unknown
17:08:2024,13:36:34,Mount_Chacaltaya,230,230.56706,0.037015,0.02079,0.013565,0.011101,1.458128,52.708095,53.323976,3.226509,0.068053,0.037015,3,10,8,4,3,10,8,4,3,10,8,4,4,10,8,4,0.06945,0.12749,0.17752,0.203,1,1,04:12:2024,14:46:12,14,-16.350139,-68.1315,5233.0,lev20,Almucantar,Mount_Chacaltaya,230,230.56706,1.47015,1.4826,1.48925,1.48655,0.011893,0.011836,0.0124395,0.012941000000000001,52.708095,53.323976,3.226509,0.068053,0.037015,3,10,8,4,3,10,8,4,3,10,8,4,4,10,8,4,0.06945,0.12749,0.17752,0.203,1,1,04:12:2024,14:46:12,14,-16.350139,-68.1315,5233.0,lev20,Almucantar,Mount_Chacaltaya,230,230.56706,0.9114,0.8854500000000001,0.8596,0.84035,52.708095,53.323976,3.226509,0.068053,0.037015,3,10,8,4,3,10,8,4,3,10,8,4,4,10,8,4,0.06945,0.12749,0.17752,0.203,1,1,04:12:2024,14:46:12,14,-16.350139,-68.1315,5233.0,lev20,Almucantar,Mount_Chacaltaya,230,230.56706,0.0359,0.0217,0.0144,0.011,0.0345,0.0202,0.0129,0.0095,0.0015,0.0015,0.0015,0.0016,1.321579,52.708095,53.323976,3.226509,0.068053,0.037015,3,10,8,4,3,10,8,4,3,10,8,4,4,10,8,4,0.06945,0.12749,0.17752,0.203,1,1,04:12:2024,14:46:12,14,-16.350139,-68.1315,5233.0,lev20,Almucantar,Mount_Chacaltaya,230,230.56706,0.036778,0.023216,0.018213,0.0159,1.0336025,52.708095,53.323976,3.226509,0.068053,0.037015,3,10,8,4,3,10,8,4,3,10,8,4,4,10,8,4,0.06945,0.12749,0.17752,0.203,1,1,04:12:2024,14:46:12,14,-16.350139,-68.1315,5233.0,lev20,Almucantar,1.340009269758335,0.030248282097124546,0.9485950016774889,BCL,Maritime,,Unknown
17:08:2024,13:48:21,Mount_Chacaltaya,230,230.575243,0.037126,0.020691,0.013437,0.011485,1.476331,50.321394,50.923915,4.44774,0.165881,0.037126,3,10,8,4,3,10,8,4,3,10,8,4,3,10,8,4,0.06851,0.12579,0.17479,0.19988,1,1,04:12:2024,14:47:50,14,-16.350139,-68.1315,5233.0,lev20,Almucantar,Mount_Chacaltaya,230,230.575243,1.47015,1.4826,1.48925,1.48655,0.011893,0.011836,0.0124395,0.012941000000000001,50.321394,50.923915,4.44774,0.165881,0.037126,3,10,8,4,3,10,8,4,3,10,8,4,3,10,8,4,0.06851,0.12579,0.17479,0.19988,1,1,04:12:2024,14:47:50,14,-16.350139,-68.1315,5233.0,lev20,Almucantar,Mount_Chacaltaya,230,230.575243,0.9114,0.8854500000000001,0.8596,0.84035,50.321394,50.923915,4.44774,0.165881,0.037126,3,10,8,4,3,10,8,4,3,10,8,4,3,10,8,4,0.06851,0.12579,0.17479,0.19988,1,1,04:12:2024,14:47:50,14,-16.350139,-68.1315,5233.0,lev20,Almucantar,Mount_Chacaltaya,230,230.575243,0.0391,0.0223,0.0149,0.0115,0.0377,0.0208,0.0134,0.0101,0.0014,0.0015,0.0015,0.0015,1.403092,50.321394,50.923915,4.44774,0.165881,0.037126,3,10,8,4,3,10,8,4,3,10,8,4,3,10,8,4,0.06851,0.12579,0.17479,0.19988,1,1,04:12:2024,14:47:50,14,-16.350139,-68.1315,5233.0,lev20,Almucantar,Mount_Chacaltaya,230,230.575243,0.036778,0.023216,0.018213,0.0159,1.0336025,50.321394,50.923915,4.44774,0.165881,0.037126,3,10,8,4,3,10,8,4,3,10,8,4,3,10,8,4,0.06851,0.12579,0.17479,0.19988,1,1,04:12:2024,14:47:50,14,-16.350139,-68.1315,5233.0,lev20,Almucantar,1.4151901050666984,0.03262940724645422,0.9492702985095549,BCL,Maritime,,Unknown
25:08:2024,13:00:22,Mount_Chacaltaya,238,238.541921,0.029658,0.018251,0.011444,0.008553,1.36803,58.66374,59.32403,4.184965,0.280622,0.029658,4,10,7,5,4,10,7,5,4,10,7,5,3,11,7,5,0.07393,0.13476,0.18712,0.21348,1,1,04:12:2024,14:52:57,14,-16.350139,-68.1315,5233.0,lev20,Almucantar,Mount_Chacaltaya,238,238.541921,1.47015,1.4826,1.48925,1.48655,0.011893,0.011836,0.0124395,0.012941000000000001,58.66374,59.32403,4.184965,0.280622,0.029658,4,10,7,5,4,10,7,5,4,10,7,5,3,11,7,5,0.07393,0.13476,0.18712,0.21348,1,1,04:12:2024,14:52:57,14,-16.350139,-68.1315,5233.0,lev20,Almucantar,Mount_Chacaltaya,238,238.541921,0.9114,0.8854500000000001,0.8596,0.84035,58.66374,59.32403,4.184965,0.280622,0.029658,4,10,7,5,4,10,7,5,4,10,7,5,3,11,7,5,0.07393,0.13476,0.18712,0.21348,1,1,04:12:2024,14:52:57,14,-16.350139,-68.1315,5233.0,lev20,Almucantar,Mount_Chacaltaya,238,238.541921,0.0335,0.0209,0.0136,0.0101,0.0324,0.0198,0.0125,0.009,0.001,0.0011,0.0011,0.0011,1.298005,58.66374,59.32403,4.184965,0.280622,0.029658,4,10,7,5,4,10,7,5,4,10,7,5,3,11,7,5,0.07393,0.13476,0.18712,0.21348,1,1,04:12:2024,14:52:57,14,-16.350139,-68.1315,5233.0,lev20,Almucantar,Mount_Chacaltaya,238,238.541921,0.036778,0.023216,0.018213,0.0159,1.0336025,58.66374,59.32403,4.184965,0.280622,0.029658,4,10,7,5,4,10,7,5,4,10,7,5,3,11,7,5,0.07393,0.13476,0.18712,0.21348,1,1,04:12:2024,14:52:57,14,-16.350139,-68.1315,5233.0,lev20,Almucantar,1.322357639220668,0.0282898760378515,0.959847532424101,BCL,Maritime,,Unknown
25:08:2024,13:28:07,Mount_Chacaltaya,238,238.561192,0.03406,0.020411,0.013276,0.011336,1.361245,52.65618,53.29591,4.329508,0.222262,0.03406,3,10,8,4,3,10,8,4,3,10,8,3,4,10,8,3,0.07068,0.12913,0.17847,0.20375,1,1,04:12:2024,14:54:36,14,-16.350139,-68.1315,5233.0,lev20,Almucantar,Mount_Chacaltaya,238,238.561192,1.47015,1.4826,1.48925,1.48655,0.011893,0.011836,0.0124395,0.012941000000000001,52.65618,53.29591,4.329508,0.222262,0.03406,3,10,8,4,3,10,8,4,3,10,8,3,4,10,8,3,0.07068,0.12913,0.17847,0.20375,1,1,04:12:2024,14:54:36,14,-16.350139,-68.1315,5233.0,lev20,Almucantar,Mount_Chacaltaya,238,238.561192,0.9114,0.8854500000000001,0.8596,0.84035,52.65618,53.29591,4.329508,0.222262,0.03406,3,10,8,4,3,10,8,4,3,10,8,3,4,10,8,3,0.07068,0.12913,0.17847,0.20375,1,1,04:12:2024,14:54:36,14,-16.350139,-68.1315,5233.0,lev20,Almucantar,Mount_Chacaltaya,238,238.561192,0.0373,0.0224,0.0148,0.0114,0.0356,0.0207,0.013,0.0096,0.0016,0.0017,0.0017,0.0018,1.337415,52.65618,53.29591,4.329508,0.222262,0.03406,3,10,8,4,3,10,8,4,3,10,8,3,4,10,8,3,0.07068,0.12913,0.17847,0.20375,1,1,04:12:2024,14:54:36,14,-16.350139,-68.1315,5233.0,lev20,Almucantar,Mount_Chacaltaya,238,238.561192,0.036778,0.023216,0.018213,0.0159,1.0336025,52.65618,53.29591,4.329508,0.222262,0.03406,3,10,8,4,3,10,8,4,3,10,8,3,4,10,8,3,0.07068,0.12913,0.17847,0.20375,1,1,04:12:2024,14:54:36,14,-16.350139,-68.1315,5233.0,lev20,Almucantar,1.3559352820500823,0.0313639626651768,0.9420987783826661,BCL,Maritime,,Unknown
25:08:2024,13:39:37,Mount_Chacaltaya,238,238.569178,0.033648,0.020266,0.013643,0.011497,1.308357,50.22951,50.858443,4.155527,0.279262,0.033648,3,10,8,4,3,10,8,4,3,10,8,4,3,10,8,4,0.06961,0.12725,0.17558,0.20056,1,1,04:12:2024,14:56:04,14,-16.350139,-68.1315,5233.0,lev20,Almucantar,Mount_Chacaltaya,238,238.569178,1.47015,1.4826,1.48925,1.48655,0.011893,0.011836,0.0124395,0.012941000000000001,50.22951,50.858443,4.155527,0.279262,0.033648,3,10,8,4,3,10,8,4,3,10,8,4,3,10,8,4,0.06961,0.12725,0.17558,0.20056,1,1,04:12:2024,14:56:04,14,-16.350139,-68.1315,5233.0,lev20,Almucantar,Mount_Chacaltaya,238,238.569178,0.9114,0.8854500000000001,0.8596,0.84035,50.22951,50.858443,4.155527,0.279262,0.033648,3,10,8,4,3,10,8,4,3,10,8,4,3,10,8,4,0.06961,0.12725,0.17558,0.20056,1,1,04:12:2024,14:56:04,14,-16.350139,-68.1315,5233.0,lev20,Almucantar,Mount_Chacaltaya,238,238.569178,0.038,0.0226,0.015,0.0115,0.0363,0.0209,0.0132,0.0097,0.0017,0.0017,0.0018,0.0018,1.346585,50.22951,50.858443,4.155527,0.279262,0.033648,3,10,8,4,3,10,8,4,3,10,8,4,3,10,8,4,0.06961,0.12725,0.17558,0.20056,1,1,04:12:2024,14:56:04,14,-16.350139,-68.1315,5233.0,lev20,Almucantar,Mount_Chacaltaya,238,238.569178,0.036778,0.023216,0.018213,0.0159,1.0336025,50.22951,50.858443,4.155527,0.279262,0.033648,3,10,8,4,3,10,8,4,3,10,8,4,3,10,8,4,0.06961,0.12725,0.17558,0.20056,1,1,04:12:2024,14:56:04,14,-16.350139,-68.1315,5233.0,lev20,Almucantar,1.3635187829529147,0.031921601913565904,0.9429386804577051,BCL,Maritime,,Unknown
27:08:2024,12:58:26,Mount_Chacaltaya,240,240.540579,0.044652,0.025917,0.016802,0.012608,1.4153,58.653564,59.31828,3.486339,0.210523,0.044652,4,10,7,5,4,10,7,4,4,10,7,5,3,11,7,4,0.0739,0.13476,0.18711,0.21347,1,1,04:12:2024,14:57:43,14,-16.350139,-68.1315,5233.0,lev20,Almucantar,Mount_Chacaltaya,240,240.540579,1.47015,1.4826,1.48925,1.48655,0.011893,0.011836,0.0124395,0.012941000000000001,58.653564,59.31828,3.486339,0.210523,0.044652,4,10,7,5,4,10,7,4,4,10,7,5,3,11,7,4,0.0739,0.13476,0.18711,0.21347,1,1,04:12:2024,14:57:43,14,-16.350139,-68.1315,5233.0,lev20,Almucantar,Mount_Chacaltaya,240,240.540579,0.9114,0.8854500000000001,0.8596,0.84035,58.653564,59.31828,3.486339,0.210523,0.044652,4,10,7,5,4,10,7,4,4,10,7,5,3,11,7,4,0.0739,0.13476,0.18711,0.21347,1,1,04:12:2024,14:57:43,14,-16.350139,-68.1315,5233.0,lev20,Almucantar,Mount_Chacaltaya,240,240.540579,0.0473,0.0284,0.0188,0.0142,0.0448,0.0258,0.0161,0.0114,0.0025,0.0026,0.0027,0.0027,1.335217,58.653564,59.31828,3.486339,0.210523,0.044652,4,10,7,5,4,10,7,4,4,10,7,5,3,11,7,4,0.0739,0.13476,0.18711,0.21347,1,1,04:12:2024,14:57:43,14,-16.350139,-68.1315,5233.0,lev20,Almucantar,Mount_Chacaltaya,240,240.540579,0.036778,0.023216,0.018213,0.0159,1.0336025,58.653564,59.31828,3.486339,0.210523,0.044652,4,10,7,5,4,10,7,4,4,10,7,5,3,11,7,4,0.0739,0.13476,0.18711,0.21347,1,1,04:12:2024,14:57:43,14,-16.350139,-68.1315,5233.0,lev20,Almucantar,1.3534229250345922,0.039785307264021665,0.9331575023963031,BCL,Maritime,,Unknown
30:08:2024,13:35:27,Mount_Chacaltaya,243,243.566285,0.075446,0.042897,0.02919,0.024232,1.383953,49.889984,50.53309,3.330604,0.062856,0.075446,3,10,8,4,3,10,8,4,3,10,8,4,3,10,8,4,0.07057,0.12777,0.17574,0.20105,1,1,04:12:2024,14:47:49,14,-16.350139,-68.1315,5233.0,lev20,Almucantar,Mount_Chacaltaya,243,243.566285,1.47015,1.4826,1.48925,1.48655,0.011893,0.011836,0.0124395,0.012941000000000001,49.889984,50.53309,3.330604,0.062856,0.075446,3,10,8,4,3,10,8,4,3,10,8,4,3,10,8,4,0.07057,0.12777,0.17574,0.20105,1,1,04:12:2024,14:47:49,14,-16.350139,-68.1315,5233.0,lev20,Almucantar,Mount_Chacaltaya,243,243.566285,0.9114,0.8854500000000001,0.8596,0.84035,49.889984,50.53309,3.330604,0.062856,0.075446,3,10,8,4,3,10,8,4,3,10,8,4,3,10,8,4,0.07057,0.12777,0.17574,0.20105,1,1,04:12:2024,14:47:49,14,-16.350139,-68.1315,5233.0,lev20,Almucantar,Mount_Chacaltaya,243,243.566285,0.0758,0.044,0.0296,0.0238,0.0684,0.0363,0.0217,0.0158,0.0074,0.0077,0.0079,0.008,1.366713,49.889984,50.53309,3.330604,0.062856,0.075446,3,10,8,4,3,10,8,4,3,10,8,4,3,10,8,4,0.07057,0.12777,0.17574,0.20105,1,1,04:12:2024,14:47:49,14,-16.350139,-68.1315,5233.0,lev20,Almucantar,Mount_Chacaltaya,243,243.566285,0.036778,0.023216,0.018213,0.0159,1.0336025,49.889984,50.53309,3.330604,0.062856,0.075446,3,10,8,4,3,10,8,4,3,10,8,4,3,10,8,4,0.07057,0.12777,0.17574,0.20105,1,1,04:12:2024,14:47:49,14,-16.350139,-68.1315,5233.0,lev20,Almucantar,1.3793434568258964,0.06354651567804663,0.8689922224805005,BCL,Maritime,,Unknown
06:09:2024,12:48:39,Mount_Chacaltaya,250,250.533785,0.115407,0.067986,0.043545,0.031995,1.408105,58.614932,59.299764,3.660329,0.172611,0.115407,4,10,7,5,4,10,7,5,4,10,7,5,3,11,7,4,0.07484,0.13486,0.18809,0.21582,1,1,04:12:2024,14:54:38,14,-16.350139,-68.1315,5233.0,lev20,Almucantar,Mount_Chacaltaya,250,250.533785,1.47015,1.4826,1.48925,1.48655,0.011893,0.011836,0.0124395,0.012941000000000001,58.614932,59.299764,3.660329,0.172611,0.115407,4,10,7,5,4,10,7,5,4,10,7,5,3,11,7,4,0.07484,0.13486,0.18809,0.21582,1,1,04:12:2024,14:54:38,14,-16.350139,-68.1315,5233.0,lev20,Almucantar,Mount_Chacaltaya,250,250.533785,0.9114,0.8854500000000001,0.8596,0.84035,58.614932,59.299764,3.660329,0.172611,0.115407,4,10,7,5,4,10,7,5,4,10,7,5,3,11,7,4,0.07484,0.13486,0.18809,0.21582,1,1,04:12:2024,14:54:38,14,-16.350139,-68.1315,5233.0,lev20,Almucantar,Mount_Chacaltaya,250,250.533785,0.1172,0.0696,0.0453,0.0342,0.1112,0.0633,0.0389,0.0277,0.006,0.0062,0.0064,0.0065,1.374528,58.614932,59.299764,3.660329,0.172611,0.115407,4,10,7,5,4,10,7,5,4,10,7,5,3,11,7,4,0.07484,0.13486,0.18809,0.21582,1,1,04:12:2024,14:54:38,14,-16.350139,-68.1315,5233.0,lev20,Almucantar,Mount_Chacaltaya,250,250.533785,0.036778,0.023216,0.018213,0.0159,1.0336025,58.614932,59.299764,3.660329,0.172611,0.115407,4,10,7,5,4,10,7,5,4,10,7,5,3,11,7,4,0.07484,0.13486,0.18809,0.21582,1,1,04:12:2024,14:54:38,14,-16.350139,-68.1315,5233.0,lev20,Almucantar,1.3943803284453855,0.09806529561515252,0.9336785422793087,BCL,Maritime,,Unknown
06:09:2024,13:15:18,Mount_Chacaltaya,250,250.552292,0.115804,0.067643,0.043535,0.031147,1.414991,52.595341,53.266522,2.367165,0.197538,0.115804,3,10,8,4,3,10,8,4,3,10,7,4,4,10,8,4,0.07127,0.12868,0.17882,0.20538,1,1,04:12:2024,14:56:48,14,-16.350139,-68.1315,5233.0,lev20,Almucantar,Mount_Chacaltaya,250,250.552292,1.47015,1.4826,1.48925,1.48655,0.011893,0.011836,0.0124395,0.012941000000000001,52.595341,53.266522,2.367165,0.197538,0.115804,3,10,8,4,3,10,8,4,3,10,7,4,4,10,8,4,0.07127,0.12868,0.17882,0.20538,1,1,04:12:2024,14:56:48,14,-16.350139,-68.1315,5233.0,lev20,Almucantar,Mount_Chacaltaya,250,250.552292,0.9114,0.8854500000000001,0.8596,0.84035,52.595341,53.266522,2.367165,0.197538,0.115804,3,10,8,4,3,10,8,4,3,10,7,4,4,10,8,4,0.07127,0.12868,0.17882,0.20538,1,1,04:12:2024,14:56:48,14,-16.350139,-68.1315,5233.0,lev20,Almucantar,Mount_Chacaltaya,250,250.552292,0.115,0.0693,0.0452,0.0343,0.1087,0.0628,0.0385,0.0276,0.0063,0.0065,0.0067,0.0067,1.348977,52.595341,53.266522,2.367165,0.197538,0.115804,3,10,8,4,3,10,8,4,3,10,7,4,4,10,8,4,0.07127,0.12868,0.17882,0.20538,1,1,04:12:2024,14:56:48,14,-16.350139,-68.1315,5233.0,lev20,Almucantar,Mount_Chacaltaya,250,250.552292,0.036778,0.023216,0.018213,0.0159,1.0336025,52.595341,53.266522,2.367165,0.197538,0.115804,3,10,8,4,3,10,8,4,3,10,7,4,4,10,8,4,0.07127,0.12868,0.17882,0.20538,1,1,04:12:2024,14:56:48,14,-16.350139,-68.1315,5233.0,lev20,Almucantar,1.3698250266548904,0.09652700143545052,0.9297848167976861,BCL,Maritime,,Unknown
11:09:2024,12:43:45,Mount_Chacaltaya,255,255.530382,0.133163,0.076156,0.048532,0.036076,1.460856,58.611919,59.305322,2.573425,0.177919,0.133163,4,10,7,5,4,10,7,5,4,10,7,5,3,9,7,4,0.07482,0.13481,0.18801,0.21582,1,1,04:12:2024,14:44:52,14,-16.350139,-68.1315,5233.0,lev20,Almucantar,Mount_Chacaltaya,255,255.530382,1.47015,1.4826,1.48925,1.48655,0.011893,0.011836,0.0124395,0.012941000000000001,58.611919,59.305322,2.573425,0.177919,0.133163,4,10,7,5,4,10,7,5,4,10,7,5,3,9,7,4,0.07482,0.13481,0.18801,0.21582,1,1,04:12:2024,14:44:52,14,-16.350139,-68.1315,5233.0,lev20,Almucantar,Mount_Chacaltaya,255,255.530382,0.9114,0.8854500000000001,0.8596,0.84035,58.611919,59.305322,2.573425,0.177919,0.133163,4,10,7,5,4,10,7,5,4,10,7,5,3,9,7,4,0.07482,0.13481,0.18801,0.21582,1,1,04:12:2024,14:44:52,14,-16.350139,-68.1315,5233.0,lev20,Almucantar,Mount_Chacaltaya,255,255.530382,0.1305,0.0763,0.0497,0.038,0.1241,0.0697,0.043,0.0311,0.0063,0.0066,0.0067,0.0068,1.397762,58.611919,59.305322,2.573425,0.177919,0.133163,4,10,7,5,4,10,7,5,4,10,7,5,3,9,7,4,0.07482,0.13481,0.18801,0.21582,1,1,04:12:2024,14:44:52,14,-16.350139,-68.1315,5233.0,lev20,Almucantar,Mount_Chacaltaya,255,255.530382,0.036778,0.023216,0.018213,0.0159,1.0336025,58.611919,59.305322,2.573425,0.177919,0.133163,4,10,7,5,4,10,7,5,4,10,7,5,3,9,7,4,0.07482,0.13481,0.18801,0.21582,1,1,04:12:2024,14:44:52,14,-16.350139,-68.1315,5233.0,lev20,Almucantar,1.41608056004753,0.1088913803075675,0.9365745530213947,BCL,Maritime,,Unknown
20:09:2024,13:00:59,Mount_Chacaltaya,264,264.54235,0.039623,0.02302,0.014722,0.011354,1.43168,52.587339,53.286083,4.218137,0.13391,0.039623,3,10,8,4,3,10,8,4,3,10,8,4,4,10,8,4,0.07275,0.12955,0.17911,0.20572,1,1,04:12:2024,14:51:06,14,-16.350139,-68.1315,5233.0,lev20,Almucantar,Mount_Chacaltaya,264,264.54235,1.47015,1.4826,1.48925,1.48655,0.011893,0.011836,0.0124395,0.012941000000000001,52.587339,53.286083,4.218137,0.13391,0.039623,3,10,8,4,3,10,8,4,3,10,8,4,4,10,8,4,0.07275,0.12955,0.17911,0.20572,1,1,04:12:2024,14:51:06,14,-16.350139,-68.1315,5233.0,lev20,Almucantar,Mount_Chacaltaya,264,264.54235,0.9114,0.8854500000000001,0.8596,0.84035,52.587339,53.286083,4.218137,0.13391,0.039623,3,10,8,4,3,10,8,4,3,10,8,4,4,10,8,4,0.07275,0.12955,0.17911,0.20572,1,1,04:12:2024,14:51:06,14,-16.350139,-68.1315,5233.0,lev20,Almucantar,Mount_Chacaltaya,264,264.54235,0.0412,0.0243,0.0161,0.0123,0.0389,0.0219,0.0135,0.0097,0.0024,0.0024,0.0025,0.0026,1.361855,52.587339,53.286083,4.218137,0.13391,0.039623,3,10,8,4,3,10,8,4,3,10,8,4,4,10,8,4,0.07275,0.12955,0.17911,0.20572,1,1,04:12:2024,14:51:06,14,-16.350139,-68.1315,5233.0,lev20,Almucantar,Mount_Chacaltaya,264,264.54235,0.036778,0.023216,0.018213,0.0159,1.0336025,52.587339,53.286083,4.218137,0.13391,0.039623,3,10,8,4,3,10,8,4,3,10,8,4,4,10,8,4,0.07275,0.12955,0.17911,0.20572,1,1,04:12:2024,14:51:06,14,-16.350139,-68.1315,5233.0,lev20,Almucantar,1.3783093834231186,0.034544360887072,0.9267714009002763,BCL,Maritime,,Unknown
21:09:2024,12:36:48,Mount_Chacaltaya,265,265.525556,0.052673,0.02967,0.018886,0.016065,1.486005,58.031092,58.737557,3.326215,0.103135,0.052673,4,10,7,5,4,10,7,5,4,10,7,5,4,10,7,5,0.07673,0.13573,0.18738,0.21464,1,1,04:12:2024,14:58:33,14,-16.350139,-68.1315,5233.0,lev20,Almucantar,Mount_Chacaltaya,265,265.525556,1.47015,1.4826,1.48925,1.48655,0.011893,0.011836,0.0124395,0.012941000000000001,58.031092,58.737557,3.326215,0.103135,0.052673,4,10,7,5,4,10,7,5,4,10,7,5,4,10,7,5,0.07673,0.13573,0.18738,0.21464,1,1,04:12:2024,14:58:33,14,-16.350139,-68.1315,5233.0,lev20,Almucantar,Mount_Chacaltaya,265,265.525556,0.9114,0.8854500000000001,0.8596,0.84035,58.031092,58.737557,3.326215,0.103135,0.052673,4,10,7,5,4,10,7,5,4,10,7,5,4,10,7,5,0.07673,0.13573,0.18738,0.21464,1,1,04:12:2024,14:58:33,14,-16.350139,-68.1315,5233.0,lev20,Almucantar,Mount_Chacaltaya,265,265.525556,0.0529,0.031,0.02,0.015,0.0503,0.0284,0.0173,0.0123,0.0025,0.0026,0.0027,0.0028,1.406771,58.031092,58.737557,3.326215,0.103135,0.052673,4,10,7,5,4,10,7,5,4,10,7,5,4,10,7,5,0.07673,0.13573,0.18738,0.21464,1,1,04:12:2024,14:58:33,14,-16.350139,-68.1315,5233.0,lev20,Almucantar,Mount_Chacaltaya,265,265.525556,0.036778,0.023216,0.018213,0.0159,1.0336025,58.031092,58.737557,3.326215,0.103135,0.052673,4,10,7,5,4,10,7,5,4,10,7,5,4,10,7,5,0.07673,0.13573,0.18738,0.21464,1,1,04:12:2024,14:58:33,14,-16.350139,-68.1315,5233.0,lev20,Almucantar,1.4267928581788065,0.04408023946579584,0.9374711718766056,BCL,Maritime,,Unknown
22:09:2024,12:59:09,Mount_Chacaltaya,266,266.541076,0.053999,0.032894,0.022563,0.018468,1.266142,52.570862,53.27259,3.467709,0.086808,0.053999,3,10,8,4,3,10,8,4,3,10,8,4,4,10,8,4,0.07346,0.13004,0.17909,0.20526,1,1,04:12:2024,15:04:24,14,-16.350139,-68.1315,5233.0,lev20,Almucantar,Mount_Chacaltaya,266,266.541076,1.47015,1.4826,1.48925,1.48655,0.011893,0.011836,0.0124395,0.012941000000000001,52.570862,53.27259,3.467709,0.086808,0.053999,3,10,8,4,3,10,8,4,3,10,8,4,4,10,8,4,0.07346,0.13004,0.17909,0.20526,1,1,04:12:2024,15:04:24,14,-16.350139,-68.1315,5233.0,lev20,Almucantar,Mount_Chacaltaya,266,266.541076,0.9114,0.8854500000000001,0.8596,0.84035,52.570862,53.27259,3.467709,0.086808,0.053999,3,10,8,4,3,10,8,4,3,10,8,4,4,10,8,4,0.07346,0.13004,0.17909,0.20526,1,1,04:12:2024,15:04:24,14,-16.350139,-68.1315,5233.0,lev20,Almucantar,Mount_Chacaltaya,266,266.541076,0.0559,0.0331,0.0226,0.0178,0.0532,0.0303,0.0198,0.015,0.0026,0.0027,0.0028,0.0028,1.316313,52.570862,53.27259,3.467709,0.086808,0.053999,3,10,8,4,3,10,8,4,3,10,8,4,4,10,8,4,0.07346,0.13004,0.17909,0.20526,1,1,04:12:2024,15:04:24,14,-16.350139,-68.1315,5233.0,lev20,Almucantar,Mount_Chacaltaya,266,266.541076,0.036778,0.023216,0.018213,0.0159,1.0336025,52.570862,53.27259,3.467709,0.086808,0.053999,3,10,8,4,3,10,8,4,3,10,8,4,4,10,8,4,0.07346,0.13004,0.17909,0.20526,1,1,04:12:2024,15:04:24,14,-16.350139,-68.1315,5233.0,lev20,Almucantar,1.3284288077256554,0.04716946931984624,0.9360198386598132,BCL,Maritime,,Unknown
23:09:2024,12:32:33,Mount_Chacaltaya,267,267.522604,0.030006,0.017678,0.010987,0.007659,1.447365,58.610538,59.319658,3.627936,0.155341,0.030006,4,10,7,5,4,10,7,5,4,10,7,5,3,11,7,5,0.07715,0.13647,0.18852,0.21582,1,1,04:12:2024,14:55:03,14,-16.350139,-68.1315,5233.0,lev20,Almucantar,Mount_Chacaltaya,267,267.522604,1.47015,1.4826,1.48925,1.48655,0.011893,0.011836,0.0124395,0.012941000000000001,58.610538,59.319658,3.627936,0.155341,0.030006,4,10,7,5,4,10,7,5,4,10,7,5,3,11,7,5,0.07715,0.13647,0.18852,0.21582,1,1,04:12:2024,14:55:03,14,-16.350139,-68.1315,5233.0,lev20,Almucantar,Mount_Chacaltaya,267,267.522604,0.9114,0.8854500000000001,0.8596,0.84035,58.610538,59.319658,3.627936,0.155341,0.030006,4,10,7,5,4,10,7,5,4,10,7,5,3,11,7,5,0.07715,0.13647,0.18852,0.21582,1,1,04:12:2024,14:55:03,14,-16.350139,-68.1315,5233.0,lev20,Almucantar,Mount_Chacaltaya,267,267.522604,0.0316,0.0195,0.0123,0.009,0.0311,0.0189,0.0117,0.0084,0.0005,0.0006,0.0006,0.0006,1.355865,58.610538,59.319658,3.627936,0.155341,0.030006,4,10,7,5,4,10,7,5,4,10,7,5,3,11,7,5,0.07715,0.13647,0.18852,0.21582,1,1,04:12:2024,14:55:03,14,-16.350139,-68.1315,5233.0,lev20,Almucantar,Mount_Chacaltaya,267,267.522604,0.036778,0.023216,0.018213,0.0159,1.0336025,58.610538,59.319658,3.627936,0.155341,0.030006,4,10,7,5,4,10,7,5,4,10,7,5,3,11,7,5,0.07715,0.13647,0.18852,0.21582,1,1,04:12:2024,14:55:03,14,-16.350139,-68.1315,5233.0,lev20,Almucantar,1.384087243254739,0.026475627209083457,0.9782480555707844,BCL,Maritime,,Unknown
23:09:2024,12:58:27,Mount_Chacaltaya,267,267.54059,0.033094,0.018815,0.012181,0.008809,1.449335,52.515834,53.218908,3.209434,0.11701,0.033094,3,10,8,4,3,10,8,4,3,10,8,4,4,10,8,4,0.07342,0.12999,0.17902,0.2052,1,1,04:12:2024,14:56:35,14,-16.350139,-68.1315,5233.0,lev20,Almucantar,Mount_Chacaltaya,267,267.54059,1.47015,1.4826,1.48925,1.48655,0.011893,0.011836,0.0124395,0.012941000000000001,52.515834,53.218908,3.209434,0.11701,0.033094,3,10,8,4,3,10,8,4,3,10,8,4,4,10,8,4,0.07342,0.12999,0.17902,0.2052,1,1,04:12:2024,14:56:35,14,-16.350139,-68.1315,5233.0,lev20,Almucantar,Mount_Chacaltaya,267,267.54059,0.9114,0.8854500000000001,0.8596,0.84035,52.515834,53.218908,3.209434,0.11701,0.033094,3,10,8,4,3,10,8,4,3,10,8,4,4,10,8,4,0.07342,0.12999,0.17902,0.2052,1,1,04:12:2024,14:56:35,14,-16.350139,-68.1315,5233.0,lev20,Almucantar,Mount_Chacaltaya,267,267.54059,0.0346,0.0203,0.0128,0.0095,0.034,0.0197,0.0121,0.0089,0.0006,0.0006,0.0006,0.0006,1.434972,52.515834,53.218908,3.209434,0.11701,0.033094,3,10,8,4,3,10,8,4,3,10,8,4,4,10,8,4,0.07342,0.12999,0.17902,0.2052,1,1,04:12:2024,14:56:35,14,-16.350139,-68.1315,5233.0,lev20,Almucantar,Mount_Chacaltaya,267,267.54059,0.036778,0.023216,0.018213,0.0159,1.0336025,52.515834,53.218908,3.209434,0.11701,0.033094,3,10,8,4,3,10,8,4,3,10,8,4,4,10,8,4,0.07342,0.12999,0.17902,0.2052,1,1,04:12:2024,14:56:35,14,-16.350139,-68.1315,5233.0,lev20,Almucantar,1.4586791078765127,0.028714028858942402,0.9762682331938646,BCL,Maritime,,Unknown
24:09:2024,12:31:35,Mount_Chacaltaya,268,268.521933,0.036572,0.020668,0.012741,0.008658,1.522908,58.631001,59.341119,3.95356,0.131255,0.036572,4,10,7,5,4,10,7,5,4,10,7,5,3,11,7,5,0.07707,0.13638,0.18835,0.21584,1,1,04:12:2024,14:54:09,14,-16.350139,-68.1315,5233.0,lev20,Almucantar,Mount_Chacaltaya,268,268.521933,1.47015,1.4826,1.48925,1.48655,0.011893,0.011836,0.0124395,0.012941000000000001,58.631001,59.341119,3.95356,0.131255,0.036572,4,10,7,5,4,10,7,5,4,10,7,5,3,11,7,5,0.07707,0.13638,0.18835,0.21584,1,1,04:12:2024,14:54:09,14,-16.350139,-68.1315,5233.0,lev20,Almucantar,Mount_Chacaltaya,268,268.521933,0.9114,0.8854500000000001,0.8596,0.84035,58.631001,59.341119,3.95356,0.131255,0.036572,4,10,7,5,4,10,7,5,4,10,7,5,3,11,7,5,0.07707,0.13638,0.18835,0.21584,1,1,04:12:2024,14:54:09,14,-16.350139,-68.1315,5233.0,lev20,Almucantar,Mount_Chacaltaya,268,268.521933,0.0378,0.0218,0.0139,0.0103,0.0371,0.0211,0.0132,0.0096,0.0007,0.0007,0.0007,0.0007,1.447087,58.631001,59.341119,3.95356,0.131255,0.036572,4,10,7,5,4,10,7,5,4,10,7,5,3,11,7,5,0.07707,0.13638,0.18835,0.21584,1,1,04:12:2024,14:54:09,14,-16.350139,-68.1315,5233.0,lev20,Almucantar,Mount_Chacaltaya,268,268.521933,0.036778,0.023216,0.018213,0.0159,1.0336025,58.631001,59.341119,3.95356,0.131255,0.036572,4,10,7,5,4,10,7,5,4,10,7,5,3,11,7,5,0.07707,0.13638,0.18835,0.21584,1,1,04:12:2024,14:54:09,14,-16.350139,-68.1315,5233.0,lev20,Almucantar,1.467497632656744,0.03133431843618055,0.9762078504146345,BCL,Maritime,,Unknown
24:09:2024,12:57:17,Mount_Chacaltaya,268,268.53978,0.036295,0.020081,0.012338,0.00839,1.560378,52.572908,53.277404,3.352823,0.140731,0.036295,3,10,8,4,3,10,8,4,3,10,8,4,4,10,8,4,0.07343,0.13004,0.17913,0.20527,1,1,04:12:2024,14:55:25,14,-16.350139,-68.1315,5233.0,lev20,Almucantar,Mount_Chacaltaya,268,268.53978,1.47015,1.4826,1.48925,1.48655,0.011893,0.011836,0.0124395,0.012941000000000001,52.572908,53.277404,3.352823,0.140731,0.036295,3,10,8,4,3,10,8,4,3,10,8,4,4,10,8,4,0.07343,0.13004,0.17913,0.20527,1,1,04:12:2024,14:55:25,14,-16.350139,-68.1315,5233.0,lev20,Almucantar,Mount_Chacaltaya,268,268.53978,0.9114,0.8854500000000001,0.8596,0.84035,52.572908,53.277404,3.352823,0.140731,0.036295,3,10,8,4,3,10,8,4,3,10,8,4,4,10,8,4,0.07343,0.13004,0.17913,0.20527,1,1,04:12:2024,14:55:25,14,-16.350139,-68.1315,5233.0,lev20,Almucantar,Mount_Chacaltaya,268,268.53978,0.0371,0.0215,0.0137,0.01,0.0364,0.0208,0.013,0.0094,0.0006,0.0007,0.0007,0.0007,1.44039,52.572908,53.277404,3.352823,0.140731,0.036295,3,10,8,4,3,10,8,4,3,10,8,4,4,10,8,4,0.07343,0.13004,0.17913,0.20527,1,1,04:12:2024,14:55:25,14,-16.350139,-68.1315,5233.0,lev20,Almucantar,Mount_Chacaltaya,268,268.53978,0.036778,0.023216,0.018213,0.0159,1.0336025,52.572908,53.277404,3.352823,0.140731,0.036295,3,10,8,4,3,10,8,4,3,10,8,4,4,10,8,4,0.07343,0.13004,0.17913,0.20527,1,1,04:12:2024,14:55:25,14,-16.350139,-68.1315,5233.0,lev20,Almucantar,1.4613380142752503,0.03077827870501947,0.974378715148687,BCL,Maritime,,Unknown
25:09:2024,12:31:04,Mount_Chacaltaya,269,269.521574,0.073495,0.040477,0.024993,0.018028,1.560972,58.547302,59.258292,2.826352,0.074738,0.073495,4,10,7,5,4,10,7,5,4,10,7,5,3,10,7,5,0.07706,0.13638,0.18836,0.21566,1,1,04:12:2024,14:59:26,14,-16.350139,-68.1315,5233.0,lev20,Almucantar,Mount_Chacaltaya,269,269.521574,1.47015,1.4826,1.48925,1.48655,0.011893,0.011836,0.0124395,0.012941000000000001,58.547302,59.258292,2.826352,0.074738,0.073495,4,10,7,5,4,10,7,5,4,10,7,5,3,10,7,5,0.07706,0.13638,0.18836,0.21566,1,1,04:12:2024,14:59:26,14,-16.350139,-68.1315,5233.0,lev20,Almucantar,Mount_Chacaltaya,269,269.521574,0.9114,0.8854500000000001,0.8596,0.84035,58.547302,59.258292,2.826352,0.074738,0.073495,4,10,7,5,4,10,7,5,4,10,7,5,3,10,7,5,0.07706,0.13638,0.18836,0.21566,1,1,04:12:2024,14:59:26,14,-16.350139,-68.1315,5233.0,lev20,Almucantar,Mount_Chacaltaya,269,269.521574,0.0743,0.0412,0.0257,0.0189,0.0721,0.0389,0.0233,0.0164,0.0023,0.0023,0.0024,0.0025,1.536993,58.547302,59.258292,2.826352,0.074738,0.073495,4,10,7,5,4,10,7,5,4,10,7,5,3,10,7,5,0.07706,0.13638,0.18836,0.21566,1,1,04:12:2024,14:59:26,14,-16.350139,-68.1315,5233.0,lev20,Almucantar,Mount_Chacaltaya,269,269.521574,0.036778,0.023216,0.018213,0.0159,1.0336025,58.547302,59.258292,2.826352,0.074738,0.073495,4,10,7,5,4,10,7,5,4,10,7,5,3,10,7,5,0.07706,0.13638,0.18836,0.21566,1,1,04:12:2024,14:59:26,14,-16.350139,-68.1315,5233.0,lev20,Almucantar,1.5572703155220393,0.06088822686747754,0.961079176113986,BCL,Maritime,,Unknown
25:09:2024,12:56:23,Mount_Chacaltaya,269,269.539155,0.085004,0.046138,0.028653,0.021432,1.576119,52.570392,53.276177,2.261361,0.102022,0.085004,3,10,8,4,3,10,8,4,3,10,8,4,4,10,8,4,0.07343,0.13,0.17904,0.20526,1,1,04:12:2024,15:01:28,14,-16.350139,-68.1315,5233.0,lev20,Almucantar,Mount_Chacaltaya,269,269.539155,1.47015,1.4826,1.48925,1.48655,0.011893,0.011836,0.0124395,0.012941000000000001,52.570392,53.276177,2.261361,0.102022,0.085004,3,10,8,4,3,10,8,4,3,10,8,4,4,10,8,4,0.07343,0.13,0.17904,0.20526,1,1,04:12:2024,15:01:28,14,-16.350139,-68.1315,5233.0,lev20,Almucantar,Mount_Chacaltaya,269,269.539155,0.9114,0.8854500000000001,0.8596,0.84035,52.570392,53.276177,2.261361,0.102022,0.085004,3,10,8,4,3,10,8,4,3,10,8,4,4,10,8,4,0.07343,0.13,0.17904,0.20526,1,1,04:12:2024,15:01:28,14,-16.350139,-68.1315,5233.0,lev20,Almucantar,Mount_Chacaltaya,269,269.539155,0.0832,0.0457,0.0288,0.0213,0.0808,0.0432,0.0261,0.0186,0.0024,0.0025,0.0026,0.0027,1.53835,52.570392,53.276177,2.261361,0.102022,0.085004,3,10,8,4,3,10,8,4,3,10,8,4,4,10,8,4,0.07343,0.13,0.17904,0.20526,1,1,04:12:2024,15:01:28,14,-16.350139,-68.1315,5233.0,lev20,Almucantar,Mount_Chacaltaya,269,269.539155,0.036778,0.023216,0.018213,0.0159,1.0336025,52.570392,53.276177,2.261361,0.102022,0.085004,3,10,8,4,3,10,8,4,3,10,8,4,4,10,8,4,0.07343,0.13,0.17904,0.20526,1,1,04:12:2024,15:01:28,14,-16.350139,-68.1315,5233.0,lev20,Almucantar,1.5561730896817187,0.06819126620374644,0.9609470401891452,BCL,Maritime,,Unknown
29:09:2024,12:27:23,Mount_Chacaltaya,273,273.519016,0.07288,0.036833,0.022549,0.016514,1.705994,58.621281,59.335535,3.089308,0.064606,0.07288,4,10,7,5,4,10,7,5,4,10,7,5,3,9,7,4,0.07555,0.13368,0.18883,0.21606,1,1,04:12:2024,14:52:48,14,-16.350139,-68.1315,5233.0,lev20,Almucantar,Mount_Chacaltaya,273,273.519016,1.47015,1.4826,1.48925,1.48655,0.011893,0.011836,0.0124395,0.012941000000000001,58.621281,59.335535,3.089308,0.064606,0.07288,4,10,7,5,4,10,7,5,4,10,7,5,3,9,7,4,0.07555,0.13368,0.18883,0.21606,1,1,04:12:2024,14:52:48,14,-16.350139,-68.1315,5233.0,lev20,Almucantar,Mount_Chacaltaya,273,273.519016,0.9114,0.8854500000000001,0.8596,0.84035,58.621281,59.335535,3.089308,0.064606,0.07288,4,10,7,5,4,10,7,5,4,10,7,5,3,9,7,4,0.07555,0.13368,0.18883,0.21606,1,1,04:12:2024,14:52:48,14,-16.350139,-68.1315,5233.0,lev20,Almucantar,Mount_Chacaltaya,273,273.519016,0.0744,0.0373,0.0227,0.0168,0.0711,0.0338,0.0191,0.0131,0.0033,0.0034,0.0036,0.0036,1.726317,58.621281,59.335535,3.089308,0.064606,0.07288,4,10,7,5,4,10,7,5,4,10,7,5,3,9,7,4,0.07555,0.13368,0.18883,0.21606,1,1,04:12:2024,14:52:48,14,-16.350139,-68.1315,5233.0,lev20,Almucantar,Mount_Chacaltaya,273,273.519016,0.036778,0.023216,0.018213,0.0159,1.0336025,58.621281,59.335535,3.089308,0.064606,0.07288,4,10,7,5,4,10,7,5,4,10,7,5,3,9,7,4,0.07555,0.13368,0.18883,0.21606,1,1,04:12:2024,14:52:48,14,-16.350139,-68.1315,5233.0,lev20,Almucantar,1.7413214456269823,0.05955242104021711,0.9368350975832256,BCL,Unclassified,,Unknown
29:09:2024,12:52:45,Mount_Chacaltaya,273,273.536632,0.07842,0.039348,0.023766,0.017665,1.734949,52.598963,53.309334,2.584678,0.054451,0.07842,3,10,8,4,3,10,8,4,3,10,8,4,4,10,8,4,0.07196,0.12756,0.17957,0.20568,1,1,04:12:2024,14:54:42,14,-16.350139,-68.1315,5233.0,lev20,Almucantar,Mount_Chacaltaya,273,273.536632,1.47015,1.4826,1.48925,1.48655,0.011893,0.011836,0.0124395,0.012941000000000001,52.598963,53.309334,2.584678,0.054451,0.07842,3,10,8,4,3,10,8,4,3,10,8,4,4,10,8,4,0.07196,0.12756,0.17957,0.20568,1,1,04:12:2024,14:54:42,14,-16.350139,-68.1315,5233.0,lev20,Almucantar,Mount_Chacaltaya,273,273.536632,0.9114,0.8854500000000001,0.8596,0.84035,52.598963,53.309334,2.584678,0.054451,0.07842,3,10,8,4,3,10,8,4,3,10,8,4,4,10,8,4,0.07196,0.12756,0.17957,0.20568,1,1,04:12:2024,14:54:42,14,-16.350139,-68.1315,5233.0,lev20,Almucantar,Mount_Chacaltaya,273,273.536632,0.0794,0.0389,0.0235,0.0172,0.0762,0.0356,0.0201,0.0137,0.0032,0.0033,0.0034,0.0035,1.771857,52.598963,53.309334,2.584678,0.054451,0.07842,3,10,8,4,3,10,8,4,3,10,8,4,4,10,8,4,0.07196,0.12756,0.17957,0.20568,1,1,04:12:2024,14:54:42,14,-16.350139,-68.1315,5233.0,lev20,Almucantar,Mount_Chacaltaya,273,273.536632,0.036778,0.023216,0.018213,0.0159,1.0336025,52.598963,53.309334,2.584678,0.054451,0.07842,3,10,8,4,3,10,8,4,3,10,8,4,4,10,8,4,0.07196,0.12756,0.17957,0.20568,1,1,04:12:2024,14:54:42,14,-16.350139,-68.1315,5233.0,lev20,Almucantar,1.7859247979375017,0.06319325558743477,0.9432062702471843,BCL,Unclassified,,Unknown
10:10:2024,20:06:26,Mount_Chacaltaya,284,284.837801,0.038217,0.023544,0.016836,0.013464,1.193982,56.896959,56.178601,4.107174,0.050627,0.038217,4,10,7,5,4,10,7,5,4,10,8,4,4,10,8,4,0.07231,0.1284,0.18162,0.20656,1,1,02:12:2024,16:04:25,14,-16.350139,-68.1315,5233.0,lev20,Almucantar,Mount_Chacaltaya,284,284.837801,1.47015,1.4826,1.48925,1.48655,0.011893,0.011836,0.0124395,0.012941000000000001,56.896959,56.178601,4.107174,0.050627,0.038217,4,10,7,5,4,10,7,5,4,10,8,4,4,10,8,4,0.07231,0.1284,0.18162,0.20656,1,1,02:12:2024,16:04:25,14,-16.350139,-68.1315,5233.0,lev20,Almucantar,Mount_Chacaltaya,284,284.837801,0.9114,0.8854500000000001,0.8596,0.84035,56.896959,56.178601,4.107174,0.050627,0.038217,4,10,7,5,4,10,7,5,4,10,8,4,4,10,8,4,0.07231,0.1284,0.18162,0.20656,1,1,02:12:2024,16:04:25,14,-16.350139,-68.1315,5233.0,lev20,Almucantar,Mount_Chacaltaya,284,284.837801,0.0376,0.0237,0.0166,0.0132,0.0345,0.0205,0.0133,0.0099,0.0031,0.0032,0.0033,0.0033,1.185531,56.896959,56.178601,4.107174,0.050627,0.038217,4,10,7,5,4,10,7,5,4,10,8,4,4,10,8,4,0.07231,0.1284,0.18162,0.20656,1,1,02:12:2024,16:04:25,14,-16.350139,-68.1315,5233.0,lev20,Almucantar,Mount_Chacaltaya,284,284.837801,0.036778,0.023216,0.018213,0.0159,1.0336025,56.896959,56.178601,4.107174,0.050627,0.038217,4,10,7,5,4,10,7,5,4,10,8,4,4,10,8,4,0.07231,0.1284,0.18162,0.20656,1,1,02:12:2024,16:04:25,14,-16.350139,-68.1315,5233.0,lev20,Almucantar,1.199324022069881,0.032255559536778236,0.8952242079343792,Unclassified,Maritime,,Unknown
10:10:2024,20:24:14,Mount_Chacaltaya,284,284.850162,0.038831,0.024133,0.017621,0.014267,1.153027,61.160477,60.441824,3.583591,0.089834,0.038831,3,10,8,5,3,10,8,5,3,10,8,5,3,10,8,5,0.07516,0.13309,0.18867,0.21407,1,1,02:12:2024,16:06:08,14,-16.350139,-68.1315,5233.0,lev20,Almucantar,Mount_Chacaltaya,284,284.850162,1.47015,1.4826,1.48925,1.48655,0.011893,0.011836,0.0124395,0.012941000000000001,61.160477,60.441824,3.583591,0.089834,0.038831,3,10,8,5,3,10,8,5,3,10,8,5,3,10,8,5,0.07516,0.13309,0.18867,0.21407,1,1,02:12:2024,16:06:08,14,-16.350139,-68.1315,5233.0,lev20,Almucantar,Mount_Chacaltaya,284,284.850162,0.9114,0.8854500000000001,0.8596,0.84035,61.160477,60.441824,3.583591,0.089834,0.038831,3,10,8,5,3,10,8,5,3,10,8,5,3,10,8,5,0.07516,0.13309,0.18867,0.21407,1,1,02:12:2024,16:06:08,14,-16.350139,-68.1315,5233.0,lev20,Almucantar,Mount_Chacaltaya,284,284.850162,0.0374,0.024,0.0171,0.0138,0.0337,0.0202,0.0132,0.0098,0.0037,0.0038,0.0039,0.004,1.135224,61.160477,60.441824,3.583591,0.089834,0.038831,3,10,8,5,3,10,8,5,3,10,8,5,3,10,8,5,0.07516,0.13309,0.18867,0.21407,1,1,02:12:2024,16:06:08,14,-16.350139,-68.1315,5233.0,lev20,Almucantar,Mount_Chacaltaya,284,284.850162,0.036778,0.023216,0.018213,0.0159,1.0336025,61.160477,60.441824,3.583591,0.089834,0.038831,3,10,8,5,3,10,8,5,3,10,8,5,3,10,8,5,0.07516,0.13309,0.18867,0.21407,1,1,02:12:2024,16:06:08,14,-16.350139,-68.1315,5233.0,lev20,Almucantar,1.147969812223246,0.03229530465463959,0.8768357023303774,Unclassified,Maritime,,Unknown
15:10:2024,12:16:07,Mount_Chacaltaya,289,289.511192,0.090023,0.046192,0.030274,0.023447,1.593038,58.603835,59.323009,3.494568,0.080785,0.090023,4,10,7,5,4,9,7,4,4,10,7,5,3,10,5,5,0.0767,0.13404,0.18977,0.21775,1,1,02:12:2024,16:05:03,14,-16.350139,-68.1315,5233.0,lev20,Almucantar,Mount_Chacaltaya,289,289.511192,1.47015,1.4826,1.48925,1.48655,0.011893,0.011836,0.0124395,0.012941000000000001,58.603835,59.323009,3.494568,0.080785,0.090023,4,10,7,5,4,9,7,4,4,10,7,5,3,10,5,5,0.0767,0.13404,0.18977,0.21775,1,1,02:12:2024,16:05:03,14,-16.350139,-68.1315,5233.0,lev20,Almucantar,Mount_Chacaltaya,289,289.511192,0.9114,0.8854500000000001,0.8596,0.84035,58.603835,59.323009,3.494568,0.080785,0.090023,4,10,7,5,4,9,7,4,4,10,7,5,3,10,5,5,0.0767,0.13404,0.18977,0.21775,1,1,02:12:2024,16:05:03,14,-16.350139,-68.1315,5233.0,lev20,Almucantar,Mount_Chacaltaya,289,289.511192,0.0919,0.0468,0.0302,0.0238,0.0848,0.0393,0.0222,0.0155,0.0071,0.0075,0.008,0.0083,1.625157,58.603835,59.323009,3.494568,0.080785,0.090023,4,10,7,5,4,9,7,4,4,10,7,5,3,10,5,5,0.0767,0.13404,0.18977,0.21775,1,1,02:12:2024,16:05:03,14,-16.350139,-68.1315,5233.0,lev20,Almucantar,Mount_Chacaltaya,289,289.511192,0.036778,0.023216,0.018213,0.0159,1.0336025,58.603835,59.323009,3.494568,0.080785,0.090023,4,10,7,5,4,9,7,4,4,10,7,5,3,10,5,5,0.0767,0.13404,0.18977,0.21775,1,1,02:12:2024,16:05:03,14,-16.350139,-68.1315,5233.0,lev20,Almucantar,1.6324320520826905,0.07459114022248728,0.8887961841939667,BCL,Maritime,,Unknown
15:10:2024,12:40:56,Mount_Chacaltaya,289,289.528426,0.086779,0.044434,0.029082,0.022604,1.598122,52.653776,53.373026,3.568891,0.062754,0.086779,3,10,8,4,3,10,8,4,3,10,8,4,4,9,8,3,0.07314,0.12799,0.18078,0.20741,1,1,02:12:2024,16:06:46,14,-16.350139,-68.1315,5233.0,lev20,Almucantar,Mount_Chacaltaya,289,289.528426,1.47015,1.4826,1.48925,1.48655,0.011893,0.011836,0.0124395,0.012941000000000001,52.653776,53.373026,3.568891,0.062754,0.086779,3,10,8,4,3,10,8,4,3,10,8,4,4,9,8,3,0.07314,0.12799,0.18078,0.20741,1,1,02:12:2024,16:06:46,14,-16.350139,-68.1315,5233.0,lev20,Almucantar,Mount_Chacaltaya,289,289.528426,0.9114,0.8854500000000001,0.8596,0.84035,52.653776,53.373026,3.568891,0.062754,0.086779,3,10,8,4,3,10,8,4,3,10,8,4,4,9,8,3,0.07314,0.12799,0.18078,0.20741,1,1,02:12:2024,16:06:46,14,-16.350139,-68.1315,5233.0,lev20,Almucantar,Mount_Chacaltaya,289,289.528426,0.0873,0.0448,0.0295,0.0233,0.0799,0.0369,0.0212,0.0147,0.0074,0.0078,0.0083,0.0087,1.586694,52.653776,53.373026,3.568891,0.062754,0.086779,3,10,8,4,3,10,8,4,3,10,8,4,4,9,8,3,0.07314,0.12799,0.18078,0.20741,1,1,02:12:2024,16:06:46,14,-16.350139,-68.1315,5233.0,lev20,Almucantar,Mount_Chacaltaya,289,289.528426,0.036778,0.023216,0.018213,0.0159,1.0336025,52.653776,53.373026,3.568891,0.062754,0.086779,3,10,8,4,3,10,8,4,3,10,8,4,4,9,8,3,0.07314,0.12799,0.18078,0.20741,1,1,02:12:2024,16:06:46,14,-16.350139,-68.1315,5233.0,lev20,Almucantar,1.591507673316834,0.07122918749765395,0.8775140525169307,BCL,Maritime,,Unknown
18:10:2024,12:14:08,Mount_Chacaltaya,292,292.509815,0.058723,0.03353,0.022763,0.018342,1.380451,58.678278,59.397064,2.897532,0.08731,0.058723,4,10,7,5,4,10,7,5,4,10,7,5,3,10,8,5,0.07678,0.13418,0.18996,0.21787,1,1,02:12:2024,16:07:28,14,-16.350139,-68.1315,5233.0,lev20,Almucantar,Mount_Chacaltaya,292,292.509815,1.47015,1.4826,1.48925,1.48655,0.011893,0.011836,0.0124395,0.012941000000000001,58.678278,59.397064,2.897532,0.08731,0.058723,4,10,7,5,4,10,7,5,4,10,7,5,3,10,8,5,0.07678,0.13418,0.18996,0.21787,1,1,02:12:2024,16:07:28,14,-16.350139,-68.1315,5233.0,lev20,Almucantar,Mount_Chacaltaya,292,292.509815,0.9114,0.8854500000000001,0.8596,0.84035,58.678278,59.397064,2.897532,0.08731,0.058723,4,10,7,5,4,10,7,5,4,10,7,5,3,10,8,5,0.07678,0.13418,0.18996,0.21787,1,1,02:12:2024,16:07:28,14,-16.350139,-68.1315,5233.0,lev20,Almucantar,Mount_Chacaltaya,292,292.509815,0.0572,0.0336,0.0233,0.0188,0.0516,0.0278,0.0173,0.0127,0.0056,0.0058,0.006,0.0061,1.308437,58.678278,59.397064,2.897532,0.08731,0.058723,4,10,7,5,4,10,7,5,4,10,7,5,3,10,8,5,0.07678,0.13418,0.18996,0.21787,1,1,02:12:2024,16:07:28,14,-16.350139,-68.1315,5233.0,lev20,Almucantar,Mount_Chacaltaya,292,292.509815,0.036778,0.023216,0.018213,0.0159,1.0336025,58.678278,59.397064,2.897532,0.08731,0.058723,4,10,7,5,4,10,7,5,4,10,7,5,3,10,8,5,0.07678,0.13418,0.18996,0.21787,1,1,02:12:2024,16:07:28,14,-16.350139,-68.1315,5233.0,lev20,Almucantar,1.3174067564875667,0.04833448838337759,0.8699874753267817,BCL,Maritime,,Unknown
18:10:2024,12:39:23,Mount_Chacaltaya,292,292.52735,0.057171,0.03228,0.021739,0.017174,1.408424,52.625223,53.344599,2.506033,0.104721,0.057171,3,10,8,4,3,10,8,4,3,10,8,4,4,10,8,4,0.07311,0.12795,0.18071,0.20734,1,1,02:12:2024,16:08:57,14,-16.350139,-68.1315,5233.0,lev20,Almucantar,Mount_Chacaltaya,292,292.52735,1.47015,1.4826,1.48925,1.48655,0.011893,0.011836,0.0124395,0.012941000000000001,52.625223,53.344599,2.506033,0.104721,0.057171,3,10,8,4,3,10,8,4,3,10,8,4,4,10,8,4,0.07311,0.12795,0.18071,0.20734,1,1,02:12:2024,16:08:57,14,-16.350139,-68.1315,5233.0,lev20,Almucantar,Mount_Chacaltaya,292,292.52735,0.9114,0.8854500000000001,0.8596,0.84035,52.625223,53.344599,2.506033,0.104721,0.057171,3,10,8,4,3,10,8,4,3,10,8,4,4,10,8,4,0.07311,0.12795,0.18071,0.20734,1,1,02:12:2024,16:08:57,14,-16.350139,-68.1315,5233.0,lev20,Almucantar,Mount_Chacaltaya,292,292.52735,0.0557,0.0327,0.0226,0.0182,0.0498,0.0265,0.0163,0.0118,0.0059,0.0061,0.0063,0.0064,1.31373,52.625223,53.344599,2.506033,0.104721,0.057171,3,10,8,4,3,10,8,4,3,10,8,4,4,10,8,4,0.07311,0.12795,0.18071,0.20734,1,1,02:12:2024,16:08:57,14,-16.350139,-68.1315,5233.0,lev20,Almucantar,Mount_Chacaltaya,292,292.52735,0.036778,0.023216,0.018213,0.0159,1.0336025,52.625223,53.344599,2.506033,0.104721,0.057171,3,10,8,4,3,10,8,4,3,10,8,4,4,10,8,4,0.07311,0.12795,0.18071,0.20734,1,1,02:12:2024,16:08:57,14,-16.350139,-68.1315,5233.0,lev20,Almucantar,1.3231711635395782,0.04703230546975728,0.8581663020689932,BCL,Maritime,,Unknown
19:10:2024,12:38:39,Mount_Chacaltaya,293,293.52684,0.033248,0.020658,0.01356,0.010966,1.292993,52.676947,53.396267,4.04809,0.200541,0.033248,3,10,8,4,3,10,8,4,3,10,8,4,4,10,8,4,0.07313,0.128,0.18079,0.20742,1,1,02:12:2024,16:13:00,14,-16.350139,-68.1315,5233.0,lev20,Almucantar,Mount_Chacaltaya,293,293.52684,1.47015,1.4826,1.48925,1.48655,0.011893,0.011836,0.0124395,0.012941000000000001,52.676947,53.396267,4.04809,0.200541,0.033248,3,10,8,4,3,10,8,4,3,10,8,4,4,10,8,4,0.07313,0.128,0.18079,0.20742,1,1,02:12:2024,16:13:00,14,-16.350139,-68.1315,5233.0,lev20,Almucantar,Mount_Chacaltaya,293,293.52684,0.9114,0.8854500000000001,0.8596,0.84035,52.676947,53.396267,4.04809,0.200541,0.033248,3,10,8,4,3,10,8,4,3,10,8,4,4,10,8,4,0.07313,0.128,0.18079,0.20742,1,1,02:12:2024,16:13:00,14,-16.350139,-68.1315,5233.0,lev20,Almucantar,Mount_Chacaltaya,293,293.52684,0.0361,0.0225,0.0152,0.012,0.033,0.0192,0.0119,0.0086,0.0031,0.0032,0.0033,0.0034,1.250432,52.676947,53.396267,4.04809,0.200541,0.033248,3,10,8,4,3,10,8,4,3,10,8,4,4,10,8,4,0.07313,0.128,0.18079,0.20742,1,1,02:12:2024,16:13:00,14,-16.350139,-68.1315,5233.0,lev20,Almucantar,Mount_Chacaltaya,293,293.52684,0.036778,0.023216,0.018213,0.0159,1.0336025,52.676947,53.396267,4.04809,0.200541,0.033248,3,10,8,4,3,10,8,4,3,10,8,4,4,10,8,4,0.07313,0.128,0.18079,0.20742,1,1,02:12:2024,16:13:00,14,-16.350139,-68.1315,5233.0,lev20,Almucantar,1.2688484423613235,0.030694751866836182,0.8899568469885507,BCL,Maritime,,Unknown
19:10:2024,20:00:22,Mount_Chacaltaya,293,293.833588,0.080312,0.04531,0.032342,0.026525,1.333418,55.118119,54.399314,2.570455,0.112286,0.080312,4,10,8,4,4,10,7,4,4,10,6,4,4,10,5,4,0.0752,0.1308,0.18401,0.20897,1,1,02:12:2024,16:03:49,14,-16.350139,-68.1315,5233.0,lev20,Almucantar,Mount_Chacaltaya,293,293.833588,1.47015,1.4826,1.48925,1.48655,0.011893,0.011836,0.0124395,0.012941000000000001,55.118119,54.399314,2.570455,0.112286,0.080312,4,10,8,4,4,10,7,4,4,10,6,4,4,10,5,4,0.0752,0.1308,0.18401,0.20897,1,1,02:12:2024,16:03:49,14,-16.350139,-68.1315,5233.0,lev20,Almucantar,Mount_Chacaltaya,293,293.833588,0.9114,0.8854500000000001,0.8596,0.84035,55.118119,54.399314,2.570455,0.112286,0.080312,4,10,8,4,4,10,7,4,4,10,6,4,4,10,5,4,0.0752,0.1308,0.18401,0.20897,1,1,02:12:2024,16:03:49,14,-16.350139,-68.1315,5233.0,lev20,Almucantar,Mount_Chacaltaya,293,293.833588,0.0785,0.0454,0.0325,0.027,0.067,0.0334,0.02,0.0143,0.0115,0.012,0.0125,0.0127,1.290984,55.118119,54.399314,2.570455,0.112286,0.080312,4,10,8,4,4,10,7,4,4,10,6,4,4,10,5,4,0.0752,0.1308,0.18401,0.20897,1,1,02:12:2024,16:03:49,14,-16.350139,-68.1315,5233.0,lev20,Almucantar,Mount_Chacaltaya,293,293.833588,0.036778,0.023216,0.018213,0.0159,1.0336025,55.118119,54.399314,2.570455,0.112286,0.080312,4,10,8,4,4,10,7,4,4,10,6,4,4,10,5,4,0.0752,0.1308,0.18401,0.20897,1,1,02:12:2024,16:03:49,14,-16.350139,-68.1315,5233.0,lev20,Almucantar,1.293581669263023,0.06653550524790816,0.8007463826541925,BCL,Maritime,,Unknown
21:10:2024,12:37:42,Mount_Chacaltaya,295,295.526181,0.046736,0.027526,0.019088,0.016135,1.304335,52.670728,53.389803,3.050458,0.112188,0.046736,3,10,8,4,3,10,8,4,3,10,8,4,4,10,8,4,0.07314,0.12801,0.1808,0.20743,1,1,02:12:2024,16:09:50,14,-16.350139,-68.1315,5233.0,lev20,Almucantar,Mount_Chacaltaya,295,295.526181,1.47015,1.4826,1.48925,1.48655,0.011893,0.011836,0.0124395,0.012941000000000001,52.670728,53.389803,3.050458,0.112188,0.046736,3,10,8,4,3,10,8,4,3,10,8,4,4,10,8,4,0.07314,0.12801,0.1808,0.20743,1,1,02:12:2024,16:09:50,14,-16.350139,-68.1315,5233.0,lev20,Almucantar,Mount_Chacaltaya,295,295.526181,0.9114,0.8854500000000001,0.8596,0.84035,52.670728,53.389803,3.050458,0.112188,0.046736,3,10,8,4,3,10,8,4,3,10,8,4,4,10,8,4,0.07314,0.12801,0.1808,0.20743,1,1,02:12:2024,16:09:50,14,-16.350139,-68.1315,5233.0,lev20,Almucantar,Mount_Chacaltaya,295,295.526181,0.0449,0.0281,0.0203,0.0165,0.0393,0.0223,0.0143,0.0104,0.0056,0.0058,0.006,0.0061,1.156116,52.670728,53.389803,3.050458,0.112188,0.046736,3,10,8,4,3,10,8,4,3,10,8,4,4,10,8,4,0.07314,0.12801,0.1808,0.20743,1,1,02:12:2024,16:09:50,14,-16.350139,-68.1315,5233.0,lev20,Almucantar,Mount_Chacaltaya,295,295.526181,0.036778,0.023216,0.018213,0.0159,1.0336025,52.670728,53.389803,3.050458,0.112188,0.046736,3,10,8,4,3,10,8,4,3,10,8,4,4,10,8,4,0.07314,0.12801,0.1808,0.20743,1,1,02:12:2024,16:09:50,14,-16.350139,-68.1315,5233.0,lev20,Almucantar,1.1644350659018763,0.0386901147414478,0.8407495342757453,Unclassified,Maritime,,Unknown
21:10:2024,21:09:49,Mount_Chacaltaya,295,295.881817,0.075311,0.042865,0.030534,0.025044,1.32234,71.621084,70.907891,3.054009,0.061341,0.075311,4,10,7,3,4,10,7,3,4,10,7,3,4,10,7,3,0.09174,0.15778,0.22213,0.24941,1,1,02:12:2024,16:02:09,14,-16.350139,-68.1315,5233.0,lev20,Almucantar,Mount_Chacaltaya,295,295.881817,1.47015,1.4826,1.48925,1.48655,0.011893,0.011836,0.0124395,0.012941000000000001,71.621084,70.907891,3.054009,0.061341,0.075311,4,10,7,3,4,10,7,3,4,10,7,3,4,10,7,3,0.09174,0.15778,0.22213,0.24941,1,1,02:12:2024,16:02:09,14,-16.350139,-68.1315,5233.0,lev20,Almucantar,Mount_Chacaltaya,295,295.881817,0.9114,0.8854500000000001,0.8596,0.84035,71.621084,70.907891,3.054009,0.061341,0.075311,4,10,7,3,4,10,7,3,4,10,7,3,4,10,7,3,0.09174,0.15778,0.22213,0.24941,1,1,02:12:2024,16:02:09,14,-16.350139,-68.1315,5233.0,lev20,Almucantar,Mount_Chacaltaya,295,295.881817,0.075,0.0436,0.0312,0.0258,0.0649,0.033,0.0201,0.0145,0.0101,0.0107,0.0111,0.0113,1.283436,71.621084,70.907891,3.054009,0.061341,0.075311,4,10,7,3,4,10,7,3,4,10,7,3,4,10,7,3,0.09174,0.15778,0.22213,0.24941,1,1,02:12:2024,16:02:09,14,-16.350139,-68.1315,5233.0,lev20,Almucantar,Mount_Chacaltaya,295,295.881817,0.036778,0.023216,0.018213,0.0159,1.0336025,71.621084,70.907891,3.054009,0.061341,0.075311,4,10,7,3,4,10,7,3,4,10,7,3,4,10,7,3,0.09174,0.15778,0.22213,0.24941,1,1,02:12:2024,16:02:09,14,-16.350139,-68.1315,5233.0,lev20,Almucantar,1.2865574842966303,0.06362605986177935,0.8171175517621326,BCL,Maritime,,Unknown
