Date,Time,AOD_Site,AOD_Day_of_Year,AOD_Day_of_Year(Fraction),AOD_Extinction-Total[440nm],AOD_Extinction-Total[675nm],AOD_Extinction-Total[870nm],AOD_Extinction-Total[1020nm],AOD_Extinction-Fine[440nm],AOD_Extinction-Fine[675nm],AOD_Extinction-Fine[870nm],AOD_Extinction-Fine[1020nm],AOD_Extinction-Coarse[440nm],AOD_Extinction-Coarse[675nm],AOD_Extinction-Coarse[870nm],AOD_Extinction-Coarse[1020nm],AOD_Extinction_Angstrom_Exponent_440-870nm-Total,AOD_Average_Solar_Zenith_Angles_for_Flux_Calculation(Degrees),AOD_Solar_Zenith_Angle_for_Measurement_Start(Degrees),AOD_Sky_Residual(%),AOD_Sun_Residual(%),AOD_Coincident_AOD440nm,AOD_Scattering_Angle_Bin_3.2_to_<6_degrees[440nm],AOD_Scattering_Angle_Bin_6_to_<30_degrees[440nm],AOD_Scattering_Angle_Bin_30_to_<80_degrees[440nm],AOD_Scattering_Angle_Bin_80_degrees_and_over[440nm],AOD_Scattering_Angle_Bin_3.2_to_<6_degrees[675nm],AOD_Scattering_Angle_Bin_6_to_<30_degrees[675nm],AOD_Scattering_Angle_Bin_30_to_<80_degrees[675nm],AOD_Scattering_Angle_Bin_80_degrees_and_over[675nm],AOD_Scattering_Angle_Bin_3.2_to_<6_degrees[870nm],AOD_Scattering_Angle_Bin_6_to_<30_degrees[870nm],AOD_Scattering_Angle_Bin_30_to_<80_degrees[870nm],AOD_Scattering_Angle_Bin_80_degrees_and_over[870nm],AOD_Scattering_Angle_Bin_3.2_to_<6_degrees[1020nm],AOD_Scattering_Angle_Bin_6_to_<30_degrees[1020nm],AOD_Scattering_Angle_Bin_30_to_<80_degrees[1020nm],AOD_Scattering_Angle_Bin_80_degrees_and_over[1020nm],AOD_Surface_Albedo[440m],AOD_Surface_Albedo[675m],AOD_Surface_Albedo[870m],AOD_Surface_Albedo[1020m],AOD_If_Retrieval_is_L2(without_L2_0.4_AOD_440_threshold),AOD_If_AOD_is_L2,AOD_Last_Processing_Date(dd:mm:yyyy),AOD_Last_Processing_Time(hh:mm:ss),AOD_Instrument_Number,AOD_Latitude(Degrees),AOD_Longitude(Degrees),AOD_Elevation(m),AOD_Inversion_Data_Quality_Level,AOD_Retrieval_Measurement_Scan_Type,CAD_Site,CAD_Day_of_Year,CAD_Day_of_Year(Fraction),CAD_AOD_Coincident_Input[440nm],CAD_AOD_Coincident_Input[675nm],CAD_AOD_Coincident_Input[870nm],CAD_AOD_Coincident_Input[1020nm],CAD_Angstrom_Exponent_440-870nm_from_Coincident_Input_AOD,CAD_Average_Solar_Zenith_Angles_for_Flux_Calculation(Degrees),CAD_Solar_Zenith_Angle_for_Measurement_Start(Degrees),CAD_Sky_Residual(%),CAD_Sun_Residual(%),CAD_Coincident_AOD440nm,CAD_Scattering_Angle_Bin_3.2_to_<6_degrees[440nm],CAD_Scattering_Angle_Bin_6_to_<30_degrees[440nm],CAD_Scattering_Angle_Bin_30_to_<80_degrees[440nm],CAD_Scattering_Angle_Bin_80_degrees_and_over[440nm],CAD_Scattering_Angle_Bin_3.2_to_<6_degrees[675nm],CAD_Scattering_Angle_Bin_6_to_<30_degrees[675nm],CAD_Scattering_Angle_Bin_30_to_<80_degrees[675nm],CAD_Scattering_Angle_Bin_80_degrees_and_over[675nm],CAD_Scattering_Angle_Bin_3.2_to_<6_degrees[870nm],CAD_Scattering_Angle_Bin_6_to_<30_degrees[870nm],CAD_Scattering_Angle_Bin_30_to_<80_degrees[870nm],CAD_Scattering_Angle_Bin_80_degrees_and_over[870nm],CAD_Scattering_Angle_Bin_3.2_to_<6_degrees[1020nm],CAD_Scattering_Angle_Bin_6_to_<30_degrees[1020nm],CAD_Scattering_Angle_Bin_30_to_<80_degrees[1020nm],CAD_Scattering_Angle_Bin_80_degrees_and_over[1020nm],CAD_Surface_Albedo[440m],CAD_Surface_Albedo[675m],CAD_Surface_Albedo[870m],CAD_Surface_Albedo[1020m],CAD_If_Retrieval_is_L2(without_L2_0.4_AOD_440_threshold),CAD_If_AOD_is_L2,CAD_Last_Processing_Date(dd:mm:yyyy),CAD_Last_Processing_Time(hh:mm:ss),CAD_Instrument_Number,CAD_Latitude(Degrees),CAD_Longitude(Degrees),CAD_Elevation(m),CAD_Inversion_Data_Quality_Level,CAD_Retrieval_Measurement_Scan_Type,RIN_Site,RIN_Day_of_Year,RIN_Day_of_Year(Fraction),RIN_Refractive_Index-Real_Part[440nm],RIN_Refractive_Index-Real_Part[675nm],RIN_Refractive_Index-Real_Part[870nm],RIN_Refractive_Index-Real_Part[1020nm],RIN_Refractive_Index-Imaginary_Part[440nm],RIN_Refractive_Index-Imaginary_Part[675nm],RIN_Refractive_Index-Imaginary_Part[870nm],RIN_Refractive_Index-Imaginary_Part[1020nm],RIN_Average_Solar_Zenith_Angles_for_Flux_Calculation(Degrees),RIN_Solar_Zenith_Angle_for_Measurement_Start(Degrees),RIN_Sky_Residual(%),RIN_Sun_Residual(%),RIN_Coincident_AOD440nm,RIN_Scattering_Angle_Bin_3.2_to_<6_degrees[440nm],RIN_Scattering_Angle_Bin_6_to_<30_degrees[440nm],RIN_Scattering_Angle_Bin_30_to_<80_degrees[440nm],RIN_Scattering_Angle_Bin_80_degrees_and_over[440nm],RIN_Scattering_Angle_Bin_3.2_to_<6_degrees[675nm],RIN_Scattering_Angle_Bin_6_to_<30_degrees[675nm],RIN_Scattering_Angle_Bin_30_to_<80_degrees[675nm],RIN_Scattering_Angle_Bin_80_degrees_and_over[675nm],RIN_Scattering_Angle_Bin_3.2_to_<6_degrees[870nm],RIN_Scattering_Angle_Bin_6_to_<30_degrees[870nm],RIN_Scattering_Angle_Bin_30_to_<80_degrees[870nm],RIN_Scattering_Angle_Bin_80_degrees_and_over[870nm],RIN_Scattering_Angle_Bin_3.2_to_<6_degrees[1020nm],RIN_Scattering_Angle_Bin_6_to_<30_degrees[1020nm],RIN_Scattering_Angle_Bin_30_to_<80_degrees[1020nm],RIN_Scattering_Angle_Bin_80_degrees_and_over[1020nm],RIN_Surface_Albedo[440m],RIN_Surface_Albedo[675m],RIN_Surface_Albedo[870m],RIN_Surface_Albedo[1020m],RIN_If_Retrieval_is_L2(without_L2_0.4_AOD_440_threshold),RIN_If_AOD_is_L2,RIN_Last_Processing_Date(dd:mm:yyyy),RIN_Last_Processing_Time(hh:mm:ss),RIN_Instrument_Number,RIN_Latitude(Degrees),RIN_Longitude(Degrees),RIN_Elevation(m),RIN_Inversion_Data_Quality_Level,RIN_Retrieval_Measurement_Scan_Type,SSA_Site,SSA_Day_of_Year,SSA_Day_of_Year(Fraction),Single_Scattering_Albedo[440nm],Single_Scattering_Albedo[675nm],Single_Scattering_Albedo[870nm],Single_Scattering_Albedo[1020nm],SSA_Average_Solar_Zenith_Angles_for_Flux_Calculation(Degrees),SSA_Solar_Zenith_Angle_for_Measurement_Start(Degrees),SSA_Sky_Residual(%),SSA_Sun_Residual(%),SSA_Coincident_AOD440nm,SSA_Scattering_Angle_Bin_3.2_to_<6_degrees[440nm],SSA_Scattering_Angle_Bin_6_to_<30_degrees[440nm],SSA_Scattering_Angle_Bin_30_to_<80_degrees[440nm],SSA_Scattering_Angle_Bin_80_degrees_and_over[440nm],SSA_Scattering_Angle_Bin_3.2_to_<6_degrees[675nm],SSA_Scattering_Angle_Bin_6_to_<30_degrees[675nm],SSA_Scattering_Angle_Bin_30_to_<80_degrees[675nm],SSA_Scattering_Angle_Bin_80_degrees_and_over[675nm],SSA_Scattering_Angle_Bin_3.2_to_<6_degrees[870nm],SSA_Scattering_Angle_Bin_6_to_<30_degrees[870nm],SSA_Scattering_Angle_Bin_30_to_<80_degrees[870nm],SSA_Scattering_Angle_Bin_80_degrees_and_over[870nm],SSA_Scattering_Angle_Bin_3.2_to_<6_degrees[1020nm],SSA_Scattering_Angle_Bin_6_to_<30_degrees[1020nm],SSA_Scattering_Angle_Bin_30_to_<80_degrees[1020nm],SSA_Scattering_Angle_Bin_80_degrees_and_over[1020nm],SSA_Surface_Albedo[440m],SSA_Surface_Albedo[675m],SSA_Surface_Albedo[870m],SSA_Surface_Albedo[1020m],SSA_If_Retrieval_is_L2(without_L2_0.4_AOD_440_threshold),SSA_If_AOD_is_L2,SSA_Last_Processing_Date(dd:mm:yyyy),SSA_Last_Processing_Time(hh:mm:ss),SSA_Instrument_Number,SSA_Latitude(Degrees),SSA_Longitude(Degrees),SSA_Elevation(m),SSA_Inversion_Data_Quality_Level,SSA_Retrieval_Measurement_Scan_Type,TAB_Site,TAB_Day_of_Year,TAB_Day_of_Year(Fraction),TAB_Absorption_AOD[440nm],TAB_Absorption_AOD[675nm],TAB_Absorption_AOD[870nm],TAB_Absorption_AOD[1020nm],TAB_Absorption_Angstrom_Exponent_440-870nm,TAB_Average_Solar_Zenith_Angles_for_Flux_Calculation(Degrees),TAB_Solar_Zenith_Angle_for_Measurement_Start(Degrees),TAB_Sky_Residual(%),TAB_Sun_Residual(%),TAB_Coincident_AOD440nm,TAB_Scattering_Angle_Bin_3.2_to_<6_degrees[440nm],TAB_Scattering_Angle_Bin_6_to_<30_degrees[440nm],TAB_Scattering_Angle_Bin_30_to_<80_degrees[440nm],TAB_Scattering_Angle_Bin_80_degrees_and_over[440nm],TAB_Scattering_Angle_Bin_3.2_to_<6_degrees[675nm],TAB_Scattering_Angle_Bin_6_to_<30_degrees[675nm],TAB_Scattering_Angle_Bin_30_to_<80_degrees[675nm],TAB_Scattering_Angle_Bin_80_degrees_and_over[675nm],TAB_Scattering_Angle_Bin_3.2_to_<6_degrees[870nm],TAB_Scattering_Angle_Bin_6_to_<30_degrees[870nm],TAB_Scattering_Angle_Bin_30_to_<80_degrees[870nm],TAB_Scattering_Angle_Bin_80_degrees_and_over[870nm],TAB_Scattering_Angle_Bin_3.2_to_<6_degrees[1020nm],TAB_Scattering_Angle_Bin_6_to_<30_degrees[1020nm],TAB_Scattering_Angle_Bin_30_to_<80_degrees[1020nm],TAB_Scattering_Angle_Bin_80_degrees_and_over[1020nm],TAB_Surface_Albedo[440m],TAB_Surface_Albedo[675m],TAB_Surface_Albedo[870m],TAB_Surface_Albedo[1020m],TAB_If_Retrieval_is_L2(without_L2_0.4_AOD_440_threshold),TAB_If_AOD_is_L2,TAB_Last_Processing_Date(dd:mm:yyyy),TAB_Last_Processing_Time(hh:mm:ss),TAB_Instrument_Number,TAB_Latitude(Degrees),TAB_Longitude(Degrees),TAB_Elevation(m),TAB_Inversion_Data_Quality_Level,TAB_Retrieval_Measurement_Scan_Type,AE,AOD_Extinction-Total[500nm],FMF,Label,Source,Day_of_Year,Season
15:07:2002,20:53:09,Ji_Parana_UNIR,196,196.870243,0.2809,0.1248,0.0792,0.0618,0.2566,0.0984,0.0522,0.0347,0.0243,0.0264,0.027,0.0271,1.866833,76.346015,75.684617,2.701205,0.025185,0.279477,4,10,6,6,4,10,6,6,4,10,5,3,4,8,4,3,0.0614,0.10803,0.38158,0.39974,1,1,25:06:2023,14:50:57,90,-10.882212,-61.9686,175.0,lev20,Almucantar,Ji_Parana_UNIR,196,196.870243,0.279477,0.1239,0.079452,0.061708,1.856473,76.346015,75.684617,2.701205,0.025185,0.279477,4,10,6,6,4,10,6,6,4,10,5,3,4,8,4,3,0.0614,0.10803,0.38158,0.39974,1,1,25:06:2023,14:50:57,90,-10.882212,-61.9686,175.0,lev20,Almucantar,Ji_Parana_UNIR,196,196.870243,1.4754,1.4846,1.4878,1.4841,0.010224,0.009004,0.009193,0.009292,76.346015,75.684617,2.701205,0.025185,0.279477,4,10,6,6,4,10,6,6,4,10,5,3,4,8,4,3,0.0614,0.10803,0.38158,0.39974,1,1,25:06:2023,14:50:57,90,-10.882212,-61.9686,175.0,lev20,Almucantar,Ji_Parana_UNIR,196,196.870243,0.9327,0.9209,0.9007,0.8859,76.346015,75.684617,2.701205,0.025185,0.279477,4,10,6,6,4,10,6,6,4,10,5,3,4,8,4,3,0.0614,0.10803,0.38158,0.39974,1,1,25:06:2023,14:50:57,90,-10.882212,-61.9686,175.0,lev20,Almucantar,Ji_Parana_UNIR,196,196.870243,0.055346,0.031912,0.023381,0.019242,1.305471,76.346015,75.684617,2.701205,0.025185,0.279477,4,10,6,6,4,10,6,6,4,10,5,3,4,8,4,3,0.0614,0.10803,0.38158,0.39974,1,1,25:06:2023,14:50:57,90,-10.882212,-61.9686,175.0,lev20,Almucantar,1.857104455337593,0.22153903635838731,0.8589734641574956,BCL,Urban,,Unknown
17:07:2002,11:36:56,Ji_Parana_UNIR,198,198.483981,0.4057,0.1837,0.1146,0.088,0.3747,0.1504,0.0798,0.0525,0.031,0.0333,0.0348,0.0355,1.859781,74.449033,75.110388,1.296787,0.008035,0.404297,4,10,7,6,4,10,7,6,4,10,7,6,4,10,6,6,0.05814,0.10473,0.37307,0.39574,1,1,25:06:2023,06:36:25,90,-10.882212,-61.9686,175.0,lev20,Almucantar,Ji_Parana_UNIR,198,198.483981,0.404297,0.183688,0.114542,0.087966,1.855058,74.449033,75.110388,1.296787,0.008035,0.404297,4,10,7,6,4,10,7,6,4,10,7,6,4,10,6,6,0.05814,0.10473,0.37307,0.39574,1,1,25:06:2023,06:36:25,90,-10.882212,-61.9686,175.0,lev20,Almucantar,Ji_Parana_UNIR,198,198.483981,1.5038,1.5083,1.5174,1.5204,0.016466,0.012067,0.011462,0.011218,74.449033,75.110388,1.296787,0.008035,0.404297,4,10,7,6,4,10,7,6,4,10,7,6,4,10,6,6,0.05814,0.10473,0.37307,0.39574,1,1,25:06:2023,06:36:25,90,-10.882212,-61.9686,175.0,lev20,Almucantar,Ji_Parana_UNIR,198,198.483981,0.8978,0.8886,0.8675,0.8548,74.449033,75.110388,1.296787,0.008035,0.404297,4,10,7,6,4,10,7,6,4,10,7,6,4,10,6,6,0.05814,0.10473,0.37307,0.39574,1,1,25:06:2023,06:36:25,90,-10.882212,-61.9686,175.0,lev20,Almucantar,Ji_Parana_UNIR,198,198.483981,0.041453,0.020453,0.015192,0.012784,1.495481,74.449033,75.110388,1.296787,0.008035,0.404297,4,10,7,6,4,10,7,6,4,10,7,6,4,10,6,6,0.05814,0.10473,0.37307,0.39574,1,1,25:06:2023,06:36:25,90,-10.882212,-61.9686,175.0,lev20,Almucantar,1.8543815287929606,0.32007717139261244,0.8807152192913288,BCM,Urban,,Unknown
17:07:2002,19:41:37,Ji_Parana_UNIR,198,198.820567,0.3529,0.1702,0.1129,0.0919,0.3096,0.1241,0.0649,0.043,0.0432,0.0461,0.048,0.0489,1.680265,60.778265,60.154812,1.941577,0.081063,0.350537,3,10,8,5,3,10,8,5,3,10,8,5,3,10,8,5,0.04863,0.09109,0.31093,0.33203,1,1,25:06:2023,06:40:01,90,-10.882212,-61.9686,175.0,lev20,Almucantar,Ji_Parana_UNIR,198,198.820567,0.350537,0.169292,0.113129,0.089949,1.668399,60.778265,60.154812,1.941577,0.081063,0.350537,3,10,8,5,3,10,8,5,3,10,8,5,3,10,8,5,0.04863,0.09109,0.31093,0.33203,1,1,25:06:2023,06:40:01,90,-10.882212,-61.9686,175.0,lev20,Almucantar,Ji_Parana_UNIR,198,198.820567,1.4754,1.4846,1.4878,1.4841,0.010224,0.009004,0.009193,0.009292,60.778265,60.154812,1.941577,0.081063,0.350537,3,10,8,5,3,10,8,5,3,10,8,5,3,10,8,5,0.04863,0.09109,0.31093,0.33203,1,1,25:06:2023,06:40:01,90,-10.882212,-61.9686,175.0,lev20,Almucantar,Ji_Parana_UNIR,198,198.820567,0.9327,0.9209,0.9007,0.8859,60.778265,60.154812,1.941577,0.081063,0.350537,3,10,8,5,3,10,8,5,3,10,8,5,3,10,8,5,0.04863,0.09109,0.31093,0.33203,1,1,25:06:2023,06:40:01,90,-10.882212,-61.9686,175.0,lev20,Almucantar,Ji_Parana_UNIR,198,198.820567,0.055346,0.031912,0.023381,0.019242,1.305471,60.778265,60.154812,1.941577,0.081063,0.350537,3,10,8,5,3,10,8,5,3,10,8,5,3,10,8,5,0.04863,0.09109,0.31093,0.33203,1,1,25:06:2023,06:40:01,90,-10.882212,-61.9686,175.0,lev20,Almucantar,1.6717784320699742,0.2849961459777735,0.8120412287308024,BCL,Urban,,Unknown
21:07:2002,11:36:18,Ji_Parana_UNIR,202,202.483542,0.1408,0.0746,0.0538,0.0437,0.1279,0.0606,0.0389,0.0284,0.0129,0.014,0.0149,0.0154,1.423164,74.418992,75.084678,2.80136,0.051376,0.140894,4,10,7,6,4,10,6,6,4,10,6,6,4,10,6,6,0.06021,0.10832,0.36791,0.39028,1,1,25:06:2023,06:41:54,90,-10.882212,-61.9686,175.0,lev20,Almucantar,Ji_Parana_UNIR,202,202.483542,0.140894,0.073839,0.05341,0.044844,1.436294,74.418992,75.084678,2.80136,0.051376,0.140894,4,10,7,6,4,10,6,6,4,10,6,6,4,10,6,6,0.06021,0.10832,0.36791,0.39028,1,1,25:06:2023,06:41:54,90,-10.882212,-61.9686,175.0,lev20,Almucantar,Ji_Parana_UNIR,202,202.483542,1.4754,1.4846,1.4878,1.4841,0.010224,0.009004,0.009193,0.009292,74.418992,75.084678,2.80136,0.051376,0.140894,4,10,7,6,4,10,6,6,4,10,6,6,4,10,6,6,0.06021,0.10832,0.36791,0.39028,1,1,25:06:2023,06:41:54,90,-10.882212,-61.9686,175.0,lev20,Almucantar,Ji_Parana_UNIR,202,202.483542,0.9327,0.9209,0.9007,0.8859,74.418992,75.084678,2.80136,0.051376,0.140894,4,10,7,6,4,10,6,6,4,10,6,6,4,10,6,6,0.06021,0.10832,0.36791,0.39028,1,1,25:06:2023,06:41:54,90,-10.882212,-61.9686,175.0,lev20,Almucantar,Ji_Parana_UNIR,202,202.483542,0.055346,0.031912,0.023381,0.019242,1.305471,74.418992,75.084678,2.80136,0.051376,0.140894,4,10,7,6,4,10,6,6,4,10,6,6,4,10,6,6,0.06021,0.10832,0.36791,0.39028,1,1,25:06:2023,06:41:54,90,-10.882212,-61.9686,175.0,lev20,Almucantar,1.411237920192695,0.1175586246539016,0.8657773469578863,BCL,Maritime,,Unknown
21:07:2002,11:58:54,Ji_Parana_UNIR,202,202.499236,0.1396,0.0743,0.0536,0.0454,0.1233,0.0568,0.0352,0.0265,0.0163,0.0175,0.0184,0.0189,1.415688,69.441493,70.097908,1.354853,0.02286,0.139206,4,10,7,6,4,10,7,6,4,10,7,6,4,10,7,5,0.05584,0.10215,0.34163,0.36432,1,1,25:06:2023,06:23:01,90,-10.882212,-61.9686,175.0,lev20,Almucantar,Ji_Parana_UNIR,202,202.499236,0.139206,0.073215,0.053678,0.045598,1.412918,69.441493,70.097908,1.354853,0.02286,0.139206,4,10,7,6,4,10,7,6,4,10,7,6,4,10,7,5,0.05584,0.10215,0.34163,0.36432,1,1,25:06:2023,06:23:01,90,-10.882212,-61.9686,175.0,lev20,Almucantar,Ji_Parana_UNIR,202,202.499236,1.4754,1.4846,1.4878,1.4841,0.010224,0.009004,0.009193,0.009292,69.441493,70.097908,1.354853,0.02286,0.139206,4,10,7,6,4,10,7,6,4,10,7,6,4,10,7,5,0.05584,0.10215,0.34163,0.36432,1,1,25:06:2023,06:23:01,90,-10.882212,-61.9686,175.0,lev20,Almucantar,Ji_Parana_UNIR,202,202.499236,0.9327,0.9209,0.9007,0.8859,69.441493,70.097908,1.354853,0.02286,0.139206,4,10,7,6,4,10,7,6,4,10,7,6,4,10,7,5,0.05584,0.10215,0.34163,0.36432,1,1,25:06:2023,06:23:01,90,-10.882212,-61.9686,175.0,lev20,Almucantar,Ji_Parana_UNIR,202,202.499236,0.055346,0.031912,0.023381,0.019242,1.305471,69.441493,70.097908,1.354853,0.02286,0.139206,4,10,7,6,4,10,7,6,4,10,7,6,4,10,7,5,0.05584,0.10215,0.34163,0.36432,1,1,25:06:2023,06:23:01,90,-10.882212,-61.9686,175.0,lev20,Almucantar,1.4041457635137433,0.11666242444882056,0.8274313668238916,BCL,Maritime,,Unknown
21:07:2002,12:48:00,Ji_Parana_UNIR,202,202.533333,0.1158,0.0595,0.0423,0.0351,0.1015,0.0437,0.0257,0.018,0.0143,0.0158,0.0167,0.0171,1.489983,58.94701,59.572039,1.379725,0.073487,0.115862,4,10,7,5,3,11,7,5,3,11,7,5,3,10,8,4,0.04981,0.09373,0.30459,0.32797,1,1,25:06:2023,06:25:03,90,-10.882212,-61.9686,175.0,lev20,Almucantar,Ji_Parana_UNIR,202,202.533333,0.115862,0.058064,0.042833,0.036192,1.480227,58.94701,59.572039,1.379725,0.073487,0.115862,4,10,7,5,3,11,7,5,3,11,7,5,3,10,8,4,0.04981,0.09373,0.30459,0.32797,1,1,25:06:2023,06:25:03,90,-10.882212,-61.9686,175.0,lev20,Almucantar,Ji_Parana_UNIR,202,202.533333,1.4754,1.4846,1.4878,1.4841,0.010224,0.009004,0.009193,0.009292,58.94701,59.572039,1.379725,0.073487,0.115862,4,10,7,5,3,11,7,5,3,11,7,5,3,10,8,4,0.04981,0.09373,0.30459,0.32797,1,1,25:06:2023,06:25:03,90,-10.882212,-61.9686,175.0,lev20,Almucantar,Ji_Parana_UNIR,202,202.533333,0.9327,0.9209,0.9007,0.8859,58.94701,59.572039,1.379725,0.073487,0.115862,4,10,7,5,3,11,7,5,3,11,7,5,3,10,8,4,0.04981,0.09373,0.30459,0.32797,1,1,25:06:2023,06:25:03,90,-10.882212,-61.9686,175.0,lev20,Almucantar,Ji_Parana_UNIR,202,202.533333,0.055346,0.031912,0.023381,0.019242,1.305471,58.94701,59.572039,1.379725,0.073487,0.115862,4,10,7,5,3,11,7,5,3,11,7,5,3,10,8,4,0.04981,0.09373,0.30459,0.32797,1,1,25:06:2023,06:25:03,90,-10.882212,-61.9686,175.0,lev20,Almucantar,1.4772629782456077,0.09587267969350385,0.8122240302111401,BCL,Maritime,,Unknown
21:07:2002,13:15:56,Ji_Parana_UNIR,202,202.552731,0.1222,0.0655,0.0485,0.0407,0.1023,0.0439,0.0259,0.0175,0.0199,0.0216,0.0226,0.0231,1.370263,53.261418,53.859155,1.987191,0.088325,0.122038,3,10,8,4,4,10,8,4,4,10,8,4,4,10,8,4,0.04773,0.09088,0.29123,0.31494,1,1,25:06:2023,06:26:56,90,-10.882212,-61.9686,175.0,lev20,Almucantar,Ji_Parana_UNIR,202,202.552731,0.122038,0.063053,0.048027,0.040936,1.390342,53.261418,53.859155,1.987191,0.088325,0.122038,3,10,8,4,4,10,8,4,4,10,8,4,4,10,8,4,0.04773,0.09088,0.29123,0.31494,1,1,25:06:2023,06:26:56,90,-10.882212,-61.9686,175.0,lev20,Almucantar,Ji_Parana_UNIR,202,202.552731,1.4754,1.4846,1.4878,1.4841,0.010224,0.009004,0.009193,0.009292,53.261418,53.859155,1.987191,0.088325,0.122038,3,10,8,4,4,10,8,4,4,10,8,4,4,10,8,4,0.04773,0.09088,0.29123,0.31494,1,1,25:06:2023,06:26:56,90,-10.882212,-61.9686,175.0,lev20,Almucantar,Ji_Parana_UNIR,202,202.552731,0.9327,0.9209,0.9007,0.8859,53.261418,53.859155,1.987191,0.088325,0.122038,3,10,8,4,4,10,8,4,4,10,8,4,4,10,8,4,0.04773,0.09088,0.29123,0.31494,1,1,25:06:2023,06:26:56,90,-10.882212,-61.9686,175.0,lev20,Almucantar,Ji_Parana_UNIR,202,202.552731,0.055346,0.031912,0.023381,0.019242,1.305471,53.261418,53.859155,1.987191,0.088325,0.122038,3,10,8,4,4,10,8,4,4,10,8,4,4,10,8,4,0.04773,0.09088,0.29123,0.31494,1,1,25:06:2023,06:26:56,90,-10.882212,-61.9686,175.0,lev20,Almucantar,1.355537908219523,0.1027579338746378,0.761538570591542,BCL,Maritime,,Unknown
22:07:2002,11:36:08,Ji_Parana_UNIR,203,203.483426,0.1365,0.0704,0.0499,0.0411,0.1207,0.0526,0.0313,0.0222,0.0158,0.0178,0.0187,0.019,1.488051,74.404426,75.071248,1.063187,0.01168,0.136419,4,10,7,6,4,10,7,6,4,10,7,6,4,10,7,6,0.06018,0.10829,0.36783,0.39018,1,1,25:06:2023,06:42:11,90,-10.882212,-61.9686,175.0,lev20,Almucantar,Ji_Parana_UNIR,203,203.483426,0.136419,0.069617,0.050023,0.041656,1.48658,74.404426,75.071248,1.063187,0.01168,0.136419,4,10,7,6,4,10,7,6,4,10,7,6,4,10,7,6,0.06018,0.10829,0.36783,0.39018,1,1,25:06:2023,06:42:11,90,-10.882212,-61.9686,175.0,lev20,Almucantar,Ji_Parana_UNIR,203,203.483426,1.4754,1.4846,1.4878,1.4841,0.010224,0.009004,0.009193,0.009292,74.404426,75.071248,1.063187,0.01168,0.136419,4,10,7,6,4,10,7,6,4,10,7,6,4,10,7,6,0.06018,0.10829,0.36783,0.39018,1,1,25:06:2023,06:42:11,90,-10.882212,-61.9686,175.0,lev20,Almucantar,Ji_Parana_UNIR,203,203.483426,0.9327,0.9209,0.9007,0.8859,74.404426,75.071248,1.063187,0.01168,0.136419,4,10,7,6,4,10,7,6,4,10,7,6,4,10,7,6,0.06018,0.10829,0.36783,0.39018,1,1,25:06:2023,06:42:11,90,-10.882212,-61.9686,175.0,lev20,Almucantar,Ji_Parana_UNIR,203,203.483426,0.055346,0.031912,0.023381,0.019242,1.305471,74.404426,75.071248,1.063187,0.01168,0.136419,4,10,7,6,4,10,7,6,4,10,7,6,4,10,7,6,0.06018,0.10829,0.36783,0.39018,1,1,25:06:2023,06:42:11,90,-10.882212,-61.9686,175.0,lev20,Almucantar,1.476127807003448,0.1130269425881741,0.8210609079804654,BCL,Maritime,,Unknown
22:07:2002,11:58:40,Ji_Parana_UNIR,203,203.499074,0.1375,0.0715,0.0509,0.0425,0.1181,0.0501,0.0284,0.0194,0.0194,0.0213,0.0226,0.0231,1.469515,69.432524,70.090214,1.068603,0.0262,0.137232,4,10,7,6,4,10,7,6,4,10,7,6,4,10,7,6,0.05581,0.10212,0.34156,0.36427,1,1,25:06:2023,06:22:32,90,-10.882212,-61.9686,175.0,lev20,Almucantar,Ji_Parana_UNIR,203,203.499074,0.137232,0.070417,0.051097,0.042938,1.465076,69.432524,70.090214,1.068603,0.0262,0.137232,4,10,7,6,4,10,7,6,4,10,7,6,4,10,7,6,0.05581,0.10212,0.34156,0.36427,1,1,25:06:2023,06:22:32,90,-10.882212,-61.9686,175.0,lev20,Almucantar,Ji_Parana_UNIR,203,203.499074,1.4754,1.4846,1.4878,1.4841,0.010224,0.009004,0.009193,0.009292,69.432524,70.090214,1.068603,0.0262,0.137232,4,10,7,6,4,10,7,6,4,10,7,6,4,10,7,6,0.05581,0.10212,0.34156,0.36427,1,1,25:06:2023,06:22:32,90,-10.882212,-61.9686,175.0,lev20,Almucantar,Ji_Parana_UNIR,203,203.499074,0.9327,0.9209,0.9007,0.8859,69.432524,70.090214,1.068603,0.0262,0.137232,4,10,7,6,4,10,7,6,4,10,7,6,4,10,7,6,0.05581,0.10212,0.34156,0.36427,1,1,25:06:2023,06:22:32,90,-10.882212,-61.9686,175.0,lev20,Almucantar,Ji_Parana_UNIR,203,203.499074,0.055346,0.031912,0.023381,0.019242,1.305471,69.432524,70.090214,1.068603,0.0262,0.137232,4,10,7,6,4,10,7,6,4,10,7,6,4,10,7,6,0.05581,0.10212,0.34156,0.36427,1,1,25:06:2023,06:22:32,90,-10.882212,-61.9686,175.0,lev20,Almucantar,1.4577292765275673,0.11412307473026395,0.7870855280498043,BCL,Maritime,,Unknown
22:07:2002,12:47:43,Ji_Parana_UNIR,203,203.533137,0.179,0.1008,0.075,0.063,0.1491,0.0684,0.041,0.0283,0.0299,0.0324,0.0339,0.0346,1.286797,58.924809,59.551497,2.911634,0.130935,0.17779,4,10,7,5,4,10,7,5,3,11,7,5,3,10,8,5,0.04978,0.09371,0.30452,0.32791,1,1,25:06:2023,06:24:39,90,-10.882212,-61.9686,175.0,lev20,Almucantar,Ji_Parana_UNIR,203,203.533137,0.17779,0.098012,0.075078,0.064427,1.281635,58.924809,59.551497,2.911634,0.130935,0.17779,4,10,7,5,4,10,7,5,3,11,7,5,3,10,8,5,0.04978,0.09371,0.30452,0.32791,1,1,25:06:2023,06:24:39,90,-10.882212,-61.9686,175.0,lev20,Almucantar,Ji_Parana_UNIR,203,203.533137,1.4754,1.4846,1.4878,1.4841,0.010224,0.009004,0.009193,0.009292,58.924809,59.551497,2.911634,0.130935,0.17779,4,10,7,5,4,10,7,5,3,11,7,5,3,10,8,5,0.04978,0.09371,0.30452,0.32791,1,1,25:06:2023,06:24:39,90,-10.882212,-61.9686,175.0,lev20,Almucantar,Ji_Parana_UNIR,203,203.533137,0.9327,0.9209,0.9007,0.8859,58.924809,59.551497,2.911634,0.130935,0.17779,4,10,7,5,4,10,7,5,3,11,7,5,3,10,8,5,0.04978,0.09371,0.30452,0.32791,1,1,25:06:2023,06:24:39,90,-10.882212,-61.9686,175.0,lev20,Almucantar,Ji_Parana_UNIR,203,203.533137,0.055346,0.031912,0.023381,0.019242,1.305471,58.924809,59.551497,2.911634,0.130935,0.17779,4,10,7,5,4,10,7,5,3,11,7,5,3,10,8,5,0.04978,0.09371,0.30452,0.32791,1,1,25:06:2023,06:24:39,90,-10.882212,-61.9686,175.0,lev20,Almucantar,1.2760365338207114,0.15205856665154177,0.7626824335156593,BCL,Maritime,,Unknown
22:07:2002,13:16:01,Ji_Parana_UNIR,203,203.552789,0.1947,0.1095,0.0819,0.0709,0.1564,0.0684,0.0394,0.0279,0.0383,0.0411,0.0425,0.043,1.281916,53.149308,53.74857,3.538442,0.080036,0.194006,3,10,8,4,4,10,8,4,4,10,8,4,4,10,8,4,0.04769,0.09083,0.29099,0.31473,1,1,25:06:2023,06:26:35,90,-10.882212,-61.9686,175.0,lev20,Almucantar,Ji_Parana_UNIR,203,203.552789,0.194006,0.107214,0.08238,0.070966,1.273752,53.149308,53.74857,3.538442,0.080036,0.194006,3,10,8,4,4,10,8,4,4,10,8,4,4,10,8,4,0.04769,0.09083,0.29099,0.31473,1,1,25:06:2023,06:26:35,90,-10.882212,-61.9686,175.0,lev20,Almucantar,Ji_Parana_UNIR,203,203.552789,1.4754,1.4846,1.4878,1.4841,0.010224,0.009004,0.009193,0.009292,53.149308,53.74857,3.538442,0.080036,0.194006,3,10,8,4,4,10,8,4,4,10,8,4,4,10,8,4,0.04769,0.09083,0.29099,0.31473,1,1,25:06:2023,06:26:35,90,-10.882212,-61.9686,175.0,lev20,Almucantar,Ji_Parana_UNIR,203,203.552789,0.9327,0.9209,0.9007,0.8859,53.149308,53.74857,3.538442,0.080036,0.194006,3,10,8,4,4,10,8,4,4,10,8,4,4,10,8,4,0.04769,0.09083,0.29099,0.31473,1,1,25:06:2023,06:26:35,90,-10.882212,-61.9686,175.0,lev20,Almucantar,Ji_Parana_UNIR,203,203.552789,0.055346,0.031912,0.023381,0.019242,1.305471,53.149308,53.74857,3.538442,0.080036,0.194006,3,10,8,4,4,10,8,4,4,10,8,4,4,10,8,4,0.04769,0.09083,0.29099,0.31473,1,1,25:06:2023,06:26:35,90,-10.882212,-61.9686,175.0,lev20,Almucantar,1.2702617589342171,0.1655176886280263,0.7166161703644968,BCL,Maritime,,Unknown
22:07:2002,20:55:28,Ji_Parana_UNIR,203,203.871852,0.1441,0.0717,0.0501,0.0411,0.1255,0.0514,0.0286,0.0191,0.0186,0.0203,0.0214,0.022,1.562953,76.377287,75.708465,2.559828,0.02926,0.144161,4,10,6,6,4,10,4,4,4,10,4,4,4,10,4,3,0.06334,0.11155,0.37644,0.39433,1,1,25:06:2023,06:30:17,90,-10.882212,-61.9686,175.0,lev20,Almucantar,Ji_Parana_UNIR,203,203.871852,0.144161,0.070671,0.050502,0.041459,1.556577,76.377287,75.708465,2.559828,0.02926,0.144161,4,10,6,6,4,10,4,4,4,10,4,4,4,10,4,3,0.06334,0.11155,0.37644,0.39433,1,1,25:06:2023,06:30:17,90,-10.882212,-61.9686,175.0,lev20,Almucantar,Ji_Parana_UNIR,203,203.871852,1.4754,1.4846,1.4878,1.4841,0.010224,0.009004,0.009193,0.009292,76.377287,75.708465,2.559828,0.02926,0.144161,4,10,6,6,4,10,4,4,4,10,4,4,4,10,4,3,0.06334,0.11155,0.37644,0.39433,1,1,25:06:2023,06:30:17,90,-10.882212,-61.9686,175.0,lev20,Almucantar,Ji_Parana_UNIR,203,203.871852,0.9327,0.9209,0.9007,0.8859,76.377287,75.708465,2.559828,0.02926,0.144161,4,10,6,6,4,10,4,4,4,10,4,4,4,10,4,3,0.06334,0.11155,0.37644,0.39433,1,1,25:06:2023,06:30:17,90,-10.882212,-61.9686,175.0,lev20,Almucantar,Ji_Parana_UNIR,203,203.871852,0.055346,0.031912,0.023381,0.019242,1.305471,76.377287,75.708465,2.559828,0.02926,0.144161,4,10,6,6,4,10,4,4,4,10,4,4,4,10,4,3,0.06334,0.11155,0.37644,0.39433,1,1,25:06:2023,06:30:17,90,-10.882212,-61.9686,175.0,lev20,Almucantar,1.5497401325758224,0.11820246945099207,0.8024620892727032,BCL,Maritime,,Unknown
23:07:2002,11:35:57,Ji_Parana_UNIR,204,204.483299,0.1424,0.0697,0.0468,0.038,0.1282,0.0539,0.03,0.0207,0.0141,0.0158,0.0168,0.0173,1.641164,74.390011,75.057993,1.680188,0.019846,0.142299,4,10,7,6,4,10,7,6,4,10,7,6,4,10,7,6,0.06023,0.10834,0.36782,0.3902,1,1,25:06:2023,06:28:35,90,-10.882212,-61.9686,175.0,lev20,Almucantar,Ji_Parana_UNIR,204,204.483299,0.142299,0.06873,0.047031,0.037966,1.636949,74.390011,75.057993,1.680188,0.019846,0.142299,4,10,7,6,4,10,7,6,4,10,7,6,4,10,7,6,0.06023,0.10834,0.36782,0.3902,1,1,25:06:2023,06:28:35,90,-10.882212,-61.9686,175.0,lev20,Almucantar,Ji_Parana_UNIR,204,204.483299,1.4754,1.4846,1.4878,1.4841,0.010224,0.009004,0.009193,0.009292,74.390011,75.057993,1.680188,0.019846,0.142299,4,10,7,6,4,10,7,6,4,10,7,6,4,10,7,6,0.06023,0.10834,0.36782,0.3902,1,1,25:06:2023,06:28:35,90,-10.882212,-61.9686,175.0,lev20,Almucantar,Ji_Parana_UNIR,204,204.483299,0.9327,0.9209,0.9007,0.8859,74.390011,75.057993,1.680188,0.019846,0.142299,4,10,7,6,4,10,7,6,4,10,7,6,4,10,7,6,0.06023,0.10834,0.36782,0.3902,1,1,25:06:2023,06:28:35,90,-10.882212,-61.9686,175.0,lev20,Almucantar,Ji_Parana_UNIR,204,204.483299,0.055346,0.031912,0.023381,0.019242,1.305471,74.390011,75.057993,1.680188,0.019846,0.142299,4,10,7,6,4,10,7,6,4,10,7,6,4,10,7,6,0.06023,0.10834,0.36782,0.3902,1,1,25:06:2023,06:28:35,90,-10.882212,-61.9686,175.0,lev20,Almucantar,1.6322819770460975,0.11558196021962906,0.8443681555902199,BCL,Maritime,,Unknown
23:07:2002,11:58:26,Ji_Parana_UNIR,204,204.498912,0.1328,0.0655,0.0437,0.0356,0.1204,0.0517,0.0293,0.021,0.0125,0.0139,0.0144,0.0146,1.637647,69.419917,70.0789,1.586389,0.05544,0.132959,4,10,7,6,4,10,7,6,4,10,7,6,4,10,7,6,0.05584,0.10215,0.34152,0.36428,1,1,25:06:2023,06:30:55,90,-10.882212,-61.9686,175.0,lev20,Almucantar,Ji_Parana_UNIR,204,204.498912,0.132959,0.064037,0.044164,0.035805,1.631066,69.419917,70.0789,1.586389,0.05544,0.132959,4,10,7,6,4,10,7,6,4,10,7,6,4,10,7,6,0.05584,0.10215,0.34152,0.36428,1,1,25:06:2023,06:30:55,90,-10.882212,-61.9686,175.0,lev20,Almucantar,Ji_Parana_UNIR,204,204.498912,1.4754,1.4846,1.4878,1.4841,0.010224,0.009004,0.009193,0.009292,69.419917,70.0789,1.586389,0.05544,0.132959,4,10,7,6,4,10,7,6,4,10,7,6,4,10,7,6,0.05584,0.10215,0.34152,0.36428,1,1,25:06:2023,06:30:55,90,-10.882212,-61.9686,175.0,lev20,Almucantar,Ji_Parana_UNIR,204,204.498912,0.9327,0.9209,0.9007,0.8859,69.419917,70.0789,1.586389,0.05544,0.132959,4,10,7,6,4,10,7,6,4,10,7,6,4,10,7,6,0.05584,0.10215,0.34152,0.36428,1,1,25:06:2023,06:30:55,90,-10.882212,-61.9686,175.0,lev20,Almucantar,Ji_Parana_UNIR,204,204.498912,0.055346,0.031912,0.023381,0.019242,1.305471,69.419917,70.0789,1.586389,0.05544,0.132959,4,10,7,6,4,10,7,6,4,10,7,6,4,10,7,6,0.05584,0.10215,0.34152,0.36428,1,1,25:06:2023,06:30:55,90,-10.882212,-61.9686,175.0,lev20,Almucantar,1.6304327370126939,0.10781540192291648,0.8528049404604092,BCL,Maritime,,Unknown
23:07:2002,13:16:02,Ji_Parana_UNIR,204,204.552801,0.1311,0.0655,0.0449,0.0372,0.1154,0.0482,0.0266,0.0185,0.0157,0.0173,0.0183,0.0187,1.581791,53.045958,53.646849,1.43038,0.068146,0.131245,3,10,8,4,3,10,8,4,4,10,8,4,4,10,8,4,0.04765,0.09078,0.29077,0.31452,1,1,25:06:2023,06:33:18,90,-10.882212,-61.9686,175.0,lev20,Almucantar,Ji_Parana_UNIR,204,204.552801,0.131245,0.063859,0.045534,0.036991,1.571169,53.045958,53.646849,1.43038,0.068146,0.131245,3,10,8,4,3,10,8,4,4,10,8,4,4,10,8,4,0.04765,0.09078,0.29077,0.31452,1,1,25:06:2023,06:33:18,90,-10.882212,-61.9686,175.0,lev20,Almucantar,Ji_Parana_UNIR,204,204.552801,1.4754,1.4846,1.4878,1.4841,0.010224,0.009004,0.009193,0.009292,53.045958,53.646849,1.43038,0.068146,0.131245,3,10,8,4,3,10,8,4,4,10,8,4,4,10,8,4,0.04765,0.09078,0.29077,0.31452,1,1,25:06:2023,06:33:18,90,-10.882212,-61.9686,175.0,lev20,Almucantar,Ji_Parana_UNIR,204,204.552801,0.9327,0.9209,0.9007,0.8859,53.045958,53.646849,1.43038,0.068146,0.131245,3,10,8,4,3,10,8,4,4,10,8,4,4,10,8,4,0.04765,0.09078,0.29077,0.31452,1,1,25:06:2023,06:33:18,90,-10.882212,-61.9686,175.0,lev20,Almucantar,Ji_Parana_UNIR,204,204.552801,0.055346,0.031912,0.023381,0.019242,1.305471,53.045958,53.646849,1.43038,0.068146,0.131245,3,10,8,4,3,10,8,4,4,10,8,4,4,10,8,4,0.04765,0.09078,0.29077,0.31452,1,1,25:06:2023,06:33:18,90,-10.882212,-61.9686,175.0,lev20,Almucantar,1.5717963059720947,0.10723603822893847,0.8142352204786956,BCL,Maritime,,Unknown
23:07:2002,20:33:17,Ji_Parana_UNIR,204,204.856447,0.1062,0.0534,0.0377,0.0316,0.092,0.0379,0.0212,0.0147,0.0143,0.0155,0.0165,0.0169,1.532937,71.380751,70.718844,1.748511,0.053938,0.106718,4,10,7,6,4,10,7,6,4,10,7,6,4,10,7,6,0.05817,0.10455,0.34795,0.36734,1,1,25:06:2023,06:37:16,90,-10.882212,-61.9686,175.0,lev20,Almucantar,Ji_Parana_UNIR,204,204.856447,0.106718,0.051876,0.038109,0.03145,1.533338,71.380751,70.718844,1.748511,0.053938,0.106718,4,10,7,6,4,10,7,6,4,10,7,6,4,10,7,6,0.05817,0.10455,0.34795,0.36734,1,1,25:06:2023,06:37:16,90,-10.882212,-61.9686,175.0,lev20,Almucantar,Ji_Parana_UNIR,204,204.856447,1.4754,1.4846,1.4878,1.4841,0.010224,0.009004,0.009193,0.009292,71.380751,70.718844,1.748511,0.053938,0.106718,4,10,7,6,4,10,7,6,4,10,7,6,4,10,7,6,0.05817,0.10455,0.34795,0.36734,1,1,25:06:2023,06:37:16,90,-10.882212,-61.9686,175.0,lev20,Almucantar,Ji_Parana_UNIR,204,204.856447,0.9327,0.9209,0.9007,0.8859,71.380751,70.718844,1.748511,0.053938,0.106718,4,10,7,6,4,10,7,6,4,10,7,6,4,10,7,6,0.05817,0.10455,0.34795,0.36734,1,1,25:06:2023,06:37:16,90,-10.882212,-61.9686,175.0,lev20,Almucantar,Ji_Parana_UNIR,204,204.856447,0.055346,0.031912,0.023381,0.019242,1.305471,71.380751,70.718844,1.748511,0.053938,0.106718,4,10,7,6,4,10,7,6,4,10,7,6,4,10,7,6,0.05817,0.10455,0.34795,0.36734,1,1,25:06:2023,06:37:16,90,-10.882212,-61.9686,175.0,lev20,Almucantar,1.519196028188162,0.08745463121888003,0.7940402119404883,BCL,Maritime,,Unknown
25:07:2002,11:57:51,Ji_Parana_UNIR,206,206.498507,0.2495,0.1152,0.075,0.0591,0.2288,0.0925,0.0514,0.0351,0.0207,0.0227,0.0236,0.024,1.773002,69.409551,70.071224,1.046692,0.022092,0.249726,4,10,7,6,4,10,7,6,4,10,7,6,4,10,7,6,0.056,0.10231,0.3417,0.36442,1,1,25:06:2023,06:36:10,90,-10.882212,-61.9686,175.0,lev20,Almucantar,Ji_Parana_UNIR,206,206.498507,0.249726,0.115072,0.075302,0.059392,1.769384,69.409551,70.071224,1.046692,0.022092,0.249726,4,10,7,6,4,10,7,6,4,10,7,6,4,10,7,6,0.056,0.10231,0.3417,0.36442,1,1,25:06:2023,06:36:10,90,-10.882212,-61.9686,175.0,lev20,Almucantar,Ji_Parana_UNIR,206,206.498507,1.4754,1.4846,1.4878,1.4841,0.010224,0.009004,0.009193,0.009292,69.409551,70.071224,1.046692,0.022092,0.249726,4,10,7,6,4,10,7,6,4,10,7,6,4,10,7,6,0.056,0.10231,0.3417,0.36442,1,1,25:06:2023,06:36:10,90,-10.882212,-61.9686,175.0,lev20,Almucantar,Ji_Parana_UNIR,206,206.498507,0.9327,0.9209,0.9007,0.8859,69.409551,70.071224,1.046692,0.022092,0.249726,4,10,7,6,4,10,7,6,4,10,7,6,4,10,7,6,0.056,0.10231,0.3417,0.36442,1,1,25:06:2023,06:36:10,90,-10.882212,-61.9686,175.0,lev20,Almucantar,Ji_Parana_UNIR,206,206.498507,0.055346,0.031912,0.023381,0.019242,1.305471,69.409551,70.071224,1.046692,0.022092,0.249726,4,10,7,6,4,10,7,6,4,10,7,6,4,10,7,6,0.056,0.10231,0.3417,0.36442,1,1,25:06:2023,06:36:10,90,-10.882212,-61.9686,175.0,lev20,Almucantar,1.763148320850014,0.19915227256094842,0.8674425405530752,BCL,Unclassified,,Unknown
25:07:2002,12:46:29,Ji_Parana_UNIR,206,206.53228,0.2547,0.1212,0.0812,0.0659,0.2274,0.0917,0.0507,0.0349,0.0273,0.0295,0.0306,0.031,1.688126,58.915459,59.547552,1.783262,0.06838,0.255058,4,10,7,5,4,10,7,5,3,11,7,5,3,10,8,5,0.04978,0.0937,0.30448,0.3279,1,1,25:06:2023,06:38:13,90,-10.882212,-61.9686,175.0,lev20,Almucantar,Ji_Parana_UNIR,206,206.53228,0.255058,0.12102,0.081919,0.06529,1.679049,58.915459,59.547552,1.783262,0.06838,0.255058,4,10,7,5,4,10,7,5,3,11,7,5,3,10,8,5,0.04978,0.0937,0.30448,0.3279,1,1,25:06:2023,06:38:13,90,-10.882212,-61.9686,175.0,lev20,Almucantar,Ji_Parana_UNIR,206,206.53228,1.4754,1.4846,1.4878,1.4841,0.010224,0.009004,0.009193,0.009292,58.915459,59.547552,1.783262,0.06838,0.255058,4,10,7,5,4,10,7,5,3,11,7,5,3,10,8,5,0.04978,0.0937,0.30448,0.3279,1,1,25:06:2023,06:38:13,90,-10.882212,-61.9686,175.0,lev20,Almucantar,Ji_Parana_UNIR,206,206.53228,0.9327,0.9209,0.9007,0.8859,58.915459,59.547552,1.783262,0.06838,0.255058,4,10,7,5,4,10,7,5,3,11,7,5,3,10,8,5,0.04978,0.0937,0.30448,0.3279,1,1,25:06:2023,06:38:13,90,-10.882212,-61.9686,175.0,lev20,Almucantar,Ji_Parana_UNIR,206,206.53228,0.055346,0.031912,0.023381,0.019242,1.305471,58.915459,59.547552,1.783262,0.06838,0.255058,4,10,7,5,4,10,7,5,3,11,7,5,3,10,8,5,0.04978,0.0937,0.30448,0.3279,1,1,25:06:2023,06:38:13,90,-10.882212,-61.9686,175.0,lev20,Almucantar,1.676896197497034,0.20555694237185046,0.8315026797473971,BCL,Urban,,Unknown
26:07:2002,19:20:54,Ji_Parana_UNIR,207,207.806181,0.282,0.1318,0.0863,0.0685,0.2547,0.1025,0.0558,0.0373,0.0273,0.0292,0.0305,0.0312,1.746447,55.580298,54.962766,1.941877,0.085724,0.281293,4,10,8,4,4,10,8,4,4,10,8,4,4,10,8,4,0.0487,0.09192,0.29491,0.31717,1,1,25:06:2023,06:30:52,90,-10.882212,-61.9686,175.0,lev20,Almucantar,Ji_Parana_UNIR,207,207.806181,0.281293,0.129317,0.086723,0.06847,1.740696,55.580298,54.962766,1.941877,0.085724,0.281293,4,10,8,4,4,10,8,4,4,10,8,4,4,10,8,4,0.0487,0.09192,0.29491,0.31717,1,1,25:06:2023,06:30:52,90,-10.882212,-61.9686,175.0,lev20,Almucantar,Ji_Parana_UNIR,207,207.806181,1.4754,1.4846,1.4878,1.4841,0.010224,0.009004,0.009193,0.009292,55.580298,54.962766,1.941877,0.085724,0.281293,4,10,8,4,4,10,8,4,4,10,8,4,4,10,8,4,0.0487,0.09192,0.29491,0.31717,1,1,25:06:2023,06:30:52,90,-10.882212,-61.9686,175.0,lev20,Almucantar,Ji_Parana_UNIR,207,207.806181,0.9327,0.9209,0.9007,0.8859,55.580298,54.962766,1.941877,0.085724,0.281293,4,10,8,4,4,10,8,4,4,10,8,4,4,10,8,4,0.0487,0.09192,0.29491,0.31717,1,1,25:06:2023,06:30:52,90,-10.882212,-61.9686,175.0,lev20,Almucantar,Ji_Parana_UNIR,207,207.806181,0.055346,0.031912,0.023381,0.019242,1.305471,55.580298,54.962766,1.941877,0.085724,0.281293,4,10,8,4,4,10,8,4,4,10,8,4,4,10,8,4,0.0487,0.09192,0.29491,0.31717,1,1,25:06:2023,06:30:52,90,-10.882212,-61.9686,175.0,lev20,Almucantar,1.7369009339782138,0.22585047574638856,0.8494990008011136,BCL,Urban,,Unknown
29:07:2002,20:57:40,Ji_Parana_UNIR,210,210.87338,0.1785,0.0961,0.0716,0.0608,0.1519,0.0664,0.0403,0.0288,0.0266,0.0297,0.0314,0.0319,1.355208,76.424224,75.746905,4.021074,0.038848,0.177631,4,10,6,6,4,9,7,6,4,7,4,6,4,9,4,5,0.06671,0.1164,0.37418,0.39405,1,1,25:06:2023,06:36:47,90,-10.882212,-61.9686,175.0,lev20,Almucantar,Ji_Parana_UNIR,210,210.87338,0.177631,0.095692,0.071648,0.061227,1.347725,76.424224,75.746905,4.021074,0.038848,0.177631,4,10,6,6,4,9,7,6,4,7,4,6,4,9,4,5,0.06671,0.1164,0.37418,0.39405,1,1,25:06:2023,06:36:47,90,-10.882212,-61.9686,175.0,lev20,Almucantar,Ji_Parana_UNIR,210,210.87338,1.4754,1.4846,1.4878,1.4841,0.010224,0.009004,0.009193,0.009292,76.424224,75.746905,4.021074,0.038848,0.177631,4,10,6,6,4,9,7,6,4,7,4,6,4,9,4,5,0.06671,0.1164,0.37418,0.39405,1,1,25:06:2023,06:36:47,90,-10.882212,-61.9686,175.0,lev20,Almucantar,Ji_Parana_UNIR,210,210.87338,0.9327,0.9209,0.9007,0.8859,76.424224,75.746905,4.021074,0.038848,0.177631,4,10,6,6,4,9,7,6,4,7,4,6,4,9,4,5,0.06671,0.1164,0.37418,0.39405,1,1,25:06:2023,06:36:47,90,-10.882212,-61.9686,175.0,lev20,Almucantar,Ji_Parana_UNIR,210,210.87338,0.055346,0.031912,0.023381,0.019242,1.305471,76.424224,75.746905,4.021074,0.038848,0.177631,4,10,6,6,4,9,7,6,4,7,4,6,4,9,4,5,0.06671,0.1164,0.37418,0.39405,1,1,25:06:2023,06:36:47,90,-10.882212,-61.9686,175.0,lev20,Almucantar,1.3399864426536974,0.15039927882801307,0.7753801510890468,BCL,Maritime,,Unknown
31:07:2002,13:12:19,Ji_Parana_UNIR,212,212.55022,0.2056,0.1044,0.0735,0.0597,0.1836,0.0811,0.0492,0.0348,0.022,0.0233,0.0243,0.0249,1.521302,52.852144,53.471025,2.447594,0.136564,0.205458,3,10,8,4,3,10,8,4,4,10,8,4,4,10,8,4,0.04983,0.09428,0.28821,0.31335,1,1,25:06:2023,06:40:06,90,-10.882212,-61.9686,175.0,lev20,Almucantar,Ji_Parana_UNIR,212,212.55022,0.205458,0.102546,0.073945,0.061579,1.516613,52.852144,53.471025,2.447594,0.136564,0.205458,3,10,8,4,3,10,8,4,4,10,8,4,4,10,8,4,0.04983,0.09428,0.28821,0.31335,1,1,25:06:2023,06:40:06,90,-10.882212,-61.9686,175.0,lev20,Almucantar,Ji_Parana_UNIR,212,212.55022,1.4754,1.4846,1.4878,1.4841,0.010224,0.009004,0.009193,0.009292,52.852144,53.471025,2.447594,0.136564,0.205458,3,10,8,4,3,10,8,4,4,10,8,4,4,10,8,4,0.04983,0.09428,0.28821,0.31335,1,1,25:06:2023,06:40:06,90,-10.882212,-61.9686,175.0,lev20,Almucantar,Ji_Parana_UNIR,212,212.55022,0.9327,0.9209,0.9007,0.8859,52.852144,53.471025,2.447594,0.136564,0.205458,3,10,8,4,3,10,8,4,4,10,8,4,4,10,8,4,0.04983,0.09428,0.28821,0.31335,1,1,25:06:2023,06:40:06,90,-10.882212,-61.9686,175.0,lev20,Almucantar,Ji_Parana_UNIR,212,212.55022,0.055346,0.031912,0.023381,0.019242,1.305471,52.852144,53.471025,2.447594,0.136564,0.205458,3,10,8,4,3,10,8,4,4,10,8,4,4,10,8,4,0.04983,0.09428,0.28821,0.31335,1,1,25:06:2023,06:40:06,90,-10.882212,-61.9686,175.0,lev20,Almucantar,1.508903088875583,0.1695324517840694,0.8416023627865923,BCL,Maritime,,Unknown
06:08:2002,13:08:24,Ji_Parana_UNIR,218,218.5475,1.1387,0.5419,0.3342,0.2505,1.0793,0.4787,0.2674,0.1816,0.0594,0.0632,0.0668,0.0689,1.79724,52.801665,53.435511,4.313548,0.118158,1.134657,3,10,8,4,3,10,8,4,3,9,8,4,4,6,5,3,0.05212,0.10012,0.2905,0.31686,1,1,24:06:2023,22:31:42,90,-10.882212,-61.9686,175.0,lev20,Almucantar,Ji_Parana_UNIR,218,218.5475,1.134657,0.540738,0.332574,0.248946,1.798639,52.801665,53.435511,4.313548,0.118158,1.134657,3,10,8,4,3,10,8,4,3,9,8,4,4,6,5,3,0.05212,0.10012,0.2905,0.31686,1,1,24:06:2023,22:31:42,90,-10.882212,-61.9686,175.0,lev20,Almucantar,Ji_Parana_UNIR,218,218.5475,1.463,1.4801,1.4908,1.4941,0.009658,0.008106,0.00764,0.007585,52.801665,53.435511,4.313548,0.118158,1.134657,3,10,8,4,3,10,8,4,3,9,8,4,4,6,5,3,0.05212,0.10012,0.2905,0.31686,1,1,24:06:2023,22:31:42,90,-10.882212,-61.9686,175.0,lev20,Almucantar,Ji_Parana_UNIR,218,218.5475,0.9336,0.9256,0.9133,0.9032,52.801665,53.435511,4.313548,0.118158,1.134657,3,10,8,4,3,10,8,4,3,9,8,4,4,6,5,3,0.05212,0.10012,0.2905,0.31686,1,1,24:06:2023,22:31:42,90,-10.882212,-61.9686,175.0,lev20,Almucantar,Ji_Parana_UNIR,218,218.5475,0.075639,0.040306,0.028957,0.024245,1.41926,52.801665,53.435511,4.313548,0.118158,1.134657,3,10,8,4,3,10,8,4,3,9,8,4,4,6,5,3,0.05212,0.10012,0.2905,0.31686,1,1,24:06:2023,22:31:42,90,-10.882212,-61.9686,175.0,lev20,Almucantar,1.7982538996715411,0.904846830211526,0.9228526100412227,BCL,Biomass,,Unknown
07:08:2002,12:39:49,Ji_Parana_UNIR,219,219.52765,0.6739,0.2992,0.1785,0.1316,0.6482,0.2726,0.1509,0.1032,0.0258,0.0266,0.0276,0.0284,1.949406,58.801806,59.459392,2.437459,0.068363,0.672889,4,10,7,5,4,10,7,5,3,11,6,5,3,9,6,5,0.05428,0.10377,0.30466,0.33099,1,1,24:06:2023,22:33:50,90,-10.882212,-61.9686,175.0,lev20,Almucantar,Ji_Parana_UNIR,219,219.52765,0.672889,0.299291,0.178468,0.129905,1.947223,58.801806,59.459392,2.437459,0.068363,0.672889,4,10,7,5,4,10,7,5,3,11,6,5,3,9,6,5,0.05428,0.10377,0.30466,0.33099,1,1,24:06:2023,22:33:50,90,-10.882212,-61.9686,175.0,lev20,Almucantar,Ji_Parana_UNIR,219,219.52765,1.4749,1.4786,1.4837,1.4847,0.010561,0.009343,0.008926,0.008809,58.801806,59.459392,2.437459,0.068363,0.672889,4,10,7,5,4,10,7,5,3,11,6,5,3,9,6,5,0.05428,0.10377,0.30466,0.33099,1,1,24:06:2023,22:33:50,90,-10.882212,-61.9686,175.0,lev20,Almucantar,Ji_Parana_UNIR,219,219.52765,0.9333,0.9165,0.9007,0.8889,58.801806,59.459392,2.437459,0.068363,0.672889,4,10,7,5,4,10,7,5,3,11,6,5,3,9,6,5,0.05428,0.10377,0.30466,0.33099,1,1,24:06:2023,22:33:50,90,-10.882212,-61.9686,175.0,lev20,Almucantar,Ji_Parana_UNIR,219,219.52765,0.044951,0.024978,0.017727,0.014619,1.369952,58.801806,59.459392,2.437459,0.068363,0.672889,4,10,7,5,4,10,7,5,3,11,6,5,3,9,6,5,0.05428,0.10377,0.30466,0.33099,1,1,24:06:2023,22:33:50,90,-10.882212,-61.9686,175.0,lev20,Almucantar,1.9487415413802618,0.5252989507438443,0.9422302693055643,BCL,Arid,,Unknown
07:08:2002,13:07:44,Ji_Parana_UNIR,219,219.547037,0.7701,0.3555,0.2205,0.1663,0.7182,0.3009,0.1632,0.1074,0.0519,0.0546,0.0573,0.059,1.837231,52.786586,53.422936,2.013207,0.080532,0.768226,3,10,8,4,3,10,7,4,3,10,7,4,4,10,7,4,0.05211,0.1001,0.29047,0.31682,1,1,24:06:2023,22:35:50,90,-10.882212,-61.9686,175.0,lev20,Almucantar,Ji_Parana_UNIR,219,219.547037,0.768226,0.355311,0.220083,0.164676,1.836054,52.786586,53.422936,2.013207,0.080532,0.768226,3,10,8,4,3,10,7,4,3,10,7,4,4,10,7,4,0.05211,0.1001,0.29047,0.31682,1,1,24:06:2023,22:35:50,90,-10.882212,-61.9686,175.0,lev20,Almucantar,Ji_Parana_UNIR,219,219.547037,1.4754,1.4779,1.4822,1.4788,0.010751,0.008993,0.008431,0.008091,52.786586,53.422936,2.013207,0.080532,0.768226,3,10,8,4,3,10,7,4,3,10,7,4,4,10,7,4,0.05211,0.1001,0.29047,0.31682,1,1,24:06:2023,22:35:50,90,-10.882212,-61.9686,175.0,lev20,Almucantar,Ji_Parana_UNIR,219,219.547037,0.9254,0.9093,0.8939,0.8846,52.786586,53.422936,2.013207,0.080532,0.768226,3,10,8,4,3,10,7,4,3,10,7,4,4,10,7,4,0.05211,0.1001,0.29047,0.31682,1,1,24:06:2023,22:35:50,90,-10.882212,-61.9686,175.0,lev20,Almucantar,Ji_Parana_UNIR,219,219.547037,0.057482,0.032249,0.023384,0.019191,1.326647,52.786586,53.422936,2.013207,0.080532,0.768226,3,10,8,4,3,10,7,4,3,10,7,4,4,10,7,4,0.05211,0.1001,0.29047,0.31682,1,1,24:06:2023,22:35:50,90,-10.882212,-61.9686,175.0,lev20,Almucantar,1.8345148469049124,0.6091156545206631,0.8990964512447379,BCL,Arid,,Unknown
07:08:2002,19:51:06,Ji_Parana_UNIR,219,219.827153,0.7028,0.3071,0.1816,0.1335,0.6657,0.2665,0.1387,0.0897,0.037,0.0406,0.0429,0.0439,1.985948,60.893876,60.232127,1.254232,0.05541,0.70147,3,10,8,5,3,10,8,5,3,10,8,5,3,10,8,5,0.0555,0.10532,0.30867,0.3331,1,1,24:06:2023,22:22:33,90,-10.882212,-61.9686,175.0,lev20,Almucantar,Ji_Parana_UNIR,219,219.827153,0.70147,0.306134,0.181988,0.132364,1.980943,60.893876,60.232127,1.254232,0.05541,0.70147,3,10,8,5,3,10,8,5,3,10,8,5,3,10,8,5,0.0555,0.10532,0.30867,0.3331,1,1,24:06:2023,22:22:33,90,-10.882212,-61.9686,175.0,lev20,Almucantar,Ji_Parana_UNIR,219,219.827153,1.5075,1.5084,1.5112,1.5091,0.013825,0.013359,0.012627,0.01202,60.893876,60.232127,1.254232,0.05541,0.70147,3,10,8,5,3,10,8,5,3,10,8,5,3,10,8,5,0.0555,0.10532,0.30867,0.3331,1,1,24:06:2023,22:22:33,90,-10.882212,-61.9686,175.0,lev20,Almucantar,Ji_Parana_UNIR,219,219.827153,0.9193,0.8904,0.8681,0.8554,60.893876,60.232127,1.254232,0.05541,0.70147,3,10,8,5,3,10,8,5,3,10,8,5,3,10,8,5,0.0555,0.10532,0.30867,0.3331,1,1,24:06:2023,22:22:33,90,-10.882212,-61.9686,175.0,lev20,Almucantar,Ji_Parana_UNIR,219,219.827153,0.056703,0.03366,0.023964,0.019306,1.262632,60.893876,60.232127,1.254232,0.05541,0.70147,3,10,8,5,3,10,8,5,3,10,8,5,3,10,8,5,0.0555,0.10532,0.30867,0.3331,1,1,24:06:2023,22:22:33,90,-10.882212,-61.9686,175.0,lev20,Almucantar,1.9850802353836279,0.5452873247438095,0.9168337195268695,BCL,Arid,,Unknown
07:08:2002,20:38:09,Ji_Parana_UNIR,219,219.859826,0.6858,0.3074,0.1872,0.1409,0.6314,0.2486,0.1254,0.0781,0.0545,0.0588,0.0618,0.0629,1.907408,71.466653,70.783435,2.021158,0.038585,0.683997,4,10,7,6,4,10,7,6,4,10,6,4,4,10,6,4,0.06311,0.11725,0.34965,0.37273,1,1,24:06:2023,22:24:41,90,-10.882212,-61.9686,175.0,lev20,Almucantar,Ji_Parana_UNIR,219,219.859826,0.683997,0.306019,0.187248,0.140111,1.90405,71.466653,70.783435,2.021158,0.038585,0.683997,4,10,7,6,4,10,7,6,4,10,6,4,4,10,6,4,0.06311,0.11725,0.34965,0.37273,1,1,24:06:2023,22:24:41,90,-10.882212,-61.9686,175.0,lev20,Almucantar,Ji_Parana_UNIR,219,219.859826,1.5985,1.5595,1.5412,1.5214,0.014609,0.014929,0.014019,0.013547,71.466653,70.783435,2.021158,0.038585,0.683997,4,10,7,6,4,10,7,6,4,10,6,4,4,10,6,4,0.06311,0.11725,0.34965,0.37273,1,1,24:06:2023,22:24:41,90,-10.882212,-61.9686,175.0,lev20,Almucantar,Ji_Parana_UNIR,219,219.859826,0.9144,0.8758,0.85,0.8335,71.466653,70.783435,2.021158,0.038585,0.683997,4,10,7,6,4,10,7,6,4,10,6,4,4,10,6,4,0.06311,0.11725,0.34965,0.37273,1,1,24:06:2023,22:24:41,90,-10.882212,-61.9686,175.0,lev20,Almucantar,Ji_Parana_UNIR,219,219.859826,0.058677,0.038187,0.028078,0.023469,1.076472,71.466653,70.783435,2.021158,0.038585,0.683997,4,10,7,6,4,10,7,6,4,10,6,4,4,10,6,4,0.06311,0.11725,0.34965,0.37273,1,1,24:06:2023,22:24:41,90,-10.882212,-61.9686,175.0,lev20,Almucantar,1.9046109282008559,0.53759914761082,0.8772818170255722,BCL,Arid,,Unknown
08:08:2002,12:39:13,Ji_Parana_UNIR,220,220.527234,0.8279,0.3683,0.2216,0.165,0.7851,0.3228,0.1738,0.116,0.0427,0.0455,0.0478,0.049,1.935109,58.791003,59.450627,3.177745,0.088597,0.825974,4,10,7,5,4,10,7,5,3,11,7,5,3,10,8,5,0.05428,0.10378,0.30465,0.33097,1,1,24:06:2023,22:28:48,90,-10.882212,-61.9686,175.0,lev20,Almucantar,Ji_Parana_UNIR,220,220.527234,0.825974,0.368494,0.22117,0.163267,1.933909,58.791003,59.450627,3.177745,0.088597,0.825974,4,10,7,5,4,10,7,5,3,11,7,5,3,10,8,5,0.05428,0.10378,0.30465,0.33097,1,1,24:06:2023,22:28:48,90,-10.882212,-61.9686,175.0,lev20,Almucantar,Ji_Parana_UNIR,220,220.527234,1.4323,1.4525,1.4638,1.4683,0.010291,0.008839,0.008388,0.008259,58.791003,59.450627,3.177745,0.088597,0.825974,4,10,7,5,4,10,7,5,3,11,7,5,3,10,8,5,0.05428,0.10378,0.30465,0.33097,1,1,24:06:2023,22:28:48,90,-10.882212,-61.9686,175.0,lev20,Almucantar,Ji_Parana_UNIR,220,220.527234,0.9243,0.9073,0.8897,0.8771,58.791003,59.450627,3.177745,0.088597,0.825974,4,10,7,5,4,10,7,5,3,11,7,5,3,10,8,5,0.05428,0.10378,0.30465,0.33097,1,1,24:06:2023,22:28:48,90,-10.882212,-61.9686,175.0,lev20,Almucantar,Ji_Parana_UNIR,220,220.527234,0.062655,0.034135,0.024439,0.020277,1.389223,58.791003,59.450627,3.177745,0.088597,0.825974,4,10,7,5,4,10,7,5,3,11,7,5,3,10,8,5,0.05428,0.10378,0.30465,0.33097,1,1,24:06:2023,22:28:48,90,-10.882212,-61.9686,175.0,lev20,Almucantar,1.9333763845077772,0.6466093675070264,0.9202310742582432,BCL,Arid,,Unknown
08:08:2002,13:07:04,Ji_Parana_UNIR,220,220.546574,0.8486,0.3743,0.2235,0.1656,0.8043,0.3277,0.1745,0.1151,0.0443,0.0466,0.049,0.0505,1.958494,52.769001,53.407849,1.905825,0.103943,0.846506,3,10,8,4,3,10,8,4,3,10,8,4,4,10,8,4,0.05211,0.1001,0.29043,0.3168,1,1,24:06:2023,22:31:26,90,-10.882212,-61.9686,175.0,lev20,Almucantar,Ji_Parana_UNIR,220,220.546574,0.846506,0.374118,0.223329,0.163117,1.955763,52.769001,53.407849,1.905825,0.103943,0.846506,3,10,8,4,3,10,8,4,3,10,8,4,4,10,8,4,0.05211,0.1001,0.29043,0.3168,1,1,24:06:2023,22:31:26,90,-10.882212,-61.9686,175.0,lev20,Almucantar,Ji_Parana_UNIR,220,220.546574,1.4866,1.4919,1.4958,1.4942,0.013378,0.010959,0.010366,0.010134,52.769001,53.407849,1.905825,0.103943,0.846506,3,10,8,4,3,10,8,4,3,10,8,4,4,10,8,4,0.05211,0.1001,0.29043,0.3168,1,1,24:06:2023,22:31:26,90,-10.882212,-61.9686,175.0,lev20,Almucantar,Ji_Parana_UNIR,220,220.546574,0.9164,0.8987,0.8762,0.8607,52.769001,53.407849,1.905825,0.103943,0.846506,3,10,8,4,3,10,8,4,3,10,8,4,4,10,8,4,0.05211,0.1001,0.29043,0.3168,1,1,24:06:2023,22:31:26,90,-10.882212,-61.9686,175.0,lev20,Almucantar,Ji_Parana_UNIR,220,220.546574,0.070982,0.037914,0.027678,0.023069,1.394451,52.769001,53.407849,1.905825,0.103943,0.846506,3,10,8,4,3,10,8,4,3,10,8,4,4,10,8,4,0.05211,0.1001,0.29043,0.3168,1,1,24:06:2023,22:31:26,90,-10.882212,-61.9686,175.0,lev20,Almucantar,1.9570783961221738,0.660771441420004,0.9202950115820359,BCL,Arid,,Unknown
09:08:2002,12:38:36,Ji_Parana_UNIR,221,221.526806,1.6227,0.7336,0.4147,0.291,1.5806,0.69,0.3694,0.2447,0.0422,0.0437,0.0453,0.0463,1.992242,58.7813,59.442967,2.434331,0.047582,1.62042,4,10,7,5,4,10,7,5,3,11,7,5,3,10,8,5,0.05426,0.10376,0.30462,0.33094,1,1,24:06:2023,22:36:07,90,-10.882212,-61.9686,175.0,lev20,Almucantar,Ji_Parana_UNIR,221,221.526806,1.62042,0.733209,0.414382,0.290229,1.991188,58.7813,59.442967,2.434331,0.047582,1.62042,4,10,7,5,4,10,7,5,3,11,7,5,3,10,8,5,0.05426,0.10376,0.30462,0.33094,1,1,24:06:2023,22:36:07,90,-10.882212,-61.9686,175.0,lev20,Almucantar,Ji_Parana_UNIR,221,221.526806,1.4313,1.4482,1.4481,1.4443,0.01126,0.010583,0.010369,0.010268,58.7813,59.442967,2.434331,0.047582,1.62042,4,10,7,5,4,10,7,5,3,11,7,5,3,10,8,5,0.05426,0.10376,0.30462,0.33094,1,1,24:06:2023,22:36:07,90,-10.882212,-61.9686,175.0,lev20,Almucantar,Ji_Parana_UNIR,221,221.526806,0.9284,0.9077,0.8817,0.8612,58.7813,59.442967,2.434331,0.047582,1.62042,4,10,7,5,4,10,7,5,3,11,7,5,3,10,8,5,0.05426,0.10376,0.30462,0.33094,1,1,24:06:2023,22:36:07,90,-10.882212,-61.9686,175.0,lev20,Almucantar,Ji_Parana_UNIR,221,221.526806,0.11613,0.067736,0.049068,0.040407,1.267196,58.7813,59.442967,2.434331,0.047582,1.62042,4,10,7,5,4,10,7,5,3,11,7,5,3,10,8,5,0.05426,0.10376,0.30462,0.33094,1,1,24:06:2023,22:36:07,90,-10.882212,-61.9686,175.0,lev20,Almucantar,2.0012532604581503,1.2564175750877276,0.962245507146644,BCL,Biomass,,Unknown
09:08:2002,13:06:19,Ji_Parana_UNIR,221,221.546053,1.4622,0.6463,0.3586,0.2476,1.4336,0.6167,0.3278,0.216,0.0286,0.0296,0.0308,0.0317,2.052058,52.766774,53.408185,3.509106,0.121031,1.46111,3,10,8,4,3,10,8,4,3,10,8,4,4,10,8,4,0.05209,0.10008,0.29042,0.31678,1,1,24:06:2023,22:38:23,90,-10.882212,-61.9686,175.0,lev20,Almucantar,Ji_Parana_UNIR,221,221.546053,1.46111,0.646273,0.358116,0.245273,2.052684,52.766774,53.408185,3.509106,0.121031,1.46111,3,10,8,4,3,10,8,4,3,10,8,4,4,10,8,4,0.05209,0.10008,0.29042,0.31678,1,1,24:06:2023,22:38:23,90,-10.882212,-61.9686,175.0,lev20,Almucantar,Ji_Parana_UNIR,221,221.546053,1.4504,1.4624,1.4602,1.4549,0.010683,0.01019,0.010023,0.009955,52.766774,53.408185,3.509106,0.121031,1.46111,3,10,8,4,3,10,8,4,3,10,8,4,4,10,8,4,0.05209,0.10008,0.29042,0.31678,1,1,24:06:2023,22:38:23,90,-10.882212,-61.9686,175.0,lev20,Almucantar,Ji_Parana_UNIR,221,221.546053,0.9353,0.9158,0.8913,0.8713,52.766774,53.408185,3.509106,0.121031,1.46111,3,10,8,4,3,10,8,4,3,10,8,4,4,10,8,4,0.05209,0.10008,0.29042,0.31678,1,1,24:06:2023,22:38:23,90,-10.882212,-61.9686,175.0,lev20,Almucantar,Ji_Parana_UNIR,221,221.546053,0.094592,0.054431,0.038963,0.031867,1.304064,52.766774,53.408185,3.509106,0.121031,1.46111,3,10,8,4,3,10,8,4,3,10,8,4,4,10,8,4,0.05209,0.10008,0.29042,0.31678,1,1,24:06:2023,22:38:23,90,-10.882212,-61.9686,175.0,lev20,Almucantar,2.061686605478805,1.1234337024895344,0.9714844367965472,BCL,Biomass,,Unknown
10:08:2002,11:29:32,Ji_Parana_UNIR,222,222.478843,0.6277,0.2812,0.168,0.1243,0.598,0.2499,0.1349,0.0901,0.0297,0.0313,0.0331,0.0342,1.933517,74.262609,74.954103,0.953069,0.00476,0.626142,4,10,7,6,4,10,7,6,4,10,7,6,4,10,7,5,0.06529,0.12184,0.36917,0.3959,1,1,24:06:2023,22:36:43,90,-10.882212,-61.9686,175.0,lev20,Almucantar,Ji_Parana_UNIR,222,222.478843,0.626142,0.2802,0.167828,0.123933,1.931854,74.262609,74.954103,0.953069,0.00476,0.626142,4,10,7,6,4,10,7,6,4,10,7,6,4,10,7,5,0.06529,0.12184,0.36917,0.3959,1,1,24:06:2023,22:36:43,90,-10.882212,-61.9686,175.0,lev20,Almucantar,Ji_Parana_UNIR,222,222.478843,1.4957,1.4999,1.503,1.5034,0.016309,0.014513,0.014275,0.01365,74.262609,74.954103,0.953069,0.00476,0.626142,4,10,7,6,4,10,7,6,4,10,7,6,4,10,7,5,0.06529,0.12184,0.36917,0.3959,1,1,24:06:2023,22:36:43,90,-10.882212,-61.9686,175.0,lev20,Almucantar,Ji_Parana_UNIR,222,222.478843,0.9049,0.8821,0.8545,0.8414,74.262609,74.954103,0.953069,0.00476,0.626142,4,10,7,6,4,10,7,6,4,10,7,6,4,10,7,5,0.06529,0.12184,0.36917,0.3959,1,1,24:06:2023,22:36:43,90,-10.882212,-61.9686,175.0,lev20,Almucantar,Ji_Parana_UNIR,222,222.478843,0.059687,0.033142,0.024451,0.019707,1.319949,74.262609,74.954103,0.953069,0.00476,0.626142,4,10,7,6,4,10,7,6,4,10,7,6,4,10,7,5,0.06529,0.12184,0.36917,0.3959,1,1,24:06:2023,22:36:43,90,-10.882212,-61.9686,175.0,lev20,Almucantar,1.93349365674021,0.4902411105307705,0.9284271097882233,BCL,Arid,,Unknown
10:08:2002,13:05:39,Ji_Parana_UNIR,222,222.54559,0.5955,0.2723,0.168,0.1275,0.5646,0.2398,0.1339,0.0924,0.0308,0.0325,0.0342,0.0351,1.859078,52.744501,53.388396,1.57608,0.006342,0.594147,3,10,8,4,3,10,8,4,3,10,8,4,4,10,8,4,0.05209,0.10008,0.29038,0.31675,1,1,24:06:2023,22:22:04,90,-10.882212,-61.9686,175.0,lev20,Almucantar,Ji_Parana_UNIR,222,222.54559,0.594147,0.271236,0.167814,0.126952,1.857936,52.744501,53.388396,1.57608,0.006342,0.594147,3,10,8,4,3,10,8,4,3,10,8,4,4,10,8,4,0.05209,0.10008,0.29038,0.31675,1,1,24:06:2023,22:22:04,90,-10.882212,-61.9686,175.0,lev20,Almucantar,Ji_Parana_UNIR,222,222.54559,1.4726,1.492,1.5064,1.5161,0.016099,0.014954,0.015361,0.015403,52.744501,53.388396,1.57608,0.006342,0.594147,3,10,8,4,3,10,8,4,3,10,8,4,4,10,8,4,0.05209,0.10008,0.29038,0.31675,1,1,24:06:2023,22:22:04,90,-10.882212,-61.9686,175.0,lev20,Almucantar,Ji_Parana_UNIR,222,222.54559,0.8978,0.8701,0.8367,0.818,52.744501,53.388396,1.57608,0.006342,0.594147,3,10,8,4,3,10,8,4,3,10,8,4,4,10,8,4,0.05209,0.10008,0.29038,0.31675,1,1,24:06:2023,22:22:04,90,-10.882212,-61.9686,175.0,lev20,Almucantar,Ji_Parana_UNIR,222,222.54559,0.060851,0.035365,0.02744,0.02321,1.182228,52.744501,53.388396,1.57608,0.006342,0.594147,3,10,8,4,3,10,8,4,3,10,8,4,4,10,8,4,0.05209,0.10008,0.29038,0.31675,1,1,24:06:2023,22:22:04,90,-10.882212,-61.9686,175.0,lev20,Almucantar,1.8562462918715577,0.4697079727177669,0.9209390360204232,BCM,Arid,,Unknown
10:08:2002,19:52:20,Ji_Parana_UNIR,222,222.828009,0.4591,0.2091,0.1298,0.0986,0.4286,0.1774,0.097,0.0651,0.0305,0.0317,0.0328,0.0335,1.857183,60.930423,60.262674,4.116716,0.158448,0.459386,3,10,8,4,3,9,7,3,3,8,5,3,3,10,5,4,0.05554,0.10537,0.30879,0.33321,1,1,24:06:2023,22:25:51,90,-10.882212,-61.9686,175.0,lev20,Almucantar,Ji_Parana_UNIR,222,222.828009,0.459386,0.205361,0.12934,0.098114,1.867216,60.930423,60.262674,4.116716,0.158448,0.459386,3,10,8,4,3,9,7,3,3,8,5,3,3,10,5,4,0.05554,0.10537,0.30879,0.33321,1,1,24:06:2023,22:25:51,90,-10.882212,-61.9686,175.0,lev20,Almucantar,Ji_Parana_UNIR,222,222.828009,1.6,1.5927,1.6,1.6,0.009761,0.009467,0.009429,0.009418,60.930423,60.262674,4.116716,0.158448,0.459386,3,10,8,4,3,9,7,3,3,8,5,3,3,10,5,4,0.05554,0.10537,0.30879,0.33321,1,1,24:06:2023,22:25:51,90,-10.882212,-61.9686,175.0,lev20,Almucantar,Ji_Parana_UNIR,222,222.828009,0.9374,0.9144,0.8936,0.8799,60.930423,60.262674,4.116716,0.158448,0.459386,3,10,8,4,3,9,7,3,3,8,5,3,3,10,5,4,0.05554,0.10537,0.30879,0.33321,1,1,24:06:2023,22:25:51,90,-10.882212,-61.9686,175.0,lev20,Almucantar,Ji_Parana_UNIR,222,222.828009,0.028751,0.017897,0.013815,0.011844,1.081796,60.930423,60.262674,4.116716,0.158448,0.459386,3,10,8,4,3,9,7,3,3,8,5,3,3,10,5,4,0.05554,0.10537,0.30879,0.33321,1,1,24:06:2023,22:25:51,90,-10.882212,-61.9686,175.0,lev20,Almucantar,1.8530717228150269,0.3622677738980315,0.8992372316554538,BCL,Urban,,Unknown
11:08:2002,11:50:46,Ji_Parana_UNIR,223,223.493588,1.2661,0.542,0.2971,0.204,1.2414,0.5164,0.2711,0.1778,0.0247,0.0256,0.026,0.0262,2.118042,69.263821,69.950565,2.529332,0.027828,1.264419,4,10,7,6,4,10,7,6,4,10,7,6,4,10,7,6,0.06052,0.1141,0.34221,0.36866,1,1,24:06:2023,22:31:35,90,-10.882212,-61.9686,175.0,lev20,Almucantar,Ji_Parana_UNIR,223,223.493588,1.264419,0.542082,0.297162,0.203872,2.115655,69.263821,69.950565,2.529332,0.027828,1.264419,4,10,7,6,4,10,7,6,4,10,7,6,4,10,7,6,0.06052,0.1141,0.34221,0.36866,1,1,24:06:2023,22:31:35,90,-10.882212,-61.9686,175.0,lev20,Almucantar,Ji_Parana_UNIR,223,223.493588,1.4765,1.4867,1.4796,1.4687,0.015568,0.014297,0.014006,0.013787,69.263821,69.950565,2.529332,0.027828,1.264419,4,10,7,6,4,10,7,6,4,10,7,6,4,10,7,6,0.06052,0.1141,0.34221,0.36866,1,1,24:06:2023,22:31:35,90,-10.882212,-61.9686,175.0,lev20,Almucantar,Ji_Parana_UNIR,223,223.493588,0.9098,0.8863,0.8526,0.8253,69.263821,69.950565,2.529332,0.027828,1.264419,4,10,7,6,4,10,7,6,4,10,7,6,4,10,7,6,0.06052,0.1141,0.34221,0.36866,1,1,24:06:2023,22:31:35,90,-10.882212,-61.9686,175.0,lev20,Almucantar,Ji_Parana_UNIR,223,223.493588,0.11418,0.061631,0.043801,0.035637,1.413448,69.263821,69.950565,2.529332,0.027828,1.264419,4,10,7,6,4,10,7,6,4,10,7,6,4,10,7,6,0.06052,0.1141,0.34221,0.36866,1,1,24:06:2023,22:31:35,90,-10.882212,-61.9686,175.0,lev20,Almucantar,2.126431714138333,0.9647487002941445,0.9706000845164358,BCL,Biomass,,Unknown
11:08:2002,12:37:21,Ji_Parana_UNIR,223,223.525937,0.919,0.3843,0.2167,0.1553,0.8896,0.353,0.1838,0.1216,0.0295,0.0312,0.0328,0.0337,2.117321,58.758249,59.423993,3.276433,0.150198,0.9179,4,10,7,5,4,10,7,5,3,11,7,5,3,10,8,5,0.05425,0.10373,0.30454,0.33088,1,1,24:06:2023,22:34:02,90,-10.882212,-61.9686,175.0,lev20,Almucantar,Ji_Parana_UNIR,223,223.525937,0.9179,0.384472,0.216243,0.152414,2.118127,58.758249,59.423993,3.276433,0.150198,0.9179,4,10,7,5,4,10,7,5,3,11,7,5,3,10,8,5,0.05425,0.10373,0.30454,0.33088,1,1,24:06:2023,22:34:02,90,-10.882212,-61.9686,175.0,lev20,Almucantar,Ji_Parana_UNIR,223,223.525937,1.4465,1.4678,1.4759,1.4809,0.011914,0.011148,0.010857,0.010751,58.758249,59.423993,3.276433,0.150198,0.9179,4,10,7,5,4,10,7,5,3,11,7,5,3,10,8,5,0.05425,0.10373,0.30454,0.33088,1,1,24:06:2023,22:34:02,90,-10.882212,-61.9686,175.0,lev20,Almucantar,Ji_Parana_UNIR,223,223.525937,0.921,0.8933,0.8638,0.8434,58.758249,59.423993,3.276433,0.150198,0.9179,4,10,7,5,4,10,7,5,3,11,7,5,3,10,8,5,0.05425,0.10373,0.30454,0.33088,1,1,24:06:2023,22:34:02,90,-10.882212,-61.9686,175.0,lev20,Almucantar,Ji_Parana_UNIR,223,223.525937,0.072573,0.041007,0.029499,0.02432,1.325994,58.758249,59.423993,3.276433,0.150198,0.9179,4,10,7,5,4,10,7,5,3,11,7,5,3,10,8,5,0.05425,0.10373,0.30454,0.33088,1,1,24:06:2023,22:34:02,90,-10.882212,-61.9686,175.0,lev20,Almucantar,2.1193091373665593,0.7009017288057198,0.9496113837202301,BCL,Biomass,,Unknown
11:08:2002,13:04:56,Ji_Parana_UNIR,223,223.545093,0.8582,0.3643,0.209,0.1504,0.8271,0.3314,0.1744,0.1147,0.0312,0.0329,0.0346,0.0357,2.071114,52.730734,53.377146,3.471321,0.158192,0.856318,3,10,8,4,3,10,8,4,3,10,8,4,4,10,8,4,0.05207,0.10006,0.29035,0.31672,1,1,24:06:2023,22:36:10,90,-10.882212,-61.9686,175.0,lev20,Almucantar,Ji_Parana_UNIR,223,223.545093,0.856318,0.364329,0.207954,0.147381,2.074285,52.730734,53.377146,3.471321,0.158192,0.856318,3,10,8,4,3,10,8,4,3,10,8,4,4,10,8,4,0.05207,0.10006,0.29035,0.31672,1,1,24:06:2023,22:36:10,90,-10.882212,-61.9686,175.0,lev20,Almucantar,Ji_Parana_UNIR,223,223.545093,1.4729,1.4924,1.5009,1.5026,0.01101,0.010319,0.010114,0.010058,52.730734,53.377146,3.471321,0.158192,0.856318,3,10,8,4,3,10,8,4,3,10,8,4,4,10,8,4,0.05207,0.10006,0.29035,0.31672,1,1,24:06:2023,22:36:10,90,-10.882212,-61.9686,175.0,lev20,Almucantar,Ji_Parana_UNIR,223,223.545093,0.9288,0.9039,0.878,0.8592,52.730734,53.377146,3.471321,0.158192,0.856318,3,10,8,4,3,10,8,4,3,10,8,4,4,10,8,4,0.05207,0.10006,0.29035,0.31672,1,1,24:06:2023,22:36:10,90,-10.882212,-61.9686,175.0,lev20,Almucantar,Ji_Parana_UNIR,223,223.545093,0.061139,0.035007,0.025497,0.021174,1.288948,52.730734,53.377146,3.471321,0.158192,0.856318,3,10,8,4,3,10,8,4,3,10,8,4,4,10,8,4,0.05207,0.10006,0.29035,0.31672,1,1,24:06:2023,22:36:10,90,-10.882212,-61.9686,175.0,lev20,Almucantar,2.071973919174197,0.6585034502892615,0.9439726540818659,BCL,Arid,,Unknown
11:08:2002,19:25:15,Ji_Parana_UNIR,223,223.809201,0.9538,0.3975,0.2263,0.1619,0.9177,0.36,0.1873,0.122,0.0361,0.0375,0.0389,0.0399,2.109993,54.876355,54.224354,4.495118,0.2276,0.949029,4,10,8,4,4,10,8,4,4,10,8,4,4,10,8,4,0.05299,0.10123,0.29353,0.31846,1,1,24:06:2023,22:38:36,90,-10.882212,-61.9686,175.0,lev20,Almucantar,Ji_Parana_UNIR,223,223.809201,0.949029,0.394712,0.224978,0.158729,2.111597,54.876355,54.224354,4.495118,0.2276,0.949029,4,10,8,4,4,10,8,4,4,10,8,4,4,10,8,4,0.05299,0.10123,0.29353,0.31846,1,1,24:06:2023,22:38:36,90,-10.882212,-61.9686,175.0,lev20,Almucantar,Ji_Parana_UNIR,223,223.809201,1.5624,1.5688,1.5783,1.5803,0.009061,0.008629,0.008502,0.008462,54.876355,54.224354,4.495118,0.2276,0.949029,4,10,8,4,4,10,8,4,4,10,8,4,4,10,8,4,0.05299,0.10123,0.29353,0.31846,1,1,24:06:2023,22:38:36,90,-10.882212,-61.9686,175.0,lev20,Almucantar,Ji_Parana_UNIR,223,223.809201,0.9479,0.9285,0.9083,0.8932,54.876355,54.224354,4.495118,0.2276,0.949029,4,10,8,4,4,10,8,4,4,10,8,4,4,10,8,4,0.05299,0.10123,0.29353,0.31846,1,1,24:06:2023,22:38:36,90,-10.882212,-61.9686,175.0,lev20,Almucantar,Ji_Parana_UNIR,223,223.809201,0.049728,0.028409,0.020758,0.017295,1.288239,54.876355,54.224354,4.495118,0.2276,0.949029,4,10,8,4,4,10,8,4,4,10,8,4,4,10,8,4,0.05299,0.10123,0.29353,0.31846,1,1,24:06:2023,22:38:36,90,-10.882212,-61.9686,175.0,lev20,Almucantar,2.110244163000884,0.728286401727974,0.9414057098760173,BCL,Biomass,,Unknown
11:08:2002,19:52:40,Ji_Parana_UNIR,223,223.828241,1.1883,0.4923,0.2723,0.1905,1.151,0.4528,0.2311,0.1484,0.0374,0.0395,0.0413,0.0421,2.157314,60.92909,60.25938,3.698843,0.101225,1.184815,3,10,8,5,3,10,8,5,3,10,8,5,3,10,8,5,0.05553,0.10535,0.30877,0.33319,1,1,24:06:2023,22:40:51,90,-10.882212,-61.9686,175.0,lev20,Almucantar,Ji_Parana_UNIR,223,223.828241,1.184815,0.491551,0.272631,0.189183,2.151494,60.92909,60.25938,3.698843,0.101225,1.184815,3,10,8,5,3,10,8,5,3,10,8,5,3,10,8,5,0.05553,0.10535,0.30877,0.33319,1,1,24:06:2023,22:40:51,90,-10.882212,-61.9686,175.0,lev20,Almucantar,Ji_Parana_UNIR,223,223.828241,1.4496,1.4723,1.478,1.4767,0.009893,0.009484,0.00935,0.009296,60.92909,60.25938,3.698843,0.101225,1.184815,3,10,8,5,3,10,8,5,3,10,8,5,3,10,8,5,0.05553,0.10535,0.30877,0.33319,1,1,24:06:2023,22:40:51,90,-10.882212,-61.9686,175.0,lev20,Almucantar,Ji_Parana_UNIR,223,223.828241,0.9319,0.9055,0.8766,0.8542,60.92909,60.25938,3.698843,0.101225,1.184815,3,10,8,5,3,10,8,5,3,10,8,5,3,10,8,5,0.05553,0.10535,0.30877,0.33319,1,1,24:06:2023,22:40:51,90,-10.882212,-61.9686,175.0,lev20,Almucantar,Ji_Parana_UNIR,223,223.828241,0.080868,0.046516,0.033614,0.02777,1.292172,60.92909,60.25938,3.698843,0.101225,1.184815,3,10,8,5,3,10,8,5,3,10,8,5,3,10,8,5,0.05553,0.10535,0.30877,0.33319,1,1,24:06:2023,22:40:51,90,-10.882212,-61.9686,175.0,lev20,Almucantar,2.161265429359956,0.9014433011200068,0.9513634834488128,BCL,Biomass,,Unknown
11:08:2002,21:00:52,Ji_Parana_UNIR,223,223.875602,1.4549,0.5893,0.3177,0.2156,1.4273,0.5608,0.2884,0.1857,0.0276,0.0285,0.0294,0.0299,2.226383,76.491409,75.79706,6.700601,0.089796,1.448239,4,10,7,6,4,10,7,6,4,10,7,6,4,10,7,6,0.06855,0.12588,0.37901,0.4012,1,1,24:06:2023,22:23:00,90,-10.882212,-61.9686,175.0,lev20,Almucantar,Ji_Parana_UNIR,223,223.875602,1.448239,0.58784,0.317525,0.215291,2.220544,76.491409,75.79706,6.700601,0.089796,1.448239,4,10,7,6,4,10,7,6,4,10,7,6,4,10,7,6,0.06855,0.12588,0.37901,0.4012,1,1,24:06:2023,22:23:00,90,-10.882212,-61.9686,175.0,lev20,Almucantar,Ji_Parana_UNIR,223,223.875602,1.4588,1.4607,1.4561,1.4479,0.010739,0.010568,0.010487,0.010457,76.491409,75.79706,6.700601,0.089796,1.448239,4,10,7,6,4,10,7,6,4,10,7,6,4,10,7,6,0.06855,0.12588,0.37901,0.4012,1,1,24:06:2023,22:23:00,90,-10.882212,-61.9686,175.0,lev20,Almucantar,Ji_Parana_UNIR,223,223.875602,0.9337,0.9051,0.8726,0.845,76.491409,75.79706,6.700601,0.089796,1.448239,4,10,7,6,4,10,7,6,4,10,7,6,4,10,7,6,0.06855,0.12588,0.37901,0.4012,1,1,24:06:2023,22:23:00,90,-10.882212,-61.9686,175.0,lev20,Almucantar,Ji_Parana_UNIR,223,223.875602,0.096408,0.055907,0.040477,0.033407,1.276984,76.491409,75.79706,6.700601,0.089796,1.448239,4,10,7,6,4,10,7,6,4,10,7,6,4,10,7,6,0.06855,0.12588,0.37901,0.4012,1,1,24:06:2023,22:23:00,90,-10.882212,-61.9686,175.0,lev20,Almucantar,2.23198423031524,1.0937532175234799,0.9710545134608477,BCL,Biomass,,Unknown
12:08:2002,13:04:09,Ji_Parana_UNIR,224,224.544549,1.7151,0.7518,0.4069,0.2762,1.6888,0.7246,0.3789,0.2477,0.0264,0.0272,0.028,0.0286,2.097831,52.729289,53.37826,7.158616,0.3462,1.707156,3,10,8,4,3,10,8,4,3,10,8,4,4,10,8,4,0.05209,0.10008,0.29037,0.31674,1,1,24:06:2023,22:34:36,90,-10.882212,-61.9686,175.0,lev20,Almucantar,Ji_Parana_UNIR,224,224.544549,1.707156,0.751841,0.40621,0.272917,2.092805,52.729289,53.37826,7.158616,0.3462,1.707156,3,10,8,4,3,10,8,4,3,10,8,4,4,10,8,4,0.05209,0.10008,0.29037,0.31674,1,1,24:06:2023,22:34:36,90,-10.882212,-61.9686,175.0,lev20,Almucantar,Ji_Parana_UNIR,224,224.544549,1.468,1.4945,1.4964,1.4939,0.00998,0.009599,0.009475,0.009443,52.729289,53.37826,7.158616,0.3462,1.707156,3,10,8,4,3,10,8,4,3,10,8,4,4,10,8,4,0.05209,0.10008,0.29037,0.31674,1,1,24:06:2023,22:34:36,90,-10.882212,-61.9686,175.0,lev20,Almucantar,Ji_Parana_UNIR,224,224.544549,0.9402,0.9223,0.8988,0.8786,52.729289,53.37826,7.158616,0.3462,1.707156,3,10,8,4,3,10,8,4,3,10,8,4,4,10,8,4,0.05209,0.10008,0.29037,0.31674,1,1,24:06:2023,22:34:36,90,-10.882212,-61.9686,175.0,lev20,Almucantar,Ji_Parana_UNIR,224,224.544549,0.10249,0.0584,0.041172,0.033519,1.339483,52.729289,53.37826,7.158616,0.3462,1.707156,3,10,8,4,3,10,8,4,3,10,8,4,4,10,8,4,0.05209,0.10008,0.29037,0.31674,1,1,24:06:2023,22:34:36,90,-10.882212,-61.9686,175.0,lev20,Almucantar,2.1103420900884635,1.3095705297033164,0.9776485833778175,BCL,Biomass,,Unknown
12:08:2002,19:25:36,Ji_Parana_UNIR,224,224.809444,1.3267,0.5773,0.3216,0.2216,1.2932,0.5422,0.285,0.1842,0.0335,0.0351,0.0366,0.0374,2.071225,54.861175,54.206814,4.862768,0.188479,1.321786,4,10,8,4,4,10,8,3,4,8,7,4,4,8,5,4,0.05296,0.1012,0.29345,0.31843,1,1,24:06:2023,22:36:54,90,-10.882212,-61.9686,175.0,lev20,Almucantar,Ji_Parana_UNIR,224,224.809444,1.321786,0.57634,0.320583,0.219779,2.07001,54.861175,54.206814,4.862768,0.188479,1.321786,4,10,8,4,4,10,8,3,4,8,7,4,4,8,5,4,0.05296,0.1012,0.29345,0.31843,1,1,24:06:2023,22:36:54,90,-10.882212,-61.9686,175.0,lev20,Almucantar,Ji_Parana_UNIR,224,224.809444,1.4856,1.5072,1.5161,1.5155,0.006896,0.006759,0.006719,0.006708,54.861175,54.206814,4.862768,0.188479,1.321786,4,10,8,4,4,10,8,3,4,8,7,4,4,8,5,4,0.05296,0.1012,0.29345,0.31843,1,1,24:06:2023,22:36:54,90,-10.882212,-61.9686,175.0,lev20,Almucantar,Ji_Parana_UNIR,224,224.809444,0.9583,0.9439,0.9273,0.9134,54.861175,54.206814,4.862768,0.188479,1.321786,4,10,8,4,4,10,8,3,4,8,7,4,4,8,5,4,0.05296,0.1012,0.29345,0.31843,1,1,24:06:2023,22:36:54,90,-10.882212,-61.9686,175.0,lev20,Almucantar,Ji_Parana_UNIR,224,224.809444,0.055337,0.032387,0.023378,0.0192,1.266559,54.861175,54.206814,4.862768,0.188479,1.321786,4,10,8,4,4,10,8,3,4,8,7,4,4,8,5,4,0.05296,0.1012,0.29345,0.31843,1,1,24:06:2023,22:36:54,90,-10.882212,-61.9686,175.0,lev20,Almucantar,2.078778013722463,1.0171020476039363,0.9626151488255801,FNA,Biomass,,Unknown
12:08:2002,21:01:06,Ji_Parana_UNIR,224,224.875764,1.2778,0.5553,0.3111,0.2161,1.2478,0.5243,0.2796,0.1845,0.03,0.031,0.0315,0.0317,2.065787,76.505342,75.809674,3.725473,0.031108,1.274618,4,10,6,6,4,10,7,6,4,10,5,6,4,10,4,6,0.06875,0.12608,0.37927,0.40144,1,1,24:06:2023,22:39:47,90,-10.882212,-61.9686,175.0,lev20,Almucantar,Ji_Parana_UNIR,224,224.875764,1.274618,0.553964,0.310319,0.215123,2.065794,76.505342,75.809674,3.725473,0.031108,1.274618,4,10,6,6,4,10,7,6,4,10,5,6,4,10,4,6,0.06875,0.12608,0.37927,0.40144,1,1,24:06:2023,22:39:47,90,-10.882212,-61.9686,175.0,lev20,Almucantar,Ji_Parana_UNIR,224,224.875764,1.5654,1.5436,1.5283,1.5136,0.012996,0.013341,0.01348,0.013445,76.505342,75.809674,3.725473,0.031108,1.274618,4,10,6,6,4,10,7,6,4,10,5,6,4,10,4,6,0.06875,0.12608,0.37927,0.40144,1,1,24:06:2023,22:39:47,90,-10.882212,-61.9686,175.0,lev20,Almucantar,Ji_Parana_UNIR,224,224.875764,0.9325,0.9064,0.8764,0.8523,76.505342,75.809674,3.725473,0.031108,1.274618,4,10,6,6,4,10,7,6,4,10,5,6,4,10,4,6,0.06875,0.12608,0.37927,0.40144,1,1,24:06:2023,22:39:47,90,-10.882212,-61.9686,175.0,lev20,Almucantar,Ji_Parana_UNIR,224,224.875764,0.086301,0.051995,0.038465,0.03192,1.188882,76.505342,75.809674,3.725473,0.031108,1.274618,4,10,6,6,4,10,7,6,4,10,5,6,4,10,4,6,0.06875,0.12608,0.37927,0.40144,1,1,24:06:2023,22:39:47,90,-10.882212,-61.9686,175.0,lev20,Almucantar,2.072381424146203,0.9804146786696838,0.9646512415371887,BCL,Biomass,,Unknown
13:08:2002,12:36:03,Ji_Parana_UNIR,225,225.525035,1.5701,0.6895,0.3776,0.2581,1.5475,0.6662,0.3539,0.2342,0.0226,0.0233,0.0237,0.0239,2.079447,58.737141,59.406954,4.437924,0.19961,1.564876,4,10,7,5,4,10,7,5,3,11,7,5,3,10,8,5,0.05434,0.10286,0.30755,0.33395,1,1,24:06:2023,22:28:38,90,-10.882212,-61.9686,175.0,lev20,Almucantar,Ji_Parana_UNIR,225,225.525035,1.564876,0.688087,0.376439,0.255255,2.078804,58.737141,59.406954,4.437924,0.19961,1.564876,4,10,7,5,4,10,7,5,3,11,7,5,3,10,8,5,0.05434,0.10286,0.30755,0.33395,1,1,24:06:2023,22:28:38,90,-10.882212,-61.9686,175.0,lev20,Almucantar,Ji_Parana_UNIR,225,225.525035,1.4559,1.4763,1.4772,1.4739,0.010732,0.010478,0.010371,0.010334,58.737141,59.406954,4.437924,0.19961,1.564876,4,10,7,5,4,10,7,5,3,11,7,5,3,10,8,5,0.05434,0.10286,0.30755,0.33395,1,1,24:06:2023,22:28:38,90,-10.882212,-61.9686,175.0,lev20,Almucantar,Ji_Parana_UNIR,225,225.525035,0.936,0.9156,0.89,0.8686,58.737141,59.406954,4.437924,0.19961,1.564876,4,10,7,5,4,10,7,5,3,11,7,5,3,10,8,5,0.05434,0.10286,0.30755,0.33395,1,1,24:06:2023,22:28:38,90,-10.882212,-61.9686,175.0,lev20,Almucantar,Ji_Parana_UNIR,225,225.525035,0.10041,0.058227,0.041534,0.033921,1.296635,58.737141,59.406954,4.437924,0.19961,1.564876,4,10,7,5,4,10,7,5,3,11,7,5,3,10,8,5,0.05434,0.10286,0.30755,0.33395,1,1,24:06:2023,22:28:38,90,-10.882212,-61.9686,175.0,lev20,Almucantar,2.0903924247577352,1.2019165408866483,0.978763284949044,BCL,Biomass,,Unknown
13:08:2002,13:03:25,Ji_Parana_UNIR,225,225.544039,1.5324,0.6796,0.3763,0.2593,1.5052,0.6516,0.3474,0.2298,0.0271,0.028,0.0289,0.0296,2.049549,52.715138,53.366614,4.594401,0.146013,1.529095,3,10,8,4,3,10,8,4,3,10,8,4,4,10,8,4,0.05217,0.09914,0.29357,0.32015,1,1,24:06:2023,22:31:29,90,-10.882212,-61.9686,175.0,lev20,Almucantar,Ji_Parana_UNIR,225,225.544039,1.529095,0.679233,0.375546,0.256355,2.048955,52.715138,53.366614,4.594401,0.146013,1.529095,3,10,8,4,3,10,8,4,3,10,8,4,4,10,8,4,0.05217,0.09914,0.29357,0.32015,1,1,24:06:2023,22:31:29,90,-10.882212,-61.9686,175.0,lev20,Almucantar,Ji_Parana_UNIR,225,225.544039,1.4578,1.4816,1.4867,1.4865,0.009338,0.008955,0.008803,0.008752,52.715138,53.366614,4.594401,0.146013,1.529095,3,10,8,4,3,10,8,4,3,10,8,4,4,10,8,4,0.05217,0.09914,0.29357,0.32015,1,1,24:06:2023,22:31:29,90,-10.882212,-61.9686,175.0,lev20,Almucantar,Ji_Parana_UNIR,225,225.544039,0.943,0.9272,0.9069,0.89,52.715138,53.366614,4.594401,0.146013,1.529095,3,10,8,4,3,10,8,4,3,10,8,4,4,10,8,4,0.05217,0.09914,0.29357,0.32015,1,1,24:06:2023,22:31:29,90,-10.882212,-61.9686,175.0,lev20,Almucantar,Ji_Parana_UNIR,225,225.544039,0.087275,0.04949,0.035022,0.02852,1.342083,52.715138,53.366614,4.594401,0.146013,1.529095,3,10,8,4,3,10,8,4,3,10,8,4,4,10,8,4,0.05217,0.09914,0.29357,0.32015,1,1,24:06:2023,22:31:29,90,-10.882212,-61.9686,175.0,lev20,Almucantar,2.0597999712010524,1.1776535701214863,0.9741584198375387,BCL,Biomass,,Unknown
13:08:2002,19:26:02,Ji_Parana_UNIR,225,225.809745,1.844,0.8321,0.4572,0.3074,1.8242,0.8115,0.4363,0.2864,0.0199,0.0206,0.0209,0.021,2.032636,54.866281,54.209497,2.074585,0.046447,1.841352,4,10,8,4,4,10,8,4,4,10,8,4,4,10,8,4,0.05308,0.10033,0.2967,0.32184,1,1,24:06:2023,22:34:32,90,-10.882212,-61.9686,175.0,lev20,Almucantar,Ji_Parana_UNIR,225,225.809745,1.841352,0.83072,0.457203,0.30654,2.030786,54.866281,54.209497,2.074585,0.046447,1.841352,4,10,8,4,4,10,8,4,4,10,8,4,4,10,8,4,0.05308,0.10033,0.2967,0.32184,1,1,24:06:2023,22:34:32,90,-10.882212,-61.9686,175.0,lev20,Almucantar,Ji_Parana_UNIR,225,225.809745,1.4861,1.4976,1.4928,1.4823,0.01288,0.012649,0.012365,0.012187,54.866281,54.209497,2.074585,0.046447,1.841352,4,10,8,4,4,10,8,4,4,10,8,4,4,10,8,4,0.05308,0.10033,0.2967,0.32184,1,1,24:06:2023,22:34:32,90,-10.882212,-61.9686,175.0,lev20,Almucantar,Ji_Parana_UNIR,225,225.809745,0.9314,0.9126,0.8891,0.8678,54.866281,54.209497,2.074585,0.046447,1.841352,4,10,8,4,4,10,8,4,4,10,8,4,4,10,8,4,0.05308,0.10033,0.2967,0.32184,1,1,24:06:2023,22:34:32,90,-10.882212,-61.9686,175.0,lev20,Almucantar,Ji_Parana_UNIR,225,225.809745,0.12643,0.072752,0.050707,0.04064,1.339236,54.866281,54.209497,2.074585,0.046447,1.841352,4,10,8,4,4,10,8,4,4,10,8,4,4,10,8,4,0.05308,0.10033,0.2967,0.32184,1,1,24:06:2023,22:34:32,90,-10.882212,-61.9686,175.0,lev20,Almucantar,2.0456706153938025,1.4196809359456728,0.984447145258981,BCL,Biomass,,Unknown
13:08:2002,19:53:24,Ji_Parana_UNIR,225,225.82875,1.6268,0.7284,0.3991,0.269,1.6071,0.7081,0.3785,0.2483,0.0197,0.0203,0.0206,0.0208,2.048488,60.947267,60.2736,3.65861,0.122174,1.622574,3,10,8,5,3,10,8,5,3,10,8,5,3,10,8,5,0.05566,0.10456,0.31186,0.33628,1,1,24:06:2023,22:37:10,90,-10.882212,-61.9686,175.0,lev20,Almucantar,Ji_Parana_UNIR,225,225.82875,1.622574,0.72669,0.398828,0.267752,2.045893,60.947267,60.2736,3.65861,0.122174,1.622574,3,10,8,5,3,10,8,5,3,10,8,5,3,10,8,5,0.05566,0.10456,0.31186,0.33628,1,1,24:06:2023,22:37:10,90,-10.882212,-61.9686,175.0,lev20,Almucantar,Ji_Parana_UNIR,225,225.82875,1.4864,1.4976,1.4954,1.4879,0.01035,0.010082,0.009944,0.009878,60.947267,60.2736,3.65861,0.122174,1.622574,3,10,8,5,3,10,8,5,3,10,8,5,3,10,8,5,0.05566,0.10456,0.31186,0.33628,1,1,24:06:2023,22:37:10,90,-10.882212,-61.9686,175.0,lev20,Almucantar,Ji_Parana_UNIR,225,225.82875,0.9433,0.9269,0.9057,0.8867,60.947267,60.2736,3.65861,0.122174,1.622574,3,10,8,5,3,10,8,5,3,10,8,5,3,10,8,5,0.05566,0.10456,0.31186,0.33628,1,1,24:06:2023,22:37:10,90,-10.882212,-61.9686,175.0,lev20,Almucantar,Ji_Parana_UNIR,225,225.82875,0.092295,0.053215,0.037623,0.030467,1.317319,60.947267,60.2736,3.65861,0.122174,1.622574,3,10,8,5,3,10,8,5,3,10,8,5,3,10,8,5,0.05566,0.10456,0.31186,0.33628,1,1,24:06:2023,22:37:10,90,-10.882212,-61.9686,175.0,lev20,Almucantar,2.06120003115637,1.2499764932181852,0.9824716605616916,BCL,Biomass,,Unknown
13:08:2002,20:39:41,Ji_Parana_UNIR,225,225.860891,1.6829,0.7514,0.4102,0.2745,1.6648,0.7327,0.3912,0.2554,0.0182,0.0188,0.0191,0.0192,2.057707,71.504826,70.812732,2.426801,0.01045,1.679455,4,10,7,6,4,10,7,6,4,10,7,6,4,10,7,6,0.06309,0.11648,0.35214,0.3749,1,1,24:06:2023,22:40:59,90,-10.882212,-61.9686,175.0,lev20,Almucantar,Ji_Parana_UNIR,225,225.860891,1.679455,0.750097,0.409927,0.274624,2.055805,71.504826,70.812732,2.426801,0.01045,1.679455,4,10,7,6,4,10,7,6,4,10,7,6,4,10,7,6,0.06309,0.11648,0.35214,0.3749,1,1,24:06:2023,22:40:59,90,-10.882212,-61.9686,175.0,lev20,Almucantar,Ji_Parana_UNIR,225,225.860891,1.5366,1.5284,1.5191,1.5072,0.012756,0.012733,0.012613,0.012484,71.504826,70.812732,2.426801,0.01045,1.679455,4,10,7,6,4,10,7,6,4,10,7,6,4,10,7,6,0.06309,0.11648,0.35214,0.3749,1,1,24:06:2023,22:40:59,90,-10.882212,-61.9686,175.0,lev20,Almucantar,Ji_Parana_UNIR,225,225.860891,0.9377,0.9197,0.8965,0.8757,71.504826,70.812732,2.426801,0.01045,1.679455,4,10,7,6,4,10,7,6,4,10,7,6,4,10,7,6,0.06309,0.11648,0.35214,0.3749,1,1,24:06:2023,22:40:59,90,-10.882212,-61.9686,175.0,lev20,Almucantar,Ji_Parana_UNIR,225,225.860891,0.10492,0.060376,0.04247,0.034114,1.327061,71.504826,70.812732,2.426801,0.01045,1.679455,4,10,7,6,4,10,7,6,4,10,7,6,4,10,7,6,0.06309,0.11648,0.35214,0.3749,1,1,24:06:2023,22:40:59,90,-10.882212,-61.9686,175.0,lev20,Almucantar,2.070691877493599,1.2915137392115068,0.9844553263424163,BCL,Biomass,,Unknown
14:08:2002,11:49:01,Ji_Parana_UNIR,226,226.492373,1.8522,0.8462,0.465,0.3128,1.8371,0.8306,0.4492,0.2969,0.0151,0.0156,0.0158,0.0159,2.013174,69.266028,69.957341,4.084739,0.061784,1.848,4,10,7,6,4,10,7,6,4,10,7,6,4,10,7,6,0.06051,0.11327,0.34465,0.3708,1,1,24:06:2023,22:50:39,90,-10.882212,-61.9686,175.0,lev20,Almucantar,Ji_Parana_UNIR,226,226.492373,1.848,0.846177,0.465067,0.312187,2.009446,69.266028,69.957341,4.084739,0.061784,1.848,4,10,7,6,4,10,7,6,4,10,7,6,4,10,7,6,0.06051,0.11327,0.34465,0.3708,1,1,24:06:2023,22:50:39,90,-10.882212,-61.9686,175.0,lev20,Almucantar,Ji_Parana_UNIR,226,226.492373,1.4745,1.4915,1.4918,1.4861,0.011,0.010392,0.01016,0.010078,69.266028,69.957341,4.084739,0.061784,1.848,4,10,7,6,4,10,7,6,4,10,7,6,4,10,7,6,0.06051,0.11327,0.34465,0.3708,1,1,24:06:2023,22:50:39,90,-10.882212,-61.9686,175.0,lev20,Almucantar,Ji_Parana_UNIR,226,226.492373,0.9415,0.9282,0.9093,0.8918,69.266028,69.957341,4.084739,0.061784,1.848,4,10,7,6,4,10,7,6,4,10,7,6,4,10,7,6,0.06051,0.11327,0.34465,0.3708,1,1,24:06:2023,22:50:39,90,-10.882212,-61.9686,175.0,lev20,Almucantar,Ji_Parana_UNIR,226,226.492373,0.10837,0.060742,0.042187,0.033834,1.38494,69.266028,69.957341,4.084739,0.061784,1.848,4,10,7,6,4,10,7,6,4,10,7,6,4,10,7,6,0.06051,0.11327,0.34465,0.3708,1,1,24:06:2023,22:50:39,90,-10.882212,-61.9686,175.0,lev20,Almucantar,2.0273647056576185,1.4293349356873377,0.9883298356678896,BCL,Biomass,,Unknown
15:08:2002,12:34:37,Ji_Parana_UNIR,227,227.524039,2.8465,1.3162,0.7206,0.4787,2.827,1.296,0.7001,0.458,0.0196,0.0202,0.0205,0.0207,1.999266,58.73754,59.411449,3.446504,0.073205,2.841036,4,10,7,5,4,10,7,5,3,11,7,5,3,10,8,5,0.05432,0.10284,0.30753,0.33395,1,1,24:06:2023,22:29:34,90,-10.882212,-61.9686,175.0,lev20,Almucantar,Ji_Parana_UNIR,227,227.524039,2.841036,1.316725,0.72,0.478105,1.997268,58.73754,59.411449,3.446504,0.073205,2.841036,4,10,7,5,4,10,7,5,3,11,7,5,3,10,8,5,0.05432,0.10284,0.30753,0.33395,1,1,24:06:2023,22:29:34,90,-10.882212,-61.9686,175.0,lev20,Almucantar,Ji_Parana_UNIR,227,227.524039,1.4637,1.4783,1.4763,1.4679,0.010521,0.010129,0.010007,0.009951,58.73754,59.411449,3.446504,0.073205,2.841036,4,10,7,5,4,10,7,5,3,11,7,5,3,10,8,5,0.05432,0.10284,0.30753,0.33395,1,1,24:06:2023,22:29:34,90,-10.882212,-61.9686,175.0,lev20,Almucantar,Ji_Parana_UNIR,227,227.524039,0.9433,0.93,0.9105,0.892,58.73754,59.411449,3.446504,0.073205,2.841036,4,10,7,5,4,10,7,5,3,11,7,5,3,10,8,5,0.05432,0.10284,0.30753,0.33395,1,1,24:06:2023,22:29:34,90,-10.882212,-61.9686,175.0,lev20,Almucantar,Ji_Parana_UNIR,227,227.524039,0.1613,0.092113,0.064488,0.051722,1.345255,58.73754,59.411449,3.446504,0.073205,2.841036,4,10,7,5,4,10,7,5,3,11,7,5,3,10,8,5,0.05432,0.10284,0.30753,0.33395,1,1,24:06:2023,22:29:34,90,-10.882212,-61.9686,175.0,lev20,Almucantar,2.015144492683797,2.200066208820097,0.9903612006440208,BCL,Biomass,,Unknown
15:08:2002,13:01:47,Ji_Parana_UNIR,227,227.542905,2.407,1.1121,0.6138,0.413,2.3818,1.0861,0.5874,0.3864,0.0252,0.026,0.0264,0.0266,1.989836,52.717763,53.374332,4.808224,0.158805,2.401622,3,10,8,4,3,10,8,4,3,10,8,4,4,10,8,4,0.05216,0.09913,0.29357,0.32015,1,1,24:06:2023,22:32:44,90,-10.882212,-61.9686,175.0,lev20,Almucantar,Ji_Parana_UNIR,227,227.542905,2.401622,1.110631,0.612619,0.410749,1.989203,52.717763,53.374332,4.808224,0.158805,2.401622,3,10,8,4,3,10,8,4,3,10,8,4,4,10,8,4,0.05216,0.09913,0.29357,0.32015,1,1,24:06:2023,22:32:44,90,-10.882212,-61.9686,175.0,lev20,Almucantar,Ji_Parana_UNIR,227,227.542905,1.4591,1.4826,1.4853,1.4802,0.008287,0.007955,0.007824,0.007778,52.717763,53.374332,4.808224,0.158805,2.401622,3,10,8,4,3,10,8,4,3,10,8,4,4,10,8,4,0.05216,0.09913,0.29357,0.32015,1,1,24:06:2023,22:32:44,90,-10.882212,-61.9686,175.0,lev20,Almucantar,Ji_Parana_UNIR,227,227.542905,0.9531,0.9421,0.9266,0.9121,52.717763,53.374332,4.808224,0.158805,2.401622,3,10,8,4,3,10,8,4,3,10,8,4,4,10,8,4,0.05216,0.09913,0.29357,0.32015,1,1,24:06:2023,22:32:44,90,-10.882212,-61.9686,175.0,lev20,Almucantar,Ji_Parana_UNIR,227,227.542905,0.11299,0.064348,0.045078,0.036311,1.348714,52.717763,53.374332,4.808224,0.158805,2.401622,3,10,8,4,3,10,8,4,3,10,8,4,4,10,8,4,0.05216,0.09913,0.29357,0.32015,1,1,24:06:2023,22:32:44,90,-10.882212,-61.9686,175.0,lev20,Almucantar,2.0044451282936286,1.8629219203722767,0.9851670799638618,FNA,Biomass,,Unknown
15:08:2002,19:26:57,Ji_Parana_UNIR,227,227.810382,1.6357,0.7498,0.4203,0.2882,1.6079,0.7211,0.3907,0.2579,0.0279,0.0287,0.0296,0.0303,1.981711,54.894247,54.232594,3.457013,0.169994,1.630803,4,10,8,4,4,10,8,4,4,10,7,4,4,10,8,4,0.05308,0.10033,0.29674,0.32187,1,1,24:06:2023,22:35:14,90,-10.882212,-61.9686,175.0,lev20,Almucantar,Ji_Parana_UNIR,227,227.810382,1.630803,0.747905,0.419897,0.286008,1.978907,54.894247,54.232594,3.457013,0.169994,1.630803,4,10,8,4,4,10,8,4,4,10,7,4,4,10,8,4,0.05308,0.10033,0.29674,0.32187,1,1,24:06:2023,22:35:14,90,-10.882212,-61.9686,175.0,lev20,Almucantar,Ji_Parana_UNIR,227,227.810382,1.4952,1.5092,1.5108,1.506,0.010224,0.009663,0.009403,0.0093,54.894247,54.232594,3.457013,0.169994,1.630803,4,10,8,4,4,10,8,4,4,10,7,4,4,10,8,4,0.05308,0.10033,0.29674,0.32187,1,1,24:06:2023,22:35:14,90,-10.882212,-61.9686,175.0,lev20,Almucantar,Ji_Parana_UNIR,227,227.810382,0.9436,0.9298,0.9126,0.8973,54.894247,54.232594,3.457013,0.169994,1.630803,4,10,8,4,4,10,8,4,4,10,7,4,4,10,8,4,0.05308,0.10033,0.29674,0.32187,1,1,24:06:2023,22:35:14,90,-10.882212,-61.9686,175.0,lev20,Almucantar,Ji_Parana_UNIR,227,227.810382,0.092277,0.052673,0.03672,0.02961,1.351544,54.894247,54.232594,3.457013,0.169994,1.630803,4,10,8,4,4,10,8,4,4,10,7,4,4,10,8,4,0.05308,0.10033,0.29674,0.32187,1,1,24:06:2023,22:35:14,90,-10.882212,-61.9686,175.0,lev20,Almucantar,1.9932822927325968,1.2677743102754269,0.9758385501631176,BCL,Biomass,,Unknown
15:08:2002,19:54:04,Ji_Parana_UNIR,227,227.829213,1.7077,0.7799,0.4368,0.2988,1.6821,0.7534,0.4098,0.2718,0.0256,0.0265,0.0269,0.0271,1.988641,60.958701,60.281126,2.33329,0.05093,1.704202,3,10,8,5,3,10,8,5,3,10,8,5,3,10,8,5,0.05565,0.10455,0.31185,0.33629,1,1,24:06:2023,22:37:54,90,-10.882212,-61.9686,175.0,lev20,Almucantar,Ji_Parana_UNIR,227,227.829213,1.704202,0.779024,0.436731,0.29856,1.985921,60.958701,60.281126,2.33329,0.05093,1.704202,3,10,8,5,3,10,8,5,3,10,8,5,3,10,8,5,0.05565,0.10455,0.31185,0.33629,1,1,24:06:2023,22:37:54,90,-10.882212,-61.9686,175.0,lev20,Almucantar,Ji_Parana_UNIR,227,227.829213,1.4849,1.5015,1.5039,1.4991,0.011357,0.010544,0.01029,0.010191,60.958701,60.281126,2.33329,0.05093,1.704202,3,10,8,5,3,10,8,5,3,10,8,5,3,10,8,5,0.05565,0.10455,0.31185,0.33629,1,1,24:06:2023,22:37:54,90,-10.882212,-61.9686,175.0,lev20,Almucantar,Ji_Parana_UNIR,227,227.829213,0.9379,0.9236,0.9036,0.8857,60.958701,60.281126,2.33329,0.05093,1.704202,3,10,8,5,3,10,8,5,3,10,8,5,3,10,8,5,0.05565,0.10455,0.31185,0.33629,1,1,24:06:2023,22:37:54,90,-10.882212,-61.9686,175.0,lev20,Almucantar,Ji_Parana_UNIR,227,227.829213,0.10606,0.05961,0.042122,0.034163,1.357888,60.958701,60.281126,2.33329,0.05093,1.704202,3,10,8,5,3,10,8,5,3,10,8,5,3,10,8,5,0.05565,0.10455,0.31185,0.33629,1,1,24:06:2023,22:37:54,90,-10.882212,-61.9686,175.0,lev20,Almucantar,1.9999858020423915,1.3224452802000208,0.9782230719278275,BCL,Biomass,,Unknown
15:08:2002,20:40:13,Ji_Parana_UNIR,227,227.861262,1.9447,0.8705,0.4845,0.3288,1.9204,0.8454,0.459,0.3031,0.0243,0.0251,0.0255,0.0257,2.028223,71.537462,70.842431,3.438856,0.035677,1.938654,4,10,7,6,4,10,7,6,4,10,7,6,4,10,7,6,0.06326,0.11666,0.35245,0.37509,1,1,24:06:2023,22:40:56,90,-10.882212,-61.9686,175.0,lev20,Almucantar,Ji_Parana_UNIR,227,227.861262,1.938654,0.868465,0.48399,0.328583,2.025318,71.537462,70.842431,3.438856,0.035677,1.938654,4,10,7,6,4,10,7,6,4,10,7,6,4,10,7,6,0.06326,0.11666,0.35245,0.37509,1,1,24:06:2023,22:40:56,90,-10.882212,-61.9686,175.0,lev20,Almucantar,Ji_Parana_UNIR,227,227.861262,1.49,1.4881,1.4829,1.4732,0.011973,0.012391,0.012391,0.012302,71.537462,70.842431,3.438856,0.035677,1.938654,4,10,7,6,4,10,7,6,4,10,7,6,4,10,7,6,0.06326,0.11666,0.35245,0.37509,1,1,24:06:2023,22:40:56,90,-10.882212,-61.9686,175.0,lev20,Almucantar,Ji_Parana_UNIR,227,227.861262,0.9367,0.9143,0.8894,0.8678,71.537462,70.842431,3.438856,0.035677,1.938654,4,10,7,6,4,10,7,6,4,10,7,6,4,10,7,6,0.06326,0.11666,0.35245,0.37509,1,1,24:06:2023,22:40:56,90,-10.882212,-61.9686,175.0,lev20,Almucantar,Ji_Parana_UNIR,227,227.861262,0.12315,0.074633,0.053608,0.043463,1.218605,71.537462,70.842431,3.438856,0.035677,1.938654,4,10,7,6,4,10,7,6,4,10,7,6,4,10,7,6,0.06326,0.11666,0.35245,0.37509,1,1,24:06:2023,22:40:56,90,-10.882212,-61.9686,175.0,lev20,Almucantar,2.038591592125518,1.4985645558729168,0.9818109245246082,BCL,Biomass,,Unknown
16:08:2002,12:33:56,Ji_Parana_UNIR,228,228.523565,1.6411,0.7525,0.4249,0.2932,1.6181,0.7287,0.4007,0.2687,0.0231,0.0238,0.0243,0.0245,1.971627,58.727436,59.403353,2.625957,0.069992,1.637056,4,10,7,5,4,10,7,5,3,11,7,5,3,10,8,5,0.05432,0.10284,0.30752,0.33393,1,1,24:06:2023,22:39:56,90,-10.882212,-61.9686,175.0,lev20,Almucantar,Ji_Parana_UNIR,228,228.523565,1.637056,0.75235,0.424917,0.292099,1.967769,58.727436,59.403353,2.625957,0.069992,1.637056,4,10,7,5,4,10,7,5,3,11,7,5,3,10,8,5,0.05432,0.10284,0.30752,0.33393,1,1,24:06:2023,22:39:56,90,-10.882212,-61.9686,175.0,lev20,Almucantar,Ji_Parana_UNIR,228,228.523565,1.4327,1.4552,1.4602,1.458,0.010639,0.009747,0.009456,0.009306,58.727436,59.403353,2.625957,0.069992,1.637056,4,10,7,5,4,10,7,5,3,11,7,5,3,10,8,5,0.05432,0.10284,0.30752,0.33393,1,1,24:06:2023,22:39:56,90,-10.882212,-61.9686,175.0,lev20,Almucantar,Ji_Parana_UNIR,228,228.523565,0.9352,0.9204,0.9013,0.8851,58.727436,59.403353,2.625957,0.069992,1.637056,4,10,7,5,4,10,7,5,3,11,7,5,3,10,8,5,0.05432,0.10284,0.30752,0.33393,1,1,24:06:2023,22:39:56,90,-10.882212,-61.9686,175.0,lev20,Almucantar,Ji_Parana_UNIR,228,228.523565,0.10639,0.059911,0.041939,0.033678,1.367262,58.727436,59.403353,2.625957,0.069992,1.637056,4,10,7,5,4,10,7,5,3,11,7,5,3,10,8,5,0.05432,0.10284,0.30752,0.33393,1,1,24:06:2023,22:39:56,90,-10.882212,-61.9686,175.0,lev20,Almucantar,1.9821498328411389,1.2737710771433923,0.9797230214981583,BCL,Biomass,,Unknown
16:08:2002,13:01:01,Ji_Parana_UNIR,228,228.542373,1.6109,0.7394,0.4208,0.2927,1.5797,0.7071,0.3873,0.2583,0.0312,0.0323,0.0335,0.0344,1.959671,52.70577,53.364819,3.415465,0.109167,1.607049,3,10,8,4,3,10,8,4,3,10,8,4,4,10,8,3,0.05216,0.09913,0.29355,0.32014,1,1,24:06:2023,22:42:52,90,-10.882212,-61.9686,175.0,lev20,Almucantar,Ji_Parana_UNIR,228,228.542373,1.607049,0.739106,0.420289,0.290372,1.957634,52.70577,53.364819,3.415465,0.109167,1.607049,3,10,8,4,3,10,8,4,3,10,8,4,4,10,8,3,0.05216,0.09913,0.29355,0.32014,1,1,24:06:2023,22:42:52,90,-10.882212,-61.9686,175.0,lev20,Almucantar,Ji_Parana_UNIR,228,228.542373,1.4469,1.4702,1.4768,1.4754,0.01004,0.008978,0.008632,0.008512,52.70577,53.364819,3.415465,0.109167,1.607049,3,10,8,4,3,10,8,4,3,10,8,4,4,10,8,3,0.05216,0.09913,0.29355,0.32014,1,1,24:06:2023,22:42:52,90,-10.882212,-61.9686,175.0,lev20,Almucantar,Ji_Parana_UNIR,228,228.542373,0.9382,0.9273,0.9112,0.8968,52.70577,53.364819,3.415465,0.109167,1.607049,3,10,8,4,3,10,8,4,3,10,8,4,4,10,8,3,0.05216,0.09913,0.29355,0.32014,1,1,24:06:2023,22:42:52,90,-10.882212,-61.9686,175.0,lev20,Almucantar,Ji_Parana_UNIR,228,228.542373,0.099611,0.053756,0.037382,0.030218,1.442472,52.70577,53.364819,3.415465,0.109167,1.607049,3,10,8,4,3,10,8,4,3,10,8,4,4,10,8,3,0.05216,0.09913,0.29355,0.32014,1,1,24:06:2023,22:42:52,90,-10.882212,-61.9686,175.0,lev20,Almucantar,1.9691275455140902,1.2524139085748953,0.9722311544812049,BCL,Biomass,,Unknown
18:08:2002,12:32:36,Ji_Parana_UNIR,230,230.522639,0.5288,0.2343,0.1404,0.1041,0.5063,0.2103,0.1149,0.0778,0.0224,0.024,0.0255,0.0263,1.946763,58.694385,59.374253,2.325682,0.104212,0.527264,4,10,7,5,4,10,7,5,3,11,7,5,3,11,7,5,0.05431,0.10282,0.30743,0.33386,1,1,24:06:2023,22:27:29,90,-10.882212,-61.9686,175.0,lev20,Almucantar,Ji_Parana_UNIR,230,230.522639,0.527264,0.23441,0.140092,0.102446,1.945002,58.694385,59.374253,2.325682,0.104212,0.527264,4,10,7,5,4,10,7,5,3,11,7,5,3,11,7,5,0.05431,0.10282,0.30743,0.33386,1,1,24:06:2023,22:27:29,90,-10.882212,-61.9686,175.0,lev20,Almucantar,Ji_Parana_UNIR,230,230.522639,1.4511,1.4655,1.4767,1.4825,0.009575,0.008175,0.007824,0.00769,58.694385,59.374253,2.325682,0.104212,0.527264,4,10,7,5,4,10,7,5,3,11,7,5,3,11,7,5,0.05431,0.10282,0.30743,0.33386,1,1,24:06:2023,22:27:29,90,-10.882212,-61.9686,175.0,lev20,Almucantar,Ji_Parana_UNIR,230,230.522639,0.9338,0.9227,0.908,0.8981,58.694385,59.374253,2.325682,0.104212,0.527264,4,10,7,5,4,10,7,5,3,11,7,5,3,11,7,5,0.05431,0.10282,0.30743,0.33386,1,1,24:06:2023,22:27:29,90,-10.882212,-61.9686,175.0,lev20,Almucantar,Ji_Parana_UNIR,230,230.522639,0.03499,0.018117,0.012924,0.010612,1.473477,58.694385,59.374253,2.325682,0.104212,0.527264,4,10,7,5,4,10,7,5,3,11,7,5,3,11,7,5,0.05431,0.10282,0.30743,0.33386,1,1,24:06:2023,22:27:29,90,-10.882212,-61.9686,175.0,lev20,Almucantar,1.9452528083622158,0.41237868419809603,0.9342510124091503,BCL,Unclassified,,Unknown
18:08:2002,12:59:30,Ji_Parana_UNIR,230,230.541319,0.5911,0.2607,0.155,0.114,0.5631,0.23,0.1225,0.0806,0.028,0.0308,0.0325,0.0333,1.964297,52.673658,53.337597,2.286081,0.155569,0.590236,3,10,8,4,3,10,8,4,3,10,8,4,4,10,8,4,0.05216,0.09912,0.29348,0.32009,1,1,24:06:2023,22:29:27,90,-10.882212,-61.9686,175.0,lev20,Almucantar,Ji_Parana_UNIR,230,230.541319,0.590236,0.260789,0.154383,0.111363,1.967191,52.673658,53.337597,2.286081,0.155569,0.590236,3,10,8,4,3,10,8,4,3,10,8,4,4,10,8,4,0.05216,0.09912,0.29348,0.32009,1,1,24:06:2023,22:29:27,90,-10.882212,-61.9686,175.0,lev20,Almucantar,Ji_Parana_UNIR,230,230.541319,1.5325,1.5289,1.538,1.5418,0.008572,0.007605,0.007345,0.007253,52.673658,53.337597,2.286081,0.155569,0.590236,3,10,8,4,3,10,8,4,3,10,8,4,4,10,8,4,0.05216,0.09912,0.29348,0.32009,1,1,24:06:2023,22:29:27,90,-10.882212,-61.9686,175.0,lev20,Almucantar,Ji_Parana_UNIR,230,230.541319,0.9504,0.939,0.9264,0.9176,52.673658,53.337597,2.286081,0.155569,0.590236,3,10,8,4,3,10,8,4,3,10,8,4,4,10,8,4,0.05216,0.09912,0.29348,0.32009,1,1,24:06:2023,22:29:27,90,-10.882212,-61.9686,175.0,lev20,Almucantar,Ji_Parana_UNIR,230,230.541319,0.029318,0.015892,0.011415,0.009395,1.39284,52.673658,53.337597,2.286081,0.155569,0.590236,3,10,8,4,3,10,8,4,3,10,8,4,4,10,8,4,0.05216,0.09912,0.29348,0.32009,1,1,24:06:2023,22:29:27,90,-10.882212,-61.9686,175.0,lev20,Almucantar,1.9635085755798598,0.4598881402882815,0.9257513328128221,FNA,Arid,,Unknown
19:08:2002,12:31:51,Ji_Parana_UNIR,231,231.522118,0.6097,0.2635,0.1522,0.1095,0.5899,0.2423,0.1297,0.0862,0.0199,0.0212,0.0225,0.0233,2.034137,58.69428,59.376138,2.55194,0.092191,0.608229,4,10,7,5,4,10,7,5,3,11,7,5,3,11,7,5,0.05432,0.10283,0.30746,0.33387,1,1,24:06:2023,22:35:17,90,-10.882212,-61.9686,175.0,lev20,Almucantar,Ji_Parana_UNIR,231,231.522118,0.608229,0.262714,0.152115,0.108117,2.031824,58.69428,59.376138,2.55194,0.092191,0.608229,4,10,7,5,4,10,7,5,3,11,7,5,3,11,7,5,0.05432,0.10283,0.30746,0.33387,1,1,24:06:2023,22:35:17,90,-10.882212,-61.9686,175.0,lev20,Almucantar,Ji_Parana_UNIR,231,231.522118,1.456,1.4789,1.4916,1.4971,0.00938,0.008647,0.008471,0.008397,58.69428,59.376138,2.55194,0.092191,0.608229,4,10,7,5,4,10,7,5,3,11,7,5,3,11,7,5,0.05432,0.10283,0.30746,0.33387,1,1,24:06:2023,22:35:17,90,-10.882212,-61.9686,175.0,lev20,Almucantar,Ji_Parana_UNIR,231,231.522118,0.9379,0.9215,0.9027,0.8893,58.69428,59.376138,2.55194,0.092191,0.608229,4,10,7,5,4,10,7,5,3,11,7,5,3,11,7,5,0.05432,0.10283,0.30746,0.33387,1,1,24:06:2023,22:35:17,90,-10.882212,-61.9686,175.0,lev20,Almucantar,Ji_Parana_UNIR,231,231.522118,0.037843,0.020695,0.014809,0.012125,1.384019,58.69428,59.376138,2.55194,0.092191,0.608229,4,10,7,5,4,10,7,5,3,11,7,5,3,11,7,5,0.05432,0.10283,0.30746,0.33387,1,1,24:06:2023,22:35:17,90,-10.882212,-61.9686,175.0,lev20,Almucantar,2.0356959926397655,0.47000209437230694,0.9500023399880775,BCL,Arid,,Unknown
19:08:2002,12:58:41,Ji_Parana_UNIR,231,231.540752,0.6889,0.3009,0.1746,0.1252,0.6651,0.276,0.1484,0.098,0.0238,0.0249,0.0262,0.0272,2.011552,52.668495,53.33489,1.359708,0.08139,0.687474,3,10,8,4,3,10,8,4,3,10,8,4,4,10,8,4,0.05216,0.09912,0.29349,0.32009,1,1,24:06:2023,22:37:28,90,-10.882212,-61.9686,175.0,lev20,Almucantar,Ji_Parana_UNIR,231,231.540752,0.687474,0.300152,0.174217,0.123861,2.011814,52.668495,53.33489,1.359708,0.08139,0.687474,3,10,8,4,3,10,8,4,3,10,8,4,4,10,8,4,0.05216,0.09912,0.29349,0.32009,1,1,24:06:2023,22:37:28,90,-10.882212,-61.9686,175.0,lev20,Almucantar,Ji_Parana_UNIR,231,231.540752,1.5501,1.5424,1.5468,1.5451,0.014684,0.012508,0.011714,0.011542,52.668495,53.33489,1.359708,0.08139,0.687474,3,10,8,4,3,10,8,4,3,10,8,4,4,10,8,4,0.05216,0.09912,0.29349,0.32009,1,1,24:06:2023,22:37:28,90,-10.882212,-61.9686,175.0,lev20,Almucantar,Ji_Parana_UNIR,231,231.540752,0.9242,0.9112,0.8939,0.8792,52.668495,53.33489,1.359708,0.08139,0.687474,3,10,8,4,3,10,8,4,3,10,8,4,4,10,8,4,0.05216,0.09912,0.29349,0.32009,1,1,24:06:2023,22:37:28,90,-10.882212,-61.9686,175.0,lev20,Almucantar,Ji_Parana_UNIR,231,231.540752,0.052222,0.026716,0.018516,0.015128,1.530337,52.668495,53.33489,1.359708,0.08139,0.687474,3,10,8,4,3,10,8,4,3,10,8,4,4,10,8,4,0.05216,0.09912,0.29349,0.32009,1,1,24:06:2023,22:37:28,90,-10.882212,-61.9686,175.0,lev20,Almucantar,2.0134388459842727,0.5325684567447869,0.9482392888004714,BCL,Arid,,Unknown
20:08:2002,11:45:35,Ji_Parana_UNIR,232,232.489988,1.4221,0.6487,0.3694,0.2573,1.4028,0.6289,0.3492,0.2368,0.0192,0.0198,0.0202,0.0205,1.96859,69.195477,69.895594,2.938898,0.018193,1.419024,4,10,7,6,4,10,7,6,4,10,5,6,4,10,4,6,0.06041,0.11312,0.34431,0.37048,1,1,24:06:2023,14:38:47,90,-10.882212,-61.9686,175.0,lev20,Almucantar,Ji_Parana_UNIR,232,232.489988,1.419024,0.648751,0.369278,0.257581,1.965627,69.195477,69.895594,2.938898,0.018193,1.419024,4,10,7,6,4,10,7,6,4,10,5,6,4,10,4,6,0.06041,0.11312,0.34431,0.37048,1,1,24:06:2023,14:38:47,90,-10.882212,-61.9686,175.0,lev20,Almucantar,Ji_Parana_UNIR,232,232.489988,1.4216,1.4396,1.4455,1.4455,0.007547,0.006968,0.006802,0.00674,69.195477,69.895594,2.938898,0.018193,1.419024,4,10,7,6,4,10,7,6,4,10,5,6,4,10,4,6,0.06041,0.11312,0.34431,0.37048,1,1,24:06:2023,14:38:47,90,-10.882212,-61.9686,175.0,lev20,Almucantar,Ji_Parana_UNIR,232,232.489988,0.9526,0.9419,0.9277,0.9157,69.195477,69.895594,2.938898,0.018193,1.419024,4,10,7,6,4,10,7,6,4,10,5,6,4,10,4,6,0.06041,0.11312,0.34431,0.37048,1,1,24:06:2023,14:38:47,90,-10.882212,-61.9686,175.0,lev20,Almucantar,Ji_Parana_UNIR,232,232.489988,0.067358,0.037701,0.026723,0.021698,1.360297,69.195477,69.895594,2.938898,0.018193,1.419024,4,10,7,6,4,10,7,6,4,10,5,6,4,10,4,6,0.06041,0.11312,0.34431,0.37048,1,1,24:06:2023,14:38:47,90,-10.882212,-61.9686,175.0,lev20,Almucantar,1.9773702691000066,1.1044646568924374,0.9803043296757579,FNA,Biomass,,Unknown
22:08:2002,19:29:35,Ji_Parana_UNIR,234,234.812211,1.4593,0.6696,0.3769,0.2583,1.4423,0.652,0.359,0.2404,0.017,0.0176,0.0179,0.018,1.974711,54.939787,54.261813,2.582033,0.054492,1.456433,4,10,8,4,4,10,8,4,4,9,8,4,4,9,8,4,0.05024,0.09509,0.29815,0.32224,1,1,24:06:2023,14:40:16,90,-10.882212,-61.9686,175.0,lev20,Almucantar,Ji_Parana_UNIR,234,234.812211,1.456433,0.668816,0.376882,0.257546,1.971987,54.939787,54.261813,2.582033,0.054492,1.456433,4,10,8,4,4,10,8,4,4,9,8,4,4,9,8,4,0.05024,0.09509,0.29815,0.32224,1,1,24:06:2023,14:40:16,90,-10.882212,-61.9686,175.0,lev20,Almucantar,Ji_Parana_UNIR,234,234.812211,1.5165,1.513,1.5119,1.5067,0.009187,0.008421,0.008175,0.008094,54.939787,54.261813,2.582033,0.054492,1.456433,4,10,8,4,4,10,8,4,4,9,8,4,4,9,8,4,0.05024,0.09509,0.29815,0.32224,1,1,24:06:2023,14:40:16,90,-10.882212,-61.9686,175.0,lev20,Almucantar,Ji_Parana_UNIR,234,234.812211,0.9518,0.944,0.9311,0.9193,54.939787,54.261813,2.582033,0.054492,1.456433,4,10,8,4,4,10,8,4,4,9,8,4,4,9,8,4,0.05024,0.09509,0.29815,0.32224,1,1,24:06:2023,14:40:16,90,-10.882212,-61.9686,175.0,lev20,Almucantar,Ji_Parana_UNIR,234,234.812211,0.070322,0.03751,0.02598,0.020854,1.465976,54.939787,54.261813,2.582033,0.054492,1.456433,4,10,8,4,4,10,8,4,4,9,8,4,4,9,8,4,0.05024,0.09509,0.29815,0.32224,1,1,24:06:2023,14:40:16,90,-10.882212,-61.9686,175.0,lev20,Almucantar,1.9857643260534612,1.1321403088733684,0.9830674277270552,FNA,Biomass,,Unknown
22:08:2002,19:56:10,Ji_Parana_UNIR,234,234.830671,1.4325,0.6624,0.3735,0.256,1.4129,0.6421,0.3528,0.2352,0.0196,0.0203,0.0206,0.0208,1.96034,61.013936,60.323102,2.273842,0.032709,1.429609,3,10,8,5,3,10,8,5,3,10,8,5,3,10,8,5,0.05262,0.09902,0.31332,0.33673,1,1,24:06:2023,14:42:46,90,-10.882212,-61.9686,175.0,lev20,Almucantar,Ji_Parana_UNIR,234,234.830671,1.429609,0.661183,0.373321,0.255614,1.958263,61.013936,60.323102,2.273842,0.032709,1.429609,3,10,8,5,3,10,8,5,3,10,8,5,3,10,8,5,0.05262,0.09902,0.31332,0.33673,1,1,24:06:2023,14:42:46,90,-10.882212,-61.9686,175.0,lev20,Almucantar,Ji_Parana_UNIR,234,234.830671,1.4523,1.4654,1.467,1.4625,0.008766,0.008399,0.008258,0.008134,61.013936,60.323102,2.273842,0.032709,1.429609,3,10,8,5,3,10,8,5,3,10,8,5,3,10,8,5,0.05262,0.09902,0.31332,0.33673,1,1,24:06:2023,14:42:46,90,-10.882212,-61.9686,175.0,lev20,Almucantar,Ji_Parana_UNIR,234,234.830671,0.9489,0.9365,0.9201,0.9062,61.013936,60.323102,2.273842,0.032709,1.429609,3,10,8,5,3,10,8,5,3,10,8,5,3,10,8,5,0.05262,0.09902,0.31332,0.33673,1,1,24:06:2023,14:42:46,90,-10.882212,-61.9686,175.0,lev20,Almucantar,Ji_Parana_UNIR,234,234.830671,0.073222,0.042064,0.02985,0.024011,1.318121,61.013936,60.323102,2.273842,0.032709,1.429609,3,10,8,5,3,10,8,5,3,10,8,5,3,10,8,5,0.05262,0.09902,0.31332,0.33673,1,1,24:06:2023,14:42:46,90,-10.882212,-61.9686,175.0,lev20,Almucantar,1.9718673823784605,1.1133246444980178,0.9802955449006414,BCL,Biomass,,Unknown
24:08:2002,20:41:49,Ji_Parana_UNIR,236,236.862373,1.6805,0.7636,0.4251,0.2891,1.6613,0.7438,0.4049,0.2687,0.0192,0.0198,0.0202,0.0204,2.004505,71.5924,70.8849,2.370984,0.022988,1.677061,4,10,7,6,4,10,7,6,4,10,7,6,4,10,7,6,0.05957,0.11024,0.35391,0.37558,1,1,24:06:2023,14:50:57,90,-10.882212,-61.9686,175.0,lev20,Almucantar,Ji_Parana_UNIR,236,236.862373,1.677061,0.762666,0.424898,0.288496,2.002231,71.5924,70.8849,2.370984,0.022988,1.677061,4,10,7,6,4,10,7,6,4,10,7,6,4,10,7,6,0.05957,0.11024,0.35391,0.37558,1,1,24:06:2023,14:50:57,90,-10.882212,-61.9686,175.0,lev20,Almucantar,Ji_Parana_UNIR,236,236.862373,1.4528,1.4607,1.4574,1.4498,0.010064,0.010322,0.010465,0.010428,71.5924,70.8849,2.370984,0.022988,1.677061,4,10,7,6,4,10,7,6,4,10,7,6,4,10,7,6,0.05957,0.11024,0.35391,0.37558,1,1,24:06:2023,14:50:57,90,-10.882212,-61.9686,175.0,lev20,Almucantar,Ji_Parana_UNIR,236,236.862373,0.9418,0.9225,0.899,0.8792,71.5924,70.8849,2.370984,0.022988,1.677061,4,10,7,6,4,10,7,6,4,10,7,6,4,10,7,6,0.05957,0.11024,0.35391,0.37558,1,1,24:06:2023,14:50:57,90,-10.882212,-61.9686,175.0,lev20,Almucantar,Ji_Parana_UNIR,236,236.862373,0.097797,0.059162,0.042941,0.034919,1.207646,71.5924,70.8849,2.370984,0.022988,1.677061,4,10,7,6,4,10,7,6,4,10,7,6,4,10,7,6,0.05957,0.11024,0.35391,0.37558,1,1,24:06:2023,14:50:57,90,-10.882212,-61.9686,175.0,lev20,Almucantar,2.0162607330972677,1.2986768790527023,0.9835455334890307,BCL,Biomass,,Unknown
25:08:2002,11:42:22,Ji_Parana_UNIR,237,237.487755,1.9927,1.0192,0.6436,0.4896,1.9461,0.9712,0.5946,0.4399,0.0466,0.0481,0.049,0.0497,1.653468,69.169575,69.876658,4.262107,0.038878,1.986242,4,10,7,6,4,10,7,6,4,10,6,6,4,7,7,5,0.05703,0.10701,0.34562,0.37077,1,1,24:06:2023,14:47:28,90,-10.882212,-61.9686,175.0,lev20,Almucantar,Ji_Parana_UNIR,237,237.487755,1.986242,1.016881,0.643517,0.489321,1.649121,69.169575,69.876658,4.262107,0.038878,1.986242,4,10,7,6,4,10,7,6,4,10,6,6,4,7,7,5,0.05703,0.10701,0.34562,0.37077,1,1,24:06:2023,14:47:28,90,-10.882212,-61.9686,175.0,lev20,Almucantar,Ji_Parana_UNIR,237,237.487755,1.4349,1.4479,1.4549,1.4608,0.009928,0.008614,0.007836,0.007708,69.169575,69.876658,4.262107,0.038878,1.986242,4,10,7,6,4,10,7,6,4,10,6,6,4,7,7,5,0.05703,0.10701,0.34562,0.37077,1,1,24:06:2023,14:47:28,90,-10.882212,-61.9686,175.0,lev20,Almucantar,Ji_Parana_UNIR,237,237.487755,0.9348,0.9313,0.9265,0.9209,69.169575,69.876658,4.262107,0.038878,1.986242,4,10,7,6,4,10,7,6,4,10,6,6,4,7,7,5,0.05703,0.10701,0.34562,0.37077,1,1,24:06:2023,14:47:28,90,-10.882212,-61.9686,175.0,lev20,Almucantar,Ji_Parana_UNIR,237,237.487755,0.12995,0.070032,0.04733,0.038731,1.482278,69.169575,69.876658,4.262107,0.038878,1.986242,4,10,7,6,4,10,7,6,4,10,6,6,4,7,7,5,0.05703,0.10701,0.34562,0.37077,1,1,24:06:2023,14:47:28,90,-10.882212,-61.9686,175.0,lev20,Almucantar,1.6578226822724937,1.6121447578632468,0.966743935964666,BCL,Biomass,,Unknown
15:09:2002,12:11:07,Ji_Parana_UNIR,258,258.50772,1.1247,0.5112,0.2947,0.2078,1.1002,0.4859,0.2685,0.1809,0.0245,0.0253,0.0262,0.0269,1.95799,58.594681,59.319136,4.279493,0.10026,1.12311,4,10,7,5,4,10,7,5,3,11,7,5,3,11,7,5,0.04738,0.09069,0.31582,0.33965,1,1,24:06:2023,06:06:53,90,-10.882212,-61.9686,175.0,lev20,Almucantar,Ji_Parana_UNIR,258,258.50772,1.12311,0.51001,0.294344,0.20586,1.957941,58.594681,59.319136,4.279493,0.10026,1.12311,4,10,7,5,4,10,7,5,3,11,7,5,3,11,7,5,0.04738,0.09069,0.31582,0.33965,1,1,24:06:2023,06:06:53,90,-10.882212,-61.9686,175.0,lev20,Almucantar,Ji_Parana_UNIR,258,258.50772,1.4693,1.4846,1.4939,1.496,0.003084,0.003005,0.002973,0.002963,58.594681,59.319136,4.279493,0.10026,1.12311,4,10,7,5,4,10,7,5,3,11,7,5,3,11,7,5,0.04738,0.09069,0.31582,0.33965,1,1,24:06:2023,06:06:53,90,-10.882212,-61.9686,175.0,lev20,Almucantar,Ji_Parana_UNIR,258,258.50772,0.9803,0.9749,0.9689,0.964,58.594681,59.319136,4.279493,0.10026,1.12311,4,10,7,5,4,10,7,5,3,11,7,5,3,11,7,5,0.04738,0.09069,0.31582,0.33965,1,1,24:06:2023,06:06:53,90,-10.882212,-61.9686,175.0,lev20,Almucantar,Ji_Parana_UNIR,258,258.50772,0.022121,0.012814,0.009176,0.007482,1.293156,58.594681,59.319136,4.279493,0.10026,1.12311,4,10,7,5,4,10,7,5,3,11,7,5,3,11,7,5,0.04738,0.09069,0.31582,0.33965,1,1,24:06:2023,06:06:53,90,-10.882212,-61.9686,175.0,lev20,Almucantar,1.9646140638013525,0.8749164297318915,0.968311595899535,FNA,Biomass,,Unknown
16:09:2002,12:10:22,Ji_Parana_UNIR,259,259.507199,1.8417,0.8823,0.522,0.3739,1.7973,0.8364,0.4754,0.3268,0.0444,0.0459,0.0467,0.0471,1.841631,58.593116,59.318601,3.250057,0.065107,1.837288,4,10,7,5,4,10,7,5,3,11,7,5,3,11,7,5,0.0474,0.0907,0.31584,0.33967,1,1,24:06:2023,06:22:51,90,-10.882212,-61.9686,175.0,lev20,Almucantar,Ji_Parana_UNIR,259,259.507199,1.837288,0.880234,0.521057,0.372676,1.840838,58.593116,59.318601,3.250057,0.065107,1.837288,4,10,7,5,4,10,7,5,3,11,7,5,3,11,7,5,0.0474,0.0907,0.31584,0.33967,1,1,24:06:2023,06:22:51,90,-10.882212,-61.9686,175.0,lev20,Almucantar,Ji_Parana_UNIR,259,259.507199,1.4564,1.4693,1.4723,1.47,0.009877,0.009226,0.009008,0.008719,58.593116,59.318601,3.250057,0.065107,1.837288,4,10,7,5,4,10,7,5,3,11,7,5,3,11,7,5,0.0474,0.0907,0.31584,0.33967,1,1,24:06:2023,06:22:51,90,-10.882212,-61.9686,175.0,lev20,Almucantar,Ji_Parana_UNIR,259,259.507199,0.9383,0.9256,0.9095,0.8986,58.593116,59.318601,3.250057,0.065107,1.837288,4,10,7,5,4,10,7,5,3,11,7,5,3,11,7,5,0.0474,0.0907,0.31584,0.33967,1,1,24:06:2023,06:22:51,90,-10.882212,-61.9686,175.0,lev20,Almucantar,Ji_Parana_UNIR,259,259.507199,0.11355,0.065639,0.047271,0.037897,1.288955,58.593116,59.318601,3.250057,0.065107,1.837288,4,10,7,5,4,10,7,5,3,11,7,5,3,11,7,5,0.0474,0.0907,0.31584,0.33967,1,1,24:06:2023,06:22:51,90,-10.882212,-61.9686,175.0,lev20,Almucantar,1.849409657281875,1.4539337096015308,0.9653169506995022,BCL,Biomass,,Unknown
16:09:2002,12:35:23,Ji_Parana_UNIR,259,259.524572,1.933,0.92,0.5328,0.3709,1.9077,0.8939,0.5062,0.3439,0.0253,0.0261,0.0266,0.027,1.880029,52.562927,53.283977,3.091327,0.064739,1.929553,3,10,8,4,3,10,8,4,3,10,8,4,4,10,8,4,0.04562,0.08753,0.30166,0.32572,1,1,24:06:2023,06:25:26,90,-10.882212,-61.9686,175.0,lev20,Almucantar,Ji_Parana_UNIR,259,259.524572,1.929553,0.918986,0.532226,0.369457,1.878931,52.562927,53.283977,3.091327,0.064739,1.929553,3,10,8,4,3,10,8,4,3,10,8,4,4,10,8,4,0.04562,0.08753,0.30166,0.32572,1,1,24:06:2023,06:25:26,90,-10.882212,-61.9686,175.0,lev20,Almucantar,Ji_Parana_UNIR,259,259.524572,1.4353,1.4542,1.4592,1.4561,0.0076,0.007069,0.006978,0.006962,52.562927,53.283977,3.091327,0.064739,1.929553,3,10,8,4,3,10,8,4,3,10,8,4,4,10,8,4,0.04562,0.08753,0.30166,0.32572,1,1,24:06:2023,06:25:26,90,-10.882212,-61.9686,175.0,lev20,Almucantar,Ji_Parana_UNIR,259,259.524572,0.9538,0.9452,0.9323,0.9208,52.562927,53.283977,3.091327,0.064739,1.929553,3,10,8,4,3,10,8,4,3,10,8,4,4,10,8,4,0.04562,0.08753,0.30166,0.32572,1,1,24:06:2023,06:25:26,90,-10.882212,-61.9686,175.0,lev20,Almucantar,Ji_Parana_UNIR,259,259.524572,0.08931,0.050442,0.036055,0.029368,1.335112,52.562927,53.283977,3.091327,0.064739,1.929553,3,10,8,4,3,10,8,4,3,10,8,4,4,10,8,4,0.04562,0.08753,0.30166,0.32572,1,1,24:06:2023,06:25:26,90,-10.882212,-61.9686,175.0,lev20,Almucantar,1.8903438718998393,1.5180462857320698,0.9814462970815814,FNA,Biomass,,Unknown
17:09:2002,11:05:48,Ji_Parana_UNIR,260,260.462361,1.4235,0.6984,0.4494,0.3489,1.3614,0.6342,0.384,0.283,0.0621,0.0643,0.0654,0.0659,1.693627,74.107013,74.837926,4.18354,0.043966,1.419134,4,10,7,6,4,10,7,6,4,10,7,6,4,10,5,5,0.0563,0.10621,0.37997,0.40308,1,1,24:06:2023,06:18:17,90,-10.882212,-61.9686,175.0,lev20,Almucantar,Ji_Parana_UNIR,260,260.462361,1.419134,0.697054,0.448273,0.349248,1.69261,74.107013,74.837926,4.18354,0.043966,1.419134,4,10,7,6,4,10,7,6,4,10,7,6,4,10,5,5,0.0563,0.10621,0.37997,0.40308,1,1,24:06:2023,06:18:17,90,-10.882212,-61.9686,175.0,lev20,Almucantar,Ji_Parana_UNIR,260,260.462361,1.4835,1.4762,1.4792,1.4834,0.010916,0.011465,0.011111,0.010632,74.107013,74.837926,4.18354,0.043966,1.419134,4,10,7,6,4,10,7,6,4,10,7,6,4,10,5,5,0.0563,0.10621,0.37997,0.40308,1,1,24:06:2023,06:18:17,90,-10.882212,-61.9686,175.0,lev20,Almucantar,Ji_Parana_UNIR,260,260.462361,0.9273,0.9022,0.8861,0.8791,74.107013,74.837926,4.18354,0.043966,1.419134,4,10,7,6,4,10,7,6,4,10,7,6,4,10,5,5,0.0563,0.10621,0.37997,0.40308,1,1,24:06:2023,06:18:17,90,-10.882212,-61.9686,175.0,lev20,Almucantar,Ji_Parana_UNIR,260,260.462361,0.10345,0.068295,0.051176,0.042197,1.02915,74.107013,74.837926,4.18354,0.043966,1.419134,4,10,7,6,4,10,7,6,4,10,7,6,4,10,5,5,0.0563,0.10621,0.37997,0.40308,1,1,24:06:2023,06:18:17,90,-10.882212,-61.9686,175.0,lev20,Almucantar,1.6912561017218268,1.14673601394506,0.935351620362706,BCL,Biomass,,Unknown
17:09:2002,11:26:17,Ji_Parana_UNIR,260,260.476586,1.3609,0.6572,0.4143,0.3164,1.3083,0.6028,0.3578,0.2585,0.0527,0.0544,0.0565,0.0579,1.745418,69.117526,69.847937,1.828472,0.006608,1.35878,4,10,7,6,4,10,7,6,4,10,7,6,2,10,6,6,0.05252,0.09966,0.35337,0.37668,1,1,24:06:2023,06:21:25,90,-10.882212,-61.9686,175.0,lev20,Almucantar,Ji_Parana_UNIR,260,260.476586,1.35878,0.656705,0.413703,0.316455,1.745069,69.117526,69.847937,1.828472,0.006608,1.35878,4,10,7,6,4,10,7,6,4,10,7,6,2,10,6,6,0.05252,0.09966,0.35337,0.37668,1,1,24:06:2023,06:21:25,90,-10.882212,-61.9686,175.0,lev20,Almucantar,Ji_Parana_UNIR,260,260.476586,1.4624,1.4733,1.4867,1.4972,0.009852,0.009463,0.010147,0.010472,69.117526,69.847937,1.828472,0.006608,1.35878,4,10,7,6,4,10,7,6,4,10,7,6,2,10,6,6,0.05252,0.09966,0.35337,0.37668,1,1,24:06:2023,06:21:25,90,-10.882212,-61.9686,175.0,lev20,Almucantar,Ji_Parana_UNIR,260,260.476586,0.935,0.9184,0.8969,0.884,69.117526,69.847937,1.828472,0.006608,1.35878,4,10,7,6,4,10,7,6,4,10,7,6,2,10,6,6,0.05252,0.09966,0.35337,0.37668,1,1,24:06:2023,06:21:25,90,-10.882212,-61.9686,175.0,lev20,Almucantar,Ji_Parana_UNIR,260,260.476586,0.088397,0.053636,0.042723,0.036708,1.080326,69.117526,69.847937,1.828472,0.006608,1.35878,4,10,7,6,4,10,7,6,4,10,7,6,2,10,6,6,0.05252,0.09966,0.35337,0.37668,1,1,24:06:2023,06:21:25,90,-10.882212,-61.9686,175.0,lev20,Almucantar,1.744578153756417,1.088859630822997,0.943138842687945,BCL,Biomass,,Unknown
18:09:2002,12:08:52,Ji_Parana_UNIR,261,261.506157,1.2314,0.5603,0.3379,0.2491,1.1979,0.5255,0.3026,0.2135,0.0335,0.0348,0.0353,0.0357,1.896842,58.594508,59.321915,4.707768,0.153932,1.227324,4,10,7,5,4,10,7,5,3,11,7,5,3,11,7,5,0.0474,0.0907,0.31584,0.33967,1,1,24:06:2023,06:17:27,90,-10.882212,-61.9686,175.0,lev20,Almucantar,Ji_Parana_UNIR,261,261.506157,1.227324,0.560502,0.337514,0.247796,1.893086,58.594508,59.321915,4.707768,0.153932,1.227324,4,10,7,5,4,10,7,5,3,11,7,5,3,11,7,5,0.0474,0.0907,0.31584,0.33967,1,1,24:06:2023,06:17:27,90,-10.882212,-61.9686,175.0,lev20,Almucantar,Ji_Parana_UNIR,261,261.506157,1.492,1.4872,1.4866,1.4828,0.007974,0.007237,0.007028,0.006981,58.594508,59.321915,4.707768,0.153932,1.227324,4,10,7,5,4,10,7,5,3,11,7,5,3,11,7,5,0.0474,0.0907,0.31584,0.33967,1,1,24:06:2023,06:17:27,90,-10.882212,-61.9686,175.0,lev20,Almucantar,Ji_Parana_UNIR,261,261.506157,0.9497,0.9385,0.9262,0.9172,58.594508,59.321915,4.707768,0.153932,1.227324,4,10,7,5,4,10,7,5,3,11,7,5,3,11,7,5,0.0474,0.0907,0.31584,0.33967,1,1,24:06:2023,06:17:27,90,-10.882212,-61.9686,175.0,lev20,Almucantar,Ji_Parana_UNIR,261,261.506157,0.061914,0.034467,0.024919,0.02063,1.342638,58.594508,59.321915,4.707768,0.153932,1.227324,4,10,7,5,4,10,7,5,3,11,7,5,3,11,7,5,0.0474,0.0907,0.31584,0.33967,1,1,24:06:2023,06:17:27,90,-10.882212,-61.9686,175.0,lev20,Almucantar,1.8969076645428464,0.9662464349054778,0.9585723637572507,BCL,Biomass,,Unknown
18:09:2002,12:33:47,Ji_Parana_UNIR,261,261.523461,1.6234,0.7907,0.4939,0.3708,1.5739,0.7394,0.4411,0.317,0.0496,0.0513,0.0528,0.0538,1.744179,52.569876,53.293431,1.859034,0.02781,1.6217,3,10,8,4,3,10,8,4,3,10,8,4,4,10,8,4,0.04562,0.08752,0.30167,0.32574,1,1,24:06:2023,06:20:41,90,-10.882212,-61.9686,175.0,lev20,Almucantar,Ji_Parana_UNIR,261,261.523461,1.6217,0.79018,0.493373,0.370721,1.744112,52.569876,53.293431,1.859034,0.02781,1.6217,3,10,8,4,3,10,8,4,3,10,8,4,4,10,8,4,0.04562,0.08752,0.30167,0.32574,1,1,24:06:2023,06:20:41,90,-10.882212,-61.9686,175.0,lev20,Almucantar,Ji_Parana_UNIR,261,261.523461,1.5447,1.5216,1.5294,1.5355,0.01156,0.011449,0.012482,0.013557,52.569876,53.293431,1.859034,0.02781,1.6217,3,10,8,4,3,10,8,4,3,10,8,4,4,10,8,4,0.04562,0.08752,0.30167,0.32574,1,1,24:06:2023,06:20:41,90,-10.882212,-61.9686,175.0,lev20,Almucantar,Ji_Parana_UNIR,261,261.523461,0.9377,0.9226,0.9009,0.8815,52.569876,53.293431,1.859034,0.02781,1.6217,3,10,8,4,3,10,8,4,3,10,8,4,4,10,8,4,0.04562,0.08752,0.30167,0.32574,1,1,24:06:2023,06:20:41,90,-10.882212,-61.9686,175.0,lev20,Almucantar,Ji_Parana_UNIR,261,261.523461,0.10113,0.061181,0.04896,0.043941,1.078803,52.569876,53.293431,1.859034,0.02781,1.6217,3,10,8,4,3,10,8,4,3,10,8,4,4,10,8,4,0.04562,0.08752,0.30167,0.32574,1,1,24:06:2023,06:20:41,90,-10.882212,-61.9686,175.0,lev20,Almucantar,1.7455077915933983,1.298732214932103,0.9555324402211601,BCL,Biomass,,Unknown
19:09:2002,12:08:05,Ji_Parana_UNIR,262,262.505613,0.9948,0.4472,0.264,0.1906,0.9578,0.4079,0.2224,0.1475,0.037,0.0393,0.0416,0.0431,1.943883,58.605763,59.334065,5.119824,0.167967,0.991182,4,10,7,5,4,10,7,5,3,11,7,5,3,11,6,4,0.0474,0.09071,0.31588,0.33971,1,1,24:06:2023,06:19:46,90,-10.882212,-61.9686,175.0,lev20,Almucantar,Ji_Parana_UNIR,262,262.505613,0.991182,0.445587,0.262912,0.188244,1.944517,58.605763,59.334065,5.119824,0.167967,0.991182,4,10,7,5,4,10,7,5,3,11,7,5,3,11,6,4,0.0474,0.09071,0.31588,0.33971,1,1,24:06:2023,06:19:46,90,-10.882212,-61.9686,175.0,lev20,Almucantar,Ji_Parana_UNIR,262,262.505613,1.4626,1.4837,1.4978,1.5012,0.004533,0.004359,0.004309,0.004294,58.605763,59.334065,5.119824,0.167967,0.991182,4,10,7,5,4,10,7,5,3,11,7,5,3,11,6,4,0.0474,0.09071,0.31588,0.33971,1,1,24:06:2023,06:19:46,90,-10.882212,-61.9686,175.0,lev20,Almucantar,Ji_Parana_UNIR,262,262.505613,0.9691,0.9597,0.9503,0.9432,58.605763,59.334065,5.119824,0.167967,0.991182,4,10,7,5,4,10,7,5,3,11,7,5,3,11,6,4,0.0474,0.09071,0.31588,0.33971,1,1,24:06:2023,06:19:46,90,-10.882212,-61.9686,175.0,lev20,Almucantar,Ji_Parana_UNIR,262,262.505613,0.030726,0.018013,0.013125,0.010828,1.251569,58.605763,59.334065,5.119824,0.167967,0.991182,4,10,7,5,4,10,7,5,3,11,7,5,3,11,6,4,0.0474,0.09071,0.31588,0.33971,1,1,24:06:2023,06:19:46,90,-10.882212,-61.9686,175.0,lev20,Almucantar,1.945953701543002,0.7757139952762062,0.9444318459498472,FNA,Biomass,,Unknown
19:09:2002,12:33:03,Ji_Parana_UNIR,262,262.522951,1.0026,0.4565,0.2718,0.1962,0.9662,0.4174,0.2303,0.1532,0.0363,0.039,0.0415,0.043,1.912678,52.560406,53.28512,3.879536,0.096526,1.001798,3,10,8,4,3,10,8,4,3,10,8,4,4,10,8,4,0.04564,0.08753,0.30166,0.32574,1,1,24:06:2023,06:03:14,90,-10.882212,-61.9686,175.0,lev20,Almucantar,Ji_Parana_UNIR,262,262.522951,1.001798,0.455366,0.27147,0.194223,1.913635,52.560406,53.28512,3.879536,0.096526,1.001798,3,10,8,4,3,10,8,4,3,10,8,4,4,10,8,4,0.04564,0.08753,0.30166,0.32574,1,1,24:06:2023,06:03:14,90,-10.882212,-61.9686,175.0,lev20,Almucantar,Ji_Parana_UNIR,262,262.522951,1.4495,1.4717,1.4847,1.486,0.007003,0.006644,0.006595,0.006571,52.560406,53.28512,3.879536,0.096526,1.001798,3,10,8,4,3,10,8,4,3,10,8,4,4,10,8,4,0.04564,0.08753,0.30166,0.32574,1,1,24:06:2023,06:03:14,90,-10.882212,-61.9686,175.0,lev20,Almucantar,Ji_Parana_UNIR,262,262.522951,0.9527,0.9394,0.9254,0.9147,52.560406,53.28512,3.879536,0.096526,1.001798,3,10,8,4,3,10,8,4,3,10,8,4,4,10,8,4,0.04564,0.08753,0.30166,0.32574,1,1,24:06:2023,06:03:14,90,-10.882212,-61.9686,175.0,lev20,Almucantar,Ji_Parana_UNIR,262,262.522951,0.047381,0.027648,0.02027,0.016741,1.250705,52.560406,53.28512,3.879536,0.096526,1.001798,3,10,8,4,3,10,8,4,3,10,8,4,4,10,8,4,0.04564,0.08753,0.30166,0.32574,1,1,24:06:2023,06:03:14,90,-10.882212,-61.9686,175.0,lev20,Almucantar,1.9146985630252091,0.7849260677153611,0.9457532430834864,FNA,Biomass,,Unknown
29:09:2002,19:59:36,Ji_Parana_UNIR,272,272.833056,0.5346,0.253,0.1528,0.1091,0.5193,0.237,0.1361,0.0918,0.0154,0.016,0.0167,0.0173,1.83353,61.134669,60.400111,5.475476,0.580173,0.531991,3,10,8,5,3,10,7,3,3,10,7,4,3,10,7,4,0.04752,0.09028,0.32337,0.34269,1,1,23:06:2023,12:43:10,90,-10.882212,-61.9686,175.0,lev20,Almucantar,Ji_Parana_UNIR,272,272.833056,0.531991,0.248465,0.1571,0.119015,1.793671,61.134669,60.400111,5.475476,0.580173,0.531991,3,10,8,5,3,10,7,3,3,10,7,4,3,10,7,4,0.04752,0.09028,0.32337,0.34269,1,1,23:06:2023,12:43:10,90,-10.882212,-61.9686,175.0,lev20,Almucantar,Ji_Parana_UNIR,272,272.833056,1.559,1.5803,1.6,1.6,0.01422,0.015667,0.016595,0.016876,61.134669,60.400111,5.475476,0.580173,0.531991,3,10,8,5,3,10,7,3,3,10,7,4,3,10,7,4,0.04752,0.09028,0.32337,0.34269,1,1,23:06:2023,12:43:10,90,-10.882212,-61.9686,175.0,lev20,Almucantar,Ji_Parana_UNIR,272,272.833056,0.9277,0.8995,0.8741,0.854,61.134669,60.400111,5.475476,0.580173,0.531991,3,10,8,5,3,10,7,3,3,10,7,4,3,10,7,4,0.04752,0.09028,0.32337,0.34269,1,1,23:06:2023,12:43:10,90,-10.882212,-61.9686,175.0,lev20,Almucantar,Ji_Parana_UNIR,272,272.833056,0.038659,0.025423,0.019236,0.015925,1.02241,61.134669,60.400111,5.475476,0.580173,0.531991,3,10,8,5,3,10,7,3,3,10,7,4,3,10,7,4,0.04752,0.09028,0.32337,0.34269,1,1,23:06:2023,12:43:10,90,-10.882212,-61.9686,175.0,lev20,Almucantar,1.837105718875735,0.42270535913789736,0.9590403916447245,BCL,Unclassified,,Unknown
02:10:2002,11:16:10,Ji_Parana_UNIR,275,275.46956,0.6515,0.2951,0.1791,0.134,0.624,0.2667,0.1496,0.1036,0.0275,0.0284,0.0295,0.0304,1.895534,69.182527,69.91766,3.370703,0.081576,0.648826,4,10,7,6,4,10,7,6,4,10,7,6,4,10,7,6,0.05091,0.09696,0.35836,0.3784,1,1,23:06:2023,12:46:08,90,-10.882212,-61.9686,175.0,lev20,Almucantar,Ji_Parana_UNIR,275,275.46956,0.648826,0.293991,0.179093,0.13235,1.890078,69.182527,69.91766,3.370703,0.081576,0.648826,4,10,7,6,4,10,7,6,4,10,7,6,4,10,7,6,0.05091,0.09696,0.35836,0.3784,1,1,23:06:2023,12:46:08,90,-10.882212,-61.9686,175.0,lev20,Almucantar,Ji_Parana_UNIR,275,275.46956,1.4516,1.4694,1.4792,1.4833,0.005932,0.005116,0.004841,0.004756,69.182527,69.91766,3.370703,0.081576,0.648826,4,10,7,6,4,10,7,6,4,10,7,6,4,10,7,6,0.05091,0.09696,0.35836,0.3784,1,1,23:06:2023,12:46:08,90,-10.882212,-61.9686,175.0,lev20,Almucantar,Ji_Parana_UNIR,275,275.46956,0.9545,0.9469,0.9378,0.9315,69.182527,69.91766,3.370703,0.081576,0.648826,4,10,7,6,4,10,7,6,4,10,7,6,4,10,7,6,0.05091,0.09696,0.35836,0.3784,1,1,23:06:2023,12:46:08,90,-10.882212,-61.9686,175.0,lev20,Almucantar,Ji_Parana_UNIR,275,275.46956,0.029646,0.015684,0.011135,0.00918,1.44617,69.182527,69.91766,3.370703,0.081576,0.648826,4,10,7,6,4,10,7,6,4,10,7,6,4,10,7,6,0.05091,0.09696,0.35836,0.3784,1,1,23:06:2023,12:46:08,90,-10.882212,-61.9686,175.0,lev20,Almucantar,1.894232174146928,0.5113893877746574,0.9364818503271244,FNA,Arid,,Unknown
02:10:2002,11:59:00,Ji_Parana_UNIR,275,275.499306,0.67,0.319,0.2034,0.1555,0.6347,0.2821,0.1648,0.1158,0.0354,0.0369,0.0386,0.0397,1.752539,58.68144,59.41689,2.82497,0.061884,0.668386,4,10,7,5,4,10,7,5,3,11,7,5,3,10,8,5,0.04596,0.08812,0.32063,0.34127,1,1,23:06:2023,12:48:23,90,-10.882212,-61.9686,175.0,lev20,Almucantar,Ji_Parana_UNIR,275,275.499306,0.668386,0.318145,0.203212,0.15451,1.750644,58.68144,59.41689,2.82497,0.061884,0.668386,4,10,7,5,4,10,7,5,3,11,7,5,3,10,8,5,0.04596,0.08812,0.32063,0.34127,1,1,23:06:2023,12:48:23,90,-10.882212,-61.9686,175.0,lev20,Almucantar,Ji_Parana_UNIR,275,275.499306,1.4003,1.4211,1.434,1.4381,0.011656,0.009004,0.008562,0.008247,58.68144,59.41689,2.82497,0.061884,0.668386,4,10,7,5,4,10,7,5,3,11,7,5,3,10,8,5,0.04596,0.08812,0.32063,0.34127,1,1,23:06:2023,12:48:23,90,-10.882212,-61.9686,175.0,lev20,Almucantar,Ji_Parana_UNIR,275,275.499306,0.9065,0.8988,0.8851,0.8775,58.68144,59.41689,2.82497,0.061884,0.668386,4,10,7,5,4,10,7,5,3,11,7,5,3,10,8,5,0.04596,0.08812,0.32063,0.34127,1,1,23:06:2023,12:48:23,90,-10.882212,-61.9686,175.0,lev20,Almucantar,Ji_Parana_UNIR,275,275.499306,0.062657,0.032283,0.023381,0.019062,1.461183,58.68144,59.41689,2.82497,0.061884,0.668386,4,10,7,5,4,10,7,5,3,11,7,5,3,10,8,5,0.04596,0.08812,0.32063,0.34127,1,1,23:06:2023,12:48:23,90,-10.882212,-61.9686,175.0,lev20,Almucantar,1.7486737641148722,0.535788154845002,0.9216254172736307,BCL,Arid,,Unknown
02:10:2002,12:23:35,Ji_Parana_UNIR,275,275.516377,0.6168,0.29,0.1848,0.1415,0.5845,0.2566,0.1503,0.1062,0.0323,0.0333,0.0345,0.0353,1.772959,52.657645,53.392392,2.392427,0.054641,0.614943,3,10,8,4,3,10,8,4,3,10,8,4,2,10,8,4,0.04423,0.08496,0.30631,0.32727,1,1,23:06:2023,12:50:07,90,-10.882212,-61.9686,175.0,lev20,Almucantar,Ji_Parana_UNIR,275,275.516377,0.614943,0.288585,0.184982,0.140227,1.768135,52.657645,53.392392,2.392427,0.054641,0.614943,3,10,8,4,3,10,8,4,3,10,8,4,2,10,8,4,0.04423,0.08496,0.30631,0.32727,1,1,23:06:2023,12:50:07,90,-10.882212,-61.9686,175.0,lev20,Almucantar,Ji_Parana_UNIR,275,275.516377,1.4882,1.4938,1.5043,1.5069,0.009692,0.008364,0.008195,0.007977,52.657645,53.392392,2.392427,0.054641,0.614943,3,10,8,4,3,10,8,4,3,10,8,4,2,10,8,4,0.04423,0.08496,0.30631,0.32727,1,1,23:06:2023,12:50:07,90,-10.882212,-61.9686,175.0,lev20,Almucantar,Ji_Parana_UNIR,275,275.516377,0.9311,0.9199,0.9056,0.8979,52.657645,53.392392,2.392427,0.054641,0.614943,3,10,8,4,3,10,8,4,3,10,8,4,2,10,8,4,0.04423,0.08496,0.30631,0.32727,1,1,23:06:2023,12:50:07,90,-10.882212,-61.9686,175.0,lev20,Almucantar,Ji_Parana_UNIR,275,275.516377,0.04248,0.023233,0.017439,0.01444,1.320827,52.657645,53.392392,2.392427,0.054641,0.614943,3,10,8,4,3,10,8,4,3,10,8,4,2,10,8,4,0.04423,0.08496,0.30631,0.32727,1,1,23:06:2023,12:50:07,90,-10.882212,-61.9686,175.0,lev20,Almucantar,1.7679888253400005,0.49202860247489655,0.9216273394423743,BCL,Arid,,Unknown
19:10:2002,11:50:24,Ji_Parana_UNIR,292,292.493333,0.4457,0.2278,0.1558,0.1243,0.4223,0.2023,0.1286,0.0962,0.0234,0.0255,0.0272,0.0281,1.549302,58.757015,59.48985,2.069194,0.052011,0.445468,4,10,7,5,4,10,7,5,3,11,7,5,3,10,8,5,0.04504,0.0863,0.32395,0.34293,1,1,23:06:2023,12:43:19,90,-10.882212,-61.9686,175.0,lev20,Almucantar,Ji_Parana_UNIR,292,292.493333,0.445468,0.226613,0.155675,0.125026,1.550818,58.757015,59.48985,2.069194,0.052011,0.445468,4,10,7,5,4,10,7,5,3,11,7,5,3,10,8,5,0.04504,0.0863,0.32395,0.34293,1,1,23:06:2023,12:43:19,90,-10.882212,-61.9686,175.0,lev20,Almucantar,Ji_Parana_UNIR,292,292.493333,1.4577,1.4719,1.4881,1.4993,0.019446,0.025787,0.034431,0.037314,58.757015,59.48985,2.069194,0.052011,0.445468,4,10,7,5,4,10,7,5,3,11,7,5,3,10,8,5,0.04504,0.0863,0.32395,0.34293,1,1,23:06:2023,12:43:19,90,-10.882212,-61.9686,175.0,lev20,Almucantar,Ji_Parana_UNIR,292,292.493333,0.8835,0.8136,0.7454,0.7114,58.757015,59.48985,2.069194,0.052011,0.445468,4,10,7,5,4,10,7,5,3,11,7,5,3,10,8,5,0.04504,0.0863,0.32395,0.34293,1,1,23:06:2023,12:43:19,90,-10.882212,-61.9686,175.0,lev20,Almucantar,Ji_Parana_UNIR,292,292.493333,0.051932,0.042453,0.03968,0.035873,0.403846,58.757015,59.48985,2.069194,0.052011,0.445468,4,10,7,5,4,10,7,5,3,11,7,5,3,10,8,5,0.04504,0.0863,0.32395,0.34293,1,1,23:06:2023,12:43:19,90,-10.882212,-61.9686,175.0,lev20,Almucantar,1.5417991004342504,0.36597049037243784,0.9215726225903572,BCM,Urban,,Unknown
19:10:2002,12:15:03,Ji_Parana_UNIR,292,292.510451,0.5154,0.2599,0.1762,0.139,0.5012,0.2453,0.1611,0.1235,0.0141,0.0146,0.0152,0.0155,1.58192,52.730372,53.464291,2.717514,0.074304,0.513735,3,10,8,4,3,10,8,4,3,9,8,4,4,10,8,4,0.04336,0.0831,0.30956,0.32887,1,1,23:06:2023,12:46:21,90,-10.882212,-61.9686,175.0,lev20,Almucantar,Ji_Parana_UNIR,292,292.510451,0.513735,0.258881,0.175737,0.139543,1.581289,52.730372,53.464291,2.717514,0.074304,0.513735,3,10,8,4,3,10,8,4,3,9,8,4,4,10,8,4,0.04336,0.0831,0.30956,0.32887,1,1,23:06:2023,12:46:21,90,-10.882212,-61.9686,175.0,lev20,Almucantar,Ji_Parana_UNIR,292,292.510451,1.33,1.353,1.3701,1.3795,0.012846,0.016417,0.02124,0.023584,52.730372,53.464291,2.717514,0.074304,0.513735,3,10,8,4,3,10,8,4,3,9,8,4,4,10,8,4,0.04336,0.0831,0.30956,0.32887,1,1,23:06:2023,12:46:21,90,-10.882212,-61.9686,175.0,lev20,Almucantar,Ji_Parana_UNIR,292,292.510451,0.8858,0.8193,0.7521,0.7078,52.730372,53.464291,2.717514,0.074304,0.513735,3,10,8,4,3,10,8,4,3,9,8,4,4,10,8,4,0.04336,0.0831,0.30956,0.32887,1,1,23:06:2023,12:46:21,90,-10.882212,-61.9686,175.0,lev20,Almucantar,Ji_Parana_UNIR,292,292.510451,0.058856,0.046951,0.043679,0.040612,0.448215,52.730372,53.464291,2.717514,0.074304,0.513735,3,10,8,4,3,10,8,4,3,9,8,4,4,10,8,4,0.04336,0.0831,0.30956,0.32887,1,1,23:06:2023,12:46:21,90,-10.882212,-61.9686,175.0,lev20,Almucantar,1.5744381423533342,0.4214400605577975,0.9600251067107787,BCM,Unclassified,,Unknown
20:10:2002,11:06:54,Ji_Parana_UNIR,293,293.463125,0.4279,0.1947,0.1206,0.0909,0.4093,0.1751,0.0997,0.0693,0.0186,0.0196,0.0209,0.0217,1.861558,69.272903,70.002224,2.008681,0.024122,0.428145,4,10,7,6,4,10,7,6,4,10,7,6,4,10,7,6,0.04995,0.09531,0.36203,0.38027,1,1,22:06:2023,16:04:44,90,-10.882212,-61.9686,175.0,lev20,Almucantar,Ji_Parana_UNIR,293,293.463125,0.428145,0.194077,0.120938,0.090784,1.859531,69.272903,70.002224,2.008681,0.024122,0.428145,4,10,7,6,4,10,7,6,4,10,7,6,4,10,7,6,0.04995,0.09531,0.36203,0.38027,1,1,22:06:2023,16:04:44,90,-10.882212,-61.9686,175.0,lev20,Almucantar,Ji_Parana_UNIR,293,293.463125,1.5248,1.5075,1.5161,1.5232,0.014832,0.014834,0.014714,0.013995,69.272903,70.002224,2.008681,0.024122,0.428145,4,10,7,6,4,10,7,6,4,10,7,6,4,10,7,6,0.04995,0.09531,0.36203,0.38027,1,1,22:06:2023,16:04:44,90,-10.882212,-61.9686,175.0,lev20,Almucantar,Ji_Parana_UNIR,293,293.463125,0.9191,0.892,0.8711,0.8642,69.272903,70.002224,2.008681,0.024122,0.428145,4,10,7,6,4,10,7,6,4,10,7,6,4,10,7,6,0.04995,0.09531,0.36203,0.38027,1,1,22:06:2023,16:04:44,90,-10.882212,-61.9686,175.0,lev20,Almucantar,Ji_Parana_UNIR,293,293.463125,0.034622,0.021031,0.015549,0.012347,1.176868,69.272903,70.002224,2.008681,0.024122,0.428145,4,10,7,6,4,10,7,6,4,10,7,6,4,10,7,6,0.04995,0.09531,0.36203,0.38027,1,1,22:06:2023,16:04:44,90,-10.882212,-61.9686,175.0,lev20,Almucantar,1.8576733174831142,0.33744984102583614,0.9337602949670176,BCL,Urban,,Unknown
23:10:2002,20:42:17,Ji_Parana_UNIR,296,296.862697,0.3921,0.1868,0.1237,0.0977,0.3523,0.143,0.078,0.0513,0.0398,0.0438,0.0457,0.0464,1.701676,71.609329,70.883056,1.83207,0.02298,0.39115,4,10,7,6,4,10,7,6,4,10,6,6,4,10,5,6,0.05213,0.09823,0.37005,0.38452,1,1,22:06:2023,16:06:25,90,-10.882212,-61.9686,175.0,lev20,Almucantar,Ji_Parana_UNIR,296,296.862697,0.39115,0.185959,0.123838,0.096847,1.697517,71.609329,70.883056,1.83207,0.02298,0.39115,4,10,7,6,4,10,7,6,4,10,6,6,4,10,5,6,0.05213,0.09823,0.37005,0.38452,1,1,22:06:2023,16:06:25,90,-10.882212,-61.9686,175.0,lev20,Almucantar,Ji_Parana_UNIR,296,296.862697,1.4754,1.4846,1.4878,1.4841,0.010224,0.009004,0.009193,0.009292,71.609329,70.883056,1.83207,0.02298,0.39115,4,10,7,6,4,10,7,6,4,10,6,6,4,10,5,6,0.05213,0.09823,0.37005,0.38452,1,1,22:06:2023,16:06:25,90,-10.882212,-61.9686,175.0,lev20,Almucantar,Ji_Parana_UNIR,296,296.862697,0.9327,0.9209,0.9007,0.8859,71.609329,70.883056,1.83207,0.02298,0.39115,4,10,7,6,4,10,7,6,4,10,6,6,4,10,5,6,0.05213,0.09823,0.37005,0.38452,1,1,22:06:2023,16:06:25,90,-10.882212,-61.9686,175.0,lev20,Almucantar,Ji_Parana_UNIR,296,296.862697,0.055346,0.031912,0.023381,0.019242,1.305471,71.609329,70.883056,1.83207,0.02298,0.39115,4,10,7,6,4,10,7,6,4,10,6,6,4,10,5,6,0.05213,0.09823,0.37005,0.38452,1,1,22:06:2023,16:06:25,90,-10.882212,-61.9686,175.0,lev20,Almucantar,1.6922786395414515,0.3158246723492417,0.8414862297124702,BCL,Urban,,Unknown
23:10:2002,21:02:51,Ji_Parana_UNIR,296,296.876979,0.3864,0.1847,0.1225,0.0965,0.3477,0.1423,0.0781,0.0513,0.0387,0.0424,0.0443,0.0452,1.694409,76.577334,75.854082,1.264996,0.00284,0.385348,4,10,5,6,4,10,5,6,4,10,5,5,4,10,5,5,0.05664,0.10592,0.39983,0.41264,1,1,22:06:2023,16:08:43,90,-10.882212,-61.9686,175.0,lev20,Almucantar,Ji_Parana_UNIR,296,296.876979,0.385348,0.183796,0.12239,0.096251,1.692524,76.577334,75.854082,1.264996,0.00284,0.385348,4,10,5,6,4,10,5,6,4,10,5,5,4,10,5,5,0.05664,0.10592,0.39983,0.41264,1,1,22:06:2023,16:08:43,90,-10.882212,-61.9686,175.0,lev20,Almucantar,Ji_Parana_UNIR,296,296.876979,1.4754,1.4846,1.4878,1.4841,0.010224,0.009004,0.009193,0.009292,76.577334,75.854082,1.264996,0.00284,0.385348,4,10,5,6,4,10,5,6,4,10,5,5,4,10,5,5,0.05664,0.10592,0.39983,0.41264,1,1,22:06:2023,16:08:43,90,-10.882212,-61.9686,175.0,lev20,Almucantar,Ji_Parana_UNIR,296,296.876979,0.9327,0.9209,0.9007,0.8859,76.577334,75.854082,1.264996,0.00284,0.385348,4,10,5,6,4,10,5,6,4,10,5,5,4,10,5,5,0.05664,0.10592,0.39983,0.41264,1,1,22:06:2023,16:08:43,90,-10.882212,-61.9686,175.0,lev20,Almucantar,Ji_Parana_UNIR,296,296.876979,0.055346,0.031912,0.023381,0.019242,1.305471,76.577334,75.854082,1.264996,0.00284,0.385348,4,10,5,6,4,10,5,6,4,10,5,5,4,10,5,5,0.05664,0.10592,0.39983,0.41264,1,1,22:06:2023,16:08:43,90,-10.882212,-61.9686,175.0,lev20,Almucantar,1.6850974384212327,0.31151933765884765,0.844946079886233,BCL,Urban,,Unknown
24:10:2002,19:59:05,Ji_Parana_UNIR,297,297.832697,0.7681,0.3543,0.2219,0.1678,0.7121,0.2928,0.1564,0.1001,0.056,0.0615,0.0655,0.0677,1.825641,61.120483,60.391391,3.284129,0.065658,0.766458,3,10,8,5,3,10,8,5,3,10,6,5,3,10,6,4,0.04583,0.08697,0.33037,0.34651,1,1,22:06:2023,16:22:14,90,-10.882212,-61.9686,175.0,lev20,Almucantar,Ji_Parana_UNIR,297,297.832697,0.766458,0.353254,0.221966,0.16705,1.822621,61.120483,60.391391,3.284129,0.065658,0.766458,3,10,8,5,3,10,8,5,3,10,6,5,3,10,6,4,0.04583,0.08697,0.33037,0.34651,1,1,22:06:2023,16:22:14,90,-10.882212,-61.9686,175.0,lev20,Almucantar,Ji_Parana_UNIR,297,297.832697,1.5051,1.5084,1.5176,1.5126,0.008884,0.008091,0.007762,0.007592,61.120483,60.391391,3.284129,0.065658,0.766458,3,10,8,5,3,10,8,5,3,10,6,5,3,10,6,4,0.04583,0.08697,0.33037,0.34651,1,1,22:06:2023,16:22:14,90,-10.882212,-61.9686,175.0,lev20,Almucantar,Ji_Parana_UNIR,297,297.832697,0.9422,0.9282,0.9167,0.9094,61.120483,60.391391,3.284129,0.065658,0.766458,3,10,8,5,3,10,8,5,3,10,6,5,3,10,6,4,0.04583,0.08697,0.33037,0.34651,1,1,22:06:2023,16:22:14,90,-10.882212,-61.9686,175.0,lev20,Almucantar,Ji_Parana_UNIR,297,297.832697,0.044423,0.025445,0.018487,0.015201,1.29163,61.120483,60.391391,3.284129,0.065658,0.766458,3,10,8,5,3,10,8,5,3,10,6,5,3,10,6,4,0.04583,0.08697,0.33037,0.34651,1,1,22:06:2023,16:22:14,90,-10.882212,-61.9686,175.0,lev20,Almucantar,1.821416216323303,0.6085518736240803,0.8884552302379626,BCL,Arid,,Unknown
24:10:2002,20:42:19,Ji_Parana_UNIR,297,297.86272,0.839,0.3951,0.2528,0.1942,0.7755,0.3258,0.1805,0.1206,0.0635,0.0693,0.0722,0.0736,1.765108,71.60199,70.876447,3.574864,0.009828,0.837579,4,10,7,6,4,10,7,6,4,10,7,6,4,10,7,5,0.05171,0.0973,0.37182,0.38571,1,1,22:06:2023,16:06:55,90,-10.882212,-61.9686,175.0,lev20,Almucantar,Ji_Parana_UNIR,297,297.86272,0.837579,0.394077,0.252547,0.194491,1.764413,71.60199,70.876447,3.574864,0.009828,0.837579,4,10,7,6,4,10,7,6,4,10,7,6,4,10,7,5,0.05171,0.0973,0.37182,0.38571,1,1,22:06:2023,16:06:55,90,-10.882212,-61.9686,175.0,lev20,Almucantar,Ji_Parana_UNIR,297,297.86272,1.3547,1.3812,1.3996,1.4059,0.008641,0.007702,0.007483,0.007387,71.60199,70.876447,3.574864,0.009828,0.837579,4,10,7,6,4,10,7,6,4,10,7,6,4,10,7,5,0.05171,0.0973,0.37182,0.38571,1,1,22:06:2023,16:06:55,90,-10.882212,-61.9686,175.0,lev20,Almucantar,Ji_Parana_UNIR,297,297.86272,0.9237,0.9088,0.8954,0.8874,71.60199,70.876447,3.574864,0.009828,0.837579,4,10,7,6,4,10,7,6,4,10,7,6,4,10,7,5,0.05171,0.0973,0.37182,0.38571,1,1,22:06:2023,16:06:55,90,-10.882212,-61.9686,175.0,lev20,Almucantar,Ji_Parana_UNIR,297,297.86272,0.063989,0.03605,0.026432,0.021875,1.305471,71.60199,70.876447,3.574864,0.009828,0.837579,4,10,7,6,4,10,7,6,4,10,7,6,4,10,7,5,0.05171,0.0973,0.37182,0.38571,1,1,22:06:2023,16:06:55,90,-10.882212,-61.9686,175.0,lev20,Almucantar,1.7596883039756415,0.6699906906682545,0.8831046316231631,BCL,Arid,,Unknown
26:10:2002,11:04:54,Ji_Parana_UNIR,299,299.461736,0.5127,0.249,0.1589,0.1217,0.4745,0.2063,0.1143,0.0763,0.0382,0.0427,0.0447,0.0454,1.720435,69.284051,70.009156,1.582587,0.017241,0.51258,4,10,7,6,4,10,7,6,4,10,7,6,4,10,7,6,0.04957,0.09441,0.36389,0.38147,1,1,22:06:2023,16:11:32,90,-10.882212,-61.9686,175.0,lev20,Almucantar,Ji_Parana_UNIR,299,299.461736,0.51258,0.248108,0.159044,0.121185,1.719743,69.284051,70.009156,1.582587,0.017241,0.51258,4,10,7,6,4,10,7,6,4,10,7,6,4,10,7,6,0.04957,0.09441,0.36389,0.38147,1,1,22:06:2023,16:11:32,90,-10.882212,-61.9686,175.0,lev20,Almucantar,Ji_Parana_UNIR,299,299.461736,1.4155,1.4337,1.4448,1.4481,0.012534,0.011987,0.011741,0.010871,69.284051,70.009156,1.582587,0.017241,0.51258,4,10,7,6,4,10,7,6,4,10,7,6,4,10,7,6,0.04957,0.09441,0.36389,0.38147,1,1,22:06:2023,16:11:32,90,-10.882212,-61.9686,175.0,lev20,Almucantar,Ji_Parana_UNIR,299,299.461736,0.9127,0.8905,0.8729,0.869,69.284051,70.009156,1.582587,0.017241,0.51258,4,10,7,6,4,10,7,6,4,10,7,6,4,10,7,6,0.04957,0.09441,0.36389,0.38147,1,1,22:06:2023,16:11:32,90,-10.882212,-61.9686,175.0,lev20,Almucantar,Ji_Parana_UNIR,299,299.461736,0.044774,0.027274,0.020205,0.015945,1.169863,69.284051,70.009156,1.582587,0.017241,0.51258,4,10,7,6,4,10,7,6,4,10,7,6,4,10,7,6,0.04957,0.09441,0.36389,0.38147,1,1,22:06:2023,16:11:32,90,-10.882212,-61.9686,175.0,lev20,Almucantar,1.718327772350296,0.4115914562321768,0.8856691915239934,BCL,Unclassified,,Unknown
26:10:2002,11:48:16,Ji_Parana_UNIR,299,299.491852,0.4696,0.2251,0.1438,0.1105,0.4355,0.187,0.104,0.0702,0.0342,0.0382,0.0398,0.0403,1.739497,58.773973,59.502433,1.446138,0.06123,0.469496,4,10,7,5,4,10,7,5,3,11,7,5,3,10,8,5,0.04473,0.08541,0.32572,0.34407,1,1,22:06:2023,16:13:58,90,-10.882212,-61.9686,175.0,lev20,Almucantar,Ji_Parana_UNIR,299,299.491852,0.469496,0.224546,0.144343,0.109048,1.734781,58.773973,59.502433,1.446138,0.06123,0.469496,4,10,7,5,4,10,7,5,3,11,7,5,3,10,8,5,0.04473,0.08541,0.32572,0.34407,1,1,22:06:2023,16:13:58,90,-10.882212,-61.9686,175.0,lev20,Almucantar,Ji_Parana_UNIR,299,299.491852,1.41,1.4284,1.4433,1.4505,0.012168,0.01059,0.0097,0.008915,58.773973,59.502433,1.446138,0.06123,0.469496,4,10,7,5,4,10,7,5,3,11,7,5,3,10,8,5,0.04473,0.08541,0.32572,0.34407,1,1,22:06:2023,16:13:58,90,-10.882212,-61.9686,175.0,lev20,Almucantar,Ji_Parana_UNIR,299,299.491852,0.9136,0.8981,0.8868,0.8872,58.773973,59.502433,1.446138,0.06123,0.469496,4,10,7,5,4,10,7,5,3,11,7,5,3,10,8,5,0.04473,0.08541,0.32572,0.34407,1,1,22:06:2023,16:13:58,90,-10.882212,-61.9686,175.0,lev20,Almucantar,Ji_Parana_UNIR,299,299.491852,0.040556,0.022951,0.016275,0.012463,1.34253,58.773973,59.502433,1.446138,0.06123,0.469496,4,10,7,5,4,10,7,5,3,11,7,5,3,10,8,5,0.04473,0.08541,0.32572,0.34407,1,1,22:06:2023,16:13:58,90,-10.882212,-61.9686,175.0,lev20,Almucantar,1.7359919816237377,0.3761408072254662,0.8868261708851835,BCL,Urban,,Unknown
26:10:2002,12:13:06,Ji_Parana_UNIR,299,299.509097,0.4329,0.2103,0.1379,0.1074,0.3965,0.1696,0.0953,0.064,0.0365,0.0407,0.0427,0.0434,1.684176,52.737864,53.467584,1.47697,0.045973,0.432726,3,10,8,4,3,10,8,4,3,10,8,4,4,10,8,4,0.04306,0.08219,0.31125,0.32994,1,1,22:06:2023,16:15:46,90,-10.882212,-61.9686,175.0,lev20,Almucantar,Ji_Parana_UNIR,299,299.509097,0.432726,0.209339,0.13823,0.106134,1.681509,52.737864,53.467584,1.47697,0.045973,0.432726,3,10,8,4,3,10,8,4,3,10,8,4,4,10,8,4,0.04306,0.08219,0.31125,0.32994,1,1,22:06:2023,16:15:46,90,-10.882212,-61.9686,175.0,lev20,Almucantar,Ji_Parana_UNIR,299,299.509097,1.3953,1.4193,1.4374,1.4434,0.011365,0.010241,0.010263,0.009772,52.737864,53.467584,1.47697,0.045973,0.432726,3,10,8,4,3,10,8,4,3,10,8,4,4,10,8,4,0.04306,0.08219,0.31125,0.32994,1,1,22:06:2023,16:15:46,90,-10.882212,-61.9686,175.0,lev20,Almucantar,Ji_Parana_UNIR,299,299.509097,0.9107,0.891,0.8732,0.8671,52.737864,53.467584,1.47697,0.045973,0.432726,3,10,8,4,3,10,8,4,3,10,8,4,4,10,8,4,0.04306,0.08219,0.31125,0.32994,1,1,22:06:2023,16:15:46,90,-10.882212,-61.9686,175.0,lev20,Almucantar,Ji_Parana_UNIR,299,299.509097,0.038683,0.022918,0.017485,0.014272,1.174438,52.737864,53.467584,1.47697,0.045973,0.432726,3,10,8,4,3,10,8,4,3,10,8,4,4,10,8,4,0.04306,0.08219,0.31125,0.32994,1,1,22:06:2023,16:15:46,90,-10.882212,-61.9686,175.0,lev20,Almucantar,1.6780797283077202,0.34932131259697047,0.8697855891474033,BCL,Urban,,Unknown
27:10:2002,10:43:58,Ji_Parana_UNIR,300,300.447199,0.5533,0.2863,0.1987,0.1627,0.4857,0.2109,0.1202,0.0834,0.0677,0.0755,0.0785,0.0792,1.510739,74.26666,74.988431,2.433585,0.00713,0.552176,4,10,7,6,4,9,7,6,4,10,7,6,4,10,7,6,0.05325,0.10109,0.39112,0.40826,1,1,22:06:2023,16:13:00,90,-10.882212,-61.9686,175.0,lev20,Almucantar,Ji_Parana_UNIR,300,300.447199,0.552176,0.285141,0.198251,0.162037,1.511529,74.26666,74.988431,2.433585,0.00713,0.552176,4,10,7,6,4,9,7,6,4,10,7,6,4,10,7,6,0.05325,0.10109,0.39112,0.40826,1,1,22:06:2023,16:13:00,90,-10.882212,-61.9686,175.0,lev20,Almucantar,Ji_Parana_UNIR,300,300.447199,1.4166,1.4345,1.4471,1.4553,0.011896,0.012775,0.014211,0.01424,74.26666,74.988431,2.433585,0.00713,0.552176,4,10,7,6,4,9,7,6,4,10,7,6,4,10,7,6,0.05325,0.10109,0.39112,0.40826,1,1,22:06:2023,16:13:00,90,-10.882212,-61.9686,175.0,lev20,Almucantar,Ji_Parana_UNIR,300,300.447199,0.9039,0.8697,0.8389,0.8303,74.26666,74.988431,2.433585,0.00713,0.552176,4,10,7,6,4,9,7,6,4,10,7,6,4,10,7,6,0.05325,0.10109,0.39112,0.40826,1,1,22:06:2023,16:13:00,90,-10.882212,-61.9686,175.0,lev20,Almucantar,Ji_Parana_UNIR,300,300.447199,0.053187,0.037295,0.032017,0.027607,0.755617,74.26666,74.988431,2.433585,0.00713,0.552176,4,10,7,6,4,9,7,6,4,10,7,6,4,10,7,6,0.05325,0.10109,0.39112,0.40826,1,1,22:06:2023,16:13:00,90,-10.882212,-61.9686,175.0,lev20,Almucantar,1.5022391548358844,0.4566257163592438,0.8132628229774226,BCL,Arid,,Unknown
27:10:2002,11:04:38,Ji_Parana_UNIR,300,300.461551,0.5536,0.2913,0.2055,0.1689,0.4796,0.2088,0.1193,0.0814,0.074,0.0825,0.0863,0.0874,1.462997,69.28351,70.007828,2.53933,0.018229,0.551937,4,10,7,6,4,10,7,6,4,10,7,6,4,10,7,6,0.04961,0.09445,0.36393,0.38152,1,1,22:06:2023,16:15:12,90,-10.882212,-61.9686,175.0,lev20,Almucantar,Ji_Parana_UNIR,300,300.461551,0.551937,0.289796,0.204958,0.169187,1.463039,69.28351,70.007828,2.53933,0.018229,0.551937,4,10,7,6,4,10,7,6,4,10,7,6,4,10,7,6,0.04961,0.09445,0.36393,0.38152,1,1,22:06:2023,16:15:12,90,-10.882212,-61.9686,175.0,lev20,Almucantar,Ji_Parana_UNIR,300,300.461551,1.4112,1.4307,1.444,1.4485,0.010197,0.012039,0.013859,0.013773,69.28351,70.007828,2.53933,0.018229,0.551937,4,10,7,6,4,10,7,6,4,10,7,6,4,10,7,6,0.04961,0.09445,0.36393,0.38152,1,1,22:06:2023,16:15:12,90,-10.882212,-61.9686,175.0,lev20,Almucantar,Ji_Parana_UNIR,300,300.461551,0.9078,0.8676,0.8336,0.8254,69.28351,70.007828,2.53933,0.018229,0.551937,4,10,7,6,4,10,7,6,4,10,7,6,4,10,7,6,0.04961,0.09445,0.36393,0.38152,1,1,22:06:2023,16:15:12,90,-10.882212,-61.9686,175.0,lev20,Almucantar,Ji_Parana_UNIR,300,300.461551,0.051031,0.038578,0.034199,0.029484,0.59582,69.28351,70.007828,2.53933,0.018229,0.551937,4,10,7,6,4,10,7,6,4,10,7,6,4,10,7,6,0.04961,0.09445,0.36393,0.38152,1,1,22:06:2023,16:15:12,90,-10.882212,-61.9686,175.0,lev20,Almucantar,1.453673902872784,0.4597185103821518,0.7986596639874757,BCL,Arid,,Unknown
27:10:2002,11:48:04,Ji_Parana_UNIR,300,300.491713,0.5243,0.2692,0.1865,0.1502,0.4632,0.2006,0.116,0.0796,0.0611,0.0686,0.0705,0.0706,1.525188,58.768302,59.496015,2.415657,0.02197,0.523277,4,10,7,5,4,10,7,5,3,11,7,5,3,10,8,5,0.04473,0.0854,0.32571,0.34405,1,1,22:06:2023,16:17:39,90,-10.882212,-61.9686,175.0,lev20,Almucantar,Ji_Parana_UNIR,300,300.491713,0.523277,0.267878,0.186353,0.150402,1.524372,58.768302,59.496015,2.415657,0.02197,0.523277,4,10,7,5,4,10,7,5,3,11,7,5,3,10,8,5,0.04473,0.0854,0.32571,0.34405,1,1,22:06:2023,16:17:39,90,-10.882212,-61.9686,175.0,lev20,Almucantar,Ji_Parana_UNIR,300,300.491713,1.3713,1.3965,1.4169,1.4263,0.009269,0.008632,0.009193,0.008601,58.768302,59.496015,2.415657,0.02197,0.523277,4,10,7,5,4,10,7,5,3,11,7,5,3,10,8,5,0.04473,0.0854,0.32571,0.34405,1,1,22:06:2023,16:17:39,90,-10.882212,-61.9686,175.0,lev20,Almucantar,Ji_Parana_UNIR,300,300.491713,0.9133,0.8975,0.8781,0.8795,58.768302,59.496015,2.415657,0.02197,0.523277,4,10,7,5,4,10,7,5,3,11,7,5,3,10,8,5,0.04473,0.0854,0.32571,0.34405,1,1,22:06:2023,16:17:39,90,-10.882212,-61.9686,175.0,lev20,Almucantar,Ji_Parana_UNIR,300,300.491713,0.045473,0.02759,0.022742,0.0181,1.03523,58.768302,59.496015,2.415657,0.02197,0.523277,4,10,7,5,4,10,7,5,3,11,7,5,3,10,8,5,0.04473,0.0854,0.32571,0.34405,1,1,22:06:2023,16:17:39,90,-10.882212,-61.9686,175.0,lev20,Almucantar,1.5162164788511037,0.43192025450378335,0.8206764937316054,BCL,Unclassified,,Unknown
27:10:2002,12:12:52,Ji_Parana_UNIR,300,300.508935,0.5427,0.2732,0.1871,0.1498,0.4826,0.2052,0.1163,0.0785,0.0601,0.068,0.0708,0.0713,1.57124,52.746456,53.475429,2.169893,0.038023,0.541238,3,10,8,4,3,10,8,4,3,10,8,4,4,10,8,4,0.04306,0.08219,0.31126,0.32995,1,1,22:06:2023,16:19:31,90,-10.882212,-61.9686,175.0,lev20,Almucantar,Ji_Parana_UNIR,300,300.508935,0.541238,0.271847,0.18693,0.148764,1.569431,52.746456,53.475429,2.169893,0.038023,0.541238,3,10,8,4,3,10,8,4,3,10,8,4,4,10,8,4,0.04306,0.08219,0.31126,0.32995,1,1,22:06:2023,16:19:31,90,-10.882212,-61.9686,175.0,lev20,Almucantar,Ji_Parana_UNIR,300,300.508935,1.4189,1.4377,1.4571,1.4636,0.009909,0.008424,0.007917,0.007305,52.746456,53.475429,2.169893,0.038023,0.541238,3,10,8,4,3,10,8,4,3,10,8,4,4,10,8,4,0.04306,0.08219,0.31126,0.32995,1,1,22:06:2023,16:19:31,90,-10.882212,-61.9686,175.0,lev20,Almucantar,Ji_Parana_UNIR,300,300.508935,0.9154,0.9043,0.8966,0.8964,52.746456,53.475429,2.169893,0.038023,0.541238,3,10,8,4,3,10,8,4,3,10,8,4,4,10,8,4,0.04306,0.08219,0.31126,0.32995,1,1,22:06:2023,16:19:31,90,-10.882212,-61.9686,175.0,lev20,Almucantar,Ji_Parana_UNIR,300,300.508935,0.045891,0.026135,0.019342,0.015514,1.276274,52.746456,53.475429,2.169893,0.038023,0.541238,3,10,8,4,3,10,8,4,3,10,8,4,4,10,8,4,0.04306,0.08219,0.31126,0.32995,1,1,22:06:2023,16:19:31,90,-10.882212,-61.9686,175.0,lev20,Almucantar,1.562101470963056,0.44446352068928713,0.8276595021184638,BCL,Unclassified,,Unknown
04:11:2002,12:11:56,Ji_Parana_UNIR,308,308.508287,0.231,0.1285,0.0965,0.0815,0.1922,0.0859,0.0521,0.0364,0.0387,0.0427,0.0444,0.0451,1.293693,52.758474,53.480456,3.369134,0.095119,0.229096,3,10,8,4,3,10,8,4,3,10,8,4,4,10,8,3,0.04255,0.08132,0.31727,0.33413,1,1,22:06:2023,16:15:54,90,-10.882212,-61.9686,175.0,lev20,Almucantar,Ji_Parana_UNIR,308,308.508287,0.229096,0.126031,0.097359,0.081819,1.273784,52.758474,53.480456,3.369134,0.095119,0.229096,3,10,8,4,3,10,8,4,3,10,8,4,4,10,8,3,0.04255,0.08132,0.31727,0.33413,1,1,22:06:2023,16:15:54,90,-10.882212,-61.9686,175.0,lev20,Almucantar,Ji_Parana_UNIR,308,308.508287,1.4754,1.4846,1.4878,1.4841,0.010224,0.009004,0.009193,0.009292,52.758474,53.480456,3.369134,0.095119,0.229096,3,10,8,4,3,10,8,4,3,10,8,4,4,10,8,3,0.04255,0.08132,0.31727,0.33413,1,1,22:06:2023,16:15:54,90,-10.882212,-61.9686,175.0,lev20,Almucantar,Ji_Parana_UNIR,308,308.508287,0.9327,0.9209,0.9007,0.8859,52.758474,53.480456,3.369134,0.095119,0.229096,3,10,8,4,3,10,8,4,3,10,8,4,4,10,8,3,0.04255,0.08132,0.31727,0.33413,1,1,22:06:2023,16:15:54,90,-10.882212,-61.9686,175.0,lev20,Almucantar,Ji_Parana_UNIR,308,308.508287,0.055346,0.031912,0.023381,0.019242,1.305471,52.758474,53.480456,3.369134,0.095119,0.229096,3,10,8,4,3,10,8,4,3,10,8,4,4,10,8,3,0.04255,0.08132,0.31727,0.33413,1,1,22:06:2023,16:15:54,90,-10.882212,-61.9686,175.0,lev20,Almucantar,1.2804034535083302,0.1961224914034733,0.7556250372320649,BCL,Maritime,,Unknown
24:08:2021,11:54:00,Ji_Parana_UNIR,236,236.495833,1.5918,0.7286,0.4021,0.2724,1.5773,0.7137,0.3869,0.257,0.0145,0.015,0.0152,0.0154,1.993887,66.538333,67.241894,3.641357,0.076976,1.588141,4,10,5,6,4,10,5,6,4,10,5,6,4,10,5,6,0.05526,0.10394,0.3338,0.35961,1,1,12:08:2023,22:23:07,932,-10.882212,-61.9686,175.0,lev20,Almucantar,Ji_Parana_UNIR,236,236.495833,1.588141,0.728426,0.402198,0.272069,1.990048,66.538333,67.241894,3.641357,0.076976,1.588141,4,10,5,6,4,10,5,6,4,10,5,6,4,10,5,6,0.05526,0.10394,0.3338,0.35961,1,1,12:08:2023,22:23:07,932,-10.882212,-61.9686,175.0,lev20,Almucantar,Ji_Parana_UNIR,236,236.495833,1.4509,1.4758,1.478,1.4737,0.009371,0.00878,0.008781,0.008785,66.538333,67.241894,3.641357,0.076976,1.588141,4,10,5,6,4,10,5,6,4,10,5,6,4,10,5,6,0.05526,0.10394,0.3338,0.35961,1,1,12:08:2023,22:23:07,932,-10.882212,-61.9686,175.0,lev20,Almucantar,Ji_Parana_UNIR,236,236.495833,0.9451,0.9345,0.9157,0.899,66.538333,67.241894,3.641357,0.076976,1.588141,4,10,5,6,4,10,5,6,4,10,5,6,4,10,5,6,0.05526,0.10394,0.3338,0.35961,1,1,12:08:2023,22:23:07,932,-10.882212,-61.9686,175.0,lev20,Almucantar,Ji_Parana_UNIR,236,236.495833,0.087334,0.047722,0.033899,0.027503,1.387696,66.538333,67.241894,3.641357,0.076976,1.588141,4,10,5,6,4,10,5,6,4,10,5,6,4,10,5,6,0.05526,0.10394,0.3338,0.35961,1,1,12:08:2023,22:23:07,932,-10.882212,-61.9686,175.0,lev20,Almucantar,2.0183109997387025,1.2298078670561252,0.9870313588232243,BCL,Biomass,,Unknown
25:08:2021,13:03:46,Ji_Parana_UNIR,237,237.544282,1.0683,0.4917,0.2823,0.1988,1.04,0.4615,0.2498,0.1649,0.0284,0.0302,0.0325,0.0339,1.933473,50.289192,50.964472,2.069157,0.051291,1.066299,3,10,8,4,3,10,8,4,3,10,8,4,3,10,8,4,0.04879,0.09287,0.29011,0.31597,1,1,12:08:2023,22:35:47,932,-10.882212,-61.9686,175.0,lev20,Almucantar,Ji_Parana_UNIR,237,237.544282,1.066299,0.490378,0.281908,0.198463,1.933038,50.289192,50.964472,2.069157,0.051291,1.066299,3,10,8,4,3,10,8,4,3,10,8,4,3,10,8,4,0.04879,0.09287,0.29011,0.31597,1,1,12:08:2023,22:35:47,932,-10.882212,-61.9686,175.0,lev20,Almucantar,Ji_Parana_UNIR,237,237.544282,1.4908,1.5083,1.5129,1.5101,0.006102,0.00564,0.005655,0.005672,50.289192,50.964472,2.069157,0.051291,1.066299,3,10,8,4,3,10,8,4,3,10,8,4,3,10,8,4,0.04879,0.09287,0.29011,0.31597,1,1,12:08:2023,22:35:47,932,-10.882212,-61.9686,175.0,lev20,Almucantar,Ji_Parana_UNIR,237,237.544282,0.9632,0.956,0.9446,0.9356,50.289192,50.964472,2.069157,0.051291,1.066299,3,10,8,4,3,10,8,4,3,10,8,4,3,10,8,4,0.04879,0.09287,0.29011,0.31597,1,1,12:08:2023,22:35:47,932,-10.882212,-61.9686,175.0,lev20,Almucantar,Ji_Parana_UNIR,237,237.544282,0.039299,0.021615,0.015624,0.012812,1.354696,50.289192,50.964472,2.069157,0.051291,1.066299,3,10,8,4,3,10,8,4,3,10,8,4,3,10,8,4,0.04879,0.09287,0.29011,0.31597,1,1,12:08:2023,22:35:47,932,-10.882212,-61.9686,175.0,lev20,Almucantar,1.95220398667516,0.8323616829633191,0.9617507042687015,FNA,Biomass,,Unknown
25:08:2021,19:21:54,Ji_Parana_UNIR,237,237.806875,0.943,0.4251,0.2468,0.1764,0.9084,0.3884,0.2077,0.1358,0.0347,0.0367,0.0391,0.0407,1.951171,52.956102,52.275389,3.294781,0.022539,0.941125,4,9,8,4,3,10,8,4,3,10,7,3,3,7,8,4,0.04965,0.09412,0.29439,0.31835,1,1,12:08:2023,22:42:00,932,-10.882212,-61.9686,175.0,lev20,Almucantar,Ji_Parana_UNIR,237,237.806875,0.941125,0.424061,0.246707,0.176749,1.949168,52.956102,52.275389,3.294781,0.022539,0.941125,4,9,8,4,3,10,8,4,3,10,7,3,3,7,8,4,0.04965,0.09412,0.29439,0.31835,1,1,12:08:2023,22:42:00,932,-10.882212,-61.9686,175.0,lev20,Almucantar,Ji_Parana_UNIR,237,237.806875,1.4755,1.4843,1.4842,1.4777,0.009387,0.009151,0.009263,0.009292,52.956102,52.275389,3.294781,0.022539,0.941125,4,9,8,4,3,10,8,4,3,10,7,3,3,7,8,4,0.04965,0.09412,0.29439,0.31835,1,1,12:08:2023,22:42:00,932,-10.882212,-61.9686,175.0,lev20,Almucantar,Ji_Parana_UNIR,237,237.806875,0.9411,0.9234,0.9018,0.8859,52.956102,52.275389,3.294781,0.022539,0.941125,4,9,8,4,3,10,8,4,3,10,7,3,3,7,8,4,0.04965,0.09412,0.29439,0.31835,1,1,12:08:2023,22:42:00,932,-10.882212,-61.9686,175.0,lev20,Almucantar,Ji_Parana_UNIR,237,237.806875,0.05553,0.03256,0.024232,0.020135,1.217021,52.956102,52.275389,3.294781,0.022539,0.941125,4,9,8,4,3,10,8,4,3,10,7,3,3,7,8,4,0.04965,0.09412,0.29439,0.31835,1,1,12:08:2023,22:42:00,932,-10.882212,-61.9686,175.0,lev20,Almucantar,1.9663365753104132,0.7334085023929616,0.9459932497760325,BCL,Biomass,,Unknown
26:08:2021,11:20:59,Ji_Parana_UNIR,238,238.472905,1.0852,0.4625,0.2554,0.1775,1.0696,0.4464,0.2389,0.1609,0.0156,0.0162,0.0164,0.0166,2.104048,74.012858,74.725326,3.357507,0.01717,1.083453,4,10,7,6,4,10,7,6,4,10,7,4,4,10,7,4,0.06087,0.1135,0.36985,0.39583,1,1,12:08:2023,22:44:19,932,-10.882212,-61.9686,175.0,lev20,Almucantar,Ji_Parana_UNIR,238,238.472905,1.083453,0.461938,0.255212,0.176939,2.102804,74.012858,74.725326,3.357507,0.01717,1.083453,4,10,7,6,4,10,7,6,4,10,7,4,4,10,7,4,0.06087,0.1135,0.36985,0.39583,1,1,12:08:2023,22:44:19,932,-10.882212,-61.9686,175.0,lev20,Almucantar,Ji_Parana_UNIR,238,238.472905,1.4613,1.4768,1.4752,1.4709,0.007843,0.007796,0.007894,0.00792,74.012858,74.725326,3.357507,0.01717,1.083453,4,10,7,6,4,10,7,6,4,10,7,4,4,10,7,4,0.06087,0.1135,0.36985,0.39583,1,1,12:08:2023,22:44:19,932,-10.882212,-61.9686,175.0,lev20,Almucantar,Ji_Parana_UNIR,238,238.472905,0.951,0.9336,0.9125,0.8963,74.012858,74.725326,3.357507,0.01717,1.083453,4,10,7,6,4,10,7,6,4,10,7,4,4,10,7,4,0.06087,0.1135,0.36985,0.39583,1,1,12:08:2023,22:44:19,932,-10.882212,-61.9686,175.0,lev20,Almucantar,Ji_Parana_UNIR,238,238.472905,0.053148,0.030709,0.022344,0.018399,1.269453,74.012858,74.725326,3.357507,0.01717,1.083453,4,10,7,6,4,10,7,6,4,10,7,4,4,10,7,4,0.06087,0.1135,0.36985,0.39583,1,1,12:08:2023,22:44:19,932,-10.882212,-61.9686,175.0,lev20,Almucantar,2.122120302702211,0.8273615546877326,0.9780399888617088,FNA,Biomass,,Unknown
26:08:2021,11:51:13,Ji_Parana_UNIR,238,238.4939,1.0134,0.4393,0.2473,0.1745,0.9872,0.4118,0.2181,0.1442,0.0263,0.0275,0.0292,0.0304,2.052428,66.861292,67.568069,4.815396,0.082519,1.010444,4,10,7,6,4,10,7,6,4,10,7,6,4,10,7,4,0.05542,0.10423,0.33504,0.36084,1,1,12:08:2023,22:21:50,932,-10.882212,-61.9686,175.0,lev20,Almucantar,Ji_Parana_UNIR,238,238.4939,1.010444,0.438686,0.246832,0.174899,2.050714,66.861292,67.568069,4.815396,0.082519,1.010444,4,10,7,6,4,10,7,6,4,10,7,6,4,10,7,4,0.05542,0.10423,0.33504,0.36084,1,1,12:08:2023,22:21:50,932,-10.882212,-61.9686,175.0,lev20,Almucantar,Ji_Parana_UNIR,238,238.4939,1.5175,1.5395,1.5506,1.555,0.005896,0.005764,0.005748,0.005752,66.861292,67.568069,4.815396,0.082519,1.010444,4,10,7,6,4,10,7,6,4,10,7,6,4,10,7,4,0.05542,0.10423,0.33504,0.36084,1,1,12:08:2023,22:21:50,932,-10.882212,-61.9686,175.0,lev20,Almucantar,Ji_Parana_UNIR,238,238.4939,0.9653,0.9548,0.9428,0.9338,66.861292,67.568069,4.815396,0.082519,1.010444,4,10,7,6,4,10,7,6,4,10,7,6,4,10,7,4,0.05542,0.10423,0.33504,0.36084,1,1,12:08:2023,22:21:50,932,-10.882212,-61.9686,175.0,lev20,Almucantar,Ji_Parana_UNIR,238,238.4939,0.035205,0.019865,0.014146,0.011547,1.334517,66.861292,67.568069,4.815396,0.082519,1.010444,4,10,7,6,4,10,7,6,4,10,7,6,4,10,7,4,0.05542,0.10423,0.33504,0.36084,1,1,12:08:2023,22:21:50,932,-10.882212,-61.9686,175.0,lev20,Almucantar,2.0689832388217893,0.7778869382453332,0.9613749590145361,FNA,Biomass,,Unknown
26:08:2021,12:36:07,Ji_Parana_UNIR,238,238.525081,0.8122,0.3532,0.2012,0.1458,0.7809,0.3183,0.1642,0.1079,0.0312,0.0349,0.037,0.0379,2.031974,56.391542,57.083384,4.103537,0.145833,0.809555,4,10,8,4,4,10,8,3,4,10,8,4,4,10,7,5,0.05055,0.09592,0.30269,0.32848,1,1,12:08:2023,22:23:46,932,-10.882212,-61.9686,175.0,lev20,Almucantar,Ji_Parana_UNIR,238,238.525081,0.809555,0.351932,0.200982,0.143584,2.029201,56.391542,57.083384,4.103537,0.145833,0.809555,4,10,8,4,4,10,8,3,4,10,8,4,4,10,7,5,0.05055,0.09592,0.30269,0.32848,1,1,12:08:2023,22:23:46,932,-10.882212,-61.9686,175.0,lev20,Almucantar,Ji_Parana_UNIR,238,238.525081,1.4911,1.5148,1.524,1.5314,0.004498,0.004377,0.00435,0.004339,56.391542,57.083384,4.103537,0.145833,0.809555,4,10,8,4,4,10,8,3,4,10,8,4,4,10,7,5,0.05055,0.09592,0.30269,0.32848,1,1,12:08:2023,22:23:46,932,-10.882212,-61.9686,175.0,lev20,Almucantar,Ji_Parana_UNIR,238,238.525081,0.9713,0.9621,0.9522,0.9459,56.391542,57.083384,4.103537,0.145833,0.809555,4,10,8,4,4,10,8,3,4,10,8,4,4,10,7,5,0.05055,0.09592,0.30269,0.32848,1,1,12:08:2023,22:23:46,932,-10.882212,-61.9686,175.0,lev20,Almucantar,Ji_Parana_UNIR,238,238.525081,0.023305,0.013382,0.009617,0.007891,1.29534,56.391542,57.083384,4.103537,0.145833,0.809555,4,10,8,4,4,10,8,3,4,10,8,4,4,10,7,5,0.05055,0.09592,0.30269,0.32848,1,1,12:08:2023,22:23:46,932,-10.882212,-61.9686,175.0,lev20,Almucantar,2.0469551703095585,0.6252036486494715,0.9387863662179731,FNA,Arid,,Unknown
27:08:2021,13:03:08,Ji_Parana_UNIR,239,239.543843,1.4182,0.6663,0.4091,0.3082,1.3667,0.6117,0.3509,0.2478,0.0515,0.0547,0.0583,0.0604,1.813563,50.024144,50.703657,2.998693,0.126597,1.415867,3,10,8,4,3,10,8,4,3,10,8,4,3,10,8,4,0.04872,0.09276,0.28963,0.31551,1,1,12:08:2023,22:43:52,932,-10.882212,-61.9686,175.0,lev20,Almucantar,Ji_Parana_UNIR,239,239.543843,1.415867,0.664839,0.408323,0.310074,1.814029,50.024144,50.703657,2.998693,0.126597,1.415867,3,10,8,4,3,10,8,4,3,10,8,4,3,10,8,4,0.04872,0.09276,0.28963,0.31551,1,1,12:08:2023,22:43:52,932,-10.882212,-61.9686,175.0,lev20,Almucantar,Ji_Parana_UNIR,239,239.543843,1.4922,1.495,1.5049,1.5142,0.010295,0.01114,0.012773,0.013595,50.024144,50.703657,2.998693,0.126597,1.415867,3,10,8,4,3,10,8,4,3,10,8,4,3,10,8,4,0.04872,0.09276,0.28963,0.31551,1,1,12:08:2023,22:43:52,932,-10.882212,-61.9686,175.0,lev20,Almucantar,Ji_Parana_UNIR,239,239.543843,0.9399,0.9174,0.8885,0.8697,50.024144,50.703657,2.998693,0.126597,1.415867,3,10,8,4,3,10,8,4,3,10,8,4,3,10,8,4,0.04872,0.09276,0.28963,0.31551,1,1,12:08:2023,22:43:52,932,-10.882212,-61.9686,175.0,lev20,Almucantar,Ji_Parana_UNIR,239,239.543843,0.085281,0.055025,0.045597,0.040163,0.927452,50.024144,50.703657,2.998693,0.126597,1.415867,3,10,8,4,3,10,8,4,3,10,8,4,3,10,8,4,0.04872,0.09276,0.28963,0.31551,1,1,12:08:2023,22:43:52,932,-10.882212,-61.9686,175.0,lev20,Almucantar,1.8236033550056756,1.1233003539016289,0.9456467174216451,BCL,Biomass,,Unknown
27:08:2021,19:21:20,Ji_Parana_UNIR,239,239.806481,1.57,0.7233,0.4208,0.3023,1.5126,0.6625,0.3564,0.2357,0.0574,0.0609,0.0645,0.0666,1.914658,52.695225,52.010582,3.41426,0.090997,1.566406,3,10,8,4,3,10,6,4,3,10,6,4,3,10,4,4,0.04958,0.094,0.29388,0.31786,1,1,12:08:2023,22:32:11,932,-10.882212,-61.9686,175.0,lev20,Almucantar,Ji_Parana_UNIR,239,239.806481,1.566406,0.721286,0.419692,0.300462,1.915231,52.695225,52.010582,3.41426,0.090997,1.566406,3,10,8,4,3,10,6,4,3,10,6,4,3,10,4,4,0.04958,0.094,0.29388,0.31786,1,1,12:08:2023,22:32:11,932,-10.882212,-61.9686,175.0,lev20,Almucantar,Ji_Parana_UNIR,239,239.806481,1.4765,1.4954,1.4996,1.498,0.005806,0.005617,0.005596,0.005593,52.695225,52.010582,3.41426,0.090997,1.566406,3,10,8,4,3,10,6,4,3,10,6,4,3,10,4,4,0.04958,0.094,0.29388,0.31786,1,1,12:08:2023,22:32:11,932,-10.882212,-61.9686,175.0,lev20,Almucantar,Ji_Parana_UNIR,239,239.806481,0.9612,0.9507,0.9379,0.9284,52.695225,52.010582,3.41426,0.090997,1.566406,3,10,8,4,3,10,6,4,3,10,6,4,3,10,4,4,0.04958,0.094,0.29388,0.31786,1,1,12:08:2023,22:32:11,932,-10.882212,-61.9686,175.0,lev20,Almucantar,Ji_Parana_UNIR,239,239.806481,0.060882,0.03566,0.026117,0.021645,1.239695,52.695225,52.010582,3.41426,0.090997,1.566406,3,10,8,4,3,10,6,4,3,10,6,4,3,10,4,4,0.04958,0.094,0.29388,0.31786,1,1,12:08:2023,22:32:11,932,-10.882212,-61.9686,175.0,lev20,Almucantar,1.9314031618610445,1.2265162594727197,0.9465455484119822,FNA,Biomass,,Unknown
28:08:2021,11:19:44,Ji_Parana_UNIR,240,240.472037,1.2773,0.6233,0.3917,0.3009,1.2274,0.5715,0.3391,0.2477,0.05,0.0518,0.0526,0.0531,1.724134,73.99697,74.711706,2.209745,0.015131,1.27397,4,10,7,6,4,10,7,6,4,10,7,6,4,10,7,5,0.06095,0.11357,0.36985,0.39585,1,1,12:08:2023,22:40:53,932,-10.882212,-61.9686,175.0,lev20,Almucantar,Ji_Parana_UNIR,240,240.472037,1.27397,0.622429,0.391094,0.300542,1.722445,73.99697,74.711706,2.209745,0.015131,1.27397,4,10,7,6,4,10,7,6,4,10,7,6,4,10,7,5,0.06095,0.11357,0.36985,0.39585,1,1,12:08:2023,22:40:53,932,-10.882212,-61.9686,175.0,lev20,Almucantar,Ji_Parana_UNIR,240,240.472037,1.5112,1.4993,1.4892,1.4836,0.010791,0.011342,0.011694,0.011729,73.99697,74.711706,2.209745,0.015131,1.27397,4,10,7,6,4,10,7,6,4,10,7,6,4,10,7,5,0.06095,0.11357,0.36985,0.39585,1,1,12:08:2023,22:40:53,932,-10.882212,-61.9686,175.0,lev20,Almucantar,Ji_Parana_UNIR,240,240.472037,0.9308,0.9076,0.886,0.8741,73.99697,74.711706,2.209745,0.015131,1.27397,4,10,7,6,4,10,7,6,4,10,7,6,4,10,7,5,0.06095,0.11357,0.36985,0.39585,1,1,12:08:2023,22:40:53,932,-10.882212,-61.9686,175.0,lev20,Almucantar,Ji_Parana_UNIR,240,240.472037,0.088425,0.057586,0.044636,0.037863,1.000549,73.99697,74.711706,2.209745,0.015131,1.27397,4,10,7,6,4,10,7,6,4,10,7,6,4,10,7,5,0.06095,0.11357,0.36985,0.39585,1,1,12:08:2023,22:40:53,932,-10.882212,-61.9686,175.0,lev20,Almucantar,1.7338645494321994,1.0233716589488133,0.9421481274599711,BCL,Biomass,,Unknown
28:08:2021,11:49:54,Ji_Parana_UNIR,240,240.492986,1.1833,0.5629,0.344,0.2578,1.128,0.5036,0.2809,0.1928,0.0553,0.0593,0.0631,0.065,1.800353,66.835913,67.545425,1.825115,0.019961,1.180733,4,10,7,6,4,10,7,6,4,10,7,6,4,10,7,5,0.05542,0.10422,0.33497,0.36077,1,1,12:08:2023,22:48:36,932,-10.882212,-61.9686,175.0,lev20,Almucantar,Ji_Parana_UNIR,240,240.492986,1.180733,0.562662,0.343552,0.257533,1.798786,66.835913,67.545425,1.825115,0.019961,1.180733,4,10,7,6,4,10,7,6,4,10,7,6,4,10,7,5,0.05542,0.10422,0.33497,0.36077,1,1,12:08:2023,22:48:36,932,-10.882212,-61.9686,175.0,lev20,Almucantar,Ji_Parana_UNIR,240,240.492986,1.4667,1.4812,1.4882,1.4918,0.009272,0.008247,0.008984,0.00941,66.835913,67.545425,1.825115,0.019961,1.180733,4,10,7,6,4,10,7,6,4,10,7,6,4,10,7,5,0.05542,0.10422,0.33497,0.36077,1,1,12:08:2023,22:48:36,932,-10.882212,-61.9686,175.0,lev20,Almucantar,Ji_Parana_UNIR,240,240.492986,0.9394,0.9293,0.9057,0.8892,66.835913,67.545425,1.825115,0.019961,1.180733,4,10,7,6,4,10,7,6,4,10,7,6,4,10,7,5,0.05542,0.10422,0.33497,0.36077,1,1,12:08:2023,22:48:36,932,-10.882212,-61.9686,175.0,lev20,Almucantar,Ji_Parana_UNIR,240,240.492986,0.071729,0.039813,0.032437,0.028554,1.183678,66.835913,67.545425,1.825115,0.019961,1.180733,4,10,7,6,4,10,7,6,4,10,7,6,4,10,7,5,0.05542,0.10422,0.33497,0.36077,1,1,12:08:2023,22:48:36,932,-10.882212,-61.9686,175.0,lev20,Almucantar,1.8122154447593646,0.9386107102608137,0.9303493558508182,BCL,Biomass,,Unknown
28:08:2021,12:34:39,Ji_Parana_UNIR,240,240.524063,1.1751,0.5493,0.328,0.2406,1.1258,0.4967,0.2724,0.1833,0.0493,0.0526,0.0556,0.0573,1.857929,56.352661,57.048287,2.149176,0.033396,1.172584,4,10,8,4,4,10,8,4,4,10,8,4,4,10,5,5,0.05053,0.0959,0.30259,0.3284,1,1,12:08:2023,22:22:44,932,-10.882212,-61.9686,175.0,lev20,Almucantar,Ji_Parana_UNIR,240,240.524063,1.172584,0.549119,0.327503,0.239816,1.856666,56.352661,57.048287,2.149176,0.033396,1.172584,4,10,8,4,4,10,8,4,4,10,8,4,4,10,5,5,0.05053,0.0959,0.30259,0.3284,1,1,12:08:2023,22:22:44,932,-10.882212,-61.9686,175.0,lev20,Almucantar,Ji_Parana_UNIR,240,240.524063,1.4473,1.4709,1.4807,1.4837,0.008371,0.00688,0.006638,0.0066,56.352661,57.048287,2.149176,0.033396,1.172584,4,10,8,4,4,10,8,4,4,10,8,4,4,10,5,5,0.05053,0.0959,0.30259,0.3284,1,1,12:08:2023,22:22:44,932,-10.882212,-61.9686,175.0,lev20,Almucantar,Ji_Parana_UNIR,240,240.524063,0.9441,0.938,0.9252,0.9155,56.352661,57.048287,2.149176,0.033396,1.172584,4,10,8,4,4,10,8,4,4,10,8,4,4,10,5,5,0.05053,0.0959,0.30259,0.3284,1,1,12:08:2023,22:22:44,932,-10.882212,-61.9686,175.0,lev20,Almucantar,Ji_Parana_UNIR,240,240.524063,0.065654,0.034032,0.024523,0.020319,1.450933,56.352661,57.048287,2.149176,0.033396,1.172584,4,10,8,4,4,10,8,4,4,10,8,4,4,10,5,5,0.05053,0.0959,0.30259,0.3284,1,1,12:08:2023,22:22:44,932,-10.882212,-61.9686,175.0,lev20,Almucantar,1.8718795947704483,0.9250241540702072,0.93786171845752,BCL,Biomass,,Unknown
28:08:2021,20:53:01,Ji_Parana_UNIR,240,240.87015,1.0619,0.497,0.2967,0.2176,1.0178,0.4513,0.2493,0.1688,0.0441,0.0457,0.0474,0.0487,1.856314,74.147795,73.433242,1.810272,0.010333,1.058746,4,10,7,6,4,10,7,6,4,10,7,6,4,10,7,6,0.06159,0.11388,0.36826,0.38842,1,1,12:08:2023,22:45:52,932,-10.882212,-61.9686,175.0,lev20,Almucantar,Ji_Parana_UNIR,240,240.87015,1.058746,0.495803,0.296446,0.217347,1.853402,74.147795,73.433242,1.810272,0.010333,1.058746,4,10,7,6,4,10,7,6,4,10,7,6,4,10,7,6,0.06159,0.11388,0.36826,0.38842,1,1,12:08:2023,22:45:52,932,-10.882212,-61.9686,175.0,lev20,Almucantar,Ji_Parana_UNIR,240,240.87015,1.4355,1.4602,1.4661,1.4652,0.010037,0.008255,0.008238,0.008163,74.147795,73.433242,1.810272,0.010333,1.058746,4,10,7,6,4,10,7,6,4,10,7,6,4,10,7,6,0.06159,0.11388,0.36826,0.38842,1,1,12:08:2023,22:45:52,932,-10.882212,-61.9686,175.0,lev20,Almucantar,Ji_Parana_UNIR,240,240.87015,0.9295,0.922,0.9024,0.8894,74.147795,73.433242,1.810272,0.010333,1.058746,4,10,7,6,4,10,7,6,4,10,7,6,4,10,7,6,0.06159,0.11388,0.36826,0.38842,1,1,12:08:2023,22:45:52,932,-10.882212,-61.9686,175.0,lev20,Almucantar,Ji_Parana_UNIR,240,240.87015,0.074881,0.038778,0.028959,0.024065,1.405599,74.147795,73.433242,1.810272,0.010333,1.058746,4,10,7,6,4,10,7,6,4,10,7,6,4,10,7,6,0.06159,0.11388,0.36826,0.38842,1,1,12:08:2023,22:45:52,932,-10.882212,-61.9686,175.0,lev20,Almucantar,1.8704106411405417,0.8360715010881593,0.9395580572345966,BCL,Biomass,,Unknown
28:08:2021,21:10:30,Ji_Parana_UNIR,240,240.882292,1.0301,0.4762,0.2844,0.2084,0.9919,0.4366,0.2441,0.1678,0.0382,0.0396,0.0403,0.0406,1.87497,78.316933,77.601237,4.10707,0.039432,1.027205,4,10,7,4,4,10,7,4,4,10,6,6,4,10,6,4,0.06626,0.12156,0.39598,0.41463,1,1,12:08:2023,22:48:56,932,-10.882212,-61.9686,175.0,lev20,Almucantar,Ji_Parana_UNIR,240,240.882292,1.027205,0.475396,0.284231,0.208414,1.871787,78.316933,77.601237,4.10707,0.039432,1.027205,4,10,7,4,4,10,7,4,4,10,6,6,4,10,6,4,0.06626,0.12156,0.39598,0.41463,1,1,12:08:2023,22:48:56,932,-10.882212,-61.9686,175.0,lev20,Almucantar,Ji_Parana_UNIR,240,240.882292,1.4456,1.4561,1.4561,1.4517,0.009935,0.009213,0.00909,0.009034,78.316933,77.601237,4.10707,0.039432,1.027205,4,10,7,4,4,10,7,4,4,10,6,6,4,10,6,4,0.06626,0.12156,0.39598,0.41463,1,1,12:08:2023,22:48:56,932,-10.882212,-61.9686,175.0,lev20,Almucantar,Ji_Parana_UNIR,240,240.882292,0.9315,0.9137,0.8929,0.8778,78.316933,77.601237,4.10707,0.039432,1.027205,4,10,7,4,4,10,7,4,4,10,6,6,4,10,6,4,0.06626,0.12156,0.39598,0.41463,1,1,12:08:2023,22:48:56,932,-10.882212,-61.9686,175.0,lev20,Almucantar,Ji_Parana_UNIR,240,240.882292,0.070571,0.041122,0.030464,0.025458,1.232729,78.316933,77.601237,4.10707,0.039432,1.027205,4,10,7,4,4,10,7,4,4,10,6,6,4,10,6,4,0.06626,0.12156,0.39598,0.41463,1,1,12:08:2023,22:48:56,932,-10.882212,-61.9686,175.0,lev20,Almucantar,1.8879192728041745,0.8092210174748459,0.9446137051751172,BCL,Biomass,,Unknown
30:08:2021,11:18:26,Ji_Parana_UNIR,242,242.471134,0.9345,0.4807,0.3151,0.2479,0.8427,0.3795,0.2084,0.1395,0.0918,0.1013,0.1066,0.1085,1.586921,73.988182,74.705094,2.628563,0.011668,0.931643,4,10,7,6,4,9,7,6,4,8,7,6,4,9,6,6,0.05775,0.10943,0.37131,0.39729,1,1,12:08:2023,22:42:45,932,-10.882212,-61.9686,175.0,lev20,Almucantar,Ji_Parana_UNIR,242,242.471134,0.931643,0.480136,0.314453,0.247639,1.585144,73.988182,74.705094,2.628563,0.011668,0.931643,4,10,7,6,4,9,7,6,4,8,7,6,4,9,6,6,0.05775,0.10943,0.37131,0.39729,1,1,12:08:2023,22:42:45,932,-10.882212,-61.9686,175.0,lev20,Almucantar,Ji_Parana_UNIR,242,242.471134,1.517,1.5065,1.5025,1.4973,0.011785,0.011102,0.01256,0.01317,73.988182,74.705094,2.628563,0.011668,0.931643,4,10,7,6,4,9,7,6,4,8,7,6,4,9,6,6,0.05775,0.10943,0.37131,0.39729,1,1,12:08:2023,22:42:45,932,-10.882212,-61.9686,175.0,lev20,Almucantar,Ji_Parana_UNIR,242,242.471134,0.9208,0.9019,0.8719,0.8544,73.988182,74.705094,2.628563,0.011668,0.931643,4,10,7,6,4,9,7,6,4,8,7,6,4,9,6,6,0.05775,0.10943,0.37131,0.39729,1,1,12:08:2023,22:42:45,932,-10.882212,-61.9686,175.0,lev20,Almucantar,Ji_Parana_UNIR,242,242.471134,0.073991,0.047181,0.040369,0.03609,0.903817,73.988182,74.705094,2.628563,0.011668,0.931643,4,10,7,6,4,9,7,6,4,8,7,6,4,9,6,6,0.05775,0.10943,0.37131,0.39729,1,1,12:08:2023,22:42:45,932,-10.882212,-61.9686,175.0,lev20,Almucantar,1.5946781589072934,0.7621615502127601,0.8545497725737131,BCL,Biomass,,Unknown
30:08:2021,11:48:26,Ji_Parana_UNIR,242,242.491968,0.879,0.4469,0.2901,0.2273,0.8021,0.3661,0.2052,0.1398,0.0769,0.0809,0.085,0.0875,1.617866,66.842406,67.554578,1.295119,0.007846,0.877259,4,10,7,6,4,10,7,6,4,10,7,6,4,10,7,6,0.05231,0.10013,0.33619,0.36185,1,1,12:08:2023,22:50:11,932,-10.882212,-61.9686,175.0,lev20,Almucantar,Ji_Parana_UNIR,242,242.491968,0.877259,0.446314,0.289597,0.22678,1.617378,66.842406,67.554578,1.295119,0.007846,0.877259,4,10,7,6,4,10,7,6,4,10,7,6,4,10,7,6,0.05231,0.10013,0.33619,0.36185,1,1,12:08:2023,22:50:11,932,-10.882212,-61.9686,175.0,lev20,Almucantar,Ji_Parana_UNIR,242,242.491968,1.4632,1.4864,1.4945,1.4964,0.01095,0.007833,0.008864,0.008983,66.842406,67.554578,1.295119,0.007846,0.877259,4,10,7,6,4,10,7,6,4,10,7,6,4,10,7,6,0.05231,0.10013,0.33619,0.36185,1,1,12:08:2023,22:50:11,932,-10.882212,-61.9686,175.0,lev20,Almucantar,Ji_Parana_UNIR,242,242.491968,0.9191,0.9194,0.8919,0.8801,66.842406,67.554578,1.295119,0.007846,0.877259,4,10,7,6,4,10,7,6,4,10,7,6,4,10,7,6,0.05231,0.10013,0.33619,0.36185,1,1,12:08:2023,22:50:11,932,-10.882212,-61.9686,175.0,lev20,Almucantar,Ji_Parana_UNIR,242,242.491968,0.071073,0.03602,0.031356,0.027255,1.238241,66.842406,67.554578,1.295119,0.007846,0.877259,4,10,7,6,4,10,7,6,4,10,7,6,4,10,7,6,0.05231,0.10013,0.33619,0.36185,1,1,12:08:2023,22:50:11,932,-10.882212,-61.9686,175.0,lev20,Almucantar,1.6261246121066981,0.7140206660900146,0.8746134635845277,BCL,Biomass,,Unknown
30:08:2021,12:33:04,Ji_Parana_UNIR,242,242.522963,0.8879,0.4473,0.2872,0.2224,0.8116,0.3671,0.2027,0.1349,0.0764,0.0802,0.0845,0.0875,1.646476,56.339253,57.038584,1.193543,0.010468,0.885442,4,10,8,4,4,10,8,4,4,10,8,4,4,10,8,4,0.04772,0.09202,0.3037,0.32922,1,1,12:08:2023,22:22:43,932,-10.882212,-61.9686,175.0,lev20,Almucantar,Ji_Parana_UNIR,242,242.522963,0.885442,0.446597,0.286776,0.221766,1.644488,56.339253,57.038584,1.193543,0.010468,0.885442,4,10,8,4,4,10,8,4,4,10,8,4,4,10,8,4,0.04772,0.09202,0.3037,0.32922,1,1,12:08:2023,22:22:43,932,-10.882212,-61.9686,175.0,lev20,Almucantar,Ji_Parana_UNIR,242,242.522963,1.4779,1.4939,1.4975,1.4926,0.011188,0.006938,0.007516,0.007871,56.339253,57.038584,1.193543,0.010468,0.885442,4,10,8,4,4,10,8,4,4,10,8,4,4,10,8,4,0.04772,0.09202,0.3037,0.32922,1,1,12:08:2023,22:22:43,932,-10.882212,-61.9686,175.0,lev20,Almucantar,Ji_Parana_UNIR,242,242.522963,0.9205,0.9287,0.9083,0.8948,56.339253,57.038584,1.193543,0.010468,0.885442,4,10,8,4,4,10,8,4,4,10,8,4,4,10,8,4,0.04772,0.09202,0.3037,0.32922,1,1,12:08:2023,22:22:43,932,-10.882212,-61.9686,175.0,lev20,Almucantar,Ji_Parana_UNIR,242,242.522963,0.07059,0.031912,0.02634,0.023399,1.485636,56.339253,57.038584,1.193543,0.010468,0.885442,4,10,8,4,4,10,8,4,4,10,8,4,4,10,8,4,0.04772,0.09202,0.3037,0.32922,1,1,12:08:2023,22:22:43,932,-10.882212,-61.9686,175.0,lev20,Almucantar,1.655639845677306,0.7185340541433516,0.8775739609633658,BCL,Biomass,,Unknown
30:08:2021,12:58:58,Ji_Parana_UNIR,242,242.540949,0.9058,0.458,0.2954,0.2299,0.8288,0.3773,0.2102,0.1415,0.077,0.0807,0.0852,0.0884,1.634842,50.355704,51.043214,1.022038,0.013343,0.903438,3,10,8,4,3,10,8,4,3,10,8,4,3,10,8,4,0.04616,0.08917,0.2914,0.31693,1,1,12:08:2023,22:29:52,932,-10.882212,-61.9686,175.0,lev20,Almucantar,Ji_Parana_UNIR,242,242.540949,0.903438,0.457434,0.294998,0.228919,1.632871,50.355704,51.043214,1.022038,0.013343,0.903438,3,10,8,4,3,10,8,4,3,10,8,4,3,10,8,4,0.04616,0.08917,0.2914,0.31693,1,1,12:08:2023,22:29:52,932,-10.882212,-61.9686,175.0,lev20,Almucantar,Ji_Parana_UNIR,242,242.540949,1.4924,1.501,1.5039,1.5021,0.012091,0.007399,0.007685,0.007233,50.355704,51.043214,1.022038,0.013343,0.903438,3,10,8,4,3,10,8,4,3,10,8,4,3,10,8,4,0.04616,0.08917,0.2914,0.31693,1,1,12:08:2023,22:29:52,932,-10.882212,-61.9686,175.0,lev20,Almucantar,Ji_Parana_UNIR,242,242.540949,0.918,0.9274,0.9099,0.9058,50.355704,51.043214,1.022038,0.013343,0.903438,3,10,8,4,3,10,8,4,3,10,8,4,3,10,8,4,0.04616,0.08917,0.2914,0.31693,1,1,12:08:2023,22:29:52,932,-10.882212,-61.9686,175.0,lev20,Almucantar,Ji_Parana_UNIR,242,242.540949,0.07424,0.033251,0.026608,0.02165,1.540712,50.355704,51.043214,1.022038,0.013343,0.903438,3,10,8,4,3,10,8,4,3,10,8,4,3,10,8,4,0.04616,0.08917,0.2914,0.31693,1,1,12:08:2023,22:29:52,932,-10.882212,-61.9686,175.0,lev20,Almucantar,1.6436229706434033,0.7341465479501891,0.8790546372381113,BCL,Biomass,,Unknown
31:08:2021,11:17:47,Ji_Parana_UNIR,243,243.470683,0.914,0.4463,0.2813,0.2156,0.8455,0.3744,0.206,0.1383,0.0685,0.0719,0.0754,0.0773,1.719262,73.982219,74.700179,1.207867,0.005226,0.911453,4,10,7,6,4,10,7,6,4,10,7,6,4,10,7,6,0.05749,0.10915,0.37102,0.39695,1,1,12:08:2023,22:26:41,932,-10.882212,-61.9686,175.0,lev20,Almucantar,Ji_Parana_UNIR,243,243.470683,0.911453,0.445832,0.280847,0.214899,1.717292,73.982219,74.700179,1.207867,0.005226,0.911453,4,10,7,6,4,10,7,6,4,10,7,6,4,10,7,6,0.05749,0.10915,0.37102,0.39695,1,1,12:08:2023,22:26:41,932,-10.882212,-61.9686,175.0,lev20,Almucantar,Ji_Parana_UNIR,243,243.470683,1.4928,1.499,1.5001,1.4976,0.011069,0.008396,0.008799,0.008675,73.982219,74.700179,1.207867,0.005226,0.911453,4,10,7,6,4,10,7,6,4,10,7,6,4,10,7,6,0.05749,0.10915,0.37102,0.39695,1,1,12:08:2023,22:26:41,932,-10.882212,-61.9686,175.0,lev20,Almucantar,Ji_Parana_UNIR,243,243.470683,0.924,0.9187,0.8957,0.8852,73.982219,74.700179,1.207867,0.005226,0.911453,4,10,7,6,4,10,7,6,4,10,7,6,4,10,7,6,0.05749,0.10915,0.37102,0.39695,1,1,12:08:2023,22:26:41,932,-10.882212,-61.9686,175.0,lev20,Almucantar,Ji_Parana_UNIR,243,243.470683,0.069447,0.036276,0.029335,0.024755,1.287852,73.982219,74.700179,1.207867,0.005226,0.911453,4,10,7,6,4,10,7,6,4,10,7,6,4,10,7,6,0.05749,0.10915,0.37102,0.39695,1,1,12:08:2023,22:26:41,932,-10.882212,-61.9686,175.0,lev20,Almucantar,1.7285857466724375,0.73279033747514,0.8908319520251843,BCL,Biomass,,Unknown
31:08:2021,11:47:49,Ji_Parana_UNIR,243,243.491539,0.9135,0.4463,0.2805,0.2139,0.8449,0.374,0.2046,0.1358,0.0687,0.0723,0.0759,0.078,1.722144,66.81686,67.530296,0.971549,0.008355,0.912076,4,10,7,6,4,10,7,6,4,10,7,6,4,10,7,6,0.05226,0.10007,0.33606,0.3617,1,1,12:08:2023,22:33:48,932,-10.882212,-61.9686,175.0,lev20,Almucantar,Ji_Parana_UNIR,243,243.491539,0.912076,0.445774,0.280111,0.213816,1.721825,66.81686,67.530296,0.971549,0.008355,0.912076,4,10,7,6,4,10,7,6,4,10,7,6,4,10,7,6,0.05226,0.10007,0.33606,0.3617,1,1,12:08:2023,22:33:48,932,-10.882212,-61.9686,175.0,lev20,Almucantar,Ji_Parana_UNIR,243,243.491539,1.477,1.4937,1.4978,1.4941,0.012217,0.007515,0.007808,0.007797,66.81686,67.530296,0.971549,0.008355,0.912076,4,10,7,6,4,10,7,6,4,10,7,6,4,10,7,6,0.05226,0.10007,0.33606,0.3617,1,1,12:08:2023,22:33:48,932,-10.882212,-61.9686,175.0,lev20,Almucantar,Ji_Parana_UNIR,243,243.491539,0.917,0.9249,0.9049,0.8938,66.81686,67.530296,0.971549,0.008355,0.912076,4,10,7,6,4,10,7,6,4,10,7,6,4,10,7,6,0.05226,0.10007,0.33606,0.3617,1,1,12:08:2023,22:33:48,932,-10.882212,-61.9686,175.0,lev20,Almucantar,Ji_Parana_UNIR,243,243.491539,0.075845,0.033506,0.026675,0.022718,1.568802,66.81686,67.530296,0.971549,0.008355,0.912076,4,10,7,6,4,10,7,6,4,10,7,6,4,10,7,6,0.05226,0.10007,0.33606,0.3617,1,1,12:08:2023,22:33:48,932,-10.882212,-61.9686,175.0,lev20,Almucantar,1.7319607393541474,0.7320735559501986,0.8910114980886,BCL,Biomass,,Unknown
31:08:2021,12:32:17,Ji_Parana_UNIR,243,243.522419,0.8947,0.4389,0.2777,0.2132,0.8224,0.3632,0.1986,0.1318,0.0723,0.0757,0.0791,0.0813,1.707045,56.330341,57.03147,1.065967,0.018085,0.893152,4,10,8,4,4,10,8,4,4,10,8,4,4,10,8,4,0.04774,0.09204,0.30372,0.32922,1,1,12:08:2023,22:40:32,932,-10.882212,-61.9686,175.0,lev20,Almucantar,Ji_Parana_UNIR,243,243.522419,0.893152,0.438359,0.277399,0.212681,1.706074,56.330341,57.03147,1.065967,0.018085,0.893152,4,10,8,4,4,10,8,4,4,10,8,4,4,10,8,4,0.04774,0.09204,0.30372,0.32922,1,1,12:08:2023,22:40:32,932,-10.882212,-61.9686,175.0,lev20,Almucantar,Ji_Parana_UNIR,243,243.522419,1.4796,1.4979,1.5039,1.5019,0.012244,0.007775,0.007831,0.007625,56.330341,57.03147,1.065967,0.018085,0.893152,4,10,8,4,4,10,8,4,4,10,8,4,4,10,8,4,0.04774,0.09204,0.30372,0.32922,1,1,12:08:2023,22:40:32,932,-10.882212,-61.9686,175.0,lev20,Almucantar,Ji_Parana_UNIR,243,243.522419,0.9155,0.9209,0.9025,0.8938,56.330341,57.03147,1.065967,0.018085,0.893152,4,10,8,4,4,10,8,4,4,10,8,4,4,10,8,4,0.04774,0.09204,0.30372,0.32922,1,1,12:08:2023,22:40:32,932,-10.882212,-61.9686,175.0,lev20,Almucantar,Ji_Parana_UNIR,243,243.522419,0.075628,0.034702,0.027065,0.022629,1.536769,56.330341,57.03147,1.065967,0.018085,0.893152,4,10,8,4,4,10,8,4,4,10,8,4,4,10,8,4,0.04774,0.09204,0.30372,0.32922,1,1,12:08:2023,22:40:32,932,-10.882212,-61.9686,175.0,lev20,Almucantar,1.7161733155780758,0.7184558423533207,0.883166341818238,BCL,Biomass,,Unknown
31:08:2021,12:58:10,Ji_Parana_UNIR,243,243.540394,0.9151,0.452,0.2893,0.224,0.8446,0.3769,0.2107,0.1435,0.0705,0.075,0.0786,0.0805,1.681284,50.333139,51.022882,2.228121,0.015013,0.912612,3,10,8,4,3,10,8,4,3,10,8,4,3,10,8,4,0.04616,0.08917,0.29138,0.31691,1,1,12:08:2023,22:46:52,932,-10.882212,-61.9686,175.0,lev20,Almucantar,Ji_Parana_UNIR,243,243.540394,0.912612,0.451293,0.288718,0.223708,1.680075,50.333139,51.022882,2.228121,0.015013,0.912612,3,10,8,4,3,10,8,4,3,10,8,4,3,10,8,4,0.04616,0.08917,0.29138,0.31691,1,1,12:08:2023,22:46:52,932,-10.882212,-61.9686,175.0,lev20,Almucantar,Ji_Parana_UNIR,243,243.540394,1.4208,1.4541,1.4681,1.4729,0.010473,0.007528,0.007649,0.007778,50.333139,51.022882,2.228121,0.015013,0.912612,3,10,8,4,3,10,8,4,3,10,8,4,3,10,8,4,0.04616,0.08917,0.29138,0.31691,1,1,12:08:2023,22:46:52,932,-10.882212,-61.9686,175.0,lev20,Almucantar,Ji_Parana_UNIR,243,243.540394,0.9163,0.9172,0.8991,0.8874,50.333139,51.022882,2.228121,0.015013,0.912612,3,10,8,4,3,10,8,4,3,10,8,4,3,10,8,4,0.04616,0.08917,0.29138,0.31691,1,1,12:08:2023,22:46:52,932,-10.882212,-61.9686,175.0,lev20,Almucantar,Ji_Parana_UNIR,243,243.540394,0.07661,0.037418,0.029187,0.025227,1.439517,50.333139,51.022882,2.228121,0.015013,0.912612,3,10,8,4,3,10,8,4,3,10,8,4,3,10,8,4,0.04616,0.08917,0.29138,0.31691,1,1,12:08:2023,22:46:52,932,-10.882212,-61.9686,175.0,lev20,Almucantar,1.6892150685699112,0.7373740481803732,0.8865085796544401,BCL,Biomass,,Unknown
31:08:2021,19:20:16,Ji_Parana_UNIR,243,243.805741,0.6678,0.3352,0.2186,0.173,0.6062,0.2692,0.1494,0.1022,0.0616,0.0659,0.0691,0.0708,1.63172,52.211478,51.519097,2.470598,0.039195,0.666435,3,10,8,4,3,10,8,4,3,9,8,4,3,10,8,4,0.04674,0.09001,0.29411,0.31779,1,1,12:08:2023,22:40:26,932,-10.882212,-61.9686,175.0,lev20,Almucantar,Ji_Parana_UNIR,243,243.805741,0.666435,0.333287,0.218412,0.171979,1.631067,52.211478,51.519097,2.470598,0.039195,0.666435,3,10,8,4,3,10,8,4,3,9,8,4,3,10,8,4,0.04674,0.09001,0.29411,0.31779,1,1,12:08:2023,22:40:26,932,-10.882212,-61.9686,175.0,lev20,Almucantar,Ji_Parana_UNIR,243,243.805741,1.3867,1.4343,1.4522,1.4608,0.008233,0.006041,0.006097,0.006023,52.211478,51.519097,2.470598,0.039195,0.666435,3,10,8,4,3,10,8,4,3,9,8,4,3,10,8,4,0.04674,0.09001,0.29411,0.31779,1,1,12:08:2023,22:40:26,932,-10.882212,-61.9686,175.0,lev20,Almucantar,Ji_Parana_UNIR,243,243.805741,0.9171,0.9159,0.9,0.8932,52.211478,51.519097,2.470598,0.039195,0.666435,3,10,8,4,3,10,8,4,3,9,8,4,3,10,8,4,0.04674,0.09001,0.29411,0.31779,1,1,12:08:2023,22:40:26,932,-10.882212,-61.9686,175.0,lev20,Almucantar,Ji_Parana_UNIR,243,243.805741,0.055346,0.028189,0.021852,0.018481,1.382517,52.211478,51.519097,2.470598,0.039195,0.666435,3,10,8,4,3,10,8,4,3,9,8,4,3,10,8,4,0.04674,0.09001,0.29411,0.31779,1,1,12:08:2023,22:40:26,932,-10.882212,-61.9686,175.0,lev20,Almucantar,1.6381324208907944,0.5416287139935076,0.8635541003353715,BCL,Arid,,Unknown
01:09:2021,19:19:52,Ji_Parana_UNIR,244,244.805463,0.7288,0.351,0.2176,0.1651,0.6804,0.3001,0.164,0.1097,0.0484,0.0509,0.0536,0.0553,1.762375,52.064551,51.370344,2.065423,0.032931,0.727098,3,10,8,4,3,10,8,4,3,10,8,4,3,10,8,4,0.04671,0.08995,0.29383,0.31753,1,1,12:08:2023,22:25:46,932,-10.882212,-61.9686,175.0,lev20,Almucantar,Ji_Parana_UNIR,244,244.805463,0.727098,0.349393,0.217357,0.164256,1.761323,52.064551,51.370344,2.065423,0.032931,0.727098,3,10,8,4,3,10,8,4,3,10,8,4,3,10,8,4,0.04671,0.08995,0.29383,0.31753,1,1,12:08:2023,22:25:46,932,-10.882212,-61.9686,175.0,lev20,Almucantar,Ji_Parana_UNIR,244,244.805463,1.4876,1.505,1.5105,1.5093,0.00945,0.00713,0.007107,0.007154,52.064551,51.370344,2.065423,0.032931,0.727098,3,10,8,4,3,10,8,4,3,10,8,4,3,10,8,4,0.04671,0.08995,0.29383,0.31753,1,1,12:08:2023,22:25:46,932,-10.882212,-61.9686,175.0,lev20,Almucantar,Ji_Parana_UNIR,244,244.805463,0.9344,0.9325,0.9173,0.9072,52.064551,51.370344,2.065423,0.032931,0.727098,3,10,8,4,3,10,8,4,3,10,8,4,3,10,8,4,0.04671,0.08995,0.29383,0.31753,1,1,12:08:2023,22:25:46,932,-10.882212,-61.9686,175.0,lev20,Almucantar,Ji_Parana_UNIR,244,244.805463,0.047832,0.023698,0.017997,0.015315,1.452398,52.064551,51.370344,2.065423,0.032931,0.727098,3,10,8,4,3,10,8,4,3,10,8,4,3,10,8,4,0.04671,0.08995,0.29383,0.31753,1,1,12:08:2023,22:25:46,932,-10.882212,-61.9686,175.0,lev20,Almucantar,1.773079149278873,0.5809941339559324,0.9032404381841264,BCL,Arid,,Unknown
01:09:2021,19:42:12,Ji_Parana_UNIR,244,244.820972,0.7402,0.3573,0.2218,0.1682,0.6893,0.304,0.166,0.1108,0.0509,0.0533,0.0558,0.0574,1.757108,57.272604,56.569304,2.092064,0.026004,0.738279,4,10,7,5,4,10,7,5,4,10,6,5,4,10,8,4,0.04824,0.09265,0.30501,0.32814,1,1,12:08:2023,22:31:32,932,-10.882212,-61.9686,175.0,lev20,Almucantar,Ji_Parana_UNIR,244,244.820972,0.738279,0.355696,0.221586,0.167691,1.755432,57.272604,56.569304,2.092064,0.026004,0.738279,4,10,7,5,4,10,7,5,4,10,6,5,4,10,8,4,0.04824,0.09265,0.30501,0.32814,1,1,12:08:2023,22:31:32,932,-10.882212,-61.9686,175.0,lev20,Almucantar,Ji_Parana_UNIR,244,244.820972,1.4925,1.51,1.5164,1.5155,0.009442,0.007343,0.007574,0.007724,57.272604,56.569304,2.092064,0.026004,0.738279,4,10,7,5,4,10,7,5,4,10,6,5,4,10,8,4,0.04824,0.09265,0.30501,0.32814,1,1,12:08:2023,22:31:32,932,-10.882212,-61.9686,175.0,lev20,Almucantar,Ji_Parana_UNIR,244,244.820972,0.9342,0.9301,0.9117,0.8995,57.272604,56.569304,2.092064,0.026004,0.738279,4,10,7,5,4,10,7,5,4,10,6,5,4,10,8,4,0.04824,0.09265,0.30501,0.32814,1,1,12:08:2023,22:31:32,932,-10.882212,-61.9686,175.0,lev20,Almucantar,Ji_Parana_UNIR,244,244.820972,0.048718,0.024962,0.01959,0.016913,1.357098,57.272604,56.569304,2.092064,0.026004,0.738279,4,10,7,5,4,10,7,5,4,10,6,5,4,10,8,4,0.04824,0.09265,0.30501,0.32814,1,1,12:08:2023,22:31:32,932,-10.882212,-61.9686,175.0,lev20,Almucantar,1.7678035318375132,0.5904802177976358,0.8999808999316484,BCL,Arid,,Unknown
01:09:2021,20:08:00,Ji_Parana_UNIR,244,244.838889,0.7461,0.3605,0.2243,0.1702,0.6961,0.3074,0.1685,0.1129,0.05,0.0531,0.0558,0.0574,1.752585,63.359405,62.648487,1.585525,0.005823,0.744541,3,10,8,5,3,10,8,5,3,10,8,5,3,10,8,5,0.05074,0.09697,0.32213,0.34445,1,1,12:08:2023,22:38:00,932,-10.882212,-61.9686,175.0,lev20,Almucantar,Ji_Parana_UNIR,244,244.838889,0.744541,0.359282,0.224053,0.169805,1.751604,63.359405,62.648487,1.585525,0.005823,0.744541,3,10,8,5,3,10,8,5,3,10,8,5,3,10,8,5,0.05074,0.09697,0.32213,0.34445,1,1,12:08:2023,22:38:00,932,-10.882212,-61.9686,175.0,lev20,Almucantar,Ji_Parana_UNIR,244,244.838889,1.4253,1.4594,1.4706,1.4723,0.008543,0.006505,0.006945,0.007145,63.359405,62.648487,1.585525,0.005823,0.744541,3,10,8,5,3,10,8,5,3,10,8,5,3,10,8,5,0.05074,0.09697,0.32213,0.34445,1,1,12:08:2023,22:38:00,932,-10.882212,-61.9686,175.0,lev20,Almucantar,Ji_Parana_UNIR,244,244.838889,0.9318,0.9282,0.9078,0.8948,63.359405,62.648487,1.585525,0.005823,0.744541,3,10,8,5,3,10,8,5,3,10,8,5,3,10,8,5,0.05074,0.09697,0.32213,0.34445,1,1,12:08:2023,22:38:00,932,-10.882212,-61.9686,175.0,lev20,Almucantar,Ji_Parana_UNIR,244,244.838889,0.050899,0.025888,0.020687,0.017901,1.344884,63.359405,62.648487,1.585525,0.005823,0.744541,3,10,8,5,3,10,8,5,3,10,8,5,3,10,8,5,0.05074,0.09697,0.32213,0.34445,1,1,12:08:2023,22:38:00,932,-10.882212,-61.9686,175.0,lev20,Almucantar,1.7630080815780893,0.595551800995507,0.9014475706125713,BCL,Arid,,Unknown
03:09:2021,12:31:03,Ji_Parana_UNIR,246,246.521562,0.6648,0.314,0.1937,0.1452,0.6334,0.28,0.1574,0.1077,0.0314,0.0341,0.0364,0.0375,1.799151,56.041138,56.747075,1.501954,0.052048,0.664441,4,10,8,4,4,10,8,4,4,10,8,4,4,10,8,4,0.04764,0.09187,0.30302,0.32855,1,1,12:08:2023,22:23:18,932,-10.882212,-61.9686,175.0,lev20,Almucantar,Ji_Parana_UNIR,246,246.521562,0.664441,0.31351,0.193733,0.146278,1.798466,56.041138,56.747075,1.501954,0.052048,0.664441,4,10,8,4,4,10,8,4,4,10,8,4,4,10,8,4,0.04764,0.09187,0.30302,0.32855,1,1,12:08:2023,22:23:18,932,-10.882212,-61.9686,175.0,lev20,Almucantar,Ji_Parana_UNIR,246,246.521562,1.4389,1.4491,1.4539,1.4541,0.007499,0.007368,0.008819,0.009342,56.041138,56.747075,1.501954,0.052048,0.664441,4,10,8,4,4,10,8,4,4,10,8,4,4,10,8,4,0.04764,0.09187,0.30302,0.32855,1,1,12:08:2023,22:23:18,932,-10.882212,-61.9686,175.0,lev20,Almucantar,Ji_Parana_UNIR,246,246.521562,0.9481,0.9331,0.9039,0.886,56.041138,56.747075,1.501954,0.052048,0.664441,4,10,8,4,4,10,8,4,4,10,8,4,4,10,8,4,0.04764,0.09187,0.30302,0.32855,1,1,12:08:2023,22:23:18,932,-10.882212,-61.9686,175.0,lev20,Almucantar,Ji_Parana_UNIR,246,246.521562,0.034472,0.021019,0.018611,0.016553,0.928517,56.041138,56.747075,1.501954,0.052048,0.664441,4,10,8,4,4,10,8,4,4,10,8,4,4,10,8,4,0.04764,0.09187,0.30302,0.32855,1,1,12:08:2023,22:23:18,932,-10.882212,-61.9686,175.0,lev20,Almucantar,1.8089221588369575,0.5275510432786726,0.9289264617337917,BCL,Arid,,Unknown
03:09:2021,12:56:03,Ji_Parana_UNIR,246,246.538924,0.6932,0.3306,0.2025,0.149,0.665,0.3011,0.1712,0.1165,0.0282,0.0296,0.0312,0.0325,1.793385,50.202079,50.898143,3.469753,0.09071,0.693113,3,10,8,4,3,10,7,4,3,10,6,4,3,10,4,4,0.04613,0.08911,0.29113,0.31668,1,1,12:08:2023,22:28:15,932,-10.882212,-61.9686,175.0,lev20,Almucantar,Ji_Parana_UNIR,246,246.538924,0.693113,0.329337,0.201807,0.150124,1.798618,50.202079,50.898143,3.469753,0.09071,0.693113,3,10,8,4,3,10,7,4,3,10,6,4,3,10,4,4,0.04613,0.08911,0.29113,0.31668,1,1,12:08:2023,22:28:15,932,-10.882212,-61.9686,175.0,lev20,Almucantar,Ji_Parana_UNIR,246,246.538924,1.3682,1.3999,1.4139,1.4159,0.002346,0.002277,0.002311,0.002325,50.202079,50.898143,3.469753,0.09071,0.693113,3,10,8,4,3,10,7,4,3,10,6,4,3,10,4,4,0.04613,0.08911,0.29113,0.31668,1,1,12:08:2023,22:28:15,932,-10.882212,-61.9686,175.0,lev20,Almucantar,Ji_Parana_UNIR,246,246.538924,0.9785,0.9731,0.9671,0.9629,50.202079,50.898143,3.469753,0.09071,0.693113,3,10,8,4,3,10,7,4,3,10,6,4,3,10,4,4,0.04613,0.08911,0.29113,0.31668,1,1,12:08:2023,22:28:15,932,-10.882212,-61.9686,175.0,lev20,Almucantar,Ji_Parana_UNIR,246,246.538924,0.014912,0.008909,0.006652,0.005531,1.183555,50.202079,50.898143,3.469753,0.09071,0.693113,3,10,8,4,3,10,7,4,3,10,6,4,3,10,4,4,0.04613,0.08911,0.29113,0.31668,1,1,12:08:2023,22:28:15,932,-10.882212,-61.9686,175.0,lev20,Almucantar,1.8051126657814254,0.5503557678908552,0.9413301455883004,FNA,Arid,,Unknown
04:09:2021,12:30:45,Ji_Parana_UNIR,247,247.521354,0.4643,0.2153,0.1316,0.0993,0.4335,0.1811,0.0956,0.0627,0.0308,0.0342,0.036,0.0366,1.839797,55.918172,56.625619,0.736096,0.028872,0.463392,4,10,8,4,4,10,8,4,4,10,8,4,4,10,8,4,0.0476,0.0918,0.30274,0.32827,1,1,12:08:2023,22:34:19,932,-10.882212,-61.9686,175.0,lev20,Almucantar,Ji_Parana_UNIR,247,247.521354,0.463392,0.213953,0.131757,0.099092,1.836726,55.918172,56.625619,0.736096,0.028872,0.463392,4,10,8,4,4,10,8,4,4,10,8,4,4,10,8,4,0.0476,0.0918,0.30274,0.32827,1,1,12:08:2023,22:34:19,932,-10.882212,-61.9686,175.0,lev20,Almucantar,Ji_Parana_UNIR,247,247.521354,1.4968,1.5039,1.5044,1.5017,0.011784,0.009014,0.009883,0.01016,55.918172,56.625619,0.736096,0.028872,0.463392,4,10,8,4,4,10,8,4,4,10,8,4,4,10,8,4,0.0476,0.0918,0.30274,0.32827,1,1,12:08:2023,22:34:19,932,-10.882212,-61.9686,175.0,lev20,Almucantar,Ji_Parana_UNIR,247,247.521354,0.9267,0.92,0.8924,0.8776,55.918172,56.625619,0.736096,0.028872,0.463392,4,10,8,4,4,10,8,4,4,10,8,4,4,10,8,4,0.0476,0.0918,0.30274,0.32827,1,1,12:08:2023,22:34:19,932,-10.882212,-61.9686,175.0,lev20,Almucantar,Ji_Parana_UNIR,247,247.521354,0.034037,0.017222,0.014167,0.012159,1.314954,55.918172,56.625619,0.736096,0.028872,0.463392,4,10,8,4,4,10,8,4,4,10,8,4,4,10,8,4,0.0476,0.0918,0.30274,0.32827,1,1,12:08:2023,22:34:19,932,-10.882212,-61.9686,175.0,lev20,Almucantar,1.8493907739971314,0.3665434386220028,0.8966049692454667,BCL,Urban,,Unknown
04:09:2021,12:55:46,Ji_Parana_UNIR,247,247.538727,0.5025,0.2316,0.1405,0.1052,0.4764,0.2036,0.1106,0.0743,0.0261,0.028,0.0299,0.0309,1.859137,50.061152,50.759054,0.993625,0.025141,0.501747,3,10,8,4,3,10,8,4,3,10,8,4,3,10,8,4,0.04609,0.08905,0.29088,0.31643,1,1,12:08:2023,22:39:06,932,-10.882212,-61.9686,175.0,lev20,Almucantar,Ji_Parana_UNIR,247,247.538727,0.501747,0.230347,0.140525,0.105009,1.857893,50.061152,50.759054,0.993625,0.025141,0.501747,3,10,8,4,3,10,8,4,3,10,8,4,3,10,8,4,0.04609,0.08905,0.29088,0.31643,1,1,12:08:2023,22:39:06,932,-10.882212,-61.9686,175.0,lev20,Almucantar,Ji_Parana_UNIR,247,247.538727,1.4528,1.4627,1.46,1.4545,0.013869,0.012397,0.014026,0.014809,50.061152,50.759054,0.993625,0.025141,0.501747,3,10,8,4,3,10,8,4,3,10,8,4,3,10,8,4,0.04609,0.08905,0.29088,0.31643,1,1,12:08:2023,22:39:06,932,-10.882212,-61.9686,175.0,lev20,Almucantar,Ji_Parana_UNIR,247,247.538727,0.9103,0.8906,0.8488,0.8209,50.061152,50.759054,0.993625,0.025141,0.501747,3,10,8,4,3,10,8,4,3,10,8,4,3,10,8,4,0.04609,0.08905,0.29088,0.31643,1,1,12:08:2023,22:39:06,932,-10.882212,-61.9686,175.0,lev20,Almucantar,Ji_Parana_UNIR,247,247.538727,0.045092,0.025332,0.021239,0.018839,1.127356,50.061152,50.759054,0.993625,0.025141,0.501747,3,10,8,4,3,10,8,4,3,10,8,4,3,10,8,4,0.04609,0.08905,0.29088,0.31643,1,1,12:08:2023,22:39:06,932,-10.882212,-61.9686,175.0,lev20,Almucantar,1.8693759663159821,0.3956883899952399,0.9214720557982822,BCL,Urban,,Unknown
06:09:2021,11:45:01,Ji_Parana_UNIR,249,249.489595,0.4439,0.2043,0.1303,0.1005,0.4171,0.1753,0.1001,0.0698,0.0268,0.029,0.0302,0.0307,1.795754,66.436861,67.157131,4.277245,0.105493,0.441491,4,10,7,6,4,10,7,6,4,10,5,5,4,10,5,4,0.05133,0.09764,0.33895,0.36412,1,1,12:08:2023,22:29:24,932,-10.882212,-61.9686,175.0,lev20,Almucantar,Ji_Parana_UNIR,249,249.489595,0.441491,0.204642,0.129524,0.100715,1.794718,66.436861,67.157131,4.277245,0.105493,0.441491,4,10,7,6,4,10,7,6,4,10,5,5,4,10,5,4,0.05133,0.09764,0.33895,0.36412,1,1,12:08:2023,22:29:24,932,-10.882212,-61.9686,175.0,lev20,Almucantar,Ji_Parana_UNIR,249,249.489595,1.33,1.3712,1.4036,1.4235,0.002568,0.002431,0.002422,0.002422,66.436861,67.157131,4.277245,0.105493,0.441491,4,10,7,6,4,10,7,6,4,10,5,5,4,10,5,4,0.05133,0.09764,0.33895,0.36412,1,1,12:08:2023,22:29:24,932,-10.882212,-61.9686,175.0,lev20,Almucantar,Ji_Parana_UNIR,249,249.489595,0.967,0.9574,0.9498,0.9454,66.436861,67.157131,4.277245,0.105493,0.441491,4,10,7,6,4,10,7,6,4,10,5,5,4,10,5,4,0.05133,0.09764,0.33895,0.36412,1,1,12:08:2023,22:29:24,932,-10.882212,-61.9686,175.0,lev20,Almucantar,Ji_Parana_UNIR,249,249.489595,0.014638,0.008701,0.00654,0.00549,1.182797,66.436861,67.157131,4.277245,0.105493,0.441491,4,10,7,6,4,10,7,6,4,10,5,5,4,10,5,4,0.05133,0.09764,0.33895,0.36412,1,1,12:08:2023,22:29:24,932,-10.882212,-61.9686,175.0,lev20,Almucantar,1.7980439949245233,0.3527463649697561,0.9048962830137991,FNA,Urban,,Unknown
07:09:2021,11:44:38,Ji_Parana_UNIR,250,250.489329,0.3639,0.1729,0.1119,0.089,0.3281,0.1326,0.0696,0.046,0.0359,0.0403,0.0423,0.043,1.727062,66.352297,67.073592,2.973952,0.01471,0.363205,3,10,7,6,4,6,7,5,4,6,7,5,4,6,6,5,0.05126,0.09753,0.33859,0.36376,1,1,12:08:2023,12:51:54,932,-10.882212,-61.9686,175.0,lev20,Almucantar,Ji_Parana_UNIR,250,250.489329,0.363205,0.171817,0.111894,0.088467,1.725693,66.352297,67.073592,2.973952,0.01471,0.363205,3,10,7,6,4,6,7,5,4,6,7,5,4,6,6,5,0.05126,0.09753,0.33859,0.36376,1,1,12:08:2023,12:51:54,932,-10.882212,-61.9686,175.0,lev20,Almucantar,Ji_Parana_UNIR,250,250.489329,1.4754,1.4846,1.4878,1.4841,0.010224,0.009004,0.009193,0.009292,66.352297,67.073592,2.973952,0.01471,0.363205,3,10,7,6,4,6,7,5,4,6,7,5,4,6,6,5,0.05126,0.09753,0.33859,0.36376,1,1,12:08:2023,12:51:54,932,-10.882212,-61.9686,175.0,lev20,Almucantar,Ji_Parana_UNIR,250,250.489329,0.9327,0.9209,0.9007,0.8859,66.352297,67.073592,2.973952,0.01471,0.363205,3,10,7,6,4,6,7,5,4,6,7,5,4,6,6,5,0.05126,0.09753,0.33859,0.36376,1,1,12:08:2023,12:51:54,932,-10.882212,-61.9686,175.0,lev20,Almucantar,Ji_Parana_UNIR,250,250.489329,0.055346,0.031912,0.023381,0.019242,1.305471,66.352297,67.073592,2.973952,0.01471,0.363205,3,10,7,6,4,6,7,5,4,6,7,5,4,6,6,5,0.05126,0.09753,0.33859,0.36376,1,1,12:08:2023,12:51:54,932,-10.882212,-61.9686,175.0,lev20,Almucantar,1.729854061029837,0.29170587807760817,0.8432737192976196,BCL,Urban,,Unknown
07:09:2021,12:26:46,Ji_Parana_UNIR,250,250.518588,0.3885,0.182,0.1163,0.0916,0.3523,0.1416,0.0739,0.0487,0.0361,0.0404,0.0424,0.043,1.765691,56.280774,56.993443,1.067132,0.043623,0.38777,4,10,8,4,4,10,8,4,4,10,8,3,4,10,8,3,0.04697,0.09007,0.30738,0.33265,1,1,12:08:2023,12:56:30,932,-10.882212,-61.9686,175.0,lev20,Almucantar,Ji_Parana_UNIR,250,250.518588,0.38777,0.180597,0.116888,0.091726,1.758046,56.280774,56.993443,1.067132,0.043623,0.38777,4,10,8,4,4,10,8,4,4,10,8,3,4,10,8,3,0.04697,0.09007,0.30738,0.33265,1,1,12:08:2023,12:56:30,932,-10.882212,-61.9686,175.0,lev20,Almucantar,Ji_Parana_UNIR,250,250.518588,1.4754,1.4846,1.4878,1.4841,0.010224,0.009004,0.009193,0.009292,56.280774,56.993443,1.067132,0.043623,0.38777,4,10,8,4,4,10,8,4,4,10,8,3,4,10,8,3,0.04697,0.09007,0.30738,0.33265,1,1,12:08:2023,12:56:30,932,-10.882212,-61.9686,175.0,lev20,Almucantar,Ji_Parana_UNIR,250,250.518588,0.9327,0.9209,0.9007,0.8859,56.280774,56.993443,1.067132,0.043623,0.38777,4,10,8,4,4,10,8,4,4,10,8,3,4,10,8,3,0.04697,0.09007,0.30738,0.33265,1,1,12:08:2023,12:56:30,932,-10.882212,-61.9686,175.0,lev20,Almucantar,Ji_Parana_UNIR,250,250.518588,0.055346,0.031912,0.023381,0.019242,1.305471,56.280774,56.993443,1.067132,0.043623,0.38777,4,10,8,4,4,10,8,4,4,10,8,3,4,10,8,3,0.04697,0.09007,0.30738,0.33265,1,1,12:08:2023,12:56:30,932,-10.882212,-61.9686,175.0,lev20,Almucantar,1.7692348634929427,0.3098616514486413,0.8513812767561014,BCL,Urban,,Unknown
07:09:2021,12:52:18,Ji_Parana_UNIR,250,250.536319,0.3541,0.1664,0.1081,0.0863,0.3195,0.1275,0.0672,0.0448,0.0345,0.0389,0.0409,0.0415,1.739251,50.252904,50.957195,1.046324,0.042246,0.353505,3,10,8,4,3,10,8,4,3,10,8,4,3,10,8,4,0.0454,0.08726,0.2948,0.32015,1,1,12:08:2023,12:38:50,932,-10.882212,-61.9686,175.0,lev20,Almucantar,Ji_Parana_UNIR,250,250.536319,0.353505,0.165349,0.108542,0.085968,1.732838,50.252904,50.957195,1.046324,0.042246,0.353505,3,10,8,4,3,10,8,4,3,10,8,4,3,10,8,4,0.0454,0.08726,0.2948,0.32015,1,1,12:08:2023,12:38:50,932,-10.882212,-61.9686,175.0,lev20,Almucantar,Ji_Parana_UNIR,250,250.536319,1.4754,1.4846,1.4878,1.4841,0.010224,0.009004,0.009193,0.009292,50.252904,50.957195,1.046324,0.042246,0.353505,3,10,8,4,3,10,8,4,3,10,8,4,3,10,8,4,0.0454,0.08726,0.2948,0.32015,1,1,12:08:2023,12:38:50,932,-10.882212,-61.9686,175.0,lev20,Almucantar,Ji_Parana_UNIR,250,250.536319,0.9327,0.9209,0.9007,0.8859,50.252904,50.957195,1.046324,0.042246,0.353505,3,10,8,4,3,10,8,4,3,10,8,4,3,10,8,4,0.0454,0.08726,0.2948,0.32015,1,1,12:08:2023,12:38:50,932,-10.882212,-61.9686,175.0,lev20,Almucantar,Ji_Parana_UNIR,250,250.536319,0.055346,0.031912,0.023381,0.019242,1.305471,50.252904,50.957195,1.046324,0.042246,0.353505,3,10,8,4,3,10,8,4,3,10,8,4,3,10,8,4,0.0454,0.08726,0.2948,0.32015,1,1,12:08:2023,12:38:50,932,-10.882212,-61.9686,175.0,lev20,Almucantar,1.7404876954915234,0.2834645153249955,0.8425409751013746,BCL,Urban,,Unknown
08:09:2021,11:42:06,Ji_Parana_UNIR,251,251.487569,0.5571,0.2509,0.1544,0.1176,0.5174,0.2061,0.1065,0.0687,0.0397,0.0448,0.0479,0.049,1.87632,66.785221,67.507799,1.622124,0.025944,0.556014,4,10,7,6,4,10,7,6,4,10,7,6,4,10,7,6,0.05149,0.09794,0.3403,0.36547,1,1,12:08:2023,12:40:53,932,-10.882212,-61.9686,175.0,lev20,Almucantar,Ji_Parana_UNIR,251,251.487569,0.556014,0.24987,0.154375,0.117613,1.874502,66.785221,67.507799,1.622124,0.025944,0.556014,4,10,7,6,4,10,7,6,4,10,7,6,4,10,7,6,0.05149,0.09794,0.3403,0.36547,1,1,12:08:2023,12:40:53,932,-10.882212,-61.9686,175.0,lev20,Almucantar,Ji_Parana_UNIR,251,251.487569,1.5234,1.5112,1.5045,1.4965,0.010443,0.008136,0.008354,0.008483,66.785221,67.507799,1.622124,0.025944,0.556014,4,10,7,6,4,10,7,6,4,10,7,6,4,10,7,6,0.05149,0.09794,0.3403,0.36547,1,1,12:08:2023,12:40:53,932,-10.882212,-61.9686,175.0,lev20,Almucantar,Ji_Parana_UNIR,251,251.487569,0.935,0.9298,0.9127,0.9026,66.785221,67.507799,1.622124,0.025944,0.556014,4,10,7,6,4,10,7,6,4,10,7,6,4,10,7,6,0.05149,0.09794,0.3403,0.36547,1,1,12:08:2023,12:40:53,932,-10.882212,-61.9686,175.0,lev20,Almucantar,Ji_Parana_UNIR,251,251.487569,0.036229,0.017617,0.013478,0.011454,1.471782,66.785221,67.507799,1.622124,0.025944,0.556014,4,10,7,6,4,10,7,6,4,10,7,6,4,10,7,6,0.05149,0.09794,0.3403,0.36547,1,1,12:08:2023,12:40:53,932,-10.882212,-61.9686,175.0,lev20,Almucantar,1.8822991427794624,0.437958480022989,0.8855841739523194,BCL,Unclassified,,Unknown
08:09:2021,12:25:59,Ji_Parana_UNIR,251,251.518044,0.5338,0.2402,0.1479,0.1127,0.495,0.1961,0.1017,0.0663,0.0388,0.0442,0.0462,0.0465,1.876905,56.274586,56.98874,1.334019,0.031206,0.532975,4,10,8,4,4,10,8,4,4,10,8,4,4,10,8,4,0.04698,0.09008,0.30739,0.33264,1,1,12:08:2023,12:46:09,932,-10.882212,-61.9686,175.0,lev20,Almucantar,Ji_Parana_UNIR,251,251.518044,0.532975,0.238814,0.147971,0.112256,1.87528,56.274586,56.98874,1.334019,0.031206,0.532975,4,10,8,4,4,10,8,4,4,10,8,4,4,10,8,4,0.04698,0.09008,0.30739,0.33264,1,1,12:08:2023,12:46:09,932,-10.882212,-61.9686,175.0,lev20,Almucantar,Ji_Parana_UNIR,251,251.518044,1.4331,1.4514,1.456,1.4553,0.009661,0.006934,0.007008,0.007047,56.274586,56.98874,1.334019,0.031206,0.532975,4,10,8,4,4,10,8,4,4,10,8,4,4,10,8,4,0.04698,0.09008,0.30739,0.33264,1,1,12:08:2023,12:46:09,932,-10.882212,-61.9686,175.0,lev20,Almucantar,Ji_Parana_UNIR,251,251.518044,0.9259,0.9271,0.9111,0.9021,56.274586,56.98874,1.334019,0.031206,0.532975,4,10,8,4,4,10,8,4,4,10,8,4,4,10,8,4,0.04698,0.09008,0.30739,0.33264,1,1,12:08:2023,12:46:09,932,-10.882212,-61.9686,175.0,lev20,Almucantar,Ji_Parana_UNIR,251,251.518044,0.039576,0.017523,0.013152,0.011036,1.642539,56.274586,56.98874,1.334019,0.031206,0.532975,4,10,8,4,4,10,8,4,4,10,8,4,4,10,8,4,0.04698,0.09008,0.30739,0.33264,1,1,12:08:2023,12:46:09,932,-10.882212,-61.9686,175.0,lev20,Almucantar,1.8827197677500271,0.4196188593158058,0.8808378670113034,BCL,Unclassified,,Unknown
11:09:2021,12:23:36,Ji_Parana_UNIR,254,254.516389,0.3806,0.1788,0.1141,0.0899,0.3479,0.1418,0.0751,0.0505,0.0327,0.037,0.039,0.0394,1.763111,56.269412,56.987767,0.9137,0.037048,0.380196,4,10,8,4,4,10,8,4,4,10,8,4,4,10,8,3,0.04696,0.09006,0.30737,0.33263,1,1,12:08:2023,12:43:39,932,-10.882212,-61.9686,175.0,lev20,Almucantar,Ji_Parana_UNIR,254,254.516389,0.380196,0.178703,0.113624,0.090982,1.767074,56.269412,56.987767,0.9137,0.037048,0.380196,4,10,8,4,4,10,8,4,4,10,8,4,4,10,8,3,0.04696,0.09006,0.30737,0.33263,1,1,12:08:2023,12:43:39,932,-10.882212,-61.9686,175.0,lev20,Almucantar,Ji_Parana_UNIR,254,254.516389,1.4754,1.4846,1.4878,1.4841,0.010224,0.009004,0.009193,0.009292,56.269412,56.987767,0.9137,0.037048,0.380196,4,10,8,4,4,10,8,4,4,10,8,4,4,10,8,3,0.04696,0.09006,0.30737,0.33263,1,1,12:08:2023,12:43:39,932,-10.882212,-61.9686,175.0,lev20,Almucantar,Ji_Parana_UNIR,254,254.516389,0.9327,0.9209,0.9007,0.8859,56.269412,56.987767,0.9137,0.037048,0.380196,4,10,8,4,4,10,8,4,4,10,8,4,4,10,8,3,0.04696,0.09006,0.30737,0.33263,1,1,12:08:2023,12:43:39,932,-10.882212,-61.9686,175.0,lev20,Almucantar,Ji_Parana_UNIR,254,254.516389,0.055346,0.031912,0.023381,0.019242,1.305471,56.269412,56.987767,0.9137,0.037048,0.380196,4,10,8,4,4,10,8,4,4,10,8,4,4,10,8,3,0.04696,0.09006,0.30737,0.33263,1,1,12:08:2023,12:43:39,932,-10.882212,-61.9686,175.0,lev20,Almucantar,1.7671131485600937,0.3036430771317716,0.8612992619898047,BCL,Urban,,Unknown
11:09:2021,12:48:54,Ji_Parana_UNIR,254,254.533958,0.3502,0.163,0.1045,0.0827,0.3208,0.13,0.0692,0.0468,0.0294,0.033,0.0352,0.0359,1.771459,50.241609,50.953169,0.777348,0.070446,0.349929,3,10,8,4,3,10,8,4,3,10,8,4,3,10,8,4,0.04539,0.08725,0.29477,0.32014,1,1,12:08:2023,12:47:41,932,-10.882212,-61.9686,175.0,lev20,Almucantar,Ji_Parana_UNIR,254,254.533958,0.349929,0.162823,0.10362,0.084345,1.781597,50.241609,50.953169,0.777348,0.070446,0.349929,3,10,8,4,3,10,8,4,3,10,8,4,3,10,8,4,0.04539,0.08725,0.29477,0.32014,1,1,12:08:2023,12:47:41,932,-10.882212,-61.9686,175.0,lev20,Almucantar,Ji_Parana_UNIR,254,254.533958,1.4754,1.4846,1.4878,1.4841,0.010224,0.009004,0.009193,0.009292,50.241609,50.953169,0.777348,0.070446,0.349929,3,10,8,4,3,10,8,4,3,10,8,4,3,10,8,4,0.04539,0.08725,0.29477,0.32014,1,1,12:08:2023,12:47:41,932,-10.882212,-61.9686,175.0,lev20,Almucantar,Ji_Parana_UNIR,254,254.533958,0.9327,0.9209,0.9007,0.8859,50.241609,50.953169,0.777348,0.070446,0.349929,3,10,8,4,3,10,8,4,3,10,8,4,3,10,8,4,0.04539,0.08725,0.29477,0.32014,1,1,12:08:2023,12:47:41,932,-10.882212,-61.9686,175.0,lev20,Almucantar,Ji_Parana_UNIR,254,254.533958,0.055346,0.031912,0.023381,0.019242,1.305471,50.241609,50.953169,0.777348,0.070446,0.349929,3,10,8,4,3,10,8,4,3,10,8,4,3,10,8,4,0.04539,0.08725,0.29477,0.32014,1,1,12:08:2023,12:47:41,932,-10.882212,-61.9686,175.0,lev20,Almucantar,1.7739248319115624,0.2791467496038667,0.8645719487344347,BCL,Urban,,Unknown
12:09:2021,11:09:34,Ji_Parana_UNIR,255,255.464977,0.3085,0.1442,0.0909,0.0699,0.2845,0.1176,0.0627,0.0411,0.0239,0.0266,0.0282,0.0288,1.786998,73.966187,74.694443,1.117656,0.011664,0.308319,4,10,7,6,4,10,7,6,4,10,7,6,4,10,7,6,0.05709,0.10727,0.37631,0.40159,1,1,12:08:2023,12:55:25,932,-10.882212,-61.9686,175.0,lev20,Almucantar,Ji_Parana_UNIR,255,255.464977,0.308319,0.144208,0.091124,0.070206,1.782852,73.966187,74.694443,1.117656,0.011664,0.308319,4,10,7,6,4,10,7,6,4,10,7,6,4,10,7,6,0.05709,0.10727,0.37631,0.40159,1,1,12:08:2023,12:55:25,932,-10.882212,-61.9686,175.0,lev20,Almucantar,Ji_Parana_UNIR,255,255.464977,1.4754,1.4846,1.4878,1.4841,0.010224,0.009004,0.009193,0.009292,73.966187,74.694443,1.117656,0.011664,0.308319,4,10,7,6,4,10,7,6,4,10,7,6,4,10,7,6,0.05709,0.10727,0.37631,0.40159,1,1,12:08:2023,12:55:25,932,-10.882212,-61.9686,175.0,lev20,Almucantar,Ji_Parana_UNIR,255,255.464977,0.9327,0.9209,0.9007,0.8859,73.966187,74.694443,1.117656,0.011664,0.308319,4,10,7,6,4,10,7,6,4,10,7,6,4,10,7,6,0.05709,0.10727,0.37631,0.40159,1,1,12:08:2023,12:55:25,932,-10.882212,-61.9686,175.0,lev20,Almucantar,Ji_Parana_UNIR,255,255.464977,0.055346,0.031912,0.023381,0.019242,1.305471,73.966187,74.694443,1.117656,0.011664,0.308319,4,10,7,6,4,10,7,6,4,10,7,6,4,10,7,6,0.05709,0.10727,0.37631,0.40159,1,1,12:08:2023,12:55:25,932,-10.882212,-61.9686,175.0,lev20,Almucantar,1.7924728014887903,0.24532503427161156,0.8787238624938358,BCL,Urban,,Unknown
12:09:2021,11:39:12,Ji_Parana_UNIR,255,255.485556,0.2836,0.133,0.0846,0.0652,0.26,0.1064,0.0565,0.0368,0.0237,0.0267,0.0281,0.0284,1.770031,66.781079,67.507402,0.678624,0.018375,0.283308,4,10,7,6,4,10,7,6,4,10,7,6,4,10,7,6,0.05154,0.09799,0.34037,0.36554,1,1,12:08:2023,12:37:47,932,-10.882212,-61.9686,175.0,lev20,Almucantar,Ji_Parana_UNIR,255,255.485556,0.283308,0.132869,0.084735,0.065831,1.766584,66.781079,67.507402,0.678624,0.018375,0.283308,4,10,7,6,4,10,7,6,4,10,7,6,4,10,7,6,0.05154,0.09799,0.34037,0.36554,1,1,12:08:2023,12:37:47,932,-10.882212,-61.9686,175.0,lev20,Almucantar,Ji_Parana_UNIR,255,255.485556,1.4754,1.4846,1.4878,1.4841,0.010224,0.009004,0.009193,0.009292,66.781079,67.507402,0.678624,0.018375,0.283308,4,10,7,6,4,10,7,6,4,10,7,6,4,10,7,6,0.05154,0.09799,0.34037,0.36554,1,1,12:08:2023,12:37:47,932,-10.882212,-61.9686,175.0,lev20,Almucantar,Ji_Parana_UNIR,255,255.485556,0.9327,0.9209,0.9007,0.8859,66.781079,67.507402,0.678624,0.018375,0.283308,4,10,7,6,4,10,7,6,4,10,7,6,4,10,7,6,0.05154,0.09799,0.34037,0.36554,1,1,12:08:2023,12:37:47,932,-10.882212,-61.9686,175.0,lev20,Almucantar,Ji_Parana_UNIR,255,255.485556,0.055346,0.031912,0.023381,0.019242,1.305471,66.781079,67.507402,0.678624,0.018375,0.283308,4,10,7,6,4,10,7,6,4,10,7,6,4,10,7,6,0.05154,0.09799,0.34037,0.36554,1,1,12:08:2023,12:37:47,932,-10.882212,-61.9686,175.0,lev20,Almucantar,1.7743842291641247,0.2260461713217024,0.8680454797488684,BCL,Urban,,Unknown
12:09:2021,12:22:54,Ji_Parana_UNIR,255,255.515903,0.2807,0.1321,0.0845,0.0653,0.2564,0.105,0.0557,0.0359,0.0244,0.0271,0.0288,0.0295,1.757259,56.247227,56.966872,0.824489,0.034893,0.280443,4,10,8,4,4,10,8,4,4,10,8,4,4,10,8,4,0.04694,0.09003,0.30729,0.33256,1,1,12:08:2023,12:42:01,932,-10.882212,-61.9686,175.0,lev20,Almucantar,Ji_Parana_UNIR,255,255.515903,0.280443,0.131758,0.084832,0.065793,1.751324,56.247227,56.966872,0.824489,0.034893,0.280443,4,10,8,4,4,10,8,4,4,10,8,4,4,10,8,4,0.04694,0.09003,0.30729,0.33256,1,1,12:08:2023,12:42:01,932,-10.882212,-61.9686,175.0,lev20,Almucantar,Ji_Parana_UNIR,255,255.515903,1.4754,1.4846,1.4878,1.4841,0.010224,0.009004,0.009193,0.009292,56.247227,56.966872,0.824489,0.034893,0.280443,4,10,8,4,4,10,8,4,4,10,8,4,4,10,8,4,0.04694,0.09003,0.30729,0.33256,1,1,12:08:2023,12:42:01,932,-10.882212,-61.9686,175.0,lev20,Almucantar,Ji_Parana_UNIR,255,255.515903,0.9327,0.9209,0.9007,0.8859,56.247227,56.966872,0.824489,0.034893,0.280443,4,10,8,4,4,10,8,4,4,10,8,4,4,10,8,4,0.04694,0.09003,0.30729,0.33256,1,1,12:08:2023,12:42:01,932,-10.882212,-61.9686,175.0,lev20,Almucantar,Ji_Parana_UNIR,255,255.515903,0.055346,0.031912,0.023381,0.019242,1.305471,56.247227,56.966872,0.824489,0.034893,0.280443,4,10,8,4,4,10,8,4,4,10,8,4,4,10,8,4,0.04694,0.09003,0.30729,0.33256,1,1,12:08:2023,12:42:01,932,-10.882212,-61.9686,175.0,lev20,Almucantar,1.7610420956519253,0.2241166185506273,0.8650881122536233,BCL,Urban,,Unknown
12:09:2021,12:48:02,Ji_Parana_UNIR,255,255.533356,0.2727,0.1292,0.0831,0.0645,0.249,0.1027,0.0551,0.0361,0.0237,0.0265,0.0279,0.0284,1.739622,50.24657,50.95982,0.916514,0.052444,0.272624,3,10,8,4,3,10,8,4,3,10,8,4,3,10,8,4,0.04538,0.08723,0.29477,0.32014,1,1,12:08:2023,12:46:04,932,-10.882212,-61.9686,175.0,lev20,Almucantar,Ji_Parana_UNIR,255,255.533356,0.272624,0.128348,0.083221,0.065039,1.73889,50.24657,50.95982,0.916514,0.052444,0.272624,3,10,8,4,3,10,8,4,3,10,8,4,3,10,8,4,0.04538,0.08723,0.29477,0.32014,1,1,12:08:2023,12:46:04,932,-10.882212,-61.9686,175.0,lev20,Almucantar,Ji_Parana_UNIR,255,255.533356,1.4754,1.4846,1.4878,1.4841,0.010224,0.009004,0.009193,0.009292,50.24657,50.95982,0.916514,0.052444,0.272624,3,10,8,4,3,10,8,4,3,10,8,4,3,10,8,4,0.04538,0.08723,0.29477,0.32014,1,1,12:08:2023,12:46:04,932,-10.882212,-61.9686,175.0,lev20,Almucantar,Ji_Parana_UNIR,255,255.533356,0.9327,0.9209,0.9007,0.8859,50.24657,50.95982,0.916514,0.052444,0.272624,3,10,8,4,3,10,8,4,3,10,8,4,3,10,8,4,0.04538,0.08723,0.29477,0.32014,1,1,12:08:2023,12:46:04,932,-10.882212,-61.9686,175.0,lev20,Almucantar,Ji_Parana_UNIR,255,255.533356,0.055346,0.031912,0.023381,0.019242,1.305471,50.24657,50.95982,0.916514,0.052444,0.272624,3,10,8,4,3,10,8,4,3,10,8,4,3,10,8,4,0.04538,0.08723,0.29477,0.32014,1,1,12:08:2023,12:46:04,932,-10.882212,-61.9686,175.0,lev20,Almucantar,1.743135347796482,0.21822822554716895,0.8636024312450299,BCL,Urban,,Unknown
13:09:2021,11:08:54,Ji_Parana_UNIR,256,256.464514,0.4286,0.194,0.1202,0.0912,0.3975,0.1591,0.0831,0.0533,0.0312,0.0349,0.0372,0.0379,1.859589,73.959661,74.688561,0.665487,0.007769,0.428349,4,10,7,6,4,10,7,6,4,10,7,6,4,10,7,6,0.05647,0.10662,0.37563,0.40083,1,1,12:08:2023,12:40:46,932,-10.882212,-61.9686,175.0,lev20,Almucantar,Ji_Parana_UNIR,256,256.464514,0.428349,0.194084,0.120342,0.091459,1.85703,73.959661,74.688561,0.665487,0.007769,0.428349,4,10,7,6,4,10,7,6,4,10,7,6,4,10,7,6,0.05647,0.10662,0.37563,0.40083,1,1,12:08:2023,12:40:46,932,-10.882212,-61.9686,175.0,lev20,Almucantar,Ji_Parana_UNIR,256,256.464514,1.535,1.5059,1.4933,1.4798,0.012604,0.013785,0.015092,0.0149,73.959661,74.688561,0.665487,0.007769,0.428349,4,10,7,6,4,10,7,6,4,10,7,6,4,10,7,6,0.05647,0.10662,0.37563,0.40083,1,1,12:08:2023,12:40:46,932,-10.882212,-61.9686,175.0,lev20,Almucantar,Ji_Parana_UNIR,256,256.464514,0.9258,0.8907,0.8548,0.8409,73.959661,74.688561,0.665487,0.007769,0.428349,4,10,7,6,4,10,7,6,4,10,7,6,4,10,7,6,0.05647,0.10662,0.37563,0.40083,1,1,12:08:2023,12:40:46,932,-10.882212,-61.9686,175.0,lev20,Almucantar,Ji_Parana_UNIR,256,256.464514,0.031801,0.021207,0.01746,0.014512,0.88464,73.959661,74.688561,0.665487,0.007769,0.428349,4,10,7,6,4,10,7,6,4,10,7,6,4,10,7,6,0.05647,0.10662,0.37563,0.40083,1,1,12:08:2023,12:40:46,932,-10.882212,-61.9686,175.0,lev20,Almucantar,1.8649443859955084,0.33768785217277336,0.8846759881996407,BCL,Urban,,Unknown
13:09:2021,11:38:29,Ji_Parana_UNIR,256,256.485058,0.3958,0.1799,0.112,0.0858,0.366,0.1464,0.0765,0.0497,0.0299,0.0335,0.0355,0.0362,1.846836,66.779298,67.506462,0.683523,0.030099,0.395322,4,10,7,6,4,10,7,6,4,10,7,6,4,10,7,6,0.05145,0.09789,0.34023,0.36541,1,1,12:08:2023,12:44:46,932,-10.882212,-61.9686,175.0,lev20,Almucantar,Ji_Parana_UNIR,256,256.485058,0.395322,0.179613,0.112191,0.085877,1.843108,66.779298,67.506462,0.683523,0.030099,0.395322,4,10,7,6,4,10,7,6,4,10,7,6,4,10,7,6,0.05145,0.09789,0.34023,0.36541,1,1,12:08:2023,12:44:46,932,-10.882212,-61.9686,175.0,lev20,Almucantar,Ji_Parana_UNIR,256,256.485058,1.4754,1.4846,1.4878,1.4841,0.010224,0.009004,0.009193,0.009292,66.779298,67.506462,0.683523,0.030099,0.395322,4,10,7,6,4,10,7,6,4,10,7,6,4,10,7,6,0.05145,0.09789,0.34023,0.36541,1,1,12:08:2023,12:44:46,932,-10.882212,-61.9686,175.0,lev20,Almucantar,Ji_Parana_UNIR,256,256.485058,0.9327,0.9209,0.9007,0.8859,66.779298,67.506462,0.683523,0.030099,0.395322,4,10,7,6,4,10,7,6,4,10,7,6,4,10,7,6,0.05145,0.09789,0.34023,0.36541,1,1,12:08:2023,12:44:46,932,-10.882212,-61.9686,175.0,lev20,Almucantar,Ji_Parana_UNIR,256,256.485058,0.055346,0.031912,0.023381,0.019242,1.305471,66.779298,67.506462,0.683523,0.030099,0.395322,4,10,7,6,4,10,7,6,4,10,7,6,4,10,7,6,0.05145,0.09789,0.34023,0.36541,1,1,12:08:2023,12:44:46,932,-10.882212,-61.9686,175.0,lev20,Almucantar,1.8518056795271587,0.31236940248327444,0.8792228737982998,BCL,Urban,,Unknown
13:09:2021,12:22:33,Ji_Parana_UNIR,256,256.51566,0.3787,0.174,0.1095,0.0834,0.349,0.1407,0.0743,0.0476,0.0297,0.0333,0.0352,0.0358,1.815901,56.14217,56.862991,0.819213,0.048085,0.378396,4,10,8,4,4,10,8,4,4,10,8,4,4,10,8,4,0.04694,0.09001,0.30708,0.33235,1,1,12:08:2023,12:49:43,932,-10.882212,-61.9686,175.0,lev20,Almucantar,Ji_Parana_UNIR,256,256.51566,0.378396,0.173652,0.109653,0.084019,1.813313,56.14217,56.862991,0.819213,0.048085,0.378396,4,10,8,4,4,10,8,4,4,10,8,4,4,10,8,4,0.04694,0.09001,0.30708,0.33235,1,1,12:08:2023,12:49:43,932,-10.882212,-61.9686,175.0,lev20,Almucantar,Ji_Parana_UNIR,256,256.51566,1.4754,1.4846,1.4878,1.4841,0.010224,0.009004,0.009193,0.009292,56.14217,56.862991,0.819213,0.048085,0.378396,4,10,8,4,4,10,8,4,4,10,8,4,4,10,8,4,0.04694,0.09001,0.30708,0.33235,1,1,12:08:2023,12:49:43,932,-10.882212,-61.9686,175.0,lev20,Almucantar,Ji_Parana_UNIR,256,256.51566,0.9327,0.9209,0.9007,0.8859,56.14217,56.862991,0.819213,0.048085,0.378396,4,10,8,4,4,10,8,4,4,10,8,4,4,10,8,4,0.04694,0.09001,0.30708,0.33235,1,1,12:08:2023,12:49:43,932,-10.882212,-61.9686,175.0,lev20,Almucantar,Ji_Parana_UNIR,256,256.51566,0.055346,0.031912,0.023381,0.019242,1.305471,56.14217,56.862991,0.819213,0.048085,0.378396,4,10,8,4,4,10,8,4,4,10,8,4,4,10,8,4,0.04694,0.09001,0.30708,0.33235,1,1,12:08:2023,12:49:43,932,-10.882212,-61.9686,175.0,lev20,Almucantar,1.8201351634628509,0.3000863661401837,0.8759859913594418,BCL,Urban,,Unknown
13:09:2021,12:47:33,Ji_Parana_UNIR,256,256.533021,0.3817,0.1759,0.1115,0.0862,0.3525,0.1433,0.0771,0.0511,0.0292,0.0326,0.0344,0.0351,1.801796,50.162021,50.876795,0.796453,0.019567,0.381543,3,10,8,4,3,10,8,4,3,10,8,4,3,10,8,4,0.04538,0.08723,0.29465,0.32002,1,1,12:08:2023,12:54:15,932,-10.882212,-61.9686,175.0,lev20,Almucantar,Ji_Parana_UNIR,256,256.533021,0.381543,0.17568,0.111679,0.085982,1.799358,50.162021,50.876795,0.796453,0.019567,0.381543,3,10,8,4,3,10,8,4,3,10,8,4,3,10,8,4,0.04538,0.08723,0.29465,0.32002,1,1,12:08:2023,12:54:15,932,-10.882212,-61.9686,175.0,lev20,Almucantar,Ji_Parana_UNIR,256,256.533021,1.4754,1.4846,1.4878,1.4841,0.010224,0.009004,0.009193,0.009292,50.162021,50.876795,0.796453,0.019567,0.381543,3,10,8,4,3,10,8,4,3,10,8,4,3,10,8,4,0.04538,0.08723,0.29465,0.32002,1,1,12:08:2023,12:54:15,932,-10.882212,-61.9686,175.0,lev20,Almucantar,Ji_Parana_UNIR,256,256.533021,0.9327,0.9209,0.9007,0.8859,50.162021,50.876795,0.796453,0.019567,0.381543,3,10,8,4,3,10,8,4,3,10,8,4,3,10,8,4,0.04538,0.08723,0.29465,0.32002,1,1,12:08:2023,12:54:15,932,-10.882212,-61.9686,175.0,lev20,Almucantar,Ji_Parana_UNIR,256,256.533021,0.055346,0.031912,0.023381,0.019242,1.305471,50.162021,50.876795,0.796453,0.019567,0.381543,3,10,8,4,3,10,8,4,3,10,8,4,3,10,8,4,0.04538,0.08723,0.29465,0.32002,1,1,12:08:2023,12:54:15,932,-10.882212,-61.9686,175.0,lev20,Almucantar,1.8051591623292866,0.3030432025196891,0.8782033281522087,BCL,Urban,,Unknown
14:09:2021,11:08:10,Ji_Parana_UNIR,257,257.464005,0.3478,0.1573,0.0979,0.0748,0.3219,0.1282,0.0667,0.0428,0.0259,0.0292,0.0313,0.0319,1.854955,73.969665,74.699174,1.013203,0.00913,0.348054,4,10,7,6,4,10,7,6,4,10,7,6,4,10,7,6,0.05601,0.1057,0.37798,0.40201,1,1,12:08:2023,12:37:22,932,-10.882212,-61.9686,175.0,lev20,Almucantar,Ji_Parana_UNIR,257,257.464005,0.348054,0.157486,0.098145,0.074944,1.852523,73.969665,74.699174,1.013203,0.00913,0.348054,4,10,7,6,4,10,7,6,4,10,7,6,4,10,7,6,0.05601,0.1057,0.37798,0.40201,1,1,12:08:2023,12:37:22,932,-10.882212,-61.9686,175.0,lev20,Almucantar,Ji_Parana_UNIR,257,257.464005,1.4754,1.4846,1.4878,1.4841,0.010224,0.009004,0.009193,0.009292,73.969665,74.699174,1.013203,0.00913,0.348054,4,10,7,6,4,10,7,6,4,10,7,6,4,10,7,6,0.05601,0.1057,0.37798,0.40201,1,1,12:08:2023,12:37:22,932,-10.882212,-61.9686,175.0,lev20,Almucantar,Ji_Parana_UNIR,257,257.464005,0.9327,0.9209,0.9007,0.8859,73.969665,74.699174,1.013203,0.00913,0.348054,4,10,7,6,4,10,7,6,4,10,7,6,4,10,7,6,0.05601,0.1057,0.37798,0.40201,1,1,12:08:2023,12:37:22,932,-10.882212,-61.9686,175.0,lev20,Almucantar,Ji_Parana_UNIR,257,257.464005,0.055346,0.031912,0.023381,0.019242,1.305471,73.969665,74.699174,1.013203,0.00913,0.348054,4,10,7,6,4,10,7,6,4,10,7,6,4,10,7,6,0.05601,0.1057,0.37798,0.40201,1,1,12:08:2023,12:37:22,932,-10.882212,-61.9686,175.0,lev20,Almucantar,1.8595374495001935,0.2742161489836923,0.8814361686170952,BCL,Urban,,Unknown
14:09:2021,11:37:45,Ji_Parana_UNIR,257,257.484549,0.3122,0.143,0.0901,0.0698,0.2872,0.1147,0.0602,0.0394,0.025,0.0283,0.0299,0.0304,1.819155,66.782267,67.510235,0.85989,0.033975,0.312216,4,10,7,6,4,10,7,6,4,10,7,6,4,10,7,6,0.05104,0.09705,0.34248,0.36656,1,1,12:08:2023,12:40:59,932,-10.882212,-61.9686,175.0,lev20,Almucantar,Ji_Parana_UNIR,257,257.484549,0.312216,0.142684,0.090215,0.069598,1.818102,66.782267,67.510235,0.85989,0.033975,0.312216,4,10,7,6,4,10,7,6,4,10,7,6,4,10,7,6,0.05104,0.09705,0.34248,0.36656,1,1,12:08:2023,12:40:59,932,-10.882212,-61.9686,175.0,lev20,Almucantar,Ji_Parana_UNIR,257,257.484549,1.4754,1.4846,1.4878,1.4841,0.010224,0.009004,0.009193,0.009292,66.782267,67.510235,0.85989,0.033975,0.312216,4,10,7,6,4,10,7,6,4,10,7,6,4,10,7,6,0.05104,0.09705,0.34248,0.36656,1,1,12:08:2023,12:40:59,932,-10.882212,-61.9686,175.0,lev20,Almucantar,Ji_Parana_UNIR,257,257.484549,0.9327,0.9209,0.9007,0.8859,66.782267,67.510235,0.85989,0.033975,0.312216,4,10,7,6,4,10,7,6,4,10,7,6,4,10,7,6,0.05104,0.09705,0.34248,0.36656,1,1,12:08:2023,12:40:59,932,-10.882212,-61.9686,175.0,lev20,Almucantar,Ji_Parana_UNIR,257,257.484549,0.055346,0.031912,0.023381,0.019242,1.305471,66.782267,67.510235,0.85989,0.033975,0.312216,4,10,7,6,4,10,7,6,4,10,7,6,4,10,7,6,0.05104,0.09705,0.34248,0.36656,1,1,12:08:2023,12:40:59,932,-10.882212,-61.9686,175.0,lev20,Almucantar,1.822928189995764,0.24730266516804159,0.8706017664440682,BCL,Urban,,Unknown
14:09:2021,12:22:12,Ji_Parana_UNIR,257,257.515417,0.2989,0.1386,0.0886,0.0688,0.2724,0.1088,0.0572,0.037,0.0265,0.0298,0.0314,0.0318,1.781105,56.03814,56.7601,0.875649,0.027467,0.298986,4,10,8,4,4,10,8,4,4,10,8,4,4,10,8,4,0.04659,0.0892,0.30897,0.33327,1,1,12:08:2023,12:45:22,932,-10.882212,-61.9686,175.0,lev20,Almucantar,Ji_Parana_UNIR,257,257.515417,0.298986,0.138462,0.088816,0.068612,1.778606,56.03814,56.7601,0.875649,0.027467,0.298986,4,10,8,4,4,10,8,4,4,10,8,4,4,10,8,4,0.04659,0.0892,0.30897,0.33327,1,1,12:08:2023,12:45:22,932,-10.882212,-61.9686,175.0,lev20,Almucantar,Ji_Parana_UNIR,257,257.515417,1.4754,1.4846,1.4878,1.4841,0.010224,0.009004,0.009193,0.009292,56.03814,56.7601,0.875649,0.027467,0.298986,4,10,8,4,4,10,8,4,4,10,8,4,4,10,8,4,0.04659,0.0892,0.30897,0.33327,1,1,12:08:2023,12:45:22,932,-10.882212,-61.9686,175.0,lev20,Almucantar,Ji_Parana_UNIR,257,257.515417,0.9327,0.9209,0.9007,0.8859,56.03814,56.7601,0.875649,0.027467,0.298986,4,10,8,4,4,10,8,4,4,10,8,4,4,10,8,4,0.04659,0.0892,0.30897,0.33327,1,1,12:08:2023,12:45:22,932,-10.882212,-61.9686,175.0,lev20,Almucantar,Ji_Parana_UNIR,257,257.515417,0.055346,0.031912,0.023381,0.019242,1.305471,56.03814,56.7601,0.875649,0.027467,0.298986,4,10,8,4,4,10,8,4,4,10,8,4,4,10,8,4,0.04659,0.0892,0.30897,0.33327,1,1,12:08:2023,12:45:22,932,-10.882212,-61.9686,175.0,lev20,Almucantar,1.7836940597982711,0.23795782304813204,0.8583004711412019,BCL,Urban,,Unknown
14:09:2021,12:47:11,Ji_Parana_UNIR,257,257.532766,0.3003,0.139,0.0889,0.0695,0.2747,0.1101,0.0583,0.0383,0.0256,0.0289,0.0307,0.0312,1.783236,50.051121,50.767343,1.134631,0.036738,0.300373,3,10,8,4,3,10,8,4,3,10,8,4,3,10,8,4,0.04507,0.08647,0.29656,0.321,1,1,12:08:2023,12:49:19,932,-10.882212,-61.9686,175.0,lev20,Almucantar,Ji_Parana_UNIR,257,257.532766,0.300373,0.138751,0.089316,0.06908,1.777931,50.051121,50.767343,1.134631,0.036738,0.300373,3,10,8,4,3,10,8,4,3,10,8,4,3,10,8,4,0.04507,0.08647,0.29656,0.321,1,1,12:08:2023,12:49:19,932,-10.882212,-61.9686,175.0,lev20,Almucantar,Ji_Parana_UNIR,257,257.532766,1.4754,1.4846,1.4878,1.4841,0.010224,0.009004,0.009193,0.009292,50.051121,50.767343,1.134631,0.036738,0.300373,3,10,8,4,3,10,8,4,3,10,8,4,3,10,8,4,0.04507,0.08647,0.29656,0.321,1,1,12:08:2023,12:49:19,932,-10.882212,-61.9686,175.0,lev20,Almucantar,Ji_Parana_UNIR,257,257.532766,0.9327,0.9209,0.9007,0.8859,50.051121,50.767343,1.134631,0.036738,0.300373,3,10,8,4,3,10,8,4,3,10,8,4,3,10,8,4,0.04507,0.08647,0.29656,0.321,1,1,12:08:2023,12:49:19,932,-10.882212,-61.9686,175.0,lev20,Almucantar,Ji_Parana_UNIR,257,257.532766,0.055346,0.031912,0.023381,0.019242,1.305471,50.051121,50.767343,1.134631,0.036738,0.300373,3,10,8,4,3,10,8,4,3,10,8,4,3,10,8,4,0.04507,0.08647,0.29656,0.321,1,1,12:08:2023,12:49:19,932,-10.882212,-61.9686,175.0,lev20,Almucantar,1.7855901808797885,0.23901443845024042,0.8630156539813959,BCL,Urban,,Unknown
16:09:2021,11:07:19,Ji_Parana_UNIR,259,259.463414,0.5378,0.2395,0.1414,0.1029,0.5171,0.2175,0.1175,0.078,0.0206,0.0219,0.0238,0.0249,1.948124,73.840913,74.571539,1.497791,0.019381,0.53731,4,10,7,6,4,10,7,6,4,10,7,6,4,10,6,6,0.05596,0.10557,0.37725,0.40131,1,1,12:08:2023,12:44:16,932,-10.882212,-61.9686,175.0,lev20,Almucantar,Ji_Parana_UNIR,259,259.463414,0.53731,0.239526,0.141396,0.102946,1.946715,73.840913,74.571539,1.497791,0.019381,0.53731,4,10,7,6,4,10,7,6,4,10,7,6,4,10,6,6,0.05596,0.10557,0.37725,0.40131,1,1,12:08:2023,12:44:16,932,-10.882212,-61.9686,175.0,lev20,Almucantar,Ji_Parana_UNIR,259,259.463414,1.5334,1.4989,1.4834,1.4702,0.013039,0.015511,0.017199,0.017695,73.840913,74.571539,1.497791,0.019381,0.53731,4,10,7,6,4,10,7,6,4,10,7,6,4,10,6,6,0.05596,0.10557,0.37725,0.40131,1,1,12:08:2023,12:44:16,932,-10.882212,-61.9686,175.0,lev20,Almucantar,Ji_Parana_UNIR,259,259.463414,0.9297,0.8886,0.85,0.8255,73.840913,74.571539,1.497791,0.019381,0.53731,4,10,7,6,4,10,7,6,4,10,7,6,4,10,6,6,0.05596,0.10557,0.37725,0.40131,1,1,12:08:2023,12:44:16,932,-10.882212,-61.9686,175.0,lev20,Almucantar,Ji_Parana_UNIR,259,259.463414,0.037823,0.02667,0.0212,0.017959,0.843942,73.840913,74.571539,1.497791,0.019381,0.53731,4,10,7,6,4,10,7,6,4,10,7,6,4,10,6,6,0.05596,0.10557,0.37725,0.40131,1,1,12:08:2023,12:44:16,932,-10.882212,-61.9686,175.0,lev20,Almucantar,1.9595977229354333,0.41862886350563633,0.9422389587760053,BCL,Unclassified,,Unknown
16:09:2021,11:36:19,Ji_Parana_UNIR,259,259.483553,0.5638,0.2523,0.1492,0.1089,0.5412,0.2284,0.1234,0.0818,0.0227,0.0239,0.0258,0.0271,1.938445,66.782653,67.512109,0.932794,0.017236,0.563042,4,10,7,6,4,10,7,6,4,10,7,6,4,10,7,6,0.05107,0.09707,0.34249,0.3666,1,1,12:08:2023,12:50:23,932,-10.882212,-61.9686,175.0,lev20,Almucantar,Ji_Parana_UNIR,259,259.483553,0.563042,0.252299,0.149137,0.10871,1.936907,66.782653,67.512109,0.932794,0.017236,0.563042,4,10,7,6,4,10,7,6,4,10,7,6,4,10,7,6,0.05107,0.09707,0.34249,0.3666,1,1,12:08:2023,12:50:23,932,-10.882212,-61.9686,175.0,lev20,Almucantar,Ji_Parana_UNIR,259,259.483553,1.5422,1.5054,1.4933,1.4816,0.013175,0.01258,0.013899,0.014606,66.782653,67.512109,0.932794,0.017236,0.563042,4,10,7,6,4,10,7,6,4,10,7,6,4,10,7,6,0.05107,0.09707,0.34249,0.3666,1,1,12:08:2023,12:50:23,932,-10.882212,-61.9686,175.0,lev20,Almucantar,Ji_Parana_UNIR,259,259.483553,0.9305,0.911,0.8786,0.855,66.782653,67.512109,0.932794,0.017236,0.563042,4,10,7,6,4,10,7,6,4,10,7,6,4,10,7,6,0.05107,0.09707,0.34249,0.3666,1,1,12:08:2023,12:50:23,932,-10.882212,-61.9686,175.0,lev20,Almucantar,Ji_Parana_UNIR,259,259.483553,0.039198,0.022458,0.018114,0.015788,1.147559,66.782653,67.512109,0.932794,0.017236,0.563042,4,10,7,6,4,10,7,6,4,10,7,6,4,10,7,6,0.05107,0.09707,0.34249,0.3666,1,1,12:08:2023,12:50:23,932,-10.882212,-61.9686,175.0,lev20,Almucantar,1.9500892533734748,0.4394012895203106,0.9405036338046143,BCL,Unclassified,,Unknown
16:09:2021,12:21:23,Ji_Parana_UNIR,259,259.51485,0.5448,0.2441,0.1447,0.1047,0.5272,0.2258,0.1256,0.0849,0.0176,0.0182,0.0191,0.0198,1.933352,55.861815,56.585955,1.366475,0.034607,0.543972,4,10,8,4,4,10,8,4,4,10,8,4,4,10,8,4,0.04652,0.0891,0.30854,0.33286,1,1,12:08:2023,12:54:39,932,-10.882212,-61.9686,175.0,lev20,Almucantar,Ji_Parana_UNIR,259,259.51485,0.543972,0.243628,0.144762,0.10537,1.930896,55.861815,56.585955,1.366475,0.034607,0.543972,4,10,8,4,4,10,8,4,4,10,8,4,4,10,8,4,0.04652,0.0891,0.30854,0.33286,1,1,12:08:2023,12:54:39,932,-10.882212,-61.9686,175.0,lev20,Almucantar,Ji_Parana_UNIR,259,259.51485,1.4479,1.4515,1.4522,1.4463,0.00948,0.008188,0.008669,0.008927,55.861815,56.585955,1.366475,0.034607,0.543972,4,10,8,4,4,10,8,4,4,10,8,4,4,10,8,4,0.04652,0.0891,0.30854,0.33286,1,1,12:08:2023,12:54:39,932,-10.882212,-61.9686,175.0,lev20,Almucantar,Ji_Parana_UNIR,259,259.51485,0.9379,0.9284,0.906,0.889,55.861815,56.585955,1.366475,0.034607,0.543972,4,10,8,4,4,10,8,4,4,10,8,4,4,10,8,4,0.04652,0.0891,0.30854,0.33286,1,1,12:08:2023,12:54:39,932,-10.882212,-61.9686,175.0,lev20,Almucantar,Ji_Parana_UNIR,259,259.51485,0.033825,0.017471,0.01361,0.01162,1.354307,55.861815,56.585955,1.366475,0.034607,0.543972,4,10,8,4,4,10,8,4,4,10,8,4,4,10,8,4,0.04652,0.0891,0.30854,0.33286,1,1,12:08:2023,12:54:39,932,-10.882212,-61.9686,175.0,lev20,Almucantar,1.9447266736659559,0.42488467853292033,0.9520026655515951,BCL,Unclassified,,Unknown
16:09:2021,12:46:27,Ji_Parana_UNIR,259,259.532257,0.5815,0.2605,0.1545,0.1118,0.559,0.2365,0.1287,0.085,0.0224,0.024,0.0258,0.0269,1.932948,49.833963,50.552953,1.41202,0.038269,0.580585,3,10,8,4,3,10,8,4,3,10,8,4,3,10,8,4,0.04501,0.08637,0.29616,0.32061,1,1,12:08:2023,12:35:25,932,-10.882212,-61.9686,175.0,lev20,Almucantar,Ji_Parana_UNIR,259,259.532257,0.580585,0.260058,0.154452,0.112579,1.931324,49.833963,50.552953,1.41202,0.038269,0.580585,3,10,8,4,3,10,8,4,3,10,8,4,3,10,8,4,0.04501,0.08637,0.29616,0.32061,1,1,12:08:2023,12:35:25,932,-10.882212,-61.9686,175.0,lev20,Almucantar,Ji_Parana_UNIR,259,259.532257,1.4817,1.4764,1.4763,1.4695,0.010357,0.0091,0.00928,0.00939,49.833963,50.552953,1.41202,0.038269,0.580585,3,10,8,4,3,10,8,4,3,10,8,4,3,10,8,4,0.04501,0.08637,0.29616,0.32061,1,1,12:08:2023,12:35:25,932,-10.882212,-61.9686,175.0,lev20,Almucantar,Ji_Parana_UNIR,259,259.532257,0.938,0.9256,0.9058,0.8908,49.833963,50.552953,1.41202,0.038269,0.580585,3,10,8,4,3,10,8,4,3,10,8,4,3,10,8,4,0.04501,0.08637,0.29616,0.32061,1,1,12:08:2023,12:35:25,932,-10.882212,-61.9686,175.0,lev20,Almucantar,Ji_Parana_UNIR,259,259.532257,0.036048,0.019372,0.014557,0.012206,1.339898,49.833963,50.552953,1.41202,0.038269,0.580585,3,10,8,4,3,10,8,4,3,10,8,4,3,10,8,4,0.04501,0.08637,0.29616,0.32061,1,1,12:08:2023,12:35:25,932,-10.882212,-61.9686,175.0,lev20,Almucantar,1.9442290407213592,0.4535355327272627,0.9420512091168124,BCL,Arid,,Unknown
18:09:2021,11:06:35,Ji_Parana_UNIR,261,261.462905,0.7929,0.3579,0.2096,0.153,0.7698,0.3338,0.1841,0.1265,0.0232,0.0241,0.0255,0.0265,1.937759,73.685846,74.417453,2.112099,0.01109,0.792406,4,10,7,6,4,10,7,5,4,10,6,4,4,10,6,4,0.05632,0.10587,0.3769,0.40099,1,1,12:08:2023,12:49:36,932,-10.882212,-61.9686,175.0,lev20,Almucantar,Ji_Parana_UNIR,261,261.462905,0.792406,0.358085,0.20949,0.152687,1.937352,73.685846,74.417453,2.112099,0.01109,0.792406,4,10,7,6,4,10,7,5,4,10,6,4,4,10,6,4,0.05632,0.10587,0.3769,0.40099,1,1,12:08:2023,12:49:36,932,-10.882212,-61.9686,175.0,lev20,Almucantar,Ji_Parana_UNIR,261,261.462905,1.4064,1.4263,1.4303,1.4317,0.009739,0.009147,0.009405,0.009561,73.685846,74.417453,2.112099,0.01109,0.792406,4,10,7,6,4,10,7,5,4,10,6,4,4,10,6,4,0.05632,0.10587,0.3769,0.40099,1,1,12:08:2023,12:49:36,932,-10.882212,-61.9686,175.0,lev20,Almucantar,Ji_Parana_UNIR,261,261.462905,0.9293,0.9112,0.8848,0.8664,73.685846,74.417453,2.112099,0.01109,0.792406,4,10,7,6,4,10,7,5,4,10,6,4,4,10,6,4,0.05632,0.10587,0.3769,0.40099,1,1,12:08:2023,12:49:36,932,-10.882212,-61.9686,175.0,lev20,Almucantar,Ji_Parana_UNIR,261,261.462905,0.056032,0.031796,0.024148,0.020439,1.241354,73.685846,74.417453,2.112099,0.01109,0.792406,4,10,7,6,4,10,7,5,4,10,6,4,4,10,6,4,0.05632,0.10587,0.3769,0.40099,1,1,12:08:2023,12:49:36,932,-10.882212,-61.9686,175.0,lev20,Almucantar,1.9516797440897908,0.6178262743566766,0.9566503047154571,BCL,Arid,,Unknown
18:09:2021,11:35:43,Ji_Parana_UNIR,261,261.483137,0.8095,0.368,0.2184,0.1601,0.779,0.3358,0.184,0.1243,0.0305,0.0322,0.0344,0.0358,1.909279,66.584113,67.314848,3.663385,0.059431,0.808017,4,10,7,6,4,10,7,6,4,10,7,5,4,10,7,4,0.05102,0.09696,0.34179,0.36591,1,1,12:08:2023,12:55:00,932,-10.882212,-61.9686,175.0,lev20,Almucantar,Ji_Parana_UNIR,261,261.483137,0.808017,0.367951,0.217675,0.160398,1.91082,66.584113,67.314848,3.663385,0.059431,0.808017,4,10,7,6,4,10,7,6,4,10,7,5,4,10,7,4,0.05102,0.09696,0.34179,0.36591,1,1,12:08:2023,12:55:00,932,-10.882212,-61.9686,175.0,lev20,Almucantar,Ji_Parana_UNIR,261,261.483137,1.5084,1.5125,1.5185,1.5204,0.008886,0.008081,0.007885,0.007869,66.584113,67.314848,3.663385,0.059431,0.808017,4,10,7,6,4,10,7,6,4,10,7,5,4,10,7,4,0.05102,0.09696,0.34179,0.36591,1,1,12:08:2023,12:55:00,932,-10.882212,-61.9686,175.0,lev20,Almucantar,Ji_Parana_UNIR,261,261.483137,0.9477,0.9366,0.9232,0.9132,66.584113,67.314848,3.663385,0.059431,0.808017,4,10,7,6,4,10,7,6,4,10,7,5,4,10,7,4,0.05102,0.09696,0.34179,0.36591,1,1,12:08:2023,12:55:00,932,-10.882212,-61.9686,175.0,lev20,Almucantar,Ji_Parana_UNIR,261,261.483137,0.042321,0.023321,0.016781,0.013898,1.357703,66.584113,67.314848,3.663385,0.059431,0.808017,4,10,7,6,4,10,7,6,4,10,7,5,4,10,7,4,0.05102,0.09696,0.34179,0.36591,1,1,12:08:2023,12:55:00,932,-10.882212,-61.9686,175.0,lev20,Almucantar,1.921744178249267,0.6331793628449245,0.9439289490675893,BCL,Arid,,Unknown
18:09:2021,12:18:11,Ji_Parana_UNIR,261,261.512627,0.7644,0.3438,0.2018,0.1462,0.7365,0.3143,0.1703,0.1133,0.028,0.0295,0.0315,0.0329,1.940362,56.268114,56.994616,1.083633,0.007971,0.763996,4,10,8,4,4,10,8,4,4,10,8,4,4,10,8,4,0.04662,0.08929,0.3095,0.33379,1,1,12:08:2023,12:35:47,932,-10.882212,-61.9686,175.0,lev20,Almucantar,Ji_Parana_UNIR,261,261.512627,0.763996,0.343792,0.201739,0.146399,1.939941,56.268114,56.994616,1.083633,0.007971,0.763996,4,10,8,4,4,10,8,4,4,10,8,4,4,10,8,4,0.04662,0.08929,0.3095,0.33379,1,1,12:08:2023,12:35:47,932,-10.882212,-61.9686,175.0,lev20,Almucantar,Ji_Parana_UNIR,261,261.512627,1.5037,1.5056,1.5085,1.5063,0.013245,0.0112,0.011251,0.011226,56.268114,56.994616,1.083633,0.007971,0.763996,4,10,8,4,4,10,8,4,4,10,8,4,4,10,8,4,0.04662,0.08929,0.3095,0.33379,1,1,12:08:2023,12:35:47,932,-10.882212,-61.9686,175.0,lev20,Almucantar,Ji_Parana_UNIR,261,261.512627,0.9275,0.9157,0.8943,0.8794,56.268114,56.994616,1.083633,0.007971,0.763996,4,10,8,4,4,10,8,4,4,10,8,4,4,10,8,4,0.04662,0.08929,0.3095,0.33379,1,1,12:08:2023,12:35:47,932,-10.882212,-61.9686,175.0,lev20,Almucantar,Ji_Parana_UNIR,261,261.512627,0.05541,0.029001,0.021341,0.017626,1.408397,56.268114,56.994616,1.083633,0.007971,0.763996,4,10,8,4,4,10,8,4,4,10,8,4,4,10,8,4,0.04662,0.08929,0.3095,0.33379,1,1,12:08:2023,12:35:47,932,-10.882212,-61.9686,175.0,lev20,Almucantar,1.9536130151461755,0.5954719438088715,0.9459068534696553,BCL,Arid,,Unknown
18:09:2021,12:43:11,Ji_Parana_UNIR,261,261.529988,0.7874,0.3542,0.2081,0.1499,0.7589,0.3241,0.176,0.1166,0.0285,0.0301,0.032,0.0333,1.938886,50.23317,50.955297,0.842713,0.032079,0.787114,3,10,8,4,3,10,8,4,3,10,8,4,3,10,8,4,0.04508,0.08651,0.29686,0.3213,1,1,12:08:2023,12:41:05,932,-10.882212,-61.9686,175.0,lev20,Almucantar,Ji_Parana_UNIR,261,261.529988,0.787114,0.353988,0.207606,0.150405,1.941581,50.23317,50.955297,0.842713,0.032079,0.787114,3,10,8,4,3,10,8,4,3,10,8,4,3,10,8,4,0.04508,0.08651,0.29686,0.3213,1,1,12:08:2023,12:41:05,932,-10.882212,-61.9686,175.0,lev20,Almucantar,Ji_Parana_UNIR,261,261.529988,1.5053,1.5041,1.5062,1.5013,0.012981,0.010614,0.010657,0.010915,50.23317,50.955297,0.842713,0.032079,0.787114,3,10,8,4,3,10,8,4,3,10,8,4,3,10,8,4,0.04508,0.08651,0.29686,0.3213,1,1,12:08:2023,12:41:05,932,-10.882212,-61.9686,175.0,lev20,Almucantar,Ji_Parana_UNIR,261,261.529988,0.9283,0.9185,0.8977,0.8804,50.23317,50.955297,0.842713,0.032079,0.787114,3,10,8,4,3,10,8,4,3,10,8,4,3,10,8,4,0.04508,0.08651,0.29686,0.3213,1,1,12:08:2023,12:41:05,932,-10.882212,-61.9686,175.0,lev20,Almucantar,Ji_Parana_UNIR,261,261.529988,0.056461,0.028881,0.021281,0.017931,1.442308,50.23317,50.955297,0.842713,0.032079,0.787114,3,10,8,4,3,10,8,4,3,10,8,4,3,10,8,4,0.04508,0.08651,0.29686,0.3213,1,1,12:08:2023,12:41:05,932,-10.882212,-61.9686,175.0,lev20,Almucantar,1.952004639605376,0.6135152027643609,0.9463330598918817,BCL,Arid,,Unknown
19:09:2021,12:42:27,Ji_Parana_UNIR,262,262.529479,0.8422,0.4191,0.2757,0.2165,0.8053,0.381,0.2367,0.1769,0.0369,0.0381,0.039,0.0396,1.633776,50.220521,50.943913,2.535234,0.362915,0.839135,3,10,8,4,3,10,8,4,3,9,8,4,3,8,6,4,0.04508,0.08651,0.29685,0.32129,1,1,12:08:2023,13:00:46,932,-10.882212,-61.9686,175.0,lev20,Almucantar,Ji_Parana_UNIR,262,262.529479,0.839135,0.415935,0.272368,0.222015,1.645893,50.220521,50.943913,2.535234,0.362915,0.839135,3,10,8,4,3,10,8,4,3,9,8,4,3,8,6,4,0.04508,0.08651,0.29685,0.32129,1,1,12:08:2023,13:00:46,932,-10.882212,-61.9686,175.0,lev20,Almucantar,Ji_Parana_UNIR,262,262.529479,1.5785,1.5645,1.5848,1.6,0.016223,0.013828,0.012985,0.013038,50.220521,50.943913,2.535234,0.362915,0.839135,3,10,8,4,3,10,8,4,3,9,8,4,3,8,6,4,0.04508,0.08651,0.29685,0.32129,1,1,12:08:2023,13:00:46,932,-10.882212,-61.9686,175.0,lev20,Almucantar,Ji_Parana_UNIR,262,262.529479,0.9122,0.9042,0.8947,0.886,50.220521,50.943913,2.535234,0.362915,0.839135,3,10,8,4,3,10,8,4,3,9,8,4,3,8,6,4,0.04508,0.08651,0.29685,0.32129,1,1,12:08:2023,13:00:46,932,-10.882212,-61.9686,175.0,lev20,Almucantar,Ji_Parana_UNIR,262,262.529479,0.073925,0.040153,0.029021,0.024681,1.374322,50.220521,50.943913,2.535234,0.362915,0.839135,3,10,8,4,3,10,8,4,3,9,8,4,3,8,6,4,0.04508,0.08651,0.29685,0.32129,1,1,12:08:2023,13:00:46,932,-10.882212,-61.9686,175.0,lev20,Almucantar,1.6380723461385955,0.6830835670016955,0.9356126558897591,BCL,Arid,,Unknown
19:09:2021,19:45:39,Ji_Parana_UNIR,262,262.823368,0.7166,0.3315,0.1968,0.1442,0.6872,0.3,0.1637,0.11,0.0295,0.0314,0.0332,0.0343,1.88175,57.712578,56.984828,3.041077,0.027478,0.716173,4,10,5,4,4,10,5,4,4,10,5,4,4,10,7,4,0.04731,0.09018,0.31203,0.33378,1,1,12:08:2023,12:43:48,932,-10.882212,-61.9686,175.0,lev20,Almucantar,Ji_Parana_UNIR,262,262.823368,0.716173,0.330556,0.196937,0.143394,1.880604,57.712578,56.984828,3.041077,0.027478,0.716173,4,10,5,4,4,10,5,4,4,10,5,4,4,10,7,4,0.04731,0.09018,0.31203,0.33378,1,1,12:08:2023,12:43:48,932,-10.882212,-61.9686,175.0,lev20,Almucantar,Ji_Parana_UNIR,262,262.823368,1.4178,1.4587,1.4781,1.4876,0.005679,0.005418,0.005391,0.005369,57.712578,56.984828,3.041077,0.027478,0.716173,4,10,5,4,4,10,5,4,4,10,5,4,4,10,7,4,0.04731,0.09018,0.31203,0.33378,1,1,12:08:2023,12:43:48,932,-10.882212,-61.9686,175.0,lev20,Almucantar,Ji_Parana_UNIR,262,262.823368,0.9559,0.9446,0.9315,0.9227,57.712578,56.984828,3.041077,0.027478,0.716173,4,10,5,4,4,10,5,4,4,10,5,4,4,10,7,4,0.04731,0.09018,0.31203,0.33378,1,1,12:08:2023,12:43:48,932,-10.882212,-61.9686,175.0,lev20,Almucantar,Ji_Parana_UNIR,262,262.823368,0.031587,0.018369,0.013484,0.011146,1.247854,57.712578,56.984828,3.041077,0.027478,0.716173,4,10,5,4,4,10,5,4,4,10,5,4,4,10,7,4,0.04731,0.09018,0.31203,0.33378,1,1,12:08:2023,12:43:48,932,-10.882212,-61.9686,175.0,lev20,Almucantar,1.8956942626435487,0.5623839580099133,0.9387751101214973,FNA,Arid,,Unknown
20:09:2021,11:34:59,Ji_Parana_UNIR,263,263.482627,0.7707,0.3677,0.2289,0.1742,0.7318,0.327,0.1856,0.1292,0.039,0.0408,0.0433,0.0449,1.771583,66.422285,67.154165,1.990266,0.037901,0.769192,4,10,7,6,4,10,7,6,4,10,7,6,4,10,7,6,0.05093,0.09679,0.34114,0.36526,1,1,12:08:2023,12:57:24,932,-10.882212,-61.9686,175.0,lev20,Almucantar,Ji_Parana_UNIR,263,263.482627,0.769192,0.366522,0.228453,0.174784,1.771887,66.422285,67.154165,1.990266,0.037901,0.769192,4,10,7,6,4,10,7,6,4,10,7,6,4,10,7,6,0.05093,0.09679,0.34114,0.36526,1,1,12:08:2023,12:57:24,932,-10.882212,-61.9686,175.0,lev20,Almucantar,Ji_Parana_UNIR,263,263.482627,1.5285,1.5283,1.5319,1.5335,0.014804,0.016148,0.018766,0.020189,66.422285,67.154165,1.990266,0.037901,0.769192,4,10,7,6,4,10,7,6,4,10,7,6,4,10,7,6,0.05093,0.09679,0.34114,0.36526,1,1,12:08:2023,12:57:24,932,-10.882212,-61.9686,175.0,lev20,Almucantar,Ji_Parana_UNIR,263,263.482627,0.9166,0.8814,0.8412,0.814,66.422285,67.154165,1.990266,0.037901,0.769192,4,10,7,6,4,10,7,6,4,10,7,6,4,10,7,6,0.05093,0.09679,0.34114,0.36526,1,1,12:08:2023,12:57:24,932,-10.882212,-61.9686,175.0,lev20,Almucantar,Ji_Parana_UNIR,263,263.482627,0.064295,0.043602,0.036356,0.032393,0.841932,66.422285,67.154165,1.990266,0.037901,0.769192,4,10,7,6,4,10,7,6,4,10,7,6,4,10,7,6,0.05093,0.09679,0.34114,0.36526,1,1,12:08:2023,12:57:24,932,-10.882212,-61.9686,175.0,lev20,Almucantar,1.7808142114482743,0.6137892990526209,0.9258317856781376,BCL,Arid,,Unknown
20:09:2021,12:16:47,Ji_Parana_UNIR,263,263.511655,0.9195,0.4335,0.2632,0.1948,0.8892,0.4023,0.2308,0.1613,0.0303,0.0312,0.0324,0.0334,1.82285,56.247355,56.975728,2.090916,0.048192,0.917614,4,10,8,4,4,10,8,4,4,10,8,4,4,10,8,4,0.04662,0.08928,0.30945,0.33375,1,1,12:08:2023,12:36:21,932,-10.882212,-61.9686,175.0,lev20,Almucantar,Ji_Parana_UNIR,263,263.511655,0.917614,0.43231,0.26269,0.195112,1.822873,56.247355,56.975728,2.090916,0.048192,0.917614,4,10,8,4,4,10,8,4,4,10,8,4,4,10,8,4,0.04662,0.08928,0.30945,0.33375,1,1,12:08:2023,12:36:21,932,-10.882212,-61.9686,175.0,lev20,Almucantar,Ji_Parana_UNIR,263,263.511655,1.5197,1.5107,1.5101,1.5074,0.014388,0.011719,0.011939,0.012196,56.247355,56.975728,2.090916,0.048192,0.917614,4,10,8,4,4,10,8,4,4,10,8,4,4,10,8,4,0.04662,0.08928,0.30945,0.33375,1,1,12:08:2023,12:36:21,932,-10.882212,-61.9686,175.0,lev20,Almucantar,Ji_Parana_UNIR,263,263.511655,0.9208,0.9142,0.8934,0.8776,56.247355,56.975728,2.090916,0.048192,0.917614,4,10,8,4,4,10,8,4,4,10,8,4,4,10,8,4,0.04662,0.08928,0.30945,0.33375,1,1,12:08:2023,12:36:21,932,-10.882212,-61.9686,175.0,lev20,Almucantar,Ji_Parana_UNIR,263,263.511655,0.072854,0.0372,0.028059,0.02383,1.414451,56.247355,56.975728,2.090916,0.048192,0.917614,4,10,8,4,4,10,8,4,4,10,8,4,4,10,8,4,0.04662,0.08928,0.30945,0.33375,1,1,12:08:2023,12:36:21,932,-10.882212,-61.9686,175.0,lev20,Almucantar,1.8349448820902186,0.727244586266909,0.9520688440199252,BCL,Biomass,,Unknown
20:09:2021,12:41:41,Ji_Parana_UNIR,263,263.528947,0.9158,0.4273,0.2568,0.1893,0.8828,0.3924,0.2198,0.151,0.033,0.0349,0.0371,0.0384,1.852358,50.218333,50.94294,1.140056,0.012285,0.914468,3,10,8,4,3,10,8,4,3,10,8,4,3,10,8,4,0.04508,0.0865,0.29685,0.32128,1,1,12:08:2023,12:42:44,932,-10.882212,-61.9686,175.0,lev20,Almucantar,Ji_Parana_UNIR,263,263.528947,0.914468,0.426173,0.25667,0.189144,1.851401,50.218333,50.94294,1.140056,0.012285,0.914468,3,10,8,4,3,10,8,4,3,10,8,4,3,10,8,4,0.04508,0.0865,0.29685,0.32128,1,1,12:08:2023,12:42:44,932,-10.882212,-61.9686,175.0,lev20,Almucantar,Ji_Parana_UNIR,263,263.528947,1.4952,1.5054,1.5146,1.5197,0.012476,0.010189,0.010554,0.010714,50.218333,50.94294,1.140056,0.012285,0.914468,3,10,8,4,3,10,8,4,3,10,8,4,3,10,8,4,0.04508,0.0865,0.29685,0.32128,1,1,12:08:2023,12:42:44,932,-10.882212,-61.9686,175.0,lev20,Almucantar,Ji_Parana_UNIR,263,263.528947,0.9298,0.9218,0.9017,0.8883,50.218333,50.94294,1.140056,0.012285,0.914468,3,10,8,4,3,10,8,4,3,10,8,4,3,10,8,4,0.04508,0.0865,0.29685,0.32128,1,1,12:08:2023,12:42:44,932,-10.882212,-61.9686,175.0,lev20,Almucantar,Ji_Parana_UNIR,263,263.528947,0.064298,0.033409,0.02524,0.021157,1.385229,50.218333,50.94294,1.140056,0.012285,0.914468,3,10,8,4,3,10,8,4,3,10,8,4,3,10,8,4,0.04508,0.0865,0.29685,0.32128,1,1,12:08:2023,12:42:44,932,-10.882212,-61.9686,175.0,lev20,Almucantar,1.8651400202225474,0.7215277673795623,0.9466600426440418,BCL,Biomass,,Unknown
21:09:2021,12:40:55,Ji_Parana_UNIR,264,264.528414,1.0635,0.5077,0.3103,0.23,1.0129,0.4541,0.2539,0.172,0.0507,0.0536,0.0564,0.058,1.794721,50.218694,50.944457,1.640772,0.03987,1.061898,3,10,8,4,3,10,8,4,3,10,7,4,3,10,8,4,0.04507,0.0865,0.29683,0.32128,1,1,12:08:2023,13:00:09,932,-10.882212,-61.9686,175.0,lev20,Almucantar,Ji_Parana_UNIR,264,264.528414,1.061898,0.507306,0.309563,0.229986,1.795684,50.218694,50.944457,1.640772,0.03987,1.061898,3,10,8,4,3,10,8,4,3,10,7,4,3,10,8,4,0.04507,0.0865,0.29683,0.32128,1,1,12:08:2023,13:00:09,932,-10.882212,-61.9686,175.0,lev20,Almucantar,Ji_Parana_UNIR,264,264.528414,1.4766,1.4842,1.4915,1.492,0.010596,0.008168,0.007936,0.008092,50.218694,50.944457,1.640772,0.03987,1.061898,3,10,8,4,3,10,8,4,3,10,7,4,3,10,8,4,0.04507,0.0865,0.29683,0.32128,1,1,12:08:2023,13:00:09,932,-10.882212,-61.9686,175.0,lev20,Almucantar,Ji_Parana_UNIR,264,264.528414,0.9335,0.9305,0.9167,0.904,50.218694,50.944457,1.640772,0.03987,1.061898,3,10,8,4,3,10,8,4,3,10,7,4,3,10,8,4,0.04507,0.0865,0.29683,0.32128,1,1,12:08:2023,13:00:09,932,-10.882212,-61.9686,175.0,lev20,Almucantar,Ji_Parana_UNIR,264,264.528414,0.070766,0.035275,0.025855,0.022085,1.489421,50.218694,50.944457,1.640772,0.03987,1.061898,3,10,8,4,3,10,8,4,3,10,7,4,3,10,8,4,0.04507,0.0865,0.29683,0.32128,1,1,12:08:2023,13:00:09,932,-10.882212,-61.9686,175.0,lev20,Almucantar,1.8068764317904475,0.8441595596642035,0.930249121692956,BCL,Biomass,,Unknown
22:09:2021,19:44:39,Ji_Parana_UNIR,265,265.822674,1.1784,0.5519,0.3298,0.242,1.1142,0.4817,0.2561,0.1669,0.0642,0.0702,0.0738,0.0751,1.853964,57.45978,56.729653,1.010728,0.010608,1.176978,4,10,7,5,4,10,7,5,4,10,7,5,4,10,8,4,0.04615,0.08798,0.31376,0.33329,1,1,12:08:2023,12:40:36,932,-10.882212,-61.9686,175.0,lev20,Almucantar,Ji_Parana_UNIR,265,265.822674,1.176978,0.550569,0.329522,0.241511,1.853782,57.45978,56.729653,1.010728,0.010608,1.176978,4,10,7,5,4,10,7,5,4,10,7,5,4,10,8,4,0.04615,0.08798,0.31376,0.33329,1,1,12:08:2023,12:40:36,932,-10.882212,-61.9686,175.0,lev20,Almucantar,Ji_Parana_UNIR,265,265.822674,1.5116,1.5262,1.5304,1.5273,0.0145,0.012088,0.012209,0.01223,57.45978,56.729653,1.010728,0.010608,1.176978,4,10,7,5,4,10,7,5,4,10,7,5,4,10,8,4,0.04615,0.08798,0.31376,0.33329,1,1,12:08:2023,12:40:36,932,-10.882212,-61.9686,175.0,lev20,Almucantar,Ji_Parana_UNIR,265,265.822674,0.9163,0.9052,0.88,0.8625,57.45978,56.729653,1.010728,0.010608,1.176978,4,10,7,5,4,10,7,5,4,10,7,5,4,10,8,4,0.04615,0.08798,0.31376,0.33329,1,1,12:08:2023,12:40:36,932,-10.882212,-61.9686,175.0,lev20,Almucantar,Ji_Parana_UNIR,265,265.822674,0.098581,0.052345,0.03957,0.033277,1.350726,57.45978,56.729653,1.010728,0.010608,1.176978,4,10,7,5,4,10,7,5,4,10,7,5,4,10,8,4,0.04615,0.08798,0.31376,0.33329,1,1,12:08:2023,12:40:36,932,-10.882212,-61.9686,175.0,lev20,Almucantar,1.8679652723740683,0.9280861537015341,0.9179784652562768,BCL,Biomass,,Unknown
22:09:2021,20:09:27,Ji_Parana_UNIR,265,265.839896,1.1679,0.5454,0.3252,0.2382,1.1127,0.4874,0.2642,0.1754,0.0552,0.058,0.061,0.0628,1.861349,63.505108,62.773055,1.047137,0.009093,1.166402,3,10,8,5,3,10,8,5,3,10,8,5,3,10,8,5,0.04855,0.09211,0.33133,0.34976,1,1,12:08:2023,12:50:00,932,-10.882212,-61.9686,175.0,lev20,Almucantar,Ji_Parana_UNIR,265,265.839896,1.166402,0.544091,0.324937,0.237865,1.861001,63.505108,62.773055,1.047137,0.009093,1.166402,3,10,8,5,3,10,8,5,3,10,8,5,3,10,8,5,0.04855,0.09211,0.33133,0.34976,1,1,12:08:2023,12:50:00,932,-10.882212,-61.9686,175.0,lev20,Almucantar,Ji_Parana_UNIR,265,265.839896,1.5005,1.5141,1.5164,1.5122,0.014956,0.012746,0.01275,0.01277,63.505108,62.773055,1.047137,0.009093,1.166402,3,10,8,5,3,10,8,5,3,10,8,5,3,10,8,5,0.04855,0.09211,0.33133,0.34976,1,1,12:08:2023,12:50:00,932,-10.882212,-61.9686,175.0,lev20,Almucantar,Ji_Parana_UNIR,265,265.839896,0.9122,0.899,0.8729,0.854,63.505108,62.773055,1.047137,0.009093,1.166402,3,10,8,5,3,10,8,5,3,10,8,5,3,10,8,5,0.04855,0.09211,0.33133,0.34976,1,1,12:08:2023,12:50:00,932,-10.882212,-61.9686,175.0,lev20,Almucantar,Ji_Parana_UNIR,265,265.839896,0.10253,0.055085,0.041325,0.034775,1.342462,63.505108,62.773055,1.047137,0.009093,1.166402,3,10,8,5,3,10,8,5,3,10,8,5,3,10,8,5,0.04855,0.09211,0.33133,0.34976,1,1,12:08:2023,12:50:00,932,-10.882212,-61.9686,175.0,lev20,Almucantar,1.87544007421975,0.9189380552170446,0.9308779142224791,BCL,Biomass,,Unknown
22:09:2021,20:45:11,Ji_Parana_UNIR,265,265.864711,1.1456,0.5314,0.316,0.2309,1.0978,0.4819,0.2649,0.1786,0.0479,0.0495,0.0512,0.0523,1.875335,72.233392,71.500262,1.385395,0.004606,1.144014,4,10,7,6,4,10,7,6,4,10,7,6,4,10,7,6,0.05397,0.10125,0.36848,0.38461,1,1,12:08:2023,12:52:43,932,-10.882212,-61.9686,175.0,lev20,Almucantar,Ji_Parana_UNIR,265,265.864711,1.144014,0.530188,0.315737,0.230884,1.874828,72.233392,71.500262,1.385395,0.004606,1.144014,4,10,7,6,4,10,7,6,4,10,7,6,4,10,7,6,0.05397,0.10125,0.36848,0.38461,1,1,12:08:2023,12:52:43,932,-10.882212,-61.9686,175.0,lev20,Almucantar,Ji_Parana_UNIR,265,265.864711,1.4575,1.477,1.4798,1.4767,0.013897,0.012085,0.012074,0.011813,72.233392,71.500262,1.385395,0.004606,1.144014,4,10,7,6,4,10,7,6,4,10,7,6,4,10,7,6,0.05397,0.10125,0.36848,0.38461,1,1,12:08:2023,12:52:43,932,-10.882212,-61.9686,175.0,lev20,Almucantar,Ji_Parana_UNIR,265,265.864711,0.9115,0.8948,0.8672,0.8498,72.233392,71.500262,1.385395,0.004606,1.144014,4,10,7,6,4,10,7,6,4,10,7,6,4,10,7,6,0.05397,0.10125,0.36848,0.38461,1,1,12:08:2023,12:52:43,932,-10.882212,-61.9686,175.0,lev20,Almucantar,Ji_Parana_UNIR,265,265.864711,0.10135,0.055916,0.041959,0.034692,1.300861,72.233392,71.500262,1.385395,0.004606,1.144014,4,10,7,6,4,10,7,6,4,10,7,6,4,10,7,6,0.05397,0.10125,0.36848,0.38461,1,1,12:08:2023,12:52:43,932,-10.882212,-61.9686,175.0,lev20,Almucantar,1.8892572395445952,0.8998010412661375,0.9388503251046721,BCL,Biomass,,Unknown
22:09:2021,21:05:10,Ji_Parana_UNIR,265,265.878588,1.1438,0.5285,0.3145,0.2296,1.0962,0.4793,0.2635,0.1775,0.0476,0.0492,0.051,0.0521,1.880461,77.114117,76.38195,2.235468,0.006213,1.141281,4,10,7,5,4,10,7,5,4,10,7,6,4,10,7,5,0.05844,0.10879,0.39867,0.41288,1,1,12:08:2023,12:55:44,932,-10.882212,-61.9686,175.0,lev20,Almucantar,Ji_Parana_UNIR,265,265.878588,1.141281,0.527245,0.314116,0.22982,1.879214,77.114117,76.38195,2.235468,0.006213,1.141281,4,10,7,5,4,10,7,5,4,10,7,6,4,10,7,5,0.05844,0.10879,0.39867,0.41288,1,1,12:08:2023,12:55:44,932,-10.882212,-61.9686,175.0,lev20,Almucantar,Ji_Parana_UNIR,265,265.878588,1.4563,1.473,1.4742,1.469,0.014088,0.012399,0.012313,0.012128,77.114117,76.38195,2.235468,0.006213,1.141281,4,10,7,5,4,10,7,5,4,10,7,6,4,10,7,5,0.05844,0.10879,0.39867,0.41288,1,1,12:08:2023,12:55:44,932,-10.882212,-61.9686,175.0,lev20,Almucantar,Ji_Parana_UNIR,265,265.878588,0.9103,0.8916,0.8636,0.8443,77.114117,76.38195,2.235468,0.006213,1.141281,4,10,7,5,4,10,7,5,4,10,7,6,4,10,7,5,0.05844,0.10879,0.39867,0.41288,1,1,12:08:2023,12:55:44,932,-10.882212,-61.9686,175.0,lev20,Almucantar,Ji_Parana_UNIR,265,265.878588,0.10257,0.057308,0.042907,0.035745,1.284182,77.114117,76.38195,2.235468,0.006213,1.141281,4,10,7,5,4,10,7,5,4,10,7,6,4,10,7,5,0.05844,0.10879,0.39867,0.41288,1,1,12:08:2023,12:55:44,932,-10.882212,-61.9686,175.0,lev20,Almucantar,1.8939302428334581,0.8978507422056503,0.9389010188399556,BCL,Biomass,,Unknown
26:09:2021,12:12:49,Ji_Parana_UNIR,269,269.5089,0.4123,0.2,0.125,0.0936,0.3898,0.176,0.0993,0.0668,0.0225,0.0239,0.0257,0.0268,1.740567,56.180632,56.913404,0.870599,0.002177,0.411372,4,10,8,4,4,10,8,4,4,10,8,4,4,10,8,4,0.04553,0.08721,0.31162,0.3337,1,1,12:08:2023,12:50:03,932,-10.882212,-61.9686,175.0,lev20,Almucantar,Ji_Parana_UNIR,269,269.5089,0.411372,0.20013,0.124913,0.093919,1.737813,56.180632,56.913404,0.870599,0.002177,0.411372,4,10,8,4,4,10,8,4,4,10,8,4,4,10,8,4,0.04553,0.08721,0.31162,0.3337,1,1,12:08:2023,12:50:03,932,-10.882212,-61.9686,175.0,lev20,Almucantar,Ji_Parana_UNIR,269,269.5089,1.4918,1.4895,1.4926,1.4872,0.015971,0.014245,0.014514,0.01443,56.180632,56.913404,0.870599,0.002177,0.411372,4,10,8,4,4,10,8,4,4,10,8,4,4,10,8,4,0.04553,0.08721,0.31162,0.3337,1,1,12:08:2023,12:50:03,932,-10.882212,-61.9686,175.0,lev20,Almucantar,Ji_Parana_UNIR,269,269.5089,0.9081,0.8934,0.8693,0.8548,56.180632,56.913404,0.870599,0.002177,0.411372,4,10,8,4,4,10,8,4,4,10,8,4,4,10,8,4,0.04553,0.08721,0.31162,0.3337,1,1,12:08:2023,12:50:03,932,-10.882212,-61.9686,175.0,lev20,Almucantar,Ji_Parana_UNIR,269,269.5089,0.037885,0.021321,0.016328,0.01359,1.243312,56.180632,56.913404,0.870599,0.002177,0.411372,4,10,8,4,4,10,8,4,4,10,8,4,4,10,8,4,0.04553,0.08721,0.31162,0.3337,1,1,12:08:2023,12:50:03,932,-10.882212,-61.9686,175.0,lev20,Almucantar,1.7506309849763795,0.3296271537636679,0.9209490245633623,BCL,Urban,,Unknown
26:09:2021,12:37:53,Ji_Parana_UNIR,269,269.526308,0.4019,0.1947,0.1219,0.0916,0.376,0.1658,0.0915,0.0605,0.0259,0.0289,0.0304,0.031,1.740316,50.067525,50.798086,0.94569,0.002837,0.401075,3,10,8,4,3,10,8,4,3,10,8,4,3,10,8,4,0.04403,0.08447,0.29888,0.32116,1,1,12:08:2023,12:55:01,932,-10.882212,-61.9686,175.0,lev20,Almucantar,Ji_Parana_UNIR,269,269.526308,0.401075,0.194824,0.121945,0.091986,1.736482,50.067525,50.798086,0.94569,0.002837,0.401075,3,10,8,4,3,10,8,4,3,10,8,4,3,10,8,4,0.04403,0.08447,0.29888,0.32116,1,1,12:08:2023,12:55:01,932,-10.882212,-61.9686,175.0,lev20,Almucantar,Ji_Parana_UNIR,269,269.526308,1.4778,1.4836,1.4884,1.4851,0.016623,0.014755,0.015341,0.014801,50.067525,50.798086,0.94569,0.002837,0.401075,3,10,8,4,3,10,8,4,3,10,8,4,3,10,8,4,0.04403,0.08447,0.29888,0.32116,1,1,12:08:2023,12:55:01,932,-10.882212,-61.9686,175.0,lev20,Almucantar,Ji_Parana_UNIR,269,269.526308,0.9025,0.8858,0.8572,0.8465,50.067525,50.798086,0.94569,0.002837,0.401075,3,10,8,4,3,10,8,4,3,10,8,4,3,10,8,4,0.04403,0.08447,0.29888,0.32116,1,1,12:08:2023,12:55:01,932,-10.882212,-61.9686,175.0,lev20,Almucantar,Ji_Parana_UNIR,269,269.526308,0.03919,0.022238,0.017414,0.014058,1.201294,50.067525,50.798086,0.94569,0.002837,0.401075,3,10,8,4,3,10,8,4,3,10,8,4,3,10,8,4,0.04403,0.08447,0.29888,0.32116,1,1,12:08:2023,12:55:01,932,-10.882212,-61.9686,175.0,lev20,Almucantar,1.7499925433727428,0.3213387473881025,0.9025141264358877,BCL,Urban,,Unknown
26:09:2021,20:52:59,Ji_Parana_UNIR,269,269.870127,0.3701,0.1795,0.1118,0.0844,0.3451,0.1519,0.0829,0.0552,0.025,0.0276,0.0288,0.0292,1.745357,74.179642,73.44583,1.192012,0.004377,0.368586,4,10,7,6,4,10,7,6,4,10,7,6,4,10,7,5,0.05596,0.10434,0.37979,0.39522,1,1,12:08:2023,12:51:48,932,-10.882212,-61.9686,175.0,lev20,Almucantar,Ji_Parana_UNIR,269,269.870127,0.368586,0.178577,0.111757,0.084354,1.740746,74.179642,73.44583,1.192012,0.004377,0.368586,4,10,7,6,4,10,7,6,4,10,7,6,4,10,7,5,0.05596,0.10434,0.37979,0.39522,1,1,12:08:2023,12:51:48,932,-10.882212,-61.9686,175.0,lev20,Almucantar,Ji_Parana_UNIR,269,269.870127,1.4754,1.4846,1.4878,1.4841,0.010224,0.009004,0.009193,0.009292,74.179642,73.44583,1.192012,0.004377,0.368586,4,10,7,6,4,10,7,6,4,10,7,6,4,10,7,5,0.05596,0.10434,0.37979,0.39522,1,1,12:08:2023,12:51:48,932,-10.882212,-61.9686,175.0,lev20,Almucantar,Ji_Parana_UNIR,269,269.870127,0.9327,0.9209,0.9007,0.8859,74.179642,73.44583,1.192012,0.004377,0.368586,4,10,7,6,4,10,7,6,4,10,7,6,4,10,7,5,0.05596,0.10434,0.37979,0.39522,1,1,12:08:2023,12:51:48,932,-10.882212,-61.9686,175.0,lev20,Almucantar,Ji_Parana_UNIR,269,269.870127,0.055346,0.031912,0.023381,0.019242,1.305471,74.179642,73.44583,1.192012,0.004377,0.368586,4,10,7,6,4,10,7,6,4,10,7,6,4,10,7,5,0.05596,0.10434,0.37979,0.39522,1,1,12:08:2023,12:51:48,932,-10.882212,-61.9686,175.0,lev20,Almucantar,1.755947220844562,0.2956879235923904,0.897513952934613,BCL,Urban,,Unknown
26:09:2021,21:10:29,Ji_Parana_UNIR,269,269.88228,0.3699,0.1795,0.1119,0.0843,0.3443,0.1514,0.0823,0.0541,0.0257,0.0281,0.0296,0.0302,1.743345,78.454977,77.722956,2.641933,0.005649,0.368346,4,10,7,3,4,10,7,4,4,10,7,4,4,10,7,3,0.06063,0.11199,0.40937,0.42287,1,1,12:08:2023,12:54:19,932,-10.882212,-61.9686,175.0,lev20,Almucantar,Ji_Parana_UNIR,269,269.88228,0.368346,0.17867,0.1119,0.084467,1.737933,78.454977,77.722956,2.641933,0.005649,0.368346,4,10,7,3,4,10,7,4,4,10,7,4,4,10,7,3,0.06063,0.11199,0.40937,0.42287,1,1,12:08:2023,12:54:19,932,-10.882212,-61.9686,175.0,lev20,Almucantar,Ji_Parana_UNIR,269,269.88228,1.4754,1.4846,1.4878,1.4841,0.010224,0.009004,0.009193,0.009292,78.454977,77.722956,2.641933,0.005649,0.368346,4,10,7,3,4,10,7,4,4,10,7,4,4,10,7,3,0.06063,0.11199,0.40937,0.42287,1,1,12:08:2023,12:54:19,932,-10.882212,-61.9686,175.0,lev20,Almucantar,Ji_Parana_UNIR,269,269.88228,0.9327,0.9209,0.9007,0.8859,78.454977,77.722956,2.641933,0.005649,0.368346,4,10,7,3,4,10,7,4,4,10,7,4,4,10,7,3,0.06063,0.11199,0.40937,0.42287,1,1,12:08:2023,12:54:19,932,-10.882212,-61.9686,175.0,lev20,Almucantar,Ji_Parana_UNIR,269,269.88228,0.055346,0.031912,0.023381,0.019242,1.305471,78.454977,77.722956,2.641933,0.005649,0.368346,4,10,7,3,4,10,7,4,4,10,7,4,4,10,7,3,0.06063,0.11199,0.40937,0.42287,1,1,12:08:2023,12:54:19,932,-10.882212,-61.9686,175.0,lev20,Almucantar,1.7538428402494872,0.29560764620578267,0.896484633694938,BCL,Urban,,Unknown
01:10:2021,19:46:20,Ji_Parana_UNIR,274,274.823843,0.3023,0.1407,0.0859,0.0637,0.286,0.123,0.0671,0.0442,0.0163,0.0177,0.0188,0.0195,1.835579,57.900205,57.165249,1.819056,0.039978,0.302149,4,10,7,5,4,10,7,5,4,10,7,5,4,10,7,5,0.04591,0.08767,0.31705,0.33555,1,1,12:08:2023,12:56:48,932,-10.882212,-61.9686,175.0,lev20,Almucantar,Ji_Parana_UNIR,274,274.823843,0.302149,0.139274,0.08599,0.063776,1.835917,57.900205,57.165249,1.819056,0.039978,0.302149,4,10,7,5,4,10,7,5,4,10,7,5,4,10,7,5,0.04591,0.08767,0.31705,0.33555,1,1,12:08:2023,12:56:48,932,-10.882212,-61.9686,175.0,lev20,Almucantar,Ji_Parana_UNIR,274,274.823843,1.4754,1.4846,1.4878,1.4841,0.010224,0.009004,0.009193,0.009292,57.900205,57.165249,1.819056,0.039978,0.302149,4,10,7,5,4,10,7,5,4,10,7,5,4,10,7,5,0.04591,0.08767,0.31705,0.33555,1,1,12:08:2023,12:56:48,932,-10.882212,-61.9686,175.0,lev20,Almucantar,Ji_Parana_UNIR,274,274.823843,0.9327,0.9209,0.9007,0.8859,57.900205,57.165249,1.819056,0.039978,0.302149,4,10,7,5,4,10,7,5,4,10,7,5,4,10,7,5,0.04591,0.08767,0.31705,0.33555,1,1,12:08:2023,12:56:48,932,-10.882212,-61.9686,175.0,lev20,Almucantar,Ji_Parana_UNIR,274,274.823843,0.055346,0.031912,0.023381,0.019242,1.305471,57.900205,57.165249,1.819056,0.039978,0.302149,4,10,7,5,4,10,7,5,4,10,7,5,4,10,7,5,0.04591,0.08767,0.31705,0.33555,1,1,12:08:2023,12:56:48,932,-10.882212,-61.9686,175.0,lev20,Almucantar,1.8456827869085397,0.2387650582072634,0.9191915392344009,BCL,Urban,,Unknown
01:10:2021,20:09:14,Ji_Parana_UNIR,274,274.839745,0.2902,0.1376,0.0861,0.0645,0.2747,0.1207,0.0681,0.0458,0.0155,0.0169,0.0181,0.0187,1.774465,63.51199,62.776737,3.481985,0.089155,0.289984,3,10,8,5,3,10,8,5,3,10,8,5,3,10,8,5,0.04818,0.09159,0.33358,0.35106,1,1,12:08:2023,12:37:13,932,-10.882212,-61.9686,175.0,lev20,Almucantar,Ji_Parana_UNIR,274,274.839745,0.289984,0.135944,0.086546,0.066073,1.769492,63.51199,62.776737,3.481985,0.089155,0.289984,3,10,8,5,3,10,8,5,3,10,8,5,3,10,8,5,0.04818,0.09159,0.33358,0.35106,1,1,12:08:2023,12:37:13,932,-10.882212,-61.9686,175.0,lev20,Almucantar,Ji_Parana_UNIR,274,274.839745,1.4754,1.4846,1.4878,1.4841,0.010224,0.009004,0.009193,0.009292,63.51199,62.776737,3.481985,0.089155,0.289984,3,10,8,5,3,10,8,5,3,10,8,5,3,10,8,5,0.04818,0.09159,0.33358,0.35106,1,1,12:08:2023,12:37:13,932,-10.882212,-61.9686,175.0,lev20,Almucantar,Ji_Parana_UNIR,274,274.839745,0.9327,0.9209,0.9007,0.8859,63.51199,62.776737,3.481985,0.089155,0.289984,3,10,8,5,3,10,8,5,3,10,8,5,3,10,8,5,0.04818,0.09159,0.33358,0.35106,1,1,12:08:2023,12:37:13,932,-10.882212,-61.9686,175.0,lev20,Almucantar,Ji_Parana_UNIR,274,274.839745,0.055346,0.031912,0.023381,0.019242,1.305471,63.51199,62.776737,3.481985,0.089155,0.289984,3,10,8,5,3,10,8,5,3,10,8,5,3,10,8,5,0.04818,0.09159,0.33358,0.35106,1,1,12:08:2023,12:37:13,932,-10.882212,-61.9686,175.0,lev20,Almucantar,1.7823499820257447,0.23107134901757267,0.9199808222259046,BCL,Urban,,Unknown
03:10:2021,10:56:16,Ji_Parana_UNIR,276,276.455741,0.263,0.132,0.0871,0.0689,0.239,0.105,0.0586,0.0399,0.024,0.027,0.0285,0.029,1.616477,73.854521,74.588556,1.636127,0.011388,0.262518,4,10,7,6,4,10,7,6,4,10,7,6,4,10,7,6,0.05433,0.10288,0.38237,0.40293,1,1,12:08:2023,12:35:24,932,-10.882212,-61.9686,175.0,lev20,Almucantar,Ji_Parana_UNIR,276,276.455741,0.262518,0.131329,0.087218,0.069152,1.613098,73.854521,74.588556,1.636127,0.011388,0.262518,4,10,7,6,4,10,7,6,4,10,7,6,4,10,7,6,0.05433,0.10288,0.38237,0.40293,1,1,12:08:2023,12:35:24,932,-10.882212,-61.9686,175.0,lev20,Almucantar,Ji_Parana_UNIR,276,276.455741,1.4754,1.4846,1.4878,1.4841,0.010224,0.009004,0.009193,0.009292,73.854521,74.588556,1.636127,0.011388,0.262518,4,10,7,6,4,10,7,6,4,10,7,6,4,10,7,6,0.05433,0.10288,0.38237,0.40293,1,1,12:08:2023,12:35:24,932,-10.882212,-61.9686,175.0,lev20,Almucantar,Ji_Parana_UNIR,276,276.455741,0.9327,0.9209,0.9007,0.8859,73.854521,74.588556,1.636127,0.011388,0.262518,4,10,7,6,4,10,7,6,4,10,7,6,4,10,7,6,0.05433,0.10288,0.38237,0.40293,1,1,12:08:2023,12:35:24,932,-10.882212,-61.9686,175.0,lev20,Almucantar,Ji_Parana_UNIR,276,276.455741,0.055346,0.031912,0.023381,0.019242,1.305471,73.854521,74.588556,1.636127,0.011388,0.262518,4,10,7,6,4,10,7,6,4,10,7,6,4,10,7,6,0.05433,0.10288,0.38237,0.40293,1,1,12:08:2023,12:35:24,932,-10.882212,-61.9686,175.0,lev20,Almucantar,1.6210461841103527,0.21377631964734206,0.8599670435031869,BCL,Urban,,Unknown
03:10:2021,11:25:30,Ji_Parana_UNIR,276,276.476042,0.2743,0.1424,0.0974,0.0782,0.2477,0.1133,0.0674,0.0482,0.0266,0.0292,0.0299,0.03,1.516891,66.692654,67.428115,2.199787,0.065071,0.273774,4,10,7,6,4,10,7,6,2,10,7,6,2,10,7,6,0.04945,0.09429,0.34687,0.36766,1,1,12:08:2023,12:40:01,932,-10.882212,-61.9686,175.0,lev20,Almucantar,Ji_Parana_UNIR,276,276.476042,0.273774,0.14116,0.096988,0.079052,1.521592,66.692654,67.428115,2.199787,0.065071,0.273774,4,10,7,6,4,10,7,6,2,10,7,6,2,10,7,6,0.04945,0.09429,0.34687,0.36766,1,1,12:08:2023,12:40:01,932,-10.882212,-61.9686,175.0,lev20,Almucantar,Ji_Parana_UNIR,276,276.476042,1.4754,1.4846,1.4878,1.4841,0.010224,0.009004,0.009193,0.009292,66.692654,67.428115,2.199787,0.065071,0.273774,4,10,7,6,4,10,7,6,2,10,7,6,2,10,7,6,0.04945,0.09429,0.34687,0.36766,1,1,12:08:2023,12:40:01,932,-10.882212,-61.9686,175.0,lev20,Almucantar,Ji_Parana_UNIR,276,276.476042,0.9327,0.9209,0.9007,0.8859,66.692654,67.428115,2.199787,0.065071,0.273774,4,10,7,6,4,10,7,6,2,10,7,6,2,10,7,6,0.04945,0.09429,0.34687,0.36766,1,1,12:08:2023,12:40:01,932,-10.882212,-61.9686,175.0,lev20,Almucantar,Ji_Parana_UNIR,276,276.476042,0.055346,0.031912,0.023381,0.019242,1.305471,66.692654,67.428115,2.199787,0.065071,0.273774,4,10,7,6,4,10,7,6,2,10,7,6,2,10,7,6,0.04945,0.09429,0.34687,0.36766,1,1,12:08:2023,12:40:01,932,-10.882212,-61.9686,175.0,lev20,Almucantar,1.5188031577221237,0.22589463407085056,0.8541749913598154,BCL,Urban,,Unknown
03:10:2021,12:07:58,Ji_Parana_UNIR,276,276.505532,0.2761,0.1414,0.0955,0.0762,0.2455,0.1074,0.0597,0.0397,0.0306,0.0341,0.0359,0.0365,1.554596,56.278579,57.014185,1.872316,0.036292,0.274527,4,10,8,4,4,10,8,4,4,10,8,4,4,10,8,4,0.04521,0.0867,0.31407,0.3352,1,1,12:08:2023,12:43:54,932,-10.882212,-61.9686,175.0,lev20,Almucantar,Ji_Parana_UNIR,276,276.505532,0.274527,0.139919,0.094983,0.076103,1.555392,56.278579,57.014185,1.872316,0.036292,0.274527,4,10,8,4,4,10,8,4,4,10,8,4,4,10,8,4,0.04521,0.0867,0.31407,0.3352,1,1,12:08:2023,12:43:54,932,-10.882212,-61.9686,175.0,lev20,Almucantar,Ji_Parana_UNIR,276,276.505532,1.4754,1.4846,1.4878,1.4841,0.010224,0.009004,0.009193,0.009292,56.278579,57.014185,1.872316,0.036292,0.274527,4,10,8,4,4,10,8,4,4,10,8,4,4,10,8,4,0.04521,0.0867,0.31407,0.3352,1,1,12:08:2023,12:43:54,932,-10.882212,-61.9686,175.0,lev20,Almucantar,Ji_Parana_UNIR,276,276.505532,0.9327,0.9209,0.9007,0.8859,56.278579,57.014185,1.872316,0.036292,0.274527,4,10,8,4,4,10,8,4,4,10,8,4,4,10,8,4,0.04521,0.0867,0.31407,0.3352,1,1,12:08:2023,12:43:54,932,-10.882212,-61.9686,175.0,lev20,Almucantar,Ji_Parana_UNIR,276,276.505532,0.055346,0.031912,0.023381,0.019242,1.305471,56.278579,57.014185,1.872316,0.036292,0.274527,4,10,8,4,4,10,8,4,4,10,8,4,4,10,8,4,0.04521,0.0867,0.31407,0.3352,1,1,12:08:2023,12:43:54,932,-10.882212,-61.9686,175.0,lev20,Almucantar,1.5572951228688596,0.2262609169081905,0.833741553570124,BCL,Urban,,Unknown
03:10:2021,12:32:29,Ji_Parana_UNIR,276,276.522558,0.2754,0.1393,0.0927,0.0718,0.2511,0.1121,0.0641,0.0426,0.0243,0.0272,0.0286,0.0292,1.593299,50.269891,51.004789,1.469851,0.059801,0.274903,3,10,8,4,3,10,8,4,3,10,8,4,3,10,8,4,0.04371,0.08395,0.3014,0.32273,1,1,12:08:2023,12:48:37,932,-10.882212,-61.9686,175.0,lev20,Almucantar,Ji_Parana_UNIR,276,276.522558,0.274903,0.138026,0.092307,0.073184,1.598296,50.269891,51.004789,1.469851,0.059801,0.274903,3,10,8,4,3,10,8,4,3,10,8,4,3,10,8,4,0.04371,0.08395,0.3014,0.32273,1,1,12:08:2023,12:48:37,932,-10.882212,-61.9686,175.0,lev20,Almucantar,Ji_Parana_UNIR,276,276.522558,1.4754,1.4846,1.4878,1.4841,0.010224,0.009004,0.009193,0.009292,50.269891,51.004789,1.469851,0.059801,0.274903,3,10,8,4,3,10,8,4,3,10,8,4,3,10,8,4,0.04371,0.08395,0.3014,0.32273,1,1,12:08:2023,12:48:37,932,-10.882212,-61.9686,175.0,lev20,Almucantar,Ji_Parana_UNIR,276,276.522558,0.9327,0.9209,0.9007,0.8859,50.269891,51.004789,1.469851,0.059801,0.274903,3,10,8,4,3,10,8,4,3,10,8,4,3,10,8,4,0.04371,0.08395,0.3014,0.32273,1,1,12:08:2023,12:48:37,932,-10.882212,-61.9686,175.0,lev20,Almucantar,Ji_Parana_UNIR,276,276.522558,0.055346,0.031912,0.023381,0.019242,1.305471,50.269891,51.004789,1.469851,0.059801,0.274903,3,10,8,4,3,10,8,4,3,10,8,4,3,10,8,4,0.04371,0.08395,0.3014,0.32273,1,1,12:08:2023,12:48:37,932,-10.882212,-61.9686,175.0,lev20,Almucantar,1.597222516481853,0.22453828944519966,0.8677217314766534,BCL,Urban,,Unknown
04:10:2021,10:55:57,Ji_Parana_UNIR,277,277.455521,0.2591,0.1209,0.0752,0.0563,0.2473,0.1084,0.0619,0.0424,0.0118,0.0124,0.0133,0.0139,1.807211,73.789365,74.523286,2.626344,0.031933,0.258457,4,10,7,6,4,10,7,6,4,10,7,5,4,10,7,5,0.05435,0.10285,0.382,0.40263,1,1,12:08:2023,12:51:30,932,-10.882212,-61.9686,175.0,lev20,Almucantar,Ji_Parana_UNIR,277,277.455521,0.258457,0.120192,0.074771,0.056273,1.812285,73.789365,74.523286,2.626344,0.031933,0.258457,4,10,7,6,4,10,7,6,4,10,7,5,4,10,7,5,0.05435,0.10285,0.382,0.40263,1,1,12:08:2023,12:51:30,932,-10.882212,-61.9686,175.0,lev20,Almucantar,Ji_Parana_UNIR,277,277.455521,1.4754,1.4846,1.4878,1.4841,0.010224,0.009004,0.009193,0.009292,73.789365,74.523286,2.626344,0.031933,0.258457,4,10,7,6,4,10,7,6,4,10,7,5,4,10,7,5,0.05435,0.10285,0.382,0.40263,1,1,12:08:2023,12:51:30,932,-10.882212,-61.9686,175.0,lev20,Almucantar,Ji_Parana_UNIR,277,277.455521,0.9327,0.9209,0.9007,0.8859,73.789365,74.523286,2.626344,0.031933,0.258457,4,10,7,6,4,10,7,6,4,10,7,5,4,10,7,5,0.05435,0.10285,0.382,0.40263,1,1,12:08:2023,12:51:30,932,-10.882212,-61.9686,175.0,lev20,Almucantar,Ji_Parana_UNIR,277,277.455521,0.055346,0.031912,0.023381,0.019242,1.305471,73.789365,74.523286,2.626344,0.031933,0.258457,4,10,7,6,4,10,7,6,4,10,7,5,4,10,7,5,0.05435,0.10285,0.382,0.40263,1,1,12:08:2023,12:51:30,932,-10.882212,-61.9686,175.0,lev20,Almucantar,1.8146241950454747,0.2054586010078726,0.9324018548156364,BCL,Urban,,Unknown
04:10:2021,12:07:18,Ji_Parana_UNIR,277,277.505069,0.2332,0.1118,0.0716,0.055,0.2153,0.0921,0.0505,0.0333,0.0178,0.0197,0.0211,0.0217,1.726873,56.29854,57.034344,1.13976,0.02493,0.232616,4,10,8,4,4,10,8,4,4,10,8,4,4,10,8,4,0.04521,0.08671,0.3141,0.33525,1,1,12:08:2023,12:35:25,932,-10.882212,-61.9686,175.0,lev20,Almucantar,Ji_Parana_UNIR,277,277.505069,0.232616,0.110806,0.071353,0.054959,1.72968,56.29854,57.034344,1.13976,0.02493,0.232616,4,10,8,4,4,10,8,4,4,10,8,4,4,10,8,4,0.04521,0.08671,0.3141,0.33525,1,1,12:08:2023,12:35:25,932,-10.882212,-61.9686,175.0,lev20,Almucantar,Ji_Parana_UNIR,277,277.505069,1.4754,1.4846,1.4878,1.4841,0.010224,0.009004,0.009193,0.009292,56.29854,57.034344,1.13976,0.02493,0.232616,4,10,8,4,4,10,8,4,4,10,8,4,4,10,8,4,0.04521,0.08671,0.3141,0.33525,1,1,12:08:2023,12:35:25,932,-10.882212,-61.9686,175.0,lev20,Almucantar,Ji_Parana_UNIR,277,277.505069,0.9327,0.9209,0.9007,0.8859,56.29854,57.034344,1.13976,0.02493,0.232616,4,10,8,4,4,10,8,4,4,10,8,4,4,10,8,4,0.04521,0.08671,0.3141,0.33525,1,1,12:08:2023,12:35:25,932,-10.882212,-61.9686,175.0,lev20,Almucantar,Ji_Parana_UNIR,277,277.505069,0.055346,0.031912,0.023381,0.019242,1.305471,56.29854,57.034344,1.13976,0.02493,0.232616,4,10,8,4,4,10,8,4,4,10,8,4,4,10,8,4,0.04521,0.08671,0.3141,0.33525,1,1,12:08:2023,12:35:25,932,-10.882212,-61.9686,175.0,lev20,Almucantar,1.7320952958558131,0.18688190121294632,0.8834484326106353,BCL,Unclassified,,Unknown
04:10:2021,12:31:56,Ji_Parana_UNIR,277,277.522176,0.2246,0.1078,0.0679,0.0507,0.212,0.0939,0.0532,0.0355,0.0126,0.0139,0.0148,0.0152,1.746887,50.258885,50.994148,1.826381,0.111212,0.224605,3,10,8,4,3,10,8,4,3,10,8,4,3,10,8,3,0.04371,0.08395,0.30138,0.32271,1,1,12:08:2023,12:39:25,932,-10.882212,-61.9686,175.0,lev20,Almucantar,Ji_Parana_UNIR,277,277.522176,0.224605,0.105444,0.066898,0.051092,1.771784,50.258885,50.994148,1.826381,0.111212,0.224605,3,10,8,4,3,10,8,4,3,10,8,4,3,10,8,3,0.04371,0.08395,0.30138,0.32271,1,1,12:08:2023,12:39:25,932,-10.882212,-61.9686,175.0,lev20,Almucantar,Ji_Parana_UNIR,277,277.522176,1.4754,1.4846,1.4878,1.4841,0.010224,0.009004,0.009193,0.009292,50.258885,50.994148,1.826381,0.111212,0.224605,3,10,8,4,3,10,8,4,3,10,8,4,3,10,8,3,0.04371,0.08395,0.30138,0.32271,1,1,12:08:2023,12:39:25,932,-10.882212,-61.9686,175.0,lev20,Almucantar,Ji_Parana_UNIR,277,277.522176,0.9327,0.9209,0.9007,0.8859,50.258885,50.994148,1.826381,0.111212,0.224605,3,10,8,4,3,10,8,4,3,10,8,4,3,10,8,3,0.04371,0.08395,0.30138,0.32271,1,1,12:08:2023,12:39:25,932,-10.882212,-61.9686,175.0,lev20,Almucantar,Ji_Parana_UNIR,277,277.522176,0.055346,0.031912,0.023381,0.019242,1.305471,50.258885,50.994148,1.826381,0.111212,0.224605,3,10,8,4,3,10,8,4,3,10,8,4,3,10,8,3,0.04371,0.08395,0.30138,0.32271,1,1,12:08:2023,12:39:25,932,-10.882212,-61.9686,175.0,lev20,Almucantar,1.7548079368896612,0.17946819890882273,0.9159045513519628,BCL,Unclassified,,Unknown
08:10:2021,20:51:53,Ji_Parana_UNIR,281,281.869363,0.5484,0.2736,0.1755,0.136,0.5014,0.2197,0.1188,0.0788,0.0471,0.0539,0.0567,0.0572,1.662848,74.00779,73.274949,2.189579,0.008633,0.547942,4,10,7,6,4,10,5,3,4,7,4,3,4,5,5,3,0.05475,0.10255,0.38287,0.39649,1,1,12:08:2023,12:49:04,932,-10.882212,-61.9686,175.0,lev20,Almucantar,Ji_Parana_UNIR,281,281.869363,0.547942,0.272831,0.175569,0.135613,1.661724,74.00779,73.274949,2.189579,0.008633,0.547942,4,10,7,6,4,10,5,3,4,7,4,3,4,5,5,3,0.05475,0.10255,0.38287,0.39649,1,1,12:08:2023,12:49:04,932,-10.882212,-61.9686,175.0,lev20,Almucantar,Ji_Parana_UNIR,281,281.869363,1.4674,1.4736,1.4718,1.4669,0.011559,0.010155,0.010705,0.010929,74.00779,73.274949,2.189579,0.008633,0.547942,4,10,7,6,4,10,5,3,4,7,4,3,4,5,5,3,0.05475,0.10255,0.38287,0.39649,1,1,12:08:2023,12:49:04,932,-10.882212,-61.9686,175.0,lev20,Almucantar,Ji_Parana_UNIR,281,281.869363,0.923,0.9108,0.891,0.8797,74.00779,73.274949,2.189579,0.008633,0.547942,4,10,7,6,4,10,5,3,4,7,4,3,4,5,5,3,0.05475,0.10255,0.38287,0.39649,1,1,12:08:2023,12:49:04,932,-10.882212,-61.9686,175.0,lev20,Almucantar,Ji_Parana_UNIR,281,281.869363,0.042237,0.024399,0.019135,0.016358,1.17155,74.00779,73.274949,2.189579,0.008633,0.547942,4,10,7,6,4,10,5,3,4,7,4,3,4,5,5,3,0.05475,0.10255,0.38287,0.39649,1,1,12:08:2023,12:49:04,932,-10.882212,-61.9686,175.0,lev20,Almucantar,1.6713143772578307,0.4429049538913078,0.867345282794631,BCL,Unclassified,,Unknown
10:10:2021,10:51:31,Ji_Parana_UNIR,283,283.452442,0.358,0.1829,0.124,0.1004,0.3199,0.1396,0.077,0.052,0.0381,0.0433,0.0471,0.0484,1.553371,74.069377,74.801579,2.454011,0.021642,0.357031,4,10,7,5,4,10,7,4,4,10,7,4,4,10,6,3,0.0542,0.10243,0.38564,0.40545,1,1,12:08:2023,12:49:24,932,-10.882212,-61.9686,175.0,lev20,Almucantar,Ji_Parana_UNIR,283,283.452442,0.357031,0.181966,0.123855,0.10113,1.551939,74.069377,74.801579,2.454011,0.021642,0.357031,4,10,7,5,4,10,7,4,4,10,7,4,4,10,6,3,0.0542,0.10243,0.38564,0.40545,1,1,12:08:2023,12:49:24,932,-10.882212,-61.9686,175.0,lev20,Almucantar,Ji_Parana_UNIR,283,283.452442,1.4754,1.4846,1.4878,1.4841,0.010224,0.009004,0.009193,0.009292,74.069377,74.801579,2.454011,0.021642,0.357031,4,10,7,5,4,10,7,4,4,10,7,4,4,10,6,3,0.0542,0.10243,0.38564,0.40545,1,1,12:08:2023,12:49:24,932,-10.882212,-61.9686,175.0,lev20,Almucantar,Ji_Parana_UNIR,283,283.452442,0.9327,0.9209,0.9007,0.8859,74.069377,74.801579,2.454011,0.021642,0.357031,4,10,7,5,4,10,7,4,4,10,7,4,4,10,6,3,0.0542,0.10243,0.38564,0.40545,1,1,12:08:2023,12:49:24,932,-10.882212,-61.9686,175.0,lev20,Almucantar,Ji_Parana_UNIR,283,283.452442,0.055346,0.031912,0.023381,0.019242,1.305471,74.069377,74.801579,2.454011,0.021642,0.357031,4,10,7,5,4,10,7,4,4,10,7,4,4,10,6,3,0.0542,0.10243,0.38564,0.40545,1,1,12:08:2023,12:49:24,932,-10.882212,-61.9686,175.0,lev20,Almucantar,1.5552628314101695,0.29345329489657374,0.8372358173782811,BCL,Urban,,Unknown
10:10:2021,11:21:10,Ji_Parana_UNIR,283,283.473032,0.3536,0.1766,0.1167,0.0923,0.3203,0.1384,0.076,0.051,0.0334,0.0381,0.0407,0.0413,1.622217,66.818931,67.553398,1.70142,0.044052,0.352728,4,10,7,6,4,10,7,6,4,10,7,6,4,8,6,6,0.04901,0.09341,0.34914,0.36911,1,1,12:08:2023,12:36:24,932,-10.882212,-61.9686,175.0,lev20,Almucantar,Ji_Parana_UNIR,283,283.473032,0.352728,0.175556,0.116393,0.093099,1.623273,66.818931,67.553398,1.70142,0.044052,0.352728,4,10,7,6,4,10,7,6,4,10,7,6,4,8,6,6,0.04901,0.09341,0.34914,0.36911,1,1,12:08:2023,12:36:24,932,-10.882212,-61.9686,175.0,lev20,Almucantar,Ji_Parana_UNIR,283,283.473032,1.4754,1.4846,1.4878,1.4841,0.010224,0.009004,0.009193,0.009292,66.818931,67.553398,1.70142,0.044052,0.352728,4,10,7,6,4,10,7,6,4,10,7,6,4,8,6,6,0.04901,0.09341,0.34914,0.36911,1,1,12:08:2023,12:36:24,932,-10.882212,-61.9686,175.0,lev20,Almucantar,Ji_Parana_UNIR,283,283.473032,0.9327,0.9209,0.9007,0.8859,66.818931,67.553398,1.70142,0.044052,0.352728,4,10,7,6,4,10,7,6,4,10,7,6,4,8,6,6,0.04901,0.09341,0.34914,0.36911,1,1,12:08:2023,12:36:24,932,-10.882212,-61.9686,175.0,lev20,Almucantar,Ji_Parana_UNIR,283,283.473032,0.055346,0.031912,0.023381,0.019242,1.305471,66.818931,67.553398,1.70142,0.044052,0.352728,4,10,7,6,4,10,7,6,4,10,7,6,4,8,6,6,0.04901,0.09341,0.34914,0.36911,1,1,12:08:2023,12:36:24,932,-10.882212,-61.9686,175.0,lev20,Almucantar,1.6261254701047907,0.28723285533273785,0.8530980222620943,BCL,Urban,,Unknown
10:10:2021,12:04:05,Ji_Parana_UNIR,283,283.502836,0.347,0.1669,0.1059,0.081,0.3199,0.1366,0.0733,0.0474,0.0271,0.0304,0.0326,0.0336,1.73398,56.298805,57.034763,1.321965,0.047357,0.346276,4,10,8,4,4,10,8,4,4,10,8,4,4,10,8,4,0.04469,0.08565,0.31581,0.33614,1,1,12:08:2023,12:40:46,932,-10.882212,-61.9686,175.0,lev20,Almucantar,Ji_Parana_UNIR,283,283.502836,0.346276,0.166143,0.105368,0.08038,1.738438,56.298805,57.034763,1.321965,0.047357,0.346276,4,10,8,4,4,10,8,4,4,10,8,4,4,10,8,4,0.04469,0.08565,0.31581,0.33614,1,1,12:08:2023,12:40:46,932,-10.882212,-61.9686,175.0,lev20,Almucantar,Ji_Parana_UNIR,283,283.502836,1.4754,1.4846,1.4878,1.4841,0.010224,0.009004,0.009193,0.009292,56.298805,57.034763,1.321965,0.047357,0.346276,4,10,8,4,4,10,8,4,4,10,8,4,4,10,8,4,0.04469,0.08565,0.31581,0.33614,1,1,12:08:2023,12:40:46,932,-10.882212,-61.9686,175.0,lev20,Almucantar,Ji_Parana_UNIR,283,283.502836,0.9327,0.9209,0.9007,0.8859,56.298805,57.034763,1.321965,0.047357,0.346276,4,10,8,4,4,10,8,4,4,10,8,4,4,10,8,4,0.04469,0.08565,0.31581,0.33614,1,1,12:08:2023,12:40:46,932,-10.882212,-61.9686,175.0,lev20,Almucantar,Ji_Parana_UNIR,283,283.502836,0.055346,0.031912,0.023381,0.019242,1.305471,56.298805,57.034763,1.321965,0.047357,0.346276,4,10,8,4,4,10,8,4,4,10,8,4,4,10,8,4,0.04469,0.08565,0.31581,0.33614,1,1,12:08:2023,12:40:46,932,-10.882212,-61.9686,175.0,lev20,Almucantar,1.7409378708552175,0.2777648305256689,0.8813606473999898,BCL,Urban,,Unknown
10:10:2021,12:28:38,Ji_Parana_UNIR,283,283.519884,0.3563,0.1711,0.1089,0.0827,0.329,0.1408,0.0762,0.0489,0.0272,0.0303,0.0326,0.0337,1.732421,50.274618,51.010872,1.429278,0.052339,0.355702,3,10,8,4,3,10,8,4,3,10,8,4,3,10,8,4,0.04322,0.08289,0.30311,0.32365,1,1,12:08:2023,12:44:56,932,-10.882212,-61.9686,175.0,lev20,Almucantar,Ji_Parana_UNIR,283,283.519884,0.355702,0.169992,0.107991,0.082476,1.742385,50.274618,51.010872,1.429278,0.052339,0.355702,3,10,8,4,3,10,8,4,3,10,8,4,3,10,8,4,0.04322,0.08289,0.30311,0.32365,1,1,12:08:2023,12:44:56,932,-10.882212,-61.9686,175.0,lev20,Almucantar,Ji_Parana_UNIR,283,283.519884,1.4754,1.4846,1.4878,1.4841,0.010224,0.009004,0.009193,0.009292,50.274618,51.010872,1.429278,0.052339,0.355702,3,10,8,4,3,10,8,4,3,10,8,4,3,10,8,4,0.04322,0.08289,0.30311,0.32365,1,1,12:08:2023,12:44:56,932,-10.882212,-61.9686,175.0,lev20,Almucantar,Ji_Parana_UNIR,283,283.519884,0.9327,0.9209,0.9007,0.8859,50.274618,51.010872,1.429278,0.052339,0.355702,3,10,8,4,3,10,8,4,3,10,8,4,3,10,8,4,0.04322,0.08289,0.30311,0.32365,1,1,12:08:2023,12:44:56,932,-10.882212,-61.9686,175.0,lev20,Almucantar,Ji_Parana_UNIR,283,283.519884,0.055346,0.031912,0.023381,0.019242,1.305471,50.274618,51.010872,1.429278,0.052339,0.355702,3,10,8,4,3,10,8,4,3,10,8,4,3,10,8,4,0.04322,0.08289,0.30311,0.32365,1,1,12:08:2023,12:44:56,932,-10.882212,-61.9686,175.0,lev20,Almucantar,1.7387573745067901,0.2852887585374321,0.8848643735881838,BCL,Urban,,Unknown
10:10:2021,19:44:19,Ji_Parana_UNIR,283,283.822442,0.2925,0.1409,0.0907,0.069,0.2745,0.1213,0.0701,0.0478,0.018,0.0196,0.0206,0.0212,1.712743,57.477687,56.742039,2.453379,0.087309,0.291779,4,10,7,5,4,10,7,4,4,10,6,4,4,10,6,3,0.04526,0.08637,0.31768,0.33546,1,1,12:08:2023,12:54:13,932,-10.882212,-61.9686,175.0,lev20,Almucantar,Ji_Parana_UNIR,283,283.822442,0.291779,0.139532,0.090666,0.070231,1.711781,57.477687,56.742039,2.453379,0.087309,0.291779,4,10,7,5,4,10,7,4,4,10,6,4,4,10,6,3,0.04526,0.08637,0.31768,0.33546,1,1,12:08:2023,12:54:13,932,-10.882212,-61.9686,175.0,lev20,Almucantar,Ji_Parana_UNIR,283,283.822442,1.4754,1.4846,1.4878,1.4841,0.010224,0.009004,0.009193,0.009292,57.477687,56.742039,2.453379,0.087309,0.291779,4,10,7,5,4,10,7,4,4,10,6,4,4,10,6,3,0.04526,0.08637,0.31768,0.33546,1,1,12:08:2023,12:54:13,932,-10.882212,-61.9686,175.0,lev20,Almucantar,Ji_Parana_UNIR,283,283.822442,0.9327,0.9209,0.9007,0.8859,57.477687,56.742039,2.453379,0.087309,0.291779,4,10,7,5,4,10,7,4,4,10,6,4,4,10,6,3,0.04526,0.08637,0.31768,0.33546,1,1,12:08:2023,12:54:13,932,-10.882212,-61.9686,175.0,lev20,Almucantar,Ji_Parana_UNIR,283,283.822442,0.055346,0.031912,0.023381,0.019242,1.305471,57.477687,56.742039,2.453379,0.087309,0.291779,4,10,7,5,4,10,7,4,4,10,6,4,4,10,6,3,0.04526,0.08637,0.31768,0.33546,1,1,12:08:2023,12:54:13,932,-10.882212,-61.9686,175.0,lev20,Almucantar,1.7175818695949074,0.23483904989596233,0.9072759289065764,BCL,Urban,,Unknown
10:10:2021,20:44:13,Ji_Parana_UNIR,283,283.864039,0.3105,0.1476,0.096,0.0746,0.2843,0.1192,0.0668,0.0452,0.0262,0.0283,0.0292,0.0295,1.719816,72.142584,71.409666,3.02255,0.166558,0.306595,4,10,7,6,4,10,6,6,4,10,5,4,4,10,6,3,0.05299,0.09969,0.37211,0.38649,1,1,12:08:2023,12:38:42,932,-10.882212,-61.9686,175.0,lev20,Almucantar,Ji_Parana_UNIR,283,283.864039,0.306595,0.148002,0.09645,0.075386,1.693349,72.142584,71.409666,3.02255,0.166558,0.306595,4,10,7,6,4,10,6,6,4,10,5,4,4,10,6,3,0.05299,0.09969,0.37211,0.38649,1,1,12:08:2023,12:38:42,932,-10.882212,-61.9686,175.0,lev20,Almucantar,Ji_Parana_UNIR,283,283.864039,1.4754,1.4846,1.4878,1.4841,0.010224,0.009004,0.009193,0.009292,72.142584,71.409666,3.02255,0.166558,0.306595,4,10,7,6,4,10,6,6,4,10,5,4,4,10,6,3,0.05299,0.09969,0.37211,0.38649,1,1,12:08:2023,12:38:42,932,-10.882212,-61.9686,175.0,lev20,Almucantar,Ji_Parana_UNIR,283,283.864039,0.9327,0.9209,0.9007,0.8859,72.142584,71.409666,3.02255,0.166558,0.306595,4,10,7,6,4,10,6,6,4,10,5,4,4,10,6,3,0.05299,0.09969,0.37211,0.38649,1,1,12:08:2023,12:38:42,932,-10.882212,-61.9686,175.0,lev20,Almucantar,Ji_Parana_UNIR,283,283.864039,0.055346,0.031912,0.023381,0.019242,1.305471,72.142584,71.409666,3.02255,0.166558,0.306595,4,10,7,6,4,10,6,6,4,10,5,4,4,10,6,3,0.05299,0.09969,0.37211,0.38649,1,1,12:08:2023,12:38:42,932,-10.882212,-61.9686,175.0,lev20,Almucantar,1.7218774848971823,0.2491538300690656,0.8692072773995877,BCL,Urban,,Unknown
11:10:2021,20:08:50,Ji_Parana_UNIR,284,284.839468,0.4014,0.2009,0.1348,0.1072,0.3603,0.1561,0.0896,0.0624,0.0412,0.0448,0.0452,0.0448,1.598902,63.492761,62.758102,2.65702,0.079637,0.400237,3,10,8,5,3,10,8,5,3,10,8,5,3,8,7,5,0.04762,0.09052,0.33522,0.35189,1,1,12:08:2023,12:37:40,932,-10.882212,-61.9686,175.0,lev20,Almucantar,Ji_Parana_UNIR,284,284.839468,0.400237,0.199261,0.134436,0.108701,1.599937,63.492761,62.758102,2.65702,0.079637,0.400237,3,10,8,5,3,10,8,5,3,10,8,5,3,8,7,5,0.04762,0.09052,0.33522,0.35189,1,1,12:08:2023,12:37:40,932,-10.882212,-61.9686,175.0,lev20,Almucantar,Ji_Parana_UNIR,284,284.839468,1.33,1.3634,1.3806,1.3879,0.008773,0.008963,0.010635,0.011437,63.492761,62.758102,2.65702,0.079637,0.400237,3,10,8,5,3,10,8,5,3,10,8,5,3,8,7,5,0.04762,0.09052,0.33522,0.35189,1,1,12:08:2023,12:37:40,932,-10.882212,-61.9686,175.0,lev20,Almucantar,Ji_Parana_UNIR,284,284.839468,0.9038,0.8744,0.834,0.8129,63.492761,62.758102,2.65702,0.079637,0.400237,3,10,8,5,3,10,8,5,3,10,8,5,3,8,7,5,0.04762,0.09052,0.33522,0.35189,1,1,12:08:2023,12:37:40,932,-10.882212,-61.9686,175.0,lev20,Almucantar,Ji_Parana_UNIR,284,284.839468,0.038599,0.025242,0.02238,0.020054,0.817949,63.492761,62.758102,2.65702,0.079637,0.400237,3,10,8,5,3,10,8,5,3,10,8,5,3,8,7,5,0.04762,0.09052,0.33522,0.35189,1,1,12:08:2023,12:37:40,932,-10.882212,-61.9686,175.0,lev20,Almucantar,1.6006111940855998,0.3271264884533776,0.8427111820865155,BCL,Urban,,Unknown
11:10:2021,20:53:11,Ji_Parana_UNIR,284,284.870266,0.366,0.1756,0.1133,0.0886,0.3341,0.1399,0.0752,0.0494,0.032,0.0357,0.0381,0.0392,1.715932,74.332929,73.601308,1.795679,0.01729,0.365568,4,10,7,6,4,10,7,6,4,10,7,6,4,10,7,6,0.05488,0.10288,0.38462,0.39821,1,1,12:08:2023,12:42:10,932,-10.882212,-61.9686,175.0,lev20,Almucantar,Ji_Parana_UNIR,284,284.870266,0.365568,0.174855,0.113225,0.088605,1.716005,74.332929,73.601308,1.795679,0.01729,0.365568,4,10,7,6,4,10,7,6,4,10,7,6,4,10,7,6,0.05488,0.10288,0.38462,0.39821,1,1,12:08:2023,12:42:10,932,-10.882212,-61.9686,175.0,lev20,Almucantar,Ji_Parana_UNIR,284,284.870266,1.4754,1.4846,1.4878,1.4841,0.010224,0.009004,0.009193,0.009292,74.332929,73.601308,1.795679,0.01729,0.365568,4,10,7,6,4,10,7,6,4,10,7,6,4,10,7,6,0.05488,0.10288,0.38462,0.39821,1,1,12:08:2023,12:42:10,932,-10.882212,-61.9686,175.0,lev20,Almucantar,Ji_Parana_UNIR,284,284.870266,0.9327,0.9209,0.9007,0.8859,74.332929,73.601308,1.795679,0.01729,0.365568,4,10,7,6,4,10,7,6,4,10,7,6,4,10,7,6,0.05488,0.10288,0.38462,0.39821,1,1,12:08:2023,12:42:10,932,-10.882212,-61.9686,175.0,lev20,Almucantar,Ji_Parana_UNIR,284,284.870266,0.055346,0.031912,0.023381,0.019242,1.305471,74.332929,73.601308,1.795679,0.01729,0.365568,4,10,7,6,4,10,7,6,4,10,7,6,4,10,7,6,0.05488,0.10288,0.38462,0.39821,1,1,12:08:2023,12:42:10,932,-10.882212,-61.9686,175.0,lev20,Almucantar,1.7200562866077274,0.2937569542138183,0.8651102636138811,BCL,Urban,,Unknown
14:10:2021,10:49:27,Ji_Parana_UNIR,287,287.451007,0.3323,0.164,0.1012,0.0737,0.3249,0.1563,0.0933,0.0656,0.0074,0.0076,0.0078,0.0081,1.730461,74.093543,74.823978,2.441963,0.051733,0.332343,4,10,7,6,4,10,7,6,4,10,7,3,4,10,7,4,0.05425,0.10251,0.38585,0.40563,1,1,12:08:2023,12:45:51,932,-10.882212,-61.9686,175.0,lev20,Almucantar,Ji_Parana_UNIR,287,287.451007,0.332343,0.163191,0.101029,0.074613,1.734083,74.093543,74.823978,2.441963,0.051733,0.332343,4,10,7,6,4,10,7,6,4,10,7,3,4,10,7,4,0.05425,0.10251,0.38585,0.40563,1,1,12:08:2023,12:45:51,932,-10.882212,-61.9686,175.0,lev20,Almucantar,Ji_Parana_UNIR,287,287.451007,1.4754,1.4846,1.4878,1.4841,0.010224,0.009004,0.009193,0.009292,74.093543,74.823978,2.441963,0.051733,0.332343,4,10,7,6,4,10,7,6,4,10,7,3,4,10,7,4,0.05425,0.10251,0.38585,0.40563,1,1,12:08:2023,12:45:51,932,-10.882212,-61.9686,175.0,lev20,Almucantar,Ji_Parana_UNIR,287,287.451007,0.9327,0.9209,0.9007,0.8859,74.093543,74.823978,2.441963,0.051733,0.332343,4,10,7,6,4,10,7,6,4,10,7,3,4,10,7,4,0.05425,0.10251,0.38585,0.40563,1,1,12:08:2023,12:45:51,932,-10.882212,-61.9686,175.0,lev20,Almucantar,Ji_Parana_UNIR,287,287.451007,0.055346,0.031912,0.023381,0.019242,1.305471,74.093543,74.823978,2.441963,0.051733,0.332343,4,10,7,6,4,10,7,6,4,10,7,3,4,10,7,4,0.05425,0.10251,0.38585,0.40563,1,1,12:08:2023,12:45:51,932,-10.882212,-61.9686,175.0,lev20,Almucantar,1.7440328304535344,0.265892629452743,0.9683341691857565,BCL,Urban,,Unknown
20:10:2021,11:16:46,Ji_Parana_UNIR,293,293.469977,0.1891,0.0903,0.0571,0.0435,0.1793,0.0799,0.046,0.032,0.0098,0.0103,0.0111,0.0115,1.749686,66.835687,67.565642,1.882243,0.059133,0.18936,4,10,7,6,4,10,7,6,4,10,7,6,4,8,7,4,0.04853,0.09264,0.35062,0.36975,1,1,12:08:2023,12:42:17,932,-10.882212,-61.9686,175.0,lev20,Almucantar,Ji_Parana_UNIR,293,293.469977,0.18936,0.090075,0.056627,0.044444,1.763342,66.835687,67.565642,1.882243,0.059133,0.18936,4,10,7,6,4,10,7,6,4,10,7,6,4,8,7,4,0.04853,0.09264,0.35062,0.36975,1,1,12:08:2023,12:42:17,932,-10.882212,-61.9686,175.0,lev20,Almucantar,Ji_Parana_UNIR,293,293.469977,1.4754,1.4846,1.4878,1.4841,0.010224,0.009004,0.009193,0.009292,66.835687,67.565642,1.882243,0.059133,0.18936,4,10,7,6,4,10,7,6,4,10,7,6,4,8,7,4,0.04853,0.09264,0.35062,0.36975,1,1,12:08:2023,12:42:17,932,-10.882212,-61.9686,175.0,lev20,Almucantar,Ji_Parana_UNIR,293,293.469977,0.9327,0.9209,0.9007,0.8859,66.835687,67.565642,1.882243,0.059133,0.18936,4,10,7,6,4,10,7,6,4,10,7,6,4,8,7,4,0.04853,0.09264,0.35062,0.36975,1,1,12:08:2023,12:42:17,932,-10.882212,-61.9686,175.0,lev20,Almucantar,Ji_Parana_UNIR,293,293.469977,0.055346,0.031912,0.023381,0.019242,1.305471,66.835687,67.565642,1.882243,0.059133,0.18936,4,10,7,6,4,10,7,6,4,10,7,6,4,8,7,4,0.04853,0.09264,0.35062,0.36975,1,1,12:08:2023,12:42:17,932,-10.882212,-61.9686,175.0,lev20,Almucantar,1.756548906643788,0.15106805138337362,0.9229344311351687,BCL,Unclassified,,Unknown
20:10:2021,12:01:18,Ji_Parana_UNIR,293,293.500903,0.1808,0.0849,0.0529,0.0397,0.1714,0.075,0.0423,0.0287,0.0094,0.01,0.0106,0.011,1.795083,55.976685,56.709344,1.204055,0.055398,0.181089,4,10,8,4,4,10,8,4,4,10,8,4,4,10,8,3,0.04418,0.08463,0.31635,0.33594,1,1,12:08:2023,12:44:23,932,-10.882212,-61.9686,175.0,lev20,Almucantar,Ji_Parana_UNIR,293,293.500903,0.181089,0.084395,0.053222,0.040398,1.791079,55.976685,56.709344,1.204055,0.055398,0.181089,4,10,8,4,4,10,8,4,4,10,8,4,4,10,8,3,0.04418,0.08463,0.31635,0.33594,1,1,12:08:2023,12:44:23,932,-10.882212,-61.9686,175.0,lev20,Almucantar,Ji_Parana_UNIR,293,293.500903,1.4754,1.4846,1.4878,1.4841,0.010224,0.009004,0.009193,0.009292,55.976685,56.709344,1.204055,0.055398,0.181089,4,10,8,4,4,10,8,4,4,10,8,4,4,10,8,3,0.04418,0.08463,0.31635,0.33594,1,1,12:08:2023,12:44:23,932,-10.882212,-61.9686,175.0,lev20,Almucantar,Ji_Parana_UNIR,293,293.500903,0.9327,0.9209,0.9007,0.8859,55.976685,56.709344,1.204055,0.055398,0.181089,4,10,8,4,4,10,8,4,4,10,8,4,4,10,8,3,0.04418,0.08463,0.31635,0.33594,1,1,12:08:2023,12:44:23,932,-10.882212,-61.9686,175.0,lev20,Almucantar,Ji_Parana_UNIR,293,293.500903,0.055346,0.031912,0.023381,0.019242,1.305471,55.976685,56.709344,1.204055,0.055398,0.181089,4,10,8,4,4,10,8,4,4,10,8,4,4,10,8,3,0.04418,0.08463,0.31635,0.33594,1,1,12:08:2023,12:44:23,932,-10.882212,-61.9686,175.0,lev20,Almucantar,1.8027795000588471,0.1435862738979497,0.9232260436886573,BCL,Unclassified,,Unknown
20:10:2021,12:26:07,Ji_Parana_UNIR,293,293.518137,0.1794,0.0846,0.0526,0.039,0.1705,0.0752,0.0428,0.0288,0.0088,0.0093,0.0099,0.0102,1.791316,49.911055,50.644738,1.290897,0.083557,0.179742,3,10,8,4,3,10,8,4,3,10,8,4,3,10,8,4,0.04275,0.08189,0.30378,0.32355,1,1,12:08:2023,12:48:03,932,-10.882212,-61.9686,175.0,lev20,Almucantar,Ji_Parana_UNIR,293,293.518137,0.179742,0.083454,0.052658,0.039781,1.796163,49.911055,50.644738,1.290897,0.083557,0.179742,3,10,8,4,3,10,8,4,3,10,8,4,3,10,8,4,0.04275,0.08189,0.30378,0.32355,1,1,12:08:2023,12:48:03,932,-10.882212,-61.9686,175.0,lev20,Almucantar,Ji_Parana_UNIR,293,293.518137,1.4754,1.4846,1.4878,1.4841,0.010224,0.009004,0.009193,0.009292,49.911055,50.644738,1.290897,0.083557,0.179742,3,10,8,4,3,10,8,4,3,10,8,4,3,10,8,4,0.04275,0.08189,0.30378,0.32355,1,1,12:08:2023,12:48:03,932,-10.882212,-61.9686,175.0,lev20,Almucantar,Ji_Parana_UNIR,293,293.518137,0.9327,0.9209,0.9007,0.8859,49.911055,50.644738,1.290897,0.083557,0.179742,3,10,8,4,3,10,8,4,3,10,8,4,3,10,8,4,0.04275,0.08189,0.30378,0.32355,1,1,12:08:2023,12:48:03,932,-10.882212,-61.9686,175.0,lev20,Almucantar,Ji_Parana_UNIR,293,293.518137,0.055346,0.031912,0.023381,0.019242,1.305471,49.911055,50.644738,1.290897,0.083557,0.179742,3,10,8,4,3,10,8,4,3,10,8,4,3,10,8,4,0.04275,0.08189,0.30378,0.32355,1,1,12:08:2023,12:48:03,932,-10.882212,-61.9686,175.0,lev20,Almucantar,1.7997191763922564,0.14253018182115307,0.9273296720826435,BCL,Unclassified,,Unknown
27:10:2021,20:10:14,Ji_Parana_UNIR,300,300.84044,0.0431,0.0234,0.0168,0.0139,0.037,0.0166,0.0097,0.0067,0.0061,0.0068,0.0071,0.0072,1.383749,63.793028,63.067193,1.267599,0.037206,0.043053,3,10,8,5,3,10,8,5,3,10,8,5,3,10,8,5,0.04697,0.08909,0.33944,0.35458,1,1,12:08:2023,14:35:56,932,-10.882212,-61.9686,175.0,lev20,Almucantar,Ji_Parana_UNIR,300,300.84044,0.043053,0.022518,0.017207,0.014656,1.36002,63.793028,63.067193,1.267599,0.037206,0.043053,3,10,8,5,3,10,8,5,3,10,8,5,3,10,8,5,0.04697,0.08909,0.33944,0.35458,1,1,12:08:2023,14:35:56,932,-10.882212,-61.9686,175.0,lev20,Almucantar,Ji_Parana_UNIR,300,300.84044,1.4754,1.4846,1.4878,1.4841,0.010224,0.009004,0.009193,0.009292,63.793028,63.067193,1.267599,0.037206,0.043053,3,10,8,5,3,10,8,5,3,10,8,5,3,10,8,5,0.04697,0.08909,0.33944,0.35458,1,1,12:08:2023,14:35:56,932,-10.882212,-61.9686,175.0,lev20,Almucantar,Ji_Parana_UNIR,300,300.84044,0.9327,0.9209,0.9007,0.8859,63.793028,63.067193,1.267599,0.037206,0.043053,3,10,8,5,3,10,8,5,3,10,8,5,3,10,8,5,0.04697,0.08909,0.33944,0.35458,1,1,12:08:2023,14:35:56,932,-10.882212,-61.9686,175.0,lev20,Almucantar,Ji_Parana_UNIR,300,300.84044,0.055346,0.031912,0.023381,0.019242,1.305471,63.793028,63.067193,1.267599,0.037206,0.043053,3,10,8,5,3,10,8,5,3,10,8,5,3,10,8,5,0.04697,0.08909,0.33944,0.35458,1,1,12:08:2023,14:35:56,932,-10.882212,-61.9686,175.0,lev20,Almucantar,1.3820134436649383,0.03612031896214724,0.7904102860636493,BCL,Maritime,,Unknown
27:10:2021,20:52:10,Ji_Parana_UNIR,300,300.86956,0.0453,0.0245,0.0173,0.0141,0.0393,0.0179,0.0106,0.0074,0.006,0.0066,0.0067,0.0067,1.411497,73.909874,73.188273,2.811932,0.027245,0.045144,4,10,7,6,4,10,7,6,4,10,7,6,4,10,7,6,0.05367,0.10077,0.38561,0.39784,1,1,12:08:2023,14:35:56,932,-10.882212,-61.9686,175.0,lev20,Almucantar,Ji_Parana_UNIR,300,300.86956,0.045144,0.023562,0.017698,0.01478,1.385875,73.909874,73.188273,2.811932,0.027245,0.045144,4,10,7,6,4,10,7,6,4,10,7,6,4,10,7,6,0.05367,0.10077,0.38561,0.39784,1,1,12:08:2023,14:35:56,932,-10.882212,-61.9686,175.0,lev20,Almucantar,Ji_Parana_UNIR,300,300.86956,1.4754,1.4846,1.4878,1.4841,0.010224,0.009004,0.009193,0.009292,73.909874,73.188273,2.811932,0.027245,0.045144,4,10,7,6,4,10,7,6,4,10,7,6,4,10,7,6,0.05367,0.10077,0.38561,0.39784,1,1,12:08:2023,14:35:56,932,-10.882212,-61.9686,175.0,lev20,Almucantar,Ji_Parana_UNIR,300,300.86956,0.9327,0.9209,0.9007,0.8859,73.909874,73.188273,2.811932,0.027245,0.045144,4,10,7,6,4,10,7,6,4,10,7,6,4,10,7,6,0.05367,0.10077,0.38561,0.39784,1,1,12:08:2023,14:35:56,932,-10.882212,-61.9686,175.0,lev20,Almucantar,Ji_Parana_UNIR,300,300.86956,0.055346,0.031912,0.023381,0.019242,1.305471,73.909874,73.188273,2.811932,0.027245,0.045144,4,10,7,6,4,10,7,6,4,10,7,6,4,10,7,6,0.05367,0.10077,0.38561,0.39784,1,1,12:08:2023,14:35:56,932,-10.882212,-61.9686,175.0,lev20,Almucantar,1.412020581131188,0.037818699684952925,0.8047742138813901,BCL,Maritime,,Unknown
27:10:2021,21:09:39,Ji_Parana_UNIR,300,300.881701,0.0465,0.0248,0.0179,0.0145,0.0416,0.0194,0.0122,0.0087,0.0048,0.0054,0.0057,0.0058,1.404489,78.104658,77.38638,2.290286,0.010015,0.046299,4,10,7,4,4,10,7,4,4,10,7,4,4,10,7,4,0.05789,0.10809,0.41416,0.42452,1,1,12:08:2023,14:35:56,932,-10.882212,-61.9686,175.0,lev20,Almucantar,Ji_Parana_UNIR,300,300.881701,0.046299,0.024204,0.018191,0.01507,1.382548,78.104658,77.38638,2.290286,0.010015,0.046299,4,10,7,4,4,10,7,4,4,10,7,4,4,10,7,4,0.05789,0.10809,0.41416,0.42452,1,1,12:08:2023,14:35:56,932,-10.882212,-61.9686,175.0,lev20,Almucantar,Ji_Parana_UNIR,300,300.881701,1.4754,1.4846,1.4878,1.4841,0.010224,0.009004,0.009193,0.009292,78.104658,77.38638,2.290286,0.010015,0.046299,4,10,7,4,4,10,7,4,4,10,7,4,4,10,7,4,0.05789,0.10809,0.41416,0.42452,1,1,12:08:2023,14:35:56,932,-10.882212,-61.9686,175.0,lev20,Almucantar,Ji_Parana_UNIR,300,300.881701,0.9327,0.9209,0.9007,0.8859,78.104658,77.38638,2.290286,0.010015,0.046299,4,10,7,4,4,10,7,4,4,10,7,4,4,10,7,4,0.05789,0.10809,0.41416,0.42452,1,1,12:08:2023,14:35:56,932,-10.882212,-61.9686,175.0,lev20,Almucantar,Ji_Parana_UNIR,300,300.881701,0.055346,0.031912,0.023381,0.019242,1.305471,78.104658,77.38638,2.290286,0.010015,0.046299,4,10,7,4,4,10,7,4,4,10,7,4,4,10,7,4,0.05789,0.10809,0.41416,0.42452,1,1,12:08:2023,14:35:56,932,-10.882212,-61.9686,175.0,lev20,Almucantar,1.4003604436747006,0.038878426797615495,0.8444745424751453,BCL,Maritime,,Unknown
31:10:2021,12:21:51,Ji_Parana_UNIR,304,304.515174,0.2221,0.1088,0.0738,0.0597,0.1925,0.0765,0.0402,0.0259,0.0296,0.0323,0.0336,0.0338,1.618034,50.415309,51.141005,2.980658,0.098638,0.220752,3,9,8,4,3,5,8,4,3,5,8,4,3,5,8,4,0.04256,0.08117,0.30637,0.32548,1,1,12:08:2023,12:51:51,932,-10.882212,-61.9686,175.0,lev20,Almucantar,Ji_Parana_UNIR,304,304.515174,0.220752,0.106161,0.073588,0.061063,1.618337,50.415309,51.141005,2.980658,0.098638,0.220752,3,9,8,4,3,5,8,4,3,5,8,4,3,5,8,4,0.04256,0.08117,0.30637,0.32548,1,1,12:08:2023,12:51:51,932,-10.882212,-61.9686,175.0,lev20,Almucantar,Ji_Parana_UNIR,304,304.515174,1.4754,1.4846,1.4878,1.4841,0.010224,0.009004,0.009193,0.009292,50.415309,51.141005,2.980658,0.098638,0.220752,3,9,8,4,3,5,8,4,3,5,8,4,3,5,8,4,0.04256,0.08117,0.30637,0.32548,1,1,12:08:2023,12:51:51,932,-10.882212,-61.9686,175.0,lev20,Almucantar,Ji_Parana_UNIR,304,304.515174,0.9327,0.9209,0.9007,0.8859,50.415309,51.141005,2.980658,0.098638,0.220752,3,9,8,4,3,5,8,4,3,5,8,4,3,5,8,4,0.04256,0.08117,0.30637,0.32548,1,1,12:08:2023,12:51:51,932,-10.882212,-61.9686,175.0,lev20,Almucantar,Ji_Parana_UNIR,304,304.515174,0.055346,0.031912,0.023381,0.019242,1.305471,50.415309,51.141005,2.980658,0.098638,0.220752,3,9,8,4,3,5,8,4,3,5,8,4,3,5,8,4,0.04256,0.08117,0.30637,0.32548,1,1,12:08:2023,12:51:51,932,-10.882212,-61.9686,175.0,lev20,Almucantar,1.6161641850156092,0.18064395855490756,0.7941004522103274,BCL,Maritime,,Unknown
17:01:2022,11:37:39,Ji_Parana_UNIR,17,17.484479,0.0761,0.0398,0.0273,0.0219,0.0701,0.0333,0.0206,0.0149,0.006,0.0064,0.0068,0.007,1.501672,66.942918,67.641751,3.01191,0.052005,0.075427,4,10,7,6,4,10,7,6,4,10,7,6,4,10,7,6,0.04367,0.08451,0.35951,0.37337,1,1,12:08:2023,22:23:45,932,-10.882212,-61.9686,175.0,lev20,Almucantar,Ji_Parana_UNIR,17,17.484479,0.075427,0.038424,0.027489,0.022654,1.4874,66.942918,67.641751,3.01191,0.052005,0.075427,4,10,7,6,4,10,7,6,4,10,7,6,4,10,7,6,0.04367,0.08451,0.35951,0.37337,1,1,12:08:2023,22:23:45,932,-10.882212,-61.9686,175.0,lev20,Almucantar,Ji_Parana_UNIR,17,17.484479,1.4754,1.4846,1.4878,1.4841,0.010224,0.009004,0.009193,0.009292,66.942918,67.641751,3.01191,0.052005,0.075427,4,10,7,6,4,10,7,6,4,10,7,6,4,10,7,6,0.04367,0.08451,0.35951,0.37337,1,1,12:08:2023,22:23:45,932,-10.882212,-61.9686,175.0,lev20,Almucantar,Ji_Parana_UNIR,17,17.484479,0.9327,0.9209,0.9007,0.8859,66.942918,67.641751,3.01191,0.052005,0.075427,4,10,7,6,4,10,7,6,4,10,7,6,4,10,7,6,0.04367,0.08451,0.35951,0.37337,1,1,12:08:2023,22:23:45,932,-10.882212,-61.9686,175.0,lev20,Almucantar,Ji_Parana_UNIR,17,17.484479,0.055346,0.031912,0.023381,0.019242,1.305471,66.942918,67.641751,3.01191,0.052005,0.075427,4,10,7,6,4,10,7,6,4,10,7,6,4,10,7,6,0.04367,0.08451,0.35951,0.37337,1,1,12:08:2023,22:23:45,932,-10.882212,-61.9686,175.0,lev20,Almucantar,1.5037901797150794,0.06279112213169832,0.8853229343134658,BCL,Maritime,,Unknown
17:01:2022,12:48:33,Ji_Parana_UNIR,17,17.533715,0.0812,0.0419,0.0298,0.0237,0.0724,0.0323,0.0198,0.0135,0.0088,0.0096,0.01,0.0102,1.475131,50.390938,51.091188,1.251852,0.051743,0.080485,3,10,8,4,3,10,8,4,3,10,8,4,3,10,8,4,0.03847,0.07378,0.31254,0.3271,1,1,12:08:2023,22:31:37,932,-10.882212,-61.9686,175.0,lev20,Almucantar,Ji_Parana_UNIR,17,17.533715,0.080485,0.040332,0.029577,0.023699,1.480526,50.390938,51.091188,1.251852,0.051743,0.080485,3,10,8,4,3,10,8,4,3,10,8,4,3,10,8,4,0.03847,0.07378,0.31254,0.3271,1,1,12:08:2023,22:31:37,932,-10.882212,-61.9686,175.0,lev20,Almucantar,Ji_Parana_UNIR,17,17.533715,1.4754,1.4846,1.4878,1.4841,0.010224,0.009004,0.009193,0.009292,50.390938,51.091188,1.251852,0.051743,0.080485,3,10,8,4,3,10,8,4,3,10,8,4,3,10,8,4,0.03847,0.07378,0.31254,0.3271,1,1,12:08:2023,22:31:37,932,-10.882212,-61.9686,175.0,lev20,Almucantar,Ji_Parana_UNIR,17,17.533715,0.9327,0.9209,0.9007,0.8859,50.390938,51.091188,1.251852,0.051743,0.080485,3,10,8,4,3,10,8,4,3,10,8,4,3,10,8,4,0.03847,0.07378,0.31254,0.3271,1,1,12:08:2023,22:31:37,932,-10.882212,-61.9686,175.0,lev20,Almucantar,Ji_Parana_UNIR,17,17.533715,0.055346,0.031912,0.023381,0.019242,1.305471,50.390938,51.091188,1.251852,0.051743,0.080485,3,10,8,4,3,10,8,4,3,10,8,4,3,10,8,4,0.03847,0.07378,0.31254,0.3271,1,1,12:08:2023,22:31:37,932,-10.882212,-61.9686,175.0,lev20,Almucantar,1.4704117258078864,0.06728568829922535,0.8396669258450965,BCL,Maritime,,Unknown
17:01:2022,20:11:10,Ji_Parana_UNIR,17,17.841088,0.0698,0.0356,0.0245,0.0203,0.0625,0.0278,0.0163,0.0118,0.0073,0.0078,0.0082,0.0084,1.536366,57.323906,56.622767,2.461319,0.056739,0.068806,4,10,7,5,4,10,7,3,4,10,7,3,4,10,8,4,0.04024,0.07725,0.32696,0.33864,1,1,12:08:2023,22:21:59,932,-10.882212,-61.9686,175.0,lev20,Almucantar,Ji_Parana_UNIR,17,17.841088,0.068806,0.034976,0.025177,0.019893,1.482658,57.323906,56.622767,2.461319,0.056739,0.068806,4,10,7,5,4,10,7,3,4,10,7,3,4,10,8,4,0.04024,0.07725,0.32696,0.33864,1,1,12:08:2023,22:21:59,932,-10.882212,-61.9686,175.0,lev20,Almucantar,Ji_Parana_UNIR,17,17.841088,1.4754,1.4846,1.4878,1.4841,0.010224,0.009004,0.009193,0.009292,57.323906,56.622767,2.461319,0.056739,0.068806,4,10,7,5,4,10,7,3,4,10,7,3,4,10,8,4,0.04024,0.07725,0.32696,0.33864,1,1,12:08:2023,22:21:59,932,-10.882212,-61.9686,175.0,lev20,Almucantar,Ji_Parana_UNIR,17,17.841088,0.9327,0.9209,0.9007,0.8859,57.323906,56.622767,2.461319,0.056739,0.068806,4,10,7,5,4,10,7,3,4,10,7,3,4,10,8,4,0.04024,0.07725,0.32696,0.33864,1,1,12:08:2023,22:21:59,932,-10.882212,-61.9686,175.0,lev20,Almucantar,Ji_Parana_UNIR,17,17.841088,0.055346,0.031912,0.023381,0.019242,1.305471,57.323906,56.622767,2.461319,0.056739,0.068806,4,10,7,5,4,10,7,3,4,10,7,3,4,10,8,4,0.04024,0.07725,0.32696,0.33864,1,1,12:08:2023,22:21:59,932,-10.882212,-61.9686,175.0,lev20,Almucantar,1.5357672054654534,0.05735796454470076,0.8440668480994438,BCL,Maritime,,Unknown
17:01:2022,21:21:42,Ji_Parana_UNIR,17,17.890069,0.0734,0.0375,0.026,0.0212,0.0649,0.0286,0.0166,0.0114,0.0085,0.009,0.0094,0.0097,1.52398,73.767548,73.071325,1.026979,0.025622,0.072998,4,10,7,5,4,10,7,5,4,10,7,5,4,10,7,4,0.04865,0.09329,0.39217,0.39956,1,1,12:08:2023,22:30:57,932,-10.882212,-61.9686,175.0,lev20,Almucantar,Ji_Parana_UNIR,17,17.890069,0.072998,0.036961,0.026415,0.021271,1.498213,73.767548,73.071325,1.026979,0.025622,0.072998,4,10,7,5,4,10,7,5,4,10,7,5,4,10,7,4,0.04865,0.09329,0.39217,0.39956,1,1,12:08:2023,22:30:57,932,-10.882212,-61.9686,175.0,lev20,Almucantar,Ji_Parana_UNIR,17,17.890069,1.4754,1.4846,1.4878,1.4841,0.010224,0.009004,0.009193,0.009292,73.767548,73.071325,1.026979,0.025622,0.072998,4,10,7,5,4,10,7,5,4,10,7,5,4,10,7,4,0.04865,0.09329,0.39217,0.39956,1,1,12:08:2023,22:30:57,932,-10.882212,-61.9686,175.0,lev20,Almucantar,Ji_Parana_UNIR,17,17.890069,0.9327,0.9209,0.9007,0.8859,73.767548,73.071325,1.026979,0.025622,0.072998,4,10,7,5,4,10,7,5,4,10,7,5,4,10,7,4,0.04865,0.09329,0.39217,0.39956,1,1,12:08:2023,22:30:57,932,-10.882212,-61.9686,175.0,lev20,Almucantar,Ji_Parana_UNIR,17,17.890069,0.055346,0.031912,0.023381,0.019242,1.305471,73.767548,73.071325,1.026979,0.025622,0.072998,4,10,7,5,4,10,7,5,4,10,7,5,4,10,7,4,0.04865,0.09329,0.39217,0.39956,1,1,12:08:2023,22:30:57,932,-10.882212,-61.9686,175.0,lev20,Almucantar,1.522369454306938,0.060419645917737366,0.8326807670238056,BCL,Maritime,,Unknown
17:01:2022,21:39:10,Ji_Parana_UNIR,17,17.902199,0.0767,0.0388,0.0269,0.0215,0.0679,0.0293,0.0167,0.0111,0.0088,0.0095,0.0101,0.0105,1.539433,77.809929,77.117217,1.493477,0.017349,0.076149,4,10,7,4,4,10,7,4,4,10,7,4,4,10,7,4,0.0524,0.10028,0.41973,0.42519,1,1,12:08:2023,22:32:53,932,-10.882212,-61.9686,175.0,lev20,Almucantar,Ji_Parana_UNIR,17,17.902199,0.076149,0.038305,0.027204,0.021808,1.516611,77.809929,77.117217,1.493477,0.017349,0.076149,4,10,7,4,4,10,7,4,4,10,7,4,4,10,7,4,0.0524,0.10028,0.41973,0.42519,1,1,12:08:2023,22:32:53,932,-10.882212,-61.9686,175.0,lev20,Almucantar,Ji_Parana_UNIR,17,17.902199,1.4754,1.4846,1.4878,1.4841,0.010224,0.009004,0.009193,0.009292,77.809929,77.117217,1.493477,0.017349,0.076149,4,10,7,4,4,10,7,4,4,10,7,4,4,10,7,4,0.0524,0.10028,0.41973,0.42519,1,1,12:08:2023,22:32:53,932,-10.882212,-61.9686,175.0,lev20,Almucantar,Ji_Parana_UNIR,17,17.902199,0.9327,0.9209,0.9007,0.8859,77.809929,77.117217,1.493477,0.017349,0.076149,4,10,7,4,4,10,7,4,4,10,7,4,4,10,7,4,0.0524,0.10028,0.41973,0.42519,1,1,12:08:2023,22:32:53,932,-10.882212,-61.9686,175.0,lev20,Almucantar,Ji_Parana_UNIR,17,17.902199,0.055346,0.031912,0.023381,0.019242,1.305471,77.809929,77.117217,1.493477,0.017349,0.076149,4,10,7,4,4,10,7,4,4,10,7,4,4,10,7,4,0.0524,0.10028,0.41973,0.42519,1,1,12:08:2023,22:32:53,932,-10.882212,-61.9686,175.0,lev20,Almucantar,1.5369620235113315,0.06301839519697372,0.829704823388335,BCL,Maritime,,Unknown
18:01:2022,11:38:09,Ji_Parana_UNIR,18,18.484826,0.0895,0.0444,0.0298,0.0237,0.0817,0.036,0.0209,0.0145,0.0078,0.0084,0.0089,0.0092,1.612284,66.913331,67.613046,1.020419,0.053459,0.089434,4,10,7,6,4,10,7,6,4,10,7,5,4,10,6,6,0.04369,0.08453,0.35953,0.37326,1,1,12:08:2023,22:36:57,932,-10.882212,-61.9686,175.0,lev20,Almucantar,Ji_Parana_UNIR,18,18.484826,0.089434,0.043695,0.029946,0.023938,1.608627,66.913331,67.613046,1.020419,0.053459,0.089434,4,10,7,6,4,10,7,6,4,10,7,5,4,10,6,6,0.04369,0.08453,0.35953,0.37326,1,1,12:08:2023,22:36:57,932,-10.882212,-61.9686,175.0,lev20,Almucantar,Ji_Parana_UNIR,18,18.484826,1.4754,1.4846,1.4878,1.4841,0.010224,0.009004,0.009193,0.009292,66.913331,67.613046,1.020419,0.053459,0.089434,4,10,7,6,4,10,7,6,4,10,7,5,4,10,6,6,0.04369,0.08453,0.35953,0.37326,1,1,12:08:2023,22:36:57,932,-10.882212,-61.9686,175.0,lev20,Almucantar,Ji_Parana_UNIR,18,18.484826,0.9327,0.9209,0.9007,0.8859,66.913331,67.613046,1.020419,0.053459,0.089434,4,10,7,6,4,10,7,6,4,10,7,5,4,10,6,6,0.04369,0.08453,0.35953,0.37326,1,1,12:08:2023,22:36:57,932,-10.882212,-61.9686,175.0,lev20,Almucantar,Ji_Parana_UNIR,18,18.484826,0.055346,0.031912,0.023381,0.019242,1.305471,66.913331,67.613046,1.020419,0.053459,0.089434,4,10,7,6,4,10,7,6,4,10,7,5,4,10,6,6,0.04369,0.08453,0.35953,0.37326,1,1,12:08:2023,22:36:57,932,-10.882212,-61.9686,175.0,lev20,Almucantar,1.6131735553493292,0.0728222260047121,0.8696981611817763,BCL,Maritime,,Unknown
24:01:2022,20:13:36,Ji_Parana_UNIR,24,24.842778,0.214,0.1696,0.1304,0.1083,0.201,0.1562,0.1168,0.0946,0.013,0.0134,0.0136,0.0138,0.705943,57.446957,56.738907,4.085074,0.105919,0.212968,4,10,7,5,4,10,7,5,4,10,6,3,4,8,7,4,0.04027,0.07732,0.32725,0.33891,1,1,12:08:2023,22:26:57,932,-10.882212,-61.9686,175.0,lev20,Almucantar,Ji_Parana_UNIR,24,24.842778,0.212968,0.170695,0.130143,0.107652,0.699443,57.446957,56.738907,4.085074,0.105919,0.212968,4,10,7,5,4,10,7,5,4,10,6,3,4,8,7,4,0.04027,0.07732,0.32725,0.33891,1,1,12:08:2023,22:26:57,932,-10.882212,-61.9686,175.0,lev20,Almucantar,Ji_Parana_UNIR,24,24.842778,1.4754,1.4846,1.4878,1.4841,0.010224,0.009004,0.009193,0.009292,57.446957,56.738907,4.085074,0.105919,0.212968,4,10,7,5,4,10,7,5,4,10,6,3,4,8,7,4,0.04027,0.07732,0.32725,0.33891,1,1,12:08:2023,22:26:57,932,-10.882212,-61.9686,175.0,lev20,Almucantar,Ji_Parana_UNIR,24,24.842778,0.9327,0.9209,0.9007,0.8859,57.446957,56.738907,4.085074,0.105919,0.212968,4,10,7,5,4,10,7,5,4,10,6,3,4,8,7,4,0.04027,0.07732,0.32725,0.33891,1,1,12:08:2023,22:26:57,932,-10.882212,-61.9686,175.0,lev20,Almucantar,Ji_Parana_UNIR,24,24.842778,0.055346,0.031912,0.023381,0.019242,1.305471,57.446957,56.738907,4.085074,0.105919,0.212968,4,10,7,5,4,10,7,5,4,10,6,3,4,8,7,4,0.04027,0.07732,0.32725,0.33891,1,1,12:08:2023,22:26:57,932,-10.882212,-61.9686,175.0,lev20,Almucantar,0.7266479883127999,0.19501688660231523,0.9319239305389325,Unclassified,Maritime,,Unknown
01:03:2022,12:29:18,Ji_Parana_UNIR,60,60.520347,0.1377,0.0894,0.0672,0.0556,0.1283,0.0796,0.0572,0.0455,0.0094,0.0098,0.01,0.0102,1.045585,56.248457,56.983903,2.567396,0.064389,0.136057,4,10,8,4,4,10,8,4,4,10,7,4,4,10,8,4,0.03796,0.07317,0.32791,0.34116,1,1,12:08:2023,22:23:18,932,-10.882212,-61.9686,175.0,lev20,Almucantar,Ji_Parana_UNIR,60,60.520347,0.136057,0.089296,0.06751,0.056521,1.021175,56.248457,56.983903,2.567396,0.064389,0.136057,4,10,8,4,4,10,8,4,4,10,7,4,4,10,8,4,0.03796,0.07317,0.32791,0.34116,1,1,12:08:2023,22:23:18,932,-10.882212,-61.9686,175.0,lev20,Almucantar,Ji_Parana_UNIR,60,60.520347,1.4754,1.4846,1.4878,1.4841,0.010224,0.009004,0.009193,0.009292,56.248457,56.983903,2.567396,0.064389,0.136057,4,10,8,4,4,10,8,4,4,10,7,4,4,10,8,4,0.03796,0.07317,0.32791,0.34116,1,1,12:08:2023,22:23:18,932,-10.882212,-61.9686,175.0,lev20,Almucantar,Ji_Parana_UNIR,60,60.520347,0.9327,0.9209,0.9007,0.8859,56.248457,56.983903,2.567396,0.064389,0.136057,4,10,8,4,4,10,8,4,4,10,7,4,4,10,8,4,0.03796,0.07317,0.32791,0.34116,1,1,12:08:2023,22:23:18,932,-10.882212,-61.9686,175.0,lev20,Almucantar,Ji_Parana_UNIR,60,60.520347,0.055346,0.031912,0.023381,0.019242,1.305471,56.248457,56.983903,2.567396,0.064389,0.136057,4,10,8,4,4,10,8,4,4,10,7,4,4,10,8,4,0.03796,0.07317,0.32791,0.34116,1,1,12:08:2023,22:23:18,932,-10.882212,-61.9686,175.0,lev20,Almucantar,1.0523466420057326,0.12036783987119118,0.9132705019136722,Unclassified,Maritime,,Unknown
01:03:2022,12:54:19,Ji_Parana_UNIR,60,60.53772,0.1497,0.0988,0.0765,0.0647,0.1351,0.0837,0.0612,0.0492,0.0145,0.0151,0.0153,0.0155,0.981213,50.113145,50.84908,1.573374,0.051783,0.14801,3,10,8,4,3,10,8,4,3,10,8,4,3,10,8,4,0.03668,0.07041,0.31455,0.32805,1,1,12:08:2023,22:27:37,932,-10.882212,-61.9686,175.0,lev20,Almucantar,Ji_Parana_UNIR,60,60.53772,0.14801,0.098483,0.076048,0.064977,0.972118,50.113145,50.84908,1.573374,0.051783,0.14801,3,10,8,4,3,10,8,4,3,10,8,4,3,10,8,4,0.03668,0.07041,0.31455,0.32805,1,1,12:08:2023,22:27:37,932,-10.882212,-61.9686,175.0,lev20,Almucantar,Ji_Parana_UNIR,60,60.53772,1.4754,1.4846,1.4878,1.4841,0.010224,0.009004,0.009193,0.009292,50.113145,50.84908,1.573374,0.051783,0.14801,3,10,8,4,3,10,8,4,3,10,8,4,3,10,8,4,0.03668,0.07041,0.31455,0.32805,1,1,12:08:2023,22:27:37,932,-10.882212,-61.9686,175.0,lev20,Almucantar,Ji_Parana_UNIR,60,60.53772,0.9327,0.9209,0.9007,0.8859,50.113145,50.84908,1.573374,0.051783,0.14801,3,10,8,4,3,10,8,4,3,10,8,4,3,10,8,4,0.03668,0.07041,0.31455,0.32805,1,1,12:08:2023,22:27:37,932,-10.882212,-61.9686,175.0,lev20,Almucantar,Ji_Parana_UNIR,60,60.53772,0.055346,0.031912,0.023381,0.019242,1.305471,50.113145,50.84908,1.573374,0.051783,0.14801,3,10,8,4,3,10,8,4,3,10,8,4,3,10,8,4,0.03668,0.07041,0.31455,0.32805,1,1,12:08:2023,22:27:37,932,-10.882212,-61.9686,175.0,lev20,Almucantar,0.9847797377135178,0.13199256263952464,0.877344167628684,Unclassified,Maritime,,Unknown
16:03:2022,12:55:27,Ji_Parana_UNIR,75,75.538507,0.076,0.054,0.0406,0.0333,0.0713,0.0492,0.0357,0.0284,0.0047,0.0048,0.0049,0.005,0.905053,49.987729,50.718222,1.163046,0.033629,0.075361,3,10,8,4,3,10,7,4,3,9,6,4,3,8,5,3,0.03609,0.06972,0.31259,0.32658,1,1,24:08:2023,23:58:48,932,-10.882212,-61.9686,175.0,lev20,Almucantar,Ji_Parana_UNIR,75,75.538507,0.075361,0.05306,0.040353,0.033649,0.904203,49.987729,50.718222,1.163046,0.033629,0.075361,3,10,8,4,3,10,7,4,3,9,6,4,3,8,5,3,0.03609,0.06972,0.31259,0.32658,1,1,24:08:2023,23:58:48,932,-10.882212,-61.9686,175.0,lev20,Almucantar,Ji_Parana_UNIR,75,75.538507,1.4754,1.4846,1.4878,1.4841,0.010224,0.009004,0.009193,0.009292,49.987729,50.718222,1.163046,0.033629,0.075361,3,10,8,4,3,10,7,4,3,9,6,4,3,8,5,3,0.03609,0.06972,0.31259,0.32658,1,1,24:08:2023,23:58:48,932,-10.882212,-61.9686,175.0,lev20,Almucantar,Ji_Parana_UNIR,75,75.538507,0.9327,0.9209,0.9007,0.8859,49.987729,50.718222,1.163046,0.033629,0.075361,3,10,8,4,3,10,7,4,3,9,6,4,3,8,5,3,0.03609,0.06972,0.31259,0.32658,1,1,24:08:2023,23:58:48,932,-10.882212,-61.9686,175.0,lev20,Almucantar,Ji_Parana_UNIR,75,75.538507,0.055346,0.031912,0.023381,0.019242,1.305471,49.987729,50.718222,1.163046,0.033629,0.075361,3,10,8,4,3,10,7,4,3,9,6,4,3,8,5,3,0.03609,0.06972,0.31259,0.32658,1,1,24:08:2023,23:58:48,932,-10.882212,-61.9686,175.0,lev20,Almucantar,0.9196835463851972,0.06757020232283358,0.9265703580133151,Unclassified,Maritime,,Unknown
23:03:2022,12:29:16,Ji_Parana_UNIR,82,82.520324,0.0993,0.0725,0.0571,0.0493,0.0941,0.0671,0.0516,0.0438,0.0052,0.0054,0.0055,0.0055,0.80193,56.49043,57.217938,2.507106,0.121694,0.098517,4,10,8,4,4,10,8,4,4,10,7,3,3,8,5,4,0.03716,0.07223,0.32841,0.34166,1,1,01:09:2023,00:49:46,932,-10.882212,-61.9686,175.0,lev20,Almucantar,Ji_Parana_UNIR,82,82.520324,0.098517,0.07101,0.05582,0.05145,0.824406,56.49043,57.217938,2.507106,0.121694,0.098517,4,10,8,4,4,10,8,4,4,10,7,3,3,8,5,4,0.03716,0.07223,0.32841,0.34166,1,1,01:09:2023,00:49:46,932,-10.882212,-61.9686,175.0,lev20,Almucantar,Ji_Parana_UNIR,82,82.520324,1.4754,1.4846,1.4878,1.4841,0.010224,0.009004,0.009193,0.009292,56.49043,57.217938,2.507106,0.121694,0.098517,4,10,8,4,4,10,8,4,4,10,7,3,3,8,5,4,0.03716,0.07223,0.32841,0.34166,1,1,01:09:2023,00:49:46,932,-10.882212,-61.9686,175.0,lev20,Almucantar,Ji_Parana_UNIR,82,82.520324,0.9327,0.9209,0.9007,0.8859,56.49043,57.217938,2.507106,0.121694,0.098517,4,10,8,4,4,10,8,4,4,10,7,3,3,8,5,4,0.03716,0.07223,0.32841,0.34166,1,1,01:09:2023,00:49:46,932,-10.882212,-61.9686,175.0,lev20,Almucantar,Ji_Parana_UNIR,82,82.520324,0.055346,0.031912,0.023381,0.019242,1.305471,56.49043,57.217938,2.507106,0.121694,0.098517,4,10,8,4,4,10,8,4,4,10,7,3,3,8,5,4,0.03716,0.07223,0.32841,0.34166,1,1,01:09:2023,00:49:46,932,-10.882212,-61.9686,175.0,lev20,Almucantar,0.8116861531240211,0.08951310091342357,0.9372892083788212,Unclassified,Maritime,,Unknown
03:04:2022,20:15:14,Ji_Parana_UNIR,93,93.843912,0.0703,0.05,0.0365,0.0295,0.0673,0.0469,0.0333,0.0262,0.003,0.0031,0.0032,0.0032,0.942152,63.62527,62.90532,2.831654,0.106109,0.069295,3,10,8,5,3,10,6,5,3,10,6,5,3,10,6,5,0.03937,0.0762,0.35601,0.36316,1,1,11:09:2023,22:56:46,932,-10.882212,-61.9686,175.0,lev20,Almucantar,Ji_Parana_UNIR,93,93.843912,0.069295,0.047947,0.036415,0.028798,0.933061,63.62527,62.90532,2.831654,0.106109,0.069295,3,10,8,5,3,10,6,5,3,10,6,5,3,10,6,5,0.03937,0.0762,0.35601,0.36316,1,1,11:09:2023,22:56:46,932,-10.882212,-61.9686,175.0,lev20,Almucantar,Ji_Parana_UNIR,93,93.843912,1.4754,1.4846,1.4878,1.4841,0.010224,0.009004,0.009193,0.009292,63.62527,62.90532,2.831654,0.106109,0.069295,3,10,8,5,3,10,6,5,3,10,6,5,3,10,6,5,0.03937,0.0762,0.35601,0.36316,1,1,11:09:2023,22:56:46,932,-10.882212,-61.9686,175.0,lev20,Almucantar,Ji_Parana_UNIR,93,93.843912,0.9327,0.9209,0.9007,0.8859,63.62527,62.90532,2.831654,0.106109,0.069295,3,10,8,5,3,10,6,5,3,10,6,5,3,10,6,5,0.03937,0.0762,0.35601,0.36316,1,1,11:09:2023,22:56:46,932,-10.882212,-61.9686,175.0,lev20,Almucantar,Ji_Parana_UNIR,93,93.843912,0.055346,0.031912,0.023381,0.019242,1.305471,63.62527,62.90532,2.831654,0.106109,0.069295,3,10,8,5,3,10,6,5,3,10,6,5,3,10,6,5,0.03937,0.0762,0.35601,0.36316,1,1,11:09:2023,22:56:46,932,-10.882212,-61.9686,175.0,lev20,Almucantar,0.9614812461505929,0.06216936843038926,0.9497449906721759,Unclassified,Maritime,,Unknown
03:04:2022,20:59:36,Ji_Parana_UNIR,93,93.874722,0.0672,0.0478,0.0354,0.0286,0.0643,0.0448,0.0323,0.0255,0.0029,0.0031,0.0031,0.0032,0.923127,74.320082,73.594933,1.787717,0.027967,0.066872,4,10,7,6,4,10,7,6,4,10,7,6,4,10,7,6,0.04577,0.08778,0.40922,0.41269,1,1,11:09:2023,23:00:57,932,-10.882212,-61.9686,175.0,lev20,Almucantar,Ji_Parana_UNIR,93,93.874722,0.066872,0.046837,0.035667,0.028231,0.910635,74.320082,73.594933,1.787717,0.027967,0.066872,4,10,7,6,4,10,7,6,4,10,7,6,4,10,7,6,0.04577,0.08778,0.40922,0.41269,1,1,11:09:2023,23:00:57,932,-10.882212,-61.9686,175.0,lev20,Almucantar,Ji_Parana_UNIR,93,93.874722,1.4754,1.4846,1.4878,1.4841,0.010224,0.009004,0.009193,0.009292,74.320082,73.594933,1.787717,0.027967,0.066872,4,10,7,6,4,10,7,6,4,10,7,6,4,10,7,6,0.04577,0.08778,0.40922,0.41269,1,1,11:09:2023,23:00:57,932,-10.882212,-61.9686,175.0,lev20,Almucantar,Ji_Parana_UNIR,93,93.874722,0.9327,0.9209,0.9007,0.8859,74.320082,73.594933,1.787717,0.027967,0.066872,4,10,7,6,4,10,7,6,4,10,7,6,4,10,7,6,0.04577,0.08778,0.40922,0.41269,1,1,11:09:2023,23:00:57,932,-10.882212,-61.9686,175.0,lev20,Almucantar,Ji_Parana_UNIR,93,93.874722,0.055346,0.031912,0.023381,0.019242,1.305471,74.320082,73.594933,1.787717,0.027967,0.066872,4,10,7,6,4,10,7,6,4,10,7,6,4,10,7,6,0.04577,0.08778,0.40922,0.41269,1,1,11:09:2023,23:00:57,932,-10.882212,-61.9686,175.0,lev20,Almucantar,0.94021424054137,0.059589685154695475,0.9485985338599257,Unclassified,Maritime,,Unknown
03:04:2022,21:17:03,Ji_Parana_UNIR,93,93.88684,0.0703,0.0491,0.0366,0.0295,0.067,0.0457,0.0331,0.0259,0.0033,0.0034,0.0035,0.0035,0.942998,78.538528,77.813517,1.771273,0.01191,0.06989,4,10,7,3,4,10,7,3,4,10,7,3,4,10,7,3,0.04979,0.09492,0.44119,0.44235,1,1,11:09:2023,22:41:03,932,-10.882212,-61.9686,175.0,lev20,Almucantar,Ji_Parana_UNIR,93,93.88684,0.06989,0.04844,0.036903,0.029191,0.926402,78.538528,77.813517,1.771273,0.01191,0.06989,4,10,7,3,4,10,7,3,4,10,7,3,4,10,7,3,0.04979,0.09492,0.44119,0.44235,1,1,11:09:2023,22:41:03,932,-10.882212,-61.9686,175.0,lev20,Almucantar,Ji_Parana_UNIR,93,93.88684,1.4754,1.4846,1.4878,1.4841,0.010224,0.009004,0.009193,0.009292,78.538528,77.813517,1.771273,0.01191,0.06989,4,10,7,3,4,10,7,3,4,10,7,3,4,10,7,3,0.04979,0.09492,0.44119,0.44235,1,1,11:09:2023,22:41:03,932,-10.882212,-61.9686,175.0,lev20,Almucantar,Ji_Parana_UNIR,93,93.88684,0.9327,0.9209,0.9007,0.8859,78.538528,77.813517,1.771273,0.01191,0.06989,4,10,7,3,4,10,7,3,4,10,7,3,4,10,7,3,0.04979,0.09492,0.44119,0.44235,1,1,11:09:2023,22:41:03,932,-10.882212,-61.9686,175.0,lev20,Almucantar,Ji_Parana_UNIR,93,93.88684,0.055346,0.031912,0.023381,0.019242,1.305471,78.538528,77.813517,1.771273,0.01191,0.06989,4,10,7,3,4,10,7,3,4,10,7,3,4,10,7,3,0.04979,0.09492,0.44119,0.44235,1,1,11:09:2023,22:41:03,932,-10.882212,-61.9686,175.0,lev20,Almucantar,0.9574678889069018,0.062201272047795096,0.9442391621944051,Unclassified,Maritime,,Unknown
05:04:2022,19:22:02,Ji_Parana_UNIR,95,95.806968,0.1107,0.0759,0.0573,0.0477,0.1028,0.0676,0.0489,0.0391,0.008,0.0083,0.0085,0.0085,0.95511,51.343994,50.641303,1.427855,0.026808,0.1095,3,10,8,4,3,10,8,4,3,10,8,4,3,10,8,4,0.03591,0.06944,0.32196,0.33147,1,1,14:09:2023,14:48:33,932,-10.882212,-61.9686,175.0,lev20,Almucantar,Ji_Parana_UNIR,95,95.806968,0.1095,0.074904,0.05779,0.047413,0.930231,51.343994,50.641303,1.427855,0.026808,0.1095,3,10,8,4,3,10,8,4,3,10,8,4,3,10,8,4,0.03591,0.06944,0.32196,0.33147,1,1,14:09:2023,14:48:33,932,-10.882212,-61.9686,175.0,lev20,Almucantar,Ji_Parana_UNIR,95,95.806968,1.4754,1.4846,1.4878,1.4841,0.010224,0.009004,0.009193,0.009292,51.343994,50.641303,1.427855,0.026808,0.1095,3,10,8,4,3,10,8,4,3,10,8,4,3,10,8,4,0.03591,0.06944,0.32196,0.33147,1,1,14:09:2023,14:48:33,932,-10.882212,-61.9686,175.0,lev20,Almucantar,Ji_Parana_UNIR,95,95.806968,0.9327,0.9209,0.9007,0.8859,51.343994,50.641303,1.427855,0.026808,0.1095,3,10,8,4,3,10,8,4,3,10,8,4,3,10,8,4,0.03591,0.06944,0.32196,0.33147,1,1,14:09:2023,14:48:33,932,-10.882212,-61.9686,175.0,lev20,Almucantar,Ji_Parana_UNIR,95,95.806968,0.055346,0.031912,0.023381,0.019242,1.305471,51.343994,50.641303,1.427855,0.026808,0.1095,3,10,8,4,3,10,8,4,3,10,8,4,3,10,8,4,0.03591,0.06944,0.32196,0.33147,1,1,14:09:2023,14:48:33,932,-10.882212,-61.9686,175.0,lev20,Almucantar,0.9659752973378788,0.09784063295656986,0.9122086510022512,Unclassified,Maritime,,Unknown
05:04:2022,19:48:59,Ji_Parana_UNIR,95,95.825683,0.1073,0.0728,0.0547,0.0453,0.0998,0.0651,0.0468,0.0374,0.0075,0.0078,0.0079,0.008,0.977649,57.70408,56.992359,1.757244,0.023104,0.106065,4,10,7,5,4,10,7,5,4,10,7,5,4,10,8,4,0.03737,0.07236,0.33711,0.34557,1,1,14:09:2023,14:32:43,932,-10.882212,-61.9686,175.0,lev20,Almucantar,Ji_Parana_UNIR,95,95.825683,0.106065,0.072015,0.055177,0.045292,0.950922,57.70408,56.992359,1.757244,0.023104,0.106065,4,10,7,5,4,10,7,5,4,10,7,5,4,10,8,4,0.03737,0.07236,0.33711,0.34557,1,1,14:09:2023,14:32:43,932,-10.882212,-61.9686,175.0,lev20,Almucantar,Ji_Parana_UNIR,95,95.825683,1.4754,1.4846,1.4878,1.4841,0.010224,0.009004,0.009193,0.009292,57.70408,56.992359,1.757244,0.023104,0.106065,4,10,7,5,4,10,7,5,4,10,7,5,4,10,8,4,0.03737,0.07236,0.33711,0.34557,1,1,14:09:2023,14:32:43,932,-10.882212,-61.9686,175.0,lev20,Almucantar,Ji_Parana_UNIR,95,95.825683,0.9327,0.9209,0.9007,0.8859,57.70408,56.992359,1.757244,0.023104,0.106065,4,10,7,5,4,10,7,5,4,10,7,5,4,10,8,4,0.03737,0.07236,0.33711,0.34557,1,1,14:09:2023,14:32:43,932,-10.882212,-61.9686,175.0,lev20,Almucantar,Ji_Parana_UNIR,95,95.825683,0.055346,0.031912,0.023381,0.019242,1.305471,57.70408,56.992359,1.757244,0.023104,0.106065,4,10,7,5,4,10,7,5,4,10,7,5,4,10,8,4,0.03737,0.07236,0.33711,0.34557,1,1,14:09:2023,14:32:43,932,-10.882212,-61.9686,175.0,lev20,Almucantar,0.9883330953968757,0.09456493088595164,0.9140878834852164,Unclassified,Maritime,,Unknown
05:04:2022,20:14:01,Ji_Parana_UNIR,95,95.843067,0.1059,0.0729,0.0559,0.0468,0.0986,0.0653,0.0481,0.0391,0.0073,0.0076,0.0077,0.0078,0.928457,63.671687,62.954127,1.490804,0.026142,0.104794,3,10,8,5,3,10,8,5,3,10,8,5,3,10,8,5,0.03939,0.07623,0.35617,0.36333,1,1,14:09:2023,14:37:52,932,-10.882212,-61.9686,175.0,lev20,Almucantar,Ji_Parana_UNIR,95,95.843067,0.104794,0.072457,0.056151,0.046717,0.907748,63.671687,62.954127,1.490804,0.026142,0.104794,3,10,8,5,3,10,8,5,3,10,8,5,3,10,8,5,0.03939,0.07623,0.35617,0.36333,1,1,14:09:2023,14:37:52,932,-10.882212,-61.9686,175.0,lev20,Almucantar,Ji_Parana_UNIR,95,95.843067,1.4754,1.4846,1.4878,1.4841,0.010224,0.009004,0.009193,0.009292,63.671687,62.954127,1.490804,0.026142,0.104794,3,10,8,5,3,10,8,5,3,10,8,5,3,10,8,5,0.03939,0.07623,0.35617,0.36333,1,1,14:09:2023,14:37:52,932,-10.882212,-61.9686,175.0,lev20,Almucantar,Ji_Parana_UNIR,95,95.843067,0.9327,0.9209,0.9007,0.8859,63.671687,62.954127,1.490804,0.026142,0.104794,3,10,8,5,3,10,8,5,3,10,8,5,3,10,8,5,0.03939,0.07623,0.35617,0.36333,1,1,14:09:2023,14:37:52,932,-10.882212,-61.9686,175.0,lev20,Almucantar,Ji_Parana_UNIR,95,95.843067,0.055346,0.031912,0.023381,0.019242,1.305471,63.671687,62.954127,1.490804,0.026142,0.104794,3,10,8,5,3,10,8,5,3,10,8,5,3,10,8,5,0.03939,0.07623,0.35617,0.36333,1,1,14:09:2023,14:37:52,932,-10.882212,-61.9686,175.0,lev20,Almucantar,0.9372356577560532,0.09394272223072093,0.9146615469803474,Unclassified,Maritime,,Unknown
05:04:2022,20:59:01,Ji_Parana_UNIR,95,95.874317,0.1093,0.0769,0.06,0.0507,0.101,0.0683,0.0513,0.0419,0.0083,0.0086,0.0087,0.0088,0.871788,74.489611,73.766138,1.491559,0.007526,0.10824,4,10,7,6,4,10,7,6,4,10,5,6,4,9,4,6,0.04586,0.08799,0.41033,0.4137,1,1,14:09:2023,14:43:19,932,-10.882212,-61.9686,175.0,lev20,Almucantar,Ji_Parana_UNIR,95,95.874317,0.10824,0.07623,0.06022,0.050905,0.853969,74.489611,73.766138,1.491559,0.007526,0.10824,4,10,7,6,4,10,7,6,4,10,5,6,4,9,4,6,0.04586,0.08799,0.41033,0.4137,1,1,14:09:2023,14:43:19,932,-10.882212,-61.9686,175.0,lev20,Almucantar,Ji_Parana_UNIR,95,95.874317,1.4754,1.4846,1.4878,1.4841,0.010224,0.009004,0.009193,0.009292,74.489611,73.766138,1.491559,0.007526,0.10824,4,10,7,6,4,10,7,6,4,10,5,6,4,9,4,6,0.04586,0.08799,0.41033,0.4137,1,1,14:09:2023,14:43:19,932,-10.882212,-61.9686,175.0,lev20,Almucantar,Ji_Parana_UNIR,95,95.874317,0.9327,0.9209,0.9007,0.8859,74.489611,73.766138,1.491559,0.007526,0.10824,4,10,7,6,4,10,7,6,4,10,5,6,4,9,4,6,0.04586,0.08799,0.41033,0.4137,1,1,14:09:2023,14:43:19,932,-10.882212,-61.9686,175.0,lev20,Almucantar,Ji_Parana_UNIR,95,95.874317,0.055346,0.031912,0.023381,0.019242,1.305471,74.489611,73.766138,1.491559,0.007526,0.10824,4,10,7,6,4,10,7,6,4,10,5,6,4,9,4,6,0.04586,0.08799,0.41033,0.4137,1,1,14:09:2023,14:43:19,932,-10.882212,-61.9686,175.0,lev20,Almucantar,0.8797646629640183,0.0976737762609754,0.908068120290745,Unclassified,Maritime,,Unknown
06:04:2022,19:21:45,Ji_Parana_UNIR,96,96.806771,0.1023,0.0786,0.0581,0.0465,0.0989,0.0751,0.0545,0.0428,0.0034,0.0035,0.0036,0.0037,0.805738,51.470003,50.769094,3.220063,0.115475,0.101763,3,10,5,4,3,10,5,3,3,10,5,3,3,10,4,4,0.03594,0.06949,0.32224,0.33171,1,1,15:09:2023,17:29:27,932,-10.882212,-61.9686,175.0,lev20,Almucantar,Ji_Parana_UNIR,96,96.806771,0.101763,0.0757,0.058095,0.045965,0.806847,51.470003,50.769094,3.220063,0.115475,0.101763,3,10,5,4,3,10,5,3,3,10,5,3,3,10,4,4,0.03594,0.06949,0.32224,0.33171,1,1,15:09:2023,17:29:27,932,-10.882212,-61.9686,175.0,lev20,Almucantar,Ji_Parana_UNIR,96,96.806771,1.4754,1.4846,1.4878,1.4841,0.010224,0.009004,0.009193,0.009292,51.470003,50.769094,3.220063,0.115475,0.101763,3,10,5,4,3,10,5,3,3,10,5,3,3,10,4,4,0.03594,0.06949,0.32224,0.33171,1,1,15:09:2023,17:29:27,932,-10.882212,-61.9686,175.0,lev20,Almucantar,Ji_Parana_UNIR,96,96.806771,0.9327,0.9209,0.9007,0.8859,51.470003,50.769094,3.220063,0.115475,0.101763,3,10,5,4,3,10,5,3,3,10,5,3,3,10,4,4,0.03594,0.06949,0.32224,0.33171,1,1,15:09:2023,17:29:27,932,-10.882212,-61.9686,175.0,lev20,Almucantar,Ji_Parana_UNIR,96,96.806771,0.055346,0.031912,0.023381,0.019242,1.305471,51.470003,50.769094,3.220063,0.115475,0.101763,3,10,5,4,3,10,5,3,3,10,5,3,3,10,4,4,0.03594,0.06949,0.32224,0.33171,1,1,15:09:2023,17:29:27,932,-10.882212,-61.9686,175.0,lev20,Almucantar,0.8298792269341733,0.09200320500310963,0.9627439716506766,Unclassified,Maritime,,Unknown
07:04:2022,11:48:29,Ji_Parana_UNIR,97,97.492002,0.1347,0.108,0.0932,0.0843,0.1142,0.0869,0.0718,0.0628,0.0204,0.0211,0.0214,0.0215,0.53658,66.705093,67.423081,3.590882,0.124006,0.132189,4,10,7,6,4,10,7,6,4,10,6,6,4,10,5,6,0.04004,0.07746,0.37512,0.38417,1,1,15:09:2023,17:33:50,932,-10.882212,-61.9686,175.0,lev20,Almucantar,Ji_Parana_UNIR,97,97.492002,0.132189,0.105469,0.092784,0.086178,0.518979,66.705093,67.423081,3.590882,0.124006,0.132189,4,10,7,6,4,10,7,6,4,10,6,6,4,10,5,6,0.04004,0.07746,0.37512,0.38417,1,1,15:09:2023,17:33:50,932,-10.882212,-61.9686,175.0,lev20,Almucantar,Ji_Parana_UNIR,97,97.492002,1.4754,1.4846,1.4878,1.4841,0.010224,0.009004,0.009193,0.009292,66.705093,67.423081,3.590882,0.124006,0.132189,4,10,7,6,4,10,7,6,4,10,6,6,4,10,5,6,0.04004,0.07746,0.37512,0.38417,1,1,15:09:2023,17:33:50,932,-10.882212,-61.9686,175.0,lev20,Almucantar,Ji_Parana_UNIR,97,97.492002,0.9327,0.9209,0.9007,0.8859,66.705093,67.423081,3.590882,0.124006,0.132189,4,10,7,6,4,10,7,6,4,10,6,6,4,10,5,6,0.04004,0.07746,0.37512,0.38417,1,1,15:09:2023,17:33:50,932,-10.882212,-61.9686,175.0,lev20,Almucantar,Ji_Parana_UNIR,97,97.492002,0.055346,0.031912,0.023381,0.019242,1.305471,66.705093,67.423081,3.590882,0.124006,0.132189,4,10,7,6,4,10,7,6,4,10,6,6,4,10,5,6,0.04004,0.07746,0.37512,0.38417,1,1,15:09:2023,17:33:50,932,-10.882212,-61.9686,175.0,lev20,Almucantar,0.5402557946880755,0.12571121898772789,0.8273372438198385,Unclassified,Maritime,,Unknown
25:04:2022,12:35:16,Ji_Parana_UNIR,115,115.524491,0.1271,0.0891,0.0731,0.0649,0.1055,0.0667,0.0496,0.0407,0.0216,0.0225,0.0235,0.0241,0.811592,56.855046,57.528553,2.994896,0.063291,0.124568,4,10,8,4,4,9,8,4,4,8,6,3,4,8,6,3,0.03678,0.07079,0.34159,0.35139,1,1,04:10:2023,00:31:55,932,-10.882212,-61.9686,175.0,lev20,Almucantar,Ji_Parana_UNIR,115,115.524491,0.124568,0.089073,0.073301,0.064574,0.776796,56.855046,57.528553,2.994896,0.063291,0.124568,4,10,8,4,4,9,8,4,4,8,6,3,4,8,6,3,0.03678,0.07079,0.34159,0.35139,1,1,04:10:2023,00:31:55,932,-10.882212,-61.9686,175.0,lev20,Almucantar,Ji_Parana_UNIR,115,115.524491,1.4754,1.4846,1.4878,1.4841,0.010224,0.009004,0.009193,0.009292,56.855046,57.528553,2.994896,0.063291,0.124568,4,10,8,4,4,9,8,4,4,8,6,3,4,8,6,3,0.03678,0.07079,0.34159,0.35139,1,1,04:10:2023,00:31:55,932,-10.882212,-61.9686,175.0,lev20,Almucantar,Ji_Parana_UNIR,115,115.524491,0.9327,0.9209,0.9007,0.8859,56.855046,57.528553,2.994896,0.063291,0.124568,4,10,8,4,4,9,8,4,4,8,6,3,4,8,6,3,0.03678,0.07079,0.34159,0.35139,1,1,04:10:2023,00:31:55,932,-10.882212,-61.9686,175.0,lev20,Almucantar,Ji_Parana_UNIR,115,115.524491,0.055346,0.031912,0.023381,0.019242,1.305471,56.855046,57.528553,2.994896,0.063291,0.124568,4,10,8,4,4,9,8,4,4,8,6,3,4,8,6,3,0.03678,0.07079,0.34159,0.35139,1,1,04:10:2023,00:31:55,932,-10.882212,-61.9686,175.0,lev20,Almucantar,0.811399168167815,0.11457736674213112,0.7919439196753777,Unclassified,Maritime,,Unknown
25:04:2022,19:59:08,Ji_Parana_UNIR,115,115.832731,0.0951,0.064,0.0487,0.0413,0.0866,0.0553,0.0397,0.0321,0.0085,0.0088,0.009,0.0092,0.973715,63.409123,62.723156,2.935932,0.138829,0.092652,3,10,8,5,3,10,8,5,3,10,8,5,3,9,8,4,0.03906,0.07465,0.36129,0.36709,1,1,04:10:2023,00:32:43,932,-10.882212,-61.9686,175.0,lev20,Almucantar,Ji_Parana_UNIR,115,115.832731,0.092652,0.062814,0.048441,0.039704,0.944743,63.409123,62.723156,2.935932,0.138829,0.092652,3,10,8,5,3,10,8,5,3,10,8,5,3,9,8,4,0.03906,0.07465,0.36129,0.36709,1,1,04:10:2023,00:32:43,932,-10.882212,-61.9686,175.0,lev20,Almucantar,Ji_Parana_UNIR,115,115.832731,1.4754,1.4846,1.4878,1.4841,0.010224,0.009004,0.009193,0.009292,63.409123,62.723156,2.935932,0.138829,0.092652,3,10,8,5,3,10,8,5,3,10,8,5,3,9,8,4,0.03906,0.07465,0.36129,0.36709,1,1,04:10:2023,00:32:43,932,-10.882212,-61.9686,175.0,lev20,Almucantar,Ji_Parana_UNIR,115,115.832731,0.9327,0.9209,0.9007,0.8859,63.409123,62.723156,2.935932,0.138829,0.092652,3,10,8,5,3,10,8,5,3,10,8,5,3,9,8,4,0.03906,0.07465,0.36129,0.36709,1,1,04:10:2023,00:32:43,932,-10.882212,-61.9686,175.0,lev20,Almucantar,Ji_Parana_UNIR,115,115.832731,0.055346,0.031912,0.023381,0.019242,1.305471,63.409123,62.723156,2.935932,0.138829,0.092652,3,10,8,5,3,10,8,5,3,10,8,5,3,9,8,4,0.03906,0.07465,0.36129,0.36709,1,1,04:10:2023,00:32:43,932,-10.882212,-61.9686,175.0,lev20,Almucantar,0.9817101258764536,0.08388389617233215,0.8898081411910749,Unclassified,Maritime,,Unknown
25:04:2022,20:44:46,Ji_Parana_UNIR,115,115.864421,0.0921,0.0594,0.044,0.036,0.0838,0.0508,0.0352,0.027,0.0083,0.0086,0.0088,0.009,1.075092,73.969058,73.269005,1.275344,0.01923,0.091503,4,10,7,6,4,10,7,6,4,10,7,6,4,10,7,6,0.04515,0.08505,0.41375,0.41556,1,1,04:10:2023,00:36:50,932,-10.882212,-61.9686,175.0,lev20,Almucantar,Ji_Parana_UNIR,115,115.864421,0.091503,0.058857,0.044302,0.035703,1.058255,73.969058,73.269005,1.275344,0.01923,0.091503,4,10,7,6,4,10,7,6,4,10,7,6,4,10,7,6,0.04515,0.08505,0.41375,0.41556,1,1,04:10:2023,00:36:50,932,-10.882212,-61.9686,175.0,lev20,Almucantar,Ji_Parana_UNIR,115,115.864421,1.4754,1.4846,1.4878,1.4841,0.010224,0.009004,0.009193,0.009292,73.969058,73.269005,1.275344,0.01923,0.091503,4,10,7,6,4,10,7,6,4,10,7,6,4,10,7,6,0.04515,0.08505,0.41375,0.41556,1,1,04:10:2023,00:36:50,932,-10.882212,-61.9686,175.0,lev20,Almucantar,Ji_Parana_UNIR,115,115.864421,0.9327,0.9209,0.9007,0.8859,73.969058,73.269005,1.275344,0.01923,0.091503,4,10,7,6,4,10,7,6,4,10,7,6,4,10,7,6,0.04515,0.08505,0.41375,0.41556,1,1,04:10:2023,00:36:50,932,-10.882212,-61.9686,175.0,lev20,Almucantar,Ji_Parana_UNIR,115,115.864421,0.055346,0.031912,0.023381,0.019242,1.305471,73.969058,73.269005,1.275344,0.01923,0.091503,4,10,7,6,4,10,7,6,4,10,7,6,4,10,7,6,0.04515,0.08505,0.41375,0.41556,1,1,04:10:2023,00:36:50,932,-10.882212,-61.9686,175.0,lev20,Almucantar,1.0835635616198838,0.08018683585445473,0.8866135974484781,Unclassified,Maritime,,Unknown
25:04:2022,21:02:11,Ji_Parana_UNIR,115,115.876516,0.0894,0.0569,0.0418,0.0336,0.0831,0.0504,0.0351,0.0267,0.0063,0.0065,0.0067,0.0069,1.106551,78.042887,77.340294,1.459553,0.008625,0.088988,4,10,7,3,4,10,7,4,4,10,7,4,4,10,7,4,0.04874,0.09116,0.44405,0.44355,1,1,04:10:2023,00:38:34,932,-10.882212,-61.9686,175.0,lev20,Almucantar,Ji_Parana_UNIR,115,115.876516,0.088988,0.056345,0.041956,0.033621,1.096882,78.042887,77.340294,1.459553,0.008625,0.088988,4,10,7,3,4,10,7,4,4,10,7,4,4,10,7,4,0.04874,0.09116,0.44405,0.44355,1,1,04:10:2023,00:38:34,932,-10.882212,-61.9686,175.0,lev20,Almucantar,Ji_Parana_UNIR,115,115.876516,1.4754,1.4846,1.4878,1.4841,0.010224,0.009004,0.009193,0.009292,78.042887,77.340294,1.459553,0.008625,0.088988,4,10,7,3,4,10,7,4,4,10,7,4,4,10,7,4,0.04874,0.09116,0.44405,0.44355,1,1,04:10:2023,00:38:34,932,-10.882212,-61.9686,175.0,lev20,Almucantar,Ji_Parana_UNIR,115,115.876516,0.9327,0.9209,0.9007,0.8859,78.042887,77.340294,1.459553,0.008625,0.088988,4,10,7,3,4,10,7,4,4,10,7,4,4,10,7,4,0.04874,0.09116,0.44405,0.44355,1,1,04:10:2023,00:38:34,932,-10.882212,-61.9686,175.0,lev20,Almucantar,Ji_Parana_UNIR,115,115.876516,0.055346,0.031912,0.023381,0.019242,1.305471,78.042887,77.340294,1.459553,0.008625,0.088988,4,10,7,3,4,10,7,4,4,10,7,4,4,10,7,4,0.04874,0.09116,0.44405,0.44355,1,1,04:10:2023,00:38:34,932,-10.882212,-61.9686,175.0,lev20,Almucantar,1.115158763727523,0.07752234191929347,0.9116066043022653,Unclassified,Maritime,,Unknown
27:04:2022,11:50:06,Ji_Parana_UNIR,117,117.493125,0.1164,0.0791,0.0629,0.0549,0.0991,0.0609,0.044,0.0357,0.0174,0.0182,0.0189,0.0192,0.900882,67.272371,67.962517,2.993829,0.045744,0.115114,4,10,7,6,4,10,6,6,4,10,6,6,4,10,5,6,0.04045,0.07754,0.37883,0.38765,1,1,06:10:2023,23:48:24,932,-10.882212,-61.9686,175.0,lev20,Almucantar,Ji_Parana_UNIR,117,117.493125,0.115114,0.078404,0.06276,0.054391,0.888682,67.272371,67.962517,2.993829,0.045744,0.115114,4,10,7,6,4,10,6,6,4,10,6,6,4,10,5,6,0.04045,0.07754,0.37883,0.38765,1,1,06:10:2023,23:48:24,932,-10.882212,-61.9686,175.0,lev20,Almucantar,Ji_Parana_UNIR,117,117.493125,1.4754,1.4846,1.4878,1.4841,0.010224,0.009004,0.009193,0.009292,67.272371,67.962517,2.993829,0.045744,0.115114,4,10,7,6,4,10,6,6,4,10,6,6,4,10,5,6,0.04045,0.07754,0.37883,0.38765,1,1,06:10:2023,23:48:24,932,-10.882212,-61.9686,175.0,lev20,Almucantar,Ji_Parana_UNIR,117,117.493125,0.9327,0.9209,0.9007,0.8859,67.272371,67.962517,2.993829,0.045744,0.115114,4,10,7,6,4,10,6,6,4,10,6,6,4,10,5,6,0.04045,0.07754,0.37883,0.38765,1,1,06:10:2023,23:48:24,932,-10.882212,-61.9686,175.0,lev20,Almucantar,Ji_Parana_UNIR,117,117.493125,0.055346,0.031912,0.023381,0.019242,1.305471,67.272371,67.962517,2.993829,0.045744,0.115114,4,10,7,6,4,10,6,6,4,10,6,6,4,10,5,6,0.04045,0.07754,0.37883,0.38765,1,1,06:10:2023,23:48:24,932,-10.882212,-61.9686,175.0,lev20,Almucantar,0.9028453612036097,0.10371209768259157,0.8128112380981118,Unclassified,Maritime,,Unknown
28:04:2022,11:50:20,Ji_Parana_UNIR,118,118.493287,0.1243,0.0877,0.0711,0.0626,0.1037,0.0664,0.0487,0.0395,0.0206,0.0213,0.0224,0.0231,0.817183,67.283979,67.972539,4.393201,0.046833,0.123763,4,10,7,6,4,8,7,6,4,8,7,5,4,7,5,5,0.04047,0.07757,0.37889,0.38773,1,1,10:10:2023,13:16:56,932,-10.882212,-61.9686,175.0,lev20,Almucantar,Ji_Parana_UNIR,118,118.493287,0.123763,0.086867,0.071129,0.062648,0.812245,67.283979,67.972539,4.393201,0.046833,0.123763,4,10,7,6,4,8,7,6,4,8,7,5,4,7,5,5,0.04047,0.07757,0.37889,0.38773,1,1,10:10:2023,13:16:56,932,-10.882212,-61.9686,175.0,lev20,Almucantar,Ji_Parana_UNIR,118,118.493287,1.4754,1.4846,1.4878,1.4841,0.010224,0.009004,0.009193,0.009292,67.283979,67.972539,4.393201,0.046833,0.123763,4,10,7,6,4,8,7,6,4,8,7,5,4,7,5,5,0.04047,0.07757,0.37889,0.38773,1,1,10:10:2023,13:16:56,932,-10.882212,-61.9686,175.0,lev20,Almucantar,Ji_Parana_UNIR,118,118.493287,0.9327,0.9209,0.9007,0.8859,67.283979,67.972539,4.393201,0.046833,0.123763,4,10,7,6,4,8,7,6,4,8,7,5,4,7,5,5,0.04047,0.07757,0.37889,0.38773,1,1,10:10:2023,13:16:56,932,-10.882212,-61.9686,175.0,lev20,Almucantar,Ji_Parana_UNIR,118,118.493287,0.055346,0.031912,0.023381,0.019242,1.305471,67.283979,67.972539,4.393201,0.046833,0.123763,4,10,7,6,4,8,7,6,4,8,7,5,4,7,5,5,0.04047,0.07757,0.37889,0.38773,1,1,10:10:2023,13:16:56,932,-10.882212,-61.9686,175.0,lev20,Almucantar,0.819415454054369,0.11193847145791297,0.7989133961273083,Unclassified,Maritime,,Unknown
28:04:2022,12:36:17,Ji_Parana_UNIR,118,118.525197,0.124,0.0858,0.0686,0.0599,0.1016,0.0626,0.0445,0.035,0.0224,0.0232,0.0241,0.0249,0.865682,56.897637,57.564698,3.827128,0.050474,0.123247,4,10,8,4,4,9,7,4,4,9,4,5,4,8,4,5,0.03679,0.07081,0.3417,0.35149,1,1,10:10:2023,13:20:09,932,-10.882212,-61.9686,175.0,lev20,Almucantar,Ji_Parana_UNIR,118,118.525197,0.123247,0.085289,0.06936,0.060039,0.843231,56.897637,57.564698,3.827128,0.050474,0.123247,4,10,8,4,4,9,7,4,4,9,4,5,4,8,4,5,0.03679,0.07081,0.3417,0.35149,1,1,10:10:2023,13:20:09,932,-10.882212,-61.9686,175.0,lev20,Almucantar,Ji_Parana_UNIR,118,118.525197,1.4754,1.4846,1.4878,1.4841,0.010224,0.009004,0.009193,0.009292,56.897637,57.564698,3.827128,0.050474,0.123247,4,10,8,4,4,9,7,4,4,9,4,5,4,8,4,5,0.03679,0.07081,0.3417,0.35149,1,1,10:10:2023,13:20:09,932,-10.882212,-61.9686,175.0,lev20,Almucantar,Ji_Parana_UNIR,118,118.525197,0.9327,0.9209,0.9007,0.8859,56.897637,57.564698,3.827128,0.050474,0.123247,4,10,8,4,4,9,7,4,4,9,4,5,4,8,4,5,0.03679,0.07081,0.3417,0.35149,1,1,10:10:2023,13:20:09,932,-10.882212,-61.9686,175.0,lev20,Almucantar,Ji_Parana_UNIR,118,118.525197,0.055346,0.031912,0.023381,0.019242,1.305471,56.897637,57.564698,3.827128,0.050474,0.123247,4,10,8,4,4,9,7,4,4,9,4,5,4,8,4,5,0.03679,0.07081,0.3417,0.35149,1,1,10:10:2023,13:20:09,932,-10.882212,-61.9686,175.0,lev20,Almucantar,0.8683775548526733,0.1109715580865811,0.7788767054856165,Unclassified,Maritime,,Unknown
05:05:2022,19:15:56,Ji_Parana_UNIR,125,125.802731,0.1681,0.1017,0.0766,0.0651,0.1422,0.0744,0.0479,0.0356,0.026,0.0273,0.0287,0.0295,1.152652,55.249623,54.60634,1.715201,0.042573,0.166736,4,10,8,4,4,10,8,4,4,10,8,4,4,7,8,4,0.03631,0.06976,0.3383,0.34505,1,1,15:10:2023,17:31:27,932,-10.882212,-61.9686,175.0,lev20,Almucantar,Ji_Parana_UNIR,125,125.802731,0.166736,0.101309,0.076982,0.064107,1.134406,55.249623,54.60634,1.715201,0.042573,0.166736,4,10,8,4,4,10,8,4,4,10,8,4,4,7,8,4,0.03631,0.06976,0.3383,0.34505,1,1,15:10:2023,17:31:27,932,-10.882212,-61.9686,175.0,lev20,Almucantar,Ji_Parana_UNIR,125,125.802731,1.4754,1.4846,1.4878,1.4841,0.010224,0.009004,0.009193,0.009292,55.249623,54.60634,1.715201,0.042573,0.166736,4,10,8,4,4,10,8,4,4,10,8,4,4,7,8,4,0.03631,0.06976,0.3383,0.34505,1,1,15:10:2023,17:31:27,932,-10.882212,-61.9686,175.0,lev20,Almucantar,Ji_Parana_UNIR,125,125.802731,0.9327,0.9209,0.9007,0.8859,55.249623,54.60634,1.715201,0.042573,0.166736,4,10,8,4,4,10,8,4,4,10,8,4,4,7,8,4,0.03631,0.06976,0.3383,0.34505,1,1,15:10:2023,17:31:27,932,-10.882212,-61.9686,175.0,lev20,Almucantar,Ji_Parana_UNIR,125,125.802731,0.055346,0.031912,0.023381,0.019242,1.305471,55.249623,54.60634,1.715201,0.042573,0.166736,4,10,8,4,4,10,8,4,4,10,8,4,4,7,8,4,0.03631,0.06976,0.3383,0.34505,1,1,15:10:2023,17:31:27,932,-10.882212,-61.9686,175.0,lev20,Almucantar,1.1529127950403477,0.14506447674142717,0.7939312790901301,Unclassified,Maritime,,Unknown
06:05:2022,11:21:39,Ji_Parana_UNIR,126,126.473368,0.138,0.0822,0.0604,0.0503,0.1214,0.0647,0.0418,0.031,0.0167,0.0175,0.0186,0.0193,1.209269,74.370481,75.056613,2.051015,0.028766,0.137139,4,10,7,6,4,10,7,6,4,10,7,6,4,10,7,6,0.04458,0.08463,0.42327,0.42985,1,1,16:10:2023,22:57:26,932,-10.882212,-61.9686,175.0,lev20,Almucantar,Ji_Parana_UNIR,126,126.473368,0.137139,0.082084,0.060555,0.049928,1.196538,74.370481,75.056613,2.051015,0.028766,0.137139,4,10,7,6,4,10,7,6,4,10,7,6,4,10,7,6,0.04458,0.08463,0.42327,0.42985,1,1,16:10:2023,22:57:26,932,-10.882212,-61.9686,175.0,lev20,Almucantar,Ji_Parana_UNIR,126,126.473368,1.4754,1.4846,1.4878,1.4841,0.010224,0.009004,0.009193,0.009292,74.370481,75.056613,2.051015,0.028766,0.137139,4,10,7,6,4,10,7,6,4,10,7,6,4,10,7,6,0.04458,0.08463,0.42327,0.42985,1,1,16:10:2023,22:57:26,932,-10.882212,-61.9686,175.0,lev20,Almucantar,Ji_Parana_UNIR,126,126.473368,0.9327,0.9209,0.9007,0.8859,74.370481,75.056613,2.051015,0.028766,0.137139,4,10,7,6,4,10,7,6,4,10,7,6,4,10,7,6,0.04458,0.08463,0.42327,0.42985,1,1,16:10:2023,22:57:26,932,-10.882212,-61.9686,175.0,lev20,Almucantar,Ji_Parana_UNIR,126,126.473368,0.055346,0.031912,0.023381,0.019242,1.305471,74.370481,75.056613,2.051015,0.028766,0.137139,4,10,7,6,4,10,7,6,4,10,7,6,4,10,7,6,0.04458,0.08463,0.42327,0.42985,1,1,16:10:2023,22:57:26,932,-10.882212,-61.9686,175.0,lev20,Almucantar,1.2120319438543916,0.11819260687141109,0.839353577415909,BCL,Maritime,,Unknown
06:05:2022,11:52:52,Ji_Parana_UNIR,126,126.495046,0.1407,0.0845,0.0629,0.0532,0.1209,0.0638,0.0411,0.0306,0.0198,0.0208,0.0219,0.0226,1.179505,67.286606,67.962178,1.606116,0.035946,0.139409,4,10,7,6,4,10,7,6,4,10,7,6,4,10,7,6,0.04035,0.07719,0.38225,0.38983,1,1,16:10:2023,23:02:12,932,-10.882212,-61.9686,175.0,lev20,Almucantar,Ji_Parana_UNIR,126,126.495046,0.139409,0.084588,0.063167,0.052466,1.15936,67.286606,67.962178,1.606116,0.035946,0.139409,4,10,7,6,4,10,7,6,4,10,7,6,4,10,7,6,0.04035,0.07719,0.38225,0.38983,1,1,16:10:2023,23:02:12,932,-10.882212,-61.9686,175.0,lev20,Almucantar,Ji_Parana_UNIR,126,126.495046,1.4754,1.4846,1.4878,1.4841,0.010224,0.009004,0.009193,0.009292,67.286606,67.962178,1.606116,0.035946,0.139409,4,10,7,6,4,10,7,6,4,10,7,6,4,10,7,6,0.04035,0.07719,0.38225,0.38983,1,1,16:10:2023,23:02:12,932,-10.882212,-61.9686,175.0,lev20,Almucantar,Ji_Parana_UNIR,126,126.495046,0.9327,0.9209,0.9007,0.8859,67.286606,67.962178,1.606116,0.035946,0.139409,4,10,7,6,4,10,7,6,4,10,7,6,4,10,7,6,0.04035,0.07719,0.38225,0.38983,1,1,16:10:2023,23:02:12,932,-10.882212,-61.9686,175.0,lev20,Almucantar,Ji_Parana_UNIR,126,126.495046,0.055346,0.031912,0.023381,0.019242,1.305471,67.286606,67.962178,1.606116,0.035946,0.139409,4,10,7,6,4,10,7,6,4,10,7,6,4,10,7,6,0.04035,0.07719,0.38225,0.38983,1,1,16:10:2023,23:02:12,932,-10.882212,-61.9686,175.0,lev20,Almucantar,1.1809622570603195,0.12098463779617466,0.8129092741425373,Unclassified,Maritime,,Unknown
06:05:2022,12:39:39,Ji_Parana_UNIR,126,126.527535,0.1396,0.0854,0.0642,0.0544,0.1204,0.0651,0.0429,0.0326,0.0191,0.0202,0.0213,0.0219,1.137909,56.949605,57.599053,2.07025,0.078115,0.138476,4,10,8,4,4,10,8,4,4,10,7,5,4,10,7,5,0.0366,0.07049,0.34391,0.35272,1,1,16:10:2023,22:46:24,932,-10.882212,-61.9686,175.0,lev20,Almucantar,Ji_Parana_UNIR,126,126.527535,0.138476,0.08511,0.064106,0.052768,1.1281,56.949605,57.599053,2.07025,0.078115,0.138476,4,10,8,4,4,10,8,4,4,10,7,5,4,10,7,5,0.0366,0.07049,0.34391,0.35272,1,1,16:10:2023,22:46:24,932,-10.882212,-61.9686,175.0,lev20,Almucantar,Ji_Parana_UNIR,126,126.527535,1.4754,1.4846,1.4878,1.4841,0.010224,0.009004,0.009193,0.009292,56.949605,57.599053,2.07025,0.078115,0.138476,4,10,8,4,4,10,8,4,4,10,7,5,4,10,7,5,0.0366,0.07049,0.34391,0.35272,1,1,16:10:2023,22:46:24,932,-10.882212,-61.9686,175.0,lev20,Almucantar,Ji_Parana_UNIR,126,126.527535,0.9327,0.9209,0.9007,0.8859,56.949605,57.599053,2.07025,0.078115,0.138476,4,10,8,4,4,10,8,4,4,10,7,5,4,10,7,5,0.0366,0.07049,0.34391,0.35272,1,1,16:10:2023,22:46:24,932,-10.882212,-61.9686,175.0,lev20,Almucantar,Ji_Parana_UNIR,126,126.527535,0.055346,0.031912,0.023381,0.019242,1.305471,56.949605,57.599053,2.07025,0.078115,0.138476,4,10,8,4,4,10,8,4,4,10,7,5,4,10,7,5,0.0366,0.07049,0.34391,0.35272,1,1,16:10:2023,22:46:24,932,-10.882212,-61.9686,175.0,lev20,Almucantar,1.1394409819073654,0.12067760979741465,0.8166187018141124,Unclassified,Maritime,,Unknown
06:05:2022,13:08:05,Ji_Parana_UNIR,126,126.54728,0.1427,0.0874,0.0653,0.0553,0.126,0.0701,0.0473,0.0368,0.0167,0.0174,0.018,0.0185,1.144139,50.916616,51.541446,2.528733,0.050679,0.141574,3,10,8,4,3,10,8,4,3,10,8,4,3,10,8,4,0.03526,0.06804,0.3289,0.33824,1,1,16:10:2023,22:50:08,932,-10.882212,-61.9686,175.0,lev20,Almucantar,Ji_Parana_UNIR,126,126.54728,0.141574,0.087303,0.066245,0.054898,1.113259,50.916616,51.541446,2.528733,0.050679,0.141574,3,10,8,4,3,10,8,4,3,10,8,4,3,10,8,4,0.03526,0.06804,0.3289,0.33824,1,1,16:10:2023,22:50:08,932,-10.882212,-61.9686,175.0,lev20,Almucantar,Ji_Parana_UNIR,126,126.54728,1.4754,1.4846,1.4878,1.4841,0.010224,0.009004,0.009193,0.009292,50.916616,51.541446,2.528733,0.050679,0.141574,3,10,8,4,3,10,8,4,3,10,8,4,3,10,8,4,0.03526,0.06804,0.3289,0.33824,1,1,16:10:2023,22:50:08,932,-10.882212,-61.9686,175.0,lev20,Almucantar,Ji_Parana_UNIR,126,126.54728,0.9327,0.9209,0.9007,0.8859,50.916616,51.541446,2.528733,0.050679,0.141574,3,10,8,4,3,10,8,4,3,10,8,4,3,10,8,4,0.03526,0.06804,0.3289,0.33824,1,1,16:10:2023,22:50:08,932,-10.882212,-61.9686,175.0,lev20,Almucantar,Ji_Parana_UNIR,126,126.54728,0.055346,0.031912,0.023381,0.019242,1.305471,50.916616,51.541446,2.528733,0.050679,0.141574,3,10,8,4,3,10,8,4,3,10,8,4,3,10,8,4,0.03526,0.06804,0.3289,0.33824,1,1,16:10:2023,22:50:08,932,-10.882212,-61.9686,175.0,lev20,Almucantar,1.1467379947938103,0.12324239909223052,0.8462411729559722,Unclassified,Maritime,,Unknown
09:05:2022,11:53:39,Ji_Parana_UNIR,129,129.49559,0.1546,0.0942,0.0722,0.0628,0.1267,0.0649,0.0415,0.0312,0.0278,0.0292,0.0307,0.0316,1.118729,67.350416,68.021266,1.334899,0.050471,0.153179,4,10,7,6,4,10,7,6,4,10,7,6,4,10,7,6,0.03991,0.07516,0.37307,0.38069,1,1,19:10:2023,21:53:51,932,-10.882212,-61.9686,175.0,lev20,Almucantar,Ji_Parana_UNIR,129,129.49559,0.153179,0.094334,0.072258,0.061733,1.102977,67.350416,68.021266,1.334899,0.050471,0.153179,4,10,7,6,4,10,7,6,4,10,7,6,4,10,7,6,0.03991,0.07516,0.37307,0.38069,1,1,19:10:2023,21:53:51,932,-10.882212,-61.9686,175.0,lev20,Almucantar,Ji_Parana_UNIR,129,129.49559,1.4754,1.4846,1.4878,1.4841,0.010224,0.009004,0.009193,0.009292,67.350416,68.021266,1.334899,0.050471,0.153179,4,10,7,6,4,10,7,6,4,10,7,6,4,10,7,6,0.03991,0.07516,0.37307,0.38069,1,1,19:10:2023,21:53:51,932,-10.882212,-61.9686,175.0,lev20,Almucantar,Ji_Parana_UNIR,129,129.49559,0.9327,0.9209,0.9007,0.8859,67.350416,68.021266,1.334899,0.050471,0.153179,4,10,7,6,4,10,7,6,4,10,7,6,4,10,7,6,0.03991,0.07516,0.37307,0.38069,1,1,19:10:2023,21:53:51,932,-10.882212,-61.9686,175.0,lev20,Almucantar,Ji_Parana_UNIR,129,129.49559,0.055346,0.031912,0.023381,0.019242,1.305471,67.350416,68.021266,1.334899,0.050471,0.153179,4,10,7,6,4,10,7,6,4,10,7,6,4,10,7,6,0.03991,0.07516,0.37307,0.38069,1,1,19:10:2023,21:53:51,932,-10.882212,-61.9686,175.0,lev20,Almucantar,1.1168849126176157,0.13403031050692124,0.7582535759237025,Unclassified,Maritime,,Unknown
09:05:2022,12:42:52,Ji_Parana_UNIR,129,129.529769,0.1599,0.0974,0.0747,0.0646,0.1335,0.0696,0.0455,0.0346,0.0265,0.0279,0.0292,0.03,1.118367,56.577542,57.219017,1.476498,0.051716,0.158649,4,10,8,4,4,10,8,4,4,10,8,4,4,10,7,5,0.03595,0.0686,0.335,0.34395,1,1,19:10:2023,21:58:03,932,-10.882212,-61.9686,175.0,lev20,Almucantar,Ji_Parana_UNIR,129,129.529769,0.158649,0.097297,0.074946,0.063282,1.102106,56.577542,57.219017,1.476498,0.051716,0.158649,4,10,8,4,4,10,8,4,4,10,8,4,4,10,7,5,0.03595,0.0686,0.335,0.34395,1,1,19:10:2023,21:58:03,932,-10.882212,-61.9686,175.0,lev20,Almucantar,Ji_Parana_UNIR,129,129.529769,1.4754,1.4846,1.4878,1.4841,0.010224,0.009004,0.009193,0.009292,56.577542,57.219017,1.476498,0.051716,0.158649,4,10,8,4,4,10,8,4,4,10,8,4,4,10,7,5,0.03595,0.0686,0.335,0.34395,1,1,19:10:2023,21:58:03,932,-10.882212,-61.9686,175.0,lev20,Almucantar,Ji_Parana_UNIR,129,129.529769,0.9327,0.9209,0.9007,0.8859,56.577542,57.219017,1.476498,0.051716,0.158649,4,10,8,4,4,10,8,4,4,10,8,4,4,10,7,5,0.03595,0.0686,0.335,0.34395,1,1,19:10:2023,21:58:03,932,-10.882212,-61.9686,175.0,lev20,Almucantar,Ji_Parana_UNIR,129,129.529769,0.055346,0.031912,0.023381,0.019242,1.305471,56.577542,57.219017,1.476498,0.051716,0.158649,4,10,8,4,4,10,8,4,4,10,8,4,4,10,7,5,0.03595,0.0686,0.335,0.34395,1,1,19:10:2023,21:58:03,932,-10.882212,-61.9686,175.0,lev20,Almucantar,1.1163970828743268,0.1386337851001107,0.7785508001456439,Unclassified,Maritime,,Unknown
09:05:2022,13:09:04,Ji_Parana_UNIR,129,129.547963,0.17,0.104,0.0797,0.0687,0.1428,0.0751,0.0494,0.0376,0.0273,0.0288,0.0303,0.0311,1.112675,51.087213,51.704586,2.216506,0.037774,0.168837,3,10,8,4,3,10,8,4,3,10,8,4,3,10,8,4,0.03478,0.06658,0.32205,0.33154,1,1,19:10:2023,22:01:41,932,-10.882212,-61.9686,175.0,lev20,Almucantar,Ji_Parana_UNIR,129,129.547963,0.168837,0.10346,0.07995,0.068012,1.099163,51.087213,51.704586,2.216506,0.037774,0.168837,3,10,8,4,3,10,8,4,3,10,8,4,3,10,8,4,0.03478,0.06658,0.32205,0.33154,1,1,19:10:2023,22:01:41,932,-10.882212,-61.9686,175.0,lev20,Almucantar,Ji_Parana_UNIR,129,129.547963,1.4754,1.4846,1.4878,1.4841,0.010224,0.009004,0.009193,0.009292,51.087213,51.704586,2.216506,0.037774,0.168837,3,10,8,4,3,10,8,4,3,10,8,4,3,10,8,4,0.03478,0.06658,0.32205,0.33154,1,1,19:10:2023,22:01:41,932,-10.882212,-61.9686,175.0,lev20,Almucantar,Ji_Parana_UNIR,129,129.547963,0.9327,0.9209,0.9007,0.8859,51.087213,51.704586,2.216506,0.037774,0.168837,3,10,8,4,3,10,8,4,3,10,8,4,3,10,8,4,0.03478,0.06658,0.32205,0.33154,1,1,19:10:2023,22:01:41,932,-10.882212,-61.9686,175.0,lev20,Almucantar,Ji_Parana_UNIR,129,129.547963,0.055346,0.031912,0.023381,0.019242,1.305471,51.087213,51.704586,2.216506,0.037774,0.168837,3,10,8,4,3,10,8,4,3,10,8,4,3,10,8,4,0.03478,0.06658,0.32205,0.33154,1,1,19:10:2023,22:01:41,932,-10.882212,-61.9686,175.0,lev20,Almucantar,1.1112047981904027,0.14748837826613315,0.7848927353935671,Unclassified,Maritime,,Unknown
18:05:2022,11:25:24,Ji_Parana_UNIR,138,138.475972,0.1057,0.0661,0.0492,0.0415,0.0939,0.0538,0.0366,0.0288,0.0118,0.0123,0.0125,0.0127,1.116728,74.369084,75.039332,3.543707,0.050411,0.105067,4,10,7,6,4,9,7,5,4,9,6,6,4,8,6,6,0.04398,0.08236,0.40567,0.41402,1,1,28:10:2023,00:43:01,932,-10.882212,-61.9686,175.0,lev20,Almucantar,Ji_Parana_UNIR,138,138.475972,0.105067,0.065059,0.048921,0.041203,1.118706,74.369084,75.039332,3.543707,0.050411,0.105067,4,10,7,6,4,9,7,5,4,9,6,6,4,8,6,6,0.04398,0.08236,0.40567,0.41402,1,1,28:10:2023,00:43:01,932,-10.882212,-61.9686,175.0,lev20,Almucantar,Ji_Parana_UNIR,138,138.475972,1.4754,1.4846,1.4878,1.4841,0.010224,0.009004,0.009193,0.009292,74.369084,75.039332,3.543707,0.050411,0.105067,4,10,7,6,4,9,7,5,4,9,6,6,4,8,6,6,0.04398,0.08236,0.40567,0.41402,1,1,28:10:2023,00:43:01,932,-10.882212,-61.9686,175.0,lev20,Almucantar,Ji_Parana_UNIR,138,138.475972,0.9327,0.9209,0.9007,0.8859,74.369084,75.039332,3.543707,0.050411,0.105067,4,10,7,6,4,9,7,5,4,9,6,6,4,8,6,6,0.04398,0.08236,0.40567,0.41402,1,1,28:10:2023,00:43:01,932,-10.882212,-61.9686,175.0,lev20,Almucantar,Ji_Parana_UNIR,138,138.475972,0.055346,0.031912,0.023381,0.019242,1.305471,74.369084,75.039332,3.543707,0.050411,0.105067,4,10,7,6,4,9,7,5,4,9,6,6,4,8,6,6,0.04398,0.08236,0.40567,0.41402,1,1,28:10:2023,00:43:01,932,-10.882212,-61.9686,175.0,lev20,Almucantar,1.1217405520017654,0.09157964365609034,0.8537437214862,Unclassified,Maritime,,Unknown
18:05:2022,11:57:47,Ji_Parana_UNIR,138,138.498461,0.1044,0.0679,0.0511,0.0433,0.0888,0.0517,0.0342,0.0259,0.0156,0.0162,0.0169,0.0173,1.041277,67.208701,67.865351,2.668702,0.079513,0.103645,4,10,7,6,4,10,7,6,4,9,7,6,4,10,6,6,0.04002,0.07559,0.36704,0.37641,1,1,28:10:2023,00:46:19,932,-10.882212,-61.9686,175.0,lev20,Almucantar,Ji_Parana_UNIR,138,138.498461,0.103645,0.066397,0.051078,0.043517,1.036025,67.208701,67.865351,2.668702,0.079513,0.103645,4,10,7,6,4,10,7,6,4,9,7,6,4,10,6,6,0.04002,0.07559,0.36704,0.37641,1,1,28:10:2023,00:46:19,932,-10.882212,-61.9686,175.0,lev20,Almucantar,Ji_Parana_UNIR,138,138.498461,1.4754,1.4846,1.4878,1.4841,0.010224,0.009004,0.009193,0.009292,67.208701,67.865351,2.668702,0.079513,0.103645,4,10,7,6,4,10,7,6,4,9,7,6,4,10,6,6,0.04002,0.07559,0.36704,0.37641,1,1,28:10:2023,00:46:19,932,-10.882212,-61.9686,175.0,lev20,Almucantar,Ji_Parana_UNIR,138,138.498461,0.9327,0.9209,0.9007,0.8859,67.208701,67.865351,2.668702,0.079513,0.103645,4,10,7,6,4,10,7,6,4,9,7,6,4,10,6,6,0.04002,0.07559,0.36704,0.37641,1,1,28:10:2023,00:46:19,932,-10.882212,-61.9686,175.0,lev20,Almucantar,Ji_Parana_UNIR,138,138.498461,0.055346,0.031912,0.023381,0.019242,1.305471,67.208701,67.865351,2.668702,0.079513,0.103645,4,10,7,6,4,10,7,6,4,9,7,6,4,10,6,6,0.04002,0.07559,0.36704,0.37641,1,1,28:10:2023,00:46:19,932,-10.882212,-61.9686,175.0,lev20,Almucantar,1.048006170047179,0.09130992720221814,0.8113015648799838,Unclassified,Maritime,,Unknown
18:05:2022,12:45:22,Ji_Parana_UNIR,138,138.531505,0.1037,0.0671,0.0525,0.0455,0.0882,0.051,0.036,0.0288,0.0155,0.0161,0.0165,0.0167,0.998288,57.043944,57.668178,1.982776,0.02881,0.102497,4,10,8,4,4,10,8,4,4,10,7,5,4,10,7,5,0.0366,0.06973,0.33207,0.34253,1,1,28:10:2023,00:50:13,932,-10.882212,-61.9686,175.0,lev20,Almucantar,Ji_Parana_UNIR,138,138.531505,0.102497,0.066791,0.052264,0.044584,0.987194,57.043944,57.668178,1.982776,0.02881,0.102497,4,10,8,4,4,10,8,4,4,10,7,5,4,10,7,5,0.0366,0.06973,0.33207,0.34253,1,1,28:10:2023,00:50:13,932,-10.882212,-61.9686,175.0,lev20,Almucantar,Ji_Parana_UNIR,138,138.531505,1.4754,1.4846,1.4878,1.4841,0.010224,0.009004,0.009193,0.009292,57.043944,57.668178,1.982776,0.02881,0.102497,4,10,8,4,4,10,8,4,4,10,7,5,4,10,7,5,0.0366,0.06973,0.33207,0.34253,1,1,28:10:2023,00:50:13,932,-10.882212,-61.9686,175.0,lev20,Almucantar,Ji_Parana_UNIR,138,138.531505,0.9327,0.9209,0.9007,0.8859,57.043944,57.668178,1.982776,0.02881,0.102497,4,10,8,4,4,10,8,4,4,10,7,5,4,10,7,5,0.0366,0.06973,0.33207,0.34253,1,1,28:10:2023,00:50:13,932,-10.882212,-61.9686,175.0,lev20,Almucantar,Ji_Parana_UNIR,138,138.531505,0.055346,0.031912,0.023381,0.019242,1.305471,57.043944,57.668178,1.982776,0.02881,0.102497,4,10,8,4,4,10,8,4,4,10,7,5,4,10,7,5,0.0366,0.06973,0.33207,0.34253,1,1,28:10:2023,00:50:13,932,-10.882212,-61.9686,175.0,lev20,Almucantar,0.9984897884955883,0.09127361916684829,0.8075487510614284,Unclassified,Maritime,,Unknown
18:05:2022,13:14:19,Ji_Parana_UNIR,138,138.551609,0.1057,0.0701,0.0565,0.0503,0.0795,0.0417,0.0266,0.02,0.0262,0.0284,0.0299,0.0303,0.921081,51.17305,51.767051,2.07603,0.053412,0.104325,3,10,8,4,3,10,8,4,3,10,8,4,3,10,8,4,0.03537,0.06758,0.31842,0.32938,1,1,28:10:2023,00:53:42,932,-10.882212,-61.9686,175.0,lev20,Almucantar,Ji_Parana_UNIR,138,138.551609,0.104325,0.069972,0.05652,0.048932,0.90071,51.17305,51.767051,2.07603,0.053412,0.104325,3,10,8,4,3,10,8,4,3,10,8,4,3,10,8,4,0.03537,0.06758,0.31842,0.32938,1,1,28:10:2023,00:53:42,932,-10.882212,-61.9686,175.0,lev20,Almucantar,Ji_Parana_UNIR,138,138.551609,1.4754,1.4846,1.4878,1.4841,0.010224,0.009004,0.009193,0.009292,51.17305,51.767051,2.07603,0.053412,0.104325,3,10,8,4,3,10,8,4,3,10,8,4,3,10,8,4,0.03537,0.06758,0.31842,0.32938,1,1,28:10:2023,00:53:42,932,-10.882212,-61.9686,175.0,lev20,Almucantar,Ji_Parana_UNIR,138,138.551609,0.9327,0.9209,0.9007,0.8859,51.17305,51.767051,2.07603,0.053412,0.104325,3,10,8,4,3,10,8,4,3,10,8,4,3,10,8,4,0.03537,0.06758,0.31842,0.32938,1,1,28:10:2023,00:53:42,932,-10.882212,-61.9686,175.0,lev20,Almucantar,Ji_Parana_UNIR,138,138.551609,0.055346,0.031912,0.023381,0.019242,1.305471,51.17305,51.767051,2.07603,0.053412,0.104325,3,10,8,4,3,10,8,4,3,10,8,4,3,10,8,4,0.03537,0.06758,0.31842,0.32938,1,1,28:10:2023,00:53:42,932,-10.882212,-61.9686,175.0,lev20,Almucantar,0.9188019230050128,0.09398651789257638,0.6745552123995621,Unclassified,Maritime,,Unknown
21:05:2022,11:58:06,Ji_Parana_UNIR,141,141.498681,0.0788,0.0525,0.0421,0.0375,0.0617,0.0346,0.0231,0.0179,0.0171,0.0179,0.019,0.0196,0.92062,67.407141,68.059996,2.262584,0.032269,0.078145,4,10,7,6,4,10,7,6,4,10,7,6,4,9,7,6,0.04036,0.07601,0.3682,0.37754,1,1,31:10:2023,21:20:45,932,-10.882212,-61.9686,175.0,lev20,Almucantar,Ji_Parana_UNIR,141,141.498681,0.078145,0.052351,0.041991,0.036572,0.911742,67.407141,68.059996,2.262584,0.032269,0.078145,4,10,7,6,4,10,7,6,4,10,7,6,4,9,7,6,0.04036,0.07601,0.3682,0.37754,1,1,31:10:2023,21:20:45,932,-10.882212,-61.9686,175.0,lev20,Almucantar,Ji_Parana_UNIR,141,141.498681,1.4754,1.4846,1.4878,1.4841,0.010224,0.009004,0.009193,0.009292,67.407141,68.059996,2.262584,0.032269,0.078145,4,10,7,6,4,10,7,6,4,10,7,6,4,9,7,6,0.04036,0.07601,0.3682,0.37754,1,1,31:10:2023,21:20:45,932,-10.882212,-61.9686,175.0,lev20,Almucantar,Ji_Parana_UNIR,141,141.498681,0.9327,0.9209,0.9007,0.8859,67.407141,68.059996,2.262584,0.032269,0.078145,4,10,7,6,4,10,7,6,4,10,7,6,4,9,7,6,0.04036,0.07601,0.3682,0.37754,1,1,31:10:2023,21:20:45,932,-10.882212,-61.9686,175.0,lev20,Almucantar,Ji_Parana_UNIR,141,141.498681,0.055346,0.031912,0.023381,0.019242,1.305471,67.407141,68.059996,2.262584,0.032269,0.078145,4,10,7,6,4,10,7,6,4,10,7,6,4,9,7,6,0.04036,0.07601,0.3682,0.37754,1,1,31:10:2023,21:20:45,932,-10.882212,-61.9686,175.0,lev20,Almucantar,0.9195368325944087,0.07006094480445399,0.7241019942890193,Unclassified,Maritime,,Unknown
21:05:2022,13:16:01,Ji_Parana_UNIR,141,141.552789,0.0847,0.0555,0.0453,0.0405,0.0565,0.024,0.0136,0.0094,0.0282,0.0316,0.0317,0.031,0.923293,51.216828,51.803748,2.468121,0.066237,0.083428,3,10,8,4,3,10,8,4,3,5,8,4,3,5,8,4,0.03535,0.06756,0.31849,0.32942,1,1,31:10:2023,21:27:49,932,-10.882212,-61.9686,175.0,lev20,Almucantar,Ji_Parana_UNIR,141,141.552789,0.083428,0.056383,0.045784,0.039468,0.88199,51.216828,51.803748,2.468121,0.066237,0.083428,3,10,8,4,3,10,8,4,3,5,8,4,3,5,8,4,0.03535,0.06756,0.31849,0.32942,1,1,31:10:2023,21:27:49,932,-10.882212,-61.9686,175.0,lev20,Almucantar,Ji_Parana_UNIR,141,141.552789,1.4754,1.4846,1.4878,1.4841,0.010224,0.009004,0.009193,0.009292,51.216828,51.803748,2.468121,0.066237,0.083428,3,10,8,4,3,10,8,4,3,5,8,4,3,5,8,4,0.03535,0.06756,0.31849,0.32942,1,1,31:10:2023,21:27:49,932,-10.882212,-61.9686,175.0,lev20,Almucantar,Ji_Parana_UNIR,141,141.552789,0.9327,0.9209,0.9007,0.8859,51.216828,51.803748,2.468121,0.066237,0.083428,3,10,8,4,3,10,8,4,3,5,8,4,3,5,8,4,0.03535,0.06756,0.31849,0.32942,1,1,31:10:2023,21:27:49,932,-10.882212,-61.9686,175.0,lev20,Almucantar,Ji_Parana_UNIR,141,141.552789,0.055346,0.031912,0.023381,0.019242,1.305471,51.216828,51.803748,2.468121,0.066237,0.083428,3,10,8,4,3,10,8,4,3,5,8,4,3,5,8,4,0.03535,0.06756,0.31849,0.32942,1,1,31:10:2023,21:27:49,932,-10.882212,-61.9686,175.0,lev20,Almucantar,0.9179867983351995,0.07532154787476708,0.5427784675455557,MA,Maritime,,Unknown
21:05:2022,19:15:53,Ji_Parana_UNIR,141,141.802697,0.0927,0.0625,0.0512,0.0462,0.0666,0.034,0.0213,0.0158,0.0261,0.0285,0.0299,0.0304,0.874159,57.042476,56.426983,2.536467,0.097063,0.09117,4,10,7,5,4,10,7,5,4,10,8,4,4,9,8,4,0.03676,0.06978,0.33117,0.33945,1,1,31:10:2023,21:26:58,932,-10.882212,-61.9686,175.0,lev20,Almucantar,Ji_Parana_UNIR,141,141.802697,0.09117,0.063101,0.05188,0.044896,0.828657,57.042476,56.426983,2.536467,0.097063,0.09117,4,10,7,5,4,10,7,5,4,10,8,4,4,9,8,4,0.03676,0.06978,0.33117,0.33945,1,1,31:10:2023,21:26:58,932,-10.882212,-61.9686,175.0,lev20,Almucantar,Ji_Parana_UNIR,141,141.802697,1.4754,1.4846,1.4878,1.4841,0.010224,0.009004,0.009193,0.009292,57.042476,56.426983,2.536467,0.097063,0.09117,4,10,7,5,4,10,7,5,4,10,8,4,4,9,8,4,0.03676,0.06978,0.33117,0.33945,1,1,31:10:2023,21:26:58,932,-10.882212,-61.9686,175.0,lev20,Almucantar,Ji_Parana_UNIR,141,141.802697,0.9327,0.9209,0.9007,0.8859,57.042476,56.426983,2.536467,0.097063,0.09117,4,10,7,5,4,10,7,5,4,10,8,4,4,9,8,4,0.03676,0.06978,0.33117,0.33945,1,1,31:10:2023,21:26:58,932,-10.882212,-61.9686,175.0,lev20,Almucantar,Ji_Parana_UNIR,141,141.802697,0.055346,0.031912,0.023381,0.019242,1.305471,57.042476,56.426983,2.536467,0.097063,0.09117,4,10,7,5,4,10,7,5,4,10,8,4,4,9,8,4,0.03676,0.06978,0.33117,0.33945,1,1,31:10:2023,21:26:58,932,-10.882212,-61.9686,175.0,lev20,Almucantar,0.8707831074229317,0.08293468183193412,0.6313196903224261,Unclassified,Maritime,,Unknown
21:05:2022,20:33:39,Ji_Parana_UNIR,141,141.856701,0.0883,0.0599,0.0482,0.0426,0.0677,0.0384,0.0255,0.0192,0.0206,0.0215,0.0227,0.0234,0.888064,73.748725,73.084325,2.561025,0.023601,0.086974,4,10,7,6,4,10,7,6,4,10,7,6,4,10,7,6,0.04434,0.08215,0.39967,0.40255,1,1,31:10:2023,21:15:11,932,-10.882212,-61.9686,175.0,lev20,Almucantar,Ji_Parana_UNIR,141,141.856701,0.086974,0.059833,0.048305,0.041712,0.861974,73.748725,73.084325,2.561025,0.023601,0.086974,4,10,7,6,4,10,7,6,4,10,7,6,4,10,7,6,0.04434,0.08215,0.39967,0.40255,1,1,31:10:2023,21:15:11,932,-10.882212,-61.9686,175.0,lev20,Almucantar,Ji_Parana_UNIR,141,141.856701,1.4754,1.4846,1.4878,1.4841,0.010224,0.009004,0.009193,0.009292,73.748725,73.084325,2.561025,0.023601,0.086974,4,10,7,6,4,10,7,6,4,10,7,6,4,10,7,6,0.04434,0.08215,0.39967,0.40255,1,1,31:10:2023,21:15:11,932,-10.882212,-61.9686,175.0,lev20,Almucantar,Ji_Parana_UNIR,141,141.856701,0.9327,0.9209,0.9007,0.8859,73.748725,73.084325,2.561025,0.023601,0.086974,4,10,7,6,4,10,7,6,4,10,7,6,4,10,7,6,0.04434,0.08215,0.39967,0.40255,1,1,31:10:2023,21:15:11,932,-10.882212,-61.9686,175.0,lev20,Almucantar,Ji_Parana_UNIR,141,141.856701,0.055346,0.031912,0.023381,0.019242,1.305471,73.748725,73.084325,2.561025,0.023601,0.086974,4,10,7,6,4,10,7,6,4,10,7,6,4,10,7,6,0.04434,0.08215,0.39967,0.40255,1,1,31:10:2023,21:15:11,932,-10.882212,-61.9686,175.0,lev20,Almucantar,0.8880221089905038,0.07882429388969671,0.7085595858542203,Unclassified,Maritime,,Unknown
21:05:2022,20:51:04,Ji_Parana_UNIR,141,141.868796,0.0899,0.0608,0.049,0.043,0.0695,0.0395,0.0268,0.0203,0.0203,0.0213,0.0222,0.0227,0.890768,77.625239,76.955479,1.915509,0.012892,0.088548,4,10,7,4,4,10,7,4,4,10,7,4,4,10,7,4,0.04744,0.08719,0.42681,0.42753,1,1,31:10:2023,21:16:57,932,-10.882212,-61.9686,175.0,lev20,Almucantar,Ji_Parana_UNIR,141,141.868796,0.088548,0.060689,0.048925,0.042246,0.869667,77.625239,76.955479,1.915509,0.012892,0.088548,4,10,7,4,4,10,7,4,4,10,7,4,4,10,7,4,0.04744,0.08719,0.42681,0.42753,1,1,31:10:2023,21:16:57,932,-10.882212,-61.9686,175.0,lev20,Almucantar,Ji_Parana_UNIR,141,141.868796,1.4754,1.4846,1.4878,1.4841,0.010224,0.009004,0.009193,0.009292,77.625239,76.955479,1.915509,0.012892,0.088548,4,10,7,4,4,10,7,4,4,10,7,4,4,10,7,4,0.04744,0.08719,0.42681,0.42753,1,1,31:10:2023,21:16:57,932,-10.882212,-61.9686,175.0,lev20,Almucantar,Ji_Parana_UNIR,141,141.868796,0.9327,0.9209,0.9007,0.8859,77.625239,76.955479,1.915509,0.012892,0.088548,4,10,7,4,4,10,7,4,4,10,7,4,4,10,7,4,0.04744,0.08719,0.42681,0.42753,1,1,31:10:2023,21:16:57,932,-10.882212,-61.9686,175.0,lev20,Almucantar,Ji_Parana_UNIR,141,141.868796,0.055346,0.031912,0.023381,0.019242,1.305471,77.625239,76.955479,1.915509,0.012892,0.088548,4,10,7,4,4,10,7,4,4,10,7,4,4,10,7,4,0.04744,0.08719,0.42681,0.42753,1,1,31:10:2023,21:16:57,932,-10.882212,-61.9686,175.0,lev20,Almucantar,0.8902173799815303,0.08023007562902763,0.7156280699066262,Unclassified,Maritime,,Unknown
22:05:2022,13:16:06,Ji_Parana_UNIR,142,142.552847,0.0892,0.0602,0.049,0.0439,0.0686,0.0383,0.0259,0.0201,0.0206,0.0218,0.0231,0.0238,0.881036,51.324694,51.909963,2.37091,0.070958,0.088092,3,10,8,4,3,9,8,4,3,6,8,4,3,5,8,4,0.03537,0.0676,0.31871,0.32963,1,1,01:11:2023,22:21:26,932,-10.882212,-61.9686,175.0,lev20,Almucantar,Ji_Parana_UNIR,142,142.552847,0.088092,0.060678,0.049226,0.042398,0.853635,51.324694,51.909963,2.37091,0.070958,0.088092,3,10,8,4,3,9,8,4,3,6,8,4,3,5,8,4,0.03537,0.0676,0.31871,0.32963,1,1,01:11:2023,22:21:26,932,-10.882212,-61.9686,175.0,lev20,Almucantar,Ji_Parana_UNIR,142,142.552847,1.4754,1.4846,1.4878,1.4841,0.010224,0.009004,0.009193,0.009292,51.324694,51.909963,2.37091,0.070958,0.088092,3,10,8,4,3,9,8,4,3,6,8,4,3,5,8,4,0.03537,0.0676,0.31871,0.32963,1,1,01:11:2023,22:21:26,932,-10.882212,-61.9686,175.0,lev20,Almucantar,Ji_Parana_UNIR,142,142.552847,0.9327,0.9209,0.9007,0.8859,51.324694,51.909963,2.37091,0.070958,0.088092,3,10,8,4,3,9,8,4,3,6,8,4,3,5,8,4,0.03537,0.0676,0.31871,0.32963,1,1,01:11:2023,22:21:26,932,-10.882212,-61.9686,175.0,lev20,Almucantar,Ji_Parana_UNIR,142,142.552847,0.055346,0.031912,0.023381,0.019242,1.305471,51.324694,51.909963,2.37091,0.070958,0.088092,3,10,8,4,3,9,8,4,3,6,8,4,3,5,8,4,0.03537,0.0676,0.31871,0.32963,1,1,01:11:2023,22:21:26,932,-10.882212,-61.9686,175.0,lev20,Almucantar,0.8787509138864613,0.07972214068627408,0.7051850975412591,Unclassified,Maritime,,Unknown
22:05:2022,19:44:36,Ji_Parana_UNIR,142,142.822639,0.0842,0.0578,0.0464,0.0407,0.07,0.043,0.0312,0.0252,0.0142,0.0147,0.0152,0.0155,0.872739,63.127951,62.490588,2.399724,0.056933,0.08304,3,10,8,5,3,10,7,5,3,10,7,5,3,10,5,5,0.03873,0.07301,0.34969,0.3565,1,1,01:11:2023,20:19:04,932,-10.882212,-61.9686,175.0,lev20,Almucantar,Ji_Parana_UNIR,142,142.822639,0.08304,0.058049,0.046881,0.039859,0.836618,63.127951,62.490588,2.399724,0.056933,0.08304,3,10,8,5,3,10,7,5,3,10,7,5,3,10,5,5,0.03873,0.07301,0.34969,0.3565,1,1,01:11:2023,20:19:04,932,-10.882212,-61.9686,175.0,lev20,Almucantar,Ji_Parana_UNIR,142,142.822639,1.4754,1.4846,1.4878,1.4841,0.010224,0.009004,0.009193,0.009292,63.127951,62.490588,2.399724,0.056933,0.08304,3,10,8,5,3,10,7,5,3,10,7,5,3,10,5,5,0.03873,0.07301,0.34969,0.3565,1,1,01:11:2023,20:19:04,932,-10.882212,-61.9686,175.0,lev20,Almucantar,Ji_Parana_UNIR,142,142.822639,0.9327,0.9209,0.9007,0.8859,63.127951,62.490588,2.399724,0.056933,0.08304,3,10,8,5,3,10,7,5,3,10,7,5,3,10,5,5,0.03873,0.07301,0.34969,0.3565,1,1,01:11:2023,20:19:04,932,-10.882212,-61.9686,175.0,lev20,Almucantar,Ji_Parana_UNIR,142,142.822639,0.055346,0.031912,0.023381,0.019242,1.305471,63.127951,62.490588,2.399724,0.056933,0.08304,3,10,8,5,3,10,7,5,3,10,7,5,3,10,5,5,0.03873,0.07301,0.34969,0.3565,1,1,01:11:2023,20:19:04,932,-10.882212,-61.9686,175.0,lev20,Almucantar,0.8741078250893461,0.0752980901224072,0.7902894457249637,Unclassified,Maritime,,Unknown
22:05:2022,20:33:27,Ji_Parana_UNIR,142,142.856562,0.0793,0.0535,0.0419,0.0358,0.0688,0.0427,0.0308,0.0246,0.0105,0.0109,0.0111,0.0112,0.93209,73.749867,73.086656,2.892721,0.04409,0.077955,4,10,7,6,4,10,6,5,4,10,6,5,4,10,7,4,0.04484,0.08263,0.40014,0.403,1,1,01:11:2023,22:22:28,932,-10.882212,-61.9686,175.0,lev20,Almucantar,Ji_Parana_UNIR,142,142.856562,0.077955,0.053401,0.042486,0.035828,0.88775,73.749867,73.086656,2.892721,0.04409,0.077955,4,10,7,6,4,10,6,5,4,10,6,5,4,10,7,4,0.04484,0.08263,0.40014,0.403,1,1,01:11:2023,22:22:28,932,-10.882212,-61.9686,175.0,lev20,Almucantar,Ji_Parana_UNIR,142,142.856562,1.4754,1.4846,1.4878,1.4841,0.010224,0.009004,0.009193,0.009292,73.749867,73.086656,2.892721,0.04409,0.077955,4,10,7,6,4,10,6,5,4,10,6,5,4,10,7,4,0.04484,0.08263,0.40014,0.403,1,1,01:11:2023,22:22:28,932,-10.882212,-61.9686,175.0,lev20,Almucantar,Ji_Parana_UNIR,142,142.856562,0.9327,0.9209,0.9007,0.8859,73.749867,73.086656,2.892721,0.04409,0.077955,4,10,7,6,4,10,6,5,4,10,6,5,4,10,7,4,0.04484,0.08263,0.40014,0.403,1,1,01:11:2023,22:22:28,932,-10.882212,-61.9686,175.0,lev20,Almucantar,Ji_Parana_UNIR,142,142.856562,0.055346,0.031912,0.023381,0.019242,1.305471,73.749867,73.086656,2.892721,0.04409,0.077955,4,10,7,6,4,10,6,5,4,10,6,5,4,10,7,4,0.04484,0.08263,0.40014,0.403,1,1,01:11:2023,22:22:28,932,-10.882212,-61.9686,175.0,lev20,Almucantar,0.9358002107856289,0.07035906511650114,0.8356316189922833,Unclassified,Maritime,,Unknown
23:05:2022,11:58:57,Ji_Parana_UNIR,143,143.499271,0.0792,0.0523,0.0401,0.0342,0.0676,0.0403,0.0274,0.0212,0.0116,0.012,0.0126,0.013,0.993209,67.401592,68.051732,2.261009,0.104711,0.078308,4,10,7,6,4,10,7,6,4,10,7,6,4,10,7,6,0.04038,0.07604,0.36823,0.37754,1,1,03:11:2023,01:35:52,932,-10.882212,-61.9686,175.0,lev20,Almucantar,Ji_Parana_UNIR,143,143.499271,0.078308,0.050929,0.039483,0.033167,1.002414,67.401592,68.051732,2.261009,0.104711,0.078308,4,10,7,6,4,10,7,6,4,10,7,6,4,10,7,6,0.04038,0.07604,0.36823,0.37754,1,1,03:11:2023,01:35:52,932,-10.882212,-61.9686,175.0,lev20,Almucantar,Ji_Parana_UNIR,143,143.499271,1.4754,1.4846,1.4878,1.4841,0.010224,0.009004,0.009193,0.009292,67.401592,68.051732,2.261009,0.104711,0.078308,4,10,7,6,4,10,7,6,4,10,7,6,4,10,7,6,0.04038,0.07604,0.36823,0.37754,1,1,03:11:2023,01:35:52,932,-10.882212,-61.9686,175.0,lev20,Almucantar,Ji_Parana_UNIR,143,143.499271,0.9327,0.9209,0.9007,0.8859,67.401592,68.051732,2.261009,0.104711,0.078308,4,10,7,6,4,10,7,6,4,10,7,6,4,10,7,6,0.04038,0.07604,0.36823,0.37754,1,1,03:11:2023,01:35:52,932,-10.882212,-61.9686,175.0,lev20,Almucantar,Ji_Parana_UNIR,143,143.499271,0.055346,0.031912,0.023381,0.019242,1.305471,67.401592,68.051732,2.261009,0.104711,0.078308,4,10,7,6,4,10,7,6,4,10,7,6,4,10,7,6,0.04038,0.07604,0.36823,0.37754,1,1,03:11:2023,01:35:52,932,-10.882212,-61.9686,175.0,lev20,Almucantar,0.9983592637525467,0.06971061963113497,0.8162132383986194,Unclassified,Maritime,,Unknown
23:05:2022,12:48:10,Ji_Parana_UNIR,143,143.533449,0.0774,0.0497,0.0387,0.033,0.0686,0.0406,0.0292,0.0233,0.0087,0.0092,0.0095,0.0097,1.016485,57.018678,57.633263,1.143688,0.058168,0.076725,4,10,8,4,4,10,8,4,4,10,7,5,4,10,7,5,0.03659,0.06971,0.332,0.34244,1,1,03:11:2023,01:41:19,932,-10.882212,-61.9686,175.0,lev20,Almucantar,Ji_Parana_UNIR,143,143.533449,0.076725,0.049856,0.038758,0.032116,1.000154,57.018678,57.633263,1.143688,0.058168,0.076725,4,10,8,4,4,10,8,4,4,10,7,5,4,10,7,5,0.03659,0.06971,0.332,0.34244,1,1,03:11:2023,01:41:19,932,-10.882212,-61.9686,175.0,lev20,Almucantar,Ji_Parana_UNIR,143,143.533449,1.4754,1.4846,1.4878,1.4841,0.010224,0.009004,0.009193,0.009292,57.018678,57.633263,1.143688,0.058168,0.076725,4,10,8,4,4,10,8,4,4,10,7,5,4,10,7,5,0.03659,0.06971,0.332,0.34244,1,1,03:11:2023,01:41:19,932,-10.882212,-61.9686,175.0,lev20,Almucantar,Ji_Parana_UNIR,143,143.533449,0.9327,0.9209,0.9007,0.8859,57.018678,57.633263,1.143688,0.058168,0.076725,4,10,8,4,4,10,8,4,4,10,7,5,4,10,7,5,0.03659,0.06971,0.332,0.34244,1,1,03:11:2023,01:41:19,932,-10.882212,-61.9686,175.0,lev20,Almucantar,Ji_Parana_UNIR,143,143.533449,0.055346,0.031912,0.023381,0.019242,1.305471,57.018678,57.633263,1.143688,0.058168,0.076725,4,10,8,4,4,10,8,4,4,10,7,5,4,10,7,5,0.03659,0.06971,0.332,0.34244,1,1,03:11:2023,01:41:19,932,-10.882212,-61.9686,175.0,lev20,Almucantar,1.0167645385588204,0.06796618768602947,0.8544969487826544,Unclassified,Maritime,,Unknown
23:05:2022,13:16:12,Ji_Parana_UNIR,143,143.552917,0.0778,0.051,0.0397,0.0345,0.0685,0.0411,0.0294,0.0241,0.0093,0.0098,0.0102,0.0104,0.984764,51.428142,52.011797,2.016892,0.090487,0.077103,3,10,8,4,3,10,8,4,3,10,8,4,3,10,8,4,0.03538,0.06762,0.31891,0.32982,1,1,03:11:2023,01:25:29,932,-10.882212,-61.9686,175.0,lev20,Almucantar,Ji_Parana_UNIR,143,143.552917,0.077103,0.050564,0.039789,0.033102,0.969935,51.428142,52.011797,2.016892,0.090487,0.077103,3,10,8,4,3,10,8,4,3,10,8,4,3,10,8,4,0.03538,0.06762,0.31891,0.32982,1,1,03:11:2023,01:25:29,932,-10.882212,-61.9686,175.0,lev20,Almucantar,Ji_Parana_UNIR,143,143.552917,1.4754,1.4846,1.4878,1.4841,0.010224,0.009004,0.009193,0.009292,51.428142,52.011797,2.016892,0.090487,0.077103,3,10,8,4,3,10,8,4,3,10,8,4,3,10,8,4,0.03538,0.06762,0.31891,0.32982,1,1,03:11:2023,01:25:29,932,-10.882212,-61.9686,175.0,lev20,Almucantar,Ji_Parana_UNIR,143,143.552917,0.9327,0.9209,0.9007,0.8859,51.428142,52.011797,2.016892,0.090487,0.077103,3,10,8,4,3,10,8,4,3,10,8,4,3,10,8,4,0.03538,0.06762,0.31891,0.32982,1,1,03:11:2023,01:25:29,932,-10.882212,-61.9686,175.0,lev20,Almucantar,Ji_Parana_UNIR,143,143.552917,0.055346,0.031912,0.023381,0.019242,1.305471,51.428142,52.011797,2.016892,0.090487,0.077103,3,10,8,4,3,10,8,4,3,10,8,4,3,10,8,4,0.03538,0.06762,0.31891,0.32982,1,1,03:11:2023,01:25:29,932,-10.882212,-61.9686,175.0,lev20,Almucantar,0.9869033311476443,0.06857871783856594,0.8444907476993103,Unclassified,Maritime,,Unknown
23:05:2022,19:44:16,Ji_Parana_UNIR,143,143.822407,0.0907,0.0562,0.042,0.0356,0.0797,0.0448,0.0301,0.0234,0.011,0.0114,0.0119,0.0121,1.125758,63.118493,62.482685,1.813597,0.021847,0.08934,3,10,8,5,3,10,7,5,3,10,7,5,3,10,6,5,0.03871,0.07299,0.34965,0.35647,1,1,03:11:2023,01:25:53,932,-10.882212,-61.9686,175.0,lev20,Almucantar,Ji_Parana_UNIR,143,143.822407,0.08934,0.055261,0.042361,0.035009,1.095159,63.118493,62.482685,1.813597,0.021847,0.08934,3,10,8,5,3,10,7,5,3,10,7,5,3,10,6,5,0.03871,0.07299,0.34965,0.35647,1,1,03:11:2023,01:25:53,932,-10.882212,-61.9686,175.0,lev20,Almucantar,Ji_Parana_UNIR,143,143.822407,1.4754,1.4846,1.4878,1.4841,0.010224,0.009004,0.009193,0.009292,63.118493,62.482685,1.813597,0.021847,0.08934,3,10,8,5,3,10,7,5,3,10,7,5,3,10,6,5,0.03871,0.07299,0.34965,0.35647,1,1,03:11:2023,01:25:53,932,-10.882212,-61.9686,175.0,lev20,Almucantar,Ji_Parana_UNIR,143,143.822407,0.9327,0.9209,0.9007,0.8859,63.118493,62.482685,1.813597,0.021847,0.08934,3,10,8,5,3,10,7,5,3,10,7,5,3,10,6,5,0.03871,0.07299,0.34965,0.35647,1,1,03:11:2023,01:25:53,932,-10.882212,-61.9686,175.0,lev20,Almucantar,Ji_Parana_UNIR,143,143.822407,0.055346,0.031912,0.023381,0.019242,1.305471,63.118493,62.482685,1.813597,0.021847,0.08934,3,10,8,5,3,10,7,5,3,10,7,5,3,10,6,5,0.03871,0.07299,0.34965,0.35647,1,1,03:11:2023,01:25:53,932,-10.882212,-61.9686,175.0,lev20,Almucantar,1.1293338175148682,0.07850723668959868,0.8416096230029376,Unclassified,Maritime,,Unknown
23:05:2022,20:33:11,Ji_Parana_UNIR,143,143.856377,0.0824,0.0512,0.0384,0.0324,0.0732,0.0417,0.0285,0.0223,0.0091,0.0095,0.0099,0.0101,1.116741,73.73289,73.070872,1.72522,0.018805,0.081293,4,10,7,6,4,10,7,6,4,10,7,5,4,10,7,5,0.04498,0.08276,0.40017,0.40302,1,1,03:11:2023,01:30:48,932,-10.882212,-61.9686,175.0,lev20,Almucantar,Ji_Parana_UNIR,143,143.856377,0.081293,0.050531,0.03863,0.03205,1.091088,73.73289,73.070872,1.72522,0.018805,0.081293,4,10,7,6,4,10,7,6,4,10,7,5,4,10,7,5,0.04498,0.08276,0.40017,0.40302,1,1,03:11:2023,01:30:48,932,-10.882212,-61.9686,175.0,lev20,Almucantar,Ji_Parana_UNIR,143,143.856377,1.4754,1.4846,1.4878,1.4841,0.010224,0.009004,0.009193,0.009292,73.73289,73.070872,1.72522,0.018805,0.081293,4,10,7,6,4,10,7,6,4,10,7,5,4,10,7,5,0.04498,0.08276,0.40017,0.40302,1,1,03:11:2023,01:30:48,932,-10.882212,-61.9686,175.0,lev20,Almucantar,Ji_Parana_UNIR,143,143.856377,0.9327,0.9209,0.9007,0.8859,73.73289,73.070872,1.72522,0.018805,0.081293,4,10,7,6,4,10,7,6,4,10,7,5,4,10,7,5,0.04498,0.08276,0.40017,0.40302,1,1,03:11:2023,01:30:48,932,-10.882212,-61.9686,175.0,lev20,Almucantar,Ji_Parana_UNIR,143,143.856377,0.055346,0.031912,0.023381,0.019242,1.305471,73.73289,73.070872,1.72522,0.018805,0.081293,4,10,7,6,4,10,7,6,4,10,7,5,4,10,7,5,0.04498,0.08276,0.40017,0.40302,1,1,03:11:2023,01:30:48,932,-10.882212,-61.9686,175.0,lev20,Almucantar,1.1200048031806926,0.07140810989204505,0.8546913791529641,Unclassified,Maritime,,Unknown
23:05:2022,20:50:40,Ji_Parana_UNIR,143,143.868519,0.0841,0.052,0.0388,0.0323,0.0752,0.0427,0.0294,0.0227,0.009,0.0093,0.0095,0.0096,1.131123,77.611017,76.943448,1.82319,0.009674,0.083016,4,10,7,4,4,10,7,4,4,10,7,4,4,10,7,4,0.04859,0.0883,0.4278,0.42848,1,1,03:11:2023,01:32:40,932,-10.882212,-61.9686,175.0,lev20,Almucantar,Ji_Parana_UNIR,143,143.868519,0.083016,0.051176,0.038926,0.032234,1.110606,77.611017,76.943448,1.82319,0.009674,0.083016,4,10,7,4,4,10,7,4,4,10,7,4,4,10,7,4,0.04859,0.0883,0.4278,0.42848,1,1,03:11:2023,01:32:40,932,-10.882212,-61.9686,175.0,lev20,Almucantar,Ji_Parana_UNIR,143,143.868519,1.4754,1.4846,1.4878,1.4841,0.010224,0.009004,0.009193,0.009292,77.611017,76.943448,1.82319,0.009674,0.083016,4,10,7,4,4,10,7,4,4,10,7,4,4,10,7,4,0.04859,0.0883,0.4278,0.42848,1,1,03:11:2023,01:32:40,932,-10.882212,-61.9686,175.0,lev20,Almucantar,Ji_Parana_UNIR,143,143.868519,0.9327,0.9209,0.9007,0.8859,77.611017,76.943448,1.82319,0.009674,0.083016,4,10,7,4,4,10,7,4,4,10,7,4,4,10,7,4,0.04859,0.0883,0.4278,0.42848,1,1,03:11:2023,01:32:40,932,-10.882212,-61.9686,175.0,lev20,Almucantar,Ji_Parana_UNIR,143,143.868519,0.055346,0.031912,0.023381,0.019242,1.305471,77.611017,76.943448,1.82319,0.009674,0.083016,4,10,7,4,4,10,7,4,4,10,7,4,4,10,7,4,0.04859,0.0883,0.4278,0.42848,1,1,03:11:2023,01:32:40,932,-10.882212,-61.9686,175.0,lev20,Almucantar,1.1347591970443414,0.07274400324040065,0.8615879991721717,Unclassified,Maritime,,Unknown
25:05:2022,12:48:51,Ji_Parana_UNIR,145,145.533924,0.1169,0.0687,0.051,0.0431,0.1024,0.0535,0.0353,0.027,0.0145,0.0151,0.0157,0.0161,1.216787,57.096174,57.707583,1.875211,0.050038,0.116355,4,10,8,4,4,10,7,5,4,10,7,5,4,10,7,5,0.03702,0.07013,0.33258,0.34291,1,1,04:11:2023,23:54:51,932,-10.882212,-61.9686,175.0,lev20,Almucantar,Ji_Parana_UNIR,145,145.533924,0.116355,0.068179,0.050986,0.042169,1.211739,57.096174,57.707583,1.875211,0.050038,0.116355,4,10,8,4,4,10,7,5,4,10,7,5,4,10,7,5,0.03702,0.07013,0.33258,0.34291,1,1,04:11:2023,23:54:51,932,-10.882212,-61.9686,175.0,lev20,Almucantar,Ji_Parana_UNIR,145,145.533924,1.4754,1.4846,1.4878,1.4841,0.010224,0.009004,0.009193,0.009292,57.096174,57.707583,1.875211,0.050038,0.116355,4,10,8,4,4,10,7,5,4,10,7,5,4,10,7,5,0.03702,0.07013,0.33258,0.34291,1,1,04:11:2023,23:54:51,932,-10.882212,-61.9686,175.0,lev20,Almucantar,Ji_Parana_UNIR,145,145.533924,0.9327,0.9209,0.9007,0.8859,57.096174,57.707583,1.875211,0.050038,0.116355,4,10,8,4,4,10,7,5,4,10,7,5,4,10,7,5,0.03702,0.07013,0.33258,0.34291,1,1,04:11:2023,23:54:51,932,-10.882212,-61.9686,175.0,lev20,Almucantar,Ji_Parana_UNIR,145,145.533924,0.055346,0.031912,0.023381,0.019242,1.305471,57.096174,57.707583,1.875211,0.050038,0.116355,4,10,8,4,4,10,7,5,4,10,7,5,4,10,7,5,0.03702,0.07013,0.33258,0.34291,1,1,04:11:2023,23:54:51,932,-10.882212,-61.9686,175.0,lev20,Almucantar,1.2167679978261574,0.10006053101087502,0.8313466093906602,BCL,Maritime,,Unknown
25:05:2022,13:16:21,Ji_Parana_UNIR,145,145.553021,0.1178,0.0702,0.0526,0.045,0.1035,0.0553,0.037,0.029,0.0143,0.0149,0.0156,0.0159,1.182956,51.640714,52.221376,2.151599,0.088456,0.118476,3,10,8,4,3,10,8,4,3,10,8,4,3,10,8,4,0.03569,0.06809,0.31947,0.33025,1,1,04:11:2023,23:39:44,932,-10.882212,-61.9686,175.0,lev20,Almucantar,Ji_Parana_UNIR,145,145.553021,0.118476,0.069715,0.052521,0.043749,1.195519,51.640714,52.221376,2.151599,0.088456,0.118476,3,10,8,4,3,10,8,4,3,10,8,4,3,10,8,4,0.03569,0.06809,0.31947,0.33025,1,1,04:11:2023,23:39:44,932,-10.882212,-61.9686,175.0,lev20,Almucantar,Ji_Parana_UNIR,145,145.553021,1.4754,1.4846,1.4878,1.4841,0.010224,0.009004,0.009193,0.009292,51.640714,52.221376,2.151599,0.088456,0.118476,3,10,8,4,3,10,8,4,3,10,8,4,3,10,8,4,0.03569,0.06809,0.31947,0.33025,1,1,04:11:2023,23:39:44,932,-10.882212,-61.9686,175.0,lev20,Almucantar,Ji_Parana_UNIR,145,145.553021,0.9327,0.9209,0.9007,0.8859,51.640714,52.221376,2.151599,0.088456,0.118476,3,10,8,4,3,10,8,4,3,10,8,4,3,10,8,4,0.03569,0.06809,0.31947,0.33025,1,1,04:11:2023,23:39:44,932,-10.882212,-61.9686,175.0,lev20,Almucantar,Ji_Parana_UNIR,145,145.553021,0.055346,0.031912,0.023381,0.019242,1.305471,51.640714,52.221376,2.151599,0.088456,0.118476,3,10,8,4,3,10,8,4,3,10,8,4,3,10,8,4,0.03569,0.06809,0.31947,0.33025,1,1,04:11:2023,23:39:44,932,-10.882212,-61.9686,175.0,lev20,Almucantar,1.1827054268385797,0.1012708943859024,0.8361858897261775,Unclassified,Maritime,,Unknown
25:05:2022,20:33:07,Ji_Parana_UNIR,145,145.856331,0.14,0.0756,0.053,0.0434,0.1267,0.0618,0.0386,0.0288,0.0133,0.0138,0.0143,0.0147,1.423343,73.791634,73.131759,1.684014,0.022092,0.138567,4,10,7,6,4,10,7,6,4,10,7,6,4,10,7,6,0.04603,0.08294,0.40192,0.40467,1,1,04:11:2023,23:58:13,932,-10.882212,-61.9686,175.0,lev20,Almucantar,Ji_Parana_UNIR,145,145.856331,0.138567,0.074702,0.053308,0.042957,1.402659,73.791634,73.131759,1.684014,0.022092,0.138567,4,10,7,6,4,10,7,6,4,10,7,6,4,10,7,6,0.04603,0.08294,0.40192,0.40467,1,1,04:11:2023,23:58:13,932,-10.882212,-61.9686,175.0,lev20,Almucantar,Ji_Parana_UNIR,145,145.856331,1.4754,1.4846,1.4878,1.4841,0.010224,0.009004,0.009193,0.009292,73.791634,73.131759,1.684014,0.022092,0.138567,4,10,7,6,4,10,7,6,4,10,7,6,4,10,7,6,0.04603,0.08294,0.40192,0.40467,1,1,04:11:2023,23:58:13,932,-10.882212,-61.9686,175.0,lev20,Almucantar,Ji_Parana_UNIR,145,145.856331,0.9327,0.9209,0.9007,0.8859,73.791634,73.131759,1.684014,0.022092,0.138567,4,10,7,6,4,10,7,6,4,10,7,6,4,10,7,6,0.04603,0.08294,0.40192,0.40467,1,1,04:11:2023,23:58:13,932,-10.882212,-61.9686,175.0,lev20,Almucantar,Ji_Parana_UNIR,145,145.856331,0.055346,0.031912,0.023381,0.019242,1.305471,73.791634,73.131759,1.684014,0.022092,0.138567,4,10,7,6,4,10,7,6,4,10,7,6,4,10,7,6,0.04603,0.08294,0.40192,0.40467,1,1,04:11:2023,23:58:13,932,-10.882212,-61.9686,175.0,lev20,Almucantar,1.424855759093704,0.11668736997602414,0.8653001965762706,BCL,Maritime,,Unknown
25:05:2022,20:50:33,Ji_Parana_UNIR,145,145.868437,0.1426,0.0768,0.054,0.0442,0.1288,0.0624,0.0391,0.029,0.0138,0.0144,0.0149,0.0152,1.423609,77.646593,76.98106,1.198763,0.010806,0.141329,4,10,7,4,4,10,7,4,4,10,7,4,4,10,7,4,0.04971,0.08823,0.42969,0.43032,1,1,04:11:2023,23:39:56,932,-10.882212,-61.9686,175.0,lev20,Almucantar,Ji_Parana_UNIR,145,145.868437,0.141329,0.075952,0.054136,0.04372,1.409097,77.646593,76.98106,1.198763,0.010806,0.141329,4,10,7,4,4,10,7,4,4,10,7,4,4,10,7,4,0.04971,0.08823,0.42969,0.43032,1,1,04:11:2023,23:39:56,932,-10.882212,-61.9686,175.0,lev20,Almucantar,Ji_Parana_UNIR,145,145.868437,1.4754,1.4846,1.4878,1.4841,0.010224,0.009004,0.009193,0.009292,77.646593,76.98106,1.198763,0.010806,0.141329,4,10,7,4,4,10,7,4,4,10,7,4,4,10,7,4,0.04971,0.08823,0.42969,0.43032,1,1,04:11:2023,23:39:56,932,-10.882212,-61.9686,175.0,lev20,Almucantar,Ji_Parana_UNIR,145,145.868437,0.9327,0.9209,0.9007,0.8859,77.646593,76.98106,1.198763,0.010806,0.141329,4,10,7,4,4,10,7,4,4,10,7,4,4,10,7,4,0.04971,0.08823,0.42969,0.43032,1,1,04:11:2023,23:39:56,932,-10.882212,-61.9686,175.0,lev20,Almucantar,Ji_Parana_UNIR,145,145.868437,0.055346,0.031912,0.023381,0.019242,1.305471,77.646593,76.98106,1.198763,0.010806,0.141329,4,10,7,4,4,10,7,4,4,10,7,4,4,10,7,4,0.04971,0.08823,0.42969,0.43032,1,1,04:11:2023,23:39:56,932,-10.882212,-61.9686,175.0,lev20,Almucantar,1.424428826792794,0.1188609079318482,0.8624929118955567,BCL,Maritime,,Unknown
26:05:2022,12:00:05,Ji_Parana_UNIR,146,146.500058,0.181,0.1009,0.0737,0.0614,0.1585,0.0775,0.0494,0.0365,0.0225,0.0234,0.0243,0.0249,1.320098,67.424569,68.070948,1.581921,0.013541,0.179704,4,10,7,6,4,10,7,6,4,10,7,6,4,9,7,6,0.0411,0.07629,0.36922,0.37847,1,1,05:11:2023,22:46:58,932,-10.882212,-61.9686,175.0,lev20,Almucantar,Ji_Parana_UNIR,146,146.500058,0.179704,0.100753,0.073796,0.061516,1.307588,67.424569,68.070948,1.581921,0.013541,0.179704,4,10,7,6,4,10,7,6,4,10,7,6,4,9,7,6,0.0411,0.07629,0.36922,0.37847,1,1,05:11:2023,22:46:58,932,-10.882212,-61.9686,175.0,lev20,Almucantar,Ji_Parana_UNIR,146,146.500058,1.4754,1.4846,1.4878,1.4841,0.010224,0.009004,0.009193,0.009292,67.424569,68.070948,1.581921,0.013541,0.179704,4,10,7,6,4,10,7,6,4,10,7,6,4,9,7,6,0.0411,0.07629,0.36922,0.37847,1,1,05:11:2023,22:46:58,932,-10.882212,-61.9686,175.0,lev20,Almucantar,Ji_Parana_UNIR,146,146.500058,0.9327,0.9209,0.9007,0.8859,67.424569,68.070948,1.581921,0.013541,0.179704,4,10,7,6,4,10,7,6,4,10,7,6,4,9,7,6,0.0411,0.07629,0.36922,0.37847,1,1,05:11:2023,22:46:58,932,-10.882212,-61.9686,175.0,lev20,Almucantar,Ji_Parana_UNIR,146,146.500058,0.055346,0.031912,0.023381,0.019242,1.305471,67.424569,68.070948,1.581921,0.013541,0.179704,4,10,7,6,4,10,7,6,4,10,7,6,4,9,7,6,0.0411,0.07629,0.36922,0.37847,1,1,05:11:2023,22:46:58,932,-10.882212,-61.9686,175.0,lev20,Almucantar,1.3179842591741624,0.1529352546822776,0.8270632009445018,BCL,Maritime,,Unknown
26:05:2022,12:49:25,Ji_Parana_UNIR,146,146.534317,0.1806,0.1014,0.0731,0.0613,0.1571,0.077,0.0477,0.0353,0.0235,0.0245,0.0254,0.026,1.326166,57.088178,57.69785,1.969514,0.06464,0.179297,4,10,8,4,4,10,8,4,4,10,7,4,4,10,6,4,0.03703,0.07013,0.33255,0.3429,1,1,05:11:2023,22:51:14,932,-10.882212,-61.9686,175.0,lev20,Almucantar,Ji_Parana_UNIR,146,146.534317,0.179297,0.100266,0.073347,0.060753,1.313236,57.088178,57.69785,1.969514,0.06464,0.179297,4,10,8,4,4,10,8,4,4,10,7,4,4,10,6,4,0.03703,0.07013,0.33255,0.3429,1,1,05:11:2023,22:51:14,932,-10.882212,-61.9686,175.0,lev20,Almucantar,Ji_Parana_UNIR,146,146.534317,1.4754,1.4846,1.4878,1.4841,0.010224,0.009004,0.009193,0.009292,57.088178,57.69785,1.969514,0.06464,0.179297,4,10,8,4,4,10,8,4,4,10,7,4,4,10,6,4,0.03703,0.07013,0.33255,0.3429,1,1,05:11:2023,22:51:14,932,-10.882212,-61.9686,175.0,lev20,Almucantar,Ji_Parana_UNIR,146,146.534317,0.9327,0.9209,0.9007,0.8859,57.088178,57.69785,1.969514,0.06464,0.179297,4,10,8,4,4,10,8,4,4,10,7,4,4,10,6,4,0.03703,0.07013,0.33255,0.3429,1,1,05:11:2023,22:51:14,932,-10.882212,-61.9686,175.0,lev20,Almucantar,Ji_Parana_UNIR,146,146.534317,0.055346,0.031912,0.023381,0.019242,1.305471,57.088178,57.69785,1.969514,0.06464,0.179297,4,10,8,4,4,10,8,4,4,10,7,4,4,10,6,4,0.03703,0.07013,0.33255,0.3429,1,1,05:11:2023,22:51:14,932,-10.882212,-61.9686,175.0,lev20,Almucantar,1.3267298664741078,0.15242677077339115,0.8195004854573175,BCL,Maritime,,Unknown
26:05:2022,13:16:24,Ji_Parana_UNIR,146,146.553056,0.1806,0.1008,0.074,0.0622,0.1578,0.0769,0.0493,0.037,0.0229,0.0239,0.0247,0.0252,1.311577,51.749556,52.328844,1.130988,0.02234,0.179262,3,10,8,4,3,10,8,4,3,10,8,4,3,10,8,4,0.03573,0.06813,0.31971,0.33048,1,1,05:11:2023,22:55:26,932,-10.882212,-61.9686,175.0,lev20,Almucantar,Ji_Parana_UNIR,146,146.553056,0.179262,0.100531,0.074195,0.061942,1.297207,51.749556,52.328844,1.130988,0.02234,0.179262,3,10,8,4,3,10,8,4,3,10,8,4,3,10,8,4,0.03573,0.06813,0.31971,0.33048,1,1,05:11:2023,22:55:26,932,-10.882212,-61.9686,175.0,lev20,Almucantar,Ji_Parana_UNIR,146,146.553056,1.4754,1.4846,1.4878,1.4841,0.010224,0.009004,0.009193,0.009292,51.749556,52.328844,1.130988,0.02234,0.179262,3,10,8,4,3,10,8,4,3,10,8,4,3,10,8,4,0.03573,0.06813,0.31971,0.33048,1,1,05:11:2023,22:55:26,932,-10.882212,-61.9686,175.0,lev20,Almucantar,Ji_Parana_UNIR,146,146.553056,0.9327,0.9209,0.9007,0.8859,51.749556,52.328844,1.130988,0.02234,0.179262,3,10,8,4,3,10,8,4,3,10,8,4,3,10,8,4,0.03573,0.06813,0.31971,0.33048,1,1,05:11:2023,22:55:26,932,-10.882212,-61.9686,175.0,lev20,Almucantar,Ji_Parana_UNIR,146,146.553056,0.055346,0.031912,0.023381,0.019242,1.305471,51.749556,52.328844,1.130988,0.02234,0.179262,3,10,8,4,3,10,8,4,3,10,8,4,3,10,8,4,0.03573,0.06813,0.31971,0.33048,1,1,05:11:2023,22:55:26,932,-10.882212,-61.9686,175.0,lev20,Almucantar,1.3087800430170398,0.15277692875655127,0.8224245087584704,BCL,Maritime,,Unknown
27:05:2022,13:16:36,Ji_Parana_UNIR,147,147.553194,0.139,0.0891,0.0708,0.062,0.1153,0.0646,0.0455,0.036,0.0238,0.0245,0.0254,0.026,0.99262,51.827927,52.405703,2.691849,0.094861,0.13743,3,10,8,4,3,10,7,4,3,10,5,4,3,10,6,4,0.03573,0.06815,0.31987,0.33063,1,1,06:11:2023,19:49:51,932,-10.882212,-61.9686,175.0,lev20,Almucantar,Ji_Parana_UNIR,147,147.553194,0.13743,0.08811,0.07131,0.06334,0.968278,51.827927,52.405703,2.691849,0.094861,0.13743,3,10,8,4,3,10,7,4,3,10,5,4,3,10,6,4,0.03573,0.06815,0.31987,0.33063,1,1,06:11:2023,19:49:51,932,-10.882212,-61.9686,175.0,lev20,Almucantar,Ji_Parana_UNIR,147,147.553194,1.4754,1.4846,1.4878,1.4841,0.010224,0.009004,0.009193,0.009292,51.827927,52.405703,2.691849,0.094861,0.13743,3,10,8,4,3,10,7,4,3,10,5,4,3,10,6,4,0.03573,0.06815,0.31987,0.33063,1,1,06:11:2023,19:49:51,932,-10.882212,-61.9686,175.0,lev20,Almucantar,Ji_Parana_UNIR,147,147.553194,0.9327,0.9209,0.9007,0.8859,51.827927,52.405703,2.691849,0.094861,0.13743,3,10,8,4,3,10,7,4,3,10,5,4,3,10,6,4,0.03573,0.06815,0.31987,0.33063,1,1,06:11:2023,19:49:51,932,-10.882212,-61.9686,175.0,lev20,Almucantar,Ji_Parana_UNIR,147,147.553194,0.055346,0.031912,0.023381,0.019242,1.305471,51.827927,52.405703,2.691849,0.094861,0.13743,3,10,8,4,3,10,7,4,3,10,5,4,3,10,6,4,0.03573,0.06815,0.31987,0.33063,1,1,06:11:2023,19:49:51,932,-10.882212,-61.9686,175.0,lev20,Almucantar,0.9895799329718158,0.12248304275588479,0.7803716086325321,Unclassified,Maritime,,Unknown
28:05:2022,12:50:23,Ji_Parana_UNIR,148,148.534988,0.1098,0.0686,0.0547,0.048,0.0906,0.0485,0.0338,0.0267,0.0192,0.02,0.0208,0.0213,1.027949,57.103659,57.710151,2.609356,0.06769,0.108367,4,10,8,4,4,9,7,5,4,10,7,5,3,8,7,5,0.03701,0.07011,0.33258,0.3429,1,1,08:11:2023,04:20:00,932,-10.882212,-61.9686,175.0,lev20,Almucantar,Ji_Parana_UNIR,148,148.534988,0.108367,0.069168,0.055181,0.047369,0.994042,57.103659,57.710151,2.609356,0.06769,0.108367,4,10,8,4,4,9,7,5,4,10,7,5,3,8,7,5,0.03701,0.07011,0.33258,0.3429,1,1,08:11:2023,04:20:00,932,-10.882212,-61.9686,175.0,lev20,Almucantar,Ji_Parana_UNIR,148,148.534988,1.4754,1.4846,1.4878,1.4841,0.010224,0.009004,0.009193,0.009292,57.103659,57.710151,2.609356,0.06769,0.108367,4,10,8,4,4,9,7,5,4,10,7,5,3,8,7,5,0.03701,0.07011,0.33258,0.3429,1,1,08:11:2023,04:20:00,932,-10.882212,-61.9686,175.0,lev20,Almucantar,Ji_Parana_UNIR,148,148.534988,0.9327,0.9209,0.9007,0.8859,57.103659,57.710151,2.609356,0.06769,0.108367,4,10,8,4,4,9,7,5,4,10,7,5,3,8,7,5,0.03701,0.07011,0.33258,0.3429,1,1,08:11:2023,04:20:00,932,-10.882212,-61.9686,175.0,lev20,Almucantar,Ji_Parana_UNIR,148,148.534988,0.055346,0.031912,0.023381,0.019242,1.305471,57.103659,57.710151,2.609356,0.06769,0.108367,4,10,8,4,4,9,7,5,4,10,7,5,3,8,7,5,0.03701,0.07011,0.33258,0.3429,1,1,08:11:2023,04:20:00,932,-10.882212,-61.9686,175.0,lev20,Almucantar,1.0221181253681337,0.09635118782629737,0.768081990609845,Unclassified,Maritime,,Unknown
28:05:2022,13:16:40,Ji_Parana_UNIR,148,148.553241,0.1041,0.0633,0.0491,0.0422,0.0901,0.0487,0.0339,0.0267,0.014,0.0147,0.0152,0.0155,1.106243,51.930176,52.506675,1.403589,0.051048,0.103798,3,10,8,4,3,10,8,4,3,10,8,4,3,10,8,4,0.03574,0.06817,0.32007,0.33082,1,1,08:11:2023,04:24:23,932,-10.882212,-61.9686,175.0,lev20,Almucantar,Ji_Parana_UNIR,148,148.553241,0.103798,0.063693,0.049799,0.041886,1.081699,51.930176,52.506675,1.403589,0.051048,0.103798,3,10,8,4,3,10,8,4,3,10,8,4,3,10,8,4,0.03574,0.06817,0.32007,0.33082,1,1,08:11:2023,04:24:23,932,-10.882212,-61.9686,175.0,lev20,Almucantar,Ji_Parana_UNIR,148,148.553241,1.4754,1.4846,1.4878,1.4841,0.010224,0.009004,0.009193,0.009292,51.930176,52.506675,1.403589,0.051048,0.103798,3,10,8,4,3,10,8,4,3,10,8,4,3,10,8,4,0.03574,0.06817,0.32007,0.33082,1,1,08:11:2023,04:24:23,932,-10.882212,-61.9686,175.0,lev20,Almucantar,Ji_Parana_UNIR,148,148.553241,0.9327,0.9209,0.9007,0.8859,51.930176,52.506675,1.403589,0.051048,0.103798,3,10,8,4,3,10,8,4,3,10,8,4,3,10,8,4,0.03574,0.06817,0.32007,0.33082,1,1,08:11:2023,04:24:23,932,-10.882212,-61.9686,175.0,lev20,Almucantar,Ji_Parana_UNIR,148,148.553241,0.055346,0.031912,0.023381,0.019242,1.305471,51.930176,52.506675,1.403589,0.051048,0.103798,3,10,8,4,3,10,8,4,3,10,8,4,3,10,8,4,0.03574,0.06817,0.32007,0.33082,1,1,08:11:2023,04:24:23,932,-10.882212,-61.9686,175.0,lev20,Almucantar,1.1023508349067481,0.0904172214308123,0.8201924029454244,Unclassified,Maritime,,Unknown
28:05:2022,19:16:37,Ji_Parana_UNIR,148,148.803206,0.1078,0.0625,0.0442,0.0372,0.0957,0.0499,0.0312,0.0238,0.0121,0.0125,0.0131,0.0133,1.301424,57.654786,57.048661,2.749018,0.08687,0.106213,4,10,7,4,4,10,7,5,4,10,7,4,4,10,7,4,0.03734,0.0704,0.33317,0.3412,1,1,08:11:2023,04:34:46,932,-10.882212,-61.9686,175.0,lev20,Almucantar,Ji_Parana_UNIR,148,148.803206,0.106213,0.060847,0.045549,0.037164,1.245507,57.654786,57.048661,2.749018,0.08687,0.106213,4,10,7,4,4,10,7,5,4,10,7,4,4,10,7,4,0.03734,0.0704,0.33317,0.3412,1,1,08:11:2023,04:34:46,932,-10.882212,-61.9686,175.0,lev20,Almucantar,Ji_Parana_UNIR,148,148.803206,1.4754,1.4846,1.4878,1.4841,0.010224,0.009004,0.009193,0.009292,57.654786,57.048661,2.749018,0.08687,0.106213,4,10,7,4,4,10,7,5,4,10,7,4,4,10,7,4,0.03734,0.0704,0.33317,0.3412,1,1,08:11:2023,04:34:46,932,-10.882212,-61.9686,175.0,lev20,Almucantar,Ji_Parana_UNIR,148,148.803206,0.9327,0.9209,0.9007,0.8859,57.654786,57.048661,2.749018,0.08687,0.106213,4,10,7,4,4,10,7,5,4,10,7,4,4,10,7,4,0.03734,0.0704,0.33317,0.3412,1,1,08:11:2023,04:34:46,932,-10.882212,-61.9686,175.0,lev20,Almucantar,Ji_Parana_UNIR,148,148.803206,0.055346,0.031912,0.023381,0.019242,1.305471,57.654786,57.048661,2.749018,0.08687,0.106213,4,10,7,4,4,10,7,5,4,10,7,4,4,10,7,4,0.03734,0.0704,0.33317,0.3412,1,1,08:11:2023,04:34:46,932,-10.882212,-61.9686,175.0,lev20,Almucantar,1.3078021050523256,0.09120383130474409,0.847233490794705,BCL,Maritime,,Unknown
29:05:2022,12:01:16,Ji_Parana_UNIR,149,149.50088,0.0992,0.0577,0.0423,0.0354,0.0877,0.0458,0.0298,0.0224,0.0115,0.0119,0.0125,0.0129,1.249259,67.434951,68.077854,1.524219,0.025405,0.098953,4,10,7,6,4,10,7,6,4,10,7,6,4,10,7,6,0.04118,0.07638,0.36935,0.3786,1,1,09:11:2023,04:03:48,932,-10.882212,-61.9686,175.0,lev20,Almucantar,Ji_Parana_UNIR,149,149.50088,0.098953,0.057592,0.042589,0.034974,1.236929,67.434951,68.077854,1.524219,0.025405,0.098953,4,10,7,6,4,10,7,6,4,10,7,6,4,10,7,6,0.04118,0.07638,0.36935,0.3786,1,1,09:11:2023,04:03:48,932,-10.882212,-61.9686,175.0,lev20,Almucantar,Ji_Parana_UNIR,149,149.50088,1.4754,1.4846,1.4878,1.4841,0.010224,0.009004,0.009193,0.009292,67.434951,68.077854,1.524219,0.025405,0.098953,4,10,7,6,4,10,7,6,4,10,7,6,4,10,7,6,0.04118,0.07638,0.36935,0.3786,1,1,09:11:2023,04:03:48,932,-10.882212,-61.9686,175.0,lev20,Almucantar,Ji_Parana_UNIR,149,149.50088,0.9327,0.9209,0.9007,0.8859,67.434951,68.077854,1.524219,0.025405,0.098953,4,10,7,6,4,10,7,6,4,10,7,6,4,10,7,6,0.04118,0.07638,0.36935,0.3786,1,1,09:11:2023,04:03:48,932,-10.882212,-61.9686,175.0,lev20,Almucantar,Ji_Parana_UNIR,149,149.50088,0.055346,0.031912,0.023381,0.019242,1.305471,67.434951,68.077854,1.524219,0.025405,0.098953,4,10,7,6,4,10,7,6,4,10,7,6,4,10,7,6,0.04118,0.07638,0.36935,0.3786,1,1,09:11:2023,04:03:48,932,-10.882212,-61.9686,175.0,lev20,Almucantar,1.250297516236882,0.08454705703949021,0.8443414664651059,BCL,Maritime,,Unknown
29:05:2022,12:50:50,Ji_Parana_UNIR,149,149.535301,0.1015,0.0599,0.044,0.0374,0.0898,0.0477,0.0313,0.0244,0.0117,0.0122,0.0127,0.013,1.224122,57.116646,57.721649,1.474609,0.057912,0.10002,4,10,8,4,4,10,7,5,4,10,7,5,4,10,7,5,0.03703,0.07013,0.33264,0.34295,1,1,09:11:2023,04:09:25,932,-10.882212,-61.9686,175.0,lev20,Almucantar,Ji_Parana_UNIR,149,149.535301,0.10002,0.058707,0.044128,0.036012,1.2024,57.116646,57.721649,1.474609,0.057912,0.10002,4,10,8,4,4,10,7,5,4,10,7,5,4,10,7,5,0.03703,0.07013,0.33264,0.34295,1,1,09:11:2023,04:09:25,932,-10.882212,-61.9686,175.0,lev20,Almucantar,Ji_Parana_UNIR,149,149.535301,1.4754,1.4846,1.4878,1.4841,0.010224,0.009004,0.009193,0.009292,57.116646,57.721649,1.474609,0.057912,0.10002,4,10,8,4,4,10,7,5,4,10,7,5,4,10,7,5,0.03703,0.07013,0.33264,0.34295,1,1,09:11:2023,04:09:25,932,-10.882212,-61.9686,175.0,lev20,Almucantar,Ji_Parana_UNIR,149,149.535301,0.9327,0.9209,0.9007,0.8859,57.116646,57.721649,1.474609,0.057912,0.10002,4,10,8,4,4,10,7,5,4,10,7,5,4,10,7,5,0.03703,0.07013,0.33264,0.34295,1,1,09:11:2023,04:09:25,932,-10.882212,-61.9686,175.0,lev20,Almucantar,Ji_Parana_UNIR,149,149.535301,0.055346,0.031912,0.023381,0.019242,1.305471,57.116646,57.721649,1.474609,0.057912,0.10002,4,10,8,4,4,10,7,5,4,10,7,5,4,10,7,5,0.03703,0.07013,0.33264,0.34295,1,1,09:11:2023,04:09:25,932,-10.882212,-61.9686,175.0,lev20,Almucantar,1.2261207276591324,0.0867750946055557,0.8436085205813005,BCL,Maritime,,Unknown
29:05:2022,13:16:43,Ji_Parana_UNIR,149,149.553275,0.105,0.062,0.0458,0.039,0.0925,0.049,0.0322,0.0251,0.0124,0.013,0.0136,0.0139,1.21587,52.033721,52.609026,1.922685,0.076825,0.10375,3,10,8,4,3,10,8,4,3,10,8,4,3,10,8,4,0.03577,0.06821,0.3203,0.33104,1,1,09:11:2023,03:49:43,932,-10.882212,-61.9686,175.0,lev20,Almucantar,Ji_Parana_UNIR,149,149.553275,0.10375,0.060887,0.046225,0.038067,1.18957,52.033721,52.609026,1.922685,0.076825,0.10375,3,10,8,4,3,10,8,4,3,10,8,4,3,10,8,4,0.03577,0.06821,0.3203,0.33104,1,1,09:11:2023,03:49:43,932,-10.882212,-61.9686,175.0,lev20,Almucantar,Ji_Parana_UNIR,149,149.553275,1.4754,1.4846,1.4878,1.4841,0.010224,0.009004,0.009193,0.009292,52.033721,52.609026,1.922685,0.076825,0.10375,3,10,8,4,3,10,8,4,3,10,8,4,3,10,8,4,0.03577,0.06821,0.3203,0.33104,1,1,09:11:2023,03:49:43,932,-10.882212,-61.9686,175.0,lev20,Almucantar,Ji_Parana_UNIR,149,149.553275,0.9327,0.9209,0.9007,0.8859,52.033721,52.609026,1.922685,0.076825,0.10375,3,10,8,4,3,10,8,4,3,10,8,4,3,10,8,4,0.03577,0.06821,0.3203,0.33104,1,1,09:11:2023,03:49:43,932,-10.882212,-61.9686,175.0,lev20,Almucantar,Ji_Parana_UNIR,149,149.553275,0.055346,0.031912,0.023381,0.019242,1.305471,52.033721,52.609026,1.922685,0.076825,0.10375,3,10,8,4,3,10,8,4,3,10,8,4,3,10,8,4,0.03577,0.06821,0.3203,0.33104,1,1,09:11:2023,03:49:43,932,-10.882212,-61.9686,175.0,lev20,Almucantar,1.2170364712323873,0.08987164401765166,0.8386195386034466,BCL,Maritime,,Unknown
30:05:2022,12:01:40,Ji_Parana_UNIR,150,150.501157,0.1195,0.0712,0.0519,0.0432,0.1061,0.0574,0.0373,0.0281,0.0134,0.0139,0.0146,0.0151,1.219337,67.436337,68.078151,1.176965,0.021752,0.118317,4,10,7,6,4,10,7,6,4,10,7,6,4,10,7,6,0.04118,0.07637,0.36934,0.37859,1,1,10:11:2023,02:27:45,932,-10.882212,-61.9686,175.0,lev20,Almucantar,Ji_Parana_UNIR,150,150.501157,0.118317,0.070191,0.052022,0.042756,1.204282,67.436337,68.078151,1.176965,0.021752,0.118317,4,10,7,6,4,10,7,6,4,10,7,6,4,10,7,6,0.04118,0.07637,0.36934,0.37859,1,1,10:11:2023,02:27:45,932,-10.882212,-61.9686,175.0,lev20,Almucantar,Ji_Parana_UNIR,150,150.501157,1.4754,1.4846,1.4878,1.4841,0.010224,0.009004,0.009193,0.009292,67.436337,68.078151,1.176965,0.021752,0.118317,4,10,7,6,4,10,7,6,4,10,7,6,4,10,7,6,0.04118,0.07637,0.36934,0.37859,1,1,10:11:2023,02:27:45,932,-10.882212,-61.9686,175.0,lev20,Almucantar,Ji_Parana_UNIR,150,150.501157,0.9327,0.9209,0.9007,0.8859,67.436337,68.078151,1.176965,0.021752,0.118317,4,10,7,6,4,10,7,6,4,10,7,6,4,10,7,6,0.04118,0.07637,0.36934,0.37859,1,1,10:11:2023,02:27:45,932,-10.882212,-61.9686,175.0,lev20,Almucantar,Ji_Parana_UNIR,150,150.501157,0.055346,0.031912,0.023381,0.019242,1.305471,67.436337,68.078151,1.176965,0.021752,0.118317,4,10,7,6,4,10,7,6,4,10,7,6,4,10,7,6,0.04118,0.07637,0.36934,0.37859,1,1,10:11:2023,02:27:45,932,-10.882212,-61.9686,175.0,lev20,Almucantar,1.2233753372879406,0.1021996422612179,0.8521608245180992,BCL,Maritime,,Unknown
30:05:2022,12:51:18,Ji_Parana_UNIR,150,150.535625,0.1188,0.0707,0.0515,0.0432,0.1057,0.057,0.0371,0.0283,0.0131,0.0137,0.0144,0.0148,1.222063,57.125111,57.728659,0.899661,0.026183,0.11759,4,10,8,4,4,10,7,5,4,10,7,5,4,10,7,5,0.03703,0.07013,0.33265,0.34297,1,1,10:11:2023,05:26:40,932,-10.882212,-61.9686,175.0,lev20,Almucantar,Ji_Parana_UNIR,150,150.535625,0.11759,0.069736,0.051978,0.042585,1.197396,57.125111,57.728659,0.899661,0.026183,0.11759,4,10,8,4,4,10,7,5,4,10,7,5,4,10,7,5,0.03703,0.07013,0.33265,0.34297,1,1,10:11:2023,05:26:40,932,-10.882212,-61.9686,175.0,lev20,Almucantar,Ji_Parana_UNIR,150,150.535625,1.4754,1.4846,1.4878,1.4841,0.010224,0.009004,0.009193,0.009292,57.125111,57.728659,0.899661,0.026183,0.11759,4,10,8,4,4,10,7,5,4,10,7,5,4,10,7,5,0.03703,0.07013,0.33265,0.34297,1,1,10:11:2023,05:26:40,932,-10.882212,-61.9686,175.0,lev20,Almucantar,Ji_Parana_UNIR,150,150.535625,0.9327,0.9209,0.9007,0.8859,57.125111,57.728659,0.899661,0.026183,0.11759,4,10,8,4,4,10,7,5,4,10,7,5,4,10,7,5,0.03703,0.07013,0.33265,0.34297,1,1,10:11:2023,05:26:40,932,-10.882212,-61.9686,175.0,lev20,Almucantar,Ji_Parana_UNIR,150,150.535625,0.055346,0.031912,0.023381,0.019242,1.305471,57.125111,57.728659,0.899661,0.026183,0.11759,4,10,8,4,4,10,7,5,4,10,7,5,4,10,7,5,0.03703,0.07013,0.33265,0.34297,1,1,10:11:2023,05:26:40,932,-10.882212,-61.9686,175.0,lev20,Almucantar,1.2261066964938627,0.1015655145782603,0.852509377487423,BCL,Maritime,,Unknown
30:05:2022,13:16:56,Ji_Parana_UNIR,150,150.553426,0.1213,0.0725,0.0534,0.045,0.1075,0.0581,0.0383,0.0295,0.0138,0.0144,0.0151,0.0155,1.200823,52.103473,52.677425,1.189472,0.031572,0.120032,3,10,8,4,3,10,8,4,3,10,8,4,3,10,8,4,0.03579,0.06823,0.32044,0.33118,1,1,10:11:2023,05:32:03,932,-10.882212,-61.9686,175.0,lev20,Almucantar,Ji_Parana_UNIR,150,150.553426,0.120032,0.071535,0.053941,0.04431,1.174537,52.103473,52.677425,1.189472,0.031572,0.120032,3,10,8,4,3,10,8,4,3,10,8,4,3,10,8,4,0.03579,0.06823,0.32044,0.33118,1,1,10:11:2023,05:32:03,932,-10.882212,-61.9686,175.0,lev20,Almucantar,Ji_Parana_UNIR,150,150.553426,1.4754,1.4846,1.4878,1.4841,0.010224,0.009004,0.009193,0.009292,52.103473,52.677425,1.189472,0.031572,0.120032,3,10,8,4,3,10,8,4,3,10,8,4,3,10,8,4,0.03579,0.06823,0.32044,0.33118,1,1,10:11:2023,05:32:03,932,-10.882212,-61.9686,175.0,lev20,Almucantar,Ji_Parana_UNIR,150,150.553426,0.9327,0.9209,0.9007,0.8859,52.103473,52.677425,1.189472,0.031572,0.120032,3,10,8,4,3,10,8,4,3,10,8,4,3,10,8,4,0.03579,0.06823,0.32044,0.33118,1,1,10:11:2023,05:32:03,932,-10.882212,-61.9686,175.0,lev20,Almucantar,Ji_Parana_UNIR,150,150.553426,0.055346,0.031912,0.023381,0.019242,1.305471,52.103473,52.677425,1.189472,0.031572,0.120032,3,10,8,4,3,10,8,4,3,10,8,4,3,10,8,4,0.03579,0.06823,0.32044,0.33118,1,1,10:11:2023,05:32:03,932,-10.882212,-61.9686,175.0,lev20,Almucantar,1.2035115496408963,0.10400280572560872,0.847626370985588,BCL,Maritime,,Unknown
31:05:2022,12:02:04,Ji_Parana_UNIR,151,151.501435,0.1709,0.096,0.0709,0.0594,0.1543,0.0787,0.0529,0.041,0.0166,0.0173,0.018,0.0184,1.293745,67.437102,68.077867,4.730185,0.068973,0.168197,4,10,7,6,4,10,7,5,4,10,7,4,4,10,7,5,0.04122,0.07642,0.36941,0.37865,1,1,11:11:2023,05:58:37,932,-10.882212,-61.9686,175.0,lev20,Almucantar,Ji_Parana_UNIR,151,151.501435,0.168197,0.09649,0.071488,0.060085,1.256895,67.437102,68.077867,4.730185,0.068973,0.168197,4,10,7,6,4,10,7,5,4,10,7,4,4,10,7,5,0.04122,0.07642,0.36941,0.37865,1,1,11:11:2023,05:58:37,932,-10.882212,-61.9686,175.0,lev20,Almucantar,Ji_Parana_UNIR,151,151.501435,1.4754,1.4846,1.4878,1.4841,0.010224,0.009004,0.009193,0.009292,67.437102,68.077867,4.730185,0.068973,0.168197,4,10,7,6,4,10,7,5,4,10,7,4,4,10,7,5,0.04122,0.07642,0.36941,0.37865,1,1,11:11:2023,05:58:37,932,-10.882212,-61.9686,175.0,lev20,Almucantar,Ji_Parana_UNIR,151,151.501435,0.9327,0.9209,0.9007,0.8859,67.437102,68.077867,4.730185,0.068973,0.168197,4,10,7,6,4,10,7,5,4,10,7,4,4,10,7,5,0.04122,0.07642,0.36941,0.37865,1,1,11:11:2023,05:58:37,932,-10.882212,-61.9686,175.0,lev20,Almucantar,Ji_Parana_UNIR,151,151.501435,0.055346,0.031912,0.023381,0.019242,1.305471,67.437102,68.077867,4.730185,0.068973,0.168197,4,10,7,6,4,10,7,5,4,10,7,4,4,10,7,5,0.04122,0.07642,0.36941,0.37865,1,1,11:11:2023,05:58:37,932,-10.882212,-61.9686,175.0,lev20,Almucantar,1.2905740071339837,0.1449081601689295,0.8645351462948128,BCL,Maritime,,Unknown
31:05:2022,13:17:03,Ji_Parana_UNIR,151,151.553507,0.1267,0.0769,0.0583,0.0505,0.1069,0.0562,0.0366,0.0282,0.0198,0.0206,0.0216,0.0223,1.1391,52.19026,52.763053,1.483983,0.056017,0.125266,3,10,8,4,3,10,8,4,3,10,8,4,3,10,8,4,0.03579,0.06825,0.32062,0.33134,1,1,11:11:2023,05:46:07,932,-10.882212,-61.9686,175.0,lev20,Almucantar,Ji_Parana_UNIR,151,151.553507,0.125266,0.076081,0.058551,0.049583,1.118376,52.19026,52.763053,1.483983,0.056017,0.125266,3,10,8,4,3,10,8,4,3,10,8,4,3,10,8,4,0.03579,0.06825,0.32062,0.33134,1,1,11:11:2023,05:46:07,932,-10.882212,-61.9686,175.0,lev20,Almucantar,Ji_Parana_UNIR,151,151.553507,1.4754,1.4846,1.4878,1.4841,0.010224,0.009004,0.009193,0.009292,52.19026,52.763053,1.483983,0.056017,0.125266,3,10,8,4,3,10,8,4,3,10,8,4,3,10,8,4,0.03579,0.06825,0.32062,0.33134,1,1,11:11:2023,05:46:07,932,-10.882212,-61.9686,175.0,lev20,Almucantar,Ji_Parana_UNIR,151,151.553507,0.9327,0.9209,0.9007,0.8859,52.19026,52.763053,1.483983,0.056017,0.125266,3,10,8,4,3,10,8,4,3,10,8,4,3,10,8,4,0.03579,0.06825,0.32062,0.33134,1,1,11:11:2023,05:46:07,932,-10.882212,-61.9686,175.0,lev20,Almucantar,Ji_Parana_UNIR,151,151.553507,0.055346,0.031912,0.023381,0.019242,1.305471,52.19026,52.763053,1.483983,0.056017,0.125266,3,10,8,4,3,10,8,4,3,10,8,4,3,10,8,4,0.03579,0.06825,0.32062,0.33134,1,1,11:11:2023,05:46:07,932,-10.882212,-61.9686,175.0,lev20,Almucantar,1.1386224832540308,0.10953762925802908,0.790631491981911,Unclassified,Maritime,,Unknown
02:06:2022,13:17:24,Ji_Parana_UNIR,153,153.55375,0.1744,0.0955,0.0614,0.0489,0.159,0.0794,0.0445,0.0316,0.0154,0.0161,0.0169,0.0173,1.515073,52.335064,52.905567,2.821015,0.29025,0.172327,3,10,8,4,3,10,8,4,3,10,8,4,3,10,8,4,0.03674,0.06959,0.31735,0.32871,1,1,13:11:2023,00:13:32,932,-10.882212,-61.9686,175.0,lev20,Almucantar,Ji_Parana_UNIR,153,153.55375,0.172327,0.092726,0.064924,0.051995,1.430542,52.335064,52.905567,2.821015,0.29025,0.172327,3,10,8,4,3,10,8,4,3,10,8,4,3,10,8,4,0.03674,0.06959,0.31735,0.32871,1,1,13:11:2023,00:13:32,932,-10.882212,-61.9686,175.0,lev20,Almucantar,Ji_Parana_UNIR,153,153.55375,1.4754,1.4846,1.4878,1.4841,0.010224,0.009004,0.009193,0.009292,52.335064,52.905567,2.821015,0.29025,0.172327,3,10,8,4,3,10,8,4,3,10,8,4,3,10,8,4,0.03674,0.06959,0.31735,0.32871,1,1,13:11:2023,00:13:32,932,-10.882212,-61.9686,175.0,lev20,Almucantar,Ji_Parana_UNIR,153,153.55375,0.9327,0.9209,0.9007,0.8859,52.335064,52.905567,2.821015,0.29025,0.172327,3,10,8,4,3,10,8,4,3,10,8,4,3,10,8,4,0.03674,0.06959,0.31735,0.32871,1,1,13:11:2023,00:13:32,932,-10.882212,-61.9686,175.0,lev20,Almucantar,Ji_Parana_UNIR,153,153.55375,0.055346,0.031912,0.023381,0.019242,1.305471,52.335064,52.905567,2.821015,0.29025,0.172327,3,10,8,4,3,10,8,4,3,10,8,4,3,10,8,4,0.03674,0.06959,0.31735,0.32871,1,1,13:11:2023,00:13:32,932,-10.882212,-61.9686,175.0,lev20,Almucantar,1.531338374557295,0.14339389644759806,0.8780433873820908,BCL,Maritime,,Unknown
13:06:2022,13:19:14,Ji_Parana_UNIR,164,164.555023,0.1089,0.0627,0.0463,0.0393,0.0973,0.0509,0.0339,0.0265,0.0115,0.0119,0.0124,0.0128,1.255594,52.956717,53.519193,2.334909,0.0737,0.108715,3,10,8,4,3,10,8,4,3,10,8,4,2,5,4,3,0.03772,0.07216,0.30987,0.32303,1,1,25:11:2023,06:23:12,932,-10.882212,-61.9686,175.0,lev20,Almucantar,Ji_Parana_UNIR,164,164.555023,0.108715,0.061747,0.047094,0.039616,1.234407,52.956717,53.519193,2.334909,0.0737,0.108715,3,10,8,4,3,10,8,4,3,10,8,4,2,5,4,3,0.03772,0.07216,0.30987,0.32303,1,1,25:11:2023,06:23:12,932,-10.882212,-61.9686,175.0,lev20,Almucantar,Ji_Parana_UNIR,164,164.555023,1.4754,1.4846,1.4878,1.4841,0.010224,0.009004,0.009193,0.009292,52.956717,53.519193,2.334909,0.0737,0.108715,3,10,8,4,3,10,8,4,3,10,8,4,2,5,4,3,0.03772,0.07216,0.30987,0.32303,1,1,25:11:2023,06:23:12,932,-10.882212,-61.9686,175.0,lev20,Almucantar,Ji_Parana_UNIR,164,164.555023,0.9327,0.9209,0.9007,0.8859,52.956717,53.519193,2.334909,0.0737,0.108715,3,10,8,4,3,10,8,4,3,10,8,4,2,5,4,3,0.03772,0.07216,0.30987,0.32303,1,1,25:11:2023,06:23:12,932,-10.882212,-61.9686,175.0,lev20,Almucantar,Ji_Parana_UNIR,164,164.555023,0.055346,0.031912,0.023381,0.019242,1.305471,52.956717,53.519193,2.334909,0.0737,0.108715,3,10,8,4,3,10,8,4,3,10,8,4,2,5,4,3,0.03772,0.07216,0.30987,0.32303,1,1,25:11:2023,06:23:12,932,-10.882212,-61.9686,175.0,lev20,Almucantar,1.254605952451968,0.09276315470374233,0.8560370183924495,BCL,Maritime,,Unknown
13:06:2022,19:19:10,Ji_Parana_UNIR,164,164.804977,0.1044,0.0576,0.0423,0.0355,0.0928,0.0455,0.0297,0.0226,0.0116,0.0121,0.0126,0.013,1.329105,58.440243,57.847417,0.860854,0.027549,0.103466,4,10,7,5,4,10,7,5,4,10,7,5,4,10,7,5,0.0392,0.07413,0.32162,0.33198,1,1,25:11:2023,06:23:24,932,-10.882212,-61.9686,175.0,lev20,Almucantar,Ji_Parana_UNIR,164,164.804977,0.103466,0.057591,0.042788,0.035098,1.300149,58.440243,57.847417,0.860854,0.027549,0.103466,4,10,7,5,4,10,7,5,4,10,7,5,4,10,7,5,0.0392,0.07413,0.32162,0.33198,1,1,25:11:2023,06:23:24,932,-10.882212,-61.9686,175.0,lev20,Almucantar,Ji_Parana_UNIR,164,164.804977,1.4754,1.4846,1.4878,1.4841,0.010224,0.009004,0.009193,0.009292,58.440243,57.847417,0.860854,0.027549,0.103466,4,10,7,5,4,10,7,5,4,10,7,5,4,10,7,5,0.0392,0.07413,0.32162,0.33198,1,1,25:11:2023,06:23:24,932,-10.882212,-61.9686,175.0,lev20,Almucantar,Ji_Parana_UNIR,164,164.804977,0.9327,0.9209,0.9007,0.8859,58.440243,57.847417,0.860854,0.027549,0.103466,4,10,7,5,4,10,7,5,4,10,7,5,4,10,7,5,0.0392,0.07413,0.32162,0.33198,1,1,25:11:2023,06:23:24,932,-10.882212,-61.9686,175.0,lev20,Almucantar,Ji_Parana_UNIR,164,164.804977,0.055346,0.031912,0.023381,0.019242,1.305471,58.440243,57.847417,0.860854,0.027549,0.103466,4,10,7,5,4,10,7,5,4,10,7,5,4,10,7,5,0.0392,0.07413,0.32162,0.33198,1,1,25:11:2023,06:23:24,932,-10.882212,-61.9686,175.0,lev20,Almucantar,1.325242911296065,0.08813056481961384,0.8432066526152986,BCL,Maritime,,Unknown
13:06:2022,19:41:12,Ji_Parana_UNIR,164,164.820278,0.1031,0.057,0.042,0.0354,0.0907,0.0442,0.0286,0.0216,0.0124,0.0129,0.0134,0.0138,1.321509,62.882131,62.268923,0.693271,0.022159,0.102157,3,10,8,5,3,10,8,5,3,10,8,5,3,10,8,5,0.04068,0.07624,0.3343,0.3433,1,1,25:11:2023,06:28:20,932,-10.882212,-61.9686,175.0,lev20,Almucantar,Ji_Parana_UNIR,164,164.820278,0.102157,0.057041,0.042276,0.034877,1.298486,62.882131,62.268923,0.693271,0.022159,0.102157,3,10,8,5,3,10,8,5,3,10,8,5,3,10,8,5,0.04068,0.07624,0.3343,0.3433,1,1,25:11:2023,06:28:20,932,-10.882212,-61.9686,175.0,lev20,Almucantar,Ji_Parana_UNIR,164,164.820278,1.4754,1.4846,1.4878,1.4841,0.010224,0.009004,0.009193,0.009292,62.882131,62.268923,0.693271,0.022159,0.102157,3,10,8,5,3,10,8,5,3,10,8,5,3,10,8,5,0.04068,0.07624,0.3343,0.3433,1,1,25:11:2023,06:28:20,932,-10.882212,-61.9686,175.0,lev20,Almucantar,Ji_Parana_UNIR,164,164.820278,0.9327,0.9209,0.9007,0.8859,62.882131,62.268923,0.693271,0.022159,0.102157,3,10,8,5,3,10,8,5,3,10,8,5,3,10,8,5,0.04068,0.07624,0.3343,0.3433,1,1,25:11:2023,06:28:20,932,-10.882212,-61.9686,175.0,lev20,Almucantar,Ji_Parana_UNIR,164,164.820278,0.055346,0.031912,0.023381,0.019242,1.305471,62.882131,62.268923,0.693271,0.022159,0.102157,3,10,8,5,3,10,8,5,3,10,8,5,3,10,8,5,0.04068,0.07624,0.3343,0.3433,1,1,25:11:2023,06:28:20,932,-10.882212,-61.9686,175.0,lev20,Almucantar,1.3173029525330955,0.08712153634651762,0.831961564479615,BCL,Maritime,,Unknown
13:06:2022,20:31:52,Ji_Parana_UNIR,164,164.855463,0.1037,0.0571,0.0418,0.0351,0.0919,0.0448,0.029,0.0219,0.0118,0.0123,0.0128,0.0132,1.336358,73.549215,72.904099,1.023141,0.023217,0.102914,4,10,7,6,4,10,7,6,4,10,7,6,4,10,7,6,0.04626,0.08422,0.37972,0.38392,1,1,25:11:2023,06:33:16,932,-10.882212,-61.9686,175.0,lev20,Almucantar,Ji_Parana_UNIR,164,164.855463,0.102914,0.057213,0.042095,0.034578,1.31483,73.549215,72.904099,1.023141,0.023217,0.102914,4,10,7,6,4,10,7,6,4,10,7,6,4,10,7,6,0.04626,0.08422,0.37972,0.38392,1,1,25:11:2023,06:33:16,932,-10.882212,-61.9686,175.0,lev20,Almucantar,Ji_Parana_UNIR,164,164.855463,1.4754,1.4846,1.4878,1.4841,0.010224,0.009004,0.009193,0.009292,73.549215,72.904099,1.023141,0.023217,0.102914,4,10,7,6,4,10,7,6,4,10,7,6,4,10,7,6,0.04626,0.08422,0.37972,0.38392,1,1,25:11:2023,06:33:16,932,-10.882212,-61.9686,175.0,lev20,Almucantar,Ji_Parana_UNIR,164,164.855463,0.9327,0.9209,0.9007,0.8859,73.549215,72.904099,1.023141,0.023217,0.102914,4,10,7,6,4,10,7,6,4,10,7,6,4,10,7,6,0.04626,0.08422,0.37972,0.38392,1,1,25:11:2023,06:33:16,932,-10.882212,-61.9686,175.0,lev20,Almucantar,Ji_Parana_UNIR,164,164.855463,0.055346,0.031912,0.023381,0.019242,1.305471,73.549215,72.904099,1.023141,0.023217,0.102914,4,10,7,6,4,10,7,6,4,10,7,6,4,10,7,6,0.04626,0.08422,0.37972,0.38392,1,1,25:11:2023,06:33:16,932,-10.882212,-61.9686,175.0,lev20,Almucantar,1.3328166920047722,0.08745493777866106,0.8398494608433158,BCL,Maritime,,Unknown
13:06:2022,20:49:24,Ji_Parana_UNIR,164,164.867639,0.1072,0.059,0.0432,0.036,0.0944,0.0456,0.0292,0.0216,0.0128,0.0134,0.0139,0.0144,1.336798,77.343953,76.692035,1.849069,0.017906,0.106408,4,10,7,3,4,10,7,4,4,10,7,3,4,10,7,4,0.04923,0.08851,0.40362,0.40537,1,1,25:11:2023,06:35:36,932,-10.882212,-61.9686,175.0,lev20,Almucantar,Ji_Parana_UNIR,164,164.867639,0.106408,0.058922,0.043224,0.035544,1.324872,77.343953,76.692035,1.849069,0.017906,0.106408,4,10,7,3,4,10,7,4,4,10,7,3,4,10,7,4,0.04923,0.08851,0.40362,0.40537,1,1,25:11:2023,06:35:36,932,-10.882212,-61.9686,175.0,lev20,Almucantar,Ji_Parana_UNIR,164,164.867639,1.4754,1.4846,1.4878,1.4841,0.010224,0.009004,0.009193,0.009292,77.343953,76.692035,1.849069,0.017906,0.106408,4,10,7,3,4,10,7,4,4,10,7,3,4,10,7,4,0.04923,0.08851,0.40362,0.40537,1,1,25:11:2023,06:35:36,932,-10.882212,-61.9686,175.0,lev20,Almucantar,Ji_Parana_UNIR,164,164.867639,0.9327,0.9209,0.9007,0.8859,77.343953,76.692035,1.849069,0.017906,0.106408,4,10,7,3,4,10,7,4,4,10,7,3,4,10,7,4,0.04923,0.08851,0.40362,0.40537,1,1,25:11:2023,06:35:36,932,-10.882212,-61.9686,175.0,lev20,Almucantar,Ji_Parana_UNIR,164,164.867639,0.055346,0.031912,0.023381,0.019242,1.305471,77.343953,76.692035,1.849069,0.017906,0.106408,4,10,7,3,4,10,7,4,4,10,7,3,4,10,7,4,0.04923,0.08851,0.40362,0.40537,1,1,25:11:2023,06:35:36,932,-10.882212,-61.9686,175.0,lev20,Almucantar,1.3331833795561043,0.09040240964311737,0.8319522044105692,BCL,Maritime,,Unknown
14:06:2022,12:06:49,Ji_Parana_UNIR,165,165.504734,0.0784,0.0473,0.0339,0.028,0.072,0.0406,0.027,0.0211,0.0064,0.0067,0.0068,0.0069,1.222066,67.500009,68.131014,2.030641,0.077978,0.077781,4,9,7,6,4,10,6,4,4,10,7,4,4,9,7,4,0.04252,0.07913,0.35241,0.36294,1,1,27:11:2023,04:43:09,932,-10.882212,-61.9686,175.0,lev20,Almucantar,Ji_Parana_UNIR,165,165.504734,0.077781,0.046302,0.034612,0.028855,1.187701,67.500009,68.131014,2.030641,0.077978,0.077781,4,9,7,6,4,10,6,4,4,10,7,4,4,9,7,4,0.04252,0.07913,0.35241,0.36294,1,1,27:11:2023,04:43:09,932,-10.882212,-61.9686,175.0,lev20,Almucantar,Ji_Parana_UNIR,165,165.504734,1.4754,1.4846,1.4878,1.4841,0.010224,0.009004,0.009193,0.009292,67.500009,68.131014,2.030641,0.077978,0.077781,4,9,7,6,4,10,6,4,4,10,7,4,4,9,7,4,0.04252,0.07913,0.35241,0.36294,1,1,27:11:2023,04:43:09,932,-10.882212,-61.9686,175.0,lev20,Almucantar,Ji_Parana_UNIR,165,165.504734,0.9327,0.9209,0.9007,0.8859,67.500009,68.131014,2.030641,0.077978,0.077781,4,9,7,6,4,10,6,4,4,10,7,4,4,9,7,4,0.04252,0.07913,0.35241,0.36294,1,1,27:11:2023,04:43:09,932,-10.882212,-61.9686,175.0,lev20,Almucantar,Ji_Parana_UNIR,165,165.504734,0.055346,0.031912,0.023381,0.019242,1.305471,67.500009,68.131014,2.030641,0.077978,0.077781,4,9,7,6,4,10,6,4,4,10,7,4,4,9,7,4,0.04252,0.07913,0.35241,0.36294,1,1,27:11:2023,04:43:09,932,-10.882212,-61.9686,175.0,lev20,Almucantar,1.2298462367413145,0.06699436668146488,0.8905931445289975,BCL,Maritime,,Unknown
14:06:2022,19:19:21,Ji_Parana_UNIR,165,165.805104,0.0877,0.0499,0.0372,0.0313,0.0789,0.0408,0.0278,0.0216,0.0087,0.0091,0.0095,0.0097,1.261527,58.459178,57.866766,1.311479,0.040056,0.087002,4,10,7,5,4,10,7,5,4,10,7,5,4,10,7,5,0.0392,0.07414,0.32166,0.33202,1,1,27:11:2023,04:52:34,932,-10.882212,-61.9686,175.0,lev20,Almucantar,Ji_Parana_UNIR,165,165.805104,0.087002,0.050185,0.037964,0.031254,1.221089,58.459178,57.866766,1.311479,0.040056,0.087002,4,10,7,5,4,10,7,5,4,10,7,5,4,10,7,5,0.0392,0.07414,0.32166,0.33202,1,1,27:11:2023,04:52:34,932,-10.882212,-61.9686,175.0,lev20,Almucantar,Ji_Parana_UNIR,165,165.805104,1.4754,1.4846,1.4878,1.4841,0.010224,0.009004,0.009193,0.009292,58.459178,57.866766,1.311479,0.040056,0.087002,4,10,7,5,4,10,7,5,4,10,7,5,4,10,7,5,0.0392,0.07414,0.32166,0.33202,1,1,27:11:2023,04:52:34,932,-10.882212,-61.9686,175.0,lev20,Almucantar,Ji_Parana_UNIR,165,165.805104,0.9327,0.9209,0.9007,0.8859,58.459178,57.866766,1.311479,0.040056,0.087002,4,10,7,5,4,10,7,5,4,10,7,5,4,10,7,5,0.0392,0.07414,0.32166,0.33202,1,1,27:11:2023,04:52:34,932,-10.882212,-61.9686,175.0,lev20,Almucantar,Ji_Parana_UNIR,165,165.805104,0.055346,0.031912,0.023381,0.019242,1.305471,58.459178,57.866766,1.311479,0.040056,0.087002,4,10,7,5,4,10,7,5,4,10,7,5,4,10,7,5,0.0392,0.07414,0.32166,0.33202,1,1,27:11:2023,04:52:34,932,-10.882212,-61.9686,175.0,lev20,Almucantar,1.2580165527281355,0.07467201589171144,0.8623128014717453,BCL,Maritime,,Unknown
14:06:2022,19:41:12,Ji_Parana_UNIR,165,165.820278,0.0873,0.0496,0.0367,0.0306,0.0793,0.0412,0.028,0.0216,0.008,0.0084,0.0087,0.009,1.273627,62.860661,62.247981,0.6643,0.032532,0.087,3,10,8,5,3,10,8,5,3,10,8,5,3,10,8,5,0.04071,0.07626,0.33426,0.34327,1,1,27:11:2023,04:57:17,932,-10.882212,-61.9686,175.0,lev20,Almucantar,Ji_Parana_UNIR,165,165.820278,0.087,0.049696,0.037276,0.030678,1.247388,62.860661,62.247981,0.6643,0.032532,0.087,3,10,8,5,3,10,8,5,3,10,8,5,3,10,8,5,0.04071,0.07626,0.33426,0.34327,1,1,27:11:2023,04:57:17,932,-10.882212,-61.9686,175.0,lev20,Almucantar,Ji_Parana_UNIR,165,165.820278,1.4754,1.4846,1.4878,1.4841,0.010224,0.009004,0.009193,0.009292,62.860661,62.247981,0.6643,0.032532,0.087,3,10,8,5,3,10,8,5,3,10,8,5,3,10,8,5,0.04071,0.07626,0.33426,0.34327,1,1,27:11:2023,04:57:17,932,-10.882212,-61.9686,175.0,lev20,Almucantar,Ji_Parana_UNIR,165,165.820278,0.9327,0.9209,0.9007,0.8859,62.860661,62.247981,0.6643,0.032532,0.087,3,10,8,5,3,10,8,5,3,10,8,5,3,10,8,5,0.04071,0.07626,0.33426,0.34327,1,1,27:11:2023,04:57:17,932,-10.882212,-61.9686,175.0,lev20,Almucantar,Ji_Parana_UNIR,165,165.820278,0.055346,0.031912,0.023381,0.019242,1.305471,62.860661,62.247981,0.6643,0.032532,0.087,3,10,8,5,3,10,8,5,3,10,8,5,3,10,8,5,0.04071,0.07626,0.33426,0.34327,1,1,27:11:2023,04:57:17,932,-10.882212,-61.9686,175.0,lev20,Almucantar,1.2711606435612617,0.07420664578873341,0.87343401436743,BCL,Maritime,,Unknown
14:06:2022,20:31:56,Ji_Parana_UNIR,165,165.855509,0.0848,0.0489,0.0364,0.0303,0.0761,0.0398,0.027,0.0206,0.0087,0.009,0.0094,0.0097,1.242685,73.534409,72.889659,1.395767,0.032779,0.08494,4,10,7,6,4,10,6,4,4,10,6,4,4,10,7,4,0.04668,0.08463,0.38,0.38425,1,1,27:11:2023,05:03:04,932,-10.882212,-61.9686,175.0,lev20,Almucantar,Ji_Parana_UNIR,165,165.855509,0.08494,0.049002,0.036787,0.030507,1.23087,73.534409,72.889659,1.395767,0.032779,0.08494,4,10,7,6,4,10,6,4,4,10,6,4,4,10,7,4,0.04668,0.08463,0.38,0.38425,1,1,27:11:2023,05:03:04,932,-10.882212,-61.9686,175.0,lev20,Almucantar,Ji_Parana_UNIR,165,165.855509,1.4754,1.4846,1.4878,1.4841,0.010224,0.009004,0.009193,0.009292,73.534409,72.889659,1.395767,0.032779,0.08494,4,10,7,6,4,10,6,4,4,10,6,4,4,10,7,4,0.04668,0.08463,0.38,0.38425,1,1,27:11:2023,05:03:04,932,-10.882212,-61.9686,175.0,lev20,Almucantar,Ji_Parana_UNIR,165,165.855509,0.9327,0.9209,0.9007,0.8859,73.534409,72.889659,1.395767,0.032779,0.08494,4,10,7,6,4,10,6,4,4,10,6,4,4,10,7,4,0.04668,0.08463,0.38,0.38425,1,1,27:11:2023,05:03:04,932,-10.882212,-61.9686,175.0,lev20,Almucantar,Ji_Parana_UNIR,165,165.855509,0.055346,0.031912,0.023381,0.019242,1.305471,73.534409,72.889659,1.395767,0.032779,0.08494,4,10,7,6,4,10,6,4,4,10,6,4,4,10,7,4,0.04668,0.08463,0.38,0.38425,1,1,27:11:2023,05:03:04,932,-10.882212,-61.9686,175.0,lev20,Almucantar,1.2405806606260288,0.07236392735823519,0.8600954199041644,BCL,Maritime,,Unknown
03:08:2022,11:33:03,Ji_Parana_UNIR,215,215.481285,0.5095,0.2497,0.1554,0.1174,0.4792,0.2184,0.1231,0.0843,0.0303,0.0313,0.0323,0.0331,1.730187,74.194278,74.876384,3.309171,0.026732,0.507627,4,10,7,6,4,10,7,6,4,10,6,6,4,10,6,4,0.06327,0.11269,0.36347,0.38874,1,1,12:08:2023,22:43:28,932,-10.882212,-61.9686,175.0,lev20,Almucantar,Ji_Parana_UNIR,215,215.481285,0.507627,0.248568,0.155213,0.117217,1.727147,74.194278,74.876384,3.309171,0.026732,0.507627,4,10,7,6,4,10,7,6,4,10,6,6,4,10,6,4,0.06327,0.11269,0.36347,0.38874,1,1,12:08:2023,22:43:28,932,-10.882212,-61.9686,175.0,lev20,Almucantar,Ji_Parana_UNIR,215,215.481285,1.4563,1.4792,1.4839,1.4816,0.005797,0.004831,0.004799,0.004803,74.194278,74.876384,3.309171,0.026732,0.507627,4,10,7,6,4,10,7,6,4,10,6,6,4,10,6,4,0.06327,0.11269,0.36347,0.38874,1,1,12:08:2023,22:43:28,932,-10.882212,-61.9686,175.0,lev20,Almucantar,Ji_Parana_UNIR,215,215.481285,0.9522,0.9478,0.9363,0.9284,74.194278,74.876384,3.309171,0.026732,0.507627,4,10,7,6,4,10,7,6,4,10,6,6,4,10,6,4,0.06327,0.11269,0.36347,0.38874,1,1,12:08:2023,22:43:28,932,-10.882212,-61.9686,175.0,lev20,Almucantar,Ji_Parana_UNIR,215,215.481285,0.024363,0.013042,0.009899,0.008398,1.332759,74.194278,74.876384,3.309171,0.026732,0.507627,4,10,7,6,4,10,7,6,4,10,6,6,4,10,6,4,0.06327,0.11269,0.36347,0.38874,1,1,12:08:2023,22:43:28,932,-10.882212,-61.9686,175.0,lev20,Almucantar,1.741814900601543,0.40779629851096094,0.9146206608169796,FNA,Unclassified,,Unknown
03:08:2022,12:04:05,Ji_Parana_UNIR,215,215.502836,0.4844,0.2378,0.1494,0.1144,0.4516,0.2038,0.1145,0.0788,0.0329,0.034,0.0349,0.0357,1.71517,67.197041,67.867989,3.184618,0.054949,0.482186,4,10,7,6,4,10,6,5,4,10,5,4,4,8,7,4,0.05685,0.10389,0.32896,0.35413,1,1,12:08:2023,22:47:30,932,-10.882212,-61.9686,175.0,lev20,Almucantar,Ji_Parana_UNIR,215,215.502836,0.482186,0.236644,0.148853,0.113204,1.714045,67.197041,67.867989,3.184618,0.054949,0.482186,4,10,7,6,4,10,6,5,4,10,5,4,4,8,7,4,0.05685,0.10389,0.32896,0.35413,1,1,12:08:2023,22:47:30,932,-10.882212,-61.9686,175.0,lev20,Almucantar,Ji_Parana_UNIR,215,215.502836,1.5216,1.5202,1.5134,1.5054,0.004818,0.004048,0.003925,0.003928,67.197041,67.867989,3.184618,0.054949,0.482186,4,10,7,6,4,10,6,5,4,10,5,4,4,8,7,4,0.05685,0.10389,0.32896,0.35413,1,1,12:08:2023,22:47:30,932,-10.882212,-61.9686,175.0,lev20,Almucantar,Ji_Parana_UNIR,215,215.502836,0.9616,0.9561,0.9476,0.9417,67.197041,67.867989,3.184618,0.054949,0.482186,4,10,7,6,4,10,6,5,4,10,5,4,4,8,7,4,0.05685,0.10389,0.32896,0.35413,1,1,12:08:2023,22:47:30,932,-10.882212,-61.9686,175.0,lev20,Almucantar,Ji_Parana_UNIR,215,215.502836,0.018587,0.010427,0.00783,0.006671,1.274008,67.197041,67.867989,3.184618,0.054949,0.482186,4,10,7,6,4,10,6,5,4,10,5,4,4,8,7,4,0.05685,0.10389,0.32896,0.35413,1,1,12:08:2023,22:47:30,932,-10.882212,-61.9686,175.0,lev20,Almucantar,1.7254684526196868,0.3885176352462167,0.9017313291908204,FNA,Urban,,Unknown
03:08:2022,12:52:24,Ji_Parana_UNIR,215,215.536389,0.5043,0.2503,0.1582,0.1208,0.4636,0.2081,0.1144,0.0758,0.0407,0.0422,0.0439,0.045,1.69025,56.614766,57.257036,4.268551,0.09541,0.501685,4,10,8,4,4,10,7,4,4,10,6,4,4,10,4,4,0.05114,0.09604,0.29608,0.32139,1,1,12:08:2023,22:37:26,932,-10.882212,-61.9686,175.0,lev20,Almucantar,Ji_Parana_UNIR,215,215.536389,0.501685,0.247859,0.157155,0.119861,1.693243,56.614766,57.257036,4.268551,0.09541,0.501685,4,10,8,4,4,10,7,4,4,10,6,4,4,10,4,4,0.05114,0.09604,0.29608,0.32139,1,1,12:08:2023,22:37:26,932,-10.882212,-61.9686,175.0,lev20,Almucantar,Ji_Parana_UNIR,215,215.536389,1.574,1.5733,1.5766,1.5715,0.003641,0.003338,0.003314,0.003322,56.614766,57.257036,4.268551,0.09541,0.501685,4,10,8,4,4,10,7,4,4,10,6,4,4,10,4,4,0.05114,0.09604,0.29608,0.32139,1,1,12:08:2023,22:37:26,932,-10.882212,-61.9686,175.0,lev20,Almucantar,Ji_Parana_UNIR,215,215.536389,0.9697,0.9635,0.9556,0.9503,56.614766,57.257036,4.268551,0.09541,0.501685,4,10,8,4,4,10,7,4,4,10,6,4,4,10,4,4,0.05114,0.09604,0.29608,0.32139,1,1,12:08:2023,22:37:26,932,-10.882212,-61.9686,175.0,lev20,Almucantar,Ji_Parana_UNIR,215,215.536389,0.015281,0.00914,0.007022,0.00601,1.144427,56.614766,57.257036,4.268551,0.09541,0.501685,4,10,8,4,4,10,7,4,4,10,6,4,4,10,4,4,0.05114,0.09604,0.29608,0.32139,1,1,12:08:2023,22:37:26,932,-10.882212,-61.9686,175.0,lev20,Almucantar,1.7005718631753524,0.40576797022285943,0.8851511562733869,FNA,Unclassified,,Unknown
03:08:2022,13:19:59,Ji_Parana_UNIR,215,215.555544,0.5377,0.267,0.169,0.1292,0.4966,0.2239,0.124,0.0829,0.0411,0.043,0.045,0.0463,1.687636,50.832383,51.44929,1.640612,0.057858,0.536218,3,10,8,4,3,10,8,4,3,10,8,4,3,10,8,4,0.04923,0.09343,0.28416,0.30959,1,1,12:08:2023,22:42:39,932,-10.882212,-61.9686,175.0,lev20,Almucantar,Ji_Parana_UNIR,215,215.555544,0.536218,0.264871,0.168379,0.129034,1.690122,50.832383,51.44929,1.640612,0.057858,0.536218,3,10,8,4,3,10,8,4,3,10,8,4,3,10,8,4,0.04923,0.09343,0.28416,0.30959,1,1,12:08:2023,22:42:39,932,-10.882212,-61.9686,175.0,lev20,Almucantar,Ji_Parana_UNIR,215,215.555544,1.5087,1.523,1.5255,1.5199,0.009682,0.00642,0.00675,0.00698,50.832383,51.44929,1.640612,0.057858,0.536218,3,10,8,4,3,10,8,4,3,10,8,4,3,10,8,4,0.04923,0.09343,0.28416,0.30959,1,1,12:08:2023,22:42:39,932,-10.882212,-61.9686,175.0,lev20,Almucantar,Ji_Parana_UNIR,215,215.555544,0.9304,0.935,0.9177,0.9058,50.832383,51.44929,1.640612,0.057858,0.536218,3,10,8,4,3,10,8,4,3,10,8,4,3,10,8,4,0.04923,0.09343,0.28416,0.30959,1,1,12:08:2023,22:42:39,932,-10.882212,-61.9686,175.0,lev20,Almucantar,Ji_Parana_UNIR,215,215.555544,0.037419,0.017365,0.013901,0.012173,1.485038,50.832383,51.44929,1.640612,0.057858,0.536218,3,10,8,4,3,10,8,4,3,10,8,4,3,10,8,4,0.04923,0.09343,0.28416,0.30959,1,1,12:08:2023,22:42:39,932,-10.882212,-61.9686,175.0,lev20,Almucantar,1.6977712865453876,0.43279706937898565,0.8903071195744843,BCL,Unclassified,,Unknown
03:08:2022,19:25:27,Ji_Parana_UNIR,215,215.80934,0.4341,0.216,0.1342,0.1018,0.4072,0.1883,0.1056,0.0725,0.0269,0.0278,0.0286,0.0293,1.708814,55.670506,55.034146,2.613987,0.070162,0.433831,4,10,7,4,4,10,5,4,4,10,4,4,4,7,7,4,0.051,0.09562,0.29312,0.31649,1,1,12:08:2023,22:37:35,932,-10.882212,-61.9686,175.0,lev20,Almucantar,Ji_Parana_UNIR,215,215.80934,0.433831,0.21386,0.134574,0.101131,1.706632,55.670506,55.034146,2.613987,0.070162,0.433831,4,10,7,4,4,10,5,4,4,10,4,4,4,7,7,4,0.051,0.09562,0.29312,0.31649,1,1,12:08:2023,22:37:35,932,-10.882212,-61.9686,175.0,lev20,Almucantar,Ji_Parana_UNIR,215,215.80934,1.4648,1.4997,1.504,1.5012,0.00351,0.003165,0.003249,0.003259,55.670506,55.034146,2.613987,0.070162,0.433831,4,10,7,4,4,10,5,4,4,10,4,4,4,7,7,4,0.051,0.09562,0.29312,0.31649,1,1,12:08:2023,22:37:35,932,-10.882212,-61.9686,175.0,lev20,Almucantar,Ji_Parana_UNIR,215,215.80934,0.9682,0.9633,0.9538,0.9482,55.670506,55.034146,2.613987,0.070162,0.433831,4,10,7,4,4,10,5,4,4,10,4,4,4,7,7,4,0.051,0.09562,0.29312,0.31649,1,1,12:08:2023,22:37:35,932,-10.882212,-61.9686,175.0,lev20,Almucantar,Ji_Parana_UNIR,215,215.80934,0.013818,0.007934,0.006205,0.005273,1.184592,55.670506,55.034146,2.613987,0.070162,0.433831,4,10,7,4,4,10,5,4,4,10,4,4,4,7,7,4,0.051,0.09562,0.29312,0.31649,1,1,12:08:2023,22:37:35,932,-10.882212,-61.9686,175.0,lev20,Almucantar,1.722035890257587,0.3483268519072628,0.9119414786235213,FNA,Urban,,Unknown
03:08:2022,20:03:16,Ji_Parana_UNIR,215,215.835602,0.446,0.2173,0.1347,0.101,0.4226,0.1927,0.1092,0.0748,0.0234,0.0246,0.0256,0.0261,1.744517,63.880545,63.218242,2.907388,0.050222,0.444788,3,10,7,5,3,10,6,5,3,10,6,5,3,10,6,5,0.05501,0.10096,0.31546,0.33756,1,1,12:08:2023,22:47:51,932,-10.882212,-61.9686,175.0,lev20,Almucantar,Ji_Parana_UNIR,215,215.835602,0.444788,0.216901,0.135069,0.100966,1.737151,63.880545,63.218242,2.907388,0.050222,0.444788,3,10,7,5,3,10,6,5,3,10,6,5,3,10,6,5,0.05501,0.10096,0.31546,0.33756,1,1,12:08:2023,22:47:51,932,-10.882212,-61.9686,175.0,lev20,Almucantar,Ji_Parana_UNIR,215,215.835602,1.33,1.3778,1.3987,1.4063,0.003209,0.002883,0.002951,0.00298,63.880545,63.218242,2.907388,0.050222,0.444788,3,10,7,5,3,10,6,5,3,10,6,5,3,10,6,5,0.05501,0.10096,0.31546,0.33756,1,1,12:08:2023,22:47:51,932,-10.882212,-61.9686,175.0,lev20,Almucantar,Ji_Parana_UNIR,215,215.835602,0.9601,0.9541,0.9433,0.936,63.880545,63.218242,2.907388,0.050222,0.444788,3,10,7,5,3,10,6,5,3,10,6,5,3,10,6,5,0.05501,0.10096,0.31546,0.33756,1,1,12:08:2023,22:47:51,932,-10.882212,-61.9686,175.0,lev20,Almucantar,Ji_Parana_UNIR,215,215.835602,0.017811,0.009965,0.007645,0.006465,1.250148,63.880545,63.218242,2.907388,0.050222,0.444788,3,10,7,5,3,10,6,5,3,10,6,5,3,10,6,5,0.05501,0.10096,0.31546,0.33756,1,1,12:08:2023,22:47:51,932,-10.882212,-61.9686,175.0,lev20,Almucantar,1.7562511438527733,0.356313673086536,0.9238451923599428,FNA,Urban,,Unknown
03:08:2022,20:47:22,Ji_Parana_UNIR,215,215.866227,0.4669,0.2253,0.1392,0.1046,0.4374,0.1937,0.1061,0.0706,0.0295,0.0316,0.0332,0.034,1.76382,73.775351,73.094414,5.003206,0.036933,0.466364,4,10,7,6,4,10,7,3,4,10,7,3,4,10,7,3,0.06337,0.11212,0.3587,0.3785,1,1,12:08:2023,22:51:40,932,-10.882212,-61.9686,175.0,lev20,Almucantar,Ji_Parana_UNIR,215,215.866227,0.466364,0.22467,0.138924,0.103612,1.765323,73.775351,73.094414,5.003206,0.036933,0.466364,4,10,7,6,4,10,7,3,4,10,7,3,4,10,7,3,0.06337,0.11212,0.3587,0.3785,1,1,12:08:2023,22:51:40,932,-10.882212,-61.9686,175.0,lev20,Almucantar,Ji_Parana_UNIR,215,215.866227,1.3903,1.4346,1.4527,1.4577,0.004139,0.003827,0.003785,0.003781,73.775351,73.094414,5.003206,0.036933,0.466364,4,10,7,6,4,10,7,3,4,10,7,3,4,10,7,3,0.06337,0.11212,0.3587,0.3785,1,1,12:08:2023,22:51:40,932,-10.882212,-61.9686,175.0,lev20,Almucantar,Ji_Parana_UNIR,215,215.866227,0.9605,0.9514,0.9411,0.9342,73.775351,73.094414,5.003206,0.036933,0.466364,4,10,7,6,4,10,7,3,4,10,7,3,4,10,7,3,0.06337,0.11212,0.3587,0.3785,1,1,12:08:2023,22:51:40,932,-10.882212,-61.9686,175.0,lev20,Almucantar,Ji_Parana_UNIR,215,215.866227,0.018458,0.010956,0.008195,0.006885,1.191397,73.775351,73.094414,5.003206,0.036933,0.466364,4,10,7,6,4,10,7,3,4,10,7,3,4,10,7,3,0.06337,0.11212,0.3587,0.3785,1,1,12:08:2023,22:51:40,932,-10.882212,-61.9686,175.0,lev20,Almucantar,1.7752244968752147,0.3721072686730688,0.9070047554642711,FNA,Urban,,Unknown
05:08:2022,13:19:04,Ji_Parana_UNIR,217,217.554907,0.8,0.3838,0.2361,0.1781,0.7544,0.3354,0.1849,0.1251,0.0456,0.0483,0.0512,0.053,1.778543,50.711459,51.33329,1.568331,0.049914,0.797771,3,10,8,4,3,10,8,4,3,10,8,4,3,10,6,4,0.05151,0.09906,0.28615,0.31279,1,1,12:08:2023,22:40:41,932,-10.882212,-61.9686,175.0,lev20,Almucantar,Ji_Parana_UNIR,217,217.554907,0.797771,0.382486,0.235771,0.176652,1.776873,50.711459,51.33329,1.568331,0.049914,0.797771,3,10,8,4,3,10,8,4,3,10,8,4,3,10,6,4,0.05151,0.09906,0.28615,0.31279,1,1,12:08:2023,22:40:41,932,-10.882212,-61.9686,175.0,lev20,Almucantar,Ji_Parana_UNIR,217,217.554907,1.4681,1.4761,1.4817,1.4841,0.005944,0.004759,0.00453,0.004426,50.711459,51.33329,1.568331,0.049914,0.797771,3,10,8,4,3,10,8,4,3,10,8,4,3,10,6,4,0.05151,0.09906,0.28615,0.31279,1,1,12:08:2023,22:40:41,932,-10.882212,-61.9686,175.0,lev20,Almucantar,Ji_Parana_UNIR,217,217.554907,0.957,0.9545,0.9466,0.9417,50.711459,51.33329,1.568331,0.049914,0.797771,3,10,8,4,3,10,8,4,3,10,8,4,3,10,6,4,0.05151,0.09906,0.28615,0.31279,1,1,12:08:2023,22:40:41,932,-10.882212,-61.9686,175.0,lev20,Almucantar,Ji_Parana_UNIR,217,217.554907,0.034422,0.01745,0.0126,0.010381,1.482853,50.711459,51.33329,1.568331,0.049914,0.797771,3,10,8,4,3,10,8,4,3,10,8,4,3,10,6,4,0.05151,0.09906,0.28615,0.31279,1,1,12:08:2023,22:40:41,932,-10.882212,-61.9686,175.0,lev20,Almucantar,1.790117637852337,0.6363666905237021,0.9163542382226324,FNA,Arid,,Unknown
07:08:2022,12:49:34,Ji_Parana_UNIR,219,219.534421,0.4666,0.2131,0.1281,0.0936,0.4504,0.1964,0.1105,0.0754,0.0162,0.0167,0.0175,0.0182,1.885311,56.661491,57.312781,1.572502,0.046459,0.465492,4,10,8,4,4,10,8,4,4,10,8,4,4,10,7,5,0.05339,0.10225,0.29877,0.32546,1,1,12:08:2023,22:53:16,932,-10.882212,-61.9686,175.0,lev20,Almucantar,Ji_Parana_UNIR,219,219.534421,0.465492,0.212632,0.128084,0.09405,1.882314,56.661491,57.312781,1.572502,0.046459,0.465492,4,10,8,4,4,10,8,4,4,10,8,4,4,10,7,5,0.05339,0.10225,0.29877,0.32546,1,1,12:08:2023,22:53:16,932,-10.882212,-61.9686,175.0,lev20,Almucantar,Ji_Parana_UNIR,219,219.534421,1.4657,1.4656,1.4648,1.4585,0.008338,0.00738,0.007717,0.007877,56.661491,57.312781,1.572502,0.046459,0.465492,4,10,8,4,4,10,8,4,4,10,8,4,4,10,7,5,0.05339,0.10225,0.29877,0.32546,1,1,12:08:2023,22:53:16,932,-10.882212,-61.9686,175.0,lev20,Almucantar,Ji_Parana_UNIR,219,219.534421,0.9467,0.9366,0.9189,0.906,56.661491,57.312781,1.572502,0.046459,0.465492,4,10,8,4,4,10,8,4,4,10,8,4,4,10,7,5,0.05339,0.10225,0.29877,0.32546,1,1,12:08:2023,22:53:16,932,-10.882212,-61.9686,175.0,lev20,Almucantar,Ji_Parana_UNIR,219,219.534421,0.024854,0.01351,0.010389,0.008798,1.291884,56.661491,57.312781,1.572502,0.046459,0.465492,4,10,8,4,4,10,8,4,4,10,8,4,4,10,7,5,0.05339,0.10225,0.29877,0.32546,1,1,12:08:2023,22:53:16,932,-10.882212,-61.9686,175.0,lev20,Almucantar,1.896180285011079,0.3661625061608187,0.9489665931554191,BCL,Urban,,Unknown
07:08:2022,13:17:47,Ji_Parana_UNIR,219,219.554016,0.4938,0.2259,0.1348,0.0987,0.4743,0.2057,0.1137,0.0769,0.0195,0.0202,0.021,0.0218,1.892344,50.65493,51.282076,1.263332,0.049436,0.49266,3,10,8,4,3,10,8,4,3,10,8,4,3,10,8,4,0.05148,0.09901,0.28603,0.31269,1,1,12:08:2023,22:57:45,932,-10.882212,-61.9686,175.0,lev20,Almucantar,Ji_Parana_UNIR,219,219.554016,0.49266,0.224184,0.134648,0.098679,1.89209,50.65493,51.282076,1.263332,0.049436,0.49266,3,10,8,4,3,10,8,4,3,10,8,4,3,10,8,4,0.05148,0.09901,0.28603,0.31269,1,1,12:08:2023,22:57:45,932,-10.882212,-61.9686,175.0,lev20,Almucantar,Ji_Parana_UNIR,219,219.554016,1.4713,1.4732,1.4724,1.4668,0.008448,0.006647,0.006729,0.006783,50.65493,51.282076,1.263332,0.049436,0.49266,3,10,8,4,3,10,8,4,3,10,8,4,3,10,8,4,0.05148,0.09901,0.28603,0.31269,1,1,12:08:2023,22:57:45,932,-10.882212,-61.9686,175.0,lev20,Almucantar,Ji_Parana_UNIR,219,219.554016,0.9458,0.941,0.9259,0.9153,50.65493,51.282076,1.263332,0.049436,0.49266,3,10,8,4,3,10,8,4,3,10,8,4,3,10,8,4,0.05148,0.09901,0.28603,0.31269,1,1,12:08:2023,22:57:45,932,-10.882212,-61.9686,175.0,lev20,Almucantar,Ji_Parana_UNIR,219,219.554016,0.026781,0.013331,0.009981,0.008363,1.463674,50.65493,51.282076,1.263332,0.049436,0.49266,3,10,8,4,3,10,8,4,3,10,8,4,3,10,8,4,0.05148,0.09901,0.28603,0.31269,1,1,12:08:2023,22:57:45,932,-10.882212,-61.9686,175.0,lev20,Almucantar,1.9045081034219695,0.38709528801488946,0.9418565098304297,BCL,Urban,,Unknown
10:08:2022,12:47:33,Ji_Parana_UNIR,222,222.533021,0.1965,0.1069,0.0768,0.0634,0.18,0.0899,0.0595,0.0459,0.0165,0.017,0.0174,0.0175,1.379736,56.646705,57.304622,1.936456,0.041614,0.195459,4,10,8,4,4,9,8,4,4,8,8,4,4,7,7,5,0.05341,0.10227,0.29874,0.32545,1,1,12:08:2023,22:53:35,932,-10.882212,-61.9686,175.0,lev20,Almucantar,Ji_Parana_UNIR,222,222.533021,0.195459,0.106212,0.076658,0.06438,1.375485,56.646705,57.304622,1.936456,0.041614,0.195459,4,10,8,4,4,9,8,4,4,8,8,4,4,7,7,5,0.05341,0.10227,0.29874,0.32545,1,1,12:08:2023,22:53:35,932,-10.882212,-61.9686,175.0,lev20,Almucantar,Ji_Parana_UNIR,222,222.533021,1.4754,1.4846,1.4878,1.4841,0.010224,0.009004,0.009193,0.009292,56.646705,57.304622,1.936456,0.041614,0.195459,4,10,8,4,4,9,8,4,4,8,8,4,4,7,7,5,0.05341,0.10227,0.29874,0.32545,1,1,12:08:2023,22:53:35,932,-10.882212,-61.9686,175.0,lev20,Almucantar,Ji_Parana_UNIR,222,222.533021,0.9327,0.9209,0.9007,0.8859,56.646705,57.304622,1.936456,0.041614,0.195459,4,10,8,4,4,9,8,4,4,8,8,4,4,7,7,5,0.05341,0.10227,0.29874,0.32545,1,1,12:08:2023,22:53:35,932,-10.882212,-61.9686,175.0,lev20,Almucantar,Ji_Parana_UNIR,222,222.533021,0.055346,0.031912,0.023381,0.019242,1.305471,56.646705,57.304622,1.936456,0.041614,0.195459,4,10,8,4,4,9,8,4,4,8,8,4,4,7,7,5,0.05341,0.10227,0.29874,0.32545,1,1,12:08:2023,22:53:35,932,-10.882212,-61.9686,175.0,lev20,Almucantar,1.3780729321415663,0.16476145856730165,0.8814008196977978,BCL,Maritime,,Unknown
10:08:2022,19:24:47,Ji_Parana_UNIR,222,222.808877,0.2871,0.1547,0.1069,0.0865,0.2567,0.1231,0.0741,0.053,0.0303,0.0316,0.0328,0.0335,1.445607,54.843838,54.193952,2.003539,0.053383,0.28527,4,10,8,4,4,9,8,4,4,10,5,4,4,7,5,4,0.05299,0.10127,0.29378,0.31843,1,1,12:08:2023,22:49:31,932,-10.882212,-61.9686,175.0,lev20,Almucantar,Ji_Parana_UNIR,222,222.808877,0.28527,0.154365,0.107201,0.085721,1.432518,54.843838,54.193952,2.003539,0.053383,0.28527,4,10,8,4,4,9,8,4,4,10,5,4,4,7,5,4,0.05299,0.10127,0.29378,0.31843,1,1,12:08:2023,22:49:31,932,-10.882212,-61.9686,175.0,lev20,Almucantar,Ji_Parana_UNIR,222,222.808877,1.4754,1.4846,1.4878,1.4841,0.010224,0.009004,0.009193,0.009292,54.843838,54.193952,2.003539,0.053383,0.28527,4,10,8,4,4,9,8,4,4,10,5,4,4,7,5,4,0.05299,0.10127,0.29378,0.31843,1,1,12:08:2023,22:49:31,932,-10.882212,-61.9686,175.0,lev20,Almucantar,Ji_Parana_UNIR,222,222.808877,0.9327,0.9209,0.9007,0.8859,54.843838,54.193952,2.003539,0.053383,0.28527,4,10,8,4,4,9,8,4,4,10,5,4,4,7,5,4,0.05299,0.10127,0.29378,0.31843,1,1,12:08:2023,22:49:31,932,-10.882212,-61.9686,175.0,lev20,Almucantar,Ji_Parana_UNIR,222,222.808877,0.055346,0.031912,0.023381,0.019242,1.305471,54.843838,54.193952,2.003539,0.053383,0.28527,4,10,8,4,4,9,8,4,4,10,5,4,4,7,5,4,0.05299,0.10127,0.29378,0.31843,1,1,12:08:2023,22:49:31,932,-10.882212,-61.9686,175.0,lev20,Almucantar,1.4491858314185753,0.2385493665051496,0.8512882967901907,BCL,Urban,,Unknown
10:08:2022,19:43:40,Ji_Parana_UNIR,222,222.821991,0.2874,0.1534,0.106,0.0859,0.2559,0.1206,0.072,0.0513,0.0314,0.0328,0.034,0.0346,1.46037,58.983702,58.320746,1.902268,0.026035,0.285497,3,11,7,5,3,11,7,5,4,10,7,5,4,10,7,5,0.05461,0.10393,0.30377,0.32799,1,1,12:08:2023,22:53:10,932,-10.882212,-61.9686,175.0,lev20,Almucantar,Ji_Parana_UNIR,222,222.821991,0.285497,0.152865,0.105973,0.08571,1.451221,58.983702,58.320746,1.902268,0.026035,0.285497,3,11,7,5,3,11,7,5,4,10,7,5,4,10,7,5,0.05461,0.10393,0.30377,0.32799,1,1,12:08:2023,22:53:10,932,-10.882212,-61.9686,175.0,lev20,Almucantar,Ji_Parana_UNIR,222,222.821991,1.4754,1.4846,1.4878,1.4841,0.010224,0.009004,0.009193,0.009292,58.983702,58.320746,1.902268,0.026035,0.285497,3,11,7,5,3,11,7,5,4,10,7,5,4,10,7,5,0.05461,0.10393,0.30377,0.32799,1,1,12:08:2023,22:53:10,932,-10.882212,-61.9686,175.0,lev20,Almucantar,Ji_Parana_UNIR,222,222.821991,0.9327,0.9209,0.9007,0.8859,58.983702,58.320746,1.902268,0.026035,0.285497,3,11,7,5,3,11,7,5,4,10,7,5,4,10,7,5,0.05461,0.10393,0.30377,0.32799,1,1,12:08:2023,22:53:10,932,-10.882212,-61.9686,175.0,lev20,Almucantar,Ji_Parana_UNIR,222,222.821991,0.055346,0.031912,0.023381,0.019242,1.305471,58.983702,58.320746,1.902268,0.026035,0.285497,3,11,7,5,3,11,7,5,4,10,7,5,4,10,7,5,0.05461,0.10393,0.30377,0.32799,1,1,12:08:2023,22:53:10,932,-10.882212,-61.9686,175.0,lev20,Almucantar,1.4631198975316755,0.2383736556402247,0.8445812626480668,BCL,Urban,,Unknown
10:08:2022,20:02:31,Ji_Parana_UNIR,222,222.835081,0.3228,0.1765,0.1213,0.0968,0.289,0.1411,0.0844,0.0591,0.0338,0.0354,0.0369,0.0378,1.430019,63.188385,62.515017,2.538004,0.02079,0.320777,3,10,8,5,3,10,8,5,3,10,7,5,3,10,8,5,0.05667,0.1073,0.31617,0.33986,1,1,12:08:2023,22:57:10,932,-10.882212,-61.9686,175.0,lev20,Almucantar,Ji_Parana_UNIR,222,222.835081,0.320777,0.176047,0.121024,0.097363,1.423853,63.188385,62.515017,2.538004,0.02079,0.320777,3,10,8,5,3,10,8,5,3,10,7,5,3,10,8,5,0.05667,0.1073,0.31617,0.33986,1,1,12:08:2023,22:57:10,932,-10.882212,-61.9686,175.0,lev20,Almucantar,Ji_Parana_UNIR,222,222.835081,1.4754,1.4846,1.4878,1.4841,0.010224,0.009004,0.009193,0.009292,63.188385,62.515017,2.538004,0.02079,0.320777,3,10,8,5,3,10,8,5,3,10,7,5,3,10,8,5,0.05667,0.1073,0.31617,0.33986,1,1,12:08:2023,22:57:10,932,-10.882212,-61.9686,175.0,lev20,Almucantar,Ji_Parana_UNIR,222,222.835081,0.9327,0.9209,0.9007,0.8859,63.188385,62.515017,2.538004,0.02079,0.320777,3,10,8,5,3,10,8,5,3,10,7,5,3,10,8,5,0.05667,0.1073,0.31617,0.33986,1,1,12:08:2023,22:57:10,932,-10.882212,-61.9686,175.0,lev20,Almucantar,Ji_Parana_UNIR,222,222.835081,0.055346,0.031912,0.023381,0.019242,1.305471,63.188385,62.515017,2.538004,0.02079,0.320777,3,10,8,5,3,10,8,5,3,10,7,5,3,10,8,5,0.05667,0.1073,0.31617,0.33986,1,1,12:08:2023,22:57:10,932,-10.882212,-61.9686,175.0,lev20,Almucantar,1.43573357971122,0.2686738719929855,0.8548355567070515,BCL,Urban,,Unknown
11:08:2022,19:24:39,Ji_Parana_UNIR,223,223.808785,0.2037,0.1128,0.085,0.0743,0.1593,0.0654,0.0358,0.0244,0.0444,0.0475,0.0493,0.0499,1.289619,54.721767,54.069889,1.844374,0.12441,0.201628,4,10,8,4,4,10,8,4,4,10,8,4,4,10,8,4,0.05294,0.10119,0.29351,0.31816,1,1,12:08:2023,22:57:45,932,-10.882212,-61.9686,175.0,lev20,Almucantar,Ji_Parana_UNIR,223,223.808785,0.201628,0.113988,0.085564,0.07269,1.262497,54.721767,54.069889,1.844374,0.12441,0.201628,4,10,8,4,4,10,8,4,4,10,8,4,4,10,8,4,0.05294,0.10119,0.29351,0.31816,1,1,12:08:2023,22:57:45,932,-10.882212,-61.9686,175.0,lev20,Almucantar,Ji_Parana_UNIR,223,223.808785,1.4754,1.4846,1.4878,1.4841,0.010224,0.009004,0.009193,0.009292,54.721767,54.069889,1.844374,0.12441,0.201628,4,10,8,4,4,10,8,4,4,10,8,4,4,10,8,4,0.05294,0.10119,0.29351,0.31816,1,1,12:08:2023,22:57:45,932,-10.882212,-61.9686,175.0,lev20,Almucantar,Ji_Parana_UNIR,223,223.808785,0.9327,0.9209,0.9007,0.8859,54.721767,54.069889,1.844374,0.12441,0.201628,4,10,8,4,4,10,8,4,4,10,8,4,4,10,8,4,0.05294,0.10119,0.29351,0.31816,1,1,12:08:2023,22:57:45,932,-10.882212,-61.9686,175.0,lev20,Almucantar,Ji_Parana_UNIR,223,223.808785,0.055346,0.031912,0.023381,0.019242,1.305471,54.721767,54.069889,1.844374,0.12441,0.201628,4,10,8,4,4,10,8,4,4,10,8,4,4,10,8,4,0.05294,0.10119,0.29351,0.31816,1,1,12:08:2023,22:57:45,932,-10.882212,-61.9686,175.0,lev20,Almucantar,1.2820498289414743,0.17290798444116873,0.6834289319315174,BCL,Maritime,,Unknown
11:08:2022,19:43:35,Ji_Parana_UNIR,223,223.821933,0.1954,0.1109,0.0837,0.0717,0.1554,0.0686,0.04,0.0273,0.04,0.0423,0.0437,0.0444,1.249294,58.884512,58.219735,1.39138,0.037506,0.193662,3,11,7,5,3,11,7,5,4,10,7,5,4,10,7,5,0.05458,0.10387,0.30351,0.32774,1,1,12:08:2023,23:02:52,932,-10.882212,-61.9686,175.0,lev20,Almucantar,Ji_Parana_UNIR,223,223.821933,0.193662,0.110805,0.083526,0.071235,1.23833,58.884512,58.219735,1.39138,0.037506,0.193662,3,11,7,5,3,11,7,5,4,10,7,5,4,10,7,5,0.05458,0.10387,0.30351,0.32774,1,1,12:08:2023,23:02:52,932,-10.882212,-61.9686,175.0,lev20,Almucantar,Ji_Parana_UNIR,223,223.821933,1.4754,1.4846,1.4878,1.4841,0.010224,0.009004,0.009193,0.009292,58.884512,58.219735,1.39138,0.037506,0.193662,3,11,7,5,3,11,7,5,4,10,7,5,4,10,7,5,0.05458,0.10387,0.30351,0.32774,1,1,12:08:2023,23:02:52,932,-10.882212,-61.9686,175.0,lev20,Almucantar,Ji_Parana_UNIR,223,223.821933,0.9327,0.9209,0.9007,0.8859,58.884512,58.219735,1.39138,0.037506,0.193662,3,11,7,5,3,11,7,5,4,10,7,5,4,10,7,5,0.05458,0.10387,0.30351,0.32774,1,1,12:08:2023,23:02:52,932,-10.882212,-61.9686,175.0,lev20,Almucantar,Ji_Parana_UNIR,223,223.821933,0.055346,0.031912,0.023381,0.019242,1.305471,58.884512,58.219735,1.39138,0.037506,0.193662,3,11,7,5,3,11,7,5,4,10,7,5,4,10,7,5,0.05458,0.10387,0.30351,0.32774,1,1,12:08:2023,23:02:52,932,-10.882212,-61.9686,175.0,lev20,Almucantar,1.2436361652144015,0.16667912145261174,0.7126020143429682,BCL,Maritime,,Unknown
12:08:2022,12:46:33,Ji_Parana_UNIR,224,224.532326,0.5357,0.2662,0.1619,0.1193,0.5058,0.2348,0.1289,0.0853,0.0299,0.0314,0.0331,0.034,1.738825,56.549414,57.211484,2.021498,0.046805,0.534087,4,10,8,4,4,10,8,4,4,10,7,4,4,10,6,5,0.05338,0.10221,0.2985,0.32523,1,1,12:08:2023,22:42:51,932,-10.882212,-61.9686,175.0,lev20,Almucantar,Ji_Parana_UNIR,224,224.532326,0.534087,0.266026,0.16203,0.118133,1.733241,56.549414,57.211484,2.021498,0.046805,0.534087,4,10,8,4,4,10,8,4,4,10,7,4,4,10,6,5,0.05338,0.10221,0.2985,0.32523,1,1,12:08:2023,22:42:51,932,-10.882212,-61.9686,175.0,lev20,Almucantar,Ji_Parana_UNIR,224,224.532326,1.5732,1.5173,1.499,1.4844,0.016869,0.014927,0.014188,0.013794,56.549414,57.211484,2.021498,0.046805,0.534087,4,10,8,4,4,10,8,4,4,10,7,4,4,10,6,5,0.05338,0.10221,0.2985,0.32523,1,1,12:08:2023,22:42:51,932,-10.882212,-61.9686,175.0,lev20,Almucantar,Ji_Parana_UNIR,224,224.532326,0.9089,0.8946,0.8738,0.8583,56.549414,57.211484,2.021498,0.046805,0.534087,4,10,8,4,4,10,8,4,4,10,7,4,4,10,6,5,0.05338,0.10221,0.2985,0.32523,1,1,12:08:2023,22:42:51,932,-10.882212,-61.9686,175.0,lev20,Almucantar,Ji_Parana_UNIR,224,224.532326,0.048831,0.028044,0.020435,0.016906,1.276953,56.549414,57.211484,2.021498,0.046805,0.534087,4,10,8,4,4,10,8,4,4,10,7,4,4,10,6,5,0.05338,0.10221,0.2985,0.32523,1,1,12:08:2023,22:42:51,932,-10.882212,-61.9686,175.0,lev20,Almucantar,1.7552633073550126,0.42802991004386465,0.9215409322427105,BCL,Unclassified,,Unknown
12:08:2022,13:14:12,Ji_Parana_UNIR,224,224.551528,0.4871,0.2438,0.1509,0.1124,0.456,0.2115,0.1173,0.078,0.031,0.0323,0.0336,0.0344,1.704639,50.550936,51.191633,1.498531,0.063332,0.485834,3,10,8,4,3,10,8,4,3,10,8,4,3,10,8,4,0.05145,0.09897,0.28582,0.31254,1,1,12:08:2023,22:47:46,932,-10.882212,-61.9686,175.0,lev20,Almucantar,Ji_Parana_UNIR,224,224.551528,0.485834,0.243023,0.150211,0.111187,1.707372,50.550936,51.191633,1.498531,0.063332,0.485834,3,10,8,4,3,10,8,4,3,10,8,4,3,10,8,4,0.05145,0.09897,0.28582,0.31254,1,1,12:08:2023,22:47:46,932,-10.882212,-61.9686,175.0,lev20,Almucantar,Ji_Parana_UNIR,224,224.551528,1.5855,1.5581,1.555,1.5479,0.010537,0.007546,0.00718,0.007107,50.550936,51.191633,1.498531,0.063332,0.485834,3,10,8,4,3,10,8,4,3,10,8,4,3,10,8,4,0.05145,0.09897,0.28582,0.31254,1,1,12:08:2023,22:47:46,932,-10.882212,-61.9686,175.0,lev20,Almucantar,Ji_Parana_UNIR,224,224.551528,0.9368,0.9386,0.9268,0.9173,50.550936,51.191633,1.498531,0.063332,0.485834,3,10,8,4,3,10,8,4,3,10,8,4,3,10,8,4,0.05145,0.09897,0.28582,0.31254,1,1,12:08:2023,22:47:46,932,-10.882212,-61.9686,175.0,lev20,Almucantar,Ji_Parana_UNIR,224,224.551528,0.030805,0.01497,0.011041,0.009294,1.520769,50.550936,51.191633,1.498531,0.063332,0.485834,3,10,8,4,3,10,8,4,3,10,8,4,3,10,8,4,0.05145,0.09897,0.28582,0.31254,1,1,12:08:2023,22:47:46,932,-10.882212,-61.9686,175.0,lev20,Almucantar,1.718967728287354,0.3910079923576411,0.9103411142945992,BCL,Urban,,Unknown
12:08:2022,19:24:31,Ji_Parana_UNIR,224,224.808692,0.433,0.2017,0.1224,0.0914,0.4077,0.1753,0.0946,0.0627,0.0253,0.0264,0.0278,0.0287,1.8422,54.600951,53.947063,2.469515,0.043388,0.432097,4,10,8,4,4,10,8,4,4,10,8,4,4,10,7,4,0.05287,0.10109,0.29321,0.31788,1,1,12:08:2023,22:43:37,932,-10.882212,-61.9686,175.0,lev20,Almucantar,Ji_Parana_UNIR,224,224.808692,0.432097,0.201139,0.122808,0.090742,1.83527,54.600951,53.947063,2.469515,0.043388,0.432097,4,10,8,4,4,10,8,4,4,10,8,4,4,10,7,4,0.05287,0.10109,0.29321,0.31788,1,1,12:08:2023,22:43:37,932,-10.882212,-61.9686,175.0,lev20,Almucantar,Ji_Parana_UNIR,224,224.808692,1.594,1.547,1.5314,1.519,0.015015,0.013511,0.013623,0.013551,54.600951,53.947063,2.469515,0.043388,0.432097,4,10,8,4,4,10,8,4,4,10,8,4,4,10,7,4,0.05287,0.10109,0.29321,0.31788,1,1,12:08:2023,22:43:37,932,-10.882212,-61.9686,175.0,lev20,Almucantar,Ji_Parana_UNIR,224,224.808692,0.9171,0.8986,0.8712,0.8537,54.600951,53.947063,2.469515,0.043388,0.432097,4,10,8,4,4,10,8,4,4,10,8,4,4,10,7,4,0.05287,0.10109,0.29321,0.31788,1,1,12:08:2023,22:43:37,932,-10.882212,-61.9686,175.0,lev20,Almucantar,Ji_Parana_UNIR,224,224.808692,0.0359,0.020454,0.015768,0.013377,1.215516,54.600951,53.947063,2.469515,0.043388,0.432097,4,10,8,4,4,10,8,4,4,10,8,4,4,10,7,4,0.05287,0.10109,0.29321,0.31788,1,1,12:08:2023,22:43:37,932,-10.882212,-61.9686,175.0,lev20,Almucantar,1.853321255346249,0.34166182205089835,0.914185401177109,BCL,Urban,,Unknown
12:08:2022,20:49:07,Ji_Parana_UNIR,224,224.867442,0.5109,0.2317,0.1381,0.102,0.4848,0.2044,0.1096,0.0728,0.0261,0.0273,0.0286,0.0293,1.907383,73.713869,73.020444,4.510714,0.028991,0.509928,4,10,6,6,4,10,6,5,4,10,4,6,4,10,4,6,0.06547,0.12104,0.3627,0.38448,1,1,12:08:2023,22:50:12,932,-10.882212,-61.9686,175.0,lev20,Almucantar,Ji_Parana_UNIR,224,224.867442,0.509928,0.231506,0.138081,0.10124,1.904805,73.713869,73.020444,4.510714,0.028991,0.509928,4,10,6,6,4,10,6,5,4,10,4,6,4,10,4,6,0.06547,0.12104,0.3627,0.38448,1,1,12:08:2023,22:50:12,932,-10.882212,-61.9686,175.0,lev20,Almucantar,Ji_Parana_UNIR,224,224.867442,1.5807,1.5204,1.5034,1.4929,0.014163,0.013804,0.013593,0.013503,73.713869,73.020444,4.510714,0.028991,0.509928,4,10,6,6,4,10,6,5,4,10,4,6,4,10,4,6,0.06547,0.12104,0.3627,0.38448,1,1,12:08:2023,22:50:12,932,-10.882212,-61.9686,175.0,lev20,Almucantar,Ji_Parana_UNIR,224,224.867442,0.9227,0.8975,0.871,0.8526,73.713869,73.020444,4.510714,0.028991,0.509928,4,10,6,6,4,10,6,5,4,10,4,6,4,10,4,6,0.06547,0.12104,0.3627,0.38448,1,1,12:08:2023,22:50:12,932,-10.882212,-61.9686,175.0,lev20,Almucantar,Ji_Parana_UNIR,224,224.867442,0.039484,0.02375,0.01782,0.015044,1.16666,73.713869,73.020444,4.510714,0.028991,0.509928,4,10,6,6,4,10,6,5,4,10,4,6,4,10,4,6,0.06547,0.12104,0.3627,0.38448,1,1,12:08:2023,22:50:12,932,-10.882212,-61.9686,175.0,lev20,Almucantar,1.9189677927355813,0.39976055428222795,0.9234414154350075,BCL,Urban,,Unknown
12:08:2022,21:06:47,Ji_Parana_UNIR,224,224.879711,0.5443,0.2454,0.1448,0.1057,0.5166,0.2165,0.1145,0.0746,0.0277,0.0289,0.0303,0.0311,1.929723,77.809643,77.112952,2.961513,0.010265,0.543663,4,10,7,3,4,10,7,3,4,10,7,3,4,10,7,3,0.07066,0.12916,0.38984,0.41052,1,1,12:08:2023,22:52:46,932,-10.882212,-61.9686,175.0,lev20,Almucantar,Ji_Parana_UNIR,224,224.879711,0.543663,0.245367,0.144675,0.105292,1.92907,77.809643,77.112952,2.961513,0.010265,0.543663,4,10,7,3,4,10,7,3,4,10,7,3,4,10,7,3,0.07066,0.12916,0.38984,0.41052,1,1,12:08:2023,22:52:46,932,-10.882212,-61.9686,175.0,lev20,Almucantar,Ji_Parana_UNIR,224,224.879711,1.5792,1.5324,1.5157,1.5019,0.011945,0.012463,0.012779,0.012858,77.809643,77.112952,2.961513,0.010265,0.543663,4,10,7,3,4,10,7,3,4,10,7,3,4,10,7,3,0.07066,0.12916,0.38984,0.41052,1,1,12:08:2023,22:52:46,932,-10.882212,-61.9686,175.0,lev20,Almucantar,Ji_Parana_UNIR,224,224.879711,0.9327,0.905,0.8753,0.8546,77.809643,77.112952,2.961513,0.010265,0.543663,4,10,7,3,4,10,7,3,4,10,7,3,4,10,7,3,0.07066,0.12916,0.38984,0.41052,1,1,12:08:2023,22:52:46,932,-10.882212,-61.9686,175.0,lev20,Almucantar,Ji_Parana_UNIR,224,224.879711,0.03664,0.02332,0.018048,0.015366,1.038247,77.809643,77.112952,2.961513,0.010265,0.543663,4,10,7,3,4,10,7,3,4,10,7,3,4,10,7,3,0.07066,0.12916,0.38984,0.41052,1,1,12:08:2023,22:52:46,932,-10.882212,-61.9686,175.0,lev20,Almucantar,1.9423664095021516,0.42462283107420085,0.9244755864361672,BCL,Unclassified,,Unknown
13:08:2022,11:28:28,Ji_Parana_UNIR,225,225.478102,0.5589,0.2573,0.1495,0.107,0.5397,0.2374,0.129,0.0859,0.0192,0.0199,0.0205,0.0211,1.917456,74.132415,74.828103,1.784039,0.005135,0.557876,4,10,7,6,4,10,7,6,4,10,7,6,4,10,7,6,0.06523,0.12084,0.36966,0.39674,1,1,12:08:2023,22:55:37,932,-10.882212,-61.9686,175.0,lev20,Almucantar,Ji_Parana_UNIR,225,225.478102,0.557876,0.25735,0.149499,0.106708,1.914569,74.132415,74.828103,1.784039,0.005135,0.557876,4,10,7,6,4,10,7,6,4,10,7,6,4,10,7,6,0.06523,0.12084,0.36966,0.39674,1,1,12:08:2023,22:55:37,932,-10.882212,-61.9686,175.0,lev20,Almucantar,Ji_Parana_UNIR,225,225.478102,1.4904,1.4953,1.4878,1.4768,0.014712,0.014294,0.014712,0.014802,74.132415,74.828103,1.784039,0.005135,0.557876,4,10,7,6,4,10,7,6,4,10,7,6,4,10,7,6,0.06523,0.12084,0.36966,0.39674,1,1,12:08:2023,22:55:37,932,-10.882212,-61.9686,175.0,lev20,Almucantar,Ji_Parana_UNIR,225,225.478102,0.9152,0.8909,0.8572,0.8326,74.132415,74.828103,1.784039,0.005135,0.557876,4,10,7,6,4,10,7,6,4,10,7,6,4,10,7,6,0.06523,0.12084,0.36966,0.39674,1,1,12:08:2023,22:55:37,932,-10.882212,-61.9686,175.0,lev20,Almucantar,Ji_Parana_UNIR,225,225.478102,0.047393,0.028072,0.021356,0.017909,1.172469,74.132415,74.828103,1.784039,0.005135,0.557876,4,10,7,6,4,10,7,6,4,10,7,6,4,10,7,6,0.06523,0.12084,0.36966,0.39674,1,1,12:08:2023,22:55:37,932,-10.882212,-61.9686,175.0,lev20,Almucantar,1.934338297948533,0.43646036966315943,0.9502046232053746,BCL,Unclassified,,Unknown
14:08:2022,19:36:10,Ji_Parana_UNIR,226,226.816782,0.7669,0.3319,0.1901,0.1366,0.7344,0.2976,0.1538,0.099,0.0325,0.0342,0.0362,0.0376,2.032307,56.997263,56.331264,2.526464,0.045278,0.764977,4,10,7,5,4,7,6,5,4,7,6,4,4,8,7,4,0.05386,0.10167,0.30183,0.32641,1,1,12:08:2023,22:54:18,932,-10.882212,-61.9686,175.0,lev20,Almucantar,Ji_Parana_UNIR,226,226.816782,0.764977,0.330694,0.190249,0.135945,2.028268,56.997263,56.331264,2.526464,0.045278,0.764977,4,10,7,5,4,7,6,5,4,7,6,4,4,8,7,4,0.05386,0.10167,0.30183,0.32641,1,1,12:08:2023,22:54:18,932,-10.882212,-61.9686,175.0,lev20,Almucantar,Ji_Parana_UNIR,226,226.816782,1.4909,1.5125,1.5143,1.5078,0.009602,0.008776,0.008687,0.008623,56.997263,56.331264,2.526464,0.045278,0.764977,4,10,7,5,4,7,6,5,4,7,6,4,4,8,7,4,0.05386,0.10167,0.30183,0.32641,1,1,12:08:2023,22:54:18,932,-10.882212,-61.9686,175.0,lev20,Almucantar,Ji_Parana_UNIR,226,226.816782,0.9362,0.9192,0.8966,0.8807,56.997263,56.331264,2.526464,0.045278,0.764977,4,10,7,5,4,7,6,5,4,7,6,4,4,8,7,4,0.05386,0.10167,0.30183,0.32641,1,1,12:08:2023,22:54:18,932,-10.882212,-61.9686,175.0,lev20,Almucantar,Ji_Parana_UNIR,226,226.816782,0.048936,0.026831,0.019655,0.0163,1.342083,56.997263,56.331264,2.526464,0.045278,0.764977,4,10,7,5,4,7,6,5,4,7,6,4,4,8,7,4,0.05386,0.10167,0.30183,0.32641,1,1,12:08:2023,22:54:18,932,-10.882212,-61.9686,175.0,lev20,Almucantar,2.0460148822514594,0.5904042278264068,0.9361310920606036,BCL,Arid,,Unknown
14:08:2022,20:03:18,Ji_Parana_UNIR,226,226.835625,0.6995,0.2999,0.1723,0.1244,0.6717,0.2706,0.1416,0.0928,0.0278,0.0292,0.0307,0.0316,2.042885,63.097148,62.416661,5.896563,0.120583,0.696204,3,10,8,5,3,9,8,5,3,5,7,5,3,10,6,5,0.05677,0.10646,0.31879,0.3425,1,1,12:08:2023,22:56:04,932,-10.882212,-61.9686,175.0,lev20,Almucantar,Ji_Parana_UNIR,226,226.835625,0.696204,0.298843,0.171904,0.122976,2.039423,63.097148,62.416661,5.896563,0.120583,0.696204,3,10,8,5,3,9,8,5,3,5,7,5,3,10,6,5,0.05677,0.10646,0.31879,0.3425,1,1,12:08:2023,22:56:04,932,-10.882212,-61.9686,175.0,lev20,Almucantar,Ji_Parana_UNIR,226,226.835625,1.4983,1.5245,1.5343,1.5357,0.00384,0.003775,0.003765,0.003764,63.097148,62.416661,5.896563,0.120583,0.696204,3,10,8,5,3,9,8,5,3,5,7,5,3,10,6,5,0.05677,0.10646,0.31879,0.3425,1,1,12:08:2023,22:56:04,932,-10.882212,-61.9686,175.0,lev20,Almucantar,Ji_Parana_UNIR,226,226.835625,0.9722,0.9618,0.9512,0.9437,63.097148,62.416661,5.896563,0.120583,0.696204,3,10,8,5,3,9,8,5,3,5,7,5,3,10,6,5,0.05677,0.10646,0.31879,0.3425,1,1,12:08:2023,22:56:04,932,-10.882212,-61.9686,175.0,lev20,Almucantar,Ji_Parana_UNIR,226,226.835625,0.019461,0.011452,0.008418,0.007007,1.227635,63.097148,62.416661,5.896563,0.120583,0.696204,3,10,8,5,3,9,8,5,3,5,7,5,3,10,6,5,0.05677,0.10646,0.31879,0.3425,1,1,12:08:2023,22:56:04,932,-10.882212,-61.9686,175.0,lev20,Almucantar,2.055289216799784,0.5378777178544651,0.9389695385772997,FNA,Arid,,Unknown
14:08:2022,20:51:06,Ji_Parana_UNIR,226,226.868819,0.8352,0.3621,0.206,0.1463,0.8064,0.3323,0.1751,0.1146,0.0287,0.0298,0.0309,0.0317,2.038413,74.08947,73.392921,2.466782,0.024938,0.83314,4,10,7,6,4,10,7,5,4,10,7,6,4,10,7,5,0.06586,0.12096,0.36707,0.38833,1,1,12:08:2023,23:01:07,932,-10.882212,-61.9686,175.0,lev20,Almucantar,Ji_Parana_UNIR,226,226.868819,0.83314,0.361366,0.205945,0.146228,2.035421,74.08947,73.392921,2.466782,0.024938,0.83314,4,10,7,6,4,10,7,5,4,10,7,6,4,10,7,5,0.06586,0.12096,0.36707,0.38833,1,1,12:08:2023,23:01:07,932,-10.882212,-61.9686,175.0,lev20,Almucantar,Ji_Parana_UNIR,226,226.868819,1.4438,1.46,1.4597,1.453,0.009773,0.008894,0.008909,0.008914,74.08947,73.392921,2.466782,0.024938,0.83314,4,10,7,6,4,10,7,5,4,10,7,6,4,10,7,5,0.06586,0.12096,0.36707,0.38833,1,1,12:08:2023,23:01:07,932,-10.882212,-61.9686,175.0,lev20,Almucantar,Ji_Parana_UNIR,226,226.868819,0.9326,0.9143,0.8882,0.8685,74.08947,73.392921,2.466782,0.024938,0.83314,4,10,7,6,4,10,7,5,4,10,7,6,4,10,7,5,0.06586,0.12096,0.36707,0.38833,1,1,12:08:2023,23:01:07,932,-10.882212,-61.9686,175.0,lev20,Almucantar,Ji_Parana_UNIR,226,226.868819,0.056295,0.031046,0.023032,0.019242,1.316469,74.08947,73.392921,2.466782,0.024938,0.83314,4,10,7,6,4,10,7,5,4,10,7,6,4,10,7,5,0.06586,0.12096,0.36707,0.38833,1,1,12:08:2023,23:01:07,932,-10.882212,-61.9686,175.0,lev20,Almucantar,2.053332980812763,0.64238431068043,0.9483960806722549,BCL,Arid,,Unknown
14:08:2022,21:04:36,Ji_Parana_UNIR,226,226.878194,0.8389,0.3635,0.2066,0.147,0.8098,0.3334,0.1753,0.1148,0.0291,0.0301,0.0313,0.0322,2.040532,77.230912,76.531985,4.437173,0.041516,0.836195,4,10,7,3,4,10,7,5,4,10,6,6,4,10,7,5,0.06981,0.12721,0.38746,0.40766,1,1,12:08:2023,23:03:06,932,-10.882212,-61.9686,175.0,lev20,Almucantar,Ji_Parana_UNIR,226,226.878194,0.836195,0.362431,0.206433,0.146649,2.037287,77.230912,76.531985,4.437173,0.041516,0.836195,4,10,7,3,4,10,7,5,4,10,6,6,4,10,7,5,0.06981,0.12721,0.38746,0.40766,1,1,12:08:2023,23:03:06,932,-10.882212,-61.9686,175.0,lev20,Almucantar,Ji_Parana_UNIR,226,226.878194,1.4379,1.4526,1.45,1.4422,0.009807,0.009414,0.009257,0.009205,77.230912,76.531985,4.437173,0.041516,0.836195,4,10,7,3,4,10,7,5,4,10,6,6,4,10,7,5,0.06981,0.12721,0.38746,0.40766,1,1,12:08:2023,23:03:06,932,-10.882212,-61.9686,175.0,lev20,Almucantar,Ji_Parana_UNIR,226,226.878194,0.9311,0.9069,0.8806,0.8605,77.230912,76.531985,4.437173,0.041516,0.836195,4,10,7,3,4,10,7,5,4,10,6,6,4,10,7,5,0.06981,0.12721,0.38746,0.40766,1,1,12:08:2023,23:03:06,932,-10.882212,-61.9686,175.0,lev20,Almucantar,Ji_Parana_UNIR,226,226.878194,0.057773,0.033857,0.024663,0.020505,1.245943,77.230912,76.531985,4.437173,0.041516,0.836195,4,10,7,3,4,10,7,5,4,10,6,6,4,10,7,5,0.06981,0.12721,0.38746,0.40766,1,1,12:08:2023,23:03:06,932,-10.882212,-61.9686,175.0,lev20,Almucantar,2.0555507655168146,0.6450472211404961,0.9481512552073051,BCL,Arid,,Unknown
23:08:2022,19:22:17,Ji_Parana_UNIR,235,235.807141,0.3621,0.1858,0.1288,0.1072,0.3186,0.1407,0.0825,0.0602,0.0435,0.0451,0.0463,0.047,1.517461,53.199879,52.523756,2.463513,0.063935,0.359516,4,9,5,4,4,9,5,4,3,10,4,4,3,9,5,4,0.04971,0.09423,0.29486,0.31881,1,1,12:08:2023,22:46:57,932,-10.882212,-61.9686,175.0,lev20,Almucantar,Ji_Parana_UNIR,235,235.807141,0.359516,0.183899,0.129183,0.106256,1.504945,53.199879,52.523756,2.463513,0.063935,0.359516,4,9,5,4,4,9,5,4,3,10,4,4,3,9,5,4,0.04971,0.09423,0.29486,0.31881,1,1,12:08:2023,22:46:57,932,-10.882212,-61.9686,175.0,lev20,Almucantar,Ji_Parana_UNIR,235,235.807141,1.4754,1.4846,1.4878,1.4841,0.010224,0.009004,0.009193,0.009292,53.199879,52.523756,2.463513,0.063935,0.359516,4,9,5,4,4,9,5,4,3,10,4,4,3,9,5,4,0.04971,0.09423,0.29486,0.31881,1,1,12:08:2023,22:46:57,932,-10.882212,-61.9686,175.0,lev20,Almucantar,Ji_Parana_UNIR,235,235.807141,0.9327,0.9209,0.9007,0.8859,53.199879,52.523756,2.463513,0.063935,0.359516,4,9,5,4,4,9,5,4,3,10,4,4,3,9,5,4,0.04971,0.09423,0.29486,0.31881,1,1,12:08:2023,22:46:57,932,-10.882212,-61.9686,175.0,lev20,Almucantar,Ji_Parana_UNIR,235,235.807141,0.055346,0.031912,0.023381,0.019242,1.305471,53.199879,52.523756,2.463513,0.063935,0.359516,4,9,5,4,4,9,5,4,3,10,4,4,3,9,5,4,0.04971,0.09423,0.29486,0.31881,1,1,12:08:2023,22:46:57,932,-10.882212,-61.9686,175.0,lev20,Almucantar,1.5162557950898818,0.29829780299671776,0.8229301310608617,BCL,Urban,,Unknown
23:08:2022,19:43:08,Ji_Parana_UNIR,235,235.82162,0.3745,0.1887,0.1303,0.1085,0.3195,0.1298,0.0688,0.046,0.055,0.059,0.0615,0.0625,1.550851,57.944787,57.257553,2.325784,0.084161,0.37129,4,10,7,5,4,10,7,5,4,8,6,5,4,9,6,5,0.05132,0.09693,0.3055,0.32888,1,1,12:08:2023,22:51:19,932,-10.882212,-61.9686,175.0,lev20,Almucantar,Ji_Parana_UNIR,235,235.82162,0.37129,0.187438,0.13035,0.106979,1.538601,57.944787,57.257553,2.325784,0.084161,0.37129,4,10,7,5,4,10,7,5,4,8,6,5,4,9,6,5,0.05132,0.09693,0.3055,0.32888,1,1,12:08:2023,22:51:19,932,-10.882212,-61.9686,175.0,lev20,Almucantar,Ji_Parana_UNIR,235,235.82162,1.4754,1.4846,1.4878,1.4841,0.010224,0.009004,0.009193,0.009292,57.944787,57.257553,2.325784,0.084161,0.37129,4,10,7,5,4,10,7,5,4,8,6,5,4,9,6,5,0.05132,0.09693,0.3055,0.32888,1,1,12:08:2023,22:51:19,932,-10.882212,-61.9686,175.0,lev20,Almucantar,Ji_Parana_UNIR,235,235.82162,0.9327,0.9209,0.9007,0.8859,57.944787,57.257553,2.325784,0.084161,0.37129,4,10,7,5,4,10,7,5,4,8,6,5,4,9,6,5,0.05132,0.09693,0.3055,0.32888,1,1,12:08:2023,22:51:19,932,-10.882212,-61.9686,175.0,lev20,Almucantar,Ji_Parana_UNIR,235,235.82162,0.055346,0.031912,0.023381,0.019242,1.305471,57.944787,57.257553,2.325784,0.084161,0.37129,4,10,7,5,4,10,7,5,4,8,6,5,4,9,6,5,0.05132,0.09693,0.3055,0.32888,1,1,12:08:2023,22:51:19,932,-10.882212,-61.9686,175.0,lev20,Almucantar,1.548663183505758,0.3072374701182231,0.7777775309451448,BCL,Urban,,Unknown
23:08:2022,21:08:45,Ji_Parana_UNIR,235,235.881076,0.4417,0.2168,0.1468,0.1198,0.3808,0.1515,0.079,0.0509,0.0609,0.0654,0.0678,0.0689,1.617282,77.971755,77.261695,4.805581,0.030387,0.438827,4,10,7,4,4,10,7,5,4,10,7,5,4,10,7,4,0.06642,0.12142,0.39396,0.41278,1,1,12:08:2023,22:53:16,932,-10.882212,-61.9686,175.0,lev20,Almucantar,Ji_Parana_UNIR,235,235.881076,0.438827,0.215706,0.146532,0.119484,1.610768,77.971755,77.261695,4.805581,0.030387,0.438827,4,10,7,4,4,10,7,5,4,10,7,5,4,10,7,4,0.06642,0.12142,0.39396,0.41278,1,1,12:08:2023,22:53:16,932,-10.882212,-61.9686,175.0,lev20,Almucantar,Ji_Parana_UNIR,235,235.881076,1.4378,1.4651,1.4772,1.4771,0.010473,0.007587,0.007327,0.007369,77.971755,77.261695,4.805581,0.030387,0.438827,4,10,7,4,4,10,7,5,4,10,7,5,4,10,7,4,0.06642,0.12142,0.39396,0.41278,1,1,12:08:2023,22:53:16,932,-10.882212,-61.9686,175.0,lev20,Almucantar,Ji_Parana_UNIR,235,235.881076,0.9016,0.8945,0.8791,0.8706,77.971755,77.261695,4.805581,0.030387,0.438827,4,10,7,4,4,10,7,5,4,10,7,5,4,10,7,4,0.06642,0.12142,0.39396,0.41278,1,1,12:08:2023,22:53:16,932,-10.882212,-61.9686,175.0,lev20,Almucantar,Ji_Parana_UNIR,235,235.881076,0.043463,0.022887,0.017747,0.0155,1.330326,77.971755,77.261695,4.805581,0.030387,0.438827,4,10,7,4,4,10,7,5,4,10,7,5,4,10,7,4,0.06642,0.12142,0.39396,0.41278,1,1,12:08:2023,22:53:16,932,-10.882212,-61.9686,175.0,lev20,Almucantar,1.6158573180660203,0.35926864728191715,0.7903643498977522,BCL,Urban,,Unknown
07:09:2022,11:13:09,Ji_Parana_UNIR,250,250.467465,1.1626,0.5381,0.3133,0.2221,1.1351,0.5096,0.2843,0.1929,0.0275,0.0285,0.029,0.0292,1.906423,73.980587,74.704906,2.425127,0.022034,1.161302,4,10,7,6,4,10,7,6,4,10,7,6,4,10,5,6,0.05685,0.10699,0.37588,0.40146,1,1,12:08:2023,13:15:39,932,-10.882212,-61.9686,175.0,lev20,Almucantar,Ji_Parana_UNIR,250,250.467465,1.161302,0.538208,0.313023,0.222316,1.905795,73.980587,74.704906,2.425127,0.022034,1.161302,4,10,7,6,4,10,7,6,4,10,7,6,4,10,5,6,0.05685,0.10699,0.37588,0.40146,1,1,12:08:2023,13:15:39,932,-10.882212,-61.9686,175.0,lev20,Almucantar,Ji_Parana_UNIR,250,250.467465,1.5468,1.5359,1.5263,1.5134,0.012944,0.013793,0.015128,0.015515,73.980587,74.704906,2.425127,0.022034,1.161302,4,10,7,6,4,10,7,6,4,10,7,6,4,10,5,6,0.05685,0.10699,0.37588,0.40146,1,1,12:08:2023,13:15:39,932,-10.882212,-61.9686,175.0,lev20,Almucantar,Ji_Parana_UNIR,250,250.467465,0.9317,0.9065,0.8708,0.8447,73.980587,74.704906,2.425127,0.022034,1.161302,4,10,7,6,4,10,7,6,4,10,7,6,4,10,5,6,0.05685,0.10699,0.37588,0.40146,1,1,12:08:2023,13:15:39,932,-10.882212,-61.9686,175.0,lev20,Almucantar,Ji_Parana_UNIR,250,250.467465,0.079366,0.050342,0.040475,0.03448,0.993574,73.980587,74.704906,2.425127,0.022034,1.161302,4,10,7,6,4,10,7,6,4,10,7,6,4,10,5,6,0.05685,0.10699,0.37588,0.40146,1,1,12:08:2023,13:15:39,932,-10.882212,-61.9686,175.0,lev20,Almucantar,1.923452255832956,0.909170611937347,0.9653013954558914,BCL,Biomass,,Unknown
07:09:2022,11:45:32,Ji_Parana_UNIR,250,250.489954,1.38,0.639,0.3683,0.2589,1.3503,0.6082,0.337,0.2274,0.0297,0.0308,0.0313,0.0315,1.919013,66.179065,66.899996,1.436518,0.006991,1.378465,3,10,7,6,3,10,7,6,4,10,7,5,4,10,6,3,0.05113,0.09732,0.33776,0.36311,1,1,12:08:2023,13:19:13,932,-10.882212,-61.9686,175.0,lev20,Almucantar,Ji_Parana_UNIR,250,250.489954,1.378465,0.638554,0.367938,0.258959,1.918743,66.179065,66.899996,1.436518,0.006991,1.378465,3,10,7,6,3,10,7,6,4,10,7,5,4,10,6,3,0.05113,0.09732,0.33776,0.36311,1,1,12:08:2023,13:19:13,932,-10.882212,-61.9686,175.0,lev20,Almucantar,Ji_Parana_UNIR,250,250.489954,1.6,1.5601,1.5439,1.5287,0.015006,0.014485,0.014948,0.01494,66.179065,66.899996,1.436518,0.006991,1.378465,3,10,7,6,3,10,7,6,4,10,7,5,4,10,6,3,0.05113,0.09732,0.33776,0.36311,1,1,12:08:2023,13:19:13,932,-10.882212,-61.9686,175.0,lev20,Almucantar,Ji_Parana_UNIR,250,250.489954,0.926,0.9097,0.8823,0.8619,66.179065,66.899996,1.436518,0.006991,1.378465,3,10,7,6,3,10,7,6,4,10,7,5,4,10,6,3,0.05113,0.09732,0.33776,0.36311,1,1,12:08:2023,13:19:13,932,-10.882212,-61.9686,175.0,lev20,Almucantar,Ji_Parana_UNIR,250,250.489954,0.10217,0.057731,0.043358,0.035747,1.26261,66.179065,66.899996,1.436518,0.006991,1.378465,3,10,7,6,3,10,7,6,4,10,7,5,4,10,6,3,0.05113,0.09732,0.33776,0.36311,1,1,12:08:2023,13:19:13,932,-10.882212,-61.9686,175.0,lev20,Almucantar,1.9376633966602046,1.0772219453377416,0.968576564880543,BCL,Biomass,,Unknown
07:09:2022,12:27:38,Ji_Parana_UNIR,250,250.51919,1.3971,0.6473,0.3747,0.2645,1.3618,0.6109,0.3372,0.2261,0.0354,0.0365,0.0376,0.0384,1.912431,56.121958,56.834074,1.68232,0.033247,1.395064,4,10,8,4,4,10,8,4,4,10,8,4,4,10,8,4,0.04689,0.08994,0.30689,0.33226,1,1,12:08:2023,13:01:32,932,-10.882212,-61.9686,175.0,lev20,Almucantar,Ji_Parana_UNIR,250,250.51919,1.395064,0.647163,0.374559,0.264241,1.910707,56.121958,56.834074,1.68232,0.033247,1.395064,4,10,8,4,4,10,8,4,4,10,8,4,4,10,8,4,0.04689,0.08994,0.30689,0.33226,1,1,12:08:2023,13:01:32,932,-10.882212,-61.9686,175.0,lev20,Almucantar,Ji_Parana_UNIR,250,250.51919,1.5333,1.5338,1.5302,1.5211,0.013543,0.011164,0.011123,0.011106,56.121958,56.834074,1.68232,0.033247,1.395064,4,10,8,4,4,10,8,4,4,10,8,4,4,10,8,4,0.04689,0.08994,0.30689,0.33226,1,1,12:08:2023,13:01:32,932,-10.882212,-61.9686,175.0,lev20,Almucantar,Ji_Parana_UNIR,250,250.51919,0.9284,0.9216,0.9015,0.8849,56.121958,56.834074,1.68232,0.033247,1.395064,4,10,8,4,4,10,8,4,4,10,8,4,4,10,8,4,0.04689,0.08994,0.30689,0.33226,1,1,12:08:2023,13:01:32,932,-10.882212,-61.9686,175.0,lev20,Almucantar,Ji_Parana_UNIR,250,250.51919,0.099986,0.050748,0.036919,0.030446,1.471165,56.121958,56.834074,1.68232,0.033247,1.395064,4,10,8,4,4,10,8,4,4,10,8,4,4,10,8,4,0.04689,0.08994,0.30689,0.33226,1,1,12:08:2023,13:01:32,932,-10.882212,-61.9686,175.0,lev20,Almucantar,1.9304570175558868,1.0915752435712283,0.9636908831212155,BCL,Biomass,,Unknown
07:09:2022,12:53:06,Ji_Parana_UNIR,250,250.536875,1.4117,0.6541,0.3793,0.2678,1.3744,0.6155,0.3397,0.2273,0.0374,0.0386,0.0397,0.0405,1.910051,50.115205,50.818795,1.070461,0.018095,1.409999,3,10,8,4,3,10,8,4,3,10,8,4,3,10,8,4,0.04534,0.08717,0.29445,0.3199,1,1,12:08:2023,13:08:58,932,-10.882212,-61.9686,175.0,lev20,Almucantar,Ji_Parana_UNIR,250,250.536875,1.409999,0.653872,0.379018,0.267677,1.909236,50.115205,50.818795,1.070461,0.018095,1.409999,3,10,8,4,3,10,8,4,3,10,8,4,3,10,8,4,0.04534,0.08717,0.29445,0.3199,1,1,12:08:2023,13:08:58,932,-10.882212,-61.9686,175.0,lev20,Almucantar,Ji_Parana_UNIR,250,250.536875,1.5392,1.5383,1.5359,1.5273,0.013506,0.010742,0.011048,0.011201,50.115205,50.818795,1.070461,0.018095,1.409999,3,10,8,4,3,10,8,4,3,10,8,4,3,10,8,4,0.04534,0.08717,0.29445,0.3199,1,1,12:08:2023,13:08:58,932,-10.882212,-61.9686,175.0,lev20,Almucantar,Ji_Parana_UNIR,250,250.536875,0.9291,0.9241,0.9023,0.8844,50.115205,50.818795,1.070461,0.018095,1.409999,3,10,8,4,3,10,8,4,3,10,8,4,3,10,8,4,0.04534,0.08717,0.29445,0.3199,1,1,12:08:2023,13:08:58,932,-10.882212,-61.9686,175.0,lev20,Almucantar,Ji_Parana_UNIR,250,250.536875,0.10013,0.049644,0.037074,0.030964,1.473277,50.115205,50.818795,1.070461,0.018095,1.409999,3,10,8,4,3,10,8,4,3,10,8,4,3,10,8,4,0.04534,0.08717,0.29445,0.3199,1,1,12:08:2023,13:08:58,932,-10.882212,-61.9686,175.0,lev20,Almucantar,1.9278081959353355,1.1033559848627577,0.9619092686576765,BCL,Biomass,,Unknown
07:09:2022,19:18:04,Ji_Parana_UNIR,250,250.804213,1.9023,0.8966,0.5172,0.3615,1.8652,0.8581,0.4781,0.3222,0.0372,0.0385,0.0391,0.0393,1.890376,51.372518,50.668003,2.650549,0.086028,1.897819,3,10,8,4,3,9,8,3,3,10,8,4,3,6,7,4,0.04579,0.08774,0.29611,0.31963,1,1,12:08:2023,13:06:18,932,-10.882212,-61.9686,175.0,lev20,Almucantar,Ji_Parana_UNIR,250,250.804213,1.897819,0.895506,0.516568,0.361116,1.888609,51.372518,50.668003,2.650549,0.086028,1.897819,3,10,8,4,3,9,8,3,3,10,8,4,3,6,7,4,0.04579,0.08774,0.29611,0.31963,1,1,12:08:2023,13:06:18,932,-10.882212,-61.9686,175.0,lev20,Almucantar,Ji_Parana_UNIR,250,250.804213,1.4936,1.5086,1.5102,1.5037,0.009396,0.008123,0.008041,0.008039,51.372518,50.668003,2.650549,0.086028,1.897819,3,10,8,4,3,9,8,3,3,10,8,4,3,6,7,4,0.04579,0.08774,0.29611,0.31963,1,1,12:08:2023,13:06:18,932,-10.882212,-61.9686,175.0,lev20,Almucantar,Ji_Parana_UNIR,250,250.804213,0.9452,0.9397,0.9247,0.9113,51.372518,50.668003,2.650549,0.086028,1.897819,3,10,8,4,3,9,8,3,3,10,8,4,3,6,7,4,0.04579,0.08774,0.29611,0.31963,1,1,12:08:2023,13:06:18,932,-10.882212,-61.9686,175.0,lev20,Almucantar,Ji_Parana_UNIR,250,250.804213,0.10419,0.054031,0.038955,0.032047,1.449544,51.372518,50.668003,2.650549,0.086028,1.897819,3,10,8,4,3,9,8,3,3,10,8,4,3,6,7,4,0.04579,0.08774,0.29611,0.31963,1,1,12:08:2023,13:06:18,932,-10.882212,-61.9686,175.0,lev20,Almucantar,1.910450342240809,1.490101699075312,0.9718981268075624,BCL,Biomass,,Unknown
07:09:2022,19:45:03,Ji_Parana_UNIR,250,250.822951,1.8339,0.8649,0.4987,0.3499,1.7968,0.8265,0.4598,0.3107,0.0371,0.0384,0.039,0.0392,1.88997,57.754887,57.041722,3.412439,0.037305,1.831327,4,10,7,5,4,10,7,5,4,10,6,5,4,10,6,5,0.04766,0.09098,0.31004,0.33275,1,1,12:08:2023,13:13:57,932,-10.882212,-61.9686,175.0,lev20,Almucantar,Ji_Parana_UNIR,250,250.822951,1.831327,0.864058,0.498531,0.349216,1.888469,57.754887,57.041722,3.412439,0.037305,1.831327,4,10,7,5,4,10,7,5,4,10,6,5,4,10,6,5,0.04766,0.09098,0.31004,0.33275,1,1,12:08:2023,13:13:57,932,-10.882212,-61.9686,175.0,lev20,Almucantar,Ji_Parana_UNIR,250,250.822951,1.474,1.4911,1.4953,1.4925,0.008217,0.007163,0.006985,0.006947,57.754887,57.041722,3.412439,0.037305,1.831327,4,10,7,5,4,10,7,5,4,10,6,5,4,10,6,5,0.04766,0.09098,0.31004,0.33275,1,1,12:08:2023,13:13:57,932,-10.882212,-61.9686,175.0,lev20,Almucantar,Ji_Parana_UNIR,250,250.822951,0.9514,0.9447,0.9315,0.9199,57.754887,57.041722,3.412439,0.037305,1.831327,4,10,7,5,4,10,7,5,4,10,6,5,4,10,6,5,0.04766,0.09098,0.31004,0.33275,1,1,12:08:2023,13:13:57,932,-10.882212,-61.9686,175.0,lev20,Almucantar,Ji_Parana_UNIR,250,250.822951,0.089161,0.047816,0.034188,0.028042,1.408275,57.754887,57.041722,3.412439,0.037305,1.831327,4,10,7,5,4,10,7,5,4,10,6,5,4,10,6,5,0.04766,0.09098,0.31004,0.33275,1,1,12:08:2023,13:13:57,932,-10.882212,-61.9686,175.0,lev20,Almucantar,1.9101659149735104,1.43657512837065,0.9708945684533887,FNA,Biomass,,Unknown
07:09:2022,20:10:02,Ji_Parana_UNIR,250,250.840301,1.7364,0.8191,0.4727,0.3317,1.7021,0.7836,0.4366,0.2954,0.0344,0.0355,0.0361,0.0364,1.888491,63.721238,63.002515,2.285185,0.044366,1.732936,3,10,8,5,3,10,8,5,3,10,8,5,3,10,8,5,0.0502,0.09526,0.32752,0.34927,1,1,12:08:2023,13:21:59,932,-10.882212,-61.9686,175.0,lev20,Almucantar,Ji_Parana_UNIR,250,250.840301,1.732936,0.818258,0.472375,0.33129,1.886539,63.721238,63.002515,2.285185,0.044366,1.732936,3,10,8,5,3,10,8,5,3,10,8,5,3,10,8,5,0.0502,0.09526,0.32752,0.34927,1,1,12:08:2023,13:21:59,932,-10.882212,-61.9686,175.0,lev20,Almucantar,Ji_Parana_UNIR,250,250.840301,1.4674,1.4883,1.4915,1.487,0.009216,0.008176,0.008338,0.008401,63.721238,63.002515,2.285185,0.044366,1.732936,3,10,8,5,3,10,8,5,3,10,8,5,3,10,8,5,0.0502,0.09526,0.32752,0.34927,1,1,12:08:2023,13:21:59,932,-10.882212,-61.9686,175.0,lev20,Almucantar,Ji_Parana_UNIR,250,250.840301,0.9442,0.9367,0.9184,0.9035,63.721238,63.002515,2.285185,0.044366,1.732936,3,10,8,5,3,10,8,5,3,10,8,5,3,10,8,5,0.0502,0.09526,0.32752,0.34927,1,1,12:08:2023,13:21:59,932,-10.882212,-61.9686,175.0,lev20,Almucantar,Ji_Parana_UNIR,250,250.840301,0.09686,0.051886,0.038562,0.03201,1.359314,63.721238,63.002515,2.285185,0.044366,1.732936,3,10,8,5,3,10,8,5,3,10,8,5,3,10,8,5,0.0502,0.09526,0.32752,0.34927,1,1,12:08:2023,13:21:59,932,-10.882212,-61.9686,175.0,lev20,Almucantar,1.9085713161049094,1.3604763534874966,0.971542232565649,BCL,Biomass,,Unknown
07:09:2022,20:52:56,Ji_Parana_UNIR,250,250.870093,1.6656,0.7821,0.4509,0.3162,1.6309,0.7461,0.4143,0.2795,0.0348,0.036,0.0366,0.0367,1.896934,74.046599,73.322429,3.927406,0.038394,1.660713,4,10,7,5,4,10,7,5,4,10,7,6,4,10,7,6,0.05767,0.10746,0.37423,0.39339,1,1,12:08:2023,13:29:16,932,-10.882212,-61.9686,175.0,lev20,Almucantar,Ji_Parana_UNIR,250,250.870093,1.660713,0.781352,0.450582,0.315984,1.893524,74.046599,73.322429,3.927406,0.038394,1.660713,4,10,7,5,4,10,7,5,4,10,7,6,4,10,7,6,0.05767,0.10746,0.37423,0.39339,1,1,12:08:2023,13:29:16,932,-10.882212,-61.9686,175.0,lev20,Almucantar,Ji_Parana_UNIR,250,250.870093,1.5242,1.5303,1.5254,1.5153,0.011775,0.011208,0.011113,0.011054,74.046599,73.322429,3.927406,0.038394,1.660713,4,10,7,5,4,10,7,5,4,10,7,6,4,10,7,6,0.05767,0.10746,0.37423,0.39339,1,1,12:08:2023,13:29:16,932,-10.882212,-61.9686,175.0,lev20,Almucantar,Ji_Parana_UNIR,250,250.870093,0.9363,0.9217,0.9018,0.8848,74.046599,73.322429,3.927406,0.038394,1.660713,4,10,7,5,4,10,7,5,4,10,7,6,4,10,7,6,0.05767,0.10746,0.37423,0.39339,1,1,12:08:2023,13:29:16,932,-10.882212,-61.9686,175.0,lev20,Almucantar,Ji_Parana_UNIR,250,250.870093,0.10603,0.0612,0.044296,0.036433,1.277972,74.046599,73.322429,3.927406,0.038394,1.660713,4,10,7,5,4,10,7,5,4,10,7,6,4,10,7,6,0.05767,0.10746,0.37423,0.39339,1,1,12:08:2023,13:29:16,932,-10.882212,-61.9686,175.0,lev20,Almucantar,1.9167664390662282,1.3036378500468229,0.969821116838721,BCL,Biomass,,Unknown
08:09:2022,12:52:21,Ji_Parana_UNIR,251,251.536354,1.871,0.9019,0.5199,0.3602,1.8433,0.8732,0.4908,0.3309,0.0277,0.0287,0.0291,0.0293,1.856324,50.086129,50.791598,1.806857,0.043895,1.867566,3,10,8,4,3,10,8,4,3,10,8,4,3,10,8,4,0.04535,0.08717,0.29442,0.31987,1,1,12:08:2023,13:02:07,932,-10.882212,-61.9686,175.0,lev20,Almucantar,Ji_Parana_UNIR,251,251.536354,1.867566,0.900814,0.519747,0.360147,1.854148,50.086129,50.791598,1.806857,0.043895,1.867566,3,10,8,4,3,10,8,4,3,10,8,4,3,10,8,4,0.04535,0.08717,0.29442,0.31987,1,1,12:08:2023,13:02:07,932,-10.882212,-61.9686,175.0,lev20,Almucantar,Ji_Parana_UNIR,251,251.536354,1.4714,1.4859,1.4861,1.4789,0.009754,0.008629,0.009136,0.009385,50.086129,50.791598,1.806857,0.043895,1.867566,3,10,8,4,3,10,8,4,3,10,8,4,3,10,8,4,0.04535,0.08717,0.29442,0.31987,1,1,12:08:2023,13:02:07,932,-10.882212,-61.9686,175.0,lev20,Almucantar,Ji_Parana_UNIR,251,251.536354,0.9436,0.9382,0.9176,0.8997,50.086129,50.791598,1.806857,0.043895,1.867566,3,10,8,4,3,10,8,4,3,10,8,4,3,10,8,4,0.04535,0.08717,0.29442,0.31987,1,1,12:08:2023,13:02:07,932,-10.882212,-61.9686,175.0,lev20,Almucantar,Ji_Parana_UNIR,251,251.536354,0.10551,0.055732,0.042855,0.036129,1.336505,50.086129,50.791598,1.806857,0.043895,1.867566,3,10,8,4,3,10,8,4,3,10,8,4,3,10,8,4,0.04535,0.08717,0.29442,0.31987,1,1,12:08:2023,13:02:07,932,-10.882212,-61.9686,175.0,lev20,Almucantar,1.878476041880735,1.4715865751096193,0.9791002690238609,BCL,Biomass,,Unknown
11:09:2022,20:53:45,Ji_Parana_UNIR,254,254.87066,1.7665,0.9126,0.5503,0.3983,1.7109,0.8551,0.4918,0.3393,0.0556,0.0576,0.0585,0.059,1.689628,74.246813,73.519508,2.954747,0.02555,1.757726,4,10,7,5,4,10,7,5,4,10,7,6,4,10,7,6,0.0579,0.10781,0.37546,0.39454,1,1,12:08:2023,13:20:41,932,-10.882212,-61.9686,175.0,lev20,Almucantar,Ji_Parana_UNIR,254,254.87066,1.757726,0.911056,0.54966,0.398285,1.683827,74.246813,73.519508,2.954747,0.02555,1.757726,4,10,7,5,4,10,7,5,4,10,7,6,4,10,7,6,0.0579,0.10781,0.37546,0.39454,1,1,12:08:2023,13:20:41,932,-10.882212,-61.9686,175.0,lev20,Almucantar,Ji_Parana_UNIR,254,254.87066,1.47,1.4827,1.478,1.47,0.007121,0.006158,0.006145,0.006102,74.246813,73.519508,2.954747,0.02555,1.757726,4,10,7,5,4,10,7,5,4,10,7,6,4,10,7,6,0.0579,0.10781,0.37546,0.39454,1,1,12:08:2023,13:20:41,932,-10.882212,-61.9686,175.0,lev20,Almucantar,Ji_Parana_UNIR,254,254.87066,0.9537,0.9493,0.9375,0.9283,74.246813,73.519508,2.954747,0.02555,1.757726,4,10,7,5,4,10,7,5,4,10,7,6,4,10,7,6,0.0579,0.10781,0.37546,0.39454,1,1,12:08:2023,13:20:41,932,-10.882212,-61.9686,175.0,lev20,Almucantar,Ji_Parana_UNIR,254,254.87066,0.081872,0.046254,0.034416,0.028558,1.275086,74.246813,73.519508,2.954747,0.02555,1.757726,4,10,7,5,4,10,7,5,4,10,7,6,4,10,7,6,0.0579,0.10781,0.37546,0.39454,1,1,12:08:2023,13:20:41,932,-10.882212,-61.9686,175.0,lev20,Almucantar,1.7108115869625995,1.4194952840123074,0.9566379365648164,FNA,Biomass,,Unknown
19:09:2022,11:35:07,Ji_Parana_UNIR,262,262.48272,0.7306,0.3735,0.2339,0.1753,0.6912,0.3312,0.1877,0.1266,0.0393,0.0422,0.0462,0.0487,1.656383,66.600881,67.332085,2.655112,0.02223,0.72938,4,10,7,6,4,10,7,6,4,10,7,5,2,5,7,5,0.05095,0.09686,0.34162,0.36592,1,1,12:08:2023,13:01:53,932,-10.882212,-61.9686,175.0,lev20,Almucantar,Ji_Parana_UNIR,262,262.48272,0.72938,0.372404,0.233953,0.176117,1.654206,66.600881,67.332085,2.655112,0.02223,0.72938,4,10,7,6,4,10,7,6,4,10,7,5,2,5,7,5,0.05095,0.09686,0.34162,0.36592,1,1,12:08:2023,13:01:53,932,-10.882212,-61.9686,175.0,lev20,Almucantar,Ji_Parana_UNIR,262,262.48272,1.4764,1.4892,1.4879,1.4799,0.008405,0.008335,0.009298,0.00965,66.600881,67.332085,2.655112,0.02223,0.72938,4,10,7,6,4,10,7,6,4,10,7,5,2,5,7,5,0.05095,0.09686,0.34162,0.36592,1,1,12:08:2023,13:01:53,932,-10.882212,-61.9686,175.0,lev20,Almucantar,Ji_Parana_UNIR,262,262.48272,0.9449,0.9328,0.9104,0.896,66.600881,67.332085,2.655112,0.02223,0.72938,4,10,7,6,4,10,7,6,4,10,7,5,2,5,7,5,0.05095,0.09686,0.34162,0.36592,1,1,12:08:2023,13:01:53,932,-10.882212,-61.9686,175.0,lev20,Almucantar,Ji_Parana_UNIR,262,262.48272,0.040223,0.025085,0.020961,0.018228,0.969385,66.600881,67.332085,2.655112,0.02223,0.72938,4,10,7,6,4,10,7,6,4,10,7,5,2,5,7,5,0.05095,0.09686,0.34162,0.36592,1,1,12:08:2023,13:01:53,932,-10.882212,-61.9686,175.0,lev20,Almucantar,1.6707372123136497,0.5900988962431638,0.9248123834410785,BCL,Arid,,Unknown
19:09:2022,12:18:26,Ji_Parana_UNIR,262,262.512801,0.6971,0.3731,0.2467,0.194,0.6491,0.3214,0.1908,0.1358,0.048,0.0517,0.0559,0.0582,1.513853,56.070339,56.797467,6.331187,0.082242,0.696277,4,10,8,4,4,10,6,4,3,9,8,4,2,6,7,4,0.04655,0.08916,0.30893,0.33334,1,1,12:08:2023,13:04:33,932,-10.882212,-61.9686,175.0,lev20,Almucantar,Ji_Parana_UNIR,262,262.512801,0.696277,0.37139,0.247467,0.195392,1.509071,56.070339,56.797467,6.331187,0.082242,0.696277,4,10,8,4,4,10,6,4,3,9,8,4,2,6,7,4,0.04655,0.08916,0.30893,0.33334,1,1,12:08:2023,13:04:33,932,-10.882212,-61.9686,175.0,lev20,Almucantar,Ji_Parana_UNIR,262,262.512801,1.4767,1.4888,1.4897,1.4909,0.012027,0.013469,0.015384,0.015252,56.070339,56.797467,6.331187,0.082242,0.696277,4,10,8,4,4,10,6,4,3,9,8,4,2,6,7,4,0.04655,0.08916,0.30893,0.33334,1,1,12:08:2023,13:04:33,932,-10.882212,-61.9686,175.0,lev20,Almucantar,Ji_Parana_UNIR,262,262.512801,0.9209,0.8955,0.8629,0.8537,56.070339,56.797467,6.331187,0.082242,0.696277,4,10,8,4,4,10,6,4,3,9,8,4,2,6,7,4,0.04655,0.08916,0.30893,0.33334,1,1,12:08:2023,13:04:33,932,-10.882212,-61.9686,175.0,lev20,Almucantar,Ji_Parana_UNIR,262,262.512801,0.055109,0.039002,0.033814,0.028382,0.724467,56.070339,56.797467,6.331187,0.082242,0.696277,4,10,8,4,4,10,6,4,3,9,8,4,2,6,7,4,0.04655,0.08916,0.30893,0.33334,1,1,12:08:2023,13:04:33,932,-10.882212,-61.9686,175.0,lev20,Almucantar,1.5237313821097511,0.5737221114173138,0.9028327112134862,BCL,Arid,,Unknown
20:09:2022,11:34:27,Ji_Parana_UNIR,263,263.482257,1.0399,0.4714,0.2766,0.2003,1.0143,0.445,0.2491,0.1718,0.0256,0.0264,0.0275,0.0285,1.928606,66.593488,67.325267,4.037928,0.055394,1.03781,4,10,7,6,4,10,7,6,4,10,7,4,4,8,7,3,0.05096,0.09688,0.3416,0.36593,1,1,12:08:2023,13:15:33,932,-10.882212,-61.9686,175.0,lev20,Almucantar,Ji_Parana_UNIR,263,263.482257,1.03781,0.470826,0.27638,0.199859,1.926821,66.593488,67.325267,4.037928,0.055394,1.03781,4,10,7,6,4,10,7,6,4,10,7,4,4,8,7,3,0.05096,0.09688,0.3416,0.36593,1,1,12:08:2023,13:15:33,932,-10.882212,-61.9686,175.0,lev20,Almucantar,Ji_Parana_UNIR,263,263.482257,1.4815,1.4927,1.4949,1.4935,0.011966,0.011015,0.010968,0.010982,66.593488,67.325267,4.037928,0.055394,1.03781,4,10,7,6,4,10,7,6,4,10,7,4,4,8,7,3,0.05096,0.09688,0.3416,0.36593,1,1,12:08:2023,13:15:33,932,-10.882212,-61.9686,175.0,lev20,Almucantar,Ji_Parana_UNIR,263,263.482257,0.9299,0.9141,0.8937,0.8787,66.593488,67.325267,4.037928,0.055394,1.03781,4,10,7,6,4,10,7,6,4,10,7,4,4,8,7,3,0.05096,0.09688,0.3416,0.36593,1,1,12:08:2023,13:15:33,932,-10.882212,-61.9686,175.0,lev20,Almucantar,Ji_Parana_UNIR,263,263.482257,0.072866,0.040486,0.029397,0.024292,1.333006,66.593488,67.325267,4.037928,0.055394,1.03781,4,10,7,6,4,10,7,6,4,10,7,4,4,8,7,3,0.05096,0.09688,0.3416,0.36593,1,1,12:08:2023,13:15:33,932,-10.882212,-61.9686,175.0,lev20,Almucantar,1.9426015930134997,0.8112291142421224,0.963745909563551,BCL,Biomass,,Unknown
20:09:2022,12:17:40,Ji_Parana_UNIR,263,263.512269,1.1487,0.5139,0.2932,0.2055,1.1258,0.4902,0.2685,0.1799,0.0229,0.0237,0.0247,0.0256,1.98585,56.076376,56.804444,2.101667,0.036893,1.146922,4,10,8,4,4,10,8,4,4,10,8,4,4,10,8,4,0.04655,0.08916,0.30893,0.33336,1,1,12:08:2023,13:21:34,932,-10.882212,-61.9686,175.0,lev20,Almucantar,Ji_Parana_UNIR,263,263.512269,1.146922,0.512994,0.293255,0.205598,1.983628,56.076376,56.804444,2.101667,0.036893,1.146922,4,10,8,4,4,10,8,4,4,10,8,4,4,10,8,4,0.04655,0.08916,0.30893,0.33336,1,1,12:08:2023,13:21:34,932,-10.882212,-61.9686,175.0,lev20,Almucantar,Ji_Parana_UNIR,263,263.512269,1.4813,1.4842,1.4795,1.4706,0.012073,0.01074,0.010628,0.010634,56.076376,56.804444,2.101667,0.036893,1.146922,4,10,8,4,4,10,8,4,4,10,8,4,4,10,8,4,0.04655,0.08916,0.30893,0.33336,1,1,12:08:2023,13:21:34,932,-10.882212,-61.9686,175.0,lev20,Almucantar,Ji_Parana_UNIR,263,263.512269,0.9313,0.918,0.8971,0.8794,56.076376,56.804444,2.101667,0.036893,1.146922,4,10,8,4,4,10,8,4,4,10,8,4,4,10,8,4,0.04655,0.08916,0.30893,0.33336,1,1,12:08:2023,13:21:34,932,-10.882212,-61.9686,175.0,lev20,Almucantar,Ji_Parana_UNIR,263,263.512269,0.078886,0.042129,0.030183,0.024777,1.412121,56.076376,56.804444,2.101667,0.036893,1.146922,4,10,8,4,4,10,8,4,4,10,8,4,4,10,8,4,0.04655,0.08916,0.30893,0.33336,1,1,12:08:2023,13:21:34,932,-10.882212,-61.9686,175.0,lev20,Almucantar,2.0030719537655295,0.8892040226028045,0.970989116521717,BCL,Biomass,,Unknown
20:09:2022,12:42:37,Ji_Parana_UNIR,263,263.529595,0.9298,0.4203,0.246,0.177,0.9067,0.3964,0.2213,0.1516,0.0232,0.0239,0.0247,0.0255,1.936282,50.038331,50.762509,4.410063,0.141744,0.927033,3,10,8,4,3,10,7,4,3,10,7,4,3,10,8,4,0.04502,0.08641,0.29643,0.32097,1,1,12:08:2023,13:23:26,932,-10.882212,-61.9686,175.0,lev20,Almucantar,Ji_Parana_UNIR,263,263.529595,0.927033,0.418886,0.24512,0.175409,1.937169,50.038331,50.762509,4.410063,0.141744,0.927033,3,10,8,4,3,10,7,4,3,10,7,4,3,10,8,4,0.04502,0.08641,0.29643,0.32097,1,1,12:08:2023,13:23:26,932,-10.882212,-61.9686,175.0,lev20,Almucantar,Ji_Parana_UNIR,263,263.529595,1.538,1.5336,1.5351,1.5323,0.00648,0.006122,0.00606,0.006048,50.038331,50.762509,4.410063,0.141744,0.927033,3,10,8,4,3,10,7,4,3,10,7,4,3,10,8,4,0.04502,0.08641,0.29643,0.32097,1,1,12:08:2023,13:23:26,932,-10.882212,-61.9686,175.0,lev20,Almucantar,Ji_Parana_UNIR,263,263.529595,0.9632,0.9542,0.9438,0.936,50.038331,50.762509,4.410063,0.141744,0.927033,3,10,8,4,3,10,7,4,3,10,7,4,3,10,8,4,0.04502,0.08641,0.29643,0.32097,1,1,12:08:2023,13:23:26,932,-10.882212,-61.9686,175.0,lev20,Almucantar,Ji_Parana_UNIR,263,263.529595,0.034243,0.019258,0.013823,0.011323,1.32929,50.038331,50.762509,4.410063,0.141744,0.927033,3,10,8,4,3,10,7,4,3,10,7,4,3,10,8,4,0.04502,0.08641,0.29643,0.32097,1,1,12:08:2023,13:23:26,932,-10.882212,-61.9686,175.0,lev20,Almucantar,1.9504208894062829,0.7246151099800456,0.9632183745858482,FNA,Biomass,,Unknown
20:09:2022,20:10:25,Ji_Parana_UNIR,263,263.840567,0.4946,0.2376,0.1477,0.1121,0.4685,0.2105,0.1195,0.0831,0.0261,0.0271,0.0282,0.029,1.762767,63.734023,63.003262,2.35617,0.019251,0.494368,3,10,8,5,3,10,8,5,3,10,8,5,3,10,6,4,0.04983,0.09446,0.32974,0.35042,1,1,12:08:2023,13:09:10,932,-10.882212,-61.9686,175.0,lev20,Almucantar,Ji_Parana_UNIR,263,263.840567,0.494368,0.23655,0.147854,0.111406,1.761752,63.734023,63.003262,2.35617,0.019251,0.494368,3,10,8,5,3,10,8,5,3,10,8,5,3,10,6,4,0.04983,0.09446,0.32974,0.35042,1,1,12:08:2023,13:09:10,932,-10.882212,-61.9686,175.0,lev20,Almucantar,Ji_Parana_UNIR,263,263.840567,1.4263,1.4513,1.4577,1.4585,0.008256,0.007013,0.007193,0.007346,63.734023,63.003262,2.35617,0.019251,0.494368,3,10,8,5,3,10,8,5,3,10,8,5,3,10,6,4,0.04983,0.09446,0.32974,0.35042,1,1,12:08:2023,13:09:10,932,-10.882212,-61.9686,175.0,lev20,Almucantar,Ji_Parana_UNIR,263,263.840567,0.9351,0.9264,0.9088,0.8969,63.734023,63.003262,2.35617,0.019251,0.494368,3,10,8,5,3,10,8,5,3,10,8,5,3,10,6,4,0.04983,0.09446,0.32974,0.35042,1,1,12:08:2023,13:09:10,932,-10.882212,-61.9686,175.0,lev20,Almucantar,Ji_Parana_UNIR,263,263.840567,0.032092,0.017485,0.013474,0.011552,1.285515,63.734023,63.003262,2.35617,0.019251,0.494368,3,10,8,5,3,10,8,5,3,10,8,5,3,10,6,4,0.04983,0.09446,0.32974,0.35042,1,1,12:08:2023,13:09:10,932,-10.882212,-61.9686,175.0,lev20,Almucantar,1.772822935874234,0.3943044876409297,0.9227650341950366,BCL,Urban,,Unknown
21:09:2022,11:03:30,Ji_Parana_UNIR,264,264.460764,1.4394,0.6593,0.3821,0.2711,1.4204,0.6396,0.3621,0.2509,0.019,0.0197,0.02,0.0201,1.928687,73.983244,74.715908,4.878381,0.066736,1.435838,4,10,7,6,4,10,7,6,4,10,7,6,4,10,7,6,0.05635,0.10605,0.37821,0.40261,1,1,12:08:2023,13:14:01,932,-10.882212,-61.9686,175.0,lev20,Almucantar,Ji_Parana_UNIR,264,264.460764,1.435838,0.658134,0.381976,0.270692,1.925695,73.983244,74.715908,4.878381,0.066736,1.435838,4,10,7,6,4,10,7,6,4,10,7,6,4,10,7,6,0.05635,0.10605,0.37821,0.40261,1,1,12:08:2023,13:14:01,932,-10.882212,-61.9686,175.0,lev20,Almucantar,Ji_Parana_UNIR,264,264.460764,1.4992,1.5071,1.506,1.5007,0.009512,0.008787,0.008631,0.008588,73.983244,74.715908,4.878381,0.066736,1.435838,4,10,7,6,4,10,7,6,4,10,7,6,4,10,7,6,0.05635,0.10605,0.37821,0.40261,1,1,12:08:2023,13:14:01,932,-10.882212,-61.9686,175.0,lev20,Almucantar,Ji_Parana_UNIR,264,264.460764,0.9455,0.9362,0.9225,0.9112,73.983244,74.715908,4.878381,0.066736,1.435838,4,10,7,6,4,10,7,6,4,10,7,6,4,10,7,6,0.05635,0.10605,0.37821,0.40261,1,1,12:08:2023,13:14:01,932,-10.882212,-61.9686,175.0,lev20,Almucantar,Ji_Parana_UNIR,264,264.460764,0.078504,0.042076,0.029617,0.024079,1.429692,73.983244,74.715908,4.878381,0.066736,1.435838,4,10,7,6,4,10,7,6,4,10,7,6,4,10,7,6,0.05635,0.10605,0.37821,0.40261,1,1,12:08:2023,13:14:01,932,-10.882212,-61.9686,175.0,lev20,Almucantar,1.9455234298565927,1.122460937755175,0.9804361189341709,BCL,Biomass,,Unknown
21:09:2022,11:35:33,Ji_Parana_UNIR,264,264.483021,1.2796,0.5879,0.3431,0.2449,1.2561,0.5636,0.3183,0.2197,0.0235,0.0244,0.0248,0.0252,1.914812,66.15628,66.888519,1.773703,0.024574,1.277603,3,10,7,6,3,10,7,6,4,10,7,6,4,10,7,6,0.05072,0.09646,0.33989,0.3642,1,1,12:08:2023,13:20:26,932,-10.882212,-61.9686,175.0,lev20,Almucantar,Ji_Parana_UNIR,264,264.483021,1.277603,0.587058,0.34292,0.244433,1.913421,66.15628,66.888519,1.773703,0.024574,1.277603,3,10,7,6,3,10,7,6,4,10,7,6,4,10,7,6,0.05072,0.09646,0.33989,0.3642,1,1,12:08:2023,13:20:26,932,-10.882212,-61.9686,175.0,lev20,Almucantar,Ji_Parana_UNIR,264,264.483021,1.4616,1.4602,1.456,1.4502,0.00971,0.00897,0.009553,0.009673,66.15628,66.888519,1.773703,0.024574,1.277603,3,10,7,6,3,10,7,6,4,10,7,6,4,10,7,6,0.05072,0.09646,0.33989,0.3642,1,1,12:08:2023,13:20:26,932,-10.882212,-61.9686,175.0,lev20,Almucantar,Ji_Parana_UNIR,264,264.483021,0.9405,0.929,0.9047,0.8885,66.15628,66.888519,1.773703,0.024574,1.277603,3,10,7,6,3,10,7,6,4,10,7,6,4,10,7,6,0.05072,0.09646,0.33989,0.3642,1,1,12:08:2023,13:20:26,932,-10.882212,-61.9686,175.0,lev20,Almucantar,Ji_Parana_UNIR,264,264.483021,0.076114,0.041761,0.032686,0.027315,1.254243,66.15628,66.888519,1.773703,0.024574,1.277603,3,10,7,6,3,10,7,6,4,10,7,6,4,10,7,6,0.05072,0.09646,0.33989,0.3642,1,1,12:08:2023,13:20:26,932,-10.882212,-61.9686,175.0,lev20,Almucantar,1.9308275889278175,0.9997233668662842,0.9729434297110032,BCL,Biomass,,Unknown
21:09:2022,12:41:51,Ji_Parana_UNIR,264,264.529063,1.2309,0.5624,0.3275,0.2344,1.1984,0.5289,0.2925,0.198,0.0325,0.0336,0.035,0.0364,1.926297,50.037762,50.76312,1.800217,0.031294,1.229817,3,10,8,4,3,10,8,4,3,10,8,4,3,10,8,4,0.04502,0.08641,0.29644,0.32097,1,1,12:08:2023,13:05:10,932,-10.882212,-61.9686,175.0,lev20,Almucantar,Ji_Parana_UNIR,264,264.529063,1.229817,0.561195,0.327739,0.234429,1.924493,50.037762,50.76312,1.800217,0.031294,1.229817,3,10,8,4,3,10,8,4,3,10,8,4,3,10,8,4,0.04502,0.08641,0.29644,0.32097,1,1,12:08:2023,13:05:10,932,-10.882212,-61.9686,175.0,lev20,Almucantar,Ji_Parana_UNIR,264,264.529063,1.5084,1.4941,1.4864,1.479,0.011079,0.009534,0.009639,0.009549,50.037762,50.76312,1.800217,0.031294,1.229817,3,10,8,4,3,10,8,4,3,10,8,4,3,10,8,4,0.04502,0.08641,0.29644,0.32097,1,1,12:08:2023,13:05:10,932,-10.882212,-61.9686,175.0,lev20,Almucantar,Ji_Parana_UNIR,264,264.529063,0.9378,0.9277,0.9081,0.8951,50.037762,50.76312,1.800217,0.031294,1.229817,3,10,8,4,3,10,8,4,3,10,8,4,3,10,8,4,0.04502,0.08641,0.29644,0.32097,1,1,12:08:2023,13:05:10,932,-10.882212,-61.9686,175.0,lev20,Almucantar,Ji_Parana_UNIR,264,264.529063,0.076545,0.040669,0.030086,0.024578,1.378114,50.037762,50.76312,1.800217,0.031294,1.229817,3,10,8,4,3,10,8,4,3,10,8,4,3,10,8,4,0.04502,0.08641,0.29644,0.32097,1,1,12:08:2023,13:05:10,932,-10.882212,-61.9686,175.0,lev20,Almucantar,1.9421694771164226,0.9602818314581069,0.961817172701068,BCL,Biomass,,Unknown
21:09:2022,20:52:49,Ji_Parana_UNIR,264,264.870012,0.9764,0.4501,0.2658,0.1926,0.9454,0.418,0.2323,0.1579,0.031,0.032,0.0336,0.0347,1.894137,74.086449,73.353881,3.559923,0.020762,0.974645,4,10,7,5,4,9,7,6,4,10,5,5,4,10,4,6,0.0571,0.10647,0.37664,0.39459,1,1,12:08:2023,13:13:18,932,-10.882212,-61.9686,175.0,lev20,Almucantar,Ji_Parana_UNIR,264,264.870012,0.974645,0.44908,0.265474,0.192026,1.8935,74.086449,73.353881,3.559923,0.020762,0.974645,4,10,7,5,4,9,7,6,4,10,5,5,4,10,4,6,0.0571,0.10647,0.37664,0.39459,1,1,12:08:2023,13:13:18,932,-10.882212,-61.9686,175.0,lev20,Almucantar,Ji_Parana_UNIR,264,264.870012,1.4408,1.4524,1.4565,1.4557,0.007303,0.007005,0.006988,0.006937,74.086449,73.353881,3.559923,0.020762,0.974645,4,10,7,5,4,9,7,6,4,10,5,5,4,10,4,6,0.0571,0.10647,0.37664,0.39459,1,1,12:08:2023,13:13:18,932,-10.882212,-61.9686,175.0,lev20,Almucantar,Ji_Parana_UNIR,264,264.870012,0.9518,0.938,0.9225,0.9117,74.086449,73.353881,3.559923,0.020762,0.974645,4,10,7,5,4,9,7,6,4,10,5,5,4,10,4,6,0.0571,0.10647,0.37664,0.39459,1,1,12:08:2023,13:13:18,932,-10.882212,-61.9686,175.0,lev20,Almucantar,Ji_Parana_UNIR,264,264.870012,0.0471,0.027895,0.020591,0.017006,1.212179,74.086449,73.353881,3.559923,0.020762,0.974645,4,10,7,5,4,9,7,6,4,10,5,5,4,10,4,6,0.0571,0.10647,0.37664,0.39459,1,1,12:08:2023,13:13:18,932,-10.882212,-61.9686,175.0,lev20,Almucantar,1.908600428728165,0.765010462993944,0.9537630391308701,FNA,Biomass,,Unknown
22:09:2022,12:16:20,Ji_Parana_UNIR,265,265.511343,2.9633,1.4228,0.8481,0.6115,2.912,1.3696,0.7941,0.5569,0.0514,0.0532,0.0541,0.0546,1.818585,56.046153,56.775924,4.267293,0.122414,2.953614,4,10,8,4,4,10,8,4,4,10,8,4,4,10,8,4,0.04549,0.08712,0.3112,0.33341,1,1,12:08:2023,13:03:52,932,-10.882212,-61.9686,175.0,lev20,Almucantar,Ji_Parana_UNIR,265,265.511343,2.953614,1.421452,0.846895,0.610533,1.815589,56.046153,56.775924,4.267293,0.122414,2.953614,4,10,8,4,4,10,8,4,4,10,8,4,4,10,8,4,0.04549,0.08712,0.3112,0.33341,1,1,12:08:2023,13:03:52,932,-10.882212,-61.9686,175.0,lev20,Almucantar,Ji_Parana_UNIR,265,265.511343,1.4918,1.4809,1.4764,1.4712,0.009203,0.007731,0.007483,0.007444,56.046153,56.775924,4.267293,0.122414,2.953614,4,10,8,4,4,10,8,4,4,10,8,4,4,10,8,4,0.04549,0.08712,0.3112,0.33341,1,1,12:08:2023,13:03:52,932,-10.882212,-61.9686,175.0,lev20,Almucantar,Ji_Parana_UNIR,265,265.511343,0.9464,0.9439,0.9334,0.9243,56.046153,56.775924,4.267293,0.122414,2.953614,4,10,8,4,4,10,8,4,4,10,8,4,4,10,8,4,0.04549,0.08712,0.3112,0.33341,1,1,12:08:2023,13:03:52,932,-10.882212,-61.9686,175.0,lev20,Almucantar,Ji_Parana_UNIR,265,265.511343,0.15879,0.079748,0.056473,0.046288,1.522907,56.046153,56.775924,4.267293,0.122414,2.953614,4,10,8,4,4,10,8,4,4,10,8,4,4,10,8,4,0.04549,0.08712,0.3112,0.33341,1,1,12:08:2023,13:03:52,932,-10.882212,-61.9686,175.0,lev20,Almucantar,1.835156689786524,2.3436493019123383,0.9749132369574711,BCL,Biomass,,Unknown
22:09:2022,12:41:07,Ji_Parana_UNIR,265,265.528553,2.5631,1.2332,0.738,0.535,2.5052,1.1729,0.6744,0.469,0.058,0.0603,0.0637,0.066,1.810175,50.031766,50.75824,3.140859,0.079365,2.557347,3,10,8,4,3,10,8,4,3,10,7,4,3,10,8,4,0.04402,0.08444,0.29873,0.32111,1,1,12:08:2023,13:14:14,932,-10.882212,-61.9686,175.0,lev20,Almucantar,Ji_Parana_UNIR,265,265.528553,2.557347,1.232688,0.737448,0.534587,1.807764,50.031766,50.75824,3.140859,0.079365,2.557347,3,10,8,4,3,10,8,4,3,10,7,4,3,10,8,4,0.04402,0.08444,0.29873,0.32111,1,1,12:08:2023,13:14:14,932,-10.882212,-61.9686,175.0,lev20,Almucantar,Ji_Parana_UNIR,265,265.528553,1.4194,1.4265,1.4293,1.4294,0.007329,0.00675,0.007078,0.007229,50.031766,50.75824,3.140859,0.079365,2.557347,3,10,8,4,3,10,8,4,3,10,7,4,3,10,8,4,0.04402,0.08444,0.29873,0.32111,1,1,12:08:2023,13:14:14,932,-10.882212,-61.9686,175.0,lev20,Almucantar,Ji_Parana_UNIR,265,265.528553,0.9525,0.9437,0.9279,0.9161,50.031766,50.75824,3.140859,0.079365,2.557347,3,10,8,4,3,10,8,4,3,10,7,4,3,10,8,4,0.04402,0.08444,0.29873,0.32111,1,1,12:08:2023,13:14:14,932,-10.882212,-61.9686,175.0,lev20,Almucantar,Ji_Parana_UNIR,265,265.528553,0.12169,0.069488,0.053226,0.044857,1.220442,50.031766,50.75824,3.140859,0.079365,2.557347,3,10,8,4,3,10,8,4,3,10,7,4,3,10,8,4,0.04402,0.08444,0.29873,0.32111,1,1,12:08:2023,13:14:14,932,-10.882212,-61.9686,175.0,lev20,Almucantar,1.8263094600716814,2.02942838102018,0.9677674762735404,FNA,Biomass,,Unknown
30:09:2022,20:09:27,Ji_Parana_UNIR,273,273.839896,0.4791,0.2377,0.1508,0.1153,0.4556,0.2129,0.1246,0.0882,0.0236,0.0248,0.0261,0.027,1.685946,63.554699,62.819671,2.605635,0.031349,0.477652,3,10,8,5,3,9,8,5,3,10,6,4,3,10,8,4,0.04816,0.09159,0.33371,0.35117,1,1,12:08:2023,13:07:36,932,-10.882212,-61.9686,175.0,lev20,Almucantar,Ji_Parana_UNIR,273,273.839896,0.477652,0.236683,0.151034,0.114892,1.680257,63.554699,62.819671,2.605635,0.031349,0.477652,3,10,8,5,3,9,8,5,3,10,6,4,3,10,8,4,0.04816,0.09159,0.33371,0.35117,1,1,12:08:2023,13:07:36,932,-10.882212,-61.9686,175.0,lev20,Almucantar,Ji_Parana_UNIR,273,273.839896,1.3641,1.3962,1.4091,1.4154,0.005727,0.004992,0.005039,0.004897,63.554699,62.819671,2.605635,0.031349,0.477652,3,10,8,5,3,9,8,5,3,10,6,4,3,10,8,4,0.04816,0.09159,0.33371,0.35117,1,1,12:08:2023,13:07:36,932,-10.882212,-61.9686,175.0,lev20,Almucantar,Ji_Parana_UNIR,273,273.839896,0.9442,0.9391,0.9272,0.9224,63.554699,62.819671,2.605635,0.031349,0.477652,3,10,8,5,3,9,8,5,3,10,6,4,3,10,8,4,0.04816,0.09159,0.33371,0.35117,1,1,12:08:2023,13:07:36,932,-10.882212,-61.9686,175.0,lev20,Almucantar,Ji_Parana_UNIR,273,273.839896,0.026755,0.014469,0.010975,0.008943,1.317812,63.554699,62.819671,2.605635,0.031349,0.477652,3,10,8,5,3,9,8,5,3,10,6,4,3,10,8,4,0.04816,0.09159,0.33371,0.35117,1,1,12:08:2023,13:07:36,932,-10.882212,-61.9686,175.0,lev20,Almucantar,1.6956484446249467,0.3857343369677599,0.9287771627616216,BCL,Urban,,Unknown
01:10:2022,12:12:06,Ji_Parana_UNIR,274,274.508403,0.4637,0.2286,0.145,0.1097,0.4402,0.2041,0.1195,0.0833,0.0235,0.0245,0.0256,0.0264,1.696082,55.599271,56.334158,1.618143,0.025328,0.46268,4,10,8,4,4,10,8,4,4,10,8,4,4,10,8,4,0.04499,0.08631,0.31233,0.33361,1,1,12:08:2023,13:15:26,932,-10.882212,-61.9686,175.0,lev20,Almucantar,Ji_Parana_UNIR,274,274.508403,0.46268,0.228174,0.144968,0.10988,1.693406,55.599271,56.334158,1.618143,0.025328,0.46268,4,10,8,4,4,10,8,4,4,10,8,4,4,10,8,4,0.04499,0.08631,0.31233,0.33361,1,1,12:08:2023,13:15:26,932,-10.882212,-61.9686,175.0,lev20,Almucantar,Ji_Parana_UNIR,274,274.508403,1.4238,1.4442,1.4538,1.4533,0.007978,0.005177,0.005072,0.005122,55.599271,56.334158,1.618143,0.025328,0.46268,4,10,8,4,4,10,8,4,4,10,8,4,4,10,8,4,0.04499,0.08631,0.31233,0.33361,1,1,12:08:2023,13:15:26,932,-10.882212,-61.9686,175.0,lev20,Almucantar,Ji_Parana_UNIR,274,274.508403,0.9394,0.9469,0.9381,0.9307,55.599271,56.334158,1.618143,0.025328,0.46268,4,10,8,4,4,10,8,4,4,10,8,4,4,10,8,4,0.04499,0.08631,0.31233,0.33361,1,1,12:08:2023,13:15:26,932,-10.882212,-61.9686,175.0,lev20,Almucantar,Ji_Parana_UNIR,274,274.508403,0.028116,0.012149,0.008975,0.007603,1.701263,55.599271,56.334158,1.618143,0.025328,0.46268,4,10,8,4,4,10,8,4,4,10,8,4,4,10,8,4,0.04499,0.08631,0.31233,0.33361,1,1,12:08:2023,13:15:26,932,-10.882212,-61.9686,175.0,lev20,Almucantar,1.7052552849971174,0.3728772432959327,0.9271983718445659,BCL,Urban,,Unknown
01:10:2022,12:34:46,Ji_Parana_UNIR,274,274.524144,0.4735,0.2377,0.1538,0.1184,0.4422,0.2044,0.1185,0.0818,0.0313,0.0332,0.0354,0.0366,1.641853,50.051038,50.784842,0.824436,0.028239,0.472441,3,10,8,4,3,10,8,4,3,10,8,4,3,10,8,4,0.04366,0.08385,0.30092,0.32235,1,1,12:08:2023,13:01:18,932,-10.882212,-61.9686,175.0,lev20,Almucantar,Ji_Parana_UNIR,274,274.524144,0.472441,0.23717,0.153968,0.118904,1.637484,50.051038,50.784842,0.824436,0.028239,0.472441,3,10,8,4,3,10,8,4,3,10,8,4,3,10,8,4,0.04366,0.08385,0.30092,0.32235,1,1,12:08:2023,13:01:18,932,-10.882212,-61.9686,175.0,lev20,Almucantar,Ji_Parana_UNIR,274,274.524144,1.5094,1.4986,1.4996,1.4956,0.011999,0.010446,0.010966,0.011086,50.051038,50.784842,0.824436,0.028239,0.472441,3,10,8,4,3,10,8,4,3,10,8,4,3,10,8,4,0.04366,0.08385,0.30092,0.32235,1,1,12:08:2023,13:01:18,932,-10.882212,-61.9686,175.0,lev20,Almucantar,Ji_Parana_UNIR,274,274.524144,0.9242,0.9125,0.8928,0.8807,50.051038,50.784842,0.824436,0.028239,0.472441,3,10,8,4,3,10,8,4,3,10,8,4,3,10,8,4,0.04366,0.08385,0.30092,0.32235,1,1,12:08:2023,13:01:18,932,-10.882212,-61.9686,175.0,lev20,Almucantar,Ji_Parana_UNIR,274,274.524144,0.035901,0.020802,0.016498,0.014118,1.152131,50.051038,50.784842,0.824436,0.028239,0.472441,3,10,8,4,3,10,8,4,3,10,8,4,3,10,8,4,0.04366,0.08385,0.30092,0.32235,1,1,12:08:2023,13:01:18,932,-10.882212,-61.9686,175.0,lev20,Almucantar,1.6495061828777122,0.3834809616669167,0.9044814754550043,BCL,Urban,,Unknown
01:10:2022,20:52:25,Ji_Parana_UNIR,274,274.869734,0.6233,0.3155,0.2045,0.1586,0.591,0.2819,0.1696,0.1228,0.0323,0.0335,0.0349,0.0358,1.626678,74.087513,73.353444,3.742497,0.017566,0.621157,4,10,7,4,4,10,7,5,4,9,6,3,4,8,5,4,0.05508,0.10339,0.38133,0.39576,1,1,12:08:2023,13:15:52,932,-10.882212,-61.9686,175.0,lev20,Almucantar,Ji_Parana_UNIR,274,274.869734,0.621157,0.314623,0.204281,0.158906,1.623405,74.087513,73.353444,3.742497,0.017566,0.621157,4,10,7,4,4,10,7,5,4,9,6,3,4,8,5,4,0.05508,0.10339,0.38133,0.39576,1,1,12:08:2023,13:15:52,932,-10.882212,-61.9686,175.0,lev20,Almucantar,Ji_Parana_UNIR,274,274.869734,1.406,1.4306,1.447,1.4573,0.005795,0.004559,0.004525,0.004568,74.087513,73.353444,3.742497,0.017566,0.621157,4,10,7,4,4,10,7,5,4,9,6,3,4,8,5,4,0.05508,0.10339,0.38133,0.39576,1,1,12:08:2023,13:15:52,932,-10.882212,-61.9686,175.0,lev20,Almucantar,Ji_Parana_UNIR,274,274.869734,0.9513,0.9515,0.9435,0.938,74.087513,73.353444,3.742497,0.017566,0.621157,4,10,7,4,4,10,7,5,4,9,6,3,4,8,5,4,0.05508,0.10339,0.38133,0.39576,1,1,12:08:2023,13:15:52,932,-10.882212,-61.9686,175.0,lev20,Almucantar,Ji_Parana_UNIR,274,274.869734,0.030331,0.015285,0.011554,0.009842,1.432063,74.087513,73.353444,3.742497,0.017566,0.621157,4,10,7,4,4,10,7,5,4,9,6,3,4,8,5,4,0.05508,0.10339,0.38133,0.39576,1,1,12:08:2023,13:15:52,932,-10.882212,-61.9686,175.0,lev20,Almucantar,1.634780328368246,0.5057530277894666,0.925399808269716,FNA,Arid,,Unknown
03:10:2022,11:26:19,Ji_Parana_UNIR,276,276.476609,0.6249,0.3041,0.1865,0.1381,0.6039,0.2823,0.1637,0.1145,0.0211,0.0218,0.0228,0.0236,1.760393,66.527313,67.26279,1.362176,0.025104,0.624167,4,10,7,6,4,10,7,6,4,10,7,6,4,10,7,6,0.04936,0.09412,0.34607,0.36706,1,1,12:08:2023,13:06:37,932,-10.882212,-61.9686,175.0,lev20,Almucantar,Ji_Parana_UNIR,276,276.476609,0.624167,0.304081,0.186444,0.138191,1.758976,66.527313,67.26279,1.362176,0.025104,0.624167,4,10,7,6,4,10,7,6,4,10,7,6,4,10,7,6,0.04936,0.09412,0.34607,0.36706,1,1,12:08:2023,13:06:37,932,-10.882212,-61.9686,175.0,lev20,Almucantar,Ji_Parana_UNIR,276,276.476609,1.4525,1.4557,1.455,1.4524,0.008366,0.008483,0.00969,0.010324,66.527313,67.26279,1.362176,0.025104,0.624167,4,10,7,6,4,10,7,6,4,10,7,6,4,10,7,6,0.04936,0.09412,0.34607,0.36706,1,1,12:08:2023,13:06:37,932,-10.882212,-61.9686,175.0,lev20,Almucantar,Ji_Parana_UNIR,276,276.476609,0.9443,0.9289,0.9007,0.883,66.527313,67.26279,1.362176,0.025104,0.624167,4,10,7,6,4,10,7,6,4,10,7,6,4,10,7,6,0.04936,0.09412,0.34607,0.36706,1,1,12:08:2023,13:06:37,932,-10.882212,-61.9686,175.0,lev20,Almucantar,Ji_Parana_UNIR,276,276.476609,0.034838,0.021611,0.018529,0.016157,0.943946,66.527313,67.26279,1.362176,0.025104,0.624167,4,10,7,6,4,10,7,6,4,10,7,6,4,10,7,6,0.04936,0.09412,0.34607,0.36706,1,1,12:08:2023,13:06:37,932,-10.882212,-61.9686,175.0,lev20,Almucantar,1.7736946040400372,0.49812660701721767,0.9518992622166106,BCL,Arid,,Unknown
03:10:2022,12:08:48,Ji_Parana_UNIR,276,276.506111,0.6053,0.2927,0.1793,0.1321,0.5848,0.2715,0.1571,0.109,0.0205,0.0212,0.0222,0.0231,1.771773,56.109559,56.845096,0.982314,0.009866,0.604417,4,10,8,4,4,10,8,4,4,10,8,4,4,10,8,4,0.04511,0.08655,0.31352,0.33478,1,1,12:08:2023,13:11:39,932,-10.882212,-61.9686,175.0,lev20,Almucantar,Ji_Parana_UNIR,276,276.506111,0.604417,0.292583,0.179286,0.132404,1.769706,56.109559,56.845096,0.982314,0.009866,0.604417,4,10,8,4,4,10,8,4,4,10,8,4,4,10,8,4,0.04511,0.08655,0.31352,0.33478,1,1,12:08:2023,13:11:39,932,-10.882212,-61.9686,175.0,lev20,Almucantar,Ji_Parana_UNIR,276,276.506111,1.4451,1.4552,1.4575,1.4544,0.010714,0.010582,0.011454,0.011653,56.109559,56.845096,0.982314,0.009866,0.604417,4,10,8,4,4,10,8,4,4,10,8,4,4,10,8,4,0.04511,0.08655,0.31352,0.33478,1,1,12:08:2023,13:11:39,932,-10.882212,-61.9686,175.0,lev20,Almucantar,Ji_Parana_UNIR,276,276.506111,0.9305,0.9125,0.8872,0.8708,56.109559,56.845096,0.982314,0.009866,0.604417,4,10,8,4,4,10,8,4,4,10,8,4,4,10,8,4,0.04511,0.08655,0.31352,0.33478,1,1,12:08:2023,13:11:39,932,-10.882212,-61.9686,175.0,lev20,Almucantar,Ji_Parana_UNIR,276,276.506111,0.042082,0.025622,0.020221,0.017065,1.081557,56.109559,56.845096,0.982314,0.009866,0.604417,4,10,8,4,4,10,8,4,4,10,8,4,4,10,8,4,0.04511,0.08655,0.31352,0.33478,1,1,12:08:2023,13:11:39,932,-10.882212,-61.9686,175.0,lev20,Almucantar,1.7847012359612628,0.4818244455073106,0.9517776222191059,BCL,Arid,,Unknown
03:10:2022,12:33:25,Ji_Parana_UNIR,276,276.523206,0.6218,0.3027,0.1864,0.1365,0.6009,0.2812,0.1638,0.113,0.0209,0.0216,0.0226,0.0235,1.754491,50.077203,50.811968,1.286977,0.053212,0.620922,3,10,8,4,3,10,8,4,3,10,8,4,3,10,8,4,0.04364,0.08384,0.30094,0.32237,1,1,12:08:2023,13:15:44,932,-10.882212,-61.9686,175.0,lev20,Almucantar,Ji_Parana_UNIR,276,276.523206,0.620922,0.302315,0.186065,0.137675,1.75496,50.077203,50.811968,1.286977,0.053212,0.620922,3,10,8,4,3,10,8,4,3,10,8,4,3,10,8,4,0.04364,0.08384,0.30094,0.32237,1,1,12:08:2023,13:15:44,932,-10.882212,-61.9686,175.0,lev20,Almucantar,Ji_Parana_UNIR,276,276.523206,1.4942,1.4741,1.4715,1.4642,0.009113,0.007671,0.007978,0.008161,50.077203,50.811968,1.286977,0.053212,0.620922,3,10,8,4,3,10,8,4,3,10,8,4,3,10,8,4,0.04364,0.08384,0.30094,0.32237,1,1,12:08:2023,13:15:44,932,-10.882212,-61.9686,175.0,lev20,Almucantar,Ji_Parana_UNIR,276,276.523206,0.9449,0.9414,0.9266,0.9148,50.077203,50.811968,1.286977,0.053212,0.620922,3,10,8,4,3,10,8,4,3,10,8,4,3,10,8,4,0.04364,0.08384,0.30094,0.32237,1,1,12:08:2023,13:15:44,932,-10.882212,-61.9686,175.0,lev20,Almucantar,Ji_Parana_UNIR,276,276.523206,0.03428,0.017752,0.013689,0.011631,1.3636,50.077203,50.811968,1.286977,0.053212,0.620922,3,10,8,4,3,10,8,4,3,10,8,4,3,10,8,4,0.04364,0.08384,0.30094,0.32237,1,1,12:08:2023,13:15:44,932,-10.882212,-61.9686,175.0,lev20,Almucantar,1.7671863420853693,0.4960680472888961,0.9526704787031093,BCL,Arid,,Unknown
06:10:2022,10:55:29,Ji_Parana_UNIR,279,279.455197,0.4284,0.2016,0.1242,0.0932,0.4113,0.184,0.1057,0.0739,0.0171,0.0176,0.0185,0.0193,1.806586,73.658576,74.39222,0.826995,0.0034,0.427793,4,10,7,6,4,10,7,6,4,10,7,6,4,9,7,6,0.05391,0.1023,0.38073,0.40154,1,1,12:08:2023,13:05:14,932,-10.882212,-61.9686,175.0,lev20,Almucantar,Ji_Parana_UNIR,279,279.455197,0.427793,0.200929,0.124295,0.093433,1.804197,73.658576,74.39222,0.826995,0.0034,0.427793,4,10,7,6,4,10,7,6,4,10,7,6,4,9,7,6,0.05391,0.1023,0.38073,0.40154,1,1,12:08:2023,13:05:14,932,-10.882212,-61.9686,175.0,lev20,Almucantar,Ji_Parana_UNIR,279,279.455197,1.4931,1.4864,1.4811,1.4745,0.011106,0.010826,0.012271,0.012809,73.658576,74.39222,0.826995,0.0034,0.427793,4,10,7,6,4,10,7,6,4,10,7,6,4,9,7,6,0.05391,0.1023,0.38073,0.40154,1,1,12:08:2023,13:05:14,932,-10.882212,-61.9686,175.0,lev20,Almucantar,Ji_Parana_UNIR,279,279.455197,0.9327,0.9144,0.886,0.8686,73.658576,74.39222,0.826995,0.0034,0.427793,4,10,7,6,4,10,7,6,4,10,7,6,4,9,7,6,0.05391,0.1023,0.38073,0.40154,1,1,12:08:2023,13:05:14,932,-10.882212,-61.9686,175.0,lev20,Almucantar,Ji_Parana_UNIR,279,279.455197,0.02885,0.017266,0.014156,0.012253,1.058327,73.658576,74.39222,0.826995,0.0034,0.427793,4,10,7,6,4,10,7,6,4,10,7,6,4,9,7,6,0.05391,0.1023,0.38073,0.40154,1,1,12:08:2023,13:05:14,932,-10.882212,-61.9686,175.0,lev20,Almucantar,1.8162396895444557,0.33963832301734004,0.941866900603752,BCL,Urban,,Unknown
06:10:2022,11:24:08,Ji_Parana_UNIR,279,279.475093,0.44,0.2098,0.1315,0.1006,0.4158,0.1837,0.1034,0.0713,0.0242,0.0261,0.0282,0.0293,1.763541,66.642165,67.377484,0.978518,0.014532,0.439249,4,10,7,6,4,10,7,6,4,10,7,5,4,10,7,5,0.04933,0.09413,0.34644,0.36739,1,1,12:08:2023,13:09:50,932,-10.882212,-61.9686,175.0,lev20,Almucantar,Ji_Parana_UNIR,279,279.475093,0.439249,0.208923,0.131558,0.100706,1.761331,66.642165,67.377484,0.978518,0.014532,0.439249,4,10,7,6,4,10,7,6,4,10,7,5,4,10,7,5,0.04933,0.09413,0.34644,0.36739,1,1,12:08:2023,13:09:50,932,-10.882212,-61.9686,175.0,lev20,Almucantar,Ji_Parana_UNIR,279,279.475093,1.4817,1.4855,1.4849,1.4819,0.01142,0.009791,0.011773,0.012952,66.642165,67.377484,0.978518,0.014532,0.439249,4,10,7,6,4,10,7,6,4,10,7,5,4,10,7,5,0.04933,0.09413,0.34644,0.36739,1,1,12:08:2023,13:09:50,932,-10.882212,-61.9686,175.0,lev20,Almucantar,Ji_Parana_UNIR,279,279.475093,0.928,0.9164,0.8858,0.8642,66.642165,67.377484,0.978518,0.014532,0.439249,4,10,7,6,4,10,7,6,4,10,7,5,4,10,7,5,0.04933,0.09413,0.34644,0.36739,1,1,12:08:2023,13:09:50,932,-10.882212,-61.9686,175.0,lev20,Almucantar,Ji_Parana_UNIR,279,279.475093,0.031667,0.017549,0.015025,0.013662,1.121109,66.642165,67.377484,0.978518,0.014532,0.439249,4,10,7,6,4,10,7,6,4,10,7,5,4,10,7,5,0.04933,0.09413,0.34644,0.36739,1,1,12:08:2023,13:09:50,932,-10.882212,-61.9686,175.0,lev20,Almucantar,1.7716519389402097,0.3508288460377982,0.9176086026586248,BCL,Urban,,Unknown
06:10:2022,12:07:00,Ji_Parana_UNIR,279,279.504861,0.4382,0.2066,0.1289,0.0975,0.4191,0.1869,0.1083,0.0761,0.0192,0.0198,0.0206,0.0214,1.78709,56.127883,56.863913,0.863642,0.014714,0.437594,4,10,8,4,4,10,8,4,4,10,8,4,4,10,8,4,0.04515,0.08659,0.31359,0.33485,1,1,12:08:2023,13:13:33,932,-10.882212,-61.9686,175.0,lev20,Almucantar,Ji_Parana_UNIR,279,279.504861,0.437594,0.205855,0.128868,0.097494,1.786145,56.127883,56.863913,0.863642,0.014714,0.437594,4,10,8,4,4,10,8,4,4,10,8,4,4,10,8,4,0.04515,0.08659,0.31359,0.33485,1,1,12:08:2023,13:13:33,932,-10.882212,-61.9686,175.0,lev20,Almucantar,Ji_Parana_UNIR,279,279.504861,1.474,1.4833,1.488,1.4866,0.011731,0.009076,0.009663,0.009944,56.127883,56.863913,0.863642,0.014714,0.437594,4,10,8,4,4,10,8,4,4,10,8,4,4,10,8,4,0.04515,0.08659,0.31359,0.33485,1,1,12:08:2023,13:13:33,932,-10.882212,-61.9686,175.0,lev20,Almucantar,Ji_Parana_UNIR,279,279.504861,0.9255,0.9212,0.8991,0.8864,56.127883,56.863913,0.863642,0.014714,0.437594,4,10,8,4,4,10,8,4,4,10,8,4,4,10,8,4,0.04515,0.08659,0.31359,0.33485,1,1,12:08:2023,13:13:33,932,-10.882212,-61.9686,175.0,lev20,Almucantar,Ji_Parana_UNIR,279,279.504861,0.032646,0.01629,0.013008,0.011081,1.375521,56.127883,56.863913,0.863642,0.014714,0.437594,4,10,8,4,4,10,8,4,4,10,8,4,4,10,8,4,0.04515,0.08659,0.31359,0.33485,1,1,12:08:2023,13:13:33,932,-10.882212,-61.9686,175.0,lev20,Almucantar,1.7949322845331201,0.3483553855749306,0.9360265498307109,BCL,Urban,,Unknown
06:10:2022,12:31:39,Ji_Parana_UNIR,279,279.521979,0.4606,0.2225,0.1419,0.1087,0.4355,0.1965,0.1148,0.0807,0.025,0.026,0.0271,0.028,1.720576,50.081125,50.816876,2.451122,0.07209,0.460014,3,10,8,4,3,10,8,4,3,10,8,4,3,10,8,3,0.04366,0.08386,0.30096,0.32241,1,1,12:08:2023,13:17:34,932,-10.882212,-61.9686,175.0,lev20,Almucantar,Ji_Parana_UNIR,279,279.521979,0.460014,0.220647,0.141267,0.108982,1.726496,50.081125,50.816876,2.451122,0.07209,0.460014,3,10,8,4,3,10,8,4,3,10,8,4,3,10,8,3,0.04366,0.08386,0.30096,0.32241,1,1,12:08:2023,13:17:34,932,-10.882212,-61.9686,175.0,lev20,Almucantar,Ji_Parana_UNIR,279,279.521979,1.4324,1.4524,1.4636,1.4651,0.008245,0.006828,0.006988,0.007258,50.081125,50.816876,2.451122,0.07209,0.460014,3,10,8,4,3,10,8,4,3,10,8,4,3,10,8,3,0.04366,0.08386,0.30096,0.32241,1,1,12:08:2023,13:17:34,932,-10.882212,-61.9686,175.0,lev20,Almucantar,Ji_Parana_UNIR,279,279.521979,0.9374,0.9308,0.9164,0.9052,50.081125,50.816876,2.451122,0.07209,0.460014,3,10,8,4,3,10,8,4,3,10,8,4,3,10,8,3,0.04366,0.08386,0.30096,0.32241,1,1,12:08:2023,13:17:34,932,-10.882212,-61.9686,175.0,lev20,Almucantar,Ji_Parana_UNIR,279,279.521979,0.02881,0.015406,0.011862,0.0103,1.315683,50.081125,50.816876,2.451122,0.07209,0.460014,3,10,8,4,3,10,8,4,3,10,8,4,3,10,8,3,0.04366,0.08386,0.30096,0.32241,1,1,12:08:2023,13:17:34,932,-10.882212,-61.9686,175.0,lev20,Almucantar,1.7271167345212732,0.3693507860688071,0.9203638265794337,BCL,Urban,,Unknown
18:10:2022,12:02:20,Ji_Parana_UNIR,291,291.50162,0.4441,0.2176,0.1424,0.1105,0.4146,0.1861,0.1088,0.0756,0.0296,0.0315,0.0336,0.0349,1.664689,55.912435,56.646214,1.511795,0.03902,0.443915,4,10,8,4,4,10,8,4,4,10,5,4,4,10,5,4,0.04414,0.08458,0.31615,0.33578,1,1,12:08:2023,22:55:07,932,-10.882212,-61.9686,175.0,lev20,Almucantar,Ji_Parana_UNIR,291,291.50162,0.443915,0.217374,0.141957,0.110573,1.668376,55.912435,56.646214,1.511795,0.03902,0.443915,4,10,8,4,4,10,8,4,4,10,5,4,4,10,5,4,0.04414,0.08458,0.31615,0.33578,1,1,12:08:2023,22:55:07,932,-10.882212,-61.9686,175.0,lev20,Almucantar,Ji_Parana_UNIR,291,291.50162,1.494,1.5042,1.5179,1.5183,0.013432,0.010796,0.011226,0.011659,55.912435,56.646214,1.511795,0.03902,0.443915,4,10,8,4,4,10,8,4,4,10,5,4,4,10,5,4,0.04414,0.08458,0.31615,0.33578,1,1,12:08:2023,22:55:07,932,-10.882212,-61.9686,175.0,lev20,Almucantar,Ji_Parana_UNIR,291,291.50162,0.9149,0.906,0.8867,0.8724,55.912435,56.646214,1.511795,0.03902,0.443915,4,10,8,4,4,10,8,4,4,10,5,4,4,10,5,4,0.04414,0.08458,0.31615,0.33578,1,1,12:08:2023,22:55:07,932,-10.882212,-61.9686,175.0,lev20,Almucantar,Ji_Parana_UNIR,291,291.50162,0.037802,0.020455,0.016134,0.014093,1.265683,55.912435,56.646214,1.511795,0.03902,0.443915,4,10,8,4,4,10,8,4,4,10,5,4,4,10,5,4,0.04414,0.08458,0.31615,0.33578,1,1,12:08:2023,22:55:07,932,-10.882212,-61.9686,175.0,lev20,Almucantar,1.668444950205674,0.3588006059957653,0.9018104986366927,BCL,Urban,,Unknown
03:11:2022,19:45:10,Ji_Parana_UNIR,307,307.823032,0.0949,0.0576,0.0465,0.0408,0.0803,0.0424,0.0307,0.0247,0.0146,0.0152,0.0158,0.0161,1.056729,57.630702,56.909005,1.60111,0.079383,0.094498,4,10,7,5,4,10,7,5,4,10,7,5,4,10,8,4,0.04405,0.08388,0.32735,0.34179,1,1,12:08:2023,22:50:27,932,-10.882212,-61.9686,175.0,lev20,Almucantar,Ji_Parana_UNIR,307,307.823032,0.094498,0.058819,0.04702,0.040207,1.030434,57.630702,56.909005,1.60111,0.079383,0.094498,4,10,7,5,4,10,7,5,4,10,7,5,4,10,8,4,0.04405,0.08388,0.32735,0.34179,1,1,12:08:2023,22:50:27,932,-10.882212,-61.9686,175.0,lev20,Almucantar,Ji_Parana_UNIR,307,307.823032,1.4754,1.4846,1.4878,1.4841,0.010224,0.009004,0.009193,0.009292,57.630702,56.909005,1.60111,0.079383,0.094498,4,10,7,5,4,10,7,5,4,10,7,5,4,10,8,4,0.04405,0.08388,0.32735,0.34179,1,1,12:08:2023,22:50:27,932,-10.882212,-61.9686,175.0,lev20,Almucantar,Ji_Parana_UNIR,307,307.823032,0.9327,0.9209,0.9007,0.8859,57.630702,56.909005,1.60111,0.079383,0.094498,4,10,7,5,4,10,7,5,4,10,7,5,4,10,8,4,0.04405,0.08388,0.32735,0.34179,1,1,12:08:2023,22:50:27,932,-10.882212,-61.9686,175.0,lev20,Almucantar,Ji_Parana_UNIR,307,307.823032,0.055346,0.031912,0.023381,0.019242,1.305471,57.630702,56.909005,1.60111,0.079383,0.094498,4,10,7,5,4,10,7,5,4,10,7,5,4,10,8,4,0.04405,0.08388,0.32735,0.34179,1,1,12:08:2023,22:50:27,932,-10.882212,-61.9686,175.0,lev20,Almucantar,1.0464310547461417,0.08301778781298022,0.7927381562024373,Unclassified,Maritime,,Unknown
03:11:2022,20:10:10,Ji_Parana_UNIR,307,307.840394,0.0996,0.0598,0.0478,0.042,0.0841,0.0437,0.0312,0.0251,0.0154,0.0161,0.0166,0.0169,1.086592,63.637901,62.917779,1.434295,0.06307,0.099301,3,10,8,5,3,10,8,5,3,10,8,5,3,10,8,5,0.04631,0.08808,0.34535,0.35861,1,1,12:08:2023,22:52:37,932,-10.882212,-61.9686,175.0,lev20,Almucantar,Ji_Parana_UNIR,307,307.840394,0.099301,0.060537,0.048042,0.041312,1.072301,63.637901,62.917779,1.434295,0.06307,0.099301,3,10,8,5,3,10,8,5,3,10,8,5,3,10,8,5,0.04631,0.08808,0.34535,0.35861,1,1,12:08:2023,22:52:37,932,-10.882212,-61.9686,175.0,lev20,Almucantar,Ji_Parana_UNIR,307,307.840394,1.4754,1.4846,1.4878,1.4841,0.010224,0.009004,0.009193,0.009292,63.637901,62.917779,1.434295,0.06307,0.099301,3,10,8,5,3,10,8,5,3,10,8,5,3,10,8,5,0.04631,0.08808,0.34535,0.35861,1,1,12:08:2023,22:52:37,932,-10.882212,-61.9686,175.0,lev20,Almucantar,Ji_Parana_UNIR,307,307.840394,0.9327,0.9209,0.9007,0.8859,63.637901,62.917779,1.434295,0.06307,0.099301,3,10,8,5,3,10,8,5,3,10,8,5,3,10,8,5,0.04631,0.08808,0.34535,0.35861,1,1,12:08:2023,22:52:37,932,-10.882212,-61.9686,175.0,lev20,Almucantar,Ji_Parana_UNIR,307,307.840394,0.055346,0.031912,0.023381,0.019242,1.305471,63.637901,62.917779,1.434295,0.06307,0.099301,3,10,8,5,3,10,8,5,3,10,8,5,3,10,8,5,0.04631,0.08808,0.34535,0.35861,1,1,12:08:2023,22:52:37,932,-10.882212,-61.9686,175.0,lev20,Almucantar,1.0768910357140955,0.08679070691526558,0.7889425233178293,Unclassified,Maritime,,Unknown
03:11:2022,20:45:40,Ji_Parana_UNIR,307,307.865046,0.1099,0.0642,0.0502,0.0438,0.0925,0.0461,0.0314,0.0246,0.0175,0.0182,0.0188,0.0192,1.158046,72.138615,71.421943,1.034874,0.017683,0.109551,4,10,7,6,4,10,6,5,4,10,5,4,4,10,5,4,0.05125,0.09705,0.38234,0.39318,1,1,12:08:2023,22:56:20,932,-10.882212,-61.9686,175.0,lev20,Almucantar,Ji_Parana_UNIR,307,307.865046,0.109551,0.064492,0.050238,0.043171,1.151009,72.138615,71.421943,1.034874,0.017683,0.109551,4,10,7,6,4,10,6,5,4,10,5,4,4,10,5,4,0.05125,0.09705,0.38234,0.39318,1,1,12:08:2023,22:56:20,932,-10.882212,-61.9686,175.0,lev20,Almucantar,Ji_Parana_UNIR,307,307.865046,1.4754,1.4846,1.4878,1.4841,0.010224,0.009004,0.009193,0.009292,72.138615,71.421943,1.034874,0.017683,0.109551,4,10,7,6,4,10,6,5,4,10,5,4,4,10,5,4,0.05125,0.09705,0.38234,0.39318,1,1,12:08:2023,22:56:20,932,-10.882212,-61.9686,175.0,lev20,Almucantar,Ji_Parana_UNIR,307,307.865046,0.9327,0.9209,0.9007,0.8859,72.138615,71.421943,1.034874,0.017683,0.109551,4,10,7,6,4,10,6,5,4,10,5,4,4,10,5,4,0.05125,0.09705,0.38234,0.39318,1,1,12:08:2023,22:56:20,932,-10.882212,-61.9686,175.0,lev20,Almucantar,Ji_Parana_UNIR,307,307.865046,0.055346,0.031912,0.023381,0.019242,1.305471,72.138615,71.421943,1.034874,0.017683,0.109551,4,10,7,6,4,10,6,5,4,10,5,4,4,10,5,4,0.05125,0.09705,0.38234,0.39318,1,1,12:08:2023,22:56:20,932,-10.882212,-61.9686,175.0,lev20,Almucantar,1.1493832898120087,0.09488269321332034,0.7818833881115395,Unclassified,Maritime,,Unknown
03:11:2022,21:05:44,Ji_Parana_UNIR,307,307.878981,0.1106,0.0647,0.0504,0.044,0.0922,0.0455,0.0305,0.0236,0.0185,0.0193,0.02,0.0204,1.160813,76.92018,76.20691,0.918682,0.009867,0.110465,4,10,7,4,4,10,7,4,4,10,7,4,4,10,7,4,0.05534,0.10444,0.41229,0.42114,1,1,12:08:2023,22:59:04,932,-10.882212,-61.9686,175.0,lev20,Almucantar,Ji_Parana_UNIR,307,307.878981,0.110465,0.064862,0.050465,0.04354,1.156612,76.92018,76.20691,0.918682,0.009867,0.110465,4,10,7,4,4,10,7,4,4,10,7,4,4,10,7,4,0.05534,0.10444,0.41229,0.42114,1,1,12:08:2023,22:59:04,932,-10.882212,-61.9686,175.0,lev20,Almucantar,Ji_Parana_UNIR,307,307.878981,1.4754,1.4846,1.4878,1.4841,0.010224,0.009004,0.009193,0.009292,76.92018,76.20691,0.918682,0.009867,0.110465,4,10,7,4,4,10,7,4,4,10,7,4,4,10,7,4,0.05534,0.10444,0.41229,0.42114,1,1,12:08:2023,22:59:04,932,-10.882212,-61.9686,175.0,lev20,Almucantar,Ji_Parana_UNIR,307,307.878981,0.9327,0.9209,0.9007,0.8859,76.92018,76.20691,0.918682,0.009867,0.110465,4,10,7,4,4,10,7,4,4,10,7,4,4,10,7,4,0.05534,0.10444,0.41229,0.42114,1,1,12:08:2023,22:59:04,932,-10.882212,-61.9686,175.0,lev20,Almucantar,Ji_Parana_UNIR,307,307.878981,0.055346,0.031912,0.023381,0.019242,1.305471,76.92018,76.20691,0.918682,0.009867,0.110465,4,10,7,4,4,10,7,4,4,10,7,4,4,10,7,4,0.05534,0.10444,0.41229,0.42114,1,1,12:08:2023,22:59:04,932,-10.882212,-61.9686,175.0,lev20,Almucantar,1.152864315121066,0.09544456013700522,0.7709271196457957,Unclassified,Maritime,,Unknown
04:11:2022,11:13:22,Ji_Parana_UNIR,308,308.467616,0.1226,0.0706,0.0545,0.0471,0.1039,0.0512,0.0344,0.0265,0.0187,0.0194,0.0201,0.0206,1.197151,66.817546,67.535836,1.175672,0.045103,0.122248,4,10,7,6,4,10,7,6,4,10,7,6,4,10,7,6,0.04747,0.09073,0.35869,0.37542,1,1,12:08:2023,22:43:29,932,-10.882212,-61.9686,175.0,lev20,Almucantar,Ji_Parana_UNIR,308,308.467616,0.122248,0.07027,0.054487,0.046622,1.194145,66.817546,67.535836,1.175672,0.045103,0.122248,4,10,7,6,4,10,7,6,4,10,7,6,4,10,7,6,0.04747,0.09073,0.35869,0.37542,1,1,12:08:2023,22:43:29,932,-10.882212,-61.9686,175.0,lev20,Almucantar,Ji_Parana_UNIR,308,308.467616,1.4754,1.4846,1.4878,1.4841,0.010224,0.009004,0.009193,0.009292,66.817546,67.535836,1.175672,0.045103,0.122248,4,10,7,6,4,10,7,6,4,10,7,6,4,10,7,6,0.04747,0.09073,0.35869,0.37542,1,1,12:08:2023,22:43:29,932,-10.882212,-61.9686,175.0,lev20,Almucantar,Ji_Parana_UNIR,308,308.467616,0.9327,0.9209,0.9007,0.8859,66.817546,67.535836,1.175672,0.045103,0.122248,4,10,7,6,4,10,7,6,4,10,7,6,4,10,7,6,0.04747,0.09073,0.35869,0.37542,1,1,12:08:2023,22:43:29,932,-10.882212,-61.9686,175.0,lev20,Almucantar,Ji_Parana_UNIR,308,308.467616,0.055346,0.031912,0.023381,0.019242,1.305471,66.817546,67.535836,1.175672,0.045103,0.122248,4,10,7,6,4,10,7,6,4,10,7,6,4,10,7,6,0.04747,0.09073,0.35869,0.37542,1,1,12:08:2023,22:43:29,932,-10.882212,-61.9686,175.0,lev20,Almucantar,1.1892391654107608,0.1053093881573694,0.7893868479476678,Unclassified,Maritime,,Unknown
04:11:2022,11:57:10,Ji_Parana_UNIR,308,308.498032,0.1213,0.0691,0.0542,0.0469,0.1035,0.0507,0.0352,0.0274,0.0177,0.0185,0.019,0.0194,1.193052,56.304845,57.026103,1.292863,0.075326,0.12024,4,10,8,4,4,10,8,4,4,10,8,4,4,10,8,4,0.04344,0.08302,0.32491,0.34207,1,1,12:08:2023,22:47:35,932,-10.882212,-61.9686,175.0,lev20,Almucantar,Ji_Parana_UNIR,308,308.498032,0.12024,0.069913,0.054612,0.045969,1.166618,56.304845,57.026103,1.292863,0.075326,0.12024,4,10,8,4,4,10,8,4,4,10,8,4,4,10,8,4,0.04344,0.08302,0.32491,0.34207,1,1,12:08:2023,22:47:35,932,-10.882212,-61.9686,175.0,lev20,Almucantar,Ji_Parana_UNIR,308,308.498032,1.4754,1.4846,1.4878,1.4841,0.010224,0.009004,0.009193,0.009292,56.304845,57.026103,1.292863,0.075326,0.12024,4,10,8,4,4,10,8,4,4,10,8,4,4,10,8,4,0.04344,0.08302,0.32491,0.34207,1,1,12:08:2023,22:47:35,932,-10.882212,-61.9686,175.0,lev20,Almucantar,Ji_Parana_UNIR,308,308.498032,0.9327,0.9209,0.9007,0.8859,56.304845,57.026103,1.292863,0.075326,0.12024,4,10,8,4,4,10,8,4,4,10,8,4,4,10,8,4,0.04344,0.08302,0.32491,0.34207,1,1,12:08:2023,22:47:35,932,-10.882212,-61.9686,175.0,lev20,Almucantar,Ji_Parana_UNIR,308,308.498032,0.055346,0.031912,0.023381,0.019242,1.305471,56.304845,57.026103,1.292863,0.075326,0.12024,4,10,8,4,4,10,8,4,4,10,8,4,4,10,8,4,0.04344,0.08302,0.32491,0.34207,1,1,12:08:2023,22:47:35,932,-10.882212,-61.9686,175.0,lev20,Almucantar,1.1816987884903711,0.10429321171997118,0.796367343309666,Unclassified,Maritime,,Unknown
04:11:2022,12:22:16,Ji_Parana_UNIR,308,308.515463,0.122,0.0698,0.0544,0.0466,0.1054,0.0526,0.0366,0.0283,0.0166,0.0172,0.0178,0.0182,1.194711,50.265817,50.987957,1.236127,0.12914,0.123411,3,10,8,4,3,10,8,4,3,10,8,4,3,10,8,4,0.04202,0.08022,0.31193,0.32931,1,1,12:08:2023,22:52:08,932,-10.882212,-61.9686,175.0,lev20,Almucantar,Ji_Parana_UNIR,308,308.515463,0.123411,0.070852,0.055084,0.045547,1.192568,50.265817,50.987957,1.236127,0.12914,0.123411,3,10,8,4,3,10,8,4,3,10,8,4,3,10,8,4,0.04202,0.08022,0.31193,0.32931,1,1,12:08:2023,22:52:08,932,-10.882212,-61.9686,175.0,lev20,Almucantar,Ji_Parana_UNIR,308,308.515463,1.4754,1.4846,1.4878,1.4841,0.010224,0.009004,0.009193,0.009292,50.265817,50.987957,1.236127,0.12914,0.123411,3,10,8,4,3,10,8,4,3,10,8,4,3,10,8,4,0.04202,0.08022,0.31193,0.32931,1,1,12:08:2023,22:52:08,932,-10.882212,-61.9686,175.0,lev20,Almucantar,Ji_Parana_UNIR,308,308.515463,0.9327,0.9209,0.9007,0.8859,50.265817,50.987957,1.236127,0.12914,0.123411,3,10,8,4,3,10,8,4,3,10,8,4,3,10,8,4,0.04202,0.08022,0.31193,0.32931,1,1,12:08:2023,22:52:08,932,-10.882212,-61.9686,175.0,lev20,Almucantar,Ji_Parana_UNIR,308,308.515463,0.055346,0.031912,0.023381,0.019242,1.305471,50.265817,50.987957,1.236127,0.12914,0.123411,3,10,8,4,3,10,8,4,3,10,8,4,3,10,8,4,0.04202,0.08022,0.31193,0.32931,1,1,12:08:2023,22:52:08,932,-10.882212,-61.9686,175.0,lev20,Almucantar,1.1847366749689177,0.10485434128591871,0.8123228212152471,Unclassified,Maritime,,Unknown
04:11:2022,19:45:06,Ji_Parana_UNIR,308,308.822986,0.1462,0.0786,0.0583,0.0494,0.1279,0.0594,0.0385,0.0291,0.0183,0.0191,0.0199,0.0203,1.356302,57.593888,56.873118,2.379205,0.049902,0.144925,4,10,7,5,4,10,7,5,4,10,7,5,4,10,8,4,0.04403,0.08385,0.32727,0.34169,1,1,12:08:2023,23:01:24,932,-10.882212,-61.9686,175.0,lev20,Almucantar,Ji_Parana_UNIR,308,308.822986,0.144925,0.078234,0.058876,0.049099,1.330946,57.593888,56.873118,2.379205,0.049902,0.144925,4,10,7,5,4,10,7,5,4,10,7,5,4,10,8,4,0.04403,0.08385,0.32727,0.34169,1,1,12:08:2023,23:01:24,932,-10.882212,-61.9686,175.0,lev20,Almucantar,Ji_Parana_UNIR,308,308.822986,1.4754,1.4846,1.4878,1.4841,0.010224,0.009004,0.009193,0.009292,57.593888,56.873118,2.379205,0.049902,0.144925,4,10,7,5,4,10,7,5,4,10,7,5,4,10,8,4,0.04403,0.08385,0.32727,0.34169,1,1,12:08:2023,23:01:24,932,-10.882212,-61.9686,175.0,lev20,Almucantar,Ji_Parana_UNIR,308,308.822986,0.9327,0.9209,0.9007,0.8859,57.593888,56.873118,2.379205,0.049902,0.144925,4,10,7,5,4,10,7,5,4,10,7,5,4,10,8,4,0.04403,0.08385,0.32727,0.34169,1,1,12:08:2023,23:01:24,932,-10.882212,-61.9686,175.0,lev20,Almucantar,Ji_Parana_UNIR,308,308.822986,0.055346,0.031912,0.023381,0.019242,1.305471,57.593888,56.873118,2.379205,0.049902,0.144925,4,10,7,5,4,10,7,5,4,10,7,5,4,10,8,4,0.04403,0.08385,0.32727,0.34169,1,1,12:08:2023,23:01:24,932,-10.882212,-61.9686,175.0,lev20,Almucantar,1.3486115963465917,0.12304842537125504,0.8189922990495392,BCL,Maritime,,Unknown
04:11:2022,20:10:11,Ji_Parana_UNIR,308,308.840405,0.1402,0.0767,0.0577,0.0494,0.113,0.0469,0.0267,0.0182,0.0272,0.0298,0.031,0.0312,1.310686,63.613456,62.894245,1.313719,0.044299,0.13923,3,10,8,5,3,10,8,5,3,10,8,5,3,10,8,5,0.04633,0.08808,0.34527,0.35855,1,1,12:08:2023,22:40:14,932,-10.882212,-61.9686,175.0,lev20,Almucantar,Ji_Parana_UNIR,308,308.840405,0.13923,0.076201,0.057913,0.048909,1.296661,63.613456,62.894245,1.313719,0.044299,0.13923,3,10,8,5,3,10,8,5,3,10,8,5,3,10,8,5,0.04633,0.08808,0.34527,0.35855,1,1,12:08:2023,22:40:14,932,-10.882212,-61.9686,175.0,lev20,Almucantar,Ji_Parana_UNIR,308,308.840405,1.4754,1.4846,1.4878,1.4841,0.010224,0.009004,0.009193,0.009292,63.613456,62.894245,1.313719,0.044299,0.13923,3,10,8,5,3,10,8,5,3,10,8,5,3,10,8,5,0.04633,0.08808,0.34527,0.35855,1,1,12:08:2023,22:40:14,932,-10.882212,-61.9686,175.0,lev20,Almucantar,Ji_Parana_UNIR,308,308.840405,0.9327,0.9209,0.9007,0.8859,63.613456,62.894245,1.313719,0.044299,0.13923,3,10,8,5,3,10,8,5,3,10,8,5,3,10,8,5,0.04633,0.08808,0.34527,0.35855,1,1,12:08:2023,22:40:14,932,-10.882212,-61.9686,175.0,lev20,Almucantar,Ji_Parana_UNIR,308,308.840405,0.055346,0.031912,0.023381,0.019242,1.305471,63.613456,62.894245,1.313719,0.044299,0.13923,3,10,8,5,3,10,8,5,3,10,8,5,3,10,8,5,0.04633,0.08808,0.34527,0.35855,1,1,12:08:2023,22:40:14,932,-10.882212,-61.9686,175.0,lev20,Almucantar,1.3023158693281245,0.11869896074305952,0.7121251892057883,BCL,Maritime,,Unknown
05:11:2022,11:13:12,Ji_Parana_UNIR,309,309.4675,0.2495,0.1236,0.0871,0.0708,0.2319,0.1053,0.0683,0.0519,0.0177,0.0183,0.0188,0.0189,1.550601,66.834104,67.551458,2.575528,0.042442,0.249233,4,10,7,6,4,10,7,6,4,10,7,6,4,10,7,5,0.04756,0.09083,0.35885,0.3756,1,1,12:08:2023,22:52:37,932,-10.882212,-61.9686,175.0,lev20,Almucantar,Ji_Parana_UNIR,309,309.4675,0.249233,0.123446,0.086555,0.071065,1.557469,66.834104,67.551458,2.575528,0.042442,0.249233,4,10,7,6,4,10,7,6,4,10,7,6,4,10,7,5,0.04756,0.09083,0.35885,0.3756,1,1,12:08:2023,22:52:37,932,-10.882212,-61.9686,175.0,lev20,Almucantar,Ji_Parana_UNIR,309,309.4675,1.4754,1.4846,1.4878,1.4841,0.010224,0.009004,0.009193,0.009292,66.834104,67.551458,2.575528,0.042442,0.249233,4,10,7,6,4,10,7,6,4,10,7,6,4,10,7,5,0.04756,0.09083,0.35885,0.3756,1,1,12:08:2023,22:52:37,932,-10.882212,-61.9686,175.0,lev20,Almucantar,Ji_Parana_UNIR,309,309.4675,0.9327,0.9209,0.9007,0.8859,66.834104,67.551458,2.575528,0.042442,0.249233,4,10,7,6,4,10,7,6,4,10,7,6,4,10,7,5,0.04756,0.09083,0.35885,0.3756,1,1,12:08:2023,22:52:37,932,-10.882212,-61.9686,175.0,lev20,Almucantar,Ji_Parana_UNIR,309,309.4675,0.055346,0.031912,0.023381,0.019242,1.305471,66.834104,67.551458,2.575528,0.042442,0.249233,4,10,7,6,4,10,7,6,4,10,7,6,4,10,7,5,0.04756,0.09083,0.35885,0.3756,1,1,12:08:2023,22:52:37,932,-10.882212,-61.9686,175.0,lev20,Almucantar,1.5437487099094402,0.20481688024495232,0.8934808708991497,BCL,Urban,,Unknown
05:11:2022,12:22:13,Ji_Parana_UNIR,309,309.515428,0.2674,0.1301,0.0892,0.0703,0.2485,0.1101,0.0683,0.0489,0.0189,0.02,0.0209,0.0215,1.614583,50.276342,50.997476,1.885123,0.062883,0.267646,3,10,8,4,3,10,8,4,3,10,8,4,3,10,8,4,0.04201,0.08021,0.31194,0.32932,1,1,12:08:2023,23:00:37,932,-10.882212,-61.9686,175.0,lev20,Almucantar,Ji_Parana_UNIR,309,309.515428,0.267646,0.129183,0.088485,0.070029,1.62829,50.276342,50.997476,1.885123,0.062883,0.267646,3,10,8,4,3,10,8,4,3,10,8,4,3,10,8,4,0.04201,0.08021,0.31194,0.32932,1,1,12:08:2023,23:00:37,932,-10.882212,-61.9686,175.0,lev20,Almucantar,Ji_Parana_UNIR,309,309.515428,1.4754,1.4846,1.4878,1.4841,0.010224,0.009004,0.009193,0.009292,50.276342,50.997476,1.885123,0.062883,0.267646,3,10,8,4,3,10,8,4,3,10,8,4,3,10,8,4,0.04201,0.08021,0.31194,0.32932,1,1,12:08:2023,23:00:37,932,-10.882212,-61.9686,175.0,lev20,Almucantar,Ji_Parana_UNIR,309,309.515428,0.9327,0.9209,0.9007,0.8859,50.276342,50.997476,1.885123,0.062883,0.267646,3,10,8,4,3,10,8,4,3,10,8,4,3,10,8,4,0.04201,0.08021,0.31194,0.32932,1,1,12:08:2023,23:00:37,932,-10.882212,-61.9686,175.0,lev20,Almucantar,Ji_Parana_UNIR,309,309.515428,0.055346,0.031912,0.023381,0.019242,1.305471,50.276342,50.997476,1.885123,0.062883,0.267646,3,10,8,4,3,10,8,4,3,10,8,4,3,10,8,4,0.04201,0.08021,0.31194,0.32932,1,1,12:08:2023,23:00:37,932,-10.882212,-61.9686,175.0,lev20,Almucantar,1.6104369320519674,0.21764778303737942,0.8934781831880233,BCL,Urban,,Unknown
06:11:2022,11:13:06,Ji_Parana_UNIR,310,310.467431,0.3314,0.1452,0.0911,0.0694,0.3126,0.1253,0.0702,0.0479,0.0187,0.0199,0.0209,0.0215,1.893742,66.839005,67.555416,2.080418,0.035597,0.331467,4,10,7,6,4,10,7,6,4,10,7,6,4,10,7,6,0.04755,0.09082,0.35885,0.37559,1,1,12:08:2023,22:54:03,932,-10.882212,-61.9686,175.0,lev20,Almucantar,Ji_Parana_UNIR,310,310.467431,0.331467,0.145482,0.090748,0.068775,1.898655,66.839005,67.555416,2.080418,0.035597,0.331467,4,10,7,6,4,10,7,6,4,10,7,6,4,10,7,6,0.04755,0.09082,0.35885,0.37559,1,1,12:08:2023,22:54:03,932,-10.882212,-61.9686,175.0,lev20,Almucantar,Ji_Parana_UNIR,310,310.467431,1.4754,1.4846,1.4878,1.4841,0.010224,0.009004,0.009193,0.009292,66.839005,67.555416,2.080418,0.035597,0.331467,4,10,7,6,4,10,7,6,4,10,7,6,4,10,7,6,0.04755,0.09082,0.35885,0.37559,1,1,12:08:2023,22:54:03,932,-10.882212,-61.9686,175.0,lev20,Almucantar,Ji_Parana_UNIR,310,310.467431,0.9327,0.9209,0.9007,0.8859,66.839005,67.555416,2.080418,0.035597,0.331467,4,10,7,6,4,10,7,6,4,10,7,6,4,10,7,6,0.04755,0.09082,0.35885,0.37559,1,1,12:08:2023,22:54:03,932,-10.882212,-61.9686,175.0,lev20,Almucantar,Ji_Parana_UNIR,310,310.467431,0.055346,0.031912,0.023381,0.019242,1.305471,66.839005,67.555416,2.080418,0.035597,0.331467,4,10,7,6,4,10,7,6,4,10,7,6,4,10,7,6,0.04755,0.09082,0.35885,0.37559,1,1,12:08:2023,22:54:03,932,-10.882212,-61.9686,175.0,lev20,Almucantar,1.8942838277680407,0.26012789572200534,0.9104684418450586,BCL,Urban,,Unknown
06:11:2022,11:57:07,Ji_Parana_UNIR,310,310.497998,0.3247,0.1431,0.0905,0.0689,0.3064,0.124,0.0706,0.0484,0.0183,0.0191,0.0199,0.0205,1.874206,56.302032,57.021368,1.849905,0.05592,0.324868,4,10,8,4,4,10,8,4,4,10,8,4,4,10,8,4,0.04343,0.08301,0.32489,0.34205,1,1,12:08:2023,22:58:14,932,-10.882212,-61.9686,175.0,lev20,Almucantar,Ji_Parana_UNIR,310,310.497998,0.324868,0.143102,0.089889,0.067746,1.88388,56.302032,57.021368,1.849905,0.05592,0.324868,4,10,8,4,4,10,8,4,4,10,8,4,4,10,8,4,0.04343,0.08301,0.32489,0.34205,1,1,12:08:2023,22:58:14,932,-10.882212,-61.9686,175.0,lev20,Almucantar,Ji_Parana_UNIR,310,310.497998,1.4754,1.4846,1.4878,1.4841,0.010224,0.009004,0.009193,0.009292,56.302032,57.021368,1.849905,0.05592,0.324868,4,10,8,4,4,10,8,4,4,10,8,4,4,10,8,4,0.04343,0.08301,0.32489,0.34205,1,1,12:08:2023,22:58:14,932,-10.882212,-61.9686,175.0,lev20,Almucantar,Ji_Parana_UNIR,310,310.497998,0.9327,0.9209,0.9007,0.8859,56.302032,57.021368,1.849905,0.05592,0.324868,4,10,8,4,4,10,8,4,4,10,8,4,4,10,8,4,0.04343,0.08301,0.32489,0.34205,1,1,12:08:2023,22:58:14,932,-10.882212,-61.9686,175.0,lev20,Almucantar,Ji_Parana_UNIR,310,310.497998,0.055346,0.031912,0.023381,0.019242,1.305471,56.302032,57.021368,1.849905,0.05592,0.324868,4,10,8,4,4,10,8,4,4,10,8,4,4,10,8,4,0.04343,0.08301,0.32489,0.34205,1,1,12:08:2023,22:58:14,932,-10.882212,-61.9686,175.0,lev20,Almucantar,1.8740167048529652,0.25552999639214957,0.9122469343167365,BCL,Urban,,Unknown
06:11:2022,12:22:11,Ji_Parana_UNIR,310,310.515405,0.3065,0.1374,0.0882,0.0672,0.2887,0.1187,0.0687,0.0472,0.0178,0.0187,0.0195,0.0201,1.828189,50.287556,51.007664,1.829047,0.072565,0.306866,3,10,8,4,3,10,8,4,3,10,8,4,3,10,8,4,0.04202,0.08022,0.31197,0.32934,1,1,12:08:2023,22:40:48,932,-10.882212,-61.9686,175.0,lev20,Almucantar,Ji_Parana_UNIR,310,310.515405,0.306866,0.136939,0.08735,0.066105,1.843555,50.287556,51.007664,1.829047,0.072565,0.306866,3,10,8,4,3,10,8,4,3,10,8,4,3,10,8,4,0.04202,0.08022,0.31197,0.32934,1,1,12:08:2023,22:40:48,932,-10.882212,-61.9686,175.0,lev20,Almucantar,Ji_Parana_UNIR,310,310.515405,1.4754,1.4846,1.4878,1.4841,0.010224,0.009004,0.009193,0.009292,50.287556,51.007664,1.829047,0.072565,0.306866,3,10,8,4,3,10,8,4,3,10,8,4,3,10,8,4,0.04202,0.08022,0.31197,0.32934,1,1,12:08:2023,22:40:48,932,-10.882212,-61.9686,175.0,lev20,Almucantar,Ji_Parana_UNIR,310,310.515405,0.9327,0.9209,0.9007,0.8859,50.287556,51.007664,1.829047,0.072565,0.306866,3,10,8,4,3,10,8,4,3,10,8,4,3,10,8,4,0.04202,0.08022,0.31197,0.32934,1,1,12:08:2023,22:40:48,932,-10.882212,-61.9686,175.0,lev20,Almucantar,Ji_Parana_UNIR,310,310.515405,0.055346,0.031912,0.023381,0.019242,1.305471,50.287556,51.007664,1.829047,0.072565,0.306866,3,10,8,4,3,10,8,4,3,10,8,4,3,10,8,4,0.04202,0.08022,0.31197,0.32934,1,1,12:08:2023,22:40:48,932,-10.882212,-61.9686,175.0,lev20,Almucantar,1.8271630009347657,0.24265613252664234,0.9098788670169653,BCL,Urban,,Unknown
07:11:2022,11:13:03,Ji_Parana_UNIR,311,311.467396,0.2527,0.1129,0.0743,0.0588,0.2321,0.0915,0.0521,0.0361,0.0206,0.0214,0.0222,0.0227,1.800812,66.836278,67.55174,2.700472,0.063331,0.252764,4,10,7,6,4,10,7,6,4,10,7,6,4,10,7,6,0.04757,0.09084,0.35888,0.37561,1,1,12:08:2023,22:54:40,932,-10.882212,-61.9686,175.0,lev20,Almucantar,Ji_Parana_UNIR,311,311.467396,0.252764,0.113164,0.073684,0.057771,1.811542,66.836278,67.55174,2.700472,0.063331,0.252764,4,10,7,6,4,10,7,6,4,10,7,6,4,10,7,6,0.04757,0.09084,0.35888,0.37561,1,1,12:08:2023,22:54:40,932,-10.882212,-61.9686,175.0,lev20,Almucantar,Ji_Parana_UNIR,311,311.467396,1.4754,1.4846,1.4878,1.4841,0.010224,0.009004,0.009193,0.009292,66.836278,67.55174,2.700472,0.063331,0.252764,4,10,7,6,4,10,7,6,4,10,7,6,4,10,7,6,0.04757,0.09084,0.35888,0.37561,1,1,12:08:2023,22:54:40,932,-10.882212,-61.9686,175.0,lev20,Almucantar,Ji_Parana_UNIR,311,311.467396,0.9327,0.9209,0.9007,0.8859,66.836278,67.55174,2.700472,0.063331,0.252764,4,10,7,6,4,10,7,6,4,10,7,6,4,10,7,6,0.04757,0.09084,0.35888,0.37561,1,1,12:08:2023,22:54:40,932,-10.882212,-61.9686,175.0,lev20,Almucantar,Ji_Parana_UNIR,311,311.467396,0.055346,0.031912,0.023381,0.019242,1.305471,66.836278,67.55174,2.700472,0.063331,0.252764,4,10,7,6,4,10,7,6,4,10,7,6,4,10,7,6,0.04757,0.09084,0.35888,0.37561,1,1,12:08:2023,22:54:40,932,-10.882212,-61.9686,175.0,lev20,Almucantar,1.7955975818139853,0.2008715645803967,0.8715571956400247,BCL,Urban,,Unknown
07:11:2022,11:57:03,Ji_Parana_UNIR,311,311.497951,0.2529,0.1152,0.0762,0.0599,0.2346,0.0962,0.0564,0.0395,0.0183,0.019,0.0198,0.0204,1.764029,56.317408,57.035759,1.584054,0.052416,0.253148,4,10,8,4,4,10,8,4,4,10,8,4,4,10,8,4,0.04343,0.08301,0.32493,0.34207,1,1,12:08:2023,22:59:07,932,-10.882212,-61.9686,175.0,lev20,Almucantar,Ji_Parana_UNIR,311,311.497951,0.253148,0.114974,0.075795,0.059089,1.773022,56.317408,57.035759,1.584054,0.052416,0.253148,4,10,8,4,4,10,8,4,4,10,8,4,4,10,8,4,0.04343,0.08301,0.32493,0.34207,1,1,12:08:2023,22:59:07,932,-10.882212,-61.9686,175.0,lev20,Almucantar,Ji_Parana_UNIR,311,311.497951,1.4754,1.4846,1.4878,1.4841,0.010224,0.009004,0.009193,0.009292,56.317408,57.035759,1.584054,0.052416,0.253148,4,10,8,4,4,10,8,4,4,10,8,4,4,10,8,4,0.04343,0.08301,0.32493,0.34207,1,1,12:08:2023,22:59:07,932,-10.882212,-61.9686,175.0,lev20,Almucantar,Ji_Parana_UNIR,311,311.497951,0.9327,0.9209,0.9007,0.8859,56.317408,57.035759,1.584054,0.052416,0.253148,4,10,8,4,4,10,8,4,4,10,8,4,4,10,8,4,0.04343,0.08301,0.32493,0.34207,1,1,12:08:2023,22:59:07,932,-10.882212,-61.9686,175.0,lev20,Almucantar,Ji_Parana_UNIR,311,311.497951,0.055346,0.031912,0.023381,0.019242,1.305471,56.317408,57.035759,1.584054,0.052416,0.253148,4,10,8,4,4,10,8,4,4,10,8,4,4,10,8,4,0.04343,0.08301,0.32493,0.34207,1,1,12:08:2023,22:59:07,932,-10.882212,-61.9686,175.0,lev20,Almucantar,1.759718590361118,0.20195469566512925,0.8882326788385999,BCL,Urban,,Unknown
07:11:2022,12:22:12,Ji_Parana_UNIR,311,311.515417,0.2559,0.1141,0.0748,0.0585,0.2393,0.0967,0.0567,0.0398,0.0166,0.0174,0.0182,0.0186,1.809004,50.291437,51.010502,1.247807,0.035379,0.256237,3,10,8,4,3,10,8,4,3,10,8,4,3,10,8,4,0.04201,0.08021,0.31196,0.32934,1,1,12:08:2023,23:01:34,932,-10.882212,-61.9686,175.0,lev20,Almucantar,Ji_Parana_UNIR,311,311.515417,0.256237,0.114326,0.074683,0.057782,1.812617,50.291437,51.010502,1.247807,0.035379,0.256237,3,10,8,4,3,10,8,4,3,10,8,4,3,10,8,4,0.04201,0.08021,0.31196,0.32934,1,1,12:08:2023,23:01:34,932,-10.882212,-61.9686,175.0,lev20,Almucantar,Ji_Parana_UNIR,311,311.515417,1.4754,1.4846,1.4878,1.4841,0.010224,0.009004,0.009193,0.009292,50.291437,51.010502,1.247807,0.035379,0.256237,3,10,8,4,3,10,8,4,3,10,8,4,3,10,8,4,0.04201,0.08021,0.31196,0.32934,1,1,12:08:2023,23:01:34,932,-10.882212,-61.9686,175.0,lev20,Almucantar,Ji_Parana_UNIR,311,311.515417,0.9327,0.9209,0.9007,0.8859,50.291437,51.010502,1.247807,0.035379,0.256237,3,10,8,4,3,10,8,4,3,10,8,4,3,10,8,4,0.04201,0.08021,0.31196,0.32934,1,1,12:08:2023,23:01:34,932,-10.882212,-61.9686,175.0,lev20,Almucantar,Ji_Parana_UNIR,311,311.515417,0.055346,0.031912,0.023381,0.019242,1.305471,50.291437,51.010502,1.247807,0.035379,0.256237,3,10,8,4,3,10,8,4,3,10,8,4,3,10,8,4,0.04201,0.08021,0.31196,0.32934,1,1,12:08:2023,23:01:34,932,-10.882212,-61.9686,175.0,lev20,Almucantar,1.8042181424214179,0.20319120963142115,0.8979667792497776,BCL,Urban,,Unknown
07:11:2022,19:45:15,Ji_Parana_UNIR,311,311.82309,0.2261,0.1049,0.0705,0.0563,0.2045,0.0815,0.0462,0.0315,0.0216,0.0234,0.0243,0.0248,1.714641,57.555086,56.837203,3.167067,0.097178,0.224195,4,10,7,5,4,10,6,4,4,10,6,4,4,10,6,4,0.044,0.08381,0.32714,0.34159,1,1,12:08:2023,22:49:18,932,-10.882212,-61.9686,175.0,lev20,Almucantar,Ji_Parana_UNIR,311,311.82309,0.224195,0.104419,0.070432,0.055012,1.703875,57.555086,56.837203,3.167067,0.097178,0.224195,4,10,7,5,4,10,6,4,4,10,6,4,4,10,6,4,0.044,0.08381,0.32714,0.34159,1,1,12:08:2023,22:49:18,932,-10.882212,-61.9686,175.0,lev20,Almucantar,Ji_Parana_UNIR,311,311.82309,1.4754,1.4846,1.4878,1.4841,0.010224,0.009004,0.009193,0.009292,57.555086,56.837203,3.167067,0.097178,0.224195,4,10,7,5,4,10,6,4,4,10,6,4,4,10,6,4,0.044,0.08381,0.32714,0.34159,1,1,12:08:2023,22:49:18,932,-10.882212,-61.9686,175.0,lev20,Almucantar,Ji_Parana_UNIR,311,311.82309,0.9327,0.9209,0.9007,0.8859,57.555086,56.837203,3.167067,0.097178,0.224195,4,10,7,5,4,10,6,4,4,10,6,4,4,10,6,4,0.044,0.08381,0.32714,0.34159,1,1,12:08:2023,22:49:18,932,-10.882212,-61.9686,175.0,lev20,Almucantar,Ji_Parana_UNIR,311,311.82309,0.055346,0.031912,0.023381,0.019242,1.305471,57.555086,56.837203,3.167067,0.097178,0.224195,4,10,7,5,4,10,6,4,4,10,6,4,4,10,6,4,0.044,0.08381,0.32714,0.34159,1,1,12:08:2023,22:49:18,932,-10.882212,-61.9686,175.0,lev20,Almucantar,1.7094514752910726,0.18171734561239838,0.8484553595897504,BCL,Unclassified,,Unknown
07:11:2022,20:10:18,Ji_Parana_UNIR,311,311.840486,0.2209,0.1035,0.0696,0.0555,0.1949,0.0757,0.0414,0.0273,0.026,0.0278,0.0282,0.0282,1.698587,63.54298,62.826573,2.798216,0.083655,0.219132,3,10,8,5,3,10,7,4,3,10,7,3,3,10,7,3,0.0463,0.08802,0.34505,0.35833,1,1,12:08:2023,22:51:55,932,-10.882212,-61.9686,175.0,lev20,Almucantar,Ji_Parana_UNIR,311,311.840486,0.219132,0.102397,0.069341,0.05475,1.693605,63.54298,62.826573,2.798216,0.083655,0.219132,3,10,8,5,3,10,7,4,3,10,7,3,3,10,7,3,0.0463,0.08802,0.34505,0.35833,1,1,12:08:2023,22:51:55,932,-10.882212,-61.9686,175.0,lev20,Almucantar,Ji_Parana_UNIR,311,311.840486,1.4754,1.4846,1.4878,1.4841,0.010224,0.009004,0.009193,0.009292,63.54298,62.826573,2.798216,0.083655,0.219132,3,10,8,5,3,10,7,4,3,10,7,3,3,10,7,3,0.0463,0.08802,0.34505,0.35833,1,1,12:08:2023,22:51:55,932,-10.882212,-61.9686,175.0,lev20,Almucantar,Ji_Parana_UNIR,311,311.840486,0.9327,0.9209,0.9007,0.8859,63.54298,62.826573,2.798216,0.083655,0.219132,3,10,8,5,3,10,7,4,3,10,7,3,3,10,7,3,0.0463,0.08802,0.34505,0.35833,1,1,12:08:2023,22:51:55,932,-10.882212,-61.9686,175.0,lev20,Almucantar,Ji_Parana_UNIR,311,311.840486,0.055346,0.031912,0.023381,0.019242,1.305471,63.54298,62.826573,2.798216,0.083655,0.219132,3,10,8,5,3,10,7,4,3,10,7,3,3,10,7,3,0.0463,0.08802,0.34505,0.35833,1,1,12:08:2023,22:51:55,932,-10.882212,-61.9686,175.0,lev20,Almucantar,1.6941678551263157,0.177885293068756,0.8148698056855193,BCL,Maritime,,Unknown
08:11:2022,11:12:57,Ji_Parana_UNIR,312,312.467326,0.3673,0.1603,0.1013,0.0779,0.3434,0.1356,0.0758,0.0518,0.0239,0.0247,0.0255,0.0261,1.890405,66.849776,67.564276,1.770253,0.042977,0.366388,4,10,7,6,4,10,7,6,4,10,7,6,4,10,7,6,0.04757,0.09086,0.35895,0.37566,1,1,12:08:2023,23:00:25,932,-10.882212,-61.9686,175.0,lev20,Almucantar,Ji_Parana_UNIR,312,312.467326,0.366388,0.16044,0.100678,0.076784,1.8944,66.849776,67.564276,1.770253,0.042977,0.366388,4,10,7,6,4,10,7,6,4,10,7,6,4,10,7,6,0.04757,0.09086,0.35895,0.37566,1,1,12:08:2023,23:00:25,932,-10.882212,-61.9686,175.0,lev20,Almucantar,Ji_Parana_UNIR,312,312.467326,1.4754,1.4846,1.4878,1.4841,0.010224,0.009004,0.009193,0.009292,66.849776,67.564276,1.770253,0.042977,0.366388,4,10,7,6,4,10,7,6,4,10,7,6,4,10,7,6,0.04757,0.09086,0.35895,0.37566,1,1,12:08:2023,23:00:25,932,-10.882212,-61.9686,175.0,lev20,Almucantar,Ji_Parana_UNIR,312,312.467326,0.9327,0.9209,0.9007,0.8859,66.849776,67.564276,1.770253,0.042977,0.366388,4,10,7,6,4,10,7,6,4,10,7,6,4,10,7,6,0.04757,0.09086,0.35895,0.37566,1,1,12:08:2023,23:00:25,932,-10.882212,-61.9686,175.0,lev20,Almucantar,Ji_Parana_UNIR,312,312.467326,0.055346,0.031912,0.023381,0.019242,1.305471,66.849776,67.564276,1.770253,0.042977,0.366388,4,10,7,6,4,10,7,6,4,10,7,6,4,10,7,6,0.04757,0.09086,0.35895,0.37566,1,1,12:08:2023,23:00:25,932,-10.882212,-61.9686,175.0,lev20,Almucantar,1.8894786783861328,0.2884842590106712,0.8978638787667185,BCL,Urban,,Unknown
08:11:2022,11:57:03,Ji_Parana_UNIR,312,312.497951,0.3776,0.169,0.1097,0.0852,0.3492,0.1394,0.0791,0.0539,0.0284,0.0295,0.0306,0.0314,1.8161,56.321302,57.038658,1.765296,0.05287,0.377593,4,10,8,4,4,10,8,4,4,10,8,4,4,10,8,4,0.04343,0.08301,0.32493,0.34208,1,1,12:08:2023,22:40:07,932,-10.882212,-61.9686,175.0,lev20,Almucantar,Ji_Parana_UNIR,312,312.497951,0.377593,0.169114,0.109105,0.084532,1.823037,56.321302,57.038658,1.765296,0.05287,0.377593,4,10,8,4,4,10,8,4,4,10,8,4,4,10,8,4,0.04343,0.08301,0.32493,0.34208,1,1,12:08:2023,22:40:07,932,-10.882212,-61.9686,175.0,lev20,Almucantar,Ji_Parana_UNIR,312,312.497951,1.4754,1.4846,1.4878,1.4841,0.010224,0.009004,0.009193,0.009292,56.321302,57.038658,1.765296,0.05287,0.377593,4,10,8,4,4,10,8,4,4,10,8,4,4,10,8,4,0.04343,0.08301,0.32493,0.34208,1,1,12:08:2023,22:40:07,932,-10.882212,-61.9686,175.0,lev20,Almucantar,Ji_Parana_UNIR,312,312.497951,0.9327,0.9209,0.9007,0.8859,56.321302,57.038658,1.765296,0.05287,0.377593,4,10,8,4,4,10,8,4,4,10,8,4,4,10,8,4,0.04343,0.08301,0.32493,0.34208,1,1,12:08:2023,22:40:07,932,-10.882212,-61.9686,175.0,lev20,Almucantar,Ji_Parana_UNIR,312,312.497951,0.055346,0.031912,0.023381,0.019242,1.305471,56.321302,57.038658,1.765296,0.05287,0.377593,4,10,8,4,4,10,8,4,4,10,8,4,4,10,8,4,0.04343,0.08301,0.32493,0.34208,1,1,12:08:2023,22:40:07,932,-10.882212,-61.9686,175.0,lev20,Almucantar,1.8131913607539314,0.2994804288769571,0.8827008547794825,BCL,Urban,,Unknown
08:11:2022,12:22:14,Ji_Parana_UNIR,312,312.51544,0.4016,0.1816,0.1192,0.0936,0.3681,0.1458,0.0817,0.0553,0.0335,0.0359,0.0375,0.0383,1.785502,50.295962,51.01397,1.259042,0.050168,0.401576,3,10,8,4,3,10,8,4,3,10,8,4,3,10,8,4,0.04201,0.08021,0.31197,0.32934,1,1,12:08:2023,22:45:06,932,-10.882212,-61.9686,175.0,lev20,Almucantar,Ji_Parana_UNIR,312,312.51544,0.401576,0.181804,0.118734,0.092816,1.790269,50.295962,51.01397,1.259042,0.050168,0.401576,3,10,8,4,3,10,8,4,3,10,8,4,3,10,8,4,0.04201,0.08021,0.31197,0.32934,1,1,12:08:2023,22:45:06,932,-10.882212,-61.9686,175.0,lev20,Almucantar,Ji_Parana_UNIR,312,312.51544,1.4275,1.4447,1.4612,1.4621,0.013982,0.01044,0.010229,0.010357,50.295962,51.01397,1.259042,0.050168,0.401576,3,10,8,4,3,10,8,4,3,10,8,4,3,10,8,4,0.04201,0.08021,0.31197,0.32934,1,1,12:08:2023,22:45:06,932,-10.882212,-61.9686,175.0,lev20,Almucantar,Ji_Parana_UNIR,312,312.51544,0.8846,0.8703,0.8489,0.834,50.295962,51.01397,1.259042,0.050168,0.401576,3,10,8,4,3,10,8,4,3,10,8,4,3,10,8,4,0.04201,0.08021,0.31197,0.32934,1,1,12:08:2023,22:45:06,932,-10.882212,-61.9686,175.0,lev20,Almucantar,Ji_Parana_UNIR,312,312.51544,0.046331,0.023552,0.018008,0.015541,1.403541,50.295962,51.01397,1.259042,0.050168,0.401576,3,10,8,4,3,10,8,4,3,10,8,4,3,10,8,4,0.04201,0.08021,0.31197,0.32934,1,1,12:08:2023,22:45:06,932,-10.882212,-61.9686,175.0,lev20,Almucantar,1.7817527923070442,0.31979785777567643,0.8679204914881365,BCM,Urban,,Unknown
08:11:2022,19:45:19,Ji_Parana_UNIR,312,312.823137,0.4076,0.1829,0.1169,0.0911,0.3734,0.1472,0.0794,0.0523,0.0342,0.0358,0.0376,0.0388,1.83235,57.541802,56.824906,3.085523,0.058528,0.406606,4,10,7,5,4,10,7,5,4,10,7,5,4,10,8,4,0.044,0.0838,0.32711,0.34156,1,1,12:08:2023,22:59:22,932,-10.882212,-61.9686,175.0,lev20,Almucantar,Ji_Parana_UNIR,312,312.823137,0.406606,0.182003,0.116784,0.090337,1.83106,57.541802,56.824906,3.085523,0.058528,0.406606,4,10,7,5,4,10,7,5,4,10,7,5,4,10,8,4,0.044,0.0838,0.32711,0.34156,1,1,12:08:2023,22:59:22,932,-10.882212,-61.9686,175.0,lev20,Almucantar,Ji_Parana_UNIR,312,312.823137,1.5388,1.5267,1.5254,1.515,0.009995,0.009141,0.009007,0.009063,57.541802,56.824906,3.085523,0.058528,0.406606,4,10,7,5,4,10,7,5,4,10,7,5,4,10,8,4,0.044,0.0838,0.32711,0.34156,1,1,12:08:2023,22:59:22,932,-10.882212,-61.9686,175.0,lev20,Almucantar,Ji_Parana_UNIR,312,312.823137,0.9277,0.9032,0.8833,0.87,57.541802,56.824906,3.085523,0.058528,0.406606,4,10,7,5,4,10,7,5,4,10,7,5,4,10,8,4,0.044,0.0838,0.32711,0.34156,1,1,12:08:2023,22:59:22,932,-10.882212,-61.9686,175.0,lev20,Almucantar,Ji_Parana_UNIR,312,312.823137,0.029483,0.0177,0.013648,0.011834,1.133905,57.541802,56.824906,3.085523,0.058528,0.406606,4,10,7,5,4,10,7,5,4,10,7,5,4,10,8,4,0.044,0.0838,0.32711,0.34156,1,1,12:08:2023,22:59:22,932,-10.882212,-61.9686,175.0,lev20,Almucantar,1.832086793647127,0.3224939800719118,0.8709441006905186,BCL,Urban,,Unknown
08:11:2022,20:10:25,Ji_Parana_UNIR,312,312.840567,0.4297,0.1921,0.1221,0.0952,0.3958,0.1554,0.0834,0.0557,0.0339,0.0368,0.0387,0.0395,1.84542,63.533546,62.818098,3.72416,0.070036,0.429039,3,10,7,3,3,9,6,3,3,7,6,3,3,7,7,3,0.04629,0.08801,0.34501,0.3583,1,1,12:08:2023,22:40:14,932,-10.882212,-61.9686,175.0,lev20,Almucantar,Ji_Parana_UNIR,312,312.840567,0.429039,0.191328,0.121923,0.094121,1.845912,63.533546,62.818098,3.72416,0.070036,0.429039,3,10,7,3,3,9,6,3,3,7,6,3,3,7,7,3,0.04629,0.08801,0.34501,0.3583,1,1,12:08:2023,22:40:14,932,-10.882212,-61.9686,175.0,lev20,Almucantar,Ji_Parana_UNIR,312,312.840567,1.3948,1.4114,1.4201,1.4215,0.008706,0.00729,0.007106,0.007085,63.533546,62.818098,3.72416,0.070036,0.429039,3,10,7,3,3,9,6,3,3,7,6,3,3,7,7,3,0.04629,0.08801,0.34501,0.3583,1,1,12:08:2023,22:40:14,932,-10.882212,-61.9686,175.0,lev20,Almucantar,Ji_Parana_UNIR,312,312.840567,0.9177,0.9002,0.8818,0.8713,63.533546,62.818098,3.72416,0.070036,0.429039,3,10,7,3,3,9,6,3,3,7,6,3,3,7,7,3,0.04629,0.08801,0.34501,0.3583,1,1,12:08:2023,22:40:14,932,-10.882212,-61.9686,175.0,lev20,Almucantar,Ji_Parana_UNIR,312,312.840567,0.035376,0.01918,0.014427,0.012254,1.324832,63.533546,62.818098,3.72416,0.070036,0.429039,3,10,7,3,3,9,6,3,3,7,6,3,3,7,7,3,0.04629,0.08801,0.34501,0.3583,1,1,12:08:2023,22:40:14,932,-10.882212,-61.9686,175.0,lev20,Almucantar,1.845698683307611,0.33938847841483133,0.8737657986884464,BCL,Urban,,Unknown
08:11:2022,20:55:26,Ji_Parana_UNIR,312,312.871829,0.46,0.2045,0.1286,0.0994,0.4179,0.1593,0.0813,0.0513,0.042,0.0453,0.0472,0.0481,1.86811,74.235045,73.524441,1.818048,0.009582,0.459044,4,10,7,4,4,10,7,4,4,10,7,4,4,10,6,5,0.05341,0.10053,0.39494,0.40493,1,1,12:08:2023,22:45:21,932,-10.882212,-61.9686,175.0,lev20,Almucantar,Ji_Parana_UNIR,312,312.871829,0.459044,0.203579,0.128403,0.098694,1.867981,74.235045,73.524441,1.818048,0.009582,0.459044,4,10,7,4,4,10,7,4,4,10,7,4,4,10,6,5,0.05341,0.10053,0.39494,0.40493,1,1,12:08:2023,22:45:21,932,-10.882212,-61.9686,175.0,lev20,Almucantar,Ji_Parana_UNIR,312,312.871829,1.5223,1.5203,1.5205,1.5108,0.009334,0.008739,0.008638,0.008799,74.235045,73.524441,1.818048,0.009582,0.459044,4,10,7,4,4,10,7,4,4,10,7,4,4,10,6,5,0.05341,0.10053,0.39494,0.40493,1,1,12:08:2023,22:45:21,932,-10.882212,-61.9686,175.0,lev20,Almucantar,Ji_Parana_UNIR,312,312.871829,0.9301,0.9045,0.8827,0.8672,74.235045,73.524441,1.818048,0.009582,0.459044,4,10,7,4,4,10,7,4,4,10,7,4,4,10,6,5,0.05341,0.10053,0.39494,0.40493,1,1,12:08:2023,22:45:21,932,-10.882212,-61.9686,175.0,lev20,Almucantar,Ji_Parana_UNIR,312,312.871829,0.032147,0.019537,0.015081,0.0132,1.11344,74.235045,73.524441,1.818048,0.009582,0.459044,4,10,7,4,4,10,7,4,4,10,7,4,4,10,6,5,0.05341,0.10053,0.39494,0.40493,1,1,12:08:2023,22:45:21,932,-10.882212,-61.9686,175.0,lev20,Almucantar,1.869568900090167,0.3622132742449199,0.8556628631916585,BCL,Urban,,Unknown
08:11:2022,21:13:21,Ji_Parana_UNIR,312,312.884271,0.475,0.2107,0.1314,0.1009,0.44,0.1732,0.0918,0.0604,0.0349,0.0375,0.0396,0.0405,1.882477,78.466616,77.759815,1.734175,0.002487,0.47431,4,10,7,3,4,10,7,3,4,10,7,4,4,10,7,4,0.0578,0.10817,0.42492,0.43288,1,1,12:08:2023,22:47:10,932,-10.882212,-61.9686,175.0,lev20,Almucantar,Ji_Parana_UNIR,312,312.884271,0.47431,0.209751,0.131335,0.100528,1.881966,78.466616,77.759815,1.734175,0.002487,0.47431,4,10,7,3,4,10,7,3,4,10,7,4,4,10,7,4,0.0578,0.10817,0.42492,0.43288,1,1,12:08:2023,22:47:10,932,-10.882212,-61.9686,175.0,lev20,Almucantar,Ji_Parana_UNIR,312,312.884271,1.4418,1.441,1.4375,1.4299,0.010206,0.009855,0.010233,0.01041,78.466616,77.759815,1.734175,0.002487,0.47431,4,10,7,3,4,10,7,3,4,10,7,4,4,10,7,4,0.0578,0.10817,0.42492,0.43288,1,1,12:08:2023,22:47:10,932,-10.882212,-61.9686,175.0,lev20,Almucantar,Ji_Parana_UNIR,312,312.884271,0.9192,0.8865,0.8563,0.8383,78.466616,77.759815,1.734175,0.002487,0.47431,4,10,7,3,4,10,7,3,4,10,7,4,4,10,7,4,0.0578,0.10817,0.42492,0.43288,1,1,12:08:2023,22:47:10,932,-10.882212,-61.9686,175.0,lev20,Almucantar,Ji_Parana_UNIR,312,312.884271,0.038383,0.023908,0.018881,0.016324,1.045283,78.466616,77.759815,1.734175,0.002487,0.47431,4,10,7,3,4,10,7,3,4,10,7,4,4,10,7,4,0.0578,0.10817,0.42492,0.43288,1,1,12:08:2023,22:47:10,932,-10.882212,-61.9686,175.0,lev20,Almucantar,1.8850430592052592,0.3732854447249338,0.8837645520181109,BCL,Urban,,Unknown
09:11:2022,11:12:53,Ji_Parana_UNIR,313,313.46728,0.6511,0.2766,0.1583,0.1125,0.6303,0.255,0.136,0.0896,0.0209,0.0216,0.0223,0.0229,2.062216,66.859609,67.573142,1.050602,0.020723,0.650171,4,10,7,6,4,10,7,6,4,10,7,6,4,10,7,6,0.04696,0.08982,0.36016,0.37591,1,1,12:08:2023,22:53:41,932,-10.882212,-61.9686,175.0,lev20,Almucantar,Ji_Parana_UNIR,313,313.46728,0.650171,0.275842,0.158204,0.112191,2.061464,66.859609,67.573142,1.050602,0.020723,0.650171,4,10,7,6,4,10,7,6,4,10,7,6,4,10,7,6,0.04696,0.08982,0.36016,0.37591,1,1,12:08:2023,22:53:41,932,-10.882212,-61.9686,175.0,lev20,Almucantar,Ji_Parana_UNIR,313,313.46728,1.4774,1.4831,1.4844,1.4776,0.011187,0.009978,0.009473,0.009376,66.859609,67.573142,1.050602,0.020723,0.650171,4,10,7,6,4,10,7,6,4,10,7,6,4,10,7,6,0.04696,0.08982,0.36016,0.37591,1,1,12:08:2023,22:53:41,932,-10.882212,-61.9686,175.0,lev20,Almucantar,Ji_Parana_UNIR,313,313.46728,0.9317,0.9114,0.891,0.8739,66.859609,67.573142,1.050602,0.020723,0.650171,4,10,7,6,4,10,7,6,4,10,7,6,4,10,7,6,0.04696,0.08982,0.36016,0.37591,1,1,12:08:2023,22:53:41,932,-10.882212,-61.9686,175.0,lev20,Almucantar,Ji_Parana_UNIR,313,313.46728,0.044461,0.024497,0.017259,0.014182,1.385575,66.859609,67.573142,1.050602,0.020723,0.650171,4,10,7,6,4,10,7,6,4,10,7,6,4,10,7,6,0.04696,0.08982,0.36016,0.37591,1,1,12:08:2023,22:53:41,932,-10.882212,-61.9686,175.0,lev20,Almucantar,2.0744211944067033,0.499437759655408,0.9512835639610275,BCL,Arid,,Unknown
