Date,Time,AOD_Site,AOD_Day_of_Year,AOD_Day_of_Year(Fraction),AOD_Extinction-Total[440nm],AOD_Extinction-Total[675nm],AOD_Extinction-Total[870nm],AOD_Extinction-Total[1020nm],AOD_Extinction-Fine[440nm],AOD_Extinction-Fine[675nm],AOD_Extinction-Fine[870nm],AOD_Extinction-Fine[1020nm],AOD_Extinction-Coarse[440nm],AOD_Extinction-Coarse[675nm],AOD_Extinction-Coarse[870nm],AOD_Extinction-Coarse[1020nm],AOD_Extinction_Angstrom_Exponent_440-870nm-Total,AOD_Average_Solar_Zenith_Angles_for_Flux_Calculation(Degrees),AOD_Solar_Zenith_Angle_for_Measurement_Start(Degrees),AOD_Sky_Residual(%),AOD_Sun_Residual(%),AOD_Coincident_AOD440nm,AOD_Scattering_Angle_Bin_3.2_to_<6_degrees[440nm],AOD_Scattering_Angle_Bin_6_to_<30_degrees[440nm],AOD_Scattering_Angle_Bin_30_to_<80_degrees[440nm],AOD_Scattering_Angle_Bin_80_degrees_and_over[440nm],AOD_Scattering_Angle_Bin_3.2_to_<6_degrees[675nm],AOD_Scattering_Angle_Bin_6_to_<30_degrees[675nm],AOD_Scattering_Angle_Bin_30_to_<80_degrees[675nm],AOD_Scattering_Angle_Bin_80_degrees_and_over[675nm],AOD_Scattering_Angle_Bin_3.2_to_<6_degrees[870nm],AOD_Scattering_Angle_Bin_6_to_<30_degrees[870nm],AOD_Scattering_Angle_Bin_30_to_<80_degrees[870nm],AOD_Scattering_Angle_Bin_80_degrees_and_over[870nm],AOD_Scattering_Angle_Bin_3.2_to_<6_degrees[1020nm],AOD_Scattering_Angle_Bin_6_to_<30_degrees[1020nm],AOD_Scattering_Angle_Bin_30_to_<80_degrees[1020nm],AOD_Scattering_Angle_Bin_80_degrees_and_over[1020nm],AOD_Surface_Albedo[440m],AOD_Surface_Albedo[675m],AOD_Surface_Albedo[870m],AOD_Surface_Albedo[1020m],AOD_If_Retrieval_is_L2(without_L2_0.4_AOD_440_threshold),AOD_If_AOD_is_L2,AOD_Last_Processing_Date(dd:mm:yyyy),AOD_Last_Processing_Time(hh:mm:ss),AOD_Instrument_Number,AOD_Latitude(Degrees),AOD_Longitude(Degrees),AOD_Elevation(m),AOD_Inversion_Data_Quality_Level,AOD_Retrieval_Measurement_Scan_Type,CAD_Site,CAD_Day_of_Year,CAD_Day_of_Year(Fraction),CAD_AOD_Coincident_Input[440nm],CAD_AOD_Coincident_Input[675nm],CAD_AOD_Coincident_Input[870nm],CAD_AOD_Coincident_Input[1020nm],CAD_Angstrom_Exponent_440-870nm_from_Coincident_Input_AOD,CAD_Average_Solar_Zenith_Angles_for_Flux_Calculation(Degrees),CAD_Solar_Zenith_Angle_for_Measurement_Start(Degrees),CAD_Sky_Residual(%),CAD_Sun_Residual(%),CAD_Coincident_AOD440nm,CAD_Scattering_Angle_Bin_3.2_to_<6_degrees[440nm],CAD_Scattering_Angle_Bin_6_to_<30_degrees[440nm],CAD_Scattering_Angle_Bin_30_to_<80_degrees[440nm],CAD_Scattering_Angle_Bin_80_degrees_and_over[440nm],CAD_Scattering_Angle_Bin_3.2_to_<6_degrees[675nm],CAD_Scattering_Angle_Bin_6_to_<30_degrees[675nm],CAD_Scattering_Angle_Bin_30_to_<80_degrees[675nm],CAD_Scattering_Angle_Bin_80_degrees_and_over[675nm],CAD_Scattering_Angle_Bin_3.2_to_<6_degrees[870nm],CAD_Scattering_Angle_Bin_6_to_<30_degrees[870nm],CAD_Scattering_Angle_Bin_30_to_<80_degrees[870nm],CAD_Scattering_Angle_Bin_80_degrees_and_over[870nm],CAD_Scattering_Angle_Bin_3.2_to_<6_degrees[1020nm],CAD_Scattering_Angle_Bin_6_to_<30_degrees[1020nm],CAD_Scattering_Angle_Bin_30_to_<80_degrees[1020nm],CAD_Scattering_Angle_Bin_80_degrees_and_over[1020nm],CAD_Surface_Albedo[440m],CAD_Surface_Albedo[675m],CAD_Surface_Albedo[870m],CAD_Surface_Albedo[1020m],CAD_If_Retrieval_is_L2(without_L2_0.4_AOD_440_threshold),CAD_If_AOD_is_L2,CAD_Last_Processing_Date(dd:mm:yyyy),CAD_Last_Processing_Time(hh:mm:ss),CAD_Instrument_Number,CAD_Latitude(Degrees),CAD_Longitude(Degrees),CAD_Elevation(m),CAD_Inversion_Data_Quality_Level,CAD_Retrieval_Measurement_Scan_Type,RIN_Site,RIN_Day_of_Year,RIN_Day_of_Year(Fraction),RIN_Refractive_Index-Real_Part[440nm],RIN_Refractive_Index-Real_Part[675nm],RIN_Refractive_Index-Real_Part[870nm],RIN_Refractive_Index-Real_Part[1020nm],RIN_Refractive_Index-Imaginary_Part[440nm],RIN_Refractive_Index-Imaginary_Part[675nm],RIN_Refractive_Index-Imaginary_Part[870nm],RIN_Refractive_Index-Imaginary_Part[1020nm],RIN_Average_Solar_Zenith_Angles_for_Flux_Calculation(Degrees),RIN_Solar_Zenith_Angle_for_Measurement_Start(Degrees),RIN_Sky_Residual(%),RIN_Sun_Residual(%),RIN_Coincident_AOD440nm,RIN_Scattering_Angle_Bin_3.2_to_<6_degrees[440nm],RIN_Scattering_Angle_Bin_6_to_<30_degrees[440nm],RIN_Scattering_Angle_Bin_30_to_<80_degrees[440nm],RIN_Scattering_Angle_Bin_80_degrees_and_over[440nm],RIN_Scattering_Angle_Bin_3.2_to_<6_degrees[675nm],RIN_Scattering_Angle_Bin_6_to_<30_degrees[675nm],RIN_Scattering_Angle_Bin_30_to_<80_degrees[675nm],RIN_Scattering_Angle_Bin_80_degrees_and_over[675nm],RIN_Scattering_Angle_Bin_3.2_to_<6_degrees[870nm],RIN_Scattering_Angle_Bin_6_to_<30_degrees[870nm],RIN_Scattering_Angle_Bin_30_to_<80_degrees[870nm],RIN_Scattering_Angle_Bin_80_degrees_and_over[870nm],RIN_Scattering_Angle_Bin_3.2_to_<6_degrees[1020nm],RIN_Scattering_Angle_Bin_6_to_<30_degrees[1020nm],RIN_Scattering_Angle_Bin_30_to_<80_degrees[1020nm],RIN_Scattering_Angle_Bin_80_degrees_and_over[1020nm],RIN_Surface_Albedo[440m],RIN_Surface_Albedo[675m],RIN_Surface_Albedo[870m],RIN_Surface_Albedo[1020m],RIN_If_Retrieval_is_L2(without_L2_0.4_AOD_440_threshold),RIN_If_AOD_is_L2,RIN_Last_Processing_Date(dd:mm:yyyy),RIN_Last_Processing_Time(hh:mm:ss),RIN_Instrument_Number,RIN_Latitude(Degrees),RIN_Longitude(Degrees),RIN_Elevation(m),RIN_Inversion_Data_Quality_Level,RIN_Retrieval_Measurement_Scan_Type,SSA_Site,SSA_Day_of_Year,SSA_Day_of_Year(Fraction),Single_Scattering_Albedo[440nm],Single_Scattering_Albedo[675nm],Single_Scattering_Albedo[870nm],Single_Scattering_Albedo[1020nm],SSA_Average_Solar_Zenith_Angles_for_Flux_Calculation(Degrees),SSA_Solar_Zenith_Angle_for_Measurement_Start(Degrees),SSA_Sky_Residual(%),SSA_Sun_Residual(%),SSA_Coincident_AOD440nm,SSA_Scattering_Angle_Bin_3.2_to_<6_degrees[440nm],SSA_Scattering_Angle_Bin_6_to_<30_degrees[440nm],SSA_Scattering_Angle_Bin_30_to_<80_degrees[440nm],SSA_Scattering_Angle_Bin_80_degrees_and_over[440nm],SSA_Scattering_Angle_Bin_3.2_to_<6_degrees[675nm],SSA_Scattering_Angle_Bin_6_to_<30_degrees[675nm],SSA_Scattering_Angle_Bin_30_to_<80_degrees[675nm],SSA_Scattering_Angle_Bin_80_degrees_and_over[675nm],SSA_Scattering_Angle_Bin_3.2_to_<6_degrees[870nm],SSA_Scattering_Angle_Bin_6_to_<30_degrees[870nm],SSA_Scattering_Angle_Bin_30_to_<80_degrees[870nm],SSA_Scattering_Angle_Bin_80_degrees_and_over[870nm],SSA_Scattering_Angle_Bin_3.2_to_<6_degrees[1020nm],SSA_Scattering_Angle_Bin_6_to_<30_degrees[1020nm],SSA_Scattering_Angle_Bin_30_to_<80_degrees[1020nm],SSA_Scattering_Angle_Bin_80_degrees_and_over[1020nm],SSA_Surface_Albedo[440m],SSA_Surface_Albedo[675m],SSA_Surface_Albedo[870m],SSA_Surface_Albedo[1020m],SSA_If_Retrieval_is_L2(without_L2_0.4_AOD_440_threshold),SSA_If_AOD_is_L2,SSA_Last_Processing_Date(dd:mm:yyyy),SSA_Last_Processing_Time(hh:mm:ss),SSA_Instrument_Number,SSA_Latitude(Degrees),SSA_Longitude(Degrees),SSA_Elevation(m),SSA_Inversion_Data_Quality_Level,SSA_Retrieval_Measurement_Scan_Type,TAB_Site,TAB_Day_of_Year,TAB_Day_of_Year(Fraction),TAB_Absorption_AOD[440nm],TAB_Absorption_AOD[675nm],TAB_Absorption_AOD[870nm],TAB_Absorption_AOD[1020nm],TAB_Absorption_Angstrom_Exponent_440-870nm,TAB_Average_Solar_Zenith_Angles_for_Flux_Calculation(Degrees),TAB_Solar_Zenith_Angle_for_Measurement_Start(Degrees),TAB_Sky_Residual(%),TAB_Sun_Residual(%),TAB_Coincident_AOD440nm,TAB_Scattering_Angle_Bin_3.2_to_<6_degrees[440nm],TAB_Scattering_Angle_Bin_6_to_<30_degrees[440nm],TAB_Scattering_Angle_Bin_30_to_<80_degrees[440nm],TAB_Scattering_Angle_Bin_80_degrees_and_over[440nm],TAB_Scattering_Angle_Bin_3.2_to_<6_degrees[675nm],TAB_Scattering_Angle_Bin_6_to_<30_degrees[675nm],TAB_Scattering_Angle_Bin_30_to_<80_degrees[675nm],TAB_Scattering_Angle_Bin_80_degrees_and_over[675nm],TAB_Scattering_Angle_Bin_3.2_to_<6_degrees[870nm],TAB_Scattering_Angle_Bin_6_to_<30_degrees[870nm],TAB_Scattering_Angle_Bin_30_to_<80_degrees[870nm],TAB_Scattering_Angle_Bin_80_degrees_and_over[870nm],TAB_Scattering_Angle_Bin_3.2_to_<6_degrees[1020nm],TAB_Scattering_Angle_Bin_6_to_<30_degrees[1020nm],TAB_Scattering_Angle_Bin_30_to_<80_degrees[1020nm],TAB_Scattering_Angle_Bin_80_degrees_and_over[1020nm],TAB_Surface_Albedo[440m],TAB_Surface_Albedo[675m],TAB_Surface_Albedo[870m],TAB_Surface_Albedo[1020m],TAB_If_Retrieval_is_L2(without_L2_0.4_AOD_440_threshold),TAB_If_AOD_is_L2,TAB_Last_Processing_Date(dd:mm:yyyy),TAB_Last_Processing_Time(hh:mm:ss),TAB_Instrument_Number,TAB_Latitude(Degrees),TAB_Longitude(Degrees),TAB_Elevation(m),TAB_Inversion_Data_Quality_Level,TAB_Retrieval_Measurement_Scan_Type,AE,AOD_Extinction-Total[500nm],FMF,Label,Source,Day_of_Year,Season
07:05:1998,20:42:38,Concepcion,127,127.86294,0.0504,0.0316,0.0247,0.0223,0.0394,0.0195,0.0119,0.0093,0.011,0.012,0.0128,0.0129,1.052238,76.664324,76.001388,2.708612,0.05057,0.049655,4,10,7,4,4,9,4,4,4,10,4,4,4,10,4,4,0.03792,0.06491,0.38266,0.3908,1,1,23:01:2021,06:18:54,38,-16.138167,-62.028,500.0,lev20,Almucantar,Concepcion,127,127.86294,0.049655,0.031467,0.023533,0.023305,1.093615,76.664324,76.001388,2.708612,0.05057,0.049655,4,10,7,4,4,9,4,4,4,10,4,4,4,10,4,4,0.03792,0.06491,0.38266,0.3908,1,1,23:01:2021,06:18:54,38,-16.138167,-62.028,500.0,lev20,Almucantar,Concepcion,127,127.86294,1.4886499999999998,1.4983499999999998,1.49445,1.4877,0.009934499999999999,0.009741,0.009353,0.009031500000000001,76.664324,76.001388,2.708612,0.05057,0.049655,4,10,7,4,4,9,4,4,4,10,4,4,4,10,4,4,0.03792,0.06491,0.38266,0.3908,1,1,23:01:2021,06:18:54,38,-16.138167,-62.028,500.0,lev20,Almucantar,Concepcion,127,127.86294,0.94345,0.9300999999999999,0.91535,0.90325,76.664324,76.001388,2.708612,0.05057,0.049655,4,10,7,4,4,9,4,4,4,10,4,4,4,10,4,4,0.03792,0.06491,0.38266,0.3908,1,1,23:01:2021,06:18:54,38,-16.138167,-62.028,500.0,lev20,Almucantar,Concepcion,127,127.86294,0.044619000000000006,0.026867000000000002,0.018621,0.0148255,1.2629665,76.664324,76.001388,2.708612,0.05057,0.049655,4,10,7,4,4,9,4,4,4,10,4,4,4,10,4,4,0.03792,0.06491,0.38266,0.3908,1,1,23:01:2021,06:18:54,38,-16.138167,-62.028,500.0,lev20,Almucantar,1.0461619384125116,0.04409104794246652,0.6972225287778935,Unclassified,Maritime,,Unknown
06:07:1998,13:14:17,Concepcion,187,187.551586,0.1196,0.0592,0.0392,0.0315,0.106,0.0445,0.0237,0.0155,0.0136,0.0147,0.0155,0.0159,1.639112,57.856033,58.401708,2.884446,0.269656,0.11729,4,10,7,4,4,10,7,4,4,10,7,4,4,10,4,3,0.03158,0.06036,0.26881,0.29347,1,1,21:06:2023,07:53:34,38,-16.138167,-62.028,500.0,lev20,Almucantar,Concepcion,187,187.551586,0.11729,0.061384,0.03639,0.028264,1.697401,57.856033,58.401708,2.884446,0.269656,0.11729,4,10,7,4,4,10,7,4,4,10,7,4,4,10,4,3,0.03158,0.06036,0.26881,0.29347,1,1,21:06:2023,07:53:34,38,-16.138167,-62.028,500.0,lev20,Almucantar,Concepcion,187,187.551586,1.4886499999999998,1.4983499999999998,1.49445,1.4877,0.009934499999999999,0.009741,0.009353,0.009031500000000001,57.856033,58.401708,2.884446,0.269656,0.11729,4,10,7,4,4,10,7,4,4,10,7,4,4,10,4,3,0.03158,0.06036,0.26881,0.29347,1,1,21:06:2023,07:53:34,38,-16.138167,-62.028,500.0,lev20,Almucantar,Concepcion,187,187.551586,0.94345,0.9300999999999999,0.91535,0.90325,57.856033,58.401708,2.884446,0.269656,0.11729,4,10,7,4,4,10,7,4,4,10,7,4,4,10,4,3,0.03158,0.06036,0.26881,0.29347,1,1,21:06:2023,07:53:34,38,-16.138167,-62.028,500.0,lev20,Almucantar,Concepcion,187,187.551586,0.044619000000000006,0.026867000000000002,0.018621,0.0148255,1.2629665,57.856033,58.401708,2.884446,0.269656,0.11729,4,10,7,4,4,10,7,4,4,10,7,4,4,10,4,3,0.03158,0.06036,0.26881,0.29347,1,1,21:06:2023,07:53:34,38,-16.138167,-62.028,500.0,lev20,Almucantar,1.6362708650207163,0.09702637222288465,0.8299995528267625,BCL,Maritime,,Unknown
07:07:1998,13:14:28,Concepcion,188,188.551713,0.1583,0.0748,0.0469,0.0361,0.1461,0.0614,0.0326,0.0214,0.0122,0.0134,0.0143,0.0148,1.783259,57.787975,58.334433,4.375402,0.337848,0.154019,4,10,7,4,4,10,7,4,4,10,7,4,4,10,7,4,0.03158,0.06034,0.26869,0.29334,1,1,21:06:2023,08:06:14,38,-16.138167,-62.028,500.0,lev20,Almucantar,Concepcion,188,188.551713,0.154019,0.076652,0.043487,0.031854,1.833671,57.787975,58.334433,4.375402,0.337848,0.154019,4,10,7,4,4,10,7,4,4,10,7,4,4,10,7,4,0.03158,0.06034,0.26869,0.29334,1,1,21:06:2023,08:06:14,38,-16.138167,-62.028,500.0,lev20,Almucantar,Concepcion,188,188.551713,1.4886499999999998,1.4983499999999998,1.49445,1.4877,0.009934499999999999,0.009741,0.009353,0.009031500000000001,57.787975,58.334433,4.375402,0.337848,0.154019,4,10,7,4,4,10,7,4,4,10,7,4,4,10,7,4,0.03158,0.06034,0.26869,0.29334,1,1,21:06:2023,08:06:14,38,-16.138167,-62.028,500.0,lev20,Almucantar,Concepcion,188,188.551713,0.94345,0.9300999999999999,0.91535,0.90325,57.787975,58.334433,4.375402,0.337848,0.154019,4,10,7,4,4,10,7,4,4,10,7,4,4,10,7,4,0.03158,0.06034,0.26869,0.29334,1,1,21:06:2023,08:06:14,38,-16.138167,-62.028,500.0,lev20,Almucantar,Concepcion,188,188.551713,0.044619000000000006,0.026867000000000002,0.018621,0.0148255,1.2629665,57.787975,58.334433,4.375402,0.337848,0.154019,4,10,7,4,4,10,7,4,4,10,7,4,4,10,7,4,0.03158,0.06034,0.26869,0.29334,1,1,21:06:2023,08:06:14,38,-16.138167,-62.028,500.0,lev20,Almucantar,1.7844232167259555,0.12601275486209063,0.8820472251921464,BCL,Unclassified,,Unknown
08:07:1998,13:07:08,Concepcion,189,189.54662,0.2282,0.1092,0.0643,0.0468,0.2185,0.0985,0.0528,0.035,0.0097,0.0107,0.0114,0.0118,1.846054,59.093581,59.650686,2.14634,0.186175,0.227951,4,10,7,4,3,11,7,4,3,10,8,4,3,10,8,4,0.03192,0.0609,0.27155,0.2962,1,1,21:06:2023,07:51:31,38,-16.138167,-62.028,500.0,lev20,Almucantar,Concepcion,189,189.54662,0.227951,0.111556,0.063114,0.044712,1.863516,59.093581,59.650686,2.14634,0.186175,0.227951,4,10,7,4,3,11,7,4,3,10,8,4,3,10,8,4,0.03192,0.0609,0.27155,0.2962,1,1,21:06:2023,07:51:31,38,-16.138167,-62.028,500.0,lev20,Almucantar,Concepcion,189,189.54662,1.4886499999999998,1.4983499999999998,1.49445,1.4877,0.009934499999999999,0.009741,0.009353,0.009031500000000001,59.093581,59.650686,2.14634,0.186175,0.227951,4,10,7,4,3,11,7,4,3,10,8,4,3,10,8,4,0.03192,0.0609,0.27155,0.2962,1,1,21:06:2023,07:51:31,38,-16.138167,-62.028,500.0,lev20,Almucantar,Concepcion,189,189.54662,0.94345,0.9300999999999999,0.91535,0.90325,59.093581,59.650686,2.14634,0.186175,0.227951,4,10,7,4,3,11,7,4,3,10,8,4,3,10,8,4,0.03192,0.0609,0.27155,0.2962,1,1,21:06:2023,07:51:31,38,-16.138167,-62.028,500.0,lev20,Almucantar,Concepcion,189,189.54662,0.044619000000000006,0.026867000000000002,0.018621,0.0148255,1.2629665,59.093581,59.650686,2.14634,0.186175,0.227951,4,10,7,4,3,11,7,4,3,10,8,4,3,10,8,4,0.03192,0.0609,0.27155,0.2962,1,1,21:06:2023,07:51:31,38,-16.138167,-62.028,500.0,lev20,Almucantar,1.858043803336689,0.1799542107189921,0.937014686199191,BCL,Unclassified,,Unknown
08:07:1998,13:15:01,Concepcion,189,189.552095,0.2243,0.1071,0.0627,0.0449,0.216,0.0984,0.0535,0.0354,0.0083,0.0087,0.0092,0.0095,1.857049,57.648209,58.194992,2.152054,0.153598,0.223701,4,10,7,4,4,10,7,4,4,10,7,4,4,10,7,4,0.03155,0.06029,0.26838,0.29305,1,1,21:06:2023,07:53:10,38,-16.138167,-62.028,500.0,lev20,Almucantar,Concepcion,189,189.552095,0.223701,0.109318,0.061553,0.043596,1.872063,57.648209,58.194992,2.152054,0.153598,0.223701,4,10,7,4,4,10,7,4,4,10,7,4,4,10,7,4,0.03155,0.06029,0.26838,0.29305,1,1,21:06:2023,07:53:10,38,-16.138167,-62.028,500.0,lev20,Almucantar,Concepcion,189,189.552095,1.4886499999999998,1.4983499999999998,1.49445,1.4877,0.009934499999999999,0.009741,0.009353,0.009031500000000001,57.648209,58.194992,2.152054,0.153598,0.223701,4,10,7,4,4,10,7,4,4,10,7,4,4,10,7,4,0.03155,0.06029,0.26838,0.29305,1,1,21:06:2023,07:53:10,38,-16.138167,-62.028,500.0,lev20,Almucantar,Concepcion,189,189.552095,0.94345,0.9300999999999999,0.91535,0.90325,57.648209,58.194992,2.152054,0.153598,0.223701,4,10,7,4,4,10,7,4,4,10,7,4,4,10,7,4,0.03155,0.06029,0.26838,0.29305,1,1,21:06:2023,07:53:10,38,-16.138167,-62.028,500.0,lev20,Almucantar,Concepcion,189,189.552095,0.044619000000000006,0.026867000000000002,0.018621,0.0148255,1.2629665,57.648209,58.194992,2.152054,0.153598,0.223701,4,10,7,4,4,10,7,4,4,10,7,4,4,10,7,4,0.03155,0.06029,0.26838,0.29305,1,1,21:06:2023,07:53:10,38,-16.138167,-62.028,500.0,lev20,Almucantar,1.8697204526884592,0.1766149205237638,0.947534942646837,BCL,Unclassified,,Unknown
08:07:1998,20:39:39,Concepcion,189,189.860868,0.1951,0.0901,0.0516,0.0379,0.1846,0.079,0.0398,0.0256,0.0105,0.0111,0.0118,0.0123,1.938028,76.301586,75.672944,2.487057,0.027804,0.195151,4,10,7,5,4,10,4,5,4,10,5,4,4,8,4,4,0.04032,0.0737,0.33095,0.35261,1,1,21:06:2023,07:59:46,38,-16.138167,-62.028,500.0,lev20,Almucantar,Concepcion,189,189.860868,0.195151,0.090187,0.051144,0.037362,1.949845,76.301586,75.672944,2.487057,0.027804,0.195151,4,10,7,5,4,10,4,5,4,10,5,4,4,8,4,4,0.04032,0.0737,0.33095,0.35261,1,1,21:06:2023,07:59:46,38,-16.138167,-62.028,500.0,lev20,Almucantar,Concepcion,189,189.860868,1.4886499999999998,1.4983499999999998,1.49445,1.4877,0.009934499999999999,0.009741,0.009353,0.009031500000000001,76.301586,75.672944,2.487057,0.027804,0.195151,4,10,7,5,4,10,4,5,4,10,5,4,4,8,4,4,0.04032,0.0737,0.33095,0.35261,1,1,21:06:2023,07:59:46,38,-16.138167,-62.028,500.0,lev20,Almucantar,Concepcion,189,189.860868,0.94345,0.9300999999999999,0.91535,0.90325,76.301586,75.672944,2.487057,0.027804,0.195151,4,10,7,5,4,10,4,5,4,10,5,4,4,8,4,4,0.04032,0.0737,0.33095,0.35261,1,1,21:06:2023,07:59:46,38,-16.138167,-62.028,500.0,lev20,Almucantar,Concepcion,189,189.860868,0.044619000000000006,0.026867000000000002,0.018621,0.0148255,1.2629665,76.301586,75.672944,2.487057,0.027804,0.195151,4,10,7,5,4,10,4,5,4,10,5,4,4,8,4,4,0.04032,0.0737,0.33095,0.35261,1,1,21:06:2023,07:59:46,38,-16.138167,-62.028,500.0,lev20,Almucantar,1.9509381143683773,0.1520359872218829,0.9219671864476828,BCL,Unclassified,,Unknown
10:07:1998,19:14:56,Concepcion,191,191.802037,0.1674,0.085,0.0531,0.0415,0.1537,0.0704,0.0375,0.0256,0.0137,0.0146,0.0155,0.016,1.675798,59.199775,58.642884,2.227284,0.173451,0.166424,3,10,8,4,3,11,7,4,3,10,7,4,4,10,7,4,0.03206,0.0609,0.27048,0.294,1,1,21:06:2023,07:57:02,38,-16.138167,-62.028,500.0,lev20,Almucantar,Concepcion,191,191.802037,0.166424,0.086949,0.050854,0.040053,1.717828,59.199775,58.642884,2.227284,0.173451,0.166424,3,10,8,4,3,11,7,4,3,10,7,4,4,10,7,4,0.03206,0.0609,0.27048,0.294,1,1,21:06:2023,07:57:02,38,-16.138167,-62.028,500.0,lev20,Almucantar,Concepcion,191,191.802037,1.4886499999999998,1.4983499999999998,1.49445,1.4877,0.009934499999999999,0.009741,0.009353,0.009031500000000001,59.199775,58.642884,2.227284,0.173451,0.166424,3,10,8,4,3,11,7,4,3,10,7,4,4,10,7,4,0.03206,0.0609,0.27048,0.294,1,1,21:06:2023,07:57:02,38,-16.138167,-62.028,500.0,lev20,Almucantar,Concepcion,191,191.802037,0.94345,0.9300999999999999,0.91535,0.90325,59.199775,58.642884,2.227284,0.173451,0.166424,3,10,8,4,3,11,7,4,3,10,7,4,4,10,7,4,0.03206,0.0609,0.27048,0.294,1,1,21:06:2023,07:57:02,38,-16.138167,-62.028,500.0,lev20,Almucantar,Concepcion,191,191.802037,0.044619000000000006,0.026867000000000002,0.018621,0.0148255,1.2629665,59.199775,58.642884,2.227284,0.173451,0.166424,3,10,8,4,3,11,7,4,3,10,7,4,4,10,7,4,0.03206,0.0609,0.27048,0.294,1,1,21:06:2023,07:57:02,38,-16.138167,-62.028,500.0,lev20,Almucantar,1.684286484107278,0.13497345617814976,0.8810391264297818,BCL,Maritime,,Unknown
10:07:1998,19:25:24,Concepcion,191,191.809306,0.1628,0.0818,0.0499,0.0381,0.1528,0.0711,0.0386,0.0265,0.01,0.0107,0.0113,0.0116,1.72344,61.171537,60.601954,2.492032,0.153061,0.161934,3,10,8,4,3,10,8,4,3,10,6,4,3,6,6,4,0.03264,0.06182,0.27501,0.29839,1,1,21:06:2023,07:58:36,38,-16.138167,-62.028,500.0,lev20,Almucantar,Concepcion,191,191.809306,0.161934,0.084053,0.048696,0.037283,1.740485,61.171537,60.601954,2.492032,0.153061,0.161934,3,10,8,4,3,10,8,4,3,10,6,4,3,6,6,4,0.03264,0.06182,0.27501,0.29839,1,1,21:06:2023,07:58:36,38,-16.138167,-62.028,500.0,lev20,Almucantar,Concepcion,191,191.809306,1.4886499999999998,1.4983499999999998,1.49445,1.4877,0.009934499999999999,0.009741,0.009353,0.009031500000000001,61.171537,60.601954,2.492032,0.153061,0.161934,3,10,8,4,3,10,8,4,3,10,6,4,3,6,6,4,0.03264,0.06182,0.27501,0.29839,1,1,21:06:2023,07:58:36,38,-16.138167,-62.028,500.0,lev20,Almucantar,Concepcion,191,191.809306,0.94345,0.9300999999999999,0.91535,0.90325,61.171537,60.601954,2.492032,0.153061,0.161934,3,10,8,4,3,10,8,4,3,10,6,4,3,6,6,4,0.03264,0.06182,0.27501,0.29839,1,1,21:06:2023,07:58:36,38,-16.138167,-62.028,500.0,lev20,Almucantar,Concepcion,191,191.809306,0.044619000000000006,0.026867000000000002,0.018621,0.0148255,1.2629665,61.171537,60.601954,2.492032,0.153061,0.161934,3,10,8,4,3,10,8,4,3,10,6,4,3,6,6,4,0.03264,0.06182,0.27501,0.29839,1,1,21:06:2023,07:58:36,38,-16.138167,-62.028,500.0,lev20,Almucantar,1.734589096947164,0.13042313913714804,0.9110409908885602,BCL,Unclassified,,Unknown
12:07:1998,19:15:12,Concepcion,193,193.802222,0.1101,0.0574,0.0393,0.0326,0.0922,0.0385,0.0196,0.0125,0.0178,0.0189,0.0198,0.0202,1.514222,59.040882,58.481978,2.169318,0.261137,0.108497,3,11,7,4,3,11,7,4,4,10,7,4,4,10,7,4,0.03244,0.0616,0.26494,0.29015,1,1,21:06:2023,08:02:22,38,-16.138167,-62.028,500.0,lev20,Almucantar,Concepcion,193,193.802222,0.108497,0.061255,0.036999,0.030494,1.554478,59.040882,58.481978,2.169318,0.261137,0.108497,3,11,7,4,3,11,7,4,4,10,7,4,4,10,7,4,0.03244,0.0616,0.26494,0.29015,1,1,21:06:2023,08:02:22,38,-16.138167,-62.028,500.0,lev20,Almucantar,Concepcion,193,193.802222,1.4886499999999998,1.4983499999999998,1.49445,1.4877,0.009934499999999999,0.009741,0.009353,0.009031500000000001,59.040882,58.481978,2.169318,0.261137,0.108497,3,11,7,4,3,11,7,4,4,10,7,4,4,10,7,4,0.03244,0.0616,0.26494,0.29015,1,1,21:06:2023,08:02:22,38,-16.138167,-62.028,500.0,lev20,Almucantar,Concepcion,193,193.802222,0.94345,0.9300999999999999,0.91535,0.90325,59.040882,58.481978,2.169318,0.261137,0.108497,3,11,7,4,3,11,7,4,4,10,7,4,4,10,7,4,0.03244,0.0616,0.26494,0.29015,1,1,21:06:2023,08:02:22,38,-16.138167,-62.028,500.0,lev20,Almucantar,Concepcion,193,193.802222,0.044619000000000006,0.026867000000000002,0.018621,0.0148255,1.2629665,59.040882,58.481978,2.169318,0.261137,0.108497,3,11,7,4,3,11,7,4,4,10,7,4,4,10,7,4,0.03244,0.0616,0.26494,0.29015,1,1,21:06:2023,08:02:22,38,-16.138167,-62.028,500.0,lev20,Almucantar,1.511128930663908,0.09075978923955992,0.7646965183979199,BCL,Maritime,,Unknown
12:07:1998,19:25:39,Concepcion,193,193.809479,0.1114,0.0567,0.0387,0.0317,0.0954,0.0397,0.0209,0.0137,0.016,0.0171,0.0178,0.018,1.555786,61.01634,60.444827,2.9861,0.282528,0.10823,3,10,8,3,3,10,6,4,3,10,6,3,3,10,5,3,0.03302,0.06247,0.26931,0.2944,1,1,21:06:2023,08:03:58,38,-16.138167,-62.028,500.0,lev20,Almucantar,Concepcion,193,193.809479,0.10823,0.060806,0.036476,0.030299,1.571191,61.01634,60.444827,2.9861,0.282528,0.10823,3,10,8,3,3,10,6,4,3,10,6,3,3,10,5,3,0.03302,0.06247,0.26931,0.2944,1,1,21:06:2023,08:03:58,38,-16.138167,-62.028,500.0,lev20,Almucantar,Concepcion,193,193.809479,1.4886499999999998,1.4983499999999998,1.49445,1.4877,0.009934499999999999,0.009741,0.009353,0.009031500000000001,61.01634,60.444827,2.9861,0.282528,0.10823,3,10,8,3,3,10,6,4,3,10,6,3,3,10,5,3,0.03302,0.06247,0.26931,0.2944,1,1,21:06:2023,08:03:58,38,-16.138167,-62.028,500.0,lev20,Almucantar,Concepcion,193,193.809479,0.94345,0.9300999999999999,0.91535,0.90325,61.01634,60.444827,2.9861,0.282528,0.10823,3,10,8,3,3,10,6,4,3,10,6,3,3,10,5,3,0.03302,0.06247,0.26931,0.2944,1,1,21:06:2023,08:03:58,38,-16.138167,-62.028,500.0,lev20,Almucantar,Concepcion,193,193.809479,0.044619000000000006,0.026867000000000002,0.018621,0.0148255,1.2629665,61.01634,60.444827,2.9861,0.282528,0.10823,3,10,8,3,3,10,6,4,3,10,6,3,3,10,5,3,0.03302,0.06247,0.26931,0.2944,1,1,21:06:2023,08:03:58,38,-16.138167,-62.028,500.0,lev20,Almucantar,1.5509154454956415,0.09136555771304646,0.7870699971597965,BCL,Maritime,,Unknown
12:07:1998,20:17:12,Concepcion,193,193.845278,0.1144,0.0598,0.0391,0.0319,0.098,0.0424,0.0211,0.0137,0.0163,0.0174,0.018,0.0182,1.570589,71.291653,70.673748,1.607283,0.092538,0.113766,4,10,7,5,4,10,7,5,4,10,7,4,4,10,7,4,0.03741,0.06903,0.30068,0.325,1,1,21:06:2023,08:05:36,38,-16.138167,-62.028,500.0,lev20,Almucantar,Concepcion,193,193.845278,0.113766,0.060751,0.037885,0.031028,1.599477,71.291653,70.673748,1.607283,0.092538,0.113766,4,10,7,5,4,10,7,5,4,10,7,4,4,10,7,4,0.03741,0.06903,0.30068,0.325,1,1,21:06:2023,08:05:36,38,-16.138167,-62.028,500.0,lev20,Almucantar,Concepcion,193,193.845278,1.4886499999999998,1.4983499999999998,1.49445,1.4877,0.009934499999999999,0.009741,0.009353,0.009031500000000001,71.291653,70.673748,1.607283,0.092538,0.113766,4,10,7,5,4,10,7,5,4,10,7,4,4,10,7,4,0.03741,0.06903,0.30068,0.325,1,1,21:06:2023,08:05:36,38,-16.138167,-62.028,500.0,lev20,Almucantar,Concepcion,193,193.845278,0.94345,0.9300999999999999,0.91535,0.90325,71.291653,70.673748,1.607283,0.092538,0.113766,4,10,7,5,4,10,7,5,4,10,7,4,4,10,7,4,0.03741,0.06903,0.30068,0.325,1,1,21:06:2023,08:05:36,38,-16.138167,-62.028,500.0,lev20,Almucantar,Concepcion,193,193.845278,0.044619000000000006,0.026867000000000002,0.018621,0.0148255,1.2629665,71.291653,70.673748,1.607283,0.092538,0.113766,4,10,7,5,4,10,7,5,4,10,7,4,4,10,7,4,0.03741,0.06903,0.30068,0.325,1,1,21:06:2023,08:05:36,38,-16.138167,-62.028,500.0,lev20,Almucantar,1.5748122370036948,0.09353984742672652,0.7925233779920281,BCL,Maritime,,Unknown
12:07:1998,20:41:10,Concepcion,193,193.861921,0.1158,0.0595,0.0388,0.0315,0.1001,0.0428,0.0214,0.0137,0.0157,0.0168,0.0175,0.0177,1.600935,76.294753,75.662656,4.7193,0.081723,0.115197,4,10,7,5,4,10,7,5,4,10,5,3,4,10,6,3,0.04075,0.074,0.3237,0.34747,1,1,21:06:2023,07:51:17,38,-16.138167,-62.028,500.0,lev20,Almucantar,Concepcion,193,193.861921,0.115197,0.060246,0.037817,0.030756,1.62342,76.294753,75.662656,4.7193,0.081723,0.115197,4,10,7,5,4,10,7,5,4,10,5,3,4,10,6,3,0.04075,0.074,0.3237,0.34747,1,1,21:06:2023,07:51:17,38,-16.138167,-62.028,500.0,lev20,Almucantar,Concepcion,193,193.861921,1.4886499999999998,1.4983499999999998,1.49445,1.4877,0.009934499999999999,0.009741,0.009353,0.009031500000000001,76.294753,75.662656,4.7193,0.081723,0.115197,4,10,7,5,4,10,7,5,4,10,5,3,4,10,6,3,0.04075,0.074,0.3237,0.34747,1,1,21:06:2023,07:51:17,38,-16.138167,-62.028,500.0,lev20,Almucantar,Concepcion,193,193.861921,0.94345,0.9300999999999999,0.91535,0.90325,76.294753,75.662656,4.7193,0.081723,0.115197,4,10,7,5,4,10,7,5,4,10,5,3,4,10,6,3,0.04075,0.074,0.3237,0.34747,1,1,21:06:2023,07:51:17,38,-16.138167,-62.028,500.0,lev20,Almucantar,Concepcion,193,193.861921,0.044619000000000006,0.026867000000000002,0.018621,0.0148255,1.2629665,76.294753,75.662656,4.7193,0.081723,0.115197,4,10,7,5,4,10,7,5,4,10,5,3,4,10,6,3,0.04075,0.074,0.3237,0.34747,1,1,21:06:2023,07:51:17,38,-16.138167,-62.028,500.0,lev20,Almucantar,1.603952867630681,0.09433250823644163,0.8034403215459446,BCL,Maritime,,Unknown
13:07:1998,11:48:47,Concepcion,194,194.492211,0.1011,0.054,0.0361,0.029,0.0857,0.0376,0.019,0.0116,0.0154,0.0164,0.0171,0.0174,1.507774,74.493198,75.123278,1.216125,0.068356,0.101379,4,10,7,5,4,10,7,5,4,10,7,5,4,10,7,5,0.03915,0.07217,0.31797,0.34467,1,1,21:06:2023,08:08:32,38,-16.138167,-62.028,500.0,lev20,Almucantar,Concepcion,194,194.492211,0.101379,0.054143,0.036057,0.028375,1.512973,74.493198,75.123278,1.216125,0.068356,0.101379,4,10,7,5,4,10,7,5,4,10,7,5,4,10,7,5,0.03915,0.07217,0.31797,0.34467,1,1,21:06:2023,08:08:32,38,-16.138167,-62.028,500.0,lev20,Almucantar,Concepcion,194,194.492211,1.4886499999999998,1.4983499999999998,1.49445,1.4877,0.009934499999999999,0.009741,0.009353,0.009031500000000001,74.493198,75.123278,1.216125,0.068356,0.101379,4,10,7,5,4,10,7,5,4,10,7,5,4,10,7,5,0.03915,0.07217,0.31797,0.34467,1,1,21:06:2023,08:08:32,38,-16.138167,-62.028,500.0,lev20,Almucantar,Concepcion,194,194.492211,0.94345,0.9300999999999999,0.91535,0.90325,74.493198,75.123278,1.216125,0.068356,0.101379,4,10,7,5,4,10,7,5,4,10,7,5,4,10,7,5,0.03915,0.07217,0.31797,0.34467,1,1,21:06:2023,08:08:32,38,-16.138167,-62.028,500.0,lev20,Almucantar,Concepcion,194,194.492211,0.044619000000000006,0.026867000000000002,0.018621,0.0148255,1.2629665,74.493198,75.123278,1.216125,0.068356,0.101379,4,10,7,5,4,10,7,5,4,10,7,5,4,10,7,5,0.03915,0.07217,0.31797,0.34467,1,1,21:06:2023,08:08:32,38,-16.138167,-62.028,500.0,lev20,Almucantar,1.5106195354023686,0.08334616003313643,0.7864584169214711,BCL,Maritime,,Unknown
13:07:1998,12:12:44,Concepcion,194,194.508843,0.0989,0.0527,0.0358,0.0294,0.0824,0.0351,0.0175,0.0108,0.0165,0.0176,0.0183,0.0186,1.490423,69.52812,70.143024,1.471727,0.135294,0.099004,4,10,7,5,4,10,7,5,4,10,7,5,4,10,7,5,0.03626,0.0677,0.29646,0.32296,1,1,21:06:2023,07:51:33,38,-16.138167,-62.028,500.0,lev20,Almucantar,Concepcion,194,194.508843,0.099004,0.053808,0.035365,0.027632,1.502964,69.52812,70.143024,1.471727,0.135294,0.099004,4,10,7,5,4,10,7,5,4,10,7,5,4,10,7,5,0.03626,0.0677,0.29646,0.32296,1,1,21:06:2023,07:51:33,38,-16.138167,-62.028,500.0,lev20,Almucantar,Concepcion,194,194.508843,1.4886499999999998,1.4983499999999998,1.49445,1.4877,0.009934499999999999,0.009741,0.009353,0.009031500000000001,69.52812,70.143024,1.471727,0.135294,0.099004,4,10,7,5,4,10,7,5,4,10,7,5,4,10,7,5,0.03626,0.0677,0.29646,0.32296,1,1,21:06:2023,07:51:33,38,-16.138167,-62.028,500.0,lev20,Almucantar,Concepcion,194,194.508843,0.94345,0.9300999999999999,0.91535,0.90325,69.52812,70.143024,1.471727,0.135294,0.099004,4,10,7,5,4,10,7,5,4,10,7,5,4,10,7,5,0.03626,0.0677,0.29646,0.32296,1,1,21:06:2023,07:51:33,38,-16.138167,-62.028,500.0,lev20,Almucantar,Concepcion,194,194.508843,0.044619000000000006,0.026867000000000002,0.018621,0.0148255,1.2629665,69.52812,70.143024,1.471727,0.135294,0.099004,4,10,7,5,4,10,7,5,4,10,7,5,4,10,7,5,0.03626,0.0677,0.29646,0.32296,1,1,21:06:2023,07:51:33,38,-16.138167,-62.028,500.0,lev20,Almucantar,1.4905879303170815,0.081741543251722,0.7622296658095425,BCL,Maritime,,Unknown
13:07:1998,13:05:54,Concepcion,194,194.545764,0.0976,0.052,0.0359,0.0295,0.082,0.0353,0.0185,0.0118,0.0157,0.0167,0.0173,0.0177,1.469415,59.064659,59.629024,1.645497,0.202661,0.096224,4,10,7,4,3,11,7,4,3,11,7,4,3,10,8,4,0.03235,0.06165,0.26628,0.29258,1,1,21:06:2023,07:53:07,38,-16.138167,-62.028,500.0,lev20,Almucantar,Concepcion,194,194.545764,0.096224,0.054244,0.035101,0.02686,1.466389,59.064659,59.629024,1.645497,0.202661,0.096224,4,10,7,4,3,11,7,4,3,11,7,4,3,10,8,4,0.03235,0.06165,0.26628,0.29258,1,1,21:06:2023,07:53:07,38,-16.138167,-62.028,500.0,lev20,Almucantar,Concepcion,194,194.545764,1.4886499999999998,1.4983499999999998,1.49445,1.4877,0.009934499999999999,0.009741,0.009353,0.009031500000000001,59.064659,59.629024,1.645497,0.202661,0.096224,4,10,7,4,3,11,7,4,3,11,7,4,3,10,8,4,0.03235,0.06165,0.26628,0.29258,1,1,21:06:2023,07:53:07,38,-16.138167,-62.028,500.0,lev20,Almucantar,Concepcion,194,194.545764,0.94345,0.9300999999999999,0.91535,0.90325,59.064659,59.629024,1.645497,0.202661,0.096224,4,10,7,4,3,11,7,4,3,11,7,4,3,10,8,4,0.03235,0.06165,0.26628,0.29258,1,1,21:06:2023,07:53:07,38,-16.138167,-62.028,500.0,lev20,Almucantar,Concepcion,194,194.545764,0.044619000000000006,0.026867000000000002,0.018621,0.0148255,1.2629665,59.064659,59.629024,1.645497,0.202661,0.096224,4,10,7,4,3,11,7,4,3,11,7,4,3,10,8,4,0.03235,0.06165,0.26628,0.29258,1,1,21:06:2023,07:53:07,38,-16.138167,-62.028,500.0,lev20,Almucantar,1.4670868112247997,0.0809097907850329,0.7704148700998977,BCL,Maritime,,Unknown
13:07:1998,13:15:16,Concepcion,194,194.552269,0.0973,0.05,0.0352,0.0296,0.0808,0.0324,0.0169,0.011,0.0165,0.0176,0.0183,0.0186,1.500176,57.327032,57.879412,1.747522,0.288925,0.09545,4,10,7,4,4,10,7,4,4,10,7,4,4,10,7,4,0.03191,0.06096,0.26262,0.28892,1,1,21:06:2023,07:54:37,38,-16.138167,-62.028,500.0,lev20,Almucantar,Concepcion,194,194.552269,0.09545,0.05392,0.034196,0.026399,1.489543,57.327032,57.879412,1.747522,0.288925,0.09545,4,10,7,4,4,10,7,4,4,10,7,4,4,10,7,4,0.03191,0.06096,0.26262,0.28892,1,1,21:06:2023,07:54:37,38,-16.138167,-62.028,500.0,lev20,Almucantar,Concepcion,194,194.552269,1.4886499999999998,1.4983499999999998,1.49445,1.4877,0.009934499999999999,0.009741,0.009353,0.009031500000000001,57.327032,57.879412,1.747522,0.288925,0.09545,4,10,7,4,4,10,7,4,4,10,7,4,4,10,7,4,0.03191,0.06096,0.26262,0.28892,1,1,21:06:2023,07:54:37,38,-16.138167,-62.028,500.0,lev20,Almucantar,Concepcion,194,194.552269,0.94345,0.9300999999999999,0.91535,0.90325,57.327032,57.879412,1.747522,0.288925,0.09545,4,10,7,4,4,10,7,4,4,10,7,4,4,10,7,4,0.03191,0.06096,0.26262,0.28892,1,1,21:06:2023,07:54:37,38,-16.138167,-62.028,500.0,lev20,Almucantar,Concepcion,194,194.552269,0.044619000000000006,0.026867000000000002,0.018621,0.0148255,1.2629665,57.327032,57.879412,1.747522,0.288925,0.09545,4,10,7,4,4,10,7,4,4,10,7,4,4,10,7,4,0.03191,0.06096,0.26262,0.28892,1,1,21:06:2023,07:54:37,38,-16.138167,-62.028,500.0,lev20,Almucantar,1.4914556805382373,0.08041021184292713,0.7470800010024133,BCL,Maritime,,Unknown
13:07:1998,19:15:20,Concepcion,194,194.802315,0.0844,0.0434,0.0297,0.0244,0.0725,0.0306,0.0163,0.0108,0.0119,0.0128,0.0133,0.0135,1.536351,58.958246,58.398251,4.529612,0.269338,0.082715,3,11,7,4,4,10,7,4,4,10,7,4,4,9,7,4,0.03241,0.06156,0.26476,0.28996,1,1,21:06:2023,07:59:18,38,-16.138167,-62.028,500.0,lev20,Almucantar,Concepcion,194,194.802315,0.082715,0.047252,0.027161,0.02247,1.601193,58.958246,58.398251,4.529612,0.269338,0.082715,3,11,7,4,4,10,7,4,4,10,7,4,4,9,7,4,0.03241,0.06156,0.26476,0.28996,1,1,21:06:2023,07:59:18,38,-16.138167,-62.028,500.0,lev20,Almucantar,Concepcion,194,194.802315,1.4886499999999998,1.4983499999999998,1.49445,1.4877,0.009934499999999999,0.009741,0.009353,0.009031500000000001,58.958246,58.398251,4.529612,0.269338,0.082715,3,11,7,4,4,10,7,4,4,10,7,4,4,9,7,4,0.03241,0.06156,0.26476,0.28996,1,1,21:06:2023,07:59:18,38,-16.138167,-62.028,500.0,lev20,Almucantar,Concepcion,194,194.802315,0.94345,0.9300999999999999,0.91535,0.90325,58.958246,58.398251,4.529612,0.269338,0.082715,3,11,7,4,4,10,7,4,4,10,7,4,4,9,7,4,0.03241,0.06156,0.26476,0.28996,1,1,21:06:2023,07:59:18,38,-16.138167,-62.028,500.0,lev20,Almucantar,Concepcion,194,194.802315,0.044619000000000006,0.026867000000000002,0.018621,0.0148255,1.2629665,58.958246,58.398251,4.529612,0.269338,0.082715,3,11,7,4,4,10,7,4,4,10,7,4,4,9,7,4,0.03241,0.06156,0.26476,0.28996,1,1,21:06:2023,07:59:18,38,-16.138167,-62.028,500.0,lev20,Almucantar,1.5320405404544986,0.06938852402894095,0.7905212736220285,BCL,Maritime,,Unknown
13:07:1998,19:25:45,Concepcion,194,194.809549,0.0815,0.0424,0.0282,0.023,0.0694,0.0295,0.0148,0.0094,0.012,0.0129,0.0134,0.0136,1.555614,60.931039,60.35851,1.93019,0.21867,0.081235,3,10,8,4,3,10,8,4,3,10,8,4,3,10,8,4,0.033,0.06243,0.26912,0.2942,1,1,21:06:2023,08:01:03,38,-16.138167,-62.028,500.0,lev20,Almucantar,Concepcion,194,194.809549,0.081235,0.045924,0.02617,0.021946,1.628884,60.931039,60.35851,1.93019,0.21867,0.081235,3,10,8,4,3,10,8,4,3,10,8,4,3,10,8,4,0.033,0.06243,0.26912,0.2942,1,1,21:06:2023,08:01:03,38,-16.138167,-62.028,500.0,lev20,Almucantar,Concepcion,194,194.809549,1.4886499999999998,1.4983499999999998,1.49445,1.4877,0.009934499999999999,0.009741,0.009353,0.009031500000000001,60.931039,60.35851,1.93019,0.21867,0.081235,3,10,8,4,3,10,8,4,3,10,8,4,3,10,8,4,0.033,0.06243,0.26912,0.2942,1,1,21:06:2023,08:01:03,38,-16.138167,-62.028,500.0,lev20,Almucantar,Concepcion,194,194.809549,0.94345,0.9300999999999999,0.91535,0.90325,60.931039,60.35851,1.93019,0.21867,0.081235,3,10,8,4,3,10,8,4,3,10,8,4,3,10,8,4,0.033,0.06243,0.26912,0.2942,1,1,21:06:2023,08:01:03,38,-16.138167,-62.028,500.0,lev20,Almucantar,Concepcion,194,194.809549,0.044619000000000006,0.026867000000000002,0.018621,0.0148255,1.2629665,60.931039,60.35851,1.93019,0.21867,0.081235,3,10,8,4,3,10,8,4,3,10,8,4,3,10,8,4,0.033,0.06243,0.26912,0.2942,1,1,21:06:2023,08:01:03,38,-16.138167,-62.028,500.0,lev20,Almucantar,1.5567731637983018,0.06679281120382967,0.7847677517854706,BCL,Maritime,,Unknown
13:07:1998,20:17:39,Concepcion,194,194.84559,0.0805,0.042,0.0279,0.0228,0.0685,0.0291,0.0144,0.0091,0.012,0.0128,0.0134,0.0136,1.552737,71.294711,70.675702,1.604219,0.118916,0.080715,4,10,7,5,4,10,7,5,4,10,7,5,4,10,7,5,0.03765,0.06925,0.30089,0.32522,1,1,21:06:2023,08:02:49,38,-16.138167,-62.028,500.0,lev20,Almucantar,Concepcion,194,194.84559,0.080715,0.04353,0.02638,0.022073,1.621652,71.294711,70.675702,1.604219,0.118916,0.080715,4,10,7,5,4,10,7,5,4,10,7,5,4,10,7,5,0.03765,0.06925,0.30089,0.32522,1,1,21:06:2023,08:02:49,38,-16.138167,-62.028,500.0,lev20,Almucantar,Concepcion,194,194.84559,1.4886499999999998,1.4983499999999998,1.49445,1.4877,0.009934499999999999,0.009741,0.009353,0.009031500000000001,71.294711,70.675702,1.604219,0.118916,0.080715,4,10,7,5,4,10,7,5,4,10,7,5,4,10,7,5,0.03765,0.06925,0.30089,0.32522,1,1,21:06:2023,08:02:49,38,-16.138167,-62.028,500.0,lev20,Almucantar,Concepcion,194,194.84559,0.94345,0.9300999999999999,0.91535,0.90325,71.294711,70.675702,1.604219,0.118916,0.080715,4,10,7,5,4,10,7,5,4,10,7,5,4,10,7,5,0.03765,0.06925,0.30089,0.32522,1,1,21:06:2023,08:02:49,38,-16.138167,-62.028,500.0,lev20,Almucantar,Concepcion,194,194.84559,0.044619000000000006,0.026867000000000002,0.018621,0.0148255,1.2629665,71.294711,70.675702,1.604219,0.118916,0.080715,4,10,7,5,4,10,7,5,4,10,7,5,4,10,7,5,0.03765,0.06925,0.30089,0.32522,1,1,21:06:2023,08:02:49,38,-16.138167,-62.028,500.0,lev20,Almucantar,1.554352007936304,0.06599368969257445,0.7831312670878949,BCL,Maritime,,Unknown
13:07:1998,20:41:36,Concepcion,194,194.862222,0.0837,0.0444,0.0288,0.0234,0.0726,0.0328,0.0166,0.0109,0.0111,0.0116,0.0122,0.0125,1.558134,76.30258,75.669503,1.595517,0.046345,0.084039,4,10,7,5,4,10,7,5,4,10,7,4,4,10,7,4,0.04129,0.07452,0.32422,0.34799,1,1,21:06:2023,08:05:03,38,-16.138167,-62.028,500.0,lev20,Almucantar,Concepcion,194,194.862222,0.084039,0.044848,0.028071,0.023348,1.595633,76.30258,75.669503,1.595517,0.046345,0.084039,4,10,7,5,4,10,7,5,4,10,7,4,4,10,7,4,0.04129,0.07452,0.32422,0.34799,1,1,21:06:2023,08:05:03,38,-16.138167,-62.028,500.0,lev20,Almucantar,Concepcion,194,194.862222,1.4886499999999998,1.4983499999999998,1.49445,1.4877,0.009934499999999999,0.009741,0.009353,0.009031500000000001,76.30258,75.669503,1.595517,0.046345,0.084039,4,10,7,5,4,10,7,5,4,10,7,4,4,10,7,4,0.04129,0.07452,0.32422,0.34799,1,1,21:06:2023,08:05:03,38,-16.138167,-62.028,500.0,lev20,Almucantar,Concepcion,194,194.862222,0.94345,0.9300999999999999,0.91535,0.90325,76.30258,75.669503,1.595517,0.046345,0.084039,4,10,7,5,4,10,7,5,4,10,7,4,4,10,7,4,0.04129,0.07452,0.32422,0.34799,1,1,21:06:2023,08:05:03,38,-16.138167,-62.028,500.0,lev20,Almucantar,Concepcion,194,194.862222,0.044619000000000006,0.026867000000000002,0.018621,0.0148255,1.2629665,76.30258,75.669503,1.595517,0.046345,0.084039,4,10,7,5,4,10,7,5,4,10,7,4,4,10,7,4,0.04129,0.07452,0.32422,0.34799,1,1,21:06:2023,08:05:03,38,-16.138167,-62.028,500.0,lev20,Almucantar,1.564962098345,0.06852403750392126,0.8136828462317048,BCL,Maritime,,Unknown
14:07:1998,13:05:38,Concepcion,195,195.545579,0.1491,0.0791,0.0537,0.0435,0.1308,0.0596,0.0334,0.0227,0.0183,0.0195,0.0204,0.0208,1.498138,59.048562,59.614498,1.994249,0.12359,0.148492,4,10,7,4,3,11,7,4,3,11,7,4,3,10,8,4,0.03234,0.06164,0.26625,0.29255,1,1,21:06:2023,07:55:26,38,-16.138167,-62.028,500.0,lev20,Almucantar,Concepcion,195,195.545579,0.148492,0.080723,0.052468,0.041953,1.517214,59.048562,59.614498,1.994249,0.12359,0.148492,4,10,7,4,3,11,7,4,3,11,7,4,3,10,8,4,0.03234,0.06164,0.26625,0.29255,1,1,21:06:2023,07:55:26,38,-16.138167,-62.028,500.0,lev20,Almucantar,Concepcion,195,195.545579,1.4886499999999998,1.4983499999999998,1.49445,1.4877,0.009934499999999999,0.009741,0.009353,0.009031500000000001,59.048562,59.614498,1.994249,0.12359,0.148492,4,10,7,4,3,11,7,4,3,11,7,4,3,10,8,4,0.03234,0.06164,0.26625,0.29255,1,1,21:06:2023,07:55:26,38,-16.138167,-62.028,500.0,lev20,Almucantar,Concepcion,195,195.545579,0.94345,0.9300999999999999,0.91535,0.90325,59.048562,59.614498,1.994249,0.12359,0.148492,4,10,7,4,3,11,7,4,3,11,7,4,3,10,8,4,0.03234,0.06164,0.26625,0.29255,1,1,21:06:2023,07:55:26,38,-16.138167,-62.028,500.0,lev20,Almucantar,Concepcion,195,195.545579,0.044619000000000006,0.026867000000000002,0.018621,0.0148255,1.2629665,59.048562,59.614498,1.994249,0.12359,0.148492,4,10,7,4,3,11,7,4,3,11,7,4,3,10,8,4,0.03234,0.06164,0.26625,0.29255,1,1,21:06:2023,07:55:26,38,-16.138167,-62.028,500.0,lev20,Almucantar,1.4979852286840347,0.12311571919022267,0.8242025445646283,BCL,Maritime,,Unknown
14:07:1998,13:15:27,Concepcion,195,195.552396,0.1484,0.0771,0.0539,0.0451,0.1244,0.0515,0.0271,0.0178,0.024,0.0256,0.0268,0.0273,1.492246,57.22311,57.776539,1.484905,0.252267,0.147481,4,10,8,3,4,10,7,4,4,10,7,4,4,10,7,4,0.03188,0.06092,0.26242,0.28872,1,1,21:06:2023,07:57:16,38,-16.138167,-62.028,500.0,lev20,Almucantar,Concepcion,195,195.552396,0.147481,0.080393,0.052108,0.041732,1.5166,57.22311,57.776539,1.484905,0.252267,0.147481,4,10,8,3,4,10,7,4,4,10,7,4,4,10,7,4,0.03188,0.06092,0.26242,0.28872,1,1,21:06:2023,07:57:16,38,-16.138167,-62.028,500.0,lev20,Almucantar,Concepcion,195,195.552396,1.4886499999999998,1.4983499999999998,1.49445,1.4877,0.009934499999999999,0.009741,0.009353,0.009031500000000001,57.22311,57.776539,1.484905,0.252267,0.147481,4,10,8,3,4,10,7,4,4,10,7,4,4,10,7,4,0.03188,0.06092,0.26242,0.28872,1,1,21:06:2023,07:57:16,38,-16.138167,-62.028,500.0,lev20,Almucantar,Concepcion,195,195.552396,0.94345,0.9300999999999999,0.91535,0.90325,57.22311,57.776539,1.484905,0.252267,0.147481,4,10,8,3,4,10,7,4,4,10,7,4,4,10,7,4,0.03188,0.06092,0.26242,0.28872,1,1,21:06:2023,07:57:16,38,-16.138167,-62.028,500.0,lev20,Almucantar,Concepcion,195,195.552396,0.044619000000000006,0.026867000000000002,0.018621,0.0148255,1.2629665,57.22311,57.776539,1.484905,0.252267,0.147481,4,10,8,3,4,10,7,4,4,10,7,4,4,10,7,4,0.03188,0.06092,0.26242,0.28872,1,1,21:06:2023,07:57:16,38,-16.138167,-62.028,500.0,lev20,Almucantar,1.485629149706943,0.12273141472956163,0.7614244202535569,BCL,Maritime,,Unknown
14:07:1998,20:41:58,Concepcion,195,195.862477,0.1772,0.0892,0.0577,0.0464,0.1543,0.0645,0.0317,0.0198,0.0229,0.0247,0.026,0.0265,1.643545,76.29577,75.661712,1.849301,0.040631,0.176876,4,10,7,5,4,10,7,5,4,10,7,4,4,8,7,4,0.041,0.07424,0.3239,0.3477,1,1,21:06:2023,08:03:42,38,-16.138167,-62.028,500.0,lev20,Almucantar,Concepcion,195,195.862477,0.176876,0.089334,0.05724,0.046014,1.650817,76.29577,75.661712,1.849301,0.040631,0.176876,4,10,7,5,4,10,7,5,4,10,7,4,4,8,7,4,0.041,0.07424,0.3239,0.3477,1,1,21:06:2023,08:03:42,38,-16.138167,-62.028,500.0,lev20,Almucantar,Concepcion,195,195.862477,1.4886499999999998,1.4983499999999998,1.49445,1.4877,0.009934499999999999,0.009741,0.009353,0.009031500000000001,76.29577,75.661712,1.849301,0.040631,0.176876,4,10,7,5,4,10,7,5,4,10,7,4,4,8,7,4,0.041,0.07424,0.3239,0.3477,1,1,21:06:2023,08:03:42,38,-16.138167,-62.028,500.0,lev20,Almucantar,Concepcion,195,195.862477,0.94345,0.9300999999999999,0.91535,0.90325,76.29577,75.661712,1.849301,0.040631,0.176876,4,10,7,5,4,10,7,5,4,10,7,4,4,8,7,4,0.041,0.07424,0.3239,0.3477,1,1,21:06:2023,08:03:42,38,-16.138167,-62.028,500.0,lev20,Almucantar,Concepcion,195,195.862477,0.044619000000000006,0.026867000000000002,0.018621,0.0148255,1.2629665,76.29577,75.661712,1.849301,0.040631,0.176876,4,10,7,5,4,10,7,5,4,10,7,4,4,8,7,4,0.041,0.07424,0.3239,0.3477,1,1,21:06:2023,08:03:42,38,-16.138167,-62.028,500.0,lev20,Almucantar,1.645872731602556,0.14357845030142513,0.809972789498637,BCL,Maritime,,Unknown
15:07:1998,13:05:18,Concepcion,196,196.545347,0.1913,0.0942,0.0584,0.0443,0.1761,0.0779,0.0412,0.0266,0.0152,0.0162,0.0171,0.0177,1.733719,59.040389,59.608006,1.418998,0.142972,0.191533,4,10,7,4,3,11,7,4,3,11,7,4,3,10,8,4,0.03234,0.06164,0.26624,0.29253,1,1,21:06:2023,08:12:27,38,-16.138167,-62.028,500.0,lev20,Almucantar,Concepcion,196,196.545347,0.191533,0.095983,0.057791,0.04238,1.744742,59.040389,59.608006,1.418998,0.142972,0.191533,4,10,7,4,3,11,7,4,3,11,7,4,3,10,8,4,0.03234,0.06164,0.26624,0.29253,1,1,21:06:2023,08:12:27,38,-16.138167,-62.028,500.0,lev20,Almucantar,Concepcion,196,196.545347,1.4886499999999998,1.4983499999999998,1.49445,1.4877,0.009934499999999999,0.009741,0.009353,0.009031500000000001,59.040389,59.608006,1.418998,0.142972,0.191533,4,10,7,4,3,11,7,4,3,11,7,4,3,10,8,4,0.03234,0.06164,0.26624,0.29253,1,1,21:06:2023,08:12:27,38,-16.138167,-62.028,500.0,lev20,Almucantar,Concepcion,196,196.545347,0.94345,0.9300999999999999,0.91535,0.90325,59.040389,59.608006,1.418998,0.142972,0.191533,4,10,7,4,3,11,7,4,3,11,7,4,3,10,8,4,0.03234,0.06164,0.26624,0.29253,1,1,21:06:2023,08:12:27,38,-16.138167,-62.028,500.0,lev20,Almucantar,Concepcion,196,196.545347,0.044619000000000006,0.026867000000000002,0.018621,0.0148255,1.2629665,59.040389,59.608006,1.418998,0.142972,0.191533,4,10,7,4,3,11,7,4,3,11,7,4,3,10,8,4,0.03234,0.06164,0.26624,0.29253,1,1,21:06:2023,08:12:27,38,-16.138167,-62.028,500.0,lev20,Almucantar,1.7404940795627022,0.15313955811175795,0.8850103186389893,BCL,Unclassified,,Unknown
15:07:1998,13:15:32,Concepcion,196,196.552454,0.1973,0.0965,0.0595,0.0464,0.1822,0.0803,0.0425,0.029,0.015,0.0162,0.017,0.0175,1.751444,57.132448,57.687096,1.659353,0.194581,0.197447,4,10,8,3,4,10,7,4,4,10,7,4,4,10,7,4,0.03185,0.06088,0.26223,0.28853,1,1,21:06:2023,07:52:43,38,-16.138167,-62.028,500.0,lev20,Almucantar,Concepcion,196,196.552454,0.197447,0.098588,0.058964,0.043345,1.759187,57.132448,57.687096,1.659353,0.194581,0.197447,4,10,8,3,4,10,7,4,4,10,7,4,4,10,7,4,0.03185,0.06088,0.26223,0.28853,1,1,21:06:2023,07:52:43,38,-16.138167,-62.028,500.0,lev20,Almucantar,Concepcion,196,196.552454,1.4886499999999998,1.4983499999999998,1.49445,1.4877,0.009934499999999999,0.009741,0.009353,0.009031500000000001,57.132448,57.687096,1.659353,0.194581,0.197447,4,10,8,3,4,10,7,4,4,10,7,4,4,10,7,4,0.03185,0.06088,0.26223,0.28853,1,1,21:06:2023,07:52:43,38,-16.138167,-62.028,500.0,lev20,Almucantar,Concepcion,196,196.552454,0.94345,0.9300999999999999,0.91535,0.90325,57.132448,57.687096,1.659353,0.194581,0.197447,4,10,8,3,4,10,7,4,4,10,7,4,4,10,7,4,0.03185,0.06088,0.26223,0.28853,1,1,21:06:2023,07:52:43,38,-16.138167,-62.028,500.0,lev20,Almucantar,Concepcion,196,196.552454,0.044619000000000006,0.026867000000000002,0.018621,0.0148255,1.2629665,57.132448,57.687096,1.659353,0.194581,0.197447,4,10,8,3,4,10,7,4,4,10,7,4,4,10,7,4,0.03185,0.06088,0.26223,0.28853,1,1,21:06:2023,07:52:43,38,-16.138167,-62.028,500.0,lev20,Almucantar,1.7584224680964047,0.1575811148155556,0.8856997728837473,BCL,Unclassified,,Unknown
16:07:1998,13:04:54,Concepcion,197,197.545069,0.228,0.1093,0.0659,0.0496,0.2141,0.0945,0.0502,0.0334,0.0139,0.0148,0.0157,0.0162,1.812176,59.040271,59.609676,1.497806,0.199602,0.228261,4,10,7,4,3,11,7,4,3,11,7,4,3,10,8,4,0.03232,0.06163,0.26622,0.29252,1,1,21:06:2023,08:04:35,38,-16.138167,-62.028,500.0,lev20,Almucantar,Concepcion,197,197.545069,0.228261,0.111202,0.064999,0.046454,1.827771,59.040271,59.609676,1.497806,0.199602,0.228261,4,10,7,4,3,11,7,4,3,11,7,4,3,10,8,4,0.03232,0.06163,0.26622,0.29252,1,1,21:06:2023,08:04:35,38,-16.138167,-62.028,500.0,lev20,Almucantar,Concepcion,197,197.545069,1.4886499999999998,1.4983499999999998,1.49445,1.4877,0.009934499999999999,0.009741,0.009353,0.009031500000000001,59.040271,59.609676,1.497806,0.199602,0.228261,4,10,7,4,3,11,7,4,3,11,7,4,3,10,8,4,0.03232,0.06163,0.26622,0.29252,1,1,21:06:2023,08:04:35,38,-16.138167,-62.028,500.0,lev20,Almucantar,Concepcion,197,197.545069,0.94345,0.9300999999999999,0.91535,0.90325,59.040271,59.609676,1.497806,0.199602,0.228261,4,10,7,4,3,11,7,4,3,11,7,4,3,10,8,4,0.03232,0.06163,0.26622,0.29252,1,1,21:06:2023,08:04:35,38,-16.138167,-62.028,500.0,lev20,Almucantar,Concepcion,197,197.545069,0.044619000000000006,0.026867000000000002,0.018621,0.0148255,1.2629665,59.040271,59.609676,1.497806,0.199602,0.228261,4,10,7,4,3,11,7,4,3,11,7,4,3,10,8,4,0.03232,0.06163,0.26622,0.29252,1,1,21:06:2023,08:04:35,38,-16.138167,-62.028,500.0,lev20,Almucantar,1.8207034358560155,0.18065677678474332,0.9106574335886601,BCL,Unclassified,,Unknown
16:07:1998,13:15:41,Concepcion,197,197.552558,0.2193,0.1049,0.0633,0.0477,0.2053,0.09,0.0474,0.0312,0.014,0.0149,0.0159,0.0165,1.814487,57.024404,57.580215,1.684405,0.207403,0.219475,4,10,8,3,4,10,7,4,4,10,7,4,4,10,7,4,0.03181,0.06083,0.26202,0.28831,1,1,21:06:2023,08:06:34,38,-16.138167,-62.028,500.0,lev20,Almucantar,Concepcion,197,197.552558,0.219475,0.107209,0.062287,0.044703,1.831544,57.024404,57.580215,1.684405,0.207403,0.219475,4,10,8,3,4,10,7,4,4,10,7,4,4,10,7,4,0.03181,0.06083,0.26202,0.28831,1,1,21:06:2023,08:06:34,38,-16.138167,-62.028,500.0,lev20,Almucantar,Concepcion,197,197.552558,1.4886499999999998,1.4983499999999998,1.49445,1.4877,0.009934499999999999,0.009741,0.009353,0.009031500000000001,57.024404,57.580215,1.684405,0.207403,0.219475,4,10,8,3,4,10,7,4,4,10,7,4,4,10,7,4,0.03181,0.06083,0.26202,0.28831,1,1,21:06:2023,08:06:34,38,-16.138167,-62.028,500.0,lev20,Almucantar,Concepcion,197,197.552558,0.94345,0.9300999999999999,0.91535,0.90325,57.024404,57.580215,1.684405,0.207403,0.219475,4,10,8,3,4,10,7,4,4,10,7,4,4,10,7,4,0.03181,0.06083,0.26202,0.28831,1,1,21:06:2023,08:06:34,38,-16.138167,-62.028,500.0,lev20,Almucantar,Concepcion,197,197.552558,0.044619000000000006,0.026867000000000002,0.018621,0.0148255,1.2629665,57.024404,57.580215,1.684405,0.207403,0.219475,4,10,8,3,4,10,7,4,4,10,7,4,4,10,7,4,0.03181,0.06083,0.26202,0.28831,1,1,21:06:2023,08:06:34,38,-16.138167,-62.028,500.0,lev20,Almucantar,1.822680995300152,0.17371937303540366,0.9069066218619568,BCL,Unclassified,,Unknown
19:07:1998,19:15:55,Concepcion,200,200.80272,0.2797,0.1331,0.0806,0.0611,0.2615,0.1141,0.0608,0.0408,0.0182,0.0191,0.0198,0.0203,1.817955,58.383363,57.815954,5.365935,0.20795,0.278561,3,10,7,4,2,10,7,4,3,10,7,4,4,10,7,4,0.03227,0.06133,0.26356,0.2888,1,1,21:06:2023,07:52:18,38,-16.138167,-62.028,500.0,lev20,Almucantar,Concepcion,200,200.80272,0.278561,0.135821,0.077834,0.059111,1.852454,58.383363,57.815954,5.365935,0.20795,0.278561,3,10,7,4,2,10,7,4,3,10,7,4,4,10,7,4,0.03227,0.06133,0.26356,0.2888,1,1,21:06:2023,07:52:18,38,-16.138167,-62.028,500.0,lev20,Almucantar,Concepcion,200,200.80272,1.4886499999999998,1.4983499999999998,1.49445,1.4877,0.009934499999999999,0.009741,0.009353,0.009031500000000001,58.383363,57.815954,5.365935,0.20795,0.278561,3,10,7,4,2,10,7,4,3,10,7,4,4,10,7,4,0.03227,0.06133,0.26356,0.2888,1,1,21:06:2023,07:52:18,38,-16.138167,-62.028,500.0,lev20,Almucantar,Concepcion,200,200.80272,0.94345,0.9300999999999999,0.91535,0.90325,58.383363,57.815954,5.365935,0.20795,0.278561,3,10,7,4,2,10,7,4,3,10,7,4,4,10,7,4,0.03227,0.06133,0.26356,0.2888,1,1,21:06:2023,07:52:18,38,-16.138167,-62.028,500.0,lev20,Almucantar,Concepcion,200,200.80272,0.044619000000000006,0.026867000000000002,0.018621,0.0148255,1.2629665,58.383363,57.815954,5.365935,0.20795,0.278561,3,10,7,4,2,10,7,4,3,10,7,4,4,10,7,4,0.03227,0.06133,0.26356,0.2888,1,1,21:06:2023,07:52:18,38,-16.138167,-62.028,500.0,lev20,Almucantar,1.8251213346174333,0.221496366788324,0.9044514836606631,BCL,Urban,,Unknown
19:07:1998,19:27:56,Concepcion,200,200.811065,0.2727,0.13,0.0775,0.0587,0.2559,0.1119,0.0585,0.0393,0.0168,0.0181,0.019,0.0194,1.835739,60.691855,60.110391,2.198725,0.156661,0.272563,3,10,8,4,3,10,8,4,3,10,7,4,3,10,8,4,0.03292,0.06232,0.26855,0.29364,1,1,21:06:2023,07:54:44,38,-16.138167,-62.028,500.0,lev20,Almucantar,Concepcion,200,200.811065,0.272563,0.131954,0.075434,0.056938,1.866755,60.691855,60.110391,2.198725,0.156661,0.272563,3,10,8,4,3,10,8,4,3,10,7,4,3,10,8,4,0.03292,0.06232,0.26855,0.29364,1,1,21:06:2023,07:54:44,38,-16.138167,-62.028,500.0,lev20,Almucantar,Concepcion,200,200.811065,1.4886499999999998,1.4983499999999998,1.49445,1.4877,0.009934499999999999,0.009741,0.009353,0.009031500000000001,60.691855,60.110391,2.198725,0.156661,0.272563,3,10,8,4,3,10,8,4,3,10,7,4,3,10,8,4,0.03292,0.06232,0.26855,0.29364,1,1,21:06:2023,07:54:44,38,-16.138167,-62.028,500.0,lev20,Almucantar,Concepcion,200,200.811065,0.94345,0.9300999999999999,0.91535,0.90325,60.691855,60.110391,2.198725,0.156661,0.272563,3,10,8,4,3,10,8,4,3,10,7,4,3,10,8,4,0.03292,0.06232,0.26855,0.29364,1,1,21:06:2023,07:54:44,38,-16.138167,-62.028,500.0,lev20,Almucantar,Concepcion,200,200.811065,0.044619000000000006,0.026867000000000002,0.018621,0.0148255,1.2629665,60.691855,60.110391,2.198725,0.156661,0.272563,3,10,8,4,3,10,8,4,3,10,7,4,3,10,8,4,0.03292,0.06232,0.26855,0.29364,1,1,21:06:2023,07:54:44,38,-16.138167,-62.028,500.0,lev20,Almucantar,1.8454749015333678,0.2153918680343929,0.9075519978036447,BCL,Urban,,Unknown
19:07:1998,20:20:19,Concepcion,200,200.847442,0.2553,0.1204,0.0717,0.0547,0.2375,0.1016,0.0518,0.0341,0.0178,0.0189,0.0199,0.0205,1.853977,71.292986,70.666621,2.030667,0.073587,0.254952,4,10,7,5,4,10,7,5,4,10,7,5,4,10,7,4,0.03734,0.06896,0.30061,0.32491,1,1,21:06:2023,07:56:29,38,-16.138167,-62.028,500.0,lev20,Almucantar,Concepcion,200,200.847442,0.254952,0.120899,0.070997,0.053488,1.863771,71.292986,70.666621,2.030667,0.073587,0.254952,4,10,7,5,4,10,7,5,4,10,7,5,4,10,7,4,0.03734,0.06896,0.30061,0.32491,1,1,21:06:2023,07:56:29,38,-16.138167,-62.028,500.0,lev20,Almucantar,Concepcion,200,200.847442,1.4886499999999998,1.4983499999999998,1.49445,1.4877,0.009934499999999999,0.009741,0.009353,0.009031500000000001,71.292986,70.666621,2.030667,0.073587,0.254952,4,10,7,5,4,10,7,5,4,10,7,5,4,10,7,4,0.03734,0.06896,0.30061,0.32491,1,1,21:06:2023,07:56:29,38,-16.138167,-62.028,500.0,lev20,Almucantar,Concepcion,200,200.847442,0.94345,0.9300999999999999,0.91535,0.90325,71.292986,70.666621,2.030667,0.073587,0.254952,4,10,7,5,4,10,7,5,4,10,7,5,4,10,7,4,0.03734,0.06896,0.30061,0.32491,1,1,21:06:2023,07:56:29,38,-16.138167,-62.028,500.0,lev20,Almucantar,Concepcion,200,200.847442,0.044619000000000006,0.026867000000000002,0.018621,0.0148255,1.2629665,71.292986,70.666621,2.030667,0.073587,0.254952,4,10,7,5,4,10,7,5,4,10,7,5,4,10,7,4,0.03734,0.06896,0.30061,0.32491,1,1,21:06:2023,07:56:29,38,-16.138167,-62.028,500.0,lev20,Almucantar,1.8628636381087107,0.20120075379706062,0.8971727523899182,BCL,Urban,,Unknown
22:07:1998,13:16:11,Concepcion,203,203.552905,0.3358,0.158,0.0916,0.0671,0.3207,0.142,0.0747,0.0496,0.0151,0.016,0.0169,0.0175,1.892815,56.344039,56.908021,2.037164,0.225669,0.335256,4,10,8,3,4,10,8,3,4,10,8,3,4,10,8,3,0.03273,0.06302,0.25592,0.28338,1,1,21:06:2023,07:57:51,38,-16.138167,-62.028,500.0,lev20,Almucantar,Concepcion,203,203.552905,0.335256,0.160113,0.090066,0.063407,1.90918,56.344039,56.908021,2.037164,0.225669,0.335256,4,10,8,3,4,10,8,3,4,10,8,3,4,10,8,3,0.03273,0.06302,0.25592,0.28338,1,1,21:06:2023,07:57:51,38,-16.138167,-62.028,500.0,lev20,Almucantar,Concepcion,203,203.552905,1.4886499999999998,1.4983499999999998,1.49445,1.4877,0.009934499999999999,0.009741,0.009353,0.009031500000000001,56.344039,56.908021,2.037164,0.225669,0.335256,4,10,8,3,4,10,8,3,4,10,8,3,4,10,8,3,0.03273,0.06302,0.25592,0.28338,1,1,21:06:2023,07:57:51,38,-16.138167,-62.028,500.0,lev20,Almucantar,Concepcion,203,203.552905,0.94345,0.9300999999999999,0.91535,0.90325,56.344039,56.908021,2.037164,0.225669,0.335256,4,10,8,3,4,10,8,3,4,10,8,3,4,10,8,3,0.03273,0.06302,0.25592,0.28338,1,1,21:06:2023,07:57:51,38,-16.138167,-62.028,500.0,lev20,Almucantar,Concepcion,203,203.552905,0.044619000000000006,0.026867000000000002,0.018621,0.0148255,1.2629665,56.344039,56.908021,2.037164,0.225669,0.335256,4,10,8,3,4,10,8,3,4,10,8,3,4,10,8,3,0.03273,0.06302,0.25592,0.28338,1,1,21:06:2023,07:57:51,38,-16.138167,-62.028,500.0,lev20,Almucantar,1.9056025354304718,0.26320051280106505,0.9346162187854569,BCL,Urban,,Unknown
22:07:1998,20:21:44,Concepcion,203,203.848426,0.3598,0.1646,0.0914,0.0645,0.347,0.1513,0.0774,0.0501,0.0128,0.0133,0.014,0.0145,1.993312,71.305844,70.675302,1.719073,0.070679,0.360032,4,10,7,5,4,10,7,4,4,10,7,4,4,10,7,4,0.0385,0.07175,0.29441,0.32017,1,1,21:06:2023,08:04:58,38,-16.138167,-62.028,500.0,lev20,Almucantar,Concepcion,203,203.848426,0.360032,0.16505,0.090838,0.063746,2.001738,71.305844,70.675302,1.719073,0.070679,0.360032,4,10,7,5,4,10,7,4,4,10,7,4,4,10,7,4,0.0385,0.07175,0.29441,0.32017,1,1,21:06:2023,08:04:58,38,-16.138167,-62.028,500.0,lev20,Almucantar,Concepcion,203,203.848426,1.4886499999999998,1.4983499999999998,1.49445,1.4877,0.009934499999999999,0.009741,0.009353,0.009031500000000001,71.305844,70.675302,1.719073,0.070679,0.360032,4,10,7,5,4,10,7,4,4,10,7,4,4,10,7,4,0.0385,0.07175,0.29441,0.32017,1,1,21:06:2023,08:04:58,38,-16.138167,-62.028,500.0,lev20,Almucantar,Concepcion,203,203.848426,0.94345,0.9300999999999999,0.91535,0.90325,71.305844,70.675302,1.719073,0.070679,0.360032,4,10,7,5,4,10,7,4,4,10,7,4,4,10,7,4,0.0385,0.07175,0.29441,0.32017,1,1,21:06:2023,08:04:58,38,-16.138167,-62.028,500.0,lev20,Almucantar,Concepcion,203,203.848426,0.044619000000000006,0.026867000000000002,0.018621,0.0148255,1.2629665,71.305844,70.675302,1.719073,0.070679,0.360032,4,10,7,5,4,10,7,4,4,10,7,4,4,10,7,4,0.0385,0.07175,0.29441,0.32017,1,1,21:06:2023,08:04:58,38,-16.138167,-62.028,500.0,lev20,Almucantar,2.0100714205898917,0.27827062595973795,0.9491235774992569,BCL,Urban,,Unknown
22:07:1998,20:45:15,Concepcion,203,203.864757,0.327,0.1492,0.0829,0.0585,0.3155,0.137,0.0701,0.0452,0.0115,0.0122,0.0129,0.0133,1.996622,76.307174,75.663981,2.217565,0.057062,0.327163,4,10,7,5,4,10,7,5,4,10,7,5,4,10,7,5,0.04177,0.0768,0.3165,0.34189,1,1,21:06:2023,08:06:49,38,-16.138167,-62.028,500.0,lev20,Almucantar,Concepcion,203,203.864757,0.327163,0.149331,0.082725,0.05814,1.999962,76.307174,75.663981,2.217565,0.057062,0.327163,4,10,7,5,4,10,7,5,4,10,7,5,4,10,7,5,0.04177,0.0768,0.3165,0.34189,1,1,21:06:2023,08:06:49,38,-16.138167,-62.028,500.0,lev20,Almucantar,Concepcion,203,203.864757,1.4886499999999998,1.4983499999999998,1.49445,1.4877,0.009934499999999999,0.009741,0.009353,0.009031500000000001,76.307174,75.663981,2.217565,0.057062,0.327163,4,10,7,5,4,10,7,5,4,10,7,5,4,10,7,5,0.04177,0.0768,0.3165,0.34189,1,1,21:06:2023,08:06:49,38,-16.138167,-62.028,500.0,lev20,Almucantar,Concepcion,203,203.864757,0.94345,0.9300999999999999,0.91535,0.90325,76.307174,75.663981,2.217565,0.057062,0.327163,4,10,7,5,4,10,7,5,4,10,7,5,4,10,7,5,0.04177,0.0768,0.3165,0.34189,1,1,21:06:2023,08:06:49,38,-16.138167,-62.028,500.0,lev20,Almucantar,Concepcion,203,203.864757,0.044619000000000006,0.026867000000000002,0.018621,0.0148255,1.2629665,76.307174,75.663981,2.217565,0.057062,0.327163,4,10,7,5,4,10,7,5,4,10,7,5,4,10,7,5,0.04177,0.0768,0.3165,0.34189,1,1,21:06:2023,08:06:49,38,-16.138167,-62.028,500.0,lev20,Almucantar,2.0130378440402663,0.25280710227406167,0.9493374017234321,BCL,Urban,,Unknown
23:07:1998,13:01:47,Concepcion,204,204.542905,0.3352,0.152,0.0844,0.0608,0.3213,0.137,0.0686,0.0447,0.0139,0.015,0.0158,0.0161,2.007126,58.977512,59.560438,2.583471,0.248078,0.334744,4,10,7,4,3,11,7,4,3,11,7,4,3,10,8,4,0.03339,0.06409,0.26111,0.28862,1,1,21:06:2023,08:11:58,38,-16.138167,-62.028,500.0,lev20,Almucantar,Concepcion,204,204.542905,0.334744,0.154129,0.083475,0.057028,2.016035,58.977512,59.560438,2.583471,0.248078,0.334744,4,10,7,4,3,11,7,4,3,11,7,4,3,10,8,4,0.03339,0.06409,0.26111,0.28862,1,1,21:06:2023,08:11:58,38,-16.138167,-62.028,500.0,lev20,Almucantar,Concepcion,204,204.542905,1.4886499999999998,1.4983499999999998,1.49445,1.4877,0.009934499999999999,0.009741,0.009353,0.009031500000000001,58.977512,59.560438,2.583471,0.248078,0.334744,4,10,7,4,3,11,7,4,3,11,7,4,3,10,8,4,0.03339,0.06409,0.26111,0.28862,1,1,21:06:2023,08:11:58,38,-16.138167,-62.028,500.0,lev20,Almucantar,Concepcion,204,204.542905,0.94345,0.9300999999999999,0.91535,0.90325,58.977512,59.560438,2.583471,0.248078,0.334744,4,10,7,4,3,11,7,4,3,11,7,4,3,10,8,4,0.03339,0.06409,0.26111,0.28862,1,1,21:06:2023,08:11:58,38,-16.138167,-62.028,500.0,lev20,Almucantar,Concepcion,204,204.542905,0.044619000000000006,0.026867000000000002,0.018621,0.0148255,1.2629665,58.977512,59.560438,2.583471,0.248078,0.334744,4,10,7,4,3,11,7,4,3,11,7,4,3,10,8,4,0.03339,0.06409,0.26111,0.28862,1,1,21:06:2023,08:11:58,38,-16.138167,-62.028,500.0,lev20,Almucantar,2.023063768821602,0.2588146856689332,0.9376566731555496,BCL,Urban,,Unknown
23:07:1998,13:16:11,Concepcion,204,204.552905,0.3399,0.1546,0.0858,0.061,0.3279,0.1419,0.0724,0.0472,0.0121,0.0127,0.0134,0.0138,2.003055,56.22887,56.794424,1.903085,0.216954,0.339604,4,10,8,3,4,10,8,3,4,10,8,3,4,10,8,3,0.03271,0.06299,0.25573,0.28318,1,1,21:06:2023,07:51:41,38,-16.138167,-62.028,500.0,lev20,Almucantar,Concepcion,204,204.552905,0.339604,0.156617,0.084762,0.057715,2.014479,56.22887,56.794424,1.903085,0.216954,0.339604,4,10,8,3,4,10,8,3,4,10,8,3,4,10,8,3,0.03271,0.06299,0.25573,0.28318,1,1,21:06:2023,07:51:41,38,-16.138167,-62.028,500.0,lev20,Almucantar,Concepcion,204,204.552905,1.4886499999999998,1.4983499999999998,1.49445,1.4877,0.009934499999999999,0.009741,0.009353,0.009031500000000001,56.22887,56.794424,1.903085,0.216954,0.339604,4,10,8,3,4,10,8,3,4,10,8,3,4,10,8,3,0.03271,0.06299,0.25573,0.28318,1,1,21:06:2023,07:51:41,38,-16.138167,-62.028,500.0,lev20,Almucantar,Concepcion,204,204.552905,0.94345,0.9300999999999999,0.91535,0.90325,56.22887,56.794424,1.903085,0.216954,0.339604,4,10,8,3,4,10,8,3,4,10,8,3,4,10,8,3,0.03271,0.06299,0.25573,0.28318,1,1,21:06:2023,07:51:41,38,-16.138167,-62.028,500.0,lev20,Almucantar,Concepcion,204,204.552905,0.044619000000000006,0.026867000000000002,0.018621,0.0148255,1.2629665,56.22887,56.794424,1.903085,0.216954,0.339604,4,10,8,3,4,10,8,3,4,10,8,3,4,10,8,3,0.03271,0.06299,0.25573,0.28318,1,1,21:06:2023,07:51:41,38,-16.138167,-62.028,500.0,lev20,Almucantar,2.019356202055475,0.2625680653821281,0.9484597952199019,BCL,Urban,,Unknown
23:07:1998,19:16:13,Concepcion,204,204.802928,0.3165,0.1422,0.078,0.0548,0.3065,0.1317,0.0668,0.0432,0.0099,0.0105,0.0112,0.0116,2.037593,57.954124,57.38083,2.343738,0.184106,0.316674,4,10,7,4,4,10,7,4,2,9,7,4,4,10,7,4,0.03324,0.06364,0.25786,0.2843,1,1,21:06:2023,07:57:01,38,-16.138167,-62.028,500.0,lev20,Almucantar,Concepcion,204,204.802928,0.316674,0.144732,0.075443,0.053538,2.077865,57.954124,57.38083,2.343738,0.184106,0.316674,4,10,7,4,4,10,7,4,2,9,7,4,4,10,7,4,0.03324,0.06364,0.25786,0.2843,1,1,21:06:2023,07:57:01,38,-16.138167,-62.028,500.0,lev20,Almucantar,Concepcion,204,204.802928,1.4886499999999998,1.4983499999999998,1.49445,1.4877,0.009934499999999999,0.009741,0.009353,0.009031500000000001,57.954124,57.38083,2.343738,0.184106,0.316674,4,10,7,4,4,10,7,4,2,9,7,4,4,10,7,4,0.03324,0.06364,0.25786,0.2843,1,1,21:06:2023,07:57:01,38,-16.138167,-62.028,500.0,lev20,Almucantar,Concepcion,204,204.802928,0.94345,0.9300999999999999,0.91535,0.90325,57.954124,57.38083,2.343738,0.184106,0.316674,4,10,7,4,4,10,7,4,2,9,7,4,4,10,7,4,0.03324,0.06364,0.25786,0.2843,1,1,21:06:2023,07:57:01,38,-16.138167,-62.028,500.0,lev20,Almucantar,Concepcion,204,204.802928,0.044619000000000006,0.026867000000000002,0.018621,0.0148255,1.2629665,57.954124,57.38083,2.343738,0.184106,0.316674,4,10,7,4,4,10,7,4,2,9,7,4,4,10,7,4,0.03324,0.06364,0.25786,0.2843,1,1,21:06:2023,07:57:01,38,-16.138167,-62.028,500.0,lev20,Almucantar,2.054534894174644,0.24339487371500537,0.9544120402612584,BCL,Urban,,Unknown
24:07:1998,13:01:16,Concepcion,205,205.542546,0.3664,0.1668,0.0962,0.0709,0.3483,0.148,0.0765,0.0508,0.0181,0.0188,0.0196,0.0201,1.951171,58.965454,59.550468,2.761937,0.304874,0.365444,4,10,7,4,3,11,7,4,3,11,7,4,3,10,8,4,0.03339,0.06409,0.2611,0.28861,1,1,21:06:2023,07:53:15,38,-16.138167,-62.028,500.0,lev20,Almucantar,Concepcion,205,205.542546,0.365444,0.168931,0.094867,0.065959,1.962284,58.965454,59.550468,2.761937,0.304874,0.365444,4,10,7,4,3,11,7,4,3,11,7,4,3,10,8,4,0.03339,0.06409,0.2611,0.28861,1,1,21:06:2023,07:53:15,38,-16.138167,-62.028,500.0,lev20,Almucantar,Concepcion,205,205.542546,1.4886499999999998,1.4983499999999998,1.49445,1.4877,0.009934499999999999,0.009741,0.009353,0.009031500000000001,58.965454,59.550468,2.761937,0.304874,0.365444,4,10,7,4,3,11,7,4,3,11,7,4,3,10,8,4,0.03339,0.06409,0.2611,0.28861,1,1,21:06:2023,07:53:15,38,-16.138167,-62.028,500.0,lev20,Almucantar,Concepcion,205,205.542546,0.94345,0.9300999999999999,0.91535,0.90325,58.965454,59.550468,2.761937,0.304874,0.365444,4,10,7,4,3,11,7,4,3,11,7,4,3,10,8,4,0.03339,0.06409,0.2611,0.28861,1,1,21:06:2023,07:53:15,38,-16.138167,-62.028,500.0,lev20,Almucantar,Concepcion,205,205.542546,0.044619000000000006,0.026867000000000002,0.018621,0.0148255,1.2629665,58.965454,59.550468,2.761937,0.304874,0.365444,4,10,7,4,3,11,7,4,3,11,7,4,3,10,8,4,0.03339,0.06409,0.2611,0.28861,1,1,21:06:2023,07:53:15,38,-16.138167,-62.028,500.0,lev20,Almucantar,1.9616547080215354,0.2851344141648303,0.9265729401104928,BCL,Urban,,Unknown
24:07:1998,13:16:16,Concepcion,205,205.552963,0.3518,0.1594,0.0904,0.0651,0.3361,0.1428,0.0727,0.0468,0.0157,0.0167,0.0177,0.0183,1.980606,56.093185,56.660231,1.840258,0.23349,0.351178,4,10,8,3,4,10,8,3,4,10,8,3,4,10,8,3,0.03268,0.06295,0.25549,0.28294,1,1,21:06:2023,07:54:57,38,-16.138167,-62.028,500.0,lev20,Almucantar,Concepcion,205,205.552963,0.351178,0.161425,0.088989,0.061559,1.99538,56.093185,56.660231,1.840258,0.23349,0.351178,4,10,8,3,4,10,8,3,4,10,8,3,4,10,8,3,0.03268,0.06295,0.25549,0.28294,1,1,21:06:2023,07:54:57,38,-16.138167,-62.028,500.0,lev20,Almucantar,Concepcion,205,205.552963,1.4886499999999998,1.4983499999999998,1.49445,1.4877,0.009934499999999999,0.009741,0.009353,0.009031500000000001,56.093185,56.660231,1.840258,0.23349,0.351178,4,10,8,3,4,10,8,3,4,10,8,3,4,10,8,3,0.03268,0.06295,0.25549,0.28294,1,1,21:06:2023,07:54:57,38,-16.138167,-62.028,500.0,lev20,Almucantar,Concepcion,205,205.552963,0.94345,0.9300999999999999,0.91535,0.90325,56.093185,56.660231,1.840258,0.23349,0.351178,4,10,8,3,4,10,8,3,4,10,8,3,4,10,8,3,0.03268,0.06295,0.25549,0.28294,1,1,21:06:2023,07:54:57,38,-16.138167,-62.028,500.0,lev20,Almucantar,Concepcion,205,205.552963,0.044619000000000006,0.026867000000000002,0.018621,0.0148255,1.2629665,56.093185,56.660231,1.840258,0.23349,0.351178,4,10,8,3,4,10,8,3,4,10,8,3,4,10,8,3,0.03268,0.06295,0.25549,0.28294,1,1,21:06:2023,07:54:57,38,-16.138167,-62.028,500.0,lev20,Almucantar,1.993225349362348,0.27266995716810316,0.934705246833554,BCL,Urban,,Unknown
25:07:1998,19:16:18,Concepcion,206,206.802986,0.4797,0.2257,0.127,0.0901,0.4631,0.208,0.1083,0.071,0.0167,0.0177,0.0187,0.0192,1.932082,57.720388,57.143933,1.545182,0.132455,0.479487,4,10,7,4,4,10,7,4,4,10,7,4,4,10,7,4,0.03318,0.06354,0.25739,0.28385,1,1,21:06:2023,07:58:18,38,-16.138167,-62.028,500.0,lev20,Almucantar,Concepcion,206,206.802986,0.479487,0.226492,0.126175,0.08825,1.939082,57.720388,57.143933,1.545182,0.132455,0.479487,4,10,7,4,4,10,7,4,4,10,7,4,4,10,7,4,0.03318,0.06354,0.25739,0.28385,1,1,21:06:2023,07:58:18,38,-16.138167,-62.028,500.0,lev20,Almucantar,Concepcion,206,206.802986,1.4471,1.4607,1.4528,1.4506,0.004926,0.005022,0.004823,0.004752,57.720388,57.143933,1.545182,0.132455,0.479487,4,10,7,4,4,10,7,4,4,10,7,4,4,10,7,4,0.03318,0.06354,0.25739,0.28385,1,1,21:06:2023,07:58:18,38,-16.138167,-62.028,500.0,lev20,Almucantar,Concepcion,206,206.802986,0.9668,0.9557,0.9443,0.9359,57.720388,57.143933,1.545182,0.132455,0.479487,4,10,7,4,4,10,7,4,4,10,7,4,4,10,7,4,0.03318,0.06354,0.25739,0.28385,1,1,21:06:2023,07:58:18,38,-16.138167,-62.028,500.0,lev20,Almucantar,Concepcion,206,206.802986,0.015915,0.009989,0.007075,0.005775,1.179985,57.720388,57.143933,1.545182,0.132455,0.479487,4,10,7,4,4,10,7,4,4,10,7,4,4,10,7,4,0.03318,0.06354,0.25739,0.28385,1,1,21:06:2023,07:58:18,38,-16.138167,-62.028,500.0,lev20,Almucantar,1.949446658415683,0.37388810553320856,0.9499827760252306,FNA,Urban,,Unknown
25:07:1998,19:31:41,Concepcion,206,206.813669,0.5003,0.235,0.1336,0.0954,0.4828,0.2163,0.1136,0.0747,0.0175,0.0187,0.02,0.0208,1.921178,60.730097,60.136453,2.86349,0.185667,0.499626,3,10,8,4,3,10,8,4,3,10,8,4,3,10,8,4,0.034,0.06483,0.26353,0.28986,1,1,21:06:2023,08:00:05,38,-16.138167,-62.028,500.0,lev20,Almucantar,Concepcion,206,206.813669,0.499626,0.235901,0.13248,0.092416,1.92918,60.730097,60.136453,2.86349,0.185667,0.499626,3,10,8,4,3,10,8,4,3,10,8,4,3,10,8,4,0.034,0.06483,0.26353,0.28986,1,1,21:06:2023,08:00:05,38,-16.138167,-62.028,500.0,lev20,Almucantar,Concepcion,206,206.813669,1.4589,1.4706,1.4649,1.4638,0.00217,0.002153,0.002126,0.002116,60.730097,60.136453,2.86349,0.185667,0.499626,3,10,8,4,3,10,8,4,3,10,8,4,3,10,8,4,0.034,0.06483,0.26353,0.28986,1,1,21:06:2023,08:00:05,38,-16.138167,-62.028,500.0,lev20,Almucantar,Concepcion,206,206.813669,0.9845,0.98,0.9747,0.9709,60.730097,60.136453,2.86349,0.185667,0.499626,3,10,8,4,3,10,8,4,3,10,8,4,3,10,8,4,0.034,0.06483,0.26353,0.28986,1,1,21:06:2023,08:00:05,38,-16.138167,-62.028,500.0,lev20,Almucantar,Concepcion,206,206.813669,0.007772,0.004692,0.003383,0.002773,1.217447,60.730097,60.136453,2.86349,0.185667,0.499626,3,10,8,4,3,10,8,4,3,10,8,4,3,10,8,4,0.034,0.06483,0.26353,0.28986,1,1,21:06:2023,08:00:05,38,-16.138167,-62.028,500.0,lev20,Almucantar,1.9368077688289567,0.3905747028273158,0.94961831971101,FNA,Urban,,Unknown
26:07:1998,11:45:23,Concepcion,207,207.48985,0.2508,0.1162,0.0666,0.0469,0.2396,0.1042,0.0539,0.0339,0.0113,0.0121,0.0127,0.013,1.931919,74.398381,75.043995,1.908599,0.080281,0.2508,4,10,7,5,4,10,7,5,4,10,7,5,4,10,6,5,0.04011,0.07481,0.31054,0.33877,1,1,21:06:2023,08:07:08,38,-16.138167,-62.028,500.0,lev20,Almucantar,Concepcion,207,207.48985,0.2508,0.116219,0.066775,0.046269,1.928426,74.398381,75.043995,1.908599,0.080281,0.2508,4,10,7,5,4,10,7,5,4,10,7,5,4,10,6,5,0.04011,0.07481,0.31054,0.33877,1,1,21:06:2023,08:07:08,38,-16.138167,-62.028,500.0,lev20,Almucantar,Concepcion,207,207.48985,1.4886499999999998,1.4983499999999998,1.49445,1.4877,0.009934499999999999,0.009741,0.009353,0.009031500000000001,74.398381,75.043995,1.908599,0.080281,0.2508,4,10,7,5,4,10,7,5,4,10,7,5,4,10,6,5,0.04011,0.07481,0.31054,0.33877,1,1,21:06:2023,08:07:08,38,-16.138167,-62.028,500.0,lev20,Almucantar,Concepcion,207,207.48985,0.94345,0.9300999999999999,0.91535,0.90325,74.398381,75.043995,1.908599,0.080281,0.2508,4,10,7,5,4,10,7,5,4,10,7,5,4,10,6,5,0.04011,0.07481,0.31054,0.33877,1,1,21:06:2023,08:07:08,38,-16.138167,-62.028,500.0,lev20,Almucantar,Concepcion,207,207.48985,0.044619000000000006,0.026867000000000002,0.018621,0.0148255,1.2629665,74.398381,75.043995,1.908599,0.080281,0.2508,4,10,7,5,4,10,7,5,4,10,7,5,4,10,6,5,0.04011,0.07481,0.31054,0.33877,1,1,21:06:2023,08:07:08,38,-16.138167,-62.028,500.0,lev20,Almucantar,1.9450128768699564,0.1955895351865722,0.9355589674215118,BCL,Unclassified,,Unknown
26:07:1998,12:08:46,Concepcion,207,207.506088,0.246,0.1143,0.0656,0.047,0.2318,0.0989,0.0494,0.0305,0.0142,0.0154,0.0162,0.0165,1.925706,69.420804,70.053376,1.752023,0.13246,0.245882,4,10,7,5,4,10,7,5,4,10,7,5,4,10,7,5,0.03726,0.07027,0.28996,0.31782,1,1,21:06:2023,08:08:51,38,-16.138167,-62.028,500.0,lev20,Almucantar,Concepcion,207,207.506088,0.245882,0.114993,0.065635,0.045279,1.922756,69.420804,70.053376,1.752023,0.13246,0.245882,4,10,7,5,4,10,7,5,4,10,7,5,4,10,7,5,0.03726,0.07027,0.28996,0.31782,1,1,21:06:2023,08:08:51,38,-16.138167,-62.028,500.0,lev20,Almucantar,Concepcion,207,207.506088,1.4886499999999998,1.4983499999999998,1.49445,1.4877,0.009934499999999999,0.009741,0.009353,0.009031500000000001,69.420804,70.053376,1.752023,0.13246,0.245882,4,10,7,5,4,10,7,5,4,10,7,5,4,10,7,5,0.03726,0.07027,0.28996,0.31782,1,1,21:06:2023,08:08:51,38,-16.138167,-62.028,500.0,lev20,Almucantar,Concepcion,207,207.506088,0.94345,0.9300999999999999,0.91535,0.90325,69.420804,70.053376,1.752023,0.13246,0.245882,4,10,7,5,4,10,7,5,4,10,7,5,4,10,7,5,0.03726,0.07027,0.28996,0.31782,1,1,21:06:2023,08:08:51,38,-16.138167,-62.028,500.0,lev20,Almucantar,Concepcion,207,207.506088,0.044619000000000006,0.026867000000000002,0.018621,0.0148255,1.2629665,69.420804,70.053376,1.752023,0.13246,0.245882,4,10,7,5,4,10,7,5,4,10,7,5,4,10,7,5,0.03726,0.07027,0.28996,0.31782,1,1,21:06:2023,08:08:51,38,-16.138167,-62.028,500.0,lev20,Almucantar,1.9388587365260495,0.1919971804494506,0.9155704114622716,BCL,Unclassified,,Unknown
26:07:1998,13:00:10,Concepcion,207,207.541782,0.2403,0.1116,0.0639,0.0458,0.2289,0.0996,0.0512,0.0327,0.0114,0.012,0.0127,0.0131,1.929515,58.942362,59.531669,1.562433,0.199418,0.240073,4,10,7,4,3,11,7,4,3,11,7,4,3,10,8,4,0.03339,0.06409,0.26106,0.28857,1,1,21:06:2023,08:10:37,38,-16.138167,-62.028,500.0,lev20,Almucantar,Concepcion,207,207.541782,0.240073,0.113726,0.063119,0.042917,1.939531,58.942362,59.531669,1.562433,0.199418,0.240073,4,10,7,4,3,11,7,4,3,11,7,4,3,10,8,4,0.03339,0.06409,0.26106,0.28857,1,1,21:06:2023,08:10:37,38,-16.138167,-62.028,500.0,lev20,Almucantar,Concepcion,207,207.541782,1.4886499999999998,1.4983499999999998,1.49445,1.4877,0.009934499999999999,0.009741,0.009353,0.009031500000000001,58.942362,59.531669,1.562433,0.199418,0.240073,4,10,7,4,3,11,7,4,3,11,7,4,3,10,8,4,0.03339,0.06409,0.26106,0.28857,1,1,21:06:2023,08:10:37,38,-16.138167,-62.028,500.0,lev20,Almucantar,Concepcion,207,207.541782,0.94345,0.9300999999999999,0.91535,0.90325,58.942362,59.531669,1.562433,0.199418,0.240073,4,10,7,4,3,11,7,4,3,11,7,4,3,10,8,4,0.03339,0.06409,0.26106,0.28857,1,1,21:06:2023,08:10:37,38,-16.138167,-62.028,500.0,lev20,Almucantar,Concepcion,207,207.541782,0.044619000000000006,0.026867000000000002,0.018621,0.0148255,1.2629665,58.942362,59.531669,1.562433,0.199418,0.240073,4,10,7,4,3,11,7,4,3,11,7,4,3,10,8,4,0.03339,0.06409,0.26106,0.28857,1,1,21:06:2023,08:10:37,38,-16.138167,-62.028,500.0,lev20,Almucantar,1.942984987228644,0.187449564713483,0.9320124548408867,BCL,Unclassified,,Unknown
26:07:1998,13:16:19,Concepcion,207,207.552998,0.2475,0.1154,0.0664,0.0478,0.2362,0.1033,0.0536,0.0347,0.0113,0.0121,0.0128,0.0131,1.916904,55.829351,56.399608,1.837637,0.225191,0.247078,4,10,8,3,4,10,8,3,4,10,8,3,4,10,8,3,0.03264,0.06287,0.25502,0.28249,1,1,21:06:2023,07:51:33,38,-16.138167,-62.028,500.0,lev20,Almucantar,Concepcion,207,207.552998,0.247078,0.117961,0.065594,0.044416,1.924855,55.829351,56.399608,1.837637,0.225191,0.247078,4,10,8,3,4,10,8,3,4,10,8,3,4,10,8,3,0.03264,0.06287,0.25502,0.28249,1,1,21:06:2023,07:51:33,38,-16.138167,-62.028,500.0,lev20,Almucantar,Concepcion,207,207.552998,1.4886499999999998,1.4983499999999998,1.49445,1.4877,0.009934499999999999,0.009741,0.009353,0.009031500000000001,55.829351,56.399608,1.837637,0.225191,0.247078,4,10,8,3,4,10,8,3,4,10,8,3,4,10,8,3,0.03264,0.06287,0.25502,0.28249,1,1,21:06:2023,07:51:33,38,-16.138167,-62.028,500.0,lev20,Almucantar,Concepcion,207,207.552998,0.94345,0.9300999999999999,0.91535,0.90325,55.829351,56.399608,1.837637,0.225191,0.247078,4,10,8,3,4,10,8,3,4,10,8,3,4,10,8,3,0.03264,0.06287,0.25502,0.28249,1,1,21:06:2023,07:51:33,38,-16.138167,-62.028,500.0,lev20,Almucantar,Concepcion,207,207.552998,0.044619000000000006,0.026867000000000002,0.018621,0.0148255,1.2629665,55.829351,56.399608,1.837637,0.225191,0.247078,4,10,8,3,4,10,8,3,4,10,8,3,4,10,8,3,0.03264,0.06287,0.25502,0.28249,1,1,21:06:2023,07:51:33,38,-16.138167,-62.028,500.0,lev20,Almucantar,1.9299953793027236,0.19338688457016717,0.9331850600840607,BCL,Unclassified,,Unknown
27:07:1998,12:59:34,Concepcion,208,208.541366,0.2515,0.1222,0.0745,0.0569,0.232,0.1017,0.053,0.0349,0.0195,0.0205,0.0215,0.0221,1.776582,58.934799,59.526325,1.918044,0.176425,0.251326,4,10,7,4,3,11,7,4,3,11,7,4,3,10,8,4,0.03338,0.06407,0.26103,0.28855,1,1,21:06:2023,07:58:34,38,-16.138167,-62.028,500.0,lev20,Almucantar,Concepcion,208,208.541366,0.251326,0.123596,0.073509,0.053685,1.790282,58.934799,59.526325,1.918044,0.176425,0.251326,4,10,7,4,3,11,7,4,3,11,7,4,3,10,8,4,0.03338,0.06407,0.26103,0.28855,1,1,21:06:2023,07:58:34,38,-16.138167,-62.028,500.0,lev20,Almucantar,Concepcion,208,208.541366,1.4886499999999998,1.4983499999999998,1.49445,1.4877,0.009934499999999999,0.009741,0.009353,0.009031500000000001,58.934799,59.526325,1.918044,0.176425,0.251326,4,10,7,4,3,11,7,4,3,11,7,4,3,10,8,4,0.03338,0.06407,0.26103,0.28855,1,1,21:06:2023,07:58:34,38,-16.138167,-62.028,500.0,lev20,Almucantar,Concepcion,208,208.541366,0.94345,0.9300999999999999,0.91535,0.90325,58.934799,59.526325,1.918044,0.176425,0.251326,4,10,7,4,3,11,7,4,3,11,7,4,3,10,8,4,0.03338,0.06407,0.26103,0.28855,1,1,21:06:2023,07:58:34,38,-16.138167,-62.028,500.0,lev20,Almucantar,Concepcion,208,208.541366,0.044619000000000006,0.026867000000000002,0.018621,0.0148255,1.2629665,58.934799,59.526325,1.918044,0.176425,0.251326,4,10,7,4,3,11,7,4,3,11,7,4,3,10,8,4,0.03338,0.06407,0.26103,0.28855,1,1,21:06:2023,07:58:34,38,-16.138167,-62.028,500.0,lev20,Almucantar,1.7846719597530905,0.2001970949197352,0.8871563121280707,BCL,Urban,,Unknown
27:07:1998,13:16:19,Concepcion,208,208.552998,0.2525,0.1228,0.0747,0.0569,0.2319,0.1006,0.0515,0.0334,0.0206,0.0222,0.0231,0.0235,1.778043,55.695077,56.267009,1.549737,0.265979,0.252492,4,10,8,3,4,10,8,3,4,10,8,3,4,10,8,3,0.03259,0.0628,0.25476,0.28223,1,1,21:06:2023,08:00:34,38,-16.138167,-62.028,500.0,lev20,Almucantar,Concepcion,208,208.552998,0.252492,0.124862,0.073762,0.052928,1.790467,55.695077,56.267009,1.549737,0.265979,0.252492,4,10,8,3,4,10,8,3,4,10,8,3,4,10,8,3,0.03259,0.0628,0.25476,0.28223,1,1,21:06:2023,08:00:34,38,-16.138167,-62.028,500.0,lev20,Almucantar,Concepcion,208,208.552998,1.4886499999999998,1.4983499999999998,1.49445,1.4877,0.009934499999999999,0.009741,0.009353,0.009031500000000001,55.695077,56.267009,1.549737,0.265979,0.252492,4,10,8,3,4,10,8,3,4,10,8,3,4,10,8,3,0.03259,0.0628,0.25476,0.28223,1,1,21:06:2023,08:00:34,38,-16.138167,-62.028,500.0,lev20,Almucantar,Concepcion,208,208.552998,0.94345,0.9300999999999999,0.91535,0.90325,55.695077,56.267009,1.549737,0.265979,0.252492,4,10,8,3,4,10,8,3,4,10,8,3,4,10,8,3,0.03259,0.0628,0.25476,0.28223,1,1,21:06:2023,08:00:34,38,-16.138167,-62.028,500.0,lev20,Almucantar,Concepcion,208,208.552998,0.044619000000000006,0.026867000000000002,0.018621,0.0148255,1.2629665,55.695077,56.267009,1.549737,0.265979,0.252492,4,10,8,3,4,10,8,3,4,10,8,3,4,10,8,3,0.03259,0.0628,0.25476,0.28223,1,1,21:06:2023,08:00:34,38,-16.138167,-62.028,500.0,lev20,Almucantar,1.7865602647516863,0.20094459567743644,0.8790121104332747,BCL,Urban,,Unknown
28:07:1998,12:59:00,Concepcion,209,209.540972,0.2558,0.1189,0.0687,0.0507,0.2407,0.1025,0.0513,0.0329,0.015,0.0165,0.0174,0.0178,1.916272,58.9169,59.51062,2.301039,0.270185,0.255117,4,10,7,4,3,11,7,4,3,11,7,4,3,10,8,4,0.03554,0.06803,0.25843,0.28633,1,1,21:06:2023,07:55:32,38,-16.138167,-62.028,500.0,lev20,Almucantar,Concepcion,209,209.540972,0.255117,0.121676,0.067887,0.046976,1.922027,58.9169,59.51062,2.301039,0.270185,0.255117,4,10,7,4,3,11,7,4,3,11,7,4,3,10,8,4,0.03554,0.06803,0.25843,0.28633,1,1,21:06:2023,07:55:32,38,-16.138167,-62.028,500.0,lev20,Almucantar,Concepcion,209,209.540972,1.4886499999999998,1.4983499999999998,1.49445,1.4877,0.009934499999999999,0.009741,0.009353,0.009031500000000001,58.9169,59.51062,2.301039,0.270185,0.255117,4,10,7,4,3,11,7,4,3,11,7,4,3,10,8,4,0.03554,0.06803,0.25843,0.28633,1,1,21:06:2023,07:55:32,38,-16.138167,-62.028,500.0,lev20,Almucantar,Concepcion,209,209.540972,0.94345,0.9300999999999999,0.91535,0.90325,58.9169,59.51062,2.301039,0.270185,0.255117,4,10,7,4,3,11,7,4,3,11,7,4,3,10,8,4,0.03554,0.06803,0.25843,0.28633,1,1,21:06:2023,07:55:32,38,-16.138167,-62.028,500.0,lev20,Almucantar,Concepcion,209,209.540972,0.044619000000000006,0.026867000000000002,0.018621,0.0148255,1.2629665,58.9169,59.51062,2.301039,0.270185,0.255117,4,10,7,4,3,11,7,4,3,11,7,4,3,10,8,4,0.03554,0.06803,0.25843,0.28633,1,1,21:06:2023,07:55:32,38,-16.138167,-62.028,500.0,lev20,Almucantar,1.9284304582483522,0.1999121703700509,0.9117708970398496,BCL,Unclassified,,Unknown
28:07:1998,13:16:21,Concepcion,209,209.553021,0.2462,0.1154,0.0663,0.0483,0.2336,0.1023,0.0525,0.0341,0.0126,0.0131,0.0138,0.0141,1.910664,55.549803,56.12339,2.302216,0.25695,0.24538,4,10,8,3,4,10,8,3,4,10,8,3,4,10,8,3,0.03469,0.06657,0.25183,0.27975,1,1,21:06:2023,07:57:01,38,-16.138167,-62.028,500.0,lev20,Almucantar,Concepcion,209,209.553021,0.24538,0.118154,0.064982,0.04488,1.925995,55.549803,56.12339,2.302216,0.25695,0.24538,4,10,8,3,4,10,8,3,4,10,8,3,4,10,8,3,0.03469,0.06657,0.25183,0.27975,1,1,21:06:2023,07:57:01,38,-16.138167,-62.028,500.0,lev20,Almucantar,Concepcion,209,209.553021,1.4886499999999998,1.4983499999999998,1.49445,1.4877,0.009934499999999999,0.009741,0.009353,0.009031500000000001,55.549803,56.12339,2.302216,0.25695,0.24538,4,10,8,3,4,10,8,3,4,10,8,3,4,10,8,3,0.03469,0.06657,0.25183,0.27975,1,1,21:06:2023,07:57:01,38,-16.138167,-62.028,500.0,lev20,Almucantar,Concepcion,209,209.553021,0.94345,0.9300999999999999,0.91535,0.90325,55.549803,56.12339,2.302216,0.25695,0.24538,4,10,8,3,4,10,8,3,4,10,8,3,4,10,8,3,0.03469,0.06657,0.25183,0.27975,1,1,21:06:2023,07:57:01,38,-16.138167,-62.028,500.0,lev20,Almucantar,Concepcion,209,209.553021,0.044619000000000006,0.026867000000000002,0.018621,0.0148255,1.2629665,55.549803,56.12339,2.302216,0.25695,0.24538,4,10,8,3,4,10,8,3,4,10,8,3,4,10,8,3,0.03469,0.06657,0.25183,0.27975,1,1,21:06:2023,07:57:01,38,-16.138167,-62.028,500.0,lev20,Almucantar,1.9244810665006078,0.19250676781929146,0.9266641684593975,BCL,Unclassified,,Unknown
28:07:1998,19:16:22,Concepcion,209,209.803032,0.341,0.158,0.0872,0.0618,0.3266,0.1426,0.0712,0.0454,0.0144,0.0153,0.0161,0.0165,1.981458,57.352692,56.771209,2.328298,0.206106,0.340404,4,10,7,4,4,10,7,4,4,10,7,4,4,10,8,3,0.03524,0.06729,0.25405,0.28095,1,1,21:06:2023,08:02:08,38,-16.138167,-62.028,500.0,lev20,Almucantar,Concepcion,209,209.803032,0.340404,0.160289,0.085025,0.059519,2.008354,57.352692,56.771209,2.328298,0.206106,0.340404,4,10,7,4,4,10,7,4,4,10,7,4,4,10,8,3,0.03524,0.06729,0.25405,0.28095,1,1,21:06:2023,08:02:08,38,-16.138167,-62.028,500.0,lev20,Almucantar,Concepcion,209,209.803032,1.4886499999999998,1.4983499999999998,1.49445,1.4877,0.009934499999999999,0.009741,0.009353,0.009031500000000001,57.352692,56.771209,2.328298,0.206106,0.340404,4,10,7,4,4,10,7,4,4,10,7,4,4,10,8,3,0.03524,0.06729,0.25405,0.28095,1,1,21:06:2023,08:02:08,38,-16.138167,-62.028,500.0,lev20,Almucantar,Concepcion,209,209.803032,0.94345,0.9300999999999999,0.91535,0.90325,57.352692,56.771209,2.328298,0.206106,0.340404,4,10,7,4,4,10,7,4,4,10,7,4,4,10,8,3,0.03524,0.06729,0.25405,0.28095,1,1,21:06:2023,08:02:08,38,-16.138167,-62.028,500.0,lev20,Almucantar,Concepcion,209,209.803032,0.044619000000000006,0.026867000000000002,0.018621,0.0148255,1.2629665,57.352692,56.771209,2.328298,0.206106,0.340404,4,10,7,4,4,10,7,4,4,10,7,4,4,10,8,3,0.03524,0.06729,0.25405,0.28095,1,1,21:06:2023,08:02:08,38,-16.138167,-62.028,500.0,lev20,Almucantar,2.000353777844283,0.26405845778797565,0.9389039258367428,BCL,Urban,,Unknown
28:07:1998,19:33:34,Concepcion,209,209.814977,0.3358,0.1547,0.085,0.0604,0.3244,0.1425,0.0722,0.0475,0.0114,0.0122,0.0127,0.013,1.996258,60.751059,60.150867,2.461891,0.177912,0.335558,3,10,8,4,3,10,8,4,3,10,8,4,3,10,8,4,0.0362,0.06889,0.26104,0.28771,1,1,21:06:2023,08:04:06,38,-16.138167,-62.028,500.0,lev20,Almucantar,Concepcion,209,209.814977,0.335558,0.156312,0.083531,0.058186,2.015468,60.751059,60.150867,2.461891,0.177912,0.335558,3,10,8,4,3,10,8,4,3,10,8,4,3,10,8,4,0.0362,0.06889,0.26104,0.28771,1,1,21:06:2023,08:04:06,38,-16.138167,-62.028,500.0,lev20,Almucantar,Concepcion,209,209.814977,1.4886499999999998,1.4983499999999998,1.49445,1.4877,0.009934499999999999,0.009741,0.009353,0.009031500000000001,60.751059,60.150867,2.461891,0.177912,0.335558,3,10,8,4,3,10,8,4,3,10,8,4,3,10,8,4,0.0362,0.06889,0.26104,0.28771,1,1,21:06:2023,08:04:06,38,-16.138167,-62.028,500.0,lev20,Almucantar,Concepcion,209,209.814977,0.94345,0.9300999999999999,0.91535,0.90325,60.751059,60.150867,2.461891,0.177912,0.335558,3,10,8,4,3,10,8,4,3,10,8,4,3,10,8,4,0.0362,0.06889,0.26104,0.28771,1,1,21:06:2023,08:04:06,38,-16.138167,-62.028,500.0,lev20,Almucantar,Concepcion,209,209.814977,0.044619000000000006,0.026867000000000002,0.018621,0.0148255,1.2629665,60.751059,60.150867,2.461891,0.177912,0.335558,3,10,8,4,3,10,8,4,3,10,8,4,3,10,8,4,0.0362,0.06889,0.26104,0.28771,1,1,21:06:2023,08:04:06,38,-16.138167,-62.028,500.0,lev20,Almucantar,2.0152959306721923,0.259535545793634,0.9495980727525929,BCL,Urban,,Unknown
29:07:1998,11:44:12,Concepcion,210,210.489028,0.4835,0.2158,0.1212,0.0835,0.4634,0.1938,0.0979,0.0597,0.0201,0.0221,0.0233,0.0237,2.016892,74.368458,75.018235,1.504939,0.044113,0.482561,4,10,7,5,4,10,7,5,4,10,7,5,4,10,7,5,0.04283,0.08009,0.30903,0.3371,1,1,21:06:2023,08:05:37,38,-16.138167,-62.028,500.0,lev20,Almucantar,Concepcion,210,210.489028,0.482561,0.215529,0.120818,0.08312,2.018315,74.368458,75.018235,1.504939,0.044113,0.482561,4,10,7,5,4,10,7,5,4,10,7,5,4,10,7,5,0.04283,0.08009,0.30903,0.3371,1,1,21:06:2023,08:05:37,38,-16.138167,-62.028,500.0,lev20,Almucantar,Concepcion,210,210.489028,1.5149,1.5313,1.5261,1.5099,0.01154,0.011379,0.01095,0.01064,74.368458,75.018235,1.504939,0.044113,0.482561,4,10,7,5,4,10,7,5,4,10,7,5,4,10,7,5,0.04283,0.08009,0.30903,0.3371,1,1,21:06:2023,08:05:37,38,-16.138167,-62.028,500.0,lev20,Almucantar,Concepcion,210,210.489028,0.9342,0.912,0.8883,0.8687,74.368458,75.018235,1.504939,0.044113,0.482561,4,10,7,5,4,10,7,5,4,10,7,5,4,10,7,5,0.04283,0.08009,0.30903,0.3371,1,1,21:06:2023,08:05:37,38,-16.138167,-62.028,500.0,lev20,Almucantar,Concepcion,210,210.489028,0.031816,0.01899,0.013537,0.01096,1.250079,74.368458,75.018235,1.504939,0.044113,0.482561,4,10,7,5,4,10,7,5,4,10,7,5,4,10,7,5,0.04283,0.08009,0.30903,0.3371,1,1,21:06:2023,08:05:37,38,-16.138167,-62.028,500.0,lev20,Almucantar,2.0295903253867205,0.37300877350015227,0.9388691305096403,BCL,Urban,,Unknown
29:07:1998,12:07:23,Concepcion,210,210.505127,0.4837,0.2164,0.1214,0.0843,0.4636,0.1945,0.0983,0.0606,0.0201,0.0219,0.0231,0.0237,2.014685,69.398778,70.036121,1.44297,0.080646,0.482748,4,10,7,5,4,10,7,5,4,10,7,5,4,10,7,5,0.0397,0.07496,0.28795,0.3159,1,1,21:06:2023,08:07:31,38,-16.138167,-62.028,500.0,lev20,Almucantar,Concepcion,210,210.505127,0.482748,0.216264,0.121206,0.083139,2.013866,69.398778,70.036121,1.44297,0.080646,0.482748,4,10,7,5,4,10,7,5,4,10,7,5,4,10,7,5,0.0397,0.07496,0.28795,0.3159,1,1,21:06:2023,08:07:31,38,-16.138167,-62.028,500.0,lev20,Almucantar,Concepcion,210,210.505127,1.5178,1.5372,1.5333,1.521,0.010824,0.010558,0.010127,0.009882,69.398778,70.036121,1.44297,0.080646,0.482748,4,10,7,5,4,10,7,5,4,10,7,5,4,10,7,5,0.0397,0.07496,0.28795,0.3159,1,1,21:06:2023,08:07:31,38,-16.138167,-62.028,500.0,lev20,Almucantar,Concepcion,210,210.505127,0.9375,0.9173,0.8951,0.8771,69.398778,70.036121,1.44297,0.080646,0.482748,4,10,7,5,4,10,7,5,4,10,7,5,4,10,7,5,0.0397,0.07496,0.28795,0.3159,1,1,21:06:2023,08:07:31,38,-16.138167,-62.028,500.0,lev20,Almucantar,Concepcion,210,210.505127,0.030235,0.017897,0.01274,0.010356,1.26489,69.398778,70.036121,1.44297,0.080646,0.482748,4,10,7,5,4,10,7,5,4,10,7,5,4,10,7,5,0.0397,0.07496,0.28795,0.3159,1,1,21:06:2023,08:07:31,38,-16.138167,-62.028,500.0,lev20,Almucantar,2.0277783750256075,0.3732495136761995,0.9389245501402849,BCL,Urban,,Unknown
29:07:1998,12:58:20,Concepcion,210,210.540509,0.503,0.2276,0.1285,0.0913,0.483,0.2065,0.1062,0.0682,0.02,0.0211,0.0224,0.0231,1.988616,58.915065,59.511093,1.723633,0.176711,0.502224,4,10,7,4,3,11,7,4,3,11,7,4,3,10,8,4,0.03555,0.06804,0.25845,0.28634,1,1,21:06:2023,08:09:50,38,-16.138167,-62.028,500.0,lev20,Almucantar,Concepcion,210,210.540509,0.502224,0.228492,0.128059,0.088201,1.98975,58.915065,59.511093,1.723633,0.176711,0.502224,4,10,7,4,3,11,7,4,3,11,7,4,3,10,8,4,0.03555,0.06804,0.25845,0.28634,1,1,21:06:2023,08:09:50,38,-16.138167,-62.028,500.0,lev20,Almucantar,Concepcion,210,210.540509,1.4738,1.4975,1.492,1.4857,0.009747,0.009634,0.009184,0.009001,58.915065,59.511093,1.723633,0.176711,0.502224,4,10,7,4,3,11,7,4,3,11,7,4,3,10,8,4,0.03555,0.06804,0.25845,0.28634,1,1,21:06:2023,08:09:50,38,-16.138167,-62.028,500.0,lev20,Almucantar,Concepcion,210,210.540509,0.9353,0.9135,0.8926,0.8769,58.915065,59.511093,1.723633,0.176711,0.502224,4,10,7,4,3,11,7,4,3,11,7,4,3,10,8,4,0.03555,0.06804,0.25845,0.28634,1,1,21:06:2023,08:09:50,38,-16.138167,-62.028,500.0,lev20,Almucantar,Concepcion,210,210.540509,0.032571,0.01968,0.013811,0.011245,1.251537,58.915065,59.511093,1.723633,0.176711,0.502224,4,10,7,4,3,11,7,4,3,11,7,4,3,10,8,4,0.03555,0.06804,0.25845,0.28634,1,1,21:06:2023,08:09:50,38,-16.138167,-62.028,500.0,lev20,Almucantar,2.001795897161705,0.38943378524602024,0.9423148212510938,BCL,Urban,,Unknown
29:07:1998,13:16:19,Concepcion,210,210.552998,0.491,0.2236,0.1265,0.0913,0.4693,0.2008,0.1024,0.0663,0.0217,0.0228,0.0241,0.025,1.975918,55.412634,55.987984,2.327673,0.267086,0.490121,4,10,8,3,4,10,8,3,4,10,8,3,4,10,8,3,0.03467,0.06653,0.2516,0.27953,1,1,21:06:2023,08:11:34,38,-16.138167,-62.028,500.0,lev20,Almucantar,Concepcion,210,210.552998,0.490121,0.224842,0.125444,0.086378,1.982759,55.412634,55.987984,2.327673,0.267086,0.490121,4,10,8,3,4,10,8,3,4,10,8,3,4,10,8,3,0.03467,0.06653,0.2516,0.27953,1,1,21:06:2023,08:11:34,38,-16.138167,-62.028,500.0,lev20,Almucantar,Concepcion,210,210.552998,1.4757,1.5008,1.4944,1.4919,0.007884,0.007728,0.007489,0.007393,55.412634,55.987984,2.327673,0.267086,0.490121,4,10,8,3,4,10,8,3,4,10,8,3,4,10,8,3,0.03467,0.06653,0.2516,0.27953,1,1,21:06:2023,08:11:34,38,-16.138167,-62.028,500.0,lev20,Almucantar,Concepcion,210,210.552998,0.9471,0.9299,0.9105,0.8977,55.412634,55.987984,2.327673,0.267086,0.490121,4,10,8,3,4,10,8,3,4,10,8,3,4,10,8,3,0.03467,0.06653,0.2516,0.27953,1,1,21:06:2023,08:11:34,38,-16.138167,-62.028,500.0,lev20,Almucantar,Concepcion,210,210.552998,0.025994,0.015685,0.011325,0.009342,1.216269,55.412634,55.987984,2.327673,0.267086,0.490121,4,10,8,3,4,10,8,3,4,10,8,3,4,10,8,3,0.03467,0.06653,0.2516,0.27953,1,1,21:06:2023,08:11:34,38,-16.138167,-62.028,500.0,lev20,Almucantar,1.989386895019433,0.3807466120982731,0.9357803569635641,BCL,Urban,,Unknown
29:07:1998,19:16:33,Concepcion,210,210.80316,0.4208,0.1925,0.1083,0.0796,0.3995,0.1703,0.085,0.0556,0.0212,0.0222,0.0233,0.024,1.976178,57.260381,56.676941,3.048644,0.25404,0.420134,4,10,7,4,4,10,7,4,3,9,8,3,4,10,8,3,0.03522,0.06725,0.25387,0.28077,1,1,21:06:2023,07:56:25,38,-16.138167,-62.028,500.0,lev20,Almucantar,Concepcion,210,210.80316,0.420134,0.194393,0.105505,0.075759,2.00563,57.260381,56.676941,3.048644,0.25404,0.420134,4,10,7,4,4,10,7,4,3,9,8,3,4,10,8,3,0.03522,0.06725,0.25387,0.28077,1,1,21:06:2023,07:56:25,38,-16.138167,-62.028,500.0,lev20,Almucantar,Concepcion,210,210.80316,1.5185,1.5336,1.5158,1.5127,0.009644,0.009488,0.009198,0.009153,57.260381,56.676941,3.048644,0.25404,0.420134,4,10,7,4,4,10,7,4,3,9,8,3,4,10,8,3,0.03522,0.06725,0.25387,0.28077,1,1,21:06:2023,07:56:25,38,-16.138167,-62.028,500.0,lev20,Almucantar,Concepcion,210,210.80316,0.9383,0.9179,0.8947,0.8801,57.260381,56.676941,3.048644,0.25404,0.420134,4,10,7,4,4,10,7,4,3,9,8,3,4,10,8,3,0.03522,0.06725,0.25387,0.28077,1,1,21:06:2023,07:56:25,38,-16.138167,-62.028,500.0,lev20,Almucantar,Concepcion,210,210.80316,0.025959,0.015794,0.011409,0.00954,1.202746,57.260381,56.676941,3.048644,0.25404,0.420134,4,10,7,4,4,10,7,4,3,9,8,3,4,10,8,3,0.03522,0.06725,0.25387,0.28077,1,1,21:06:2023,07:56:25,38,-16.138167,-62.028,500.0,lev20,Almucantar,1.990928129140459,0.32624564381011767,0.9258656911056353,BCL,Urban,,Unknown
30:07:1998,11:43:47,Concepcion,211,211.488738,0.4078,0.1921,0.1105,0.0775,0.3895,0.1728,0.0902,0.0566,0.0183,0.0193,0.0203,0.0209,1.901298,74.355906,75.007099,1.610571,0.046487,0.40716,4,10,7,5,4,10,7,5,4,10,7,5,4,10,7,5,0.04266,0.07992,0.3088,0.33687,1,1,21:06:2023,08:07:29,38,-16.138167,-62.028,500.0,lev20,Almucantar,Concepcion,211,211.488738,0.40716,0.191837,0.11023,0.076955,1.902405,74.355906,75.007099,1.610571,0.046487,0.40716,4,10,7,5,4,10,7,5,4,10,7,5,4,10,7,5,0.04266,0.07992,0.3088,0.33687,1,1,21:06:2023,08:07:29,38,-16.138167,-62.028,500.0,lev20,Almucantar,Concepcion,211,211.488738,1.4528,1.4848,1.4842,1.4734,0.010585,0.010079,0.009513,0.009062,74.355906,75.007099,1.610571,0.046487,0.40716,4,10,7,5,4,10,7,5,4,10,7,5,4,10,7,5,0.04266,0.07992,0.3088,0.33687,1,1,21:06:2023,08:07:29,38,-16.138167,-62.028,500.0,lev20,Almucantar,Concepcion,211,211.488738,0.9292,0.9096,0.8881,0.8739,74.355906,75.007099,1.610571,0.046487,0.40716,4,10,7,5,4,10,7,5,4,10,7,5,4,10,7,5,0.04266,0.07992,0.3088,0.33687,1,1,21:06:2023,08:07:29,38,-16.138167,-62.028,500.0,lev20,Almucantar,Concepcion,211,211.488738,0.028871,0.017372,0.012367,0.009771,1.239232,74.355906,75.007099,1.610571,0.046487,0.40716,4,10,7,5,4,10,7,5,4,10,7,5,4,10,7,5,0.04266,0.07992,0.3088,0.33687,1,1,21:06:2023,08:07:29,38,-16.138167,-62.028,500.0,lev20,Almucantar,1.9153967017449942,0.3192342757491667,0.9370011611146515,BCL,Urban,,Unknown
31:07:1998,12:57:03,Concepcion,212,212.539618,0.5076,0.2363,0.1373,0.1004,0.4801,0.2074,0.107,0.0692,0.0274,0.0289,0.0303,0.0312,1.906542,58.890845,59.491456,1.956336,0.202402,0.5068,4,10,7,4,3,11,7,4,3,11,7,4,3,10,8,4,0.03554,0.06802,0.25839,0.2863,1,1,21:06:2023,08:11:32,38,-16.138167,-62.028,500.0,lev20,Almucantar,Concepcion,212,212.539618,0.5068,0.23684,0.136594,0.097248,1.91029,58.890845,59.491456,1.956336,0.202402,0.5068,4,10,7,4,3,11,7,4,3,11,7,4,3,10,8,4,0.03554,0.06802,0.25839,0.2863,1,1,21:06:2023,08:11:32,38,-16.138167,-62.028,500.0,lev20,Almucantar,Concepcion,212,212.539618,1.4583,1.492,1.4898,1.4865,0.010099,0.009495,0.008835,0.008574,58.890845,59.491456,1.956336,0.202402,0.5068,4,10,7,4,3,11,7,4,3,11,7,4,3,10,8,4,0.03554,0.06802,0.25839,0.2863,1,1,21:06:2023,08:11:32,38,-16.138167,-62.028,500.0,lev20,Almucantar,Concepcion,212,212.539618,0.926,0.9052,0.8861,0.8729,58.890845,59.491456,1.956336,0.202402,0.5068,4,10,7,4,3,11,7,4,3,11,7,4,3,10,8,4,0.03554,0.06802,0.25839,0.2863,1,1,21:06:2023,08:11:32,38,-16.138167,-62.028,500.0,lev20,Almucantar,Concepcion,212,212.539618,0.037537,0.022392,0.015639,0.012766,1.277824,58.890845,59.491456,1.956336,0.202402,0.5068,4,10,7,4,3,11,7,4,3,11,7,4,3,10,8,4,0.03554,0.06802,0.25839,0.2863,1,1,21:06:2023,08:11:32,38,-16.138167,-62.028,500.0,lev20,Almucantar,1.9179844060881472,0.3972283573329441,0.9213209388848779,BCL,Urban,,Unknown
31:07:1998,13:16:18,Concepcion,212,212.552986,0.5116,0.2387,0.1391,0.102,0.4832,0.2089,0.1078,0.0698,0.0284,0.0298,0.0313,0.0323,1.899186,55.115215,55.694092,1.968344,0.247983,0.510906,4,10,8,3,4,10,8,3,4,10,8,3,4,10,8,3,0.0346,0.06641,0.25107,0.279,1,1,21:06:2023,07:54:21,38,-16.138167,-62.028,500.0,lev20,Almucantar,Concepcion,212,212.552986,0.510906,0.239605,0.138216,0.097897,1.904503,55.115215,55.694092,1.968344,0.247983,0.510906,4,10,8,3,4,10,8,3,4,10,8,3,4,10,8,3,0.0346,0.06641,0.25107,0.279,1,1,21:06:2023,07:54:21,38,-16.138167,-62.028,500.0,lev20,Almucantar,Concepcion,212,212.552986,1.4708,1.5058,1.5053,1.5032,0.009503,0.009105,0.00838,0.008124,55.115215,55.694092,1.968344,0.247983,0.510906,4,10,8,3,4,10,8,3,4,10,8,3,4,10,8,3,0.0346,0.06641,0.25107,0.279,1,1,21:06:2023,07:54:21,38,-16.138167,-62.028,500.0,lev20,Almucantar,Concepcion,212,212.552986,0.931,0.9113,0.8943,0.8822,55.115215,55.694092,1.968344,0.247983,0.510906,4,10,8,3,4,10,8,3,4,10,8,3,4,10,8,3,0.0346,0.06641,0.25107,0.279,1,1,21:06:2023,07:54:21,38,-16.138167,-62.028,500.0,lev20,Almucantar,Concepcion,212,212.552986,0.035285,0.021165,0.014706,0.012025,1.275991,55.115215,55.694092,1.968344,0.247983,0.510906,4,10,8,3,4,10,8,3,4,10,8,3,4,10,8,3,0.0346,0.06641,0.25107,0.279,1,1,21:06:2023,07:54:21,38,-16.138167,-62.028,500.0,lev20,Almucantar,1.910392632640756,0.40074733384994154,0.9194045871114025,BCL,Unclassified,,Unknown
31:07:1998,19:35:22,Concepcion,212,212.816227,0.4679,0.2167,0.1237,0.0895,0.4461,0.1937,0.0999,0.0651,0.0218,0.0229,0.0239,0.0244,1.937854,60.759528,60.152627,3.326666,0.166351,0.467308,3,10,8,4,3,10,8,4,3,10,8,4,3,10,6,4,0.03621,0.0689,0.26105,0.28772,1,1,21:06:2023,07:58:24,38,-16.138167,-62.028,500.0,lev20,Almucantar,Concepcion,212,212.816227,0.467308,0.217658,0.121703,0.087547,1.956169,60.759528,60.152627,3.326666,0.166351,0.467308,3,10,8,4,3,10,8,4,3,10,8,4,3,10,6,4,0.03621,0.0689,0.26105,0.28772,1,1,21:06:2023,07:58:24,38,-16.138167,-62.028,500.0,lev20,Almucantar,Concepcion,212,212.816227,1.4313,1.4838,1.4939,1.5007,0.005015,0.004855,0.004741,0.004716,60.759528,60.152627,3.326666,0.166351,0.467308,3,10,8,4,3,10,8,4,3,10,8,4,3,10,6,4,0.03621,0.0689,0.26105,0.28772,1,1,21:06:2023,07:58:24,38,-16.138167,-62.028,500.0,lev20,Almucantar,Concepcion,212,212.816227,0.9581,0.9461,0.9314,0.9213,60.759528,60.152627,3.326666,0.166351,0.467308,3,10,8,4,3,10,8,4,3,10,8,4,3,10,6,4,0.03621,0.0689,0.26105,0.28772,1,1,21:06:2023,07:58:24,38,-16.138167,-62.028,500.0,lev20,Almucantar,Concepcion,212,212.816227,0.019604,0.011684,0.008493,0.007045,1.226699,60.759528,60.152627,3.326666,0.166351,0.467308,3,10,8,4,3,10,8,4,3,10,8,4,3,10,6,4,0.03621,0.0689,0.26105,0.28772,1,1,21:06:2023,07:58:24,38,-16.138167,-62.028,500.0,lev20,Almucantar,1.951531824735988,0.3645937445614283,0.931920287557699,FNA,Urban,,Unknown
03:08:1998,12:54:58,Concepcion,215,215.538171,0.6549,0.3094,0.1726,0.1183,0.6379,0.2915,0.1537,0.0987,0.017,0.0179,0.0189,0.0196,1.937018,58.860743,59.46842,1.651645,0.137285,0.653612,4,10,7,4,4,10,7,4,3,11,7,4,3,10,8,4,0.03552,0.068,0.25834,0.28624,1,1,21:06:2023,08:09:58,38,-16.138167,-62.028,500.0,lev20,Almucantar,Concepcion,215,215.538171,0.653612,0.309449,0.17222,0.116052,1.936805,58.860743,59.46842,1.651645,0.137285,0.653612,4,10,7,4,4,10,7,4,3,11,7,4,3,10,8,4,0.03552,0.068,0.25834,0.28624,1,1,21:06:2023,08:09:58,38,-16.138167,-62.028,500.0,lev20,Almucantar,Concepcion,215,215.538171,1.5008,1.5234,1.5201,1.5135,0.009893,0.009361,0.008892,0.008672,58.860743,59.46842,1.651645,0.137285,0.653612,4,10,7,4,4,10,7,4,3,11,7,4,3,10,8,4,0.03552,0.068,0.25834,0.28624,1,1,21:06:2023,08:09:58,38,-16.138167,-62.028,500.0,lev20,Almucantar,Concepcion,215,215.538171,0.9441,0.9323,0.917,0.9037,58.860743,59.46842,1.651645,0.137285,0.653612,4,10,7,4,4,10,7,4,3,11,7,4,3,10,8,4,0.03552,0.068,0.25834,0.28624,1,1,21:06:2023,08:09:58,38,-16.138167,-62.028,500.0,lev20,Almucantar,Concepcion,215,215.538171,0.036585,0.020938,0.014318,0.011396,1.370251,58.860743,59.46842,1.651645,0.137285,0.653612,4,10,7,4,4,10,7,4,3,11,7,4,3,10,8,4,0.03552,0.068,0.25834,0.28624,1,1,21:06:2023,08:09:58,38,-16.138167,-62.028,500.0,lev20,Almucantar,1.9560944927149195,0.5100090130597262,0.9641206694696154,BCL,Arid,,Unknown
03:08:1998,13:16:09,Concepcion,215,215.552882,0.6128,0.2898,0.1617,0.1123,0.5984,0.2747,0.1458,0.0958,0.0144,0.0151,0.0159,0.0165,1.935182,54.660363,55.244834,1.837329,0.182621,0.611933,4,10,8,3,4,10,8,3,4,10,8,3,4,10,8,3,0.03449,0.06624,0.25027,0.27822,1,1,21:06:2023,07:53:48,38,-16.138167,-62.028,500.0,lev20,Almucantar,Concepcion,215,215.552882,0.611933,0.290611,0.160759,0.109134,1.939945,54.660363,55.244834,1.837329,0.182621,0.611933,4,10,8,3,4,10,8,3,4,10,8,3,4,10,8,3,0.03449,0.06624,0.25027,0.27822,1,1,21:06:2023,07:53:48,38,-16.138167,-62.028,500.0,lev20,Almucantar,Concepcion,215,215.552882,1.5176,1.5389,1.5363,1.5358,0.01056,0.010256,0.009791,0.009637,54.660363,55.244834,1.837329,0.182621,0.611933,4,10,8,3,4,10,8,3,4,10,8,3,4,10,8,3,0.03449,0.06624,0.25027,0.27822,1,1,21:06:2023,07:53:48,38,-16.138167,-62.028,500.0,lev20,Almucantar,Concepcion,215,215.552882,0.9435,0.9303,0.9133,0.8995,54.660363,55.244834,1.837329,0.182621,0.611933,4,10,8,3,4,10,8,3,4,10,8,3,4,10,8,3,0.03449,0.06624,0.25027,0.27822,1,1,21:06:2023,07:53:48,38,-16.138167,-62.028,500.0,lev20,Almucantar,Concepcion,215,215.552882,0.034597,0.020186,0.01402,0.011284,1.319718,54.660363,55.244834,1.837329,0.182621,0.611933,4,10,8,3,4,10,8,3,4,10,8,3,4,10,8,3,0.03449,0.06624,0.25027,0.27822,1,1,21:06:2023,07:53:48,38,-16.138167,-62.028,500.0,lev20,Almucantar,1.9543196813251005,0.47733156037837526,0.967211247914616,BCL,Arid,,Unknown
11:08:1998,13:15:28,Concepcion,223,223.552407,0.3714,0.1754,0.1022,0.074,0.3533,0.1563,0.0816,0.0523,0.0181,0.0191,0.0207,0.0217,1.880422,53.325936,53.926375,1.9633,0.26634,0.370256,3,10,8,3,4,10,8,3,4,10,8,3,4,10,8,3,0.03799,0.07045,0.24692,0.27607,1,1,21:06:2023,08:08:18,38,-16.138167,-62.028,500.0,lev20,Almucantar,Concepcion,223,223.552407,0.370256,0.177805,0.101098,0.069692,1.886478,53.325936,53.926375,1.9633,0.26634,0.370256,3,10,8,3,4,10,8,3,4,10,8,3,4,10,8,3,0.03799,0.07045,0.24692,0.27607,1,1,21:06:2023,08:08:18,38,-16.138167,-62.028,500.0,lev20,Almucantar,Concepcion,223,223.552407,1.4886499999999998,1.4983499999999998,1.49445,1.4877,0.009934499999999999,0.009741,0.009353,0.009031500000000001,53.325936,53.926375,1.9633,0.26634,0.370256,3,10,8,3,4,10,8,3,4,10,8,3,4,10,8,3,0.03799,0.07045,0.24692,0.27607,1,1,21:06:2023,08:08:18,38,-16.138167,-62.028,500.0,lev20,Almucantar,Concepcion,223,223.552407,0.94345,0.9300999999999999,0.91535,0.90325,53.325936,53.926375,1.9633,0.26634,0.370256,3,10,8,3,4,10,8,3,4,10,8,3,4,10,8,3,0.03799,0.07045,0.24692,0.27607,1,1,21:06:2023,08:08:18,38,-16.138167,-62.028,500.0,lev20,Almucantar,Concepcion,223,223.552407,0.044619000000000006,0.026867000000000002,0.018621,0.0148255,1.2629665,53.325936,53.926375,1.9633,0.26634,0.370256,3,10,8,3,4,10,8,3,4,10,8,3,4,10,8,3,0.03799,0.07045,0.24692,0.27607,1,1,21:06:2023,08:08:18,38,-16.138167,-62.028,500.0,lev20,Almucantar,1.8927871255362638,0.29158113087601517,0.9315286857749774,BCL,Urban,,Unknown
12:08:1998,13:15:22,Concepcion,224,224.552338,0.4844,0.2356,0.1327,0.0922,0.471,0.2215,0.1175,0.0764,0.0134,0.0141,0.0152,0.0159,1.879014,53.145499,53.748009,3.540001,0.309351,0.484181,3,10,8,3,4,10,8,3,4,10,8,3,4,10,8,3,0.03794,0.07037,0.24665,0.27576,1,1,21:06:2023,08:06:18,38,-16.138167,-62.028,500.0,lev20,Almucantar,Concepcion,224,224.552338,0.484181,0.233918,0.130764,0.08726,1.899381,53.145499,53.748009,3.540001,0.309351,0.484181,3,10,8,3,4,10,8,3,4,10,8,3,4,10,8,3,0.03794,0.07037,0.24665,0.27576,1,1,21:06:2023,08:06:18,38,-16.138167,-62.028,500.0,lev20,Almucantar,Concepcion,224,224.552338,1.5134,1.5225,1.5127,1.5056,0.001684,0.001673,0.001673,0.001671,53.145499,53.748009,3.540001,0.309351,0.484181,3,10,8,3,4,10,8,3,4,10,8,3,4,10,8,3,0.03794,0.07037,0.24665,0.27576,1,1,21:06:2023,08:06:18,38,-16.138167,-62.028,500.0,lev20,Almucantar,Concepcion,224,224.552338,0.9898,0.9876,0.9843,0.9817,53.145499,53.748009,3.540001,0.309351,0.484181,3,10,8,3,4,10,8,3,4,10,8,3,4,10,8,3,0.03794,0.07037,0.24665,0.27576,1,1,21:06:2023,08:06:18,38,-16.138167,-62.028,500.0,lev20,Almucantar,Concepcion,224,224.552338,0.004942,0.002911,0.00208,0.001684,1.267432,53.145499,53.748009,3.540001,0.309351,0.484181,3,10,8,3,4,10,8,3,4,10,8,3,4,10,8,3,0.03794,0.07037,0.24665,0.27576,1,1,21:06:2023,08:06:18,38,-16.138167,-62.028,500.0,lev20,Almucantar,1.8993471635752848,0.3799771274893424,0.962243629855491,FNA,Urban,,Unknown
16:08:1998,11:56:25,Concepcion,228,228.497512,0.6974,0.3391,0.1988,0.14,0.681,0.3222,0.1811,0.1216,0.0164,0.0169,0.0177,0.0184,1.826862,69.213571,69.881438,4.3883,0.168205,0.696995,4,10,7,5,4,10,7,5,4,10,7,4,4,10,7,3,0.04372,0.07965,0.28975,0.31888,1,1,21:06:2023,08:06:56,38,-16.138167,-62.028,500.0,lev20,Almucantar,Concepcion,228,228.497512,0.696995,0.338478,0.196917,0.137583,1.838907,69.213571,69.881438,4.3883,0.168205,0.696995,4,10,7,5,4,10,7,5,4,10,7,4,4,10,7,3,0.04372,0.07965,0.28975,0.31888,1,1,21:06:2023,08:06:56,38,-16.138167,-62.028,500.0,lev20,Almucantar,Concepcion,228,228.497512,1.447,1.4633,1.4657,1.4635,0.002886,0.002823,0.002791,0.002779,69.213571,69.881438,4.3883,0.168205,0.696995,4,10,7,5,4,10,7,5,4,10,7,4,4,10,7,3,0.04372,0.07965,0.28975,0.31888,1,1,21:06:2023,08:06:56,38,-16.138167,-62.028,500.0,lev20,Almucantar,Concepcion,228,228.497512,0.9813,0.9773,0.9721,0.9679,69.213571,69.881438,4.3883,0.168205,0.696995,4,10,7,5,4,10,7,5,4,10,7,4,4,10,7,3,0.04372,0.07965,0.28975,0.31888,1,1,21:06:2023,08:06:56,38,-16.138167,-62.028,500.0,lev20,Almucantar,Concepcion,228,228.497512,0.013056,0.007709,0.005539,0.0045,1.256624,69.213571,69.881438,4.3883,0.168205,0.696995,4,10,7,5,4,10,7,5,4,10,7,4,4,10,7,3,0.04372,0.07965,0.28975,0.31888,1,1,21:06:2023,08:06:56,38,-16.138167,-62.028,500.0,lev20,Almucantar,1.8410236308973102,0.5511543387058415,0.9676432596857449,FNA,Arid,,Unknown
17:08:1998,11:55:41,Concepcion,229,229.497002,0.676,0.3036,0.1684,0.1139,0.66,0.2866,0.1501,0.0948,0.0161,0.017,0.0183,0.0191,2.023552,69.204314,69.873873,1.356927,0.042603,0.674773,4,10,7,5,4,10,7,5,4,10,7,5,4,10,7,5,0.0435,0.07942,0.28949,0.3186,1,1,21:06:2023,08:05:28,38,-16.138167,-62.028,500.0,lev20,Almucantar,Concepcion,229,229.497002,0.674773,0.303465,0.168116,0.113321,2.023047,69.204314,69.873873,1.356927,0.042603,0.674773,4,10,7,5,4,10,7,5,4,10,7,5,4,10,7,5,0.0435,0.07942,0.28949,0.3186,1,1,21:06:2023,08:05:28,38,-16.138167,-62.028,500.0,lev20,Almucantar,Concepcion,229,229.497002,1.5113,1.5128,1.505,1.4919,0.01016,0.010367,0.010145,0.00994,69.204314,69.873873,1.356927,0.042603,0.674773,4,10,7,5,4,10,7,5,4,10,7,5,4,10,7,5,0.0435,0.07942,0.28949,0.3186,1,1,21:06:2023,08:05:28,38,-16.138167,-62.028,500.0,lev20,Almucantar,Concepcion,229,229.497002,0.9449,0.9267,0.9067,0.8895,69.204314,69.873873,1.356927,0.042603,0.674773,4,10,7,5,4,10,7,5,4,10,7,5,4,10,7,5,0.0435,0.07942,0.28949,0.3186,1,1,21:06:2023,08:05:28,38,-16.138167,-62.028,500.0,lev20,Almucantar,Concepcion,229,229.497002,0.037257,0.022247,0.015719,0.012585,1.261043,69.204314,69.873873,1.356927,0.042603,0.674773,4,10,7,5,4,10,7,5,4,10,7,5,4,10,7,5,0.0435,0.07942,0.28949,0.3186,1,1,21:06:2023,08:05:28,38,-16.138167,-62.028,500.0,lev20,Almucantar,2.0387462058804364,0.5209079126046143,0.9666481408804359,BCL,Arid,,Unknown
17:08:1998,13:12:27,Concepcion,229,229.550312,0.7174,0.3217,0.1749,0.1192,0.7013,0.3047,0.1567,0.1002,0.0161,0.017,0.0182,0.019,2.052261,52.688415,53.30402,1.519593,0.143597,0.715891,3,10,8,3,3,10,8,3,3,10,8,3,4,10,8,3,0.03738,0.06937,0.24832,0.27695,1,1,21:06:2023,08:07:32,38,-16.138167,-62.028,500.0,lev20,Almucantar,Concepcion,229,229.550312,0.715891,0.322208,0.174114,0.116277,2.054501,52.688415,53.30402,1.519593,0.143597,0.715891,3,10,8,3,3,10,8,3,3,10,8,3,4,10,8,3,0.03738,0.06937,0.24832,0.27695,1,1,21:06:2023,08:07:32,38,-16.138167,-62.028,500.0,lev20,Almucantar,Concepcion,229,229.550312,1.5098,1.5152,1.5039,1.4953,0.007609,0.007501,0.007273,0.007189,52.688415,53.30402,1.519593,0.143597,0.715891,3,10,8,3,3,10,8,3,3,10,8,3,4,10,8,3,0.03738,0.06937,0.24832,0.27695,1,1,21:06:2023,08:07:32,38,-16.138167,-62.028,500.0,lev20,Almucantar,Concepcion,229,229.550312,0.9579,0.9456,0.9302,0.9174,52.688415,53.30402,1.519593,0.143597,0.715891,3,10,8,3,3,10,8,3,3,10,8,3,4,10,8,3,0.03738,0.06937,0.24832,0.27695,1,1,21:06:2023,08:07:32,38,-16.138167,-62.028,500.0,lev20,Almucantar,Concepcion,229,229.550312,0.030214,0.017511,0.012207,0.009839,1.325334,52.688415,53.30402,1.519593,0.143597,0.715891,3,10,8,3,3,10,8,3,3,10,8,3,4,10,8,3,0.03738,0.06937,0.24832,0.27695,1,1,21:06:2023,08:07:32,38,-16.138167,-62.028,500.0,lev20,Almucantar,2.0703842050278856,0.5505784054180471,0.9682904665367148,FNA,Arid,,Unknown
18:08:1998,11:54:58,Concepcion,230,230.496505,0.737,0.3379,0.1885,0.1272,0.723,0.3233,0.1734,0.1115,0.0141,0.0145,0.0152,0.0158,1.983821,69.189155,69.860384,1.435559,0.032498,0.736127,4,10,7,5,4,10,7,5,4,10,7,5,4,10,7,5,0.04349,0.07941,0.28945,0.31854,1,1,21:06:2023,08:02:30,38,-16.138167,-62.028,500.0,lev20,Almucantar,Concepcion,230,230.496505,0.736127,0.337839,0.188227,0.127108,1.983918,69.189155,69.860384,1.435559,0.032498,0.736127,4,10,7,5,4,10,7,5,4,10,7,5,4,10,7,5,0.04349,0.07941,0.28945,0.31854,1,1,21:06:2023,08:02:30,38,-16.138167,-62.028,500.0,lev20,Almucantar,Concepcion,230,230.496505,1.4787,1.4884,1.4839,1.4727,0.008218,0.008327,0.008171,0.007975,69.189155,69.860384,1.435559,0.032498,0.736127,4,10,7,5,4,10,7,5,4,10,7,5,4,10,7,5,0.04349,0.07941,0.28945,0.31854,1,1,21:06:2023,08:02:30,38,-16.138167,-62.028,500.0,lev20,Almucantar,Concepcion,230,230.496505,0.9538,0.9394,0.9234,0.9102,69.189155,69.860384,1.435559,0.032498,0.736127,4,10,7,5,4,10,7,5,4,10,7,5,4,10,7,5,0.04349,0.07941,0.28945,0.31854,1,1,21:06:2023,08:02:30,38,-16.138167,-62.028,500.0,lev20,Almucantar,Concepcion,230,230.496505,0.034081,0.020485,0.014434,0.011429,1.254402,69.189155,69.860384,1.435559,0.032498,0.736127,4,10,7,5,4,10,7,5,4,10,7,5,4,10,7,5,0.04349,0.07941,0.28945,0.31854,1,1,21:06:2023,08:02:30,38,-16.138167,-62.028,500.0,lev20,Almucantar,2.0000776212319464,0.5707271368840721,0.9735440851454975,FNA,Arid,,Unknown
18:08:1998,12:42:52,Concepcion,230,230.529769,0.8179,0.3789,0.2104,0.143,0.7987,0.358,0.1876,0.1192,0.0193,0.0209,0.0228,0.0239,1.973689,58.684226,59.328054,2.024947,0.139296,0.817072,4,10,7,4,4,10,7,4,3,11,7,4,3,11,7,4,0.03896,0.072,0.25954,0.28827,1,1,21:06:2023,08:04:28,38,-16.138167,-62.028,500.0,lev20,Almucantar,Concepcion,230,230.529769,0.817072,0.379132,0.210248,0.140652,1.972905,58.684226,59.328054,2.024947,0.139296,0.817072,4,10,7,4,4,10,7,4,3,11,7,4,3,11,7,4,0.03896,0.072,0.25954,0.28827,1,1,21:06:2023,08:04:28,38,-16.138167,-62.028,500.0,lev20,Almucantar,Concepcion,230,230.529769,1.4591,1.4695,1.4608,1.4494,0.007469,0.007444,0.007202,0.007081,58.684226,59.328054,2.024947,0.139296,0.817072,4,10,7,4,4,10,7,4,3,11,7,4,3,11,7,4,0.03896,0.072,0.25954,0.28827,1,1,21:06:2023,08:04:28,38,-16.138167,-62.028,500.0,lev20,Almucantar,Concepcion,230,230.529769,0.956,0.9437,0.9292,0.9167,58.684226,59.328054,2.024947,0.139296,0.817072,4,10,7,4,4,10,7,4,3,11,7,4,3,11,7,4,0.03896,0.072,0.25954,0.28827,1,1,21:06:2023,08:04:28,38,-16.138167,-62.028,500.0,lev20,Almucantar,Concepcion,230,230.529769,0.035956,0.021347,0.014892,0.011915,1.286768,58.684226,59.328054,2.024947,0.139296,0.817072,4,10,7,4,4,10,7,4,3,11,7,4,3,11,7,4,0.03896,0.072,0.25954,0.28827,1,1,21:06:2023,08:04:28,38,-16.138167,-62.028,500.0,lev20,Almucantar,1.991627965614752,0.6340599840975473,0.9669842528723555,FNA,Arid,,Unknown
18:08:1998,13:11:25,Concepcion,230,230.549595,0.7258,0.3366,0.1855,0.126,0.7105,0.3205,0.1684,0.1081,0.0152,0.0161,0.0171,0.0178,1.981945,52.682855,53.301529,2.087512,0.149537,0.724832,3,10,8,3,3,10,8,3,3,10,8,3,4,10,8,3,0.03738,0.06937,0.2483,0.27695,1,1,21:06:2023,08:06:35,38,-16.138167,-62.028,500.0,lev20,Almucantar,Concepcion,230,230.549595,0.724832,0.337311,0.1848,0.123527,1.984305,52.682855,53.301529,2.087512,0.149537,0.724832,3,10,8,3,3,10,8,3,3,10,8,3,4,10,8,3,0.03738,0.06937,0.2483,0.27695,1,1,21:06:2023,08:06:35,38,-16.138167,-62.028,500.0,lev20,Almucantar,Concepcion,230,230.549595,1.4909,1.5,1.4945,1.4884,0.004013,0.003975,0.003924,0.003905,52.682855,53.301529,2.087512,0.149537,0.724832,3,10,8,3,3,10,8,3,3,10,8,3,4,10,8,3,0.03738,0.06937,0.2483,0.27695,1,1,21:06:2023,08:06:35,38,-16.138167,-62.028,500.0,lev20,Almucantar,Concepcion,230,230.549595,0.9768,0.9707,0.9624,0.9554,52.682855,53.301529,2.087512,0.149537,0.724832,3,10,8,3,3,10,8,3,3,10,8,3,4,10,8,3,0.03738,0.06937,0.2483,0.27695,1,1,21:06:2023,08:06:35,38,-16.138167,-62.028,500.0,lev20,Almucantar,Concepcion,230,230.549595,0.01687,0.009868,0.006974,0.005619,1.292936,52.682855,53.301529,2.087512,0.149537,0.724832,3,10,8,3,3,10,8,3,3,10,8,3,4,10,8,3,0.03738,0.06937,0.2483,0.27695,1,1,21:06:2023,08:06:35,38,-16.138167,-62.028,500.0,lev20,Almucantar,2.001148044649453,0.5619770390864519,0.9709207286063684,FNA,Arid,,Unknown
20:08:1998,12:41:02,Concepcion,232,232.528495,0.7087,0.318,0.1719,0.115,0.6969,0.3055,0.1585,0.1009,0.0118,0.0125,0.0135,0.0141,2.058803,58.67204,59.320621,1.672512,0.15839,0.7072,4,10,7,4,4,10,7,4,3,11,7,4,3,11,7,4,0.03895,0.07199,0.2595,0.28825,1,1,21:06:2023,08:10:35,38,-16.138167,-62.028,500.0,lev20,Almucantar,Concepcion,232,232.528495,0.7072,0.318666,0.171473,0.112539,2.058247,58.67204,59.320621,1.672512,0.15839,0.7072,4,10,7,4,4,10,7,4,3,11,7,4,3,11,7,4,0.03895,0.07199,0.2595,0.28825,1,1,21:06:2023,08:10:35,38,-16.138167,-62.028,500.0,lev20,Almucantar,Concepcion,232,232.528495,1.5157,1.5223,1.515,1.5064,0.00849,0.008266,0.008006,0.007904,58.67204,59.320621,1.672512,0.15839,0.7072,4,10,7,4,4,10,7,4,3,11,7,4,3,11,7,4,0.03895,0.07199,0.2595,0.28825,1,1,21:06:2023,08:10:35,38,-16.138167,-62.028,500.0,lev20,Almucantar,Concepcion,232,232.528495,0.9561,0.9449,0.9305,0.9175,58.67204,59.320621,1.672512,0.15839,0.7072,4,10,7,4,4,10,7,4,3,11,7,4,3,11,7,4,0.03895,0.07199,0.2595,0.28825,1,1,21:06:2023,08:10:35,38,-16.138167,-62.028,500.0,lev20,Almucantar,Concepcion,232,232.528495,0.031131,0.017515,0.011955,0.009487,1.399343,58.67204,59.320621,1.672512,0.15839,0.7072,4,10,7,4,4,10,7,4,3,11,7,4,3,11,7,4,0.03895,0.07199,0.2595,0.28825,1,1,21:06:2023,08:10:35,38,-16.138167,-62.028,500.0,lev20,Almucantar,2.077865607495289,0.543381547902022,0.9768574107179435,FNA,Arid,,Unknown
20:08:1998,13:09:25,Concepcion,232,232.548206,0.6618,0.2987,0.1599,0.1085,0.6494,0.2857,0.146,0.094,0.0124,0.013,0.0139,0.0145,2.06247,52.654624,53.279289,1.830729,0.229748,0.660432,3,10,8,3,3,10,8,3,3,10,8,3,4,10,8,3,0.03737,0.06936,0.24826,0.27691,1,1,21:06:2023,08:12:49,38,-16.138167,-62.028,500.0,lev20,Almucantar,Concepcion,232,232.548206,0.660432,0.299493,0.159009,0.104495,2.065922,52.654624,53.279289,1.830729,0.229748,0.660432,3,10,8,3,3,10,8,3,3,10,8,3,4,10,8,3,0.03737,0.06936,0.24826,0.27691,1,1,21:06:2023,08:12:49,38,-16.138167,-62.028,500.0,lev20,Almucantar,Concepcion,232,232.548206,1.5223,1.5328,1.5225,1.5178,0.008268,0.008158,0.007973,0.007896,52.654624,53.279289,1.830729,0.229748,0.660432,3,10,8,3,3,10,8,3,3,10,8,3,4,10,8,3,0.03737,0.06936,0.24826,0.27691,1,1,21:06:2023,08:12:49,38,-16.138167,-62.028,500.0,lev20,Almucantar,Concepcion,232,232.548206,0.9571,0.9454,0.9296,0.917,52.654624,53.279289,1.830729,0.229748,0.660432,3,10,8,3,3,10,8,3,3,10,8,3,4,10,8,3,0.03737,0.06936,0.24826,0.27691,1,1,21:06:2023,08:12:49,38,-16.138167,-62.028,500.0,lev20,Almucantar,Concepcion,232,232.548206,0.028392,0.016296,0.011251,0.009,1.353158,52.654624,53.279289,1.830729,0.229748,0.660432,3,10,8,3,3,10,8,3,3,10,8,3,4,10,8,3,0.03737,0.06936,0.24826,0.27691,1,1,21:06:2023,08:12:49,38,-16.138167,-62.028,500.0,lev20,Almucantar,2.083579670275475,0.5070514011680546,0.9737861158575395,FNA,Arid,,Unknown
21:08:1998,19:18:55,Concepcion,233,233.804803,1.2421,0.5829,0.3233,0.2207,1.2212,0.5613,0.3009,0.1976,0.021,0.0216,0.0224,0.0231,1.955057,54.883163,54.248396,2.183061,0.088557,1.239176,4,10,8,3,4,10,8,3,4,10,8,3,4,10,8,3,0.0416,0.07426,0.25413,0.28302,1,1,21:06:2023,08:17:58,38,-16.138167,-62.028,500.0,lev20,Almucantar,Concepcion,233,233.804803,1.239176,0.58244,0.32266,0.21901,1.954177,54.883163,54.248396,2.183061,0.088557,1.239176,4,10,8,3,4,10,8,3,4,10,8,3,4,10,8,3,0.0416,0.07426,0.25413,0.28302,1,1,21:06:2023,08:17:58,38,-16.138167,-62.028,500.0,lev20,Almucantar,Concepcion,233,233.804803,1.4758,1.4978,1.4954,1.4911,0.010057,0.009413,0.008899,0.008704,54.883163,54.248396,2.183061,0.088557,1.239176,4,10,8,3,4,10,8,3,4,10,8,3,4,10,8,3,0.0416,0.07426,0.25413,0.28302,1,1,21:06:2023,08:17:58,38,-16.138167,-62.028,500.0,lev20,Almucantar,Concepcion,233,233.804803,0.943,0.9317,0.917,0.9036,54.883163,54.248396,2.183061,0.088557,1.239176,4,10,8,3,4,10,8,3,4,10,8,3,4,10,8,3,0.0416,0.07426,0.25413,0.28302,1,1,21:06:2023,08:17:58,38,-16.138167,-62.028,500.0,lev20,Almucantar,Concepcion,233,233.804803,0.070747,0.039824,0.026824,0.021276,1.415976,54.883163,54.248396,2.183061,0.088557,1.239176,4,10,8,3,4,10,8,3,4,10,8,3,4,10,8,3,0.0416,0.07426,0.25413,0.28302,1,1,21:06:2023,08:17:58,38,-16.138167,-62.028,500.0,lev20,Almucantar,1.9743898984041233,0.9650364350571085,0.9766727234372747,BCL,Biomass,,Unknown
21:08:1998,19:47:08,Concepcion,233,233.824398,1.2623,0.594,0.3318,0.226,1.2428,0.5737,0.3112,0.2052,0.0195,0.0202,0.0206,0.0207,1.941483,60.969453,60.313442,2.075385,0.057271,1.259407,3,10,8,4,3,10,8,4,3,10,8,4,3,10,8,4,0.04388,0.07773,0.26645,0.2953,1,1,21:06:2023,08:20:37,38,-16.138167,-62.028,500.0,lev20,Almucantar,Concepcion,233,233.824398,1.259407,0.593376,0.33112,0.224945,1.940857,60.969453,60.313442,2.075385,0.057271,1.259407,3,10,8,4,3,10,8,4,3,10,8,4,3,10,8,4,0.04388,0.07773,0.26645,0.2953,1,1,21:06:2023,08:20:37,38,-16.138167,-62.028,500.0,lev20,Almucantar,Concepcion,233,233.824398,1.4733,1.4927,1.4903,1.4838,0.011398,0.010813,0.010323,0.010118,60.969453,60.313442,2.075385,0.057271,1.259407,3,10,8,4,3,10,8,4,3,10,8,4,3,10,8,4,0.04388,0.07773,0.26645,0.2953,1,1,21:06:2023,08:20:37,38,-16.138167,-62.028,500.0,lev20,Almucantar,Concepcion,233,233.824398,0.9372,0.9232,0.9044,0.8873,60.969453,60.313442,2.075385,0.057271,1.259407,3,10,8,4,3,10,8,4,3,10,8,4,3,10,8,4,0.04388,0.07773,0.26645,0.2953,1,1,21:06:2023,08:20:37,38,-16.138167,-62.028,500.0,lev20,Almucantar,Concepcion,233,233.824398,0.079263,0.045628,0.031731,0.025456,1.339069,60.969453,60.313442,2.075385,0.057271,1.259407,3,10,8,4,3,10,8,4,3,10,8,4,3,10,8,4,0.04388,0.07773,0.26645,0.2953,1,1,21:06:2023,08:20:37,38,-16.138167,-62.028,500.0,lev20,Almucantar,1.9599855144301621,0.9825381537656388,0.9781350531631244,BCL,Biomass,,Unknown
22:08:1998,11:51:54,Concepcion,234,234.494375,1.8551,0.9102,0.5179,0.3515,1.8277,0.8819,0.4891,0.3226,0.0274,0.0284,0.0288,0.0289,1.852015,69.15337,69.831195,2.135613,0.02937,1.850013,4,10,7,5,4,10,7,5,4,10,7,5,4,10,7,5,0.04828,0.08491,0.29295,0.32408,1,1,21:06:2023,08:06:43,38,-16.138167,-62.028,500.0,lev20,Almucantar,Concepcion,234,234.494375,1.850013,0.909005,0.516821,0.3509,1.850792,69.15337,69.831195,2.135613,0.02937,1.850013,4,10,7,5,4,10,7,5,4,10,7,5,4,10,7,5,0.04828,0.08491,0.29295,0.32408,1,1,21:06:2023,08:06:43,38,-16.138167,-62.028,500.0,lev20,Almucantar,Concepcion,234,234.494375,1.4919,1.5122,1.5096,1.5004,0.013144,0.011988,0.011591,0.011372,69.15337,69.831195,2.135613,0.02937,1.850013,4,10,7,5,4,10,7,5,4,10,7,5,4,10,7,5,0.04828,0.08491,0.29295,0.32408,1,1,21:06:2023,08:06:43,38,-16.138167,-62.028,500.0,lev20,Almucantar,Concepcion,234,234.494375,0.9309,0.9217,0.9034,0.886,69.15337,69.831195,2.135613,0.02937,1.850013,4,10,7,5,4,10,7,5,4,10,7,5,4,10,7,5,0.04828,0.08491,0.29295,0.32408,1,1,21:06:2023,08:06:43,38,-16.138167,-62.028,500.0,lev20,Almucantar,Concepcion,234,234.494375,0.12828,0.071293,0.050006,0.040057,1.382701,69.15337,69.831195,2.135613,0.02937,1.850013,4,10,7,5,4,10,7,5,4,10,7,5,4,10,7,5,0.04828,0.08491,0.29295,0.32408,1,1,21:06:2023,08:06:43,38,-16.138167,-62.028,500.0,lev20,Almucantar,1.8716108438925245,1.4603618954973108,0.9796890447351645,BCL,Biomass,,Unknown
25:08:1998,12:36:24,Concepcion,237,237.525278,2.6606,1.4315,0.8466,0.5789,2.6395,1.4097,0.8244,0.5561,0.0212,0.0219,0.0223,0.0228,1.657361,58.630375,59.290447,4.91792,0.137345,2.655642,4,10,7,4,4,10,7,4,3,11,7,3,3,11,4,4,0.04276,0.07634,0.26279,0.29296,1,1,21:06:2023,08:13:28,38,-16.138167,-62.028,500.0,lev20,Almucantar,Concepcion,237,237.525278,2.655642,1.429626,0.844808,0.57774,1.657557,58.630375,59.290447,4.91792,0.137345,2.655642,4,10,7,4,4,10,7,4,3,11,7,3,3,11,4,4,0.04276,0.07634,0.26279,0.29296,1,1,21:06:2023,08:13:28,38,-16.138167,-62.028,500.0,lev20,Almucantar,Concepcion,237,237.525278,1.4519,1.4511,1.4408,1.4281,0.009466,0.010852,0.011476,0.011537,58.630375,59.290447,4.91792,0.137345,2.655642,4,10,7,4,4,10,7,4,3,11,7,3,3,11,4,4,0.04276,0.07634,0.26279,0.29296,1,1,21:06:2023,08:13:28,38,-16.138167,-62.028,500.0,lev20,Almucantar,Concepcion,237,237.525278,0.9467,0.9329,0.914,0.8976,58.630375,59.290447,4.91792,0.137345,2.655642,4,10,7,4,4,10,7,4,3,11,7,3,3,11,4,4,0.04276,0.07634,0.26279,0.29296,1,1,21:06:2023,08:13:28,38,-16.138167,-62.028,500.0,lev20,Almucantar,Concepcion,237,237.525278,0.14169,0.096013,0.072782,0.05926,0.971269,58.630375,59.290447,4.91792,0.137345,2.655642,4,10,7,4,4,10,7,4,3,11,7,3,3,11,4,4,0.04276,0.07634,0.26279,0.29296,1,1,21:06:2023,08:13:28,38,-16.138167,-62.028,500.0,lev20,Almucantar,1.6796942400731287,2.1464829885631636,0.9897554343650816,BCL,Biomass,,Unknown
28:08:1998,13:01:04,Concepcion,240,240.542407,2.9637,1.6879,1.0219,0.7045,2.9381,1.6615,0.9951,0.6774,0.0256,0.0264,0.0268,0.0272,1.537814,52.586396,53.234152,2.702535,0.08567,2.956246,3,10,8,3,3,10,8,3,3,10,8,3,4,10,8,3,0.04081,0.07327,0.25144,0.2813,1,1,21:06:2023,08:13:36,38,-16.138167,-62.028,500.0,lev20,Almucantar,Concepcion,240,240.542407,2.956246,1.686973,1.020522,0.703001,1.535791,52.586396,53.234152,2.702535,0.08567,2.956246,3,10,8,3,3,10,8,3,3,10,8,3,4,10,8,3,0.04081,0.07327,0.25144,0.2813,1,1,21:06:2023,08:13:36,38,-16.138167,-62.028,500.0,lev20,Almucantar,Concepcion,240,240.542407,1.4371,1.4668,1.469,1.4621,0.006334,0.005818,0.005638,0.005549,52.586396,53.234152,2.702535,0.08567,2.956246,3,10,8,3,3,10,8,3,3,10,8,3,4,10,8,3,0.04081,0.07327,0.25144,0.2813,1,1,21:06:2023,08:13:36,38,-16.138167,-62.028,500.0,lev20,Almucantar,Concepcion,240,240.542407,0.9635,0.9629,0.9573,0.9509,52.586396,53.234152,2.702535,0.08567,2.956246,3,10,8,3,3,10,8,3,3,10,8,3,4,10,8,3,0.04081,0.07327,0.25144,0.2813,1,1,21:06:2023,08:13:36,38,-16.138167,-62.028,500.0,lev20,Almucantar,Concepcion,240,240.542407,0.10825,0.062662,0.043683,0.034586,1.327194,52.586396,53.234152,2.702535,0.08567,2.956246,3,10,8,3,3,10,8,3,3,10,8,3,4,10,8,3,0.04081,0.07327,0.25144,0.2813,1,1,21:06:2023,08:13:36,38,-16.138167,-62.028,500.0,lev20,Almucantar,1.5618981616909093,2.4272909007310224,0.9890762686919236,FNA,Biomass,,Unknown
29:08:1998,13:00:18,Concepcion,241,241.541875,1.1158,0.6147,0.3667,0.2524,1.1006,0.599,0.3504,0.2357,0.0152,0.0157,0.0163,0.0167,1.609094,52.516611,53.166877,2.072868,0.080459,1.114787,3,10,8,3,3,10,8,3,3,10,8,3,4,10,8,3,0.04202,0.07431,0.25163,0.28162,1,1,21:06:2023,08:19:52,38,-16.138167,-62.028,500.0,lev20,Almucantar,Concepcion,241,241.541875,1.114787,0.614119,0.366004,0.250658,1.610407,52.516611,53.166877,2.072868,0.080459,1.114787,3,10,8,3,3,10,8,3,3,10,8,3,4,10,8,3,0.04202,0.07431,0.25163,0.28162,1,1,21:06:2023,08:19:52,38,-16.138167,-62.028,500.0,lev20,Almucantar,Concepcion,241,241.541875,1.4592,1.4717,1.4713,1.4654,0.002704,0.002555,0.002437,0.002396,52.516611,53.166877,2.072868,0.080459,1.114787,3,10,8,3,3,10,8,3,3,10,8,3,4,10,8,3,0.04202,0.07431,0.25163,0.28162,1,1,21:06:2023,08:19:52,38,-16.138167,-62.028,500.0,lev20,Almucantar,Concepcion,241,241.541875,0.9842,0.9834,0.9806,0.9775,52.516611,53.166877,2.072868,0.080459,1.114787,3,10,8,3,3,10,8,3,3,10,8,3,4,10,8,3,0.04202,0.07431,0.25163,0.28162,1,1,21:06:2023,08:19:52,38,-16.138167,-62.028,500.0,lev20,Almucantar,Concepcion,241,241.541875,0.017595,0.010231,0.007123,0.00568,1.321863,52.516611,53.166877,2.072868,0.080459,1.114787,3,10,8,3,3,10,8,3,3,10,8,3,4,10,8,3,0.04202,0.07431,0.25163,0.28162,1,1,21:06:2023,08:19:52,38,-16.138167,-62.028,500.0,lev20,Almucantar,1.6323201809095047,0.9056581557439183,0.982624293988384,FNA,Biomass,,Unknown
29:08:1998,19:23:11,Concepcion,241,241.807766,0.713,0.3646,0.2104,0.1474,0.6952,0.3462,0.1914,0.1279,0.0178,0.0184,0.019,0.0196,1.768966,54.963056,54.30659,2.079554,0.169112,0.712044,4,10,8,3,4,10,8,3,4,10,8,3,4,10,8,3,0.04282,0.07535,0.25465,0.28357,1,1,21:06:2023,08:22:29,38,-16.138167,-62.028,500.0,lev20,Almucantar,Concepcion,241,241.807766,0.712044,0.364851,0.209232,0.144713,1.774012,54.963056,54.30659,2.079554,0.169112,0.712044,4,10,8,3,4,10,8,3,4,10,8,3,4,10,8,3,0.04282,0.07535,0.25465,0.28357,1,1,21:06:2023,08:22:29,38,-16.138167,-62.028,500.0,lev20,Almucantar,Concepcion,241,241.807766,1.5117,1.5052,1.4932,1.4858,0.00911,0.008904,0.008111,0.007856,54.963056,54.30659,2.079554,0.169112,0.712044,4,10,8,3,4,10,8,3,4,10,8,3,4,10,8,3,0.04282,0.07535,0.25465,0.28357,1,1,21:06:2023,08:22:29,38,-16.138167,-62.028,500.0,lev20,Almucantar,Concepcion,241,241.807766,0.9495,0.9408,0.9315,0.9221,54.963056,54.30659,2.079554,0.169112,0.712044,4,10,8,3,4,10,8,3,4,10,8,3,4,10,8,3,0.04282,0.07535,0.25465,0.28357,1,1,21:06:2023,08:22:29,38,-16.138167,-62.028,500.0,lev20,Almucantar,Concepcion,241,241.807766,0.035997,0.021587,0.014407,0.011489,1.32927,54.963056,54.30659,2.079554,0.169112,0.712044,4,10,8,3,4,10,8,3,4,10,8,3,4,10,8,3,0.04282,0.07535,0.25465,0.28357,1,1,21:06:2023,08:22:29,38,-16.138167,-62.028,500.0,lev20,Almucantar,1.790285824540608,0.5671496191542885,0.966527365249736,BCL,Arid,,Unknown
29:08:1998,19:50:32,Concepcion,241,241.826759,0.6956,0.3564,0.2077,0.1453,0.6729,0.3325,0.1825,0.1193,0.0227,0.0239,0.0252,0.026,1.752994,61.035864,60.362817,1.549779,0.075799,0.694578,3,10,8,4,3,10,8,4,3,10,8,4,3,10,8,4,0.04498,0.07874,0.26717,0.29599,1,1,21:06:2023,08:25:00,38,-16.138167,-62.028,500.0,lev20,Almucantar,Concepcion,241,241.826759,0.694578,0.356258,0.207046,0.144535,1.754941,61.035864,60.362817,1.549779,0.075799,0.694578,3,10,8,4,3,10,8,4,3,10,8,4,3,10,8,4,0.04498,0.07874,0.26717,0.29599,1,1,21:06:2023,08:25:00,38,-16.138167,-62.028,500.0,lev20,Almucantar,Concepcion,241,241.826759,1.5097,1.507,1.4974,1.488,0.009939,0.009612,0.008708,0.008328,61.035864,60.362817,1.549779,0.075799,0.694578,3,10,8,4,3,10,8,4,3,10,8,4,3,10,8,4,0.04498,0.07874,0.26717,0.29599,1,1,21:06:2023,08:25:00,38,-16.138167,-62.028,500.0,lev20,Almucantar,Concepcion,241,241.826759,0.944,0.9338,0.9246,0.915,61.035864,60.362817,1.549779,0.075799,0.694578,3,10,8,4,3,10,8,4,3,10,8,4,3,10,8,4,0.04498,0.07874,0.26717,0.29599,1,1,21:06:2023,08:25:00,38,-16.138167,-62.028,500.0,lev20,Almucantar,Concepcion,241,241.826759,0.038966,0.023605,0.015668,0.012347,1.320657,61.035864,60.362817,1.549779,0.075799,0.694578,3,10,8,4,3,10,8,4,3,10,8,4,3,10,8,4,0.04498,0.07874,0.26717,0.29599,1,1,21:06:2023,08:25:00,38,-16.138167,-62.028,500.0,lev20,Almucantar,1.772989993172268,0.5545336520786205,0.9562552034205585,BCL,Arid,,Unknown
30:08:1998,19:23:41,Concepcion,242,242.808113,0.9291,0.4937,0.2847,0.1942,0.9187,0.483,0.2736,0.1828,0.0104,0.0108,0.0112,0.0115,1.709963,54.977243,54.318218,2.051559,0.071023,0.92847,4,10,8,3,4,10,8,3,4,10,8,3,4,10,8,3,0.04283,0.07536,0.25469,0.2836,1,1,21:06:2023,08:13:07,38,-16.138167,-62.028,500.0,lev20,Almucantar,Concepcion,242,242.808113,0.92847,0.493533,0.284274,0.193255,1.710956,54.977243,54.318218,2.051559,0.071023,0.92847,4,10,8,3,4,10,8,3,4,10,8,3,4,10,8,3,0.04283,0.07536,0.25469,0.2836,1,1,21:06:2023,08:13:07,38,-16.138167,-62.028,500.0,lev20,Almucantar,Concepcion,242,242.808113,1.4888,1.4988,1.4936,1.4874,0.01001,0.01008,0.009401,0.009077,54.977243,54.318218,2.051559,0.071023,0.92847,4,10,8,3,4,10,8,3,4,10,8,3,4,10,8,3,0.04283,0.07536,0.25469,0.2836,1,1,21:06:2023,08:13:07,38,-16.138167,-62.028,500.0,lev20,Almucantar,Concepcion,242,242.808113,0.9484,0.9409,0.931,0.9218,54.977243,54.318218,2.051559,0.071023,0.92847,4,10,8,3,4,10,8,3,4,10,8,3,4,10,8,3,0.04283,0.07536,0.25469,0.2836,1,1,21:06:2023,08:13:07,38,-16.138167,-62.028,500.0,lev20,Almucantar,Concepcion,242,242.808113,0.047911,0.0292,0.019636,0.015183,1.294087,54.977243,54.318218,2.051559,0.071023,0.92847,4,10,8,3,4,10,8,3,4,10,8,3,4,10,8,3,0.04283,0.07536,0.25469,0.2836,1,1,21:06:2023,08:13:07,38,-16.138167,-62.028,500.0,lev20,Almucantar,1.7349982549186045,0.7442862453078266,0.9855621019778452,BCL,Biomass,,Unknown
30:08:1998,19:50:56,Concepcion,242,242.827037,0.9442,0.4997,0.29,0.1973,0.9335,0.4886,0.2786,0.1856,0.0108,0.0111,0.0115,0.0117,1.707911,61.048206,60.373154,1.61204,0.046123,0.943569,3,10,8,4,3,10,8,4,3,10,8,4,3,10,8,4,0.04497,0.07874,0.2672,0.29601,1,1,21:06:2023,08:15:39,38,-16.138167,-62.028,500.0,lev20,Almucantar,Concepcion,242,242.827037,0.943569,0.499314,0.289481,0.196955,1.709411,61.048206,60.373154,1.61204,0.046123,0.943569,3,10,8,4,3,10,8,4,3,10,8,4,3,10,8,4,0.04497,0.07874,0.2672,0.29601,1,1,21:06:2023,08:15:39,38,-16.138167,-62.028,500.0,lev20,Almucantar,Concepcion,242,242.827037,1.5379,1.5262,1.5185,1.5096,0.012967,0.012883,0.011693,0.011153,61.048206,60.373154,1.61204,0.046123,0.943569,3,10,8,4,3,10,8,4,3,10,8,4,3,10,8,4,0.04497,0.07874,0.2672,0.29601,1,1,21:06:2023,08:15:39,38,-16.138167,-62.028,500.0,lev20,Almucantar,Concepcion,242,242.827037,0.9387,0.9313,0.9225,0.912,61.048206,60.373154,1.61204,0.046123,0.943569,3,10,8,4,3,10,8,4,3,10,8,4,3,10,8,4,0.04497,0.07874,0.2672,0.29601,1,1,21:06:2023,08:15:39,38,-16.138167,-62.028,500.0,lev20,Almucantar,Concepcion,242,242.827037,0.05792,0.034336,0.022489,0.01736,1.371939,61.048206,60.373154,1.61204,0.046123,0.943569,3,10,8,4,3,10,8,4,3,10,8,4,3,10,8,4,0.04497,0.07874,0.2672,0.29601,1,1,21:06:2023,08:15:39,38,-16.138167,-62.028,500.0,lev20,Almucantar,1.7315902554530966,0.756712193549541,0.9852683321734185,BCL,Biomass,,Unknown
10:09:1998,12:21:07,Concepcion,253,253.514664,0.2033,0.1047,0.0649,0.0491,0.1858,0.0855,0.0447,0.0285,0.0175,0.0191,0.0202,0.0207,1.663925,58.524859,59.216553,1.942759,0.335048,0.203034,4,10,7,4,4,10,7,4,4,10,7,4,3,11,7,4,0.04154,0.07412,0.26815,0.29611,1,1,21:06:2023,08:23:22,38,-16.138167,-62.028,500.0,lev20,Almucantar,Concepcion,253,253.514664,0.203034,0.107687,0.063947,0.043722,1.674353,58.524859,59.216553,1.942759,0.335048,0.203034,4,10,7,4,4,10,7,4,4,10,7,4,3,11,7,4,0.04154,0.07412,0.26815,0.29611,1,1,21:06:2023,08:23:22,38,-16.138167,-62.028,500.0,lev20,Almucantar,Concepcion,253,253.514664,1.4886499999999998,1.4983499999999998,1.49445,1.4877,0.009934499999999999,0.009741,0.009353,0.009031500000000001,58.524859,59.216553,1.942759,0.335048,0.203034,4,10,7,4,4,10,7,4,4,10,7,4,3,11,7,4,0.04154,0.07412,0.26815,0.29611,1,1,21:06:2023,08:23:22,38,-16.138167,-62.028,500.0,lev20,Almucantar,Concepcion,253,253.514664,0.94345,0.9300999999999999,0.91535,0.90325,58.524859,59.216553,1.942759,0.335048,0.203034,4,10,7,4,4,10,7,4,4,10,7,4,3,11,7,4,0.04154,0.07412,0.26815,0.29611,1,1,21:06:2023,08:23:22,38,-16.138167,-62.028,500.0,lev20,Almucantar,Concepcion,253,253.514664,0.044619000000000006,0.026867000000000002,0.018621,0.0148255,1.2629665,58.524859,59.216553,1.942759,0.335048,0.203034,4,10,7,4,4,10,7,4,4,10,7,4,3,11,7,4,0.04154,0.07412,0.26815,0.29611,1,1,21:06:2023,08:23:22,38,-16.138167,-62.028,500.0,lev20,Almucantar,1.6749363886852788,0.1641154190529589,0.877002602376355,BCL,Maritime,,Unknown
10:09:1998,12:47:29,Concepcion,253,253.532975,0.187,0.0961,0.0593,0.0444,0.173,0.0811,0.0434,0.028,0.0139,0.015,0.0159,0.0164,1.673206,52.500294,53.180207,1.658382,0.362829,0.18612,3,10,8,3,3,10,8,3,3,10,8,3,4,10,8,3,0.03955,0.07102,0.25621,0.2842,1,1,21:06:2023,08:25:09,38,-16.138167,-62.028,500.0,lev20,Almucantar,Concepcion,253,253.532975,0.18612,0.100257,0.058274,0.038933,1.67829,52.500294,53.180207,1.658382,0.362829,0.18612,3,10,8,3,3,10,8,3,3,10,8,3,4,10,8,3,0.03955,0.07102,0.25621,0.2842,1,1,21:06:2023,08:25:09,38,-16.138167,-62.028,500.0,lev20,Almucantar,Concepcion,253,253.532975,1.4886499999999998,1.4983499999999998,1.49445,1.4877,0.009934499999999999,0.009741,0.009353,0.009031500000000001,52.500294,53.180207,1.658382,0.362829,0.18612,3,10,8,3,3,10,8,3,3,10,8,3,4,10,8,3,0.03955,0.07102,0.25621,0.2842,1,1,21:06:2023,08:25:09,38,-16.138167,-62.028,500.0,lev20,Almucantar,Concepcion,253,253.532975,0.94345,0.9300999999999999,0.91535,0.90325,52.500294,53.180207,1.658382,0.362829,0.18612,3,10,8,3,3,10,8,3,3,10,8,3,4,10,8,3,0.03955,0.07102,0.25621,0.2842,1,1,21:06:2023,08:25:09,38,-16.138167,-62.028,500.0,lev20,Almucantar,Concepcion,253,253.532975,0.044619000000000006,0.026867000000000002,0.018621,0.0148255,1.2629665,52.500294,53.180207,1.658382,0.362829,0.18612,3,10,8,3,3,10,8,3,3,10,8,3,4,10,8,3,0.03955,0.07102,0.25621,0.2842,1,1,21:06:2023,08:25:09,38,-16.138167,-62.028,500.0,lev20,Almucantar,1.684711998524035,0.15076859863996134,0.8956420675706194,BCL,Maritime,,Unknown
10:09:1998,19:28:09,Concepcion,253,253.811215,0.2782,0.1322,0.0762,0.0555,0.2642,0.1169,0.0601,0.0389,0.014,0.0153,0.0161,0.0166,1.884974,55.067487,54.383479,2.967011,0.337143,0.278295,4,10,8,3,4,10,8,3,4,10,8,3,4,10,8,3,0.04047,0.07217,0.25951,0.28631,1,1,21:06:2023,08:26:45,38,-16.138167,-62.028,500.0,lev20,Almucantar,Concepcion,253,253.811215,0.278295,0.135912,0.072445,0.051706,1.945033,55.067487,54.383479,2.967011,0.337143,0.278295,4,10,8,3,4,10,8,3,4,10,8,3,4,10,8,3,0.04047,0.07217,0.25951,0.28631,1,1,21:06:2023,08:26:45,38,-16.138167,-62.028,500.0,lev20,Almucantar,Concepcion,253,253.811215,1.4886499999999998,1.4983499999999998,1.49445,1.4877,0.009934499999999999,0.009741,0.009353,0.009031500000000001,55.067487,54.383479,2.967011,0.337143,0.278295,4,10,8,3,4,10,8,3,4,10,8,3,4,10,8,3,0.04047,0.07217,0.25951,0.28631,1,1,21:06:2023,08:26:45,38,-16.138167,-62.028,500.0,lev20,Almucantar,Concepcion,253,253.811215,0.94345,0.9300999999999999,0.91535,0.90325,55.067487,54.383479,2.967011,0.337143,0.278295,4,10,8,3,4,10,8,3,4,10,8,3,4,10,8,3,0.04047,0.07217,0.25951,0.28631,1,1,21:06:2023,08:26:45,38,-16.138167,-62.028,500.0,lev20,Almucantar,Concepcion,253,253.811215,0.044619000000000006,0.026867000000000002,0.018621,0.0148255,1.2629665,55.067487,54.383479,2.967011,0.337143,0.278295,4,10,8,3,4,10,8,3,4,10,8,3,4,10,8,3,0.04047,0.07217,0.25951,0.28631,1,1,21:06:2023,08:26:45,38,-16.138167,-62.028,500.0,lev20,Almucantar,1.899580025760367,0.21822149090957924,0.9262479358543352,BCL,Urban,,Unknown
10:09:1998,19:54:31,Concepcion,253,253.829525,0.2408,0.1138,0.0658,0.0489,0.2291,0.1014,0.0526,0.0351,0.0117,0.0124,0.0133,0.0138,1.889445,61.133352,60.438818,2.511734,0.29571,0.240991,3,10,8,4,3,10,8,4,3,10,8,4,3,10,8,4,0.04283,0.07572,0.27259,0.29898,1,1,21:06:2023,08:28:09,38,-16.138167,-62.028,500.0,lev20,Almucantar,Concepcion,253,253.829525,0.240991,0.11679,0.063225,0.045164,1.936703,61.133352,60.438818,2.511734,0.29571,0.240991,3,10,8,4,3,10,8,4,3,10,8,4,3,10,8,4,0.04283,0.07572,0.27259,0.29898,1,1,21:06:2023,08:28:09,38,-16.138167,-62.028,500.0,lev20,Almucantar,Concepcion,253,253.829525,1.4886499999999998,1.4983499999999998,1.49445,1.4877,0.009934499999999999,0.009741,0.009353,0.009031500000000001,61.133352,60.438818,2.511734,0.29571,0.240991,3,10,8,4,3,10,8,4,3,10,8,4,3,10,8,4,0.04283,0.07572,0.27259,0.29898,1,1,21:06:2023,08:28:09,38,-16.138167,-62.028,500.0,lev20,Almucantar,Concepcion,253,253.829525,0.94345,0.9300999999999999,0.91535,0.90325,61.133352,60.438818,2.511734,0.29571,0.240991,3,10,8,4,3,10,8,4,3,10,8,4,3,10,8,4,0.04283,0.07572,0.27259,0.29898,1,1,21:06:2023,08:28:09,38,-16.138167,-62.028,500.0,lev20,Almucantar,Concepcion,253,253.829525,0.044619000000000006,0.026867000000000002,0.018621,0.0148255,1.2629665,61.133352,60.438818,2.511734,0.29571,0.240991,3,10,8,4,3,10,8,4,3,10,8,4,3,10,8,4,0.04283,0.07572,0.27259,0.29898,1,1,21:06:2023,08:28:09,38,-16.138167,-62.028,500.0,lev20,Almucantar,1.9030536858703293,0.18880088564289235,0.9295468954113479,BCL,Unclassified,,Unknown
11:09:1998,11:13:52,Concepcion,254,254.467963,0.406,0.1952,0.1129,0.0786,0.3903,0.1787,0.0951,0.0597,0.0158,0.0165,0.0178,0.0189,1.86221,74.031015,74.739316,2.109638,0.060657,0.406115,4,10,7,5,4,10,7,5,4,10,7,5,4,10,7,5,0.05108,0.08886,0.32217,0.35036,1,1,21:06:2023,08:21:15,38,-16.138167,-62.028,500.0,lev20,Almucantar,Concepcion,254,254.467963,0.406115,0.195216,0.112848,0.078084,1.863242,74.031015,74.739316,2.109638,0.060657,0.406115,4,10,7,5,4,10,7,5,4,10,7,5,4,10,7,5,0.05108,0.08886,0.32217,0.35036,1,1,21:06:2023,08:21:15,38,-16.138167,-62.028,500.0,lev20,Almucantar,Concepcion,254,254.467963,1.5535,1.5341,1.5164,1.4944,0.012249,0.013292,0.012751,0.012293,74.031015,74.739316,2.109638,0.060657,0.406115,4,10,7,5,4,10,7,5,4,10,7,5,4,10,7,5,0.05108,0.08886,0.32217,0.35036,1,1,21:06:2023,08:21:15,38,-16.138167,-62.028,500.0,lev20,Almucantar,Concepcion,254,254.467963,0.9365,0.9143,0.8959,0.8815,74.031015,74.739316,2.109638,0.060657,0.406115,4,10,7,5,4,10,7,5,4,10,7,5,4,10,7,5,0.05108,0.08886,0.32217,0.35036,1,1,21:06:2023,08:21:15,38,-16.138167,-62.028,500.0,lev20,Almucantar,Concepcion,254,254.467963,0.025762,0.016733,0.011754,0.009316,1.137439,74.031015,74.739316,2.109638,0.060657,0.406115,4,10,7,5,4,10,7,5,4,10,7,5,4,10,7,5,0.05108,0.08886,0.32217,0.35036,1,1,21:06:2023,08:21:15,38,-16.138167,-62.028,500.0,lev20,Almucantar,1.8773888593341306,0.3193731639567227,0.9481173245890495,BCL,Urban,,Unknown
11:09:1998,11:35:01,Concepcion,254,254.48265,0.3734,0.1795,0.1035,0.0724,0.3583,0.1635,0.0863,0.0543,0.0152,0.016,0.0172,0.0181,1.866486,69.048498,69.75375,1.799453,0.093735,0.373318,4,10,7,5,4,10,7,5,4,10,7,5,4,10,7,5,0.04708,0.08268,0.29975,0.32779,1,1,21:06:2023,08:22:58,38,-16.138167,-62.028,500.0,lev20,Almucantar,Concepcion,254,254.48265,0.373318,0.179951,0.10353,0.071306,1.86514,69.048498,69.75375,1.799453,0.093735,0.373318,4,10,7,5,4,10,7,5,4,10,7,5,4,10,7,5,0.04708,0.08268,0.29975,0.32779,1,1,21:06:2023,08:22:58,38,-16.138167,-62.028,500.0,lev20,Almucantar,Concepcion,254,254.48265,1.4886499999999998,1.4983499999999998,1.49445,1.4877,0.009934499999999999,0.009741,0.009353,0.009031500000000001,69.048498,69.75375,1.799453,0.093735,0.373318,4,10,7,5,4,10,7,5,4,10,7,5,4,10,7,5,0.04708,0.08268,0.29975,0.32779,1,1,21:06:2023,08:22:58,38,-16.138167,-62.028,500.0,lev20,Almucantar,Concepcion,254,254.48265,0.94345,0.9300999999999999,0.91535,0.90325,69.048498,69.75375,1.799453,0.093735,0.373318,4,10,7,5,4,10,7,5,4,10,7,5,4,10,7,5,0.04708,0.08268,0.29975,0.32779,1,1,21:06:2023,08:22:58,38,-16.138167,-62.028,500.0,lev20,Almucantar,Concepcion,254,254.48265,0.044619000000000006,0.026867000000000002,0.018621,0.0148255,1.2629665,69.048498,69.75375,1.799453,0.093735,0.373318,4,10,7,5,4,10,7,5,4,10,7,5,4,10,7,5,0.04708,0.08268,0.29975,0.32779,1,1,21:06:2023,08:22:58,38,-16.138167,-62.028,500.0,lev20,Almucantar,1.8821238489645358,0.29355117754446647,0.9448958361183151,BCL,Urban,,Unknown
11:09:1998,12:20:09,Concepcion,254,254.513993,0.3545,0.1708,0.0983,0.0694,0.3406,0.156,0.0824,0.0528,0.0139,0.0147,0.0158,0.0166,1.865409,58.523981,59.217322,1.823011,0.258654,0.354332,4,10,7,4,4,10,7,4,4,10,7,4,3,11,7,4,0.04155,0.07413,0.26815,0.29611,1,1,21:06:2023,08:24:28,38,-16.138167,-62.028,500.0,lev20,Almucantar,Concepcion,254,254.513993,0.354332,0.17256,0.097932,0.06505,1.867061,58.523981,59.217322,1.823011,0.258654,0.354332,4,10,7,4,4,10,7,4,4,10,7,4,3,11,7,4,0.04155,0.07413,0.26815,0.29611,1,1,21:06:2023,08:24:28,38,-16.138167,-62.028,500.0,lev20,Almucantar,Concepcion,254,254.513993,1.4886499999999998,1.4983499999999998,1.49445,1.4877,0.009934499999999999,0.009741,0.009353,0.009031500000000001,58.523981,59.217322,1.823011,0.258654,0.354332,4,10,7,4,4,10,7,4,4,10,7,4,3,11,7,4,0.04155,0.07413,0.26815,0.29611,1,1,21:06:2023,08:24:28,38,-16.138167,-62.028,500.0,lev20,Almucantar,Concepcion,254,254.513993,0.94345,0.9300999999999999,0.91535,0.90325,58.523981,59.217322,1.823011,0.258654,0.354332,4,10,7,4,4,10,7,4,4,10,7,4,3,11,7,4,0.04155,0.07413,0.26815,0.29611,1,1,21:06:2023,08:24:28,38,-16.138167,-62.028,500.0,lev20,Almucantar,Concepcion,254,254.513993,0.044619000000000006,0.026867000000000002,0.018621,0.0148255,1.2629665,58.523981,59.217322,1.823011,0.258654,0.354332,4,10,7,4,4,10,7,4,4,10,7,4,3,11,7,4,0.04155,0.07413,0.26815,0.29611,1,1,21:06:2023,08:24:28,38,-16.138167,-62.028,500.0,lev20,Almucantar,1.8815454583356095,0.2787134091080168,0.9456220940967431,BCL,Urban,,Unknown
11:09:1998,12:46:27,Concepcion,254,254.532257,0.3502,0.1696,0.0977,0.0693,0.3365,0.155,0.0821,0.053,0.0137,0.0146,0.0156,0.0163,1.856147,52.497937,53.179988,1.881166,0.338481,0.350301,3,10,8,3,3,10,8,3,3,10,8,3,4,10,8,3,0.03957,0.07104,0.25622,0.28421,1,1,21:06:2023,08:26:14,38,-16.138167,-62.028,500.0,lev20,Almucantar,Concepcion,254,254.532257,0.350301,0.172578,0.097136,0.063639,1.859891,52.497937,53.179988,1.881166,0.338481,0.350301,3,10,8,3,3,10,8,3,3,10,8,3,4,10,8,3,0.03957,0.07104,0.25622,0.28421,1,1,21:06:2023,08:26:14,38,-16.138167,-62.028,500.0,lev20,Almucantar,Concepcion,254,254.532257,1.4886499999999998,1.4983499999999998,1.49445,1.4877,0.009934499999999999,0.009741,0.009353,0.009031500000000001,52.497937,53.179988,1.881166,0.338481,0.350301,3,10,8,3,3,10,8,3,3,10,8,3,4,10,8,3,0.03957,0.07104,0.25622,0.28421,1,1,21:06:2023,08:26:14,38,-16.138167,-62.028,500.0,lev20,Almucantar,Concepcion,254,254.532257,0.94345,0.9300999999999999,0.91535,0.90325,52.497937,53.179988,1.881166,0.338481,0.350301,3,10,8,3,3,10,8,3,3,10,8,3,4,10,8,3,0.03957,0.07104,0.25622,0.28421,1,1,21:06:2023,08:26:14,38,-16.138167,-62.028,500.0,lev20,Almucantar,Concepcion,254,254.532257,0.044619000000000006,0.026867000000000002,0.018621,0.0148255,1.2629665,52.497937,53.179988,1.881166,0.338481,0.350301,3,10,8,3,3,10,8,3,3,10,8,3,4,10,8,3,0.03957,0.07104,0.25622,0.28421,1,1,21:06:2023,08:26:14,38,-16.138167,-62.028,500.0,lev20,Almucantar,1.8726246821615573,0.2756468433081029,0.9456577305215398,BCL,Urban,,Unknown
11:09:1998,19:28:28,Concepcion,254,254.811435,0.5758,0.2778,0.1548,0.1101,0.5587,0.2599,0.1355,0.0899,0.0172,0.018,0.0193,0.0202,1.905715,55.069617,54.383647,2.809109,0.191561,0.575274,4,10,8,3,4,10,8,3,4,10,8,3,4,10,8,3,0.04048,0.07217,0.25952,0.28632,1,1,21:06:2023,08:28:08,38,-16.138167,-62.028,500.0,lev20,Almucantar,Concepcion,254,254.811435,0.575274,0.27918,0.1537,0.105912,1.912431,55.069617,54.383647,2.809109,0.191561,0.575274,4,10,8,3,4,10,8,3,4,10,8,3,4,10,8,3,0.04048,0.07217,0.25952,0.28632,1,1,21:06:2023,08:28:08,38,-16.138167,-62.028,500.0,lev20,Almucantar,Concepcion,254,254.811435,1.5084,1.5334,1.5241,1.5249,0.010721,0.010727,0.010404,0.010287,55.069617,54.383647,2.809109,0.191561,0.575274,4,10,8,3,4,10,8,3,4,10,8,3,4,10,8,3,0.04048,0.07217,0.25952,0.28632,1,1,21:06:2023,08:28:08,38,-16.138167,-62.028,500.0,lev20,Almucantar,Concepcion,254,254.811435,0.9414,0.9267,0.9076,0.8948,55.069617,54.383647,2.809109,0.191561,0.575274,4,10,8,3,4,10,8,3,4,10,8,3,4,10,8,3,0.04048,0.07217,0.25952,0.28632,1,1,21:06:2023,08:28:08,38,-16.138167,-62.028,500.0,lev20,Almucantar,Concepcion,254,254.811435,0.033726,0.020357,0.014299,0.011591,1.251951,55.069617,54.383647,2.809109,0.191561,0.575274,4,10,8,3,4,10,8,3,4,10,8,3,4,10,8,3,0.04048,0.07217,0.25952,0.28632,1,1,21:06:2023,08:28:08,38,-16.138167,-62.028,500.0,lev20,Almucantar,1.926933839164619,0.45008386354814356,0.9589707716108911,BCL,Arid,,Unknown
11:09:1998,19:54:43,Concepcion,254,254.829664,0.5631,0.271,0.152,0.1073,0.5463,0.2532,0.1329,0.0872,0.0168,0.0178,0.0192,0.0201,1.90101,61.123471,60.427439,2.017164,0.092249,0.562684,3,10,8,4,3,10,8,4,3,10,8,4,3,10,8,4,0.04279,0.07568,0.27254,0.29892,1,1,21:06:2023,08:30:06,38,-16.138167,-62.028,500.0,lev20,Almucantar,Concepcion,254,254.829664,0.562684,0.271819,0.151539,0.105022,1.903098,61.123471,60.427439,2.017164,0.092249,0.562684,3,10,8,4,3,10,8,4,3,10,8,4,3,10,8,4,0.04279,0.07568,0.27254,0.29892,1,1,21:06:2023,08:30:06,38,-16.138167,-62.028,500.0,lev20,Almucantar,Concepcion,254,254.829664,1.4885,1.5169,1.5112,1.509,0.009786,0.00965,0.009123,0.008944,61.123471,60.427439,2.017164,0.092249,0.562684,3,10,8,4,3,10,8,4,3,10,8,4,3,10,8,4,0.04279,0.07568,0.27254,0.29892,1,1,21:06:2023,08:30:06,38,-16.138167,-62.028,500.0,lev20,Almucantar,Concepcion,254,254.829664,0.9434,0.9297,0.9154,0.9043,61.123471,60.427439,2.017164,0.092249,0.562684,3,10,8,4,3,10,8,4,3,10,8,4,3,10,8,4,0.04279,0.07568,0.27254,0.29892,1,1,21:06:2023,08:30:06,38,-16.138167,-62.028,500.0,lev20,Almucantar,Concepcion,254,254.829664,0.031894,0.019064,0.012864,0.01027,1.319918,61.123471,60.427439,2.017164,0.092249,0.562684,3,10,8,4,3,10,8,4,3,10,8,4,3,10,8,4,0.04279,0.07568,0.27254,0.29892,1,1,21:06:2023,08:30:06,38,-16.138167,-62.028,500.0,lev20,Almucantar,1.9209934023144746,0.44049106834438345,0.9587861375672883,BCL,Unclassified,,Unknown
11:09:1998,20:39:50,Concepcion,254,254.860995,0.5722,0.2724,0.1541,0.1072,0.5569,0.256,0.1365,0.089,0.0153,0.0164,0.0175,0.0182,1.906735,71.684381,70.977786,1.799946,0.036813,0.571653,4,10,7,5,4,10,7,5,4,10,6,5,4,10,7,5,0.04918,0.0853,0.30719,0.33257,1,1,21:06:2023,08:32:44,38,-16.138167,-62.028,500.0,lev20,Almucantar,Concepcion,254,254.860995,0.571653,0.272539,0.153732,0.106308,1.908251,71.684381,70.977786,1.799946,0.036813,0.571653,4,10,7,5,4,10,7,5,4,10,6,5,4,10,7,5,0.04918,0.0853,0.30719,0.33257,1,1,21:06:2023,08:32:44,38,-16.138167,-62.028,500.0,lev20,Almucantar,Concepcion,254,254.860995,1.4492,1.4826,1.4849,1.4825,0.01202,0.01165,0.010923,0.010608,71.684381,70.977786,1.799946,0.036813,0.571653,4,10,7,5,4,10,7,5,4,10,6,5,4,10,7,5,0.04918,0.0853,0.30719,0.33257,1,1,21:06:2023,08:32:44,38,-16.138167,-62.028,500.0,lev20,Almucantar,Concepcion,254,254.860995,0.9294,0.9126,0.8942,0.8789,71.684381,70.977786,1.799946,0.036813,0.571653,4,10,7,5,4,10,7,5,4,10,6,5,4,10,7,5,0.04918,0.0853,0.30719,0.33257,1,1,21:06:2023,08:32:44,38,-16.138167,-62.028,500.0,lev20,Almucantar,Concepcion,254,254.860995,0.040397,0.023793,0.016293,0.012985,1.323612,71.684381,70.977786,1.799946,0.036813,0.571653,4,10,7,5,4,10,7,5,4,10,6,5,4,10,7,5,0.04918,0.0853,0.30719,0.33257,1,1,21:06:2023,08:32:44,38,-16.138167,-62.028,500.0,lev20,Almucantar,1.924382083899861,0.44741578531186926,0.9622927777579753,BCL,Unclassified,,Unknown
12:09:1998,11:13:00,Concepcion,255,255.467361,0.9392,0.4402,0.2455,0.1652,0.9298,0.4305,0.2356,0.1553,0.0094,0.0098,0.0099,0.01,1.94979,74.03435,74.743499,6.290209,0.100074,0.938891,4,10,7,5,4,10,7,5,4,10,7,5,4,10,7,5,0.05115,0.08893,0.32227,0.35044,1,1,21:06:2023,08:31:10,38,-16.138167,-62.028,500.0,lev20,Almucantar,Concepcion,255,255.467361,0.938891,0.439171,0.244706,0.163788,1.954108,74.03435,74.743499,6.290209,0.100074,0.938891,4,10,7,5,4,10,7,5,4,10,7,5,4,10,7,5,0.05115,0.08893,0.32227,0.35044,1,1,21:06:2023,08:31:10,38,-16.138167,-62.028,500.0,lev20,Almucantar,Concepcion,255,255.467361,1.5403,1.5166,1.4953,1.4771,0.016602,0.017196,0.017344,0.017327,74.03435,74.743499,6.290209,0.100074,0.938891,4,10,7,5,4,10,7,5,4,10,7,5,4,10,7,5,0.05115,0.08893,0.32227,0.35044,1,1,21:06:2023,08:31:10,38,-16.138167,-62.028,500.0,lev20,Almucantar,Concepcion,255,255.467361,0.9188,0.8973,0.8681,0.8415,74.03435,74.743499,6.290209,0.100074,0.938891,4,10,7,5,4,10,7,5,4,10,7,5,4,10,7,5,0.05115,0.08893,0.32227,0.35044,1,1,21:06:2023,08:31:10,38,-16.138167,-62.028,500.0,lev20,Almucantar,Concepcion,255,255.467361,0.07626,0.045209,0.03239,0.026198,1.254067,74.03435,74.743499,6.290209,0.100074,0.938891,4,10,7,5,4,10,7,5,4,10,7,5,4,10,7,5,0.05115,0.08893,0.32227,0.35044,1,1,21:06:2023,08:31:10,38,-16.138167,-62.028,500.0,lev20,Almucantar,1.9681606585131932,0.7302827854229776,0.9858657996189407,BCL,Biomass,,Unknown
12:09:1998,11:34:07,Concepcion,255,255.482025,0.8739,0.4096,0.2277,0.1525,0.8581,0.3929,0.2096,0.1336,0.0158,0.0167,0.0181,0.019,1.953997,69.05295,69.759246,4.063634,0.084015,0.874818,4,10,7,5,4,10,7,5,4,10,7,5,4,10,7,5,0.04711,0.08272,0.29984,0.32784,1,1,21:06:2023,08:33:50,38,-16.138167,-62.028,500.0,lev20,Almucantar,Concepcion,255,255.482025,0.874818,0.409137,0.227653,0.151669,1.956188,69.05295,69.759246,4.063634,0.084015,0.874818,4,10,7,5,4,10,7,5,4,10,7,5,4,10,7,5,0.04711,0.08272,0.29984,0.32784,1,1,21:06:2023,08:33:50,38,-16.138167,-62.028,500.0,lev20,Almucantar,Concepcion,255,255.482025,1.5582,1.5255,1.5035,1.4825,0.017005,0.018096,0.018213,0.01812,69.05295,69.759246,4.063634,0.084015,0.874818,4,10,7,5,4,10,7,5,4,10,7,5,4,10,7,5,0.04711,0.08272,0.29984,0.32784,1,1,21:06:2023,08:33:50,38,-16.138167,-62.028,500.0,lev20,Almucantar,Concepcion,255,255.482025,0.9206,0.8973,0.8682,0.8423,69.05295,69.759246,4.063634,0.084015,0.874818,4,10,7,5,4,10,7,5,4,10,7,5,4,10,7,5,0.04711,0.08272,0.29984,0.32784,1,1,21:06:2023,08:33:50,38,-16.138167,-62.028,500.0,lev20,Almucantar,Concepcion,255,255.482025,0.069418,0.042074,0.030002,0.024054,1.225715,69.05295,69.759246,4.063634,0.084015,0.874818,4,10,7,5,4,10,7,5,4,10,7,5,4,10,7,5,0.04711,0.08272,0.29984,0.32784,1,1,21:06:2023,08:33:50,38,-16.138167,-62.028,500.0,lev20,Almucantar,1.9728627133882162,0.6790999105864384,0.9753703177709376,BCL,Arid,,Unknown
12:09:1998,12:19:09,Concepcion,255,255.513299,0.7476,0.3523,0.1971,0.1344,0.7333,0.337,0.1804,0.1168,0.0144,0.0153,0.0166,0.0175,1.937188,58.531845,59.226801,3.329645,0.232088,0.746247,4,10,7,4,4,10,7,4,4,10,7,4,3,11,7,4,0.04155,0.07413,0.26817,0.29614,1,1,21:06:2023,08:36:15,38,-16.138167,-62.028,500.0,lev20,Almucantar,Concepcion,255,255.513299,0.746247,0.353162,0.196202,0.129935,1.939751,58.531845,59.226801,3.329645,0.232088,0.746247,4,10,7,4,4,10,7,4,4,10,7,4,3,11,7,4,0.04155,0.07413,0.26817,0.29614,1,1,21:06:2023,08:36:15,38,-16.138167,-62.028,500.0,lev20,Almucantar,Concepcion,255,255.513299,1.5102,1.5253,1.5236,1.5179,0.004167,0.00407,0.004017,0.003998,58.531845,59.226801,3.329645,0.232088,0.746247,4,10,7,4,4,10,7,4,4,10,7,4,3,11,7,4,0.04155,0.07413,0.26817,0.29614,1,1,21:06:2023,08:36:15,38,-16.138167,-62.028,500.0,lev20,Almucantar,Concepcion,255,255.513299,0.9772,0.9723,0.9654,0.9595,58.531845,59.226801,3.329645,0.232088,0.746247,4,10,7,4,4,10,7,4,4,10,7,4,3,11,7,4,0.04155,0.07413,0.26817,0.29614,1,1,21:06:2023,08:36:15,38,-16.138167,-62.028,500.0,lev20,Almucantar,Concepcion,255,255.513299,0.017056,0.009762,0.006816,0.005446,1.342722,58.531845,59.226801,3.329645,0.232088,0.746247,4,10,7,4,4,10,7,4,4,10,7,4,3,11,7,4,0.04155,0.07413,0.26817,0.29614,1,1,21:06:2023,08:36:15,38,-16.138167,-62.028,500.0,lev20,Almucantar,1.955582680053595,0.5822380288065099,0.973663688390591,FNA,Arid,,Unknown
12:09:1998,12:45:24,Concepcion,255,255.531528,0.7923,0.3741,0.2067,0.1388,0.7771,0.3582,0.1895,0.1207,0.0152,0.016,0.0171,0.018,1.950512,52.50091,53.185055,1.464378,0.137621,0.79184,3,10,8,3,3,10,8,3,3,10,8,3,4,10,8,3,0.03957,0.07104,0.25622,0.28422,1,1,21:06:2023,08:38:19,38,-16.138167,-62.028,500.0,lev20,Almucantar,Concepcion,255,255.531528,0.79184,0.374773,0.206001,0.136047,1.953609,52.50091,53.185055,1.464378,0.137621,0.79184,3,10,8,3,3,10,8,3,3,10,8,3,4,10,8,3,0.03957,0.07104,0.25622,0.28422,1,1,21:06:2023,08:38:19,38,-16.138167,-62.028,500.0,lev20,Almucantar,Concepcion,255,255.531528,1.5077,1.5254,1.521,1.5114,0.00784,0.007555,0.007232,0.007118,52.50091,53.185055,1.464378,0.137621,0.79184,3,10,8,3,3,10,8,3,3,10,8,3,4,10,8,3,0.03957,0.07104,0.25622,0.28422,1,1,21:06:2023,08:38:19,38,-16.138167,-62.028,500.0,lev20,Almucantar,Concepcion,255,255.531528,0.9585,0.9502,0.9387,0.9277,52.50091,53.185055,1.464378,0.137621,0.79184,3,10,8,3,3,10,8,3,3,10,8,3,4,10,8,3,0.03957,0.07104,0.25622,0.28422,1,1,21:06:2023,08:38:19,38,-16.138167,-62.028,500.0,lev20,Almucantar,Concepcion,255,255.531528,0.032889,0.018633,0.012668,0.010033,1.393692,52.50091,53.185055,1.464378,0.137621,0.79184,3,10,8,3,3,10,8,3,3,10,8,3,4,10,8,3,0.03957,0.07104,0.25622,0.28422,1,1,21:06:2023,08:38:19,38,-16.138167,-62.028,500.0,lev20,Almucantar,1.9710066125068968,0.615835379918355,0.974321848558594,FNA,Arid,,Unknown
12:09:1998,19:55:01,Concepcion,255,255.829873,0.5517,0.2632,0.147,0.1044,0.5362,0.2468,0.1295,0.0862,0.0155,0.0163,0.0175,0.0182,1.920243,61.138527,60.441006,2.568946,0.167351,0.550974,3,10,8,4,3,10,8,4,3,10,8,4,3,10,8,4,0.0428,0.07569,0.27258,0.29896,1,1,21:06:2023,08:21:15,38,-16.138167,-62.028,500.0,lev20,Almucantar,Concepcion,255,255.829873,0.550974,0.264036,0.146702,0.100916,1.920069,61.138527,60.441006,2.568946,0.167351,0.550974,3,10,8,4,3,10,8,4,3,10,8,4,3,10,8,4,0.0428,0.07569,0.27258,0.29896,1,1,21:06:2023,08:21:15,38,-16.138167,-62.028,500.0,lev20,Almucantar,Concepcion,255,255.829873,1.4834,1.514,1.5105,1.5137,0.009365,0.009409,0.009019,0.008839,61.138527,60.441006,2.568946,0.167351,0.550974,3,10,8,4,3,10,8,4,3,10,8,4,3,10,8,4,0.0428,0.07569,0.27258,0.29896,1,1,21:06:2023,08:21:15,38,-16.138167,-62.028,500.0,lev20,Almucantar,Concepcion,255,255.829873,0.9454,0.9307,0.9148,0.9042,61.138527,60.441006,2.568946,0.167351,0.550974,3,10,8,4,3,10,8,4,3,10,8,4,3,10,8,4,0.0428,0.07569,0.27258,0.29896,1,1,21:06:2023,08:21:15,38,-16.138167,-62.028,500.0,lev20,Almucantar,Concepcion,255,255.829873,0.030143,0.018243,0.012517,0.010007,1.278591,61.138527,60.441006,2.568946,0.167351,0.550974,3,10,8,4,3,10,8,4,3,10,8,4,3,10,8,4,0.0428,0.07569,0.27258,0.29896,1,1,21:06:2023,08:21:15,38,-16.138167,-62.028,500.0,lev20,Almucantar,1.9400557020412872,0.4305229183212996,0.9603667473845621,BCL,Unclassified,,Unknown
12:09:1998,20:40:02,Concepcion,255,255.861134,0.5423,0.2568,0.145,0.1011,0.5267,0.2403,0.1272,0.0824,0.0156,0.0165,0.0178,0.0187,1.917503,71.693833,70.986283,1.591379,0.030895,0.541715,4,10,7,5,4,10,7,5,4,10,7,5,4,9,7,5,0.04919,0.08532,0.30725,0.33261,1,1,21:06:2023,08:23:36,38,-16.138167,-62.028,500.0,lev20,Almucantar,Concepcion,255,255.861134,0.541715,0.256862,0.144725,0.100375,1.918256,71.693833,70.986283,1.591379,0.030895,0.541715,4,10,7,5,4,10,7,5,4,10,7,5,4,9,7,5,0.04919,0.08532,0.30725,0.33261,1,1,21:06:2023,08:23:36,38,-16.138167,-62.028,500.0,lev20,Almucantar,Concepcion,255,255.861134,1.5132,1.5176,1.5064,1.4964,0.013216,0.014198,0.013166,0.012684,71.693833,70.986283,1.591379,0.030895,0.541715,4,10,7,5,4,10,7,5,4,10,7,5,4,9,7,5,0.04919,0.08532,0.30725,0.33261,1,1,21:06:2023,08:23:36,38,-16.138167,-62.028,500.0,lev20,Almucantar,Concepcion,255,255.861134,0.9311,0.9062,0.8886,0.8738,71.693833,70.986283,1.591379,0.030895,0.541715,4,10,7,5,4,10,7,5,4,10,7,5,4,9,7,5,0.04919,0.08532,0.30725,0.33261,1,1,21:06:2023,08:23:36,38,-16.138167,-62.028,500.0,lev20,Almucantar,Concepcion,255,255.861134,0.03739,0.02408,0.01616,0.012755,1.210676,71.693833,70.986283,1.591379,0.030895,0.541715,4,10,7,5,4,10,7,5,4,10,7,5,4,9,7,5,0.04919,0.08532,0.30725,0.33261,1,1,21:06:2023,08:23:36,38,-16.138167,-62.028,500.0,lev20,Almucantar,1.934941828571131,0.4234643013580725,0.96020875894633,BCL,Unclassified,,Unknown
13:09:1998,11:12:11,Concepcion,256,256.466794,0.4786,0.219,0.1207,0.081,0.4677,0.2076,0.1083,0.0679,0.0109,0.0114,0.0124,0.013,2.002781,74.026028,74.735986,3.314691,0.06822,0.478477,4,10,7,5,4,10,7,5,4,10,7,5,4,10,7,5,0.0514,0.08918,0.32252,0.35068,1,1,21:06:2023,08:33:35,38,-16.138167,-62.028,500.0,lev20,Almucantar,Concepcion,256,256.466794,0.478477,0.218891,0.120865,0.080451,2.00071,74.026028,74.735986,3.314691,0.06822,0.478477,4,10,7,5,4,10,7,5,4,10,7,5,4,10,7,5,0.0514,0.08918,0.32252,0.35068,1,1,21:06:2023,08:33:35,38,-16.138167,-62.028,500.0,lev20,Almucantar,Concepcion,256,256.466794,1.5705,1.5385,1.5146,1.4908,0.016476,0.017257,0.017258,0.017147,74.026028,74.735986,3.314691,0.06822,0.478477,4,10,7,5,4,10,7,5,4,10,7,5,4,10,7,5,0.0514,0.08918,0.32252,0.35068,1,1,21:06:2023,08:33:35,38,-16.138167,-62.028,500.0,lev20,Almucantar,Concepcion,256,256.466794,0.9223,0.8983,0.8687,0.8426,74.026028,74.735986,3.314691,0.06822,0.478477,4,10,7,5,4,10,7,5,4,10,7,5,4,10,7,5,0.0514,0.08918,0.32252,0.35068,1,1,21:06:2023,08:33:35,38,-16.138167,-62.028,500.0,lev20,Almucantar,Concepcion,256,256.466794,0.037183,0.022268,0.015842,0.012744,1.247469,74.026028,74.735986,3.314691,0.06822,0.478477,4,10,7,5,4,10,7,5,4,10,7,5,4,10,7,5,0.0514,0.08918,0.32252,0.35068,1,1,21:06:2023,08:33:35,38,-16.138167,-62.028,500.0,lev20,Almucantar,2.0207124762116484,0.3696478097507422,0.9692325101781457,BCL,Urban,,Unknown
13:09:1998,11:33:16,Concepcion,256,256.481435,0.4346,0.2006,0.1109,0.0755,0.4242,0.1897,0.0991,0.0631,0.0104,0.0109,0.0118,0.0124,1.985188,69.046072,69.753366,2.405709,0.124819,0.434319,4,10,7,5,4,10,7,5,4,10,7,5,4,10,7,5,0.04723,0.08284,0.29995,0.32796,1,1,21:06:2023,08:35:31,38,-16.138167,-62.028,500.0,lev20,Almucantar,Concepcion,256,256.481435,0.434319,0.201184,0.111298,0.073868,1.978749,69.046072,69.753366,2.405709,0.124819,0.434319,4,10,7,5,4,10,7,5,4,10,7,5,4,10,7,5,0.04723,0.08284,0.29995,0.32796,1,1,21:06:2023,08:35:31,38,-16.138167,-62.028,500.0,lev20,Almucantar,Concepcion,256,256.481435,1.5595,1.5383,1.5161,1.4969,0.017666,0.018827,0.018449,0.018121,69.046072,69.753366,2.405709,0.124819,0.434319,4,10,7,5,4,10,7,5,4,10,7,5,4,10,7,5,0.04723,0.08284,0.29995,0.32796,1,1,21:06:2023,08:35:31,38,-16.138167,-62.028,500.0,lev20,Almucantar,Concepcion,256,256.481435,0.917,0.8895,0.8598,0.8353,69.046072,69.753366,2.405709,0.124819,0.434319,4,10,7,5,4,10,7,5,4,10,7,5,4,10,7,5,0.04723,0.08284,0.29995,0.32796,1,1,21:06:2023,08:35:31,38,-16.138167,-62.028,500.0,lev20,Almucantar,Concepcion,256,256.481435,0.036071,0.022159,0.015554,0.012438,1.225389,69.046072,69.753366,2.405709,0.124819,0.434319,4,10,7,5,4,10,7,5,4,10,7,5,4,10,7,5,0.04723,0.08284,0.29995,0.32796,1,1,21:06:2023,08:35:31,38,-16.138167,-62.028,500.0,lev20,Almucantar,2.0034621387657925,0.33640532183381544,0.9672130942922408,BCL,Urban,,Unknown
13:09:1998,12:18:14,Concepcion,256,256.512662,0.392,0.1831,0.1019,0.0708,0.3809,0.1715,0.0894,0.0577,0.0111,0.0117,0.0125,0.0132,1.957913,58.521547,59.218044,2.160358,0.284955,0.391386,4,10,7,4,4,10,7,4,4,10,7,4,3,11,7,4,0.04154,0.07412,0.26815,0.29611,1,1,21:06:2023,08:36:59,38,-16.138167,-62.028,500.0,lev20,Almucantar,Concepcion,256,256.512662,0.391386,0.185348,0.101019,0.066123,1.963851,58.521547,59.218044,2.160358,0.284955,0.391386,4,10,7,4,4,10,7,4,4,10,7,4,3,11,7,4,0.04154,0.07412,0.26815,0.29611,1,1,21:06:2023,08:36:59,38,-16.138167,-62.028,500.0,lev20,Almucantar,Concepcion,256,256.512662,1.4886499999999998,1.4983499999999998,1.49445,1.4877,0.009934499999999999,0.009741,0.009353,0.009031500000000001,58.521547,59.218044,2.160358,0.284955,0.391386,4,10,7,4,4,10,7,4,4,10,7,4,3,11,7,4,0.04154,0.07412,0.26815,0.29611,1,1,21:06:2023,08:36:59,38,-16.138167,-62.028,500.0,lev20,Almucantar,Concepcion,256,256.512662,0.94345,0.9300999999999999,0.91535,0.90325,58.521547,59.218044,2.160358,0.284955,0.391386,4,10,7,4,4,10,7,4,4,10,7,4,3,11,7,4,0.04154,0.07412,0.26815,0.29611,1,1,21:06:2023,08:36:59,38,-16.138167,-62.028,500.0,lev20,Almucantar,Concepcion,256,256.512662,0.044619000000000006,0.026867000000000002,0.018621,0.0148255,1.2629665,58.521547,59.218044,2.160358,0.284955,0.391386,4,10,7,4,4,10,7,4,4,10,7,4,3,11,7,4,0.04154,0.07412,0.26815,0.29611,1,1,21:06:2023,08:36:59,38,-16.138167,-62.028,500.0,lev20,Almucantar,1.9762848297752778,0.3044864804351266,0.9608877893196022,BCL,Urban,,Unknown
13:09:1998,12:44:24,Concepcion,256,256.530833,0.3646,0.173,0.0962,0.0664,0.3544,0.1622,0.0847,0.0543,0.0102,0.0107,0.0115,0.0121,1.934455,52.494127,53.180288,1.751346,0.294379,0.363881,3,10,8,3,3,10,8,3,3,10,8,3,4,10,8,3,0.03955,0.07102,0.2562,0.2842,1,1,21:06:2023,08:20:53,38,-16.138167,-62.028,500.0,lev20,Almucantar,Concepcion,256,256.530833,0.363881,0.175765,0.095142,0.061546,1.94198,52.494127,53.180288,1.751346,0.294379,0.363881,3,10,8,3,3,10,8,3,3,10,8,3,4,10,8,3,0.03955,0.07102,0.2562,0.2842,1,1,21:06:2023,08:20:53,38,-16.138167,-62.028,500.0,lev20,Almucantar,Concepcion,256,256.530833,1.4886499999999998,1.4983499999999998,1.49445,1.4877,0.009934499999999999,0.009741,0.009353,0.009031500000000001,52.494127,53.180288,1.751346,0.294379,0.363881,3,10,8,3,3,10,8,3,3,10,8,3,4,10,8,3,0.03955,0.07102,0.2562,0.2842,1,1,21:06:2023,08:20:53,38,-16.138167,-62.028,500.0,lev20,Almucantar,Concepcion,256,256.530833,0.94345,0.9300999999999999,0.91535,0.90325,52.494127,53.180288,1.751346,0.294379,0.363881,3,10,8,3,3,10,8,3,3,10,8,3,4,10,8,3,0.03955,0.07102,0.2562,0.2842,1,1,21:06:2023,08:20:53,38,-16.138167,-62.028,500.0,lev20,Almucantar,Concepcion,256,256.530833,0.044619000000000006,0.026867000000000002,0.018621,0.0148255,1.2629665,52.494127,53.180288,1.751346,0.294379,0.363881,3,10,8,3,3,10,8,3,3,10,8,3,4,10,8,3,0.03955,0.07102,0.2562,0.2842,1,1,21:06:2023,08:20:53,38,-16.138167,-62.028,500.0,lev20,Almucantar,1.9544306548886394,0.28399578663186875,0.9616940405947003,BCL,Urban,,Unknown
13:09:1998,19:55:14,Concepcion,256,256.830023,0.378,0.1797,0.099,0.0706,0.3667,0.1679,0.0864,0.0575,0.0113,0.0118,0.0126,0.0132,1.943708,61.135884,60.436943,2.872009,0.168737,0.377753,3,10,8,4,3,10,7,4,3,10,5,4,3,10,5,4,0.04284,0.07573,0.27262,0.29897,1,1,21:06:2023,08:22:28,38,-16.138167,-62.028,500.0,lev20,Almucantar,Concepcion,256,256.830023,0.377753,0.181486,0.097129,0.068145,1.965306,61.135884,60.436943,2.872009,0.168737,0.377753,3,10,8,4,3,10,7,4,3,10,5,4,3,10,5,4,0.04284,0.07573,0.27262,0.29897,1,1,21:06:2023,08:22:28,38,-16.138167,-62.028,500.0,lev20,Almucantar,Concepcion,256,256.830023,1.4886499999999998,1.4983499999999998,1.49445,1.4877,0.009934499999999999,0.009741,0.009353,0.009031500000000001,61.135884,60.436943,2.872009,0.168737,0.377753,3,10,8,4,3,10,7,4,3,10,5,4,3,10,5,4,0.04284,0.07573,0.27262,0.29897,1,1,21:06:2023,08:22:28,38,-16.138167,-62.028,500.0,lev20,Almucantar,Concepcion,256,256.830023,0.94345,0.9300999999999999,0.91535,0.90325,61.135884,60.436943,2.872009,0.168737,0.377753,3,10,8,4,3,10,7,4,3,10,5,4,3,10,5,4,0.04284,0.07573,0.27262,0.29897,1,1,21:06:2023,08:22:28,38,-16.138167,-62.028,500.0,lev20,Almucantar,Concepcion,256,256.830023,0.044619000000000006,0.026867000000000002,0.018621,0.0148255,1.2629665,61.135884,60.436943,2.872009,0.168737,0.377753,3,10,8,4,3,10,7,4,3,10,5,4,3,10,5,4,0.04284,0.07573,0.27262,0.29897,1,1,21:06:2023,08:22:28,38,-16.138167,-62.028,500.0,lev20,Almucantar,1.9652897427347893,0.2940249365126308,0.9580723379178082,BCL,Urban,,Unknown
14:09:1998,11:11:20,Concepcion,257,257.466204,0.9763,0.4833,0.2811,0.1924,0.9579,0.4642,0.2617,0.1728,0.0184,0.0191,0.0194,0.0196,1.80929,74.02585,74.736583,1.264893,0.005088,0.974946,4,10,7,5,4,10,7,5,4,10,7,5,4,10,7,5,0.04849,0.08679,0.3283,0.35436,1,1,21:06:2023,08:32:03,38,-16.138167,-62.028,500.0,lev20,Almucantar,Concepcion,257,257.466204,0.974946,0.482867,0.280356,0.192788,1.810825,74.02585,74.736583,1.264893,0.005088,0.974946,4,10,7,5,4,10,7,5,4,10,7,5,4,10,7,5,0.04849,0.08679,0.3283,0.35436,1,1,21:06:2023,08:32:03,38,-16.138167,-62.028,500.0,lev20,Almucantar,Concepcion,257,257.466204,1.5232,1.5212,1.5133,1.4981,0.010743,0.01162,0.011841,0.011595,74.02585,74.736583,1.264893,0.005088,0.974946,4,10,7,5,4,10,7,5,4,10,7,5,4,10,7,5,0.04849,0.08679,0.3283,0.35436,1,1,21:06:2023,08:32:03,38,-16.138167,-62.028,500.0,lev20,Almucantar,Concepcion,257,257.466204,0.9428,0.9257,0.9056,0.8893,74.02585,74.736583,1.264893,0.005088,0.974946,4,10,7,5,4,10,7,5,4,10,7,5,4,10,7,5,0.04849,0.08679,0.3283,0.35436,1,1,21:06:2023,08:32:03,38,-16.138167,-62.028,500.0,lev20,Almucantar,Concepcion,257,257.466204,0.055858,0.035902,0.026548,0.021303,1.086383,74.02585,74.736583,1.264893,0.005088,0.974946,4,10,7,5,4,10,7,5,4,10,7,5,4,10,7,5,0.04849,0.08679,0.3283,0.35436,1,1,21:06:2023,08:32:03,38,-16.138167,-62.028,500.0,lev20,Almucantar,1.8263542300759352,0.7730168893395701,0.9741234136419696,BCL,Biomass,,Unknown
14:09:1998,11:32:23,Concepcion,257,257.480822,0.9601,0.4735,0.2743,0.1873,0.9388,0.4516,0.2517,0.164,0.0213,0.022,0.0227,0.0233,1.820406,69.047586,69.755845,1.238975,0.016273,0.958948,4,10,7,5,4,10,7,5,4,10,7,5,4,10,7,5,0.0448,0.08083,0.30543,0.33144,1,1,21:06:2023,08:34:45,38,-16.138167,-62.028,500.0,lev20,Almucantar,Concepcion,257,257.480822,0.958948,0.472991,0.273691,0.187338,1.821715,69.047586,69.755845,1.238975,0.016273,0.958948,4,10,7,5,4,10,7,5,4,10,7,5,4,10,7,5,0.0448,0.08083,0.30543,0.33144,1,1,21:06:2023,08:34:45,38,-16.138167,-62.028,500.0,lev20,Almucantar,Concepcion,257,257.480822,1.532,1.5256,1.5174,1.5026,0.011821,0.01297,0.012334,0.011683,69.047586,69.755845,1.238975,0.016273,0.958948,4,10,7,5,4,10,7,5,4,10,7,5,4,10,7,5,0.0448,0.08083,0.30543,0.33144,1,1,21:06:2023,08:34:45,38,-16.138167,-62.028,500.0,lev20,Almucantar,Concepcion,257,257.480822,0.9391,0.9194,0.9033,0.8896,69.047586,69.755845,1.238975,0.016273,0.958948,4,10,7,5,4,10,7,5,4,10,7,5,4,10,7,5,0.0448,0.08083,0.30543,0.33144,1,1,21:06:2023,08:34:45,38,-16.138167,-62.028,500.0,lev20,Almucantar,Concepcion,257,257.480822,0.058421,0.038155,0.026537,0.020683,1.141895,69.047586,69.755845,1.238975,0.016273,0.958948,4,10,7,5,4,10,7,5,4,10,7,5,4,10,7,5,0.0448,0.08083,0.30543,0.33144,1,1,21:06:2023,08:34:45,38,-16.138167,-62.028,500.0,lev20,Almucantar,1.8377307874299293,0.7590852752699283,0.970241768320854,BCL,Biomass,,Unknown
14:09:1998,12:17:16,Concepcion,257,257.511991,0.8836,0.4346,0.2491,0.1708,0.8589,0.4085,0.2215,0.1422,0.0248,0.0261,0.0276,0.0286,1.838587,58.524065,59.222074,1.890531,0.114691,0.882117,4,10,7,4,4,10,7,4,4,10,7,4,3,11,7,4,0.03982,0.0727,0.27321,0.29931,1,1,21:06:2023,08:37:22,38,-16.138167,-62.028,500.0,lev20,Almucantar,Concepcion,257,257.511991,0.882117,0.434272,0.248644,0.168913,1.838556,58.524065,59.222074,1.890531,0.114691,0.882117,4,10,7,4,4,10,7,4,4,10,7,4,3,11,7,4,0.03982,0.0727,0.27321,0.29931,1,1,21:06:2023,08:37:22,38,-16.138167,-62.028,500.0,lev20,Almucantar,Concepcion,257,257.511991,1.4993,1.5159,1.5125,1.5019,0.00993,0.009489,0.008795,0.008449,58.524065,59.222074,1.890531,0.114691,0.882117,4,10,7,4,4,10,7,4,4,10,7,4,3,11,7,4,0.03982,0.0727,0.27321,0.29931,1,1,21:06:2023,08:37:22,38,-16.138167,-62.028,500.0,lev20,Almucantar,Concepcion,257,257.511991,0.9442,0.9335,0.9223,0.9112,58.524065,59.222074,1.890531,0.114691,0.882117,4,10,7,4,4,10,7,4,4,10,7,4,3,11,7,4,0.03982,0.0727,0.27321,0.29931,1,1,21:06:2023,08:37:22,38,-16.138167,-62.028,500.0,lev20,Almucantar,Concepcion,257,257.511991,0.04932,0.028915,0.019359,0.015172,1.360415,58.524065,59.222074,1.890531,0.114691,0.882117,4,10,7,4,4,10,7,4,4,10,7,4,3,11,7,4,0.03982,0.0727,0.27321,0.29931,1,1,21:06:2023,08:37:22,38,-16.138167,-62.028,500.0,lev20,Almucantar,1.8572916498920422,0.6968572741050086,0.9621435521957827,BCL,Arid,,Unknown
14:09:1998,12:43:21,Concepcion,257,257.530104,0.8724,0.4331,0.249,0.1721,0.8471,0.4065,0.2209,0.143,0.0253,0.0266,0.0281,0.0291,1.820059,52.500513,53.188662,1.950957,0.164989,0.870966,3,10,8,3,3,10,8,3,3,10,8,3,4,10,8,3,0.03809,0.0698,0.26109,0.28729,1,1,21:06:2023,08:39:41,38,-16.138167,-62.028,500.0,lev20,Almucantar,Concepcion,257,257.530104,0.870966,0.433138,0.248444,0.169109,1.820407,52.500513,53.188662,1.950957,0.164989,0.870966,3,10,8,3,3,10,8,3,3,10,8,3,4,10,8,3,0.03809,0.0698,0.26109,0.28729,1,1,21:06:2023,08:39:41,38,-16.138167,-62.028,500.0,lev20,Almucantar,Concepcion,257,257.530104,1.5188,1.5333,1.5282,1.5183,0.009855,0.009427,0.008707,0.008417,52.500513,53.188662,1.950957,0.164989,0.870966,3,10,8,3,3,10,8,3,3,10,8,3,4,10,8,3,0.03809,0.0698,0.26109,0.28729,1,1,21:06:2023,08:39:41,38,-16.138167,-62.028,500.0,lev20,Almucantar,Concepcion,257,257.530104,0.9451,0.9354,0.9249,0.914,52.500513,53.188662,1.950957,0.164989,0.870966,3,10,8,3,3,10,8,3,3,10,8,3,4,10,8,3,0.03809,0.0698,0.26109,0.28729,1,1,21:06:2023,08:39:41,38,-16.138167,-62.028,500.0,lev20,Almucantar,Concepcion,257,257.530104,0.047878,0.027995,0.018713,0.014794,1.366676,52.500513,53.188662,1.950957,0.164989,0.870966,3,10,8,3,3,10,8,3,3,10,8,3,4,10,8,3,0.03809,0.0698,0.26109,0.28729,1,1,21:06:2023,08:39:41,38,-16.138167,-62.028,500.0,lev20,Almucantar,1.8391684631343297,0.6896201432073655,0.9608256118337797,BCL,Arid,,Unknown
14:09:1998,19:29:24,Concepcion,257,257.812083,1.2107,0.5923,0.3373,0.2338,1.186,0.5668,0.3111,0.2069,0.0247,0.0255,0.0263,0.0269,1.855453,55.085135,54.393577,2.157424,0.089153,1.208294,4,10,8,3,4,10,8,3,4,10,8,3,4,10,8,3,0.03889,0.07086,0.26445,0.28942,1,1,21:06:2023,08:42:10,38,-16.138167,-62.028,500.0,lev20,Almucantar,Concepcion,257,257.812083,1.208294,0.59199,0.336462,0.232693,1.855746,55.085135,54.393577,2.157424,0.089153,1.208294,4,10,8,3,4,10,8,3,4,10,8,3,4,10,8,3,0.03889,0.07086,0.26445,0.28942,1,1,21:06:2023,08:42:10,38,-16.138167,-62.028,500.0,lev20,Almucantar,Concepcion,257,257.812083,1.5363,1.5469,1.5394,1.5317,0.013393,0.012116,0.011203,0.010902,55.085135,54.393577,2.157424,0.089153,1.208294,4,10,8,3,4,10,8,3,4,10,8,3,4,10,8,3,0.03889,0.07086,0.26445,0.28942,1,1,21:06:2023,08:42:10,38,-16.138167,-62.028,500.0,lev20,Almucantar,Concepcion,257,257.812083,0.932,0.9238,0.9095,0.8958,55.085135,54.393577,2.157424,0.089153,1.208294,4,10,8,3,4,10,8,3,4,10,8,3,4,10,8,3,0.03889,0.07086,0.26445,0.28942,1,1,21:06:2023,08:42:10,38,-16.138167,-62.028,500.0,lev20,Almucantar,Concepcion,257,257.812083,0.082364,0.045136,0.030519,0.024368,1.452804,55.085135,54.393577,2.157424,0.089153,1.208294,4,10,8,3,4,10,8,3,4,10,8,3,4,10,8,3,0.03889,0.07086,0.26445,0.28942,1,1,21:06:2023,08:42:10,38,-16.138167,-62.028,500.0,lev20,Almucantar,1.8746466030481659,0.9527109840691205,0.9720475835660015,BCL,Biomass,,Unknown
14:09:1998,19:55:28,Concepcion,257,257.830185,1.2811,0.6343,0.367,0.256,1.2578,0.6102,0.3425,0.2314,0.0232,0.0241,0.0245,0.0246,1.815883,61.138743,60.438419,1.496813,0.031121,1.278918,3,10,8,4,3,10,8,4,3,10,8,4,3,10,8,4,0.04096,0.07419,0.27772,0.3022,1,1,21:06:2023,08:22:18,38,-16.138167,-62.028,500.0,lev20,Almucantar,Concepcion,257,257.830185,1.278918,0.633696,0.366286,0.255699,1.816015,61.138743,60.438419,1.496813,0.031121,1.278918,3,10,8,4,3,10,8,4,3,10,8,4,3,10,8,4,0.04096,0.07419,0.27772,0.3022,1,1,21:06:2023,08:22:18,38,-16.138167,-62.028,500.0,lev20,Almucantar,Concepcion,257,257.830185,1.5177,1.5311,1.5282,1.5226,0.013356,0.012482,0.011407,0.010876,61.138743,60.438419,1.496813,0.031121,1.278918,3,10,8,4,3,10,8,4,3,10,8,4,3,10,8,4,0.04096,0.07419,0.27772,0.3022,1,1,21:06:2023,08:22:18,38,-16.138167,-62.028,500.0,lev20,Almucantar,Concepcion,257,257.830185,0.9309,0.9206,0.9077,0.8959,61.138743,60.438419,1.496813,0.031121,1.278918,3,10,8,4,3,10,8,4,3,10,8,4,3,10,8,4,0.04096,0.07419,0.27772,0.3022,1,1,21:06:2023,08:22:18,38,-16.138167,-62.028,500.0,lev20,Almucantar,Concepcion,257,257.830185,0.088477,0.050393,0.033877,0.026658,1.400189,61.138743,60.438419,1.496813,0.031121,1.278918,3,10,8,4,3,10,8,4,3,10,8,4,3,10,8,4,0.04096,0.07419,0.27772,0.3022,1,1,21:06:2023,08:22:18,38,-16.138167,-62.028,500.0,lev20,Almucantar,1.833766492764738,1.0133914028460194,0.9746815051249489,BCL,Biomass,,Unknown
14:09:1998,20:40:19,Concepcion,257,257.861331,1.1727,0.5853,0.3444,0.2427,1.1474,0.5592,0.3179,0.2159,0.0253,0.0262,0.0266,0.0268,1.781258,71.688241,70.978906,1.635877,0.013575,1.170266,4,10,7,5,4,10,7,5,4,10,7,5,4,10,7,5,0.047,0.08363,0.31324,0.33656,1,1,21:06:2023,08:25:29,38,-16.138167,-62.028,500.0,lev20,Almucantar,Concepcion,257,257.861331,1.170266,0.584694,0.343657,0.242851,1.781108,71.688241,70.978906,1.635877,0.013575,1.170266,4,10,7,5,4,10,7,5,4,10,7,5,4,10,7,5,0.047,0.08363,0.31324,0.33656,1,1,21:06:2023,08:25:29,38,-16.138167,-62.028,500.0,lev20,Almucantar,Concepcion,257,257.861331,1.4513,1.4845,1.4905,1.4886,0.013491,0.010443,0.009332,0.008837,71.688241,70.978906,1.635877,0.013575,1.170266,4,10,7,5,4,10,7,5,4,10,7,5,4,10,7,5,0.047,0.08363,0.31324,0.33656,1,1,21:06:2023,08:25:29,38,-16.138167,-62.028,500.0,lev20,Almucantar,Concepcion,257,257.861331,0.9213,0.9211,0.9104,0.9014,71.688241,70.978906,1.635877,0.013575,1.170266,4,10,7,5,4,10,7,5,4,10,7,5,4,10,7,5,0.047,0.08363,0.31324,0.33656,1,1,21:06:2023,08:25:29,38,-16.138167,-62.028,500.0,lev20,Almucantar,Concepcion,257,257.861331,0.092302,0.04619,0.030875,0.023942,1.60967,71.688241,70.978906,1.635877,0.013575,1.170266,4,10,7,5,4,10,7,5,4,10,7,5,4,10,7,5,0.047,0.08363,0.31324,0.33656,1,1,21:06:2023,08:25:29,38,-16.138167,-62.028,500.0,lev20,Almucantar,1.7973112308775867,0.9319766000904904,0.9701254365343878,BCL,Biomass,,Unknown
15:09:1998,11:10:29,Concepcion,258,258.465613,1.3099,0.6571,0.3846,0.2656,1.2879,0.6343,0.3614,0.2423,0.022,0.0228,0.0232,0.0233,1.780322,74.026038,74.73751,1.623364,0.010608,1.307315,4,10,7,5,4,10,7,5,4,10,7,5,4,10,7,5,0.0487,0.08701,0.32853,0.3546,1,1,21:06:2023,08:32:07,38,-16.138167,-62.028,500.0,lev20,Almucantar,Concepcion,258,258.465613,1.307315,0.656417,0.38369,0.26536,1.780608,74.026038,74.73751,1.623364,0.010608,1.307315,4,10,7,5,4,10,7,5,4,10,7,5,4,10,7,5,0.0487,0.08701,0.32853,0.3546,1,1,21:06:2023,08:32:07,38,-16.138167,-62.028,500.0,lev20,Almucantar,Concepcion,258,258.465613,1.5446,1.5476,1.5435,1.5336,0.013376,0.011993,0.011586,0.011294,74.026038,74.73751,1.623364,0.010608,1.307315,4,10,7,5,4,10,7,5,4,10,7,5,4,10,7,5,0.0487,0.08701,0.32853,0.3546,1,1,21:06:2023,08:32:07,38,-16.138167,-62.028,500.0,lev20,Almucantar,Concepcion,258,258.465613,0.9329,0.927,0.9121,0.8983,74.026038,74.73751,1.623364,0.010608,1.307315,4,10,7,5,4,10,7,5,4,10,7,5,4,10,7,5,0.0487,0.08701,0.32853,0.3546,1,1,21:06:2023,08:32:07,38,-16.138167,-62.028,500.0,lev20,Almucantar,Concepcion,258,258.465613,0.087942,0.047977,0.033803,0.026998,1.405748,74.026038,74.73751,1.623364,0.010608,1.307315,4,10,7,5,4,10,7,5,4,10,7,5,4,10,7,5,0.0487,0.08701,0.32853,0.3546,1,1,21:06:2023,08:32:07,38,-16.138167,-62.028,500.0,lev20,Almucantar,1.7976661506001672,1.0409659431055625,0.9769088136207802,BCL,Biomass,,Unknown
15:09:1998,11:31:31,Concepcion,258,258.48022,1.3272,0.6588,0.3846,0.2641,1.3066,0.6376,0.363,0.2424,0.0205,0.0213,0.0216,0.0217,1.800162,69.04581,69.754992,1.568778,0.0177,1.324833,4,10,7,5,4,10,7,5,4,10,7,5,4,10,7,5,0.04488,0.08092,0.30551,0.33153,1,1,21:06:2023,08:34:38,38,-16.138167,-62.028,500.0,lev20,Almucantar,Concepcion,258,258.48022,1.324833,0.658077,0.383819,0.26454,1.800318,69.04581,69.754992,1.568778,0.0177,1.324833,4,10,7,5,4,10,7,5,4,10,7,5,4,10,7,5,0.04488,0.08092,0.30551,0.33153,1,1,21:06:2023,08:34:38,38,-16.138167,-62.028,500.0,lev20,Almucantar,Concepcion,258,258.48022,1.4994,1.5126,1.5117,1.5017,0.012577,0.011333,0.01069,0.010332,69.04581,69.754992,1.568778,0.0177,1.324833,4,10,7,5,4,10,7,5,4,10,7,5,4,10,7,5,0.04488,0.08092,0.30551,0.33153,1,1,21:06:2023,08:34:38,38,-16.138167,-62.028,500.0,lev20,Almucantar,Concepcion,258,258.48022,0.9339,0.9263,0.9126,0.899,69.04581,69.754992,1.568778,0.0177,1.324833,4,10,7,5,4,10,7,5,4,10,7,5,4,10,7,5,0.04488,0.08092,0.30551,0.33153,1,1,21:06:2023,08:34:38,38,-16.138167,-62.028,500.0,lev20,Almucantar,Concepcion,258,258.48022,0.087742,0.048571,0.03362,0.026674,1.406281,69.04581,69.754992,1.568778,0.0177,1.324833,4,10,7,5,4,10,7,5,4,10,7,5,4,10,7,5,0.04488,0.08092,0.30551,0.33153,1,1,21:06:2023,08:34:38,38,-16.138167,-62.028,500.0,lev20,Almucantar,1.8169126016887074,1.0521223357407252,0.9786862491802201,BCL,Biomass,,Unknown
15:09:1998,12:16:19,Concepcion,258,258.511331,1.2662,0.6357,0.3696,0.2525,1.2468,0.6157,0.3492,0.232,0.0193,0.0201,0.0204,0.0205,1.787805,58.524052,59.223521,1.548168,0.044828,1.264548,4,10,7,4,4,10,7,4,4,10,7,4,3,11,7,4,0.03982,0.07269,0.27322,0.29931,1,1,21:06:2023,08:37:28,38,-16.138167,-62.028,500.0,lev20,Almucantar,Concepcion,258,258.511331,1.264548,0.635173,0.368967,0.25207,1.788222,58.524052,59.223521,1.548168,0.044828,1.264548,4,10,7,4,4,10,7,4,4,10,7,4,3,11,7,4,0.03982,0.07269,0.27322,0.29931,1,1,21:06:2023,08:37:28,38,-16.138167,-62.028,500.0,lev20,Almucantar,Concepcion,258,258.511331,1.5014,1.5137,1.5124,1.5025,0.011637,0.011358,0.010614,0.010164,58.524052,59.223521,1.548168,0.044828,1.264548,4,10,7,4,4,10,7,4,4,10,7,4,3,11,7,4,0.03982,0.07269,0.27322,0.29931,1,1,21:06:2023,08:37:28,38,-16.138167,-62.028,500.0,lev20,Almucantar,Concepcion,258,258.511331,0.9393,0.9282,0.9153,0.9026,58.524052,59.223521,1.548168,0.044828,1.264548,4,10,7,4,4,10,7,4,4,10,7,4,3,11,7,4,0.03982,0.07269,0.27322,0.29931,1,1,21:06:2023,08:37:28,38,-16.138167,-62.028,500.0,lev20,Almucantar,Concepcion,258,258.511331,0.076883,0.045629,0.03129,0.024596,1.309861,58.524052,59.223521,1.548168,0.044828,1.264548,4,10,7,4,4,10,7,4,4,10,7,4,3,11,7,4,0.03982,0.07269,0.27322,0.29931,1,1,21:06:2023,08:37:28,38,-16.138167,-62.028,500.0,lev20,Almucantar,1.8062503158011984,1.0051343573372158,0.9791699342390173,BCL,Biomass,,Unknown
15:09:1998,12:42:20,Concepcion,258,258.529398,1.2229,0.6156,0.3556,0.2432,1.2007,0.5926,0.3319,0.2189,0.0223,0.023,0.0237,0.0243,1.792162,52.50113,53.191197,1.752459,0.078732,1.221188,3,10,8,3,3,10,8,3,3,10,8,3,4,10,8,3,0.03808,0.06979,0.26108,0.28728,1,1,21:06:2023,08:39:59,38,-16.138167,-62.028,500.0,lev20,Almucantar,Concepcion,258,258.529398,1.221188,0.615149,0.354962,0.242061,1.792516,52.50113,53.191197,1.752459,0.078732,1.221188,3,10,8,3,3,10,8,3,3,10,8,3,4,10,8,3,0.03808,0.06979,0.26108,0.28728,1,1,21:06:2023,08:39:59,38,-16.138167,-62.028,500.0,lev20,Almucantar,Concepcion,258,258.529398,1.5081,1.5236,1.522,1.5138,0.010762,0.009911,0.009093,0.008681,52.50113,53.191197,1.752459,0.078732,1.221188,3,10,8,3,3,10,8,3,3,10,8,3,4,10,8,3,0.03808,0.06979,0.26108,0.28728,1,1,21:06:2023,08:39:59,38,-16.138167,-62.028,500.0,lev20,Almucantar,Concepcion,258,258.529398,0.9431,0.9357,0.9262,0.9167,52.50113,53.191197,1.752459,0.078732,1.221188,3,10,8,3,3,10,8,3,3,10,8,3,4,10,8,3,0.03808,0.06979,0.26108,0.28728,1,1,21:06:2023,08:39:59,38,-16.138167,-62.028,500.0,lev20,Almucantar,Concepcion,258,258.529398,0.06961,0.03961,0.026239,0.020268,1.420983,52.50113,53.191197,1.752459,0.078732,1.221188,3,10,8,3,3,10,8,3,3,10,8,3,4,10,8,3,0.03808,0.06979,0.26108,0.28728,1,1,21:06:2023,08:39:59,38,-16.138167,-62.028,500.0,lev20,Almucantar,1.811853265257021,0.9700669159333383,0.9756687392841417,BCL,Biomass,,Unknown
15:09:1998,19:29:43,Concepcion,258,258.812303,1.5405,0.7687,0.4335,0.2947,1.5231,0.7507,0.4152,0.2763,0.0174,0.018,0.0183,0.0184,1.837411,55.095785,54.402464,2.2379,0.049368,1.538,4,10,8,3,4,10,8,3,4,10,8,3,4,10,8,3,0.03888,0.07086,0.26445,0.28943,1,1,21:06:2023,08:22:11,38,-16.138167,-62.028,500.0,lev20,Almucantar,Concepcion,258,258.812303,1.538,0.767975,0.432823,0.294079,1.837162,55.095785,54.402464,2.2379,0.049368,1.538,4,10,8,3,4,10,8,3,4,10,8,3,4,10,8,3,0.03888,0.07086,0.26445,0.28943,1,1,21:06:2023,08:22:11,38,-16.138167,-62.028,500.0,lev20,Almucantar,Concepcion,258,258.812303,1.4761,1.5012,1.4995,1.4947,0.011288,0.010149,0.009474,0.0092,55.095785,54.402464,2.2379,0.049368,1.538,4,10,8,3,4,10,8,3,4,10,8,3,4,10,8,3,0.03888,0.07086,0.26445,0.28943,1,1,21:06:2023,08:22:11,38,-16.138167,-62.028,500.0,lev20,Almucantar,Concepcion,258,258.812303,0.9403,0.9336,0.9207,0.9089,55.095785,54.402464,2.2379,0.049368,1.538,4,10,8,3,4,10,8,3,4,10,8,3,4,10,8,3,0.03888,0.07086,0.26445,0.28943,1,1,21:06:2023,08:22:11,38,-16.138167,-62.028,500.0,lev20,Almucantar,Concepcion,258,258.812303,0.091988,0.051025,0.034376,0.026837,1.438641,55.095785,54.402464,2.2379,0.049368,1.538,4,10,8,3,4,10,8,3,4,10,8,3,4,10,8,3,0.03888,0.07086,0.26445,0.28943,1,1,21:06:2023,08:22:11,38,-16.138167,-62.028,500.0,lev20,Almucantar,1.8599620667562742,1.214511352859666,0.9846058183968636,BCL,Biomass,,Unknown
15:09:1998,19:55:43,Concepcion,258,258.830359,1.3807,0.6812,0.3855,0.2625,1.3631,0.6631,0.367,0.244,0.0176,0.0182,0.0184,0.0185,1.850504,61.147081,60.445415,5.354948,0.093127,1.378188,3,10,8,4,3,10,8,4,3,10,8,4,3,10,8,4,0.04096,0.07418,0.27773,0.30221,1,1,21:06:2023,08:24:43,38,-16.138167,-62.028,500.0,lev20,Almucantar,Concepcion,258,258.830359,1.378188,0.681564,0.38505,0.261215,1.849064,61.147081,60.445415,5.354948,0.093127,1.378188,3,10,8,4,3,10,8,4,3,10,8,4,3,10,8,4,0.04096,0.07418,0.27773,0.30221,1,1,21:06:2023,08:24:43,38,-16.138167,-62.028,500.0,lev20,Almucantar,Concepcion,258,258.830359,1.4735,1.5069,1.5109,1.5086,0.006722,0.006477,0.006363,0.006325,61.147081,60.445415,5.354948,0.093127,1.378188,3,10,8,4,3,10,8,4,3,10,8,4,3,10,8,4,0.04096,0.07418,0.27773,0.30221,1,1,21:06:2023,08:24:43,38,-16.138167,-62.028,500.0,lev20,Almucantar,Concepcion,258,258.830359,0.9619,0.9549,0.9437,0.9335,61.147081,60.445415,5.354948,0.093127,1.378188,3,10,8,4,3,10,8,4,3,10,8,4,3,10,8,4,0.04096,0.07418,0.27773,0.30221,1,1,21:06:2023,08:24:43,38,-16.138167,-62.028,500.0,lev20,Almucantar,Concepcion,258,258.830359,0.052626,0.030749,0.021699,0.017464,1.296593,61.147081,60.445415,5.354948,0.093127,1.378188,3,10,8,4,3,10,8,4,3,10,8,4,3,10,8,4,0.04096,0.07418,0.27773,0.30221,1,1,21:06:2023,08:24:43,38,-16.138167,-62.028,500.0,lev20,Almucantar,1.8714538794003548,1.0869290753160024,0.9824985663557178,FNA,Biomass,,Unknown
16:09:1998,12:15:22,Concepcion,259,259.510671,1.4879,0.7859,0.4949,0.3659,1.44,0.7362,0.4444,0.3154,0.048,0.0497,0.0504,0.0506,1.603724,58.525481,59.226363,3.377063,0.00678,1.484066,4,10,7,4,4,10,7,4,4,10,7,4,3,11,7,4,0.03981,0.07268,0.27321,0.29931,1,1,21:06:2023,08:30:09,38,-16.138167,-62.028,500.0,lev20,Almucantar,Concepcion,259,259.510671,1.484066,0.784692,0.493646,0.366329,1.603409,58.525481,59.226363,3.377063,0.00678,1.484066,4,10,7,4,4,10,7,4,4,10,7,4,3,11,7,4,0.03981,0.07268,0.27321,0.29931,1,1,21:06:2023,08:30:09,38,-16.138167,-62.028,500.0,lev20,Almucantar,Concepcion,259,259.510671,1.5221,1.5413,1.5498,1.5503,0.010513,0.009831,0.009533,0.009429,58.525481,59.226363,3.377063,0.00678,1.484066,4,10,7,4,4,10,7,4,4,10,7,4,3,11,7,4,0.03981,0.07268,0.27321,0.29931,1,1,21:06:2023,08:30:09,38,-16.138167,-62.028,500.0,lev20,Almucantar,Concepcion,259,259.510671,0.9375,0.9279,0.9158,0.9059,58.525481,59.226363,3.377063,0.00678,1.484066,4,10,7,4,4,10,7,4,4,10,7,4,3,11,7,4,0.03981,0.07268,0.27321,0.29931,1,1,21:06:2023,08:30:09,38,-16.138167,-62.028,500.0,lev20,Almucantar,Concepcion,259,259.510671,0.093001,0.056631,0.041662,0.034436,1.177459,58.525481,59.226363,3.377063,0.00678,1.484066,4,10,7,4,4,10,7,4,4,10,7,4,3,11,7,4,0.03981,0.07268,0.27321,0.29931,1,1,21:06:2023,08:30:09,38,-16.138167,-62.028,500.0,lev20,Almucantar,1.614691858181855,1.2104040453796867,0.9553762306061477,BCL,Biomass,,Unknown
17:09:1998,20:40:45,Concepcion,260,260.861632,1.5933,0.8585,0.5242,0.3776,1.5615,0.8257,0.4909,0.344,0.0318,0.0329,0.0334,0.0336,1.613145,71.688531,70.9768,2.661791,0.005821,1.589688,4,10,7,5,4,9,4,5,4,10,4,5,4,10,7,5,0.04638,0.08303,0.31269,0.33599,1,1,21:06:2023,08:36:59,38,-16.138167,-62.028,500.0,lev20,Almucantar,Concepcion,260,260.861632,1.589688,0.857787,0.523464,0.376873,1.611654,71.688531,70.9768,2.661791,0.005821,1.589688,4,10,7,5,4,9,4,5,4,10,4,5,4,10,7,5,0.04638,0.08303,0.31269,0.33599,1,1,21:06:2023,08:36:59,38,-16.138167,-62.028,500.0,lev20,Almucantar,Concepcion,260,260.861632,1.4863,1.5054,1.5059,1.5036,0.011723,0.010405,0.009911,0.009829,71.688531,70.9768,2.661791,0.005821,1.589688,4,10,7,5,4,9,4,5,4,10,4,5,4,10,7,5,0.04638,0.08303,0.31269,0.33599,1,1,21:06:2023,08:36:59,38,-16.138167,-62.028,500.0,lev20,Almucantar,Concepcion,260,260.861632,0.9347,0.931,0.9196,0.9086,71.688531,70.9768,2.661791,0.005821,1.589688,4,10,7,5,4,9,4,5,4,10,4,5,4,10,7,5,0.04638,0.08303,0.31269,0.33599,1,1,21:06:2023,08:36:59,38,-16.138167,-62.028,500.0,lev20,Almucantar,Concepcion,260,260.861632,0.10404,0.059223,0.042172,0.034528,1.32548,71.688531,70.9768,2.661791,0.005821,1.589688,4,10,7,5,4,9,4,5,4,10,4,5,4,10,7,5,0.04638,0.08303,0.31269,0.33599,1,1,21:06:2023,08:36:59,38,-16.138167,-62.028,500.0,lev20,Almucantar,1.6307161241742478,1.2934944047730295,0.9732546642685664,BCL,Biomass,,Unknown
21:09:1998,12:10:49,Concepcion,264,264.507512,0.1926,0.103,0.0653,0.0506,0.1759,0.0852,0.0463,0.0308,0.0167,0.0178,0.019,0.0197,1.575513,58.510866,59.218051,1.574167,0.321865,0.192634,4,10,7,4,4,10,7,4,4,10,7,4,3,11,7,4,0.03981,0.07268,0.27318,0.29929,1,1,21:06:2023,08:30:01,38,-16.138167,-62.028,500.0,lev20,Almucantar,Concepcion,264,264.507512,0.192634,0.105358,0.064958,0.045298,1.577077,58.510866,59.218051,1.574167,0.321865,0.192634,4,10,7,4,4,10,7,4,4,10,7,4,3,11,7,4,0.03981,0.07268,0.27318,0.29929,1,1,21:06:2023,08:30:01,38,-16.138167,-62.028,500.0,lev20,Almucantar,Concepcion,264,264.507512,1.4886499999999998,1.4983499999999998,1.49445,1.4877,0.009934499999999999,0.009741,0.009353,0.009031500000000001,58.510866,59.218051,1.574167,0.321865,0.192634,4,10,7,4,4,10,7,4,4,10,7,4,3,11,7,4,0.03981,0.07268,0.27318,0.29929,1,1,21:06:2023,08:30:01,38,-16.138167,-62.028,500.0,lev20,Almucantar,Concepcion,264,264.507512,0.94345,0.9300999999999999,0.91535,0.90325,58.510866,59.218051,1.574167,0.321865,0.192634,4,10,7,4,4,10,7,4,4,10,7,4,3,11,7,4,0.03981,0.07268,0.27318,0.29929,1,1,21:06:2023,08:30:01,38,-16.138167,-62.028,500.0,lev20,Almucantar,Concepcion,264,264.507512,0.044619000000000006,0.026867000000000002,0.018621,0.0148255,1.2629665,58.510866,59.218051,1.574167,0.321865,0.192634,4,10,7,4,4,10,7,4,4,10,7,4,3,11,7,4,0.03981,0.07268,0.27318,0.29929,1,1,21:06:2023,08:30:01,38,-16.138167,-62.028,500.0,lev20,Almucantar,1.5866130775374145,0.1572431605285735,0.8808460713243195,BCL,Maritime,,Unknown
21:09:1998,12:36:29,Concepcion,264,264.525336,0.1924,0.1033,0.0662,0.0509,0.1756,0.0851,0.0469,0.031,0.0169,0.0182,0.0193,0.0199,1.555193,52.491428,53.191749,1.754865,0.44875,0.191381,3,10,8,3,3,10,8,3,3,10,8,3,4,10,8,3,0.0381,0.06981,0.26109,0.28731,1,1,21:06:2023,08:31:37,38,-16.138167,-62.028,500.0,lev20,Almucantar,Concepcion,264,264.525336,0.191381,0.106385,0.06395,0.043375,1.585048,52.491428,53.191749,1.754865,0.44875,0.191381,3,10,8,3,3,10,8,3,3,10,8,3,4,10,8,3,0.0381,0.06981,0.26109,0.28731,1,1,21:06:2023,08:31:37,38,-16.138167,-62.028,500.0,lev20,Almucantar,Concepcion,264,264.525336,1.4886499999999998,1.4983499999999998,1.49445,1.4877,0.009934499999999999,0.009741,0.009353,0.009031500000000001,52.491428,53.191749,1.754865,0.44875,0.191381,3,10,8,3,3,10,8,3,3,10,8,3,4,10,8,3,0.0381,0.06981,0.26109,0.28731,1,1,21:06:2023,08:31:37,38,-16.138167,-62.028,500.0,lev20,Almucantar,Concepcion,264,264.525336,0.94345,0.9300999999999999,0.91535,0.90325,52.491428,53.191749,1.754865,0.44875,0.191381,3,10,8,3,3,10,8,3,3,10,8,3,4,10,8,3,0.0381,0.06981,0.26109,0.28731,1,1,21:06:2023,08:31:37,38,-16.138167,-62.028,500.0,lev20,Almucantar,Concepcion,264,264.525336,0.044619000000000006,0.026867000000000002,0.018621,0.0148255,1.2629665,52.491428,53.191749,1.754865,0.44875,0.191381,3,10,8,3,3,10,8,3,3,10,8,3,4,10,8,3,0.0381,0.06981,0.26109,0.28731,1,1,21:06:2023,08:31:37,38,-16.138167,-62.028,500.0,lev20,Almucantar,1.5650097498842228,0.15751427127932977,0.8786450534643809,BCL,Maritime,,Unknown
21:09:1998,19:31:17,Concepcion,264,264.813391,0.1468,0.0801,0.0527,0.0416,0.1314,0.0638,0.0354,0.0237,0.0154,0.0164,0.0173,0.0179,1.495455,55.122533,54.419864,2.217929,0.472211,0.14668,4,10,8,3,4,10,8,3,4,10,8,3,4,10,8,3,0.03891,0.07089,0.26452,0.28947,1,1,21:06:2023,08:33:09,38,-16.138167,-62.028,500.0,lev20,Almucantar,Concepcion,264,264.813391,0.14668,0.083158,0.047375,0.034589,1.62483,55.122533,54.419864,2.217929,0.472211,0.14668,4,10,8,3,4,10,8,3,4,10,8,3,4,10,8,3,0.03891,0.07089,0.26452,0.28947,1,1,21:06:2023,08:33:09,38,-16.138167,-62.028,500.0,lev20,Almucantar,Concepcion,264,264.813391,1.4886499999999998,1.4983499999999998,1.49445,1.4877,0.009934499999999999,0.009741,0.009353,0.009031500000000001,55.122533,54.419864,2.217929,0.472211,0.14668,4,10,8,3,4,10,8,3,4,10,8,3,4,10,8,3,0.03891,0.07089,0.26452,0.28947,1,1,21:06:2023,08:33:09,38,-16.138167,-62.028,500.0,lev20,Almucantar,Concepcion,264,264.813391,0.94345,0.9300999999999999,0.91535,0.90325,55.122533,54.419864,2.217929,0.472211,0.14668,4,10,8,3,4,10,8,3,4,10,8,3,4,10,8,3,0.03891,0.07089,0.26452,0.28947,1,1,21:06:2023,08:33:09,38,-16.138167,-62.028,500.0,lev20,Almucantar,Concepcion,264,264.813391,0.044619000000000006,0.026867000000000002,0.018621,0.0148255,1.2629665,55.122533,54.419864,2.217929,0.472211,0.14668,4,10,8,3,4,10,8,3,4,10,8,3,4,10,8,3,0.03891,0.07089,0.26452,0.28947,1,1,21:06:2023,08:33:09,38,-16.138167,-62.028,500.0,lev20,Almucantar,1.5027547053082202,0.12114266681690927,0.8562281202537498,BCL,Maritime,,Unknown
21:09:1998,19:56:58,Concepcion,264,264.831227,0.149,0.0806,0.0522,0.041,0.1338,0.0645,0.0351,0.0232,0.0152,0.0161,0.0171,0.0177,1.529655,61.168634,60.459943,1.910642,0.303464,0.149013,3,10,8,4,3,10,8,4,3,10,8,4,3,10,8,4,0.04097,0.0742,0.27779,0.30225,1,1,21:06:2023,08:34:41,38,-16.138167,-62.028,500.0,lev20,Almucantar,Concepcion,264,264.831227,0.149013,0.083105,0.049478,0.036495,1.592557,61.168634,60.459943,1.910642,0.303464,0.149013,3,10,8,4,3,10,8,4,3,10,8,4,3,10,8,4,0.04097,0.0742,0.27779,0.30225,1,1,21:06:2023,08:34:41,38,-16.138167,-62.028,500.0,lev20,Almucantar,Concepcion,264,264.831227,1.4886499999999998,1.4983499999999998,1.49445,1.4877,0.009934499999999999,0.009741,0.009353,0.009031500000000001,61.168634,60.459943,1.910642,0.303464,0.149013,3,10,8,4,3,10,8,4,3,10,8,4,3,10,8,4,0.04097,0.0742,0.27779,0.30225,1,1,21:06:2023,08:34:41,38,-16.138167,-62.028,500.0,lev20,Almucantar,Concepcion,264,264.831227,0.94345,0.9300999999999999,0.91535,0.90325,61.168634,60.459943,1.910642,0.303464,0.149013,3,10,8,4,3,10,8,4,3,10,8,4,3,10,8,4,0.04097,0.0742,0.27779,0.30225,1,1,21:06:2023,08:34:41,38,-16.138167,-62.028,500.0,lev20,Almucantar,Concepcion,264,264.831227,0.044619000000000006,0.026867000000000002,0.018621,0.0148255,1.2629665,61.168634,60.459943,1.910642,0.303464,0.149013,3,10,8,4,3,10,8,4,3,10,8,4,3,10,8,4,0.04097,0.0742,0.27779,0.30225,1,1,21:06:2023,08:34:41,38,-16.138167,-62.028,500.0,lev20,Almucantar,1.5385585612550159,0.12239667170976479,0.8605373033389488,BCL,Maritime,,Unknown
21:09:1998,20:41:22,Concepcion,264,264.86206,0.1504,0.0816,0.0519,0.0405,0.135,0.0653,0.0346,0.0225,0.0154,0.0163,0.0173,0.018,1.548772,71.708346,70.993964,2.095274,0.144393,0.150224,4,10,7,5,4,10,7,5,4,10,7,5,4,10,7,5,0.04686,0.0835,0.31319,0.33648,1,1,21:06:2023,08:36:07,38,-16.138167,-62.028,500.0,lev20,Almucantar,Concepcion,264,264.86206,0.150224,0.082593,0.051134,0.038569,1.563477,71.708346,70.993964,2.095274,0.144393,0.150224,4,10,7,5,4,10,7,5,4,10,7,5,4,10,7,5,0.04686,0.0835,0.31319,0.33648,1,1,21:06:2023,08:36:07,38,-16.138167,-62.028,500.0,lev20,Almucantar,Concepcion,264,264.86206,1.4886499999999998,1.4983499999999998,1.49445,1.4877,0.009934499999999999,0.009741,0.009353,0.009031500000000001,71.708346,70.993964,2.095274,0.144393,0.150224,4,10,7,5,4,10,7,5,4,10,7,5,4,10,7,5,0.04686,0.0835,0.31319,0.33648,1,1,21:06:2023,08:36:07,38,-16.138167,-62.028,500.0,lev20,Almucantar,Concepcion,264,264.86206,0.94345,0.9300999999999999,0.91535,0.90325,71.708346,70.993964,2.095274,0.144393,0.150224,4,10,7,5,4,10,7,5,4,10,7,5,4,10,7,5,0.04686,0.0835,0.31319,0.33648,1,1,21:06:2023,08:36:07,38,-16.138167,-62.028,500.0,lev20,Almucantar,Concepcion,264,264.86206,0.044619000000000006,0.026867000000000002,0.018621,0.0148255,1.2629665,71.708346,70.993964,2.095274,0.144393,0.150224,4,10,7,5,4,10,7,5,4,10,7,5,4,10,7,5,0.04686,0.0835,0.31319,0.33648,1,1,21:06:2023,08:36:07,38,-16.138167,-62.028,500.0,lev20,Almucantar,1.5607316585458677,0.12319701495956867,0.8612898850910607,BCL,Maritime,,Unknown
22:09:1998,11:04:37,Concepcion,265,265.461539,0.2155,0.1066,0.063,0.0448,0.2044,0.0949,0.0504,0.0315,0.0111,0.0117,0.0126,0.0133,1.789466,74.026144,74.741733,1.859191,0.090983,0.215575,4,10,7,5,4,10,7,5,4,10,7,5,4,10,7,5,0.05301,0.08997,0.33766,0.36218,1,1,21:06:2023,08:26:57,38,-16.138167,-62.028,500.0,lev20,Almucantar,Concepcion,265,265.461539,0.215575,0.106952,0.063,0.04397,1.789197,74.026144,74.741733,1.859191,0.090983,0.215575,4,10,7,5,4,10,7,5,4,10,7,5,4,10,7,5,0.05301,0.08997,0.33766,0.36218,1,1,21:06:2023,08:26:57,38,-16.138167,-62.028,500.0,lev20,Almucantar,Concepcion,265,265.461539,1.4886499999999998,1.4983499999999998,1.49445,1.4877,0.009934499999999999,0.009741,0.009353,0.009031500000000001,74.026144,74.741733,1.859191,0.090983,0.215575,4,10,7,5,4,10,7,5,4,10,7,5,4,10,7,5,0.05301,0.08997,0.33766,0.36218,1,1,21:06:2023,08:26:57,38,-16.138167,-62.028,500.0,lev20,Almucantar,Concepcion,265,265.461539,0.94345,0.9300999999999999,0.91535,0.90325,74.026144,74.741733,1.859191,0.090983,0.215575,4,10,7,5,4,10,7,5,4,10,7,5,4,10,7,5,0.05301,0.08997,0.33766,0.36218,1,1,21:06:2023,08:26:57,38,-16.138167,-62.028,500.0,lev20,Almucantar,Concepcion,265,265.461539,0.044619000000000006,0.026867000000000002,0.018621,0.0148255,1.2629665,74.026144,74.741733,1.859191,0.090983,0.215575,4,10,7,5,4,10,7,5,4,10,7,5,4,10,7,5,0.05301,0.08997,0.33766,0.36218,1,1,21:06:2023,08:26:57,38,-16.138167,-62.028,500.0,lev20,Almucantar,1.8040088551037985,0.1711171441316579,0.9309374458490017,BCL,Unclassified,,Unknown
22:09:1998,11:25:29,Concepcion,265,265.47603,0.223,0.1096,0.0647,0.0464,0.2114,0.0975,0.0516,0.0325,0.0116,0.0121,0.0131,0.0139,1.801026,69.051932,69.766469,1.795227,0.142914,0.222974,4,10,7,5,4,10,7,5,4,10,7,5,4,10,7,5,0.049,0.08378,0.3142,0.33865,1,1,21:06:2023,08:28:47,38,-16.138167,-62.028,500.0,lev20,Almucantar,Concepcion,265,265.47603,0.222974,0.110475,0.064613,0.044421,1.80065,69.051932,69.766469,1.795227,0.142914,0.222974,4,10,7,5,4,10,7,5,4,10,7,5,4,10,7,5,0.049,0.08378,0.3142,0.33865,1,1,21:06:2023,08:28:47,38,-16.138167,-62.028,500.0,lev20,Almucantar,Concepcion,265,265.47603,1.4886499999999998,1.4983499999999998,1.49445,1.4877,0.009934499999999999,0.009741,0.009353,0.009031500000000001,69.051932,69.766469,1.795227,0.142914,0.222974,4,10,7,5,4,10,7,5,4,10,7,5,4,10,7,5,0.049,0.08378,0.3142,0.33865,1,1,21:06:2023,08:28:47,38,-16.138167,-62.028,500.0,lev20,Almucantar,Concepcion,265,265.47603,0.94345,0.9300999999999999,0.91535,0.90325,69.051932,69.766469,1.795227,0.142914,0.222974,4,10,7,5,4,10,7,5,4,10,7,5,4,10,7,5,0.049,0.08378,0.3142,0.33865,1,1,21:06:2023,08:28:47,38,-16.138167,-62.028,500.0,lev20,Almucantar,Concepcion,265,265.47603,0.044619000000000006,0.026867000000000002,0.018621,0.0148255,1.2629665,69.051932,69.766469,1.795227,0.142914,0.222974,4,10,7,5,4,10,7,5,4,10,7,5,4,10,7,5,0.049,0.08378,0.3142,0.33865,1,1,21:06:2023,08:28:47,38,-16.138167,-62.028,500.0,lev20,Almucantar,1.8151342491936007,0.17682084425827707,0.9303381898443881,BCL,Unclassified,,Unknown
22:09:1998,12:09:54,Concepcion,265,265.506875,0.2341,0.1151,0.068,0.049,0.2228,0.1033,0.0554,0.0357,0.0112,0.0118,0.0127,0.0133,1.799393,58.515234,59.223536,1.731986,0.291635,0.233906,4,10,7,4,4,10,7,4,4,10,7,4,3,11,7,4,0.04345,0.07522,0.28106,0.30552,1,1,21:06:2023,08:30:09,38,-16.138167,-62.028,500.0,lev20,Almucantar,Concepcion,265,265.506875,0.233906,0.116865,0.066988,0.044141,1.814027,58.515234,59.223536,1.731986,0.291635,0.233906,4,10,7,4,4,10,7,4,4,10,7,4,3,11,7,4,0.04345,0.07522,0.28106,0.30552,1,1,21:06:2023,08:30:09,38,-16.138167,-62.028,500.0,lev20,Almucantar,Concepcion,265,265.506875,1.4886499999999998,1.4983499999999998,1.49445,1.4877,0.009934499999999999,0.009741,0.009353,0.009031500000000001,58.515234,59.223536,1.731986,0.291635,0.233906,4,10,7,4,4,10,7,4,4,10,7,4,3,11,7,4,0.04345,0.07522,0.28106,0.30552,1,1,21:06:2023,08:30:09,38,-16.138167,-62.028,500.0,lev20,Almucantar,Concepcion,265,265.506875,0.94345,0.9300999999999999,0.91535,0.90325,58.515234,59.223536,1.731986,0.291635,0.233906,4,10,7,4,4,10,7,4,4,10,7,4,3,11,7,4,0.04345,0.07522,0.28106,0.30552,1,1,21:06:2023,08:30:09,38,-16.138167,-62.028,500.0,lev20,Almucantar,Concepcion,265,265.506875,0.044619000000000006,0.026867000000000002,0.018621,0.0148255,1.2629665,58.515234,59.223536,1.731986,0.291635,0.233906,4,10,7,4,4,10,7,4,4,10,7,4,3,11,7,4,0.04345,0.07522,0.28106,0.30552,1,1,21:06:2023,08:30:09,38,-16.138167,-62.028,500.0,lev20,Almucantar,1.8134181439995951,0.1856629659831128,0.9343798843868378,BCL,Unclassified,,Unknown
22:09:1998,12:35:31,Concepcion,265,265.524664,0.2391,0.1185,0.07,0.0508,0.2276,0.1062,0.0568,0.037,0.0115,0.0122,0.0132,0.0138,1.787103,52.496203,53.198033,1.724522,0.391188,0.23869,3,10,8,3,3,10,8,3,3,10,8,3,4,10,8,3,0.04149,0.07215,0.26858,0.29312,1,1,21:06:2023,08:31:37,38,-16.138167,-62.028,500.0,lev20,Almucantar,Concepcion,265,265.524664,0.23869,0.122263,0.069297,0.04451,1.789947,52.496203,53.198033,1.724522,0.391188,0.23869,3,10,8,3,3,10,8,3,3,10,8,3,4,10,8,3,0.04149,0.07215,0.26858,0.29312,1,1,21:06:2023,08:31:37,38,-16.138167,-62.028,500.0,lev20,Almucantar,Concepcion,265,265.524664,1.4886499999999998,1.4983499999999998,1.49445,1.4877,0.009934499999999999,0.009741,0.009353,0.009031500000000001,52.496203,53.198033,1.724522,0.391188,0.23869,3,10,8,3,3,10,8,3,3,10,8,3,4,10,8,3,0.04149,0.07215,0.26858,0.29312,1,1,21:06:2023,08:31:37,38,-16.138167,-62.028,500.0,lev20,Almucantar,Concepcion,265,265.524664,0.94345,0.9300999999999999,0.91535,0.90325,52.496203,53.198033,1.724522,0.391188,0.23869,3,10,8,3,3,10,8,3,3,10,8,3,4,10,8,3,0.04149,0.07215,0.26858,0.29312,1,1,21:06:2023,08:31:37,38,-16.138167,-62.028,500.0,lev20,Almucantar,Concepcion,265,265.524664,0.044619000000000006,0.026867000000000002,0.018621,0.0148255,1.2629665,52.496203,53.198033,1.724522,0.391188,0.23869,3,10,8,3,3,10,8,3,3,10,8,3,4,10,8,3,0.04149,0.07215,0.26858,0.29312,1,1,21:06:2023,08:31:37,38,-16.138167,-62.028,500.0,lev20,Almucantar,1.8018972052518711,0.18990791173767504,0.9330940466302231,BCL,Unclassified,,Unknown
22:09:1998,19:31:29,Concepcion,265,265.81353,0.3938,0.1942,0.1112,0.0789,0.3793,0.1787,0.0946,0.0616,0.0146,0.0155,0.0166,0.0173,1.835787,55.11879,54.414771,2.24924,0.260157,0.393746,4,10,8,3,4,10,8,3,4,10,8,3,4,10,8,3,0.04241,0.07329,0.27209,0.29534,1,1,21:06:2023,08:33:10,38,-16.138167,-62.028,500.0,lev20,Almucantar,Concepcion,265,265.81353,0.393746,0.196317,0.108766,0.075478,1.861959,55.11879,54.414771,2.24924,0.260157,0.393746,4,10,8,3,4,10,8,3,4,10,8,3,4,10,8,3,0.04241,0.07329,0.27209,0.29534,1,1,21:06:2023,08:33:10,38,-16.138167,-62.028,500.0,lev20,Almucantar,Concepcion,265,265.81353,1.4886499999999998,1.4983499999999998,1.49445,1.4877,0.009934499999999999,0.009741,0.009353,0.009031500000000001,55.11879,54.414771,2.24924,0.260157,0.393746,4,10,8,3,4,10,8,3,4,10,8,3,4,10,8,3,0.04241,0.07329,0.27209,0.29534,1,1,21:06:2023,08:33:10,38,-16.138167,-62.028,500.0,lev20,Almucantar,Concepcion,265,265.81353,0.94345,0.9300999999999999,0.91535,0.90325,55.11879,54.414771,2.24924,0.260157,0.393746,4,10,8,3,4,10,8,3,4,10,8,3,4,10,8,3,0.04241,0.07329,0.27209,0.29534,1,1,21:06:2023,08:33:10,38,-16.138167,-62.028,500.0,lev20,Almucantar,Concepcion,265,265.81353,0.044619000000000006,0.026867000000000002,0.018621,0.0148255,1.2629665,55.11879,54.414771,2.24924,0.260157,0.393746,4,10,8,3,4,10,8,3,4,10,8,3,4,10,8,3,0.04241,0.07329,0.27209,0.29534,1,1,21:06:2023,08:33:10,38,-16.138167,-62.028,500.0,lev20,Almucantar,1.8548899768760645,0.3106684687447133,0.9491686323309005,BCL,Urban,,Unknown
22:09:1998,19:57:06,Concepcion,265,265.831319,0.4282,0.2089,0.1197,0.085,0.4129,0.1926,0.1022,0.0668,0.0153,0.0163,0.0175,0.0182,1.851706,61.158954,60.44927,2.290373,0.177304,0.427979,3,10,8,4,3,10,8,4,3,10,8,4,3,10,8,4,0.04475,0.07682,0.28576,0.30852,1,1,21:06:2023,08:34:49,38,-16.138167,-62.028,500.0,lev20,Almucantar,Concepcion,265,265.831319,0.427979,0.210199,0.118595,0.082665,1.861545,61.158954,60.44927,2.290373,0.177304,0.427979,3,10,8,4,3,10,8,4,3,10,8,4,3,10,8,4,0.04475,0.07682,0.28576,0.30852,1,1,21:06:2023,08:34:49,38,-16.138167,-62.028,500.0,lev20,Almucantar,Concepcion,265,265.831319,1.4533,1.4833,1.4816,1.4788,0.007783,0.007788,0.007381,0.007259,61.158954,60.44927,2.290373,0.177304,0.427979,3,10,8,4,3,10,8,4,3,10,8,4,3,10,8,4,0.04475,0.07682,0.28576,0.30852,1,1,21:06:2023,08:34:49,38,-16.138167,-62.028,500.0,lev20,Almucantar,Concepcion,265,265.831319,0.9516,0.939,0.9262,0.9161,61.158954,60.44927,2.290373,0.177304,0.427979,3,10,8,4,3,10,8,4,3,10,8,4,3,10,8,4,0.04475,0.07682,0.28576,0.30852,1,1,21:06:2023,08:34:49,38,-16.138167,-62.028,500.0,lev20,Almucantar,Concepcion,265,265.831319,0.020739,0.012733,0.008829,0.007132,1.242362,61.158954,60.44927,2.290373,0.177304,0.427979,3,10,8,4,3,10,8,4,3,10,8,4,3,10,8,4,0.04475,0.07682,0.28576,0.30852,1,1,21:06:2023,08:34:49,38,-16.138167,-62.028,500.0,lev20,Almucantar,1.8696893103678272,0.3371681232283229,0.950290933587942,FNA,Urban,,Unknown
22:09:1998,20:41:27,Concepcion,265,265.862118,0.4631,0.2249,0.1298,0.0916,0.4465,0.2073,0.1108,0.0715,0.0166,0.0176,0.019,0.02,1.849347,71.69784,70.9829,1.678144,0.044356,0.462865,4,10,7,5,4,10,7,5,4,10,7,5,4,10,7,5,0.05141,0.0867,0.32229,0.34388,1,1,21:06:2023,08:36:39,38,-16.138167,-62.028,500.0,lev20,Almucantar,Concepcion,265,265.862118,0.462865,0.224953,0.129372,0.090755,1.852837,71.69784,70.9829,1.678144,0.044356,0.462865,4,10,7,5,4,10,7,5,4,10,7,5,4,10,7,5,0.05141,0.0867,0.32229,0.34388,1,1,21:06:2023,08:36:39,38,-16.138167,-62.028,500.0,lev20,Almucantar,Concepcion,265,265.862118,1.4892,1.5033,1.498,1.4892,0.011019,0.01102,0.01024,0.009916,71.69784,70.9829,1.678144,0.044356,0.462865,4,10,7,5,4,10,7,5,4,10,7,5,4,10,7,5,0.05141,0.0867,0.32229,0.34388,1,1,21:06:2023,08:36:39,38,-16.138167,-62.028,500.0,lev20,Almucantar,Concepcion,265,265.862118,0.9385,0.9225,0.9075,0.8952,71.69784,70.9829,1.678144,0.044356,0.462865,4,10,7,5,4,10,7,5,4,10,7,5,4,10,7,5,0.05141,0.0867,0.32229,0.34388,1,1,21:06:2023,08:36:39,38,-16.138167,-62.028,500.0,lev20,Almucantar,Concepcion,265,265.862118,0.028477,0.017437,0.012006,0.009595,1.255773,71.69784,70.9829,1.678144,0.044356,0.462865,4,10,7,5,4,10,7,5,4,10,7,5,4,10,7,5,0.05141,0.0867,0.32229,0.34388,1,1,21:06:2023,08:36:39,38,-16.138167,-62.028,500.0,lev20,Almucantar,1.8657968614547473,0.3648301526716702,0.951089844181935,BCL,Urban,,Unknown
22:09:1998,21:02:23,Concepcion,265,265.876655,0.4702,0.2275,0.132,0.0929,0.4533,0.2098,0.113,0.0728,0.0169,0.0178,0.0191,0.0201,1.848176,76.688464,75.973326,1.611052,0.017948,0.470048,4,10,7,5,4,10,7,5,4,10,7,5,4,10,7,5,0.05631,0.09395,0.34853,0.36932,1,1,21:06:2023,08:21:57,38,-16.138167,-62.028,500.0,lev20,Almucantar,Concepcion,265,265.876655,0.470048,0.227412,0.131606,0.092773,1.851689,76.688464,75.973326,1.611052,0.017948,0.470048,4,10,7,5,4,10,7,5,4,10,7,5,4,10,7,5,0.05631,0.09395,0.34853,0.36932,1,1,21:06:2023,08:21:57,38,-16.138167,-62.028,500.0,lev20,Almucantar,Concepcion,265,265.876655,1.5255,1.522,1.5116,1.499,0.013349,0.014401,0.013541,0.012887,76.688464,75.973326,1.611052,0.017948,0.470048,4,10,7,5,4,10,7,5,4,10,7,5,4,10,7,5,0.05631,0.09395,0.34853,0.36932,1,1,21:06:2023,08:21:57,38,-16.138167,-62.028,500.0,lev20,Almucantar,Concepcion,265,265.876655,0.93,0.9054,0.8879,0.8753,76.688464,75.973326,1.611052,0.017948,0.470048,4,10,7,5,4,10,7,5,4,10,7,5,4,10,7,5,0.05631,0.09395,0.34853,0.36932,1,1,21:06:2023,08:21:57,38,-16.138167,-62.028,500.0,lev20,Almucantar,Concepcion,265,265.876655,0.032911,0.021532,0.014803,0.01159,1.154388,76.688464,75.973326,1.611052,0.017948,0.470048,4,10,7,5,4,10,7,5,4,10,7,5,4,10,7,5,0.05631,0.09395,0.34853,0.36932,1,1,21:06:2023,08:21:57,38,-16.138167,-62.028,500.0,lev20,Almucantar,1.8634615929637746,0.3705341295354706,0.9512486311679446,BCL,Urban,,Unknown
23:09:1998,11:03:47,Concepcion,266,266.460961,0.8901,0.442,0.2583,0.178,0.8769,0.4283,0.2444,0.1639,0.0132,0.0137,0.0139,0.0141,1.798214,74.028876,74.7449,2.240597,0.014083,0.889887,4,10,7,5,4,10,7,5,4,10,7,5,4,10,7,5,0.05358,0.09056,0.33832,0.36286,1,1,21:06:2023,08:31:05,38,-16.138167,-62.028,500.0,lev20,Almucantar,Concepcion,266,266.460961,0.889887,0.441677,0.257752,0.177902,1.800811,74.028876,74.7449,2.240597,0.014083,0.889887,4,10,7,5,4,10,7,5,4,10,7,5,4,10,7,5,0.05358,0.09056,0.33832,0.36286,1,1,21:06:2023,08:31:05,38,-16.138167,-62.028,500.0,lev20,Almucantar,Concepcion,266,266.460961,1.4922,1.4979,1.4916,1.4787,0.013465,0.015083,0.015479,0.015351,74.028876,74.7449,2.240597,0.014083,0.889887,4,10,7,5,4,10,7,5,4,10,7,5,4,10,7,5,0.05358,0.09056,0.33832,0.36286,1,1,21:06:2023,08:31:05,38,-16.138167,-62.028,500.0,lev20,Almucantar,Concepcion,266,266.460961,0.9296,0.9037,0.8772,0.8564,74.028876,74.7449,2.240597,0.014083,0.889887,4,10,7,5,4,10,7,5,4,10,7,5,4,10,7,5,0.05358,0.09056,0.33832,0.36286,1,1,21:06:2023,08:31:05,38,-16.138167,-62.028,500.0,lev20,Almucantar,Concepcion,266,266.460961,0.062639,0.042564,0.031716,0.02556,0.989487,74.028876,74.7449,2.240597,0.014083,0.889887,4,10,7,5,4,10,7,5,4,10,7,5,4,10,7,5,0.05358,0.09056,0.33832,0.36286,1,1,21:06:2023,08:31:05,38,-16.138167,-62.028,500.0,lev20,Almucantar,1.8148431406280912,0.7058030965600547,0.9795948247134222,BCL,Biomass,,Unknown
23:09:1998,11:24:40,Concepcion,266,266.475463,0.883,0.4383,0.256,0.1764,0.8645,0.4192,0.2361,0.1558,0.0185,0.0191,0.0199,0.0206,1.799542,69.047024,69.76216,0.985531,0.0125,0.88273,4,10,7,5,4,10,7,5,4,10,7,5,4,10,7,5,0.04916,0.08396,0.3144,0.33885,1,1,21:06:2023,08:34:22,38,-16.138167,-62.028,500.0,lev20,Almucantar,Concepcion,266,266.475463,0.88273,0.437878,0.255431,0.176171,1.802225,69.047024,69.76216,0.985531,0.0125,0.88273,4,10,7,5,4,10,7,5,4,10,7,5,4,10,7,5,0.04916,0.08396,0.3144,0.33885,1,1,21:06:2023,08:34:22,38,-16.138167,-62.028,500.0,lev20,Almucantar,Concepcion,266,266.475463,1.5024,1.5075,1.5031,1.4922,0.013885,0.015684,0.015172,0.014178,69.047024,69.76216,0.985531,0.0125,0.88273,4,10,7,5,4,10,7,5,4,10,7,5,4,10,7,5,0.04916,0.08396,0.3144,0.33885,1,1,21:06:2023,08:34:22,38,-16.138167,-62.028,500.0,lev20,Almucantar,Concepcion,266,266.475463,0.9285,0.9007,0.8814,0.87,69.047024,69.76216,0.985531,0.0125,0.88273,4,10,7,5,4,10,7,5,4,10,7,5,4,10,7,5,0.04916,0.08396,0.3144,0.33885,1,1,21:06:2023,08:34:22,38,-16.138167,-62.028,500.0,lev20,Almucantar,Concepcion,266,266.475463,0.063173,0.04351,0.030351,0.022927,1.055081,69.047024,69.76216,0.985531,0.0125,0.88273,4,10,7,5,4,10,7,5,4,10,7,5,4,10,7,5,0.04916,0.08396,0.3144,0.33885,1,1,21:06:2023,08:34:22,38,-16.138167,-62.028,500.0,lev20,Almucantar,1.8162156136976284,0.7000503320003054,0.9718189500111246,BCL,Biomass,,Unknown
23:09:1998,12:08:59,Concepcion,266,266.506238,0.896,0.4473,0.2601,0.1781,0.8733,0.4233,0.2344,0.1514,0.0227,0.024,0.0256,0.0268,1.796456,58.521758,59.231127,2.053778,0.090383,0.895796,4,10,7,4,4,10,7,4,4,10,7,4,3,11,7,4,0.04343,0.07519,0.28104,0.30551,1,1,21:06:2023,08:37:11,38,-16.138167,-62.028,500.0,lev20,Almucantar,Concepcion,266,266.506238,0.895796,0.447146,0.259765,0.177097,1.797879,58.521758,59.231127,2.053778,0.090383,0.895796,4,10,7,4,4,10,7,4,4,10,7,4,3,11,7,4,0.04343,0.07519,0.28104,0.30551,1,1,21:06:2023,08:37:11,38,-16.138167,-62.028,500.0,lev20,Almucantar,Concepcion,266,266.506238,1.4976,1.5087,1.5075,1.4965,0.013686,0.014094,0.013084,0.012529,58.521758,59.231127,2.053778,0.090383,0.895796,4,10,7,4,4,10,7,4,4,10,7,4,3,11,7,4,0.04343,0.07519,0.28104,0.30551,1,1,21:06:2023,08:37:11,38,-16.138167,-62.028,500.0,lev20,Almucantar,Concepcion,266,266.506238,0.9297,0.9116,0.8976,0.8835,58.521758,59.231127,2.053778,0.090383,0.895796,4,10,7,4,4,10,7,4,4,10,7,4,3,11,7,4,0.04343,0.07519,0.28104,0.30551,1,1,21:06:2023,08:37:11,38,-16.138167,-62.028,500.0,lev20,Almucantar,Concepcion,266,266.506238,0.063015,0.039524,0.026621,0.020746,1.247176,58.521758,59.231127,2.053778,0.090383,0.895796,4,10,7,4,4,10,7,4,4,10,7,4,3,11,7,4,0.04343,0.07519,0.28104,0.30551,1,1,21:06:2023,08:37:11,38,-16.138167,-62.028,500.0,lev20,Almucantar,1.8143475176541928,0.7105265058144504,0.9660210475100083,BCL,Biomass,,Unknown
23:09:1998,12:34:35,Concepcion,266,266.524016,0.8233,0.4124,0.2408,0.1683,0.7946,0.3822,0.2087,0.1349,0.0287,0.0302,0.0321,0.0334,1.785741,52.495827,53.199099,2.957494,0.239833,0.822433,3,10,8,3,3,10,8,3,3,10,8,3,4,10,8,3,0.04147,0.07212,0.26855,0.2931,1,1,21:06:2023,08:38:58,38,-16.138167,-62.028,500.0,lev20,Almucantar,Concepcion,266,266.524016,0.822433,0.412741,0.240043,0.164298,1.788026,52.495827,53.199099,2.957494,0.239833,0.822433,3,10,8,3,3,10,8,3,3,10,8,3,4,10,8,3,0.04147,0.07212,0.26855,0.2931,1,1,21:06:2023,08:38:58,38,-16.138167,-62.028,500.0,lev20,Almucantar,Concepcion,266,266.524016,1.4912,1.5195,1.5216,1.5141,0.008689,0.008029,0.007572,0.007402,52.495827,53.199099,2.957494,0.239833,0.822433,3,10,8,3,3,10,8,3,3,10,8,3,4,10,8,3,0.04147,0.07212,0.26855,0.2931,1,1,21:06:2023,08:38:58,38,-16.138167,-62.028,500.0,lev20,Almucantar,Concepcion,266,266.524016,0.9494,0.9421,0.9313,0.921,52.495827,53.199099,2.957494,0.239833,0.822433,3,10,8,3,3,10,8,3,3,10,8,3,4,10,8,3,0.04147,0.07212,0.26855,0.2931,1,1,21:06:2023,08:38:58,38,-16.138167,-62.028,500.0,lev20,Almucantar,Concepcion,266,266.524016,0.041684,0.023866,0.016548,0.013289,1.351408,52.495827,53.199099,2.957494,0.239833,0.822433,3,10,8,3,3,10,8,3,3,10,8,3,4,10,8,3,0.04147,0.07212,0.26855,0.2931,1,1,21:06:2023,08:38:58,38,-16.138167,-62.028,500.0,lev20,Almucantar,1.803316131797729,0.6537968480302153,0.9530721555939146,BCL,Arid,,Unknown
23:09:1998,19:31:42,Concepcion,266,266.813681,0.8552,0.4254,0.2435,0.1704,0.8315,0.4003,0.2166,0.1424,0.0237,0.0251,0.0269,0.028,1.822753,55.120518,54.415199,2.113165,0.09189,0.854144,4,10,8,3,4,10,8,3,4,10,8,3,4,10,8,3,0.04242,0.0733,0.27209,0.29534,1,1,21:06:2023,08:40:48,38,-16.138167,-62.028,500.0,lev20,Almucantar,Concepcion,266,266.813681,0.854144,0.425638,0.242652,0.168772,1.82527,55.120518,54.415199,2.113165,0.09189,0.854144,4,10,8,3,4,10,8,3,4,10,8,3,4,10,8,3,0.04242,0.0733,0.27209,0.29534,1,1,21:06:2023,08:40:48,38,-16.138167,-62.028,500.0,lev20,Almucantar,Concepcion,266,266.813681,1.478,1.5063,1.5051,1.502,0.010606,0.009705,0.008934,0.008664,55.120518,54.415199,2.113165,0.09189,0.854144,4,10,8,3,4,10,8,3,4,10,8,3,4,10,8,3,0.04242,0.0733,0.27209,0.29534,1,1,21:06:2023,08:40:48,38,-16.138167,-62.028,500.0,lev20,Almucantar,Concepcion,266,266.813681,0.9403,0.9312,0.9207,0.9106,55.120518,54.415199,2.113165,0.09189,0.854144,4,10,8,3,4,10,8,3,4,10,8,3,4,10,8,3,0.04242,0.0733,0.27209,0.29534,1,1,21:06:2023,08:40:48,38,-16.138167,-62.028,500.0,lev20,Almucantar,Concepcion,266,266.813681,0.051098,0.029268,0.019315,0.015235,1.415681,55.120518,54.415199,2.113165,0.09189,0.854144,4,10,8,3,4,10,8,3,4,10,8,3,4,10,8,3,0.04242,0.0733,0.27209,0.29534,1,1,21:06:2023,08:40:48,38,-16.138167,-62.028,500.0,lev20,Almucantar,1.8427231259162284,0.6757166624320161,0.9622759721419235,BCL,Arid,,Unknown
23:09:1998,19:57:17,Concepcion,266,266.831447,0.8461,0.4179,0.2396,0.1667,0.8241,0.3944,0.2145,0.1405,0.022,0.0234,0.0251,0.0262,1.831663,61.162194,60.451557,1.751454,0.071257,0.845601,3,10,8,4,3,10,8,4,3,10,8,4,3,10,8,4,0.04475,0.07682,0.28577,0.30852,1,1,21:06:2023,08:42:52,38,-16.138167,-62.028,500.0,lev20,Almucantar,Concepcion,266,266.831447,0.845601,0.41792,0.239101,0.165598,1.833468,61.162194,60.451557,1.751454,0.071257,0.845601,3,10,8,4,3,10,8,4,3,10,8,4,3,10,8,4,0.04475,0.07682,0.28577,0.30852,1,1,21:06:2023,08:42:52,38,-16.138167,-62.028,500.0,lev20,Almucantar,Concepcion,266,266.831447,1.4754,1.5046,1.5062,1.5024,0.012598,0.01222,0.011012,0.010604,61.162194,60.451557,1.751454,0.071257,0.845601,3,10,8,4,3,10,8,4,3,10,8,4,3,10,8,4,0.04475,0.07682,0.28577,0.30852,1,1,21:06:2023,08:42:52,38,-16.138167,-62.028,500.0,lev20,Almucantar,Concepcion,266,266.831447,0.9314,0.9178,0.9053,0.8927,61.162194,60.451557,1.751454,0.071257,0.845601,3,10,8,4,3,10,8,4,3,10,8,4,3,10,8,4,0.04475,0.07682,0.28577,0.30852,1,1,21:06:2023,08:42:52,38,-16.138167,-62.028,500.0,lev20,Almucantar,Concepcion,266,266.831447,0.058004,0.034339,0.022683,0.017894,1.362897,61.162194,60.451557,1.751454,0.071257,0.845601,3,10,8,4,3,10,8,4,3,10,8,4,3,10,8,4,0.04475,0.07682,0.28577,0.30852,1,1,21:06:2023,08:42:52,38,-16.138167,-62.028,500.0,lev20,Almucantar,1.850715094188993,0.6678438613600008,0.9644225098960865,BCL,Arid,,Unknown
23:09:1998,20:41:36,Concepcion,266,266.862222,0.823,0.407,0.2361,0.1638,0.8051,0.3884,0.2168,0.1438,0.018,0.0185,0.0193,0.02,1.814323,71.703653,70.988191,1.03647,0.009457,0.822476,4,10,7,5,4,10,7,5,4,10,7,5,4,10,7,5,0.05127,0.08657,0.32215,0.34378,1,1,21:06:2023,08:22:06,38,-16.138167,-62.028,500.0,lev20,Almucantar,Concepcion,266,266.862222,0.822476,0.406722,0.235534,0.164107,1.816652,71.703653,70.988191,1.03647,0.009457,0.822476,4,10,7,5,4,10,7,5,4,10,7,5,4,10,7,5,0.05127,0.08657,0.32215,0.34378,1,1,21:06:2023,08:22:06,38,-16.138167,-62.028,500.0,lev20,Almucantar,Concepcion,266,266.862222,1.4698,1.4953,1.4969,1.4915,0.013732,0.014532,0.013666,0.012689,71.703653,70.988191,1.03647,0.009457,0.822476,4,10,7,5,4,10,7,5,4,10,7,5,4,10,7,5,0.05127,0.08657,0.32215,0.34378,1,1,21:06:2023,08:22:06,38,-16.138167,-62.028,500.0,lev20,Almucantar,Concepcion,266,266.862222,0.9248,0.9017,0.8846,0.8739,71.703653,70.988191,1.03647,0.009457,0.822476,4,10,7,5,4,10,7,5,4,10,7,5,4,10,7,5,0.05127,0.08657,0.32215,0.34378,1,1,21:06:2023,08:22:06,38,-16.138167,-62.028,500.0,lev20,Almucantar,Concepcion,266,266.862222,0.061916,0.040022,0.027237,0.020662,1.186569,71.703653,70.988191,1.03647,0.009457,0.822476,4,10,7,5,4,10,7,5,4,10,7,5,4,10,7,5,0.05127,0.08657,0.32215,0.34378,1,1,21:06:2023,08:22:06,38,-16.138167,-62.028,500.0,lev20,Almucantar,1.8316956112295815,0.6511918993994061,0.9704573557603445,BCL,Arid,,Unknown
23:09:1998,21:02:29,Concepcion,266,266.876725,0.787,0.39,0.227,0.1577,0.7735,0.376,0.2128,0.1434,0.0135,0.014,0.0142,0.0144,1.806691,76.685339,75.969838,2.350903,0.008614,0.786235,4,10,7,5,4,10,7,5,4,10,7,5,4,10,7,5,0.05603,0.09368,0.34825,0.36905,1,1,21:06:2023,08:24:30,38,-16.138167,-62.028,500.0,lev20,Almucantar,Concepcion,266,266.876725,0.786235,0.389724,0.226472,0.158151,1.808408,76.685339,75.969838,2.350903,0.008614,0.786235,4,10,7,5,4,10,7,5,4,10,7,5,4,10,7,5,0.05603,0.09368,0.34825,0.36905,1,1,21:06:2023,08:24:30,38,-16.138167,-62.028,500.0,lev20,Almucantar,Concepcion,266,266.876725,1.4614,1.487,1.4882,1.4823,0.014922,0.014519,0.013743,0.013173,76.685339,75.969838,2.350903,0.008614,0.786235,4,10,7,5,4,10,7,5,4,10,7,5,4,10,7,5,0.05603,0.09368,0.34825,0.36905,1,1,21:06:2023,08:24:30,38,-16.138167,-62.028,500.0,lev20,Almucantar,Concepcion,266,266.876725,0.9167,0.9002,0.8821,0.8669,76.685339,75.969838,2.350903,0.008614,0.786235,4,10,7,5,4,10,7,5,4,10,7,5,4,10,7,5,0.05603,0.09368,0.34825,0.36905,1,1,21:06:2023,08:24:30,38,-16.138167,-62.028,500.0,lev20,Almucantar,Concepcion,266,266.876725,0.06553,0.038928,0.026757,0.020989,1.305326,76.685339,75.969838,2.350903,0.008614,0.786235,4,10,7,5,4,10,7,5,4,10,7,5,4,10,7,5,0.05603,0.09368,0.34825,0.36905,1,1,21:06:2023,08:24:30,38,-16.138167,-62.028,500.0,lev20,Almucantar,1.8237414105279544,0.6233406974161998,0.976176265169654,BCL,Arid,,Unknown
24:09:1998,11:02:57,Concepcion,267,267.460382,1.6594,0.8338,0.491,0.3394,1.6375,0.8112,0.468,0.3163,0.0219,0.0226,0.023,0.0231,1.769753,74.03287,74.749289,2.240768,0.013413,1.655681,4,10,7,5,4,10,7,5,4,10,7,5,4,10,7,5,0.05342,0.0904,0.33816,0.36268,1,1,21:06:2023,08:35:27,38,-16.138167,-62.028,500.0,lev20,Almucantar,Concepcion,267,267.460382,1.655681,0.83289,0.490043,0.338988,1.769084,74.03287,74.749289,2.240768,0.013413,1.655681,4,10,7,5,4,10,7,5,4,10,7,5,4,10,7,5,0.05342,0.0904,0.33816,0.36268,1,1,21:06:2023,08:35:27,38,-16.138167,-62.028,500.0,lev20,Almucantar,Concepcion,267,267.460382,1.5143,1.5061,1.4976,1.4853,0.013208,0.014962,0.015566,0.015669,74.03287,74.749289,2.240768,0.013413,1.655681,4,10,7,5,4,10,7,5,4,10,7,5,4,10,7,5,0.05342,0.0904,0.33816,0.36268,1,1,21:06:2023,08:35:27,38,-16.138167,-62.028,500.0,lev20,Almucantar,Concepcion,267,267.460382,0.9327,0.9091,0.8832,0.8615,74.03287,74.749289,2.240768,0.013413,1.655681,4,10,7,5,4,10,7,5,4,10,7,5,4,10,7,5,0.05342,0.0904,0.33816,0.36268,1,1,21:06:2023,08:35:27,38,-16.138167,-62.028,500.0,lev20,Almucantar,Concepcion,267,267.460382,0.11175,0.075782,0.057329,0.047006,0.97277,74.03287,74.749289,2.240768,0.013413,1.655681,4,10,7,5,4,10,7,5,4,10,7,5,4,10,7,5,0.05342,0.0904,0.33816,0.36268,1,1,21:06:2023,08:35:27,38,-16.138167,-62.028,500.0,lev20,Almucantar,1.786319822186832,1.320624599051421,0.9818795552439352,BCL,Biomass,,Unknown
24:09:1998,11:23:47,Concepcion,267,267.47485,1.6881,0.8681,0.5132,0.3554,1.6637,0.8428,0.4875,0.3295,0.0244,0.0253,0.0257,0.0258,1.728462,69.059554,69.775251,1.596412,0.018372,1.685258,4,10,7,5,4,10,7,5,4,10,7,5,4,10,7,5,0.04915,0.08394,0.31443,0.33886,1,1,21:06:2023,08:39:15,38,-16.138167,-62.028,500.0,lev20,Almucantar,Concepcion,267,267.47485,1.685258,0.867004,0.512131,0.355866,1.728884,69.059554,69.775251,1.596412,0.018372,1.685258,4,10,7,5,4,10,7,5,4,10,7,5,4,10,7,5,0.04915,0.08394,0.31443,0.33886,1,1,21:06:2023,08:39:15,38,-16.138167,-62.028,500.0,lev20,Almucantar,Concepcion,267,267.47485,1.5334,1.5196,1.507,1.4929,0.014474,0.017884,0.019073,0.019,69.059554,69.775251,1.596412,0.018372,1.685258,4,10,7,5,4,10,7,5,4,10,7,5,4,10,7,5,0.04915,0.08394,0.31443,0.33886,1,1,21:06:2023,08:39:15,38,-16.138167,-62.028,500.0,lev20,Almucantar,Concepcion,267,267.47485,0.9273,0.8982,0.8687,0.8461,69.059554,69.775251,1.596412,0.018372,1.685258,4,10,7,5,4,10,7,5,4,10,7,5,4,10,7,5,0.04915,0.08394,0.31443,0.33886,1,1,21:06:2023,08:39:15,38,-16.138167,-62.028,500.0,lev20,Almucantar,Concepcion,267,267.47485,0.12268,0.088361,0.067366,0.054693,0.868523,69.059554,69.775251,1.596412,0.018372,1.685258,4,10,7,5,4,10,7,5,4,10,7,5,4,10,7,5,0.04915,0.08394,0.31443,0.33886,1,1,21:06:2023,08:39:15,38,-16.138167,-62.028,500.0,lev20,Almucantar,1.7466055403007035,1.350303201870079,0.9804111094927499,BCL,Biomass,,Unknown
24:09:1998,12:08:03,Concepcion,267,267.50559,1.7797,0.9313,0.5546,0.3841,1.7561,0.9069,0.5298,0.3591,0.0236,0.0244,0.0248,0.0251,1.691653,58.534485,59.244873,2.271294,0.009241,1.777506,4,10,7,4,4,10,7,4,4,10,7,4,3,11,7,4,0.04345,0.07522,0.28111,0.30556,1,1,21:06:2023,08:41:55,38,-16.138167,-62.028,500.0,lev20,Almucantar,Concepcion,267,267.50559,1.777506,0.930472,0.553648,0.384289,1.692203,58.534485,59.244873,2.271294,0.009241,1.777506,4,10,7,4,4,10,7,4,4,10,7,4,3,11,7,4,0.04345,0.07522,0.28111,0.30556,1,1,21:06:2023,08:41:55,38,-16.138167,-62.028,500.0,lev20,Almucantar,Concepcion,267,267.50559,1.4527,1.4727,1.4715,1.4625,0.012737,0.012896,0.01269,0.01231,58.534485,59.244873,2.271294,0.009241,1.777506,4,10,7,4,4,10,7,4,4,10,7,4,3,11,7,4,0.04345,0.07522,0.28111,0.30556,1,1,21:06:2023,08:41:55,38,-16.138167,-62.028,500.0,lev20,Almucantar,Concepcion,267,267.50559,0.9296,0.9162,0.8992,0.8847,58.534485,59.244873,2.271294,0.009241,1.777506,4,10,7,4,4,10,7,4,4,10,7,4,3,11,7,4,0.04345,0.07522,0.28111,0.30556,1,1,21:06:2023,08:41:55,38,-16.138167,-62.028,500.0,lev20,Almucantar,Concepcion,267,267.50559,0.12533,0.078007,0.055918,0.044292,1.177351,58.534485,59.244873,2.271294,0.009241,1.777506,4,10,7,4,4,10,7,4,4,10,7,4,3,11,7,4,0.04345,0.07522,0.28111,0.30556,1,1,21:06:2023,08:41:55,38,-16.138167,-62.028,500.0,lev20,Almucantar,1.710314422565839,1.4301932168107099,0.9822482371440892,BCL,Biomass,,Unknown
24:09:1998,12:33:37,Concepcion,267,267.523345,1.6333,0.8302,0.4868,0.333,1.6126,0.8088,0.465,0.311,0.0207,0.0214,0.0218,0.022,1.757362,52.506009,53.210674,2.226524,0.065951,1.63158,3,10,8,3,3,10,8,3,3,10,8,3,4,10,8,3,0.04148,0.07214,0.26858,0.29313,1,1,21:06:2023,08:44:29,38,-16.138167,-62.028,500.0,lev20,Almucantar,Concepcion,267,267.523345,1.63158,0.829572,0.486079,0.331858,1.757853,52.506009,53.210674,2.226524,0.065951,1.63158,3,10,8,3,3,10,8,3,3,10,8,3,4,10,8,3,0.04148,0.07214,0.26858,0.29313,1,1,21:06:2023,08:44:29,38,-16.138167,-62.028,500.0,lev20,Almucantar,Concepcion,267,267.523345,1.4635,1.4888,1.4923,1.4843,0.012306,0.011035,0.010264,0.009877,52.506009,53.210674,2.226524,0.065951,1.63158,3,10,8,3,3,10,8,3,3,10,8,3,4,10,8,3,0.04148,0.07214,0.26858,0.29313,1,1,21:06:2023,08:44:29,38,-16.138167,-62.028,500.0,lev20,Almucantar,Concepcion,267,267.523345,0.9334,0.9273,0.9155,0.9029,52.506009,53.210674,2.226524,0.065951,1.63158,3,10,8,3,3,10,8,3,3,10,8,3,4,10,8,3,0.04148,0.07214,0.26858,0.29313,1,1,21:06:2023,08:44:29,38,-16.138167,-62.028,500.0,lev20,Almucantar,Concepcion,267,267.523345,0.10874,0.060316,0.04112,0.032335,1.423102,52.506009,53.210674,2.226524,0.065951,1.63158,3,10,8,3,3,10,8,3,3,10,8,3,4,10,8,3,0.04148,0.07214,0.26858,0.29313,1,1,21:06:2023,08:44:29,38,-16.138167,-62.028,500.0,lev20,Almucantar,1.7756661335271324,1.3016245257977137,0.982874144861433,BCL,Biomass,,Unknown
24:09:1998,19:57:27,Concepcion,267,267.831563,1.2219,0.6076,0.3518,0.2439,1.2027,0.5876,0.3316,0.2235,0.0192,0.02,0.0203,0.0204,1.808233,61.162521,60.450982,1.700974,0.033471,1.220784,3,10,8,4,3,10,8,4,3,10,8,4,3,10,8,4,0.04474,0.0768,0.28576,0.30852,1,1,21:06:2023,08:47:06,38,-16.138167,-62.028,500.0,lev20,Almucantar,Concepcion,267,267.831563,1.220784,0.607273,0.351258,0.243821,1.808965,61.162521,60.450982,1.700974,0.033471,1.220784,3,10,8,4,3,10,8,4,3,10,8,4,3,10,8,4,0.04474,0.0768,0.28576,0.30852,1,1,21:06:2023,08:47:06,38,-16.138167,-62.028,500.0,lev20,Almucantar,Concepcion,267,267.831563,1.4888,1.5129,1.5137,1.508,0.014861,0.014289,0.013082,0.012473,61.162521,60.450982,1.700974,0.033471,1.220784,3,10,8,4,3,10,8,4,3,10,8,4,3,10,8,4,0.04474,0.0768,0.28576,0.30852,1,1,21:06:2023,08:47:06,38,-16.138167,-62.028,500.0,lev20,Almucantar,Concepcion,267,267.831563,0.9211,0.9078,0.8949,0.8822,61.162521,60.450982,1.700974,0.033471,1.220784,3,10,8,4,3,10,8,4,3,10,8,4,3,10,8,4,0.04474,0.0768,0.28576,0.30852,1,1,21:06:2023,08:47:06,38,-16.138167,-62.028,500.0,lev20,Almucantar,Concepcion,267,267.831563,0.096397,0.056013,0.036993,0.028739,1.392273,61.162521,60.450982,1.700974,0.033471,1.220784,3,10,8,4,3,10,8,4,3,10,8,4,3,10,8,4,0.04474,0.0768,0.28576,0.30852,1,1,21:06:2023,08:47:06,38,-16.138167,-62.028,500.0,lev20,Almucantar,1.8264129532890732,0.9674713167884778,0.9782178480623221,BCL,Biomass,,Unknown
25:09:1998,11:22:58,Concepcion,268,268.474282,2.1087,1.104,0.6533,0.4539,2.078,1.0722,0.621,0.4215,0.0308,0.0319,0.0323,0.0324,1.6992,69.05783,69.774043,1.485107,0.013068,2.102829,4,10,7,5,4,10,7,5,4,10,7,5,4,10,7,5,0.04909,0.08389,0.31436,0.33878,1,1,21:06:2023,08:38:15,38,-16.138167,-62.028,500.0,lev20,Almucantar,Concepcion,268,268.474282,2.102829,1.102703,0.652163,0.453606,1.697427,69.05783,69.774043,1.485107,0.013068,2.102829,4,10,7,5,4,10,7,5,4,10,7,5,4,10,7,5,0.04909,0.08389,0.31436,0.33878,1,1,21:06:2023,08:38:15,38,-16.138167,-62.028,500.0,lev20,Almucantar,Concepcion,268,268.474282,1.562,1.548,1.537,1.5255,0.010635,0.010818,0.010407,0.00996,69.05783,69.774043,1.485107,0.013068,2.102829,4,10,7,5,4,10,7,5,4,10,7,5,4,10,7,5,0.04909,0.08389,0.31436,0.33878,1,1,21:06:2023,08:38:15,38,-16.138167,-62.028,500.0,lev20,Almucantar,Concepcion,268,268.474282,0.945,0.9366,0.9247,0.9145,69.05783,69.774043,1.485107,0.013068,2.102829,4,10,7,5,4,10,7,5,4,10,7,5,4,10,7,5,0.04909,0.08389,0.31436,0.33878,1,1,21:06:2023,08:38:15,38,-16.138167,-62.028,500.0,lev20,Almucantar,Concepcion,268,268.474282,0.11592,0.070045,0.049213,0.038799,1.249927,69.05783,69.774043,1.485107,0.013068,2.102829,4,10,7,5,4,10,7,5,4,10,7,5,4,10,7,5,0.04909,0.08389,0.31436,0.33878,1,1,21:06:2023,08:38:15,38,-16.138167,-62.028,500.0,lev20,Almucantar,1.7188773771573669,1.6927285498620226,0.9804140645703833,BCL,Biomass,,Unknown
25:09:1998,12:32:43,Concepcion,268,268.52272,2.3501,1.1875,0.6895,0.4708,2.3251,1.1617,0.6633,0.4442,0.025,0.0259,0.0263,0.0266,1.779503,52.503377,53.20936,3.030727,0.110801,2.345748,3,10,8,3,3,10,8,3,3,10,8,3,4,10,8,3,0.0415,0.07215,0.26859,0.29314,1,1,21:06:2023,08:41:24,38,-16.138167,-62.028,500.0,lev20,Almucantar,Concepcion,268,268.52272,2.345748,1.186268,0.688755,0.468825,1.778287,52.503377,53.20936,3.030727,0.110801,2.345748,3,10,8,3,3,10,8,3,3,10,8,3,4,10,8,3,0.0415,0.07215,0.26859,0.29314,1,1,21:06:2023,08:41:24,38,-16.138167,-62.028,500.0,lev20,Almucantar,Concepcion,268,268.52272,1.4683,1.4762,1.4717,1.4623,0.007851,0.007081,0.006809,0.006723,52.503377,53.20936,3.030727,0.110801,2.345748,3,10,8,3,3,10,8,3,3,10,8,3,4,10,8,3,0.0415,0.07215,0.26859,0.29314,1,1,21:06:2023,08:41:24,38,-16.138167,-62.028,500.0,lev20,Almucantar,Concepcion,268,268.52272,0.9564,0.9528,0.9434,0.9336,52.503377,53.20936,3.030727,0.110801,2.345748,3,10,8,3,3,10,8,3,3,10,8,3,4,10,8,3,0.0415,0.07215,0.26859,0.29314,1,1,21:06:2023,08:41:24,38,-16.138167,-62.028,500.0,lev20,Almucantar,Concepcion,268,268.52272,0.10248,0.056062,0.039044,0.031267,1.416694,52.503377,53.20936,3.030727,0.110801,2.345748,3,10,8,3,3,10,8,3,3,10,8,3,4,10,8,3,0.0415,0.07215,0.26859,0.29314,1,1,21:06:2023,08:41:24,38,-16.138167,-62.028,500.0,lev20,Almucantar,1.79875782987646,1.8673430702873084,0.9856521935023482,FNA,Biomass,,Unknown
26:09:1998,11:22:09,Concepcion,269,269.473715,1.6372,0.8405,0.4877,0.3302,1.6215,0.8243,0.4712,0.3133,0.0158,0.0163,0.0166,0.0169,1.755608,69.057842,69.77453,2.690177,0.023282,1.63437,4,10,7,5,4,10,7,5,4,10,7,5,4,10,7,5,0.04898,0.08376,0.31422,0.33865,1,1,21:06:2023,08:56:00,38,-16.138167,-62.028,500.0,lev20,Almucantar,Concepcion,269,269.473715,1.63437,0.839794,0.486918,0.330429,1.755224,69.057842,69.77453,2.690177,0.023282,1.63437,4,10,7,5,4,10,7,5,4,10,7,5,4,10,7,5,0.04898,0.08376,0.31422,0.33865,1,1,21:06:2023,08:56:00,38,-16.138167,-62.028,500.0,lev20,Almucantar,Concepcion,269,269.473715,1.4322,1.447,1.4441,1.4345,0.007477,0.0077,0.007934,0.007951,69.057842,69.77453,2.690177,0.023282,1.63437,4,10,7,5,4,10,7,5,4,10,7,5,4,10,7,5,0.04898,0.08376,0.31422,0.33865,1,1,21:06:2023,08:56:00,38,-16.138167,-62.028,500.0,lev20,Almucantar,Concepcion,269,269.473715,0.9571,0.9478,0.933,0.9198,69.057842,69.77453,2.690177,0.023282,1.63437,4,10,7,5,4,10,7,5,4,10,7,5,4,10,7,5,0.04898,0.08376,0.31422,0.33865,1,1,21:06:2023,08:56:00,38,-16.138167,-62.028,500.0,lev20,Almucantar,Concepcion,269,269.473715,0.070178,0.043913,0.032663,0.026496,1.12051,69.057842,69.77453,2.690177,0.023282,1.63437,4,10,7,5,4,10,7,5,4,10,7,5,4,10,7,5,0.04898,0.08376,0.31422,0.33865,1,1,21:06:2023,08:56:00,38,-16.138167,-62.028,500.0,lev20,Almucantar,1.7764551042952164,1.3046009653237987,0.9873376759112817,FNA,Biomass,,Unknown
26:09:1998,12:06:19,Concepcion,269,269.504387,1.6688,0.8373,0.4809,0.3247,1.6546,0.8226,0.4659,0.3095,0.0143,0.0148,0.015,0.0151,1.804834,58.535502,59.247757,3.839747,0.180918,1.663997,4,10,7,4,4,10,7,4,4,10,7,4,3,11,7,4,0.04347,0.07524,0.28112,0.30558,1,1,21:06:2023,08:58:32,38,-16.138167,-62.028,500.0,lev20,Almucantar,Concepcion,269,269.504387,1.663997,0.83632,0.479962,0.323475,1.80319,58.535502,59.247757,3.839747,0.180918,1.663997,4,10,7,4,4,10,7,4,4,10,7,4,3,11,7,4,0.04347,0.07524,0.28112,0.30558,1,1,21:06:2023,08:58:32,38,-16.138167,-62.028,500.0,lev20,Almucantar,Concepcion,269,269.504387,1.4896,1.5002,1.4968,1.4867,0.005967,0.005632,0.005475,0.005422,58.535502,59.247757,3.839747,0.180918,1.663997,4,10,7,4,4,10,7,4,4,10,7,4,3,11,7,4,0.04347,0.07524,0.28112,0.30558,1,1,21:06:2023,08:58:32,38,-16.138167,-62.028,500.0,lev20,Almucantar,Concepcion,269,269.504387,0.9669,0.9633,0.956,0.9482,58.535502,59.247757,3.839747,0.180918,1.663997,4,10,7,4,4,10,7,4,4,10,7,4,3,11,7,4,0.04347,0.07524,0.28112,0.30558,1,1,21:06:2023,08:58:32,38,-16.138167,-62.028,500.0,lev20,Almucantar,Concepcion,269,269.504387,0.055217,0.030731,0.021168,0.016801,1.404295,58.535502,59.247757,3.839747,0.180918,1.663997,4,10,7,4,4,10,7,4,4,10,7,4,3,11,7,4,0.04347,0.07524,0.28112,0.30558,1,1,21:06:2023,08:58:32,38,-16.138167,-62.028,500.0,lev20,Almucantar,1.825094615769627,1.3215387894272983,0.9885198623838304,FNA,Biomass,,Unknown
26:09:1998,12:31:48,Concepcion,269,269.522083,1.8931,0.9596,0.5522,0.3712,1.8771,0.943,0.5354,0.3542,0.016,0.0166,0.0168,0.0171,1.786359,52.507582,53.214829,2.89545,0.128189,1.889524,3,10,8,3,3,10,8,3,3,10,8,3,4,10,8,3,0.0415,0.07216,0.26861,0.29316,1,1,21:06:2023,09:01:03,38,-16.138167,-62.028,500.0,lev20,Almucantar,Concepcion,269,269.522083,1.889524,0.958621,0.551062,0.370218,1.78637,52.507582,53.214829,2.89545,0.128189,1.889524,3,10,8,3,3,10,8,3,3,10,8,3,4,10,8,3,0.0415,0.07216,0.26861,0.29316,1,1,21:06:2023,09:01:03,38,-16.138167,-62.028,500.0,lev20,Almucantar,Concepcion,269,269.522083,1.4607,1.4772,1.4748,1.4644,0.006382,0.006128,0.006004,0.005941,52.507582,53.214829,2.89545,0.128189,1.889524,3,10,8,3,3,10,8,3,3,10,8,3,4,10,8,3,0.0415,0.07216,0.26861,0.29316,1,1,21:06:2023,09:01:03,38,-16.138167,-62.028,500.0,lev20,Almucantar,Concepcion,269,269.522083,0.9639,0.9587,0.9495,0.94,52.507582,53.214829,2.89545,0.128189,1.889524,3,10,8,3,3,10,8,3,3,10,8,3,4,10,8,3,0.0415,0.07216,0.26861,0.29316,1,1,21:06:2023,09:01:03,38,-16.138167,-62.028,500.0,lev20,Almucantar,Concepcion,269,269.522083,0.068288,0.039634,0.027892,0.022257,1.310661,52.507582,53.214829,2.89545,0.128189,1.889524,3,10,8,3,3,10,8,3,3,10,8,3,4,10,8,3,0.0415,0.07216,0.26861,0.29316,1,1,21:06:2023,09:01:03,38,-16.138167,-62.028,500.0,lev20,Almucantar,1.807286591321271,1.5025807936304991,0.988668335330657,FNA,Biomass,,Unknown
02:10:1998,19:58:43,Concepcion,275,275.832442,0.3578,0.1737,0.1014,0.0742,0.3412,0.1559,0.0821,0.0541,0.0166,0.0178,0.0193,0.0202,1.834925,61.178313,60.461311,2.297049,0.286301,0.357134,3,10,8,3,3,10,8,4,3,10,8,4,3,10,8,4,0.04364,0.07532,0.29407,0.31385,1,1,21:06:2023,09:04:03,38,-16.138167,-62.028,500.0,lev20,Almucantar,Concepcion,275,275.832442,0.357134,0.174151,0.097413,0.069834,1.884068,61.178313,60.461311,2.297049,0.286301,0.357134,3,10,8,3,3,10,8,4,3,10,8,4,3,10,8,4,0.04364,0.07532,0.29407,0.31385,1,1,21:06:2023,09:04:03,38,-16.138167,-62.028,500.0,lev20,Almucantar,Concepcion,275,275.832442,1.4886499999999998,1.4983499999999998,1.49445,1.4877,0.009934499999999999,0.009741,0.009353,0.009031500000000001,61.178313,60.461311,2.297049,0.286301,0.357134,3,10,8,3,3,10,8,4,3,10,8,4,3,10,8,4,0.04364,0.07532,0.29407,0.31385,1,1,21:06:2023,09:04:03,38,-16.138167,-62.028,500.0,lev20,Almucantar,Concepcion,275,275.832442,0.94345,0.9300999999999999,0.91535,0.90325,61.178313,60.461311,2.297049,0.286301,0.357134,3,10,8,3,3,10,8,4,3,10,8,4,3,10,8,4,0.04364,0.07532,0.29407,0.31385,1,1,21:06:2023,09:04:03,38,-16.138167,-62.028,500.0,lev20,Almucantar,Concepcion,275,275.832442,0.044619000000000006,0.026867000000000002,0.018621,0.0148255,1.2629665,61.178313,60.461311,2.297049,0.286301,0.357134,3,10,8,3,3,10,8,4,3,10,8,4,3,10,8,4,0.04364,0.07532,0.29407,0.31385,1,1,21:06:2023,09:04:03,38,-16.138167,-62.028,500.0,lev20,Almucantar,1.8495920356409752,0.2824593327172514,0.933961646600915,BCL,Urban,,Unknown
02:10:1998,20:42:41,Concepcion,275,275.862975,0.3424,0.1652,0.0964,0.0704,0.3249,0.1463,0.0762,0.0494,0.0175,0.0189,0.0202,0.021,1.845086,71.700927,70.982604,2.291973,0.082314,0.341875,4,10,7,5,4,10,7,5,4,10,7,5,4,10,7,5,0.0503,0.0853,0.33169,0.34987,1,1,21:06:2023,09:05:45,38,-16.138167,-62.028,500.0,lev20,Almucantar,Concepcion,275,275.862975,0.341875,0.165606,0.095726,0.069138,1.851293,71.700927,70.982604,2.291973,0.082314,0.341875,4,10,7,5,4,10,7,5,4,10,7,5,4,10,7,5,0.0503,0.0853,0.33169,0.34987,1,1,21:06:2023,09:05:45,38,-16.138167,-62.028,500.0,lev20,Almucantar,Concepcion,275,275.862975,1.4886499999999998,1.4983499999999998,1.49445,1.4877,0.009934499999999999,0.009741,0.009353,0.009031500000000001,71.700927,70.982604,2.291973,0.082314,0.341875,4,10,7,5,4,10,7,5,4,10,7,5,4,10,7,5,0.0503,0.0853,0.33169,0.34987,1,1,21:06:2023,09:05:45,38,-16.138167,-62.028,500.0,lev20,Almucantar,Concepcion,275,275.862975,0.94345,0.9300999999999999,0.91535,0.90325,71.700927,70.982604,2.291973,0.082314,0.341875,4,10,7,5,4,10,7,5,4,10,7,5,4,10,7,5,0.0503,0.0853,0.33169,0.34987,1,1,21:06:2023,09:05:45,38,-16.138167,-62.028,500.0,lev20,Almucantar,Concepcion,275,275.862975,0.044619000000000006,0.026867000000000002,0.018621,0.0148255,1.2629665,71.700927,70.982604,2.291973,0.082314,0.341875,4,10,7,5,4,10,7,5,4,10,7,5,4,10,7,5,0.0503,0.0853,0.33169,0.34987,1,1,21:06:2023,09:05:45,38,-16.138167,-62.028,500.0,lev20,Almucantar,1.8592329106952776,0.26996913371012776,0.9267987806582318,BCL,Urban,,Unknown
03:10:1998,10:55:50,Concepcion,276,276.45544,0.5745,0.2816,0.1674,0.1174,0.5495,0.2551,0.1391,0.0876,0.0251,0.0265,0.0284,0.0297,1.796045,74.049872,74.76808,1.396448,0.015485,0.573123,4,10,7,5,4,10,7,5,4,10,7,5,4,10,7,5,0.05241,0.08915,0.3482,0.36924,1,1,21:06:2023,09:07:20,38,-16.138167,-62.028,500.0,lev20,Almucantar,Concepcion,276,276.45544,0.573123,0.281346,0.167062,0.117674,1.795175,74.049872,74.76808,1.396448,0.015485,0.573123,4,10,7,5,4,10,7,5,4,10,7,5,4,10,7,5,0.05241,0.08915,0.3482,0.36924,1,1,21:06:2023,09:07:20,38,-16.138167,-62.028,500.0,lev20,Almucantar,Concepcion,276,276.45544,1.5067,1.4881,1.4761,1.4565,0.008313,0.009752,0.009884,0.009609,74.049872,74.76808,1.396448,0.015485,0.573123,4,10,7,5,4,10,7,5,4,10,7,5,4,10,7,5,0.05241,0.08915,0.3482,0.36924,1,1,21:06:2023,09:07:20,38,-16.138167,-62.028,500.0,lev20,Almucantar,Concepcion,276,276.45544,0.9507,0.9269,0.9077,0.8935,74.049872,74.76808,1.396448,0.015485,0.573123,4,10,7,5,4,10,7,5,4,10,7,5,4,10,7,5,0.05241,0.08915,0.3482,0.36924,1,1,21:06:2023,09:07:20,38,-16.138167,-62.028,500.0,lev20,Almucantar,Concepcion,276,276.45544,0.028347,0.020591,0.015461,0.012499,0.875306,74.049872,74.76808,1.396448,0.015485,0.573123,4,10,7,5,4,10,7,5,4,10,7,5,4,10,7,5,0.05241,0.08915,0.3482,0.36924,1,1,21:06:2023,09:07:20,38,-16.138167,-62.028,500.0,lev20,Almucantar,1.8088316025498175,0.45589889117132676,0.941096162571288,FNA,Arid,,Unknown
03:10:1998,11:16:37,Concepcion,276,276.469873,0.5482,0.2689,0.1589,0.1122,0.5229,0.242,0.1302,0.0822,0.0253,0.0269,0.0288,0.03,1.802766,69.070804,69.789646,1.972729,0.0471,0.546834,4,10,7,5,4,10,7,5,4,10,7,5,4,10,7,5,0.04806,0.08255,0.32365,0.34484,1,1,21:06:2023,09:09:48,38,-16.138167,-62.028,500.0,lev20,Almucantar,Concepcion,276,276.469873,0.546834,0.268601,0.158741,0.111748,1.800464,69.070804,69.789646,1.972729,0.0471,0.546834,4,10,7,5,4,10,7,5,4,10,7,5,4,10,7,5,0.04806,0.08255,0.32365,0.34484,1,1,21:06:2023,09:09:48,38,-16.138167,-62.028,500.0,lev20,Almucantar,Concepcion,276,276.469873,1.4783,1.4753,1.4643,1.4474,0.008794,0.009743,0.009374,0.008998,69.070804,69.789646,1.972729,0.0471,0.546834,4,10,7,5,4,10,7,5,4,10,7,5,4,10,7,5,0.04806,0.08255,0.32365,0.34484,1,1,21:06:2023,09:09:48,38,-16.138167,-62.028,500.0,lev20,Almucantar,Concepcion,276,276.469873,0.9452,0.9223,0.9056,0.8939,69.070804,69.789646,1.972729,0.0471,0.546834,4,10,7,5,4,10,7,5,4,10,7,5,4,10,7,5,0.04806,0.08255,0.32365,0.34484,1,1,21:06:2023,09:09:48,38,-16.138167,-62.028,500.0,lev20,Almucantar,Concepcion,276,276.469873,0.030033,0.020888,0.015003,0.011904,1.001439,69.070804,69.789646,1.972729,0.0471,0.546834,4,10,7,5,4,10,7,5,4,10,7,5,4,10,7,5,0.04806,0.08255,0.32365,0.34484,1,1,21:06:2023,09:09:48,38,-16.138167,-62.028,500.0,lev20,Almucantar,1.8165344464804916,0.43460017092339487,0.9368960738845196,BCL,Unclassified,,Unknown
03:10:1998,12:00:35,Concepcion,276,276.500405,0.4306,0.2119,0.1258,0.0908,0.4089,0.1887,0.1013,0.0654,0.0218,0.0232,0.0246,0.0255,1.791617,58.544114,59.261286,2.199619,0.192455,0.429247,4,10,7,4,4,10,7,4,4,10,7,4,3,11,7,4,0.04232,0.07368,0.28924,0.31084,1,1,21:06:2023,09:11:28,38,-16.138167,-62.028,500.0,lev20,Almucantar,Concepcion,276,276.500405,0.429247,0.21301,0.124912,0.087309,1.79472,58.544114,59.261286,2.199619,0.192455,0.429247,4,10,7,4,4,10,7,4,4,10,7,4,3,11,7,4,0.04232,0.07368,0.28924,0.31084,1,1,21:06:2023,09:11:28,38,-16.138167,-62.028,500.0,lev20,Almucantar,Concepcion,276,276.500405,1.4217,1.4516,1.4543,1.45,0.00296,0.002949,0.002847,0.002811,58.544114,59.261286,2.199619,0.192455,0.429247,4,10,7,4,4,10,7,4,4,10,7,4,3,11,7,4,0.04232,0.07368,0.28924,0.31084,1,1,21:06:2023,09:11:28,38,-16.138167,-62.028,500.0,lev20,Almucantar,Concepcion,276,276.500405,0.9767,0.9704,0.9641,0.9593,58.544114,59.261286,2.199619,0.192455,0.429247,4,10,7,4,4,10,7,4,4,10,7,4,3,11,7,4,0.04232,0.07368,0.28924,0.31084,1,1,21:06:2023,09:11:28,38,-16.138167,-62.028,500.0,lev20,Almucantar,Concepcion,276,276.500405,0.010054,0.006278,0.004513,0.003694,1.168514,58.544114,59.261286,2.199619,0.192455,0.429247,4,10,7,4,4,10,7,4,4,10,7,4,3,11,7,4,0.04232,0.07368,0.28924,0.31084,1,1,21:06:2023,09:11:28,38,-16.138167,-62.028,500.0,lev20,Almucantar,1.8049770810305288,0.341874352485197,0.9293622466570448,FNA,Urban,,Unknown
03:10:1998,12:25:52,Concepcion,276,276.517963,0.4122,0.2034,0.1217,0.0888,0.3909,0.181,0.098,0.0642,0.0213,0.0224,0.0237,0.0246,1.777102,52.512077,53.226453,2.220632,0.440481,0.410787,3,10,8,3,3,10,8,3,3,10,8,3,4,10,8,3,0.04035,0.07057,0.27636,0.29815,1,1,21:06:2023,09:13:08,38,-16.138167,-62.028,500.0,lev20,Almucantar,Concepcion,276,276.517963,0.410787,0.204382,0.117494,0.080977,1.816741,52.512077,53.226453,2.220632,0.440481,0.410787,3,10,8,3,3,10,8,3,3,10,8,3,4,10,8,3,0.04035,0.07057,0.27636,0.29815,1,1,21:06:2023,09:13:08,38,-16.138167,-62.028,500.0,lev20,Almucantar,Concepcion,276,276.517963,1.4868,1.5012,1.5006,1.4976,0.001527,0.001513,0.001497,0.001493,52.512077,53.226453,2.220632,0.440481,0.410787,3,10,8,3,3,10,8,3,3,10,8,3,4,10,8,3,0.04035,0.07057,0.27636,0.29815,1,1,21:06:2023,09:13:08,38,-16.138167,-62.028,500.0,lev20,Almucantar,Concepcion,276,276.517963,0.9886,0.9857,0.9824,0.9801,52.512077,53.226453,2.220632,0.440481,0.410787,3,10,8,3,3,10,8,3,3,10,8,3,4,10,8,3,0.04035,0.07057,0.27636,0.29815,1,1,21:06:2023,09:13:08,38,-16.138167,-62.028,500.0,lev20,Almucantar,Concepcion,276,276.517963,0.004718,0.002906,0.002138,0.001765,1.15968,52.512077,53.226453,2.220632,0.440481,0.410787,3,10,8,3,3,10,8,3,3,10,8,3,4,10,8,3,0.04035,0.07057,0.27636,0.29815,1,1,21:06:2023,09:13:08,38,-16.138167,-62.028,500.0,lev20,Almucantar,1.789521181803855,0.3279129387129673,0.9279099382883322,FNA,Urban,,Unknown
03:10:1998,19:58:52,Concepcion,276,276.832546,0.6736,0.3199,0.1821,0.1305,0.6502,0.2948,0.1553,0.1027,0.0235,0.0251,0.0268,0.0278,1.902332,61.180863,60.463398,2.482807,0.093909,0.672196,3,10,8,4,3,10,8,4,3,10,8,4,3,10,8,4,0.04361,0.0753,0.29407,0.31384,1,1,21:06:2023,09:15:04,38,-16.138167,-62.028,500.0,lev20,Almucantar,Concepcion,276,276.832546,0.672196,0.320356,0.18143,0.127669,1.903567,61.180863,60.463398,2.482807,0.093909,0.672196,3,10,8,4,3,10,8,4,3,10,8,4,3,10,8,4,0.04361,0.0753,0.29407,0.31384,1,1,21:06:2023,09:15:04,38,-16.138167,-62.028,500.0,lev20,Almucantar,Concepcion,276,276.832546,1.4481,1.4695,1.4645,1.4638,0.009381,0.009248,0.008669,0.008455,61.180863,60.463398,2.482807,0.093909,0.672196,3,10,8,4,3,10,8,4,3,10,8,4,3,10,8,4,0.04361,0.0753,0.29407,0.31384,1,1,21:06:2023,09:15:04,38,-16.138167,-62.028,500.0,lev20,Almucantar,Concepcion,276,276.832546,0.9403,0.9242,0.909,0.898,61.180863,60.463398,2.482807,0.093909,0.672196,3,10,8,4,3,10,8,4,3,10,8,4,3,10,8,4,0.04361,0.0753,0.29407,0.31384,1,1,21:06:2023,09:15:04,38,-16.138167,-62.028,500.0,lev20,Almucantar,Concepcion,276,276.832546,0.040215,0.02426,0.016565,0.013314,1.290009,61.180863,60.463398,2.482807,0.093909,0.672196,3,10,8,4,3,10,8,4,3,10,8,4,3,10,8,4,0.04361,0.0753,0.29407,0.31384,1,1,21:06:2023,09:15:04,38,-16.138167,-62.028,500.0,lev20,Almucantar,1.9187986030634017,0.5270787500697459,0.9501134330037817,BCL,Arid,,Unknown
03:10:1998,21:03:35,Concepcion,276,276.877488,0.7297,0.3535,0.2078,0.1482,0.7072,0.3301,0.1833,0.123,0.0225,0.0234,0.0245,0.0252,1.829084,76.67202,75.955003,2.807535,0.008263,0.727916,4,10,7,4,4,10,7,5,4,10,7,4,4,10,7,4,0.05462,0.09204,0.35809,0.37517,1,1,21:06:2023,08:58:41,38,-16.138167,-62.028,500.0,lev20,Almucantar,Concepcion,276,276.877488,0.727916,0.353308,0.20722,0.146955,1.829069,76.67202,75.955003,2.807535,0.008263,0.727916,4,10,7,4,4,10,7,5,4,10,7,4,4,10,7,4,0.05462,0.09204,0.35809,0.37517,1,1,21:06:2023,08:58:41,38,-16.138167,-62.028,500.0,lev20,Almucantar,Concepcion,276,276.877488,1.4102,1.4309,1.4329,1.4312,0.008932,0.009067,0.008926,0.008777,76.67202,75.955003,2.807535,0.008263,0.727916,4,10,7,4,4,10,7,5,4,10,7,4,4,10,7,4,0.05462,0.09204,0.35809,0.37517,1,1,21:06:2023,08:58:41,38,-16.138167,-62.028,500.0,lev20,Almucantar,Concepcion,276,276.877488,0.9401,0.9214,0.9024,0.8887,76.67202,75.955003,2.807535,0.008263,0.727916,4,10,7,4,4,10,7,5,4,10,7,4,4,10,7,4,0.05462,0.09204,0.35809,0.37517,1,1,21:06:2023,08:58:41,38,-16.138167,-62.028,500.0,lev20,Almucantar,Concepcion,276,276.877488,0.043671,0.027777,0.020279,0.016504,1.119495,76.67202,75.955003,2.807535,0.008263,0.727916,4,10,7,4,4,10,7,5,4,10,7,4,4,10,7,4,0.05462,0.09204,0.35809,0.37517,1,1,21:06:2023,08:58:41,38,-16.138167,-62.028,500.0,lev20,Almucantar,1.8424869505955521,0.5765731234032075,0.9566857440089143,BCL,Arid,,Unknown
04:10:1998,10:55:03,Concepcion,277,277.454896,1.1454,0.5692,0.3321,0.2282,1.1272,0.5503,0.313,0.2089,0.0182,0.0189,0.0192,0.0194,1.79916,74.059816,74.778026,2.383262,0.012382,1.14353,4,10,7,5,4,10,7,5,4,10,7,5,4,10,7,5,0.05179,0.08851,0.34758,0.36858,1,1,21:06:2023,09:02:59,38,-16.138167,-62.028,500.0,lev20,Almucantar,Concepcion,277,277.454896,1.14353,0.568612,0.331377,0.228013,1.799728,74.059816,74.778026,2.383262,0.012382,1.14353,4,10,7,5,4,10,7,5,4,10,7,5,4,10,7,5,0.05179,0.08851,0.34758,0.36858,1,1,21:06:2023,09:02:59,38,-16.138167,-62.028,500.0,lev20,Almucantar,Concepcion,277,277.454896,1.4956,1.491,1.4829,1.4705,0.00859,0.009257,0.009287,0.009139,74.059816,74.778026,2.383262,0.012382,1.14353,4,10,7,5,4,10,7,5,4,10,7,5,4,10,7,5,0.05179,0.08851,0.34758,0.36858,1,1,21:06:2023,09:02:59,38,-16.138167,-62.028,500.0,lev20,Almucantar,Concepcion,277,277.454896,0.9521,0.9371,0.9213,0.9082,74.059816,74.778026,2.383262,0.012382,1.14353,4,10,7,5,4,10,7,5,4,10,7,5,4,10,7,5,0.05179,0.08851,0.34758,0.36858,1,1,21:06:2023,09:02:59,38,-16.138167,-62.028,500.0,lev20,Almucantar,Concepcion,277,277.454896,0.054842,0.035775,0.026134,0.020954,1.079252,74.059816,74.778026,2.383262,0.012382,1.14353,4,10,7,5,4,10,7,5,4,10,7,5,4,10,7,5,0.05179,0.08851,0.34758,0.36858,1,1,21:06:2023,09:02:59,38,-16.138167,-62.028,500.0,lev20,Almucantar,1.8161060603423747,0.9080961265539096,0.9781321515739444,FNA,Biomass,,Unknown
04:10:1998,11:15:49,Concepcion,277,277.469317,1.1094,0.5485,0.3197,0.2193,1.0911,0.5295,0.3004,0.1997,0.0184,0.019,0.0194,0.0196,1.808461,69.084179,69.803163,1.727001,0.019662,1.107811,4,10,7,5,4,10,7,5,4,10,7,5,4,10,7,5,0.04782,0.0823,0.32342,0.3446,1,1,21:06:2023,09:05:53,38,-16.138167,-62.028,500.0,lev20,Almucantar,Concepcion,277,277.469317,1.107811,0.548059,0.319167,0.219686,1.808612,69.084179,69.803163,1.727001,0.019662,1.107811,4,10,7,5,4,10,7,5,4,10,7,5,4,10,7,5,0.04782,0.0823,0.32342,0.3446,1,1,21:06:2023,09:05:53,38,-16.138167,-62.028,500.0,lev20,Almucantar,Concepcion,277,277.469317,1.4788,1.475,1.4676,1.455,0.009048,0.009358,0.008998,0.008676,69.084179,69.803163,1.727001,0.019662,1.107811,4,10,7,5,4,10,7,5,4,10,7,5,4,10,7,5,0.04782,0.0823,0.32342,0.3446,1,1,21:06:2023,09:05:53,38,-16.138167,-62.028,500.0,lev20,Almucantar,Concepcion,277,277.469317,0.9487,0.9347,0.9217,0.9104,69.084179,69.803163,1.727001,0.019662,1.107811,4,10,7,5,4,10,7,5,4,10,7,5,4,10,7,5,0.04782,0.0823,0.32342,0.3446,1,1,21:06:2023,09:05:53,38,-16.138167,-62.028,500.0,lev20,Almucantar,Concepcion,277,277.469317,0.056931,0.03582,0.025026,0.019656,1.194194,69.084179,69.803163,1.727001,0.019662,1.107811,4,10,7,5,4,10,7,5,4,10,7,5,4,10,7,5,0.04782,0.0823,0.32342,0.3446,1,1,21:06:2023,09:05:53,38,-16.138167,-62.028,500.0,lev20,Almucantar,1.825081143335245,0.8785460558338087,0.9773438507731208,BCL,Biomass,,Unknown
04:10:1998,11:59:47,Concepcion,277,277.49985,1.0157,0.4976,0.2868,0.1966,0.9943,0.4755,0.2639,0.1728,0.0214,0.0221,0.023,0.0238,1.837462,58.552736,59.27041,1.335472,0.043419,1.014478,4,10,7,4,4,10,7,4,3,11,7,4,3,11,7,4,0.04235,0.07371,0.28928,0.31087,1,1,21:06:2023,09:08:35,38,-16.138167,-62.028,500.0,lev20,Almucantar,Concepcion,277,277.49985,1.014478,0.497534,0.286374,0.195649,1.83757,58.552736,59.27041,1.335472,0.043419,1.014478,4,10,7,4,4,10,7,4,3,11,7,4,3,11,7,4,0.04235,0.07371,0.28928,0.31087,1,1,21:06:2023,09:08:35,38,-16.138167,-62.028,500.0,lev20,Almucantar,Concepcion,277,277.49985,1.4981,1.4995,1.4936,1.4825,0.010286,0.010333,0.0094,0.008922,58.552736,59.27041,1.335472,0.043419,1.014478,4,10,7,4,4,10,7,4,3,11,7,4,3,11,7,4,0.04235,0.07371,0.28928,0.31087,1,1,21:06:2023,09:08:35,38,-16.138167,-62.028,500.0,lev20,Almucantar,Concepcion,277,277.49985,0.9437,0.9305,0.9191,0.9092,58.552736,59.27041,1.335472,0.043419,1.014478,4,10,7,4,4,10,7,4,3,11,7,4,3,11,7,4,0.04235,0.07371,0.28928,0.31087,1,1,21:06:2023,09:08:35,38,-16.138167,-62.028,500.0,lev20,Almucantar,Concepcion,277,277.49985,0.057209,0.03461,0.023214,0.017849,1.309018,58.552736,59.27041,1.335472,0.043419,1.014478,4,10,7,4,4,10,7,4,3,11,7,4,3,11,7,4,0.04235,0.07371,0.28928,0.31087,1,1,21:06:2023,09:08:35,38,-16.138167,-62.028,500.0,lev20,Almucantar,1.8549419276918928,0.801279502679257,0.9716342155686851,BCL,Biomass,,Unknown
04:10:1998,12:25:02,Concepcion,277,277.517384,0.9899,0.4819,0.2754,0.1885,0.9652,0.4556,0.2474,0.1593,0.0247,0.0263,0.0281,0.0292,1.858508,52.523152,53.238313,2.369629,0.178109,0.988627,3,10,8,3,3,10,8,3,3,10,8,3,4,10,8,3,0.04038,0.0706,0.2764,0.2982,1,1,21:06:2023,09:10:58,38,-16.138167,-62.028,500.0,lev20,Almucantar,Concepcion,277,277.517384,0.988627,0.481972,0.274935,0.185605,1.858681,52.523152,53.238313,2.369629,0.178109,0.988627,3,10,8,3,3,10,8,3,3,10,8,3,4,10,8,3,0.04038,0.0706,0.2764,0.2982,1,1,21:06:2023,09:10:58,38,-16.138167,-62.028,500.0,lev20,Almucantar,Concepcion,277,277.517384,1.4822,1.497,1.4936,1.4836,0.007959,0.007718,0.007338,0.007177,52.523152,53.238313,2.369629,0.178109,0.988627,3,10,8,3,3,10,8,3,3,10,8,3,4,10,8,3,0.04038,0.0706,0.2764,0.2982,1,1,21:06:2023,09:10:58,38,-16.138167,-62.028,500.0,lev20,Almucantar,Concepcion,277,277.517384,0.9548,0.9455,0.9342,0.9232,52.523152,53.238313,2.369629,0.178109,0.988627,3,10,8,3,3,10,8,3,3,10,8,3,4,10,8,3,0.04038,0.0706,0.2764,0.2982,1,1,21:06:2023,09:10:58,38,-16.138167,-62.028,500.0,lev20,Almucantar,Concepcion,277,277.517384,0.044762,0.026242,0.018136,0.01447,1.31877,52.523152,53.238313,2.369629,0.178109,0.988627,3,10,8,3,3,10,8,3,3,10,8,3,4,10,8,3,0.04038,0.0706,0.2764,0.2982,1,1,21:06:2023,09:10:58,38,-16.138167,-62.028,500.0,lev20,Almucantar,1.8766974495726783,0.7787572389363707,0.9660052366634921,FNA,Biomass,,Unknown
04:10:1998,19:33:46,Concepcion,277,277.815116,0.8604,0.4093,0.2279,0.1572,0.8408,0.3882,0.2053,0.1337,0.0196,0.021,0.0226,0.0235,1.928724,55.148174,54.432321,2.80796,0.146057,0.858462,4,10,8,3,4,10,7,3,4,10,6,3,4,10,4,3,0.04131,0.07177,0.28001,0.30043,1,1,21:06:2023,09:12:49,38,-16.138167,-62.028,500.0,lev20,Almucantar,Concepcion,277,277.815116,0.858462,0.409649,0.226989,0.153881,1.930255,55.148174,54.432321,2.80796,0.146057,0.858462,4,10,8,3,4,10,7,3,4,10,6,3,4,10,4,3,0.04131,0.07177,0.28001,0.30043,1,1,21:06:2023,09:12:49,38,-16.138167,-62.028,500.0,lev20,Almucantar,Concepcion,277,277.815116,1.4699,1.4896,1.4844,1.4804,0.005379,0.005165,0.005033,0.004984,55.148174,54.432321,2.80796,0.146057,0.858462,4,10,8,3,4,10,7,3,4,10,6,3,4,10,4,3,0.04131,0.07177,0.28001,0.30043,1,1,21:06:2023,09:12:49,38,-16.138167,-62.028,500.0,lev20,Almucantar,Concepcion,277,277.815116,0.9677,0.961,0.9509,0.9427,55.148174,54.432321,2.80796,0.146057,0.858462,4,10,8,3,4,10,7,3,4,10,6,3,4,10,4,3,0.04131,0.07177,0.28001,0.30043,1,1,21:06:2023,09:12:49,38,-16.138167,-62.028,500.0,lev20,Almucantar,Concepcion,277,277.815116,0.027818,0.015978,0.011184,0.00901,1.333999,55.148174,54.432321,2.80796,0.146057,0.858462,4,10,8,3,4,10,7,3,4,10,6,3,4,10,4,3,0.04131,0.07177,0.28001,0.30043,1,1,21:06:2023,09:12:49,38,-16.138167,-62.028,500.0,lev20,Almucantar,1.9487376254081987,0.6706743485252908,0.9680837394340782,FNA,Arid,,Unknown
04:10:1998,20:42:55,Concepcion,277,277.863137,0.8412,0.3993,0.2261,0.1554,0.8275,0.3852,0.2117,0.1408,0.0137,0.0141,0.0144,0.0146,1.910034,71.697646,70.979129,2.061612,0.024846,0.83982,4,10,7,5,4,10,7,4,4,10,7,4,4,10,7,4,0.04983,0.08484,0.33121,0.34944,1,1,21:06:2023,09:15:39,38,-16.138167,-62.028,500.0,lev20,Almucantar,Concepcion,277,277.863137,0.83982,0.399297,0.225715,0.154646,1.909711,71.697646,70.979129,2.061612,0.024846,0.83982,4,10,7,5,4,10,7,4,4,10,7,4,4,10,7,4,0.04983,0.08484,0.33121,0.34944,1,1,21:06:2023,09:15:39,38,-16.138167,-62.028,500.0,lev20,Almucantar,Concepcion,277,277.863137,1.4171,1.4439,1.4454,1.4415,0.008282,0.007902,0.007594,0.007386,71.697646,70.979129,2.061612,0.024846,0.83982,4,10,7,5,4,10,7,4,4,10,7,4,4,10,7,4,0.04983,0.08484,0.33121,0.34944,1,1,21:06:2023,09:15:39,38,-16.138167,-62.028,500.0,lev20,Almucantar,Concepcion,277,277.863137,0.9471,0.9356,0.9206,0.9081,71.697646,70.979129,2.061612,0.024846,0.83982,4,10,7,5,4,10,7,4,4,10,7,4,4,10,7,4,0.04983,0.08484,0.33121,0.34944,1,1,21:06:2023,09:15:39,38,-16.138167,-62.028,500.0,lev20,Almucantar,Concepcion,277,277.863137,0.044476,0.025725,0.017949,0.014282,1.327301,71.697646,70.979129,2.061612,0.024846,0.83982,4,10,7,5,4,10,7,4,4,10,7,4,4,10,7,4,0.04983,0.08484,0.33121,0.34944,1,1,21:06:2023,09:15:39,38,-16.138167,-62.028,500.0,lev20,Almucantar,1.9272648372631362,0.657510466061013,0.9771692894236867,BCL,Arid,,Unknown
05:10:1998,10:54:20,Concepcion,278,278.454398,1.0052,0.4985,0.2914,0.2008,0.9916,0.4844,0.2771,0.1863,0.0136,0.0141,0.0143,0.0145,1.799896,74.056105,74.774283,2.264111,0.027166,1.004211,4,10,7,5,4,10,7,5,4,10,7,5,4,10,7,5,0.05209,0.08882,0.3479,0.36889,1,1,21:06:2023,09:13:24,38,-16.138167,-62.028,500.0,lev20,Almucantar,Concepcion,278,278.454398,1.004211,0.49832,0.290907,0.200788,1.80067,74.056105,74.774283,2.264111,0.027166,1.004211,4,10,7,5,4,10,7,5,4,10,7,5,4,10,7,5,0.05209,0.08882,0.3479,0.36889,1,1,21:06:2023,09:13:24,38,-16.138167,-62.028,500.0,lev20,Almucantar,Concepcion,278,278.454398,1.5034,1.4935,1.4853,1.4738,0.009593,0.010659,0.011,0.010954,74.056105,74.774283,2.264111,0.027166,1.004211,4,10,7,5,4,10,7,5,4,10,7,5,4,10,7,5,0.05209,0.08882,0.3479,0.36889,1,1,21:06:2023,09:13:24,38,-16.138167,-62.028,500.0,lev20,Almucantar,Concepcion,278,278.454398,0.9476,0.9317,0.9133,0.8981,74.056105,74.774283,2.264111,0.027166,1.004211,4,10,7,5,4,10,7,5,4,10,7,5,4,10,7,5,0.05209,0.08882,0.3479,0.36889,1,1,21:06:2023,09:13:24,38,-16.138167,-62.028,500.0,lev20,Almucantar,Concepcion,278,278.454398,0.052653,0.03404,0.025253,0.020459,1.073014,74.056105,74.774283,2.264111,0.027166,1.004211,4,10,7,5,4,10,7,5,4,10,7,5,4,10,7,5,0.05209,0.08882,0.3479,0.36889,1,1,21:06:2023,09:13:24,38,-16.138167,-62.028,500.0,lev20,Almucantar,1.8163581296864282,0.7969170711184658,0.9813644533914189,BCL,Biomass,,Unknown
05:10:1998,11:15:07,Concepcion,278,278.468831,1.0025,0.495,0.2887,0.1978,0.9883,0.4804,0.2738,0.1826,0.0142,0.0147,0.0149,0.0152,1.809668,69.076171,69.795257,2.088341,0.022026,1.001197,4,10,7,5,4,10,7,5,4,10,7,5,4,10,7,5,0.04797,0.08246,0.32358,0.34474,1,1,21:06:2023,09:16:01,38,-16.138167,-62.028,500.0,lev20,Almucantar,Concepcion,278,278.468831,1.001197,0.494753,0.288128,0.19816,1.810369,69.076171,69.795257,2.088341,0.022026,1.001197,4,10,7,5,4,10,7,5,4,10,7,5,4,10,7,5,0.04797,0.08246,0.32358,0.34474,1,1,21:06:2023,09:16:01,38,-16.138167,-62.028,500.0,lev20,Almucantar,Concepcion,278,278.468831,1.4771,1.4816,1.4773,1.4652,0.009262,0.009739,0.009649,0.00947,69.076171,69.795257,2.088341,0.022026,1.001197,4,10,7,5,4,10,7,5,4,10,7,5,4,10,7,5,0.04797,0.08246,0.32358,0.34474,1,1,21:06:2023,09:16:01,38,-16.138167,-62.028,500.0,lev20,Almucantar,Concepcion,278,278.468831,0.9479,0.9329,0.9172,0.9039,69.076171,69.795257,2.088341,0.022026,1.001197,4,10,7,5,4,10,7,5,4,10,7,5,4,10,7,5,0.04797,0.08246,0.32358,0.34474,1,1,21:06:2023,09:16:01,38,-16.138167,-62.028,500.0,lev20,Almucantar,Concepcion,278,278.468831,0.052191,0.033226,0.023916,0.01901,1.136695,69.076171,69.795257,2.088341,0.022026,1.001197,4,10,7,5,4,10,7,5,4,10,7,5,4,10,7,5,0.04797,0.08246,0.32358,0.34474,1,1,21:06:2023,09:16:01,38,-16.138167,-62.028,500.0,lev20,Almucantar,1.826067651654374,0.7937906604547001,0.9807073242181131,BCL,Biomass,,Unknown
05:10:1998,11:59:02,Concepcion,278,278.499329,1.035,0.5108,0.2954,0.2036,1.0102,0.4844,0.2668,0.1737,0.0248,0.0264,0.0286,0.0299,1.821559,58.552645,59.270768,1.238836,0.044146,1.033715,4,10,7,4,4,10,7,4,4,10,7,4,3,11,7,4,0.04234,0.07371,0.28927,0.31088,1,1,21:06:2023,09:18:34,38,-16.138167,-62.028,500.0,lev20,Almucantar,Concepcion,278,278.499329,1.033715,0.510652,0.294841,0.203168,1.82218,58.552645,59.270768,1.238836,0.044146,1.033715,4,10,7,4,4,10,7,4,4,10,7,4,3,11,7,4,0.04234,0.07371,0.28927,0.31088,1,1,21:06:2023,09:18:34,38,-16.138167,-62.028,500.0,lev20,Almucantar,Concepcion,278,278.499329,1.5011,1.5021,1.4974,1.4882,0.008956,0.008908,0.0081,0.007735,58.552645,59.270768,1.238836,0.044146,1.033715,4,10,7,4,4,10,7,4,4,10,7,4,3,11,7,4,0.04234,0.07371,0.28927,0.31088,1,1,21:06:2023,09:18:34,38,-16.138167,-62.028,500.0,lev20,Almucantar,Concepcion,278,278.499329,0.9515,0.9414,0.9337,0.9254,58.552645,59.270768,1.238836,0.044146,1.033715,4,10,7,4,4,10,7,4,4,10,7,4,3,11,7,4,0.04234,0.07371,0.28927,0.31088,1,1,21:06:2023,09:18:34,38,-16.138167,-62.028,500.0,lev20,Almucantar,Concepcion,278,278.499329,0.050199,0.029951,0.019591,0.015186,1.363632,58.552645,59.270768,1.238836,0.044146,1.033715,4,10,7,4,4,10,7,4,4,10,7,4,3,11,7,4,0.04234,0.07371,0.28927,0.31088,1,1,21:06:2023,09:18:34,38,-16.138167,-62.028,500.0,lev20,Almucantar,1.8392142265104476,0.8181484097803989,0.9675209226109381,FNA,Biomass,,Unknown
05:10:1998,12:24:17,Concepcion,278,278.516863,1.0575,0.5255,0.3034,0.2078,1.0333,0.4996,0.2754,0.1786,0.0243,0.0259,0.0279,0.0293,1.81301,52.518069,53.233947,1.321345,0.070254,1.056356,3,10,8,3,3,10,8,3,3,10,8,3,4,10,8,3,0.04037,0.07059,0.27638,0.29818,1,1,21:06:2023,08:58:43,38,-16.138167,-62.028,500.0,lev20,Almucantar,Concepcion,278,278.516863,1.056356,0.525459,0.302812,0.206647,1.813887,52.518069,53.233947,1.321345,0.070254,1.056356,3,10,8,3,3,10,8,3,3,10,8,3,4,10,8,3,0.04037,0.07059,0.27638,0.29818,1,1,21:06:2023,08:58:43,38,-16.138167,-62.028,500.0,lev20,Almucantar,Concepcion,278,278.516863,1.4869,1.4955,1.4919,1.4822,0.007868,0.007987,0.007353,0.007102,52.518069,53.233947,1.321345,0.070254,1.056356,3,10,8,3,3,10,8,3,3,10,8,3,4,10,8,3,0.04037,0.07059,0.27638,0.29818,1,1,21:06:2023,08:58:43,38,-16.138167,-62.028,500.0,lev20,Almucantar,Concepcion,278,278.516863,0.9567,0.9469,0.9387,0.9298,52.518069,53.233947,1.321345,0.070254,1.056356,3,10,8,3,3,10,8,3,3,10,8,3,4,10,8,3,0.04037,0.07059,0.27638,0.29818,1,1,21:06:2023,08:58:43,38,-16.138167,-62.028,500.0,lev20,Almucantar,Concepcion,278,278.516863,0.045775,0.027883,0.018592,0.014586,1.306078,52.518069,53.233947,1.321345,0.070254,1.056356,3,10,8,3,3,10,8,3,3,10,8,3,4,10,8,3,0.04037,0.07059,0.27638,0.29818,1,1,21:06:2023,08:58:43,38,-16.138167,-62.028,500.0,lev20,Almucantar,1.8315637201607395,0.8367521800258227,0.969074170930297,FNA,Biomass,,Unknown
07:10:1998,12:22:43,Concepcion,280,280.515775,1.579,0.8452,0.522,0.3748,1.5342,0.7992,0.4749,0.3266,0.0448,0.0461,0.0471,0.0482,1.60846,52.535233,53.252383,2.49194,0.02471,1.576002,3,10,8,3,3,10,8,3,3,10,8,3,4,10,8,3,0.04036,0.07058,0.2764,0.2982,1,1,21:06:2023,09:07:29,38,-16.138167,-62.028,500.0,lev20,Almucantar,Concepcion,280,280.515775,1.576002,0.844062,0.520732,0.374173,1.609021,52.535233,53.252383,2.49194,0.02471,1.576002,3,10,8,3,3,10,8,3,3,10,8,3,4,10,8,3,0.04036,0.07058,0.2764,0.2982,1,1,21:06:2023,09:07:29,38,-16.138167,-62.028,500.0,lev20,Almucantar,Concepcion,280,280.515775,1.4317,1.4413,1.4397,1.4317,0.002904,0.002882,0.002791,0.002726,52.535233,53.252383,2.49194,0.02471,1.576002,3,10,8,3,3,10,8,3,3,10,8,3,4,10,8,3,0.04036,0.07058,0.2764,0.2982,1,1,21:06:2023,09:07:29,38,-16.138167,-62.028,500.0,lev20,Almucantar,Concepcion,280,280.515775,0.9791,0.9756,0.9714,0.9679,52.535233,53.252383,2.49194,0.02471,1.576002,3,10,8,3,3,10,8,3,3,10,8,3,4,10,8,3,0.04036,0.07058,0.2764,0.2982,1,1,21:06:2023,09:07:29,38,-16.138167,-62.028,500.0,lev20,Almucantar,Concepcion,280,280.515775,0.032988,0.020604,0.014904,0.012046,1.160003,52.535233,53.252383,2.49194,0.02471,1.576002,3,10,8,3,3,10,8,3,3,10,8,3,4,10,8,3,0.04036,0.07058,0.2764,0.2982,1,1,21:06:2023,09:07:29,38,-16.138167,-62.028,500.0,lev20,Almucantar,1.6236605742047994,1.2830418832585901,0.9623969682719072,FNA,Biomass,,Unknown
07:10:1998,19:34:14,Concepcion,280,280.81544,0.9572,0.4747,0.2734,0.1909,0.9337,0.4504,0.2478,0.1642,0.0235,0.0243,0.0256,0.0268,1.819374,55.15132,54.433778,1.950478,0.076709,0.956091,4,10,8,3,4,10,8,3,4,10,8,3,4,10,8,3,0.04128,0.07174,0.27998,0.30041,1,1,21:06:2023,09:09:40,38,-16.138167,-62.028,500.0,lev20,Almucantar,Concepcion,280,280.81544,0.956091,0.474738,0.27265,0.189482,1.821153,55.15132,54.433778,1.950478,0.076709,0.956091,4,10,8,3,4,10,8,3,4,10,8,3,4,10,8,3,0.04128,0.07174,0.27998,0.30041,1,1,21:06:2023,09:09:40,38,-16.138167,-62.028,500.0,lev20,Almucantar,Concepcion,280,280.81544,1.4422,1.4546,1.4482,1.4412,0.0056,0.005602,0.005212,0.005087,55.15132,54.433778,1.950478,0.076709,0.956091,4,10,8,3,4,10,8,3,4,10,8,3,4,10,8,3,0.04128,0.07174,0.27998,0.30041,1,1,21:06:2023,09:09:40,38,-16.138167,-62.028,500.0,lev20,Almucantar,Concepcion,280,280.81544,0.9644,0.9561,0.9488,0.9415,55.15132,54.433778,1.950478,0.076709,0.956091,4,10,8,3,4,10,8,3,4,10,8,3,4,10,8,3,0.04128,0.07174,0.27998,0.30041,1,1,21:06:2023,09:09:40,38,-16.138167,-62.028,500.0,lev20,Almucantar,Concepcion,280,280.81544,0.03409,0.020829,0.014011,0.011163,1.289761,55.15132,54.433778,1.950478,0.076709,0.956091,4,10,8,3,4,10,8,3,4,10,8,3,4,10,8,3,0.04128,0.07174,0.27998,0.30041,1,1,21:06:2023,09:09:40,38,-16.138167,-62.028,500.0,lev20,Almucantar,1.8381142066714509,0.7567553516590892,0.9669573587323713,FNA,Biomass,,Unknown
07:10:1998,19:59:25,Concepcion,280,280.832928,0.9172,0.4507,0.2601,0.1805,0.8949,0.4276,0.2358,0.1552,0.0223,0.0231,0.0244,0.0253,1.831084,61.181584,60.462743,2.635768,0.062618,0.915305,3,10,8,4,3,10,8,4,3,10,8,4,3,10,8,4,0.04363,0.07531,0.29405,0.31385,1,1,21:06:2023,09:11:47,38,-16.138167,-62.028,500.0,lev20,Almucantar,Concepcion,280,280.832928,0.915305,0.450758,0.259834,0.179765,1.829166,61.181584,60.462743,2.635768,0.062618,0.915305,3,10,8,4,3,10,8,4,3,10,8,4,3,10,8,4,0.04363,0.07531,0.29405,0.31385,1,1,21:06:2023,09:11:47,38,-16.138167,-62.028,500.0,lev20,Almucantar,Concepcion,280,280.832928,1.4231,1.44,1.4362,1.4285,0.004402,0.004297,0.004173,0.004125,61.181584,60.462743,2.635768,0.062618,0.915305,3,10,8,4,3,10,8,4,3,10,8,4,3,10,8,4,0.04363,0.07531,0.29405,0.31385,1,1,21:06:2023,09:11:47,38,-16.138167,-62.028,500.0,lev20,Almucantar,Concepcion,280,280.832928,0.9707,0.9642,0.9558,0.9484,61.181584,60.462743,2.635768,0.062618,0.915305,3,10,8,4,3,10,8,4,3,10,8,4,3,10,8,4,0.04363,0.07531,0.29405,0.31385,1,1,21:06:2023,09:11:47,38,-16.138167,-62.028,500.0,lev20,Almucantar,Concepcion,280,280.832928,0.026896,0.016128,0.011488,0.009312,1.243852,61.181584,60.462743,2.635768,0.062618,0.915305,3,10,8,4,3,10,8,4,3,10,8,4,3,10,8,4,0.04363,0.07531,0.29405,0.31385,1,1,21:06:2023,09:11:47,38,-16.138167,-62.028,500.0,lev20,Almucantar,1.848650735965581,0.7241556059667729,0.9671386009877491,FNA,Biomass,,Unknown
07:10:1998,20:43:15,Concepcion,280,280.863368,0.8317,0.4068,0.2363,0.1641,0.8104,0.3847,0.2131,0.14,0.0213,0.0221,0.0232,0.0241,1.829746,71.685714,70.967198,1.495888,0.012913,0.830563,4,10,7,5,4,10,7,5,4,10,7,5,4,10,7,5,0.05052,0.0855,0.33182,0.34999,1,1,21:06:2023,09:14:19,38,-16.138167,-62.028,500.0,lev20,Almucantar,Concepcion,280,280.863368,0.830563,0.406467,0.235778,0.164367,1.830716,71.685714,70.967198,1.495888,0.012913,0.830563,4,10,7,5,4,10,7,5,4,10,7,5,4,10,7,5,0.05052,0.0855,0.33182,0.34999,1,1,21:06:2023,09:14:19,38,-16.138167,-62.028,500.0,lev20,Almucantar,Concepcion,280,280.863368,1.4281,1.4457,1.4447,1.4374,0.005839,0.005905,0.00574,0.005577,71.685714,70.967198,1.495888,0.012913,0.830563,4,10,7,5,4,10,7,5,4,10,7,5,4,10,7,5,0.05052,0.0855,0.33182,0.34999,1,1,21:06:2023,09:14:19,38,-16.138167,-62.028,500.0,lev20,Almucantar,Concepcion,280,280.863368,0.9612,0.9505,0.9396,0.931,71.685714,70.967198,1.495888,0.012913,0.830563,4,10,7,5,4,10,7,5,4,10,7,5,4,10,7,5,0.05052,0.0855,0.33182,0.34999,1,1,21:06:2023,09:14:19,38,-16.138167,-62.028,500.0,lev20,Almucantar,Concepcion,280,280.863368,0.032278,0.020116,0.014279,0.011327,1.18824,71.685714,70.967198,1.495888,0.012913,0.830563,4,10,7,5,4,10,7,5,4,10,7,5,4,10,7,5,0.05052,0.0855,0.33182,0.34999,1,1,21:06:2023,09:14:19,38,-16.138167,-62.028,500.0,lev20,Almucantar,1.8458786769857007,0.6568836462175351,0.9651678201643517,FNA,Arid,,Unknown
07:10:1998,21:04:03,Concepcion,280,280.877813,0.8221,0.4041,0.2362,0.164,0.8052,0.3867,0.2184,0.146,0.0168,0.0174,0.0178,0.018,1.813828,76.660737,75.94416,2.058108,0.004843,0.820807,4,10,7,4,4,10,7,4,4,10,7,4,4,10,7,4,0.05574,0.09312,0.35914,0.37611,1,1,21:06:2023,09:16:55,38,-16.138167,-62.028,500.0,lev20,Almucantar,Concepcion,280,280.877813,0.820807,0.40399,0.235549,0.164617,1.815064,76.660737,75.94416,2.058108,0.004843,0.820807,4,10,7,4,4,10,7,4,4,10,7,4,4,10,7,4,0.05574,0.09312,0.35914,0.37611,1,1,21:06:2023,09:16:55,38,-16.138167,-62.028,500.0,lev20,Almucantar,Concepcion,280,280.877813,1.4354,1.4512,1.449,1.4402,0.006751,0.00655,0.006436,0.006328,76.660737,75.94416,2.058108,0.004843,0.820807,4,10,7,4,4,10,7,4,4,10,7,4,4,10,7,4,0.05574,0.09312,0.35914,0.37611,1,1,21:06:2023,09:16:55,38,-16.138167,-62.028,500.0,lev20,Almucantar,Concepcion,280,280.877813,0.9568,0.9473,0.9348,0.9239,76.660737,75.94416,2.058108,0.004843,0.820807,4,10,7,4,4,10,7,4,4,10,7,4,4,10,7,4,0.05574,0.09312,0.35914,0.37611,1,1,21:06:2023,09:16:55,38,-16.138167,-62.028,500.0,lev20,Almucantar,Concepcion,280,280.877813,0.035512,0.021299,0.015406,0.012479,1.223361,76.660737,75.94416,2.058108,0.004843,0.820807,4,10,7,4,4,10,7,4,4,10,7,4,4,10,7,4,0.05574,0.09312,0.35914,0.37611,1,1,21:06:2023,09:16:55,38,-16.138167,-62.028,500.0,lev20,Almucantar,1.8294694457012055,0.6506649206276878,0.9715736075712801,FNA,Arid,,Unknown
08:10:1998,10:52:10,Concepcion,281,281.452894,1.0361,0.5243,0.3137,0.2208,1.0125,0.5,0.2889,0.1957,0.0235,0.0244,0.0248,0.0251,1.737816,74.06372,74.781573,3.338339,0.040608,1.035278,4,10,7,5,4,10,7,5,4,10,7,4,4,10,7,3,0.04694,0.08111,0.35625,0.37429,1,1,21:06:2023,09:03:05,38,-16.138167,-62.028,500.0,lev20,Almucantar,Concepcion,281,281.452894,1.035278,0.5236,0.312917,0.220507,1.74019,74.06372,74.781573,3.338339,0.040608,1.035278,4,10,7,5,4,10,7,5,4,10,7,4,4,10,7,3,0.04694,0.08111,0.35625,0.37429,1,1,21:06:2023,09:03:05,38,-16.138167,-62.028,500.0,lev20,Almucantar,Concepcion,281,281.452894,1.4705,1.4764,1.4724,1.4621,0.004688,0.004816,0.004855,0.004851,74.06372,74.781573,3.338339,0.040608,1.035278,4,10,7,5,4,10,7,5,4,10,7,4,4,10,7,3,0.04694,0.08111,0.35625,0.37429,1,1,21:06:2023,09:03:05,38,-16.138167,-62.028,500.0,lev20,Almucantar,Concepcion,281,281.452894,0.9703,0.9631,0.9543,0.9468,74.06372,74.781573,3.338339,0.040608,1.035278,4,10,7,5,4,10,7,5,4,10,7,4,4,10,7,3,0.04694,0.08111,0.35625,0.37429,1,1,21:06:2023,09:03:05,38,-16.138167,-62.028,500.0,lev20,Almucantar,Concepcion,281,281.452894,0.030814,0.019348,0.014326,0.011748,1.121104,74.06372,74.781573,3.338339,0.040608,1.035278,4,10,7,5,4,10,7,5,4,10,7,4,4,10,7,3,0.04694,0.08111,0.35625,0.37429,1,1,21:06:2023,09:03:05,38,-16.138167,-62.028,500.0,lev20,Almucantar,1.7526029509427128,0.8281363370640821,0.968808143572523,FNA,Biomass,,Unknown
08:10:1998,19:34:26,Concepcion,281,281.815579,0.938,0.4666,0.2676,0.1854,0.9134,0.4401,0.2391,0.1558,0.0246,0.0265,0.0285,0.0296,1.82017,55.163998,54.445999,2.298379,0.12689,0.936607,4,10,8,3,4,10,8,3,4,10,8,3,4,10,8,3,0.03722,0.0656,0.28817,0.3057,1,1,21:06:2023,09:05:27,38,-16.138167,-62.028,500.0,lev20,Almucantar,Concepcion,281,281.815579,0.936607,0.466753,0.266853,0.183551,1.821439,55.163998,54.445999,2.298379,0.12689,0.936607,4,10,8,3,4,10,8,3,4,10,8,3,4,10,8,3,0.03722,0.0656,0.28817,0.3057,1,1,21:06:2023,09:05:27,38,-16.138167,-62.028,500.0,lev20,Almucantar,Concepcion,281,281.815579,1.4598,1.4718,1.466,1.4589,0.004842,0.004641,0.004411,0.004334,55.163998,54.445999,2.298379,0.12689,0.936607,4,10,8,3,4,10,8,3,4,10,8,3,4,10,8,3,0.03722,0.0656,0.28817,0.3057,1,1,21:06:2023,09:05:27,38,-16.138167,-62.028,500.0,lev20,Almucantar,Concepcion,281,281.815579,0.9709,0.966,0.9591,0.9527,55.163998,54.445999,2.298379,0.12689,0.936607,4,10,8,3,4,10,8,3,4,10,8,3,4,10,8,3,0.03722,0.0656,0.28817,0.3057,1,1,21:06:2023,09:05:27,38,-16.138167,-62.028,500.0,lev20,Almucantar,Concepcion,281,281.815579,0.027287,0.015879,0.010954,0.008764,1.332748,55.163998,54.445999,2.298379,0.12689,0.936607,4,10,8,3,4,10,8,3,4,10,8,3,4,10,8,3,0.03722,0.0656,0.28817,0.3057,1,1,21:06:2023,09:05:27,38,-16.138167,-62.028,500.0,lev20,Almucantar,1.839845403689291,0.7414118753057741,0.9640992758579859,FNA,Biomass,,Unknown
08:10:1998,20:43:24,Concepcion,281,281.863472,0.8569,0.4204,0.243,0.1682,0.8417,0.4048,0.227,0.1518,0.0152,0.0157,0.016,0.0164,1.831478,71.689972,70.971535,1.886679,0.012699,0.855859,4,10,7,5,4,10,7,5,4,10,7,5,4,10,7,5,0.04529,0.07787,0.33987,0.35512,1,1,21:06:2023,09:07:47,38,-16.138167,-62.028,500.0,lev20,Almucantar,Concepcion,281,281.863472,0.855859,0.420148,0.242477,0.168031,1.832557,71.689972,70.971535,1.886679,0.012699,0.855859,4,10,7,5,4,10,7,5,4,10,7,5,4,10,7,5,0.04529,0.07787,0.33987,0.35512,1,1,21:06:2023,09:07:47,38,-16.138167,-62.028,500.0,lev20,Almucantar,Concepcion,281,281.863472,1.4219,1.442,1.4401,1.4324,0.007482,0.007796,0.007696,0.00756,71.689972,70.971535,1.886679,0.012699,0.855859,4,10,7,5,4,10,7,5,4,10,7,5,4,10,7,5,0.04529,0.07787,0.33987,0.35512,1,1,21:06:2023,09:07:47,38,-16.138167,-62.028,500.0,lev20,Almucantar,Concepcion,281,281.863472,0.953,0.939,0.9239,0.9116,71.689972,70.971535,1.886679,0.012699,0.855859,4,10,7,5,4,10,7,5,4,10,7,5,4,10,7,5,0.04529,0.07787,0.33987,0.35512,1,1,21:06:2023,09:07:47,38,-16.138167,-62.028,500.0,lev20,Almucantar,Concepcion,281,281.863472,0.040276,0.025657,0.018483,0.014857,1.134622,71.689972,70.971535,1.886679,0.012699,0.855859,4,10,7,5,4,10,7,5,4,10,7,5,4,10,7,5,0.04529,0.07787,0.33987,0.35512,1,1,21:06:2023,09:07:47,38,-16.138167,-62.028,500.0,lev20,Almucantar,1.8486513283000863,0.6765469818648121,0.9757539825236152,FNA,Arid,,Unknown
08:10:1998,21:04:13,Concepcion,281,281.877928,0.8382,0.4117,0.2389,0.1653,0.8244,0.3974,0.2244,0.1505,0.0138,0.0143,0.0146,0.0148,1.824562,76.667927,75.951556,2.523662,0.006676,0.836944,4,10,7,4,4,10,7,4,4,10,7,4,4,10,7,4,0.04979,0.0846,0.36699,0.38109,1,1,21:06:2023,09:10:42,38,-16.138167,-62.028,500.0,lev20,Almucantar,Concepcion,281,281.877928,0.836944,0.411391,0.23839,0.165625,1.825212,76.667927,75.951556,2.523662,0.006676,0.836944,4,10,7,4,4,10,7,4,4,10,7,4,4,10,7,4,0.04979,0.0846,0.36699,0.38109,1,1,21:06:2023,09:10:42,38,-16.138167,-62.028,500.0,lev20,Almucantar,Concepcion,281,281.877928,1.4483,1.461,1.456,1.4464,0.00786,0.008313,0.008362,0.008252,76.667927,75.951556,2.523662,0.006676,0.836944,4,10,7,4,4,10,7,4,4,10,7,4,4,10,7,4,0.04979,0.0846,0.36699,0.38109,1,1,21:06:2023,09:10:42,38,-16.138167,-62.028,500.0,lev20,Almucantar,Concepcion,281,281.877928,0.9526,0.9382,0.9219,0.909,76.667927,75.951556,2.523662,0.006676,0.836944,4,10,7,4,4,10,7,4,4,10,7,4,4,10,7,4,0.04979,0.0846,0.36699,0.38109,1,1,21:06:2023,09:10:42,38,-16.138167,-62.028,500.0,lev20,Almucantar,Concepcion,281,281.877928,0.039736,0.025461,0.01865,0.015049,1.103636,76.667927,75.951556,2.523662,0.006676,0.836944,4,10,7,4,4,10,7,4,4,10,7,4,4,10,7,4,0.04979,0.0846,0.36699,0.38109,1,1,21:06:2023,09:10:42,38,-16.138167,-62.028,500.0,lev20,Almucantar,1.8412463638047047,0.662409539923324,0.9772698473497787,FNA,Arid,,Unknown
11:10:1998,10:50:08,Concepcion,284,284.451481,0.4765,0.229,0.1385,0.1,0.4446,0.1935,0.1008,0.0614,0.0319,0.0355,0.0377,0.0386,1.804188,74.063433,74.780637,1.081102,0.015112,0.476177,4,10,7,5,4,10,7,5,4,10,7,5,4,10,7,5,0.04626,0.08041,0.3555,0.37354,1,1,21:06:2023,09:06:18,38,-16.138167,-62.028,500.0,lev20,Almucantar,Concepcion,284,284.451481,0.476177,0.228896,0.138189,0.100055,1.806198,74.063433,74.780637,1.081102,0.015112,0.476177,4,10,7,5,4,10,7,5,4,10,7,5,4,10,7,5,0.04626,0.08041,0.3555,0.37354,1,1,21:06:2023,09:06:18,38,-16.138167,-62.028,500.0,lev20,Almucantar,Concepcion,284,284.451481,1.5019,1.4911,1.4788,1.4568,0.007258,0.009492,0.009557,0.00919,74.063433,74.780637,1.081102,0.015112,0.476177,4,10,7,5,4,10,7,5,4,10,7,5,4,10,7,5,0.04626,0.08041,0.3555,0.37354,1,1,21:06:2023,09:06:18,38,-16.138167,-62.028,500.0,lev20,Almucantar,Concepcion,284,284.451481,0.9536,0.9224,0.9034,0.8939,74.063433,74.780637,1.081102,0.015112,0.476177,4,10,7,5,4,10,7,5,4,10,7,5,4,10,7,5,0.04626,0.08041,0.3555,0.37354,1,1,21:06:2023,09:06:18,38,-16.138167,-62.028,500.0,lev20,Almucantar,Concepcion,284,284.451481,0.022107,0.017765,0.013374,0.010606,0.714219,74.063433,74.780637,1.081102,0.015112,0.476177,4,10,7,5,4,10,7,5,4,10,7,5,4,10,7,5,0.04626,0.08041,0.3555,0.37354,1,1,21:06:2023,09:06:18,38,-16.138167,-62.028,500.0,lev20,Almucantar,1.812474540637947,0.3779541877282836,0.9025257180886425,FNA,Urban,,Unknown
11:10:1998,11:10:54,Concepcion,284,284.465903,0.4738,0.2287,0.1378,0.1006,0.4414,0.1922,0.0991,0.061,0.0324,0.0365,0.0388,0.0396,1.802299,69.091296,69.810158,1.454796,0.051639,0.473468,4,10,7,5,4,10,7,5,4,10,7,5,4,10,7,5,0.04285,0.07493,0.33146,0.3497,1,1,21:06:2023,09:08:30,38,-16.138167,-62.028,500.0,lev20,Almucantar,Concepcion,284,284.465903,0.473468,0.228756,0.13766,0.099607,1.802478,69.091296,69.810158,1.454796,0.051639,0.473468,4,10,7,5,4,10,7,5,4,10,7,5,4,10,7,5,0.04285,0.07493,0.33146,0.3497,1,1,21:06:2023,09:08:30,38,-16.138167,-62.028,500.0,lev20,Almucantar,Concepcion,284,284.465903,1.5111,1.4931,1.4774,1.4587,0.007721,0.008902,0.008235,0.007781,69.091296,69.810158,1.454796,0.051639,0.473468,4,10,7,5,4,10,7,5,4,10,7,5,4,10,7,5,0.04285,0.07493,0.33146,0.3497,1,1,21:06:2023,09:08:30,38,-16.138167,-62.028,500.0,lev20,Almucantar,Concepcion,284,284.465903,0.9515,0.9285,0.9181,0.9118,69.091296,69.810158,1.454796,0.051639,0.473468,4,10,7,5,4,10,7,5,4,10,7,5,4,10,7,5,0.04285,0.07493,0.33146,0.3497,1,1,21:06:2023,09:08:30,38,-16.138167,-62.028,500.0,lev20,Almucantar,Concepcion,284,284.465903,0.022964,0.016338,0.011283,0.00887,1.017609,69.091296,69.810158,1.454796,0.051639,0.473468,4,10,7,5,4,10,7,5,4,10,7,5,4,10,7,5,0.04285,0.07493,0.33146,0.3497,1,1,21:06:2023,09:08:30,38,-16.138167,-62.028,500.0,lev20,Almucantar,1.811571727621259,0.3758559544235024,0.8990754518376376,FNA,Urban,,Unknown
11:10:1998,11:54:49,Concepcion,284,284.4964,0.4341,0.2122,0.1288,0.0953,0.402,0.1766,0.091,0.0564,0.0321,0.0357,0.0379,0.0389,1.772947,58.556913,59.276706,1.801947,0.205375,0.433535,4,10,7,4,4,10,7,4,3,11,7,4,3,11,7,4,0.03813,0.06734,0.29742,0.31612,1,1,21:06:2023,09:10:16,38,-16.138167,-62.028,500.0,lev20,Almucantar,Concepcion,284,284.4964,0.433535,0.213533,0.128325,0.092005,1.774224,58.556913,59.276706,1.801947,0.205375,0.433535,4,10,7,4,4,10,7,4,3,11,7,4,3,11,7,4,0.03813,0.06734,0.29742,0.31612,1,1,21:06:2023,09:10:16,38,-16.138167,-62.028,500.0,lev20,Almucantar,Concepcion,284,284.4964,1.4718,1.4854,1.4797,1.4673,0.004626,0.004666,0.004332,0.004212,58.556913,59.276706,1.801947,0.205375,0.433535,4,10,7,4,4,10,7,4,3,11,7,4,3,11,7,4,0.03813,0.06734,0.29742,0.31612,1,1,21:06:2023,09:10:16,38,-16.138167,-62.028,500.0,lev20,Almucantar,Concepcion,284,284.4964,0.9668,0.957,0.9506,0.9459,58.556913,59.276706,1.801947,0.205375,0.433535,4,10,7,4,4,10,7,4,3,11,7,4,3,11,7,4,0.03813,0.06734,0.29742,0.31612,1,1,21:06:2023,09:10:16,38,-16.138167,-62.028,500.0,lev20,Almucantar,Concepcion,284,284.4964,0.014428,0.009116,0.006365,0.005152,1.188559,58.556913,59.276706,1.801947,0.205375,0.433535,4,10,7,4,4,10,7,4,3,11,7,4,3,11,7,4,0.03813,0.06734,0.29742,0.31612,1,1,21:06:2023,09:10:16,38,-16.138167,-62.028,500.0,lev20,Almucantar,1.7822813020909092,0.3456545598756278,0.8924794930798654,FNA,Urban,,Unknown
11:10:1998,12:19:56,Concepcion,284,284.513843,0.3892,0.1926,0.1168,0.0874,0.3582,0.1586,0.0809,0.0505,0.031,0.034,0.0359,0.0369,1.75496,52.5337,53.252695,1.816336,0.278097,0.388571,3,10,8,3,3,10,8,3,3,10,8,3,4,10,8,3,0.03643,0.06459,0.28458,0.30351,1,1,21:06:2023,09:11:55,38,-16.138167,-62.028,500.0,lev20,Almucantar,Concepcion,284,284.513843,0.388571,0.194614,0.116174,0.082638,1.75692,52.5337,53.252695,1.816336,0.278097,0.388571,3,10,8,3,3,10,8,3,3,10,8,3,4,10,8,3,0.03643,0.06459,0.28458,0.30351,1,1,21:06:2023,09:11:55,38,-16.138167,-62.028,500.0,lev20,Almucantar,Concepcion,284,284.513843,1.4886499999999998,1.4983499999999998,1.49445,1.4877,0.009934499999999999,0.009741,0.009353,0.009031500000000001,52.5337,53.252695,1.816336,0.278097,0.388571,3,10,8,3,3,10,8,3,3,10,8,3,4,10,8,3,0.03643,0.06459,0.28458,0.30351,1,1,21:06:2023,09:11:55,38,-16.138167,-62.028,500.0,lev20,Almucantar,Concepcion,284,284.513843,0.94345,0.9300999999999999,0.91535,0.90325,52.5337,53.252695,1.816336,0.278097,0.388571,3,10,8,3,3,10,8,3,3,10,8,3,4,10,8,3,0.03643,0.06459,0.28458,0.30351,1,1,21:06:2023,09:11:55,38,-16.138167,-62.028,500.0,lev20,Almucantar,Concepcion,284,284.513843,0.044619000000000006,0.026867000000000002,0.018621,0.0148255,1.2629665,52.5337,53.252695,1.816336,0.278097,0.388571,3,10,8,3,3,10,8,3,3,10,8,3,4,10,8,3,0.03643,0.06459,0.28458,0.30351,1,1,21:06:2023,09:11:55,38,-16.138167,-62.028,500.0,lev20,Almucantar,1.7655825782445485,0.3105649246619578,0.8850735549997913,BCL,Urban,,Unknown
13:10:1998,12:18:39,Concepcion,286,286.512951,0.26,0.1321,0.0825,0.0624,0.2407,0.1115,0.0606,0.0395,0.0193,0.0206,0.0219,0.0229,1.675218,52.532016,53.251604,2.826477,0.4953,0.25809,3,10,8,3,3,10,6,3,3,10,5,3,4,10,4,3,0.0364,0.06456,0.28456,0.30348,1,1,21:06:2023,08:59:30,38,-16.138167,-62.028,500.0,lev20,Almucantar,Concepcion,286,286.512951,0.25809,0.133071,0.077708,0.053592,1.740498,52.532016,53.251604,2.826477,0.4953,0.25809,3,10,8,3,3,10,6,3,3,10,5,3,4,10,4,3,0.0364,0.06456,0.28456,0.30348,1,1,21:06:2023,08:59:30,38,-16.138167,-62.028,500.0,lev20,Almucantar,Concepcion,286,286.512951,1.4886499999999998,1.4983499999999998,1.49445,1.4877,0.009934499999999999,0.009741,0.009353,0.009031500000000001,52.532016,53.251604,2.826477,0.4953,0.25809,3,10,8,3,3,10,6,3,3,10,5,3,4,10,4,3,0.0364,0.06456,0.28456,0.30348,1,1,21:06:2023,08:59:30,38,-16.138167,-62.028,500.0,lev20,Almucantar,Concepcion,286,286.512951,0.94345,0.9300999999999999,0.91535,0.90325,52.532016,53.251604,2.826477,0.4953,0.25809,3,10,8,3,3,10,6,3,3,10,5,3,4,10,4,3,0.0364,0.06456,0.28456,0.30348,1,1,21:06:2023,08:59:30,38,-16.138167,-62.028,500.0,lev20,Almucantar,Concepcion,286,286.512951,0.044619000000000006,0.026867000000000002,0.018621,0.0148255,1.2629665,52.532016,53.251604,2.826477,0.4953,0.25809,3,10,8,3,3,10,6,3,3,10,5,3,4,10,4,3,0.0364,0.06456,0.28456,0.30348,1,1,21:06:2023,08:59:30,38,-16.138167,-62.028,500.0,lev20,Almucantar,1.6838084390785952,0.20964900367314226,0.8961606269388563,BCL,Urban,,Unknown
18:10:1998,11:06:38,Concepcion,291,291.46294,0.0729,0.0412,0.0298,0.0254,0.058,0.0252,0.0131,0.0084,0.0149,0.016,0.0167,0.017,1.316173,69.098509,69.815424,3.711451,0.17497,0.072281,4,10,7,5,4,10,7,5,4,9,7,5,4,10,6,5,0.04603,0.07852,0.34471,0.36016,1,1,21:06:2023,09:01:24,38,-16.138167,-62.028,500.0,lev20,Almucantar,Concepcion,291,291.46294,0.072281,0.043105,0.028827,0.022663,1.335286,69.098509,69.815424,3.711451,0.17497,0.072281,4,10,7,5,4,10,7,5,4,9,7,5,4,10,6,5,0.04603,0.07852,0.34471,0.36016,1,1,21:06:2023,09:01:24,38,-16.138167,-62.028,500.0,lev20,Almucantar,Concepcion,291,291.46294,1.4886499999999998,1.4983499999999998,1.49445,1.4877,0.009934499999999999,0.009741,0.009353,0.009031500000000001,69.098509,69.815424,3.711451,0.17497,0.072281,4,10,7,5,4,10,7,5,4,9,7,5,4,10,6,5,0.04603,0.07852,0.34471,0.36016,1,1,21:06:2023,09:01:24,38,-16.138167,-62.028,500.0,lev20,Almucantar,Concepcion,291,291.46294,0.94345,0.9300999999999999,0.91535,0.90325,69.098509,69.815424,3.711451,0.17497,0.072281,4,10,7,5,4,10,7,5,4,9,7,5,4,10,6,5,0.04603,0.07852,0.34471,0.36016,1,1,21:06:2023,09:01:24,38,-16.138167,-62.028,500.0,lev20,Almucantar,Concepcion,291,291.46294,0.044619000000000006,0.026867000000000002,0.018621,0.0148255,1.2629665,69.098509,69.815424,3.711451,0.17497,0.072281,4,10,7,5,4,10,7,5,4,9,7,5,4,10,6,5,0.04603,0.07852,0.34471,0.36016,1,1,21:06:2023,09:01:24,38,-16.138167,-62.028,500.0,lev20,Almucantar,1.3122429060277903,0.06164179952255953,0.7122185365846417,BCL,Maritime,,Unknown
19:10:1998,11:50:03,Concepcion,292,292.49309,0.0581,0.0321,0.0231,0.0195,0.0475,0.0206,0.0109,0.0069,0.0106,0.0115,0.0122,0.0125,1.358231,58.572482,59.291944,3.372465,0.548166,0.054439,4,10,7,4,4,10,6,4,3,11,7,4,3,10,6,4,0.04067,0.06993,0.30901,0.32513,1,1,05:01:2018,22:02:47,38,-16.138167,-62.028,500.0,lev20,Almucantar,Concepcion,292,292.49309,0.054439,0.033668,0.018951,0.010504,1.504849,58.572482,59.291944,3.372465,0.548166,0.054439,4,10,7,4,4,10,6,4,3,11,7,4,3,10,6,4,0.04067,0.06993,0.30901,0.32513,1,1,05:01:2018,22:02:47,38,-16.138167,-62.028,500.0,lev20,Almucantar,Concepcion,292,292.49309,1.4886499999999998,1.4983499999999998,1.49445,1.4877,0.009934499999999999,0.009741,0.009353,0.009031500000000001,58.572482,59.291944,3.372465,0.548166,0.054439,4,10,7,4,4,10,6,4,3,11,7,4,3,10,6,4,0.04067,0.06993,0.30901,0.32513,1,1,05:01:2018,22:02:47,38,-16.138167,-62.028,500.0,lev20,Almucantar,Concepcion,292,292.49309,0.94345,0.9300999999999999,0.91535,0.90325,58.572482,59.291944,3.372465,0.548166,0.054439,4,10,7,4,4,10,6,4,3,11,7,4,3,10,6,4,0.04067,0.06993,0.30901,0.32513,1,1,05:01:2018,22:02:47,38,-16.138167,-62.028,500.0,lev20,Almucantar,Concepcion,292,292.49309,0.044619000000000006,0.026867000000000002,0.018621,0.0148255,1.2629665,58.572482,59.291944,3.372465,0.548166,0.054439,4,10,7,4,4,10,6,4,3,11,7,4,3,10,6,4,0.04067,0.06993,0.30901,0.32513,1,1,05:01:2018,22:02:47,38,-16.138167,-62.028,500.0,lev20,Almucantar,1.3529529666294158,0.04887241489043287,0.7411474901423964,BCL,Maritime,,Unknown
19:10:1998,20:01:14,Concepcion,292,292.83419,0.0908,0.044,0.0293,0.0239,0.0784,0.0308,0.0154,0.0097,0.0123,0.0132,0.0139,0.0142,1.66485,61.206745,60.488062,3.523822,0.507665,0.088166,3,10,8,4,3,10,8,3,3,10,8,3,3,10,8,3,0.04192,0.07154,0.31405,0.32823,1,1,23:01:2021,08:12:58,38,-16.138167,-62.028,500.0,lev20,Almucantar,Concepcion,292,292.83419,0.088166,0.045727,0.021901,0.017654,1.991676,61.206745,60.488062,3.523822,0.507665,0.088166,3,10,8,4,3,10,8,3,3,10,8,3,3,10,8,3,0.04192,0.07154,0.31405,0.32823,1,1,23:01:2021,08:12:58,38,-16.138167,-62.028,500.0,lev20,Almucantar,Concepcion,292,292.83419,1.4886499999999998,1.4983499999999998,1.49445,1.4877,0.009934499999999999,0.009741,0.009353,0.009031500000000001,61.206745,60.488062,3.523822,0.507665,0.088166,3,10,8,4,3,10,8,3,3,10,8,3,3,10,8,3,0.04192,0.07154,0.31405,0.32823,1,1,23:01:2021,08:12:58,38,-16.138167,-62.028,500.0,lev20,Almucantar,Concepcion,292,292.83419,0.94345,0.9300999999999999,0.91535,0.90325,61.206745,60.488062,3.523822,0.507665,0.088166,3,10,8,4,3,10,8,3,3,10,8,3,3,10,8,3,0.04192,0.07154,0.31405,0.32823,1,1,23:01:2021,08:12:58,38,-16.138167,-62.028,500.0,lev20,Almucantar,Concepcion,292,292.83419,0.044619000000000006,0.026867000000000002,0.018621,0.0148255,1.2629665,61.206745,60.488062,3.523822,0.507665,0.088166,3,10,8,4,3,10,8,3,3,10,8,3,3,10,8,3,0.04192,0.07154,0.31405,0.32823,1,1,23:01:2021,08:12:58,38,-16.138167,-62.028,500.0,lev20,Almucantar,1.6591478666178545,0.07344705598940039,0.7933434922763175,BCL,Maritime,,Unknown
19:10:1998,20:45:11,Concepcion,292,292.864711,0.0819,0.04,0.026,0.0214,0.0703,0.0275,0.0128,0.008,0.0115,0.0125,0.0132,0.0135,1.684358,71.711129,70.995915,2.366169,0.216671,0.081578,4,10,7,5,4,10,7,5,4,10,7,5,4,10,7,5,0.04823,0.08132,0.35315,0.36542,1,1,23:01:2021,08:15:48,38,-16.138167,-62.028,500.0,lev20,Almucantar,Concepcion,292,292.864711,0.081578,0.042478,0.023717,0.019298,1.784027,71.711129,70.995915,2.366169,0.216671,0.081578,4,10,7,5,4,10,7,5,4,10,7,5,4,10,7,5,0.04823,0.08132,0.35315,0.36542,1,1,23:01:2021,08:15:48,38,-16.138167,-62.028,500.0,lev20,Almucantar,Concepcion,292,292.864711,1.4886499999999998,1.4983499999999998,1.49445,1.4877,0.009934499999999999,0.009741,0.009353,0.009031500000000001,71.711129,70.995915,2.366169,0.216671,0.081578,4,10,7,5,4,10,7,5,4,10,7,5,4,10,7,5,0.04823,0.08132,0.35315,0.36542,1,1,23:01:2021,08:15:48,38,-16.138167,-62.028,500.0,lev20,Almucantar,Concepcion,292,292.864711,0.94345,0.9300999999999999,0.91535,0.90325,71.711129,70.995915,2.366169,0.216671,0.081578,4,10,7,5,4,10,7,5,4,10,7,5,4,10,7,5,0.04823,0.08132,0.35315,0.36542,1,1,23:01:2021,08:15:48,38,-16.138167,-62.028,500.0,lev20,Almucantar,Concepcion,292,292.864711,0.044619000000000006,0.026867000000000002,0.018621,0.0148255,1.2629665,71.711129,70.995915,2.366169,0.216671,0.081578,4,10,7,5,4,10,7,5,4,10,7,5,4,10,7,5,0.04823,0.08132,0.35315,0.36542,1,1,23:01:2021,08:15:48,38,-16.138167,-62.028,500.0,lev20,Almucantar,1.6831030381717433,0.06604539145087712,0.7837934041153988,BCL,Maritime,,Unknown
19:10:1998,21:06:02,Concepcion,292,292.87919,0.0841,0.0413,0.0259,0.0209,0.0743,0.031,0.015,0.0097,0.0098,0.0103,0.0109,0.0113,1.722882,76.669852,75.957905,2.022527,0.078402,0.084147,4,10,7,5,4,10,7,5,4,10,7,5,4,10,7,5,0.05286,0.08844,0.38116,0.39205,1,1,23:01:2021,08:17:54,38,-16.138167,-62.028,500.0,lev20,Almucantar,Concepcion,292,292.87919,0.084147,0.042267,0.024624,0.019922,1.784392,76.669852,75.957905,2.022527,0.078402,0.084147,4,10,7,5,4,10,7,5,4,10,7,5,4,10,7,5,0.05286,0.08844,0.38116,0.39205,1,1,23:01:2021,08:17:54,38,-16.138167,-62.028,500.0,lev20,Almucantar,Concepcion,292,292.87919,1.4886499999999998,1.4983499999999998,1.49445,1.4877,0.009934499999999999,0.009741,0.009353,0.009031500000000001,76.669852,75.957905,2.022527,0.078402,0.084147,4,10,7,5,4,10,7,5,4,10,7,5,4,10,7,5,0.05286,0.08844,0.38116,0.39205,1,1,23:01:2021,08:17:54,38,-16.138167,-62.028,500.0,lev20,Almucantar,Concepcion,292,292.87919,0.94345,0.9300999999999999,0.91535,0.90325,76.669852,75.957905,2.022527,0.078402,0.084147,4,10,7,5,4,10,7,5,4,10,7,5,4,10,7,5,0.05286,0.08844,0.38116,0.39205,1,1,23:01:2021,08:17:54,38,-16.138167,-62.028,500.0,lev20,Almucantar,Concepcion,292,292.87919,0.044619000000000006,0.026867000000000002,0.018621,0.0148255,1.2629665,76.669852,75.957905,2.022527,0.078402,0.084147,4,10,7,5,4,10,7,5,4,10,7,5,4,10,7,5,0.05286,0.08844,0.38116,0.39205,1,1,23:01:2021,08:17:54,38,-16.138167,-62.028,500.0,lev20,Almucantar,1.727639230332664,0.06743449076273812,0.8283207700142272,BCL,Unclassified,,Unknown
20:10:1998,10:44:39,Concepcion,293,293.447674,0.2408,0.1007,0.057,0.0411,0.2273,0.0858,0.041,0.0247,0.0135,0.0149,0.0161,0.0164,2.108272,74.082111,74.795553,1.935574,0.129988,0.240238,4,10,7,5,4,10,7,5,4,10,7,5,4,10,7,5,0.05052,0.08537,0.37067,0.38582,1,1,21:06:2023,08:57:54,38,-16.138167,-62.028,500.0,lev20,Almucantar,Concepcion,293,293.447674,0.240238,0.101337,0.056854,0.039088,2.106437,74.082111,74.795553,1.935574,0.129988,0.240238,4,10,7,5,4,10,7,5,4,10,7,5,4,10,7,5,0.05052,0.08537,0.37067,0.38582,1,1,21:06:2023,08:57:54,38,-16.138167,-62.028,500.0,lev20,Almucantar,Concepcion,293,293.447674,1.4886499999999998,1.4983499999999998,1.49445,1.4877,0.009934499999999999,0.009741,0.009353,0.009031500000000001,74.082111,74.795553,1.935574,0.129988,0.240238,4,10,7,5,4,10,7,5,4,10,7,5,4,10,7,5,0.05052,0.08537,0.37067,0.38582,1,1,21:06:2023,08:57:54,38,-16.138167,-62.028,500.0,lev20,Almucantar,Concepcion,293,293.447674,0.94345,0.9300999999999999,0.91535,0.90325,74.082111,74.795553,1.935574,0.129988,0.240238,4,10,7,5,4,10,7,5,4,10,7,5,4,10,7,5,0.05052,0.08537,0.37067,0.38582,1,1,21:06:2023,08:57:54,38,-16.138167,-62.028,500.0,lev20,Almucantar,Concepcion,293,293.447674,0.044619000000000006,0.026867000000000002,0.018621,0.0148255,1.2629665,74.082111,74.795553,1.935574,0.129988,0.240238,4,10,7,5,4,10,7,5,4,10,7,5,4,10,7,5,0.05052,0.08537,0.37067,0.38582,1,1,21:06:2023,08:57:54,38,-16.138167,-62.028,500.0,lev20,Almucantar,2.113651716745568,0.18378589910420204,0.9119082133783369,BCL,Unclassified,,Unknown
20:10:1998,11:05:31,Concepcion,293,293.462164,0.2318,0.0979,0.0565,0.0411,0.2187,0.0836,0.0411,0.0254,0.013,0.0143,0.0153,0.0157,2.067365,69.10843,69.824482,2.444941,0.197168,0.231005,4,10,7,5,4,10,7,5,4,10,7,5,4,10,7,4,0.04619,0.07871,0.34493,0.3604,1,1,21:06:2023,08:59:35,38,-16.138167,-62.028,500.0,lev20,Almucantar,Concepcion,293,293.462164,0.231005,0.099237,0.055602,0.037901,2.079682,69.10843,69.824482,2.444941,0.197168,0.231005,4,10,7,5,4,10,7,5,4,10,7,5,4,10,7,4,0.04619,0.07871,0.34493,0.3604,1,1,21:06:2023,08:59:35,38,-16.138167,-62.028,500.0,lev20,Almucantar,Concepcion,293,293.462164,1.4886499999999998,1.4983499999999998,1.49445,1.4877,0.009934499999999999,0.009741,0.009353,0.009031500000000001,69.10843,69.824482,2.444941,0.197168,0.231005,4,10,7,5,4,10,7,5,4,10,7,5,4,10,7,4,0.04619,0.07871,0.34493,0.3604,1,1,21:06:2023,08:59:35,38,-16.138167,-62.028,500.0,lev20,Almucantar,Concepcion,293,293.462164,0.94345,0.9300999999999999,0.91535,0.90325,69.10843,69.824482,2.444941,0.197168,0.231005,4,10,7,5,4,10,7,5,4,10,7,5,4,10,7,4,0.04619,0.07871,0.34493,0.3604,1,1,21:06:2023,08:59:35,38,-16.138167,-62.028,500.0,lev20,Almucantar,Concepcion,293,293.462164,0.044619000000000006,0.026867000000000002,0.018621,0.0148255,1.2629665,69.10843,69.824482,2.444941,0.197168,0.231005,4,10,7,5,4,10,7,5,4,10,7,5,4,10,7,4,0.04619,0.07871,0.34493,0.3604,1,1,21:06:2023,08:59:35,38,-16.138167,-62.028,500.0,lev20,Almucantar,2.0706997453637377,0.17789089289156007,0.9108196441356781,BCL,Unclassified,,Unknown
20:10:1998,11:49:31,Concepcion,293,293.49272,0.2194,0.093,0.0543,0.0398,0.2083,0.0813,0.042,0.027,0.0111,0.0117,0.0123,0.0128,2.046421,58.578251,59.297483,1.874735,0.367004,0.218831,4,10,7,4,4,10,7,4,3,11,7,4,3,11,7,4,0.04063,0.0699,0.30899,0.32511,1,1,21:06:2023,09:01:15,38,-16.138167,-62.028,500.0,lev20,Almucantar,Concepcion,293,293.49272,0.218831,0.095827,0.051883,0.033576,2.094759,58.578251,59.297483,1.874735,0.367004,0.218831,4,10,7,4,4,10,7,4,3,11,7,4,3,11,7,4,0.04063,0.0699,0.30899,0.32511,1,1,21:06:2023,09:01:15,38,-16.138167,-62.028,500.0,lev20,Almucantar,Concepcion,293,293.49272,1.4886499999999998,1.4983499999999998,1.49445,1.4877,0.009934499999999999,0.009741,0.009353,0.009031500000000001,58.578251,59.297483,1.874735,0.367004,0.218831,4,10,7,4,4,10,7,4,3,11,7,4,3,11,7,4,0.04063,0.0699,0.30899,0.32511,1,1,21:06:2023,09:01:15,38,-16.138167,-62.028,500.0,lev20,Almucantar,Concepcion,293,293.49272,0.94345,0.9300999999999999,0.91535,0.90325,58.578251,59.297483,1.874735,0.367004,0.218831,4,10,7,4,4,10,7,4,3,11,7,4,3,11,7,4,0.04063,0.0699,0.30899,0.32511,1,1,21:06:2023,09:01:15,38,-16.138167,-62.028,500.0,lev20,Almucantar,Concepcion,293,293.49272,0.044619000000000006,0.026867000000000002,0.018621,0.0148255,1.2629665,58.578251,59.297483,1.874735,0.367004,0.218831,4,10,7,4,4,10,7,4,3,11,7,4,3,11,7,4,0.04063,0.0699,0.30899,0.32511,1,1,21:06:2023,09:01:15,38,-16.138167,-62.028,500.0,lev20,Almucantar,2.0483122464272534,0.16885728445482764,0.9220774767768894,BCL,Unclassified,,Unknown
20:10:1998,12:14:39,Concepcion,293,293.510174,0.2176,0.0991,0.0618,0.0476,0.1966,0.0765,0.0385,0.024,0.021,0.0226,0.0234,0.0236,1.847911,52.548418,53.268465,2.058038,0.431214,0.216547,3,10,8,3,3,10,8,3,3,10,8,3,4,10,8,3,0.03875,0.06682,0.29556,0.31196,1,1,21:06:2023,09:03:25,38,-16.138167,-62.028,500.0,lev20,Almucantar,Concepcion,293,293.510174,0.216547,0.102902,0.058398,0.040581,1.905399,52.548418,53.268465,2.058038,0.431214,0.216547,3,10,8,3,3,10,8,3,3,10,8,3,4,10,8,3,0.03875,0.06682,0.29556,0.31196,1,1,21:06:2023,09:03:25,38,-16.138167,-62.028,500.0,lev20,Almucantar,Concepcion,293,293.510174,1.4886499999999998,1.4983499999999998,1.49445,1.4877,0.009934499999999999,0.009741,0.009353,0.009031500000000001,52.548418,53.268465,2.058038,0.431214,0.216547,3,10,8,3,3,10,8,3,3,10,8,3,4,10,8,3,0.03875,0.06682,0.29556,0.31196,1,1,21:06:2023,09:03:25,38,-16.138167,-62.028,500.0,lev20,Almucantar,Concepcion,293,293.510174,0.94345,0.9300999999999999,0.91535,0.90325,52.548418,53.268465,2.058038,0.431214,0.216547,3,10,8,3,3,10,8,3,3,10,8,3,4,10,8,3,0.03875,0.06682,0.29556,0.31196,1,1,21:06:2023,09:03:25,38,-16.138167,-62.028,500.0,lev20,Almucantar,Concepcion,293,293.510174,0.044619000000000006,0.026867000000000002,0.018621,0.0148255,1.2629665,52.548418,53.268465,2.058038,0.431214,0.216547,3,10,8,3,3,10,8,3,3,10,8,3,4,10,8,3,0.03875,0.06682,0.29556,0.31196,1,1,21:06:2023,09:03:25,38,-16.138167,-62.028,500.0,lev20,Almucantar,1.8464442122396136,0.1718498836112657,0.8502761331782388,BCL,Unclassified,,Unknown
20:10:1998,20:45:19,Concepcion,293,293.864803,0.4004,0.159,0.0839,0.0588,0.3878,0.1459,0.0698,0.0442,0.0125,0.0132,0.014,0.0146,2.281214,71.699341,70.984609,2.890422,0.128469,0.399843,4,10,7,5,4,10,7,5,4,10,7,5,4,10,7,5,0.0482,0.08128,0.35308,0.36536,1,1,21:06:2023,09:06:59,38,-16.138167,-62.028,500.0,lev20,Almucantar,Concepcion,293,293.864803,0.399843,0.159612,0.082744,0.056631,2.296312,71.699341,70.984609,2.890422,0.128469,0.399843,4,10,7,5,4,10,7,5,4,10,7,5,4,10,7,5,0.0482,0.08128,0.35308,0.36536,1,1,21:06:2023,09:06:59,38,-16.138167,-62.028,500.0,lev20,Almucantar,Concepcion,293,293.864803,1.4886499999999998,1.4983499999999998,1.49445,1.4877,0.009934499999999999,0.009741,0.009353,0.009031500000000001,71.699341,70.984609,2.890422,0.128469,0.399843,4,10,7,5,4,10,7,5,4,10,7,5,4,10,7,5,0.0482,0.08128,0.35308,0.36536,1,1,21:06:2023,09:06:59,38,-16.138167,-62.028,500.0,lev20,Almucantar,Concepcion,293,293.864803,0.94345,0.9300999999999999,0.91535,0.90325,71.699341,70.984609,2.890422,0.128469,0.399843,4,10,7,5,4,10,7,5,4,10,7,5,4,10,7,5,0.0482,0.08128,0.35308,0.36536,1,1,21:06:2023,09:06:59,38,-16.138167,-62.028,500.0,lev20,Almucantar,Concepcion,293,293.864803,0.044619000000000006,0.026867000000000002,0.018621,0.0148255,1.2629665,71.699341,70.984609,2.890422,0.128469,0.399843,4,10,7,5,4,10,7,5,4,10,7,5,4,10,7,5,0.0482,0.08128,0.35308,0.36536,1,1,21:06:2023,09:06:59,38,-16.138167,-62.028,500.0,lev20,Almucantar,2.2924982510520966,0.29869000614505076,0.9516178908310874,BCL,Urban,,Unknown
20:10:1998,21:06:12,Concepcion,293,293.879306,0.3975,0.1574,0.083,0.0572,0.3865,0.1459,0.0709,0.0445,0.011,0.0115,0.0122,0.0126,2.286535,76.662258,75.950889,1.978982,0.050053,0.397464,4,10,7,5,4,10,7,5,4,10,7,5,4,10,7,5,0.05277,0.08835,0.38103,0.39193,1,1,21:06:2023,09:09:09,38,-16.138167,-62.028,500.0,lev20,Almucantar,Concepcion,293,293.879306,0.397464,0.15753,0.082637,0.056645,2.291951,76.662258,75.950889,1.978982,0.050053,0.397464,4,10,7,5,4,10,7,5,4,10,7,5,4,10,7,5,0.05277,0.08835,0.38103,0.39193,1,1,21:06:2023,09:09:09,38,-16.138167,-62.028,500.0,lev20,Almucantar,Concepcion,293,293.879306,1.4886499999999998,1.4983499999999998,1.49445,1.4877,0.009934499999999999,0.009741,0.009353,0.009031500000000001,76.662258,75.950889,1.978982,0.050053,0.397464,4,10,7,5,4,10,7,5,4,10,7,5,4,10,7,5,0.05277,0.08835,0.38103,0.39193,1,1,21:06:2023,09:09:09,38,-16.138167,-62.028,500.0,lev20,Almucantar,Concepcion,293,293.879306,0.94345,0.9300999999999999,0.91535,0.90325,76.662258,75.950889,1.978982,0.050053,0.397464,4,10,7,5,4,10,7,5,4,10,7,5,4,10,7,5,0.05277,0.08835,0.38103,0.39193,1,1,21:06:2023,09:09:09,38,-16.138167,-62.028,500.0,lev20,Almucantar,Concepcion,293,293.879306,0.044619000000000006,0.026867000000000002,0.018621,0.0148255,1.2629665,76.662258,75.950889,1.978982,0.050053,0.397464,4,10,7,5,4,10,7,5,4,10,7,5,4,10,7,5,0.05277,0.08835,0.38103,0.39193,1,1,21:06:2023,09:09:09,38,-16.138167,-62.028,500.0,lev20,Almucantar,2.2976556472627094,0.29633123509044595,0.9580897960676084,BCL,Urban,,Unknown
21:10:1998,11:05:01,Concepcion,294,294.461817,0.4332,0.1961,0.1148,0.0823,0.4136,0.1753,0.0929,0.0597,0.0196,0.0208,0.0219,0.0226,1.940368,69.105207,69.820786,2.053257,0.050765,0.432715,4,10,7,5,4,10,7,5,4,10,7,5,4,10,7,5,0.04619,0.0787,0.34492,0.36038,1,1,21:06:2023,09:07:11,38,-16.138167,-62.028,500.0,lev20,Almucantar,Concepcion,294,294.461817,0.432715,0.195915,0.114346,0.081598,1.944052,69.105207,69.820786,2.053257,0.050765,0.432715,4,10,7,5,4,10,7,5,4,10,7,5,4,10,7,5,0.04619,0.0787,0.34492,0.36038,1,1,21:06:2023,09:07:11,38,-16.138167,-62.028,500.0,lev20,Almucantar,Concepcion,294,294.461817,1.4454,1.4723,1.477,1.472,0.006248,0.006217,0.006112,0.006055,69.105207,69.820786,2.053257,0.050765,0.432715,4,10,7,5,4,10,7,5,4,10,7,5,4,10,7,5,0.04619,0.0787,0.34492,0.36038,1,1,21:06:2023,09:07:11,38,-16.138167,-62.028,500.0,lev20,Almucantar,Concepcion,294,294.461817,0.952,0.9347,0.9174,0.9042,69.105207,69.820786,2.053257,0.050765,0.432715,4,10,7,5,4,10,7,5,4,10,7,5,4,10,7,5,0.04619,0.0787,0.34492,0.36038,1,1,21:06:2023,09:07:11,38,-16.138167,-62.028,500.0,lev20,Almucantar,Concepcion,294,294.461817,0.020783,0.012811,0.009487,0.007878,1.149732,69.105207,69.820786,2.053257,0.050765,0.432715,4,10,7,5,4,10,7,5,4,10,7,5,4,10,7,5,0.04619,0.0787,0.34492,0.36038,1,1,21:06:2023,09:07:11,38,-16.138167,-62.028,500.0,lev20,Almucantar,1.9480299580772273,0.3377061969842508,0.9333692712279998,FNA,Urban,,Unknown
21:10:1998,12:14:09,Concepcion,294,294.509826,0.4265,0.1942,0.1142,0.0832,0.4068,0.1734,0.0923,0.0606,0.0197,0.0208,0.0219,0.0226,1.92533,52.552175,53.272095,2.841931,0.38815,0.426047,3,10,8,3,3,10,8,3,3,10,8,3,4,10,8,3,0.03875,0.06683,0.29558,0.31197,1,1,21:06:2023,09:10:37,38,-16.138167,-62.028,500.0,lev20,Almucantar,Concepcion,294,294.509826,0.426047,0.196052,0.110788,0.076112,1.961162,52.552175,53.272095,2.841931,0.38815,0.426047,3,10,8,3,3,10,8,3,3,10,8,3,4,10,8,3,0.03875,0.06683,0.29558,0.31197,1,1,21:06:2023,09:10:37,38,-16.138167,-62.028,500.0,lev20,Almucantar,Concepcion,294,294.509826,1.4481,1.4843,1.497,1.5025,0.00159,0.001578,0.001566,0.001562,52.552175,53.272095,2.841931,0.38815,0.426047,3,10,8,3,3,10,8,3,3,10,8,3,4,10,8,3,0.03875,0.06683,0.29558,0.31197,1,1,21:06:2023,09:10:37,38,-16.138167,-62.028,500.0,lev20,Almucantar,Concepcion,294,294.509826,0.9859,0.981,0.9761,0.9726,52.552175,53.272095,2.841931,0.38815,0.426047,3,10,8,3,3,10,8,3,3,10,8,3,4,10,8,3,0.03875,0.06683,0.29558,0.31197,1,1,21:06:2023,09:10:37,38,-16.138167,-62.028,500.0,lev20,Almucantar,Concepcion,294,294.509826,0.006013,0.003685,0.002736,0.002278,1.15569,52.552175,53.272095,2.841931,0.38815,0.426047,3,10,8,3,3,10,8,3,3,10,8,3,4,10,8,3,0.03875,0.06683,0.29558,0.31197,1,1,21:06:2023,09:10:37,38,-16.138167,-62.028,500.0,lev20,Almucantar,1.93285219516891,0.3331288507050407,0.9315838036887442,FNA,Urban,,Unknown
22:10:1998,10:43:34,Concepcion,295,295.446921,0.763,0.3414,0.1881,0.1247,0.7536,0.3317,0.1782,0.1146,0.0094,0.0097,0.0099,0.01,2.038177,74.092039,74.804311,4.20906,0.054467,0.762559,4,10,7,5,4,10,7,5,4,10,7,5,4,10,7,5,0.04989,0.08471,0.37003,0.3851,1,1,21:06:2023,09:00:53,38,-16.138167,-62.028,500.0,lev20,Almucantar,Concepcion,295,295.446921,0.762559,0.340756,0.187823,0.124455,2.039679,74.092039,74.804311,4.20906,0.054467,0.762559,4,10,7,5,4,10,7,5,4,10,7,5,4,10,7,5,0.04989,0.08471,0.37003,0.3851,1,1,21:06:2023,09:00:53,38,-16.138167,-62.028,500.0,lev20,Almucantar,Concepcion,295,295.446921,1.5171,1.4869,1.4664,1.4453,0.01293,0.013482,0.013592,0.013556,74.092039,74.804311,4.20906,0.054467,0.762559,4,10,7,5,4,10,7,5,4,10,7,5,4,10,7,5,0.04989,0.08471,0.37003,0.3851,1,1,21:06:2023,09:00:53,38,-16.138167,-62.028,500.0,lev20,Almucantar,Concepcion,295,295.446921,0.9342,0.9114,0.8836,0.8576,74.092039,74.804311,4.20906,0.054467,0.762559,4,10,7,5,4,10,7,5,4,10,7,5,4,10,7,5,0.04989,0.08471,0.37003,0.3851,1,1,21:06:2023,09:00:53,38,-16.138167,-62.028,500.0,lev20,Almucantar,Concepcion,295,295.446921,0.050241,0.030251,0.021893,0.01775,1.216551,74.092039,74.804311,4.20906,0.054467,0.762559,4,10,7,5,4,10,7,5,4,10,7,5,4,10,7,5,0.04989,0.08471,0.37003,0.3851,1,1,21:06:2023,09:00:53,38,-16.138167,-62.028,500.0,lev20,Almucantar,2.0540506474884266,0.5867986887940029,0.9825664378404599,BCL,Arid,,Unknown
22:10:1998,11:04:30,Concepcion,295,295.461458,0.7004,0.3089,0.1678,0.1111,0.6898,0.298,0.1564,0.0991,0.0106,0.0109,0.0114,0.0119,2.079305,69.10988,69.824951,2.66069,0.076079,0.700308,4,10,7,5,4,10,7,5,4,10,7,5,4,10,7,5,0.046,0.07851,0.34473,0.36016,1,1,21:06:2023,09:03:03,38,-16.138167,-62.028,500.0,lev20,Almucantar,Concepcion,295,295.461458,0.700308,0.308855,0.167802,0.110302,2.079123,69.10988,69.824951,2.66069,0.076079,0.700308,4,10,7,5,4,10,7,5,4,10,7,5,4,10,7,5,0.046,0.07851,0.34473,0.36016,1,1,21:06:2023,09:03:03,38,-16.138167,-62.028,500.0,lev20,Almucantar,Concepcion,295,295.461458,1.569,1.5234,1.4994,1.4769,0.013972,0.014619,0.014429,0.014257,69.10988,69.824951,2.66069,0.076079,0.700308,4,10,7,5,4,10,7,5,4,10,7,5,4,10,7,5,0.046,0.07851,0.34473,0.36016,1,1,21:06:2023,09:03:03,38,-16.138167,-62.028,500.0,lev20,Almucantar,Concepcion,295,295.461458,0.9341,0.911,0.8853,0.8617,69.10988,69.824951,2.66069,0.076079,0.700308,4,10,7,5,4,10,7,5,4,10,7,5,4,10,7,5,0.046,0.07851,0.34473,0.36016,1,1,21:06:2023,09:03:03,38,-16.138167,-62.028,500.0,lev20,Almucantar,Concepcion,295,295.461458,0.04616,0.027492,0.019253,0.015354,1.276758,69.10988,69.824951,2.66069,0.076079,0.700308,4,10,7,5,4,10,7,5,4,10,7,5,4,10,7,5,0.046,0.07851,0.34473,0.36016,1,1,21:06:2023,09:03:03,38,-16.138167,-62.028,500.0,lev20,Almucantar,2.09599539747152,0.5357745420534642,0.9791854031788539,BCL,Arid,,Unknown
22:10:1998,11:48:30,Concepcion,295,295.492014,0.5971,0.2614,0.141,0.0945,0.5876,0.2516,0.1307,0.0839,0.0095,0.0098,0.0102,0.0106,2.100109,58.590986,59.309642,2.656959,0.248732,0.596818,4,10,7,4,4,10,7,4,3,11,7,4,3,11,7,4,0.04068,0.06995,0.30906,0.32517,1,1,21:06:2023,09:04:53,38,-16.138167,-62.028,500.0,lev20,Almucantar,Concepcion,295,295.492014,0.596818,0.262735,0.14095,0.090451,2.098573,58.590986,59.309642,2.656959,0.248732,0.596818,4,10,7,4,4,10,7,4,3,11,7,4,3,11,7,4,0.04068,0.06995,0.30906,0.32517,1,1,21:06:2023,09:04:53,38,-16.138167,-62.028,500.0,lev20,Almucantar,Concepcion,295,295.492014,1.5441,1.5177,1.4965,1.4798,0.013861,0.014048,0.013766,0.013641,58.590986,59.309642,2.656959,0.248732,0.596818,4,10,7,4,4,10,7,4,3,11,7,4,3,11,7,4,0.04068,0.06995,0.30906,0.32517,1,1,21:06:2023,09:04:53,38,-16.138167,-62.028,500.0,lev20,Almucantar,Concepcion,295,295.492014,0.9332,0.911,0.885,0.8623,58.590986,59.309642,2.656959,0.248732,0.596818,4,10,7,4,4,10,7,4,3,11,7,4,3,11,7,4,0.04068,0.06995,0.30906,0.32517,1,1,21:06:2023,09:04:53,38,-16.138167,-62.028,500.0,lev20,Almucantar,Concepcion,295,295.492014,0.039914,0.023269,0.016207,0.013019,1.317298,58.590986,59.309642,2.656959,0.248732,0.596818,4,10,7,4,4,10,7,4,3,11,7,4,3,11,7,4,0.04068,0.06995,0.30906,0.32517,1,1,21:06:2023,09:04:53,38,-16.138167,-62.028,500.0,lev20,Almucantar,2.1171858259542904,0.4555190788386127,0.977355365542452,BCL,Arid,,Unknown
22:10:1998,12:13:39,Concepcion,295,295.509479,0.622,0.274,0.1453,0.0986,0.6126,0.2643,0.1352,0.0882,0.0095,0.0098,0.0101,0.0104,2.112775,52.560716,53.280464,3.12682,0.360423,0.621039,3,10,8,3,3,10,8,3,3,10,8,3,4,10,8,3,0.03879,0.06687,0.29563,0.31202,1,1,21:06:2023,09:06:30,38,-16.138167,-62.028,500.0,lev20,Almucantar,Concepcion,295,295.509479,0.621039,0.27552,0.144392,0.092222,2.117225,52.560716,53.280464,3.12682,0.360423,0.621039,3,10,8,3,3,10,8,3,3,10,8,3,4,10,8,3,0.03879,0.06687,0.29563,0.31202,1,1,21:06:2023,09:06:30,38,-16.138167,-62.028,500.0,lev20,Almucantar,Concepcion,295,295.509479,1.5134,1.5196,1.5078,1.5042,0.005255,0.005221,0.005186,0.005172,52.560716,53.280464,3.12682,0.360423,0.621039,3,10,8,3,3,10,8,3,3,10,8,3,4,10,8,3,0.03879,0.06687,0.29563,0.31202,1,1,21:06:2023,09:06:30,38,-16.138167,-62.028,500.0,lev20,Almucantar,Concepcion,295,295.509479,0.9712,0.9626,0.9506,0.9413,52.560716,53.280464,3.12682,0.360423,0.621039,3,10,8,3,3,10,8,3,3,10,8,3,4,10,8,3,0.03879,0.06687,0.29563,0.31202,1,1,21:06:2023,09:06:30,38,-16.138167,-62.028,500.0,lev20,Almucantar,Concepcion,295,295.509479,0.017917,0.010245,0.007178,0.005787,1.33971,52.560716,53.280464,3.12682,0.360423,0.621039,3,10,8,3,3,10,8,3,3,10,8,3,4,10,8,3,0.03879,0.06687,0.29563,0.31202,1,1,21:06:2023,09:06:30,38,-16.138167,-62.028,500.0,lev20,Almucantar,2.1330498654813197,0.47355361469855367,0.9783633998470016,FNA,Arid,,Unknown
04:11:1998,10:38:26,Concepcion,308,308.443356,0.1698,0.091,0.0586,0.0458,0.1493,0.0692,0.0359,0.0227,0.0204,0.0217,0.0227,0.0232,1.551691,74.093184,74.795723,2.424711,0.096596,0.169604,4,10,7,5,4,10,7,5,4,10,7,5,4,10,7,4,0.04295,0.07386,0.38611,0.39466,1,1,21:06:2023,09:21:00,38,-16.138167,-62.028,500.0,lev20,Almucantar,Concepcion,308,308.443356,0.169604,0.090918,0.058787,0.044392,1.54593,74.093184,74.795723,2.424711,0.096596,0.169604,4,10,7,5,4,10,7,5,4,10,7,5,4,10,7,4,0.04295,0.07386,0.38611,0.39466,1,1,21:06:2023,09:21:00,38,-16.138167,-62.028,500.0,lev20,Almucantar,Concepcion,308,308.443356,1.4886499999999998,1.4983499999999998,1.49445,1.4877,0.009934499999999999,0.009741,0.009353,0.009031500000000001,74.093184,74.795723,2.424711,0.096596,0.169604,4,10,7,5,4,10,7,5,4,10,7,5,4,10,7,4,0.04295,0.07386,0.38611,0.39466,1,1,21:06:2023,09:21:00,38,-16.138167,-62.028,500.0,lev20,Almucantar,Concepcion,308,308.443356,0.94345,0.9300999999999999,0.91535,0.90325,74.093184,74.795723,2.424711,0.096596,0.169604,4,10,7,5,4,10,7,5,4,10,7,5,4,10,7,4,0.04295,0.07386,0.38611,0.39466,1,1,21:06:2023,09:21:00,38,-16.138167,-62.028,500.0,lev20,Almucantar,Concepcion,308,308.443356,0.044619000000000006,0.026867000000000002,0.018621,0.0148255,1.2629665,74.093184,74.795723,2.424711,0.096596,0.169604,4,10,7,5,4,10,7,5,4,10,7,5,4,10,7,4,0.04295,0.07386,0.38611,0.39466,1,1,21:06:2023,09:21:00,38,-16.138167,-62.028,500.0,lev20,Almucantar,1.560595173982665,0.1390905460136031,0.8327458382379497,BCL,Maritime,,Unknown
06:11:1998,10:37:56,Concepcion,310,310.443009,0.0475,0.0289,0.0202,0.0168,0.0396,0.0205,0.0113,0.0077,0.0079,0.0085,0.0089,0.0091,1.246,74.089303,74.790112,2.082037,0.202368,0.04707,4,10,7,5,4,10,7,5,4,10,7,4,4,10,7,4,0.04232,0.07319,0.38536,0.39389,1,1,23:01:2021,08:24:04,38,-16.138167,-62.028,500.0,lev20,Almucantar,Concepcion,310,310.443009,0.04707,0.030665,0.019431,0.013616,1.268102,74.089303,74.790112,2.082037,0.202368,0.04707,4,10,7,5,4,10,7,5,4,10,7,4,4,10,7,4,0.04232,0.07319,0.38536,0.39389,1,1,23:01:2021,08:24:04,38,-16.138167,-62.028,500.0,lev20,Almucantar,Concepcion,310,310.443009,1.4886499999999998,1.4983499999999998,1.49445,1.4877,0.009934499999999999,0.009741,0.009353,0.009031500000000001,74.089303,74.790112,2.082037,0.202368,0.04707,4,10,7,5,4,10,7,5,4,10,7,4,4,10,7,4,0.04232,0.07319,0.38536,0.39389,1,1,23:01:2021,08:24:04,38,-16.138167,-62.028,500.0,lev20,Almucantar,Concepcion,310,310.443009,0.94345,0.9300999999999999,0.91535,0.90325,74.089303,74.790112,2.082037,0.202368,0.04707,4,10,7,5,4,10,7,5,4,10,7,4,4,10,7,4,0.04232,0.07319,0.38536,0.39389,1,1,23:01:2021,08:24:04,38,-16.138167,-62.028,500.0,lev20,Almucantar,Concepcion,310,310.443009,0.044619000000000006,0.026867000000000002,0.018621,0.0148255,1.2629665,74.089303,74.790112,2.082037,0.202368,0.04707,4,10,7,5,4,10,7,5,4,10,7,4,4,10,7,4,0.04232,0.07319,0.38536,0.39389,1,1,23:01:2021,08:24:04,38,-16.138167,-62.028,500.0,lev20,Almucantar,1.254252489521616,0.04046325938013567,0.7804335019591068,BCL,Maritime,,Unknown
06:11:1998,10:59:10,Concepcion,310,310.457755,0.0454,0.0282,0.0202,0.0169,0.0371,0.0194,0.011,0.0074,0.0082,0.0088,0.0092,0.0094,1.181488,69.112503,69.817192,1.732314,0.267931,0.044584,4,10,7,5,4,10,7,5,4,10,7,5,4,10,7,5,0.03903,0.06797,0.35978,0.369,1,1,23:01:2021,08:25:49,38,-16.138167,-62.028,500.0,lev20,Almucantar,Concepcion,310,310.457755,0.044584,0.030192,0.018567,0.01235,1.246989,69.112503,69.817192,1.732314,0.267931,0.044584,4,10,7,5,4,10,7,5,4,10,7,5,4,10,7,5,0.03903,0.06797,0.35978,0.369,1,1,23:01:2021,08:25:49,38,-16.138167,-62.028,500.0,lev20,Almucantar,Concepcion,310,310.457755,1.4886499999999998,1.4983499999999998,1.49445,1.4877,0.009934499999999999,0.009741,0.009353,0.009031500000000001,69.112503,69.817192,1.732314,0.267931,0.044584,4,10,7,5,4,10,7,5,4,10,7,5,4,10,7,5,0.03903,0.06797,0.35978,0.369,1,1,23:01:2021,08:25:49,38,-16.138167,-62.028,500.0,lev20,Almucantar,Concepcion,310,310.457755,0.94345,0.9300999999999999,0.91535,0.90325,69.112503,69.817192,1.732314,0.267931,0.044584,4,10,7,5,4,10,7,5,4,10,7,5,4,10,7,5,0.03903,0.06797,0.35978,0.369,1,1,23:01:2021,08:25:49,38,-16.138167,-62.028,500.0,lev20,Almucantar,Concepcion,310,310.457755,0.044619000000000006,0.026867000000000002,0.018621,0.0148255,1.2629665,69.112503,69.817192,1.732314,0.267931,0.044584,4,10,7,5,4,10,7,5,4,10,7,5,4,10,7,5,0.03903,0.06797,0.35978,0.369,1,1,23:01:2021,08:25:49,38,-16.138167,-62.028,500.0,lev20,Almucantar,1.1879236353014133,0.03900367301826258,0.7631073558800288,Unclassified,Maritime,,Unknown
06:11:1998,11:43:47,Concepcion,310,310.488738,0.045,0.0291,0.0215,0.018,0.0368,0.0203,0.0124,0.0087,0.0082,0.0088,0.0092,0.0094,1.077981,58.583556,59.293971,3.327008,0.569957,0.039279,4,10,7,4,4,10,7,4,3,11,7,4,3,11,7,4,0.03453,0.06077,0.32364,0.33404,1,1,23:01:2021,08:28:01,38,-16.138167,-62.028,500.0,lev20,Almucantar,Concepcion,310,310.488738,0.039279,0.029762,0.016964,0.009041,1.171438,58.583556,59.293971,3.327008,0.569957,0.039279,4,10,7,4,4,10,7,4,3,11,7,4,3,11,7,4,0.03453,0.06077,0.32364,0.33404,1,1,23:01:2021,08:28:01,38,-16.138167,-62.028,500.0,lev20,Almucantar,Concepcion,310,310.488738,1.4886499999999998,1.4983499999999998,1.49445,1.4877,0.009934499999999999,0.009741,0.009353,0.009031500000000001,58.583556,59.293971,3.327008,0.569957,0.039279,4,10,7,4,4,10,7,4,3,11,7,4,3,11,7,4,0.03453,0.06077,0.32364,0.33404,1,1,23:01:2021,08:28:01,38,-16.138167,-62.028,500.0,lev20,Almucantar,Concepcion,310,310.488738,0.94345,0.9300999999999999,0.91535,0.90325,58.583556,59.293971,3.327008,0.569957,0.039279,4,10,7,4,4,10,7,4,3,11,7,4,3,11,7,4,0.03453,0.06077,0.32364,0.33404,1,1,23:01:2021,08:28:01,38,-16.138167,-62.028,500.0,lev20,Almucantar,Concepcion,310,310.488738,0.044619000000000006,0.026867000000000002,0.018621,0.0148255,1.2629665,58.583556,59.293971,3.327008,0.569957,0.039279,4,10,7,4,4,10,7,4,3,11,7,4,3,11,7,4,0.03453,0.06077,0.32364,0.33404,1,1,23:01:2021,08:28:01,38,-16.138167,-62.028,500.0,lev20,Almucantar,1.083452438468622,0.03917979231418287,0.7657631662798048,Unclassified,Maritime,,Unknown
07:11:1998,10:37:44,Concepcion,311,311.44287,0.0922,0.0503,0.032,0.0248,0.0841,0.0419,0.0231,0.0156,0.0082,0.0084,0.0088,0.0092,1.539848,74.082397,74.782332,2.053762,0.166413,0.092201,4,10,7,5,4,10,7,5,4,10,7,5,3,10,7,5,0.04235,0.07322,0.3854,0.39388,1,1,21:06:2023,09:07:28,38,-16.138167,-62.028,500.0,lev20,Almucantar,Concepcion,311,311.44287,0.092201,0.051466,0.03153,0.02196,1.553635,74.082397,74.782332,2.053762,0.166413,0.092201,4,10,7,5,4,10,7,5,4,10,7,5,3,10,7,5,0.04235,0.07322,0.3854,0.39388,1,1,21:06:2023,09:07:28,38,-16.138167,-62.028,500.0,lev20,Almucantar,Concepcion,311,311.44287,1.4886499999999998,1.4983499999999998,1.49445,1.4877,0.009934499999999999,0.009741,0.009353,0.009031500000000001,74.082397,74.782332,2.053762,0.166413,0.092201,4,10,7,5,4,10,7,5,4,10,7,5,3,10,7,5,0.04235,0.07322,0.3854,0.39388,1,1,21:06:2023,09:07:28,38,-16.138167,-62.028,500.0,lev20,Almucantar,Concepcion,311,311.44287,0.94345,0.9300999999999999,0.91535,0.90325,74.082397,74.782332,2.053762,0.166413,0.092201,4,10,7,5,4,10,7,5,4,10,7,5,3,10,7,5,0.04235,0.07322,0.3854,0.39388,1,1,21:06:2023,09:07:28,38,-16.138167,-62.028,500.0,lev20,Almucantar,Concepcion,311,311.44287,0.044619000000000006,0.026867000000000002,0.018621,0.0148255,1.2629665,74.082397,74.782332,2.053762,0.166413,0.092201,4,10,7,5,4,10,7,5,4,10,7,5,3,10,7,5,0.04235,0.07322,0.3854,0.39388,1,1,21:06:2023,09:07:28,38,-16.138167,-62.028,500.0,lev20,Almucantar,1.5522891801476164,0.07560525346931218,0.882012161115875,BCL,Maritime,,Unknown
07:11:1998,10:59:01,Concepcion,311,311.45765,0.0993,0.0536,0.0341,0.0262,0.0911,0.0451,0.0253,0.0171,0.0082,0.0085,0.0088,0.0091,1.556435,69.099845,69.803717,1.590371,0.196334,0.099208,4,10,7,5,4,10,7,5,4,10,7,5,4,10,7,5,0.03905,0.06798,0.35979,0.36896,1,1,21:06:2023,09:09:00,38,-16.138167,-62.028,500.0,lev20,Almucantar,Concepcion,311,311.45765,0.099208,0.055519,0.033364,0.022875,1.574936,69.099845,69.803717,1.590371,0.196334,0.099208,4,10,7,5,4,10,7,5,4,10,7,5,4,10,7,5,0.03905,0.06798,0.35979,0.36896,1,1,21:06:2023,09:09:00,38,-16.138167,-62.028,500.0,lev20,Almucantar,Concepcion,311,311.45765,1.4886499999999998,1.4983499999999998,1.49445,1.4877,0.009934499999999999,0.009741,0.009353,0.009031500000000001,69.099845,69.803717,1.590371,0.196334,0.099208,4,10,7,5,4,10,7,5,4,10,7,5,4,10,7,5,0.03905,0.06798,0.35979,0.36896,1,1,21:06:2023,09:09:00,38,-16.138167,-62.028,500.0,lev20,Almucantar,Concepcion,311,311.45765,0.94345,0.9300999999999999,0.91535,0.90325,69.099845,69.803717,1.590371,0.196334,0.099208,4,10,7,5,4,10,7,5,4,10,7,5,4,10,7,5,0.03905,0.06798,0.35979,0.36896,1,1,21:06:2023,09:09:00,38,-16.138167,-62.028,500.0,lev20,Almucantar,Concepcion,311,311.45765,0.044619000000000006,0.026867000000000002,0.018621,0.0148255,1.2629665,69.099845,69.803717,1.590371,0.196334,0.099208,4,10,7,5,4,10,7,5,4,10,7,5,4,10,7,5,0.03905,0.06798,0.35979,0.36896,1,1,21:06:2023,09:09:00,38,-16.138167,-62.028,500.0,lev20,Almucantar,1.5678732654213838,0.0812652946574253,0.8885996724866664,BCL,Maritime,,Unknown
07:11:1998,11:43:37,Concepcion,311,311.488623,0.0865,0.0494,0.032,0.0252,0.0782,0.0407,0.0229,0.0158,0.0083,0.0087,0.0091,0.0094,1.444708,58.586287,59.295968,2.292577,0.404387,0.085094,4,10,7,4,4,10,7,4,3,11,7,4,3,11,7,4,0.03453,0.06077,0.32362,0.33404,1,1,21:06:2023,09:10:26,38,-16.138167,-62.028,500.0,lev20,Almucantar,Concepcion,311,311.488623,0.085094,0.052093,0.030209,0.018644,1.48163,58.586287,59.295968,2.292577,0.404387,0.085094,4,10,7,4,4,10,7,4,3,11,7,4,3,11,7,4,0.03453,0.06077,0.32362,0.33404,1,1,21:06:2023,09:10:26,38,-16.138167,-62.028,500.0,lev20,Almucantar,Concepcion,311,311.488623,1.4886499999999998,1.4983499999999998,1.49445,1.4877,0.009934499999999999,0.009741,0.009353,0.009031500000000001,58.586287,59.295968,2.292577,0.404387,0.085094,4,10,7,4,4,10,7,4,3,11,7,4,3,11,7,4,0.03453,0.06077,0.32362,0.33404,1,1,21:06:2023,09:10:26,38,-16.138167,-62.028,500.0,lev20,Almucantar,Concepcion,311,311.488623,0.94345,0.9300999999999999,0.91535,0.90325,58.586287,59.295968,2.292577,0.404387,0.085094,4,10,7,4,4,10,7,4,3,11,7,4,3,11,7,4,0.03453,0.06077,0.32362,0.33404,1,1,21:06:2023,09:10:26,38,-16.138167,-62.028,500.0,lev20,Almucantar,Concepcion,311,311.488623,0.044619000000000006,0.026867000000000002,0.018621,0.0148255,1.2629665,58.586287,59.295968,2.292577,0.404387,0.085094,4,10,7,4,4,10,7,4,3,11,7,4,3,11,7,4,0.03453,0.06077,0.32362,0.33404,1,1,21:06:2023,09:10:26,38,-16.138167,-62.028,500.0,lev20,Almucantar,1.4586791078765127,0.07178507214735601,0.872590313210219,BCL,Maritime,,Unknown
19:11:1998,10:36:27,Concepcion,323,323.441979,0.0927,0.0525,0.0366,0.0304,0.0757,0.0336,0.0167,0.0103,0.017,0.0189,0.0199,0.0201,1.361285,74.094815,74.783995,2.795008,0.119009,0.092237,4,10,7,5,4,10,7,4,4,10,7,4,4,10,6,3,0.04381,0.07345,0.3858,0.39607,1,1,27:06:2023,07:48:17,38,-16.138167,-62.028,500.0,lev20,Almucantar,Concepcion,323,323.441979,0.092237,0.053201,0.036527,0.028441,1.352821,74.094815,74.783995,2.795008,0.119009,0.092237,4,10,7,5,4,10,7,4,4,10,7,4,4,10,6,3,0.04381,0.07345,0.3858,0.39607,1,1,27:06:2023,07:48:17,38,-16.138167,-62.028,500.0,lev20,Almucantar,Concepcion,323,323.441979,1.4886499999999998,1.4983499999999998,1.49445,1.4877,0.009934499999999999,0.009741,0.009353,0.009031500000000001,74.094815,74.783995,2.795008,0.119009,0.092237,4,10,7,5,4,10,7,4,4,10,7,4,4,10,6,3,0.04381,0.07345,0.3858,0.39607,1,1,27:06:2023,07:48:17,38,-16.138167,-62.028,500.0,lev20,Almucantar,Concepcion,323,323.441979,0.94345,0.9300999999999999,0.91535,0.90325,74.094815,74.783995,2.795008,0.119009,0.092237,4,10,7,5,4,10,7,4,4,10,7,4,4,10,6,3,0.04381,0.07345,0.3858,0.39607,1,1,27:06:2023,07:48:17,38,-16.138167,-62.028,500.0,lev20,Almucantar,Concepcion,323,323.441979,0.044619000000000006,0.026867000000000002,0.018621,0.0148255,1.2629665,74.094815,74.783995,2.795008,0.119009,0.092237,4,10,7,5,4,10,7,4,4,10,7,4,4,10,6,3,0.04381,0.07345,0.3858,0.39607,1,1,27:06:2023,07:48:17,38,-16.138167,-62.028,500.0,lev20,Almucantar,1.3632023378740195,0.07787505798291186,0.7396274332435212,BCL,Maritime,,Unknown
19:11:1998,10:58:03,Concepcion,323,323.456979,0.0917,0.0513,0.0353,0.0287,0.0774,0.0353,0.0185,0.0119,0.0143,0.016,0.0167,0.0168,1.397578,69.113375,69.807019,2.08557,0.136313,0.091138,4,10,7,5,4,10,7,5,4,10,7,5,3,10,6,5,0.04002,0.06766,0.36002,0.37085,1,1,27:06:2023,07:49:38,38,-16.138167,-62.028,500.0,lev20,Almucantar,Concepcion,323,323.456979,0.091138,0.052586,0.035181,0.026532,1.386277,69.113375,69.807019,2.08557,0.136313,0.091138,4,10,7,5,4,10,7,5,4,10,7,5,3,10,6,5,0.04002,0.06766,0.36002,0.37085,1,1,27:06:2023,07:49:38,38,-16.138167,-62.028,500.0,lev20,Almucantar,Concepcion,323,323.456979,1.4886499999999998,1.4983499999999998,1.49445,1.4877,0.009934499999999999,0.009741,0.009353,0.009031500000000001,69.113375,69.807019,2.08557,0.136313,0.091138,4,10,7,5,4,10,7,5,4,10,7,5,3,10,6,5,0.04002,0.06766,0.36002,0.37085,1,1,27:06:2023,07:49:38,38,-16.138167,-62.028,500.0,lev20,Almucantar,Concepcion,323,323.456979,0.94345,0.9300999999999999,0.91535,0.90325,69.113375,69.807019,2.08557,0.136313,0.091138,4,10,7,5,4,10,7,5,4,10,7,5,3,10,6,5,0.04002,0.06766,0.36002,0.37085,1,1,27:06:2023,07:49:38,38,-16.138167,-62.028,500.0,lev20,Almucantar,Concepcion,323,323.456979,0.044619000000000006,0.026867000000000002,0.018621,0.0148255,1.2629665,69.113375,69.807019,2.08557,0.136313,0.091138,4,10,7,5,4,10,7,5,4,10,7,5,3,10,6,5,0.04002,0.06766,0.36002,0.37085,1,1,27:06:2023,07:49:38,38,-16.138167,-62.028,500.0,lev20,Almucantar,1.400342570573551,0.07667010500932647,0.7754406102536124,BCL,Maritime,,Unknown
19:11:1998,11:43:18,Concepcion,323,323.488403,0.0885,0.0489,0.0338,0.0275,0.0776,0.0371,0.0213,0.0146,0.011,0.0118,0.0125,0.0129,1.411023,58.594345,59.294537,2.523361,0.438586,0.08632,4,10,7,4,4,10,7,4,3,11,7,4,3,8,7,4,0.03505,0.05992,0.32398,0.33573,1,1,27:06:2023,07:35:17,38,-16.138167,-62.028,500.0,lev20,Almucantar,Concepcion,323,323.488403,0.08632,0.049427,0.029378,0.020028,1.553597,58.594345,59.294537,2.523361,0.438586,0.08632,4,10,7,4,4,10,7,4,3,11,7,4,3,8,7,4,0.03505,0.05992,0.32398,0.33573,1,1,27:06:2023,07:35:17,38,-16.138167,-62.028,500.0,lev20,Almucantar,Concepcion,323,323.488403,1.4886499999999998,1.4983499999999998,1.49445,1.4877,0.009934499999999999,0.009741,0.009353,0.009031500000000001,58.594345,59.294537,2.523361,0.438586,0.08632,4,10,7,4,4,10,7,4,3,11,7,4,3,8,7,4,0.03505,0.05992,0.32398,0.33573,1,1,27:06:2023,07:35:17,38,-16.138167,-62.028,500.0,lev20,Almucantar,Concepcion,323,323.488403,0.94345,0.9300999999999999,0.91535,0.90325,58.594345,59.294537,2.523361,0.438586,0.08632,4,10,7,4,4,10,7,4,3,11,7,4,3,8,7,4,0.03505,0.05992,0.32398,0.33573,1,1,27:06:2023,07:35:17,38,-16.138167,-62.028,500.0,lev20,Almucantar,Concepcion,323,323.488403,0.044619000000000006,0.026867000000000002,0.018621,0.0148255,1.2629665,58.594345,59.294537,2.523361,0.438586,0.08632,4,10,7,4,4,10,7,4,3,11,7,4,3,8,7,4,0.03505,0.05992,0.32398,0.33573,1,1,27:06:2023,07:35:17,38,-16.138167,-62.028,500.0,lev20,Almucantar,1.411934355714597,0.07388502900848706,0.8267321719507243,BCL,Maritime,,Unknown
19:11:1998,12:09:03,Concepcion,323,323.506285,0.0872,0.0483,0.033,0.0264,0.0748,0.0348,0.0191,0.0125,0.0124,0.0134,0.0139,0.0139,1.422441,52.571556,53.27432,2.67769,0.533186,0.083178,3,10,8,3,3,10,8,3,3,10,8,3,4,10,8,3,0.03337,0.0572,0.31048,0.32262,1,1,27:06:2023,07:36:43,38,-16.138167,-62.028,500.0,lev20,Almucantar,Concepcion,323,323.506285,0.083178,0.049876,0.028804,0.018017,1.519408,52.571556,53.27432,2.67769,0.533186,0.083178,3,10,8,3,3,10,8,3,3,10,8,3,4,10,8,3,0.03337,0.0572,0.31048,0.32262,1,1,27:06:2023,07:36:43,38,-16.138167,-62.028,500.0,lev20,Almucantar,Concepcion,323,323.506285,1.4886499999999998,1.4983499999999998,1.49445,1.4877,0.009934499999999999,0.009741,0.009353,0.009031500000000001,52.571556,53.27432,2.67769,0.533186,0.083178,3,10,8,3,3,10,8,3,3,10,8,3,4,10,8,3,0.03337,0.0572,0.31048,0.32262,1,1,27:06:2023,07:36:43,38,-16.138167,-62.028,500.0,lev20,Almucantar,Concepcion,323,323.506285,0.94345,0.9300999999999999,0.91535,0.90325,52.571556,53.27432,2.67769,0.533186,0.083178,3,10,8,3,3,10,8,3,3,10,8,3,4,10,8,3,0.03337,0.0572,0.31048,0.32262,1,1,27:06:2023,07:36:43,38,-16.138167,-62.028,500.0,lev20,Almucantar,Concepcion,323,323.506285,0.044619000000000006,0.026867000000000002,0.018621,0.0148255,1.2629665,52.571556,53.27432,2.67769,0.533186,0.083178,3,10,8,3,3,10,8,3,3,10,8,3,4,10,8,3,0.03337,0.0572,0.31048,0.32262,1,1,27:06:2023,07:36:43,38,-16.138167,-62.028,500.0,lev20,Almucantar,1.4253636819372588,0.07267484297712648,0.7985499924666193,BCL,Maritime,,Unknown
19:11:1998,20:09:11,Concepcion,323,323.839711,0.1309,0.0705,0.0469,0.0383,0.1137,0.0516,0.0273,0.0185,0.0172,0.0189,0.0196,0.0198,1.501252,61.25334,60.554566,4.193347,0.411874,0.129189,3,6,7,3,3,5,7,3,3,10,7,3,3,10,6,3,0.0362,0.06136,0.3292,0.339,1,1,27:06:2023,07:38:05,38,-16.138167,-62.028,500.0,lev20,Almucantar,Concepcion,323,323.839711,0.129189,0.070289,0.041139,0.032139,1.653607,61.25334,60.554566,4.193347,0.411874,0.129189,3,6,7,3,3,5,7,3,3,10,7,3,3,10,6,3,0.0362,0.06136,0.3292,0.339,1,1,27:06:2023,07:38:05,38,-16.138167,-62.028,500.0,lev20,Almucantar,Concepcion,323,323.839711,1.4886499999999998,1.4983499999999998,1.49445,1.4877,0.009934499999999999,0.009741,0.009353,0.009031500000000001,61.25334,60.554566,4.193347,0.411874,0.129189,3,6,7,3,3,5,7,3,3,10,7,3,3,10,6,3,0.0362,0.06136,0.3292,0.339,1,1,27:06:2023,07:38:05,38,-16.138167,-62.028,500.0,lev20,Almucantar,Concepcion,323,323.839711,0.94345,0.9300999999999999,0.91535,0.90325,61.25334,60.554566,4.193347,0.411874,0.129189,3,6,7,3,3,5,7,3,3,10,7,3,3,10,6,3,0.0362,0.06136,0.3292,0.339,1,1,27:06:2023,07:38:05,38,-16.138167,-62.028,500.0,lev20,Almucantar,Concepcion,323,323.839711,0.044619000000000006,0.026867000000000002,0.018621,0.0148255,1.2629665,61.25334,60.554566,4.193347,0.411874,0.129189,3,6,7,3,3,5,7,3,3,10,7,3,3,10,6,3,0.0362,0.06136,0.3292,0.339,1,1,27:06:2023,07:38:05,38,-16.138167,-62.028,500.0,lev20,Almucantar,1.5056302864673259,0.10798192771495362,0.8077449431753522,BCL,Maritime,,Unknown
20:11:1998,11:43:23,Concepcion,324,324.488461,0.1101,0.0608,0.0424,0.0347,0.0935,0.0422,0.0226,0.0147,0.0167,0.0187,0.0198,0.0201,1.400262,58.59928,59.29867,2.208691,0.298239,0.10932,4,10,7,4,4,10,7,4,2,11,7,4,2,11,7,4,0.03506,0.05993,0.32401,0.33575,1,1,27:06:2023,07:37:31,38,-16.138167,-62.028,500.0,lev20,Almucantar,Concepcion,324,324.488461,0.10932,0.063967,0.041335,0.030649,1.41003,58.59928,59.29867,2.208691,0.298239,0.10932,4,10,7,4,4,10,7,4,2,11,7,4,2,11,7,4,0.03506,0.05993,0.32401,0.33575,1,1,27:06:2023,07:37:31,38,-16.138167,-62.028,500.0,lev20,Almucantar,Concepcion,324,324.488461,1.4886499999999998,1.4983499999999998,1.49445,1.4877,0.009934499999999999,0.009741,0.009353,0.009031500000000001,58.59928,59.29867,2.208691,0.298239,0.10932,4,10,7,4,4,10,7,4,2,11,7,4,2,11,7,4,0.03506,0.05993,0.32401,0.33575,1,1,27:06:2023,07:37:31,38,-16.138167,-62.028,500.0,lev20,Almucantar,Concepcion,324,324.488461,0.94345,0.9300999999999999,0.91535,0.90325,58.59928,59.29867,2.208691,0.298239,0.10932,4,10,7,4,4,10,7,4,2,11,7,4,2,11,7,4,0.03506,0.05993,0.32401,0.33575,1,1,27:06:2023,07:37:31,38,-16.138167,-62.028,500.0,lev20,Almucantar,Concepcion,324,324.488461,0.044619000000000006,0.026867000000000002,0.018621,0.0148255,1.2629665,58.59928,59.29867,2.208691,0.298239,0.10932,4,10,7,4,4,10,7,4,2,11,7,4,2,11,7,4,0.03506,0.05993,0.32401,0.33575,1,1,27:06:2023,07:37:31,38,-16.138167,-62.028,500.0,lev20,Almucantar,1.3997576754278664,0.0920611749133744,0.7810101079961425,BCL,Maritime,,Unknown
20:11:1998,12:09:10,Concepcion,324,324.506366,0.1025,0.0588,0.0422,0.035,0.0863,0.041,0.0236,0.016,0.0163,0.0178,0.0187,0.019,1.303105,52.575589,53.277548,2.809412,0.439771,0.099448,3,10,8,3,3,10,8,3,3,10,8,3,4,10,8,3,0.03337,0.05721,0.31051,0.32263,1,1,27:06:2023,07:38:48,38,-16.138167,-62.028,500.0,lev20,Almucantar,Concepcion,324,324.506366,0.099448,0.062388,0.039632,0.028561,1.323741,52.575589,53.277548,2.809412,0.439771,0.099448,3,10,8,3,3,10,8,3,3,10,8,3,4,10,8,3,0.03337,0.05721,0.31051,0.32263,1,1,27:06:2023,07:38:48,38,-16.138167,-62.028,500.0,lev20,Almucantar,Concepcion,324,324.506366,1.4886499999999998,1.4983499999999998,1.49445,1.4877,0.009934499999999999,0.009741,0.009353,0.009031500000000001,52.575589,53.277548,2.809412,0.439771,0.099448,3,10,8,3,3,10,8,3,3,10,8,3,4,10,8,3,0.03337,0.05721,0.31051,0.32263,1,1,27:06:2023,07:38:48,38,-16.138167,-62.028,500.0,lev20,Almucantar,Concepcion,324,324.506366,0.94345,0.9300999999999999,0.91535,0.90325,52.575589,53.277548,2.809412,0.439771,0.099448,3,10,8,3,3,10,8,3,3,10,8,3,4,10,8,3,0.03337,0.05721,0.31051,0.32263,1,1,27:06:2023,07:38:48,38,-16.138167,-62.028,500.0,lev20,Almucantar,Concepcion,324,324.506366,0.044619000000000006,0.026867000000000002,0.018621,0.0148255,1.2629665,52.575589,53.277548,2.809412,0.439771,0.099448,3,10,8,3,3,10,8,3,3,10,8,3,4,10,8,3,0.03337,0.05721,0.31051,0.32263,1,1,27:06:2023,07:38:48,38,-16.138167,-62.028,500.0,lev20,Almucantar,1.3017727953786449,0.08678664871652031,0.7780494933115435,BCL,Maritime,,Unknown
23:11:1998,10:58:22,Concepcion,327,327.457199,0.045,0.0247,0.0169,0.0138,0.0388,0.0182,0.0099,0.0065,0.0061,0.0065,0.007,0.0072,1.43474,69.114441,69.804804,2.262717,0.30769,0.044903,4,10,6,5,4,10,5,5,4,10,6,5,4,10,6,5,0.03998,0.06762,0.36001,0.37079,1,1,23:01:2021,08:30:16,38,-16.138167,-62.028,500.0,lev20,Almucantar,Concepcion,327,327.457199,0.044903,0.025624,0.014319,0.00889,1.639958,69.114441,69.804804,2.262717,0.30769,0.044903,4,10,6,5,4,10,5,5,4,10,6,5,4,10,6,5,0.03998,0.06762,0.36001,0.37079,1,1,23:01:2021,08:30:16,38,-16.138167,-62.028,500.0,lev20,Almucantar,Concepcion,327,327.457199,1.4886499999999998,1.4983499999999998,1.49445,1.4877,0.009934499999999999,0.009741,0.009353,0.009031500000000001,69.114441,69.804804,2.262717,0.30769,0.044903,4,10,6,5,4,10,5,5,4,10,6,5,4,10,6,5,0.03998,0.06762,0.36001,0.37079,1,1,23:01:2021,08:30:16,38,-16.138167,-62.028,500.0,lev20,Almucantar,Concepcion,327,327.457199,0.94345,0.9300999999999999,0.91535,0.90325,69.114441,69.804804,2.262717,0.30769,0.044903,4,10,6,5,4,10,5,5,4,10,6,5,4,10,6,5,0.03998,0.06762,0.36001,0.37079,1,1,23:01:2021,08:30:16,38,-16.138167,-62.028,500.0,lev20,Almucantar,Concepcion,327,327.457199,0.044619000000000006,0.026867000000000002,0.018621,0.0148255,1.2629665,69.114441,69.804804,2.262717,0.30769,0.044903,4,10,6,5,4,10,5,5,4,10,6,5,4,10,6,5,0.03998,0.06762,0.36001,0.37079,1,1,23:01:2021,08:30:16,38,-16.138167,-62.028,500.0,lev20,Almucantar,1.4365884008852834,0.03745044344994538,0.8117210066510774,BCL,Maritime,,Unknown
23:11:1998,11:43:48,Concepcion,327,327.48875,0.0443,0.0234,0.0163,0.0135,0.0386,0.0173,0.0098,0.0067,0.0057,0.0061,0.0065,0.0068,1.471125,58.601282,59.298314,2.726049,0.506024,0.041578,4,10,7,4,4,10,7,4,3,11,7,4,3,11,7,4,0.03506,0.05992,0.32399,0.33574,1,1,23:01:2021,08:32:07,38,-16.138167,-62.028,500.0,lev20,Almucantar,Concepcion,327,327.48875,0.041578,0.025701,0.012653,0.00532,1.681556,58.601282,59.298314,2.726049,0.506024,0.041578,4,10,7,4,4,10,7,4,3,11,7,4,3,11,7,4,0.03506,0.05992,0.32399,0.33574,1,1,23:01:2021,08:32:07,38,-16.138167,-62.028,500.0,lev20,Almucantar,Concepcion,327,327.48875,1.4886499999999998,1.4983499999999998,1.49445,1.4877,0.009934499999999999,0.009741,0.009353,0.009031500000000001,58.601282,59.298314,2.726049,0.506024,0.041578,4,10,7,4,4,10,7,4,3,11,7,4,3,11,7,4,0.03506,0.05992,0.32399,0.33574,1,1,23:01:2021,08:32:07,38,-16.138167,-62.028,500.0,lev20,Almucantar,Concepcion,327,327.48875,0.94345,0.9300999999999999,0.91535,0.90325,58.601282,59.298314,2.726049,0.506024,0.041578,4,10,7,4,4,10,7,4,3,11,7,4,3,11,7,4,0.03506,0.05992,0.32399,0.33574,1,1,23:01:2021,08:32:07,38,-16.138167,-62.028,500.0,lev20,Almucantar,Concepcion,327,327.48875,0.044619000000000006,0.026867000000000002,0.018621,0.0148255,1.2629665,58.601282,59.298314,2.726049,0.506024,0.041578,4,10,7,4,4,10,7,4,3,11,7,4,3,11,7,4,0.03506,0.05992,0.32399,0.33574,1,1,23:01:2021,08:32:07,38,-16.138167,-62.028,500.0,lev20,Almucantar,1.4666164870460967,0.036726631534818796,0.8148439991322594,BCL,Maritime,,Unknown
06:12:1998,21:24:26,Concepcion,340,340.891968,0.1716,0.0835,0.0537,0.0433,0.1508,0.0611,0.0305,0.0197,0.0208,0.0224,0.0232,0.0236,1.704122,76.673949,76.000006,3.25581,0.051629,0.171348,4,10,7,4,4,10,7,5,4,10,7,4,4,9,6,4,0.04496,0.07344,0.39576,0.40076,1,1,27:06:2023,07:36:33,38,-16.138167,-62.028,500.0,lev20,Almucantar,Concepcion,340,340.891968,0.171348,0.08392,0.053556,0.042157,1.704117,76.673949,76.000006,3.25581,0.051629,0.171348,4,10,7,4,4,10,7,5,4,10,7,4,4,9,6,4,0.04496,0.07344,0.39576,0.40076,1,1,27:06:2023,07:36:33,38,-16.138167,-62.028,500.0,lev20,Almucantar,Concepcion,340,340.891968,1.4886499999999998,1.4983499999999998,1.49445,1.4877,0.009934499999999999,0.009741,0.009353,0.009031500000000001,76.673949,76.000006,3.25581,0.051629,0.171348,4,10,7,4,4,10,7,5,4,10,7,4,4,9,6,4,0.04496,0.07344,0.39576,0.40076,1,1,27:06:2023,07:36:33,38,-16.138167,-62.028,500.0,lev20,Almucantar,Concepcion,340,340.891968,0.94345,0.9300999999999999,0.91535,0.90325,76.673949,76.000006,3.25581,0.051629,0.171348,4,10,7,4,4,10,7,5,4,10,7,4,4,9,6,4,0.04496,0.07344,0.39576,0.40076,1,1,27:06:2023,07:36:33,38,-16.138167,-62.028,500.0,lev20,Almucantar,Concepcion,340,340.891968,0.044619000000000006,0.026867000000000002,0.018621,0.0148255,1.2629665,76.673949,76.000006,3.25581,0.051629,0.171348,4,10,7,4,4,10,7,5,4,10,7,4,4,9,6,4,0.04496,0.07344,0.39576,0.40076,1,1,27:06:2023,07:36:33,38,-16.138167,-62.028,500.0,lev20,Almucantar,1.7041538575683333,0.13800893837173298,0.8155802153538507,BCL,Unclassified,,Unknown
19:07:2000,19:16:39,Concepcion,201,201.803229,0.2044,0.0988,0.0636,0.0511,0.1966,0.0905,0.0548,0.0422,0.0078,0.0083,0.0087,0.0089,1.720104,58.460096,57.891119,5.017753,0.154548,0.202678,4,10,7,5,4,10,7,5,4,10,7,5,3,10,6,4,0.03337,0.06384,0.25884,0.28527,1,1,09:07:2023,06:24:24,2,-16.138167,-62.028,500.0,lev20,Almucantar,Concepcion,201,201.803229,0.202678,0.098227,0.066321,0.050357,1.652852,58.460096,57.891119,5.017753,0.154548,0.202678,4,10,7,5,4,10,7,5,4,10,7,5,3,10,6,4,0.03337,0.06384,0.25884,0.28527,1,1,09:07:2023,06:24:24,2,-16.138167,-62.028,500.0,lev20,Almucantar,Concepcion,201,201.803229,1.4886499999999998,1.4983499999999998,1.49445,1.4877,0.009934499999999999,0.009741,0.009353,0.009031500000000001,58.460096,57.891119,5.017753,0.154548,0.202678,4,10,7,5,4,10,7,5,4,10,7,5,3,10,6,4,0.03337,0.06384,0.25884,0.28527,1,1,09:07:2023,06:24:24,2,-16.138167,-62.028,500.0,lev20,Almucantar,Concepcion,201,201.803229,0.94345,0.9300999999999999,0.91535,0.90325,58.460096,57.891119,5.017753,0.154548,0.202678,4,10,7,5,4,10,7,5,4,10,7,5,3,10,6,4,0.03337,0.06384,0.25884,0.28527,1,1,09:07:2023,06:24:24,2,-16.138167,-62.028,500.0,lev20,Almucantar,Concepcion,201,201.803229,0.044619000000000006,0.026867000000000002,0.018621,0.0148255,1.2629665,58.460096,57.891119,5.017753,0.154548,0.202678,4,10,7,5,4,10,7,5,4,10,7,5,3,10,6,4,0.03337,0.06384,0.25884,0.28527,1,1,09:07:2023,06:24:24,2,-16.138167,-62.028,500.0,lev20,Almucantar,1.7125329797020674,0.16421228207648447,0.9407384299185365,BCL,Unclassified,,Unknown
25:07:2000,11:45:18,Concepcion,207,207.489792,0.0532,0.0403,0.0356,0.0334,0.0311,0.0167,0.0109,0.0081,0.0222,0.0235,0.0247,0.0253,0.598528,74.459701,75.104785,2.773083,0.164354,0.052375,4,10,7,6,4,10,7,6,4,10,6,6,4,10,6,6,0.04021,0.07495,0.31088,0.33919,1,1,09:07:2023,06:25:12,2,-16.138167,-62.028,500.0,lev20,Almucantar,Concepcion,207,207.489792,0.052375,0.039238,0.037391,0.035745,0.515577,74.459701,75.104785,2.773083,0.164354,0.052375,4,10,7,6,4,10,7,6,4,10,6,6,4,10,6,6,0.04021,0.07495,0.31088,0.33919,1,1,09:07:2023,06:25:12,2,-16.138167,-62.028,500.0,lev20,Almucantar,Concepcion,207,207.489792,1.4886499999999998,1.4983499999999998,1.49445,1.4877,0.009934499999999999,0.009741,0.009353,0.009031500000000001,74.459701,75.104785,2.773083,0.164354,0.052375,4,10,7,6,4,10,7,6,4,10,6,6,4,10,6,6,0.04021,0.07495,0.31088,0.33919,1,1,09:07:2023,06:25:12,2,-16.138167,-62.028,500.0,lev20,Almucantar,Concepcion,207,207.489792,0.94345,0.9300999999999999,0.91535,0.90325,74.459701,75.104785,2.773083,0.164354,0.052375,4,10,7,6,4,10,7,6,4,10,6,6,4,10,6,6,0.04021,0.07495,0.31088,0.33919,1,1,09:07:2023,06:25:12,2,-16.138167,-62.028,500.0,lev20,Almucantar,Concepcion,207,207.489792,0.044619000000000006,0.026867000000000002,0.018621,0.0148255,1.2629665,74.459701,75.104785,2.773083,0.164354,0.052375,4,10,7,6,4,10,7,6,4,10,6,6,4,10,6,6,0.04021,0.07495,0.31088,0.33919,1,1,09:07:2023,06:25:12,2,-16.138167,-62.028,500.0,lev20,Almucantar,0.5892648761680414,0.049339781395345,0.498223114557552,Unclassified,Maritime,,Unknown
25:07:2000,12:08:40,Concepcion,207,207.506019,0.0557,0.0415,0.036,0.0335,0.0338,0.0183,0.0116,0.0085,0.0219,0.0233,0.0244,0.025,0.648503,69.48987,70.121892,3.678594,0.434113,0.054641,4,10,7,6,4,10,7,6,4,10,7,6,4,10,7,6,0.0373,0.07033,0.2902,0.31811,1,1,09:07:2023,06:26:52,2,-16.138167,-62.028,500.0,lev20,Almucantar,Concepcion,207,207.506019,0.054641,0.042314,0.041122,0.039921,0.43779,69.48987,70.121892,3.678594,0.434113,0.054641,4,10,7,6,4,10,7,6,4,10,7,6,4,10,7,6,0.0373,0.07033,0.2902,0.31811,1,1,09:07:2023,06:26:52,2,-16.138167,-62.028,500.0,lev20,Almucantar,Concepcion,207,207.506019,1.4886499999999998,1.4983499999999998,1.49445,1.4877,0.009934499999999999,0.009741,0.009353,0.009031500000000001,69.48987,70.121892,3.678594,0.434113,0.054641,4,10,7,6,4,10,7,6,4,10,7,6,4,10,7,6,0.0373,0.07033,0.2902,0.31811,1,1,09:07:2023,06:26:52,2,-16.138167,-62.028,500.0,lev20,Almucantar,Concepcion,207,207.506019,0.94345,0.9300999999999999,0.91535,0.90325,69.48987,70.121892,3.678594,0.434113,0.054641,4,10,7,6,4,10,7,6,4,10,7,6,4,10,7,6,0.0373,0.07033,0.2902,0.31811,1,1,09:07:2023,06:26:52,2,-16.138167,-62.028,500.0,lev20,Almucantar,Concepcion,207,207.506019,0.044619000000000006,0.026867000000000002,0.018621,0.0148255,1.2629665,69.48987,70.121892,3.678594,0.434113,0.054641,4,10,7,6,4,10,7,6,4,10,7,6,4,10,7,6,0.0373,0.07033,0.2902,0.31811,1,1,09:07:2023,06:26:52,2,-16.138167,-62.028,500.0,lev20,Almucantar,0.6402367227081196,0.05132287340294903,0.5241230810528231,MA,Maritime,,Unknown
25:07:2000,20:46:55,Concepcion,207,207.865914,0.0421,0.0324,0.0288,0.0271,0.0245,0.0136,0.0089,0.0065,0.0176,0.0188,0.0199,0.0206,0.565549,76.362641,75.714803,3.626737,0.166579,0.042905,4,10,7,6,4,10,7,6,4,10,7,6,4,10,7,4,0.04199,0.07702,0.31694,0.34225,1,1,09:07:2023,06:22:36,2,-16.138167,-62.028,500.0,lev20,Almucantar,Concepcion,207,207.865914,0.042905,0.03177,0.031553,0.026877,0.479143,76.362641,75.714803,3.626737,0.166579,0.042905,4,10,7,6,4,10,7,6,4,10,7,6,4,10,7,4,0.04199,0.07702,0.31694,0.34225,1,1,09:07:2023,06:22:36,2,-16.138167,-62.028,500.0,lev20,Almucantar,Concepcion,207,207.865914,1.4886499999999998,1.4983499999999998,1.49445,1.4877,0.009934499999999999,0.009741,0.009353,0.009031500000000001,76.362641,75.714803,3.626737,0.166579,0.042905,4,10,7,6,4,10,7,6,4,10,7,6,4,10,7,4,0.04199,0.07702,0.31694,0.34225,1,1,09:07:2023,06:22:36,2,-16.138167,-62.028,500.0,lev20,Almucantar,Concepcion,207,207.865914,0.94345,0.9300999999999999,0.91535,0.90325,76.362641,75.714803,3.626737,0.166579,0.042905,4,10,7,6,4,10,7,6,4,10,7,6,4,10,7,4,0.04199,0.07702,0.31694,0.34225,1,1,09:07:2023,06:22:36,2,-16.138167,-62.028,500.0,lev20,Almucantar,Concepcion,207,207.865914,0.044619000000000006,0.026867000000000002,0.018621,0.0148255,1.2629665,76.362641,75.714803,3.626737,0.166579,0.042905,4,10,7,6,4,10,7,6,4,10,7,6,4,10,7,4,0.04199,0.07702,0.31694,0.34225,1,1,09:07:2023,06:22:36,2,-16.138167,-62.028,500.0,lev20,Almucantar,0.5569342214525493,0.03920690822309993,0.5020063908916735,Unclassified,Maritime,,Unknown
30:07:2000,12:06:25,Concepcion,212,212.504456,0.1868,0.0956,0.0675,0.0536,0.166,0.0733,0.0444,0.0299,0.0208,0.0223,0.0232,0.0237,1.508456,69.432681,70.072631,2.321497,0.098615,0.18623,4,10,7,6,4,10,7,6,4,10,7,6,4,10,7,6,0.0397,0.07497,0.28801,0.31608,1,1,09:07:2023,06:23:45,2,-16.138167,-62.028,500.0,lev20,Almucantar,Concepcion,212,212.504456,0.18623,0.094296,0.068309,0.052474,1.491233,69.432681,70.072631,2.321497,0.098615,0.18623,4,10,7,6,4,10,7,6,4,10,7,6,4,10,7,6,0.0397,0.07497,0.28801,0.31608,1,1,09:07:2023,06:23:45,2,-16.138167,-62.028,500.0,lev20,Almucantar,Concepcion,212,212.504456,1.4886499999999998,1.4983499999999998,1.49445,1.4877,0.009934499999999999,0.009741,0.009353,0.009031500000000001,69.432681,70.072631,2.321497,0.098615,0.18623,4,10,7,6,4,10,7,6,4,10,7,6,4,10,7,6,0.0397,0.07497,0.28801,0.31608,1,1,09:07:2023,06:23:45,2,-16.138167,-62.028,500.0,lev20,Almucantar,Concepcion,212,212.504456,0.94345,0.9300999999999999,0.91535,0.90325,69.432681,70.072631,2.321497,0.098615,0.18623,4,10,7,6,4,10,7,6,4,10,7,6,4,10,7,6,0.0397,0.07497,0.28801,0.31608,1,1,09:07:2023,06:23:45,2,-16.138167,-62.028,500.0,lev20,Almucantar,Concepcion,212,212.504456,0.044619000000000006,0.026867000000000002,0.018621,0.0148255,1.2629665,69.432681,70.072631,2.321497,0.098615,0.18623,4,10,7,6,4,10,7,6,4,10,7,6,4,10,7,6,0.0397,0.07497,0.28801,0.31608,1,1,09:07:2023,06:23:45,2,-16.138167,-62.028,500.0,lev20,Almucantar,1.4931543602048127,0.15434086565159622,0.8371765155696906,BCL,Maritime,,Unknown
30:07:2000,13:16:28,Concepcion,212,212.553102,0.2133,0.1135,0.0799,0.063,0.1908,0.0894,0.0548,0.0373,0.0224,0.024,0.0251,0.0257,1.451433,55.158144,55.735964,4.285775,0.288466,0.212565,4,10,8,4,4,10,8,4,4,10,8,4,4,10,8,3,0.0346,0.06642,0.25113,0.27908,1,1,09:07:2023,06:27:15,2,-16.138167,-62.028,500.0,lev20,Almucantar,Concepcion,212,212.553102,0.212565,0.110234,0.084343,0.062194,1.381498,55.158144,55.735964,4.285775,0.288466,0.212565,4,10,8,4,4,10,8,4,4,10,8,4,4,10,8,3,0.0346,0.06642,0.25113,0.27908,1,1,09:07:2023,06:27:15,2,-16.138167,-62.028,500.0,lev20,Almucantar,Concepcion,212,212.553102,1.4886499999999998,1.4983499999999998,1.49445,1.4877,0.009934499999999999,0.009741,0.009353,0.009031500000000001,55.158144,55.735964,4.285775,0.288466,0.212565,4,10,8,4,4,10,8,4,4,10,8,4,4,10,8,3,0.0346,0.06642,0.25113,0.27908,1,1,09:07:2023,06:27:15,2,-16.138167,-62.028,500.0,lev20,Almucantar,Concepcion,212,212.553102,0.94345,0.9300999999999999,0.91535,0.90325,55.158144,55.735964,4.285775,0.288466,0.212565,4,10,8,4,4,10,8,4,4,10,8,4,4,10,8,3,0.0346,0.06642,0.25113,0.27908,1,1,09:07:2023,06:27:15,2,-16.138167,-62.028,500.0,lev20,Almucantar,Concepcion,212,212.553102,0.044619000000000006,0.026867000000000002,0.018621,0.0148255,1.2629665,55.158144,55.735964,4.285775,0.288466,0.212565,4,10,8,4,4,10,8,4,4,10,8,4,4,10,8,3,0.0346,0.06642,0.25113,0.27908,1,1,09:07:2023,06:27:15,2,-16.138167,-62.028,500.0,lev20,Almucantar,1.4403654803124015,0.17742941181822322,0.8500473291669403,BCL,Maritime,,Unknown
30:07:2000,20:49:05,Concepcion,212,212.867419,0.2037,0.1015,0.0717,0.0572,0.178,0.074,0.0432,0.0282,0.0257,0.0275,0.0284,0.029,1.549634,76.412999,75.758234,2.736613,0.052063,0.203618,4,10,7,6,4,10,7,6,4,10,7,6,4,10,6,6,0.0447,0.08242,0.31579,0.34071,1,1,09:07:2023,06:33:15,2,-16.138167,-62.028,500.0,lev20,Almucantar,Concepcion,212,212.867419,0.203618,0.100789,0.071727,0.056923,1.550208,76.412999,75.758234,2.736613,0.052063,0.203618,4,10,7,6,4,10,7,6,4,10,7,6,4,10,6,6,0.0447,0.08242,0.31579,0.34071,1,1,09:07:2023,06:33:15,2,-16.138167,-62.028,500.0,lev20,Almucantar,Concepcion,212,212.867419,1.4886499999999998,1.4983499999999998,1.49445,1.4877,0.009934499999999999,0.009741,0.009353,0.009031500000000001,76.412999,75.758234,2.736613,0.052063,0.203618,4,10,7,6,4,10,7,6,4,10,7,6,4,10,6,6,0.0447,0.08242,0.31579,0.34071,1,1,09:07:2023,06:33:15,2,-16.138167,-62.028,500.0,lev20,Almucantar,Concepcion,212,212.867419,0.94345,0.9300999999999999,0.91535,0.90325,76.412999,75.758234,2.736613,0.052063,0.203618,4,10,7,6,4,10,7,6,4,10,7,6,4,10,6,6,0.0447,0.08242,0.31579,0.34071,1,1,09:07:2023,06:33:15,2,-16.138167,-62.028,500.0,lev20,Almucantar,Concepcion,212,212.867419,0.044619000000000006,0.026867000000000002,0.018621,0.0148255,1.2629665,76.412999,75.758234,2.736613,0.052063,0.203618,4,10,7,6,4,10,7,6,4,10,7,6,4,10,6,6,0.0447,0.08242,0.31579,0.34071,1,1,09:07:2023,06:33:15,2,-16.138167,-62.028,500.0,lev20,Almucantar,1.531655073180315,0.16747794839712976,0.811796171767597,BCL,Maritime,,Unknown
01:08:2000,12:55:48,Concepcion,214,214.53875,0.22,0.1151,0.08,0.064,0.1949,0.0881,0.0519,0.0353,0.0252,0.0269,0.0281,0.0287,1.494784,58.919529,59.523911,4.521933,0.358224,0.215476,2,10,7,4,4,10,7,5,3,11,7,5,3,10,8,4,0.0355,0.06799,0.25839,0.28636,1,1,09:07:2023,06:17:30,2,-16.138167,-62.028,500.0,lev20,Almucantar,Concepcion,214,214.53875,0.215476,0.109136,0.081914,0.064042,1.443845,58.919529,59.523911,4.521933,0.358224,0.215476,2,10,7,4,4,10,7,5,3,11,7,5,3,10,8,4,0.0355,0.06799,0.25839,0.28636,1,1,09:07:2023,06:17:30,2,-16.138167,-62.028,500.0,lev20,Almucantar,Concepcion,214,214.53875,1.4886499999999998,1.4983499999999998,1.49445,1.4877,0.009934499999999999,0.009741,0.009353,0.009031500000000001,58.919529,59.523911,4.521933,0.358224,0.215476,2,10,7,4,4,10,7,5,3,11,7,5,3,10,8,4,0.0355,0.06799,0.25839,0.28636,1,1,09:07:2023,06:17:30,2,-16.138167,-62.028,500.0,lev20,Almucantar,Concepcion,214,214.53875,0.94345,0.9300999999999999,0.91535,0.90325,58.919529,59.523911,4.521933,0.358224,0.215476,2,10,7,4,4,10,7,5,3,11,7,5,3,10,8,4,0.0355,0.06799,0.25839,0.28636,1,1,09:07:2023,06:17:30,2,-16.138167,-62.028,500.0,lev20,Almucantar,Concepcion,214,214.53875,0.044619000000000006,0.026867000000000002,0.018621,0.0148255,1.2629665,58.919529,59.523911,4.521933,0.358224,0.215476,2,10,7,4,4,10,7,5,3,11,7,5,3,10,8,4,0.0355,0.06799,0.25839,0.28636,1,1,09:07:2023,06:17:30,2,-16.138167,-62.028,500.0,lev20,Almucantar,1.483898316281904,0.1819871029409719,0.8343405165262773,BCL,Maritime,,Unknown
01:08:2000,13:16:23,Concepcion,214,214.553044,0.2223,0.1173,0.0814,0.065,0.198,0.0912,0.0541,0.0372,0.0243,0.026,0.0272,0.0278,1.48353,54.859953,55.441447,4.521255,0.445218,0.217116,4,10,8,4,4,10,8,4,4,10,8,3,4,10,8,3,0.03452,0.06629,0.2506,0.27855,1,1,09:07:2023,06:19:17,2,-16.138167,-62.028,500.0,lev20,Almucantar,Concepcion,214,214.553044,0.217116,0.110382,0.084567,0.063327,1.410796,54.859953,55.441447,4.521255,0.445218,0.217116,4,10,8,4,4,10,8,4,4,10,8,3,4,10,8,3,0.03452,0.06629,0.2506,0.27855,1,1,09:07:2023,06:19:17,2,-16.138167,-62.028,500.0,lev20,Almucantar,Concepcion,214,214.553044,1.4886499999999998,1.4983499999999998,1.49445,1.4877,0.009934499999999999,0.009741,0.009353,0.009031500000000001,54.859953,55.441447,4.521255,0.445218,0.217116,4,10,8,4,4,10,8,4,4,10,8,3,4,10,8,3,0.03452,0.06629,0.2506,0.27855,1,1,09:07:2023,06:19:17,2,-16.138167,-62.028,500.0,lev20,Almucantar,Concepcion,214,214.553044,0.94345,0.9300999999999999,0.91535,0.90325,54.859953,55.441447,4.521255,0.445218,0.217116,4,10,8,4,4,10,8,4,4,10,8,3,4,10,8,3,0.03452,0.06629,0.2506,0.27855,1,1,09:07:2023,06:19:17,2,-16.138167,-62.028,500.0,lev20,Almucantar,Concepcion,214,214.553044,0.044619000000000006,0.026867000000000002,0.018621,0.0148255,1.2629665,54.859953,55.441447,4.521255,0.445218,0.217116,4,10,8,4,4,10,8,4,4,10,8,3,4,10,8,3,0.03452,0.06629,0.2506,0.27855,1,1,09:07:2023,06:19:17,2,-16.138167,-62.028,500.0,lev20,Almucantar,1.4737058924700261,0.18412944728723854,0.8420685331568828,BCL,Maritime,,Unknown
08:09:2000,11:15:10,Concepcion,252,252.468866,0.6813,0.3241,0.1975,0.1404,0.6606,0.3026,0.1752,0.1174,0.0207,0.0215,0.0223,0.023,1.817624,74.223941,74.930078,2.128556,0.008052,0.680509,4,10,7,6,4,10,7,6,4,10,7,6,4,10,7,6,0.05134,0.08923,0.32331,0.35148,1,1,08:07:2023,21:23:20,2,-16.138167,-62.028,500.0,lev20,Almucantar,Concepcion,252,252.468866,0.680509,0.323695,0.197031,0.140952,1.81925,74.223941,74.930078,2.128556,0.008052,0.680509,4,10,7,6,4,10,7,6,4,10,7,6,4,10,7,6,0.05134,0.08923,0.32331,0.35148,1,1,08:07:2023,21:23:20,2,-16.138167,-62.028,500.0,lev20,Almucantar,Concepcion,252,252.468866,1.4444,1.4502,1.458,1.4525,0.011645,0.011335,0.011997,0.011829,74.223941,74.930078,2.128556,0.008052,0.680509,4,10,7,6,4,10,7,6,4,10,7,6,4,10,7,6,0.05134,0.08923,0.32331,0.35148,1,1,08:07:2023,21:23:20,2,-16.138167,-62.028,500.0,lev20,Almucantar,Concepcion,252,252.468866,0.9294,0.91,0.885,0.8677,74.223941,74.930078,2.128556,0.008052,0.680509,4,10,7,6,4,10,7,6,4,10,7,6,4,10,7,6,0.05134,0.08923,0.32331,0.35148,1,1,08:07:2023,21:23:20,2,-16.138167,-62.028,500.0,lev20,Almucantar,Concepcion,252,252.468866,0.048115,0.029168,0.022721,0.018576,1.11352,74.223941,74.930078,2.128556,0.008052,0.680509,4,10,7,6,4,10,7,6,4,10,7,6,4,10,7,6,0.05134,0.08923,0.32331,0.35148,1,1,08:07:2023,21:23:20,2,-16.138167,-62.028,500.0,lev20,Almucantar,1.8163863547243935,0.5401289709263969,0.9568378948169286,BCL,Arid,,Unknown
08:09:2000,11:36:20,Concepcion,252,252.483565,0.6839,0.326,0.2001,0.1434,0.6623,0.3037,0.1769,0.1195,0.0216,0.0223,0.0232,0.0239,1.804869,69.254291,69.956977,2.518132,0.043085,0.682878,4,10,7,6,4,10,7,6,4,10,7,6,4,10,7,6,0.04724,0.08293,0.30062,0.32865,1,1,08:07:2023,21:25:37,2,-16.138167,-62.028,500.0,lev20,Almucantar,Concepcion,252,252.483565,0.682878,0.325577,0.199912,0.143188,1.804084,69.254291,69.956977,2.518132,0.043085,0.682878,4,10,7,6,4,10,7,6,4,10,7,6,4,10,7,6,0.04724,0.08293,0.30062,0.32865,1,1,08:07:2023,21:25:37,2,-16.138167,-62.028,500.0,lev20,Almucantar,Concepcion,252,252.483565,1.4798,1.4783,1.4864,1.4815,0.012997,0.01155,0.011464,0.011058,69.254291,69.956977,2.518132,0.043085,0.682878,4,10,7,6,4,10,7,6,4,10,7,6,4,10,7,6,0.04724,0.08293,0.30062,0.32865,1,1,08:07:2023,21:25:37,2,-16.138167,-62.028,500.0,lev20,Almucantar,Concepcion,252,252.483565,0.9262,0.9134,0.8956,0.8828,69.254291,69.956977,2.518132,0.043085,0.682878,4,10,7,6,4,10,7,6,4,10,7,6,4,10,7,6,0.04724,0.08293,0.30062,0.32865,1,1,08:07:2023,21:25:37,2,-16.138167,-62.028,500.0,lev20,Almucantar,Concepcion,252,252.483565,0.050479,0.028223,0.020883,0.016808,1.30811,69.254291,69.956977,2.518132,0.043085,0.682878,4,10,7,6,4,10,7,6,4,10,7,6,4,10,7,6,0.04724,0.08293,0.30062,0.32865,1,1,08:07:2023,21:25:37,2,-16.138167,-62.028,500.0,lev20,Almucantar,1.8027888256392481,0.5431334936629535,0.9551019287960006,BCL,Arid,,Unknown
08:09:2000,12:21:37,Concepcion,252,252.515012,0.6265,0.2943,0.1817,0.1329,0.6023,0.2685,0.1545,0.1047,0.0242,0.0257,0.0272,0.0282,1.820043,58.742783,59.432321,2.27579,0.114525,0.625729,4,10,7,5,4,10,7,5,3,11,7,5,3,10,8,5,0.04163,0.07426,0.26867,0.2966,1,1,08:07:2023,21:28:04,2,-16.138167,-62.028,500.0,lev20,Almucantar,Concepcion,252,252.515012,0.625729,0.293533,0.182402,0.131342,1.813649,58.742783,59.432321,2.27579,0.114525,0.625729,4,10,7,5,4,10,7,5,3,11,7,5,3,10,8,5,0.04163,0.07426,0.26867,0.2966,1,1,08:07:2023,21:28:04,2,-16.138167,-62.028,500.0,lev20,Almucantar,Concepcion,252,252.515012,1.4676,1.4788,1.4932,1.4965,0.01497,0.013983,0.014212,0.013529,58.742783,59.432321,2.27579,0.114525,0.625729,4,10,7,5,4,10,7,5,3,11,7,5,3,10,8,5,0.04163,0.07426,0.26867,0.2966,1,1,08:07:2023,21:28:04,2,-16.138167,-62.028,500.0,lev20,Almucantar,Concepcion,252,252.515012,0.9106,0.8902,0.8652,0.8538,58.742783,59.432321,2.27579,0.114525,0.625729,4,10,7,5,4,10,7,5,3,11,7,5,3,10,8,5,0.04163,0.07426,0.26867,0.2966,1,1,08:07:2023,21:28:04,2,-16.138167,-62.028,500.0,lev20,Almucantar,Concepcion,252,252.515012,0.055991,0.032308,0.024498,0.019424,1.226376,58.742783,59.432321,2.27579,0.114525,0.625729,4,10,7,5,4,10,7,5,3,11,7,5,3,10,8,5,0.04163,0.07426,0.26867,0.2966,1,1,08:07:2023,21:28:04,2,-16.138167,-62.028,500.0,lev20,Almucantar,1.8156934668021432,0.49672798225007425,0.9430690240545393,BCL,Arid,,Unknown
08:09:2000,12:48:00,Concepcion,252,252.533333,0.6496,0.3056,0.1892,0.14,0.6239,0.2783,0.1602,0.11,0.0257,0.0273,0.029,0.03,1.814079,52.735916,53.413133,2.5771,0.190725,0.64895,3,10,8,4,3,10,8,4,3,10,8,4,4,10,8,3,0.03963,0.07114,0.25663,0.28461,1,1,08:07:2023,21:29:59,2,-16.138167,-62.028,500.0,lev20,Almucantar,Concepcion,252,252.533333,0.64895,0.304918,0.190754,0.136941,1.802233,52.735916,53.413133,2.5771,0.190725,0.64895,3,10,8,4,3,10,8,4,3,10,8,4,4,10,8,3,0.03963,0.07114,0.25663,0.28461,1,1,08:07:2023,21:29:59,2,-16.138167,-62.028,500.0,lev20,Almucantar,Concepcion,252,252.533333,1.4604,1.471,1.485,1.4917,0.016301,0.017142,0.017274,0.016618,52.735916,53.413133,2.5771,0.190725,0.64895,3,10,8,4,3,10,8,4,3,10,8,4,4,10,8,3,0.03963,0.07114,0.25663,0.28461,1,1,08:07:2023,21:29:59,2,-16.138167,-62.028,500.0,lev20,Almucantar,Concepcion,252,252.533333,0.903,0.8677,0.8394,0.824,52.735916,53.413133,2.5771,0.190725,0.64895,3,10,8,4,3,10,8,4,3,10,8,4,4,10,8,3,0.03963,0.07114,0.25663,0.28461,1,1,08:07:2023,21:29:59,2,-16.138167,-62.028,500.0,lev20,Almucantar,Concepcion,252,252.533333,0.063021,0.040434,0.03038,0.024645,1.072536,52.735916,53.413133,2.5771,0.190725,0.64895,3,10,8,4,3,10,8,4,3,10,8,4,4,10,8,3,0.03963,0.07114,0.25663,0.28461,1,1,08:07:2023,21:29:59,2,-16.138167,-62.028,500.0,lev20,Almucantar,1.809474379599385,0.5154527178204459,0.9413833067724837,BCL,Arid,,Unknown
09:09:2000,11:14:17,Concepcion,253,253.468252,0.6092,0.2798,0.1682,0.119,0.5906,0.26,0.1471,0.0971,0.0186,0.0198,0.0211,0.0218,1.890574,74.231457,74.938523,1.926652,0.022293,0.60899,4,10,7,6,4,10,7,6,4,10,7,6,4,10,7,5,0.05123,0.08911,0.32318,0.35141,1,1,08:07:2023,21:31:37,2,-16.138167,-62.028,500.0,lev20,Almucantar,Concepcion,253,253.468252,0.60899,0.279382,0.168002,0.11917,1.891952,74.231457,74.938523,1.926652,0.022293,0.60899,4,10,7,6,4,10,7,6,4,10,7,6,4,10,7,5,0.05123,0.08911,0.32318,0.35141,1,1,08:07:2023,21:31:37,2,-16.138167,-62.028,500.0,lev20,Almucantar,Concepcion,253,253.468252,1.5028,1.4815,1.4806,1.4713,0.014323,0.016362,0.017597,0.017005,74.231457,74.938523,1.926652,0.022293,0.60899,4,10,7,6,4,10,7,6,4,10,7,6,4,10,7,5,0.05123,0.08911,0.32318,0.35141,1,1,08:07:2023,21:31:37,2,-16.138167,-62.028,500.0,lev20,Almucantar,Concepcion,253,253.468252,0.9231,0.8854,0.8519,0.8313,74.231457,74.938523,1.926652,0.022293,0.60899,4,10,7,6,4,10,7,6,4,10,7,6,4,10,7,5,0.05123,0.08911,0.32318,0.35141,1,1,08:07:2023,21:31:37,2,-16.138167,-62.028,500.0,lev20,Almucantar,Concepcion,253,253.468252,0.046829,0.032067,0.024918,0.020062,0.926136,74.231457,74.938523,1.926652,0.022293,0.60899,4,10,7,6,4,10,7,6,4,10,7,6,4,10,7,5,0.05123,0.08911,0.32318,0.35141,1,1,08:07:2023,21:31:37,2,-16.138167,-62.028,500.0,lev20,Almucantar,1.887865595987098,0.47857569800498795,0.9554394358693389,BCL,Arid,,Unknown
09:09:2000,11:35:27,Concepcion,253,253.482951,0.5975,0.2728,0.1644,0.1169,0.5796,0.2539,0.1444,0.0962,0.0179,0.019,0.02,0.0207,1.896586,69.254486,69.958295,2.10031,0.051522,0.596959,4,10,7,6,4,10,7,6,4,10,7,6,4,10,7,5,0.04719,0.08288,0.30057,0.3286,1,1,08:07:2023,21:33:50,2,-16.138167,-62.028,500.0,lev20,Almucantar,Concepcion,253,253.482951,0.596959,0.272304,0.164539,0.116483,1.894488,69.254486,69.958295,2.10031,0.051522,0.596959,4,10,7,6,4,10,7,6,4,10,7,6,4,10,7,5,0.04719,0.08288,0.30057,0.3286,1,1,08:07:2023,21:33:50,2,-16.138167,-62.028,500.0,lev20,Almucantar,Concepcion,253,253.482951,1.4992,1.4882,1.495,1.4911,0.015638,0.015647,0.016043,0.015559,69.254486,69.958295,2.10031,0.051522,0.596959,4,10,7,6,4,10,7,6,4,10,7,6,4,10,7,5,0.04719,0.08288,0.30057,0.3286,1,1,08:07:2023,21:33:50,2,-16.138167,-62.028,500.0,lev20,Almucantar,Concepcion,253,253.482951,0.9155,0.8881,0.86,0.8421,69.254486,69.958295,2.10031,0.051522,0.596959,4,10,7,6,4,10,7,6,4,10,7,6,4,10,7,5,0.04719,0.08288,0.30057,0.3286,1,1,08:07:2023,21:33:50,2,-16.138167,-62.028,500.0,lev20,Almucantar,Concepcion,253,253.482951,0.050512,0.030539,0.023013,0.018459,1.161592,69.254486,69.958295,2.10031,0.051522,0.596959,4,10,7,6,4,10,7,6,4,10,7,6,4,10,7,5,0.04719,0.08288,0.30057,0.3286,1,1,08:07:2023,21:33:50,2,-16.138167,-62.028,500.0,lev20,Almucantar,1.892939431857582,0.4690800584353825,0.956022901572036,BCL,Arid,,Unknown
09:09:2000,12:20:39,Concepcion,253,253.51434,0.5266,0.2413,0.1469,0.107,0.5094,0.2232,0.1277,0.0871,0.0172,0.0181,0.0192,0.0199,1.877505,58.741113,59.432348,2.759601,0.17176,0.526403,4,10,7,5,4,10,7,5,3,11,7,5,3,10,8,4,0.04162,0.07426,0.26866,0.2966,1,1,08:07:2023,21:35:29,2,-16.138167,-62.028,500.0,lev20,Almucantar,Concepcion,253,253.51434,0.526403,0.240968,0.148375,0.104452,1.864037,58.741113,59.432348,2.759601,0.17176,0.526403,4,10,7,5,4,10,7,5,3,11,7,5,3,10,8,4,0.04162,0.07426,0.26866,0.2966,1,1,08:07:2023,21:35:29,2,-16.138167,-62.028,500.0,lev20,Almucantar,Concepcion,253,253.51434,1.5096,1.5038,1.513,1.5162,0.021502,0.023157,0.023555,0.022617,58.741113,59.432348,2.759601,0.17176,0.526403,4,10,7,5,4,10,7,5,3,11,7,5,3,10,8,4,0.04162,0.07426,0.26866,0.2966,1,1,08:07:2023,21:35:29,2,-16.138167,-62.028,500.0,lev20,Almucantar,Concepcion,253,253.51434,0.8921,0.8474,0.812,0.795,58.741113,59.432348,2.759601,0.17176,0.526403,4,10,7,5,4,10,7,5,3,11,7,5,3,10,8,4,0.04162,0.07426,0.26866,0.2966,1,1,08:07:2023,21:35:29,2,-16.138167,-62.028,500.0,lev20,Almucantar,Concepcion,253,253.51434,0.056847,0.036814,0.027608,0.02194,1.060463,58.741113,59.432348,2.759601,0.17176,0.526403,4,10,7,5,4,10,7,5,3,11,7,5,3,10,8,4,0.04162,0.07426,0.26866,0.2966,1,1,08:07:2023,21:35:29,2,-16.138167,-62.028,500.0,lev20,Almucantar,1.8727512785225116,0.414486803588654,0.9515394077599333,BCM,Unclassified,,Unknown
09:09:2000,12:47:03,Concepcion,253,253.532674,0.5154,0.2343,0.1417,0.1044,0.5002,0.218,0.1246,0.087,0.0153,0.0164,0.0171,0.0175,1.898662,52.713394,53.392758,3.859819,0.205281,0.515433,3,10,8,4,3,10,8,4,3,10,8,3,4,10,8,3,0.03963,0.07113,0.25659,0.28458,1,1,08:07:2023,21:13:07,2,-16.138167,-62.028,500.0,lev20,Almucantar,Concepcion,253,253.532674,0.515433,0.233398,0.143715,0.101598,1.88101,52.713394,53.392758,3.859819,0.205281,0.515433,3,10,8,4,3,10,8,4,3,10,8,3,4,10,8,3,0.03963,0.07113,0.25659,0.28458,1,1,08:07:2023,21:13:07,2,-16.138167,-62.028,500.0,lev20,Almucantar,Concepcion,253,253.532674,1.4005,1.4253,1.4439,1.4581,0.013969,0.013579,0.013789,0.013591,52.713394,53.392758,3.859819,0.205281,0.515433,3,10,8,4,3,10,8,4,3,10,8,3,4,10,8,3,0.03963,0.07113,0.25659,0.28458,1,1,08:07:2023,21:13:07,2,-16.138167,-62.028,500.0,lev20,Almucantar,Concepcion,253,253.532674,0.9023,0.8722,0.8411,0.8237,52.713394,53.392758,3.859819,0.205281,0.515433,3,10,8,4,3,10,8,4,3,10,8,3,4,10,8,3,0.03963,0.07113,0.25659,0.28458,1,1,08:07:2023,21:13:07,2,-16.138167,-62.028,500.0,lev20,Almucantar,Concepcion,253,253.532674,0.050374,0.029944,0.022516,0.018405,1.190949,52.713394,53.392758,3.859819,0.205281,0.515433,3,10,8,4,3,10,8,4,3,10,8,3,4,10,8,3,0.03963,0.07113,0.25659,0.28458,1,1,08:07:2023,21:13:07,2,-16.138167,-62.028,500.0,lev20,Almucantar,1.8940826461835736,0.404566582595314,0.9544510614721581,BCL,Unclassified,,Unknown
10:09:2000,11:13:25,Concepcion,254,254.46765,0.7665,0.3442,0.2029,0.1415,0.7546,0.3319,0.1904,0.1289,0.0119,0.0123,0.0125,0.0126,1.951752,74.23497,74.942929,2.637155,0.030227,0.765308,4,10,7,6,4,10,7,6,4,10,7,6,4,10,7,5,0.05128,0.08916,0.32323,0.35148,1,1,08:07:2023,21:37:32,2,-16.138167,-62.028,500.0,lev20,Almucantar,Concepcion,254,254.46765,0.765308,0.343806,0.202455,0.141039,1.952495,74.23497,74.942929,2.637155,0.030227,0.765308,4,10,7,6,4,10,7,6,4,10,7,6,4,10,7,5,0.05128,0.08916,0.32323,0.35148,1,1,08:07:2023,21:37:32,2,-16.138167,-62.028,500.0,lev20,Almucantar,Concepcion,254,254.46765,1.4954,1.4869,1.4914,1.4846,0.015323,0.013627,0.01348,0.013194,74.23497,74.942929,2.637155,0.030227,0.765308,4,10,7,6,4,10,7,6,4,10,7,6,4,10,7,5,0.05128,0.08916,0.32323,0.35148,1,1,08:07:2023,21:37:32,2,-16.138167,-62.028,500.0,lev20,Almucantar,Concepcion,254,254.46765,0.9179,0.9042,0.8832,0.8659,74.23497,74.942929,2.637155,0.030227,0.765308,4,10,7,6,4,10,7,6,4,10,7,6,4,10,7,5,0.05128,0.08916,0.32323,0.35148,1,1,08:07:2023,21:37:32,2,-16.138167,-62.028,500.0,lev20,Almucantar,Concepcion,254,254.46765,0.062898,0.032967,0.023706,0.01897,1.446964,74.23497,74.942929,2.637155,0.030227,0.765308,4,10,7,6,4,10,7,6,4,10,7,6,4,10,7,5,0.05128,0.08916,0.32323,0.35148,1,1,08:07:2023,21:37:32,2,-16.138167,-62.028,500.0,lev20,Almucantar,1.949663213245834,0.5974094214736536,0.9769554466461786,BCL,Arid,,Unknown
10:09:2000,11:34:35,Concepcion,254,254.48235,0.7221,0.3248,0.1929,0.1349,0.7083,0.3105,0.1779,0.1195,0.0138,0.0143,0.0149,0.0155,1.939274,69.250945,69.955838,2.63323,0.048098,0.721558,4,10,7,6,4,10,7,6,4,10,7,6,4,10,7,6,0.04721,0.0829,0.30057,0.32861,1,1,08:07:2023,21:40:05,2,-16.138167,-62.028,500.0,lev20,Almucantar,Concepcion,254,254.48235,0.721558,0.324386,0.192885,0.134858,1.938508,69.250945,69.955838,2.63323,0.048098,0.721558,4,10,7,6,4,10,7,6,4,10,7,6,4,10,7,6,0.04721,0.0829,0.30057,0.32861,1,1,08:07:2023,21:40:05,2,-16.138167,-62.028,500.0,lev20,Almucantar,Concepcion,254,254.48235,1.4409,1.4479,1.4573,1.4541,0.014003,0.013519,0.013636,0.013188,69.250945,69.955838,2.63323,0.048098,0.721558,4,10,7,6,4,10,7,6,4,10,7,6,4,10,7,6,0.04721,0.0829,0.30057,0.32861,1,1,08:07:2023,21:40:05,2,-16.138167,-62.028,500.0,lev20,Almucantar,Concepcion,254,254.48235,0.9167,0.8931,0.8675,0.8498,69.250945,69.955838,2.63323,0.048098,0.721558,4,10,7,6,4,10,7,6,4,10,7,6,4,10,7,6,0.04721,0.0829,0.30057,0.32861,1,1,08:07:2023,21:40:05,2,-16.138167,-62.028,500.0,lev20,Almucantar,Concepcion,254,254.48235,0.060156,0.034718,0.025563,0.020272,1.264953,69.250945,69.955838,2.63323,0.048098,0.721558,4,10,7,6,4,10,7,6,4,10,7,6,4,10,7,6,0.04721,0.0829,0.30057,0.32861,1,1,08:07:2023,21:40:05,2,-16.138167,-62.028,500.0,lev20,Almucantar,1.936270972696308,0.563768432696003,0.9720165819645938,BCL,Arid,,Unknown
10:09:2000,12:19:40,Concepcion,254,254.513657,0.6535,0.2885,0.171,0.1231,0.6375,0.2714,0.1529,0.1044,0.016,0.0171,0.0181,0.0186,1.971158,58.74414,59.437036,3.276506,0.174859,0.652928,4,10,7,5,4,10,7,5,3,11,7,5,3,10,8,5,0.04162,0.07426,0.26865,0.29661,1,1,08:07:2023,21:13:38,2,-16.138167,-62.028,500.0,lev20,Almucantar,Concepcion,254,254.513657,0.652928,0.287763,0.172315,0.120877,1.96027,58.74414,59.437036,3.276506,0.174859,0.652928,4,10,7,5,4,10,7,5,3,11,7,5,3,10,8,5,0.04162,0.07426,0.26865,0.29661,1,1,08:07:2023,21:13:38,2,-16.138167,-62.028,500.0,lev20,Almucantar,Concepcion,254,254.513657,1.4546,1.4714,1.4891,1.4991,0.014182,0.013305,0.013299,0.013035,58.74414,59.437036,3.276506,0.174859,0.652928,4,10,7,5,4,10,7,5,3,11,7,5,3,10,8,5,0.04162,0.07426,0.26865,0.29661,1,1,08:07:2023,21:13:38,2,-16.138167,-62.028,500.0,lev20,Almucantar,Concepcion,254,254.513657,0.9153,0.8929,0.8684,0.8528,58.74414,59.437036,3.276506,0.174859,0.652928,4,10,7,5,4,10,7,5,3,11,7,5,3,10,8,5,0.04162,0.07426,0.26865,0.29661,1,1,08:07:2023,21:13:38,2,-16.138167,-62.028,500.0,lev20,Almucantar,Concepcion,254,254.513657,0.055327,0.030906,0.022512,0.018115,1.330274,58.74414,59.437036,3.276506,0.174859,0.652928,4,10,7,5,4,10,7,5,3,11,7,5,3,10,8,5,0.04162,0.07426,0.26865,0.29661,1,1,08:07:2023,21:13:38,2,-16.138167,-62.028,500.0,lev20,Almucantar,1.9666167290155983,0.5082346681676101,0.9624906031950723,BCL,Arid,,Unknown
10:09:2000,12:46:00,Concepcion,254,254.531944,0.6332,0.2779,0.1648,0.1205,0.6164,0.2603,0.1463,0.1015,0.0168,0.0176,0.0185,0.019,1.979688,52.71479,53.396306,3.406091,0.258804,0.632504,3,10,8,4,3,10,8,4,3,10,8,4,4,10,8,3,0.03963,0.07113,0.2566,0.28458,1,1,08:07:2023,21:15:49,2,-16.138167,-62.028,500.0,lev20,Almucantar,Concepcion,254,254.531944,0.632504,0.276753,0.166932,0.116758,1.961959,52.71479,53.396306,3.406091,0.258804,0.632504,3,10,8,4,3,10,8,4,3,10,8,4,4,10,8,3,0.03963,0.07113,0.2566,0.28458,1,1,08:07:2023,21:15:49,2,-16.138167,-62.028,500.0,lev20,Almucantar,Concepcion,254,254.531944,1.5514,1.5275,1.5327,1.5412,0.021181,0.019986,0.019989,0.01965,52.71479,53.396306,3.406091,0.258804,0.632504,3,10,8,4,3,10,8,4,3,10,8,4,4,10,8,3,0.03963,0.07113,0.2566,0.28458,1,1,08:07:2023,21:15:49,2,-16.138167,-62.028,500.0,lev20,Almucantar,Concepcion,254,254.531944,0.9001,0.8726,0.8429,0.8251,52.71479,53.396306,3.406091,0.258804,0.632504,3,10,8,4,3,10,8,4,3,10,8,4,4,10,8,3,0.03963,0.07113,0.2566,0.28458,1,1,08:07:2023,21:15:49,2,-16.138167,-62.028,500.0,lev20,Almucantar,Concepcion,254,254.531944,0.063264,0.035401,0.025897,0.021078,1.321887,52.71479,53.396306,3.406091,0.258804,0.632504,3,10,8,4,3,10,8,4,3,10,8,4,4,10,8,3,0.03963,0.07113,0.2566,0.28458,1,1,08:07:2023,21:15:49,2,-16.138167,-62.028,500.0,lev20,Almucantar,1.9745008250027387,0.4919510553253517,0.9591516532718725,BCL,Arid,,Unknown
