Site,Date(dd:mm:yyyy),Time(hh:mm:ss),Day_of_Year,Day_of_Year(Fraction),AOD_Extinction-Total[440nm],AOD_Extinction-Total[675nm],AOD_Extinction-Total[870nm],AOD_Extinction-Total[1020nm],AOD_Extinction-Fine[440nm],AOD_Extinction-Fine[675nm],AOD_Extinction-Fine[870nm],AOD_Extinction-Fine[1020nm],AOD_Extinction-Coarse[440nm],AOD_Extinction-Coarse[675nm],AOD_Extinction-Coarse[870nm],AOD_Extinction-Coarse[1020nm],Extinction_Angstrom_Exponent_440-870nm-Total,Average_Solar_Zenith_Angles_for_Flux_Calculation(Degrees),Solar_Zenith_Angle_for_Measurement_Start(Degrees),Sky_Residual(%),Sun_Residual(%),Coincident_AOD440nm,Scattering_Angle_Bin_3.2_to_<6_degrees[440nm],Scattering_Angle_Bin_6_to_<30_degrees[440nm],Scattering_Angle_Bin_30_to_<80_degrees[440nm],Scattering_Angle_Bin_80_degrees_and_over[440nm],Scattering_Angle_Bin_3.2_to_<6_degrees[675nm],Scattering_Angle_Bin_6_to_<30_degrees[675nm],Scattering_Angle_Bin_30_to_<80_degrees[675nm],Scattering_Angle_Bin_80_degrees_and_over[675nm],Scattering_Angle_Bin_3.2_to_<6_degrees[870nm],Scattering_Angle_Bin_6_to_<30_degrees[870nm],Scattering_Angle_Bin_30_to_<80_degrees[870nm],Scattering_Angle_Bin_80_degrees_and_over[870nm],Scattering_Angle_Bin_3.2_to_<6_degrees[1020nm],Scattering_Angle_Bin_6_to_<30_degrees[1020nm],Scattering_Angle_Bin_30_to_<80_degrees[1020nm],Scattering_Angle_Bin_80_degrees_and_over[1020nm],Surface_Albedo[440m],Surface_Albedo[675m],Surface_Albedo[870m],Surface_Albedo[1020m],If_Retrieval_is_L2(without_L2_0.4_AOD_440_threshold),If_AOD_is_L2,Last_Processing_Date(dd:mm:yyyy),Last_Processing_Time(hh:mm:ss),Instrument_Number,Latitude(Degrees),Longitude(Degrees),Elevation(m),Inversion_Data_Quality_Level,Retrieval_Measurement_Scan_Type
IIT_Delhi,01:04:2021,01:55:09,91,91.079965,0.209000,0.167100,0.150600,0.143000,0.102400,0.052900,0.032100,0.022900,0.106600,0.114200,0.118400,0.120200,0.486091,73.936420,74.592313,2.711773,0.118282,0.205580,4,10,7,6,4,10,7,6,4,10,7,6,4,10,7,6,0.080310,0.152120,0.294820,0.292630,1,1,30:06:2022,22:29:35,1170,28.545000,77.192600,15.000000,lev20,Almucantar
IIT_Delhi,01:04:2021,02:29:19,91,91.103692,0.212600,0.167400,0.150400,0.142500,0.109100,0.056900,0.035400,0.025400,0.103400,0.110500,0.115000,0.117100,0.514069,66.483868,67.136139,1.716754,0.131433,0.208548,4,10,7,6,4,10,7,6,4,10,7,6,4,10,7,6,0.071900,0.136100,0.266600,0.266130,1,1,30:06:2022,22:36:07,1170,28.545000,77.192600,15.000000,lev20,Almucantar
IIT_Delhi,01:04:2021,10:07:28,91,91.421852,0.428900,0.406500,0.401700,0.399300,0.099400,0.056300,0.036300,0.026900,0.329600,0.350200,0.365400,0.372400,0.099396,52.007712,51.382179,3.705958,0.331429,0.419625,3,10,8,4,3,10,8,4,3,10,8,4,3,10,8,4,0.062640,0.118080,0.234180,0.234600,1,1,30:06:2022,22:23:44,1170,28.545000,77.192600,15.000000,lev20,Almucantar
IIT_Delhi,01:04:2021,10:29:48,91,91.437361,0.456500,0.426400,0.419100,0.415500,0.111900,0.060900,0.038800,0.028700,0.344600,0.365600,0.380300,0.386800,0.129238,56.716261,56.079023,4.058046,0.354793,0.445318,4,10,7,5,4,10,8,4,4,10,8,4,4,10,8,3,0.065170,0.122760,0.242190,0.241670,1,1,30:06:2022,22:27:23,1170,28.545000,77.192600,15.000000,lev20,Almucantar
IIT_Delhi,01:04:2021,10:59:31,91,91.457998,0.452400,0.420600,0.410400,0.405200,0.117300,0.065300,0.041100,0.030000,0.335100,0.355300,0.369400,0.375300,0.146105,63.089285,62.441662,4.305382,0.276718,0.443055,3,10,8,5,3,10,8,5,3,10,8,5,3,10,8,5,0.069590,0.130950,0.256230,0.254110,1,1,30:06:2022,22:35:45,1170,28.545000,77.192600,15.000000,lev20,Almucantar
IIT_Delhi,01:04:2021,11:47:05,91,91.491030,0.547500,0.504000,0.485400,0.474000,0.144900,0.075100,0.043000,0.029300,0.402600,0.428900,0.442500,0.444700,0.178721,73.433976,72.778876,4.995134,0.120703,0.535918,4,10,7,6,4,10,7,6,4,10,7,6,4,10,7,6,0.080620,0.151380,0.291210,0.285120,1,1,30:06:2022,22:44:54,1170,28.545000,77.192600,15.000000,lev20,Almucantar
IIT_Delhi,01:04:2021,12:05:35,91,91.503877,0.559900,0.515400,0.494900,0.481500,0.150900,0.079100,0.045100,0.030500,0.409000,0.436300,0.449900,0.451000,0.182687,77.474102,76.819209,4.611778,0.060045,0.548705,4,9,7,5,4,9,7,6,4,10,7,6,4,10,7,6,0.087040,0.163240,0.311480,0.303050,1,1,30:06:2022,22:48:44,1170,28.545000,77.192600,15.000000,lev20,Almucantar
IIT_Delhi,02:04:2021,01:54:11,92,92.079294,0.311900,0.247500,0.219100,0.205300,0.162000,0.086700,0.052300,0.036000,0.149900,0.160800,0.166900,0.169300,0.521393,73.900859,74.557030,1.966071,0.099946,0.307889,4,10,7,6,4,10,7,6,4,10,7,6,4,10,7,6,0.080270,0.152030,0.294660,0.292480,1,1,30:06:2022,22:16:22,1170,28.545000,77.192600,15.000000,lev20,Almucantar
IIT_Delhi,02:04:2021,03:15:12,92,92.135556,0.343300,0.268900,0.239900,0.226300,0.180900,0.094000,0.057800,0.041500,0.162500,0.174900,0.182100,0.184800,0.531488,56.341463,56.981118,2.341500,0.246848,0.338232,4,10,8,4,4,10,8,4,4,10,8,4,4,10,8,4,0.064540,0.122110,0.242020,0.243210,1,1,30:06:2022,22:27:02,1170,28.545000,77.192600,15.000000,lev20,Almucantar
IIT_Delhi,02:04:2021,03:44:07,92,92.155637,0.374900,0.288600,0.255000,0.240200,0.207600,0.108100,0.066000,0.047700,0.167300,0.180400,0.189000,0.192500,0.571286,50.250994,50.875551,2.492475,0.247269,0.370364,3,10,8,4,3,10,8,4,3,10,8,4,3,10,8,4,0.061530,0.116400,0.231990,0.233920,1,1,30:06:2022,22:29:53,1170,28.545000,77.192600,15.000000,lev20,Almucantar
IIT_Delhi,02:04:2021,10:07:08,92,92.421620,0.258200,0.214000,0.199300,0.192700,0.111600,0.057400,0.035800,0.026200,0.146600,0.156600,0.163500,0.166600,0.386790,51.791408,51.164438,3.266431,0.208456,0.254096,3,10,8,4,3,10,8,4,3,10,8,4,3,10,8,4,0.062540,0.117880,0.233840,0.234310,1,1,30:06:2022,22:15:36,1170,28.545000,77.192600,15.000000,lev20,Almucantar
IIT_Delhi,02:04:2021,10:30:30,92,92.437847,0.297000,0.239400,0.221100,0.213400,0.130700,0.063100,0.037900,0.026900,0.166300,0.176300,0.183200,0.186500,0.441253,56.729397,56.090614,2.349776,0.240676,0.290854,4,10,7,5,4,10,8,4,4,10,8,4,4,10,8,4,0.065170,0.122760,0.242210,0.241690,1,1,30:06:2022,22:21:17,1170,28.545000,77.192600,15.000000,lev20,Almucantar
IIT_Delhi,02:04:2021,10:59:11,92,92.457766,0.292800,0.236800,0.218200,0.210500,0.129600,0.063500,0.037900,0.026900,0.163200,0.173300,0.180300,0.183600,0.439062,62.891169,62.242804,2.860215,0.200992,0.287462,3,10,8,5,3,10,8,5,3,10,8,5,3,10,8,5,0.069430,0.130650,0.255730,0.253660,1,1,30:06:2022,22:26:44,1170,28.545000,77.192600,15.000000,lev20,Almucantar
IIT_Delhi,02:04:2021,11:49:09,92,92.492465,0.260700,0.215600,0.199300,0.192400,0.106400,0.051700,0.029500,0.020200,0.154400,0.164000,0.169800,0.172200,0.399992,73.768029,73.112557,3.038415,0.129643,0.255577,4,10,7,6,4,10,7,6,4,10,7,6,4,10,7,6,0.081080,0.152240,0.292700,0.286450,1,1,30:06:2022,22:33:47,1170,28.545000,77.192600,15.000000,lev20,Almucantar
IIT_Delhi,02:04:2021,12:07:29,92,92.505197,0.262200,0.219000,0.202600,0.195200,0.105800,0.052900,0.030800,0.021200,0.156300,0.166100,0.171800,0.174100,0.383494,77.772701,77.117813,3.174948,0.073408,0.257518,4,8,7,5,4,8,7,5,4,9,7,6,4,10,7,6,0.087550,0.164200,0.313170,0.304560,1,1,30:06:2022,22:36:12,1170,28.545000,77.192600,15.000000,lev20,Almucantar
IIT_Delhi,03:04:2021,01:53:53,93,93.079086,0.259800,0.220200,0.205200,0.198500,0.102700,0.051700,0.029900,0.020700,0.157100,0.168500,0.175300,0.177800,0.351020,73.721272,74.377684,3.150629,0.157693,0.256203,4,10,7,6,4,10,7,6,4,10,7,6,4,10,7,6,0.080020,0.151560,0.293830,0.291700,1,1,30:06:2022,22:31:00,1170,28.545000,77.192600,15.000000,lev20,Almucantar
IIT_Delhi,03:04:2021,02:25:30,93,93.101042,0.272700,0.230900,0.216600,0.210600,0.105400,0.050600,0.029900,0.021100,0.167400,0.180300,0.186800,0.189500,0.343905,66.814194,67.468059,2.678775,0.226233,0.268169,4,10,7,6,4,10,7,6,4,10,7,6,4,10,7,6,0.072210,0.136680,0.267610,0.267090,1,1,30:06:2022,22:37:15,1170,28.545000,77.192600,15.000000,lev20,Almucantar
IIT_Delhi,03:04:2021,03:14:01,93,93.134734,0.291600,0.244300,0.231000,0.225400,0.115400,0.054900,0.033200,0.023800,0.176200,0.189400,0.197800,0.201600,0.350012,56.333484,56.974562,2.469329,0.332549,0.286950,4,10,8,4,4,10,8,4,4,10,8,4,4,10,8,4,0.064540,0.122110,0.242010,0.243200,1,1,30:06:2022,22:42:11,1170,28.545000,77.192600,15.000000,lev20,Almucantar
IIT_Delhi,03:04:2021,03:43:49,93,93.155428,0.322300,0.262100,0.245900,0.239200,0.138400,0.064400,0.039200,0.028300,0.183900,0.197700,0.206700,0.210900,0.406793,50.041896,50.667964,2.990497,0.339960,0.317982,3,10,8,4,3,10,8,4,3,10,8,4,3,10,8,4,0.061430,0.116230,0.231700,0.233650,1,1,30:06:2022,22:46:52,1170,28.545000,77.192600,15.000000,lev20,Almucantar
IIT_Delhi,03:04:2021,10:06:48,93,93.421389,0.397000,0.287100,0.252500,0.238400,0.225200,0.103400,0.060300,0.042300,0.171800,0.183700,0.192100,0.196100,0.674996,51.576837,50.948460,3.057404,0.504742,0.393545,3,10,8,4,3,10,8,4,3,10,8,4,3,10,8,4,0.062430,0.117690,0.233520,0.234020,1,1,30:06:2022,22:35:49,1170,28.545000,77.192600,15.000000,lev20,Almucantar
IIT_Delhi,03:04:2021,10:31:13,93,93.438345,0.409800,0.304700,0.268100,0.252700,0.222700,0.106200,0.061800,0.042600,0.187200,0.198500,0.206300,0.210100,0.631032,56.748469,56.108200,1.900950,0.160026,0.403748,4,10,7,5,4,10,8,4,4,10,8,4,4,10,8,4,0.065190,0.122790,0.242240,0.241720,1,1,30:06:2022,22:43:00,1170,28.545000,77.192600,15.000000,lev20,Almucantar
IIT_Delhi,03:04:2021,10:59:31,93,93.457998,0.384000,0.289400,0.256400,0.242900,0.199900,0.093700,0.053100,0.036100,0.184000,0.195700,0.203300,0.206800,0.600870,62.838616,62.189374,2.722508,0.172833,0.378705,3,10,8,5,3,10,8,5,3,10,8,5,3,10,8,5,0.069400,0.130580,0.255590,0.253540,1,1,30:06:2022,22:16:02,1170,28.545000,77.192600,15.000000,lev20,Almucantar
IIT_Delhi,03:04:2021,11:48:54,93,93.492292,0.319900,0.250400,0.225300,0.214900,0.151800,0.071300,0.039600,0.026600,0.168100,0.179100,0.185700,0.188300,0.521401,73.596911,72.941182,3.449840,0.114769,0.315771,4,10,7,6,4,10,7,6,4,10,7,6,4,10,7,6,0.080830,0.151780,0.291920,0.285760,1,1,30:06:2022,22:22:31,1170,28.545000,77.192600,15.000000,lev20,Almucantar
IIT_Delhi,03:04:2021,12:07:19,93,93.505081,0.320600,0.251600,0.226100,0.214400,0.156400,0.076100,0.044200,0.030100,0.164200,0.175500,0.181900,0.184300,0.518972,77.620923,76.965897,3.144182,0.051243,0.316481,4,8,7,6,4,8,7,6,4,9,7,6,4,10,7,6,0.087280,0.163710,0.312290,0.303790,1,1,30:06:2022,22:25:23,1170,28.545000,77.192600,15.000000,lev20,Almucantar
IIT_Delhi,04:04:2021,01:53:33,94,94.078854,0.325600,0.255200,0.226100,0.212600,0.164800,0.082900,0.047700,0.032000,0.160800,0.172300,0.178400,0.180600,0.539618,73.550822,74.207446,1.744639,0.066993,0.320769,4,10,7,6,4,10,7,6,4,10,7,6,4,10,7,6,0.079770,0.151090,0.293020,0.290970,1,1,30:06:2022,22:26:02,1170,28.545000,77.192600,15.000000,lev20,Almucantar
IIT_Delhi,04:04:2021,02:24:22,94,94.100255,0.307300,0.236800,0.210100,0.198400,0.158300,0.077200,0.044400,0.030300,0.149000,0.159700,0.165700,0.168100,0.564263,66.814509,67.468965,1.760497,0.122385,0.302736,4,10,7,6,4,10,7,6,4,10,7,6,4,10,7,6,0.072210,0.136680,0.267620,0.267090,1,1,30:06:2022,22:33:29,1170,28.545000,77.192600,15.000000,lev20,Almucantar
IIT_Delhi,04:04:2021,03:13:25,94,94.134317,0.332800,0.250900,0.220700,0.206700,0.184900,0.091800,0.055300,0.038700,0.148000,0.159200,0.165400,0.168000,0.609761,56.204041,56.846263,1.713262,0.156048,0.328155,4,10,8,4,4,10,8,4,4,10,8,4,4,10,8,4,0.064460,0.121970,0.241760,0.242980,1,1,30:06:2022,22:38:49,1170,28.545000,77.192600,15.000000,lev20,Almucantar
IIT_Delhi,04:04:2021,10:06:32,94,94.421204,0.346200,0.267100,0.241500,0.230500,0.182400,0.090400,0.055500,0.039900,0.163800,0.176700,0.186000,0.190700,0.537563,51.377998,50.748206,5.126800,0.263166,0.344731,3,10,8,4,3,10,8,4,3,10,8,4,3,10,8,4,0.062340,0.117520,0.233230,0.233760,1,1,30:06:2022,22:18:29,1170,28.545000,77.192600,15.000000,lev20,Almucantar
IIT_Delhi,05:04:2021,02:23:08,95,95.099398,0.565600,0.440800,0.394700,0.374900,0.284200,0.139400,0.080700,0.055800,0.281400,0.301500,0.314000,0.319100,0.534548,66.839179,67.494190,2.752728,0.149831,0.558497,4,10,7,6,4,10,7,6,4,10,7,6,4,10,7,6,0.072230,0.136720,0.267690,0.267170,1,1,30:06:2022,22:23:14,1170,28.545000,77.192600,15.000000,lev20,Almucantar
IIT_Delhi,05:04:2021,03:13:13,95,95.134178,0.548500,0.430200,0.389100,0.371700,0.269800,0.131500,0.077300,0.054300,0.278600,0.298800,0.311900,0.317400,0.511410,55.991827,56.635008,2.616386,0.266104,0.540914,4,10,8,4,4,10,8,4,4,10,8,4,4,10,8,4,0.064340,0.121740,0.241360,0.242610,1,1,30:06:2022,22:33:42,1170,28.545000,77.192600,15.000000,lev20,Almucantar
IIT_Delhi,05:04:2021,03:39:53,95,95.152697,0.576700,0.453700,0.409800,0.390700,0.292900,0.149000,0.090500,0.064500,0.283800,0.304600,0.319300,0.326200,0.508422,50.331471,50.962397,2.668162,0.250636,0.570943,3,10,8,4,3,10,8,4,3,10,8,4,3,10,7,4,0.061560,0.116470,0.232120,0.234040,1,1,30:06:2022,22:39:51,1170,28.545000,77.192600,15.000000,lev20,Almucantar
IIT_Delhi,06:04:2021,10:33:14,96,96.439745,1.562800,1.122900,0.942800,0.856300,0.963300,0.486300,0.281600,0.182500,0.599500,0.636600,0.661200,0.673900,0.746039,56.790697,56.146403,2.376864,0.065372,1.546514,4,10,7,5,4,10,8,4,4,10,8,4,4,10,8,4,0.065220,0.122840,0.242330,0.241780,1,1,30:06:2022,22:43:23,1170,28.545000,77.192600,15.000000,lev20,Almucantar
IIT_Delhi,06:04:2021,11:49:47,96,96.492905,1.424900,1.045500,0.899300,0.829600,0.814700,0.398600,0.228800,0.147800,0.610200,0.647000,0.670600,0.681900,0.681531,73.445366,72.789045,2.531900,0.026677,1.407386,4,10,7,6,4,10,7,6,4,10,7,6,4,10,7,6,0.080660,0.151420,0.291290,0.285160,1,1,30:06:2022,22:56:19,1170,28.545000,77.192600,15.000000,lev20,Almucantar
IIT_Delhi,06:04:2021,12:08:20,96,96.505787,1.395800,1.029600,0.889800,0.823300,0.783800,0.390000,0.229100,0.149200,0.612100,0.639600,0.660700,0.674200,0.667057,77.500218,76.845139,4.078588,0.037450,1.375559,4,9,7,6,4,8,7,6,4,9,7,6,4,9,7,6,0.087100,0.163340,0.311670,0.303180,1,1,30:06:2022,23:01:29,1170,28.545000,77.192600,15.000000,lev20,Almucantar
IIT_Delhi,07:04:2021,01:48:24,97,97.075278,1.202700,1.023300,0.940300,0.898800,0.485300,0.256700,0.147800,0.101400,0.717400,0.766600,0.792500,0.797400,0.363465,73.960632,74.617571,4.776147,0.101413,1.183497,4,10,7,6,4,10,7,6,4,10,7,6,4,10,7,6,0.082200,0.151670,0.294610,0.291980,1,1,30:06:2022,22:38:43,1170,28.545000,77.192600,15.000000,lev20,Almucantar
IIT_Delhi,07:04:2021,03:09:22,97,97.131505,1.089300,0.884700,0.801500,0.763500,0.512300,0.270500,0.161700,0.111600,0.577100,0.614200,0.639800,0.652000,0.454733,56.317635,56.963797,2.485530,0.162641,1.073304,4,10,8,4,4,10,8,4,4,10,8,4,4,10,8,4,0.066550,0.123950,0.244070,0.244860,1,1,30:06:2022,22:58:34,1170,28.545000,77.192600,15.000000,lev20,Almucantar
IIT_Delhi,07:04:2021,11:02:42,97,97.460208,0.719300,0.548200,0.478500,0.446700,0.389500,0.193700,0.110600,0.073900,0.329900,0.354500,0.367900,0.372800,0.602975,63.045763,62.393130,3.112160,0.150468,0.712922,3,10,8,5,3,10,8,5,3,10,8,5,3,10,8,5,0.071540,0.132060,0.257580,0.255140,1,1,30:06:2022,22:37:06,1170,28.545000,77.192600,15.000000,lev20,Almucantar
IIT_Delhi,07:04:2021,11:50:14,97,97.493218,0.526400,0.432300,0.392300,0.371900,0.236900,0.120400,0.069900,0.046900,0.289500,0.311800,0.322400,0.325000,0.435198,73.430395,72.773953,3.484462,0.095240,0.520651,4,10,7,6,4,10,7,6,4,10,7,6,4,10,7,6,0.082500,0.150950,0.291080,0.284720,1,1,30:06:2022,22:45:13,1170,28.545000,77.192600,15.000000,lev20,Almucantar
IIT_Delhi,07:04:2021,12:08:38,97,97.505995,0.504100,0.417600,0.380400,0.360500,0.219400,0.110700,0.063800,0.042300,0.284700,0.306900,0.316600,0.318200,0.416640,77.452569,76.797537,3.637240,0.062935,0.498671,4,8,7,6,4,9,7,6,4,8,7,6,4,9,7,6,0.088810,0.161820,0.310340,0.301680,1,1,30:06:2022,22:48:48,1170,28.545000,77.192600,15.000000,lev20,Almucantar
IIT_Delhi,08:04:2021,01:47:25,98,98.074595,0.390500,0.310400,0.273100,0.253000,0.206300,0.109600,0.065500,0.044500,0.184200,0.200800,0.207700,0.208500,0.526796,73.941187,74.598165,2.710248,0.099859,0.387644,4,10,7,6,4,10,7,6,4,10,7,6,4,10,7,6,0.082190,0.151640,0.294550,0.291900,1,1,30:06:2022,22:41:42,1170,28.545000,77.192600,15.000000,lev20,Almucantar
IIT_Delhi,08:04:2021,02:19:52,98,98.097130,0.473600,0.381000,0.334200,0.308400,0.298400,0.194000,0.136300,0.103800,0.175200,0.186900,0.197900,0.204600,0.512036,66.834558,67.490908,2.556271,0.160342,0.469277,4,10,7,6,4,10,7,6,4,10,7,6,4,10,7,6,0.074190,0.137440,0.268620,0.267650,1,1,30:06:2022,22:21:09,1170,28.545000,77.192600,15.000000,lev20,Almucantar
IIT_Delhi,08:04:2021,03:08:07,98,98.130637,0.500000,0.401600,0.347400,0.317200,0.330100,0.219800,0.154500,0.117200,0.169900,0.181700,0.193000,0.200000,0.532804,56.341375,56.988691,2.227490,0.214083,0.495932,4,10,8,4,4,10,8,4,4,10,8,4,4,10,8,4,0.066570,0.123970,0.244110,0.244900,1,1,30:06:2022,22:28:25,1170,28.545000,77.192600,15.000000,lev20,Almucantar
IIT_Delhi,08:04:2021,03:37:19,98,98.150914,0.538400,0.428900,0.369100,0.336000,0.365200,0.244600,0.173000,0.132800,0.173200,0.184400,0.196100,0.203200,0.552455,50.098227,50.733998,2.336956,0.273812,0.534711,3,10,8,4,3,10,8,4,3,10,8,4,3,10,8,4,0.063510,0.118600,0.234340,0.235890,1,1,30:06:2022,22:31:13,1170,28.545000,77.192600,15.000000,lev20,Almucantar
IIT_Delhi,08:04:2021,10:34:27,98,98.440590,0.398800,0.323100,0.294600,0.281300,0.185800,0.092700,0.055100,0.038800,0.213000,0.230400,0.239500,0.242500,0.450135,56.801809,56.155184,3.374413,0.314887,0.393703,4,10,7,5,4,10,8,4,4,10,8,4,4,10,8,4,0.067240,0.124650,0.244430,0.243540,1,1,30:06:2022,22:22:57,1170,28.545000,77.192600,15.000000,lev20,Almucantar
IIT_Delhi,08:04:2021,11:02:28,98,98.460046,0.359200,0.292500,0.266200,0.253100,0.169800,0.087100,0.052700,0.037100,0.189400,0.205400,0.213500,0.216000,0.444655,62.877345,62.224179,2.827779,0.170913,0.355452,3,10,8,5,3,10,8,5,3,10,8,5,3,10,8,5,0.071420,0.131840,0.257180,0.254770,1,1,30:06:2022,22:28:49,1170,28.545000,77.192600,15.000000,lev20,Almucantar
IIT_Delhi,08:04:2021,11:52:23,98,98.494711,0.315500,0.260300,0.236800,0.224700,0.143500,0.074100,0.044100,0.030400,0.171900,0.186200,0.192700,0.194400,0.424734,73.788096,73.131639,3.476858,0.100001,0.311024,4,10,7,6,4,10,7,6,4,10,7,6,4,10,7,6,0.082990,0.151800,0.292590,0.286060,1,1,30:06:2022,22:35:06,1170,28.545000,77.192600,15.000000,lev20,Almucantar
IIT_Delhi,08:04:2021,12:10:42,98,98.507431,0.321100,0.266300,0.242200,0.229500,0.146000,0.076900,0.046500,0.032200,0.175000,0.189400,0.195700,0.197300,0.416936,77.790872,77.136192,4.151559,0.066765,0.316771,4,8,7,6,4,8,7,6,4,8,7,6,4,10,7,6,0.089410,0.162860,0.312170,0.303310,1,1,30:06:2022,22:37:50,1170,28.545000,77.192600,15.000000,lev20,Almucantar
IIT_Delhi,09:04:2021,01:47:08,99,99.074398,0.287300,0.223500,0.196800,0.183100,0.151000,0.075500,0.044300,0.030100,0.136300,0.148000,0.152500,0.153000,0.559407,73.770795,74.427819,2.134867,0.070381,0.284457,4,10,7,6,4,10,7,6,4,10,7,6,4,10,7,6,0.081970,0.151230,0.293800,0.291200,1,1,30:06:2022,22:16:12,1170,28.545000,77.192600,15.000000,lev20,Almucantar
IIT_Delhi,09:04:2021,02:18:45,99,99.096354,0.296100,0.227100,0.200100,0.186900,0.158200,0.077700,0.045700,0.031200,0.138000,0.149400,0.154400,0.155700,0.580721,66.844654,67.501364,2.006855,0.119443,0.292641,4,10,7,6,4,10,7,6,4,10,7,6,4,10,7,6,0.074200,0.137460,0.268660,0.267680,1,1,30:06:2022,22:23:56,1170,28.545000,77.192600,15.000000,lev20,Almucantar
IIT_Delhi,09:04:2021,03:06:56,99,99.129815,0.273900,0.206300,0.183000,0.172300,0.152500,0.075400,0.046400,0.033200,0.121400,0.130900,0.136600,0.139100,0.600195,56.354459,57.002850,1.936926,0.196306,0.270173,4,10,8,4,4,10,8,4,4,10,8,4,4,10,8,4,0.066570,0.123990,0.244140,0.244920,1,1,30:06:2022,22:29:43,1170,28.545000,77.192600,15.000000,lev20,Almucantar
IIT_Delhi,09:04:2021,03:37:03,99,99.150729,0.254100,0.190700,0.169800,0.160600,0.142000,0.069300,0.042800,0.031000,0.112100,0.121300,0.127000,0.129600,0.600864,49.903322,50.540319,2.282942,0.253797,0.251232,3,10,8,4,3,10,8,4,3,10,8,4,3,10,8,4,0.063430,0.118450,0.234080,0.235650,1,1,30:06:2022,22:35:09,1170,28.545000,77.192600,15.000000,lev20,Almucantar
IIT_Delhi,10:04:2021,01:46:51,100,100.074201,0.329100,0.253300,0.222600,0.208500,0.172200,0.084500,0.048300,0.032600,0.156900,0.168800,0.174300,0.175900,0.578671,73.602859,74.259904,2.136934,0.064567,0.324610,4,10,7,6,4,10,7,6,4,10,7,6,4,10,7,6,0.081750,0.150850,0.293080,0.290510,1,1,30:06:2022,22:36:08,1170,28.545000,77.192600,15.000000,lev20,Almucantar
IIT_Delhi,10:04:2021,02:17:44,100,100.095648,0.338100,0.257400,0.226600,0.212700,0.179600,0.087100,0.050100,0.034200,0.158500,0.170400,0.176400,0.178500,0.593431,66.835766,67.492785,2.249552,0.121843,0.332998,4,10,7,6,4,10,7,6,4,10,7,6,4,10,7,6,0.074180,0.137430,0.268620,0.267650,1,1,30:06:2022,22:20:17,1170,28.545000,77.192600,15.000000,lev20,Almucantar
IIT_Delhi,10:04:2021,03:06:42,100,100.129653,0.373900,0.278900,0.245000,0.230200,0.208200,0.100300,0.059000,0.041100,0.165700,0.178600,0.186000,0.189100,0.628161,56.165826,56.814976,2.576801,0.267090,0.369895,4,10,8,4,4,10,8,4,4,10,8,4,4,10,8,4,0.066470,0.123800,0.243800,0.244610,1,1,30:06:2022,22:27:02,1170,28.545000,77.192600,15.000000,lev20,Almucantar
IIT_Delhi,10:04:2021,03:33:50,100,100.148495,0.397400,0.295900,0.259500,0.240500,0.225300,0.111300,0.068700,0.047100,0.172100,0.184600,0.190800,0.193400,0.633146,50.339457,50.978994,1.947710,0.112358,0.394136,3,10,8,4,3,10,8,3,3,10,8,4,3,10,8,4,0.063610,0.118780,0.234670,0.236190,1,1,30:06:2022,22:34:47,1170,28.545000,77.192600,15.000000,lev20,Almucantar
IIT_Delhi,10:04:2021,10:36:49,100,100.442234,0.512900,0.376900,0.328600,0.304600,0.287000,0.136200,0.080300,0.053200,0.225900,0.240700,0.248300,0.251400,0.661450,57.069407,56.420382,2.073657,0.085580,0.505736,4,10,7,5,4,10,7,5,4,10,8,4,4,10,8,4,0.067400,0.124920,0.244910,0.243970,1,1,30:06:2022,22:31:10,1170,28.545000,77.192600,15.000000,lev20,Almucantar
IIT_Delhi,10:04:2021,11:03:34,100,100.460810,0.485800,0.359000,0.312700,0.291300,0.274100,0.132700,0.078400,0.052600,0.211700,0.226200,0.234300,0.238700,0.653895,62.885467,62.231101,2.447567,0.112005,0.480562,3,10,8,5,3,10,8,5,3,10,8,5,3,10,8,5,0.071420,0.131840,0.257200,0.254790,1,1,30:06:2022,22:38:49,1170,28.545000,77.192600,15.000000,lev20,Almucantar
IIT_Delhi,10:04:2021,11:51:52,100,100.494352,0.499000,0.377700,0.331900,0.310500,0.264900,0.126700,0.072000,0.047600,0.234100,0.251100,0.259900,0.262900,0.604877,73.451479,72.794919,2.864345,0.073628,0.492308,4,10,7,6,4,10,7,6,4,10,7,6,4,10,7,6,0.082530,0.150990,0.291170,0.284790,1,1,30:06:2022,22:45:38,1170,28.545000,77.192600,15.000000,lev20,Almucantar
IIT_Delhi,10:04:2021,12:10:21,100,100.507188,0.505900,0.386100,0.340900,0.319500,0.263600,0.126800,0.072800,0.048500,0.242300,0.259300,0.268100,0.271000,0.585717,77.490472,76.835915,3.289711,0.054086,0.499457,4,9,7,6,4,8,7,6,4,9,7,6,4,10,7,6,0.088870,0.161910,0.310500,0.301860,1,1,30:06:2022,22:48:41,1170,28.545000,77.192600,15.000000,lev20,Almucantar
IIT_Delhi,11:04:2021,01:44:02,101,101.072245,0.337300,0.275500,0.247300,0.232100,0.159700,0.081700,0.047800,0.032800,0.177700,0.193800,0.199500,0.199300,0.458011,73.992333,74.649160,2.368122,0.076901,0.333989,4,10,7,6,4,10,7,6,4,10,7,6,4,10,7,6,0.082270,0.151770,0.294800,0.292110,1,1,30:06:2022,22:21:08,1170,28.545000,77.192600,15.000000,lev20,Almucantar
IIT_Delhi,11:04:2021,02:16:37,101,101.094873,0.344000,0.279800,0.250900,0.236000,0.167400,0.086800,0.051300,0.035500,0.176600,0.193100,0.199600,0.200400,0.465903,66.851750,67.509042,2.516840,0.163650,0.341414,4,10,7,6,4,10,7,6,4,10,7,6,4,10,7,6,0.074200,0.137460,0.268670,0.267700,1,1,30:06:2022,22:28:50,1170,28.545000,77.192600,15.000000,lev20,Almucantar
IIT_Delhi,11:04:2021,03:06:26,101,101.129468,0.381500,0.296500,0.261300,0.244000,0.209200,0.108900,0.065700,0.046000,0.172400,0.187600,0.195600,0.198000,0.559777,55.987681,56.637571,2.162972,0.243373,0.378197,4,10,8,4,4,10,8,4,4,10,8,4,4,10,8,4,0.066370,0.123630,0.243490,0.244320,1,1,30:06:2022,22:35:38,1170,28.545000,77.192600,15.000000,lev20,Almucantar
IIT_Delhi,11:04:2021,03:32:39,101,101.147674,0.408400,0.315900,0.278000,0.259300,0.229800,0.121000,0.074300,0.052800,0.178600,0.194900,0.203700,0.206500,0.569084,50.348412,50.989456,2.201544,0.289224,0.405483,3,10,8,4,3,10,8,4,3,10,8,4,3,10,8,4,0.063620,0.118780,0.234680,0.236210,1,1,30:06:2022,22:40:52,1170,28.545000,77.192600,15.000000,lev20,Almucantar
IIT_Delhi,11:04:2021,10:36:34,101,101.442060,0.654800,0.485400,0.425000,0.395400,0.359100,0.170700,0.099900,0.066600,0.295700,0.314800,0.325100,0.328800,0.642201,56.895765,56.246016,1.950358,0.065149,0.647137,4,10,7,5,4,10,8,4,4,10,8,4,4,10,8,4,0.067300,0.124740,0.244600,0.243690,1,1,30:06:2022,22:41:41,1170,28.545000,77.192600,15.000000,lev20,Almucantar
IIT_Delhi,11:04:2021,11:04:06,101,101.461181,0.651700,0.487300,0.428900,0.404300,0.353100,0.168300,0.096200,0.065500,0.298600,0.319100,0.332800,0.338900,0.621817,62.887791,62.232900,2.980795,0.165511,0.644446,3,10,8,5,3,10,8,5,3,10,8,5,3,10,8,5,0.071420,0.131850,0.257200,0.254790,1,1,30:06:2022,22:49:53,1170,28.545000,77.192600,15.000000,lev20,Almucantar
IIT_Delhi,11:04:2021,11:52:19,101,101.494664,0.638500,0.490700,0.436000,0.410900,0.327700,0.157400,0.089800,0.060000,0.310800,0.333300,0.346200,0.351000,0.566556,73.439022,72.782494,2.798232,0.070678,0.630974,4,10,7,6,4,10,7,6,4,10,7,6,4,10,7,6,0.082520,0.150970,0.291120,0.284750,1,1,30:06:2022,22:18:13,1170,28.545000,77.192600,15.000000,lev20,Almucantar
IIT_Delhi,11:04:2021,12:10:44,101,101.507454,0.649900,0.502100,0.446600,0.420200,0.327700,0.156400,0.089100,0.058900,0.322200,0.345700,0.357500,0.361300,0.556939,77.462636,76.808278,3.098337,0.039260,0.642679,4,8,7,6,4,8,7,6,4,8,7,6,4,9,7,6,0.088830,0.161860,0.310400,0.301730,1,1,30:06:2022,22:22:49,1170,28.545000,77.192600,15.000000,lev20,Almucantar
IIT_Delhi,12:04:2021,02:16:12,102,102.094583,0.775700,0.589300,0.515900,0.481300,0.417900,0.205400,0.117900,0.078400,0.357900,0.383900,0.398000,0.402900,0.604070,66.717388,67.374882,1.875619,0.080129,0.766562,4,10,7,6,4,10,7,6,4,10,7,6,4,10,7,6,0.074070,0.137230,0.268250,0.267330,1,1,30:06:2022,22:27:26,1170,28.545000,77.192600,15.000000,lev20,Almucantar
IIT_Delhi,12:04:2021,03:03:43,102,102.127581,0.811700,0.615800,0.540500,0.506700,0.442800,0.221600,0.129700,0.089000,0.369000,0.394200,0.410700,0.417700,0.602814,56.344192,56.995386,2.303339,0.189349,0.801820,4,10,8,4,4,10,8,4,4,10,8,4,4,10,8,4,0.066560,0.123980,0.244130,0.244910,1,1,30:06:2022,22:32:05,1170,28.545000,77.192600,15.000000,lev20,Almucantar
IIT_Delhi,12:04:2021,03:31:35,102,102.146933,0.824400,0.616700,0.541500,0.505900,0.470400,0.235900,0.142700,0.099200,0.354000,0.380900,0.398800,0.406800,0.624275,50.336870,50.979308,2.237065,0.381608,0.814436,3,10,8,4,3,10,8,4,3,10,8,4,3,10,8,4,0.063610,0.118770,0.234670,0.236190,1,1,30:06:2022,22:42:55,1170,28.545000,77.192600,15.000000,lev20,Almucantar
IIT_Delhi,12:04:2021,10:36:50,102,102.442245,1.006200,0.725900,0.624700,0.578000,0.588600,0.279000,0.160900,0.105900,0.417600,0.447000,0.463800,0.472100,0.707310,56.835457,56.184892,2.265785,0.078947,0.992932,4,10,7,5,4,10,8,4,4,10,8,4,4,10,8,4,0.067260,0.124680,0.244480,0.243590,1,1,30:06:2022,22:43:57,1170,28.545000,77.192600,15.000000,lev20,Almucantar
IIT_Delhi,12:04:2021,11:06:19,102,102.462720,0.926200,0.673700,0.584500,0.543200,0.527700,0.247900,0.144500,0.096600,0.398600,0.425800,0.440100,0.446600,0.683814,63.259181,62.603626,2.010282,0.035285,0.916090,3,10,8,5,3,10,8,5,3,10,8,5,3,10,8,5,0.071720,0.132350,0.258100,0.255590,1,1,30:06:2022,22:55:11,1170,28.545000,77.192600,15.000000,lev20,Almucantar
IIT_Delhi,12:04:2021,11:52:50,102,102.495023,0.886600,0.652900,0.570700,0.532800,0.482400,0.221100,0.123200,0.078500,0.404200,0.431800,0.447500,0.454400,0.654734,73.441671,72.785216,2.354788,0.025232,0.875937,4,10,7,6,4,10,7,6,4,10,7,6,4,10,7,6,0.082520,0.150990,0.291140,0.284760,1,1,30:06:2022,23:03:38,1170,28.545000,77.192600,15.000000,lev20,Almucantar
IIT_Delhi,12:04:2021,12:11:19,102,102.507859,0.849800,0.631400,0.553900,0.518200,0.453800,0.210100,0.118700,0.077300,0.396100,0.421400,0.435300,0.440900,0.636082,77.478708,76.824617,3.559265,0.036371,0.839915,4,8,7,6,4,9,7,6,4,9,7,6,4,10,7,6,0.088860,0.161910,0.310480,0.301810,1,1,30:06:2022,23:07:36,1170,28.545000,77.192600,15.000000,lev20,Almucantar
IIT_Delhi,13:04:2021,01:41:57,103,103.070799,0.675900,0.525700,0.465000,0.434600,0.353900,0.179100,0.104700,0.070000,0.322000,0.346600,0.360300,0.364600,0.553766,74.001640,74.658189,2.182680,0.061049,0.667777,4,10,7,6,4,10,7,6,4,10,7,6,4,10,7,6,0.082260,0.151770,0.294790,0.292150,1,1,30:06:2022,22:37:51,1170,28.545000,77.192600,15.000000,lev20,Almucantar
IIT_Delhi,13:04:2021,02:15:55,103,103.094387,0.691700,0.536300,0.472600,0.441800,0.364200,0.184900,0.107800,0.072300,0.327500,0.351400,0.364800,0.369500,0.563606,66.556832,67.214496,2.078236,0.113088,0.682777,4,10,7,6,4,10,7,6,4,10,7,6,4,10,7,6,0.073920,0.136980,0.267800,0.266880,1,1,30:06:2022,22:25:17,1170,28.545000,77.192600,15.000000,lev20,Almucantar
IIT_Delhi,13:04:2021,03:02:40,103,103.126852,0.710800,0.547200,0.484000,0.454900,0.381200,0.193000,0.114800,0.079700,0.329600,0.354200,0.369300,0.375200,0.569844,56.343618,56.995635,2.569984,0.199389,0.701758,4,10,8,4,4,10,8,4,4,10,8,4,4,10,8,4,0.066570,0.123980,0.244130,0.244910,1,1,30:06:2022,22:34:30,1170,28.545000,77.192600,15.000000,lev20,Almucantar
IIT_Delhi,13:04:2021,03:30:59,103,103.146516,0.668700,0.518600,0.462200,0.436000,0.356300,0.182200,0.110200,0.077700,0.312500,0.336400,0.352000,0.358300,0.548348,50.229701,50.873293,2.600056,0.218769,0.660597,3,10,8,4,3,10,8,4,3,10,8,4,3,10,8,4,0.063560,0.118700,0.234520,0.236060,1,1,30:06:2022,22:43:05,1170,28.545000,77.192600,15.000000,lev20,Almucantar
IIT_Delhi,13:04:2021,10:37:24,103,103.442639,0.691300,0.534600,0.480700,0.457800,0.339600,0.158400,0.089900,0.060900,0.351700,0.376200,0.390800,0.396900,0.541165,56.841770,56.190371,2.374019,0.167899,0.681011,4,10,7,5,4,10,8,4,4,10,8,4,4,10,8,4,0.067270,0.124700,0.244500,0.243600,1,1,30:06:2022,22:24:15,1170,28.545000,77.192600,15.000000,lev20,Almucantar
IIT_Delhi,13:04:2021,11:06:01,103,103.462512,0.707500,0.552000,0.498100,0.473700,0.346300,0.165100,0.096500,0.065900,0.361200,0.386900,0.401600,0.407800,0.522681,63.081808,62.425923,1.965891,0.089774,0.699049,3,10,8,5,3,10,8,5,3,10,8,5,3,10,8,5,0.071570,0.132110,0.257670,0.255210,1,1,30:06:2022,22:29:30,1170,28.545000,77.192600,15.000000,lev20,Almucantar
IIT_Delhi,13:04:2021,11:53:22,103,103.495394,0.682400,0.536100,0.484300,0.460500,0.327800,0.156200,0.089700,0.060400,0.354600,0.380000,0.394600,0.400100,0.510425,73.448439,72.792095,2.888187,0.064463,0.672799,4,10,7,6,4,10,7,6,4,10,7,6,4,10,7,6,0.082540,0.151010,0.291190,0.284780,1,1,30:06:2022,22:40:33,1170,28.545000,77.192600,15.000000,lev20,Almucantar
IIT_Delhi,13:04:2021,12:11:53,103,103.508252,0.666700,0.526000,0.475900,0.452100,0.313500,0.148000,0.084200,0.055500,0.353200,0.378100,0.391700,0.396600,0.501776,77.491395,76.837604,2.823315,0.034771,0.657402,4,8,7,6,4,8,7,6,4,9,7,6,4,10,7,6,0.088890,0.161950,0.310550,0.301870,1,1,30:06:2022,22:45:10,1170,28.545000,77.192600,15.000000,lev20,Almucantar
IIT_Delhi,14:04:2021,01:40:57,104,104.070104,0.514700,0.409200,0.368200,0.348100,0.247900,0.121200,0.069600,0.046700,0.266800,0.288000,0.298600,0.301400,0.497017,74.001282,74.657641,2.331198,0.067771,0.509615,4,10,7,6,4,10,7,6,4,10,7,6,4,10,7,6,0.082270,0.151790,0.294820,0.292150,1,1,30:06:2022,22:17:16,1170,28.545000,77.192600,15.000000,lev20,Almucantar
IIT_Delhi,14:04:2021,02:13:34,104,104.092755,0.550300,0.433700,0.386100,0.362900,0.281000,0.143200,0.084000,0.056900,0.269300,0.290600,0.302100,0.306000,0.524684,66.852537,67.510382,2.033968,0.123358,0.544400,4,10,7,6,4,10,7,6,4,10,7,6,4,10,7,6,0.074200,0.137460,0.268680,0.267700,1,1,30:06:2022,22:26:53,1170,28.545000,77.192600,15.000000,lev20,Almucantar
IIT_Delhi,15:04:2021,10:40:35,105,105.444850,1.090900,0.810500,0.708000,0.664900,0.585500,0.275300,0.153200,0.100300,0.505500,0.535300,0.554900,0.564700,0.641739,57.305452,56.652167,1.893606,0.063731,1.072937,4,10,7,5,4,9,5,5,4,9,4,5,4,10,6,4,0.071020,0.130410,0.250160,0.250490,1,1,30:06:2022,22:51:30,1170,28.545000,77.192600,15.000000,lev20,Almucantar
IIT_Delhi,16:04:2021,01:40:19,106,106.069664,0.909200,0.658500,0.562500,0.520300,0.525800,0.252100,0.141300,0.091300,0.383500,0.406400,0.421200,0.429000,0.710946,73.710241,74.366300,1.896835,0.018165,0.897179,4,10,7,6,4,10,7,6,4,10,7,6,4,10,7,6,0.086340,0.159240,0.301260,0.301000,1,1,30:06:2022,22:26:34,1170,28.545000,77.192600,15.000000,lev20,Almucantar
IIT_Delhi,16:04:2021,02:11:35,106,106.091377,0.860500,0.622400,0.533700,0.494800,0.496900,0.236300,0.134400,0.089100,0.363700,0.386100,0.399300,0.405700,0.707999,66.858228,67.516241,1.797843,0.025703,0.848557,4,10,7,6,4,10,7,6,4,10,7,6,4,10,7,6,0.078140,0.144110,0.274930,0.275860,1,1,30:06:2022,22:37:18,1170,28.545000,77.192600,15.000000,lev20,Almucantar
IIT_Delhi,16:04:2021,03:00:13,106,106.125150,0.863800,0.619700,0.527800,0.486900,0.516200,0.250200,0.145400,0.098200,0.347700,0.369500,0.382400,0.388700,0.729663,56.213148,56.867202,1.819734,0.037337,0.852235,4,10,8,4,4,10,8,4,4,10,8,4,4,10,8,4,0.069890,0.128920,0.248600,0.250870,1,1,30:06:2022,22:46:25,1170,28.545000,77.192600,15.000000,lev20,Almucantar
IIT_Delhi,16:04:2021,03:27:19,106,106.143970,0.883000,0.631300,0.536100,0.494000,0.534900,0.262900,0.154100,0.104400,0.348200,0.368400,0.382000,0.389600,0.738899,50.335390,50.982788,2.464485,0.047849,0.871868,3,10,8,4,3,10,8,4,3,10,8,4,3,10,8,4,0.066790,0.123240,0.238780,0.241610,1,1,30:06:2022,22:53:50,1170,28.545000,77.192600,15.000000,lev20,Almucantar
IIT_Delhi,17:04:2021,03:00:00,107,107.125000,0.602300,0.488700,0.435500,0.402900,0.321700,0.173100,0.108900,0.077000,0.280600,0.315600,0.326700,0.326000,0.477904,56.046723,56.701268,4.298303,0.118121,0.596048,4,10,8,4,4,9,8,4,4,10,8,4,4,10,7,4,0.069790,0.128740,0.248290,0.250580,1,1,30:06:2022,22:37:01,1170,28.545000,77.192600,15.000000,lev20,Almucantar
IIT_Delhi,17:04:2021,11:07:20,107,107.463426,0.244600,0.162500,0.138100,0.128400,0.157800,0.067500,0.039000,0.027800,0.086800,0.095000,0.099100,0.100600,0.852561,62.932041,62.274963,3.623557,0.143242,0.243361,3,10,8,5,3,10,8,5,3,10,7,5,3,10,6,5,0.075210,0.137920,0.262860,0.261940,1,1,30:06:2022,22:25:58,1170,28.545000,77.192600,15.000000,lev20,Almucantar
IIT_Delhi,17:04:2021,11:55:22,107,107.496782,0.211000,0.148000,0.128500,0.119700,0.126100,0.055800,0.032700,0.022600,0.084900,0.092200,0.095700,0.097100,0.739603,73.450294,72.794729,1.889327,0.056406,0.209381,4,10,7,6,4,10,7,6,4,10,7,6,4,10,7,6,0.087030,0.159130,0.298750,0.294340,1,1,30:06:2022,22:31:21,1170,28.545000,77.192600,15.000000,lev20,Almucantar
IIT_Delhi,17:04:2021,12:13:42,107,107.509514,0.215400,0.155200,0.135600,0.126800,0.125900,0.057800,0.033700,0.022800,0.089400,0.097400,0.101900,0.104000,0.689391,77.446120,76.793751,3.583458,0.037858,0.214116,4,8,7,6,4,9,7,6,4,9,7,6,4,10,7,6,0.093720,0.171150,0.319050,0.312600,1,1,30:06:2022,22:33:44,1170,28.545000,77.192600,15.000000,lev20,Almucantar
IIT_Delhi,18:04:2021,01:37:01,108,108.067373,0.433300,0.322400,0.280000,0.259700,0.244900,0.120300,0.070900,0.047800,0.188400,0.202200,0.209100,0.211900,0.647058,74.014400,74.669662,1.458745,0.023712,0.427945,4,10,7,6,4,10,7,6,4,10,7,6,4,10,7,6,0.086790,0.160070,0.302700,0.302360,1,1,30:06:2022,22:17:18,1170,28.545000,77.192600,15.000000,lev20,Almucantar
IIT_Delhi,18:04:2021,02:09:42,108,108.090069,0.411700,0.302500,0.263400,0.245100,0.231900,0.109800,0.064100,0.043200,0.179800,0.192700,0.199300,0.201900,0.663293,66.855494,67.513525,1.400181,0.043075,0.406584,4,10,7,6,4,10,7,6,4,10,7,6,4,10,7,6,0.078140,0.144100,0.274920,0.275850,1,1,30:06:2022,22:26:42,1170,28.545000,77.192600,15.000000,lev20,Almucantar
IIT_Delhi,18:04:2021,02:57:38,108,108.123356,0.450500,0.325300,0.280700,0.258900,0.267600,0.129100,0.077500,0.052600,0.182900,0.196300,0.203200,0.206400,0.702363,56.353534,57.008866,1.251138,0.052307,0.445256,4,10,8,4,4,10,8,4,4,10,8,4,4,10,8,4,0.069970,0.129080,0.248860,0.251130,1,1,30:06:2022,22:35:03,1170,28.545000,77.192600,15.000000,lev20,Almucantar
IIT_Delhi,18:04:2021,03:25:18,108,108.142569,0.431400,0.312400,0.270500,0.250400,0.256200,0.124100,0.075500,0.052100,0.175100,0.188300,0.195000,0.198300,0.693365,50.336968,50.986447,1.229207,0.079635,0.427221,3,10,8,4,3,10,8,4,3,10,8,4,3,10,8,4,0.066790,0.123240,0.238790,0.241620,1,1,30:06:2022,22:41:31,1170,28.545000,77.192600,15.000000,lev20,Almucantar
IIT_Delhi,18:04:2021,11:09:55,108,108.465220,0.903200,0.735900,0.669600,0.639100,0.395100,0.191600,0.105800,0.070100,0.508100,0.544300,0.563900,0.569000,0.444032,63.390743,62.733380,3.368473,0.176927,0.891571,3,10,8,5,3,10,8,5,3,10,8,5,3,10,8,5,0.075610,0.138630,0.264050,0.263020,1,1,30:06:2022,22:36:07,1170,28.545000,77.192600,15.000000,lev20,Almucantar
IIT_Delhi,18:04:2021,11:55:59,108,108.497211,0.805500,0.662500,0.604100,0.575600,0.354300,0.179700,0.103800,0.070400,0.451200,0.482800,0.500400,0.505200,0.426535,73.477037,72.821764,4.135245,0.094799,0.794949,4,10,7,6,4,10,7,6,4,10,7,6,4,10,7,6,0.087090,0.159240,0.298910,0.294450,1,1,30:06:2022,22:45:02,1170,28.545000,77.192600,15.000000,lev20,Almucantar
IIT_Delhi,19:04:2021,01:36:04,109,109.066713,0.454000,0.356000,0.320400,0.305100,0.215500,0.101400,0.056200,0.037000,0.238500,0.254600,0.264100,0.268200,0.518267,74.018031,74.672941,2.228063,0.076189,0.447664,4,10,7,6,4,10,7,6,4,10,7,6,4,10,7,6,0.086780,0.160070,0.302700,0.302370,1,1,30:06:2022,22:18:58,1170,28.545000,77.192600,15.000000,lev20,Almucantar
IIT_Delhi,19:04:2021,02:09:28,109,109.089907,0.505800,0.392400,0.348900,0.329800,0.253200,0.122500,0.069200,0.046100,0.252700,0.269900,0.279700,0.283800,0.550915,66.703976,67.361986,1.944667,0.112925,0.497914,4,10,7,6,4,10,7,6,4,10,7,6,4,10,7,6,0.077990,0.143840,0.274460,0.275390,1,1,30:06:2022,22:28:49,1170,28.545000,77.192600,15.000000,lev20,Almucantar
IIT_Delhi,19:04:2021,02:56:42,109,109.122708,0.552200,0.426700,0.378000,0.355500,0.295500,0.152300,0.091500,0.063800,0.256700,0.274500,0.286500,0.291700,0.561964,56.351839,57.007677,1.808929,0.222688,0.544981,4,10,8,4,4,10,8,4,4,10,8,4,4,10,8,4,0.069970,0.129070,0.248860,0.251130,1,1,30:06:2022,22:38:09,1170,28.545000,77.192600,15.000000,lev20,Almucantar
IIT_Delhi,19:04:2021,11:09:36,109,109.465000,0.575700,0.461800,0.425700,0.411600,0.249000,0.112500,0.062400,0.042400,0.326700,0.349300,0.363400,0.369200,0.451307,63.214847,62.557357,4.296438,0.267165,0.568115,3,10,8,5,3,10,8,5,3,10,8,5,3,10,8,5,0.075460,0.138360,0.263590,0.262600,1,1,30:06:2022,22:24:26,1170,28.545000,77.192600,15.000000,lev20,Almucantar
IIT_Delhi,19:04:2021,11:56:29,109,109.497558,0.634700,0.503000,0.459100,0.440500,0.280000,0.125500,0.068500,0.044700,0.354700,0.377400,0.390700,0.395800,0.483259,73.478545,72.823580,3.422327,0.092962,0.625257,4,10,7,6,4,10,7,6,4,10,7,6,4,10,7,6,0.087080,0.159240,0.298910,0.294460,1,1,30:06:2022,22:35:49,1170,28.545000,77.192600,15.000000,lev20,Almucantar
IIT_Delhi,19:04:2021,12:14:57,109,109.510382,0.628100,0.496700,0.453300,0.434500,0.280100,0.126800,0.070400,0.046400,0.348100,0.369900,0.382900,0.388100,0.486764,77.498446,76.847045,3.631295,0.066578,0.618947,4,8,7,6,4,8,7,6,4,9,7,6,4,10,7,6,0.093840,0.171350,0.319370,0.312870,1,1,30:06:2022,22:39:47,1170,28.545000,77.192600,15.000000,lev20,Almucantar
IIT_Delhi,21:04:2021,01:34:11,111,111.065405,0.658000,0.528400,0.457300,0.417400,0.347700,0.190600,0.114200,0.078100,0.310300,0.337800,0.343100,0.339300,0.532504,74.031293,74.685407,1.572082,0.021797,0.652731,4,10,7,6,4,10,7,6,4,10,7,6,4,10,7,6,0.086810,0.160100,0.302760,0.302420,1,1,30:06:2022,22:27:23,1170,28.545000,77.192600,15.000000,lev20,Almucantar
IIT_Delhi,21:04:2021,02:54:49,111,111.121400,0.450300,0.331900,0.282300,0.259500,0.273300,0.138100,0.079900,0.054800,0.176900,0.193700,0.202400,0.204700,0.689214,56.364767,57.021483,2.115147,0.095050,0.446651,4,10,8,4,4,10,8,4,4,10,8,4,4,10,8,4,0.069980,0.129080,0.248890,0.251150,1,1,30:06:2022,22:35:10,1170,28.545000,77.192600,15.000000,lev20,Almucantar
IIT_Delhi,21:04:2021,03:24:08,111,111.141759,0.382500,0.273800,0.234500,0.213300,0.244200,0.122700,0.077000,0.052400,0.138300,0.151100,0.157500,0.160900,0.725813,49.970882,50.622617,2.233159,0.127949,0.379420,3,10,8,4,3,10,8,4,3,10,8,4,3,10,8,4,0.066620,0.122930,0.238250,0.241120,1,1,30:06:2022,22:37:15,1170,28.545000,77.192600,15.000000,lev20,Almucantar
IIT_Delhi,21:04:2021,12:18:04,111,111.512546,0.686100,0.486100,0.414700,0.381800,0.412100,0.190400,0.108600,0.071900,0.274000,0.295700,0.306100,0.309800,0.747014,77.955024,77.305224,3.177153,0.016758,0.681363,4,8,7,6,4,8,7,6,4,9,7,6,4,8,7,6,0.094730,0.172930,0.322060,0.315270,1,1,30:06:2022,22:28:04,1170,28.545000,77.192600,15.000000,lev20,Almucantar
IIT_Delhi,22:04:2021,02:05:58,112,112.087477,0.592000,0.345300,0.254000,0.214500,0.480100,0.225000,0.131100,0.091200,0.111900,0.120300,0.122900,0.123300,1.245542,66.885180,67.542816,1.862943,0.021786,0.588690,4,10,7,6,4,10,7,6,4,10,7,6,4,10,7,6,0.078170,0.144160,0.275030,0.275940,1,1,30:06:2022,22:23:51,1170,28.545000,77.192600,15.000000,lev20,Almucantar
IIT_Delhi,22:04:2021,02:53:54,112,112.120764,0.555000,0.328700,0.246500,0.210800,0.441000,0.204800,0.117300,0.079500,0.114000,0.123900,0.129200,0.131300,1.196338,56.372186,57.029270,1.257628,0.037579,0.551056,4,10,8,4,4,10,8,4,4,10,8,4,4,10,8,4,0.069980,0.129100,0.248910,0.251170,1,1,30:06:2022,22:30:21,1170,28.545000,77.192600,15.000000,lev20,Almucantar
IIT_Delhi,22:04:2021,03:21:30,112,112.139931,0.548000,0.321700,0.240500,0.204600,0.443000,0.207600,0.122000,0.084400,0.105000,0.114100,0.118500,0.120300,1.214230,50.345803,50.998710,0.999234,0.017565,0.544889,3,10,8,4,3,10,8,4,3,10,8,4,3,10,8,4,0.066790,0.123250,0.238800,0.241640,1,1,30:06:2022,22:36:24,1170,28.545000,77.192600,15.000000,lev20,Almucantar
IIT_Delhi,22:04:2021,10:44:04,112,112.447269,0.702900,0.427400,0.335900,0.297100,0.514500,0.226200,0.128300,0.087200,0.188400,0.201200,0.207600,0.209900,1.093626,57.303807,56.647117,2.126546,0.052175,0.697035,4,10,7,5,4,10,7,5,4,10,7,5,4,10,8,4,0.071030,0.130410,0.250160,0.250480,1,1,30:06:2022,22:28:10,1170,28.545000,77.192600,15.000000,lev20,Almucantar
IIT_Delhi,22:04:2021,11:09:56,112,112.465231,0.731900,0.444600,0.348700,0.308400,0.535000,0.234000,0.130300,0.086500,0.197000,0.210600,0.218400,0.221900,1.097850,62.972567,62.314837,2.283861,0.041338,0.725842,3,10,8,5,3,10,8,5,3,10,8,5,3,10,8,5,0.075250,0.137990,0.262970,0.262030,1,1,30:06:2022,22:36:48,1170,28.545000,77.192600,15.000000,lev20,Almucantar
IIT_Delhi,22:04:2021,11:59:00,112,112.499306,0.838000,0.501200,0.388300,0.341900,0.618700,0.266700,0.144500,0.093500,0.219300,0.234500,0.243900,0.248400,1.138243,73.705758,73.052064,2.044220,0.013150,0.831790,4,10,7,6,4,10,7,6,4,10,7,6,4,10,7,6,0.087400,0.159820,0.299920,0.295390,1,1,30:06:2022,22:44:54,1170,28.545000,77.192600,15.000000,lev20,Almucantar
IIT_Delhi,22:04:2021,12:17:28,112,112.512130,0.835200,0.500500,0.388300,0.342000,0.618500,0.267300,0.144700,0.094200,0.216700,0.233100,0.243600,0.247800,1.133362,77.715794,77.066240,2.420072,0.005468,0.829098,4,8,7,6,4,8,7,6,4,9,7,6,4,9,7,6,0.094240,0.172080,0.320610,0.314010,1,1,30:06:2022,22:47:42,1170,28.545000,77.192600,15.000000,lev20,Almucantar
IIT_Delhi,23:04:2021,10:43:51,113,113.447118,0.700900,0.528500,0.471300,0.448600,0.353400,0.160900,0.090000,0.060400,0.347500,0.367600,0.381400,0.388300,0.591503,57.151433,56.494494,2.110722,0.136178,0.690168,4,10,7,5,4,10,7,5,4,10,8,4,4,10,8,4,0.069720,0.131170,0.250780,0.251700,1,1,30:06:2022,22:35:25,1170,28.545000,77.192600,15.000000,lev20,Almucantar
IIT_Delhi,23:04:2021,11:10:24,113,113.465556,0.724200,0.539700,0.479800,0.455700,0.374000,0.167900,0.093100,0.062300,0.350200,0.371800,0.386700,0.393400,0.613896,62.971053,62.313306,2.613128,0.104918,0.712332,3,10,8,5,3,10,8,5,3,10,8,4,3,10,8,4,0.073780,0.138930,0.264030,0.263600,1,1,30:06:2022,22:43:56,1170,28.545000,77.192600,15.000000,lev20,Almucantar
IIT_Delhi,24:04:2021,01:31:29,114,114.063530,0.177400,0.114000,0.091300,0.080000,0.128400,0.060800,0.035900,0.023900,0.049000,0.053300,0.055400,0.056100,0.982489,74.048985,74.701704,0.895997,0.017234,0.175769,4,10,7,6,4,10,7,6,4,10,7,6,4,10,7,6,0.084620,0.161080,0.304280,0.304350,1,1,30:06:2022,22:15:34,1170,28.545000,77.192600,15.000000,lev20,Almucantar
IIT_Delhi,24:04:2021,02:04:09,114,114.086215,0.165000,0.107200,0.086400,0.076100,0.118600,0.056600,0.033800,0.022900,0.046400,0.050600,0.052600,0.053300,0.957041,66.911176,67.568415,0.981055,0.029541,0.163296,4,10,7,6,4,10,7,6,4,10,7,6,4,10,7,6,0.076530,0.145140,0.276280,0.277690,1,1,30:06:2022,22:20:16,1170,28.545000,77.192600,15.000000,lev20,Almucantar
IIT_Delhi,24:04:2021,02:53:33,114,114.120521,0.153700,0.098800,0.080000,0.071500,0.111900,0.053000,0.032300,0.023100,0.041900,0.045800,0.047800,0.048500,0.967594,56.074954,56.732539,2.013257,0.118074,0.151982,4,10,8,4,4,10,8,4,4,10,8,4,4,10,8,4,0.068680,0.129720,0.249260,0.252130,1,1,30:06:2022,22:25:37,1170,28.545000,77.192600,15.000000,lev20,Almucantar
IIT_Delhi,24:04:2021,03:19:44,114,114.138704,0.164200,0.105000,0.083700,0.074300,0.122700,0.059900,0.036400,0.026100,0.041500,0.045100,0.047300,0.048200,0.996308,50.349783,51.004055,1.717305,0.126240,0.163738,3,10,8,4,3,10,8,3,3,10,8,4,3,10,8,3,0.065870,0.124210,0.239640,0.243080,1,1,30:06:2022,22:28:22,1170,28.545000,77.192600,15.000000,lev20,Almucantar
IIT_Delhi,25:04:2021,01:30:38,115,115.062940,0.381700,0.240600,0.188600,0.164200,0.280200,0.130600,0.074700,0.049400,0.101500,0.110000,0.113800,0.114800,1.040815,74.050929,74.703138,1.178408,0.015040,0.378713,4,10,7,6,4,10,7,6,4,10,7,6,4,10,7,6,0.084630,0.161090,0.304280,0.304360,1,1,30:06:2022,22:24:54,1170,28.545000,77.192600,15.000000,lev20,Almucantar
IIT_Delhi,25:04:2021,02:03:17,115,115.085613,0.382900,0.238800,0.185700,0.161900,0.287500,0.135500,0.078200,0.052900,0.095300,0.103300,0.107600,0.109000,1.067941,66.920752,67.577748,1.303819,0.043202,0.379945,4,10,7,6,4,10,7,6,4,10,7,6,4,10,7,6,0.076540,0.145160,0.276310,0.277720,1,1,30:06:2022,22:30:41,1170,28.545000,77.192600,15.000000,lev20,Almucantar
IIT_Delhi,25:04:2021,02:53:25,115,115.120428,0.279200,0.178100,0.142700,0.125500,0.202300,0.094900,0.056600,0.038400,0.076900,0.083200,0.086100,0.087100,0.993421,55.923618,56.581409,1.634963,0.079476,0.276479,4,10,8,4,4,10,8,4,4,10,8,4,4,10,8,3,0.068590,0.129560,0.248980,0.251860,1,1,30:06:2022,22:36:18,1170,28.545000,77.192600,15.000000,lev20,Almucantar
IIT_Delhi,26:04:2021,01:29:48,116,116.062361,0.467300,0.307800,0.250600,0.224800,0.315300,0.146300,0.084300,0.056600,0.152000,0.161500,0.166300,0.168200,0.922306,74.052817,74.704493,1.673291,0.017121,0.461478,4,10,7,6,4,10,7,6,4,10,7,6,4,10,7,6,0.084620,0.161080,0.304290,0.304360,1,1,30:06:2022,22:40:04,1170,28.545000,77.192600,15.000000,lev20,Almucantar
IIT_Delhi,26:04:2021,02:03:08,116,116.085509,0.436800,0.285800,0.232500,0.208500,0.297000,0.137300,0.079600,0.053800,0.139800,0.148500,0.153000,0.154700,0.933777,66.777268,67.434063,1.486322,0.030644,0.431391,4,10,7,6,4,10,7,6,4,10,7,6,4,10,7,6,0.076400,0.144900,0.275850,0.277280,1,1,30:06:2022,22:21:43,1170,28.545000,77.192600,15.000000,lev20,Almucantar
IIT_Delhi,26:04:2021,02:50:32,116,116.118426,0.431800,0.286600,0.236200,0.212900,0.289100,0.135000,0.080200,0.055200,0.142700,0.151600,0.156100,0.157800,0.894356,56.379764,57.037879,1.679288,0.062882,0.426571,4,10,8,4,4,10,8,4,4,10,8,4,4,10,8,4,0.068850,0.130050,0.249850,0.252680,1,1,30:06:2022,22:31:36,1170,28.545000,77.192600,15.000000,lev20,Almucantar
IIT_Delhi,26:04:2021,03:18:13,116,116.137650,0.461800,0.303100,0.251300,0.230100,0.309300,0.139500,0.080400,0.056100,0.152500,0.163600,0.170900,0.174000,0.903968,50.318462,50.973861,4.091341,0.361857,0.452805,3,10,8,4,3,10,8,4,3,10,8,4,3,10,8,4,0.065860,0.124180,0.239600,0.243040,1,1,30:06:2022,22:38:16,1170,28.545000,77.192600,15.000000,lev20,Almucantar
IIT_Delhi,26:04:2021,10:44:20,116,116.447454,0.972900,0.601700,0.486400,0.439800,0.663100,0.274000,0.148400,0.097200,0.309700,0.327800,0.338000,0.342700,1.030094,56.947522,56.289941,2.077120,0.045373,0.961257,4,10,7,5,4,10,7,5,4,10,8,4,4,10,8,4,0.069600,0.130940,0.250380,0.251340,1,1,30:06:2022,22:34:11,1170,28.545000,77.192600,15.000000,lev20,Almucantar
IIT_Delhi,26:04:2021,11:13:20,116,116.467593,0.974400,0.617200,0.506700,0.462400,0.639500,0.262600,0.140200,0.089900,0.335000,0.354500,0.366500,0.372500,0.972468,63.305970,62.648442,2.124566,0.041632,0.963428,3,10,8,5,3,10,8,5,3,10,8,5,3,10,8,5,0.074030,0.139430,0.264890,0.264390,1,1,30:06:2022,22:40:01,1170,28.545000,77.192600,15.000000,lev20,Almucantar
IIT_Delhi,26:04:2021,11:59:55,116,116.499942,1.025200,0.652900,0.537200,0.491200,0.659100,0.266700,0.137100,0.083800,0.366200,0.386100,0.400100,0.407400,0.961100,73.479368,72.827311,3.094754,0.028464,1.013001,4,10,7,6,4,10,7,6,4,10,7,6,4,10,7,6,0.084850,0.160140,0.300290,0.296270,1,1,30:06:2022,22:50:22,1170,28.545000,77.192600,15.000000,lev20,Almucantar
IIT_Delhi,26:04:2021,12:18:23,116,116.512766,1.058200,0.672000,0.552700,0.504900,0.674300,0.268700,0.136500,0.082200,0.383800,0.403300,0.416200,0.422700,0.966059,77.477631,76.830176,2.964893,0.014188,1.044277,4,9,7,6,4,8,7,6,4,9,7,6,4,9,7,6,0.091140,0.172170,0.320850,0.314710,1,1,30:06:2022,22:54:45,1170,28.545000,77.192600,15.000000,lev20,Almucantar
IIT_Delhi,27:04:2021,01:29:00,117,117.061806,0.775600,0.570400,0.499100,0.467300,0.410700,0.184200,0.100600,0.063700,0.364900,0.386300,0.398600,0.403600,0.655458,74.051090,74.702216,2.610582,0.024387,0.765565,4,10,7,6,4,10,7,6,4,10,7,6,4,10,7,6,0.084620,0.161070,0.304280,0.304350,1,1,30:06:2022,22:35:20,1170,28.545000,77.192600,15.000000,lev20,Almucantar
IIT_Delhi,27:04:2021,02:03:02,117,117.085440,0.776600,0.570700,0.498800,0.466500,0.417400,0.190900,0.106600,0.068800,0.359300,0.379800,0.392300,0.397700,0.658130,66.626870,67.283451,2.470179,0.047434,0.766365,4,10,7,6,4,10,7,6,4,10,7,6,4,10,7,6,0.076260,0.144610,0.275350,0.276820,1,1,30:06:2022,22:20:12,1170,28.545000,77.192600,15.000000,lev20,Almucantar
IIT_Delhi,27:04:2021,02:49:44,117,117.117870,0.768900,0.564900,0.493700,0.460600,0.421900,0.196500,0.113000,0.074300,0.347000,0.368400,0.380700,0.386300,0.658603,56.383585,57.041858,1.974750,0.060645,0.759248,4,10,8,4,4,10,8,4,4,10,8,4,4,10,7,5,0.068850,0.130060,0.249860,0.252690,1,1,30:06:2022,22:31:47,1170,28.545000,77.192600,15.000000,lev20,Almucantar
IIT_Delhi,27:04:2021,03:18:07,117,117.137581,0.742900,0.548100,0.479500,0.447700,0.410300,0.194000,0.113700,0.076100,0.332600,0.354200,0.365800,0.371600,0.650706,50.166161,50.821961,1.627625,0.064414,0.735279,3,10,8,4,3,10,8,4,3,10,8,4,3,10,8,4,0.065790,0.124050,0.239370,0.242830,1,1,30:06:2022,22:40:48,1170,28.545000,77.192600,15.000000,lev20,Almucantar
IIT_Delhi,27:04:2021,11:13:11,117,117.467488,1.196900,0.811700,0.687900,0.636400,0.717300,0.302900,0.161900,0.102000,0.479600,0.508800,0.526000,0.534400,0.824064,63.171422,62.513988,2.383700,0.043523,1.183139,3,10,8,5,3,10,8,5,3,10,8,5,3,10,8,5,0.073930,0.139230,0.264540,0.264070,1,1,30:06:2022,22:31:19,1170,28.545000,77.192600,15.000000,lev20,Almucantar
IIT_Delhi,27:04:2021,12:00:34,117,117.500394,1.312200,0.866600,0.725100,0.667000,0.801600,0.327000,0.167600,0.101200,0.510600,0.539600,0.557500,0.565900,0.882287,73.514540,72.863026,3.247517,0.040145,1.296952,4,10,7,6,4,10,7,6,4,10,7,6,4,10,7,6,0.084900,0.160250,0.300470,0.296420,1,1,30:06:2022,22:46:37,1170,28.545000,77.192600,15.000000,lev20,Almucantar
IIT_Delhi,27:04:2021,12:19:06,117,117.513264,1.340700,0.895800,0.751900,0.692200,0.816800,0.341200,0.176400,0.107300,0.523900,0.554600,0.575600,0.584900,0.859941,77.523266,76.876529,4.031076,0.024392,1.323049,4,8,6,6,4,7,7,6,4,8,7,6,4,9,7,6,0.091230,0.172350,0.321110,0.314950,1,1,30:06:2022,22:51:28,1170,28.545000,77.192600,15.000000,lev20,Almucantar
IIT_Delhi,28:04:2021,02:02:56,118,118.085370,0.990400,0.754500,0.670800,0.636200,0.489200,0.223100,0.120700,0.077900,0.501300,0.531500,0.550100,0.558300,0.579451,66.480566,67.136914,2.956862,0.141311,0.975781,4,10,7,6,4,10,7,6,4,10,7,6,4,10,7,6,0.076130,0.144350,0.274910,0.276380,1,1,30:06:2022,22:33:52,1170,28.545000,77.192600,15.000000,lev20,Almucantar
IIT_Delhi,28:04:2021,02:49:00,118,118.117361,0.913800,0.694100,0.616700,0.586200,0.459600,0.211300,0.115500,0.076200,0.454300,0.482800,0.501200,0.510100,0.584899,56.377261,57.035652,2.715797,0.227382,0.900869,4,10,8,4,4,10,8,4,4,10,8,4,4,10,8,4,0.068840,0.130050,0.249840,0.252680,1,1,30:06:2022,22:46:22,1170,28.545000,77.192600,15.000000,lev20,Almucantar
IIT_Delhi,28:04:2021,03:17:57,118,118.137465,0.895900,0.680400,0.605700,0.577000,0.454400,0.212200,0.117700,0.079200,0.441600,0.468200,0.488100,0.497800,0.582592,50.033105,50.689287,2.893810,0.299822,0.885560,3,10,8,4,3,10,8,4,3,10,8,4,3,10,8,4,0.065740,0.123940,0.239180,0.242640,1,1,30:06:2022,22:55:48,1170,28.545000,77.192600,15.000000,lev20,Almucantar
IIT_Delhi,28:04:2021,12:00:59,118,118.500683,1.319300,0.884700,0.748500,0.694200,0.785300,0.321900,0.165900,0.100200,0.534000,0.562800,0.582700,0.594000,0.843856,73.499104,72.848107,3.775112,0.057899,1.303262,4,10,7,6,4,10,7,6,4,10,7,6,4,10,7,6,0.084890,0.160220,0.300420,0.296360,1,1,30:06:2022,22:27:11,1170,28.545000,77.192600,15.000000,lev20,Almucantar
IIT_Delhi,28:04:2021,12:19:37,118,118.513623,1.307400,0.873400,0.739900,0.687100,0.791700,0.329200,0.175000,0.111500,0.515700,0.544200,0.564900,0.575700,0.848077,77.525701,76.879639,6.142206,0.190035,1.289796,4,8,7,6,4,9,7,6,4,9,7,6,4,10,7,6,0.091240,0.172340,0.321130,0.314970,1,1,30:06:2022,22:34:57,1170,28.545000,77.192600,15.000000,lev20,Almucantar
IIT_Delhi,29:04:2021,01:27:52,119,119.061019,0.888000,0.658600,0.579500,0.545900,0.464500,0.204500,0.110000,0.071500,0.423600,0.454100,0.469600,0.474400,0.634937,73.957567,74.607635,3.215315,0.033003,0.877028,4,10,7,6,4,10,7,6,4,10,7,6,4,10,6,6,0.084500,0.160820,0.303840,0.303930,1,1,30:06:2022,22:36:38,1170,28.545000,77.192600,15.000000,lev20,Almucantar
IIT_Delhi,29:04:2021,02:48:14,119,119.116829,1.008600,0.729900,0.634200,0.591800,0.567100,0.258400,0.145800,0.095500,0.441500,0.471600,0.488400,0.496300,0.689838,56.382758,57.041232,2.384220,0.060016,0.997651,4,10,8,4,4,10,7,4,4,10,7,4,4,10,5,5,0.068840,0.130050,0.249850,0.252690,1,1,30:06:2022,22:42:21,1170,28.545000,77.192600,15.000000,lev20,Almucantar
IIT_Delhi,29:04:2021,03:15:40,119,119.135880,0.989300,0.701700,0.602700,0.557100,0.594700,0.278300,0.163200,0.109000,0.394600,0.423400,0.439500,0.448200,0.736371,50.367959,51.024741,1.142029,0.029690,0.979910,3,10,8,4,3,10,8,4,3,10,8,4,3,10,8,4,0.065880,0.124220,0.239660,0.243110,1,1,30:06:2022,22:29:11,1170,28.545000,77.192600,15.000000,lev20,Almucantar
IIT_Delhi,30:04:2021,03:14:57,120,120.135382,1.208800,0.843000,0.726400,0.676400,0.717400,0.317500,0.181000,0.120900,0.491400,0.525600,0.545400,0.555500,0.758579,50.365068,51.022205,1.678460,0.028566,1.196842,3,10,8,4,3,10,8,4,3,10,8,4,3,10,8,4,0.065870,0.124220,0.239670,0.243100,1,1,30:06:2022,22:54:58,1170,28.545000,77.192600,15.000000,lev20,Almucantar
IIT_Delhi,30:04:2021,10:47:45,120,120.449826,1.245500,0.897500,0.783000,0.736600,0.674300,0.291800,0.155900,0.098100,0.571300,0.605800,0.627200,0.638500,0.691168,57.294282,56.636280,2.245888,0.056188,1.229161,4,10,7,5,4,10,7,5,4,10,7,5,4,10,8,4,0.069810,0.131340,0.251070,0.251960,1,1,30:06:2022,22:49:22,1170,28.545000,77.192600,15.000000,lev20,Almucantar
IIT_Delhi,30:04:2021,11:13:52,120,120.467963,1.192800,0.850800,0.738700,0.692800,0.660700,0.285000,0.152700,0.096400,0.532000,0.565800,0.586000,0.596500,0.713418,63.018884,62.361930,2.675730,0.041931,1.178711,3,10,8,5,3,10,8,5,3,10,8,5,3,10,8,5,0.073800,0.139000,0.264150,0.263720,1,1,30:06:2022,22:54:47,1170,28.545000,77.192600,15.000000,lev20,Almucantar
IIT_Delhi,01:05:2021,01:27:39,121,121.060868,1.269400,0.819300,0.670100,0.609100,0.836300,0.354500,0.187600,0.119400,0.433100,0.464800,0.482600,0.489800,0.948058,73.681071,74.330238,3.511113,0.026785,1.259726,4,10,7,6,4,10,4,6,4,10,4,5,4,10,4,5,0.080980,0.156900,0.300240,0.300420,1,1,30:06:2022,22:31:13,1170,28.545000,77.192600,15.000000,lev20,Almucantar
IIT_Delhi,02:05:2021,02:47:25,122,122.116262,0.632300,0.403700,0.327000,0.296400,0.436300,0.193500,0.107400,0.071800,0.196000,0.210200,0.219600,0.224500,0.977724,56.100899,56.759435,2.387055,0.048976,0.627455,4,10,7,3,4,10,6,3,4,10,4,3,4,9,4,3,0.065870,0.126510,0.248430,0.251240,1,1,30:06:2022,22:27:49,1170,28.545000,77.192600,15.000000,lev20,Almucantar
IIT_Delhi,02:05:2021,03:13:33,122,122.134410,0.659100,0.418500,0.336900,0.305900,0.456600,0.203200,0.111000,0.073900,0.202600,0.215300,0.225900,0.232100,0.994443,50.366665,51.024389,1.748445,0.095285,0.654368,3,10,8,4,3,10,7,4,3,10,8,4,3,10,8,3,0.063140,0.121010,0.239080,0.242440,1,1,30:06:2022,22:35:32,1170,28.545000,77.192600,15.000000,lev20,Almucantar
IIT_Delhi,03:05:2021,10:47:43,123,123.449803,0.641800,0.437100,0.369000,0.341800,0.404000,0.183600,0.105100,0.071900,0.237800,0.253500,0.264000,0.269900,0.822529,56.991867,56.333906,3.261958,0.052250,0.636250,4,10,7,5,4,6,5,5,4,7,5,4,4,10,7,4,0.066780,0.127750,0.249560,0.250510,1,1,30:06:2022,22:21:03,1170,28.545000,77.192600,15.000000,lev20,Almucantar
IIT_Delhi,03:05:2021,12:03:23,123,123.502350,0.681900,0.491700,0.429500,0.405100,0.379700,0.168100,0.091300,0.059200,0.302200,0.323600,0.338200,0.345900,0.688509,73.491326,72.843239,1.920865,0.017739,0.674588,4,10,7,6,4,10,7,6,4,10,7,6,4,10,7,6,0.081710,0.156990,0.298140,0.294240,1,1,30:06:2022,22:38:05,1170,28.545000,77.192600,15.000000,lev20,Almucantar
IIT_Delhi,03:05:2021,12:21:46,123,123.515116,0.675700,0.486400,0.424300,0.399300,0.377400,0.166800,0.092200,0.061400,0.298300,0.319600,0.332200,0.337900,0.692935,77.444078,76.801462,2.045742,0.007212,0.668522,3,8,7,6,4,8,7,6,4,8,7,6,4,10,7,6,0.087820,0.168900,0.317890,0.312010,1,1,30:06:2022,22:42:00,1170,28.545000,77.192600,15.000000,lev20,Almucantar
IIT_Delhi,04:05:2021,01:23:42,124,124.058125,0.617100,0.454400,0.401000,0.379700,0.323700,0.142300,0.077200,0.049500,0.293400,0.312100,0.323900,0.330300,0.642325,74.079879,74.726611,1.805203,0.030391,0.609419,4,10,7,6,4,10,7,6,4,10,7,6,4,10,7,6,0.081520,0.157980,0.302090,0.302170,1,1,30:06:2022,22:37:55,1170,28.545000,77.192600,15.000000,lev20,Almucantar
IIT_Delhi,04:05:2021,01:57:14,124,124.081412,0.613700,0.452600,0.400000,0.379000,0.322900,0.143000,0.078500,0.051300,0.290800,0.309600,0.321500,0.327700,0.637961,66.804047,67.457873,1.725561,0.054581,0.605373,4,10,7,6,4,10,7,6,4,10,7,6,4,10,7,6,0.073430,0.141700,0.274310,0.275730,1,1,30:06:2022,22:46:35,1170,28.545000,77.192600,15.000000,lev20,Almucantar
IIT_Delhi,04:05:2021,02:44:44,124,124.114398,0.625100,0.455400,0.400200,0.377700,0.341700,0.153900,0.087100,0.058100,0.283400,0.301500,0.313100,0.319600,0.664524,56.405399,57.063793,1.697769,0.091193,0.616637,4,10,8,4,4,10,8,4,4,10,8,4,4,10,7,5,0.066040,0.126840,0.249000,0.251780,1,1,30:06:2022,22:24:32,1170,28.545000,77.192600,15.000000,lev20,Almucantar
IIT_Delhi,04:05:2021,03:12:19,124,124.133553,0.565900,0.419600,0.372600,0.354300,0.299000,0.136000,0.076800,0.051800,0.266900,0.283600,0.295900,0.302500,0.623316,50.351323,51.009469,1.890460,0.141161,0.558734,3,10,8,4,3,10,8,4,3,10,8,4,3,10,8,4,0.063130,0.121000,0.239060,0.242420,1,1,30:06:2022,22:33:25,1170,28.545000,77.192600,15.000000,lev20,Almucantar
IIT_Delhi,05:05:2021,01:57:07,125,125.081331,0.747600,0.490900,0.401600,0.363600,0.498600,0.225600,0.125700,0.082500,0.249000,0.265300,0.275800,0.281200,0.920842,66.690747,67.344202,1.221876,0.018103,0.738981,4,10,7,6,4,10,7,6,4,10,7,6,4,10,7,6,0.073330,0.141500,0.273960,0.275390,1,1,30:06:2022,22:27:32,1170,28.545000,77.192600,15.000000,lev20,Almucantar
IIT_Delhi,05:05:2021,02:44:05,125,125.113947,0.683000,0.447000,0.365800,0.330200,0.462300,0.212000,0.122300,0.082100,0.220700,0.235000,0.243500,0.248100,0.925600,56.412723,57.071012,1.437838,0.041103,0.676283,4,10,8,4,4,10,8,4,4,10,8,4,4,10,7,5,0.066040,0.126860,0.249010,0.251790,1,1,30:06:2022,22:37:41,1170,28.545000,77.192600,15.000000,lev20,Almucantar
IIT_Delhi,05:05:2021,03:12:11,125,125.133461,0.709000,0.467100,0.384200,0.349100,0.472800,0.214400,0.121000,0.080300,0.236200,0.252700,0.263200,0.268800,0.908563,50.244954,50.903237,1.078439,0.033442,0.702820,3,10,8,4,3,10,8,4,3,10,8,4,3,10,8,4,0.063090,0.120920,0.238920,0.242280,1,1,30:06:2022,22:41:04,1170,28.545000,77.192600,15.000000,lev20,Almucantar
IIT_Delhi,05:05:2021,12:22:51,125,125.515868,1.425800,0.841600,0.637700,0.553300,1.096200,0.490200,0.271600,0.181200,0.329600,0.351500,0.366100,0.372100,1.187995,77.459033,76.817951,2.995739,0.016932,1.412516,3,8,7,6,4,8,7,6,4,9,7,6,4,10,7,6,0.087840,0.168960,0.318000,0.312090,1,1,30:06:2022,22:42:32,1170,28.545000,77.192600,15.000000,lev20,Almucantar
IIT_Delhi,06:05:2021,01:22:20,126,126.057176,1.089900,0.657000,0.501000,0.435700,0.817700,0.365700,0.199600,0.130500,0.272200,0.291300,0.301300,0.305300,1.146796,74.091588,74.736935,1.872657,0.013572,1.081167,4,10,7,6,4,10,7,6,4,10,7,6,4,10,7,6,0.081530,0.158000,0.302120,0.302210,1,1,30:06:2022,22:18:47,1170,28.545000,77.192600,15.000000,lev20,Almucantar
IIT_Delhi,06:05:2021,01:57:03,126,126.081285,1.073000,0.645500,0.491500,0.425900,0.814000,0.368900,0.206100,0.137500,0.259100,0.276600,0.285300,0.288500,1.151921,66.570956,67.224035,2.758926,0.024924,1.064719,4,10,7,6,4,10,7,6,4,10,7,6,4,10,7,5,0.073220,0.141270,0.273570,0.275040,1,1,30:06:2022,22:30:30,1170,28.545000,77.192600,15.000000,lev20,Almucantar
IIT_Delhi,07:05:2021,01:22:05,127,127.057002,0.556300,0.359100,0.292100,0.264300,0.378900,0.166300,0.090300,0.058700,0.177400,0.192800,0.201800,0.205600,0.955037,74.010342,74.655102,1.722129,0.027660,0.552902,4,10,7,6,4,10,7,6,4,10,7,6,4,10,7,6,0.081430,0.157800,0.301780,0.301850,1,1,30:06:2022,22:31:38,1170,28.545000,77.192600,15.000000,lev20,Almucantar
IIT_Delhi,07:05:2021,01:54:38,127,127.079606,0.667100,0.424800,0.341700,0.306000,0.466300,0.206700,0.114100,0.074500,0.200900,0.218100,0.227600,0.231500,0.990993,66.966920,67.619190,1.508261,0.035789,0.663040,4,10,7,6,4,10,7,6,4,10,7,6,4,10,7,6,0.073580,0.142000,0.274820,0.276210,1,1,30:06:2022,22:39:40,1170,28.545000,77.192600,15.000000,lev20,Almucantar
IIT_Delhi,07:05:2021,02:42:52,127,127.113102,0.746800,0.476300,0.378800,0.335300,0.537400,0.249000,0.142700,0.095600,0.209400,0.227300,0.236100,0.239700,1.003454,56.422932,57.080933,1.403295,0.039611,0.742593,4,10,8,4,4,10,8,4,4,10,8,4,4,10,7,5,0.066050,0.126860,0.249030,0.251810,1,1,30:06:2022,22:21:55,1170,28.545000,77.192600,15.000000,lev20,Almucantar
IIT_Delhi,07:05:2021,03:12:02,127,127.133356,0.757700,0.480800,0.380500,0.335600,0.552100,0.255200,0.145500,0.097500,0.205700,0.225600,0.235100,0.238200,1.017871,50.021186,50.679665,1.274882,0.042014,0.753395,3,10,8,4,3,10,8,4,3,10,8,4,3,10,8,4,0.063000,0.120730,0.238590,0.241980,1,1,30:06:2022,22:29:24,1170,28.545000,77.192600,15.000000,lev20,Almucantar
IIT_Delhi,07:05:2021,10:49:40,127,127.451157,1.073600,0.642300,0.492900,0.430400,0.812900,0.361600,0.199400,0.130300,0.260800,0.280700,0.293500,0.300100,1.150291,57.033612,56.376110,2.591682,0.048844,1.068068,4,10,7,5,4,10,7,5,4,10,8,4,4,10,6,4,0.066810,0.127800,0.249640,0.250580,1,1,30:06:2022,22:42:42,1170,28.545000,77.192600,15.000000,lev20,Almucantar
IIT_Delhi,07:05:2021,11:17:06,127,127.470208,1.015100,0.613000,0.474000,0.415700,0.758200,0.336000,0.186200,0.123300,0.256900,0.277000,0.287800,0.292400,1.125728,63.034391,62.379483,2.055825,0.021265,1.010135,3,10,8,5,3,10,8,5,3,10,8,4,3,10,8,3,0.070870,0.135760,0.262880,0.262500,1,1,30:06:2022,22:49:01,1170,28.545000,77.192600,15.000000,lev20,Almucantar
IIT_Delhi,07:05:2021,12:07:07,127,127.504942,0.956200,0.578000,0.449300,0.395600,0.705900,0.307500,0.168100,0.110100,0.250200,0.270500,0.281200,0.285500,1.117261,73.875675,73.230664,1.776592,0.012958,0.950801,4,10,7,6,4,10,7,6,4,10,7,6,4,10,7,6,0.082240,0.158020,0.299850,0.295800,1,1,30:06:2022,22:22:56,1170,28.545000,77.192600,15.000000,lev20,Almucantar
IIT_Delhi,08:05:2021,01:22:03,128,128.056979,0.659000,0.360700,0.256600,0.213900,0.549000,0.240700,0.131400,0.086800,0.110000,0.120000,0.125200,0.127100,1.388810,73.886818,74.531046,1.132915,0.010398,0.656330,4,10,7,6,4,10,7,6,4,10,7,6,4,10,7,6,0.081270,0.157460,0.301210,0.301300,1,1,30:06:2022,22:27:27,1170,28.545000,77.192600,15.000000,lev20,Almucantar
IIT_Delhi,08:05:2021,01:53:59,128,128.079155,0.635500,0.342900,0.241800,0.201000,0.531400,0.229200,0.123400,0.080600,0.104100,0.113700,0.118400,0.120400,1.422703,66.982506,67.634258,1.909746,0.032606,0.633091,4,10,7,6,4,10,7,6,4,10,7,6,4,10,7,6,0.073600,0.142040,0.274870,0.276250,1,1,30:06:2022,22:33:37,1170,28.545000,77.192600,15.000000,lev20,Almucantar
IIT_Delhi,08:05:2021,02:42:21,128,128.112743,0.597800,0.321800,0.227800,0.188500,0.503900,0.219500,0.121100,0.080300,0.093900,0.102400,0.106700,0.108300,1.421300,56.414863,57.072688,1.040805,0.017667,0.595228,4,10,8,4,4,10,8,4,4,10,8,4,4,10,7,5,0.066040,0.126860,0.249020,0.251790,1,1,30:06:2022,22:38:55,1170,28.545000,77.192600,15.000000,lev20,Almucantar
IIT_Delhi,08:05:2021,03:09:49,128,128.131817,0.583400,0.314700,0.224600,0.186700,0.491400,0.214900,0.120000,0.079700,0.092000,0.099800,0.104700,0.107000,1.407337,50.386720,51.045295,0.862257,0.028627,0.581079,3,10,8,4,3,10,8,4,3,10,8,4,3,10,8,4,0.063150,0.121030,0.239120,0.242470,1,1,30:06:2022,22:16:06,1170,28.545000,77.192600,15.000000,lev20,Almucantar
IIT_Delhi,08:05:2021,11:17:35,128,128.470544,0.816200,0.430900,0.299000,0.244300,0.698100,0.301500,0.163600,0.107000,0.118200,0.129400,0.135400,0.137400,1.477930,63.042466,62.387930,3.338179,0.034450,0.812394,3,10,8,5,3,10,7,5,3,10,7,5,3,10,6,5,0.070880,0.135780,0.262910,0.262520,1,1,30:06:2022,22:25:36,1170,28.545000,77.192600,15.000000,lev20,Almucantar
IIT_Delhi,09:05:2021,01:21:59,129,129.056933,0.868000,0.478000,0.345300,0.291300,0.705800,0.303700,0.164200,0.107500,0.162200,0.174300,0.181000,0.183900,1.359146,73.774838,74.418517,1.594080,0.011477,0.863002,4,10,7,6,4,10,7,6,4,10,7,6,4,10,7,6,0.083280,0.156380,0.305260,0.305050,1,1,30:06:2022,22:51:39,1170,28.545000,77.192600,15.000000,lev20,Almucantar
IIT_Delhi,09:05:2021,01:53:29,129,129.078808,0.862500,0.478800,0.347500,0.293700,0.697800,0.302300,0.164700,0.108100,0.164700,0.176500,0.182800,0.185600,1.340458,66.969802,67.621049,1.367050,0.018506,0.856962,4,10,7,6,4,10,7,6,4,10,7,6,4,10,7,6,0.075430,0.141340,0.278990,0.280190,1,1,30:06:2022,23:00:09,1170,28.545000,77.192600,15.000000,lev20,Almucantar
IIT_Delhi,09:05:2021,02:41:54,129,129.112431,0.916200,0.510100,0.370600,0.312200,0.748100,0.329500,0.182600,0.120900,0.168100,0.180600,0.188000,0.191300,1.334530,56.396807,57.054439,1.069678,0.024699,0.910542,4,10,8,4,4,10,8,4,4,10,8,4,4,10,7,5,0.067560,0.126290,0.252680,0.255460,1,1,30:06:2022,22:38:55,1170,28.545000,77.192600,15.000000,lev20,Almucantar
IIT_Delhi,09:05:2021,03:09:16,129,129.131435,0.931600,0.520500,0.379200,0.320000,0.763600,0.340000,0.191400,0.128800,0.168100,0.180500,0.187800,0.191200,1.325418,50.391310,51.049912,1.093814,0.029413,0.926701,3,10,8,4,3,10,8,4,3,10,8,4,3,10,8,4,0.064540,0.120550,0.242630,0.246060,1,1,30:06:2022,22:48:54,1170,28.545000,77.192600,15.000000,lev20,Almucantar
IIT_Delhi,11:05:2021,02:41:53,131,131.112419,0.451700,0.332000,0.296300,0.283200,0.240900,0.104900,0.057300,0.038600,0.210900,0.227100,0.238900,0.244600,0.630399,56.181037,56.838295,3.133064,0.119508,0.446224,4,10,8,4,4,8,8,3,4,9,6,3,4,10,5,3,0.067430,0.126050,0.252260,0.255070,1,1,30:06:2022,22:41:33,1170,28.545000,77.192600,15.000000,lev20,Almucantar
IIT_Delhi,11:05:2021,11:19:01,131,131.471539,0.548200,0.417400,0.378100,0.364100,0.263000,0.113700,0.061200,0.040300,0.285300,0.303700,0.316900,0.323900,0.555732,63.064681,62.411347,2.163746,0.096295,0.540485,3,10,8,5,3,10,8,5,3,10,8,5,3,10,8,5,0.072620,0.135180,0.266900,0.266390,1,1,30:06:2022,22:59:57,1170,28.545000,77.192600,15.000000,lev20,Almucantar
IIT_Delhi,12:05:2021,01:18:45,132,132.054688,0.701200,0.497300,0.430400,0.402300,0.402100,0.175400,0.097600,0.065600,0.299200,0.321900,0.332800,0.336700,0.726545,74.114496,74.755522,5.647494,0.034405,0.695788,4,9,7,6,4,10,5,5,4,9,6,5,4,9,4,4,0.083750,0.157290,0.306850,0.306550,1,1,30:06:2022,22:46:58,1170,28.545000,77.192600,15.000000,lev20,Almucantar
IIT_Delhi,12:05:2021,01:51:49,132,132.077650,0.672300,0.494800,0.432600,0.405200,0.376900,0.177600,0.102800,0.068900,0.295400,0.317200,0.329900,0.336300,0.655352,66.993919,67.643535,1.331642,0.033946,0.665822,4,10,7,6,4,10,7,6,4,10,7,6,4,10,7,6,0.075450,0.141380,0.279060,0.280260,1,1,30:06:2022,22:52:51,1170,28.545000,77.192600,15.000000,lev20,Almucantar
IIT_Delhi,12:05:2021,02:41:53,132,132.112419,0.565900,0.424300,0.377400,0.358400,0.299400,0.138500,0.079100,0.053200,0.266400,0.285900,0.298300,0.305300,0.603734,56.078354,56.735406,1.400986,0.114483,0.560142,4,10,8,4,4,10,8,4,4,10,8,4,4,10,8,4,0.067370,0.125940,0.252070,0.254890,1,1,30:06:2022,23:00:15,1170,28.545000,77.192600,15.000000,lev20,Almucantar
IIT_Delhi,11:06:2021,11:03:09,162,162.460521,1.217300,1.062000,1.024000,1.010800,0.380900,0.173500,0.098100,0.068400,0.836400,0.888500,0.925900,0.942500,0.261067,57.001834,56.354184,3.225017,0.178211,1.197546,4,10,7,5,4,10,7,5,4,10,8,4,4,10,8,4,0.065790,0.122790,0.269970,0.271460,1,1,30:06:2022,23:04:56,1170,28.545000,77.192600,15.000000,lev20,Almucantar
IIT_Delhi,11:06:2021,11:23:36,162,162.474722,1.160900,1.025800,0.987900,0.976500,0.344200,0.155500,0.078800,0.051600,0.816700,0.870300,0.909200,0.924900,0.242725,61.399703,60.756502,2.416748,0.162063,1.140696,3,10,8,5,3,10,8,5,3,10,8,5,3,10,8,5,0.068190,0.127670,0.280150,0.280710,1,1,30:06:2022,23:23:46,1170,28.545000,77.192600,15.000000,lev20,Almucantar
IIT_Delhi,11:06:2021,11:44:05,162,162.488947,1.114400,0.986000,0.950900,0.937500,0.324300,0.141800,0.075300,0.046500,0.790200,0.844300,0.875700,0.891100,0.238844,65.771054,65.133166,1.992326,0.080580,1.097826,4,10,7,6,3,10,7,6,3,10,7,6,3,10,8,5,0.071150,0.133680,0.292610,0.292070,1,1,30:06:2022,23:42:44,1170,28.545000,77.192600,15.000000,lev20,Almucantar
IIT_Delhi,11:06:2021,12:21:34,162,162.514977,1.042800,0.917900,0.884100,0.870500,0.308200,0.134100,0.071800,0.044900,0.734600,0.783800,0.812300,0.825700,0.248576,73.661405,73.035939,2.322261,0.046015,1.024814,4,10,7,6,4,10,7,6,4,10,7,6,4,10,7,6,0.078590,0.148780,0.323760,0.320380,1,1,30:06:2022,23:58:42,1170,28.545000,77.192600,15.000000,lev20,Almucantar
IIT_Delhi,12:06:2021,01:46:08,163,163.073704,1.596300,1.435600,1.362600,1.324400,0.490700,0.253400,0.142400,0.096800,1.105600,1.182200,1.220200,1.227600,0.234310,66.986366,67.621668,2.136895,0.036222,1.564142,4,10,7,6,4,10,7,6,4,10,7,6,4,10,7,6,0.071480,0.135180,0.297450,0.299740,1,1,30:06:2022,23:10:59,1170,28.545000,77.192600,15.000000,lev20,Almucantar
IIT_Delhi,12:06:2021,03:02:36,163,163.126806,1.653700,1.400300,1.272800,1.204900,0.739100,0.408700,0.246100,0.169400,0.914600,0.991700,1.026700,1.035500,0.385242,50.543463,51.195784,2.090636,0.041750,1.629824,3,10,8,4,3,10,8,4,3,10,8,4,3,10,8,4,0.062800,0.117080,0.258770,0.262770,1,1,30:06:2022,23:32:18,1170,28.545000,77.192600,15.000000,lev20,Almucantar
IIT_Delhi,13:06:2021,01:11:10,164,164.049421,0.452500,0.342700,0.304000,0.287600,0.243200,0.116900,0.067600,0.046000,0.209300,0.225800,0.236400,0.241600,0.591581,74.347520,74.970125,4.730219,0.070749,0.449693,4,10,7,6,4,10,7,6,4,10,7,5,4,10,7,4,0.078540,0.149870,0.328480,0.329440,1,1,30:06:2022,22:54:05,1170,28.545000,77.192600,15.000000,lev20,Almucantar
IIT_Delhi,13:06:2021,01:45:30,164,164.073264,0.492300,0.378800,0.340500,0.325300,0.250500,0.118000,0.067200,0.045900,0.241900,0.260800,0.273300,0.279400,0.549431,67.142055,67.776921,5.213609,0.172675,0.488023,4,10,7,6,4,10,7,5,4,10,7,5,4,10,7,6,0.071640,0.135480,0.298060,0.300250,1,1,30:06:2022,22:59:54,1170,28.545000,77.192600,15.000000,lev20,Almucantar
IIT_Delhi,13:06:2021,02:35:36,164,164.108056,0.582500,0.457900,0.415800,0.398600,0.284000,0.136200,0.078600,0.053600,0.298500,0.321700,0.337200,0.345000,0.502670,56.421400,57.068810,3.332318,0.183950,0.577191,4,10,8,4,4,10,8,4,4,10,8,4,4,10,7,5,0.065170,0.122000,0.269350,0.272830,1,1,30:06:2022,22:44:56,1170,28.545000,77.192600,15.000000,lev20,Almucantar
IIT_Delhi,13:06:2021,12:21:47,164,164.515127,0.623800,0.390300,0.303200,0.265600,0.469800,0.225600,0.132700,0.092400,0.154000,0.164800,0.170500,0.173100,1.064242,73.570889,72.945717,4.473583,0.039738,0.620881,4,10,7,6,4,10,7,6,4,10,6,5,4,10,5,4,0.078460,0.148530,0.323250,0.319990,1,1,30:06:2022,22:59:24,1170,28.545000,77.192600,15.000000,lev20,Almucantar
IIT_Delhi,13:06:2021,12:40:09,164,164.527882,0.592000,0.372700,0.290500,0.255500,0.442700,0.211800,0.123600,0.086000,0.149200,0.160900,0.166900,0.169500,1.050182,77.370393,76.753311,2.947775,0.018373,0.587919,4,10,7,6,4,10,7,6,4,10,6,6,4,10,5,6,0.083460,0.158620,0.343970,0.338780,1,1,30:06:2022,23:03:32,1170,28.545000,77.192600,15.000000,lev20,Almucantar
IIT_Delhi,14:06:2021,01:11:16,165,165.049491,0.605800,0.410000,0.328500,0.291900,0.446100,0.238600,0.149400,0.108900,0.159700,0.171400,0.179200,0.183000,0.900986,74.348616,74.970995,1.657883,0.017403,0.600925,4,10,7,6,4,10,7,6,4,10,7,6,4,10,7,6,0.078550,0.149890,0.328510,0.329440,1,1,30:06:2022,22:52:38,1170,28.545000,77.192600,15.000000,lev20,Almucantar
IIT_Delhi,14:06:2021,01:45:39,165,165.073368,0.564800,0.384300,0.311600,0.278000,0.407300,0.215200,0.134900,0.097500,0.157500,0.169100,0.176700,0.180500,0.876981,67.134950,67.769637,1.954083,0.028120,0.560056,4,10,7,6,4,10,7,6,4,10,7,6,4,10,7,6,0.071630,0.135470,0.298030,0.300220,1,1,30:06:2022,23:00:36,1170,28.545000,77.192600,15.000000,lev20,Almucantar
IIT_Delhi,14:06:2021,02:35:44,165,165.108148,0.565100,0.383000,0.311500,0.278100,0.412500,0.218800,0.139700,0.102300,0.152600,0.164200,0.171900,0.175800,0.879074,56.420524,57.067793,1.986235,0.056323,0.560845,4,10,8,4,4,10,8,4,4,10,8,4,4,10,7,5,0.065170,0.122000,0.269350,0.272830,1,1,30:06:2022,22:41:25,1170,28.545000,77.192600,15.000000,lev20,Almucantar
IIT_Delhi,14:06:2021,03:02:30,165,165.126736,0.581100,0.395800,0.323700,0.289800,0.416600,0.219500,0.138600,0.099500,0.164500,0.176400,0.185100,0.190300,0.864052,50.620966,51.272986,1.611142,0.044310,0.576685,3,10,8,4,3,10,8,4,3,10,8,4,3,10,8,4,0.062830,0.117140,0.258900,0.262890,1,1,30:06:2022,22:49:17,1170,28.545000,77.192600,15.000000,lev20,Almucantar
IIT_Delhi,17:06:2021,01:45:52,168,168.073519,0.916100,0.627900,0.510500,0.458100,0.663200,0.354600,0.222100,0.161200,0.253000,0.273300,0.288400,0.296900,0.862008,67.181265,67.815459,1.353576,0.014308,0.911065,4,10,7,6,4,10,7,6,4,10,7,6,4,10,7,6,0.071640,0.135500,0.298120,0.300370,1,1,30:06:2022,23:02:55,1170,28.545000,77.192600,15.000000,lev20,Almucantar
IIT_Delhi,17:06:2021,12:23:13,168,168.516123,0.786300,0.522600,0.431700,0.393200,0.532300,0.247800,0.144800,0.100200,0.254100,0.274700,0.286900,0.292900,0.889190,73.626666,73.002206,3.262971,0.028340,0.781657,4,10,7,6,4,10,7,5,4,10,7,5,4,10,7,5,0.078540,0.148700,0.323590,0.320230,1,1,30:06:2022,22:41:20,1170,28.545000,77.192600,15.000000,lev20,Almucantar
IIT_Delhi,22:06:2021,01:12:18,173,173.050208,0.771200,0.505000,0.408300,0.366200,0.532700,0.248500,0.143300,0.098200,0.238600,0.256500,0.265000,0.268000,0.940622,74.422215,75.043680,1.448812,0.013806,0.765393,4,10,7,6,4,10,7,6,4,10,7,6,4,10,7,6,0.077240,0.147860,0.332920,0.333770,1,1,30:06:2022,22:46:30,1170,28.545000,77.192600,15.000000,lev20,Almucantar
IIT_Delhi,22:06:2021,01:47:25,173,173.074595,0.751300,0.489100,0.396200,0.356100,0.520800,0.240700,0.138000,0.093600,0.230500,0.248400,0.258200,0.262500,0.947251,67.062952,67.697101,1.055726,0.012834,0.745038,4,10,7,6,4,10,7,6,4,10,7,6,4,10,7,6,0.070580,0.133670,0.301450,0.303570,1,1,30:06:2022,22:57:16,1170,28.545000,77.192600,15.000000,lev20,Almucantar
IIT_Delhi,23:06:2021,11:35:04,174,174.482685,0.670200,0.468800,0.407800,0.384400,0.380000,0.160300,0.087300,0.056500,0.290200,0.308600,0.320500,0.327900,0.741430,63.191271,62.551023,3.119993,0.065389,0.664079,3,10,8,5,3,10,8,5,3,10,8,5,3,10,8,5,0.068460,0.128500,0.288470,0.288470,1,1,30:06:2022,23:00:55,1170,28.545000,77.192600,15.000000,lev20,Almucantar
IIT_Delhi,23:06:2021,12:24:36,174,174.517083,0.745000,0.523800,0.458800,0.433200,0.416800,0.172900,0.092800,0.059500,0.328300,0.350900,0.366100,0.373700,0.724353,73.632462,73.008082,2.553863,0.022622,0.736791,4,10,7,6,4,10,7,6,4,10,7,6,4,10,7,6,0.077190,0.146600,0.327640,0.324110,1,1,30:06:2022,23:09:42,1170,28.545000,77.192600,15.000000,lev20,Almucantar
IIT_Delhi,27:06:2021,02:37:00,178,178.109028,1.296800,0.942700,0.785000,0.707500,0.899200,0.512000,0.331400,0.242700,0.397700,0.430700,0.453700,0.464800,0.738665,56.734495,57.381279,1.758871,0.030685,1.286291,4,10,8,4,4,10,8,4,4,10,8,4,4,10,7,5,0.064070,0.119710,0.277140,0.280070,1,1,30:06:2022,22:50:55,1170,28.545000,77.192600,15.000000,lev20,Almucantar
IIT_Delhi,28:06:2021,01:13:39,179,179.051146,1.274300,0.838200,0.632100,0.534000,1.036300,0.587800,0.371000,0.266000,0.238000,0.250400,0.261200,0.268000,1.025109,74.473552,75.095555,4.388554,0.066879,1.267731,4,10,7,6,4,10,7,6,4,10,7,6,4,10,7,6,0.076330,0.146060,0.338690,0.339160,1,1,30:06:2022,22:42:12,1170,28.545000,77.192600,15.000000,lev20,Almucantar
IIT_Delhi,28:06:2021,03:05:12,179,179.128611,1.329100,0.864200,0.642200,0.533100,1.154000,0.679400,0.448600,0.334100,0.175100,0.184800,0.193600,0.199000,1.062469,50.686259,51.338168,1.805691,0.025170,1.323322,3,10,8,4,3,10,8,4,3,10,8,4,3,10,8,4,0.061830,0.114890,0.265700,0.269130,1,1,30:06:2022,22:52:30,1170,28.545000,77.192600,15.000000,lev20,Almucantar
IIT_Delhi,29:06:2021,01:14:01,180,180.051400,0.622900,0.441200,0.376500,0.348700,0.367700,0.168700,0.094800,0.063200,0.255100,0.272500,0.281700,0.285500,0.747083,74.460857,75.083093,1.929170,0.024080,0.617384,4,10,7,6,4,10,7,6,4,10,7,6,4,10,7,6,0.076230,0.145900,0.338410,0.339100,1,1,30:06:2022,22:58:55,1170,28.545000,77.192600,15.000000,lev20,Almucantar
IIT_Delhi,29:06:2021,11:36:03,180,180.483368,0.625800,0.495400,0.455800,0.441200,0.276700,0.122600,0.067400,0.045200,0.349100,0.372800,0.388400,0.396100,0.474458,63.214337,62.573385,2.552705,0.129774,0.617728,3,10,8,5,3,10,8,5,3,10,8,5,3,10,8,5,0.067780,0.127020,0.292790,0.292270,1,1,30:06:2022,22:52:03,1170,28.545000,77.192600,15.000000,lev20,Almucantar
IIT_Delhi,29:06:2021,12:39:23,180,180.527350,0.597100,0.486300,0.450600,0.435400,0.247000,0.112200,0.062100,0.040500,0.350100,0.374100,0.388600,0.395000,0.420802,76.528526,75.909200,2.655808,0.054975,0.588882,4,10,7,6,4,10,7,6,4,10,7,6,4,10,7,6,0.079640,0.151840,0.349020,0.343510,1,1,30:06:2022,22:57:11,1170,28.545000,77.192600,15.000000,lev20,Almucantar
IIT_Delhi,01:07:2021,02:39:12,182,182.110556,0.758300,0.716300,0.709200,0.703900,0.170600,0.087300,0.054400,0.039800,0.587700,0.629000,0.654800,0.664100,0.102095,56.507182,57.154743,4.987243,0.375169,0.746060,4,10,8,4,3,10,8,4,4,10,8,4,4,10,7,5,0.063940,0.119450,0.276550,0.279610,1,1,30:06:2022,22:42:17,1170,28.545000,77.192600,15.000000,lev20,Almucantar
IIT_Delhi,01:07:2021,11:36:16,182,182.483519,0.793000,0.748300,0.739800,0.734200,0.182900,0.093100,0.056100,0.039700,0.610200,0.655300,0.683700,0.694500,0.105640,63.223841,62.582489,5.835048,0.288816,0.782600,3,10,8,5,3,10,8,5,3,10,8,5,3,10,8,5,0.067790,0.127030,0.292840,0.292300,1,1,30:06:2022,22:47:16,1170,28.545000,77.192600,15.000000,lev20,Almucantar
IIT_Delhi,02:07:2021,02:38:23,183,183.109988,0.845600,0.785100,0.773400,0.765800,0.212100,0.107200,0.064600,0.046100,0.633500,0.677900,0.708800,0.719700,0.135688,56.749124,57.396644,3.411825,0.244843,0.831382,4,10,8,4,4,10,8,4,4,10,8,4,4,10,7,5,0.064080,0.119720,0.277160,0.280100,1,1,30:06:2022,23:02:48,1170,28.545000,77.192600,15.000000,lev20,Almucantar
IIT_Delhi,09:07:2021,11:36:39,190,190.483785,1.157700,0.768700,0.627200,0.567500,0.805800,0.386800,0.226100,0.156600,0.351900,0.382000,0.401200,0.411000,0.906927,63.301837,62.658193,0.967309,0.008498,1.151194,3,10,8,5,3,10,8,5,3,10,8,5,3,10,8,5,0.067060,0.125500,0.295980,0.294890,1,1,30:06:2022,23:04:41,1170,28.545000,77.192600,15.000000,lev20,Almucantar
IIT_Delhi,15:07:2021,02:42:25,196,196.112789,1.081300,0.592900,0.384300,0.288900,1.044400,0.554900,0.344700,0.248100,0.036900,0.038100,0.039600,0.040800,1.508301,56.826751,57.477783,3.112444,0.191619,1.079040,4,10,8,4,4,10,8,4,4,10,8,4,4,10,7,5,0.062700,0.116400,0.282480,0.284460,1,1,30:06:2022,22:57:00,1170,28.545000,77.192600,15.000000,lev20,Almucantar
IIT_Delhi,16:07:2021,01:53:37,197,197.078900,0.967500,0.534400,0.358300,0.279400,0.915900,0.481100,0.303500,0.223600,0.051600,0.053300,0.054800,0.055800,1.452420,67.424343,68.064802,2.775298,0.019387,0.964458,4,10,7,6,4,10,7,6,4,10,7,6,4,10,7,5,0.068280,0.128680,0.313220,0.313950,1,1,30:06:2022,22:49:29,1170,28.545000,77.192600,15.000000,lev20,Almucantar
IIT_Delhi,16:07:2021,11:07:48,197,197.463750,1.287100,0.664900,0.424400,0.320500,1.217900,0.593000,0.349700,0.244100,0.069200,0.072000,0.074800,0.076400,1.621605,57.264671,56.612767,3.179784,0.018872,1.283112,4,10,7,5,4,10,6,4,4,10,5,3,4,10,8,4,0.063200,0.117010,0.282850,0.282650,1,1,30:06:2022,23:01:41,1170,28.545000,77.192600,15.000000,lev20,Almucantar
IIT_Delhi,25:07:2021,02:47:04,206,206.116019,0.577300,0.316400,0.209700,0.162800,0.554600,0.292900,0.185600,0.138300,0.022700,0.023500,0.024100,0.024500,1.479760,56.620093,57.274684,4.617441,0.257210,0.575254,4,10,8,4,4,10,7,4,4,8,8,3,4,7,6,4,0.061660,0.113990,0.284090,0.285690,1,1,30:06:2022,22:46:45,1170,28.545000,77.192600,15.000000,lev20,Almucantar
IIT_Delhi,11:08:2021,02:52:51,223,223.120035,0.609800,0.523700,0.498400,0.487800,0.221100,0.104700,0.061100,0.042500,0.388800,0.419000,0.437300,0.445400,0.302822,56.793311,57.451331,1.751886,0.141105,0.599084,4,10,8,4,4,10,8,4,4,10,8,4,4,10,7,5,0.059820,0.109200,0.287400,0.288430,1,1,30:06:2022,23:06:23,1170,28.545000,77.192600,15.000000,lev20,Almucantar
IIT_Delhi,11:08:2021,03:20:22,223,223.139144,0.609400,0.523000,0.498900,0.488300,0.230100,0.109900,0.065000,0.045700,0.379200,0.413100,0.433900,0.442600,0.300812,50.760141,51.417331,3.901131,0.338686,0.599968,3,10,8,4,3,10,7,4,3,10,5,4,3,10,5,3,0.057860,0.104760,0.275370,0.276860,1,1,30:06:2022,23:14:34,1170,28.545000,77.192600,15.000000,lev20,Almucantar
IIT_Delhi,15:08:2021,10:54:52,227,227.454769,0.765300,0.562900,0.498400,0.473100,0.416900,0.189200,0.107300,0.072900,0.348400,0.373800,0.391100,0.400200,0.639705,57.692390,57.033999,2.032328,0.023071,0.756595,4,10,7,5,4,10,7,5,4,10,7,5,4,10,8,3,0.059650,0.108190,0.289760,0.288230,1,1,30:06:2022,23:01:15,1170,28.545000,77.192600,15.000000,lev20,Almucantar
IIT_Delhi,16:08:2021,12:09:36,228,228.506667,0.659500,0.511300,0.464000,0.443600,0.320500,0.146000,0.081700,0.053300,0.339000,0.365300,0.382400,0.390300,0.525122,74.226960,73.574834,1.668679,0.013468,0.650415,4,10,7,6,4,10,7,6,4,10,7,6,4,10,7,6,0.069920,0.131190,0.350180,0.343650,1,1,30:06:2022,22:56:29,1170,28.545000,77.192600,15.000000,lev20,Almucantar
IIT_Delhi,22:08:2021,12:17:17,234,234.512002,0.667200,0.419000,0.281000,0.210900,0.649100,0.400400,0.261900,0.191400,0.018000,0.018600,0.019100,0.019500,1.251584,77.079786,76.427595,3.791864,0.010336,0.665483,4,9,7,6,4,9,7,6,2,10,7,6,3,10,5,6,0.072130,0.136050,0.367790,0.359570,1,1,30:06:2022,23:08:22,1170,28.545000,77.192600,15.000000,lev20,Almucantar
IIT_Delhi,05:09:2021,03:31:32,248,248.146898,0.656300,0.381500,0.254900,0.192300,0.632400,0.356600,0.229300,0.166000,0.024000,0.024900,0.025700,0.026200,1.377207,50.921058,51.555647,2.881132,0.096346,0.655081,3,10,8,4,3,10,8,4,3,10,7,4,3,10,8,4,0.055980,0.100050,0.276270,0.277150,1,1,30:06:2022,23:01:53,1170,28.545000,77.192600,15.000000,lev20,Almucantar
IIT_Delhi,19:09:2021,01:49:52,262,262.076296,0.458100,0.272500,0.184700,0.142600,0.437300,0.251200,0.162600,0.119700,0.020700,0.021400,0.022100,0.022900,1.322356,74.394609,75.046132,1.366972,0.003033,0.457612,4,10,7,6,4,10,7,6,4,10,7,6,4,10,7,6,0.066430,0.125840,0.349050,0.347710,1,1,30:06:2022,23:14:42,1170,28.545000,77.192600,15.000000,lev20,Almucantar
IIT_Delhi,20:09:2021,01:49:30,263,263.076042,0.458100,0.295100,0.211100,0.167200,0.438400,0.274900,0.189600,0.144500,0.019700,0.020200,0.021500,0.022700,1.127053,74.586202,75.237177,2.292572,0.017420,0.457548,4,10,7,6,4,10,7,6,4,10,7,6,4,10,7,6,0.066590,0.126220,0.350120,0.348760,1,1,30:06:2022,23:08:19,1170,28.545000,77.192600,15.000000,lev20,Almucantar
IIT_Delhi,21:09:2021,01:49:59,264,264.076377,0.417300,0.250000,0.169200,0.130200,0.401300,0.233400,0.152200,0.112800,0.016000,0.016600,0.017000,0.017400,1.313195,74.594572,75.244870,1.162733,0.006452,0.416373,4,10,7,6,4,10,7,6,4,10,7,6,4,10,7,6,0.066600,0.126240,0.350170,0.348810,1,1,30:06:2022,23:18:38,1170,28.545000,77.192600,15.000000,lev20,Almucantar
IIT_Delhi,24:09:2021,03:43:21,267,267.155104,0.480900,0.274100,0.186600,0.146900,0.452000,0.243400,0.154000,0.113100,0.029000,0.030800,0.032700,0.033800,1.383331,51.298170,51.887609,2.346519,0.106575,0.480046,3,10,8,4,3,10,8,4,3,10,7,3,3,10,6,3,0.051740,0.096810,0.269980,0.269120,1,1,30:06:2022,23:15:03,1170,28.545000,77.192600,15.000000,lev20,Almucantar
IIT_Delhi,25:09:2021,01:52:40,268,268.078241,1.088000,0.739500,0.514400,0.395400,1.073600,0.724300,0.498300,0.378600,0.014500,0.015200,0.016200,0.016800,1.080018,74.480712,75.127754,5.363659,0.062723,1.083760,4,10,7,6,4,10,7,6,4,10,7,5,4,10,7,4,0.063310,0.123990,0.343650,0.340910,1,1,30:06:2022,23:11:57,1170,28.545000,77.192600,15.000000,lev20,Almucantar
IIT_Delhi,29:09:2021,01:54:10,272,272.079282,0.452400,0.243300,0.162200,0.125500,0.434000,0.224300,0.142300,0.105000,0.018400,0.019000,0.019900,0.020600,1.501606,74.647481,75.290805,3.409237,0.110941,0.450560,4,10,7,6,4,9,7,6,4,10,7,6,4,10,7,6,0.063470,0.124350,0.344610,0.341800,1,1,30:06:2022,23:05:52,1170,28.545000,77.192600,15.000000,lev20,Almucantar
IIT_Delhi,30:09:2021,01:55:53,273,273.080475,0.419700,0.238600,0.161200,0.124600,0.404400,0.222600,0.144400,0.107300,0.015300,0.016000,0.016800,0.017300,1.397376,74.406206,75.048185,2.220309,0.014048,0.418189,4,10,7,6,4,10,7,6,4,10,7,6,4,10,5,6,0.065810,0.124980,0.338820,0.337790,1,1,30:06:2022,23:08:49,1170,28.545000,77.192600,15.000000,lev20,Almucantar
IIT_Delhi,01:10:2021,02:30:29,274,274.104502,0.744000,0.379800,0.244700,0.186600,0.699400,0.333400,0.196400,0.137200,0.044600,0.046400,0.048300,0.049400,1.627890,67.214215,67.842437,2.676194,0.025487,0.741421,4,10,7,6,4,10,7,6,4,10,7,6,4,10,7,6,0.060630,0.113200,0.306750,0.306430,1,1,30:06:2022,23:08:26,1170,28.545000,77.192600,15.000000,lev20,Almucantar
IIT_Delhi,01:10:2021,03:20:35,274,274.139294,0.742800,0.376700,0.241300,0.184300,0.699900,0.331900,0.194500,0.136200,0.042900,0.044800,0.046800,0.048100,1.645786,56.987117,57.582365,2.698640,0.072331,0.740101,4,10,8,4,4,10,8,4,4,10,7,5,4,10,7,5,0.055940,0.102540,0.277540,0.277980,1,1,30:06:2022,23:15:45,1170,28.545000,77.192600,15.000000,lev20,Almucantar
IIT_Delhi,01:10:2021,03:50:33,274,274.160104,0.641300,0.322600,0.203800,0.148700,0.610200,0.289800,0.169700,0.113700,0.031200,0.032800,0.034200,0.035100,1.676665,51.204537,51.768427,4.246561,0.219132,0.640127,3,10,8,4,3,10,8,4,3,10,8,4,3,10,8,4,0.054160,0.098470,0.266290,0.267040,1,1,30:06:2022,23:18:05,1170,28.545000,77.192600,15.000000,lev20,Almucantar
IIT_Delhi,02:10:2021,01:55:54,275,275.080486,1.458300,0.833900,0.547200,0.413200,1.397200,0.770500,0.481000,0.344800,0.061100,0.063400,0.066200,0.068400,1.426560,74.660062,75.300058,5.766067,0.042301,1.451561,4,10,7,6,4,10,7,6,4,10,7,6,4,10,6,6,0.066020,0.125470,0.340150,0.339140,1,1,30:06:2022,23:19:49,1170,28.545000,77.192600,15.000000,lev20,Almucantar
IIT_Delhi,02:10:2021,02:30:14,275,275.104329,1.174600,0.641800,0.414200,0.313000,1.112700,0.576700,0.345700,0.242500,0.061900,0.065100,0.068500,0.070500,1.519471,67.409629,68.036593,3.310460,0.054704,1.171270,4,10,7,6,4,10,7,6,4,10,7,6,4,10,7,6,0.060750,0.113470,0.307470,0.307130,1,1,30:06:2022,23:22:26,1170,28.545000,77.192600,15.000000,lev20,Almucantar
IIT_Delhi,02:10:2021,03:20:15,275,275.139063,1.163500,0.632100,0.406200,0.305700,1.103100,0.569100,0.340400,0.238200,0.060400,0.063000,0.065800,0.067500,1.534043,57.225201,57.818651,1.502723,0.016286,1.160533,4,10,8,4,4,10,7,5,4,10,7,5,4,10,7,5,0.056030,0.102730,0.278070,0.278490,1,1,30:06:2022,23:07:35,1170,28.545000,77.192600,15.000000,lev20,Almucantar
IIT_Delhi,02:10:2021,03:50:14,275,275.159884,1.191700,0.644800,0.414600,0.311100,1.128800,0.579100,0.345700,0.240100,0.062900,0.065800,0.068900,0.071000,1.539622,51.459683,52.021347,2.062557,0.013853,1.189021,3,10,8,4,3,10,8,4,3,10,8,4,3,10,8,4,0.054230,0.098620,0.266730,0.267460,1,1,30:06:2022,23:10:14,1170,28.545000,77.192600,15.000000,lev20,Almucantar
IIT_Delhi,02:10:2021,09:53:01,275,275.411817,0.925100,0.484300,0.317300,0.247300,0.839600,0.393600,0.222800,0.150900,0.085500,0.090700,0.094500,0.096400,1.566515,56.924874,56.335365,1.671201,0.016384,0.922013,4,10,7,5,4,10,8,4,4,10,8,4,4,10,8,4,0.056160,0.102640,0.276830,0.275380,1,1,30:06:2022,23:25:58,1170,28.545000,77.192600,15.000000,lev20,Almucantar
IIT_Delhi,03:10:2021,01:56:29,276,276.080891,0.653700,0.386700,0.273500,0.222600,0.575900,0.304500,0.187500,0.134400,0.077800,0.082200,0.086000,0.088200,1.275115,74.666823,75.305629,1.355651,0.007003,0.650399,4,10,7,6,4,10,7,6,4,10,7,6,4,10,7,6,0.066030,0.125500,0.340220,0.339170,1,1,30:06:2022,23:02:30,1170,28.545000,77.192600,15.000000,lev20,Almucantar
IIT_Delhi,03:10:2021,02:29:54,276,276.104097,0.707900,0.418900,0.294500,0.238200,0.629100,0.336000,0.207800,0.149300,0.078800,0.082900,0.086700,0.089000,1.282492,67.623925,68.249656,1.701594,0.016666,0.705455,4,10,7,6,4,10,7,6,4,10,7,6,4,10,7,5,0.060870,0.113750,0.308250,0.307900,1,1,30:06:2022,23:04:57,1170,28.545000,77.192600,15.000000,lev20,Almucantar
IIT_Delhi,03:10:2021,03:20:35,276,276.139294,0.549200,0.322700,0.232600,0.194100,0.463800,0.231600,0.137400,0.096700,0.085400,0.091000,0.095200,0.097400,1.260756,57.333818,57.924860,1.550335,0.041381,0.547135,4,10,8,4,4,10,7,5,4,10,7,5,4,10,7,5,0.056070,0.102830,0.278330,0.278720,1,1,30:06:2022,23:09:36,1170,28.545000,77.192600,15.000000,lev20,Almucantar
IIT_Delhi,03:10:2021,03:51:00,276,276.160417,0.457500,0.269000,0.199800,0.169300,0.376400,0.182900,0.110000,0.077500,0.081000,0.086100,0.089800,0.091800,1.220279,51.515433,52.073492,1.630364,0.019135,0.455645,3,10,8,4,3,10,8,4,3,10,8,4,3,10,8,4,0.054240,0.098660,0.266820,0.267540,1,1,30:06:2022,23:13:40,1170,28.545000,77.192600,15.000000,lev20,Almucantar
IIT_Delhi,03:10:2021,10:13:12,276,276.425833,0.327300,0.195300,0.150400,0.132300,0.253400,0.116600,0.068300,0.048700,0.073900,0.078700,0.082100,0.083700,1.149777,61.247416,60.642439,2.869054,0.045359,0.324693,3,10,8,5,3,10,8,5,3,10,8,5,3,10,8,5,0.057910,0.106530,0.287260,0.285040,1,1,30:06:2022,23:04:03,1170,28.545000,77.192600,15.000000,lev20,Almucantar
IIT_Delhi,04:10:2021,01:57:04,277,277.081296,0.228800,0.142500,0.114400,0.102200,0.163500,0.072800,0.042800,0.029800,0.065200,0.069700,0.071600,0.072400,1.028217,74.675514,75.313092,0.729569,0.004017,0.226575,4,10,7,6,4,10,7,6,4,10,7,6,4,10,7,6,0.066050,0.125530,0.340270,0.339210,1,1,30:06:2022,23:16:14,1170,28.545000,77.192600,15.000000,lev20,Almucantar
IIT_Delhi,04:10:2021,02:30:29,277,277.104502,0.236300,0.147400,0.120600,0.108300,0.164800,0.070300,0.040500,0.026800,0.071500,0.077100,0.080100,0.081500,1.000867,67.649160,68.273177,1.013124,0.031309,0.233493,4,10,7,6,4,10,7,6,4,10,7,6,4,10,7,6,0.060890,0.113800,0.308350,0.307980,1,1,30:06:2022,23:21:09,1170,28.545000,77.192600,15.000000,lev20,Almucantar
IIT_Delhi,04:10:2021,11:14:28,277,277.468380,0.295700,0.167900,0.129700,0.113500,0.229700,0.097900,0.056900,0.039300,0.066000,0.070000,0.072800,0.074200,1.223249,74.256383,73.620025,2.639375,0.015488,0.293017,4,9,7,6,4,7,5,6,4,9,5,6,4,9,7,5,0.066310,0.125110,0.336470,0.330510,1,1,30:06:2022,23:24:44,1170,28.545000,77.192600,15.000000,lev20,Almucantar
IIT_Delhi,04:10:2021,11:32:40,277,277.481019,0.302300,0.172400,0.132400,0.115700,0.236300,0.102500,0.059700,0.041500,0.066100,0.069900,0.072700,0.074200,1.224095,78.135028,77.493923,4.030662,0.012191,0.299966,4,9,7,6,4,9,5,6,4,8,5,6,4,10,5,6,0.070320,0.133940,0.359730,0.351840,1,1,30:06:2022,23:26:30,1170,28.545000,77.192600,15.000000,lev20,Almucantar
IIT_Delhi,06:10:2021,11:25:30,279,279.476042,0.515500,0.308300,0.235500,0.204500,0.391400,0.174500,0.097200,0.064600,0.124000,0.133800,0.138300,0.139800,1.156894,77.123303,76.485560,2.176366,0.004916,0.511658,4,10,7,6,4,10,5,6,4,10,6,6,4,10,4,6,0.069160,0.131420,0.353110,0.345780,1,1,30:06:2022,23:07:41,1170,28.545000,77.192600,15.000000,lev20,Almucantar
IIT_Delhi,07:10:2021,01:58:55,280,280.082581,0.982900,0.598100,0.434400,0.359000,0.847200,0.454500,0.283700,0.204100,0.135700,0.143600,0.150700,0.154900,1.196099,74.692323,75.325961,2.884140,0.052903,0.978104,4,10,7,6,4,10,7,6,4,10,7,6,4,10,7,6,0.066050,0.125540,0.340330,0.339280,1,1,30:06:2022,23:14:19,1170,28.545000,77.192600,15.000000,lev20,Almucantar
IIT_Delhi,07:10:2021,02:33:43,280,280.106748,0.983600,0.599300,0.435500,0.360500,0.849600,0.457500,0.286900,0.208100,0.134000,0.141900,0.148600,0.152500,1.193391,67.433869,68.051694,1.937901,0.022265,0.978831,4,10,7,6,4,10,7,6,4,10,7,6,4,10,7,6,0.060760,0.113500,0.307530,0.307180,1,1,30:06:2022,23:22:27,1170,28.545000,77.192600,15.000000,lev20,Almucantar
IIT_Delhi,07:10:2021,03:23:55,280,280.141609,1.201700,0.726200,0.523000,0.429600,1.049900,0.566100,0.355300,0.257400,0.151800,0.160100,0.167700,0.172200,1.218009,57.407970,57.987150,1.558683,0.024453,1.196225,4,10,7,5,4,10,7,5,4,10,7,5,4,10,7,5,0.056100,0.102880,0.278490,0.278860,1,1,30:06:2022,23:30:58,1170,28.545000,77.192600,15.000000,lev20,Almucantar
IIT_Delhi,07:10:2021,03:51:43,280,280.160914,1.231500,0.742100,0.532900,0.438500,1.082400,0.584900,0.368500,0.270100,0.149100,0.157300,0.164400,0.168400,1.226259,52.201099,52.747591,1.702184,0.017617,1.226377,3,10,8,4,3,10,8,4,3,10,7,4,3,10,8,4,0.054440,0.099090,0.268010,0.268690,1,1,30:06:2022,23:33:39,1170,28.545000,77.192600,15.000000,lev20,Almucantar
IIT_Delhi,07:10:2021,09:51:28,280,280.410741,0.801300,0.480000,0.359900,0.308100,0.638900,0.307700,0.179600,0.123200,0.162400,0.172300,0.180300,0.184900,1.178804,58.108804,57.528846,1.586461,0.015794,0.795935,4,10,7,5,4,10,7,5,4,10,7,5,4,10,7,5,0.056600,0.103630,0.279490,0.277870,1,1,30:06:2022,23:15:07,1170,28.545000,77.192600,15.000000,lev20,Almucantar
IIT_Delhi,07:10:2021,10:19:23,280,280.430127,0.756100,0.459100,0.348500,0.301500,0.587500,0.280400,0.162000,0.110600,0.168600,0.178700,0.186500,0.191000,1.141449,63.635139,63.031150,2.336642,0.044456,0.751568,3,10,8,5,3,10,8,5,3,10,8,5,3,10,8,5,0.059060,0.109090,0.294050,0.291310,1,1,30:06:2022,23:23:53,1170,28.545000,77.192600,15.000000,lev20,Almucantar
IIT_Delhi,07:10:2021,11:10:38,280,280.465718,0.666700,0.415400,0.324400,0.285600,0.481900,0.217700,0.118700,0.075500,0.184800,0.197700,0.205700,0.210000,1.063870,74.233013,73.600910,1.376297,0.008765,0.661562,4,10,7,6,4,10,7,6,4,10,7,6,4,10,7,6,0.066300,0.125080,0.336410,0.330420,1,1,30:06:2022,23:31:24,1170,28.545000,77.192600,15.000000,lev20,Almucantar
IIT_Delhi,07:10:2021,11:29:03,280,280.478507,0.687600,0.428400,0.333400,0.292600,0.499200,0.227100,0.124400,0.079800,0.188400,0.201400,0.209000,0.212800,1.068483,78.134600,77.496947,2.452512,0.012215,0.682004,4,9,7,6,4,9,7,6,4,10,7,6,4,10,7,6,0.070290,0.133910,0.359660,0.351850,1,1,30:06:2022,23:34:32,1170,28.545000,77.192600,15.000000,lev20,Almucantar
IIT_Delhi,08:10:2021,01:59:34,281,281.083032,0.697300,0.441200,0.340900,0.296800,0.529100,0.262300,0.154400,0.106200,0.168200,0.178900,0.186500,0.190600,1.053828,74.694986,75.327229,1.364820,0.011837,0.692169,4,10,7,6,4,10,7,6,4,10,7,6,4,10,7,6,0.070950,0.129390,0.338120,0.337490,1,1,30:06:2022,23:25:36,1170,28.545000,77.192600,15.000000,lev20,Almucantar
IIT_Delhi,08:10:2021,02:33:25,281,281.106539,0.660500,0.418800,0.324900,0.283500,0.499300,0.247400,0.146300,0.101100,0.161200,0.171400,0.178600,0.182400,1.045228,67.650761,68.267222,1.576615,0.022917,0.655633,4,10,7,6,4,10,7,6,4,10,7,6,4,10,7,6,0.065610,0.117460,0.306610,0.306660,1,1,30:06:2022,23:10:43,1170,28.545000,77.192600,15.000000,lev20,Almucantar
IIT_Delhi,08:10:2021,03:24:49,281,281.142234,0.644100,0.410800,0.322000,0.282800,0.479100,0.235900,0.139500,0.095800,0.165100,0.174900,0.182500,0.187100,1.022520,57.422342,57.998382,1.531751,0.049952,0.639256,4,10,7,5,4,10,7,5,4,10,7,5,4,10,7,5,0.060660,0.106390,0.277160,0.278010,1,1,30:06:2022,23:18:09,1170,28.545000,77.192600,15.000000,lev20,Almucantar
IIT_Delhi,08:10:2021,03:51:20,281,281.160648,0.620300,0.399200,0.316500,0.280000,0.442200,0.208500,0.118700,0.078900,0.178100,0.190600,0.197800,0.201100,0.993454,52.479998,53.024359,1.446168,0.052726,0.615823,3,10,8,4,3,10,8,4,3,10,8,4,3,10,8,4,0.059020,0.102720,0.267280,0.268420,1,1,30:06:2022,23:25:42,1170,28.545000,77.192600,15.000000,lev20,Almucantar
IIT_Delhi,08:10:2021,09:51:12,281,281.410556,0.457200,0.295100,0.239700,0.217700,0.306600,0.135500,0.073300,0.047100,0.150600,0.159600,0.166400,0.170600,0.957060,58.351166,57.773117,2.112333,0.075037,0.453105,4,10,7,5,4,10,7,5,4,10,7,5,4,10,7,5,0.061280,0.107360,0.278690,0.277530,1,1,30:06:2022,23:14:37,1170,28.545000,77.192600,15.000000,lev20,Almucantar
IIT_Delhi,08:10:2021,10:18:18,281,281.429375,0.432100,0.277900,0.225600,0.205300,0.289000,0.125700,0.066900,0.042900,0.143100,0.152200,0.158700,0.162400,0.963418,63.697183,63.095398,1.785214,0.079112,0.428206,3,10,8,5,3,10,5,5,3,10,5,5,3,10,7,5,0.063740,0.112730,0.292660,0.290440,1,1,30:06:2022,23:22:25,1170,28.545000,77.192600,15.000000,lev20,Almucantar
IIT_Delhi,08:10:2021,11:09:18,281,281.464792,0.351900,0.234800,0.195500,0.179100,0.223600,0.098200,0.053800,0.034700,0.128300,0.136600,0.141800,0.144500,0.872690,74.212149,73.581571,3.136856,0.049661,0.348706,4,10,7,6,4,10,7,6,4,10,6,6,4,10,7,6,0.071170,0.128870,0.334100,0.328670,1,1,30:06:2022,23:28:38,1170,28.545000,77.192600,15.000000,lev20,Almucantar
IIT_Delhi,08:10:2021,11:27:35,281,281.477488,0.364500,0.242200,0.201300,0.183900,0.233000,0.101700,0.055500,0.035500,0.131600,0.140500,0.145800,0.148400,0.881529,78.077025,77.440664,2.974437,0.022267,0.360917,4,9,7,6,4,10,7,6,4,10,7,6,4,10,7,5,0.075290,0.137780,0.356860,0.349520,1,1,30:06:2022,23:30:53,1170,28.545000,77.192600,15.000000,lev20,Almucantar
IIT_Delhi,09:10:2021,02:00:13,282,282.083484,0.460700,0.307300,0.252600,0.229800,0.298000,0.133800,0.072800,0.046800,0.162700,0.173500,0.179800,0.183000,0.890047,74.699753,75.330564,1.394537,0.022084,0.457121,4,10,7,6,4,10,7,6,4,10,7,6,4,10,7,6,0.070960,0.129410,0.338140,0.337510,1,1,30:06:2022,23:14:55,1170,28.545000,77.192600,15.000000,lev20,Almucantar
IIT_Delhi,09:10:2021,02:33:58,282,282.106921,0.474500,0.315000,0.258500,0.234900,0.309000,0.138600,0.075800,0.049200,0.165500,0.176400,0.182700,0.185700,0.899673,67.695139,68.309724,1.619628,0.041969,0.470927,4,10,7,6,4,10,7,6,4,10,7,6,4,10,7,6,0.065640,0.117520,0.306770,0.306820,1,1,30:06:2022,23:22:02,1170,28.545000,77.192600,15.000000,lev20,Almucantar
IIT_Delhi,09:10:2021,03:25:39,282,282.142812,0.540100,0.350100,0.283400,0.255300,0.366200,0.164400,0.091000,0.059700,0.173900,0.185600,0.192400,0.195600,0.954899,57.452957,58.025886,1.634507,0.065930,0.536537,4,10,7,5,4,10,7,5,4,10,7,5,4,10,7,5,0.060680,0.106420,0.277240,0.278070,1,1,30:06:2022,23:27:23,1170,28.545000,77.192600,15.000000,lev20,Almucantar
IIT_Delhi,09:10:2021,03:51:02,282,282.160440,0.554100,0.356500,0.287900,0.258500,0.379500,0.170000,0.094000,0.060800,0.174600,0.186500,0.193900,0.197800,0.969679,52.745187,53.287318,1.530536,0.091144,0.549971,3,10,8,4,3,10,8,4,3,10,8,4,4,10,8,4,0.059100,0.102900,0.267760,0.268870,1,1,30:06:2022,23:04:47,1170,28.545000,77.192600,15.000000,lev20,Almucantar
IIT_Delhi,09:10:2021,09:50:55,282,282.410359,0.306100,0.227800,0.202800,0.193500,0.157400,0.069100,0.037400,0.024800,0.148700,0.158700,0.165400,0.168700,0.614233,58.589013,58.012902,1.959348,0.160835,0.302066,4,10,7,5,4,10,7,5,4,10,7,5,4,10,7,5,0.061370,0.107560,0.279240,0.278040,1,1,30:06:2022,23:30:31,1170,28.545000,77.192600,15.000000,lev20,Almucantar
IIT_Delhi,09:10:2021,10:18:04,282,282.429213,0.303600,0.228000,0.203200,0.194100,0.153000,0.067400,0.036000,0.023700,0.150600,0.160600,0.167300,0.170500,0.598616,63.929111,63.328919,2.703380,0.147672,0.299790,3,10,8,5,3,10,8,5,3,10,8,5,3,10,8,5,0.063860,0.113000,0.293360,0.291080,1,1,30:06:2022,23:07:25,1170,28.545000,77.192600,15.000000,lev20,Almucantar
IIT_Delhi,09:10:2021,11:08:03,282,282.463924,0.318500,0.237000,0.210600,0.199900,0.162600,0.070400,0.037800,0.024600,0.155900,0.166700,0.172800,0.175300,0.616851,74.207976,73.578934,2.866092,0.081574,0.314401,4,10,7,6,4,10,7,6,4,10,7,6,4,10,7,6,0.071190,0.128900,0.334170,0.328660,1,1,30:06:2022,23:13:34,1170,28.545000,77.192600,15.000000,lev20,Almucantar
IIT_Delhi,09:10:2021,11:26:33,282,282.476771,0.327300,0.244500,0.217100,0.205700,0.167700,0.073900,0.040400,0.026500,0.159600,0.170500,0.176700,0.179200,0.611753,78.110290,77.475158,3.612702,0.059459,0.323608,4,9,7,6,4,10,7,6,4,10,7,6,4,10,6,6,0.075320,0.137850,0.357030,0.349720,1,1,30:06:2022,23:16:10,1170,28.545000,77.192600,15.000000,lev20,Almucantar
IIT_Delhi,10:10:2021,02:02:47,283,283.085266,0.397100,0.277400,0.237300,0.220600,0.232200,0.101600,0.055200,0.035300,0.164900,0.175800,0.182200,0.185300,0.765491,74.305154,74.933770,1.517550,0.025675,0.393310,4,10,7,6,4,10,7,6,4,10,7,6,4,10,7,6,0.070610,0.128620,0.336070,0.335420,1,1,30:06:2022,23:21:30,1170,28.545000,77.192600,15.000000,lev20,Almucantar
IIT_Delhi,10:10:2021,02:34:36,283,283.107361,0.402000,0.277600,0.236900,0.219900,0.239500,0.104300,0.057300,0.037200,0.162500,0.173300,0.179600,0.182800,0.786685,67.724882,68.337512,1.473591,0.039203,0.398109,4,10,7,6,4,10,7,6,4,10,7,6,4,10,7,6,0.065660,0.117560,0.306890,0.306920,1,1,30:06:2022,23:04:57,1170,28.545000,77.192600,15.000000,lev20,Almucantar
IIT_Delhi,10:10:2021,03:27:47,283,283.144294,0.435100,0.294200,0.249400,0.230600,0.269600,0.117200,0.065900,0.044000,0.165500,0.177000,0.183500,0.186700,0.828308,57.241059,57.809430,1.436453,0.054275,0.431367,4,10,8,4,4,10,7,5,4,10,7,5,4,10,7,5,0.060600,0.106240,0.276770,0.277600,1,1,30:06:2022,23:12:51,1170,28.545000,77.192600,15.000000,lev20,Almucantar
IIT_Delhi,10:10:2021,03:50:42,283,283.160208,0.430600,0.292000,0.248000,0.230000,0.265100,0.115500,0.064600,0.043000,0.165500,0.176500,0.183400,0.187100,0.821327,53.017712,53.557673,1.448882,0.096096,0.426844,3,10,8,4,3,10,8,4,3,10,8,4,4,10,8,4,0.059180,0.103080,0.268260,0.269350,1,1,30:06:2022,23:19:46,1170,28.545000,77.192600,15.000000,lev20,Almucantar
IIT_Delhi,10:10:2021,09:50:47,283,283.410266,0.353300,0.237300,0.201400,0.186900,0.217300,0.091600,0.050100,0.033200,0.136000,0.145800,0.151300,0.153700,0.837200,58.854230,58.279913,1.697494,0.086276,0.349151,3,11,7,5,3,11,7,5,4,10,7,5,4,10,7,5,0.061480,0.107800,0.279860,0.278620,1,1,30:06:2022,23:13:08,1170,28.545000,77.192600,15.000000,lev20,Almucantar
IIT_Delhi,10:10:2021,10:14:56,283,283.427037,0.351900,0.236700,0.200400,0.186000,0.215800,0.091500,0.049400,0.031900,0.136100,0.145200,0.151000,0.154000,0.838166,63.580768,62.984457,1.521024,0.061017,0.347746,3,10,8,5,3,10,8,5,3,10,8,5,3,10,8,5,0.063680,0.112600,0.292310,0.290130,1,1,30:06:2022,23:18:07,1170,28.545000,77.192600,15.000000,lev20,Almucantar
IIT_Delhi,10:10:2021,11:07:42,283,283.463681,0.339700,0.230900,0.196100,0.182000,0.203900,0.086300,0.046100,0.029000,0.135800,0.144600,0.150000,0.153000,0.817706,74.391302,73.763466,2.075906,0.038868,0.335602,4,10,7,6,4,10,7,6,4,10,7,6,4,10,7,6,0.071360,0.129270,0.335110,0.329550,1,1,30:06:2022,23:23:37,1170,28.545000,77.192600,15.000000,lev20,Almucantar
IIT_Delhi,10:10:2021,11:26:11,283,283.476516,0.335900,0.229400,0.195100,0.180800,0.201300,0.086000,0.046500,0.029300,0.134600,0.143400,0.148700,0.151500,0.808469,78.283107,77.649068,2.420285,0.023147,0.332014,4,9,7,6,4,9,7,6,4,10,7,6,4,10,6,6,0.075550,0.138330,0.358260,0.350790,1,1,30:06:2022,23:25:43,1170,28.545000,77.192600,15.000000,lev20,Almucantar
IIT_Delhi,11:10:2021,02:02:29,284,284.085058,0.295500,0.186000,0.148700,0.133400,0.206500,0.090800,0.050200,0.033500,0.089000,0.095200,0.098500,0.100000,1.017168,74.513592,75.141063,1.357251,0.021608,0.292285,4,10,7,6,4,10,7,6,4,10,7,6,4,10,7,6,0.070800,0.129050,0.337180,0.336500,1,1,30:06:2022,23:19:34,1170,28.545000,77.192600,15.000000,lev20,Almucantar
IIT_Delhi,11:10:2021,02:35:15,284,284.107813,0.317000,0.197800,0.157600,0.140800,0.224000,0.098300,0.054800,0.036600,0.093100,0.099500,0.102800,0.104200,1.035236,67.753699,68.364334,1.486073,0.047370,0.314659,4,10,7,6,4,10,7,6,4,10,7,6,4,10,7,6,0.065680,0.117610,0.306990,0.307010,1,1,30:06:2022,23:24:33,1170,28.545000,77.192600,15.000000,lev20,Almucantar
IIT_Delhi,11:10:2021,03:27:26,284,284.144051,0.345600,0.216900,0.174200,0.155600,0.243000,0.106900,0.060400,0.040300,0.102600,0.110100,0.113800,0.115300,1.015713,57.502323,58.068799,1.639072,0.057574,0.343602,4,10,7,5,4,10,7,5,4,10,7,5,4,10,7,5,0.060690,0.106460,0.277350,0.278160,1,1,30:06:2022,23:07:28,1170,28.545000,77.192600,15.000000,lev20,Almucantar
IIT_Delhi,11:10:2021,03:50:26,284,284.160023,0.363600,0.230200,0.186400,0.167600,0.251300,0.110100,0.061600,0.040200,0.112400,0.120100,0.124800,0.127400,0.991316,53.279586,53.817302,1.763602,0.082509,0.361190,3,10,8,4,4,10,8,4,4,10,8,4,4,10,8,4,0.059270,0.103260,0.268730,0.269800,1,1,30:06:2022,23:13:15,1170,28.545000,77.192600,15.000000,lev20,Almucantar
IIT_Delhi,11:10:2021,09:50:23,284,284.409988,0.452500,0.288500,0.234900,0.212500,0.307100,0.133600,0.074200,0.048900,0.145400,0.154900,0.160700,0.163600,0.973111,59.066688,58.494453,1.528236,0.048773,0.447761,3,10,8,5,3,11,7,5,3,11,7,5,4,10,7,5,0.061570,0.108000,0.280370,0.279090,1,1,30:06:2022,23:10:34,1170,28.545000,77.192600,15.000000,lev20,Almucantar
IIT_Delhi,11:10:2021,10:13:26,284,284.425995,0.470700,0.298200,0.241500,0.218200,0.321700,0.139700,0.077400,0.051300,0.149100,0.158500,0.164100,0.166800,0.990093,63.559552,62.965922,1.673967,0.041389,0.466124,3,10,8,5,3,10,8,5,3,10,8,5,3,10,8,5,0.063680,0.112590,0.292300,0.290080,1,1,30:06:2022,23:18:03,1170,28.545000,77.192600,15.000000,lev20,Almucantar
IIT_Delhi,11:10:2021,10:57:29,284,284.456586,0.516500,0.326600,0.264200,0.238700,0.350400,0.150000,0.081700,0.053200,0.166200,0.176500,0.182600,0.185500,0.994525,72.516792,71.894641,2.106725,0.026180,0.511317,4,10,7,6,4,10,7,6,4,10,7,6,4,10,7,6,0.069680,0.125610,0.325780,0.320970,1,1,30:06:2022,23:21:00,1170,28.545000,77.192600,15.000000,lev20,Almucantar
IIT_Delhi,11:10:2021,11:19:33,284,284.471910,0.494100,0.315200,0.257400,0.233800,0.327600,0.138400,0.074500,0.047800,0.166600,0.176700,0.182900,0.186000,0.968345,77.132707,76.501593,2.951252,0.028156,0.489423,4,10,6,6,4,10,6,6,4,10,7,6,4,10,7,6,0.074180,0.135390,0.350800,0.343980,1,1,30:06:2022,23:23:56,1170,28.545000,77.192600,15.000000,lev20,Almucantar
IIT_Delhi,12:10:2021,02:02:15,285,285.084896,0.501900,0.319600,0.255200,0.227900,0.352900,0.160700,0.090700,0.060900,0.149000,0.158900,0.164400,0.167000,1.000647,74.709414,75.335699,1.566734,0.017175,0.497459,4,10,7,6,4,10,7,6,4,10,7,6,4,10,7,6,0.070970,0.129430,0.338230,0.337540,1,1,30:06:2022,23:09:38,1170,28.545000,77.192600,15.000000,lev20,Almucantar
IIT_Delhi,12:10:2021,02:37:15,285,285.109201,0.467500,0.298200,0.239100,0.214100,0.327300,0.148500,0.083900,0.056400,0.140200,0.149700,0.155200,0.157600,0.992559,67.511752,68.119489,1.549895,0.027919,0.464202,4,10,7,6,4,10,7,6,4,10,7,6,4,10,7,6,0.065530,0.117280,0.306120,0.306130,1,1,30:06:2022,23:18:19,1170,28.545000,77.192600,15.000000,lev20,Almucantar
IIT_Delhi,12:10:2021,03:28:26,285,285.144745,0.504700,0.320100,0.257400,0.230300,0.353500,0.158100,0.089400,0.059500,0.151100,0.162000,0.168000,0.170800,0.997672,57.511905,58.074982,1.563327,0.047525,0.501118,4,10,7,5,4,10,7,5,4,10,7,5,4,10,7,5,0.060700,0.106470,0.277370,0.278170,1,1,30:06:2022,23:24:14,1170,28.545000,77.192600,15.000000,lev20,Almucantar
IIT_Delhi,12:10:2021,03:50:44,285,285.160231,0.522800,0.333900,0.269300,0.242500,0.364100,0.163300,0.091700,0.061600,0.158700,0.170600,0.177600,0.180900,0.982855,53.442086,53.976766,1.746813,0.099674,0.519007,4,10,8,4,4,10,8,4,4,10,8,4,4,10,8,4,0.059320,0.103370,0.269040,0.270090,1,1,30:06:2022,23:29:17,1170,28.545000,77.192600,15.000000,lev20,Almucantar
IIT_Delhi,12:10:2021,09:50:12,285,285.409861,0.385900,0.266900,0.228700,0.213500,0.229600,0.099800,0.055100,0.036500,0.156400,0.167200,0.173700,0.177000,0.778878,59.318912,58.748544,1.708991,0.077844,0.381666,3,10,8,5,3,10,8,5,3,11,7,5,4,10,7,5,0.061670,0.108230,0.281000,0.279660,1,1,30:06:2022,23:19:44,1170,28.545000,77.192600,15.000000,lev20,Almucantar
IIT_Delhi,12:10:2021,10:12:25,285,285.425289,0.390000,0.270200,0.231800,0.215700,0.232300,0.101700,0.056900,0.037600,0.157700,0.168600,0.174900,0.178100,0.774647,63.633753,63.042451,2.000285,0.076709,0.386009,3,10,8,5,3,10,8,5,3,10,8,5,3,10,8,5,0.063710,0.112670,0.292500,0.290290,1,1,30:06:2022,23:25:09,1170,28.545000,77.192600,15.000000,lev20,Almucantar
IIT_Delhi,12:10:2021,11:04:15,285,285.461285,0.385600,0.270100,0.232100,0.215900,0.223000,0.096400,0.052000,0.032700,0.162600,0.173700,0.180200,0.183300,0.755316,74.178772,73.554605,2.359373,0.047101,0.381294,4,10,7,6,4,10,7,6,4,10,7,6,4,10,7,6,0.071150,0.128810,0.333970,0.328540,1,1,30:06:2022,23:30:17,1170,28.545000,77.192600,15.000000,lev20,Almucantar
IIT_Delhi,12:10:2021,11:22:38,285,285.474051,0.393000,0.275200,0.236500,0.220000,0.228200,0.098900,0.053700,0.034300,0.164900,0.176300,0.182800,0.185700,0.755692,78.029290,77.398284,3.106994,0.033805,0.388856,4,10,6,6,4,10,6,6,4,10,6,6,4,10,7,6,0.075250,0.137670,0.356600,0.349260,1,1,30:06:2022,23:04:35,1170,28.545000,77.192600,15.000000,lev20,Almucantar
IIT_Delhi,13:10:2021,02:02:54,286,286.085347,0.401700,0.273200,0.226500,0.206000,0.257400,0.118600,0.066600,0.043700,0.144300,0.154500,0.159900,0.162300,0.848466,74.722746,75.347470,1.495308,0.023762,0.398363,4,10,7,6,4,10,7,6,4,10,7,6,4,10,7,6,0.071000,0.129480,0.338330,0.337590,1,1,30:06:2022,23:05:04,1170,28.545000,77.192600,15.000000,lev20,Almucantar
IIT_Delhi,13:10:2021,02:36:56,286,286.108981,0.418600,0.281500,0.231900,0.209800,0.274700,0.128000,0.073300,0.049100,0.143800,0.153500,0.158600,0.160800,0.874454,67.741386,68.347691,1.644268,0.040879,0.415121,4,10,7,6,4,10,7,6,4,10,7,6,4,10,7,6,0.065670,0.117590,0.306960,0.306950,1,1,30:06:2022,23:11:41,1170,28.545000,77.192600,15.000000,lev20,Almucantar
IIT_Delhi,13:10:2021,03:29:23,286,286.145405,0.421500,0.279700,0.228700,0.206700,0.281900,0.130100,0.073400,0.048700,0.139600,0.149600,0.155300,0.158000,0.905086,57.534429,58.094127,1.704688,0.077873,0.417875,4,10,7,5,4,10,7,5,4,10,7,5,4,10,7,5,0.060710,0.106480,0.277400,0.278220,1,1,30:06:2022,23:18:36,1170,28.545000,77.192600,15.000000,lev20,Almucantar
IIT_Delhi,13:10:2021,03:51:40,286,286.160880,0.429700,0.285600,0.234900,0.212600,0.282800,0.128600,0.071700,0.046300,0.146900,0.157100,0.163200,0.166200,0.894859,53.495133,54.025861,1.766771,0.096452,0.425974,4,10,8,4,4,10,8,4,4,10,8,4,4,10,8,4,0.059330,0.103410,0.269130,0.270180,1,1,30:06:2022,23:24:17,1170,28.545000,77.192600,15.000000,lev20,Almucantar
IIT_Delhi,13:10:2021,09:49:53,286,286.409641,0.504300,0.307500,0.237600,0.207700,0.371800,0.164800,0.089000,0.056800,0.132500,0.142700,0.148600,0.150900,1.111563,59.543852,58.975502,1.819516,0.050697,0.500511,3,10,8,5,3,10,8,5,3,10,8,4,3,11,7,5,0.061770,0.108440,0.281530,0.280170,1,1,30:06:2022,23:13:43,1170,28.545000,77.192600,15.000000,lev20,Almucantar
IIT_Delhi,13:10:2021,11:02:58,286,286.460394,0.504800,0.316800,0.249500,0.221100,0.358700,0.160100,0.086200,0.055300,0.146100,0.156700,0.163300,0.165900,1.041508,74.163198,73.540745,2.322271,0.052958,0.500635,4,10,7,6,4,10,7,6,4,10,7,6,4,10,7,6,0.071120,0.128770,0.333870,0.328480,1,1,30:06:2022,23:20:17,1170,28.545000,77.192600,15.000000,lev20,Almucantar
IIT_Delhi,13:10:2021,11:21:12,286,286.473056,0.518900,0.328000,0.260500,0.231500,0.363500,0.162000,0.087700,0.055900,0.155400,0.166000,0.172800,0.175600,1.019233,77.972661,77.343150,2.735826,0.054430,0.514477,4,10,6,6,4,10,6,6,4,10,6,6,4,10,7,6,0.075140,0.137470,0.356110,0.348920,1,1,30:06:2022,23:23:59,1170,28.545000,77.192600,15.000000,lev20,Almucantar
IIT_Delhi,14:10:2021,02:03:37,287,287.085845,0.522500,0.308800,0.229200,0.194100,0.426400,0.206600,0.122600,0.085000,0.096100,0.102200,0.106700,0.109100,1.213184,74.724386,75.347492,1.231262,0.009884,0.519617,4,10,7,6,4,10,7,6,4,10,7,6,4,10,7,6,0.071000,0.129500,0.338340,0.337590,1,1,30:06:2022,23:26:10,1170,28.545000,77.192600,15.000000,lev20,Almucantar
IIT_Delhi,14:10:2021,02:37:35,287,287.109433,0.555400,0.325800,0.241000,0.203400,0.445800,0.207600,0.118900,0.080100,0.109600,0.118100,0.122100,0.123300,1.229310,67.777856,68.382077,1.236184,0.013188,0.552115,4,10,7,6,4,10,7,6,4,10,7,6,4,10,7,6,0.065700,0.117640,0.307080,0.307070,1,1,30:06:2022,23:08:15,1170,28.545000,77.192600,15.000000,lev20,Almucantar
IIT_Delhi,14:10:2021,03:31:43,287,287.147025,0.631700,0.367000,0.268400,0.224100,0.531500,0.260000,0.156500,0.109400,0.100200,0.106900,0.111900,0.114700,1.259353,57.305130,57.859774,1.352795,0.027781,0.628543,4,10,8,4,4,10,7,5,4,10,7,5,4,10,7,5,0.060620,0.106300,0.276900,0.277710,1,1,30:06:2022,23:16:45,1170,28.545000,77.192600,15.000000,lev20,Almucantar
IIT_Delhi,14:10:2021,03:55:59,287,287.163877,0.616100,0.357400,0.260700,0.218400,0.520800,0.256800,0.155200,0.110000,0.095200,0.100600,0.105400,0.108300,1.265116,52.963194,53.484840,1.293691,0.080357,0.613899,3,10,8,4,3,10,8,4,3,10,8,4,4,10,8,4,0.059170,0.103050,0.268150,0.269220,1,1,30:06:2022,23:23:41,1170,28.545000,77.192600,15.000000,lev20,Almucantar
IIT_Delhi,14:10:2021,04:16:09,287,287.177882,0.588600,0.345400,0.254200,0.213500,0.481700,0.229300,0.132400,0.089400,0.106800,0.116100,0.121800,0.124200,1.235439,49.585439,50.072712,1.119029,0.092276,0.586668,3,10,8,4,3,10,8,4,3,10,8,4,3,10,8,4,0.058230,0.100940,0.262440,0.263660,1,1,30:06:2022,23:29:54,1170,28.545000,77.192600,15.000000,lev20,Almucantar
IIT_Delhi,14:10:2021,09:49:36,287,287.409444,0.332800,0.207300,0.162500,0.144200,0.243100,0.111900,0.063100,0.043000,0.089600,0.095500,0.099400,0.101200,1.059342,59.773191,59.206835,2.030784,0.107015,0.328143,3,10,8,5,3,10,8,5,3,10,8,4,3,11,7,5,0.061860,0.108650,0.282090,0.280690,1,1,30:06:2022,23:29:51,1170,28.545000,77.192600,15.000000,lev20,Almucantar
IIT_Delhi,14:10:2021,10:11:47,287,287.424850,0.329900,0.211200,0.170600,0.150300,0.238700,0.113800,0.070100,0.048300,0.091200,0.097400,0.100500,0.102000,0.977135,64.053850,63.466100,2.285176,0.056148,0.326609,3,10,8,5,3,10,8,5,3,10,8,5,3,10,8,5,0.063930,0.113150,0.293750,0.291460,1,1,30:06:2022,23:09:55,1170,28.545000,77.192600,15.000000,lev20,Almucantar
IIT_Delhi,14:10:2021,11:16:43,287,287.469942,0.279400,0.175100,0.138700,0.122800,0.198100,0.088400,0.049000,0.031600,0.081300,0.086700,0.089800,0.091200,1.036110,77.276179,76.649237,1.767334,0.020331,0.276126,4,10,6,6,4,10,7,6,4,10,7,6,4,10,7,6,0.074330,0.135720,0.351630,0.344820,1,1,30:06:2022,23:12:16,1170,28.545000,77.192600,15.000000,lev20,Almucantar
IIT_Delhi,15:10:2021,02:04:19,288,288.086331,0.333100,0.190700,0.137200,0.114500,0.284100,0.138300,0.082400,0.058500,0.049000,0.052400,0.054800,0.056000,1.303815,74.731687,75.353154,1.225412,0.012498,0.332283,4,10,7,6,4,10,7,6,4,10,7,6,4,10,7,6,0.071010,0.129500,0.338360,0.337630,1,1,30:06:2022,23:14:53,1170,28.545000,77.192600,15.000000,lev20,Almucantar
IIT_Delhi,15:10:2021,02:38:21,288,288.109965,0.336600,0.192500,0.138700,0.115100,0.284000,0.136500,0.080000,0.054900,0.052600,0.056000,0.058700,0.060200,1.303524,67.793382,68.395414,1.168240,0.019951,0.335426,4,10,7,6,4,10,7,6,4,10,7,6,4,10,7,6,0.065710,0.117670,0.307130,0.307120,1,1,30:06:2022,23:20:35,1170,28.545000,77.192600,15.000000,lev20,Almucantar
IIT_Delhi,15:10:2021,03:31:26,288,288.146829,0.384200,0.220200,0.159000,0.131500,0.317000,0.147500,0.082800,0.053800,0.067100,0.072800,0.076200,0.077600,1.297306,57.562327,58.114997,0.889084,0.013404,0.382697,4,10,7,5,4,10,7,5,4,10,7,5,4,10,7,5,0.060720,0.106520,0.277480,0.278260,1,1,30:06:2022,23:25:53,1170,28.545000,77.192600,15.000000,lev20,Almucantar
IIT_Delhi,15:10:2021,03:53:41,288,288.162280,0.398500,0.228000,0.163900,0.135500,0.331000,0.154700,0.087300,0.057600,0.067500,0.073300,0.076600,0.077900,1.305871,53.586070,54.108600,1.163692,0.019404,0.396925,4,10,8,4,4,10,8,4,4,10,8,4,4,10,8,4,0.059360,0.103480,0.269310,0.270330,1,1,30:06:2022,23:06:02,1170,28.545000,77.192600,15.000000,lev20,Almucantar
IIT_Delhi,15:10:2021,09:49:20,288,288.409259,0.522600,0.303500,0.222800,0.187500,0.428600,0.205000,0.120000,0.081900,0.094000,0.098500,0.102800,0.105600,1.254988,60.003587,59.439218,1.383805,0.029178,0.520524,3,10,8,5,3,10,8,5,3,10,8,5,3,10,8,5,0.061960,0.108870,0.282660,0.281220,1,1,30:06:2022,23:36:07,1170,28.545000,77.192600,15.000000,lev20,Almucantar
IIT_Delhi,15:10:2021,10:11:28,288,288.424630,0.535600,0.310100,0.227800,0.192100,0.430300,0.197100,0.110000,0.072100,0.105300,0.113000,0.117800,0.120000,1.258872,64.260758,63.674804,0.870684,0.003248,0.533049,3,10,8,5,3,10,8,5,3,10,8,5,3,10,8,5,0.064040,0.113390,0.294390,0.292050,1,1,30:06:2022,23:11:02,1170,28.545000,77.192600,15.000000,lev20,Almucantar
IIT_Delhi,15:10:2021,11:01:30,288,288.459375,0.563600,0.329000,0.243800,0.207600,0.444700,0.201800,0.111000,0.072600,0.118900,0.127300,0.132700,0.135000,1.234601,74.355261,73.735824,1.661154,0.008941,0.560616,4,10,7,6,4,10,7,6,4,10,7,6,4,10,7,6,0.071310,0.129160,0.334890,0.329420,1,1,30:06:2022,23:19:13,1170,28.545000,77.192600,15.000000,lev20,Almucantar
IIT_Delhi,15:10:2021,11:19:53,288,288.472141,0.571600,0.335400,0.249900,0.213700,0.458300,0.216100,0.125400,0.086400,0.113200,0.119300,0.124500,0.127300,1.219367,78.179064,77.552163,2.633381,0.020874,0.568471,4,10,6,6,4,10,6,6,4,10,6,6,4,10,7,6,0.075400,0.138030,0.357550,0.350190,1,1,30:06:2022,23:22:00,1170,28.545000,77.192600,15.000000,lev20,Almucantar
IIT_Delhi,16:10:2021,02:06:16,289,289.087685,1.005800,0.517700,0.331400,0.251800,0.948200,0.458300,0.270000,0.188500,0.057500,0.059500,0.061400,0.063300,1.623481,74.483336,75.102560,1.292868,0.010199,1.003683,4,10,7,6,4,10,7,6,4,10,7,6,4,10,7,6,0.072240,0.130520,0.329700,0.330390,1,1,30:06:2022,23:10:18,1170,28.545000,77.192600,15.000000,lev20,Almucantar
IIT_Delhi,16:10:2021,02:39:05,289,289.110475,1.003800,0.519100,0.333900,0.253600,0.947400,0.460700,0.273400,0.191400,0.056500,0.058400,0.060400,0.062200,1.609828,67.818135,68.417976,1.635018,0.017391,1.001770,4,10,7,6,4,10,7,6,4,10,7,6,4,10,7,6,0.067190,0.119280,0.300720,0.301910,1,1,30:06:2022,23:20:56,1170,28.545000,77.192600,15.000000,lev20,Almucantar
IIT_Delhi,16:10:2021,03:32:21,289,289.147465,1.048100,0.539100,0.345700,0.262000,0.991100,0.480100,0.284600,0.199100,0.057000,0.059000,0.061100,0.062900,1.622274,57.601397,58.150641,1.885680,0.023373,1.045998,4,10,7,5,4,10,7,5,4,10,7,5,4,10,7,5,0.062210,0.108190,0.271850,0.273640,1,1,30:06:2022,23:30:25,1170,28.545000,77.192600,15.000000,lev20,Almucantar
IIT_Delhi,16:10:2021,03:54:34,289,289.162894,1.073500,0.549800,0.351200,0.265400,1.014500,0.488900,0.288100,0.200200,0.059000,0.060900,0.063200,0.065200,1.634061,53.658632,54.177221,1.959343,0.030044,1.071199,4,10,8,4,4,10,8,4,4,10,8,4,4,10,8,4,0.060870,0.105190,0.263950,0.265910,1,1,30:06:2022,23:38:51,1170,28.545000,77.192600,15.000000,lev20,Almucantar
IIT_Delhi,16:10:2021,09:49:07,289,289.409109,1.790800,0.976100,0.649900,0.508500,1.639900,0.820100,0.488900,0.343800,0.151000,0.156100,0.161000,0.164800,1.482328,60.241145,59.678716,2.507854,0.034157,1.785050,3,10,8,5,3,10,8,5,3,10,8,5,3,10,8,5,0.063540,0.110710,0.277380,0.277010,1,1,30:06:2022,23:40:00,1170,28.545000,77.192600,15.000000,lev20,Almucantar
IIT_Delhi,16:10:2021,10:11:21,289,289.424549,1.790100,0.980100,0.653500,0.511400,1.633900,0.818100,0.485600,0.339300,0.156300,0.162000,0.167900,0.172100,1.473444,64.504436,63.920117,2.225435,0.025709,1.783704,3,10,8,5,3,10,8,5,3,10,8,5,3,10,8,5,0.065640,0.115270,0.288960,0.287760,1,1,30:06:2022,23:48:41,1170,28.545000,77.192600,15.000000,lev20,Almucantar
IIT_Delhi,16:10:2021,10:51:19,289,289.452303,1.530200,0.836900,0.559500,0.438500,1.379600,0.675800,0.391200,0.266700,0.150600,0.161100,0.168400,0.171800,1.471644,72.506986,71.894073,3.811785,0.058359,1.522448,4,10,7,6,4,10,7,6,4,10,7,6,4,10,7,6,0.071110,0.127120,0.318700,0.315380,1,1,30:06:2022,23:52:14,1170,28.545000,77.192600,15.000000,lev20,Almucantar
IIT_Delhi,19:10:2021,02:41:39,292,292.112257,0.526000,0.303600,0.202900,0.154000,0.507300,0.284500,0.182900,0.132900,0.018700,0.019100,0.020100,0.021100,1.387953,67.834915,68.427772,3.022184,0.029533,0.525651,4,10,7,6,4,10,7,6,4,10,7,6,4,10,7,6,0.067190,0.119280,0.300750,0.301940,1,1,30:06:2022,23:13:21,1170,28.545000,77.192600,15.000000,lev20,Almucantar
IIT_Delhi,19:10:2021,03:35:44,292,292.149815,0.511300,0.271000,0.174400,0.132400,0.497300,0.256700,0.159500,0.117100,0.014000,0.014400,0.014900,0.015300,1.570738,57.624484,58.162508,2.411100,0.085929,0.511159,4,10,7,5,4,10,7,5,4,10,7,4,4,9,7,4,0.062220,0.108200,0.271890,0.273670,1,1,30:06:2022,23:17:15,1170,28.545000,77.192600,15.000000,lev20,Almucantar
IIT_Delhi,19:10:2021,10:08:27,292,292.422535,0.796600,0.435900,0.281700,0.211600,0.758000,0.396100,0.240900,0.170000,0.038600,0.039800,0.040700,0.041600,1.515397,64.726616,64.149586,2.631832,0.010717,0.795421,3,10,8,5,3,10,8,5,3,10,8,5,3,6,5,5,0.065750,0.115530,0.289610,0.288400,1,1,30:06:2022,23:26:11,1170,28.545000,77.192600,15.000000,lev20,Almucantar
IIT_Delhi,20:10:2021,02:08:06,293,293.088958,0.946500,0.541500,0.371100,0.294400,0.850000,0.441500,0.267800,0.188600,0.096600,0.100100,0.103300,0.105800,1.368749,74.742969,75.355715,1.841391,0.007022,0.943691,4,10,7,6,4,10,7,6,4,10,7,6,4,10,7,6,0.072470,0.131030,0.331030,0.331700,1,1,30:06:2022,23:12:53,1170,28.545000,77.192600,15.000000,lev20,Almucantar
IIT_Delhi,20:10:2021,02:42:34,293,293.112894,0.998500,0.569300,0.388700,0.307200,0.902000,0.469000,0.285100,0.201400,0.096500,0.100300,0.103600,0.105800,1.378987,67.833719,68.424154,1.716735,0.012678,0.995540,4,10,7,6,4,10,7,6,4,10,7,6,4,10,7,6,0.067190,0.119290,0.300750,0.301930,1,1,30:06:2022,23:21:28,1170,28.545000,77.192600,15.000000,lev20,Almucantar
IIT_Delhi,20:10:2021,03:36:50,293,293.150579,0.993500,0.565900,0.386400,0.305700,0.885700,0.452100,0.268000,0.184700,0.107900,0.113800,0.118500,0.121000,1.380430,57.644272,58.178544,1.394293,0.017847,0.990027,4,10,7,5,4,10,7,5,4,10,7,5,4,10,7,5,0.062230,0.108220,0.271920,0.273700,1,1,30:06:2022,23:30:54,1170,28.545000,77.192600,15.000000,lev20,Almucantar
IIT_Delhi,20:10:2021,03:57:23,293,293.164850,0.939000,0.538200,0.370800,0.295200,0.831700,0.425100,0.253100,0.175200,0.107300,0.113100,0.117600,0.120000,1.358902,54.100314,54.604224,1.164311,0.019301,0.935323,4,10,8,4,4,10,8,4,4,10,8,4,4,10,8,4,0.061010,0.105500,0.264750,0.266680,1,1,30:06:2022,23:38:07,1170,28.545000,77.192600,15.000000,lev20,Almucantar
IIT_Delhi,20:10:2021,08:48:14,293,293.366829,0.704900,0.420300,0.305100,0.252200,0.572000,0.277900,0.157100,0.101900,0.132900,0.142400,0.148000,0.150300,1.228574,50.863194,50.401283,1.775000,0.019337,0.701391,3,10,8,4,3,10,8,4,3,10,8,4,3,10,8,4,0.060210,0.103480,0.258790,0.259750,1,1,30:06:2022,23:20:08,1170,28.545000,77.192600,15.000000,lev20,Almucantar
IIT_Delhi,20:10:2021,09:48:14,293,293.408495,0.664400,0.398100,0.291000,0.243200,0.539000,0.266400,0.154300,0.103400,0.125400,0.131700,0.136700,0.139800,1.211781,61.162661,60.608097,1.250292,0.021341,0.661385,3,10,8,5,3,10,8,5,3,10,8,5,3,10,8,5,0.063940,0.111610,0.279680,0.279180,1,1,30:06:2022,23:26:28,1170,28.545000,77.192600,15.000000,lev20,Almucantar
IIT_Delhi,20:10:2021,10:08:16,293,293.422407,0.642800,0.388100,0.286900,0.241700,0.506400,0.243000,0.136100,0.088100,0.136400,0.145200,0.150800,0.153500,1.185112,64.947661,64.372383,1.571053,0.019738,0.638699,3,10,8,5,3,10,8,5,3,10,8,5,3,10,8,5,0.065870,0.115790,0.290290,0.289040,1,1,30:06:2022,23:32:28,1170,28.545000,77.192600,15.000000,lev20,Almucantar
IIT_Delhi,20:10:2021,10:45:26,293,293.448218,0.613000,0.374100,0.279800,0.238100,0.470600,0.222500,0.122600,0.078200,0.142400,0.151600,0.157200,0.159800,1.153006,72.279706,71.675469,1.556797,0.020627,0.608629,4,10,7,6,4,10,7,6,4,10,7,6,4,10,7,6,0.070910,0.126690,0.317660,0.314450,1,1,30:06:2022,23:35:58,1170,28.545000,77.192600,15.000000,lev20,Almucantar
IIT_Delhi,20:10:2021,11:10:26,293,293.465579,0.614700,0.377100,0.283300,0.241500,0.467700,0.220700,0.120500,0.075700,0.147000,0.156400,0.162800,0.165800,1.139017,77.380487,76.762958,1.668350,0.028087,0.610802,4,10,6,6,4,10,6,6,4,10,6,6,4,10,7,6,0.075910,0.137480,0.344580,0.339380,1,1,30:06:2022,23:08:48,1170,28.545000,77.192600,15.000000,lev20,Almucantar
IIT_Delhi,21:10:2021,02:10:16,294,294.090463,0.316800,0.244500,0.219000,0.209500,0.147700,0.066200,0.034600,0.022200,0.169100,0.178400,0.184500,0.187300,0.549371,74.465241,75.075426,2.686367,0.090984,0.311841,4,10,7,6,4,10,7,6,4,10,7,6,4,10,7,6,0.072230,0.130490,0.329600,0.330250,1,1,30:06:2022,23:09:10,1170,28.545000,77.192600,15.000000,lev20,Almucantar
IIT_Delhi,21:10:2021,02:45:15,294,294.114757,0.319700,0.245400,0.221900,0.213800,0.146100,0.062700,0.033000,0.021800,0.173600,0.182700,0.188900,0.192000,0.545410,67.490027,68.076602,2.985580,0.189276,0.314405,4,10,7,6,4,10,7,6,4,10,7,6,4,10,7,6,0.066990,0.118820,0.299530,0.300710,1,1,30:06:2022,23:15:27,1170,28.545000,77.192600,15.000000,lev20,Almucantar
IIT_Delhi,21:10:2021,03:37:45,294,294.151215,0.320700,0.243500,0.221800,0.214000,0.148200,0.061900,0.033600,0.022500,0.172500,0.181700,0.188200,0.191500,0.552811,57.699740,58.230491,2.800826,0.273568,0.315584,4,10,7,5,4,10,7,5,4,10,7,5,4,10,7,5,0.062250,0.108270,0.272050,0.273810,1,1,30:06:2022,23:21:10,1170,28.545000,77.192600,15.000000,lev20,Almucantar
IIT_Delhi,21:10:2021,03:58:04,294,294.165324,0.311600,0.234900,0.213300,0.205600,0.147000,0.061700,0.033800,0.022800,0.164600,0.173200,0.179500,0.182800,0.568112,54.220490,54.720779,2.475132,0.217169,0.306485,4,10,8,4,4,10,8,4,4,10,8,4,4,10,8,4,0.061050,0.105590,0.264980,0.266890,1,1,30:06:2022,23:26:14,1170,28.545000,77.192600,15.000000,lev20,Almucantar
IIT_Delhi,21:10:2021,08:47:56,294,294.366620,0.293700,0.217000,0.193000,0.183900,0.151500,0.067000,0.037400,0.025700,0.142200,0.150100,0.155600,0.158300,0.626768,51.119151,50.659887,2.198730,0.347474,0.289746,3,10,8,4,3,10,8,4,3,10,8,4,3,10,8,4,0.060280,0.103630,0.259200,0.260140,1,1,30:06:2022,23:17:05,1170,28.545000,77.192600,15.000000,lev20,Almucantar
IIT_Delhi,21:10:2021,09:47:54,294,294.408264,0.329700,0.246100,0.219800,0.209800,0.163100,0.070600,0.038500,0.026000,0.166600,0.175500,0.181300,0.183800,0.605308,61.365230,60.812780,2.545654,0.174857,0.324883,3,10,8,5,3,10,8,5,3,10,8,5,3,10,8,5,0.064030,0.111800,0.280200,0.279670,1,1,30:06:2022,23:22:37,1170,28.545000,77.192600,15.000000,lev20,Almucantar
IIT_Delhi,21:10:2021,10:07:39,294,294.421979,0.323900,0.243900,0.218000,0.208800,0.156400,0.067800,0.035800,0.023500,0.167400,0.176100,0.182300,0.185300,0.590616,65.082652,64.509546,2.599879,0.163811,0.319192,3,10,7,6,3,10,8,5,3,10,8,5,3,10,8,5,0.065940,0.115940,0.290680,0.289430,1,1,30:06:2022,23:28:13,1170,28.545000,77.192600,15.000000,lev20,Almucantar
IIT_Delhi,21:10:2021,10:51:45,294,294.452604,0.293500,0.221000,0.196300,0.186800,0.143300,0.063000,0.033200,0.021400,0.150200,0.158100,0.163000,0.165400,0.598894,73.790409,73.183648,2.788385,0.099120,0.289210,4,10,7,6,4,10,7,6,4,10,7,6,4,10,7,6,0.072210,0.129520,0.324750,0.321080,1,1,30:06:2022,23:33:41,1170,28.545000,77.192600,15.000000,lev20,Almucantar
IIT_Delhi,21:10:2021,11:09:45,294,294.465104,0.290700,0.219400,0.194200,0.184300,0.143200,0.063900,0.033900,0.021700,0.147500,0.155400,0.160300,0.162600,0.599855,77.464672,76.848661,2.784569,0.070592,0.286940,4,10,6,6,4,10,6,6,4,10,6,6,4,10,7,6,0.075990,0.137650,0.345060,0.339870,1,1,30:06:2022,23:08:22,1170,28.545000,77.192600,15.000000,lev20,Almucantar
IIT_Delhi,22:10:2021,02:10:05,295,295.090336,0.286000,0.218400,0.195000,0.186200,0.138000,0.061700,0.032600,0.020900,0.148000,0.156700,0.162400,0.165400,0.570126,74.667552,75.276399,2.264027,0.077889,0.282014,4,10,7,6,4,10,7,6,4,10,7,6,4,10,7,6,0.072430,0.130920,0.330680,0.331290,1,1,30:06:2022,23:19:37,1170,28.545000,77.192600,15.000000,lev20,Almucantar
IIT_Delhi,22:10:2021,02:44:56,295,295.114537,0.282500,0.215200,0.193600,0.186200,0.133600,0.057200,0.030100,0.019700,0.149000,0.158000,0.163500,0.166600,0.564024,67.735357,68.320454,2.519054,0.156513,0.278323,4,10,7,6,4,10,7,6,4,10,7,6,4,10,7,6,0.067150,0.119170,0.300430,0.301560,1,1,30:06:2022,23:26:51,1170,28.545000,77.192600,15.000000,lev20,Almucantar
IIT_Delhi,22:10:2021,03:39:59,295,295.152766,0.285600,0.220200,0.200800,0.194000,0.130500,0.055500,0.029600,0.019600,0.155100,0.164600,0.171200,0.174400,0.527396,57.527974,58.053367,2.549698,0.213190,0.282771,4,10,7,5,4,10,7,5,4,10,7,5,4,10,7,5,0.062190,0.108130,0.271680,0.273430,1,1,30:06:2022,23:32:33,1170,28.545000,77.192600,15.000000,lev20,Almucantar
IIT_Delhi,22:10:2021,04:00:08,295,295.166759,0.295100,0.226000,0.205900,0.199200,0.135800,0.056800,0.030000,0.019900,0.159300,0.169200,0.175900,0.179300,0.539104,54.115597,54.609953,2.511261,0.242929,0.291745,4,10,8,4,4,10,8,4,4,10,8,4,4,10,8,4,0.061020,0.105520,0.264790,0.266690,1,1,30:06:2022,23:11:30,1170,28.545000,77.192600,15.000000,lev20,Almucantar
IIT_Delhi,22:10:2021,08:47:48,295,295.366528,0.249400,0.175600,0.152100,0.142800,0.142800,0.061900,0.034000,0.022000,0.106500,0.113700,0.118100,0.120800,0.736808,51.397791,50.940833,1.971448,0.163366,0.247862,3,10,8,4,3,10,8,4,3,10,8,4,3,10,8,4,0.060360,0.103800,0.259650,0.260570,1,1,30:06:2022,23:09:07,1170,28.545000,77.192600,15.000000,lev20,Almucantar
IIT_Delhi,22:10:2021,09:47:46,295,295.408171,0.257600,0.176100,0.148800,0.137600,0.156700,0.068900,0.037600,0.024400,0.100900,0.107200,0.111200,0.113200,0.815453,61.601705,61.051146,1.421101,0.094735,0.255579,3,10,8,5,3,10,8,5,3,10,8,5,3,10,8,5,0.064140,0.112040,0.280800,0.280250,1,1,30:06:2022,23:14:30,1170,28.545000,77.192600,15.000000,lev20,Almucantar
IIT_Delhi,22:10:2021,10:07:28,295,295.421852,0.261900,0.177600,0.149300,0.138100,0.161000,0.070600,0.038300,0.025000,0.100900,0.107000,0.111000,0.113100,0.834800,65.297755,64.726423,1.735143,0.100503,0.260077,3,10,7,6,3,10,7,6,3,10,8,5,3,10,8,5,0.066060,0.116200,0.291360,0.290060,1,1,30:06:2022,23:20:16,1170,28.545000,77.192600,15.000000,lev20,Almucantar
IIT_Delhi,22:10:2021,10:51:37,295,295.452512,0.279400,0.188900,0.158500,0.145500,0.171300,0.074400,0.039800,0.024700,0.108200,0.114600,0.118700,0.120800,0.841962,73.992453,73.387082,1.496588,0.032780,0.275814,4,10,7,6,4,10,7,6,4,10,7,6,4,10,7,6,0.072400,0.129910,0.325750,0.322010,1,1,30:06:2022,23:26:11,1170,28.545000,77.192600,15.000000,lev20,Almucantar
IIT_Delhi,22:10:2021,11:09:36,295,295.465000,0.286100,0.193800,0.163000,0.149800,0.174900,0.076000,0.041100,0.025700,0.111200,0.117800,0.121900,0.124100,0.835839,77.655309,77.040602,1.621342,0.020126,0.282529,4,10,6,6,4,10,6,6,4,10,6,6,4,10,7,6,0.076210,0.138140,0.346250,0.340970,1,1,30:06:2022,23:28:32,1170,28.545000,77.192600,15.000000,lev20,Almucantar
IIT_Delhi,23:10:2021,02:10:28,296,296.090602,0.316900,0.205400,0.167000,0.150400,0.213800,0.095800,0.053800,0.035600,0.103100,0.109600,0.113200,0.114800,0.949269,74.756406,75.363603,1.141536,0.014184,0.314488,4,10,7,6,4,10,7,6,4,10,7,6,4,10,7,6,0.072520,0.131120,0.331180,0.331740,1,1,30:06:2022,23:10:35,1170,28.545000,77.192600,15.000000,lev20,Almucantar
IIT_Delhi,23:10:2021,02:44:56,296,296.114537,0.317600,0.204000,0.166000,0.149400,0.215400,0.095300,0.053700,0.035600,0.102200,0.108700,0.112300,0.113900,0.962305,67.920130,68.503500,1.132025,0.023079,0.315118,4,10,7,6,4,10,7,6,4,10,7,6,4,10,7,6,0.067260,0.119430,0.301090,0.302210,1,1,30:06:2022,23:17:16,1170,28.545000,77.192600,15.000000,lev20,Almucantar
IIT_Delhi,23:10:2021,03:39:52,296,296.152685,0.327700,0.210200,0.170100,0.153300,0.225700,0.101200,0.056900,0.038100,0.102000,0.109000,0.113200,0.115200,0.971718,57.769853,58.293145,1.368042,0.057854,0.324995,4,10,7,5,4,10,7,5,4,10,7,5,4,10,7,5,0.062280,0.108340,0.272210,0.273940,1,1,30:06:2022,23:22:55,1170,28.545000,77.192600,15.000000,lev20,Almucantar
IIT_Delhi,23:10:2021,03:59:56,296,296.166620,0.315300,0.202000,0.164500,0.146500,0.217900,0.098100,0.057100,0.037400,0.097400,0.103900,0.107400,0.109100,0.965323,54.385803,54.878044,1.137441,0.030782,0.312575,4,10,8,4,4,10,8,4,4,10,8,4,4,10,8,4,0.061110,0.105710,0.265300,0.267170,1,1,30:06:2022,23:29:11,1170,28.545000,77.192600,15.000000,lev20,Almucantar
IIT_Delhi,23:10:2021,11:09:11,296,296.464711,0.788200,0.445200,0.314400,0.258000,0.662500,0.313200,0.176500,0.116500,0.125700,0.132000,0.137900,0.141600,1.349313,77.787835,77.174563,4.238279,0.011783,0.784829,4,10,6,6,4,10,6,6,4,9,4,5,4,10,4,6,0.076360,0.138460,0.347090,0.341750,1,1,30:06:2022,23:25:55,1170,28.545000,77.192600,15.000000,lev20,Almucantar
IIT_Delhi,25:10:2021,02:12:06,298,298.091736,0.624100,0.371300,0.265900,0.217900,0.557400,0.300500,0.190900,0.140300,0.066700,0.070800,0.075000,0.077600,1.249847,74.764841,75.368221,1.633351,0.008985,0.622025,4,10,7,6,4,10,7,6,4,10,7,6,4,10,7,6,0.071740,0.130740,0.321700,0.323190,1,1,30:06:2022,23:13:08,1170,28.545000,77.192600,15.000000,lev20,Almucantar
IIT_Delhi,25:10:2021,02:46:46,298,298.115810,0.599400,0.357200,0.257400,0.212700,0.532300,0.285600,0.181900,0.134900,0.067200,0.071600,0.075600,0.077900,1.239064,67.940020,68.518402,1.970964,0.022109,0.597673,4,10,7,6,4,10,7,6,4,10,7,6,4,10,7,6,0.066510,0.119180,0.292710,0.294590,1,1,30:06:2022,23:20:18,1170,28.545000,77.192600,15.000000,lev20,Almucantar
IIT_Delhi,25:10:2021,04:02:17,298,298.168252,0.665800,0.392400,0.283800,0.234500,0.591200,0.312800,0.199500,0.147500,0.074600,0.079600,0.084300,0.087000,1.251565,54.484216,54.967594,1.873242,0.040922,0.663456,4,10,8,4,4,10,8,4,4,10,8,4,4,10,8,4,0.060410,0.105650,0.258220,0.260720,1,1,30:06:2022,23:26:56,1170,28.545000,77.192600,15.000000,lev20,Almucantar
IIT_Delhi,25:10:2021,08:47:25,298,298.366262,0.467400,0.275100,0.205300,0.176000,0.380000,0.181900,0.107000,0.074600,0.087300,0.093200,0.098300,0.101400,1.212477,52.216152,51.766064,1.481821,0.068450,0.465580,3,10,8,4,3,10,8,4,3,10,8,4,3,10,8,4,0.059870,0.104210,0.253910,0.255390,1,1,30:06:2022,23:13:14,1170,28.545000,77.192600,15.000000,lev20,Almucantar
IIT_Delhi,25:10:2021,09:47:23,298,298.407905,0.505900,0.304900,0.232500,0.201500,0.385200,0.173600,0.095800,0.062500,0.120700,0.131300,0.136700,0.139000,1.147126,62.293919,61.749043,1.416190,0.039837,0.503861,3,10,8,5,3,10,8,5,3,10,8,5,3,10,8,5,0.063720,0.112550,0.274820,0.274920,1,1,30:06:2022,23:18:50,1170,28.545000,77.192600,15.000000,lev20,Almucantar
IIT_Delhi,25:10:2021,10:07:15,298,298.421701,0.490600,0.301200,0.233700,0.204700,0.364400,0.164500,0.091000,0.058900,0.126200,0.136700,0.142700,0.145800,1.095423,65.986001,65.419710,1.459723,0.023990,0.488536,4,10,7,6,3,10,7,6,3,10,7,6,3,10,7,6,0.065690,0.116820,0.285350,0.284750,1,1,30:06:2022,23:25:29,1170,28.545000,77.192600,15.000000,lev20,Almucantar
IIT_Delhi,25:10:2021,10:39:39,298,298.444201,0.485400,0.301000,0.235500,0.207300,0.356600,0.161200,0.090400,0.060100,0.128800,0.139800,0.145100,0.147300,1.068863,72.270151,71.676631,1.405875,0.017711,0.483127,4,10,7,6,4,10,7,6,4,10,7,6,4,10,7,6,0.070110,0.126310,0.308590,0.306420,1,1,30:06:2022,23:28:36,1170,28.545000,77.192600,15.000000,lev20,Almucantar
IIT_Delhi,25:10:2021,11:04:39,298,298.461563,0.453700,0.287900,0.228800,0.203100,0.325100,0.148500,0.083900,0.055900,0.128600,0.139400,0.144900,0.147200,1.012332,77.290025,76.681435,2.057255,0.009831,0.451670,4,10,6,5,4,10,7,6,4,10,7,6,4,10,7,6,0.075040,0.136860,0.334200,0.330120,1,1,30:06:2022,23:31:26,1170,28.545000,77.192600,15.000000,lev20,Almucantar
IIT_Delhi,26:10:2021,02:14:34,299,299.093449,0.596500,0.391800,0.309300,0.272000,0.447000,0.231200,0.140800,0.099100,0.149500,0.160700,0.168600,0.172900,0.967216,74.442150,75.042613,1.457456,0.016019,0.593728,4,10,7,6,4,10,7,6,4,10,7,6,4,10,7,6,0.071450,0.130090,0.320080,0.321560,1,1,30:06:2022,23:28:59,1170,28.545000,77.192600,15.000000,lev20,Almucantar
IIT_Delhi,26:10:2021,02:49:22,299,299.117616,0.580800,0.379800,0.300400,0.264500,0.433800,0.221900,0.134700,0.094700,0.146900,0.158000,0.165700,0.169800,0.971633,67.631563,68.205948,1.556466,0.030731,0.577976,4,10,7,6,4,10,7,6,4,10,7,6,4,10,7,6,0.066320,0.118760,0.291630,0.293520,1,1,30:06:2022,23:08:20,1170,28.545000,77.192600,15.000000,lev20,Almucantar
IIT_Delhi,26:10:2021,03:44:27,299,299.155868,0.548300,0.360400,0.288900,0.256900,0.401400,0.203300,0.124000,0.087300,0.147000,0.157200,0.165000,0.169700,0.945984,57.658295,58.168261,1.688264,0.055443,0.545796,4,10,7,5,4,10,7,5,4,10,7,5,4,10,7,5,0.061500,0.108090,0.264500,0.266860,1,1,30:06:2022,23:15:10,1170,28.545000,77.192600,15.000000,lev20,Almucantar
IIT_Delhi,26:10:2021,08:47:16,299,299.366157,0.562200,0.355400,0.282000,0.249800,0.418100,0.201200,0.120800,0.084900,0.144200,0.154200,0.161200,0.164900,1.020319,52.478479,52.030723,2.521774,0.090525,0.559952,3,10,8,4,3,10,8,4,3,10,8,4,3,10,8,4,0.059950,0.104380,0.254340,0.255810,1,1,30:06:2022,23:11:43,1170,28.545000,77.192600,15.000000,lev20,Almucantar
IIT_Delhi,26:10:2021,09:47:16,299,299.407824,0.542900,0.349400,0.281700,0.252000,0.370600,0.163900,0.089300,0.056900,0.172300,0.185500,0.192500,0.195200,0.971377,62.519515,61.976528,2.086589,0.064691,0.540080,3,10,8,5,3,10,8,5,3,10,8,5,3,10,8,5,0.063830,0.112800,0.275420,0.275480,1,1,30:06:2022,23:18:24,1170,28.545000,77.192600,15.000000,lev20,Almucantar
IIT_Delhi,26:10:2021,10:07:10,299,299.421644,0.495100,0.323600,0.264000,0.238000,0.328900,0.145400,0.079500,0.050900,0.166200,0.178200,0.184500,0.187100,0.931711,66.205965,65.641376,1.892781,0.052616,0.491979,4,10,7,6,4,10,7,6,3,10,7,6,3,10,7,6,0.065830,0.117100,0.286060,0.285410,1,1,30:06:2022,23:25:00,1170,28.545000,77.192600,15.000000,lev20,Almucantar
IIT_Delhi,26:10:2021,10:46:58,299,299.449282,0.528800,0.342200,0.277600,0.249500,0.368100,0.171400,0.099300,0.066400,0.160700,0.170800,0.178400,0.183100,0.954704,73.942350,73.345262,2.735980,0.038402,0.525961,4,10,7,6,4,10,7,6,4,10,7,6,4,10,7,6,0.071590,0.129470,0.316260,0.313550,1,1,30:06:2022,23:31:41,1170,28.545000,77.192600,15.000000,lev20,Almucantar
IIT_Delhi,26:10:2021,11:05:12,299,299.461944,0.532200,0.346200,0.282500,0.254300,0.355000,0.155000,0.083400,0.052200,0.177300,0.191200,0.199100,0.202200,0.938842,77.609815,77.002251,2.333550,0.024424,0.529098,4,10,6,5,4,10,6,5,4,10,7,5,4,10,7,6,0.075390,0.137610,0.336050,0.331900,1,1,30:06:2022,23:34:14,1170,28.545000,77.192600,15.000000,lev20,Almucantar
IIT_Delhi,27:10:2021,02:14:28,300,300.093380,0.635900,0.444600,0.369900,0.336600,0.395600,0.186200,0.102300,0.065600,0.240300,0.258400,0.267600,0.271000,0.800677,74.635270,75.234333,2.052132,0.030707,0.632601,4,10,7,6,4,10,7,6,4,10,7,6,4,10,7,6,0.071630,0.130480,0.321050,0.322520,1,1,30:06:2022,23:24:30,1170,28.545000,77.192600,15.000000,lev20,Almucantar
IIT_Delhi,27:10:2021,02:49:22,300,300.117616,0.699300,0.478500,0.394600,0.356800,0.446600,0.207800,0.115100,0.074000,0.252600,0.270700,0.279500,0.282900,0.845967,67.823228,68.395893,2.139099,0.048843,0.695688,4,10,7,6,4,10,7,6,4,10,7,6,4,10,7,6,0.066440,0.119020,0.292280,0.294170,1,1,30:06:2022,23:32:40,1170,28.545000,77.192600,15.000000,lev20,Almucantar
IIT_Delhi,27:10:2021,03:47:17,300,300.157836,0.653000,0.452000,0.378000,0.345300,0.406700,0.187700,0.104200,0.067300,0.246300,0.264200,0.273800,0.278000,0.809571,57.410628,57.914102,2.006951,0.080469,0.649538,4,10,7,5,4,10,7,5,4,10,7,5,4,10,7,5,0.061410,0.107880,0.263980,0.266340,1,1,01:07:2022,00:42:49,1170,28.545000,77.192600,15.000000,lev20,Almucantar
IIT_Delhi,27:10:2021,08:47:12,300,300.366111,0.706200,0.447300,0.356500,0.316900,0.498700,0.224700,0.125000,0.080800,0.207500,0.222600,0.231500,0.236100,1.011446,52.749541,52.303942,1.483853,0.068186,0.703165,3,10,8,4,3,10,8,4,3,10,8,4,3,10,8,4,0.060030,0.104560,0.254800,0.256240,1,1,01:07:2022,00:42:49,1170,28.545000,77.192600,15.000000,lev20,Almucantar
IIT_Delhi,27:10:2021,09:06:57,300,300.379826,0.658700,0.428500,0.348000,0.314000,0.442300,0.196400,0.106900,0.068900,0.216400,0.232100,0.241100,0.245100,0.945043,55.827926,55.345040,1.972489,0.095806,0.654037,4,10,8,4,4,10,8,4,4,10,8,4,4,10,8,4,0.061030,0.106750,0.260330,0.261390,1,1,01:07:2022,00:42:49,1170,28.545000,77.192600,15.000000,lev20,Almucantar
IIT_Delhi,27:10:2021,09:47:14,300,300.407801,0.614900,0.408100,0.335800,0.304400,0.403200,0.180700,0.099200,0.063900,0.211700,0.227400,0.236600,0.240500,0.896555,62.756405,62.215211,1.643925,0.055469,0.610417,3,10,8,5,3,10,8,5,3,10,8,5,3,10,8,5,0.063940,0.113050,0.276050,0.276070,1,1,01:07:2022,00:42:50,1170,28.545000,77.192600,15.000000,lev20,Almucantar
IIT_Delhi,27:10:2021,10:07:11,300,300.421655,0.600400,0.394500,0.323200,0.292500,0.396500,0.175800,0.095900,0.061400,0.203900,0.218700,0.227300,0.231100,0.917939,66.440888,65.877906,1.936533,0.057645,0.596062,4,10,7,6,4,10,7,6,4,10,7,6,3,10,7,6,0.065970,0.117410,0.286810,0.286110,1,1,01:07:2022,00:42:50,1170,28.545000,77.192600,15.000000,lev20,Almucantar
IIT_Delhi,27:10:2021,10:27:06,300,300.435486,0.588400,0.396100,0.328600,0.299000,0.374500,0.166900,0.090500,0.056900,0.213900,0.229300,0.238100,0.242100,0.863627,70.249041,69.668077,2.017184,0.044763,0.583788,4,10,7,6,4,10,7,6,4,10,7,6,4,10,7,6,0.068530,0.122910,0.300280,0.298660,1,1,01:07:2022,00:42:50,1170,28.545000,77.192600,15.000000,lev20,Almucantar
IIT_Delhi,27:10:2021,10:47:24,300,300.449583,0.598900,0.404400,0.335500,0.305000,0.378700,0.168200,0.091000,0.057400,0.220200,0.236200,0.244500,0.247600,0.858806,74.240642,73.644649,2.439611,0.034912,0.594724,4,10,7,6,4,10,7,6,4,10,7,6,4,10,7,6,0.071860,0.130060,0.317700,0.314910,1,1,01:07:2022,00:42:50,1170,28.545000,77.192600,15.000000,lev20,Almucantar
IIT_Delhi,27:10:2021,11:05:38,300,300.462245,0.626000,0.419900,0.346200,0.313300,0.402100,0.179300,0.096700,0.060500,0.223900,0.240600,0.249500,0.252900,0.877352,77.901489,77.295018,2.818687,0.025029,0.621728,4,10,6,5,4,10,6,5,4,10,6,5,4,10,7,6,0.075730,0.138360,0.337850,0.333560,1,1,01:07:2022,00:42:50,1170,28.545000,77.192600,15.000000,lev20,Almucantar
IIT_Delhi,28:10:2021,02:14:39,301,301.093507,0.663400,0.399000,0.296900,0.251700,0.539200,0.266400,0.157600,0.108500,0.124200,0.132600,0.139300,0.143300,1.182497,74.772973,75.370468,1.461351,0.016685,0.661070,4,10,7,6,4,10,7,6,4,10,7,6,4,10,7,6,0.071750,0.130770,0.321770,0.323200,1,1,30:06:2022,23:28:33,1170,28.545000,77.192600,15.000000,lev20,Almucantar
IIT_Delhi,28:10:2021,02:49:38,301,301.117801,0.678500,0.402900,0.297500,0.250800,0.558500,0.275100,0.163000,0.112200,0.120000,0.127800,0.134500,0.138600,1.212586,67.965173,68.535892,1.255502,0.021808,0.676104,4,10,7,6,4,10,7,6,4,10,7,6,4,10,7,6,0.066530,0.119220,0.292770,0.294650,1,1,30:06:2022,23:34:36,1170,28.545000,77.192600,15.000000,lev20,Almucantar
IIT_Delhi,28:10:2021,03:46:03,301,301.156979,0.681200,0.399400,0.292200,0.244900,0.568100,0.279100,0.165500,0.114000,0.113200,0.120300,0.126700,0.130900,1.244573,57.846344,58.349552,1.167448,0.033335,0.678938,4,10,7,5,4,10,7,5,4,10,7,5,4,10,7,5,0.061580,0.108240,0.264890,0.267240,1,1,30:06:2022,23:11:25,1170,28.545000,77.192600,15.000000,lev20,Almucantar
IIT_Delhi,28:10:2021,04:06:03,301,301.170868,0.671300,0.389100,0.283100,0.237500,0.564400,0.275200,0.162900,0.113600,0.106900,0.113900,0.120100,0.123800,1.269757,54.616951,55.086619,1.526043,0.062915,0.669024,4,10,8,4,4,10,8,4,4,10,8,4,4,10,8,4,0.060460,0.105750,0.258460,0.260930,1,1,30:06:2022,23:17:59,1170,28.545000,77.192600,15.000000,lev20,Almucantar
IIT_Delhi,28:10:2021,08:47:05,301,301.366030,0.707600,0.408000,0.298200,0.250500,0.573600,0.262700,0.145700,0.094600,0.134100,0.145300,0.152500,0.155900,1.271974,53.009192,52.565852,1.867189,0.036171,0.705307,4,10,8,4,3,10,8,4,3,10,8,4,3,10,8,4,0.060110,0.104730,0.255240,0.256650,1,1,30:06:2022,23:08:31,1170,28.545000,77.192600,15.000000,lev20,Almucantar
IIT_Delhi,28:10:2021,09:47:07,301,301.407720,0.621600,0.365900,0.272900,0.232000,0.504700,0.242200,0.142900,0.097900,0.116800,0.123700,0.130000,0.134100,1.213077,62.974259,62.434960,1.727899,0.028056,0.619450,3,10,8,5,3,10,8,5,3,10,8,5,3,10,8,5,0.064050,0.113280,0.276630,0.276630,1,1,30:06:2022,23:15:44,1170,28.545000,77.192600,15.000000,lev20,Almucantar
IIT_Delhi,28:10:2021,10:06:57,301,301.421493,0.591000,0.350900,0.263900,0.226100,0.457800,0.206600,0.112600,0.071800,0.133200,0.144300,0.151300,0.154200,1.188673,66.624840,66.063718,1.126686,0.023561,0.588764,4,10,7,6,4,10,7,6,4,10,7,6,3,10,7,6,0.066080,0.117640,0.287380,0.286670,1,1,30:06:2022,23:21:36,1170,28.545000,77.192600,15.000000,lev20,Almucantar
IIT_Delhi,28:10:2021,10:44:46,301,301.447755,0.616800,0.367400,0.277400,0.238400,0.489800,0.233300,0.136800,0.093500,0.127000,0.134100,0.140600,0.144900,1.178465,73.926361,73.333514,1.430741,0.018045,0.614243,4,10,7,6,4,10,7,6,4,10,7,6,4,10,7,6,0.071570,0.129440,0.316200,0.313500,1,1,30:06:2022,23:29:42,1170,28.545000,77.192600,15.000000,lev20,Almucantar
IIT_Delhi,28:10:2021,11:02:56,301,301.460370,0.666700,0.393600,0.295500,0.253300,0.517800,0.232600,0.125600,0.079800,0.148900,0.161100,0.169900,0.173500,1.199842,77.556399,76.952609,1.920644,0.017585,0.664245,4,10,6,5,4,10,7,5,4,10,7,5,4,10,7,6,0.075320,0.137480,0.335690,0.331630,1,1,30:06:2022,23:33:10,1170,28.545000,77.192600,15.000000,lev20,Almucantar
IIT_Delhi,29:10:2021,02:15:33,302,302.094132,0.698600,0.376500,0.249900,0.193600,0.651000,0.327300,0.198800,0.140800,0.047700,0.049200,0.051100,0.052700,1.504078,74.769752,75.365233,1.222500,0.007466,0.697322,4,10,7,6,4,10,7,6,4,10,7,6,4,10,7,6,0.071750,0.130760,0.321720,0.323180,1,1,30:06:2022,23:14:41,1170,28.545000,77.192600,15.000000,lev20,Almucantar
IIT_Delhi,29:10:2021,02:50:37,302,302.118484,0.713200,0.383100,0.253900,0.196700,0.664600,0.332600,0.201400,0.142300,0.048600,0.050500,0.052600,0.054400,1.511210,67.972800,68.540926,1.431232,0.013499,0.711885,4,10,7,6,4,10,7,6,4,10,7,6,4,10,7,6,0.066530,0.119230,0.292810,0.294670,1,1,30:06:2022,23:22:46,1170,28.545000,77.192600,15.000000,lev20,Almucantar
IIT_Delhi,29:10:2021,03:47:10,302,302.157755,0.702200,0.377700,0.252000,0.196100,0.653000,0.326500,0.198600,0.141000,0.049200,0.051200,0.053400,0.055100,1.500323,57.890608,58.389973,2.594475,0.042514,0.700856,4,10,7,5,4,10,7,5,4,10,7,5,4,10,7,5,0.061590,0.108280,0.264980,0.267330,1,1,30:06:2022,23:29:03,1170,28.545000,77.192600,15.000000,lev20,Almucantar
IIT_Delhi,29:10:2021,08:47:01,302,302.365984,0.947800,0.522100,0.356400,0.282900,0.851400,0.421400,0.251100,0.174400,0.096300,0.100700,0.105300,0.108500,1.433053,53.272233,52.831046,3.995851,0.117282,0.943767,4,10,8,4,4,10,8,4,4,10,8,4,3,10,8,4,0.060190,0.104910,0.255690,0.257080,1,1,30:06:2022,23:18:11,1170,28.545000,77.192600,15.000000,lev20,Almucantar
IIT_Delhi,29:10:2021,09:47:05,302,302.407697,1.253500,0.684200,0.465000,0.369100,1.119400,0.542900,0.317100,0.217400,0.134100,0.141400,0.147900,0.151800,1.453152,63.203079,62.665576,1.785223,0.016790,1.249687,3,10,8,5,3,10,8,5,3,10,8,5,3,10,8,5,0.064170,0.113530,0.277250,0.277210,1,1,30:06:2022,23:27:28,1170,28.545000,77.192600,15.000000,lev20,Almucantar
IIT_Delhi,29:10:2021,10:44:07,302,302.447303,1.165900,0.630300,0.427300,0.338800,1.070700,0.531900,0.327100,0.237700,0.095200,0.098400,0.100200,0.101100,1.471441,74.002791,73.411795,3.659221,0.053582,1.160124,4,10,7,6,4,10,7,6,4,10,7,5,4,10,5,3,0.071640,0.129600,0.316570,0.313850,1,1,30:06:2022,23:38:01,1170,28.545000,77.192600,15.000000,lev20,Almucantar
IIT_Delhi,29:10:2021,11:02:24,302,302.460000,1.220800,0.658300,0.446200,0.353300,1.114300,0.548000,0.334000,0.240500,0.106600,0.110300,0.112200,0.112900,1.475663,77.645712,77.043533,7.168944,0.048919,1.213895,4,10,6,5,4,10,7,5,4,10,7,5,4,10,7,6,0.075440,0.137720,0.336290,0.332140,1,1,30:06:2022,23:40:50,1170,28.545000,77.192600,15.000000,lev20,Almucantar
IIT_Delhi,30:10:2021,02:16:26,303,303.094745,0.605300,0.342300,0.237900,0.190900,0.545500,0.280300,0.173600,0.124500,0.059800,0.062000,0.064300,0.066300,1.368445,74.771780,75.365250,1.476811,0.011117,0.604164,4,10,7,6,4,10,7,6,4,10,7,6,4,10,7,6,0.071750,0.130760,0.321740,0.323180,1,1,30:06:2022,23:24:45,1170,28.545000,77.192600,15.000000,lev20,Almucantar
IIT_Delhi,30:10:2021,02:51:32,303,303.119120,0.582000,0.328600,0.228400,0.184000,0.520100,0.264300,0.161800,0.115400,0.061900,0.064300,0.066600,0.068700,1.370809,67.995120,68.560710,1.720636,0.029266,0.580826,4,10,7,6,4,10,7,6,4,10,7,6,4,10,7,6,0.066550,0.119260,0.292880,0.294730,1,1,30:06:2022,23:10:52,1170,28.545000,77.192600,15.000000,lev20,Almucantar
IIT_Delhi,30:10:2021,03:47:07,303,303.157720,0.643400,0.352500,0.241200,0.193000,0.574700,0.278300,0.163100,0.112800,0.068700,0.074300,0.078100,0.080200,1.438409,58.129428,58.626786,2.119505,0.031666,0.641981,4,10,7,5,4,10,7,5,4,10,7,5,4,10,7,5,0.061680,0.108480,0.265500,0.267820,1,1,30:06:2022,23:17:05,1170,28.545000,77.192600,15.000000,lev20,Almucantar
IIT_Delhi,30:10:2021,08:46:58,303,303.365949,0.356100,0.206600,0.155000,0.134100,0.282000,0.126700,0.071800,0.049700,0.074000,0.079800,0.083200,0.084400,1.227967,53.533529,53.094459,2.565613,0.174967,0.353504,4,10,8,4,4,10,8,4,4,10,8,4,3,10,8,4,0.060270,0.105080,0.256140,0.257510,1,1,30:06:2022,23:30:21,1170,28.545000,77.192600,15.000000,lev20,Almucantar
IIT_Delhi,30:10:2021,09:46:58,303,303.407616,0.386200,0.226400,0.169300,0.146400,0.303400,0.137800,0.076800,0.052200,0.082800,0.088700,0.092500,0.094200,1.216059,63.412744,62.877139,3.087989,0.214735,0.381154,3,10,8,5,3,10,8,5,3,10,8,5,3,10,8,5,0.064270,0.113760,0.277830,0.277760,1,1,30:06:2022,23:07:34,1170,28.545000,77.192600,15.000000,lev20,Almucantar
IIT_Delhi,30:10:2021,10:34:15,303,303.440451,0.457600,0.270200,0.204800,0.176800,0.351700,0.156700,0.086200,0.056100,0.105900,0.113500,0.118500,0.120700,1.187043,72.272558,71.690237,1.769689,0.065526,0.454299,4,10,7,6,4,10,7,6,4,10,7,6,4,10,7,6,0.070110,0.126310,0.308610,0.306470,1,1,30:06:2022,23:10:05,1170,28.545000,77.192600,15.000000,lev20,Almucantar
IIT_Delhi,30:10:2021,10:59:17,303,303.457836,0.503800,0.297000,0.222800,0.191700,0.389400,0.173900,0.094200,0.060900,0.114400,0.123100,0.128700,0.130800,1.203134,77.213942,76.614803,2.422816,0.014707,0.500613,4,10,7,5,4,10,6,5,4,10,7,6,4,10,7,6,0.074920,0.136640,0.333700,0.329760,1,1,30:06:2022,23:12:57,1170,28.545000,77.192600,15.000000,lev20,Almucantar
IIT_Delhi,31:10:2021,02:19:13,304,304.096678,0.889900,0.519800,0.378700,0.318800,0.713900,0.330200,0.182200,0.119900,0.176000,0.189600,0.196400,0.198900,1.255950,74.402124,74.992311,1.748363,0.011684,0.885613,4,10,7,6,4,10,7,6,4,10,7,6,4,10,7,6,0.071410,0.130010,0.319840,0.321310,1,1,30:06:2022,23:12:45,1170,28.545000,77.192600,15.000000,lev20,Almucantar
IIT_Delhi,31:10:2021,02:54:05,304,304.120891,0.858500,0.499200,0.363200,0.304700,0.703300,0.335800,0.193200,0.130600,0.155300,0.163400,0.170000,0.174100,1.264781,67.714055,68.275537,1.559968,0.021976,0.853631,4,10,7,6,4,10,7,6,4,10,7,6,4,10,7,6,0.066370,0.118870,0.291890,0.293760,1,1,30:06:2022,23:22:33,1170,28.545000,77.192600,15.000000,lev20,Almucantar
IIT_Delhi,31:10:2021,03:47:06,304,304.157708,0.812500,0.467400,0.338600,0.283800,0.659900,0.303900,0.168600,0.110900,0.152700,0.163600,0.170100,0.172900,1.287241,58.362779,58.858120,1.315587,0.028682,0.808332,4,10,7,5,4,10,7,5,4,10,7,5,4,10,7,5,0.061770,0.108680,0.266000,0.268310,1,1,30:06:2022,23:33:00,1170,28.545000,77.192600,15.000000,lev20,Almucantar
IIT_Delhi,31:10:2021,10:59:48,304,304.458194,0.430900,0.261400,0.198000,0.170400,0.328400,0.151400,0.083900,0.054600,0.102600,0.110000,0.114100,0.115800,1.145715,77.506405,76.908331,3.275774,0.016902,0.428590,4,10,7,5,4,10,7,6,4,10,7,6,4,10,7,6,0.075270,0.137370,0.335480,0.331380,1,1,30:06:2022,23:21:02,1170,28.545000,77.192600,15.000000,lev20,Almucantar
IIT_Delhi,01:11:2021,02:18:17,305,305.096030,0.828400,0.459800,0.321800,0.263500,0.707900,0.332400,0.188500,0.126600,0.120600,0.127400,0.133300,0.136900,1.388442,74.765024,75.354399,1.616323,0.013625,0.825222,4,10,7,6,4,10,7,6,4,10,7,6,4,10,7,6,0.071430,0.130290,0.310980,0.313190,1,1,30:06:2022,23:19:44,1170,28.545000,77.192600,15.000000,lev20,Almucantar
IIT_Delhi,01:11:2021,02:54:02,305,305.120856,0.856700,0.474700,0.332400,0.272300,0.728300,0.339300,0.191000,0.127100,0.128400,0.135400,0.141400,0.145200,1.390418,67.921354,68.481227,1.776389,0.027483,0.852859,4,10,7,6,4,10,7,6,4,10,7,6,4,10,7,6,0.066400,0.118870,0.282940,0.285480,1,1,30:06:2022,23:28:00,1170,28.545000,77.192600,15.000000,lev20,Almucantar
IIT_Delhi,01:11:2021,03:47:03,305,305.157674,0.853100,0.474500,0.333400,0.274100,0.711900,0.323000,0.175500,0.113400,0.141200,0.151500,0.157900,0.160700,1.379998,58.601532,59.094952,1.468609,0.039380,0.849115,4,10,7,5,4,10,7,5,4,10,7,5,3,11,7,5,0.061970,0.108760,0.257800,0.260690,1,1,30:06:2022,23:34:56,1170,28.545000,77.192600,15.000000,lev20,Almucantar
IIT_Delhi,01:11:2021,04:47:03,305,305.199340,0.836800,0.468100,0.332200,0.274500,0.696800,0.317500,0.174800,0.114100,0.140100,0.150600,0.157400,0.160400,1.357972,49.919440,50.290336,1.381089,0.106331,0.832766,3,10,8,4,3,10,8,4,3,10,8,4,3,10,8,4,0.059340,0.102720,0.242470,0.245570,1,1,30:06:2022,23:13:20,1170,28.545000,77.192600,15.000000,lev20,Almucantar
IIT_Delhi,01:11:2021,08:46:55,305,305.365914,1.095800,0.633200,0.460400,0.390900,0.887300,0.409500,0.226800,0.153100,0.208500,0.223800,0.233700,0.237700,1.275419,54.050294,53.615345,3.843536,0.517948,1.085558,4,10,8,4,4,10,7,4,4,10,7,4,4,10,8,4,0.060590,0.105370,0.248660,0.250580,1,1,30:06:2022,23:30:09,1170,28.545000,77.192600,15.000000,lev20,Almucantar
IIT_Delhi,01:11:2021,09:46:57,305,305.407604,0.916300,0.544100,0.403800,0.343700,0.713100,0.327300,0.178600,0.114600,0.203200,0.216800,0.225300,0.229100,1.205961,63.857823,63.325753,1.423882,0.023130,0.910627,3,10,8,5,3,10,8,5,3,10,8,5,3,10,8,5,0.064490,0.114050,0.269870,0.270460,1,1,30:06:2022,23:38:36,1170,28.545000,77.192600,15.000000,lev20,Almucantar
IIT_Delhi,01:11:2021,10:40:20,305,305.444676,0.951900,0.561900,0.415400,0.352600,0.743400,0.339000,0.182600,0.115300,0.208400,0.222900,0.232800,0.237300,1.220299,73.852019,73.268004,1.670523,0.012888,0.945953,4,10,7,6,4,10,7,6,4,10,7,6,4,10,7,6,0.071180,0.128850,0.305320,0.303600,1,1,30:06:2022,23:47:03,1170,28.545000,77.192600,15.000000,lev20,Almucantar
IIT_Delhi,01:11:2021,10:58:32,305,305.457315,0.931700,0.550800,0.408300,0.347100,0.726300,0.331100,0.181600,0.118000,0.205400,0.219700,0.226700,0.229100,1.214397,77.438818,76.842823,2.598754,0.013281,0.925985,4,10,7,5,4,10,6,5,4,10,6,5,4,10,7,6,0.074710,0.136630,0.323810,0.320820,1,1,30:06:2022,23:10:09,1170,28.545000,77.192600,15.000000,lev20,Almucantar
IIT_Delhi,02:11:2021,02:19:09,306,306.096632,0.911600,0.553700,0.409100,0.346800,0.713200,0.341000,0.188000,0.122400,0.198400,0.212700,0.221100,0.224500,1.176453,74.775753,75.363115,1.575792,0.011182,0.906631,4,10,7,6,4,10,7,6,4,10,7,6,4,10,7,6,0.071430,0.130300,0.310980,0.313230,1,1,30:06:2022,23:13:23,1170,28.545000,77.192600,15.000000,lev20,Almucantar
IIT_Delhi,02:11:2021,02:54:37,306,306.121262,0.929000,0.561700,0.413700,0.349900,0.747000,0.370500,0.214600,0.146000,0.182000,0.191300,0.199100,0.204000,1.187736,68.011583,68.569248,1.305681,0.015224,0.923771,4,10,7,6,4,10,7,6,4,10,7,6,4,10,7,6,0.066460,0.119000,0.283230,0.285770,1,1,30:06:2022,23:23:19,1170,28.545000,77.192600,15.000000,lev20,Almucantar
IIT_Delhi,02:11:2021,03:46:59,306,306.157627,0.897500,0.543100,0.400200,0.338400,0.722500,0.359300,0.208800,0.142300,0.175000,0.183800,0.191400,0.196200,1.185799,58.842799,59.334369,1.475616,0.029972,0.892557,4,10,7,5,4,10,7,5,3,11,7,5,3,11,7,5,0.062060,0.108970,0.258310,0.261190,1,1,30:06:2022,23:29:48,1170,28.545000,77.192600,15.000000,lev20,Almucantar
IIT_Delhi,02:11:2021,04:46:58,306,306.199282,0.860100,0.523300,0.388000,0.329100,0.676700,0.327700,0.184100,0.121100,0.183400,0.195600,0.203900,0.208100,1.169205,50.200977,50.570033,1.322183,0.039248,0.855715,3,10,8,4,3,10,8,4,3,10,8,4,3,10,8,4,0.059410,0.102880,0.242870,0.245960,1,1,30:06:2022,23:36:25,1170,28.545000,77.192600,15.000000,lev20,Almucantar
IIT_Delhi,02:11:2021,08:46:51,306,306.365868,1.126700,0.671000,0.486400,0.406700,0.925700,0.460700,0.267900,0.182900,0.201100,0.210400,0.218500,0.223800,1.232287,54.295786,53.862979,1.209391,0.061338,1.119922,4,10,8,4,4,10,8,4,4,10,8,4,4,10,8,4,0.060670,0.105540,0.249090,0.250990,1,1,30:06:2022,23:26:44,1170,28.545000,77.192600,15.000000,lev20,Almucantar
IIT_Delhi,02:11:2021,09:46:56,306,306.407593,1.101300,0.657800,0.478900,0.401000,0.883300,0.425300,0.237200,0.155100,0.218000,0.232500,0.241700,0.245900,1.222017,64.072077,63.541784,1.013884,0.013373,1.094548,3,10,8,5,3,10,8,5,3,10,8,5,3,10,8,5,0.064600,0.114300,0.270460,0.271010,1,1,30:06:2022,23:37:04,1170,28.545000,77.192600,15.000000,lev20,Almucantar
IIT_Delhi,02:11:2021,10:39:24,306,306.444028,1.033700,0.621200,0.456600,0.385100,0.834400,0.411300,0.238400,0.162400,0.199300,0.209900,0.218200,0.222800,1.199926,73.859515,73.277640,1.614272,0.008486,1.027045,4,10,7,6,4,10,7,6,4,10,7,6,4,10,7,6,0.071190,0.128870,0.305360,0.303650,1,1,30:06:2022,23:40:41,1170,28.545000,77.192600,15.000000,lev20,Almucantar
IIT_Delhi,02:11:2021,10:57:42,306,306.456736,1.053600,0.635000,0.467900,0.395500,0.827200,0.392800,0.216300,0.140200,0.226400,0.242300,0.251700,0.255300,1.192139,77.453976,76.859834,1.790035,0.003856,1.046032,4,10,6,5,4,10,6,5,4,10,6,6,4,10,7,6,0.074730,0.136660,0.323900,0.320910,1,1,30:06:2022,23:44:01,1170,28.545000,77.192600,15.000000,lev20,Almucantar
IIT_Delhi,03:11:2021,08:46:51,307,307.365868,1.362200,0.828900,0.597500,0.493900,1.139000,0.595100,0.354700,0.245600,0.223200,0.233800,0.242800,0.248300,1.206033,54.546274,54.115468,1.970814,0.036553,1.354246,4,10,8,4,4,10,8,4,4,10,8,4,4,10,8,4,0.060750,0.105720,0.249530,0.251400,1,1,30:06:2022,23:23:53,1170,28.545000,77.192600,15.000000,lev20,Almucantar
IIT_Delhi,03:11:2021,09:46:55,307,307.407581,1.398100,0.844100,0.604000,0.496200,1.169500,0.606100,0.356500,0.241800,0.228500,0.238100,0.247500,0.254500,1.227941,64.281667,63.753150,1.314404,0.009068,1.390772,3,10,8,5,3,10,8,5,3,10,8,5,3,10,8,5,0.064700,0.114530,0.271030,0.271560,1,1,30:06:2022,23:36:39,1170,28.545000,77.192600,15.000000,lev20,Almucantar
IIT_Delhi,03:11:2021,10:38:59,307,307.443738,1.297900,0.782300,0.561400,0.462500,1.084300,0.556700,0.326600,0.222800,0.213600,0.225600,0.234800,0.239700,1.226744,73.963495,73.383387,2.022450,0.027139,1.289025,4,10,7,6,4,10,7,6,4,10,7,6,4,10,7,6,0.071280,0.129070,0.305860,0.304100,1,1,30:06:2022,23:46:47,1170,28.545000,77.192600,15.000000,lev20,Almucantar
IIT_Delhi,03:11:2021,10:57:17,307,307.456447,1.280200,0.765400,0.549500,0.452800,1.089500,0.567600,0.346000,0.245700,0.190700,0.197800,0.203500,0.207100,1.238865,77.547707,76.955187,3.591759,0.020792,1.271068,4,10,6,5,4,10,6,5,4,10,6,6,4,10,7,6,0.074830,0.136900,0.324460,0.321420,1,1,30:06:2022,23:50:48,1170,28.545000,77.192600,15.000000,lev20,Almucantar
IIT_Delhi,04:11:2021,02:56:43,308,308.122720,2.187200,1.318600,0.882200,0.674000,2.049400,1.176100,0.733700,0.520900,0.137800,0.142500,0.148500,0.153200,1.318509,68.023793,68.576142,3.094651,0.072470,2.175994,4,10,7,6,4,10,7,6,4,10,7,6,4,10,7,6,0.066470,0.119010,0.283250,0.285790,1,1,30:06:2022,23:24:58,1170,28.545000,77.192600,15.000000,lev20,Almucantar
IIT_Delhi,04:11:2021,03:47:04,308,308.157685,2.214100,1.341900,0.894800,0.680800,2.112300,1.236600,0.787300,0.571800,0.101800,0.105300,0.107600,0.109000,1.314623,59.289164,59.776828,2.522887,0.046563,2.206156,3,11,7,5,3,11,7,5,3,10,8,5,3,10,8,5,0.062230,0.109350,0.259270,0.262130,1,1,30:06:2022,23:36:16,1170,28.545000,77.192600,15.000000,lev20,Almucantar
IIT_Delhi,04:11:2021,04:47:00,308,308.199306,2.401100,1.464600,0.976800,0.742200,2.263300,1.322100,0.829700,0.591200,0.137900,0.142400,0.147000,0.151100,1.304358,50.735236,51.100314,1.112238,0.015215,2.394037,3,10,8,4,3,10,8,4,3,10,8,4,3,10,8,4,0.059540,0.103180,0.243660,0.246720,1,1,30:06:2022,23:56:46,1170,28.545000,77.192600,15.000000,lev20,Almucantar
IIT_Delhi,04:11:2021,08:46:56,308,308.365926,2.879900,1.811000,1.219200,0.926500,2.750300,1.676700,1.082800,0.789100,0.129600,0.134300,0.136400,0.137400,1.244452,54.803920,54.374939,1.612595,0.030562,2.868800,4,10,8,4,4,10,8,4,4,10,8,4,4,10,8,4,0.060830,0.105900,0.249990,0.251840,1,1,30:06:2022,23:59:57,1170,28.545000,77.192600,15.000000,lev20,Almucantar
IIT_Delhi,04:11:2021,09:47:00,308,308.407639,3.016900,1.867400,1.257900,0.957000,2.834300,1.679100,1.062900,0.756100,0.182600,0.188400,0.195100,0.201000,1.268380,64.504117,63.977249,2.697110,0.040028,2.997277,3,10,8,5,3,10,8,5,3,10,8,5,3,10,8,4,0.064820,0.114790,0.271660,0.272150,1,1,01:07:2022,00:09:33,1170,28.545000,77.192600,15.000000,lev20,Almucantar
IIT_Delhi,05:11:2021,03:47:03,309,309.157674,2.565700,1.524700,0.997900,0.745900,2.471300,1.426800,0.898500,0.645700,0.094500,0.097900,0.099500,0.100300,1.369868,59.521168,60.007042,2.399651,0.088168,2.555757,3,11,7,5,3,10,8,5,3,10,8,5,3,10,8,5,0.062320,0.109560,0.259790,0.262630,1,1,30:06:2022,23:28:07,1170,28.545000,77.192600,15.000000,lev20,Almucantar
IIT_Delhi,05:11:2021,04:47:03,309,309.199340,2.707200,1.612300,1.075400,0.821100,2.597300,1.498500,0.960000,0.705000,0.109900,0.113800,0.115500,0.116200,1.341592,50.995946,51.359056,2.288565,0.071535,2.697413,3,10,8,4,3,10,8,4,3,10,8,4,3,10,8,4,0.059610,0.103340,0.244050,0.247100,1,1,30:06:2022,23:44:01,1170,28.545000,77.192600,15.000000,lev20,Almucantar
IIT_Delhi,05:11:2021,09:46:57,309,309.407604,2.326700,1.319200,0.872600,0.672100,2.199700,1.187900,0.738300,0.535900,0.127100,0.131300,0.134300,0.136200,1.429353,64.698171,64.173117,4.986210,0.104851,2.318495,3,10,8,5,3,10,8,5,3,10,8,5,3,10,8,5,0.064920,0.115010,0.272210,0.272670,1,1,30:06:2022,23:19:27,1170,28.545000,77.192600,15.000000,lev20,Almucantar
IIT_Delhi,06:11:2021,02:59:08,310,310.124398,1.782500,1.046300,0.689500,0.525800,1.645200,0.904400,0.543200,0.375700,0.137300,0.141900,0.146300,0.150100,1.380117,67.985091,68.531821,2.003328,0.031180,1.776219,4,10,7,6,4,10,7,6,4,10,7,6,4,10,7,6,0.066440,0.118960,0.283130,0.285650,1,1,30:06:2022,23:26:36,1170,28.545000,77.192600,15.000000,lev20,Almucantar
IIT_Delhi,06:11:2021,03:47:08,310,310.157731,1.810400,1.065500,0.699300,0.531000,1.676900,0.927000,0.556100,0.384000,0.133500,0.138500,0.143200,0.147000,1.381321,59.736506,60.220479,2.308523,0.052207,1.804264,3,10,8,5,3,10,8,5,3,10,8,5,3,10,8,5,0.062410,0.109750,0.260270,0.263100,1,1,30:06:2022,23:40:38,1170,28.545000,77.192600,15.000000,lev20,Almucantar
IIT_Delhi,06:11:2021,04:47:03,310,310.199340,1.971000,1.154000,0.749700,0.558000,1.824100,1.000500,0.588800,0.392200,0.146900,0.153500,0.160900,0.165800,1.402845,51.260862,51.622205,3.709242,0.085247,1.966374,3,10,8,4,3,10,8,4,3,10,8,4,3,10,8,3,0.059680,0.103500,0.244450,0.247490,1,1,30:06:2022,23:45:58,1170,28.545000,77.192600,15.000000,lev20,Almucantar
IIT_Delhi,06:11:2021,08:46:56,310,310.365926,1.729200,1.015200,0.671000,0.511800,1.581900,0.860800,0.509700,0.345700,0.147300,0.154400,0.161400,0.166100,1.375920,55.280164,54.855167,2.318956,0.061208,1.724027,4,10,8,4,4,10,8,4,4,10,8,4,4,10,8,4,0.060980,0.106240,0.250840,0.252650,1,1,30:06:2022,23:39:06,1170,28.545000,77.192600,15.000000,lev20,Almucantar
IIT_Delhi,06:11:2021,09:46:56,310,310.407593,1.886200,1.116600,0.732000,0.550800,1.800500,1.027600,0.641700,0.460400,0.085700,0.089100,0.090400,0.090500,1.373720,64.893147,64.369863,5.183830,0.058626,1.881272,3,10,8,5,3,10,8,5,3,10,8,5,3,10,8,5,0.065020,0.115240,0.272770,0.273200,1,1,30:06:2022,23:49:08,1170,28.545000,77.192600,15.000000,lev20,Almucantar
IIT_Delhi,06:11:2021,10:35:23,310,310.441238,1.896500,1.089400,0.716100,0.542500,1.765000,0.952800,0.574100,0.396800,0.131500,0.136600,0.142100,0.145800,1.417202,73.798624,73.225726,6.255627,0.059765,1.883381,4,10,7,6,4,10,7,6,4,10,7,6,4,10,7,6,0.071130,0.128750,0.305100,0.303420,1,1,30:06:2022,23:59:04,1170,28.545000,77.192600,15.000000,lev20,Almucantar
IIT_Delhi,07:11:2021,03:47:10,311,311.157755,1.995800,1.154600,0.744900,0.555300,1.890600,1.045800,0.631700,0.438500,0.105200,0.108800,0.113200,0.116800,1.430687,59.959232,60.441433,3.238008,0.113904,1.989112,3,10,8,5,3,10,8,5,3,10,8,5,3,10,8,5,0.062500,0.109950,0.260780,0.263580,1,1,30:06:2022,23:33:29,1170,28.545000,77.192600,15.000000,lev20,Almucantar
IIT_Delhi,07:11:2021,04:47:05,311,311.199363,1.437000,0.838400,0.557700,0.426300,1.315800,0.711500,0.424300,0.288200,0.121200,0.127000,0.133400,0.138100,1.377269,51.519885,51.879446,1.817453,0.030378,1.433261,3,10,8,4,3,10,8,4,3,10,8,4,3,10,8,4,0.059750,0.103650,0.244850,0.247870,1,1,30:06:2022,23:38:01,1170,28.545000,77.192600,15.000000,lev20,Almucantar
IIT_Delhi,07:11:2021,08:47:00,311,311.365972,0.950700,0.556700,0.377200,0.295200,0.853900,0.454900,0.270400,0.185100,0.096900,0.101900,0.106900,0.110100,1.347371,55.520086,55.096938,1.577161,0.071195,0.948949,4,10,8,4,4,10,8,4,4,10,8,4,4,10,8,4,0.061060,0.106420,0.251280,0.253070,1,1,30:06:2022,23:22:34,1170,28.545000,77.192600,15.000000,lev20,Almucantar
IIT_Delhi,07:11:2021,10:34:17,311,311.440475,0.981400,0.565500,0.380100,0.296700,0.879800,0.460000,0.269200,0.181700,0.101600,0.105500,0.110900,0.115000,1.383060,73.755853,73.185325,1.770395,0.015830,0.978438,4,10,7,6,4,10,7,6,4,10,7,6,4,10,7,6,0.071090,0.128660,0.304900,0.303240,1,1,30:06:2022,23:31:30,1170,28.545000,77.192600,15.000000,lev20,Almucantar
IIT_Delhi,07:11:2021,10:52:31,311,311.453137,1.002500,0.576700,0.388600,0.303600,0.920400,0.491500,0.301900,0.216400,0.082100,0.085200,0.086700,0.087300,1.382363,77.272506,76.688519,3.478506,0.056818,0.997756,4,10,6,6,4,10,7,6,4,10,7,6,4,10,7,6,0.074520,0.136210,0.322850,0.320000,1,1,30:06:2022,23:35:12,1170,28.545000,77.192600,15.000000,lev20,Almucantar
IIT_Delhi,08:11:2021,03:47:14,312,312.157801,1.985400,1.082200,0.683500,0.506300,1.888100,0.980500,0.576900,0.396400,0.097300,0.101700,0.106600,0.109900,1.551621,60.175859,60.656285,2.882674,0.044254,1.979776,3,10,8,5,3,10,8,5,3,10,8,5,3,10,8,5,0.062580,0.110160,0.261280,0.264060,1,1,30:06:2022,23:37:16,1170,28.545000,77.192600,15.000000,lev20,Almucantar
IIT_Delhi,08:11:2021,04:47:11,312,312.199433,1.475000,0.824500,0.547800,0.424800,1.362700,0.706400,0.422900,0.295200,0.112400,0.118200,0.125000,0.129600,1.445723,51.769008,52.126693,1.258891,0.011738,1.471243,3,10,8,4,3,10,8,4,3,10,8,4,3,10,8,4,0.059810,0.103810,0.245240,0.248250,1,1,30:06:2022,23:11:54,1170,28.545000,77.192600,15.000000,lev20,Almucantar
IIT_Delhi,08:11:2021,09:47:04,312,312.407685,1.123400,0.637400,0.425600,0.329400,1.017900,0.526000,0.308800,0.209100,0.105600,0.111300,0.116900,0.120400,1.415890,65.296862,64.776896,1.595760,0.012601,1.120392,3,10,7,6,3,10,7,6,3,10,8,5,3,10,8,5,0.065240,0.115720,0.273920,0.274300,1,1,30:06:2022,23:37:09,1170,28.545000,77.192600,15.000000,lev20,Almucantar
IIT_Delhi,08:11:2021,10:34:07,312,312.440359,1.077100,0.615600,0.415200,0.325500,0.965700,0.499000,0.292000,0.197800,0.111400,0.116700,0.123300,0.127700,1.391289,73.886633,73.317721,1.633234,0.006288,1.073675,4,10,7,6,4,10,7,6,4,10,7,6,4,10,7,6,0.071210,0.128920,0.305510,0.303820,1,1,30:06:2022,23:45:13,1170,28.545000,77.192600,15.000000,lev20,Almucantar
IIT_Delhi,08:11:2021,10:52:20,312,312.453009,1.085900,0.619100,0.416800,0.326100,0.985400,0.514900,0.309700,0.216700,0.100500,0.104200,0.107100,0.109300,1.397539,77.390609,76.808143,2.310417,0.013396,1.081569,4,10,6,6,4,10,7,6,4,10,7,6,4,9,7,6,0.074650,0.136510,0.323550,0.320630,1,1,30:06:2022,23:48:27,1170,28.545000,77.192600,15.000000,lev20,Almucantar
IIT_Delhi,09:11:2021,02:25:53,313,313.101308,1.181200,0.679500,0.451300,0.347200,1.078200,0.571300,0.337400,0.229600,0.103000,0.108200,0.113900,0.117600,1.401350,74.764159,75.337029,1.691973,0.009791,1.176957,4,10,7,6,4,10,7,6,4,10,7,6,4,10,7,6,0.070790,0.130220,0.299010,0.302030,1,1,30:06:2022,23:29:51,1170,28.545000,77.192600,15.000000,lev20,Almucantar
IIT_Delhi,09:11:2021,03:02:00,313,313.126389,1.177400,0.676400,0.450500,0.347100,1.084100,0.579700,0.351300,0.245900,0.093400,0.096600,0.099200,0.101200,1.399783,68.075319,68.614508,1.979907,0.018408,1.173928,4,10,7,6,4,10,7,6,4,10,7,6,4,10,7,6,0.066060,0.119130,0.272460,0.275710,1,1,30:06:2022,23:12:26,1170,28.545000,77.192600,15.000000,lev20,Almucantar
IIT_Delhi,09:11:2021,03:47:18,313,313.157847,1.225100,0.697700,0.460300,0.352600,1.126400,0.594100,0.351700,0.240500,0.098700,0.103600,0.108600,0.112100,1.425847,60.391617,60.870319,1.662479,0.024474,1.221662,3,10,8,5,3,10,8,5,3,10,8,5,3,10,8,5,0.062370,0.110470,0.251520,0.255010,1,1,30:06:2022,23:16:38,1170,28.545000,77.192600,15.000000,lev20,Almucantar
IIT_Delhi,09:11:2021,04:47:14,313,313.199468,1.423800,0.794100,0.514700,0.389300,1.322200,0.686500,0.401400,0.272400,0.101700,0.107700,0.113300,0.116900,1.481747,52.021913,52.377920,4.437378,0.067432,1.420113,3,10,8,4,3,10,8,4,3,10,8,4,3,10,8,4,0.059690,0.104140,0.235940,0.239610,1,1,30:06:2022,23:29:35,1170,28.545000,77.192600,15.000000,lev20,Almucantar
IIT_Delhi,09:11:2021,10:24:24,313,313.433611,1.171800,0.666600,0.443400,0.342500,1.087000,0.578800,0.352400,0.248900,0.084900,0.087800,0.091000,0.093600,1.416830,72.215422,71.656469,3.446779,0.044455,1.167461,4,10,7,6,4,10,7,6,4,10,7,6,4,9,7,5,0.069220,0.125790,0.286640,0.286390,1,1,30:06:2022,23:50:23,1170,28.545000,77.192600,15.000000,lev20,Almucantar
IIT_Delhi,10:11:2021,03:47:48,314,314.158194,1.246100,0.727400,0.490300,0.381200,1.157100,0.635200,0.394100,0.281700,0.089000,0.092300,0.096300,0.099500,1.359095,60.537878,61.014212,1.804894,0.017574,1.242467,3,10,8,5,3,10,8,5,3,10,8,5,3,10,8,5,0.062430,0.110610,0.251840,0.255330,1,1,30:06:2022,23:25:19,1170,28.545000,77.192600,15.000000,lev20,Almucantar
IIT_Delhi,10:11:2021,10:31:37,314,314.438623,1.461300,0.838800,0.563200,0.436900,1.347000,0.720900,0.441800,0.312600,0.114200,0.118000,0.121400,0.124300,1.390452,73.724265,73.160423,3.832089,0.059964,1.455432,4,10,7,6,4,10,7,6,4,10,7,3,4,10,6,3,0.070430,0.128540,0.293040,0.292380,1,1,30:06:2022,23:27:58,1170,28.545000,77.192600,15.000000,lev20,Almucantar
IIT_Delhi,11:11:2021,04:47:29,315,315.199641,3.678500,2.130600,1.350600,0.987200,3.579600,2.028000,1.246500,0.882900,0.098900,0.102600,0.104100,0.104400,1.451945,52.503311,52.855802,1.716359,0.057094,3.664129,3,10,8,4,3,10,8,4,3,10,8,4,3,10,8,4,0.059820,0.104440,0.236680,0.240330,1,1,30:06:2022,23:35:28,1170,28.545000,77.192600,15.000000,lev20,Almucantar
IIT_Delhi,12:11:2021,08:47:27,316,316.366285,1.542500,0.962600,0.651200,0.498800,1.455800,0.872800,0.558200,0.403100,0.086700,0.089800,0.093000,0.095700,1.250006,56.654128,56.239903,2.343344,0.006872,1.538630,4,10,8,4,4,10,8,4,4,10,8,4,4,10,8,4,0.061190,0.107430,0.243450,0.245880,1,1,30:06:2022,23:23:42,1170,28.545000,77.192600,15.000000,lev20,Almucantar
IIT_Delhi,13:11:2021,02:29:51,317,317.104062,1.100800,0.629800,0.421800,0.326100,1.010100,0.533600,0.320100,0.220900,0.090700,0.096200,0.101700,0.105200,1.398906,74.761021,75.325719,2.050911,0.016057,1.097408,4,10,7,6,4,10,7,6,4,10,7,6,4,10,7,6,0.070790,0.130220,0.299010,0.301980,1,1,30:06:2022,23:17:03,1170,28.545000,77.192600,15.000000,lev20,Almucantar
IIT_Delhi,13:11:2021,03:06:28,317,317.129491,1.096100,0.653800,0.450600,0.354100,1.007400,0.561700,0.356000,0.257300,0.088700,0.092100,0.094700,0.096900,1.296162,68.093891,68.622580,1.748609,0.016579,1.092694,4,10,7,6,4,10,7,6,4,10,7,6,4,10,7,6,0.066070,0.119150,0.272490,0.275730,1,1,30:06:2022,23:26:27,1170,28.545000,77.192600,15.000000,lev20,Almucantar
IIT_Delhi,13:11:2021,03:47:42,317,317.158125,1.170300,0.715000,0.497500,0.392600,1.075500,0.616400,0.395700,0.288400,0.094900,0.098600,0.101800,0.104200,1.246178,61.222617,61.694739,1.776518,0.021928,1.166596,3,10,8,5,3,10,8,5,3,10,8,5,3,10,8,5,0.062710,0.111250,0.253410,0.256860,1,1,30:06:2022,23:33:18,1170,28.545000,77.192600,15.000000,lev20,Almucantar
IIT_Delhi,13:11:2021,04:47:42,317,317.199792,1.018700,0.599200,0.404700,0.314800,0.932400,0.509000,0.310000,0.217000,0.086300,0.090200,0.094800,0.097800,1.344567,52.978684,53.328039,2.531677,0.070149,1.015503,3,10,8,4,3,10,8,4,3,10,8,3,4,10,8,4,0.059950,0.104750,0.237430,0.241050,1,1,30:06:2022,23:36:20,1170,28.545000,77.192600,15.000000,lev20,Almucantar
IIT_Delhi,13:11:2021,08:47:35,317,317.366377,2.032600,1.158800,0.762000,0.579800,1.907700,1.029800,0.629100,0.443500,0.125000,0.129000,0.133000,0.136400,1.428508,56.869866,56.457319,1.758665,0.029195,2.026521,4,10,7,5,4,10,8,4,4,10,8,4,4,10,8,4,0.061260,0.107590,0.243850,0.246260,1,1,30:06:2022,23:22:50,1170,28.545000,77.192600,15.000000,lev20,Almucantar
IIT_Delhi,13:11:2021,09:47:37,317,317.408067,0.818100,0.461900,0.312900,0.245600,0.743700,0.384800,0.233600,0.164600,0.074400,0.077100,0.079300,0.081000,1.404612,66.248881,65.736830,1.729229,0.017939,0.815294,4,10,7,6,4,10,7,6,4,10,7,5,3,10,7,6,0.065340,0.116950,0.266000,0.267060,1,1,30:06:2022,23:29:39,1170,28.545000,77.192600,15.000000,lev20,Almucantar
IIT_Delhi,13:11:2021,10:47:47,317,317.449850,1.098300,0.621900,0.424200,0.335700,1.005900,0.526400,0.326800,0.237300,0.092400,0.095500,0.097400,0.098400,1.391035,77.208806,76.636491,3.258978,0.015734,1.092977,4,10,7,6,4,10,6,6,4,10,6,6,4,10,7,6,0.073690,0.135950,0.310210,0.308440,1,1,30:06:2022,23:33:19,1170,28.545000,77.192600,15.000000,lev20,Almucantar
IIT_Delhi,14:11:2021,02:30:50,318,318.104745,0.724700,0.403100,0.267300,0.206300,0.668000,0.343200,0.204400,0.141400,0.056700,0.059900,0.063000,0.064900,1.455992,74.763708,75.326410,1.157397,0.005955,0.723141,4,10,7,6,4,10,7,6,4,10,7,6,4,10,7,6,0.070800,0.130230,0.299020,0.301980,1,1,30:06:2022,23:18:03,1170,28.545000,77.192600,15.000000,lev20,Almucantar
IIT_Delhi,14:11:2021,03:07:32,318,318.130231,0.750800,0.419600,0.278900,0.215700,0.691200,0.356600,0.212400,0.146900,0.059700,0.063000,0.066500,0.068800,1.445488,68.109080,68.635257,1.752707,0.024063,0.748936,4,10,7,6,4,10,7,6,4,10,7,6,4,10,7,6,0.066080,0.119180,0.272560,0.275770,1,1,30:06:2022,23:25:06,1170,28.545000,77.192600,15.000000,lev20,Almucantar
IIT_Delhi,14:11:2021,03:47:53,318,318.158252,0.726100,0.404900,0.269100,0.207600,0.668600,0.344200,0.205100,0.141400,0.057500,0.060700,0.064000,0.066200,1.449083,61.414039,61.884516,1.752752,0.029045,0.724507,3,10,8,5,3,10,8,5,3,10,8,5,3,10,8,5,0.062790,0.111440,0.253860,0.257290,1,1,30:06:2022,23:31:11,1170,28.545000,77.192600,15.000000,lev20,Almucantar
IIT_Delhi,14:11:2021,04:47:53,318,318.199919,0.805900,0.445600,0.295200,0.227000,0.743900,0.380200,0.226200,0.155700,0.062100,0.065500,0.069000,0.071300,1.466565,53.203707,53.551416,2.137379,0.053469,0.804099,3,10,8,4,4,10,8,4,4,10,8,4,4,10,8,4,0.060010,0.104890,0.237780,0.241400,1,1,30:06:2022,23:37:57,1170,28.545000,77.192600,15.000000,lev20,Almucantar
IIT_Delhi,14:11:2021,08:47:44,318,318.366481,1.407100,0.808900,0.551100,0.433700,1.263600,0.658300,0.393900,0.272100,0.143500,0.150600,0.157300,0.161600,1.368959,57.081965,56.671053,1.498417,0.020805,1.402681,4,10,7,5,4,10,7,5,4,10,8,4,4,10,8,4,0.061330,0.107760,0.244250,0.246650,1,1,30:06:2022,23:37:55,1170,28.545000,77.192600,15.000000,lev20,Almucantar
IIT_Delhi,14:11:2021,09:47:46,318,318.408171,1.439100,0.832000,0.567700,0.448300,1.291900,0.676000,0.403500,0.279100,0.147300,0.156100,0.164300,0.169200,1.358105,66.429179,65.918636,2.293695,0.021401,1.434555,4,10,7,6,4,10,7,6,4,10,7,6,3,10,7,6,0.065440,0.117170,0.266540,0.267570,1,1,30:06:2022,23:46:29,1170,28.545000,77.192600,15.000000,lev20,Almucantar
IIT_Delhi,14:11:2021,10:20:00,318,318.430556,1.446300,0.837900,0.572300,0.451400,1.314700,0.701800,0.432700,0.308700,0.131600,0.136100,0.139600,0.142700,1.353544,72.138224,71.591078,1.754916,0.006869,1.441021,4,10,7,6,4,10,7,6,4,10,7,6,4,10,7,6,0.069170,0.125670,0.286360,0.286140,1,1,30:06:2022,23:50:51,1170,28.545000,77.192600,15.000000,lev20,Almucantar
IIT_Delhi,14:11:2021,10:45:09,318,318.448021,1.375800,0.797000,0.544200,0.429000,1.232400,0.643400,0.383300,0.264400,0.143400,0.153600,0.161000,0.164600,1.354052,76.831467,76.262496,4.174921,0.043302,1.367415,4,10,6,6,4,10,6,6,4,10,7,6,4,10,7,6,0.073290,0.135050,0.308160,0.306540,1,1,30:06:2022,23:12:09,1170,28.545000,77.192600,15.000000,lev20,Almucantar
IIT_Delhi,15:11:2021,02:31:51,319,319.105451,1.321800,0.739600,0.487400,0.373500,1.235000,0.650000,0.394500,0.277500,0.086800,0.089600,0.093000,0.096000,1.454884,74.760682,75.321381,1.820261,0.016790,1.317760,4,10,7,6,4,10,7,6,4,10,7,6,4,10,7,6,0.070790,0.130220,0.298970,0.301960,1,1,30:06:2022,23:32:50,1170,28.545000,77.192600,15.000000,lev20,Almucantar
IIT_Delhi,15:11:2021,03:10:02,319,319.131968,1.218100,0.691400,0.458100,0.351500,1.139200,0.609800,0.374300,0.265800,0.078900,0.081600,0.083800,0.085700,1.425443,67.875653,68.397650,2.066036,0.022900,1.215126,4,10,7,6,4,10,7,6,4,10,7,6,4,10,7,6,0.065950,0.118860,0.271780,0.275010,1,1,30:06:2022,23:44:46,1170,28.545000,77.192600,15.000000,lev20,Almucantar
IIT_Delhi,15:11:2021,03:48:03,319,319.158368,1.093800,0.624600,0.417000,0.321200,1.006100,0.531900,0.319600,0.220700,0.087800,0.092700,0.097500,0.100500,1.406036,61.606553,62.075468,1.825319,0.023689,1.091261,3,10,8,5,3,10,8,5,3,10,8,5,3,10,8,5,0.062870,0.111630,0.254310,0.257730,1,1,30:06:2022,23:14:59,1170,28.545000,77.192600,15.000000,lev20,Almucantar
IIT_Delhi,15:11:2021,04:48:03,319,319.200035,1.102200,0.632500,0.423100,0.325500,1.010400,0.536900,0.322800,0.221200,0.091800,0.095600,0.100300,0.104200,1.395786,53.427818,53.773996,1.886654,0.039870,1.099633,4,10,8,4,4,10,8,4,4,10,8,4,4,10,8,4,0.060080,0.105040,0.238140,0.241750,1,1,30:06:2022,23:18:55,1170,28.545000,77.192600,15.000000,lev20,Almucantar
IIT_Delhi,15:11:2021,07:47:55,319,319.324942,1.679800,0.981200,0.660700,0.509900,1.533800,0.828600,0.499800,0.343200,0.146000,0.152700,0.160900,0.166700,1.359426,50.462431,50.206140,1.670785,0.021083,1.675474,3,10,8,4,3,10,8,4,3,10,8,4,3,10,8,4,0.059380,0.103270,0.233440,0.236530,1,1,30:06:2022,23:49:12,1170,28.545000,77.192600,15.000000,lev20,Almucantar
IIT_Delhi,15:11:2021,08:47:54,319,319.366597,1.658300,0.969300,0.652100,0.504300,1.510700,0.814400,0.489500,0.336400,0.147600,0.154900,0.162500,0.167900,1.359547,57.290319,56.881001,2.122839,0.031780,1.653820,4,10,7,5,4,10,7,5,4,10,7,5,4,10,8,4,0.061410,0.107930,0.244650,0.247030,1,1,30:06:2022,23:58:23,1170,28.545000,77.192600,15.000000,lev20,Almucantar
IIT_Delhi,15:11:2021,10:27:21,319,319.435660,1.380000,0.800700,0.537000,0.415300,1.275100,0.691800,0.423500,0.298200,0.104800,0.108900,0.113600,0.117100,1.375161,73.618929,73.066298,3.697278,0.041995,1.374546,4,10,7,6,4,10,7,6,4,10,7,6,4,10,7,6,0.070340,0.128330,0.292580,0.291990,1,1,30:06:2022,23:32:15,1170,28.545000,77.192600,15.000000,lev20,Almucantar
IIT_Delhi,15:11:2021,10:45:29,319,319.448252,1.362000,0.806900,0.543400,0.421900,1.248500,0.689600,0.422600,0.297700,0.113500,0.117300,0.120800,0.124200,1.337171,77.014263,76.446441,2.868855,0.019848,1.355494,4,10,6,6,4,10,6,6,4,10,7,6,4,10,7,6,0.073470,0.135470,0.309160,0.307470,1,1,30:06:2022,23:37:54,1170,28.545000,77.192600,15.000000,lev20,Almucantar
IIT_Delhi,16:11:2021,03:10:12,320,320.132083,0.848100,0.507700,0.342800,0.264900,0.787900,0.444900,0.277900,0.198400,0.060300,0.062800,0.065000,0.066500,1.317493,68.048028,68.568630,1.920022,0.020565,0.845842,4,10,7,6,4,10,7,6,4,10,7,6,4,10,7,6,0.066050,0.119090,0.272330,0.275560,1,1,30:06:2022,23:25:37,1170,28.545000,77.192600,15.000000,lev20,Almucantar
IIT_Delhi,16:11:2021,03:48:14,320,320.158495,0.853100,0.517100,0.351200,0.272200,0.791600,0.453200,0.285300,0.204700,0.061500,0.063900,0.065900,0.067500,1.290315,61.794835,62.262218,2.119947,0.059382,0.850959,3,10,8,5,3,10,8,5,3,10,8,5,3,10,8,5,0.062950,0.111810,0.254760,0.258170,1,1,30:06:2022,23:33:36,1170,28.545000,77.192600,15.000000,lev20,Almucantar
IIT_Delhi,16:11:2021,10:26:33,320,320.435104,1.155900,0.692200,0.471100,0.367300,1.060200,0.593100,0.369100,0.263000,0.095700,0.099000,0.102000,0.104400,1.306519,73.594135,73.043722,1.569335,0.006773,1.151858,4,10,7,6,4,10,7,6,4,10,7,6,4,10,7,6,0.070320,0.128300,0.292480,0.291900,1,1,30:06:2022,23:15:04,1170,28.545000,77.192600,15.000000,lev20,Almucantar
IIT_Delhi,17:11:2021,02:35:34,321,321.108032,0.830100,0.493300,0.337400,0.264300,0.769300,0.429800,0.271100,0.196000,0.060800,0.063500,0.066300,0.068300,1.311988,74.444488,74.999785,1.682492,0.013611,0.828202,4,10,7,6,4,10,7,6,4,10,7,6,4,10,7,6,0.069180,0.128860,0.288670,0.292630,1,1,30:06:2022,23:14:14,1170,28.545000,77.192600,15.000000,lev20,Almucantar
IIT_Delhi,17:11:2021,03:10:48,321,321.132500,0.789100,0.467300,0.318800,0.248900,0.733900,0.409800,0.259200,0.187800,0.055200,0.057500,0.059600,0.061100,1.320806,68.144567,68.663300,1.737134,0.024488,0.787598,4,10,7,6,4,10,7,6,4,10,7,6,4,10,7,6,0.064980,0.118720,0.264460,0.268590,1,1,30:06:2022,23:23:00,1170,28.545000,77.192600,15.000000,lev20,Almucantar
IIT_Delhi,17:11:2021,03:48:23,321,321.158600,0.842400,0.496800,0.339300,0.264900,0.780800,0.433100,0.273600,0.197400,0.061600,0.063700,0.065700,0.067400,1.325831,61.986503,62.452464,1.993718,0.028104,0.840601,3,10,8,5,3,10,8,5,3,10,8,5,3,10,8,5,0.062080,0.111660,0.247470,0.251730,1,1,30:06:2022,23:30:57,1170,28.545000,77.192600,15.000000,lev20,Almucantar
IIT_Delhi,17:11:2021,07:48:20,321,321.325231,1.366400,0.808000,0.552600,0.432200,1.261400,0.699300,0.440900,0.318000,0.105000,0.108700,0.111700,0.114200,1.319815,50.927540,50.673578,2.260131,0.023045,1.362895,3,10,8,4,3,10,8,4,3,10,8,4,3,10,8,4,0.058730,0.103380,0.226880,0.230760,1,1,30:06:2022,23:13:59,1170,28.545000,77.192600,15.000000,lev20,Almucantar
IIT_Delhi,17:11:2021,08:48:16,321,321.366852,1.252100,0.746600,0.514500,0.404500,1.128600,0.616500,0.377800,0.263500,0.123600,0.130200,0.136700,0.141000,1.296834,57.693106,57.286881,1.678162,0.017273,1.248421,4,10,7,5,4,10,7,5,4,10,7,5,4,10,7,5,0.060670,0.107990,0.237920,0.241130,1,1,30:06:2022,23:23:41,1170,28.545000,77.192600,15.000000,lev20,Almucantar
IIT_Delhi,17:11:2021,09:48:20,321,321.408565,1.259400,0.751800,0.523600,0.416300,1.144100,0.632600,0.400700,0.290200,0.115300,0.119100,0.123000,0.126200,1.281158,66.954479,66.448246,1.732947,0.006648,1.255377,4,10,7,6,4,10,7,6,4,10,7,6,4,10,7,6,0.064640,0.117370,0.260060,0.261960,1,1,30:06:2022,23:33:16,1170,28.545000,77.192600,15.000000,lev20,Almucantar
IIT_Delhi,17:11:2021,10:43:59,321,321.447211,1.052400,0.626900,0.437200,0.347900,0.941100,0.509700,0.313900,0.220800,0.111200,0.117200,0.123300,0.127100,1.282703,76.953492,76.389597,2.214102,0.005606,1.047691,4,10,6,6,4,10,6,6,4,10,7,6,4,10,6,5,0.071900,0.134470,0.299720,0.299210,1,1,30:06:2022,23:40:45,1170,28.545000,77.192600,15.000000,lev20,Almucantar
IIT_Delhi,18:11:2021,03:11:59,322,322.133322,1.044000,0.616600,0.412500,0.315300,0.983900,0.554400,0.348200,0.249200,0.060100,0.062200,0.064400,0.066100,1.350700,68.140221,68.656419,1.691304,0.010222,1.041263,4,10,7,6,4,10,7,6,4,10,7,6,4,10,7,6,0.064980,0.118710,0.264440,0.268570,1,1,30:06:2022,23:37:35,1170,28.545000,77.192600,15.000000,lev20,Almucantar
IIT_Delhi,18:11:2021,03:48:36,322,322.158750,1.093400,0.643500,0.431100,0.329600,1.031400,0.579300,0.364700,0.261300,0.062100,0.064200,0.066400,0.068300,1.354374,62.165975,62.630463,1.768109,0.015353,1.090761,3,10,8,5,3,10,8,5,3,10,8,5,3,10,8,5,0.062150,0.111830,0.247890,0.252150,1,1,30:06:2022,23:19:11,1170,28.545000,77.192600,15.000000,lev20,Almucantar
IIT_Delhi,18:11:2021,07:48:28,322,322.325324,1.400200,0.838000,0.564800,0.431900,1.316200,0.751000,0.475300,0.340000,0.084000,0.087000,0.089600,0.091900,1.320243,51.144149,50.891590,1.461228,0.017152,1.396730,3,10,8,4,3,10,8,4,3,10,8,4,3,10,8,4,0.058780,0.103510,0.227190,0.231050,1,1,30:06:2022,23:43:01,1170,28.545000,77.192600,15.000000,lev20,Almucantar
IIT_Delhi,19:11:2021,02:35:56,323,323.108287,1.184500,0.688000,0.454900,0.345700,1.138000,0.640100,0.406000,0.296400,0.046500,0.048000,0.048800,0.049300,1.392182,74.748329,75.301224,2.603117,0.016752,1.181099,4,10,7,6,4,10,7,6,4,10,7,6,4,10,7,6,0.069420,0.129450,0.290060,0.294010,1,1,30:06:2022,23:32:17,1170,28.545000,77.192600,15.000000,lev20,Almucantar
IIT_Delhi,19:11:2021,03:13:07,323,323.134109,1.145500,0.662500,0.436800,0.331400,1.086400,0.601600,0.373600,0.266200,0.059100,0.061000,0.063200,0.065200,1.402605,68.144304,68.658059,1.738953,0.017515,1.143193,4,10,7,6,4,10,7,6,4,10,7,6,4,10,7,6,0.064990,0.118720,0.264450,0.268570,1,1,30:06:2022,23:14:28,1170,28.545000,77.192600,15.000000,lev20,Almucantar
IIT_Delhi,19:11:2021,03:48:50,323,323.158912,1.128400,0.652800,0.430900,0.326800,1.070000,0.592400,0.368500,0.262500,0.058400,0.060400,0.062400,0.064300,1.400639,62.340890,62.803936,1.982604,0.023880,1.126282,3,10,8,5,3,10,8,5,3,10,8,5,3,10,8,5,0.062220,0.112010,0.248300,0.252560,1,1,30:06:2022,23:23:25,1170,28.545000,77.192600,15.000000,lev20,Almucantar
IIT_Delhi,19:11:2021,04:48:48,323,323.200556,1.156500,0.669700,0.444000,0.336800,1.095400,0.606500,0.378900,0.270000,0.061100,0.063300,0.065100,0.066900,1.393371,54.283854,54.624440,2.111333,0.029128,1.154302,4,10,8,4,4,10,8,4,4,10,8,4,4,10,8,4,0.059510,0.105410,0.232200,0.236580,1,1,30:06:2022,23:30:57,1170,28.545000,77.192600,15.000000,lev20,Almucantar
IIT_Delhi,20:11:2021,08:48:56,324,324.367315,1.081100,0.638700,0.430200,0.331800,1.006400,0.561300,0.350700,0.250500,0.074700,0.077300,0.079500,0.081300,1.341306,58.265674,57.863778,2.596099,0.036876,1.078174,4,10,7,5,4,10,7,5,4,10,7,5,4,10,7,5,0.060860,0.108450,0.239030,0.242190,1,1,30:06:2022,23:21:03,1170,28.545000,77.192600,15.000000,lev20,Almucantar
IIT_Delhi,20:11:2021,09:49:02,324,324.409051,1.318700,0.786600,0.533900,0.414400,1.225100,0.689700,0.434600,0.313100,0.093600,0.096900,0.099300,0.101300,1.316202,67.447586,66.945379,1.833739,0.013145,1.315077,4,10,7,6,4,10,7,6,4,10,7,6,4,10,7,6,0.064900,0.118000,0.261530,0.263380,1,1,30:06:2022,23:36:25,1170,28.545000,77.192600,15.000000,lev20,Almucantar
IIT_Delhi,20:11:2021,10:41:59,324,324.445822,0.964500,0.569400,0.386300,0.300900,0.892200,0.494700,0.309400,0.222200,0.072200,0.074700,0.076900,0.078700,1.332963,76.872404,76.314211,1.735957,0.006857,0.961478,4,10,7,6,4,10,7,6,4,10,7,6,4,10,7,6,0.071820,0.134260,0.299250,0.298830,1,1,30:06:2022,23:45:35,1170,28.545000,77.192600,15.000000,lev20,Almucantar
IIT_Delhi,21:11:2021,07:49:10,325,325.325810,0.372400,0.215700,0.149600,0.120900,0.332800,0.173900,0.105700,0.075800,0.039500,0.041800,0.043900,0.045100,1.333763,51.780667,51.531452,4.507290,0.223825,0.367443,3,10,8,4,3,10,8,4,3,10,8,3,3,10,8,4,0.058940,0.103880,0.228100,0.231930,1,1,30:06:2022,23:24:46,1170,28.545000,77.192600,15.000000,lev20,Almucantar
IIT_Delhi,21:11:2021,08:49:11,325,325.367488,0.377600,0.220800,0.154400,0.125400,0.332400,0.173300,0.105000,0.074900,0.045100,0.047400,0.049400,0.050500,1.308131,58.447302,58.046769,1.824464,0.123113,0.375523,4,10,7,5,4,10,7,5,4,10,7,5,4,10,7,5,0.060920,0.108600,0.239390,0.242530,1,1,30:06:2022,23:31:12,1170,28.545000,77.192600,15.000000,lev20,Almucantar
IIT_Delhi,21:11:2021,09:49:11,325,325.409155,0.450400,0.261800,0.182900,0.147100,0.392700,0.201300,0.120200,0.083100,0.057700,0.060500,0.062700,0.064000,1.318690,67.585538,67.084754,1.835929,0.031042,0.448204,4,10,7,6,4,10,7,6,4,10,7,6,4,10,7,6,0.064980,0.118180,0.261960,0.263790,1,1,30:06:2022,23:37:18,1170,28.545000,77.192600,15.000000,lev20,Almucantar
IIT_Delhi,21:11:2021,10:23:11,325,325.432766,0.587300,0.340900,0.235100,0.186000,0.520600,0.271200,0.162300,0.111200,0.066700,0.069700,0.072800,0.074800,1.337860,73.512610,72.972710,1.613121,0.011374,0.584728,4,10,7,6,4,10,7,6,4,10,7,6,4,10,7,6,0.068900,0.127410,0.283430,0.283980,1,1,30:06:2022,23:13:04,1170,28.545000,77.192600,15.000000,lev20,Almucantar
IIT_Delhi,22:11:2021,02:38:56,326,326.110370,0.444700,0.275300,0.193600,0.154000,0.400700,0.229400,0.146000,0.105300,0.044000,0.046000,0.047600,0.048700,1.211616,74.749525,75.296904,1.381546,0.007035,0.443111,4,10,7,6,4,10,7,6,4,10,7,6,4,10,7,6,0.069420,0.129440,0.290040,0.293990,1,1,30:06:2022,23:30:34,1170,28.545000,77.192600,15.000000,lev20,Almucantar
IIT_Delhi,22:11:2021,03:16:29,326,326.136447,0.446400,0.276100,0.194100,0.154300,0.403400,0.231300,0.147900,0.107200,0.043000,0.044800,0.046200,0.047200,1.213467,68.159372,68.666051,1.610097,0.012678,0.444553,4,10,7,6,4,10,7,6,4,10,7,6,4,10,7,6,0.065000,0.118740,0.264500,0.268600,1,1,30:06:2022,23:36:28,1170,28.545000,77.192600,15.000000,lev20,Almucantar
IIT_Delhi,22:11:2021,03:49:33,326,326.159410,0.450600,0.279000,0.196700,0.156300,0.406300,0.233000,0.149200,0.107800,0.044300,0.046000,0.047500,0.048500,1.208019,62.849848,63.308890,1.889351,0.017223,0.448714,3,10,8,5,3,10,8,5,3,10,8,5,3,10,8,5,0.062430,0.112520,0.249540,0.253760,1,1,30:06:2022,23:15:04,1170,28.545000,77.192600,15.000000,lev20,Almucantar
IIT_Delhi,22:11:2021,04:49:37,326,326.201123,0.408800,0.255100,0.180700,0.144200,0.360500,0.204200,0.127400,0.089500,0.048300,0.051000,0.053300,0.054700,1.189644,54.861458,55.197987,2.655683,0.121780,0.408351,4,10,8,4,4,10,8,4,4,10,8,4,4,10,8,4,0.059680,0.105810,0.233150,0.237510,1,1,30:06:2022,23:20:17,1170,28.545000,77.192600,15.000000,lev20,Almucantar
IIT_Delhi,22:11:2021,05:49:32,326,326.242731,0.415200,0.261400,0.186700,0.151300,0.364500,0.207900,0.130700,0.093900,0.050800,0.053600,0.056000,0.057400,1.164938,49.891399,50.052843,2.258735,0.068149,0.413811,3,10,8,4,3,10,8,4,3,10,8,4,3,10,8,4,0.058440,0.102770,0.225580,0.229930,1,1,30:06:2022,23:22:26,1170,28.545000,77.192600,15.000000,lev20,Almucantar
IIT_Delhi,22:11:2021,10:41:39,326,326.445590,0.539800,0.332600,0.241700,0.199000,0.450600,0.239400,0.144700,0.099700,0.089300,0.093300,0.097000,0.099300,1.175865,76.978335,76.423107,1.835392,0.015038,0.537043,4,10,7,6,4,10,7,6,4,10,7,6,4,10,7,6,0.071920,0.134510,0.299830,0.299370,1,1,30:06:2022,23:28:57,1170,28.545000,77.192600,15.000000,lev20,Almucantar
IIT_Delhi,23:11:2021,02:39:54,327,327.111042,0.691800,0.451300,0.319000,0.252800,0.624600,0.381400,0.247000,0.179300,0.067200,0.069900,0.072000,0.073400,1.123068,74.754968,75.300601,1.423548,0.008031,0.689341,4,10,7,6,4,10,7,6,4,10,7,6,4,10,7,6,0.069430,0.129470,0.290080,0.294010,1,1,30:06:2022,23:19:36,1170,28.545000,77.192600,15.000000,lev20,Almucantar
IIT_Delhi,23:11:2021,03:17:29,327,327.137141,0.715000,0.467000,0.330400,0.261500,0.649800,0.399200,0.260600,0.190400,0.065300,0.067800,0.069900,0.071200,1.119973,68.183342,68.687893,1.564440,0.014983,0.712452,4,10,7,6,4,10,7,6,4,10,7,6,4,10,7,6,0.065010,0.118770,0.264580,0.268670,1,1,30:06:2022,23:25:59,1170,28.545000,77.192600,15.000000,lev20,Almucantar
IIT_Delhi,24:11:2021,02:40:55,328,328.111748,0.585600,0.372300,0.263700,0.210800,0.516700,0.299700,0.187700,0.132900,0.068800,0.072600,0.076000,0.077900,1.160630,74.750579,75.294454,1.265783,0.008389,0.583233,4,10,7,6,4,10,7,6,4,10,7,6,4,10,7,6,0.069430,0.129460,0.290080,0.293980,1,1,30:06:2022,23:19:01,1170,28.545000,77.192600,15.000000,lev20,Almucantar
IIT_Delhi,24:11:2021,03:18:38,328,328.137940,0.584600,0.369100,0.260900,0.208100,0.525500,0.307700,0.197500,0.143400,0.059100,0.061400,0.063400,0.064700,1.174128,68.181064,68.683336,1.354174,0.013959,0.582128,4,10,7,6,4,10,7,6,4,10,7,6,4,10,7,6,0.065010,0.118770,0.264570,0.268650,1,1,30:06:2022,23:24:20,1170,28.545000,77.192600,15.000000,lev20,Almucantar
IIT_Delhi,24:11:2021,03:51:23,328,328.160683,0.614800,0.383800,0.270800,0.215900,0.553700,0.320300,0.205200,0.149000,0.061200,0.063600,0.065600,0.067000,1.194182,62.972051,63.426495,1.513264,0.020452,0.612346,3,10,8,5,3,10,8,5,3,10,8,5,3,10,8,5,0.062490,0.112640,0.249830,0.254040,1,1,30:06:2022,23:29:54,1170,28.545000,77.192600,15.000000,lev20,Almucantar
IIT_Delhi,24:11:2021,04:50:02,328,328.201412,0.657300,0.411600,0.291200,0.232300,0.592900,0.344700,0.222200,0.161900,0.064400,0.066900,0.069000,0.070400,1.185814,55.241674,55.576179,1.500533,0.174017,0.657529,4,10,8,4,4,10,8,4,4,10,8,4,4,10,8,4,0.059780,0.106070,0.233800,0.238140,1,1,30:06:2022,23:35:20,1170,28.545000,77.192600,15.000000,lev20,Almucantar
IIT_Delhi,24:11:2021,05:50:00,328,328.243056,0.745600,0.466700,0.331300,0.265900,0.673200,0.391500,0.253800,0.186900,0.072500,0.075200,0.077500,0.079000,1.182021,50.299258,50.459646,1.538604,0.155123,0.743098,3,10,8,4,3,10,8,4,3,10,8,4,3,10,8,4,0.058530,0.102990,0.226140,0.230470,1,1,30:06:2022,23:37:53,1170,28.545000,77.192600,15.000000,lev20,Almucantar
IIT_Delhi,24:11:2021,07:49:56,328,328.326343,0.797600,0.491700,0.347400,0.282000,0.709000,0.398100,0.249400,0.181600,0.088600,0.093600,0.098100,0.100500,1.212034,52.362471,52.116450,3.183261,0.273012,0.790544,3,10,8,4,3,10,8,4,3,10,8,4,3,10,8,4,0.059080,0.104230,0.228960,0.232760,1,1,30:06:2022,23:16:55,1170,28.545000,77.192600,15.000000,lev20,Almucantar
IIT_Delhi,24:11:2021,08:50:01,328,328.368067,1.105600,0.684900,0.477800,0.385600,0.975400,0.547900,0.334600,0.238800,0.130300,0.137000,0.143200,0.146700,1.221100,58.963427,58.566739,3.641536,0.373472,1.098251,3,11,7,5,3,11,7,5,4,10,7,5,4,10,7,5,0.061100,0.109030,0.240420,0.243520,1,1,30:06:2022,23:20:17,1170,28.545000,77.192600,15.000000,lev20,Almucantar
IIT_Delhi,24:11:2021,10:22:02,328,328.431968,0.947700,0.584500,0.419600,0.341000,0.809200,0.438800,0.268100,0.185800,0.138500,0.145700,0.151600,0.155200,1.190382,73.557820,73.023319,2.759280,0.014001,0.943218,4,10,7,6,4,10,7,6,4,10,7,6,4,10,7,6,0.068940,0.127510,0.283630,0.284180,1,1,30:06:2022,23:36:36,1170,28.545000,77.192600,15.000000,lev20,Almucantar
IIT_Delhi,24:11:2021,10:40:14,328,328.444606,0.941400,0.581800,0.419300,0.341900,0.796300,0.428400,0.259400,0.178200,0.145100,0.153400,0.159900,0.163700,1.182053,76.861719,76.310312,2.523599,0.013237,0.935807,4,10,7,6,4,10,7,6,4,10,7,6,4,10,7,6,0.071800,0.134250,0.299220,0.298810,1,1,30:06:2022,23:40:41,1170,28.545000,77.192600,15.000000,lev20,Almucantar
IIT_Delhi,25:11:2021,02:42:31,329,329.112859,0.963900,0.624800,0.446900,0.359000,0.856900,0.513500,0.331800,0.241200,0.107000,0.111400,0.115100,0.117800,1.117491,74.640213,75.181818,1.841188,0.013995,0.959037,4,10,7,6,4,10,7,6,4,10,7,6,4,10,7,6,0.068580,0.128590,0.281310,0.286360,1,1,30:06:2022,23:35:53,1170,28.545000,77.192600,15.000000,lev20,Almucantar
IIT_Delhi,25:11:2021,03:19:43,329,329.138692,0.970300,0.628900,0.449500,0.360800,0.860300,0.514900,0.332000,0.240300,0.110100,0.114000,0.117500,0.120400,1.118584,68.188676,68.688796,2.362264,0.020879,0.967022,4,10,7,6,4,10,7,6,4,10,7,6,4,10,7,6,0.064350,0.118310,0.257030,0.262150,1,1,30:06:2022,23:17:49,1170,28.545000,77.192600,15.000000,lev20,Almucantar
IIT_Delhi,25:11:2021,03:50:24,329,329.160000,0.984000,0.637700,0.455700,0.365400,0.876500,0.526300,0.340700,0.247400,0.107500,0.111400,0.115000,0.117900,1.119037,63.315994,63.771349,2.880358,0.043884,0.981146,3,10,8,5,3,10,8,5,3,10,8,5,3,10,8,5,0.062010,0.112620,0.243530,0.248690,1,1,30:06:2022,23:25:55,1170,28.545000,77.192600,15.000000,lev20,Almucantar
IIT_Delhi,25:11:2021,04:50:23,329,329.201655,1.060900,0.682400,0.484800,0.387200,0.963000,0.580500,0.379300,0.279400,0.097900,0.101900,0.105400,0.107800,1.138432,55.410064,55.743314,1.806975,0.028823,1.056866,4,10,8,4,4,10,8,4,4,10,8,4,4,10,8,4,0.059260,0.105930,0.227380,0.232610,1,1,30:06:2022,23:34:00,1170,28.545000,77.192600,15.000000,lev20,Almucantar
IIT_Delhi,25:11:2021,05:50:22,329,329.243310,1.164200,0.744000,0.526600,0.418600,1.060900,0.636500,0.415500,0.305100,0.103300,0.107600,0.111200,0.113500,1.153460,50.488066,50.647587,1.096954,0.022577,1.160196,3,10,8,4,3,10,8,4,3,10,8,4,3,10,8,4,0.058020,0.102880,0.219890,0.225090,1,1,30:06:2022,23:40:41,1170,28.545000,77.192600,15.000000,lev20,Almucantar
IIT_Delhi,25:11:2021,07:50:14,329,329.326551,1.110200,0.700500,0.495500,0.399600,0.981200,0.564600,0.353600,0.254300,0.129000,0.135900,0.141900,0.145400,1.174205,52.546349,52.301270,2.321909,0.092131,1.105304,3,10,8,4,3,10,8,4,3,10,8,4,3,10,8,4,0.058570,0.104110,0.222660,0.227350,1,1,30:06:2022,23:19:24,1170,28.545000,77.192600,15.000000,lev20,Almucantar
IIT_Delhi,25:11:2021,08:50:15,329,329.368229,1.009700,0.633200,0.448900,0.359200,0.889200,0.505800,0.315100,0.221600,0.120500,0.127400,0.133800,0.137600,1.180823,59.116062,58.720719,1.369241,0.018848,1.005252,3,11,7,5,3,11,7,5,3,11,7,5,4,10,7,5,0.060560,0.108840,0.233830,0.237880,1,1,30:06:2022,23:28:08,1170,28.545000,77.192600,15.000000,lev20,Almucantar
IIT_Delhi,25:11:2021,09:50:16,329,329.409907,1.007500,0.637000,0.458500,0.371900,0.868300,0.490500,0.305700,0.215300,0.139200,0.146500,0.152800,0.156700,1.148130,68.154911,67.659014,1.432113,0.013170,1.002507,4,10,7,6,4,10,7,6,4,10,7,6,4,10,7,6,0.064630,0.118470,0.256210,0.259050,1,1,30:06:2022,23:39:48,1170,28.545000,77.192600,15.000000,lev20,Almucantar
IIT_Delhi,25:11:2021,10:22:20,329,329.432176,1.039000,0.656600,0.474100,0.385800,0.901300,0.513400,0.326500,0.234900,0.137700,0.143200,0.147700,0.150900,1.144740,73.683494,73.150076,2.034645,0.013771,1.033394,4,10,7,6,4,10,7,6,4,10,7,6,4,10,7,6,0.068290,0.127120,0.276090,0.277800,1,1,30:06:2022,23:48:01,1170,28.545000,77.192600,15.000000,lev20,Almucantar
IIT_Delhi,25:11:2021,10:40:30,329,329.444792,1.038300,0.656500,0.474900,0.386900,0.890700,0.500300,0.311600,0.219700,0.147600,0.156200,0.163400,0.167200,1.141510,76.974831,76.424498,1.487512,0.008180,1.032764,4,10,7,6,4,10,7,6,4,10,7,6,4,10,7,6,0.071110,0.133770,0.291290,0.292140,1,1,30:06:2022,23:51:04,1170,28.545000,77.192600,15.000000,lev20,Almucantar
IIT_Delhi,26:11:2021,03:22:43,330,330.140775,1.025600,0.656100,0.467300,0.374300,0.929300,0.555800,0.363500,0.267800,0.096300,0.100300,0.103800,0.106500,1.143632,67.878728,68.374225,1.795167,0.016912,1.022273,4,10,7,6,4,10,7,6,4,10,7,6,4,10,7,6,0.064180,0.117890,0.256060,0.261190,1,1,30:06:2022,23:22:38,1170,28.545000,77.192600,15.000000,lev20,Almucantar
IIT_Delhi,26:11:2021,03:50:42,330,330.160208,1.067300,0.677800,0.481300,0.384700,0.968300,0.574500,0.374300,0.275000,0.099100,0.103300,0.107000,0.109700,1.159026,63.463261,63.917479,1.791218,0.018354,1.063895,3,10,8,5,3,10,8,5,3,10,8,5,3,10,8,5,0.062070,0.112770,0.243880,0.249050,1,1,30:06:2022,23:31:36,1170,28.545000,77.192600,15.000000,lev20,Almucantar
IIT_Delhi,27:11:2021,03:22:59,331,331.140961,0.952200,0.604400,0.423100,0.333700,0.867400,0.516600,0.332400,0.240500,0.084900,0.087900,0.090700,0.093300,1.178555,68.018524,68.513021,1.846292,0.019814,0.949882,4,10,7,6,4,10,7,6,4,10,7,6,4,10,7,6,0.064260,0.118090,0.256510,0.261610,1,1,30:06:2022,23:27:54,1170,28.545000,77.192600,15.000000,lev20,Almucantar
IIT_Delhi,27:11:2021,03:50:57,331,331.160382,1.040700,0.659100,0.461900,0.364400,0.955300,0.570200,0.369700,0.269900,0.085300,0.089000,0.092300,0.094500,1.180600,63.615023,64.068246,1.580042,0.020391,1.037645,3,10,8,5,3,10,8,5,3,10,8,5,3,10,8,5,0.062140,0.112930,0.244250,0.249410,1,1,30:06:2022,23:37:14,1170,28.545000,77.192600,15.000000,lev20,Almucantar
IIT_Delhi,27:11:2021,04:50:58,331,331.202060,1.044300,0.662300,0.463700,0.363800,0.966100,0.580800,0.379100,0.277100,0.078300,0.081600,0.084600,0.086700,1.179682,55.746912,56.078154,1.263314,0.020532,1.041249,4,10,8,4,4,10,8,4,4,10,8,4,4,10,8,4,0.059360,0.106160,0.227950,0.233170,1,1,30:06:2022,23:44:41,1170,28.545000,77.192600,15.000000,lev20,Almucantar
IIT_Delhi,27:11:2021,07:50:53,331,331.327002,1.579800,1.010200,0.708500,0.557400,1.459800,0.885300,0.579400,0.425200,0.120100,0.125000,0.129100,0.132200,1.164551,52.897140,52.653803,1.112557,0.015812,1.575320,3,10,8,4,3,10,8,4,3,10,8,4,3,10,8,4,0.058660,0.104330,0.223180,0.227850,1,1,30:06:2022,23:29:21,1170,28.545000,77.192600,15.000000,lev20,Almucantar
IIT_Delhi,27:11:2021,08:50:52,331,331.368657,1.415600,0.904300,0.633300,0.499400,1.297900,0.782400,0.507800,0.370700,0.117700,0.121900,0.125500,0.128800,1.168032,59.420720,59.027712,1.111717,0.005240,1.411566,3,10,8,5,3,10,8,5,3,11,7,5,3,11,7,5,0.060670,0.109100,0.234440,0.238470,1,1,30:06:2022,23:40:10,1170,28.545000,77.192600,15.000000,lev20,Almucantar
IIT_Delhi,27:11:2021,09:50:55,331,331.410359,1.545700,0.994700,0.698900,0.550900,1.413700,0.858200,0.558200,0.406500,0.132100,0.136500,0.140800,0.144500,1.152226,68.418878,67.925167,1.480339,0.013651,1.539464,4,10,7,6,4,10,7,6,4,10,7,6,4,10,7,6,0.064780,0.118820,0.257040,0.259830,1,1,30:06:2022,23:51:01,1170,28.545000,77.192600,15.000000,lev20,Almucantar
IIT_Delhi,27:11:2021,10:20:04,331,331.430602,1.463900,0.941100,0.662100,0.523100,1.338100,0.810600,0.526900,0.384300,0.125800,0.130500,0.135300,0.138900,1.152109,73.408262,72.879911,1.532757,0.011220,1.456829,4,10,7,6,4,10,7,6,4,10,7,6,4,10,7,6,0.068080,0.126620,0.274950,0.276740,1,1,01:07:2022,00:01:13,1170,28.545000,77.192600,15.000000,lev20,Almucantar
IIT_Delhi,27:11:2021,10:38:16,331,331.443241,1.449300,0.912200,0.641600,0.507000,1.329000,0.787100,0.511700,0.373500,0.120300,0.125100,0.129900,0.133500,1.185517,76.676976,76.131119,1.477681,0.010931,1.440259,4,9,7,6,4,9,7,6,4,10,7,6,4,10,7,6,0.070840,0.133120,0.289800,0.290740,1,1,01:07:2022,00:04:25,1170,28.545000,77.192600,15.000000,lev20,Almucantar
IIT_Delhi,28:11:2021,03:51:20,332,332.160648,1.605000,1.038100,0.722600,0.563300,1.494200,0.923400,0.603800,0.441000,0.110800,0.114700,0.118800,0.122300,1.156617,63.743611,64.195682,1.843169,0.022596,1.600121,3,10,8,5,3,10,8,5,3,10,8,5,3,10,8,5,0.062190,0.113060,0.244570,0.249730,1,1,30:06:2022,23:38:53,1170,28.545000,77.192600,15.000000,lev20,Almucantar
IIT_Delhi,28:11:2021,04:51:18,332,332.202292,1.575100,1.014500,0.704800,0.548000,1.467600,0.903200,0.590100,0.430200,0.107500,0.111300,0.114700,0.117800,1.165720,55.904142,56.234383,1.543119,0.017477,1.570672,4,10,8,4,4,10,8,4,4,10,8,4,4,10,8,4,0.059400,0.106270,0.228210,0.233430,1,1,30:06:2022,23:17:12,1170,28.545000,77.192600,15.000000,lev20,Almucantar
IIT_Delhi,29:11:2021,03:51:38,333,333.160856,0.894700,0.582600,0.411200,0.323800,0.842400,0.528000,0.354300,0.265100,0.052300,0.054600,0.057000,0.058700,1.127860,63.881430,64.332544,1.563415,0.017441,0.892406,3,10,8,5,3,10,8,5,3,10,8,5,3,10,8,5,0.062250,0.113210,0.244920,0.250070,1,1,30:06:2022,23:23:44,1170,28.545000,77.192600,15.000000,lev20,Almucantar
IIT_Delhi,29:11:2021,04:51:38,333,333.202523,1.092900,0.706000,0.496200,0.388600,1.042700,0.653700,0.442600,0.334300,0.050300,0.052300,0.053600,0.054400,1.145874,56.056788,56.386098,1.629506,0.023754,1.089992,4,10,8,4,4,10,8,4,4,10,8,4,4,10,8,4,0.059450,0.106380,0.228480,0.233690,1,1,30:06:2022,23:33:09,1170,28.545000,77.192600,15.000000,lev20,Almucantar
IIT_Delhi,04:12:2021,02:50:37,338,338.118484,0.568200,0.378400,0.266000,0.207300,0.545700,0.355100,0.242200,0.183000,0.022500,0.023300,0.023900,0.024300,1.098066,74.714052,75.242870,1.608486,0.007814,0.567095,4,10,7,6,4,10,7,6,4,10,7,6,4,10,7,6,0.068190,0.129290,0.276280,0.281760,1,1,30:06:2022,23:31:39,1170,28.545000,77.192600,15.000000,lev20,Almucantar
IIT_Delhi,04:12:2021,03:30:28,338,338.146157,0.571900,0.383600,0.269900,0.210000,0.551500,0.362300,0.248100,0.187900,0.020500,0.021300,0.021800,0.022100,1.085694,68.011199,68.492606,1.733999,0.019003,0.570868,4,10,7,6,4,10,7,6,4,10,7,6,4,10,7,6,0.063870,0.118530,0.251470,0.257000,1,1,30:06:2022,23:17:53,1170,28.545000,77.192600,15.000000,lev20,Almucantar
IIT_Delhi,04:12:2021,03:54:32,338,338.162870,0.504000,0.333800,0.234300,0.182000,0.485800,0.314900,0.214800,0.162300,0.018300,0.019000,0.019400,0.019700,1.108627,64.309539,64.754472,1.806600,0.019271,0.503117,3,10,8,5,3,10,8,5,3,10,8,5,3,10,8,5,0.062090,0.114090,0.241150,0.246710,1,1,30:06:2022,23:20:21,1170,28.545000,77.192600,15.000000,lev20,Almucantar
IIT_Delhi,04:12:2021,05:53:29,338,338.245475,0.531500,0.341500,0.235600,0.182000,0.506700,0.315800,0.208800,0.154300,0.024800,0.025700,0.026800,0.027700,1.178684,51.931476,52.086644,3.673991,0.087781,0.529972,3,10,8,4,3,10,8,4,3,10,8,4,3,10,8,4,0.058080,0.104040,0.217390,0.222950,1,1,30:06:2022,23:28:25,1170,28.545000,77.192600,15.000000,lev20,Almucantar
IIT_Delhi,04:12:2021,06:53:26,338,338.287106,0.468900,0.302700,0.210000,0.160400,0.446600,0.279500,0.186000,0.135800,0.022300,0.023200,0.024000,0.024500,1.164002,50.924754,50.878255,3.194416,0.042490,0.467818,3,10,8,4,3,10,8,4,3,10,8,4,3,10,8,4,0.057870,0.103470,0.215930,0.221320,1,1,30:06:2022,23:32:50,1170,28.545000,77.192600,15.000000,lev20,Almucantar
IIT_Delhi,05:12:2021,02:51:35,339,339.119155,0.537600,0.334700,0.232300,0.182200,0.505600,0.301300,0.197400,0.146200,0.032000,0.033500,0.034900,0.036000,1.220037,74.699798,75.227343,1.489330,0.008795,0.536354,4,10,7,6,4,10,7,6,4,10,7,6,4,10,7,6,0.068180,0.129250,0.276200,0.281690,1,1,30:06:2022,23:22:10,1170,28.545000,77.192600,15.000000,lev20,Almucantar
IIT_Delhi,05:12:2021,03:30:57,339,339.146493,0.620900,0.385300,0.266800,0.208100,0.585000,0.347800,0.227800,0.167900,0.035900,0.037400,0.039000,0.040200,1.228186,68.092722,68.573266,1.466045,0.010809,0.619449,4,10,7,6,4,10,7,6,4,10,7,6,4,10,7,6,0.063910,0.118640,0.251720,0.257250,1,1,30:06:2022,23:28:09,1170,28.545000,77.192600,15.000000,lev20,Almucantar
IIT_Delhi,05:12:2021,03:55:01,339,339.163206,0.672100,0.416500,0.288000,0.224200,0.635800,0.378500,0.248500,0.183600,0.036400,0.037900,0.039500,0.040500,1.232174,64.398150,64.842185,1.743933,0.017157,0.670401,3,10,8,5,3,10,8,5,3,10,8,5,3,10,8,5,0.062120,0.114190,0.241370,0.246930,1,1,30:06:2022,23:33:32,1170,28.545000,77.192600,15.000000,lev20,Almucantar
IIT_Delhi,07:12:2021,03:32:12,341,341.147361,0.512300,0.325900,0.225300,0.173800,0.496900,0.310100,0.208900,0.157000,0.015400,0.015800,0.016400,0.016800,1.191550,68.199583,68.678175,2.393648,0.018160,0.510716,4,10,7,6,4,10,7,6,4,10,7,6,4,10,7,6,0.063970,0.118790,0.252050,0.257570,1,1,30:06:2022,23:22:42,1170,28.545000,77.192600,15.000000,lev20,Almucantar
IIT_Delhi,07:12:2021,03:56:12,341,341.164028,0.514600,0.322800,0.221900,0.170100,0.498500,0.306200,0.204800,0.152700,0.016100,0.016600,0.017100,0.017500,1.220898,64.531067,64.973124,1.995642,0.030091,0.512850,3,10,8,5,3,10,8,5,3,10,8,5,3,10,8,5,0.062180,0.114330,0.241710,0.247260,1,1,30:06:2022,23:28:12,1170,28.545000,77.192600,15.000000,lev20,Almucantar
IIT_Delhi,12:12:2021,02:59:03,346,346.124340,0.562100,0.331000,0.224800,0.175800,0.511100,0.276300,0.166800,0.115800,0.051100,0.054700,0.058000,0.059900,1.335527,74.395751,74.914914,1.847963,0.010114,0.559925,4,10,7,6,4,10,7,6,4,10,7,6,4,8,7,5,0.067450,0.128880,0.270640,0.276440,1,1,30:06:2022,23:15:26,1170,28.545000,77.192600,15.000000,lev20,Almucantar
IIT_Delhi,12:12:2021,03:36:35,346,346.150405,0.567000,0.331500,0.224100,0.174700,0.525500,0.288300,0.179500,0.129000,0.041500,0.043200,0.044600,0.045700,1.352808,68.198775,68.671660,1.656429,0.012414,0.564724,4,10,7,6,4,10,7,6,4,10,7,6,4,10,7,6,0.063510,0.118930,0.248090,0.253930,1,1,30:06:2022,23:21:43,1170,28.545000,77.192600,15.000000,lev20,Almucantar
IIT_Delhi,12:12:2021,09:56:52,346,346.414491,0.907400,0.548300,0.382600,0.303700,0.826800,0.464800,0.296900,0.216500,0.080600,0.083500,0.085700,0.087200,1.259655,69.739369,69.257269,2.443540,0.025092,0.903563,4,10,7,6,4,10,7,6,4,10,5,6,4,9,6,6,0.064670,0.121300,0.252260,0.255730,1,1,30:06:2022,23:37:18,1170,28.545000,77.192600,15.000000,lev20,Almucantar
IIT_Delhi,13:12:2021,03:59:12,347,347.166111,0.864200,0.509500,0.342700,0.264200,0.813200,0.456200,0.286900,0.206800,0.051000,0.053300,0.055700,0.057400,1.346373,64.901159,65.339583,2.488230,0.026343,0.861743,3,10,8,5,3,10,8,5,3,10,8,5,3,10,8,5,0.061900,0.114870,0.238830,0.244690,1,1,30:06:2022,23:28:10,1170,28.545000,77.192600,15.000000,lev20,Almucantar
IIT_Delhi,14:12:2021,04:57:54,348,348.206875,1.778100,1.118400,0.759600,0.580200,1.692500,1.029000,0.666200,0.483900,0.085700,0.089400,0.093500,0.096300,1.232503,57.580538,57.900620,1.694095,0.022174,1.772931,4,10,7,5,4,10,7,5,4,10,7,5,4,10,7,5,0.059180,0.107970,0.222920,0.228820,1,1,30:06:2022,23:18:42,1170,28.545000,77.192600,15.000000,lev20,Almucantar
IIT_Delhi,14:12:2021,05:57:47,348,348.248461,1.717800,1.073400,0.726400,0.553100,1.635500,0.987800,0.637000,0.461100,0.082300,0.085700,0.089400,0.092000,1.247521,52.871886,53.024670,1.586647,0.024552,1.712821,3,10,8,4,3,10,8,4,3,10,8,4,3,10,8,4,0.057890,0.104690,0.215190,0.221040,1,1,30:06:2022,23:32:06,1170,28.545000,77.192600,15.000000,lev20,Almucantar
IIT_Delhi,14:12:2021,06:57:50,348,348.290162,1.563000,1.007900,0.690300,0.527300,1.505500,0.948300,0.629100,0.465000,0.057500,0.059700,0.061300,0.062400,1.182605,51.873632,51.828401,1.194400,0.020397,1.558415,3,10,8,4,3,10,8,4,3,10,8,4,3,10,8,4,0.057670,0.104090,0.213700,0.219380,1,1,30:06:2022,23:41:24,1170,28.545000,77.192600,15.000000,lev20,Almucantar
IIT_Delhi,14:12:2021,07:57:48,348,348.331806,1.584300,0.961400,0.643500,0.487800,1.518600,0.893300,0.574200,0.417500,0.065600,0.068100,0.069300,0.070300,1.307710,54.802421,54.569056,0.923719,0.007361,1.579997,4,10,8,4,4,10,8,4,4,10,8,4,4,10,8,4,0.058450,0.105990,0.217990,0.223320,1,1,30:06:2022,23:51:20,1170,28.545000,77.192600,15.000000,lev20,Almucantar
IIT_Delhi,14:12:2021,08:57:50,348,348.373495,1.890600,1.197100,0.817400,0.625500,1.809800,1.113300,0.731200,0.537400,0.080800,0.083800,0.086100,0.088200,1.215101,61.096473,60.716125,1.294851,0.004850,1.884372,3,10,8,5,3,10,8,5,3,9,8,5,3,10,8,5,0.060510,0.111080,0.229490,0.234170,1,1,01:07:2022,00:02:34,1170,28.545000,77.192600,15.000000,lev20,Almucantar
IIT_Delhi,15:12:2021,03:00:25,349,349.125289,1.007200,0.626700,0.420900,0.319800,0.970800,0.589000,0.382400,0.280600,0.036400,0.037700,0.038600,0.039200,1.264125,74.528401,75.046588,1.408405,0.008878,1.003952,4,10,7,6,4,10,7,6,4,10,7,6,4,10,7,6,0.067540,0.129110,0.271200,0.277010,1,1,30:06:2022,23:33:21,1170,28.545000,77.192600,15.000000,lev20,Almucantar
IIT_Delhi,15:12:2021,03:40:14,349,349.152940,1.058800,0.659300,0.443700,0.337700,1.011200,0.610100,0.392500,0.284800,0.047500,0.049200,0.051300,0.052900,1.260272,67.987534,68.456152,1.446118,0.011492,1.055886,4,10,7,6,4,10,7,6,4,10,7,6,4,10,7,6,0.063400,0.118650,0.247450,0.253290,1,1,30:06:2022,23:42:24,1170,28.545000,77.192600,15.000000,lev20,Almucantar
IIT_Delhi,15:12:2021,04:00:13,349,349.166817,1.122400,0.697700,0.469100,0.356500,1.072100,0.645600,0.414900,0.300500,0.050300,0.052100,0.054200,0.056000,1.264202,64.982301,65.419936,1.259896,0.010827,1.119277,3,10,8,5,3,10,8,5,3,10,8,5,3,10,7,6,0.061930,0.114960,0.239030,0.244900,1,1,30:06:2022,23:30:43,1170,28.545000,77.192600,15.000000,lev20,Almucantar
IIT_Delhi,15:12:2021,04:20:16,349,349.180741,1.123500,0.698300,0.468900,0.355500,1.075600,0.648700,0.417100,0.302100,0.048000,0.049700,0.051800,0.053400,1.266079,62.192095,62.593989,1.053689,0.010814,1.120510,3,10,8,5,3,10,8,5,3,10,8,5,3,10,8,5,0.060770,0.112020,0.232280,0.238160,1,1,30:06:2022,23:41:42,1170,28.545000,77.192600,15.000000,lev20,Almucantar
IIT_Delhi,15:12:2021,04:58:15,349,349.207118,1.116700,0.694100,0.465700,0.352300,1.068500,0.644300,0.413600,0.298200,0.048200,0.049800,0.052100,0.054100,1.267090,57.642303,57.962411,1.544034,0.016627,1.113893,4,10,7,5,4,10,7,5,4,10,7,5,4,10,7,5,0.059200,0.108020,0.223020,0.228930,1,1,30:06:2022,23:48:58,1170,28.545000,77.192600,15.000000,lev20,Almucantar
IIT_Delhi,15:12:2021,06:58:16,349,349.290463,1.313900,0.824700,0.555900,0.422200,1.259300,0.767900,0.498200,0.363900,0.054700,0.056800,0.057700,0.058300,1.245710,51.926255,51.881246,1.769528,0.023225,1.310131,3,10,8,4,3,10,8,4,3,10,8,4,3,10,8,4,0.057690,0.104120,0.213770,0.219450,1,1,30:06:2022,23:59:56,1170,28.545000,77.192600,15.000000,lev20,Almucantar
IIT_Delhi,15:12:2021,07:58:16,349,349.332130,1.256200,0.784000,0.528600,0.401800,1.193200,0.718700,0.460300,0.331300,0.063000,0.065200,0.068300,0.070600,1.254283,54.851309,54.618236,1.760048,0.029935,1.252420,4,10,8,4,4,10,8,4,4,10,8,4,4,10,8,4,0.058460,0.106030,0.218060,0.223400,1,1,30:06:2022,23:20:12,1170,28.545000,77.192600,15.000000,lev20,Almucantar
IIT_Delhi,15:12:2021,08:58:11,349,349.373738,1.183700,0.724600,0.483700,0.365700,1.128400,0.667500,0.424300,0.304600,0.055300,0.057100,0.059300,0.061100,1.297607,61.123760,60.744008,2.080657,0.009457,1.180588,3,10,8,5,3,10,8,5,3,10,8,5,3,10,8,5,0.060520,0.111100,0.229540,0.234230,1,1,30:06:2022,23:32:51,1170,28.545000,77.192600,15.000000,lev20,Almucantar
IIT_Delhi,15:12:2021,09:58:13,349,349.415428,0.936800,0.576400,0.385700,0.292300,0.888100,0.525900,0.333600,0.239100,0.048600,0.050500,0.052100,0.053200,1.286451,69.855364,69.374476,1.686507,0.009315,0.934130,4,10,7,6,4,10,7,6,4,10,7,6,4,10,7,6,0.064740,0.121470,0.252640,0.256090,1,1,30:06:2022,23:42:01,1170,28.545000,77.192600,15.000000,lev20,Almucantar
IIT_Delhi,16:12:2021,04:58:48,350,350.207500,1.997900,1.279200,0.869800,0.663700,1.927600,1.206400,0.795100,0.587800,0.070300,0.072900,0.074700,0.075900,1.203230,57.676553,57.996258,1.733764,0.029334,1.991132,4,10,7,5,4,10,7,5,4,10,7,5,4,10,7,5,0.059210,0.108050,0.223090,0.228990,1,1,30:06:2022,23:30:35,1170,28.545000,77.192600,15.000000,lev20,Almucantar
IIT_Delhi,16:12:2021,05:58:46,350,350.249144,2.037700,1.294700,0.882000,0.673000,1.958100,1.212000,0.797400,0.587300,0.079700,0.082700,0.084600,0.085700,1.212752,52.968560,53.121002,1.613047,0.017390,2.032150,3,10,8,4,3,10,8,4,3,10,8,4,3,10,8,4,0.057910,0.104750,0.215330,0.221180,1,1,30:06:2022,23:44:20,1170,28.545000,77.192600,15.000000,lev20,Almucantar
IIT_Delhi,17:12:2021,03:01:21,351,351.125938,0.446500,0.294600,0.207200,0.162700,0.417300,0.264000,0.175100,0.129700,0.029200,0.030700,0.032100,0.033100,1.111908,74.591513,75.109268,1.931225,0.010677,0.445374,4,10,7,6,4,10,7,6,4,10,7,6,4,10,7,6,0.067600,0.129250,0.271500,0.277280,1,1,30:06:2022,23:34:35,1170,28.545000,77.192600,15.000000,lev20,Almucantar
IIT_Delhi,17:12:2021,04:03:05,351,351.168808,0.469600,0.303900,0.212500,0.167000,0.440800,0.273700,0.181200,0.135000,0.028900,0.030200,0.031300,0.032000,1.149802,64.775006,65.208971,2.553082,0.018529,0.468201,3,10,8,5,3,10,8,5,3,10,8,5,3,10,8,5,0.061840,0.114730,0.238490,0.244360,1,1,30:06:2022,23:24:57,1170,28.545000,77.192600,15.000000,lev20,Almucantar
IIT_Delhi,17:12:2021,05:59:14,351,351.249468,0.581400,0.366000,0.252500,0.198900,0.538500,0.321600,0.206800,0.152300,0.042900,0.044400,0.045700,0.046500,1.210642,53.007049,53.159452,3.054298,0.084490,0.579296,3,10,8,4,3,10,7,4,3,8,5,3,4,10,8,4,0.057920,0.104770,0.215390,0.221240,1,1,30:06:2022,23:30:33,1170,28.545000,77.192600,15.000000,lev20,Almucantar
IIT_Delhi,17:12:2021,09:59:12,351,351.416111,0.528200,0.336400,0.234600,0.184100,0.480700,0.287100,0.183600,0.131800,0.047600,0.049400,0.051000,0.052200,1.178280,69.915254,69.434861,4.052451,0.015679,0.526000,4,10,7,6,4,10,7,6,4,10,6,5,4,9,6,5,0.064770,0.121560,0.252820,0.256290,1,1,30:06:2022,23:32:40,1170,28.545000,77.192600,15.000000,lev20,Almucantar
IIT_Delhi,17:12:2021,10:11:18,351,351.424514,0.527400,0.335700,0.234000,0.183600,0.484700,0.291500,0.188400,0.137000,0.042700,0.044200,0.045600,0.046600,1.179794,71.892810,71.396708,4.190121,0.011562,0.525588,4,10,7,6,4,10,7,6,4,10,6,6,4,10,7,6,0.066040,0.124670,0.259710,0.262800,1,1,30:06:2022,23:34:48,1170,28.545000,77.192600,15.000000,lev20,Almucantar
IIT_Delhi,18:12:2021,04:59:42,352,352.208125,1.135600,0.792500,0.580700,0.466900,1.097100,0.752600,0.539400,0.424400,0.038500,0.040000,0.041400,0.042600,0.970447,57.746538,58.066073,2.453608,0.039058,1.132866,4,10,7,5,4,10,7,5,4,10,7,5,4,10,7,5,0.059230,0.108100,0.223220,0.229120,1,1,30:06:2022,23:39:11,1170,28.545000,77.192600,15.000000,lev20,Almucantar
IIT_Delhi,18:12:2021,05:59:40,352,352.249769,0.919500,0.604900,0.428100,0.335800,0.887900,0.572000,0.394400,0.301600,0.031600,0.032900,0.033700,0.034300,1.108328,53.039722,53.192225,2.895796,0.045595,0.917052,3,10,8,4,3,10,8,4,3,10,8,4,4,10,8,4,0.057930,0.104790,0.215430,0.221280,1,1,30:06:2022,23:19:41,1170,28.545000,77.192600,15.000000,lev20,Almucantar
IIT_Delhi,18:12:2021,09:59:37,352,352.416400,0.663900,0.403700,0.279300,0.219200,0.605900,0.343600,0.217500,0.156200,0.057900,0.060100,0.061800,0.063000,1.261048,69.924082,69.443975,1.869224,0.010521,0.661294,4,10,7,6,4,10,7,6,4,10,7,6,4,10,7,6,0.064780,0.121570,0.252850,0.256310,1,1,30:06:2022,23:34:30,1170,28.545000,77.192600,15.000000,lev20,Almucantar
IIT_Delhi,18:12:2021,10:37:52,352,352.442963,0.625800,0.377500,0.263300,0.209100,0.559800,0.309100,0.193200,0.137800,0.065900,0.068400,0.070200,0.071400,1.262893,76.367943,75.843134,1.796574,0.009956,0.622181,4,10,7,6,4,10,7,6,4,10,7,6,4,10,7,6,0.069530,0.133210,0.278520,0.280540,1,1,30:06:2022,23:37:52,1170,28.545000,77.192600,15.000000,lev20,Almucantar
IIT_Delhi,19:12:2021,03:02:17,353,353.126586,0.651000,0.392200,0.266900,0.207400,0.603000,0.342300,0.215200,0.154300,0.048000,0.049900,0.051800,0.053100,1.297235,74.636359,75.153873,1.399097,0.006220,0.649150,4,10,7,6,4,10,7,6,4,10,7,6,4,10,7,6,0.067020,0.129440,0.268480,0.274620,1,1,30:06:2022,23:27:57,1170,28.545000,77.192600,15.000000,lev20,Almucantar
IIT_Delhi,19:12:2021,03:42:09,353,353.154271,0.650600,0.390800,0.267000,0.208200,0.599300,0.337800,0.212000,0.151600,0.051300,0.053100,0.054900,0.056600,1.296671,68.096651,68.564525,1.875378,0.025215,0.649008,4,10,7,6,4,10,7,6,4,10,7,6,4,10,7,6,0.062870,0.118860,0.244850,0.251030,1,1,30:06:2022,23:36:38,1170,28.545000,77.192600,15.000000,lev20,Almucantar
IIT_Delhi,19:12:2021,04:04:06,353,353.169514,0.636600,0.380800,0.259100,0.201100,0.591900,0.334200,0.210700,0.151700,0.044800,0.046600,0.048400,0.049500,1.308585,64.812684,65.246287,1.394776,0.011647,0.634587,3,10,8,5,3,10,8,5,3,10,8,5,3,10,8,5,0.061290,0.114830,0.235780,0.241970,1,1,30:06:2022,23:42:23,1170,28.545000,77.192600,15.000000,lev20,Almucantar
IIT_Delhi,19:12:2021,05:00:07,353,353.208414,0.641600,0.380100,0.258200,0.200400,0.592500,0.329300,0.205900,0.146600,0.049100,0.050700,0.052400,0.053800,1.325834,57.775080,58.094685,2.043775,0.039205,0.639898,4,10,7,5,4,10,7,5,4,10,7,5,4,10,7,5,0.058690,0.108160,0.220630,0.226860,1,1,30:06:2022,23:47:47,1170,28.545000,77.192600,15.000000,lev20,Almucantar
IIT_Delhi,19:12:2021,09:00:05,353,353.375058,0.752900,0.448200,0.306100,0.240000,0.679800,0.371200,0.225100,0.156500,0.073100,0.077000,0.081000,0.083500,1.311220,61.227763,60.848981,2.435596,0.040210,0.750479,3,10,8,5,3,10,8,5,3,10,8,5,3,10,8,5,0.060000,0.111250,0.227050,0.232070,1,1,30:06:2022,23:49:48,1170,28.545000,77.192600,15.000000,lev20,Almucantar
IIT_Delhi,19:12:2021,10:00:08,353,353.416759,0.741600,0.440500,0.302100,0.236800,0.669500,0.364700,0.222500,0.155000,0.072100,0.075800,0.079600,0.081900,1.309181,69.943042,69.463043,1.580663,0.006020,0.738981,4,10,7,6,4,10,7,3,4,10,7,4,4,10,7,5,0.064200,0.121690,0.249960,0.253760,1,1,30:06:2022,23:19:30,1170,28.545000,77.192600,15.000000,lev20,Almucantar
IIT_Delhi,20:12:2021,03:02:59,354,354.127072,0.365300,0.220600,0.150400,0.117700,0.339800,0.193900,0.122700,0.089200,0.025500,0.026700,0.027800,0.028500,1.291109,74.611543,75.128761,1.714921,0.015671,0.363719,4,10,7,6,4,10,7,6,4,10,7,6,4,10,7,6,0.067010,0.129400,0.268400,0.274510,1,1,30:06:2022,23:33:06,1170,28.545000,77.192600,15.000000,lev20,Almucantar
IIT_Delhi,20:12:2021,03:42:37,354,354.154595,0.380600,0.227600,0.155300,0.121200,0.353400,0.199300,0.125900,0.090900,0.027200,0.028300,0.029400,0.030300,1.305324,68.112555,68.580388,1.398934,0.013756,0.378985,4,10,7,6,4,10,7,6,4,10,7,6,4,10,7,6,0.062880,0.118890,0.244910,0.251070,1,1,30:06:2022,23:19:36,1170,28.545000,77.192600,15.000000,lev20,Almucantar
IIT_Delhi,20:12:2021,04:04:34,354,354.169838,0.368200,0.220900,0.151100,0.117600,0.341100,0.192600,0.121800,0.087500,0.027100,0.028200,0.029300,0.030100,1.297023,64.828864,65.262432,1.391339,0.005522,0.366470,3,10,8,5,3,10,8,5,3,10,8,5,3,10,8,5,0.061300,0.114850,0.235820,0.242010,1,1,30:06:2022,23:25:18,1170,28.545000,77.192600,15.000000,lev20,Almucantar
IIT_Delhi,20:12:2021,05:00:36,354,354.208750,0.362600,0.215800,0.147500,0.114800,0.336800,0.188800,0.119500,0.086100,0.025900,0.027000,0.028000,0.028700,1.310562,57.789863,58.109426,2.134181,0.025454,0.361111,4,10,7,5,4,10,7,5,4,10,7,5,4,10,7,5,0.058690,0.108170,0.220660,0.226880,1,1,30:06:2022,23:31:01,1170,28.545000,77.192600,15.000000,lev20,Almucantar
IIT_Delhi,20:12:2021,06:00:35,354,354.250405,0.406300,0.239400,0.164100,0.129500,0.364900,0.195600,0.117700,0.081100,0.041400,0.043800,0.046400,0.048400,1.322433,53.080057,53.232698,2.430996,0.111793,0.405051,3,10,8,4,3,10,8,4,3,10,8,4,4,10,8,4,0.057400,0.104840,0.212940,0.219120,1,1,30:06:2022,23:37:05,1170,28.545000,77.192600,15.000000,lev20,Almucantar
IIT_Delhi,20:12:2021,09:00:32,354,354.375370,0.484900,0.283600,0.196400,0.156000,0.440700,0.237500,0.148500,0.106900,0.044200,0.046100,0.047900,0.049100,1.320563,61.233584,60.854992,2.782065,0.036594,0.483324,3,10,8,5,3,10,8,5,3,10,8,5,3,10,8,5,0.060010,0.111250,0.227070,0.232090,1,1,30:06:2022,23:43:24,1170,28.545000,77.192600,15.000000,lev20,Almucantar
IIT_Delhi,20:12:2021,10:38:31,354,354.443414,0.618500,0.362900,0.252500,0.201900,0.545200,0.285800,0.171200,0.118000,0.073400,0.077100,0.081300,0.083900,1.309383,76.330597,75.806339,1.666407,0.003653,0.615775,4,10,7,6,4,10,7,6,4,10,7,6,4,10,7,6,0.068870,0.133250,0.275060,0.277490,1,1,30:06:2022,23:21:35,1170,28.545000,77.192600,15.000000,lev20,Almucantar
IIT_Delhi,21:12:2021,03:03:35,355,355.127488,0.624400,0.371100,0.253000,0.198600,0.570400,0.315000,0.194900,0.138900,0.053900,0.056100,0.058100,0.059700,1.316066,74.599037,75.116110,1.189098,0.007877,0.622611,4,10,7,6,4,10,7,6,4,10,7,6,4,10,7,6,0.067000,0.129370,0.268330,0.274460,1,1,30:06:2022,23:40:19,1170,28.545000,77.192600,15.000000,lev20,Almucantar
IIT_Delhi,21:12:2021,03:43:01,355,355.154873,0.632600,0.376400,0.256200,0.200800,0.570300,0.310000,0.186200,0.128600,0.062300,0.066400,0.070000,0.072200,1.316412,68.133284,68.601220,1.752590,0.018759,0.630952,4,10,7,6,4,10,7,6,4,10,7,6,4,10,7,6,0.062890,0.118910,0.244970,0.251130,1,1,30:06:2022,23:21:33,1170,28.545000,77.192600,15.000000,lev20,Almucantar
IIT_Delhi,21:12:2021,04:04:57,355,355.170104,0.602600,0.357700,0.243500,0.191100,0.543000,0.294400,0.176900,0.122400,0.059700,0.063200,0.066600,0.068700,1.319966,64.851131,65.284855,2.130087,0.029192,0.601118,3,10,8,5,3,10,8,5,3,10,8,5,3,10,8,5,0.061310,0.114870,0.235880,0.242070,1,1,30:06:2022,23:28:01,1170,28.545000,77.192600,15.000000,lev20,Almucantar
IIT_Delhi,21:12:2021,05:01:07,355,355.209109,0.721900,0.419200,0.283400,0.221000,0.658900,0.353000,0.213900,0.149500,0.063100,0.066200,0.069500,0.071600,1.363380,57.794328,58.113815,2.171898,0.056176,0.720114,4,10,7,5,4,10,7,5,4,10,7,5,4,10,7,5,0.058700,0.108170,0.220660,0.226890,1,1,30:06:2022,23:36:27,1170,28.545000,77.192600,15.000000,lev20,Almucantar
IIT_Delhi,21:12:2021,07:01:07,355,355.292442,0.657800,0.384900,0.263900,0.208800,0.603600,0.328700,0.206100,0.149700,0.054200,0.056200,0.057900,0.059100,1.332983,52.082096,52.037660,3.807400,0.056021,0.656071,3,10,8,4,3,10,5,4,3,10,7,4,3,10,8,3,0.057180,0.104240,0.211460,0.217460,1,1,30:06:2022,23:39:21,1170,28.545000,77.192600,15.000000,lev20,Almucantar
IIT_Delhi,21:12:2021,10:01:07,355,355.417442,0.671800,0.403400,0.281000,0.225200,0.587800,0.315300,0.189400,0.131200,0.084000,0.088100,0.091700,0.094000,1.271739,69.955418,69.475571,1.639429,0.017140,0.669003,4,10,7,6,4,10,7,6,4,10,7,6,4,10,7,6,0.064210,0.121700,0.249990,0.253800,1,1,30:06:2022,23:49:20,1170,28.545000,77.192600,15.000000,lev20,Almucantar
IIT_Delhi,21:12:2021,10:13:14,355,355.425856,0.728200,0.434700,0.301800,0.240500,0.637000,0.339100,0.201500,0.136500,0.091200,0.095600,0.100400,0.103900,1.285294,71.933587,71.437993,2.134850,0.019178,0.725117,4,10,7,6,4,10,7,6,4,10,7,6,4,10,7,6,0.065470,0.124840,0.256820,0.260250,1,1,30:06:2022,23:52:02,1170,28.545000,77.192600,15.000000,lev20,Almucantar
IIT_Delhi,21:12:2021,10:38:55,355,355.443692,0.798700,0.475100,0.329300,0.261900,0.704100,0.375600,0.225300,0.155300,0.094600,0.099500,0.104000,0.106700,1.293012,76.317203,75.793083,1.351496,0.005821,0.795652,4,10,7,6,4,10,7,6,4,10,7,6,4,10,7,6,0.068860,0.133230,0.275000,0.277430,1,1,30:06:2022,23:22:45,1170,28.545000,77.192600,15.000000,lev20,Almucantar
IIT_Delhi,22:12:2021,03:43:33,356,356.155243,0.595100,0.368000,0.256400,0.203100,0.541700,0.312600,0.198900,0.143800,0.053300,0.055400,0.057600,0.059300,1.225534,68.127694,68.595590,2.635043,0.026339,0.593641,4,10,7,6,4,10,7,6,4,10,7,6,4,10,7,6,0.062890,0.118910,0.244950,0.251120,1,1,30:06:2022,23:40:27,1170,28.545000,77.192600,15.000000,lev20,Almucantar
IIT_Delhi,22:12:2021,04:05:29,356,356.170475,0.621200,0.383000,0.265900,0.210000,0.571100,0.330800,0.212000,0.155100,0.050100,0.052200,0.053900,0.054900,1.234867,64.845864,65.279541,1.666711,0.015258,0.619437,3,10,8,5,3,10,8,5,3,10,8,5,3,10,8,5,0.061300,0.114860,0.235850,0.242060,1,1,30:06:2022,23:21:06,1170,28.545000,77.192600,15.000000,lev20,Almucantar
IIT_Delhi,22:12:2021,05:01:38,356,356.209468,0.726700,0.439200,0.302400,0.236200,0.671100,0.381700,0.243000,0.175100,0.055700,0.057600,0.059400,0.061100,1.276907,57.791917,58.111375,2.574648,0.035943,0.724804,4,10,7,5,4,10,7,5,4,10,7,5,4,10,7,5,0.058690,0.108170,0.220660,0.226890,1,1,30:06:2022,23:28:09,1170,28.545000,77.192600,15.000000,lev20,Almucantar
IIT_Delhi,22:12:2021,06:01:35,356,356.251100,0.944300,0.565900,0.387200,0.300800,0.863700,0.481000,0.297000,0.207200,0.080600,0.085000,0.090200,0.093700,1.298373,53.085950,53.238584,1.734565,0.017907,0.942152,3,10,8,4,3,10,8,4,3,10,8,4,4,10,8,4,0.057400,0.104840,0.212950,0.219130,1,1,30:06:2022,23:37:31,1170,28.545000,77.192600,15.000000,lev20,Almucantar
IIT_Delhi,22:12:2021,07:01:36,356,356.292778,1.447500,0.846500,0.574700,0.446500,1.323300,0.715800,0.435500,0.301300,0.124200,0.130700,0.139200,0.145100,1.346806,52.080789,52.036414,2.345004,0.035315,1.443081,3,10,8,4,3,10,8,4,3,10,8,4,3,10,8,4,0.057180,0.104240,0.211460,0.217460,1,1,30:06:2022,23:46:18,1170,28.545000,77.192600,15.000000,lev20,Almucantar
IIT_Delhi,22:12:2021,09:01:32,356,356.376065,0.655300,0.398300,0.277200,0.220700,0.589200,0.329800,0.206600,0.148100,0.066100,0.068400,0.070700,0.072500,1.253940,61.237972,60.859421,3.657069,0.061265,0.653123,3,10,8,5,3,10,8,5,3,10,8,5,3,10,6,5,0.060010,0.111260,0.227070,0.232100,1,1,30:06:2022,23:48:51,1170,28.545000,77.192600,15.000000,lev20,Almucantar
IIT_Delhi,22:12:2021,10:39:20,356,356.443981,0.673200,0.412700,0.292600,0.236200,0.583100,0.317900,0.193700,0.134700,0.090000,0.094800,0.098900,0.101500,1.216187,76.301601,75.777559,1.928552,0.010999,0.669681,4,10,7,6,4,10,7,6,4,9,7,6,4,10,7,6,0.068850,0.133190,0.274930,0.277360,1,1,30:06:2022,23:53:47,1170,28.545000,77.192600,15.000000,lev20,Almucantar
IIT_Delhi,23:12:2021,03:04:39,357,357.128229,1.184000,0.734000,0.511900,0.406400,1.070900,0.616000,0.389600,0.281200,0.113100,0.118000,0.122300,0.125200,1.220359,74.581841,75.098901,5.912813,0.100174,1.176949,4,10,7,6,3,6,6,3,4,8,7,4,4,10,7,4,0.066980,0.129320,0.268230,0.274390,1,1,30:06:2022,23:31:13,1170,28.545000,77.192600,15.000000,lev20,Almucantar
IIT_Delhi,23:12:2021,03:44:06,357,357.155625,1.170100,0.724200,0.504200,0.399000,1.067100,0.616800,0.393000,0.285500,0.103000,0.107400,0.111200,0.113500,1.225161,68.113808,68.581688,1.688506,0.015934,1.165298,4,10,7,6,4,10,7,6,4,10,6,6,4,10,7,6,0.062880,0.118890,0.244910,0.251080,1,1,30:06:2022,23:40:07,1170,28.545000,77.192600,15.000000,lev20,Almucantar
IIT_Delhi,23:12:2021,04:06:03,357,357.170868,1.071100,0.663100,0.462200,0.366000,0.959900,0.545300,0.338700,0.239300,0.111200,0.117900,0.123500,0.126800,1.223221,64.829748,65.263370,1.475905,0.017394,1.066583,3,10,8,5,3,10,8,5,3,10,8,5,3,10,8,5,0.061300,0.114840,0.235820,0.242020,1,1,30:06:2022,23:47:37,1170,28.545000,77.192600,15.000000,lev20,Almucantar
IIT_Delhi,23:12:2021,05:02:06,357,357.209792,1.176000,0.726600,0.504900,0.399100,1.063500,0.607500,0.379800,0.270600,0.112500,0.119100,0.125100,0.128500,1.230374,57.787835,58.107427,1.247333,0.019916,1.171397,4,10,7,5,4,10,7,5,4,10,7,5,4,10,7,5,0.058690,0.108170,0.220650,0.226880,1,1,30:06:2022,23:21:51,1170,28.545000,77.192600,15.000000,lev20,Almucantar
IIT_Delhi,23:12:2021,07:02:03,357,357.293090,1.373300,0.863000,0.606300,0.484700,1.224400,0.707600,0.445500,0.320600,0.149000,0.155400,0.160900,0.164200,1.189491,52.071104,52.026896,7.726646,0.273873,1.367756,3,10,8,4,2,9,8,3,3,10,8,4,3,7,7,4,0.057180,0.104230,0.211440,0.217450,1,1,30:06:2022,23:25:07,1170,28.545000,77.192600,15.000000,lev20,Almucantar
IIT_Delhi,24:12:2021,03:44:32,358,358.155926,0.839600,0.519000,0.369600,0.300000,0.738700,0.414400,0.261300,0.188800,0.100900,0.104700,0.108300,0.111300,1.197399,68.112238,68.580316,2.373002,0.021575,0.836241,4,10,7,6,4,10,7,6,4,10,7,6,4,10,7,6,0.062880,0.118890,0.244910,0.251070,1,1,30:06:2022,23:36:29,1170,28.545000,77.192600,15.000000,lev20,Almucantar
IIT_Delhi,24:12:2021,04:06:36,358,358.171250,0.897500,0.553800,0.393700,0.317500,0.794500,0.446300,0.282200,0.203300,0.103000,0.107500,0.111500,0.114200,1.202467,64.809885,65.243526,1.374520,0.014644,0.893479,3,10,8,5,3,10,8,5,3,10,8,5,3,10,8,5,0.061290,0.114820,0.235770,0.241970,1,1,30:06:2022,23:21:05,1170,28.545000,77.192600,15.000000,lev20,Almucantar
IIT_Delhi,24:12:2021,06:02:35,358,358.251794,1.620700,0.981400,0.678900,0.533500,1.493400,0.848900,0.541100,0.391600,0.127300,0.132500,0.137800,0.142000,1.267727,53.061248,53.213976,1.746803,0.019464,1.615401,3,10,8,4,3,10,8,4,3,10,8,4,4,10,8,4,0.057400,0.104830,0.212920,0.219090,1,1,30:06:2022,23:29:40,1170,28.545000,77.192600,15.000000,lev20,Almucantar
IIT_Delhi,24:12:2021,07:02:35,358,358.293461,1.454800,0.888500,0.618900,0.489800,1.325700,0.753900,0.480000,0.348000,0.129100,0.134600,0.138900,0.141800,1.245295,52.054968,52.010641,1.354572,0.018576,1.449243,3,10,8,4,3,10,8,4,3,10,8,4,3,10,8,4,0.057180,0.104220,0.211420,0.217430,1,1,30:06:2022,23:40:21,1170,28.545000,77.192600,15.000000,lev20,Almucantar
IIT_Delhi,24:12:2021,08:02:36,358,358.335139,1.473100,0.896100,0.623700,0.493100,1.333900,0.751300,0.474100,0.340000,0.139200,0.144900,0.149700,0.153100,1.252557,54.963156,54.731099,1.710182,0.024927,1.467459,4,10,8,4,4,10,8,4,4,10,8,4,4,10,8,4,0.057950,0.106130,0.215660,0.221320,1,1,30:06:2022,23:49:40,1170,28.545000,77.192600,15.000000,lev20,Almucantar
IIT_Delhi,25:12:2021,05:02:59,359,359.210405,1.236400,0.781100,0.541900,0.423200,1.155900,0.697100,0.454500,0.333500,0.080500,0.084100,0.087400,0.089700,1.197740,57.763910,58.084019,1.514475,0.022529,1.232754,4,10,7,5,4,10,7,5,4,10,7,5,4,10,7,5,0.058690,0.108150,0.220610,0.226840,1,1,30:06:2022,23:42:28,1170,28.545000,77.192600,15.000000,lev20,Almucantar
IIT_Delhi,25:12:2021,06:03:02,359,359.252106,1.345800,0.867100,0.602600,0.469000,1.265000,0.783000,0.515200,0.379100,0.080800,0.084100,0.087500,0.089800,1.164758,53.039829,53.192793,1.287042,0.016633,1.342207,3,10,8,4,3,10,8,4,3,10,8,4,4,10,8,4,0.057390,0.104810,0.212880,0.219060,1,1,30:06:2022,23:50:15,1170,28.545000,77.192600,15.000000,lev20,Almucantar
IIT_Delhi,27:12:2021,04:04:00,361,361.169444,0.900800,0.538000,0.359900,0.275500,0.856300,0.491500,0.310700,0.224100,0.044500,0.046500,0.049200,0.051500,1.333315,65.328941,65.769978,1.683434,0.013751,0.899443,3,10,8,5,3,10,8,5,3,10,7,6,3,10,7,6,0.061000,0.115540,0.235110,0.241600,1,1,30:06:2022,23:36:00,1170,28.545000,77.192600,15.000000,lev20,Almucantar
IIT_Delhi,29:12:2021,04:04:57,363,363.170104,1.329400,0.818900,0.557200,0.429700,1.281800,0.769600,0.506500,0.377700,0.047600,0.049300,0.050700,0.052000,1.262714,65.254642,65.696368,1.720937,0.017632,1.325647,3,10,8,5,3,10,8,5,3,10,8,5,3,10,7,6,0.060960,0.115460,0.234930,0.241410,1,1,30:06:2022,23:32:30,1170,28.545000,77.192600,15.000000,lev20,Almucantar
IIT_Delhi,01:01:2022,03:08:59,1,1.131238,1.091200,0.663000,0.442700,0.336200,1.057200,0.627800,0.406600,0.299300,0.034000,0.035200,0.036100,0.036800,1.308931,74.317367,74.836981,1.621805,0.010889,1.087970,4,10,7,6,4,10,7,6,4,10,7,6,4,10,7,6,0.067230,0.127650,0.268980,0.276590,1,1,30:06:2022,23:35:57,1170,28.545000,77.192600,15.000000,lev20,Almucantar
IIT_Delhi,01:01:2022,04:10:50,1,1.174190,1.049600,0.637700,0.426100,0.323900,1.007800,0.594100,0.380200,0.276200,0.041800,0.043600,0.045900,0.047700,1.308085,64.445217,64.880872,1.296796,0.009830,1.047000,3,10,8,5,3,10,8,5,3,10,8,5,3,10,8,5,0.061440,0.113320,0.236300,0.243690,1,1,30:06:2022,23:21:30,1170,28.545000,77.192600,15.000000,lev20,Almucantar
IIT_Delhi,03:01:2022,04:13:48,3,3.176250,0.683800,0.411300,0.273800,0.207800,0.651400,0.377800,0.238700,0.170900,0.032500,0.033500,0.035100,0.036800,1.328680,64.013054,64.446364,1.369564,0.007361,0.682234,3,10,8,5,3,10,8,5,3,10,8,5,3,10,7,5,0.061260,0.112860,0.235230,0.242610,1,1,30:06:2022,23:38:27,1170,28.545000,77.192600,15.000000,lev20,Almucantar
IIT_Delhi,21:01:2022,09:14:38,21,21.385162,1.240400,0.826400,0.614400,0.499200,1.180500,0.764300,0.551200,0.433900,0.059900,0.062100,0.063200,0.065300,1.023823,58.354308,57.953640,2.053547,0.015627,1.237587,4,10,7,5,4,10,7,5,4,10,4,5,4,7,5,4,0.057910,0.108500,0.222250,0.228310,1,1,30:06:2022,23:35:03,1170,28.545000,77.192600,15.000000,lev20,Almucantar
IIT_Delhi,24:01:2022,11:07:03,24,24.463229,0.961100,0.558700,0.372700,0.285900,0.925800,0.522300,0.335300,0.247500,0.035300,0.036400,0.037500,0.038500,1.379243,76.237177,75.677406,4.705410,0.100863,0.956250,4,10,7,6,4,10,7,6,4,10,6,4,4,10,6,3,0.068070,0.133420,0.276110,0.279420,1,1,30:06:2022,23:40:50,1170,28.545000,77.192600,15.000000,lev20,Almucantar
IIT_Delhi,27:01:2022,04:16:07,27,27.177859,0.686600,0.396900,0.272400,0.215600,0.630500,0.337700,0.209900,0.150900,0.056000,0.059200,0.062500,0.064800,1.350649,61.573553,62.043617,1.426643,0.018651,0.685094,3,10,8,5,3,10,8,5,3,10,8,5,3,10,8,5,0.058200,0.111060,0.228200,0.234890,1,1,30:06:2022,23:37:08,1170,28.545000,77.192600,15.000000,lev20,Almucantar
IIT_Delhi,29:01:2022,03:03:43,29,29.127581,0.366800,0.214500,0.152300,0.124300,0.318500,0.162300,0.096900,0.067100,0.048300,0.052100,0.055400,0.057200,1.287981,73.791841,74.353099,0.986827,0.011134,0.365915,4,10,7,6,4,10,7,6,4,10,7,6,4,10,7,6,0.064940,0.127940,0.265400,0.272040,1,1,30:06:2022,23:28:25,1170,28.545000,77.192600,15.000000,lev20,Almucantar
IIT_Delhi,29:01:2022,03:38:30,29,29.151736,0.366000,0.209700,0.146900,0.118900,0.324000,0.164500,0.098900,0.069400,0.042000,0.045300,0.048000,0.049500,1.337617,67.496502,68.022384,1.248282,0.011214,0.365046,4,10,7,6,4,10,7,6,4,10,7,6,4,10,7,6,0.060920,0.117880,0.243280,0.249950,1,1,30:06:2022,23:33:25,1170,28.545000,77.192600,15.000000,lev20,Almucantar
IIT_Delhi,29:01:2022,09:16:33,29,29.386493,0.438400,0.249800,0.179400,0.149200,0.362200,0.168000,0.094200,0.062500,0.076300,0.081800,0.085200,0.086700,1.313543,56.756035,56.343002,2.081134,0.057767,0.436262,4,10,8,4,4,10,8,4,4,10,8,4,4,10,8,4,0.056660,0.106930,0.218410,0.224080,1,1,30:06:2022,23:44:25,1170,28.545000,77.192600,15.000000,lev20,Almucantar
IIT_Delhi,29:01:2022,10:16:33,29,29.428160,0.412500,0.235700,0.168200,0.139200,0.342700,0.160600,0.090000,0.059700,0.069800,0.075100,0.078200,0.079500,1.317537,66.139715,65.627188,1.991549,0.052988,0.410913,4,10,7,6,4,10,7,6,3,10,7,6,3,10,7,6,0.060500,0.116330,0.238780,0.243370,1,1,30:06:2022,23:46:12,1170,28.545000,77.192600,15.000000,lev20,Almucantar
IIT_Delhi,29:01:2022,10:54:29,29,29.454502,0.406400,0.234900,0.169500,0.141100,0.339000,0.162900,0.094200,0.064000,0.067400,0.072000,0.075300,0.077100,1.284994,72.920310,72.365889,2.510999,0.031946,0.404983,4,10,7,6,4,10,7,6,4,10,7,6,4,10,7,5,0.064740,0.126650,0.260860,0.264240,1,1,30:06:2022,23:31:35,1170,28.545000,77.192600,15.000000,lev20,Almucantar
IIT_Delhi,29:01:2022,11:12:49,29,29.467234,0.400300,0.232300,0.168600,0.140600,0.325400,0.151300,0.084500,0.055600,0.074900,0.081000,0.084100,0.085000,1.271128,76.364935,75.795045,1.820929,0.011973,0.398558,4,9,6,6,4,10,7,6,4,10,7,6,4,10,7,6,0.067640,0.133670,0.275780,0.278300,1,1,30:06:2022,23:34:12,1170,28.545000,77.192600,15.000000,lev20,Almucantar
IIT_Delhi,30:01:2022,03:01:03,30,30.125729,0.513900,0.323100,0.233400,0.190600,0.455800,0.261500,0.168500,0.123600,0.058100,0.061600,0.064900,0.067000,1.152161,74.157391,74.722407,1.535790,0.010364,0.512368,4,10,7,6,4,10,7,6,4,10,7,6,4,10,7,6,0.065220,0.128640,0.266940,0.273590,1,1,30:06:2022,23:35:53,1170,28.545000,77.192600,15.000000,lev20,Almucantar
IIT_Delhi,30:01:2022,09:16:48,30,30.386667,0.430600,0.257700,0.186200,0.154700,0.350700,0.170300,0.095700,0.063800,0.079900,0.087400,0.090500,0.091000,1.228892,56.546837,56.131938,2.291051,0.094730,0.428337,4,10,8,4,4,10,8,4,4,10,8,4,4,10,8,4,0.056600,0.106770,0.218050,0.223730,1,1,30:06:2022,23:31:16,1170,28.545000,77.192600,15.000000,lev20,Almucantar
IIT_Delhi,30:01:2022,10:55:36,30,30.455278,0.415600,0.249900,0.181500,0.151000,0.345900,0.175700,0.103300,0.070400,0.069700,0.074200,0.078200,0.080600,1.214725,72.927427,72.370741,1.502239,0.017671,0.413613,4,10,7,6,4,10,7,6,4,10,7,6,4,10,7,6,0.064750,0.126660,0.260880,0.264260,1,1,30:06:2022,23:38:36,1170,28.545000,77.192600,15.000000,lev20,Almucantar
IIT_Delhi,30:01:2022,11:13:54,30,30.467986,0.432700,0.258200,0.186200,0.154200,0.364500,0.185500,0.109700,0.075400,0.068200,0.072700,0.076600,0.078800,1.236010,76.378735,75.806827,2.069289,0.008143,0.430677,4,10,7,6,4,10,7,6,4,10,7,6,4,10,7,6,0.067640,0.133690,0.275830,0.278360,1,1,30:06:2022,23:41:04,1170,28.545000,77.192600,15.000000,lev20,Almucantar
IIT_Delhi,31:01:2022,04:16:56,31,31.178426,1.040400,0.620000,0.425300,0.333800,0.956400,0.532300,0.333300,0.238500,0.084000,0.087700,0.092000,0.095300,1.303792,60.750364,61.226811,2.104505,0.031704,1.037892,3,10,8,5,3,10,8,5,3,10,8,5,3,10,8,5,0.057880,0.110260,0.226430,0.233160,1,1,30:06:2022,23:39:38,1170,28.545000,77.192600,15.000000,lev20,Almucantar
IIT_Delhi,01:02:2022,05:17:07,32,32.220220,1.192000,0.760000,0.551400,0.447400,1.076400,0.638400,0.423500,0.315300,0.115600,0.121600,0.127900,0.132100,1.124581,52.166300,52.521734,1.219163,0.021032,1.188609,3,10,8,4,3,10,8,4,3,10,8,4,3,10,8,4,0.055250,0.103620,0.211490,0.218270,1,1,30:06:2022,23:36:31,1170,28.545000,77.192600,15.000000,lev20,Almucantar
IIT_Delhi,01:02:2022,10:17:05,32,32.428530,0.982100,0.626100,0.448800,0.359400,0.883300,0.522500,0.340300,0.247400,0.098800,0.103600,0.108500,0.112000,1.140621,65.578797,65.061428,1.408832,0.009931,0.978671,3,10,7,6,3,10,7,6,3,10,7,5,3,10,8,5,0.060220,0.115640,0.237280,0.241930,1,1,30:06:2022,23:59:51,1170,28.545000,77.192600,15.000000,lev20,Almucantar
IIT_Delhi,02:02:2022,05:17:13,33,33.220289,1.017000,0.699500,0.508500,0.405900,0.962900,0.643200,0.450100,0.345600,0.054200,0.056300,0.058500,0.060200,1.003567,51.919917,52.277180,3.137952,0.055519,1.014508,3,10,8,4,3,10,8,3,3,10,8,4,3,10,8,4,0.055620,0.104340,0.211870,0.218630,1,1,30:06:2022,23:49:00,1170,28.545000,77.192600,15.000000,lev20,Almucantar
IIT_Delhi,02:02:2022,09:17:12,33,33.386944,0.613500,0.377300,0.265400,0.211600,0.540200,0.299600,0.183700,0.127500,0.073300,0.077700,0.081700,0.084100,1.221579,55.858822,55.438664,2.066562,0.024952,0.611076,4,10,8,4,4,10,7,4,4,10,5,4,4,9,6,4,0.056900,0.107270,0.217680,0.223350,1,1,30:06:2022,23:34:49,1170,28.545000,77.192600,15.000000,lev20,Almucantar
IIT_Delhi,07:02:2022,02:54:55,38,38.121470,0.677000,0.488400,0.408300,0.369800,0.451200,0.245800,0.154200,0.109800,0.225800,0.242600,0.254100,0.260100,0.745418,74.086223,74.668046,1.876133,0.022379,0.673072,4,10,7,6,4,10,7,6,4,10,7,6,4,10,7,6,0.066210,0.130670,0.268000,0.274490,1,1,30:06:2022,23:41:43,1170,28.545000,77.192600,15.000000,lev20,Almucantar
IIT_Delhi,08:02:2022,03:30:07,39,39.145914,0.922200,0.612000,0.489800,0.434700,0.680800,0.352400,0.217800,0.156300,0.241400,0.259600,0.272000,0.278400,0.933125,67.253135,67.805431,1.338427,0.013184,0.916183,4,10,7,6,4,10,7,6,4,10,7,6,4,10,7,6,0.061570,0.119160,0.243660,0.250250,1,1,30:06:2022,23:48:26,1170,28.545000,77.192600,15.000000,lev20,Almucantar
IIT_Delhi,14:02:2022,02:48:37,45,45.117095,0.319300,0.193000,0.143300,0.121500,0.260800,0.130500,0.077700,0.054300,0.058500,0.062500,0.065600,0.067200,1.177594,74.004886,74.601269,1.121602,0.013460,0.318056,4,10,7,6,4,10,7,6,4,10,7,6,4,10,7,6,0.065740,0.131110,0.266270,0.272750,1,1,30:06:2022,23:39:51,1170,28.545000,77.192600,15.000000,lev20,Almucantar
IIT_Delhi,16:02:2022,03:21:50,47,47.140162,0.508500,0.297200,0.219000,0.185200,0.410700,0.191300,0.109300,0.074300,0.097800,0.105900,0.109700,0.110900,1.240073,67.104494,67.678175,1.220354,0.019582,0.506523,4,10,7,6,4,10,7,6,4,10,7,6,4,10,7,6,0.060860,0.119350,0.241890,0.248480,1,1,30:06:2022,23:43:05,1170,28.545000,77.192600,15.000000,lev20,Almucantar
IIT_Delhi,21:02:2022,09:17:04,52,52.386852,0.347000,0.224100,0.183000,0.164900,0.233700,0.102200,0.056100,0.036200,0.113300,0.121900,0.126900,0.128700,0.946272,50.888116,50.427609,2.656168,0.152737,0.343659,3,10,8,4,3,10,8,4,3,10,8,4,3,10,8,4,0.055060,0.106980,0.210100,0.213560,1,1,17:05:2024,18:24:54,1292,28.545000,77.192600,15.000000,lev20,Almucantar
IIT_Delhi,21:02:2022,10:17:19,52,52.428692,0.367000,0.233300,0.186900,0.166400,0.261600,0.120300,0.068600,0.045400,0.105400,0.113000,0.118300,0.121000,0.995981,61.209935,60.656109,1.812691,0.103993,0.364812,3,10,8,5,3,10,8,5,3,10,8,4,3,10,8,5,0.059120,0.116130,0.227960,0.229790,1,1,17:05:2024,18:30:02,1292,28.545000,77.192600,15.000000,lev20,Almucantar
IIT_Delhi,21:02:2022,10:37:11,52,52.442488,0.328600,0.209100,0.168100,0.149900,0.233600,0.107200,0.062700,0.043000,0.095000,0.101900,0.105400,0.106900,0.989824,64.958197,64.383765,2.529793,0.069306,0.326414,3,10,8,5,3,10,8,5,3,10,8,5,3,10,8,5,0.061180,0.120750,0.236920,0.237970,1,1,17:05:2024,18:35:08,1292,28.545000,77.192600,15.000000,lev20,Almucantar
IIT_Delhi,21:02:2022,11:19:45,52,52.472049,0.289000,0.186400,0.150800,0.135100,0.198100,0.089200,0.049900,0.032400,0.090900,0.097200,0.100900,0.102600,0.960537,73.371607,72.764788,2.057842,0.047275,0.286879,4,10,7,6,4,10,7,6,4,10,7,6,4,10,7,6,0.067590,0.135100,0.264630,0.263260,1,1,17:05:2024,18:15:41,1292,28.545000,77.192600,15.000000,lev20,Almucantar
IIT_Delhi,21:02:2022,11:37:54,52,52.484653,0.272900,0.177200,0.143800,0.129200,0.186300,0.083900,0.046500,0.030200,0.086600,0.093300,0.097300,0.099000,0.946054,77.077389,76.461149,2.559673,0.033711,0.270959,3,10,6,6,3,10,6,6,4,10,7,6,4,10,7,6,0.071550,0.143950,0.281660,0.278820,1,1,17:05:2024,18:17:42,1292,28.545000,77.192600,15.000000,lev20,Almucantar
IIT_Delhi,23:02:2022,10:37:03,54,54.442396,1.182800,0.761600,0.564800,0.470600,1.007200,0.577500,0.373500,0.275000,0.175600,0.184200,0.191400,0.195700,1.077281,64.529676,63.951600,1.686331,0.015568,1.177090,3,10,8,5,3,10,8,5,3,10,8,5,3,10,8,5,0.060930,0.120180,0.235790,0.236940,1,1,17:05:2024,18:36:22,1292,28.545000,77.192600,15.000000,lev20,Almucantar
IIT_Delhi,23:02:2022,11:20:37,54,54.472650,1.124600,0.722200,0.536600,0.448300,0.944200,0.533100,0.339600,0.246000,0.180400,0.189100,0.197100,0.202300,1.078932,73.192391,72.582113,2.280539,0.032749,1.118355,4,10,7,6,4,10,7,6,4,10,7,6,4,10,7,6,0.067420,0.134710,0.263870,0.262570,1,1,17:05:2024,18:17:17,1292,28.545000,77.192600,15.000000,lev20,Almucantar
IIT_Delhi,23:02:2022,11:38:52,54,54.485324,1.112300,0.715500,0.532500,0.445500,0.927900,0.522400,0.331300,0.238800,0.184300,0.193000,0.201300,0.206700,1.074157,76.938363,76.319011,3.184778,0.013387,1.105559,3,10,7,6,3,10,7,6,4,10,7,6,4,10,7,6,0.071400,0.143590,0.280960,0.278150,1,1,17:05:2024,18:19:46,1292,28.545000,77.192600,15.000000,lev20,Almucantar
IIT_Delhi,25:02:2022,04:05:19,56,56.170359,1.156100,0.750100,0.560500,0.470700,0.954900,0.535200,0.335000,0.239400,0.201300,0.214900,0.225500,0.231300,1.055493,56.728786,57.271155,1.443091,0.026002,1.150637,4,10,8,4,4,10,8,4,4,10,8,4,4,10,7,5,0.056900,0.111490,0.219620,0.223540,1,1,17:05:2024,18:30:50,1292,28.545000,77.192600,15.000000,lev20,Almucantar
IIT_Delhi,25:02:2022,04:24:43,56,56.183831,1.083200,0.701500,0.526900,0.445100,0.884900,0.490700,0.305800,0.218100,0.198300,0.210800,0.221100,0.227100,1.051600,53.322531,53.837069,1.445007,0.029999,1.077618,3,10,8,4,4,10,8,4,4,10,8,4,4,10,8,4,0.055690,0.108660,0.213980,0.218140,1,1,17:05:2024,18:16:20,1292,28.545000,77.192600,15.000000,lev20,Almucantar
IIT_Delhi,25:02:2022,11:42:19,56,56.487720,0.664400,0.457700,0.369900,0.330600,0.465100,0.242700,0.145100,0.101700,0.199300,0.215000,0.224900,0.228900,0.859391,77.322255,76.698894,6.528337,0.132573,0.661939,3,9,7,6,3,10,7,6,3,10,7,6,3,10,6,6,0.071860,0.144620,0.282940,0.279940,1,1,17:05:2024,18:24:53,1292,28.545000,77.192600,15.000000,lev20,Almucantar
IIT_Delhi,27:02:2022,03:09:04,58,58.131296,0.605700,0.373800,0.265800,0.215600,0.532000,0.294600,0.182300,0.129500,0.073800,0.079200,0.083500,0.086100,1.198468,66.936999,67.537996,1.888582,0.013624,0.603825,4,10,7,6,4,10,7,6,4,10,7,6,4,10,7,5,0.061190,0.123250,0.246140,0.249650,1,1,17:05:2024,18:34:43,1292,28.545000,77.192600,15.000000,lev20,Almucantar
IIT_Delhi,27:02:2022,04:03:22,58,58.169005,0.517500,0.314900,0.226000,0.184000,0.452400,0.244500,0.151800,0.107600,0.065100,0.070400,0.074300,0.076400,1.208259,56.514290,57.062983,1.082275,0.025195,0.515575,4,10,8,4,4,10,8,4,4,10,8,4,4,10,7,5,0.056150,0.111210,0.221870,0.226030,1,1,17:05:2024,18:39:35,1292,28.545000,77.192600,15.000000,lev20,Almucantar
IIT_Delhi,27:02:2022,04:22:58,58,58.182616,0.497500,0.303000,0.218400,0.178000,0.434300,0.234400,0.145800,0.103400,0.063200,0.068600,0.072600,0.074700,1.201211,53.029444,53.550830,1.065302,0.020410,0.495445,3,10,8,4,3,10,8,4,4,10,8,4,4,10,8,4,0.054950,0.108340,0.216070,0.220420,1,1,17:05:2024,18:19:53,1292,28.545000,77.192600,15.000000,lev20,Almucantar
IIT_Delhi,27:02:2022,10:36:37,58,58.442095,0.368200,0.220600,0.160800,0.132700,0.312600,0.161800,0.099000,0.068700,0.055600,0.058800,0.061800,0.064000,1.212047,63.654912,63.069609,1.557648,0.006054,0.365933,3,10,8,5,3,10,6,5,3,10,8,5,3,10,8,5,0.059650,0.119010,0.236450,0.238070,1,1,17:05:2024,18:20:40,1292,28.545000,77.192600,15.000000,lev20,Almucantar
IIT_Delhi,27:02:2022,11:24:20,58,58.475231,0.396400,0.238000,0.172400,0.142500,0.337900,0.175100,0.106100,0.074500,0.058500,0.062900,0.066300,0.068000,1.216959,73.263954,72.645911,2.579271,0.013580,0.393747,4,10,7,6,4,10,7,6,4,10,7,6,4,10,5,6,0.066500,0.134840,0.267420,0.266700,1,1,17:05:2024,18:26:02,1292,28.545000,77.192600,15.000000,lev20,Almucantar
IIT_Delhi,27:02:2022,11:42:32,58,58.487870,0.392400,0.236800,0.171800,0.141900,0.335000,0.175000,0.106400,0.074800,0.057400,0.061800,0.065400,0.067100,1.206984,77.042803,76.416803,2.436486,0.005116,0.389878,4,9,7,6,4,9,7,6,4,9,7,6,4,10,7,6,0.070430,0.143870,0.285020,0.282920,1,1,17:05:2024,18:28:02,1292,28.545000,77.192600,15.000000,lev20,Almucantar
IIT_Delhi,28:02:2022,02:33:31,59,59.106609,0.266100,0.157000,0.112700,0.093000,0.238300,0.127500,0.081500,0.060900,0.027800,0.029500,0.031100,0.032100,1.256043,73.939836,74.562835,1.181896,0.008005,0.265159,4,10,7,6,4,10,7,6,4,10,7,6,4,10,7,6,0.066510,0.135870,0.271510,0.274490,1,1,17:05:2024,18:34:15,1292,28.545000,77.192600,15.000000,lev20,Almucantar
IIT_Delhi,28:02:2022,03:08:28,59,59.130880,0.265100,0.155000,0.111400,0.092700,0.229900,0.116800,0.070900,0.051300,0.035200,0.038200,0.040400,0.041400,1.268539,66.800845,67.403706,1.884493,0.011647,0.264047,4,10,7,6,4,10,7,6,4,10,7,6,4,10,7,6,0.061100,0.123040,0.245710,0.249260,1,1,17:05:2024,18:19:56,1292,28.545000,77.192600,15.000000,lev20,Almucantar
IIT_Delhi,28:02:2022,04:00:57,59,59.167326,0.249200,0.143600,0.104500,0.087600,0.216700,0.108500,0.067600,0.049700,0.032600,0.035100,0.036900,0.037800,1.274840,56.670582,57.224162,2.454823,0.069794,0.248242,4,10,8,4,4,10,8,4,4,10,8,4,4,10,7,5,0.056200,0.111350,0.222160,0.226310,1,1,17:05:2024,18:23:43,1292,28.545000,77.192600,15.000000,lev20,Almucantar
IIT_Delhi,28:02:2022,04:22:30,59,59.182292,0.253700,0.145000,0.105400,0.087600,0.225200,0.115100,0.074400,0.055800,0.028500,0.029800,0.031000,0.031800,1.289073,52.810594,53.334749,1.815857,0.039433,0.252781,3,10,8,4,3,10,8,4,3,10,8,4,4,10,8,4,0.054880,0.108170,0.215730,0.220100,1,1,17:05:2024,18:27:45,1292,28.545000,77.192600,15.000000,lev20,Almucantar
IIT_Delhi,28:02:2022,10:16:19,59,59.427998,0.331600,0.194200,0.148700,0.128200,0.260000,0.116500,0.067100,0.045000,0.071700,0.077700,0.081600,0.083200,1.182910,59.541509,58.973898,1.941249,0.107894,0.329980,3,10,8,5,3,10,8,5,3,10,8,5,3,11,7,5,0.057620,0.114270,0.227160,0.229490,1,1,17:05:2024,18:26:34,1292,28.545000,77.192600,15.000000,lev20,Almucantar
IIT_Delhi,28:02:2022,10:38:19,59,59.443275,0.332300,0.194200,0.148700,0.128800,0.257100,0.112600,0.063500,0.042300,0.075200,0.081600,0.085200,0.086500,1.186192,63.794661,63.205986,1.715195,0.066146,0.329686,3,10,8,5,3,10,8,5,3,10,8,5,3,10,8,5,0.059720,0.119180,0.236800,0.238380,1,1,17:05:2024,18:31:55,1292,28.545000,77.192600,15.000000,lev20,Almucantar
IIT_Delhi,28:02:2022,11:25:04,59,59.475741,0.322300,0.191300,0.146600,0.126800,0.246600,0.109300,0.061400,0.040400,0.075800,0.082000,0.085300,0.086400,1.160973,73.247357,72.627548,1.136039,0.019117,0.319433,4,10,7,6,4,10,7,6,4,10,7,6,4,10,7,6,0.066490,0.134800,0.267330,0.266640,1,1,17:05:2024,18:36:09,1292,28.545000,77.192600,15.000000,lev20,Almucantar
IIT_Delhi,01:03:2022,03:08:03,60,60.130590,0.450400,0.278100,0.207800,0.176400,0.373600,0.194500,0.120200,0.087000,0.076800,0.083600,0.087600,0.089300,1.132659,66.626080,67.230655,1.548694,0.013944,0.447875,4,10,7,6,4,10,7,6,4,10,7,6,4,10,7,6,0.061010,0.122810,0.245240,0.248760,1,1,17:05:2024,18:37:26,1292,28.545000,77.192600,15.000000,lev20,Almucantar
IIT_Delhi,01:03:2022,10:16:09,60,60.427882,0.593800,0.353000,0.265200,0.226200,0.468600,0.217400,0.124100,0.082700,0.125200,0.135600,0.141100,0.143400,1.184569,59.303517,58.733915,1.448982,0.050199,0.590139,3,10,8,5,3,10,8,5,3,11,7,5,4,10,7,5,0.057510,0.114030,0.226680,0.229040,1,1,17:05:2024,18:37:31,1292,28.545000,77.192600,15.000000,lev20,Almucantar
IIT_Delhi,01:03:2022,10:38:05,60,60.443113,0.614700,0.367100,0.276700,0.236400,0.478100,0.218400,0.122700,0.081200,0.136600,0.148800,0.154000,0.155300,1.173143,63.557109,62.966740,1.650870,0.020776,0.610981,3,10,8,5,3,10,8,5,3,10,8,5,3,10,8,5,0.059590,0.118870,0.236190,0.237830,1,1,17:05:2024,18:17:34,1292,28.545000,77.192600,15.000000,lev20,Almucantar
IIT_Delhi,01:03:2022,11:25:53,60,60.476308,0.691100,0.421300,0.320700,0.275900,0.527400,0.243500,0.136000,0.088800,0.163800,0.177800,0.184700,0.187100,1.128207,73.250243,72.628657,1.465811,0.014976,0.686930,4,10,7,6,4,10,7,6,4,10,7,6,4,10,7,6,0.066490,0.134800,0.267340,0.266640,1,1,17:05:2024,18:24:55,1292,28.545000,77.192600,15.000000,lev20,Almucantar
IIT_Delhi,01:03:2022,11:44:02,60,60.488912,0.706900,0.430300,0.327300,0.281600,0.542100,0.251700,0.141700,0.093400,0.164800,0.178600,0.185600,0.188200,1.131496,77.038264,76.409251,2.143832,0.011609,0.702578,4,9,6,6,4,9,7,6,4,9,7,6,4,10,7,6,0.070420,0.143840,0.284970,0.282880,1,1,17:05:2024,18:27:38,1292,28.545000,77.192600,15.000000,lev20,Almucantar
IIT_Delhi,02:03:2022,04:19:28,61,61.180185,0.633000,0.366900,0.259300,0.208600,0.576700,0.307700,0.197300,0.144500,0.056400,0.059300,0.062100,0.064000,1.304121,52.738862,53.271624,2.487620,0.021477,0.630202,3,10,8,4,3,10,8,4,3,10,8,4,4,10,8,3,0.054860,0.108130,0.215650,0.220010,1,1,17:05:2024,18:37:38,1292,28.545000,77.192600,15.000000,lev20,Almucantar
IIT_Delhi,03:03:2022,03:57:31,62,62.164942,0.637700,0.384000,0.289400,0.247500,0.517300,0.255600,0.154600,0.108900,0.120400,0.128400,0.134900,0.138600,1.160437,56.441640,57.004867,0.980840,0.027882,0.634143,4,10,8,4,4,10,8,4,4,10,8,4,4,10,8,4,0.056120,0.111150,0.221750,0.225930,1,1,17:05:2024,18:21:24,1292,28.545000,77.192600,15.000000,lev20,Almucantar
IIT_Delhi,03:03:2022,04:19:07,62,62.179942,0.600500,0.360900,0.273800,0.235300,0.472800,0.221900,0.129000,0.088200,0.127800,0.139000,0.144800,0.147100,1.154755,52.497151,53.032448,1.081817,0.032498,0.597177,3,10,8,4,3,10,8,4,3,10,8,4,3,10,8,4,0.054790,0.107950,0.215290,0.219660,1,1,17:05:2024,18:26:50,1292,28.545000,77.192600,15.000000,lev20,Almucantar
IIT_Delhi,03:03:2022,10:15:42,62,62.427569,0.697400,0.423900,0.325400,0.280900,0.532600,0.246000,0.140900,0.093900,0.164800,0.177800,0.184500,0.187100,1.121742,58.809328,58.235845,1.354266,0.028535,0.693211,3,11,7,5,4,10,7,5,4,10,7,5,4,10,7,5,0.057300,0.113530,0.225680,0.228120,1,1,17:05:2024,18:38:20,1292,28.545000,77.192600,15.000000,lev20,Almucantar
IIT_Delhi,03:03:2022,10:37:45,62,62.442882,0.682800,0.418300,0.321900,0.279400,0.515000,0.236400,0.132900,0.088100,0.167800,0.181900,0.189000,0.191300,1.106252,63.112447,62.518577,1.042820,0.024689,0.678625,3,10,8,5,3,10,8,5,3,10,8,4,3,10,8,5,0.059370,0.118340,0.235140,0.236810,1,1,17:05:2024,18:43:53,1292,28.545000,77.192600,15.000000,lev20,Almucantar
IIT_Delhi,03:03:2022,11:27:42,62,62.477569,0.807800,0.493000,0.377300,0.326600,0.628000,0.302800,0.177600,0.121200,0.179800,0.190300,0.199600,0.205400,1.119398,73.301149,72.676028,1.208151,0.012834,0.802921,4,10,7,6,4,10,7,6,4,10,7,6,4,10,7,6,0.066540,0.134910,0.267560,0.266820,1,1,17:05:2024,18:18:50,1292,28.545000,77.192600,15.000000,lev20,Almucantar
IIT_Delhi,03:03:2022,11:45:55,62,62.490220,0.833200,0.507100,0.387200,0.335100,0.633400,0.291300,0.162000,0.106000,0.199800,0.215800,0.225300,0.229100,1.126708,77.122648,76.490633,1.994898,0.007737,0.827953,4,10,6,6,4,10,6,6,4,10,7,6,4,10,7,6,0.070540,0.144100,0.285430,0.283280,1,1,17:05:2024,18:22:05,1292,28.545000,77.192600,15.000000,lev20,Almucantar
IIT_Delhi,04:03:2022,02:28:53,63,63.103391,0.985200,0.593100,0.425000,0.347700,0.874000,0.475900,0.301600,0.220000,0.111200,0.117200,0.123400,0.127700,1.226993,73.922010,74.551491,1.531758,0.012831,0.980935,4,10,7,6,4,10,7,6,4,10,7,6,4,10,7,6,0.066490,0.135850,0.271480,0.274440,1,1,17:05:2024,18:19:16,1292,28.545000,77.192600,15.000000,lev20,Almucantar
IIT_Delhi,04:03:2022,03:02:33,63,63.126771,1.061500,0.632800,0.451100,0.367500,0.948300,0.513600,0.325600,0.237500,0.113200,0.119200,0.125600,0.129900,1.249059,66.955575,67.567888,1.679177,0.012530,1.057632,4,10,7,6,4,10,7,6,4,10,7,6,4,10,7,6,0.061210,0.123290,0.246220,0.249730,1,1,17:05:2024,18:27:14,1292,28.545000,77.192600,15.000000,lev20,Almucantar
IIT_Delhi,04:03:2022,10:15:34,63,63.427477,0.538200,0.320000,0.235500,0.197600,0.438000,0.209900,0.121000,0.081800,0.100200,0.110100,0.114500,0.115800,1.211365,58.581935,58.006408,1.941408,0.064380,0.535680,4,10,7,5,4,10,7,5,4,10,7,5,4,10,7,5,0.057200,0.113300,0.225240,0.227700,1,1,17:05:2024,18:43:07,1292,28.545000,77.192600,15.000000,lev20,Almucantar
IIT_Delhi,04:03:2022,10:37:39,63,63.442813,0.518200,0.308900,0.227700,0.190000,0.439100,0.223400,0.137400,0.097300,0.079100,0.085600,0.090300,0.092700,1.205245,62.905574,62.309901,3.186607,0.038656,0.515977,3,10,8,5,3,10,8,5,3,10,8,5,3,10,8,5,0.059250,0.118070,0.234610,0.236340,1,1,17:05:2024,18:47:47,1292,28.545000,77.192600,15.000000,lev20,Almucantar
IIT_Delhi,05:03:2022,02:27:43,64,64.102581,0.433300,0.277500,0.202400,0.164900,0.401700,0.244900,0.168300,0.129300,0.031600,0.032700,0.034100,0.035600,1.107478,73.916523,74.547528,1.191330,0.008336,0.431800,4,10,7,6,4,10,7,6,4,10,7,6,4,10,7,6,0.066480,0.135820,0.271410,0.274420,1,1,17:05:2024,18:42:39,1292,28.545000,77.192600,15.000000,lev20,Almucantar
IIT_Delhi,05:03:2022,03:02:13,64,64.126539,0.376800,0.236700,0.173300,0.141200,0.339500,0.196900,0.130400,0.096200,0.037300,0.039800,0.042800,0.045000,1.132544,66.759598,67.373442,1.128762,0.010060,0.375568,4,10,7,6,4,10,7,6,4,10,7,6,4,10,7,6,0.061080,0.122990,0.245650,0.249170,1,1,17:05:2024,18:20:08,1292,28.545000,77.192600,15.000000,lev20,Almucantar
IIT_Delhi,05:03:2022,03:53:36,64,64.162222,0.338600,0.207000,0.152800,0.125100,0.302300,0.168700,0.112100,0.082500,0.036300,0.038200,0.040600,0.042600,1.164119,56.597805,57.169035,2.100264,0.019968,0.337184,4,10,8,4,4,10,8,4,4,10,8,4,4,10,7,5,0.056170,0.111270,0.222020,0.226210,1,1,17:05:2024,18:24:03,1292,28.545000,77.192600,15.000000,lev20,Almucantar
IIT_Delhi,05:03:2022,10:15:17,64,64.427280,0.379200,0.224000,0.166700,0.140400,0.314800,0.155000,0.093800,0.065400,0.064400,0.069000,0.072900,0.075000,1.206858,58.327157,57.749737,2.610375,0.058412,0.377223,4,10,7,5,4,10,7,5,4,10,6,5,4,10,6,5,0.057100,0.113060,0.224760,0.227240,1,1,17:05:2024,18:36:15,1292,28.545000,77.192600,15.000000,lev20,Almucantar
IIT_Delhi,05:03:2022,10:37:23,64,64.442627,0.366900,0.218300,0.162900,0.138500,0.291400,0.135900,0.076600,0.050600,0.075500,0.082500,0.086300,0.087900,1.192091,62.667036,62.069700,2.431720,0.056138,0.364945,3,10,8,5,3,10,8,5,3,9,8,5,3,10,8,5,0.059130,0.117790,0.234070,0.235810,1,1,17:05:2024,18:19:32,1292,28.545000,77.192600,15.000000,lev20,Almucantar
IIT_Delhi,05:03:2022,11:29:13,64,64.478623,0.375400,0.217400,0.160000,0.134300,0.313200,0.151100,0.090200,0.062500,0.062200,0.066400,0.069800,0.071800,1.252309,73.298730,72.670352,1.977251,0.025416,0.372922,4,10,7,6,4,10,7,6,4,10,7,6,4,10,7,6,0.066550,0.134940,0.267570,0.266800,1,1,17:05:2024,18:24:08,1292,28.545000,77.192600,15.000000,lev20,Almucantar
IIT_Delhi,05:03:2022,11:47:32,64,64.491343,0.387600,0.223800,0.163700,0.136800,0.326700,0.158800,0.095200,0.066300,0.060900,0.065000,0.068500,0.070500,1.264998,77.159327,76.524545,2.535412,0.006614,0.385055,4,9,6,6,4,8,7,6,4,10,6,6,4,10,7,6,0.070570,0.144160,0.285590,0.283440,1,1,17:05:2024,18:26:07,1292,28.545000,77.192600,15.000000,lev20,Almucantar
IIT_Delhi,07:03:2022,10:14:42,66,66.426875,0.867000,0.519400,0.387900,0.326900,0.698100,0.334000,0.191800,0.126800,0.168900,0.185500,0.196000,0.200200,1.180364,57.818658,57.237459,2.622543,0.055557,0.863034,4,10,7,5,4,10,7,5,4,10,7,5,4,9,7,5,0.058320,0.114490,0.233490,0.237180,1,1,17:05:2024,18:27:31,1292,28.545000,77.192600,15.000000,lev20,Almucantar
IIT_Delhi,07:03:2022,10:38:48,66,66.443611,1.146000,0.674500,0.500000,0.420800,0.950000,0.468200,0.283300,0.196800,0.196000,0.206200,0.216700,0.224000,1.217662,62.585955,61.983807,1.559084,0.018978,1.140188,3,10,8,5,3,10,8,5,3,10,8,5,3,10,8,5,0.060670,0.119850,0.244260,0.247210,1,1,17:05:2024,18:31:32,1292,28.545000,77.192600,15.000000,lev20,Almucantar
IIT_Delhi,07:03:2022,11:50:25,66,66.493345,1.128400,0.676600,0.506400,0.430600,0.913800,0.449900,0.268100,0.185700,0.214600,0.226700,0.238200,0.244900,1.176129,77.473465,76.835765,2.720507,0.012919,1.120124,4,8,7,6,4,9,7,6,4,9,7,6,4,9,7,6,0.073290,0.148480,0.301330,0.300230,1,1,17:05:2024,18:34:17,1292,28.545000,77.192600,15.000000,lev20,Almucantar
IIT_Delhi,08:03:2022,02:57:27,67,67.123229,0.797500,0.499100,0.365000,0.300700,0.709400,0.405600,0.266700,0.199300,0.088200,0.093500,0.098400,0.101400,1.139883,66.940328,67.560781,1.227249,0.013207,0.794785,4,10,7,6,4,10,7,6,4,10,7,6,4,10,7,6,0.062920,0.125710,0.257480,0.262370,1,1,17:05:2024,18:32:15,1292,28.545000,77.192600,15.000000,lev20,Almucantar
IIT_Delhi,08:03:2022,04:14:18,67,67.176597,0.738200,0.453600,0.330400,0.270400,0.637900,0.345900,0.215900,0.151800,0.100300,0.107700,0.114500,0.118600,1.173652,51.832282,52.384270,2.184906,0.017617,0.735863,3,10,8,4,3,10,8,4,3,10,8,4,3,10,8,4,0.055850,0.109150,0.223340,0.228980,1,1,17:05:2024,18:37:58,1292,28.545000,77.192600,15.000000,lev20,Almucantar
IIT_Delhi,08:03:2022,10:14:37,67,67.426817,0.327400,0.207100,0.163000,0.143800,0.243700,0.116600,0.068600,0.047800,0.083800,0.090500,0.094400,0.096000,1.026892,57.607225,57.023929,2.908403,0.127955,0.324670,4,10,7,5,4,10,7,5,4,10,6,5,4,10,8,4,0.058230,0.114290,0.233070,0.236780,1,1,17:05:2024,18:16:48,1292,28.545000,77.192600,15.000000,lev20,Almucantar
IIT_Delhi,08:03:2022,10:41:31,67,67.445498,0.339300,0.214900,0.169300,0.147900,0.261200,0.131700,0.082400,0.058900,0.078100,0.083200,0.086900,0.089000,1.023669,62.955478,62.349514,1.944330,0.053333,0.336397,3,10,8,5,3,10,8,5,3,10,8,5,3,10,8,5,0.060880,0.120320,0.245170,0.248080,1,1,17:05:2024,18:21:23,1292,28.545000,77.192600,15.000000,lev20,Almucantar
IIT_Delhi,08:03:2022,11:31:34,67,67.480255,0.257400,0.169900,0.137600,0.123100,0.173000,0.078900,0.043700,0.028500,0.084500,0.091000,0.093900,0.094600,0.923148,73.327509,72.694498,2.357536,0.053614,0.254792,4,10,7,6,4,10,7,6,4,10,7,5,4,10,6,6,0.068630,0.137930,0.280380,0.280830,1,1,17:05:2024,18:26:35,1292,28.545000,77.192600,15.000000,lev20,Almucantar
IIT_Delhi,08:03:2022,11:49:47,67,67.492905,0.240300,0.159100,0.129100,0.115700,0.165100,0.078000,0.044500,0.029700,0.075200,0.081200,0.084500,0.085900,0.915866,77.192245,76.553650,3.388490,0.047609,0.238284,4,9,7,6,4,10,7,6,4,10,7,6,4,10,7,6,0.072920,0.147640,0.299720,0.298750,1,1,17:05:2024,18:28:33,1292,28.545000,77.192600,15.000000,lev20,Almucantar
IIT_Delhi,09:03:2022,03:47:39,68,68.158090,0.420400,0.256800,0.196300,0.168500,0.325800,0.154700,0.090200,0.060900,0.094600,0.102200,0.106000,0.107500,1.119557,56.570598,57.154946,1.038575,0.022524,0.417104,4,10,8,4,4,10,8,4,4,10,8,4,4,10,7,5,0.057550,0.113140,0.231590,0.237030,1,1,17:05:2024,18:43:11,1292,28.545000,77.192600,15.000000,lev20,Almucantar
IIT_Delhi,09:03:2022,04:14:01,68,68.176400,0.448000,0.272500,0.208600,0.178500,0.348900,0.165500,0.097500,0.065600,0.099200,0.107000,0.111100,0.112900,1.124285,51.575286,52.129618,1.401691,0.058669,0.444813,3,10,8,4,3,10,8,4,3,10,8,4,3,10,8,4,0.055770,0.108960,0.222940,0.228600,1,1,17:05:2024,18:48:00,1292,28.545000,77.192600,15.000000,lev20,Almucantar
IIT_Delhi,09:03:2022,10:14:22,68,68.426644,0.579900,0.350900,0.265300,0.225500,0.461100,0.225600,0.134300,0.090600,0.118800,0.125300,0.131000,0.134900,1.148668,57.364997,56.779773,0.963323,0.011400,0.574988,4,10,7,5,4,10,7,5,4,10,7,5,4,10,8,4,0.058120,0.114040,0.232570,0.236330,1,1,17:05:2024,18:44:39,1292,28.545000,77.192600,15.000000,lev20,Almucantar
IIT_Delhi,09:03:2022,10:41:25,68,68.445428,0.620900,0.371000,0.277000,0.234800,0.505400,0.248800,0.148900,0.103100,0.115500,0.122200,0.128100,0.131700,1.184754,62.759312,62.151643,1.505991,0.020342,0.616858,3,10,8,5,3,10,8,5,3,10,8,5,3,10,8,5,0.060770,0.120100,0.244730,0.247610,1,1,17:05:2024,18:52:29,1292,28.545000,77.192600,15.000000,lev20,Almucantar
IIT_Delhi,10:03:2022,02:55:58,69,69.122199,0.659300,0.411200,0.313600,0.270200,0.509900,0.248800,0.145900,0.101000,0.149400,0.162300,0.167800,0.169300,1.090194,66.710893,67.334573,5.774895,0.088045,0.657397,4,10,7,6,4,10,7,5,4,10,7,4,4,10,7,4,0.062770,0.125350,0.256750,0.261670,1,1,17:05:2024,18:56:47,1292,28.545000,77.192600,15.000000,lev20,Almucantar
IIT_Delhi,10:03:2022,03:46:16,69,69.157130,0.590200,0.368000,0.284300,0.246100,0.451400,0.217800,0.129000,0.089100,0.138800,0.150200,0.155300,0.157000,1.073698,56.546799,57.134172,1.544031,0.030922,0.586916,4,10,8,4,4,10,8,4,4,10,8,3,4,10,7,4,0.057540,0.113110,0.231550,0.236990,1,1,17:05:2024,19:03:02,1292,28.545000,77.192600,15.000000,lev20,Almucantar
IIT_Delhi,10:03:2022,10:13:55,69,69.426331,0.421300,0.312000,0.271800,0.251800,0.242400,0.117700,0.070100,0.046900,0.179000,0.194300,0.201700,0.204800,0.648387,57.085156,56.498196,1.785387,0.082045,0.418424,4,10,7,5,4,10,7,5,4,10,8,4,4,10,8,4,0.058000,0.113770,0.232030,0.235810,1,1,17:05:2024,18:49:10,1292,28.545000,77.192600,15.000000,lev20,Almucantar
IIT_Delhi,10:03:2022,10:41:36,69,69.445556,0.455600,0.337200,0.293100,0.272100,0.263600,0.129000,0.075400,0.050300,0.192100,0.208300,0.217700,0.221800,0.652236,62.622521,62.012963,1.974973,0.076420,0.452521,3,10,8,5,3,10,8,5,3,10,8,5,3,10,8,5,0.060690,0.119900,0.244370,0.247280,1,1,17:05:2024,18:55:05,1292,28.545000,77.192600,15.000000,lev20,Almucantar
IIT_Delhi,10:03:2022,11:33:00,69,69.481250,0.508600,0.371200,0.320100,0.295500,0.296800,0.140900,0.080200,0.052600,0.211800,0.230300,0.240000,0.243000,0.684419,73.329388,72.693538,2.003459,0.032684,0.504852,4,10,7,6,4,10,7,6,4,10,7,6,4,10,7,6,0.068630,0.137940,0.280400,0.280830,1,1,17:05:2024,19:01:32,1292,28.545000,77.192600,15.000000,lev20,Almucantar
IIT_Delhi,10:03:2022,11:51:12,69,69.493889,0.519400,0.379700,0.327700,0.302900,0.303600,0.144500,0.081800,0.053900,0.215800,0.235200,0.245900,0.249000,0.680803,77.205982,76.565061,2.284071,0.023472,0.515504,4,8,7,6,4,9,7,6,4,9,7,6,4,10,7,6,0.072960,0.147720,0.299810,0.298810,1,1,17:05:2024,19:04:18,1292,28.545000,77.192600,15.000000,lev20,Almucantar
IIT_Delhi,11:03:2022,02:20:58,70,70.097894,0.476000,0.353700,0.291000,0.258700,0.372100,0.242400,0.172700,0.136000,0.103900,0.111300,0.118300,0.122800,0.718145,73.815066,74.454262,1.386742,0.017482,0.474094,4,10,7,6,4,10,7,6,4,10,7,6,4,10,7,6,0.068460,0.138620,0.283990,0.288480,1,1,17:05:2024,18:48:06,1292,28.545000,77.192600,15.000000,lev20,Almucantar
IIT_Delhi,11:03:2022,02:55:34,70,70.121921,0.535800,0.395500,0.323600,0.286400,0.430500,0.282400,0.202800,0.160800,0.105400,0.113200,0.120800,0.125600,0.735718,66.524448,67.149516,1.399051,0.018204,0.533785,4,10,7,6,4,10,7,6,4,10,7,6,4,10,7,6,0.062640,0.125050,0.256150,0.261100,1,1,17:05:2024,18:51:24,1292,28.545000,77.192600,15.000000,lev20,Almucantar
IIT_Delhi,11:03:2022,03:45:33,70,70.156632,0.552600,0.404100,0.332300,0.294700,0.412800,0.251000,0.169100,0.126500,0.139900,0.153100,0.163100,0.168200,0.743707,56.393521,56.983239,1.863721,0.069636,0.550370,4,10,8,4,4,10,8,4,4,10,8,4,4,10,8,4,0.057470,0.112970,0.231260,0.236710,1,1,17:05:2024,18:53:28,1292,28.545000,77.192600,15.000000,lev20,Almucantar
IIT_Delhi,11:03:2022,10:13:37,70,70.426123,0.487000,0.324900,0.267900,0.240800,0.325700,0.147100,0.082600,0.054000,0.161300,0.177800,0.185400,0.186900,0.882983,56.836234,56.247397,2.226620,0.095030,0.483012,4,10,7,5,4,10,8,4,4,10,8,4,4,10,8,4,0.057900,0.113530,0.231540,0.235360,1,1,17:05:2024,19:01:47,1292,28.545000,77.192600,15.000000,lev20,Almucantar
IIT_Delhi,11:03:2022,11:33:42,70,70.481736,0.323300,0.236000,0.202700,0.186400,0.193500,0.094500,0.054900,0.036400,0.129800,0.141500,0.147800,0.150000,0.689394,73.329917,72.692714,2.798781,0.056094,0.321184,4,10,7,6,4,10,7,6,4,10,7,6,4,10,7,6,0.068630,0.137930,0.280400,0.280820,1,1,17:05:2024,18:36:16,1292,28.545000,77.192600,15.000000,lev20,Almucantar
IIT_Delhi,11:03:2022,11:51:52,70,70.494352,0.345100,0.247700,0.210900,0.193200,0.210400,0.100300,0.057700,0.038700,0.134700,0.147400,0.153200,0.154500,0.727096,77.206679,76.564665,2.674421,0.025405,0.342781,4,8,7,6,4,9,7,6,4,9,7,6,4,10,7,6,0.072950,0.147690,0.299770,0.298810,1,1,17:05:2024,18:38:19,1292,28.545000,77.192600,15.000000,lev20,Almucantar
IIT_Delhi,12:03:2022,02:20:38,71,71.097662,0.256700,0.177400,0.144000,0.128100,0.177700,0.090300,0.053700,0.037400,0.079000,0.087100,0.090300,0.090700,0.848703,73.627589,74.267781,1.144464,0.022835,0.255216,4,10,7,6,4,10,7,6,4,10,7,6,4,10,7,6,0.068260,0.138200,0.283140,0.287640,1,1,17:05:2024,18:45:43,1292,28.545000,77.192600,15.000000,lev20,Almucantar
IIT_Delhi,12:03:2022,02:52:28,71,71.119769,0.258700,0.175700,0.142200,0.126000,0.183600,0.092900,0.056300,0.039600,0.075100,0.082900,0.085900,0.086300,0.879639,66.901143,67.528911,1.486354,0.043309,0.256927,4,10,7,6,4,10,7,6,4,10,7,6,4,10,7,6,0.062880,0.125620,0.257330,0.262270,1,1,17:05:2024,18:50:57,1292,28.545000,77.192600,15.000000,lev20,Almucantar
IIT_Delhi,12:03:2022,03:45:13,71,71.156400,0.284000,0.190900,0.154000,0.136300,0.231800,0.136100,0.096600,0.077100,0.052200,0.054900,0.057500,0.059200,0.899990,56.165047,56.756728,1.522526,0.083392,0.282122,4,10,8,4,4,10,8,4,4,10,8,4,4,10,8,4,0.057380,0.112750,0.230820,0.236290,1,1,17:05:2024,18:55:12,1292,28.545000,77.192600,15.000000,lev20,Almucantar
IIT_Delhi,12:03:2022,04:13:09,71,71.175799,0.310900,0.206600,0.167900,0.147500,0.226200,0.113000,0.070500,0.049400,0.084600,0.093700,0.097400,0.098100,0.908150,50.804776,51.366103,1.251143,0.078085,0.308963,3,10,8,4,3,10,8,4,3,10,8,4,3,10,8,4,0.055530,0.108400,0.221790,0.227480,1,1,17:05:2024,18:59:47,1292,28.545000,77.192600,15.000000,lev20,Almucantar
IIT_Delhi,13:03:2022,02:18:01,72,72.095845,0.602100,0.463500,0.407900,0.381300,0.326400,0.164000,0.096300,0.065600,0.275800,0.299500,0.311700,0.315800,0.574798,73.927247,74.569028,1.636899,0.035150,0.598432,4,10,7,6,4,10,7,6,4,10,7,6,4,10,7,6,0.068550,0.138860,0.284480,0.289010,1,1,17:05:2024,10:42:56,1292,28.545000,77.192600,15.000000,lev20,Almucantar
IIT_Delhi,13:03:2022,02:51:07,72,72.118831,0.605400,0.464000,0.408200,0.381100,0.334300,0.168600,0.099600,0.067600,0.271100,0.295400,0.308700,0.313500,0.582077,66.913928,67.543454,1.221808,0.048427,0.601259,4,10,7,6,4,10,7,6,4,10,7,6,4,10,7,6,0.062880,0.125640,0.257360,0.262320,1,1,17:05:2024,10:22:30,1292,28.545000,77.192600,15.000000,lev20,Almucantar
IIT_Delhi,13:03:2022,03:41:56,72,72.154120,0.605900,0.459700,0.404300,0.378100,0.336800,0.167000,0.098100,0.067100,0.269100,0.292700,0.306200,0.311100,0.598233,56.520123,57.116374,1.575147,0.111092,0.601982,4,10,8,4,4,10,8,4,4,10,8,4,4,10,7,5,0.057530,0.113090,0.231510,0.236960,1,1,17:05:2024,10:29:57,1292,28.545000,77.192600,15.000000,lev20,Almucantar
IIT_Delhi,13:03:2022,04:12:32,72,72.175370,0.594700,0.449800,0.395600,0.370300,0.333700,0.165400,0.097900,0.067300,0.261000,0.284400,0.297700,0.303000,0.603056,50.608968,51.173016,1.455395,0.133988,0.591018,3,10,8,4,3,10,8,4,3,10,8,4,3,10,8,4,0.055470,0.108260,0.221500,0.227200,1,1,17:05:2024,10:36:06,1292,28.545000,77.192600,15.000000,lev20,Almucantar
IIT_Delhi,13:03:2022,10:32:45,72,72.439410,0.415300,0.303200,0.264000,0.243600,0.242000,0.115400,0.069000,0.045400,0.173400,0.187800,0.195000,0.198200,0.671258,60.304028,59.695376,1.514412,0.068815,0.412499,3,10,8,5,3,10,8,5,3,10,8,5,3,10,8,5,0.059470,0.117130,0.238780,0.242090,1,1,17:05:2024,10:32:37,1292,28.545000,77.192600,15.000000,lev20,Almucantar
IIT_Delhi,13:03:2022,10:52:38,72,72.453218,0.419600,0.306600,0.267000,0.247000,0.243400,0.115500,0.068500,0.045200,0.176200,0.191100,0.198600,0.201800,0.669739,64.388448,63.767016,1.798624,0.065456,0.417177,3,10,8,5,3,10,8,5,3,10,8,5,3,10,8,5,0.061710,0.122230,0.249020,0.251610,1,1,17:05:2024,10:38:06,1292,28.545000,77.192600,15.000000,lev20,Almucantar
IIT_Delhi,13:03:2022,11:35:14,72,72.482801,0.412200,0.308900,0.271900,0.254800,0.225100,0.106400,0.060900,0.040500,0.187100,0.202500,0.211000,0.214300,0.616362,73.365517,72.725693,2.237624,0.064596,0.409197,4,10,7,6,4,10,7,6,4,10,7,6,4,10,7,6,0.068680,0.138020,0.280540,0.280960,1,1,17:05:2024,10:43:37,1292,28.545000,77.192600,15.000000,lev20,Almucantar
IIT_Delhi,13:03:2022,11:53:28,72,72.495463,0.418500,0.313300,0.275500,0.257800,0.230200,0.109200,0.062600,0.041500,0.188300,0.204100,0.212900,0.216300,0.619256,77.270605,76.626483,2.080344,0.037196,0.415567,4,8,7,6,4,8,7,6,4,10,7,6,4,10,7,6,0.073020,0.147840,0.300110,0.299120,1,1,17:05:2024,10:17:19,1292,28.545000,77.192600,15.000000,lev20,Almucantar
IIT_Delhi,14:03:2022,02:16:47,73,73.094988,0.633200,0.439300,0.350200,0.305500,0.516300,0.315300,0.219300,0.169600,0.116900,0.124000,0.131000,0.135900,0.866356,73.931783,74.574718,1.124817,0.010363,0.630331,4,10,7,6,4,10,7,6,4,10,7,6,4,10,7,6,0.072430,0.145180,0.287090,0.288730,1,1,17:05:2024,10:54:17,1292,28.545000,77.192600,15.000000,lev20,Almucantar
IIT_Delhi,14:03:2022,04:10:54,73,73.174236,0.653900,0.429600,0.340100,0.294300,0.537800,0.307600,0.212200,0.161800,0.116200,0.122100,0.128000,0.132500,0.960276,50.605420,51.173412,1.265962,0.016208,0.650859,3,10,8,4,3,10,8,4,3,10,8,4,3,10,8,4,0.057260,0.111600,0.224810,0.229080,1,1,17:05:2024,10:23:20,1292,28.545000,77.192600,15.000000,lev20,Almucantar
IIT_Delhi,14:03:2022,10:12:47,73,73.425544,0.509500,0.352500,0.296900,0.270500,0.326500,0.155100,0.091800,0.061200,0.183000,0.197400,0.205100,0.209300,0.798510,56.112547,55.518055,2.035248,0.138308,0.505532,4,10,8,4,4,10,8,4,4,10,8,4,4,10,8,4,0.059750,0.116660,0.233370,0.235690,1,1,17:05:2024,10:16:49,1292,28.545000,77.192600,15.000000,lev20,Almucantar
IIT_Delhi,14:03:2022,10:32:33,73,73.439271,0.533700,0.368400,0.309900,0.281300,0.341800,0.161000,0.094100,0.061800,0.191900,0.207400,0.215800,0.219500,0.803725,60.091658,59.481337,1.939154,0.079592,0.529648,3,10,8,5,3,10,8,5,3,10,8,5,3,10,8,5,0.061810,0.121100,0.241420,0.242980,1,1,17:05:2024,10:22:28,1292,28.545000,77.192600,15.000000,lev20,Almucantar
IIT_Delhi,14:03:2022,10:52:19,73,73.452998,0.529300,0.366000,0.308000,0.280200,0.337400,0.158200,0.090800,0.058900,0.192000,0.207800,0.217200,0.221300,0.800506,64.161908,63.539125,1.790052,0.064025,0.525052,3,10,8,5,3,10,8,5,3,10,8,5,3,10,8,5,0.064370,0.126620,0.251380,0.252020,1,1,17:05:2024,10:28:10,1292,28.545000,77.192600,15.000000,lev20,Almucantar
IIT_Delhi,14:03:2022,11:35:46,73,73.483171,0.574700,0.389800,0.322600,0.291200,0.378400,0.177400,0.099700,0.063600,0.196300,0.212500,0.222900,0.227700,0.852421,73.336489,72.695489,1.305229,0.021941,0.570009,4,10,7,6,4,10,7,6,4,10,7,6,4,10,7,6,0.072550,0.144210,0.283080,0.280800,1,1,17:05:2024,10:34:54,1292,28.545000,77.192600,15.000000,lev20,Almucantar
IIT_Delhi,14:03:2022,11:54:00,73,73.495833,0.585200,0.395100,0.325100,0.292900,0.390100,0.184700,0.106300,0.070500,0.195100,0.210400,0.218800,0.222400,0.867169,77.247895,76.602828,2.692343,0.021131,0.581251,4,8,7,6,4,8,7,6,4,8,7,6,4,10,7,6,0.077560,0.154970,0.302450,0.298360,1,1,17:05:2024,10:37:14,1292,28.545000,77.192600,15.000000,lev20,Almucantar
IIT_Delhi,15:03:2022,02:15:35,74,74.094155,0.582700,0.379000,0.298000,0.260000,0.426800,0.209700,0.123500,0.084500,0.155900,0.169300,0.174500,0.175600,0.984852,73.929239,74.573274,1.280816,0.017108,0.579559,4,10,7,6,4,10,7,6,4,10,7,6,4,10,7,6,0.072450,0.145210,0.287110,0.288720,1,1,17:05:2024,10:17:40,1292,28.545000,77.192600,15.000000,lev20,Almucantar
IIT_Delhi,15:03:2022,02:49:30,74,74.117708,0.588800,0.383600,0.303000,0.264900,0.431800,0.212800,0.126400,0.086900,0.157000,0.170800,0.176600,0.178000,0.976284,66.713248,67.345658,1.237431,0.025768,0.585585,4,10,7,6,4,10,7,6,4,10,7,6,4,10,7,6,0.065760,0.130410,0.259670,0.262330,1,1,17:05:2024,10:25:01,1292,28.545000,77.192600,15.000000,lev20,Almucantar
IIT_Delhi,15:03:2022,03:39:19,74,74.152303,0.618600,0.404700,0.320600,0.279600,0.456300,0.229000,0.139500,0.097500,0.162300,0.175800,0.181100,0.182100,0.965964,56.456422,57.058051,2.020826,0.068078,0.615597,4,10,8,4,4,10,8,4,4,10,8,4,4,10,7,5,0.059630,0.116850,0.234570,0.238360,1,1,17:05:2024,10:31:46,1292,28.545000,77.192600,15.000000,lev20,Almucantar
IIT_Delhi,15:03:2022,10:12:32,74,74.425370,0.555000,0.378100,0.316200,0.285200,0.360500,0.168900,0.098600,0.063400,0.194500,0.209300,0.217600,0.221700,0.831876,55.880277,55.283893,1.565562,0.073037,0.550773,4,10,8,4,4,10,8,4,4,10,8,4,4,10,8,4,0.059640,0.116420,0.232940,0.235300,1,1,17:05:2024,10:24:11,1292,28.545000,77.192600,15.000000,lev20,Almucantar
IIT_Delhi,15:03:2022,10:32:20,74,74.439120,0.519700,0.356400,0.298500,0.270400,0.337100,0.160100,0.093700,0.061100,0.182700,0.196300,0.204800,0.209300,0.819618,59.877615,59.265652,2.164853,0.100072,0.516378,3,10,8,5,3,10,8,5,3,10,8,5,3,11,7,5,0.061690,0.120840,0.240940,0.242550,1,1,17:05:2024,10:30:19,1292,28.545000,77.192600,15.000000,lev20,Almucantar
IIT_Delhi,15:03:2022,10:52:06,74,74.452847,0.494900,0.345700,0.291700,0.265700,0.309900,0.146300,0.084400,0.055100,0.185000,0.199400,0.207200,0.210600,0.781202,63.957710,63.333538,1.786722,0.062447,0.491488,3,10,8,5,3,10,8,5,3,10,8,5,3,10,8,5,0.064230,0.126320,0.250830,0.251520,1,1,17:05:2024,10:36:08,1292,28.545000,77.192600,15.000000,lev20,Almucantar
IIT_Delhi,15:03:2022,11:36:32,74,74.483704,0.506900,0.352200,0.295100,0.268300,0.318400,0.148900,0.083700,0.053600,0.188600,0.203300,0.211400,0.214600,0.798731,73.359251,72.717052,1.847717,0.032715,0.503146,4,10,7,6,4,10,7,6,4,10,7,6,4,10,7,6,0.072580,0.144280,0.283210,0.280890,1,1,17:05:2024,10:38:31,1292,28.545000,77.192600,15.000000,lev20,Almucantar
IIT_Delhi,15:03:2022,11:54:52,74,74.496435,0.502100,0.346000,0.288700,0.261800,0.321400,0.151600,0.086500,0.056200,0.180700,0.194500,0.202300,0.205700,0.817029,77.298558,76.652539,1.972811,0.019537,0.497619,4,8,7,6,4,8,7,6,4,8,7,6,4,10,7,6,0.077660,0.155140,0.302760,0.298610,1,1,17:05:2024,10:40:48,1292,28.545000,77.192600,15.000000,lev20,Almucantar
IIT_Delhi,16:03:2022,02:49:11,75,75.117488,0.612500,0.413200,0.314200,0.263700,0.535900,0.331200,0.226600,0.172600,0.076600,0.082000,0.087600,0.091100,0.971896,66.509513,67.143100,1.534440,0.013013,0.610351,4,10,7,6,4,10,7,6,4,10,7,6,4,10,7,6,0.065600,0.130050,0.259020,0.261730,1,1,17:05:2024,10:20:55,1292,28.545000,77.192600,15.000000,lev20,Almucantar
IIT_Delhi,16:03:2022,03:39:04,75,75.152130,0.636000,0.430600,0.330500,0.276100,0.555900,0.345300,0.239700,0.181800,0.080100,0.085400,0.090800,0.094400,0.954060,56.214492,56.817869,1.781218,0.027478,0.633366,4,10,8,4,4,10,8,4,4,10,8,4,4,10,8,4,0.059510,0.116590,0.234100,0.237930,1,1,17:05:2024,10:26:15,1292,28.545000,77.192600,15.000000,lev20,Almucantar
IIT_Delhi,16:03:2022,10:32:22,75,75.439144,0.462200,0.320200,0.270600,0.246000,0.292800,0.138500,0.081500,0.053400,0.169300,0.181800,0.189100,0.192600,0.792048,59.716523,59.102764,1.566490,0.072259,0.456769,3,10,8,5,3,10,8,5,3,10,8,5,3,11,7,5,0.061600,0.120650,0.240590,0.242230,1,1,17:05:2024,10:38:49,1292,28.545000,77.192600,15.000000,lev20,Almucantar
IIT_Delhi,16:03:2022,11:55:23,75,75.496794,0.433400,0.310800,0.266500,0.244700,0.270300,0.135000,0.082600,0.057400,0.163100,0.175800,0.183900,0.187300,0.719232,77.275461,76.628583,3.249638,0.110153,0.428372,4,10,7,6,4,9,7,6,4,9,7,6,4,10,7,6,0.077610,0.155080,0.302640,0.298490,1,1,17:05:2024,10:20:16,1292,28.545000,77.192600,15.000000,lev20,Almucantar
IIT_Delhi,17:03:2022,02:14:17,76,76.093252,0.472300,0.322900,0.257700,0.224600,0.388400,0.234100,0.164000,0.127500,0.083900,0.088800,0.093700,0.097100,0.887702,73.687950,74.333816,1.463956,0.011779,0.469883,4,10,7,6,4,10,7,6,4,10,7,6,4,10,7,6,0.072160,0.144570,0.285950,0.287670,1,1,17:05:2024,10:24:11,1292,28.545000,77.192600,15.000000,lev20,Almucantar
IIT_Delhi,17:03:2022,02:46:07,76,76.115359,0.577700,0.396600,0.314600,0.270600,0.422300,0.223300,0.137500,0.095600,0.155400,0.173300,0.177200,0.175000,0.889224,66.887554,67.523424,1.655004,0.020958,0.574602,4,10,7,6,4,10,7,6,4,10,7,6,4,10,7,6,0.065870,0.130670,0.260170,0.262860,1,1,17:05:2024,10:30:21,1292,28.545000,77.192600,15.000000,lev20,Almucantar
IIT_Delhi,17:03:2022,03:36:10,76,76.150116,0.618100,0.419000,0.330500,0.282300,0.502500,0.291200,0.194100,0.141800,0.115600,0.127700,0.136400,0.140500,0.916313,56.507224,57.114413,2.153604,0.016295,0.615183,4,10,8,4,4,10,8,4,4,10,8,4,4,10,7,5,0.059660,0.116910,0.234670,0.238460,1,1,17:05:2024,10:35:55,1292,28.545000,77.192600,15.000000,lev20,Almucantar
IIT_Delhi,17:03:2022,04:06:11,76,76.170961,0.654600,0.430900,0.335800,0.285500,0.564300,0.335800,0.236100,0.182800,0.090400,0.095200,0.099700,0.102700,0.977890,50.577840,51.156974,1.837915,0.041925,0.651469,3,10,8,4,3,10,8,4,3,10,8,4,3,10,8,4,0.057250,0.111570,0.224770,0.229050,1,1,17:05:2024,10:41:44,1292,28.545000,77.192600,15.000000,lev20,Almucantar
IIT_Delhi,17:03:2022,10:12:05,76,76.425058,1.487600,0.898700,0.664500,0.554300,1.246900,0.643900,0.398400,0.281200,0.240700,0.254800,0.266100,0.273100,1.180397,55.431139,54.830965,1.342189,0.023320,1.480263,4,10,8,4,4,10,8,4,4,10,8,4,4,10,8,4,0.059440,0.115980,0.232140,0.234550,1,1,17:05:2024,10:25:32,1292,28.545000,77.192600,15.000000,lev20,Almucantar
IIT_Delhi,17:03:2022,10:32:07,76,76.438970,1.517600,0.916000,0.678500,0.568200,1.229100,0.603100,0.351800,0.236200,0.288600,0.312900,0.326600,0.332100,1.179459,59.499228,58.883887,1.676261,0.021104,1.509535,3,10,8,5,3,10,8,5,3,11,7,5,4,10,7,5,0.061490,0.120400,0.240120,0.241790,1,1,17:05:2024,10:37:39,1292,28.545000,77.192600,15.000000,lev20,Almucantar
IIT_Delhi,17:03:2022,10:52:27,76,76.453090,1.471400,0.887100,0.659300,0.554400,1.192100,0.586000,0.344800,0.233800,0.279300,0.301100,0.314500,0.320700,1.176840,63.718075,63.090779,1.415257,0.011979,1.463162,3,10,8,5,3,10,8,5,3,10,8,5,3,10,8,5,0.064070,0.125980,0.250210,0.250940,1,1,17:05:2024,10:48:37,1292,28.545000,77.192600,15.000000,lev20,Almucantar
IIT_Delhi,17:03:2022,11:57:37,76,76.498345,1.320300,0.798700,0.599700,0.509400,1.073500,0.536400,0.325500,0.229000,0.246800,0.262300,0.274200,0.280400,1.158166,77.624624,76.976741,2.262597,0.007066,1.310913,4,8,7,6,4,9,7,6,4,9,7,6,4,10,7,6,0.078140,0.156190,0.304590,0.300270,1,1,17:05:2024,10:56:19,1292,28.545000,77.192600,15.000000,lev20,Almucantar
IIT_Delhi,18:03:2022,02:11:54,77,77.091597,1.205300,0.745200,0.533300,0.432800,1.073100,0.606900,0.389100,0.284500,0.132200,0.138300,0.144300,0.148300,1.187211,73.940856,74.587939,1.265908,0.011375,1.199177,4,10,7,6,4,10,7,6,4,10,7,6,4,10,7,6,0.072450,0.145230,0.287160,0.288790,1,1,17:05:2024,10:25:03,1292,28.545000,77.192600,15.000000,lev20,Almucantar
IIT_Delhi,18:03:2022,02:44:58,77,77.114560,1.222700,0.752200,0.538200,0.436900,1.087700,0.610600,0.390400,0.285100,0.135100,0.141700,0.147900,0.151900,1.195234,66.861765,67.499057,1.185480,0.008112,1.217196,4,10,7,6,4,10,7,6,4,10,7,6,4,10,7,6,0.065850,0.130620,0.260120,0.262790,1,1,17:05:2024,10:33:24,1292,28.545000,77.192600,15.000000,lev20,Almucantar
IIT_Delhi,18:03:2022,03:34:44,77,77.149120,1.156100,0.708900,0.509300,0.414200,1.004600,0.546700,0.338900,0.239500,0.151600,0.162200,0.170400,0.174700,1.194966,56.507390,57.117145,1.007390,0.014457,1.150409,4,10,8,4,4,10,8,4,4,10,8,4,4,10,7,5,0.059650,0.116910,0.234670,0.238470,1,1,17:05:2024,10:42:01,1292,28.545000,77.192600,15.000000,lev20,Almucantar
IIT_Delhi,18:03:2022,04:04:43,77,77.169942,1.117200,0.683100,0.492200,0.400600,0.974800,0.530800,0.332100,0.236400,0.142400,0.152300,0.160000,0.164200,1.195565,50.554322,51.136900,0.834844,0.015058,1.112050,3,10,8,4,3,10,8,4,3,10,8,4,3,10,8,4,0.057240,0.111550,0.224730,0.229030,1,1,17:05:2024,10:49:43,1292,28.545000,77.192600,15.000000,lev20,Almucantar
IIT_Delhi,18:03:2022,10:11:48,77,77.424861,1.461700,0.875800,0.614700,0.488700,1.322000,0.730900,0.463900,0.333300,0.139700,0.145000,0.150800,0.155400,1.261553,55.197611,54.595614,1.933100,0.016949,1.456578,4,10,8,4,4,10,8,4,4,10,8,4,4,10,8,4,0.059330,0.115750,0.231730,0.234170,1,1,17:05:2024,10:45:22,1292,28.545000,77.192600,15.000000,lev20,Almucantar
IIT_Delhi,18:03:2022,10:31:42,77,77.438681,1.442400,0.865000,0.606600,0.482300,1.275100,0.687000,0.418500,0.287600,0.167400,0.178000,0.188100,0.194700,1.261301,59.249318,58.632523,2.211302,0.015011,1.437524,3,10,8,5,3,11,7,5,3,11,7,5,4,10,7,5,0.061350,0.120100,0.239570,0.241300,1,1,17:05:2024,10:54:45,1292,28.545000,77.192600,15.000000,lev20,Almucantar
IIT_Delhi,18:03:2022,10:51:46,77,77.452616,1.272000,0.761200,0.535300,0.428500,1.116600,0.597000,0.360800,0.247700,0.155400,0.164200,0.174500,0.180800,1.260933,63.421158,62.792779,2.187148,0.025249,1.267223,3,10,8,5,3,10,8,5,3,10,8,5,3,10,8,5,0.063880,0.125560,0.249440,0.250220,1,1,17:05:2024,11:02:16,1292,28.545000,77.192600,15.000000,lev20,Almucantar
IIT_Delhi,18:03:2022,11:38:54,77,77.485347,1.226600,0.735700,0.518200,0.415800,1.073700,0.573500,0.346800,0.239700,0.152900,0.162200,0.171400,0.176100,1.255290,73.453452,72.807922,1.498832,0.006459,1.221656,4,10,7,6,4,10,7,6,4,10,7,6,4,10,7,6,0.072690,0.144520,0.283620,0.281250,1,1,17:05:2024,10:31:16,1292,28.545000,77.192600,15.000000,lev20,Almucantar
IIT_Delhi,18:03:2022,11:57:16,77,77.498102,1.228600,0.733300,0.517600,0.416500,1.092900,0.591600,0.369600,0.264200,0.135700,0.141700,0.148000,0.152300,1.260146,77.417488,76.768928,4.805633,0.056303,1.222189,4,9,7,6,4,9,7,6,4,9,7,6,4,10,7,6,0.077830,0.155540,0.303400,0.299200,1,1,17:05:2024,10:34:48,1292,28.545000,77.192600,15.000000,lev20,Almucantar
IIT_Delhi,19:03:2022,02:43:30,78,78.113542,0.837200,0.514900,0.376400,0.312300,0.707100,0.376500,0.231400,0.163400,0.130100,0.138500,0.145100,0.148900,1.167528,66.904254,67.543040,1.207840,0.016569,0.833236,4,10,7,6,4,10,7,6,4,10,7,6,4,10,7,6,0.065890,0.130710,0.260260,0.262920,1,1,17:05:2024,10:30:14,1292,28.545000,77.192600,15.000000,lev20,Almucantar
IIT_Delhi,19:03:2022,03:33:22,78,78.148171,0.796900,0.490700,0.361000,0.299200,0.653300,0.334500,0.197900,0.133400,0.143600,0.156100,0.163100,0.165900,1.157321,56.496182,57.108389,1.010504,0.022465,0.792985,4,10,8,4,4,10,8,4,4,10,8,4,4,10,7,5,0.059650,0.116890,0.234650,0.238450,1,1,17:05:2024,10:36:37,1292,28.545000,77.192600,15.000000,lev20,Almucantar
IIT_Delhi,19:03:2022,04:03:11,78,78.168877,0.830300,0.504400,0.368500,0.303100,0.688600,0.350900,0.208100,0.139800,0.141600,0.153600,0.160400,0.163300,1.187513,50.546757,51.132776,0.814950,0.030522,0.826415,3,10,8,4,3,10,8,4,3,10,8,4,3,10,8,4,0.057240,0.111540,0.224720,0.229020,1,1,17:05:2024,10:43:17,1292,28.545000,77.192600,15.000000,lev20,Almucantar
IIT_Delhi,19:03:2022,11:39:08,78,78.485509,0.925500,0.577100,0.433800,0.368200,0.720000,0.357600,0.206500,0.137500,0.205500,0.219500,0.227300,0.230700,1.109515,73.368808,72.722383,1.997144,0.009557,0.919308,4,10,7,6,4,10,7,6,4,10,7,6,4,10,5,6,0.072600,0.144300,0.283230,0.280910,1,1,17:05:2024,10:38:23,1292,28.545000,77.192600,15.000000,lev20,Almucantar
IIT_Delhi,19:03:2022,11:57:26,78,78.498218,0.909200,0.567700,0.426900,0.362300,0.728700,0.377800,0.229600,0.161000,0.180500,0.189900,0.197300,0.201400,1.106909,77.323189,76.673932,2.249618,0.005164,0.902716,4,9,7,6,4,9,7,6,4,9,7,6,4,10,7,6,0.077680,0.155210,0.302850,0.298720,1,1,17:05:2024,10:41:57,1292,28.545000,77.192600,15.000000,lev20,Almucantar
IIT_Delhi,20:03:2022,02:09:28,79,79.089907,0.645400,0.415500,0.323100,0.281400,0.476500,0.235000,0.136900,0.093200,0.169000,0.180500,0.186200,0.188200,1.015338,73.945957,74.594838,1.341355,0.015071,0.640410,4,10,7,6,4,10,7,6,4,10,7,6,4,10,7,6,0.072450,0.145200,0.287160,0.288820,1,1,17:05:2024,10:41:48,1292,28.545000,77.192600,15.000000,lev20,Almucantar
IIT_Delhi,20:03:2022,02:42:59,79,79.113183,0.675900,0.430900,0.335300,0.292100,0.500500,0.243200,0.141100,0.095200,0.175400,0.187700,0.194200,0.196900,1.029683,66.745547,67.385432,1.468452,0.024254,0.670213,4,10,7,6,4,10,7,6,4,10,7,6,4,10,7,6,0.065760,0.130420,0.259730,0.262450,1,1,17:05:2024,10:49:58,1292,28.545000,77.192600,15.000000,lev20,Almucantar
IIT_Delhi,20:03:2022,03:32:52,79,79.147824,0.670200,0.431300,0.339600,0.296200,0.510400,0.261900,0.163200,0.115700,0.159800,0.169400,0.176400,0.180600,0.999561,56.310009,56.923996,1.719530,0.040848,0.664450,4,10,8,4,4,10,8,4,4,10,8,4,4,10,8,4,0.059560,0.116700,0.234280,0.238120,1,1,17:05:2024,10:24:23,1292,28.545000,77.192600,15.000000,lev20,Almucantar
IIT_Delhi,20:03:2022,04:02:49,79,79.168623,0.683000,0.440400,0.345000,0.303900,0.501900,0.246900,0.143000,0.097700,0.181200,0.193500,0.202000,0.206200,1.003203,50.314036,50.902221,1.688272,0.145327,0.678263,3,10,8,4,3,10,6,4,3,10,5,4,3,10,6,3,0.057150,0.111360,0.224390,0.228710,1,1,17:05:2024,10:31:44,1292,28.545000,77.192600,15.000000,lev20,Almucantar
IIT_Delhi,20:03:2022,10:10:58,79,79.424282,0.508800,0.356600,0.305800,0.284100,0.299400,0.135000,0.076900,0.051200,0.209400,0.221700,0.229000,0.233000,0.754799,54.682032,54.076652,3.671121,0.225778,0.503180,4,10,8,4,4,10,8,4,4,10,8,4,4,10,8,4,0.059110,0.115260,0.230820,0.233350,1,1,17:05:2024,10:49:08,1292,28.545000,77.192600,15.000000,lev20,Almucantar
IIT_Delhi,20:03:2022,10:30:42,79,79.437986,0.536900,0.380000,0.327900,0.306100,0.312800,0.142700,0.080700,0.053500,0.224100,0.237400,0.247100,0.252600,0.731387,58.719688,58.100137,2.629927,0.234836,0.529404,3,11,7,5,4,10,7,5,4,10,7,5,4,10,7,5,0.061070,0.119480,0.238460,0.240280,1,1,17:05:2024,10:23:55,1292,28.545000,77.192600,15.000000,lev20,Almucantar
IIT_Delhi,20:03:2022,10:50:33,79,79.451771,0.596600,0.436000,0.380000,0.354900,0.330300,0.154000,0.087600,0.057000,0.266300,0.282000,0.292500,0.297900,0.668419,62.862613,62.232032,2.504076,0.114976,0.589361,3,10,8,5,3,10,8,5,3,10,8,5,3,10,8,5,0.063500,0.124750,0.247980,0.248910,1,1,17:05:2024,10:30:35,1292,28.545000,77.192600,15.000000,lev20,Almucantar
IIT_Delhi,20:03:2022,11:39:49,79,79.485984,0.608600,0.482600,0.437100,0.417100,0.275900,0.129400,0.072000,0.047100,0.332800,0.353200,0.365100,0.370000,0.490939,73.382761,72.735386,2.675344,0.071265,0.599925,4,10,7,6,4,10,7,6,4,10,7,6,4,10,7,6,0.072620,0.144340,0.283310,0.280960,1,1,17:05:2024,10:39:05,1292,28.545000,77.192600,15.000000,lev20,Almucantar
IIT_Delhi,20:03:2022,11:58:07,79,79.498692,0.581700,0.468400,0.427000,0.408700,0.252400,0.119400,0.066400,0.043400,0.329300,0.349000,0.360600,0.365300,0.458553,77.342052,76.692092,3.328397,0.059862,0.573454,4,9,7,6,4,10,7,6,4,10,7,5,4,10,7,6,0.077710,0.155280,0.302950,0.298810,1,1,17:05:2024,10:43:02,1292,28.545000,77.192600,15.000000,lev20,Almucantar
IIT_Delhi,21:03:2022,02:08:17,80,80.089086,0.892800,0.668900,0.569200,0.520300,0.531700,0.279600,0.163900,0.109300,0.361100,0.389400,0.405300,0.411000,0.661088,73.942219,74.591926,1.654890,0.019966,0.884759,4,10,7,6,4,10,7,6,4,10,7,6,4,10,7,5,0.072420,0.145160,0.287090,0.288810,1,1,17:05:2024,10:36:16,1292,28.545000,77.192600,15.000000,lev20,Almucantar
IIT_Delhi,21:03:2022,02:42:40,80,80.112963,1.011800,0.750400,0.631000,0.570900,0.645700,0.351700,0.211900,0.144300,0.366200,0.398800,0.419200,0.426600,0.692494,66.544756,67.185640,1.345173,0.028884,1.003064,4,10,7,6,4,10,7,6,4,10,7,6,4,10,7,6,0.065610,0.130090,0.259130,0.261860,1,1,17:05:2024,10:45:17,1292,28.545000,77.192600,15.000000,lev20,Almucantar
IIT_Delhi,21:03:2022,10:10:37,80,80.424039,0.744300,0.523600,0.431800,0.388400,0.496400,0.257100,0.151600,0.100800,0.247800,0.266500,0.280200,0.287600,0.800262,54.440270,53.833166,3.704661,0.302722,0.736337,4,10,8,4,4,10,8,4,3,6,8,4,4,10,8,4,0.059000,0.115020,0.230390,0.232970,1,1,17:05:2024,10:23:20,1292,28.545000,77.192600,15.000000,lev20,Almucantar
IIT_Delhi,21:03:2022,11:58:42,80,80.499097,0.684300,0.484700,0.396400,0.352600,0.457200,0.239700,0.139000,0.089500,0.227100,0.245000,0.257400,0.263000,0.800540,77.340631,76.690021,2.370899,0.013878,0.678797,4,8,7,6,4,9,7,6,4,10,7,5,4,10,7,5,0.077720,0.155300,0.303000,0.298800,1,1,17:05:2024,10:29:36,1292,28.545000,77.192600,15.000000,lev20,Almucantar
IIT_Delhi,22:03:2022,02:07:39,81,81.088646,0.583100,0.459900,0.382700,0.337800,0.438500,0.306900,0.220900,0.169500,0.144600,0.153100,0.161900,0.168300,0.610439,73.820014,74.470422,1.538230,0.022625,0.580002,4,10,7,6,4,10,7,6,4,10,7,6,4,10,7,6,0.077410,0.150530,0.289510,0.289480,1,1,17:05:2024,10:27:58,1292,28.545000,77.192600,15.000000,lev20,Almucantar
IIT_Delhi,22:03:2022,02:39:55,81,81.111053,0.611300,0.477800,0.395500,0.348800,0.469400,0.327500,0.236700,0.184100,0.141900,0.150300,0.158800,0.164800,0.631449,66.865115,67.507774,1.814061,0.036363,0.608371,4,10,7,6,4,10,7,6,4,10,7,6,4,10,7,6,0.069890,0.135550,0.263420,0.264660,1,1,17:05:2024,10:35:09,1292,28.545000,77.192600,15.000000,lev20,Almucantar
IIT_Delhi,22:03:2022,03:58:37,81,81.165706,0.572000,0.433700,0.360000,0.317600,0.409900,0.258200,0.173400,0.124500,0.162100,0.175500,0.186600,0.193100,0.675088,50.537091,51.132933,1.659091,0.089802,0.569257,3,10,8,4,3,10,8,4,3,10,8,4,3,10,8,4,0.059790,0.115440,0.228570,0.231770,1,1,17:05:2024,10:43:43,1292,28.545000,77.192600,15.000000,lev20,Almucantar
IIT_Delhi,22:03:2022,10:10:27,81,81.423924,0.634100,0.493600,0.430000,0.396600,0.349400,0.182800,0.108400,0.073800,0.284800,0.310800,0.321700,0.322800,0.570785,54.237535,53.628580,2.686016,0.224075,0.628854,4,10,8,4,4,10,8,4,4,10,8,4,4,10,8,4,0.061780,0.118930,0.233830,0.235300,1,1,17:05:2024,10:32:51,1292,28.545000,77.192600,15.000000,lev20,Almucantar
IIT_Delhi,22:03:2022,12:00:45,81,81.500521,0.563900,0.454500,0.398300,0.365800,0.359500,0.238600,0.171400,0.131400,0.204500,0.215900,0.226900,0.234400,0.508816,77.658926,77.007645,3.322840,0.046283,0.560005,4,8,7,6,4,8,7,5,4,8,7,5,4,10,7,5,0.084260,0.162470,0.307430,0.301350,1,1,17:05:2024,10:43:20,1292,28.545000,77.192600,15.000000,lev20,Almucantar
IIT_Delhi,23:03:2022,02:07:20,82,82.088426,0.627500,0.462300,0.387600,0.350500,0.386300,0.202100,0.117600,0.077100,0.241200,0.260200,0.270100,0.273400,0.706700,73.629680,74.280711,1.620693,0.028903,0.622858,4,10,7,6,4,10,7,6,4,10,7,6,4,10,7,6,0.077170,0.150050,0.288670,0.288670,1,1,17:05:2024,10:40:51,1292,28.545000,77.192600,15.000000,lev20,Almucantar
IIT_Delhi,23:03:2022,02:38:35,82,82.110127,0.644900,0.471600,0.396100,0.357900,0.399500,0.207200,0.121500,0.079700,0.245500,0.264400,0.274600,0.278200,0.715942,66.884437,67.528332,1.745988,0.052131,0.639996,4,10,7,6,4,10,7,6,4,10,7,6,4,10,7,6,0.069890,0.135530,0.263450,0.264720,1,1,17:05:2024,10:31:41,1292,28.545000,77.192600,15.000000,lev20,Almucantar
IIT_Delhi,23:03:2022,03:27:54,82,82.144375,0.649500,0.471900,0.394800,0.355600,0.410300,0.214100,0.126600,0.083200,0.239200,0.257800,0.268300,0.272500,0.731161,56.474205,57.095592,1.757179,0.082625,0.644734,4,10,8,4,4,10,8,4,4,10,8,4,4,10,7,5,0.062610,0.121070,0.238300,0.240920,1,1,17:05:2024,10:38:56,1292,28.545000,77.192600,15.000000,lev20,Almucantar
IIT_Delhi,23:03:2022,03:57:13,82,82.164734,0.683100,0.491800,0.411100,0.371300,0.438200,0.228200,0.137300,0.092700,0.245000,0.263600,0.273800,0.278700,0.746489,50.516321,51.115167,2.170618,0.152309,0.678488,3,10,8,4,3,10,8,4,3,10,8,4,3,10,8,4,0.059780,0.115430,0.228540,0.231750,1,1,17:05:2024,10:42:23,1292,28.545000,77.192600,15.000000,lev20,Almucantar
IIT_Delhi,24:03:2022,02:04:36,83,83.086528,0.714300,0.563100,0.499600,0.467300,0.366400,0.188900,0.111800,0.075300,0.347900,0.374200,0.387800,0.392000,0.527129,73.964795,74.616724,1.862964,0.044829,0.707700,4,10,7,6,4,10,7,6,4,10,7,6,4,10,7,6,0.077600,0.150920,0.290180,0.290120,1,1,17:05:2024,10:47:16,1292,28.545000,77.192600,15.000000,lev20,Almucantar
IIT_Delhi,24:03:2022,02:37:19,83,83.109248,0.672700,0.528100,0.468500,0.438700,0.348900,0.179700,0.106200,0.071300,0.323800,0.348400,0.362300,0.367400,0.533748,66.890997,67.536056,1.638643,0.076467,0.666307,4,10,7,6,4,10,7,6,4,10,7,6,4,10,7,6,0.069910,0.135590,0.263490,0.264740,1,1,17:05:2024,10:27:28,1292,28.545000,77.192600,15.000000,lev20,Almucantar
IIT_Delhi,24:03:2022,03:56:40,83,83.164352,0.493100,0.401400,0.373100,0.361300,0.215200,0.102900,0.061300,0.044000,0.277900,0.298500,0.311700,0.317300,0.416141,50.328834,50.929846,2.458104,0.335196,0.488064,3,10,8,4,3,10,8,4,3,10,8,4,3,10,8,4,0.059710,0.115270,0.228280,0.231510,1,1,17:05:2024,10:32:58,1292,28.545000,77.192600,15.000000,lev20,Almucantar
IIT_Delhi,24:03:2022,10:09:44,83,83.423426,0.550400,0.456500,0.427900,0.415900,0.218600,0.101800,0.058800,0.040600,0.331800,0.354700,0.369100,0.375300,0.376006,53.759597,53.147302,2.812126,0.314940,0.540992,4,10,8,4,4,10,8,4,4,10,8,4,4,10,8,4,0.061530,0.118460,0.233020,0.234590,1,1,17:05:2024,10:49:34,1292,28.545000,77.192600,15.000000,lev20,Almucantar
IIT_Delhi,24:03:2022,10:29:34,83,83.437199,0.544600,0.452200,0.422500,0.410100,0.222300,0.108900,0.065100,0.046100,0.322300,0.343400,0.357500,0.364000,0.378492,57.859198,57.233821,3.088922,0.289786,0.537017,4,10,7,5,4,10,7,5,4,10,7,5,4,10,7,5,0.063760,0.122800,0.240370,0.241160,1,1,17:05:2024,10:35:22,1292,28.545000,77.192600,15.000000,lev20,Almucantar
IIT_Delhi,24:03:2022,10:52:52,83,83.453380,0.553900,0.460100,0.428200,0.414200,0.225700,0.109500,0.063700,0.043700,0.328200,0.350600,0.364600,0.370500,0.383029,62.768893,62.132060,3.025883,0.233319,0.546147,3,10,8,5,3,10,8,5,3,10,8,5,3,10,8,5,0.067080,0.129230,0.251240,0.250900,1,1,17:05:2024,10:42:05,1292,28.545000,77.192600,15.000000,lev20,Almucantar
IIT_Delhi,24:03:2022,11:42:12,83,83.487639,0.596100,0.500200,0.465900,0.449400,0.231700,0.110600,0.063000,0.042400,0.364400,0.389600,0.403000,0.407100,0.366176,73.378945,72.728294,3.885352,0.121736,0.587715,4,10,7,6,4,10,7,6,4,10,7,6,4,10,7,6,0.077750,0.149900,0.286190,0.282330,1,1,17:05:2024,10:50:22,1292,28.545000,77.192600,15.000000,lev20,Almucantar
IIT_Delhi,25:03:2022,02:03:22,84,84.085671,0.578300,0.435500,0.370000,0.334700,0.341800,0.181300,0.109800,0.074500,0.236600,0.254200,0.260300,0.260200,0.655187,73.975496,74.628074,1.959410,0.028372,0.574906,4,10,7,6,4,10,7,6,4,10,7,6,4,10,7,6,0.077630,0.150960,0.290220,0.290170,1,1,17:05:2024,11:04:31,1292,28.545000,77.192600,15.000000,lev20,Almucantar
IIT_Delhi,25:03:2022,02:36:23,84,84.108600,0.539000,0.403400,0.345000,0.314300,0.317400,0.163500,0.097500,0.065100,0.221700,0.239900,0.247600,0.249100,0.656154,66.827414,67.473493,1.628142,0.044556,0.535096,4,10,7,6,4,10,7,6,4,10,7,6,4,10,7,6,0.069860,0.135470,0.263280,0.264560,1,1,17:05:2024,10:39:14,1292,28.545000,77.192600,15.000000,lev20,Almucantar
IIT_Delhi,25:03:2022,03:26:17,84,84.143252,0.531400,0.398500,0.344600,0.316600,0.305800,0.155000,0.092600,0.062000,0.225600,0.243500,0.252000,0.254600,0.638566,56.245836,56.870772,1.945441,0.097336,0.526930,4,10,8,4,4,10,8,4,4,10,8,4,4,10,8,4,0.062490,0.120820,0.237870,0.240520,1,1,17:05:2024,10:45:51,1292,28.545000,77.192600,15.000000,lev20,Almucantar
IIT_Delhi,25:03:2022,03:56:15,84,84.164062,0.547600,0.411100,0.357600,0.329900,0.315500,0.159700,0.096400,0.065100,0.232200,0.251400,0.261300,0.264800,0.629115,50.116550,50.719579,1.493626,0.110036,0.543495,3,10,8,4,3,10,8,4,3,10,8,4,3,10,8,4,0.059620,0.115100,0.227970,0.231230,1,1,17:05:2024,10:52:39,1292,28.545000,77.192600,15.000000,lev20,Almucantar
IIT_Delhi,25:03:2022,11:42:47,84,84.488044,0.424400,0.321500,0.279200,0.259000,0.237100,0.120000,0.069700,0.046500,0.187300,0.201500,0.209400,0.212500,0.617221,73.378993,72.727639,3.102169,0.105572,0.420954,4,10,7,6,4,10,7,6,4,10,7,6,4,10,7,6,0.077740,0.149890,0.286170,0.282330,1,1,17:05:2024,10:41:35,1292,28.545000,77.192600,15.000000,lev20,Almucantar
IIT_Delhi,26:03:2022,02:02:11,85,85.084850,0.532600,0.397600,0.338800,0.309000,0.316700,0.164500,0.097700,0.066000,0.216000,0.233200,0.241100,0.243100,0.664893,73.976457,74.629633,1.665415,0.025860,0.528144,4,10,7,6,4,10,7,6,4,10,7,6,4,10,7,6,0.077630,0.150970,0.290240,0.290170,1,1,17:05:2024,11:05:42,1292,28.545000,77.192600,15.000000,lev20,Almucantar
IIT_Delhi,26:03:2022,02:36:05,85,85.108391,0.499500,0.374800,0.321800,0.294700,0.290600,0.149200,0.088600,0.059400,0.208900,0.225600,0.233200,0.235300,0.647007,66.628797,67.275685,1.670575,0.048028,0.495070,4,10,7,6,4,10,7,6,4,10,7,6,4,10,7,6,0.069680,0.135120,0.262700,0.263990,1,1,17:05:2024,10:35:09,1292,28.545000,77.192600,15.000000,lev20,Almucantar
IIT_Delhi,26:03:2022,03:23:56,85,85.141620,0.454600,0.342500,0.295500,0.270600,0.265200,0.137400,0.082900,0.055700,0.189400,0.205100,0.212600,0.214900,0.634301,56.456479,57.084004,1.750349,0.099687,0.450565,4,10,8,4,4,10,8,4,4,10,8,4,4,10,7,5,0.062600,0.121040,0.238260,0.240900,1,1,17:05:2024,10:41:00,1292,28.545000,77.192600,15.000000,lev20,Almucantar
IIT_Delhi,26:03:2022,03:52:51,85,85.161701,0.456400,0.343700,0.296000,0.270700,0.272600,0.142900,0.086300,0.058300,0.183800,0.200800,0.209800,0.212400,0.637377,50.507815,51.115375,1.433362,0.123414,0.452609,3,10,8,4,3,10,8,4,3,10,8,4,3,10,8,4,0.059780,0.115420,0.228530,0.231750,1,1,17:05:2024,10:46:52,1292,28.545000,77.192600,15.000000,lev20,Almucantar
IIT_Delhi,26:03:2022,10:56:10,85,85.455671,0.395500,0.317000,0.286100,0.271200,0.186700,0.091800,0.052700,0.035600,0.208900,0.225200,0.233400,0.235600,0.478883,63.192823,62.552368,2.643118,0.217194,0.390146,3,10,8,5,3,10,8,5,3,10,8,5,3,10,8,5,0.067410,0.129870,0.252300,0.251840,1,1,17:05:2024,10:34:39,1292,28.545000,77.192600,15.000000,lev20,Almucantar
IIT_Delhi,26:03:2022,11:43:22,85,85.488449,0.373900,0.298000,0.265800,0.248700,0.183000,0.092000,0.053100,0.035000,0.190900,0.206100,0.212700,0.213700,0.503133,73.380427,72.728415,2.776800,0.105914,0.369529,4,10,7,6,4,10,7,6,4,10,7,6,4,10,7,6,0.077750,0.149890,0.286180,0.282330,1,1,17:05:2024,10:40:47,1292,28.545000,77.192600,15.000000,lev20,Almucantar
IIT_Delhi,26:03:2022,12:01:32,85,85.501065,0.374300,0.298500,0.265600,0.247700,0.184800,0.093600,0.054800,0.036500,0.189500,0.204900,0.210800,0.211200,0.505374,77.333993,76.680786,3.330587,0.065992,0.370627,4,8,7,5,4,8,7,5,4,9,7,6,4,10,7,6,0.083680,0.161370,0.305590,0.299710,1,1,17:05:2024,10:43:19,1292,28.545000,77.192600,15.000000,lev20,Almucantar
IIT_Delhi,27:03:2022,02:01:03,86,86.084063,0.377400,0.301800,0.269100,0.253100,0.187500,0.097100,0.056700,0.038500,0.190000,0.204700,0.212400,0.214600,0.498348,73.967743,74.621468,2.237124,0.086555,0.373079,4,10,7,6,4,10,7,6,4,10,7,6,4,10,7,6,0.077600,0.150930,0.290170,0.290130,1,1,17:05:2024,10:35:14,1292,28.545000,77.192600,15.000000,lev20,Almucantar
IIT_Delhi,27:03:2022,02:33:34,86,86.106644,0.384000,0.302300,0.269200,0.253700,0.193500,0.097000,0.056100,0.038200,0.190500,0.205300,0.213100,0.215500,0.524440,66.909861,67.558090,2.053092,0.127573,0.379084,4,10,7,6,4,10,7,6,4,10,7,6,4,10,7,6,0.069930,0.135620,0.263580,0.264810,1,1,17:05:2024,10:41:18,1292,28.545000,77.192600,15.000000,lev20,Almucantar
IIT_Delhi,27:03:2022,03:22:37,86,86.140706,0.406400,0.317600,0.284200,0.269400,0.204800,0.100300,0.058300,0.040300,0.201600,0.217300,0.225900,0.229100,0.529475,56.454835,57.084278,2.496157,0.313841,0.402075,4,10,8,4,4,10,8,4,4,10,8,4,4,10,7,5,0.062600,0.121030,0.238260,0.240900,1,1,17:05:2024,10:46:49,1292,28.545000,77.192600,15.000000,lev20,Almucantar
IIT_Delhi,27:03:2022,03:51:24,86,86.160694,0.410100,0.320100,0.287500,0.273100,0.210900,0.105300,0.062900,0.044500,0.199200,0.214800,0.224600,0.228700,0.526520,50.511066,51.121372,2.475800,0.348128,0.406328,3,10,8,4,3,10,8,4,3,10,8,4,3,10,8,4,0.059770,0.115410,0.228520,0.231760,1,1,17:05:2024,10:52:05,1292,28.545000,77.192600,15.000000,lev20,Almucantar
IIT_Delhi,27:03:2022,10:08:43,86,86.422720,0.357100,0.283700,0.258700,0.247400,0.169000,0.079800,0.046400,0.032200,0.188100,0.203800,0.212300,0.215200,0.479132,53.067944,52.450754,3.169455,0.372846,0.353256,4,10,8,4,4,10,8,4,3,10,8,4,3,10,8,4,0.061190,0.117800,0.231910,0.233590,1,1,17:05:2024,10:42:29,1292,28.545000,77.192600,15.000000,lev20,Almucantar
IIT_Delhi,27:03:2022,10:30:32,86,86.437870,0.348300,0.278800,0.254500,0.243700,0.160400,0.075600,0.043200,0.029800,0.187900,0.203200,0.211300,0.214000,0.466030,57.613513,56.983066,3.033730,0.316861,0.343942,4,10,7,5,4,10,7,5,4,10,7,5,4,10,8,4,0.063630,0.122530,0.239900,0.240720,1,1,17:05:2024,10:47:14,1292,28.545000,77.192600,15.000000,lev20,Almucantar
IIT_Delhi,27:03:2022,10:55:55,86,86.455498,0.347200,0.281400,0.256400,0.244100,0.161500,0.080300,0.047800,0.033400,0.185700,0.201100,0.208600,0.210700,0.449078,63.002781,62.361322,3.136653,0.220782,0.343806,3,10,8,5,3,10,8,5,3,10,8,5,3,10,8,5,0.067240,0.129550,0.251800,0.251410,1,1,17:05:2024,10:51:56,1292,28.545000,77.192600,15.000000,lev20,Almucantar
IIT_Delhi,27:03:2022,11:45:52,86,86.490185,0.335200,0.276100,0.251900,0.238800,0.147200,0.072700,0.042300,0.028600,0.188100,0.203400,0.209600,0.210200,0.422211,73.800312,73.147488,2.971656,0.101923,0.331610,4,10,7,6,4,10,7,6,4,10,7,6,4,10,7,6,0.078310,0.150990,0.288040,0.283980,1,1,17:05:2024,10:58:27,1292,28.545000,77.192600,15.000000,lev20,Almucantar
IIT_Delhi,27:03:2022,12:03:59,86,86.502766,0.334800,0.278100,0.254200,0.241200,0.144300,0.071900,0.042200,0.028700,0.190500,0.206200,0.212000,0.212500,0.406664,77.746327,77.092765,3.765315,0.073775,0.331512,4,9,7,5,4,9,7,5,4,9,7,5,4,8,7,6,0.084400,0.162770,0.307920,0.301780,1,1,17:05:2024,10:34:28,1292,28.545000,77.192600,15.000000,lev20,Almucantar
IIT_Delhi,28:03:2022,02:00:49,87,87.083900,0.405500,0.336400,0.306500,0.292100,0.176100,0.089400,0.051200,0.034900,0.229500,0.247000,0.255300,0.257100,0.412865,73.764096,74.418263,3.121288,0.118686,0.400739,4,10,7,6,4,10,7,6,4,10,7,6,4,10,7,6,0.077340,0.150400,0.289280,0.289260,1,1,17:05:2024,10:35:03,1292,28.545000,77.192600,15.000000,lev20,Almucantar
IIT_Delhi,28:03:2022,02:32:24,87,87.105833,0.397600,0.333600,0.308300,0.296200,0.164700,0.082600,0.048000,0.033400,0.232900,0.251100,0.260300,0.262800,0.376609,66.901734,67.550899,3.562431,0.226909,0.392264,4,10,7,6,4,10,7,6,4,10,7,6,4,10,7,6,0.069900,0.135580,0.263510,0.264790,1,1,17:05:2024,10:41:22,1292,28.545000,77.192600,15.000000,lev20,Almucantar
IIT_Delhi,28:03:2022,03:21:18,87,87.139792,0.416000,0.346100,0.320100,0.307700,0.177800,0.087800,0.051900,0.036600,0.238300,0.258200,0.268100,0.271200,0.388751,56.456045,57.087343,3.304216,0.333738,0.410462,4,10,8,4,4,10,8,4,4,10,8,4,4,10,7,5,0.062600,0.121050,0.238270,0.240900,1,1,17:05:2024,10:47:16,1292,28.545000,77.192600,15.000000,lev20,Almucantar
IIT_Delhi,28:03:2022,03:50:19,87,87.159942,0.427200,0.352700,0.326700,0.314600,0.189600,0.095100,0.057600,0.041300,0.237600,0.257600,0.269000,0.273400,0.398708,50.443294,51.055984,3.214300,0.360870,0.422596,3,10,8,4,3,10,8,4,3,10,8,4,3,10,8,4,0.059750,0.115370,0.228440,0.231670,1,1,17:05:2024,10:52:58,1292,28.545000,77.192600,15.000000,lev20,Almucantar
IIT_Delhi,28:03:2022,10:08:27,87,87.422535,0.478400,0.390800,0.360400,0.346000,0.213500,0.105400,0.063300,0.044600,0.264900,0.285500,0.297100,0.301400,0.421011,52.855887,52.237062,3.221208,0.345285,0.473453,4,10,8,4,3,10,8,4,3,10,8,4,3,10,8,4,0.061090,0.117600,0.231580,0.233280,1,1,17:05:2024,10:45:31,1292,28.545000,77.192600,15.000000,lev20,Almucantar
IIT_Delhi,28:03:2022,10:30:12,87,87.437639,0.459700,0.378700,0.350500,0.337400,0.194900,0.094100,0.055100,0.038400,0.264800,0.284600,0.295300,0.299000,0.403184,57.397880,56.766165,3.710347,0.342491,0.454059,4,10,7,5,4,10,7,5,4,10,7,5,4,10,8,4,0.063490,0.122260,0.239450,0.240340,1,1,17:05:2024,10:51:15,1292,28.545000,77.192600,15.000000,lev20,Almucantar
IIT_Delhi,28:03:2022,10:55:27,87,87.455174,0.386400,0.329100,0.308600,0.298700,0.150500,0.074700,0.044300,0.031100,0.235900,0.254500,0.264300,0.267600,0.334186,62.767746,62.125385,4.234498,0.322425,0.382143,3,10,8,5,3,10,8,5,3,10,8,5,3,10,8,5,0.067060,0.129190,0.251170,0.250880,1,1,17:05:2024,10:56:23,1292,28.545000,77.192600,15.000000,lev20,Almucantar
IIT_Delhi,28:03:2022,11:45:32,87,87.489954,0.438700,0.370300,0.343200,0.328200,0.171900,0.083200,0.047700,0.032000,0.266800,0.287200,0.295500,0.296100,0.363505,73.605041,72.951755,3.568269,0.128128,0.433276,4,10,7,6,4,10,7,6,4,10,7,6,4,10,7,6,0.078050,0.150480,0.287190,0.283210,1,1,17:05:2024,10:34:55,1292,28.545000,77.192600,15.000000,lev20,Almucantar
IIT_Delhi,28:03:2022,12:03:41,87,87.502558,0.451100,0.379400,0.350600,0.334700,0.180500,0.088600,0.051700,0.035000,0.270700,0.290800,0.298900,0.299700,0.372964,77.560701,76.906787,4.227724,0.083860,0.446018,4,9,7,5,4,9,7,5,4,9,7,5,4,9,7,6,0.084070,0.162110,0.306810,0.300840,1,1,17:05:2024,10:38:18,1292,28.545000,77.192600,15.000000,lev20,Almucantar
IIT_Delhi,29:03:2022,02:00:26,88,88.083634,0.407100,0.349900,0.325300,0.313100,0.158400,0.082800,0.048800,0.034000,0.248700,0.267100,0.276500,0.279200,0.331281,73.594292,74.248884,3.795213,0.155547,0.402007,4,10,7,6,4,10,7,6,4,10,7,6,4,10,7,6,0.077140,0.149980,0.288530,0.288530,1,1,17:05:2024,10:51:17,1292,28.545000,77.192600,15.000000,lev20,Almucantar
IIT_Delhi,29:03:2022,02:31:15,88,88.105035,0.408300,0.346400,0.322300,0.311100,0.161900,0.081600,0.047600,0.033300,0.246400,0.264800,0.274700,0.277800,0.350476,66.891900,67.541950,3.717533,0.240603,0.402641,4,10,7,6,4,10,7,6,4,10,7,6,4,10,7,6,0.069890,0.135570,0.263490,0.264760,1,1,17:05:2024,10:57:28,1292,28.545000,77.192600,15.000000,lev20,Almucantar
IIT_Delhi,29:03:2022,03:19:58,88,88.138866,0.404100,0.336400,0.312900,0.301400,0.169400,0.083000,0.049400,0.034900,0.234800,0.253400,0.263500,0.266500,0.380377,56.463709,57.096807,3.343826,0.327335,0.397753,4,10,8,4,4,10,8,4,4,10,8,4,4,10,7,5,0.062600,0.121040,0.238280,0.240920,1,1,17:05:2024,10:40:45,1292,28.545000,77.192600,15.000000,lev20,Almucantar
IIT_Delhi,29:03:2022,03:50:00,88,88.159722,0.403100,0.330600,0.306700,0.295900,0.179400,0.089200,0.054400,0.039300,0.223700,0.241400,0.252300,0.256700,0.407029,50.221921,50.836356,3.300882,0.386990,0.399177,3,10,8,4,3,10,8,4,3,10,8,4,3,10,8,4,0.059660,0.115180,0.228120,0.231380,1,1,17:05:2024,10:46:28,1292,28.545000,77.192600,15.000000,lev20,Almucantar
IIT_Delhi,29:03:2022,10:08:06,88,88.422292,0.377000,0.317200,0.298900,0.290100,0.148000,0.069600,0.040600,0.028500,0.229000,0.247600,0.258300,0.261600,0.346760,52.628426,52.008050,3.589816,0.361825,0.372408,3,10,8,4,3,10,8,4,3,10,8,4,3,10,8,4,0.060990,0.117400,0.231230,0.232970,1,1,17:05:2024,10:38:00,1292,28.545000,77.192600,15.000000,lev20,Almucantar
IIT_Delhi,29:03:2022,10:56:10,88,88.455671,0.381400,0.320700,0.299900,0.290300,0.149500,0.071800,0.041700,0.028900,0.231900,0.248900,0.258200,0.261500,0.357753,62.787995,62.144366,4.047937,0.299133,0.376356,3,10,8,5,3,10,8,5,3,10,8,5,3,10,8,5,0.067090,0.129240,0.251260,0.250920,1,1,17:05:2024,10:46:09,1292,28.545000,77.192600,15.000000,lev20,Almucantar
IIT_Delhi,29:03:2022,11:45:17,88,88.489780,0.388300,0.324900,0.300700,0.289000,0.156800,0.077000,0.044800,0.030600,0.231600,0.247900,0.255900,0.258400,0.378979,73.428859,72.775131,4.467807,0.164529,0.383378,4,10,7,6,4,10,7,6,4,10,7,6,4,10,7,6,0.077820,0.150040,0.286440,0.282510,1,1,17:05:2024,10:52:12,1292,28.545000,77.192600,15.000000,lev20,Almucantar
IIT_Delhi,30:03:2022,01:57:27,89,89.081563,0.471400,0.398100,0.368100,0.354100,0.186600,0.093600,0.053200,0.036200,0.284900,0.304500,0.314900,0.317900,0.365809,73.993418,74.648539,3.710861,0.139173,0.465296,4,10,7,6,4,10,7,6,4,10,7,6,4,10,7,6,0.080400,0.152290,0.295100,0.292880,1,1,17:05:2024,11:10:08,1292,28.545000,77.192600,15.000000,lev20,Almucantar
IIT_Delhi,30:03:2022,02:30:08,89,89.104259,0.487900,0.405400,0.374600,0.361100,0.199700,0.097100,0.055200,0.037900,0.288300,0.308300,0.319400,0.323200,0.391949,66.876823,67.527702,3.619957,0.241852,0.481088,4,10,7,6,4,10,7,6,4,10,7,6,4,10,7,6,0.072270,0.136790,0.267800,0.267270,1,1,17:05:2024,10:56:45,1292,28.545000,77.192600,15.000000,lev20,Almucantar
IIT_Delhi,30:03:2022,03:18:38,89,89.137940,0.568400,0.449900,0.410000,0.393300,0.265200,0.125100,0.072000,0.050000,0.303200,0.324800,0.338000,0.343300,0.485706,56.474418,57.109251,3.428703,0.333109,0.561711,4,10,8,4,4,10,8,4,4,10,8,4,4,10,7,5,0.064640,0.122290,0.242310,0.243440,1,1,17:05:2024,11:03:03,1292,28.545000,77.192600,15.000000,lev20,Almucantar
IIT_Delhi,30:03:2022,03:47:23,89,89.157905,0.577300,0.455400,0.416000,0.399200,0.275600,0.131900,0.078700,0.056000,0.301700,0.323400,0.337300,0.343200,0.487858,50.475004,51.092842,3.158108,0.349268,0.571590,3,10,8,4,3,10,8,4,3,10,8,4,3,10,8,4,0.061640,0.116610,0.232340,0.234210,1,1,17:05:2024,11:10:08,1292,28.545000,77.192600,15.000000,lev20,Almucantar
IIT_Delhi,30:03:2022,10:07:48,89,89.422083,0.398900,0.308000,0.281600,0.270600,0.192300,0.084300,0.047700,0.033100,0.206600,0.223700,0.233900,0.237600,0.520053,52.413109,51.791175,4.924585,0.479329,0.394862,3,10,8,4,3,10,7,4,3,10,6,4,3,10,8,4,0.062830,0.118420,0.234780,0.235160,1,1,17:05:2024,10:58:39,1292,28.545000,77.192600,15.000000,lev20,Almucantar
IIT_Delhi,30:03:2022,10:56:48,89,89.456111,0.436100,0.340600,0.307900,0.293300,0.209300,0.096200,0.054300,0.037000,0.226800,0.244400,0.253600,0.256300,0.517083,62.792398,62.147584,3.994835,0.279504,0.431066,3,10,8,5,3,10,8,5,3,10,8,5,3,10,8,5,0.069350,0.130490,0.255450,0.253440,1,1,17:05:2024,11:04:14,1292,28.545000,77.192600,15.000000,lev20,Almucantar
IIT_Delhi,30:03:2022,11:45:40,89,89.490046,0.563200,0.434900,0.387100,0.362900,0.284800,0.135800,0.078100,0.051500,0.278400,0.299100,0.309000,0.311400,0.555087,73.391731,72.737542,2.920700,0.085409,0.556564,4,10,7,6,4,10,7,6,4,10,7,6,4,10,6,6,0.080540,0.151240,0.291010,0.284960,1,1,17:05:2024,11:10:57,1292,28.545000,77.192600,15.000000,lev20,Almucantar
IIT_Delhi,30:03:2022,12:03:51,89,89.502674,0.635900,0.488800,0.435000,0.407600,0.320500,0.150100,0.085700,0.056300,0.315500,0.338700,0.349300,0.351400,0.562428,77.358977,76.704476,3.022997,0.049814,0.628213,4,9,7,5,4,10,7,6,4,10,7,6,4,10,7,6,0.086800,0.162810,0.310810,0.302480,1,1,17:05:2024,11:14:59,1292,28.545000,77.192600,15.000000,lev20,Almucantar
IIT_Delhi,31:03:2022,01:56:16,90,90.080741,0.694900,0.552800,0.490900,0.460100,0.346000,0.179700,0.104700,0.070400,0.348900,0.373000,0.386200,0.389800,0.511833,74.001402,74.656897,2.764667,0.087461,0.687364,4,10,7,6,4,10,7,6,4,10,7,6,4,10,7,6,0.080410,0.152300,0.295140,0.292910,1,1,17:05:2024,11:31:10,1292,28.545000,77.192600,15.000000,lev20,Almucantar
IIT_Delhi,31:03:2022,02:29:38,90,90.103912,0.700100,0.554400,0.491800,0.462500,0.357500,0.188600,0.111700,0.077100,0.342600,0.365900,0.380100,0.385400,0.520327,66.729923,67.381467,2.921393,0.175202,0.692197,4,10,7,6,4,10,7,6,4,10,7,6,4,10,7,6,0.072140,0.136560,0.267380,0.266840,1,1,17:05:2024,11:02:36,1292,28.545000,77.192600,15.000000,lev20,Almucantar
IIT_Delhi,31:03:2022,03:19:23,90,90.138461,0.755500,0.593700,0.524800,0.491700,0.399200,0.212200,0.127600,0.088400,0.356300,0.381400,0.397200,0.403300,0.536910,56.047053,56.682594,2.759275,0.285119,0.747014,4,10,8,4,4,10,8,4,4,10,8,4,4,10,8,4,0.064390,0.121830,0.241500,0.242700,1,1,17:05:2024,11:11:30,1292,28.545000,77.192600,15.000000,lev20,Almucantar
IIT_Delhi,31:03:2022,03:45:58,90,90.156921,0.782100,0.605300,0.531700,0.496000,0.430600,0.228200,0.137900,0.095400,0.351500,0.377100,0.393800,0.400600,0.568897,50.486508,51.106765,2.314391,0.288311,0.774179,3,10,8,4,3,10,8,4,3,10,8,4,3,10,8,4,0.061640,0.116610,0.232360,0.234230,1,1,17:05:2024,11:19:38,1292,28.545000,77.192600,15.000000,lev20,Almucantar
IIT_Delhi,31:03:2022,10:29:27,90,90.437118,1.185500,0.840500,0.712200,0.651200,0.736100,0.359900,0.211900,0.142400,0.449400,0.480600,0.500300,0.508900,0.752552,56.813519,56.178049,2.544235,0.464267,1.168666,4,10,7,5,4,10,8,4,4,10,8,4,4,10,8,4,0.065220,0.122850,0.242360,0.241840,1,1,17:05:2024,11:34:51,1292,28.545000,77.192600,15.000000,lev20,Almucantar
IIT_Delhi,31:03:2022,10:57:34,90,90.456644,1.173800,0.845600,0.719100,0.656200,0.705700,0.348200,0.205800,0.135200,0.468200,0.497400,0.513300,0.521000,0.722988,62.827485,62.181502,2.376852,0.065613,1.162233,3,10,8,5,3,10,8,5,3,10,8,5,3,10,8,5,0.069380,0.130550,0.255550,0.253520,1,1,17:05:2024,11:05:47,1292,28.545000,77.192600,15.000000,lev20,Almucantar
IIT_Delhi,31:03:2022,11:46:19,90,90.490498,1.241000,0.881200,0.742300,0.674000,0.757500,0.367600,0.210800,0.134000,0.483500,0.513600,0.531500,0.540000,0.757893,73.413870,72.759245,2.843916,0.026209,1.227812,4,10,7,6,4,10,7,6,4,10,7,6,4,10,7,6,0.080590,0.151320,0.291100,0.285050,1,1,17:05:2024,11:19:16,1292,28.545000,77.192600,15.000000,lev20,Almucantar
IIT_Delhi,31:03:2022,12:04:49,90,90.503345,1.225400,0.860800,0.723700,0.657500,0.754600,0.360500,0.206400,0.132100,0.470900,0.500300,0.517300,0.525400,0.777222,77.452060,76.797366,3.639952,0.025387,1.212577,4,9,7,6,4,10,7,6,4,10,7,6,4,10,7,6,0.086970,0.163130,0.311330,0.302940,1,1,17:05:2024,11:24:56,1292,28.545000,77.192600,15.000000,lev20,Almucantar
IIT_Delhi,01:04:2022,01:55:07,91,91.079942,0.356700,0.255200,0.213900,0.193600,0.223400,0.112600,0.066800,0.044900,0.133300,0.142500,0.147200,0.148800,0.752724,74.003777,74.659602,1.127615,0.021309,0.352920,4,10,7,6,4,10,7,6,4,10,7,6,4,10,7,6,0.080440,0.152340,0.295170,0.292930,1,1,17:05:2024,11:14:29,1292,28.545000,77.192600,15.000000,lev20,Almucantar
IIT_Delhi,01:04:2022,02:29:08,91,91.103565,0.355700,0.254500,0.213000,0.191800,0.227100,0.116900,0.070700,0.047700,0.128600,0.137600,0.142200,0.144100,0.754557,66.584883,67.237061,1.355628,0.049803,0.351740,4,10,7,6,4,10,7,6,4,10,7,6,4,10,7,6,0.072010,0.136300,0.266930,0.266420,1,1,17:05:2024,10:59:55,1292,28.545000,77.192600,15.000000,lev20,Almucantar
IIT_Delhi,01:04:2022,03:44:36,91,91.155972,0.332200,0.240300,0.205800,0.190300,0.210400,0.107700,0.066400,0.048300,0.121800,0.132600,0.139400,0.142100,0.707333,50.491645,51.114212,4.282832,0.521884,0.333990,3,10,8,4,3,10,8,4,3,10,8,4,3,10,8,4,0.061640,0.116610,0.232360,0.234240,1,1,17:05:2024,11:07:08,1292,28.545000,77.192600,15.000000,lev20,Almucantar
IIT_Delhi,02:04:2022,01:54:10,92,92.079282,0.357500,0.258500,0.220000,0.201800,0.210900,0.102100,0.058700,0.038900,0.146500,0.156400,0.161300,0.163000,0.716184,73.964173,74.620283,1.652364,0.034318,0.353505,4,10,7,6,4,10,7,6,4,10,7,6,4,10,7,6,0.080370,0.152230,0.295020,0.292750,1,1,17:05:2024,03:59:05,1292,28.545000,77.192600,15.000000,lev20,Almucantar
IIT_Delhi,02:04:2022,02:26:30,92,92.101736,0.359100,0.259000,0.222000,0.204800,0.209400,0.099500,0.057400,0.038200,0.149700,0.159600,0.164700,0.166600,0.710792,66.905965,67.559099,1.800914,0.070452,0.354952,4,10,7,6,4,10,7,6,4,10,7,6,4,10,7,6,0.072330,0.136880,0.267950,0.267360,1,1,17:05:2024,03:45:50,1292,28.545000,77.192600,15.000000,lev20,Almucantar
IIT_Delhi,02:04:2022,03:14:56,92,92.135370,0.381300,0.271500,0.233500,0.215300,0.226000,0.105800,0.062500,0.042100,0.155300,0.165700,0.171000,0.173200,0.726374,56.461714,57.101247,1.897029,0.124248,0.376957,4,10,8,4,4,10,8,4,4,10,8,4,4,10,7,5,0.064630,0.122270,0.242270,0.243420,1,1,17:05:2024,03:51:42,1292,28.545000,77.192600,15.000000,lev20,Almucantar
IIT_Delhi,02:04:2022,03:43:43,92,92.155359,0.391300,0.277600,0.239100,0.219300,0.235900,0.112100,0.068300,0.046500,0.155400,0.165500,0.170800,0.172800,0.730143,50.400292,51.024783,1.555044,0.110466,0.387321,3,10,8,4,3,10,8,4,3,10,8,4,3,10,8,4,0.061610,0.116550,0.232230,0.234120,1,1,17:05:2024,03:58:18,1292,28.545000,77.192600,15.000000,lev20,Almucantar
IIT_Delhi,02:04:2022,10:06:50,92,92.421412,0.718500,0.493800,0.418400,0.384300,0.443000,0.202300,0.116400,0.076600,0.275500,0.291500,0.302000,0.307700,0.801049,51.764016,51.137622,2.835923,0.151153,0.711037,3,10,8,4,3,10,8,4,3,10,8,4,3,10,8,4,0.062510,0.117840,0.233790,0.234270,1,1,17:05:2024,03:52:01,1292,28.545000,77.192600,15.000000,lev20,Almucantar
IIT_Delhi,02:04:2022,10:30:17,92,92.437697,0.680200,0.476100,0.407800,0.378300,0.397400,0.178500,0.100400,0.065300,0.282800,0.297600,0.307500,0.313000,0.758383,56.715960,56.077565,3.375805,0.183377,0.671672,4,10,7,5,4,10,8,4,4,10,8,4,4,10,8,4,0.065150,0.122730,0.242160,0.241670,1,1,17:05:2024,04:00:15,1292,28.545000,77.192600,15.000000,lev20,Almucantar
IIT_Delhi,02:04:2022,10:59:01,92,92.457650,0.638500,0.456500,0.395000,0.366200,0.361200,0.162800,0.092400,0.059500,0.277300,0.293700,0.302600,0.306700,0.712035,62.885559,62.237435,2.362888,0.072277,0.630235,3,10,8,5,3,10,8,5,3,10,8,5,3,10,8,5,0.069420,0.130630,0.255690,0.253640,1,1,17:05:2024,04:07:56,1292,28.545000,77.192600,15.000000,lev20,Almucantar
IIT_Delhi,02:04:2022,11:49:01,92,92.492373,0.678400,0.494400,0.431600,0.403400,0.364000,0.162800,0.090000,0.057000,0.314500,0.331700,0.341500,0.346400,0.670626,73.767233,73.111833,2.801562,0.044640,0.668242,4,10,7,6,4,10,7,6,4,10,7,6,4,10,7,6,0.081070,0.152220,0.292670,0.286440,1,1,17:05:2024,04:15:32,1292,28.545000,77.192600,15.000000,lev20,Almucantar
IIT_Delhi,02:04:2022,12:07:15,92,92.505035,0.706200,0.513700,0.449400,0.420600,0.374900,0.164600,0.089200,0.055200,0.331200,0.349100,0.360200,0.365400,0.670752,77.749824,77.094948,3.089948,0.031733,0.695483,4,8,7,6,4,9,7,6,4,9,7,6,4,10,7,6,0.087500,0.164130,0.313060,0.304450,1,1,17:05:2024,03:41:47,1292,28.545000,77.192600,15.000000,lev20,Almucantar
IIT_Delhi,03:04:2022,01:53:50,93,93.079051,0.443300,0.366500,0.331600,0.314300,0.201400,0.108100,0.064000,0.044100,0.241900,0.258400,0.267700,0.270200,0.427364,73.791467,74.447823,2.881379,0.141689,0.436648,4,10,7,6,4,10,7,6,4,10,7,6,4,10,7,6,0.080110,0.151740,0.294140,0.292000,1,1,17:05:2024,03:53:14,1292,28.545000,77.192600,15.000000,lev20,Almucantar
IIT_Delhi,03:04:2022,03:13:40,93,93.134491,0.388900,0.316100,0.288100,0.275200,0.185900,0.098800,0.061200,0.044200,0.203000,0.217300,0.226900,0.231000,0.444249,56.471008,57.112000,2.875380,0.352233,0.382427,4,10,8,4,4,10,8,4,4,10,8,4,4,10,7,5,0.064640,0.122290,0.242300,0.243440,1,1,17:05:2024,03:58:38,1292,28.545000,77.192600,15.000000,lev20,Almucantar
IIT_Delhi,03:04:2022,10:06:34,93,93.421227,0.537800,0.427300,0.396600,0.384600,0.235800,0.106700,0.062800,0.044800,0.302000,0.320600,0.333800,0.339800,0.455777,51.562812,50.934958,4.424850,0.614998,0.537627,3,10,8,4,3,10,8,4,3,10,8,4,3,10,8,4,0.062430,0.117680,0.233500,0.234000,1,1,17:05:2024,03:53:58,1292,28.545000,77.192600,15.000000,lev20,Almucantar
IIT_Delhi,03:04:2022,10:31:02,93,93.438218,0.536600,0.426600,0.393100,0.380100,0.231500,0.104500,0.059200,0.040800,0.305100,0.322100,0.333900,0.339300,0.464328,56.741545,56.101633,3.081523,0.295737,0.527288,4,10,7,5,4,10,8,4,4,10,8,4,4,10,8,4,0.065170,0.122770,0.242210,0.241710,1,1,17:05:2024,03:59:35,1292,28.545000,77.192600,15.000000,lev20,Almucantar
IIT_Delhi,03:04:2022,10:59:19,93,93.457859,0.516800,0.421000,0.390900,0.378900,0.211400,0.098700,0.057100,0.039900,0.305500,0.322300,0.333800,0.339000,0.416406,62.825378,62.176374,3.417342,0.240846,0.508370,3,10,8,5,3,10,8,5,3,10,8,5,3,10,8,5,0.069380,0.130550,0.255550,0.253510,1,1,17:05:2024,04:05:04,1292,28.545000,77.192600,15.000000,lev20,Almucantar
IIT_Delhi,03:04:2022,11:48:47,93,93.492211,0.521500,0.432700,0.402800,0.390000,0.205200,0.098600,0.057200,0.039700,0.316400,0.334100,0.345600,0.350400,0.384452,73.599543,72.943877,4.012924,0.131438,0.512587,4,10,7,6,4,10,7,6,4,10,7,6,4,10,7,6,0.080830,0.151770,0.291900,0.285770,1,1,17:05:2024,03:45:31,1292,28.545000,77.192600,15.000000,lev20,Almucantar
IIT_Delhi,03:04:2022,12:06:59,93,93.504850,0.517400,0.432000,0.402300,0.389100,0.200900,0.097600,0.056700,0.039000,0.316600,0.334400,0.345600,0.350100,0.374193,77.576046,76.921013,3.963995,0.093867,0.508603,4,8,7,6,4,9,7,6,4,9,7,6,4,10,7,6,0.087190,0.163540,0.312020,0.303560,1,1,17:05:2024,03:48:27,1292,28.545000,77.192600,15.000000,lev20,Almucantar
IIT_Delhi,04:04:2022,01:53:32,94,94.078843,0.432500,0.327100,0.284100,0.264500,0.234000,0.116000,0.065900,0.043700,0.198400,0.211200,0.218200,0.220900,0.619600,73.613282,74.269856,2.310401,0.080031,0.426908,4,10,7,6,4,10,7,6,4,10,7,6,4,10,7,6,0.079890,0.151320,0.293370,0.291240,1,1,17:05:2024,04:00:03,1292,28.545000,77.192600,15.000000,lev20,Almucantar
IIT_Delhi,04:04:2022,02:24:10,94,94.100116,0.475600,0.356500,0.310100,0.287000,0.264100,0.132700,0.079500,0.053900,0.211500,0.223800,0.230600,0.233100,0.631526,66.917702,67.572083,2.031691,0.053056,0.469434,4,10,7,6,4,10,7,6,4,10,7,6,4,10,7,6,0.072320,0.136880,0.267970,0.267400,1,1,17:05:2024,03:45:23,1292,28.545000,77.192600,15.000000,lev20,Almucantar
IIT_Delhi,04:04:2022,03:13:10,94,94.134144,0.517500,0.386600,0.338700,0.318900,0.279000,0.133800,0.076200,0.052100,0.238500,0.252800,0.262500,0.266900,0.627386,56.319690,56.961789,2.863773,0.282633,0.509942,4,10,8,4,4,10,8,4,4,10,8,4,4,10,8,4,0.064540,0.122120,0.242010,0.243180,1,1,17:05:2024,03:51:50,1292,28.545000,77.192600,15.000000,lev20,Almucantar
IIT_Delhi,04:04:2022,10:33:16,94,94.439769,0.533800,0.402000,0.356900,0.339500,0.271800,0.124600,0.068900,0.046500,0.262000,0.277400,0.288000,0.293000,0.597439,57.087040,56.445115,3.361813,0.339679,0.526801,4,10,7,5,4,10,7,5,4,10,8,4,4,10,8,4,0.065380,0.123150,0.242870,0.242290,1,1,17:05:2024,03:43:00,1292,28.545000,77.192600,15.000000,lev20,Almucantar
IIT_Delhi,04:04:2022,10:59:55,94,94.458275,0.552300,0.411000,0.360700,0.340100,0.292100,0.135800,0.075600,0.050300,0.260100,0.275200,0.285100,0.289800,0.631155,62.831744,62.181835,2.953920,0.250142,0.545153,3,10,8,5,3,10,8,5,3,10,8,5,3,10,8,5,0.069380,0.130560,0.255570,0.253520,1,1,17:05:2024,03:49:56,1292,28.545000,77.192600,15.000000,lev20,Almucantar
IIT_Delhi,04:04:2022,11:48:22,94,94.491921,0.642100,0.447300,0.374700,0.340400,0.394000,0.183800,0.103200,0.065500,0.248200,0.263400,0.271500,0.274900,0.794971,73.392542,72.736640,2.477538,0.036274,0.634791,4,10,7,6,4,10,7,6,4,10,7,6,4,10,7,6,0.080530,0.151210,0.290980,0.284960,1,1,17:05:2024,03:58:01,1292,28.545000,77.192600,15.000000,lev20,Almucantar
IIT_Delhi,04:04:2022,12:06:29,94,94.504502,0.669200,0.463200,0.385000,0.348300,0.418700,0.197000,0.109700,0.069100,0.250500,0.266300,0.275400,0.279200,0.815193,77.351921,76.696738,2.366912,0.021681,0.661874,4,8,7,6,4,9,7,6,4,9,7,6,4,10,7,6,0.086780,0.162770,0.310700,0.302440,1,1,17:05:2024,04:01:31,1292,28.545000,77.192600,15.000000,lev20,Almucantar
IIT_Delhi,05:04:2022,01:50:38,95,95.076829,0.483400,0.353800,0.300600,0.274200,0.292500,0.152200,0.093000,0.064700,0.191000,0.201600,0.207600,0.209600,0.699517,74.006222,74.662940,1.920995,0.015959,0.478451,4,10,7,6,4,10,7,6,4,10,7,6,4,10,7,6,0.080440,0.152340,0.295200,0.292940,1,1,17:05:2024,03:41:25,1292,28.545000,77.192600,15.000000,lev20,Almucantar
IIT_Delhi,05:04:2022,03:39:30,95,95.152431,0.419900,0.300500,0.259000,0.235700,0.255700,0.125800,0.078700,0.053200,0.164300,0.174700,0.180300,0.182500,0.715672,50.475801,51.106649,1.249269,0.052788,0.415994,3,10,8,4,3,10,8,4,3,10,8,4,3,10,8,4,0.061640,0.116600,0.232350,0.234230,1,1,17:05:2024,03:48:49,1292,28.545000,77.192600,15.000000,lev20,Almucantar
IIT_Delhi,06:04:2022,01:49:25,96,96.075984,0.508400,0.367500,0.312200,0.285400,0.304800,0.150900,0.088600,0.058100,0.203600,0.216600,0.223700,0.227300,0.719035,74.032865,74.689698,1.940076,0.033311,0.502790,4,10,7,6,4,10,7,6,4,10,7,6,4,10,7,6,0.080460,0.152400,0.295270,0.293060,1,1,17:05:2024,04:06:53,1292,28.545000,77.192600,15.000000,lev20,Almucantar
IIT_Delhi,06:04:2022,02:22:33,96,96.098993,0.456500,0.331400,0.281700,0.257500,0.274900,0.137500,0.082200,0.056600,0.181700,0.193900,0.199500,0.200900,0.711588,66.782960,67.438321,1.866435,0.058623,0.451163,4,10,7,6,4,10,7,6,4,10,7,6,4,10,7,6,0.072200,0.136640,0.267540,0.267000,1,1,17:05:2024,03:43:47,1292,28.545000,77.192600,15.000000,lev20,Almucantar
IIT_Delhi,06:04:2022,03:10:08,96,96.132037,0.456500,0.329200,0.281600,0.257200,0.276200,0.137500,0.083900,0.057100,0.180300,0.191700,0.197700,0.200100,0.713685,56.462126,57.107039,1.501509,0.076562,0.451498,4,10,8,4,4,10,8,4,4,10,8,4,4,10,7,4,0.064630,0.122270,0.242280,0.243430,1,1,17:05:2024,03:50:26,1292,28.545000,77.192600,15.000000,lev20,Almucantar
IIT_Delhi,06:04:2022,03:38:17,96,96.151586,0.458600,0.327400,0.279900,0.256600,0.280200,0.136600,0.082500,0.056400,0.178400,0.190900,0.197400,0.200200,0.730113,50.469754,51.102464,1.524213,0.118713,0.454355,3,10,8,4,3,10,8,4,3,10,8,4,3,10,8,4,0.061640,0.116600,0.232340,0.234220,1,1,17:05:2024,03:56:42,1292,28.545000,77.192600,15.000000,lev20,Almucantar
IIT_Delhi,06:04:2022,11:49:29,96,96.492697,0.605400,0.403900,0.332100,0.298900,0.394800,0.180100,0.100800,0.064100,0.210600,0.223800,0.231300,0.234800,0.886654,73.407280,72.750992,2.845740,0.038852,0.598727,4,10,7,6,4,10,7,6,4,10,7,6,4,10,7,6,0.080540,0.151250,0.291010,0.285010,1,1,17:05:2024,03:43:38,1292,28.545000,77.192600,15.000000,lev20,Almucantar
IIT_Delhi,06:04:2022,12:07:34,96,96.505255,0.575300,0.384700,0.316900,0.285800,0.372800,0.169700,0.094500,0.060000,0.202500,0.215100,0.222500,0.225800,0.880651,77.360288,76.705116,2.757724,0.027596,0.568822,4,7,7,6,4,7,7,6,4,9,7,6,4,10,6,6,0.086780,0.162790,0.310750,0.302480,1,1,17:05:2024,03:47:08,1292,28.545000,77.192600,15.000000,lev20,Almucantar
IIT_Delhi,07:04:2022,01:48:20,97,97.075231,0.520300,0.363100,0.304300,0.276200,0.326100,0.156200,0.091100,0.060600,0.194100,0.206900,0.213200,0.215700,0.791613,74.032505,74.689415,1.791412,0.026674,0.514097,4,10,7,6,4,10,7,6,4,10,7,6,4,10,7,6,0.082330,0.151870,0.294940,0.292280,1,1,17:05:2024,03:44:23,1292,28.545000,77.192600,15.000000,lev20,Almucantar
IIT_Delhi,07:04:2022,02:22:22,97,97.098866,0.560400,0.389700,0.327200,0.296800,0.352700,0.168700,0.099400,0.066400,0.207700,0.221000,0.227800,0.230400,0.794695,66.582808,67.238537,1.721527,0.044104,0.554708,4,10,7,6,4,10,7,6,4,10,7,6,4,10,7,6,0.073960,0.137030,0.267890,0.266950,1,1,17:05:2024,03:52:02,1292,28.545000,77.192600,15.000000,lev20,Almucantar
IIT_Delhi,07:04:2022,03:09:01,97,97.131262,0.568700,0.397400,0.334900,0.303900,0.357900,0.173100,0.103600,0.069900,0.210800,0.224400,0.231200,0.234000,0.782279,56.452948,57.099033,1.877859,0.072807,0.562843,4,10,8,4,4,10,8,4,4,10,8,4,4,10,7,5,0.066640,0.124100,0.244350,0.245080,1,1,17:05:2024,04:00:36,1292,28.545000,77.192600,15.000000,lev20,Almucantar
IIT_Delhi,07:04:2022,03:37:19,97,97.150914,0.552700,0.387000,0.327700,0.297300,0.350300,0.170800,0.104600,0.071000,0.202400,0.216200,0.223100,0.226300,0.772860,50.415053,51.049428,1.780948,0.091659,0.548105,3,10,8,4,3,10,8,4,3,10,8,4,3,10,8,4,0.063660,0.118850,0.234800,0.236280,1,1,17:05:2024,04:07:37,1292,28.545000,77.192600,15.000000,lev20,Almucantar
IIT_Delhi,07:04:2022,10:33:36,97,97.440000,0.490300,0.328200,0.274200,0.253800,0.309500,0.136800,0.075100,0.051000,0.180800,0.191400,0.199200,0.202800,0.860534,56.773633,56.128458,4.348202,0.425739,0.484709,4,10,7,5,4,10,8,4,4,10,8,4,4,10,8,3,0.067220,0.124610,0.244370,0.243500,1,1,17:05:2024,03:53:48,1292,28.545000,77.192600,15.000000,lev20,Almucantar
IIT_Delhi,07:04:2022,11:02:28,97,97.460046,0.547100,0.370900,0.310800,0.281100,0.350300,0.164000,0.097500,0.065500,0.196800,0.207000,0.213200,0.215700,0.836862,63.023606,62.371160,2.549205,0.054650,0.540803,3,10,8,5,3,10,8,5,3,10,8,5,3,10,8,5,0.071500,0.132000,0.257480,0.255090,1,1,17:05:2024,04:00:37,1292,28.545000,77.192600,15.000000,lev20,Almucantar
IIT_Delhi,07:04:2022,11:49:58,97,97.493032,0.535100,0.370100,0.312100,0.284700,0.327800,0.150500,0.085500,0.054700,0.207300,0.219700,0.226600,0.230100,0.797397,73.399410,72.742990,2.728641,0.043231,0.528593,4,10,7,6,4,10,7,6,4,10,7,6,4,10,7,6,0.082440,0.150830,0.290920,0.284600,1,1,17:05:2024,04:08:07,1292,28.545000,77.192600,15.000000,lev20,Almucantar
IIT_Delhi,07:04:2022,12:08:06,97,97.505625,0.536000,0.371700,0.313000,0.285500,0.327900,0.151500,0.086000,0.055200,0.208100,0.220200,0.227000,0.230300,0.795180,77.363458,76.708349,3.595252,0.034843,0.529807,4,8,7,6,4,7,7,6,4,7,7,6,4,10,7,6,0.088610,0.161490,0.309780,0.301260,1,1,17:05:2024,04:10:47,1292,28.545000,77.192600,15.000000,lev20,Almucantar
IIT_Delhi,08:04:2022,01:47:22,98,98.074560,0.528900,0.385900,0.330800,0.304100,0.306700,0.149800,0.087600,0.058100,0.222200,0.236100,0.243200,0.246000,0.692699,74.008862,74.665817,1.882885,0.029711,0.521921,4,10,7,6,4,10,7,6,4,10,7,6,4,10,7,6,0.082300,0.151830,0.294840,0.292180,1,1,17:05:2024,03:46:02,1292,28.545000,77.192600,15.000000,lev20,Almucantar
IIT_Delhi,08:04:2022,02:19:43,98,98.097025,0.519100,0.377700,0.324900,0.299000,0.301000,0.146700,0.086900,0.058400,0.218100,0.231000,0.238100,0.240600,0.692452,66.924570,67.580862,1.953824,0.047147,0.512290,4,10,7,6,4,10,7,6,4,10,7,6,4,10,7,6,0.074280,0.137590,0.268910,0.267900,1,1,17:05:2024,03:54:09,1292,28.545000,77.192600,15.000000,lev20,Almucantar
IIT_Delhi,08:04:2022,03:07:49,98,98.130428,0.479000,0.349600,0.303900,0.279500,0.276800,0.135500,0.083000,0.056000,0.202200,0.214000,0.220800,0.223500,0.673889,56.465279,57.112505,1.888465,0.076462,0.473103,4,10,8,4,4,10,8,4,4,10,8,4,4,10,7,5,0.066650,0.124120,0.244370,0.245110,1,1,17:05:2024,04:01:39,1292,28.545000,77.192600,15.000000,lev20,Almucantar
IIT_Delhi,08:04:2022,03:36:53,98,98.150613,0.506400,0.363200,0.314400,0.288500,0.303300,0.146300,0.090500,0.061000,0.203100,0.217000,0.224000,0.227500,0.706573,50.251380,50.887099,1.860189,0.113461,0.501383,3,10,8,4,3,10,8,4,3,10,8,4,3,10,8,4,0.063590,0.118730,0.234580,0.236080,1,1,17:05:2024,04:08:10,1292,28.545000,77.192600,15.000000,lev20,Almucantar
IIT_Delhi,08:04:2022,10:34:06,98,98.440347,0.500900,0.368800,0.324900,0.306600,0.265700,0.119000,0.066000,0.043800,0.235200,0.249800,0.258800,0.262800,0.642741,56.756301,56.110009,3.214848,0.270329,0.493275,4,10,7,5,4,10,8,4,4,10,8,3,4,10,8,4,0.067210,0.124590,0.244330,0.243470,1,1,17:05:2024,03:53:27,1292,28.545000,77.192600,15.000000,lev20,Almucantar
IIT_Delhi,08:04:2022,11:02:13,98,98.459873,0.521200,0.388800,0.342400,0.322200,0.276400,0.128100,0.072400,0.048400,0.244900,0.260600,0.270000,0.273800,0.622835,62.851237,62.198249,3.180455,0.196723,0.514250,3,10,8,5,3,10,8,5,3,10,8,5,3,10,8,5,0.071380,0.131780,0.257100,0.254720,1,1,17:05:2024,03:55:51,1292,28.545000,77.192600,15.000000,lev20,Almucantar
IIT_Delhi,08:04:2022,11:52:16,98,98.494630,0.473000,0.353000,0.309200,0.288700,0.254500,0.120000,0.068600,0.045300,0.218500,0.233000,0.240600,0.243400,0.629223,73.789751,73.133305,3.117958,0.090957,0.467185,4,10,7,6,4,10,7,6,4,10,7,6,4,10,7,6,0.082960,0.151760,0.292550,0.286070,1,1,17:05:2024,04:02:05,1292,28.545000,77.192600,15.000000,lev20,Almucantar
IIT_Delhi,08:04:2022,12:10:22,98,98.507199,0.508300,0.378100,0.330400,0.307900,0.277300,0.131000,0.074700,0.049500,0.231100,0.247200,0.255700,0.258400,0.637452,77.745347,77.090599,3.264672,0.058356,0.501828,4,7,7,6,4,7,7,6,4,8,7,6,4,9,7,6,0.089300,0.162690,0.311920,0.303090,1,1,17:05:2024,04:04:35,1292,28.545000,77.192600,15.000000,lev20,Almucantar
IIT_Delhi,09:04:2022,01:47:05,99,99.074363,0.525400,0.383800,0.330900,0.307000,0.297800,0.142400,0.081600,0.054100,0.227600,0.241400,0.249300,0.253000,0.683305,73.837901,74.494909,2.043767,0.028939,0.518919,4,10,7,6,4,10,7,6,4,10,7,6,4,10,7,6,0.082060,0.151400,0.294100,0.291470,1,1,17:05:2024,03:47:33,1292,28.545000,77.192600,15.000000,lev20,Almucantar
IIT_Delhi,09:04:2022,02:18:37,99,99.096262,0.547900,0.397800,0.343200,0.317700,0.314600,0.151200,0.088200,0.059300,0.233300,0.246700,0.255000,0.258400,0.691929,66.930387,67.587043,1.977679,0.041236,0.540815,4,10,7,6,4,10,7,6,4,10,7,6,4,10,7,6,0.074260,0.137570,0.268910,0.267920,1,1,17:05:2024,03:55:53,1292,28.545000,77.192600,15.000000,lev20,Almucantar
IIT_Delhi,09:04:2022,03:06:53,99,99.129780,0.583800,0.417300,0.359300,0.331700,0.343600,0.162000,0.095400,0.063400,0.240200,0.255300,0.263900,0.268300,0.718863,56.423701,57.071934,2.117323,0.084566,0.577062,4,10,8,4,4,10,8,4,4,10,8,4,4,10,7,5,0.066620,0.124070,0.244280,0.245040,1,1,17:05:2024,04:03:11,1292,28.545000,77.192600,15.000000,lev20,Almucantar
IIT_Delhi,09:04:2022,03:36:41,99,99.150475,0.578000,0.412400,0.354600,0.326400,0.346900,0.166400,0.100400,0.067600,0.231200,0.246100,0.254200,0.258900,0.723485,50.041723,50.678635,1.721289,0.085443,0.572478,3,10,8,4,3,10,8,4,3,10,8,4,3,10,8,4,0.063500,0.118570,0.234280,0.235820,1,1,17:05:2024,04:09:36,1292,28.545000,77.192600,15.000000,lev20,Almucantar
IIT_Delhi,09:04:2022,10:34:45,99,99.440799,0.693200,0.510000,0.450500,0.427500,0.363300,0.162600,0.090700,0.061900,0.329900,0.347500,0.359800,0.365600,0.640397,56.773202,56.125803,3.714534,0.383456,0.679731,4,10,7,5,4,10,8,4,4,10,8,4,4,10,8,4,0.067220,0.124610,0.244370,0.243500,1,1,17:05:2024,03:57:31,1292,28.545000,77.192600,15.000000,lev20,Almucantar
IIT_Delhi,09:04:2022,11:02:52,99,99.460324,0.659700,0.493100,0.432600,0.406000,0.349500,0.166000,0.094500,0.062200,0.310200,0.327100,0.338100,0.343900,0.624730,62.876081,62.222440,2.143757,0.124670,0.649582,3,10,8,5,3,10,8,5,3,10,8,5,3,10,8,5,0.071390,0.131800,0.257140,0.254770,1,1,17:05:2024,04:04:44,1292,28.545000,77.192600,15.000000,lev20,Almucantar
IIT_Delhi,09:04:2022,11:51:53,99,99.494363,0.626800,0.479700,0.425700,0.402500,0.310800,0.147300,0.082600,0.054000,0.316000,0.332400,0.343200,0.348600,0.572940,73.593639,72.937116,2.669451,0.070147,0.615913,4,10,7,6,4,10,7,6,4,10,7,6,4,10,7,6,0.082700,0.151310,0.291740,0.285330,1,1,17:05:2024,04:11:38,1292,28.545000,77.192600,15.000000,lev20,Almucantar
IIT_Delhi,09:04:2022,12:10:12,99,99.507083,0.646800,0.500200,0.446500,0.423300,0.310600,0.147200,0.082900,0.054500,0.336200,0.353000,0.363600,0.368900,0.549012,77.596641,76.941935,3.388713,0.049483,0.635675,4,8,7,6,4,8,7,6,4,9,7,6,4,10,7,6,0.089040,0.162220,0.311060,0.302370,1,1,17:05:2024,03:42:14,1292,28.545000,77.192600,15.000000,lev20,Almucantar
IIT_Delhi,10:04:2022,01:46:47,100,100.074155,0.757100,0.551400,0.469300,0.430800,0.442300,0.217000,0.124700,0.082100,0.314800,0.334400,0.344600,0.348700,0.704905,73.673021,74.330054,2.155846,0.025691,0.747417,4,10,7,6,4,10,7,6,4,10,7,6,4,10,7,6,0.081860,0.151050,0.293440,0.290790,1,1,17:05:2024,03:57:24,1292,28.545000,77.192600,15.000000,lev20,Almucantar
IIT_Delhi,10:04:2022,02:17:32,100,100.095509,0.764700,0.553900,0.469900,0.429300,0.458700,0.230200,0.136200,0.092100,0.306000,0.323800,0.333700,0.337300,0.717668,66.935439,67.592415,1.983865,0.036369,0.754692,4,10,7,6,4,10,7,6,4,10,7,6,4,10,7,6,0.074300,0.137620,0.268950,0.267930,1,1,17:05:2024,04:06:49,1292,28.545000,77.192600,15.000000,lev20,Almucantar
IIT_Delhi,10:04:2022,03:06:21,100,100.129410,0.786300,0.560800,0.472800,0.428600,0.489200,0.244600,0.146800,0.098500,0.297100,0.316200,0.326100,0.330200,0.749921,56.299189,56.948271,1.701849,0.060670,0.777184,4,10,8,4,4,10,8,4,4,10,8,4,4,10,8,4,0.066560,0.123960,0.244080,0.244830,1,1,17:05:2024,03:50:07,1292,28.545000,77.192600,15.000000,lev20,Almucantar
IIT_Delhi,10:04:2022,03:33:36,100,100.148333,0.797700,0.563400,0.473600,0.428000,0.509700,0.255700,0.155800,0.105500,0.288000,0.307700,0.317900,0.322600,0.768975,50.448713,51.088109,1.804545,0.079996,0.790082,3,10,8,4,3,10,8,4,3,10,8,4,3,10,8,4,0.063670,0.118870,0.234830,0.236330,1,1,17:05:2024,03:59:43,1292,28.545000,77.192600,15.000000,lev20,Almucantar
IIT_Delhi,10:04:2022,10:36:40,100,100.442130,0.703500,0.500000,0.428800,0.393500,0.414200,0.192800,0.111800,0.072100,0.289300,0.307200,0.317000,0.321400,0.732952,57.066016,56.417228,2.134613,0.075566,0.694392,4,10,7,5,4,10,7,5,4,10,8,4,4,10,8,4,0.067390,0.124910,0.244890,0.243960,1,1,17:05:2024,04:12:12,1292,28.545000,77.192600,15.000000,lev20,Almucantar
IIT_Delhi,10:04:2022,11:03:27,100,100.460729,0.724800,0.515000,0.440800,0.406500,0.427300,0.199200,0.114400,0.074600,0.297500,0.315800,0.326400,0.331900,0.735940,62.887743,62.233509,3.085023,0.115103,0.716724,3,10,8,5,3,10,8,5,3,10,8,5,3,10,8,5,0.071410,0.131830,0.257190,0.254800,1,1,17:05:2024,04:17:52,1292,28.545000,77.192600,15.000000,lev20,Almucantar
IIT_Delhi,10:04:2022,11:51:40,100,100.494213,0.774900,0.550500,0.468300,0.429800,0.455800,0.212000,0.118200,0.074600,0.319200,0.338500,0.350100,0.355300,0.744273,73.434588,72.778021,2.417557,0.029454,0.764957,4,10,7,6,4,10,7,6,4,10,7,6,4,10,7,6,0.082490,0.150940,0.291070,0.284730,1,1,17:05:2024,03:48:37,1292,28.545000,77.192600,15.000000,lev20,Almucantar
IIT_Delhi,10:04:2022,12:09:55,100,100.506887,0.819900,0.581700,0.493800,0.453000,0.481000,0.222000,0.121800,0.075800,0.338900,0.359800,0.372000,0.377200,0.749091,77.422922,76.768265,3.237102,0.028967,0.810271,4,8,7,6,4,8,7,6,4,9,7,6,4,10,7,6,0.088730,0.161690,0.310140,0.301540,1,1,17:05:2024,03:52:28,1292,28.545000,77.192600,15.000000,lev20,Almucantar
IIT_Delhi,11:04:2022,01:44:03,101,101.072257,0.542000,0.400000,0.344100,0.317700,0.307700,0.150600,0.086400,0.056500,0.234300,0.249500,0.257800,0.261300,0.670292,74.043620,74.700449,2.934021,0.042110,0.535414,4,10,7,6,4,10,7,6,4,10,7,6,4,10,7,6,0.082350,0.151910,0.295030,0.292320,1,1,17:05:2024,03:48:58,1292,28.545000,77.192600,15.000000,lev20,Almucantar
IIT_Delhi,11:04:2022,02:16:33,101,101.094826,0.558600,0.407300,0.349700,0.322800,0.323300,0.156300,0.090000,0.059100,0.235300,0.251000,0.259700,0.263700,0.691645,66.921542,67.578788,2.795342,0.085786,0.551961,4,10,7,6,4,10,7,6,4,10,7,6,4,10,7,6,0.074280,0.137610,0.268930,0.267900,1,1,17:05:2024,03:57:58,1292,28.545000,77.192600,15.000000,lev20,Almucantar
IIT_Delhi,11:04:2022,03:06:13,101,101.129317,0.631100,0.454700,0.390600,0.361900,0.372100,0.178400,0.104600,0.071700,0.259100,0.276300,0.286100,0.290200,0.709551,56.091490,56.741278,3.318039,0.170108,0.624020,4,10,8,4,4,10,8,4,4,10,8,4,4,10,8,4,0.066430,0.123730,0.243690,0.244490,1,1,17:05:2024,04:04:54,1292,28.545000,77.192600,15.000000,lev20,Almucantar
IIT_Delhi,11:04:2022,03:32:28,101,101.147546,0.646700,0.461300,0.395300,0.363600,0.388800,0.186300,0.110600,0.073900,0.257900,0.275100,0.284700,0.289700,0.728340,50.446202,51.087088,2.099808,0.123532,0.640359,3,10,8,4,3,10,8,4,3,10,8,4,3,10,8,4,0.063670,0.118870,0.234830,0.236330,1,1,17:05:2024,04:11:29,1292,28.545000,77.192600,15.000000,lev20,Almucantar
IIT_Delhi,13:04:2022,01:41:57,103,103.070799,0.809600,0.656900,0.594600,0.566100,0.363900,0.185100,0.106400,0.071200,0.445700,0.471800,0.488200,0.495000,0.456004,74.055275,74.711838,3.106260,0.091773,0.796960,4,10,7,6,4,10,7,6,4,10,7,6,4,10,7,6,0.082350,0.151930,0.295060,0.292370,1,1,17:05:2024,04:04:14,1292,28.545000,77.192600,15.000000,lev20,Almucantar
IIT_Delhi,13:04:2022,02:15:44,103,103.094259,0.801500,0.653100,0.594900,0.569900,0.350000,0.175700,0.100400,0.068200,0.451600,0.477500,0.494400,0.501700,0.441113,66.650773,67.308406,3.425210,0.181289,0.787846,4,10,7,6,4,10,7,6,4,10,7,6,4,10,7,6,0.074030,0.137160,0.268120,0.267140,1,1,17:05:2024,04:12:17,1292,28.545000,77.192600,15.000000,lev20,Almucantar
IIT_Delhi,13:04:2022,03:02:24,103,103.126667,0.828700,0.668400,0.608900,0.582900,0.379000,0.192000,0.113800,0.078900,0.449700,0.476500,0.495100,0.503900,0.456878,56.456653,57.108592,2.839201,0.251603,0.815051,4,10,8,4,4,10,8,4,4,10,8,4,4,10,7,5,0.066650,0.124120,0.244370,0.245100,1,1,17:05:2024,03:48:46,1292,28.545000,77.192600,15.000000,lev20,Almucantar
IIT_Delhi,13:04:2022,11:53:15,103,103.495312,0.841600,0.739900,0.704100,0.687100,0.261000,0.125900,0.070900,0.048200,0.580600,0.613900,0.633200,0.638900,0.265504,73.449391,72.793018,4.073053,0.082790,0.825162,4,10,7,6,4,10,7,6,4,10,7,6,4,10,7,6,0.082520,0.150980,0.291130,0.284790,1,1,17:05:2024,04:13:09,1292,28.545000,77.192600,15.000000,lev20,Almucantar
IIT_Delhi,14:04:2022,10:37:48,104,104.442917,0.865600,0.665200,0.594600,0.565900,0.427800,0.200800,0.112800,0.075900,0.437800,0.464400,0.481800,0.490000,0.557030,56.841082,56.189092,3.809463,0.248835,0.853428,4,10,7,5,4,10,8,4,4,10,8,4,4,10,8,4,0.067250,0.124670,0.244480,0.243600,1,1,17:05:2024,04:11:17,1292,28.545000,77.192600,15.000000,lev20,Almucantar
IIT_Delhi,14:04:2022,11:05:35,104,104.462211,0.848300,0.658500,0.592000,0.564600,0.410300,0.194500,0.110100,0.074200,0.438000,0.464000,0.481900,0.490400,0.533834,62.902806,62.246708,3.245846,0.182619,0.836231,3,10,8,5,3,10,8,5,3,10,8,5,3,10,8,5,0.071430,0.131860,0.257240,0.254820,1,1,17:05:2024,04:17:49,1292,28.545000,77.192600,15.000000,lev20,Almucantar
IIT_Delhi,14:04:2022,12:13:59,104,104.509711,0.794300,0.633500,0.577500,0.553600,0.349800,0.164200,0.093000,0.062400,0.444500,0.469300,0.484600,0.491200,0.473464,77.864693,77.211507,4.916300,0.089146,0.782382,4,9,7,6,4,8,7,6,4,8,7,6,4,9,7,6,0.089530,0.163080,0.312580,0.303680,1,1,17:05:2024,03:47:32,1292,28.545000,77.192600,15.000000,lev20,Almucantar
IIT_Delhi,15:04:2022,02:12:26,105,105.091968,0.691900,0.604900,0.578700,0.568000,0.223000,0.107800,0.062200,0.043800,0.468900,0.497100,0.516500,0.524200,0.267231,66.937003,67.594932,4.690813,0.252146,0.679570,4,10,7,6,4,10,7,6,4,10,7,6,4,10,7,6,0.078240,0.144280,0.275200,0.276100,1,1,17:05:2024,04:15:28,1292,28.545000,77.192600,15.000000,lev20,Almucantar
IIT_Delhi,15:04:2022,10:40:24,105,105.444722,0.917700,0.731100,0.667300,0.641400,0.412200,0.196100,0.111900,0.076500,0.505500,0.535100,0.555500,0.564900,0.473578,57.292786,56.639673,2.928406,0.227618,0.902695,4,10,7,5,4,10,7,5,4,10,7,5,4,10,8,4,0.071000,0.130370,0.250100,0.250470,1,1,17:05:2024,04:05:38,1292,28.545000,77.192600,15.000000,lev20,Almucantar
IIT_Delhi,15:04:2022,11:06:09,105,105.462604,0.829500,0.673200,0.619000,0.596000,0.357500,0.173100,0.100100,0.068300,0.472000,0.500200,0.518900,0.527700,0.435051,62.916591,62.260139,2.688006,0.165813,0.816826,3,10,8,5,3,10,8,5,3,10,8,5,3,10,8,5,0.075180,0.137870,0.262790,0.261910,1,1,17:05:2024,04:15:15,1292,28.545000,77.192600,15.000000,lev20,Almucantar
IIT_Delhi,15:04:2022,11:55:26,105,105.496829,0.825500,0.679300,0.628600,0.606000,0.328200,0.153400,0.085800,0.056000,0.497300,0.526000,0.542800,0.550000,0.405133,73.708084,73.052144,3.467911,0.091169,0.810993,4,10,7,6,4,10,7,6,4,10,7,6,4,10,7,6,0.087400,0.159830,0.299930,0.295390,1,1,17:05:2024,04:23:43,1292,28.545000,77.192600,15.000000,lev20,Almucantar
IIT_Delhi,15:04:2022,12:13:55,105,105.509664,0.901500,0.736400,0.679400,0.653100,0.363900,0.168200,0.093000,0.060300,0.537600,0.568200,0.586400,0.592800,0.420518,77.739750,77.086795,3.560351,0.042593,0.885483,4,8,7,6,4,8,7,6,4,8,7,6,4,9,7,6,0.094260,0.172130,0.320710,0.314120,1,1,17:05:2024,04:28:39,1292,28.545000,77.192600,15.000000,lev20,Almucantar
IIT_Delhi,16:04:2022,01:40:18,106,106.069653,0.743600,0.592300,0.536600,0.513300,0.337600,0.163400,0.092200,0.062100,0.406000,0.429000,0.444400,0.451200,0.483613,73.765400,74.421488,3.328593,0.105470,0.732222,4,10,7,6,4,10,7,6,4,10,7,6,4,10,7,6,0.086420,0.159400,0.301530,0.301240,1,1,17:05:2024,04:00:46,1292,28.545000,77.192600,15.000000,lev20,Almucantar
IIT_Delhi,16:04:2022,02:59:57,106,106.124965,0.747300,0.591200,0.539300,0.519700,0.336600,0.157600,0.088800,0.061200,0.410800,0.433600,0.450500,0.458500,0.485211,56.323702,56.977690,3.129801,0.293242,0.734532,4,10,8,4,4,10,8,4,4,10,8,4,4,10,8,4,0.069970,0.129060,0.248830,0.251070,1,1,17:05:2024,04:08:06,1292,28.545000,77.192600,15.000000,lev20,Almucantar
IIT_Delhi,16:04:2022,11:55:07,106,106.496609,0.824200,0.594600,0.518800,0.487300,0.467500,0.214800,0.124100,0.086800,0.356700,0.379800,0.394700,0.400600,0.687085,73.530097,72.874276,4.600415,0.583191,0.804217,4,10,7,6,4,10,7,6,4,10,7,6,4,10,7,6,0.087130,0.159330,0.299050,0.294670,1,1,17:05:2024,04:12:15,1292,28.545000,77.192600,15.000000,lev20,Almucantar
IIT_Delhi,16:04:2022,12:13:26,106,106.509329,0.786600,0.579500,0.503300,0.467800,0.433200,0.204100,0.114800,0.073900,0.353400,0.375400,0.388500,0.393900,0.660491,77.524471,76.871676,3.300275,0.023185,0.776216,4,8,7,6,4,8,7,6,4,8,7,6,4,10,7,6,0.093850,0.171380,0.319440,0.313000,1,1,17:05:2024,04:16:37,1292,28.545000,77.192600,15.000000,lev20,Almucantar
IIT_Delhi,17:04:2022,01:37:56,107,107.068009,0.742000,0.565000,0.498300,0.469200,0.377200,0.178300,0.099000,0.064700,0.364900,0.386800,0.399400,0.404600,0.588939,74.071967,74.727583,3.665081,0.091284,0.732003,4,10,7,6,4,10,7,6,4,10,7,6,4,10,7,6,0.086890,0.160250,0.302990,0.302620,1,1,17:05:2024,04:06:50,1292,28.545000,77.192600,15.000000,lev20,Almucantar
IIT_Delhi,17:04:2022,02:10:21,107,107.090521,0.788600,0.591500,0.517800,0.486800,0.417800,0.199100,0.111400,0.073800,0.370800,0.392400,0.406400,0.413000,0.622171,66.969723,67.627752,2.868611,0.142278,0.776077,4,10,7,6,4,10,7,6,4,10,7,6,4,10,7,6,0.078270,0.144320,0.275280,0.276200,1,1,17:05:2024,04:15:53,1292,28.545000,77.192600,15.000000,lev20,Almucantar
IIT_Delhi,17:04:2022,02:58:20,107,107.123843,0.791600,0.592100,0.519300,0.489100,0.425900,0.205000,0.117000,0.079200,0.365700,0.387000,0.402300,0.409900,0.624039,56.461779,57.116492,2.629715,0.225797,0.779980,4,10,8,4,4,10,8,4,4,10,8,4,4,10,7,5,0.070060,0.129220,0.249110,0.251320,1,1,17:05:2024,04:23:14,1292,28.545000,77.192600,15.000000,lev20,Almucantar
IIT_Delhi,17:04:2022,03:25:57,107,107.143021,0.787500,0.582300,0.512700,0.483900,0.436600,0.207900,0.122300,0.086400,0.350900,0.374400,0.390400,0.397500,0.636820,50.464070,51.112468,4.474513,0.587816,0.780224,3,10,8,4,3,10,8,4,3,10,8,4,3,10,8,4,0.066860,0.123360,0.238990,0.241790,1,1,17:05:2024,03:58:03,1292,28.545000,77.192600,15.000000,lev20,Almucantar
IIT_Delhi,17:04:2022,10:39:52,107,107.444352,0.748200,0.548600,0.483500,0.450100,0.399300,0.179200,0.101800,0.063700,0.349000,0.369400,0.381700,0.386400,0.648649,56.952242,56.298135,3.180668,0.129190,0.736268,4,10,7,5,4,10,7,5,4,6,8,4,4,8,8,4,0.070780,0.129980,0.249440,0.249870,1,1,17:05:2024,04:26:33,1292,28.545000,77.192600,15.000000,lev20,Almucantar
IIT_Delhi,18:04:2022,01:36:58,108,108.067338,0.805100,0.616200,0.543400,0.509500,0.417700,0.203100,0.115900,0.075700,0.387400,0.413100,0.427500,0.433800,0.581091,74.075348,74.730647,2.257019,0.053952,0.795025,4,10,7,6,4,10,7,6,4,10,7,6,4,10,7,6,0.086880,0.160250,0.303000,0.302630,1,1,16:05:2024,23:50:58,1292,28.545000,77.192600,15.000000,lev20,Almucantar
IIT_Delhi,18:04:2022,02:09:28,108,108.089907,0.775500,0.593000,0.523200,0.491400,0.405300,0.198100,0.113600,0.075500,0.370200,0.394900,0.409600,0.415900,0.581871,66.956453,67.614476,2.236719,0.098633,0.765752,4,10,7,6,4,10,7,6,4,10,7,6,4,10,7,6,0.078240,0.144300,0.275250,0.276160,1,1,16:05:2024,23:36:48,1292,28.545000,77.192600,15.000000,lev20,Almucantar
IIT_Delhi,18:04:2022,02:57:22,108,108.123171,0.790300,0.594200,0.522500,0.491100,0.427700,0.207500,0.120100,0.081200,0.362700,0.386700,0.402500,0.409900,0.612557,56.462302,57.117578,2.465737,0.211073,0.781048,4,10,8,4,4,10,8,4,4,10,8,4,4,10,7,5,0.070060,0.129220,0.249100,0.251330,1,1,16:05:2024,23:44:49,1292,28.545000,77.192600,15.000000,lev20,Almucantar
IIT_Delhi,18:04:2022,03:24:57,108,108.142326,0.787200,0.592500,0.521900,0.490400,0.430900,0.212100,0.125000,0.085300,0.356400,0.380400,0.396900,0.405200,0.608648,50.464465,51.113875,2.205348,0.213154,0.779405,3,10,8,4,3,10,8,4,3,10,8,4,3,10,8,4,0.066870,0.123380,0.239010,0.241790,1,1,16:05:2024,23:51:43,1292,28.545000,77.192600,15.000000,lev20,Almucantar
IIT_Delhi,18:04:2022,10:40:03,108,108.444479,1.247600,0.876800,0.735800,0.666000,0.782700,0.380700,0.223500,0.147100,0.465000,0.496200,0.512300,0.518900,0.778910,56.881740,56.227112,2.091402,0.064280,1.234229,4,10,7,5,4,10,8,4,4,10,8,4,4,10,8,4,0.070730,0.129890,0.249310,0.249740,1,1,16:05:2024,23:48:57,1292,28.545000,77.192600,15.000000,lev20,Almucantar
IIT_Delhi,18:04:2022,11:09:35,108,108.464988,1.131100,0.808300,0.689300,0.632600,0.675900,0.324400,0.187800,0.121900,0.455200,0.484000,0.501500,0.510700,0.731870,63.343455,62.686140,1.948812,0.053715,1.118345,3,10,8,5,3,10,8,5,3,10,8,5,3,10,8,5,0.075550,0.138530,0.263890,0.262900,1,1,16:05:2024,23:57:48,1292,28.545000,77.192600,15.000000,lev20,Almucantar
IIT_Delhi,18:04:2022,11:55:45,108,108.497049,1.078100,0.786100,0.681000,0.632200,0.596700,0.275000,0.153800,0.098100,0.481500,0.511200,0.527200,0.534100,0.679884,73.452049,72.796692,2.895068,0.033694,1.064481,4,10,7,6,4,10,7,6,4,10,7,6,4,10,7,6,0.087020,0.159150,0.298750,0.294350,1,1,17:05:2024,00:07:36,1292,28.545000,77.192600,15.000000,lev20,Almucantar
IIT_Delhi,18:04:2022,12:14:00,108,108.509722,1.078600,0.791700,0.688500,0.640700,0.585700,0.269100,0.147300,0.091000,0.492900,0.522600,0.541200,0.549800,0.664501,77.428064,76.776007,2.556029,0.017569,1.062131,4,7,7,6,4,8,7,6,4,8,7,6,4,10,7,6,0.093700,0.171110,0.318940,0.312510,1,1,17:05:2024,00:11:49,1292,28.545000,77.192600,15.000000,lev20,Almucantar
IIT_Delhi,19:04:2022,01:36:04,109,109.066713,0.879000,0.727800,0.669700,0.643500,0.354200,0.171600,0.094700,0.061800,0.524900,0.556300,0.575000,0.581800,0.402915,74.067273,74.722233,2.829711,0.074356,0.863402,4,10,7,6,4,10,7,6,4,10,7,6,4,10,7,6,0.086860,0.160190,0.302930,0.302590,1,1,16:05:2024,23:34:51,1292,28.545000,77.192600,15.000000,lev20,Almucantar
IIT_Delhi,19:04:2022,02:09:21,109,109.089826,0.827100,0.684200,0.630600,0.607500,0.335500,0.163700,0.091900,0.061600,0.491600,0.520600,0.538700,0.545900,0.402220,66.778495,67.436506,2.949875,0.153647,0.812135,4,10,7,6,4,10,7,6,4,10,7,6,4,10,7,6,0.078080,0.143990,0.274710,0.275620,1,1,16:05:2024,23:44:07,1292,28.545000,77.192600,15.000000,lev20,Almucantar
IIT_Delhi,19:04:2022,02:56:22,109,109.122477,0.780900,0.638200,0.586000,0.564600,0.339000,0.169300,0.098100,0.068000,0.441900,0.468900,0.487900,0.496600,0.426008,56.474260,57.130055,2.885143,0.261600,0.769342,4,10,8,4,4,10,8,4,4,10,8,4,4,10,7,5,0.070060,0.129230,0.249120,0.251350,1,1,16:05:2024,23:51:05,1292,28.545000,77.192600,15.000000,lev20,Almucantar
IIT_Delhi,19:04:2022,10:40:34,109,109.444838,0.965100,0.770200,0.700100,0.670300,0.441300,0.215900,0.124800,0.085000,0.523900,0.554300,0.575400,0.585400,0.476270,56.885175,56.230024,3.348314,0.208408,0.948690,4,10,7,5,4,10,8,4,4,10,8,4,4,10,8,4,0.070730,0.129890,0.249310,0.249750,1,1,16:05:2024,23:31:35,1292,28.545000,77.192600,15.000000,lev20,Almucantar
IIT_Delhi,19:04:2022,11:09:28,109,109.464907,0.977300,0.771200,0.696300,0.663900,0.459200,0.222100,0.127000,0.085100,0.518200,0.549100,0.569400,0.578800,0.502643,63.211196,62.553740,2.790801,0.156190,0.964048,3,10,8,5,3,10,8,5,3,10,8,5,3,10,8,5,0.075430,0.138320,0.263540,0.262590,1,1,16:05:2024,23:40:57,1292,28.545000,77.192600,15.000000,lev20,Almucantar
IIT_Delhi,19:04:2022,11:56:14,109,109.497384,0.999800,0.784700,0.707100,0.671000,0.465100,0.216900,0.120700,0.078000,0.534700,0.567800,0.586500,0.593000,0.513634,73.449864,72.794804,2.660219,0.051616,0.984430,4,10,7,6,4,10,7,6,4,10,7,6,4,10,7,6,0.087010,0.159130,0.298740,0.294340,1,1,16:05:2024,23:50:44,1292,28.545000,77.192600,15.000000,lev20,Almucantar
IIT_Delhi,19:04:2022,12:14:32,109,109.510093,0.977000,0.778600,0.705900,0.671200,0.436200,0.205000,0.114100,0.074400,0.540800,0.573600,0.591800,0.596900,0.481867,77.434362,76.782771,3.138980,0.036033,0.961088,4,7,7,6,4,8,7,6,4,8,7,6,4,10,7,6,0.093720,0.171160,0.319060,0.312540,1,1,16:05:2024,23:55:01,1292,28.545000,77.192600,15.000000,lev20,Almucantar
IIT_Delhi,20:04:2022,02:09:11,110,110.089711,0.655400,0.523300,0.469700,0.445800,0.320200,0.164600,0.095800,0.065700,0.335200,0.358700,0.373900,0.380100,0.492077,66.615068,67.273043,3.684833,0.226024,0.647655,4,10,7,6,4,10,7,5,4,10,7,4,4,10,7,5,0.077900,0.143660,0.274140,0.275130,1,1,16:05:2024,23:44:02,1292,28.545000,77.192600,15.000000,lev20,Almucantar
IIT_Delhi,20:04:2022,10:41:06,110,110.445208,0.789000,0.620400,0.560500,0.535000,0.381800,0.185900,0.107900,0.073500,0.407100,0.434500,0.452600,0.461500,0.507349,56.893433,56.237803,3.728835,0.286927,0.778533,4,10,7,5,4,10,8,4,4,10,8,4,4,10,8,4,0.070750,0.129920,0.249330,0.249760,1,1,16:05:2024,23:35:58,1292,28.545000,77.192600,15.000000,lev20,Almucantar
IIT_Delhi,20:04:2022,11:09:09,110,110.464687,0.784000,0.623500,0.565100,0.539100,0.369700,0.181500,0.105600,0.071600,0.414300,0.442100,0.459600,0.467500,0.485513,63.035807,62.378241,3.190816,0.182422,0.773859,3,10,8,5,3,10,8,5,3,10,8,5,3,10,8,5,0.075280,0.138050,0.263090,0.262180,1,1,16:05:2024,23:43:23,1292,28.545000,77.192600,15.000000,lev20,Almucantar
IIT_Delhi,20:04:2022,11:56:51,110,110.497812,0.726800,0.587800,0.534400,0.508300,0.324300,0.155600,0.088300,0.058400,0.402500,0.432200,0.446100,0.449900,0.455300,73.477002,72.822288,3.910028,0.065678,0.716742,4,10,7,6,4,10,7,6,4,10,7,6,4,10,7,6,0.087070,0.159210,0.298900,0.294450,1,1,16:05:2024,23:46:46,1292,28.545000,77.192600,15.000000,lev20,Almucantar
IIT_Delhi,20:04:2022,12:15:08,110,110.510509,0.739600,0.596700,0.540600,0.513000,0.348200,0.173300,0.100800,0.068200,0.391500,0.423400,0.439800,0.444800,0.463664,77.455167,76.804088,4.016761,0.024050,0.729337,4,7,7,6,4,7,7,6,4,8,7,6,4,9,7,6,0.093760,0.171190,0.319140,0.312650,1,1,16:05:2024,23:50:22,1292,28.545000,77.192600,15.000000,lev20,Almucantar
IIT_Delhi,22:04:2022,12:17:07,112,112.511887,0.821900,0.643000,0.577100,0.544700,0.428300,0.224600,0.142200,0.101600,0.393700,0.418400,0.434900,0.443100,0.523892,77.666330,77.016574,4.242871,0.049221,0.813877,4,8,7,6,4,9,7,6,4,9,7,6,4,10,7,6,0.094110,0.171850,0.320220,0.313750,1,1,03:05:2024,11:50:16,1292,28.545000,77.192600,15.000000,lev20,Almucantar
IIT_Delhi,23:04:2022,01:33:45,113,113.065104,0.470200,0.389900,0.355500,0.338600,0.205800,0.104800,0.060100,0.040700,0.264400,0.285100,0.295400,0.297900,0.412620,73.787808,74.441359,2.692127,0.105820,0.464870,4,10,7,6,4,10,7,6,4,10,7,6,4,10,7,6,0.084280,0.160380,0.303040,0.303180,1,1,03:05:2024,11:43:26,1292,28.545000,77.192600,15.000000,lev20,Almucantar
IIT_Delhi,23:04:2022,02:04:55,113,113.086748,0.552300,0.453300,0.410100,0.388500,0.256300,0.133900,0.078500,0.053700,0.296100,0.319400,0.331700,0.334800,0.438819,66.972726,67.630200,2.787579,0.188271,0.545229,4,10,7,6,4,10,7,6,4,10,7,6,4,10,7,6,0.076600,0.145280,0.276490,0.277880,1,1,03:05:2024,11:51:12,1292,28.545000,77.192600,15.000000,lev20,Almucantar
IIT_Delhi,23:04:2022,02:53:26,113,113.120440,0.648000,0.524900,0.471000,0.443000,0.332400,0.182100,0.112300,0.079400,0.315600,0.342800,0.358800,0.363600,0.470030,56.330943,56.988258,2.439682,0.268888,0.640588,4,10,8,4,4,10,8,4,4,10,8,4,4,10,8,4,0.068840,0.130030,0.249790,0.252590,1,1,03:05:2024,11:58:15,1292,28.545000,77.192600,15.000000,lev20,Almucantar
IIT_Delhi,23:04:2022,11:58:36,113,113.499028,0.746500,0.554700,0.490600,0.461700,0.393600,0.177600,0.099600,0.064700,0.353000,0.377100,0.391000,0.397100,0.623281,73.537548,72.884037,2.652557,0.062233,0.737436,4,10,7,6,4,10,7,6,4,10,7,6,4,10,7,6,0.084920,0.160270,0.300530,0.296510,1,1,03:05:2024,11:53:21,1292,28.545000,77.192600,15.000000,lev20,Almucantar
IIT_Delhi,23:04:2022,12:16:50,113,113.511690,0.735000,0.547600,0.484300,0.455000,0.384500,0.174000,0.097400,0.063100,0.350500,0.373600,0.386900,0.392000,0.619223,77.495858,76.846449,2.885704,0.034637,0.726359,4,8,7,6,4,9,7,6,4,9,7,6,4,10,7,6,0.091160,0.172190,0.320870,0.314790,1,1,03:05:2024,11:57:39,1292,28.545000,77.192600,15.000000,lev20,Almucantar
IIT_Delhi,24:04:2022,01:31:28,114,114.063519,0.669200,0.545600,0.491000,0.463100,0.311000,0.160500,0.092900,0.062500,0.358200,0.385100,0.398100,0.400700,0.456121,74.097693,74.750485,2.991562,0.080757,0.661684,4,10,7,6,4,10,7,6,4,10,7,6,4,10,7,6,0.084720,0.161250,0.304560,0.304570,1,1,03:05:2024,11:49:06,1292,28.545000,77.192600,15.000000,lev20,Almucantar
IIT_Delhi,24:04:2022,02:04:08,114,114.086204,0.604100,0.482100,0.429200,0.403500,0.303700,0.158900,0.093000,0.063400,0.300500,0.323300,0.336100,0.340100,0.503564,66.959285,67.616560,2.700512,0.168390,0.596841,4,10,7,6,4,10,7,6,4,10,7,6,4,10,7,6,0.076590,0.145260,0.276470,0.277840,1,1,03:05:2024,11:52:41,1292,28.545000,77.192600,15.000000,lev20,Almucantar
IIT_Delhi,24:04:2022,02:53:22,114,114.120394,0.592300,0.469400,0.419300,0.396100,0.298200,0.152200,0.088700,0.061100,0.294100,0.317200,0.330600,0.335000,0.510005,56.159710,56.817256,2.565148,0.271448,0.585255,4,10,8,4,4,10,8,4,4,10,8,4,4,10,8,4,0.068740,0.129840,0.249460,0.252280,1,1,03:05:2024,11:59:02,1292,28.545000,77.192600,15.000000,lev20,Almucantar
IIT_Delhi,24:04:2022,03:19:18,114,114.138403,0.604100,0.478700,0.430200,0.407400,0.310600,0.162200,0.098200,0.068700,0.293600,0.316500,0.332000,0.338700,0.502244,50.489563,51.143801,2.223139,0.274172,0.598185,3,10,8,4,3,10,8,4,3,10,8,4,3,10,8,4,0.065940,0.124340,0.239870,0.243270,1,1,03:05:2024,12:01:51,1292,28.545000,77.192600,15.000000,lev20,Almucantar
IIT_Delhi,24:04:2022,10:43:27,114,114.446840,0.807600,0.645000,0.589600,0.566300,0.358400,0.166000,0.092200,0.061400,0.449200,0.479000,0.497500,0.504900,0.467707,56.984646,56.327553,2.959929,0.279185,0.795052,4,10,7,5,4,10,7,5,4,10,8,4,4,10,8,4,0.069610,0.130960,0.250430,0.251410,1,1,03:05:2024,11:50:56,1292,28.545000,77.192600,15.000000,lev20,Almucantar
IIT_Delhi,24:04:2022,11:10:46,114,114.465810,0.817600,0.659200,0.605000,0.581500,0.357200,0.168100,0.094900,0.064300,0.460400,0.491200,0.510100,0.517200,0.447711,62.972955,62.315219,3.261878,0.220758,0.806375,3,10,8,5,3,10,8,5,3,10,8,5,3,10,8,5,0.073750,0.138910,0.264020,0.263610,1,1,03:05:2024,12:00:02,1292,28.545000,77.192600,15.000000,lev20,Almucantar
IIT_Delhi,24:04:2022,11:58:48,114,114.499167,0.837200,0.679700,0.628200,0.602800,0.371700,0.183800,0.112300,0.078600,0.465500,0.495900,0.515900,0.524200,0.427729,73.474546,72.821419,4.841134,0.184834,0.822530,4,10,7,6,4,10,7,6,4,10,7,6,4,10,7,6,0.084840,0.160130,0.300270,0.296250,1,1,03:05:2024,12:08:58,1292,28.545000,77.192600,15.000000,lev20,Almucantar
IIT_Delhi,25:04:2022,01:30:36,115,115.062917,0.676400,0.530500,0.474400,0.447100,0.331500,0.159100,0.090000,0.059300,0.345000,0.371400,0.384400,0.387900,0.524761,74.102378,74.754661,2.246112,0.057261,0.668934,4,10,7,6,4,10,7,6,4,10,7,6,4,10,7,6,0.084700,0.161220,0.304530,0.304600,1,1,03:05:2024,11:45:25,1292,28.545000,77.192600,15.000000,lev20,Almucantar
IIT_Delhi,25:04:2022,02:03:08,115,115.085509,0.726700,0.564100,0.502500,0.473500,0.364000,0.174800,0.098900,0.065600,0.362700,0.389300,0.403600,0.407900,0.545891,66.997130,67.654154,2.387282,0.121561,0.717856,4,10,7,6,4,10,7,6,4,10,7,6,4,10,7,6,0.076640,0.145340,0.276600,0.277950,1,1,03:05:2024,11:54:07,1292,28.545000,77.192600,15.000000,lev20,Almucantar
IIT_Delhi,25:04:2022,03:18:34,115,115.137894,0.726800,0.550700,0.484400,0.453500,0.406500,0.205300,0.122800,0.085100,0.320200,0.345400,0.361600,0.368400,0.600107,50.465022,51.119844,2.092498,0.238054,0.720070,3,10,8,4,3,10,8,4,3,10,8,4,3,10,8,4,0.065940,0.124330,0.239830,0.243240,1,1,03:05:2024,12:05:16,1292,28.545000,77.192600,15.000000,lev20,Almucantar
IIT_Delhi,26:04:2022,02:02:59,116,116.085405,0.684600,0.566600,0.524700,0.507100,0.283000,0.138600,0.079100,0.054800,0.401700,0.428000,0.445600,0.452300,0.395219,66.852675,67.509503,4.724847,0.268068,0.673274,4,10,7,6,4,10,7,6,4,10,7,6,4,10,7,6,0.076480,0.145050,0.276090,0.277510,1,1,03:05:2024,12:06:09,1292,28.545000,77.192600,15.000000,lev20,Almucantar
IIT_Delhi,26:04:2022,11:13:13,116,116.467512,0.972600,0.826300,0.782900,0.764000,0.349400,0.164200,0.095400,0.066700,0.623200,0.662100,0.687600,0.697300,0.324491,63.304884,62.647329,4.111479,0.221956,0.957847,3,10,8,5,3,10,8,5,3,10,8,5,3,10,8,5,0.074010,0.139400,0.264850,0.264390,1,1,03:05:2024,11:48:30,1292,28.545000,77.192600,15.000000,lev20,Almucantar
IIT_Delhi,26:04:2022,12:18:17,116,116.512697,0.941100,0.811600,0.769600,0.750100,0.301000,0.135600,0.074500,0.049900,0.640100,0.676000,0.695200,0.700200,0.300115,77.482209,76.834605,4.890739,0.083438,0.923387,4,9,7,6,4,8,7,6,4,9,7,6,4,10,7,6,0.091140,0.172170,0.320830,0.314740,1,1,03:05:2024,11:54:06,1292,28.545000,77.192600,15.000000,lev20,Almucantar
IIT_Delhi,27:04:2022,01:28:57,117,117.061771,0.487000,0.361500,0.313500,0.289500,0.272800,0.133600,0.078600,0.052500,0.214200,0.227900,0.234900,0.237000,0.650682,74.104339,74.755544,2.400489,0.032448,0.482840,4,10,7,6,4,10,7,6,4,10,7,6,4,10,7,6,0.084710,0.161240,0.304560,0.304600,1,1,03:05:2024,11:44:54,1292,28.545000,77.192600,15.000000,lev20,Almucantar
IIT_Delhi,27:04:2022,02:02:47,117,117.085266,0.471300,0.346300,0.300100,0.276500,0.268900,0.130200,0.077000,0.051200,0.202400,0.216100,0.223200,0.225300,0.667491,66.723183,67.379788,1.916298,0.058037,0.466965,4,10,7,6,4,10,7,6,4,10,7,6,4,10,7,6,0.076340,0.144780,0.275650,0.277110,1,1,03:05:2024,11:51:45,1292,28.545000,77.192600,15.000000,lev20,Almucantar
IIT_Delhi,27:04:2022,02:49:30,117,117.117708,0.455700,0.329100,0.283400,0.260000,0.272300,0.131500,0.079200,0.053400,0.183400,0.197500,0.204200,0.206600,0.702672,56.476179,57.134433,2.030252,0.116773,0.452061,4,10,8,4,4,10,8,4,4,10,8,4,4,10,7,5,0.068920,0.130190,0.250070,0.252860,1,1,03:05:2024,11:58:27,1292,28.545000,77.192600,15.000000,lev20,Almucantar
IIT_Delhi,27:04:2022,03:17:43,117,117.137303,0.460100,0.330000,0.282300,0.259200,0.279300,0.135100,0.080700,0.055100,0.180700,0.194900,0.201600,0.204100,0.722061,50.295543,50.951310,2.042857,0.139126,0.456908,3,10,8,4,3,10,8,4,3,10,8,4,3,10,8,3,0.065860,0.124180,0.239600,0.243000,1,1,03:05:2024,11:36:20,1292,28.545000,77.192600,15.000000,lev20,Almucantar
IIT_Delhi,27:04:2022,10:44:33,117,117.447604,0.814000,0.491600,0.392100,0.346300,0.585100,0.246000,0.137500,0.087600,0.228900,0.245700,0.254700,0.258700,1.081530,56.917650,56.259949,1.920954,0.067849,0.805871,4,10,7,5,4,10,8,4,4,10,8,4,4,10,8,4,0.069570,0.130880,0.250300,0.251290,1,1,03:05:2024,12:02:29,1292,28.545000,77.192600,15.000000,lev20,Almucantar
IIT_Delhi,27:04:2022,11:12:48,117,117.467222,0.808900,0.495800,0.398100,0.354300,0.572600,0.242500,0.134500,0.086100,0.236200,0.253300,0.263600,0.268200,1.049746,63.111774,62.454293,2.175806,0.065525,0.801877,3,10,8,5,3,10,8,5,3,10,8,5,3,10,8,5,0.073850,0.139090,0.264340,0.263930,1,1,03:05:2024,11:37:03,1292,28.545000,77.192600,15.000000,lev20,Almucantar
IIT_Delhi,27:04:2022,12:00:08,117,117.500093,0.768500,0.467600,0.373700,0.333200,0.542500,0.226200,0.123600,0.079400,0.226100,0.241400,0.250100,0.253900,1.067299,73.445890,72.794185,3.149242,0.033878,0.762237,4,10,7,6,4,10,7,6,4,10,7,6,4,10,7,6,0.084750,0.159990,0.300060,0.296140,1,1,03:05:2024,11:45:01,1292,28.545000,77.192600,15.000000,lev20,Almucantar
IIT_Delhi,27:04:2022,12:18:08,117,117.512593,0.789500,0.478700,0.381300,0.339300,0.559200,0.232500,0.124700,0.078300,0.230300,0.246300,0.256600,0.260900,1.077109,77.341075,76.693916,3.254575,0.025100,0.782891,4,9,7,6,4,8,7,6,4,9,7,6,4,10,7,6,0.090830,0.171610,0.319910,0.314010,1,1,03:05:2024,11:49:21,1292,28.545000,77.192600,15.000000,lev20,Almucantar
IIT_Delhi,28:04:2022,01:28:07,118,118.061192,0.810000,0.574200,0.491900,0.454100,0.471300,0.215400,0.121900,0.080000,0.338700,0.358800,0.370000,0.374200,0.738417,74.112596,74.763223,2.564769,0.024188,0.800556,4,10,7,6,4,10,7,6,4,10,7,6,4,10,7,6,0.084760,0.161320,0.304680,0.304630,1,1,03:05:2024,11:44:20,1292,28.545000,77.192600,15.000000,lev20,Almucantar
IIT_Delhi,28:04:2022,02:02:30,118,118.085069,0.811900,0.573400,0.491900,0.454200,0.478600,0.218400,0.124600,0.081500,0.333400,0.355000,0.367200,0.372700,0.742405,66.615992,67.272347,1.810911,0.032289,0.801097,4,10,7,6,4,10,7,6,4,10,7,6,4,10,7,6,0.076280,0.144650,0.275380,0.276790,1,1,03:05:2024,11:55:35,1292,28.545000,77.192600,15.000000,lev20,Almucantar
IIT_Delhi,28:04:2022,02:48:33,118,118.117049,0.805800,0.568600,0.490300,0.453700,0.475700,0.216600,0.126400,0.084200,0.330100,0.352000,0.363900,0.369500,0.736999,56.516342,57.174724,2.038213,0.077799,0.796169,4,10,8,4,4,10,8,4,4,10,8,4,4,10,7,5,0.068940,0.130230,0.250140,0.252930,1,1,03:05:2024,12:04:12,1292,28.545000,77.192600,15.000000,lev20,Almucantar
IIT_Delhi,28:04:2022,03:17:31,118,118.137164,0.813700,0.575200,0.497400,0.461600,0.477700,0.216300,0.125800,0.083600,0.336000,0.358900,0.371700,0.378000,0.730501,50.168703,50.824859,2.009419,0.093418,0.806081,3,10,8,4,3,10,8,4,3,10,8,4,3,10,8,4,0.065810,0.124080,0.239410,0.242830,1,1,03:05:2024,12:12:18,1292,28.545000,77.192600,15.000000,lev20,Almucantar
IIT_Delhi,28:04:2022,10:20:04,118,118.430602,1.121400,0.676800,0.535200,0.479000,0.796800,0.332300,0.175900,0.110700,0.324600,0.344500,0.359400,0.368300,1.093824,51.452709,50.796631,2.322552,0.206791,1.113449,3,10,8,4,3,10,8,4,3,10,8,4,3,10,8,4,0.066670,0.125330,0.240830,0.242790,1,1,03:05:2024,11:54:48,1292,28.545000,77.192600,15.000000,lev20,Almucantar
IIT_Delhi,28:04:2022,10:47:48,118,118.449861,1.156400,0.702400,0.560300,0.499400,0.816200,0.338800,0.182300,0.113600,0.340200,0.363600,0.378000,0.385800,1.072456,57.529198,56.871304,1.897771,0.061373,1.146123,4,10,7,5,4,10,7,5,4,10,7,5,4,10,8,4,0.069940,0.131590,0.251510,0.252380,1,1,03:05:2024,11:59:41,1292,28.545000,77.192600,15.000000,lev20,Almucantar
IIT_Delhi,29:04:2022,01:27:47,119,119.060961,0.740900,0.563400,0.504900,0.479600,0.365200,0.163000,0.089900,0.058100,0.375700,0.400500,0.415100,0.421600,0.570067,74.016149,74.666297,1.902437,0.051946,0.730422,4,10,7,6,4,10,7,6,4,10,7,6,4,10,7,6,0.084630,0.161060,0.304220,0.304190,1,1,03:05:2024,11:41:45,1292,28.545000,77.192600,15.000000,lev20,Almucantar
IIT_Delhi,29:04:2022,01:59:51,119,119.083229,0.752000,0.565100,0.504500,0.480800,0.376500,0.166400,0.091100,0.059900,0.375400,0.398600,0.413400,0.420900,0.593514,67.030512,67.686308,2.522370,0.126754,0.741530,4,10,7,6,4,10,7,6,4,10,7,6,4,10,7,6,0.076670,0.145410,0.276710,0.278050,1,1,03:05:2024,11:51:22,1292,28.545000,77.192600,15.000000,lev20,Almucantar
IIT_Delhi,29:04:2022,02:47:48,119,119.116528,0.712100,0.531800,0.475800,0.454400,0.360500,0.158800,0.088200,0.059300,0.351600,0.373100,0.387600,0.395100,0.600351,56.517117,57.175585,2.359910,0.200891,0.702664,4,10,8,4,4,10,8,4,4,10,8,4,4,10,7,5,0.068950,0.130240,0.250160,0.252930,1,1,03:05:2024,11:58:30,1292,28.545000,77.192600,15.000000,lev20,Almucantar
IIT_Delhi,29:04:2022,03:15:18,119,119.135625,0.713000,0.529400,0.472700,0.450300,0.372300,0.167500,0.095400,0.065000,0.340800,0.362000,0.377300,0.385300,0.611998,50.487869,51.144620,2.195474,0.243637,0.704884,3,10,8,4,3,10,8,4,3,10,8,4,3,10,8,4,0.065950,0.124350,0.239880,0.243270,1,1,03:05:2024,12:04:16,1292,28.545000,77.192600,15.000000,lev20,Almucantar
IIT_Delhi,29:04:2022,10:47:29,119,119.449641,1.053700,0.702200,0.598300,0.555100,0.637000,0.261300,0.142400,0.089400,0.416600,0.440900,0.455900,0.465800,0.841702,57.359351,56.701396,2.342555,0.099434,1.042298,4,10,7,5,4,10,7,5,4,10,7,5,4,10,8,4,0.069830,0.131390,0.251160,0.252070,1,1,03:05:2024,11:56:14,1292,28.545000,77.192600,15.000000,lev20,Almucantar
IIT_Delhi,29:04:2022,11:13:01,119,119.467373,1.043600,0.701100,0.600100,0.556900,0.632100,0.261900,0.145800,0.095100,0.411500,0.439200,0.454400,0.461800,0.823155,62.957122,62.299905,2.124948,0.034026,1.031564,3,10,8,5,3,10,8,5,3,10,8,5,3,10,8,5,0.073720,0.138860,0.263930,0.263570,1,1,03:05:2024,12:06:22,1292,28.545000,77.192600,15.000000,lev20,Almucantar
IIT_Delhi,29:04:2022,12:02:32,119,119.501759,0.893500,0.626600,0.544600,0.509400,0.501200,0.210000,0.112800,0.069500,0.392300,0.416700,0.431700,0.439900,0.736252,73.754681,73.104365,2.201261,0.024496,0.880716,4,10,7,6,4,10,7,6,4,10,7,6,4,10,7,6,0.085180,0.160810,0.301470,0.297410,1,1,03:05:2024,12:10:12,1292,28.545000,77.192600,15.000000,lev20,Almucantar
IIT_Delhi,30:04:2022,01:27:38,120,120.060856,0.786800,0.552800,0.477100,0.444700,0.450900,0.195400,0.107600,0.069400,0.335900,0.357400,0.369500,0.375400,0.742555,73.883911,74.533607,2.077871,0.022797,0.777358,4,10,7,6,4,10,7,6,4,10,7,6,4,10,7,6,0.084440,0.160690,0.303570,0.303590,1,1,03:05:2024,11:54:54,1292,28.545000,77.192600,15.000000,lev20,Almucantar
IIT_Delhi,30:04:2022,01:59:01,120,120.082650,0.746900,0.536100,0.467200,0.436300,0.419100,0.188100,0.107500,0.071200,0.327900,0.348000,0.359800,0.365100,0.696566,67.051552,67.706970,1.673811,0.031866,0.736908,4,10,7,6,4,10,7,6,4,10,7,6,4,10,7,6,0.076690,0.145440,0.276770,0.278110,1,1,03:05:2024,12:05:56,1292,28.545000,77.192600,15.000000,lev20,Almucantar
IIT_Delhi,30:04:2022,02:47:17,120,120.116169,0.683100,0.497100,0.437300,0.409800,0.375100,0.169000,0.098000,0.065100,0.308000,0.328100,0.339200,0.344800,0.662831,56.471193,57.129710,1.756449,0.083892,0.674519,4,10,8,4,4,10,8,4,4,10,8,4,4,10,7,5,0.068920,0.130180,0.250070,0.252850,1,1,03:05:2024,12:15:21,1292,28.545000,77.192600,15.000000,lev20,Almucantar
IIT_Delhi,30:04:2022,03:14:32,120,120.135093,0.632100,0.457200,0.403800,0.379100,0.348600,0.154600,0.090700,0.060600,0.283500,0.302600,0.313100,0.318500,0.667081,50.494822,51.151936,1.570427,0.073910,0.625139,3,10,8,4,3,10,8,4,3,10,8,4,3,10,8,4,0.065950,0.124360,0.239890,0.243280,1,1,03:05:2024,12:22:26,1292,28.545000,77.192600,15.000000,lev20,Almucantar
IIT_Delhi,30:04:2022,10:47:19,120,120.449525,0.572400,0.410300,0.361700,0.340500,0.311200,0.133000,0.074900,0.048200,0.261200,0.277300,0.286800,0.292400,0.683580,57.223046,56.565050,2.278705,0.135933,0.564790,4,10,7,5,4,10,7,5,4,10,7,5,4,10,8,4,0.069750,0.131220,0.250900,0.251830,1,1,03:05:2024,12:18:21,1292,28.545000,77.192600,15.000000,lev20,Almucantar
IIT_Delhi,30:04:2022,11:13:27,120,120.467674,0.556600,0.406500,0.360500,0.342200,0.292700,0.127300,0.071000,0.047100,0.263900,0.279300,0.289500,0.295100,0.646650,62.951646,62.294618,2.171312,0.161324,0.549645,3,10,8,5,3,10,8,5,3,10,8,5,3,10,8,5,0.073720,0.138840,0.263910,0.263560,1,1,03:05:2024,11:49:32,1292,28.545000,77.192600,15.000000,lev20,Almucantar
IIT_Delhi,30:04:2022,12:02:23,120,120.501655,0.553800,0.413200,0.368800,0.349800,0.280600,0.123200,0.068400,0.044500,0.273200,0.290000,0.300300,0.305300,0.604942,73.616454,72.966562,2.678517,0.070952,0.546422,4,10,7,6,4,10,7,6,4,10,7,6,4,10,7,6,0.084990,0.160440,0.300850,0.296850,1,1,03:05:2024,11:58:02,1292,28.545000,77.192600,15.000000,lev20,Almucantar
IIT_Delhi,30:04:2022,12:20:24,120,120.514167,0.550000,0.411100,0.367200,0.348200,0.277800,0.122100,0.067800,0.044100,0.272200,0.289100,0.299400,0.304100,0.601176,77.502736,76.857857,2.833212,0.045993,0.542366,4,7,6,6,4,8,7,6,4,9,7,6,4,10,7,6,0.091110,0.172150,0.320850,0.314860,1,1,03:05:2024,12:02:36,1292,28.545000,77.192600,15.000000,lev20,Almucantar
IIT_Delhi,01:05:2022,03:13:50,121,121.134606,0.842600,0.623800,0.545400,0.513600,0.456000,0.216000,0.121900,0.081500,0.386600,0.407900,0.423600,0.432100,0.644130,50.492060,51.149491,2.367566,0.163352,0.831918,3,10,8,4,3,10,8,4,3,10,8,4,3,10,8,4,0.063210,0.121150,0.239290,0.242610,1,1,03:05:2024,12:00:33,1292,28.545000,77.192600,15.000000,lev20,Almucantar
IIT_Delhi,01:05:2022,10:47:12,121,121.449444,1.006800,0.747100,0.657400,0.621400,0.522400,0.237800,0.131000,0.086400,0.484400,0.509400,0.526500,0.535000,0.632105,57.098337,56.440322,3.087022,0.233082,0.992017,4,10,7,4,4,10,5,4,4,10,4,4,4,10,6,4,0.066830,0.127850,0.249730,0.250690,1,1,03:05:2024,12:10:28,1292,28.545000,77.192600,15.000000,lev20,Almucantar
IIT_Delhi,01:05:2022,11:14:00,121,121.468056,1.060400,0.787800,0.691800,0.652200,0.549500,0.251000,0.137600,0.089200,0.510900,0.536900,0.554200,0.563000,0.632952,62.972095,62.315292,3.038149,0.164623,1.045701,3,10,8,5,3,10,8,5,3,10,8,4,3,10,8,3,0.070800,0.135640,0.262680,0.262350,1,1,03:05:2024,12:14:50,1292,28.545000,77.192600,15.000000,lev20,Almucantar
IIT_Delhi,01:05:2022,12:02:19,121,121.501609,1.157800,0.850000,0.740600,0.692500,0.612700,0.276700,0.149700,0.092600,0.545100,0.573400,0.590900,0.599900,0.661715,73.496509,72.847070,2.965132,0.032140,1.140834,4,10,7,6,4,10,7,6,4,10,7,6,4,10,7,6,0.081690,0.156960,0.298120,0.294250,1,1,03:05:2024,12:25:00,1292,28.545000,77.192600,15.000000,lev20,Almucantar
IIT_Delhi,01:05:2022,12:20:33,121,121.514271,1.139100,0.835300,0.726800,0.680900,0.597600,0.266900,0.140900,0.086000,0.541600,0.568400,0.585900,0.594900,0.665313,77.426317,76.782031,3.026912,0.020732,1.120232,4,8,6,6,4,8,6,6,4,9,7,6,4,9,7,6,0.087740,0.168790,0.317730,0.311910,1,1,03:05:2024,12:29:40,1292,28.545000,77.192600,15.000000,lev20,Almucantar
IIT_Delhi,02:05:2022,01:25:04,122,122.059074,1.104600,0.741700,0.605900,0.547400,0.727900,0.340800,0.191000,0.126700,0.376700,0.400900,0.415000,0.420700,0.885172,74.121850,74.770010,1.856851,0.009676,1.092753,4,10,7,6,4,10,7,6,4,10,7,6,4,8,7,6,0.081630,0.158170,0.302370,0.302360,1,1,03:05:2024,11:56:49,1292,28.545000,77.192600,15.000000,lev20,Almucantar
IIT_Delhi,02:05:2022,01:57:35,122,122.081655,1.000100,0.680300,0.561200,0.510300,0.631900,0.291600,0.158200,0.099500,0.368300,0.388700,0.403000,0.410900,0.852162,67.054884,67.709505,2.006389,0.036224,0.987484,4,10,7,6,4,10,7,6,4,10,7,6,4,10,7,6,0.073700,0.142220,0.275170,0.276480,1,1,03:05:2024,12:09:22,1292,28.545000,77.192600,15.000000,lev20,Almucantar
IIT_Delhi,02:05:2022,02:47:02,122,122.115995,0.978200,0.667000,0.553700,0.504700,0.619400,0.287500,0.160900,0.104200,0.358800,0.379600,0.392800,0.400500,0.840182,56.221020,56.879555,1.652865,0.052491,0.966567,4,10,8,4,4,10,8,4,4,10,8,4,4,10,8,4,0.065960,0.126680,0.248700,0.251450,1,1,03:05:2024,12:18:27,1292,28.545000,77.192600,15.000000,lev20,Almucantar
IIT_Delhi,02:05:2022,03:13:08,122,122.134120,0.953500,0.649000,0.547700,0.507800,0.588300,0.262400,0.146700,0.100400,0.365200,0.386600,0.401000,0.407400,0.821365,50.494188,51.151894,4.575704,0.880867,0.953357,3,10,8,4,3,10,8,4,3,10,8,4,3,10,8,4,0.063210,0.121150,0.239300,0.242610,1,1,03:05:2024,12:21:01,1292,28.545000,77.192600,15.000000,lev20,Almucantar
IIT_Delhi,02:05:2022,12:02:42,122,122.501875,1.017700,0.820000,0.754300,0.726300,0.411600,0.181600,0.096100,0.060900,0.606100,0.638400,0.658200,0.665500,0.445726,73.474078,72.825211,3.578547,0.100726,1.000687,4,10,7,6,4,10,7,6,4,10,7,6,4,10,7,6,0.081660,0.156890,0.297990,0.294170,1,1,03:05:2024,12:33:31,1292,28.545000,77.192600,15.000000,lev20,Almucantar
IIT_Delhi,03:05:2022,02:48:08,123,123.116759,2.443000,2.221700,2.129700,2.079600,0.683700,0.361500,0.205100,0.139500,1.759300,1.860300,1.924700,1.940200,0.203262,55.833896,56.492426,3.389314,0.100223,2.393662,4,10,8,4,4,10,8,4,4,10,8,4,4,10,8,4,0.065720,0.126200,0.247930,0.250780,1,1,03:05:2024,12:06:23,1292,28.545000,77.192600,15.000000,lev20,Almucantar
IIT_Delhi,03:05:2022,03:13:02,123,123.134051,2.367200,2.130600,2.030000,1.974100,0.832800,0.514800,0.346500,0.262700,1.534500,1.615900,1.683700,1.711500,0.227341,50.369647,51.027552,4.042162,0.107643,2.330396,3,10,8,4,3,10,8,4,3,10,8,4,3,10,8,4,0.063150,0.121030,0.239100,0.242450,1,1,03:05:2024,12:15:30,1292,28.545000,77.192600,15.000000,lev20,Almucantar
IIT_Delhi,03:05:2022,10:47:44,123,123.449815,2.114000,1.730500,1.599100,1.541800,0.876000,0.421100,0.243800,0.167900,1.238100,1.309500,1.355300,1.374000,0.415135,57.018874,56.360903,3.724702,0.185628,2.078748,4,10,7,5,4,10,7,5,4,10,8,4,4,10,8,4,0.066790,0.127770,0.249590,0.250550,1,1,03:05:2024,13:13:10,1292,28.545000,77.192600,15.000000,lev20,Almucantar
IIT_Delhi,03:05:2022,11:15:24,123,123.469028,2.214200,1.866800,1.748300,1.692700,0.826900,0.396800,0.227300,0.155300,1.387400,1.470100,1.521100,1.537500,0.351651,63.079618,62.423370,3.460867,0.117830,2.171211,3,10,8,5,3,10,8,5,3,10,8,5,3,10,8,5,0.070910,0.135840,0.262990,0.262600,1,1,03:05:2024,11:59:31,1292,28.545000,77.192600,15.000000,lev20,Almucantar
IIT_Delhi,04:05:2022,02:44:24,124,124.114167,1.418800,1.164800,1.065400,1.020300,0.626800,0.324500,0.192600,0.132500,0.792100,0.840300,0.872800,0.887800,0.424024,56.512320,57.170720,3.068424,0.181747,1.396489,4,10,8,4,4,10,8,4,4,10,8,4,4,10,7,5,0.066120,0.126990,0.249230,0.251970,1,1,03:05:2024,12:22:22,1292,28.545000,77.192600,15.000000,lev20,Almucantar
IIT_Delhi,04:05:2022,03:11:52,124,124.133241,1.429700,1.161700,1.056100,1.008400,0.660600,0.344500,0.205400,0.141100,0.769100,0.817200,0.850800,0.867300,0.448087,50.483891,51.142026,2.741581,0.191812,1.410550,3,10,8,4,3,10,8,4,3,10,8,4,3,10,8,4,0.063210,0.121140,0.239280,0.242600,1,1,03:05:2024,11:52:26,1292,28.545000,77.192600,15.000000,lev20,Almucantar
IIT_Delhi,05:05:2022,01:23:05,125,125.057697,1.213900,1.029800,0.942100,0.893400,0.497200,0.251400,0.146100,0.098300,0.716800,0.778500,0.796000,0.795100,0.372740,74.104009,74.750194,2.551915,0.034616,1.200820,4,10,7,6,4,10,7,6,4,10,7,6,4,10,7,6,0.081540,0.158000,0.302130,0.302270,1,1,03:05:2024,11:56:55,1292,28.545000,77.192600,15.000000,lev20,Almucantar
IIT_Delhi,05:05:2022,01:57:06,125,125.081319,1.166800,0.977200,0.894900,0.850500,0.501500,0.255300,0.148100,0.100200,0.665300,0.722000,0.746900,0.750300,0.391398,66.727869,67.381407,2.302099,0.052747,1.154472,4,10,7,6,4,10,7,6,4,10,7,6,4,10,7,6,0.073380,0.141590,0.274110,0.275500,1,1,03:05:2024,12:10:53,1292,28.545000,77.192600,15.000000,lev20,Almucantar
IIT_Delhi,05:05:2022,02:43:48,125,125.113750,1.217800,1.000200,0.914900,0.868900,0.562600,0.288500,0.172500,0.118900,0.655300,0.711700,0.742500,0.750100,0.423299,56.507549,57.165848,1.857829,0.064838,1.206906,4,10,8,4,4,10,8,4,4,10,8,4,4,10,7,5,0.066110,0.126980,0.249220,0.251960,1,1,03:05:2024,12:20:40,1292,28.545000,77.192600,15.000000,lev20,Almucantar
IIT_Delhi,05:05:2022,03:11:49,125,125.133206,1.263600,1.039900,0.955500,0.911500,0.578700,0.296300,0.178600,0.125100,0.685000,0.743600,0.777000,0.786500,0.414281,50.358097,51.016367,1.941364,0.109436,1.253834,3,10,8,4,3,10,8,4,3,10,8,4,3,10,8,4,0.063150,0.121030,0.239100,0.242430,1,1,03:05:2024,12:31:35,1292,28.545000,77.192600,15.000000,lev20,Almucantar
IIT_Delhi,05:05:2022,10:48:28,125,125.450324,1.138000,0.855200,0.767200,0.729600,0.586100,0.260000,0.143700,0.094200,0.551900,0.595200,0.623500,0.635400,0.587092,56.985499,56.327683,2.552483,0.161550,1.124559,4,10,7,5,4,10,7,5,4,10,8,4,4,10,8,4,0.066770,0.127720,0.249520,0.250500,1,1,03:05:2024,12:19:40,1292,28.545000,77.192600,15.000000,lev20,Almucantar
IIT_Delhi,05:05:2022,11:17:02,125,125.470162,1.116100,0.794500,0.694300,0.650300,0.631100,0.271700,0.148300,0.094200,0.485000,0.522900,0.546000,0.556100,0.705829,63.239204,62.583643,2.063298,0.054035,1.106184,3,10,8,5,3,10,8,5,3,10,8,5,3,10,8,5,0.071030,0.136060,0.263370,0.262970,1,1,03:05:2024,12:29:21,1292,28.545000,77.192600,15.000000,lev20,Almucantar
IIT_Delhi,05:05:2022,12:04:13,125,125.502928,1.258900,0.827200,0.688700,0.629100,0.811100,0.344100,0.182600,0.113700,0.447800,0.483200,0.506100,0.515400,0.893969,73.486299,72.839317,2.126027,0.019833,1.248538,4,10,7,6,4,10,7,6,4,10,7,6,4,10,7,6,0.081680,0.156950,0.298060,0.294220,1,1,03:05:2024,12:38:40,1292,28.545000,77.192600,15.000000,lev20,Almucantar
IIT_Delhi,05:05:2022,12:22:29,125,125.515613,1.272500,0.836300,0.696500,0.636900,0.820000,0.349400,0.189000,0.120000,0.452500,0.487000,0.507500,0.516900,0.893243,77.406651,76.765295,4.582012,0.040913,1.261360,4,8,7,6,4,8,7,6,4,9,7,6,4,10,7,6,0.087730,0.168760,0.317660,0.311830,1,1,03:05:2024,11:52:20,1292,28.545000,77.192600,15.000000,lev20,Almucantar
IIT_Delhi,06:05:2022,01:22:18,126,126.057153,1.427700,0.902800,0.724300,0.648500,0.997800,0.441000,0.241200,0.153200,0.430000,0.461800,0.483200,0.495300,1.002293,74.132417,74.777877,4.173712,0.023784,1.418093,4,10,7,6,4,10,7,6,4,10,7,5,4,10,7,6,0.081620,0.158170,0.302390,0.302390,1,1,03:05:2024,11:52:10,1292,28.545000,77.192600,15.000000,lev20,Almucantar
IIT_Delhi,07:05:2022,01:22:01,127,127.056956,0.798100,0.555700,0.474000,0.439800,0.474100,0.208900,0.114000,0.073400,0.324000,0.346800,0.360100,0.366400,0.772018,74.057299,74.702164,2.260728,0.026615,0.790375,4,10,7,6,4,10,7,6,4,10,7,6,4,10,7,6,0.081520,0.157950,0.302030,0.302060,1,1,03:05:2024,11:56:07,1292,28.545000,77.192600,15.000000,lev20,Almucantar
IIT_Delhi,07:05:2022,01:54:21,127,127.079410,0.803000,0.551600,0.469100,0.434000,0.488700,0.215400,0.120600,0.079700,0.314400,0.336200,0.348500,0.354300,0.796988,67.059981,67.712295,1.288889,0.024983,0.794196,4,10,7,6,4,10,7,6,4,10,7,6,4,10,7,6,0.073700,0.142220,0.275170,0.276490,1,1,03:05:2024,12:07:16,1292,28.545000,77.192600,15.000000,lev20,Almucantar
IIT_Delhi,07:05:2022,02:42:31,127,127.112859,0.792400,0.537700,0.458100,0.423000,0.491900,0.216000,0.124200,0.083000,0.300500,0.321800,0.334000,0.340000,0.813677,56.530125,57.188138,1.648182,0.049120,0.784670,4,10,8,4,4,10,8,4,4,10,8,4,4,10,7,5,0.066130,0.127020,0.249280,0.252000,1,1,03:05:2024,12:16:22,1292,28.545000,77.192600,15.000000,lev20,Almucantar
IIT_Delhi,07:05:2022,03:11:38,127,127.133079,0.774800,0.515500,0.437700,0.401800,0.498300,0.219400,0.130600,0.088200,0.276500,0.296100,0.307200,0.313600,0.848789,50.139337,50.797809,1.439243,0.047699,0.768543,3,10,8,4,3,10,8,4,3,10,8,4,3,10,8,4,0.063060,0.120850,0.238790,0.242140,1,1,03:05:2024,12:23:41,1292,28.545000,77.192600,15.000000,lev20,Almucantar
IIT_Delhi,07:05:2022,11:16:49,127,127.470012,1.669700,1.011000,0.769400,0.663600,1.271800,0.582700,0.319500,0.203400,0.398000,0.428300,0.449900,0.460300,1.139057,62.995877,62.340861,2.115545,0.035371,1.658329,3,10,8,5,3,10,8,5,3,10,8,5,3,10,8,5,0.070830,0.135690,0.262770,0.262410,1,1,03:05:2024,12:03:39,1292,28.545000,77.192600,15.000000,lev20,Almucantar
IIT_Delhi,07:05:2022,12:06:56,127,127.504815,1.672700,1.013300,0.766600,0.661800,1.266300,0.578600,0.312500,0.199200,0.406400,0.434800,0.454200,0.462600,1.146077,73.861354,73.216162,2.534429,0.026243,1.659175,4,10,7,6,4,10,7,6,4,10,7,6,4,10,7,6,0.082200,0.157950,0.299750,0.295740,1,1,03:05:2024,12:09:18,1292,28.545000,77.192600,15.000000,lev20,Almucantar
IIT_Delhi,08:05:2022,01:21:58,128,128.056921,1.158000,0.716500,0.559100,0.491100,0.843100,0.378400,0.206600,0.132000,0.314900,0.338100,0.352500,0.359100,1.072552,73.936293,74.580623,1.846980,0.018432,1.149571,4,10,7,6,4,10,7,6,4,10,7,6,4,10,7,6,0.081370,0.157640,0.301490,0.301520,1,1,03:05:2024,11:53:37,1292,28.545000,77.192600,15.000000,lev20,Almucantar
IIT_Delhi,08:05:2022,01:53:45,128,128.078993,1.085400,0.669300,0.521900,0.458200,0.792800,0.356100,0.194800,0.123900,0.292600,0.313300,0.327200,0.334400,1.078771,67.063596,67.715402,1.658970,0.034780,1.077447,4,10,7,6,4,10,7,6,4,10,7,6,4,10,7,6,0.073700,0.142220,0.275170,0.276500,1,1,03:05:2024,12:02:30,1292,28.545000,77.192600,15.000000,lev20,Almucantar
IIT_Delhi,08:05:2022,02:41:55,128,128.112442,1.078000,0.670100,0.526700,0.464300,0.783400,0.353700,0.197000,0.127600,0.294600,0.316400,0.329700,0.336700,1.055823,56.539193,57.197028,2.017881,0.059465,1.070473,4,10,8,4,4,10,8,4,4,10,8,4,4,10,7,5,0.066140,0.127030,0.249300,0.252010,1,1,03:05:2024,12:10:13,1292,28.545000,77.192600,15.000000,lev20,Almucantar
IIT_Delhi,08:05:2022,10:51:45,128,128.452604,1.350700,0.863800,0.689400,0.611200,0.951800,0.439100,0.246900,0.158300,0.398900,0.424700,0.442500,0.453000,0.991585,57.417525,56.760270,1.639943,0.041960,1.339459,4,10,7,5,4,10,7,5,4,10,7,5,4,10,8,4,0.067020,0.128230,0.250360,0.251240,1,1,03:05:2024,11:58:46,1292,28.545000,77.192600,15.000000,lev20,Almucantar
IIT_Delhi,08:05:2022,11:17:23,128,128.470405,1.328600,0.850200,0.679300,0.603500,0.931200,0.426600,0.238200,0.152600,0.397500,0.423600,0.441100,0.450900,0.989151,63.022078,62.367440,2.288336,0.045714,1.317958,3,10,8,5,3,10,8,5,3,10,8,5,3,10,8,5,0.070840,0.135730,0.262830,0.262470,1,1,03:05:2024,12:09:04,1292,28.545000,77.192600,15.000000,lev20,Almucantar
IIT_Delhi,08:05:2022,12:06:59,128,128.504850,1.228400,0.788700,0.631800,0.561900,0.847100,0.381300,0.207900,0.130400,0.381300,0.407500,0.423900,0.431600,0.980568,73.767422,73.122780,2.351469,0.020436,1.217888,4,10,7,6,4,10,7,6,4,10,7,6,4,10,7,6,0.082060,0.157690,0.299330,0.295360,1,1,03:05:2024,12:17:48,1292,28.545000,77.192600,15.000000,lev20,Almucantar
IIT_Delhi,09:05:2022,01:21:58,129,129.056921,1.348200,0.927600,0.770500,0.701500,0.851100,0.395400,0.215200,0.135300,0.497100,0.532200,0.555400,0.566200,0.825380,73.808924,74.452727,2.008109,0.019222,1.334625,4,10,7,6,4,10,7,6,4,10,7,6,4,10,7,6,0.083360,0.156520,0.305490,0.305200,1,1,03:05:2024,12:00:56,1292,28.545000,77.192600,15.000000,lev20,Almucantar
IIT_Delhi,09:05:2022,01:53:12,129,129.078611,1.379200,0.936100,0.771100,0.697400,0.894600,0.418100,0.232200,0.148300,0.484700,0.518000,0.538900,0.549100,0.857509,67.060651,67.711942,1.962665,0.034030,1.366379,4,10,7,6,4,10,7,6,4,10,7,6,4,10,7,6,0.075540,0.141550,0.279330,0.280460,1,1,03:05:2024,12:11:08,1292,28.545000,77.192600,15.000000,lev20,Almucantar
IIT_Delhi,09:05:2022,02:41:37,129,129.112234,1.383900,0.930900,0.762900,0.688300,0.916400,0.432200,0.242300,0.155400,0.467600,0.498800,0.520600,0.533000,0.878190,56.487102,57.144755,1.868357,0.061703,1.371225,4,10,8,4,4,10,8,4,4,10,8,4,4,10,7,5,0.067630,0.126420,0.252890,0.255620,1,1,03:05:2024,12:20:25,1292,28.545000,77.192600,15.000000,lev20,Almucantar
IIT_Delhi,09:05:2022,03:08:54,129,129.131181,1.401100,0.933000,0.759800,0.682200,0.951900,0.452800,0.258100,0.168100,0.449300,0.480200,0.501700,0.514100,0.902204,50.499819,51.158419,1.591261,0.053776,1.390286,3,10,8,4,3,10,8,4,3,10,8,4,3,10,8,4,0.064600,0.120660,0.242820,0.246210,1,1,03:05:2024,11:50:51,1292,28.545000,77.192600,15.000000,lev20,Almucantar
IIT_Delhi,09:05:2022,10:51:42,129,129.452569,1.118200,0.778200,0.657900,0.602700,0.684900,0.316400,0.178100,0.113200,0.433300,0.461800,0.479800,0.489600,0.784461,57.311641,56.654552,1.758062,0.059975,1.106345,4,10,7,5,4,10,7,5,4,10,7,5,4,10,8,4,0.068520,0.127540,0.253870,0.254750,1,1,03:05:2024,12:27:45,1292,28.545000,77.192600,15.000000,lev20,Almucantar
IIT_Delhi,09:05:2022,11:17:53,129,129.470752,1.087100,0.758400,0.642100,0.589100,0.661400,0.304400,0.170100,0.107500,0.425700,0.454000,0.472000,0.481700,0.778753,63.033995,62.379743,1.808950,0.043960,1.076175,3,10,8,5,3,10,8,5,3,10,8,5,3,10,8,5,0.072580,0.135110,0.266790,0.266320,1,1,03:05:2024,11:56:57,1292,28.545000,77.192600,15.000000,lev20,Almucantar
IIT_Delhi,09:05:2022,12:06:47,129,129.504711,1.047800,0.731900,0.618600,0.567000,0.633100,0.289700,0.159300,0.099300,0.414700,0.442200,0.459300,0.467800,0.779055,73.620119,72.975958,2.537960,0.030450,1.037447,4,10,7,6,4,10,7,6,4,10,7,6,4,10,7,6,0.084070,0.156530,0.303230,0.298950,1,1,03:05:2024,12:06:41,1292,28.545000,77.192600,15.000000,lev20,Almucantar
IIT_Delhi,09:05:2022,12:25:00,129,129.517361,1.048000,0.733600,0.619900,0.569100,0.637900,0.294700,0.160500,0.100000,0.410100,0.438900,0.459400,0.469100,0.776030,77.510967,76.872896,2.732395,0.016919,1.036002,2,9,7,6,3,9,7,6,3,8,7,6,4,9,7,5,0.090340,0.168240,0.323140,0.316740,1,1,03:05:2024,12:10:01,1292,28.545000,77.192600,15.000000,lev20,Almucantar
IIT_Delhi,12:05:2022,01:18:43,132,132.054664,1.205100,0.788700,0.627400,0.556400,0.837700,0.396600,0.221900,0.145400,0.367400,0.392100,0.405500,0.411100,0.959927,74.149065,74.790214,2.200205,0.019157,1.195196,4,10,7,6,4,10,7,6,4,10,7,6,4,10,7,6,0.083840,0.157450,0.307110,0.306710,1,1,16:05:2024,23:37:58,1292,28.545000,77.192600,15.000000,lev20,Almucantar
IIT_Delhi,12:05:2022,01:51:30,132,132.077431,1.153700,0.756600,0.604100,0.536700,0.802200,0.382000,0.215100,0.140500,0.351600,0.374600,0.389000,0.396300,0.951895,67.088638,67.738295,1.728697,0.022689,1.143334,4,10,7,6,4,10,7,6,4,10,7,6,4,10,7,6,0.075570,0.141590,0.279410,0.280540,1,1,16:05:2024,23:47:59,1292,28.545000,77.192600,15.000000,lev20,Almucantar
IIT_Delhi,12:05:2022,02:41:31,132,132.112164,1.100500,0.724800,0.583200,0.519700,0.756200,0.358700,0.202900,0.131500,0.344400,0.366200,0.380400,0.388200,0.935110,56.183473,56.840544,1.662051,0.050261,1.090377,4,10,8,4,4,10,8,4,4,10,8,4,4,10,8,4,0.067450,0.126080,0.252310,0.255080,1,1,16:05:2024,23:56:19,1292,28.545000,77.192600,15.000000,lev20,Almucantar
IIT_Delhi,12:05:2022,03:07:23,132,132.130127,1.088400,0.719600,0.581300,0.518600,0.748600,0.358300,0.204900,0.133300,0.339900,0.361400,0.376400,0.385300,0.923945,50.509879,51.168400,1.521569,0.050356,1.079301,3,10,8,4,3,10,8,4,3,10,8,4,3,10,8,4,0.064610,0.120670,0.242830,0.246230,1,1,17:05:2024,00:03:44,1292,28.545000,77.192600,15.000000,lev20,Almucantar
IIT_Delhi,12:05:2022,10:51:36,132,132.452500,0.961200,0.660300,0.554400,0.506700,0.600300,0.275100,0.152900,0.096200,0.360900,0.385200,0.401500,0.410500,0.813709,57.007867,56.351356,1.901073,0.088636,0.950900,4,10,7,5,4,10,7,5,4,10,8,4,4,10,8,4,0.068330,0.127190,0.253260,0.254220,1,1,16:05:2024,23:57:56,1292,28.545000,77.192600,15.000000,lev20,Almucantar
IIT_Delhi,12:05:2022,12:07:43,132,132.505359,1.314900,0.895100,0.742400,0.675400,0.833400,0.383600,0.211500,0.134600,0.481500,0.511400,0.531000,0.540800,0.843914,73.508735,72.866472,2.320118,0.023558,1.300557,4,10,7,6,4,10,7,6,4,10,7,6,4,10,7,6,0.083890,0.156220,0.302720,0.298500,1,1,17:05:2024,00:02:30,1292,28.545000,77.192600,15.000000,lev20,Almucantar
IIT_Delhi,13:05:2022,01:18:11,133,133.054294,0.709100,0.516900,0.440700,0.403800,0.420100,0.207200,0.119400,0.077200,0.289000,0.309700,0.321400,0.326600,0.701250,74.152844,74.793259,2.097363,0.021141,0.701321,4,10,7,6,4,10,7,6,4,10,7,6,4,10,7,6,0.083840,0.157460,0.307120,0.306720,1,1,16:05:2024,23:52:43,1292,28.545000,77.192600,15.000000,lev20,Almucantar
IIT_Delhi,13:05:2022,01:51:30,133,133.077431,0.775700,0.559400,0.474500,0.434100,0.470700,0.234400,0.139000,0.094400,0.305000,0.325100,0.335500,0.339700,0.724701,66.983958,67.633167,1.656299,0.030404,0.767411,4,10,7,6,4,10,7,6,4,10,7,6,4,10,7,6,0.075470,0.141400,0.279070,0.280230,1,1,16:05:2024,13:08:33,1292,28.545000,77.192600,15.000000,lev20,Almucantar
IIT_Delhi,13:05:2022,02:39:21,133,133.110660,0.781800,0.557700,0.471500,0.429000,0.483500,0.239900,0.143700,0.097000,0.298300,0.317800,0.327900,0.332000,0.745957,56.558741,57.215387,2.217546,0.068887,0.774247,4,10,8,4,4,10,8,4,4,10,8,4,4,10,7,5,0.067670,0.126490,0.253020,0.255750,1,1,17:05:2024,00:08:47,1292,28.545000,77.192600,15.000000,lev20,Almucantar
IIT_Delhi,13:05:2022,03:06:54,133,133.129792,0.801500,0.570900,0.482100,0.438400,0.504600,0.253400,0.152800,0.103400,0.296900,0.317600,0.329300,0.335100,0.749803,50.517971,51.176415,1.858390,0.080065,0.794317,3,10,8,4,3,10,8,4,3,10,8,4,3,10,8,4,0.064610,0.120670,0.242840,0.246240,1,1,17:05:2024,00:15:53,1292,28.545000,77.192600,15.000000,lev20,Almucantar
IIT_Delhi,13:05:2022,10:52:08,133,133.452870,1.069700,0.775000,0.673700,0.627100,0.601300,0.278300,0.160500,0.105300,0.468500,0.496700,0.513300,0.521800,0.685327,57.031518,56.375277,1.899937,0.076870,1.054936,4,10,7,5,4,10,7,5,4,10,8,4,4,10,8,4,0.068340,0.127220,0.253310,0.254260,1,1,16:05:2024,23:54:38,1292,28.545000,77.192600,15.000000,lev20,Almucantar
IIT_Delhi,13:05:2022,11:21:39,133,133.473368,1.098700,0.779300,0.682700,0.643500,0.616900,0.268100,0.152700,0.106100,0.481900,0.511200,0.530000,0.537500,0.708201,63.468404,62.816122,4.187469,0.825381,1.082901,3,10,8,5,3,10,8,5,3,10,8,5,3,10,8,5,0.072930,0.135780,0.267930,0.267340,1,1,17:05:2024,00:04:37,1292,28.545000,77.192600,15.000000,lev20,Almucantar
IIT_Delhi,13:05:2022,12:08:13,133,133.505706,1.065700,0.773400,0.669700,0.622900,0.590200,0.271700,0.151300,0.096000,0.475600,0.501700,0.518400,0.526900,0.687813,73.512467,72.870898,2.859289,0.039025,1.050865,4,10,7,6,4,10,7,6,4,10,7,6,4,10,7,6,0.083890,0.156220,0.302720,0.298520,1,1,17:05:2024,00:14:18,1292,28.545000,77.192600,15.000000,lev20,Almucantar
IIT_Delhi,14:05:2022,01:17:39,134,134.053924,0.706800,0.492700,0.415400,0.380200,0.432000,0.199500,0.112100,0.072100,0.274800,0.293200,0.303400,0.308000,0.785479,74.160873,74.800547,2.092258,0.028664,0.700105,4,10,7,6,4,10,7,6,4,10,7,6,4,10,7,6,0.083870,0.157500,0.307180,0.306760,1,1,17:05:2024,00:02:10,1292,28.545000,77.192600,15.000000,lev20,Almucantar
IIT_Delhi,14:05:2022,01:51:29,134,134.077419,0.772300,0.528000,0.441200,0.401300,0.489700,0.226800,0.129900,0.085300,0.282600,0.301200,0.311300,0.316100,0.827445,66.887409,67.536163,1.900288,0.039351,0.764407,4,10,7,6,4,10,7,6,4,10,7,6,4,10,7,6,0.075390,0.141240,0.278790,0.279930,1,1,17:05:2024,00:10:52,1292,28.545000,77.192600,15.000000,lev20,Almucantar
IIT_Delhi,14:05:2022,02:38:58,134,134.110394,0.828900,0.555200,0.460100,0.415400,0.545700,0.253500,0.148400,0.098600,0.283200,0.301700,0.311800,0.316800,0.870213,56.547984,57.204348,2.077850,0.076885,0.821172,4,10,8,4,4,10,8,4,4,10,8,4,4,10,7,5,0.067660,0.126480,0.253010,0.255730,1,1,16:05:2024,23:48:20,1292,28.545000,77.192600,15.000000,lev20,Almucantar
IIT_Delhi,14:05:2022,03:06:28,134,134.129491,0.775600,0.524800,0.438100,0.396800,0.505100,0.237000,0.140300,0.093200,0.270500,0.287800,0.297800,0.303600,0.844819,50.519857,51.178202,1.941519,0.092411,0.769417,3,10,8,4,3,10,8,4,3,10,8,4,3,10,8,4,0.064610,0.120670,0.242850,0.246240,1,1,16:05:2024,23:56:23,1292,28.545000,77.192600,15.000000,lev20,Almucantar
IIT_Delhi,14:05:2022,10:52:34,134,134.453171,0.721500,0.477900,0.398600,0.362300,0.464200,0.205400,0.116600,0.074800,0.257400,0.272400,0.282000,0.287600,0.879134,57.033702,56.377737,2.170057,0.121331,0.712925,4,10,7,5,4,10,7,5,4,10,8,4,4,10,8,4,0.068350,0.127230,0.253330,0.254270,1,1,16:05:2024,13:25:00,1292,28.545000,77.192600,15.000000,lev20,Almucantar
IIT_Delhi,14:05:2022,11:21:35,134,134.473322,0.749400,0.493400,0.408300,0.373200,0.489300,0.217400,0.121200,0.080500,0.260200,0.276000,0.287100,0.292700,0.898835,63.358339,62.706415,2.167730,0.211190,0.740026,3,10,8,5,3,10,8,5,3,10,8,5,3,10,8,5,0.072840,0.135610,0.267630,0.267080,1,1,16:05:2024,23:47:31,1292,28.545000,77.192600,15.000000,lev20,Almucantar
IIT_Delhi,14:05:2022,12:08:35,134,134.505961,0.612600,0.417000,0.351900,0.322500,0.377400,0.168000,0.094000,0.059300,0.235200,0.249000,0.257900,0.263200,0.821284,73.487947,72.847031,2.382195,0.040599,0.605037,4,10,7,6,4,10,7,6,4,10,7,6,4,10,7,6,0.083850,0.156160,0.302630,0.298430,1,1,16:05:2024,23:55:32,1292,28.545000,77.192600,15.000000,lev20,Almucantar
IIT_Delhi,15:05:2022,01:17:10,135,135.053588,0.597900,0.438100,0.380800,0.352600,0.336700,0.160600,0.094200,0.062500,0.261200,0.277500,0.286600,0.290100,0.667872,74.162503,74.801445,2.071203,0.027946,0.590887,4,10,7,6,4,10,7,6,4,10,7,6,4,10,7,6,0.083860,0.157490,0.307170,0.306760,1,1,16:05:2024,23:58:41,1292,28.545000,77.192600,15.000000,lev20,Almucantar
IIT_Delhi,15:05:2022,02:38:31,135,135.110081,0.548200,0.420200,0.379200,0.362600,0.271100,0.124800,0.071900,0.049700,0.277200,0.295400,0.307400,0.312900,0.548535,56.556389,57.212450,2.838626,0.303296,0.541134,4,10,8,4,4,10,8,4,4,10,8,4,4,10,7,5,0.067660,0.126490,0.253020,0.255740,1,1,17:05:2024,00:05:03,1292,28.545000,77.192600,15.000000,lev20,Almucantar
IIT_Delhi,15:05:2022,12:09:13,135,135.506400,0.741300,0.671200,0.652700,0.642200,0.203400,0.098500,0.057600,0.040200,0.537900,0.572700,0.595100,0.602100,0.191275,73.520597,72.880418,5.430100,0.074098,0.726944,4,10,7,6,4,10,7,5,4,10,7,4,4,10,6,4,0.083900,0.156250,0.302770,0.298560,1,1,17:05:2024,00:13:23,1292,28.545000,77.192600,15.000000,lev20,Almucantar
IIT_Delhi,16:05:2022,11:21:54,136,136.473542,1.231500,1.136500,1.109700,1.089400,0.319400,0.164800,0.097200,0.067600,0.912100,0.971700,1.012500,1.021800,0.156252,63.237231,62.586108,4.103109,0.126242,1.208926,3,10,8,5,3,10,8,5,3,10,8,5,3,10,8,5,0.072750,0.135430,0.267340,0.266800,1,1,17:05:2024,00:07:14,1292,28.545000,77.192600,15.000000,lev20,Almucantar
IIT_Delhi,16:05:2022,12:09:54,136,136.506875,1.204700,1.121700,1.094800,1.074500,0.273900,0.134100,0.076400,0.052200,0.930900,0.987600,1.018400,1.022300,0.142946,73.564113,72.924686,4.345381,0.066679,1.182785,4,10,7,6,4,10,7,6,4,10,7,6,4,10,7,6,0.083990,0.156400,0.303020,0.298740,1,1,17:05:2024,00:25:57,1292,28.545000,77.192600,15.000000,lev20,Almucantar
IIT_Delhi,17:05:2022,01:16:56,137,137.053426,1.218300,1.042800,0.976400,0.944400,0.431100,0.205500,0.113200,0.075200,0.787200,0.837400,0.863200,0.869200,0.328396,74.022636,74.660357,3.268901,0.060288,1.197857,4,10,7,6,4,10,7,6,4,10,7,6,4,10,7,6,0.079880,0.150280,0.303780,0.303970,1,1,17:05:2024,00:09:01,1292,28.545000,77.192600,15.000000,lev20,Almucantar
IIT_Delhi,17:05:2022,01:49:17,137,137.075891,1.180000,1.011000,0.948300,0.918500,0.422200,0.203100,0.113600,0.076500,0.757800,0.807900,0.834700,0.842000,0.324563,67.088885,67.735744,3.469397,0.133381,1.161234,4,10,7,6,4,10,7,6,4,10,7,6,4,10,7,6,0.072880,0.136700,0.277930,0.279470,1,1,17:05:2024,00:22:18,1292,28.545000,77.192600,15.000000,lev20,Almucantar
IIT_Delhi,17:05:2022,02:37:46,137,137.109560,1.192300,1.038600,0.984900,0.958200,0.416000,0.209300,0.122000,0.086100,0.776400,0.829300,0.862900,0.872100,0.284439,56.554028,57.209460,4.008952,0.286451,1.173682,4,10,8,4,4,10,8,4,4,10,8,4,4,10,7,5,0.066060,0.123520,0.252780,0.255750,1,1,17:05:2024,00:33:20,1292,28.545000,77.192600,15.000000,lev20,Almucantar
IIT_Delhi,18:05:2022,01:49:31,138,138.076053,1.068500,0.912600,0.857500,0.831500,0.406300,0.204500,0.122200,0.085900,0.662200,0.708100,0.735300,0.745700,0.327156,66.956151,67.602592,4.116118,0.154748,1.054852,4,10,7,6,4,10,7,6,4,10,7,6,4,10,6,6,0.072770,0.136500,0.277540,0.279080,1,1,16:05:2024,23:59:03,1292,28.545000,77.192600,15.000000,lev20,Almucantar
IIT_Delhi,18:05:2022,02:37:23,138,138.109294,1.106400,0.949200,0.895400,0.870300,0.411300,0.203600,0.119400,0.083200,0.695200,0.745600,0.776000,0.787100,0.315054,56.561443,57.216540,3.089731,0.242475,1.091697,4,10,8,4,4,10,8,4,4,10,8,4,4,10,7,5,0.066060,0.123530,0.252800,0.255770,1,1,16:05:2024,13:11:43,1292,28.545000,77.192600,15.000000,lev20,Almucantar
IIT_Delhi,18:05:2022,10:54:21,138,138.454410,1.103000,0.898700,0.827800,0.795000,0.480700,0.232000,0.134500,0.091500,0.622300,0.666700,0.693400,0.703500,0.426609,57.057553,56.402817,2.764383,0.209965,1.088279,4,10,7,5,4,10,7,5,4,10,8,4,4,10,8,4,0.066660,0.124190,0.253130,0.254390,1,1,16:05:2024,23:58:42,1292,28.545000,77.192600,15.000000,lev20,Almucantar
IIT_Delhi,18:05:2022,11:21:56,138,138.473565,1.066400,0.874200,0.806700,0.774200,0.459200,0.222900,0.129900,0.088800,0.607200,0.651300,0.676800,0.685500,0.414719,63.056487,62.406121,2.936058,0.156737,1.053262,3,10,8,5,3,10,8,5,3,10,8,5,3,10,8,5,0.070310,0.131070,0.265970,0.265920,1,1,17:05:2024,00:11:14,1292,28.545000,77.192600,15.000000,lev20,Almucantar
IIT_Delhi,18:05:2022,12:11:51,138,138.508229,1.049500,0.867400,0.802500,0.769500,0.427500,0.202000,0.115200,0.077100,0.622000,0.665500,0.687400,0.692500,0.398614,73.775798,73.138071,2.996710,0.057820,1.034988,4,10,7,6,4,10,7,6,4,10,7,6,4,10,7,6,0.080420,0.150150,0.301350,0.297730,1,1,17:05:2024,00:23:19,1292,28.545000,77.192600,15.000000,lev20,Almucantar
IIT_Delhi,19:05:2022,01:17:02,139,139.053495,0.955200,0.796500,0.734800,0.704100,0.388400,0.190400,0.108100,0.072400,0.566800,0.606100,0.626700,0.631700,0.388551,73.829772,74.466386,3.119371,0.079761,0.942508,4,10,7,6,4,10,7,6,4,10,7,6,4,10,7,6,0.079660,0.149850,0.302930,0.303140,1,1,17:05:2024,00:18:23,1292,28.545000,77.192600,15.000000,lev20,Almucantar
IIT_Delhi,19:05:2022,02:37:00,139,139.109028,0.921200,0.762600,0.704700,0.678500,0.386000,0.189900,0.109300,0.075000,0.535200,0.572800,0.595400,0.603600,0.397649,56.573332,57.228085,3.527560,0.296482,0.908581,4,10,8,4,4,10,8,4,4,10,8,4,4,10,7,5,0.066070,0.123550,0.252820,0.255780,1,1,17:05:2024,00:11:45,1292,28.545000,77.192600,15.000000,lev20,Almucantar
IIT_Delhi,19:05:2022,10:56:48,139,139.456111,1.018900,0.885200,0.839200,0.815600,0.360100,0.179100,0.106300,0.074300,0.658800,0.706100,0.732900,0.741300,0.288933,57.501560,56.847425,3.885588,0.287709,1.004207,4,10,7,5,4,10,7,5,4,10,7,5,4,10,8,4,0.066900,0.124630,0.253960,0.255130,1,1,17:05:2024,00:39:37,1292,28.545000,77.192600,15.000000,lev20,Almucantar
IIT_Delhi,19:05:2022,11:22:26,139,139.473912,1.069500,0.924300,0.872100,0.843800,0.385800,0.191600,0.113900,0.079100,0.683700,0.732700,0.758200,0.764800,0.303349,63.071556,62.421661,3.557266,0.155312,1.056306,3,10,8,5,3,10,8,5,3,10,8,5,3,10,8,5,0.070320,0.131090,0.266000,0.265960,1,1,17:05:2024,00:00:33,1292,28.545000,77.192600,15.000000,lev20,Almucantar
IIT_Delhi,19:05:2022,12:11:55,139,139.508275,1.058500,0.929300,0.880700,0.853500,0.345000,0.167700,0.097900,0.067200,0.713500,0.761600,0.782800,0.786300,0.273066,73.689134,73.051949,4.616511,0.090477,1.043267,4,10,7,6,4,10,7,6,4,10,7,6,4,10,7,6,0.080320,0.149960,0.301000,0.297390,1,1,17:05:2024,00:15:11,1292,28.545000,77.192600,15.000000,lev20,Almucantar
IIT_Delhi,20:05:2022,01:15:02,140,140.052106,1.295300,1.200600,1.157000,1.128500,0.326200,0.171800,0.097100,0.066000,0.969100,1.028800,1.060000,1.062600,0.166685,74.174852,74.810183,3.908396,0.057194,1.270017,4,10,7,6,4,10,7,6,4,10,7,6,4,10,7,6,0.080050,0.150610,0.304420,0.304620,1,1,17:05:2024,00:09:27,1292,28.545000,77.192600,15.000000,lev20,Almucantar
IIT_Delhi,20:05:2022,01:48:09,140,140.075104,1.229600,1.135000,1.095000,1.070000,0.334100,0.175700,0.104200,0.070900,0.895600,0.959300,0.990900,0.999100,0.171662,67.098963,67.744118,4.970780,0.205341,1.206681,4,10,7,6,4,10,7,6,4,10,7,6,4,10,7,6,0.072880,0.136710,0.277950,0.279490,1,1,17:05:2024,00:24:48,1292,28.545000,77.192600,15.000000,lev20,Almucantar
IIT_Delhi,20:05:2022,02:36:50,140,140.108912,1.199300,1.096700,1.061000,1.037500,0.339200,0.178300,0.106300,0.074500,0.860100,0.918400,0.954700,0.963100,0.182604,56.542384,57.196812,4.551851,0.249845,1.179900,4,10,8,4,4,10,8,4,4,10,8,4,4,10,7,5,0.066050,0.123510,0.252760,0.255730,1,1,17:05:2024,00:37:06,1292,28.545000,77.192600,15.000000,lev20,Almucantar
IIT_Delhi,20:05:2022,11:22:59,140,140.474294,1.285600,1.224300,1.208200,1.196700,0.304900,0.174800,0.113200,0.084400,0.980800,1.049600,1.095100,1.112300,0.093405,63.097860,62.448448,6.686961,0.165330,1.264760,3,10,8,5,3,10,6,4,3,10,8,4,3,10,8,4,0.070350,0.131140,0.266100,0.266020,1,1,17:05:2024,00:23:55,1292,28.545000,77.192600,15.000000,lev20,Almucantar
IIT_Delhi,20:05:2022,12:12:09,140,140.508438,1.164500,1.106900,1.088700,1.074400,0.238200,0.119500,0.070000,0.048300,0.926300,0.987400,1.018700,1.026200,0.100702,73.638441,73.001846,4.653621,0.150816,1.139388,4,10,7,6,4,10,7,5,4,10,7,5,4,10,7,4,0.080260,0.149850,0.300800,0.297200,1,1,17:05:2024,00:39:19,1292,28.545000,77.192600,15.000000,lev20,Almucantar
IIT_Delhi,22:05:2022,01:14:15,142,142.051562,0.745900,0.616200,0.572300,0.552600,0.304100,0.141100,0.078800,0.052900,0.441800,0.475200,0.493500,0.499700,0.394253,74.195059,74.828964,3.152005,0.076639,0.738083,4,10,7,6,4,10,7,6,4,10,7,6,4,10,7,6,0.080100,0.150690,0.304560,0.304700,1,1,17:05:2024,00:03:16,1292,28.545000,77.192600,15.000000,lev20,Almucantar
IIT_Delhi,22:05:2022,01:47:24,142,142.074583,0.672000,0.563300,0.528400,0.513700,0.263000,0.122900,0.069000,0.046800,0.409000,0.440400,0.459400,0.466900,0.358519,67.126119,67.770127,2.872418,0.170579,0.663551,4,10,7,6,4,10,7,6,4,10,7,6,4,10,7,6,0.072910,0.136750,0.278040,0.279570,1,1,17:05:2024,00:12:05,1292,28.545000,77.192600,15.000000,lev20,Almucantar
IIT_Delhi,22:05:2022,02:36:55,142,142.108970,0.689000,0.576400,0.542100,0.528100,0.273200,0.128800,0.073900,0.051200,0.415800,0.447600,0.468200,0.476900,0.358202,56.402970,57.056791,2.795855,0.289579,0.680262,4,10,8,4,4,10,8,4,4,10,8,4,4,10,7,5,0.065980,0.123380,0.252510,0.255490,1,1,17:05:2024,00:19:07,1292,28.545000,77.192600,15.000000,lev20,Almucantar
IIT_Delhi,22:05:2022,03:03:49,142,142.127650,0.702700,0.581400,0.546300,0.532300,0.292400,0.139400,0.082800,0.059300,0.410300,0.442000,0.463500,0.473000,0.376610,50.523645,51.180600,3.003685,0.362965,0.695560,3,10,8,4,3,10,8,4,3,10,8,4,3,10,8,4,0.063440,0.118490,0.243130,0.246690,1,1,17:05:2024,00:25:29,1292,28.545000,77.192600,15.000000,lev20,Almucantar
IIT_Delhi,22:05:2022,11:23:57,142,142.474965,0.556600,0.432800,0.395300,0.380000,0.263400,0.116700,0.064900,0.043200,0.293200,0.316100,0.330400,0.336700,0.510432,63.122987,62.474515,2.389916,0.180748,0.550246,3,10,8,5,3,10,8,5,3,10,8,5,3,10,8,5,0.070370,0.131180,0.266170,0.266080,1,1,17:05:2024,00:16:15,1292,28.545000,77.192600,15.000000,lev20,Almucantar
IIT_Delhi,22:05:2022,12:12:38,142,142.508773,0.563300,0.441000,0.403200,0.385900,0.264000,0.118500,0.067800,0.045500,0.299300,0.322500,0.335400,0.340500,0.498506,73.542478,72.907042,2.864146,0.076159,0.557154,4,10,7,6,4,10,7,6,4,10,7,6,4,10,7,6,0.080170,0.149660,0.300340,0.296830,1,1,17:05:2024,00:22:45,1292,28.545000,77.192600,15.000000,lev20,Almucantar
IIT_Delhi,22:05:2022,12:31:01,142,142.521539,0.617300,0.487500,0.446400,0.427700,0.291000,0.135500,0.078700,0.053900,0.326300,0.352100,0.367700,0.373800,0.482944,77.411525,76.783285,3.739147,0.061551,0.610489,2,10,6,5,2,10,7,6,2,10,7,6,4,10,7,6,0.085560,0.159820,0.319200,0.313700,1,1,17:05:2024,00:26:00,1292,28.545000,77.192600,15.000000,lev20,Almucantar
IIT_Delhi,24:05:2022,01:13:36,144,144.051111,0.413200,0.279400,0.224600,0.199100,0.312900,0.168900,0.107600,0.079000,0.100400,0.110500,0.117000,0.120200,0.895374,74.204227,74.836765,1.667072,0.014058,0.411193,4,10,7,6,4,10,7,6,4,10,7,6,4,10,7,6,0.080110,0.150720,0.304580,0.304730,1,1,16:05:2024,13:27:04,1292,28.545000,77.192600,15.000000,lev20,Almucantar
IIT_Delhi,25:05:2022,01:47:14,145,145.074468,1.095000,0.715700,0.560000,0.486500,0.876400,0.473400,0.301600,0.220900,0.218700,0.242400,0.258400,0.265600,0.983647,66.993463,67.636006,1.554982,0.012372,1.089997,4,10,7,6,4,10,7,6,4,10,7,6,4,10,7,6,0.071360,0.134310,0.282890,0.285610,1,1,17:05:2024,04:08:03,1292,28.545000,77.192600,15.000000,lev20,Almucantar
IIT_Delhi,25:05:2022,11:25:11,145,145.475822,0.993000,0.594800,0.440900,0.371300,0.812800,0.403400,0.238800,0.161300,0.180200,0.191400,0.202200,0.210000,1.190394,63.118002,62.470877,3.041203,0.032371,0.989050,3,10,8,5,3,10,7,5,3,10,8,5,3,10,8,5,0.069170,0.129190,0.271130,0.272000,1,1,17:05:2024,04:10:46,1292,28.545000,77.192600,15.000000,lev20,Almucantar
IIT_Delhi,25:05:2022,12:13:54,145,145.509653,1.201000,0.721000,0.519300,0.427300,1.032400,0.538700,0.322900,0.224700,0.168600,0.182300,0.196400,0.202600,1.224624,73.518348,72.884766,3.818014,0.018825,1.195534,4,10,7,6,4,10,7,6,4,10,7,6,4,10,7,6,0.077980,0.146740,0.306090,0.303840,1,1,17:05:2024,04:13:27,1292,28.545000,77.192600,15.000000,lev20,Almucantar
IIT_Delhi,26:05:2022,01:13:02,146,146.050718,1.009600,0.649200,0.501500,0.433600,0.781600,0.403800,0.245400,0.172600,0.228000,0.245400,0.256100,0.261000,1.025854,74.212903,74.844122,1.810513,0.008649,1.003308,4,10,7,6,4,10,7,6,4,10,7,6,4,10,6,6,0.078000,0.147880,0.310580,0.312170,1,1,18:05:2024,12:24:30,1292,28.545000,77.192600,15.000000,lev20,Almucantar
IIT_Delhi,26:05:2022,01:47:17,146,146.074502,1.102700,0.714900,0.555600,0.482700,0.847800,0.442000,0.269300,0.189000,0.254900,0.273000,0.286300,0.293700,1.005174,66.935256,67.577347,1.696806,0.022063,1.095566,4,10,7,6,4,10,7,6,4,10,7,6,4,10,7,6,0.071320,0.134220,0.282710,0.285440,1,1,18:05:2024,12:31:53,1292,28.545000,77.192600,15.000000,lev20,Almucantar
IIT_Delhi,26:05:2022,02:35:08,146,146.107731,1.235100,0.795600,0.615500,0.531700,0.962500,0.502800,0.308600,0.217400,0.272600,0.292700,0.306900,0.314400,1.021183,56.600998,57.253256,2.007586,0.036910,1.228337,4,10,8,4,4,10,8,4,4,10,8,4,4,10,7,5,0.065300,0.121940,0.257500,0.261360,1,1,18:05:2024,12:38:02,1292,28.545000,77.192600,15.000000,lev20,Almucantar
IIT_Delhi,26:05:2022,03:02:47,146,146.126933,1.238400,0.804600,0.629000,0.547300,0.956800,0.502200,0.310100,0.219000,0.281700,0.302500,0.318900,0.328400,0.994125,50.569094,51.225086,1.317556,0.028735,1.231469,3,10,8,4,3,10,8,4,3,10,8,4,3,10,8,4,0.062940,0.117150,0.247580,0.251910,1,1,18:05:2024,12:44:02,1292,28.545000,77.192600,15.000000,lev20,Almucantar
IIT_Delhi,26:05:2022,12:14:28,146,146.510046,1.236900,0.851800,0.712500,0.649700,0.788400,0.369300,0.206700,0.132600,0.448600,0.482600,0.505900,0.517200,0.814792,73.542307,72.909373,1.763587,0.015553,1.225186,4,10,7,6,4,10,7,6,4,10,7,6,4,10,7,6,0.078000,0.146800,0.306180,0.303940,1,1,18:05:2024,12:36:41,1292,28.545000,77.192600,15.000000,lev20,Almucantar
IIT_Delhi,26:05:2022,12:32:46,146,146.522755,1.186500,0.825700,0.696900,0.638900,0.751300,0.363200,0.214700,0.145100,0.435200,0.462500,0.482200,0.493800,0.786699,77.377800,76.752267,3.746837,0.026397,1.174795,3,10,7,6,3,10,7,6,3,10,7,6,4,10,7,6,0.082850,0.156420,0.325250,0.321280,1,1,18:05:2024,12:39:41,1292,28.545000,77.192600,15.000000,lev20,Almucantar
IIT_Delhi,27:05:2022,01:47:24,147,147.074583,1.083300,0.806700,0.708900,0.666400,0.584500,0.272900,0.154500,0.102300,0.498900,0.533800,0.554500,0.564200,0.628376,66.867059,67.508723,1.996024,0.040766,1.071403,4,10,7,6,4,10,7,6,4,10,7,6,4,10,7,6,0.071270,0.134110,0.282480,0.285230,1,1,19:05:2024,16:31:35,1292,28.545000,77.192600,15.000000,lev20,Almucantar
IIT_Delhi,27:05:2022,02:34:55,147,147.107581,1.110500,0.834200,0.737300,0.695300,0.591500,0.278500,0.159400,0.106000,0.519000,0.555700,0.578000,0.589300,0.607245,56.611085,57.262992,1.501892,0.055941,1.098104,4,10,8,4,4,10,8,4,4,10,8,4,4,10,7,5,0.065300,0.121950,0.257510,0.261370,1,1,19:05:2024,16:35:05,1292,28.545000,77.192600,15.000000,lev20,Almucantar
IIT_Delhi,28:05:2022,01:47:45,148,148.074826,1.316900,1.272900,1.265300,1.253000,0.256500,0.140200,0.088900,0.063400,1.060400,1.132700,1.176400,1.189600,0.060747,66.753210,67.394517,4.311675,0.211712,1.288436,4,10,7,6,4,10,7,6,4,10,7,6,4,10,7,6,0.071170,0.133920,0.282110,0.284900,1,1,20:05:2024,15:37:00,1292,28.545000,77.192600,15.000000,lev20,Almucantar
IIT_Delhi,28:05:2022,02:34:56,148,148.107593,1.395500,1.343600,1.335300,1.323700,0.278700,0.149400,0.095100,0.068700,1.116900,1.194300,1.240200,1.255100,0.067118,56.574583,57.226170,3.707843,0.202511,1.365051,4,10,8,4,4,10,8,4,4,10,8,4,4,10,7,5,0.065270,0.121900,0.257420,0.261310,1,1,20:05:2024,15:56:15,1292,28.545000,77.192600,15.000000,lev20,Almucantar
IIT_Delhi,28:05:2022,11:27:50,148,148.477662,1.135300,1.084000,1.080100,1.072500,0.228700,0.109300,0.068200,0.048700,0.906700,0.974700,1.011900,1.023800,0.076697,63.423830,62.778326,2.986544,0.156442,1.116274,3,10,8,5,3,10,8,5,3,10,8,5,3,10,8,5,0.069360,0.129580,0.271910,0.272710,1,1,20:05:2024,16:49:16,1292,28.545000,77.192600,15.000000,lev20,Almucantar
IIT_Delhi,28:05:2022,12:15:57,148,148.511076,1.160100,1.111500,1.106000,1.102100,0.220900,0.103800,0.061500,0.043600,0.939300,1.007700,1.044600,1.058600,0.073116,73.666378,73.034830,3.080072,0.072173,1.137837,4,10,7,6,4,10,7,6,4,10,7,6,4,10,7,6,0.078190,0.147150,0.306830,0.304450,1,1,20:05:2024,15:50:53,1292,28.545000,77.192600,15.000000,lev20,Almucantar
IIT_Delhi,29:05:2022,01:12:56,149,149.050648,0.650600,0.592600,0.578300,0.570600,0.170800,0.079300,0.044400,0.029400,0.479800,0.513200,0.533900,0.541300,0.177374,74.100059,74.729646,3.312109,0.121930,0.639314,4,10,7,6,4,10,7,6,4,10,7,6,4,10,7,6,0.077870,0.147620,0.310020,0.311660,1,1,21:05:2024,16:24:54,1292,28.545000,77.192600,15.000000,lev20,Almucantar
IIT_Delhi,29:05:2022,01:45:39,149,149.073368,0.675000,0.608900,0.591200,0.582900,0.195800,0.095700,0.055900,0.039500,0.479300,0.513200,0.535300,0.543500,0.199099,67.167141,67.807422,2.861718,0.138861,0.663695,4,10,7,6,4,10,7,6,4,10,7,6,4,10,7,6,0.071480,0.134560,0.283390,0.286130,1,1,21:05:2024,16:35:41,1292,28.545000,77.192600,15.000000,lev20,Almucantar
IIT_Delhi,29:05:2022,02:34:39,149,149.107396,0.691100,0.619000,0.600400,0.591800,0.206000,0.099400,0.058500,0.040700,0.485100,0.519600,0.541900,0.551100,0.211506,56.607333,57.258550,2.068467,0.251376,0.678975,4,10,8,4,4,10,8,4,4,10,8,4,4,10,7,5,0.065300,0.121950,0.257510,0.261370,1,1,21:05:2024,16:45:00,1292,28.545000,77.192600,15.000000,lev20,Almucantar
IIT_Delhi,30:05:2022,01:45:42,150,150.073403,1.263500,1.209700,1.191300,1.176800,0.259100,0.139100,0.087400,0.063600,1.004500,1.070700,1.104000,1.113200,0.087830,67.125534,67.765388,4.531270,0.185952,1.231614,4,10,7,6,4,10,7,6,4,10,7,6,4,10,7,6,0.071450,0.134490,0.283270,0.286000,1,1,22:05:2024,17:57:50,1292,28.545000,77.192600,15.000000,lev20,Almucantar
IIT_Delhi,30:05:2022,02:34:36,150,150.107361,1.112500,1.033600,1.008400,0.993200,0.297400,0.163800,0.102300,0.073700,0.815200,0.869800,0.906100,0.919500,0.146870,56.593413,57.244303,4.340449,0.234380,1.092742,4,10,8,4,4,10,8,4,4,10,8,4,4,10,7,5,0.065280,0.121920,0.257460,0.261340,1,1,22:05:2024,17:42:02,1292,28.545000,77.192600,15.000000,lev20,Almucantar
IIT_Delhi,31:05:2022,01:45:52,151,151.073519,1.668100,1.570600,1.526800,1.494600,0.410200,0.229700,0.141100,0.100500,1.258000,1.341000,1.385700,1.394200,0.130838,67.063142,67.702612,4.674133,0.099535,1.636286,4,10,7,6,4,10,7,6,4,10,7,6,4,10,7,6,0.071390,0.134380,0.283040,0.285820,1,1,23:05:2024,18:22:48,1292,28.545000,77.192600,15.000000,lev20,Almucantar
IIT_Delhi,31:05:2022,10:59:52,151,151.458241,1.264900,1.102200,1.046300,1.016300,0.434100,0.212300,0.125300,0.087300,0.830900,0.889900,0.921100,0.929000,0.282567,57.133019,56.482689,4.119085,0.254308,1.246410,4,10,7,5,4,10,7,5,4,10,8,4,4,10,8,4,0.065870,0.122630,0.257950,0.260000,1,1,23:05:2024,18:26:13,1292,28.545000,77.192600,15.000000,lev20,Almucantar
IIT_Delhi,31:05:2022,12:18:30,151,151.512847,1.199900,1.033400,0.975900,0.944700,0.422600,0.202900,0.118400,0.080900,0.777400,0.830600,0.857500,0.863800,0.307598,73.927422,73.297983,2.892143,0.042050,1.180772,4,10,7,6,4,10,7,6,4,10,7,6,4,10,7,6,0.078470,0.147710,0.307970,0.305520,1,1,23:05:2024,18:46:19,1292,28.545000,77.192600,15.000000,lev20,Almucantar
IIT_Delhi,01:06:2022,01:13:19,152,152.050914,0.710900,0.613100,0.577200,0.559600,0.252600,0.123700,0.070400,0.047800,0.458300,0.489400,0.506800,0.511800,0.309503,73.923937,74.552176,3.856878,0.116101,0.700057,4,10,7,6,4,10,7,6,4,10,7,6,4,10,7,6,0.077680,0.147220,0.309210,0.310870,1,1,24:05:2024,18:24:32,1292,28.545000,77.192600,15.000000,lev20,Almucantar
IIT_Delhi,01:06:2022,01:45:12,152,152.073056,0.723200,0.617600,0.583300,0.568000,0.266400,0.129600,0.074400,0.052300,0.456800,0.488100,0.508900,0.515800,0.320623,67.182439,67.821297,4.333951,0.261041,0.712226,4,10,7,6,4,10,7,6,4,10,7,6,4,10,7,6,0.071500,0.134590,0.283470,0.286170,1,1,24:05:2024,18:32:50,1292,28.545000,77.192600,15.000000,lev20,Almucantar
IIT_Delhi,02:06:2022,01:13:29,153,153.051030,0.756000,0.665900,0.637800,0.624000,0.249200,0.123400,0.073000,0.052000,0.506900,0.542600,0.564900,0.572000,0.254067,73.865435,74.493265,3.964199,0.074635,0.745555,4,10,7,6,4,10,7,6,4,10,7,6,4,10,7,6,0.079450,0.149950,0.321530,0.323260,1,1,25:05:2024,15:16:49,1292,28.545000,77.192600,15.000000,lev20,Almucantar
IIT_Delhi,02:06:2022,01:45:07,153,153.072998,0.789200,0.688600,0.657900,0.643300,0.267300,0.130000,0.076400,0.054300,0.522000,0.558600,0.581600,0.589100,0.272057,67.181284,67.819707,3.574009,0.152163,0.777066,4,10,7,6,4,10,7,6,4,10,7,6,4,10,7,6,0.072940,0.136700,0.294280,0.296990,1,1,25:05:2024,16:24:36,1292,28.545000,77.192600,15.000000,lev20,Almucantar
IIT_Delhi,02:06:2022,02:34:11,153,153.107072,0.872700,0.761900,0.727700,0.711200,0.306300,0.155400,0.095000,0.068400,0.566400,0.606500,0.632800,0.642800,0.271568,56.632968,57.282857,2.958936,0.247034,0.858841,4,10,8,4,4,10,8,4,4,10,8,4,4,10,7,5,0.066320,0.123260,0.266480,0.270320,1,1,25:05:2024,16:34:36,1292,28.545000,77.192600,15.000000,lev20,Almucantar
IIT_Delhi,02:06:2022,12:18:26,153,153.512801,0.953300,0.795800,0.746800,0.723800,0.365800,0.168400,0.097200,0.065400,0.587500,0.627400,0.649700,0.658500,0.364421,73.736894,73.108110,3.665612,0.084050,0.940244,4,10,7,6,4,10,6,6,4,10,5,5,4,10,5,5,0.080130,0.150160,0.319580,0.316960,1,1,25:05:2024,16:52:02,1292,28.545000,77.192600,15.000000,lev20,Almucantar
IIT_Delhi,03:06:2022,01:11:28,154,154.049630,0.622200,0.518900,0.482800,0.466700,0.248600,0.119900,0.068300,0.046200,0.373600,0.399000,0.414500,0.420500,0.377154,74.267789,74.894345,3.137524,0.108197,0.612388,4,10,7,6,4,10,7,6,4,10,7,6,4,10,7,6,0.079960,0.150960,0.323580,0.325180,1,1,27:05:2024,15:49:48,1292,28.545000,77.192600,15.000000,lev20,Almucantar
IIT_Delhi,03:06:2022,01:44:54,154,154.072847,0.576600,0.481100,0.449100,0.435400,0.227100,0.108800,0.062700,0.043300,0.349500,0.372300,0.386400,0.392100,0.372111,67.212404,67.850363,3.143461,0.185549,0.567644,4,10,7,6,4,10,7,6,4,10,7,6,4,10,7,6,0.072980,0.136760,0.294410,0.297090,1,1,27:05:2024,15:57:07,1292,28.545000,77.192600,15.000000,lev20,Almucantar
IIT_Delhi,03:06:2022,02:34:06,154,154.107014,0.534000,0.438900,0.411300,0.400600,0.216400,0.100700,0.058900,0.041700,0.317600,0.338300,0.352400,0.358900,0.390446,56.641699,57.291276,3.677709,0.347546,0.526381,4,10,8,4,4,10,8,4,4,10,8,4,4,10,7,5,0.066320,0.123260,0.266490,0.270340,1,1,27:05:2024,15:33:31,1292,28.545000,77.192600,15.000000,lev20,Almucantar
IIT_Delhi,03:06:2022,03:03:25,154,154.127373,0.562600,0.452600,0.420500,0.407700,0.245500,0.114600,0.067900,0.048200,0.317100,0.338000,0.352600,0.359500,0.435111,50.267573,50.921801,3.095272,0.371211,0.555526,3,10,8,4,3,10,8,4,3,10,8,4,3,10,8,4,0.063670,0.117880,0.255270,0.259620,1,1,27:05:2024,15:38:51,1292,28.545000,77.192600,15.000000,lev20,Almucantar
IIT_Delhi,03:06:2022,11:00:53,154,154.458947,0.711000,0.562400,0.515500,0.496600,0.319400,0.145600,0.082600,0.056100,0.391600,0.416800,0.432900,0.440500,0.479135,57.113239,56.463790,3.243815,0.274279,0.700365,4,10,6,5,4,10,7,5,4,10,8,4,4,10,8,4,0.066910,0.123940,0.266860,0.268760,1,1,27:05:2024,15:54:00,1292,28.545000,77.192600,15.000000,lev20,Almucantar
IIT_Delhi,03:06:2022,11:28:56,154,154.478426,0.729300,0.578800,0.530200,0.510200,0.328900,0.152300,0.086700,0.058600,0.400400,0.426600,0.443500,0.451600,0.474773,63.155865,62.512394,3.442519,0.198892,0.719761,3,10,8,5,3,10,8,5,3,10,7,5,3,10,8,5,0.070480,0.131000,0.281170,0.281840,1,1,27:05:2024,16:00:48,1292,28.545000,77.192600,15.000000,lev20,Almucantar
IIT_Delhi,03:06:2022,12:18:47,154,154.513044,0.694500,0.554900,0.509600,0.489000,0.302100,0.137200,0.077200,0.050600,0.392400,0.417700,0.432400,0.438300,0.460974,73.724073,73.095735,2.478544,0.083827,0.682747,4,10,7,6,4,10,7,6,4,10,7,6,4,10,7,6,0.080130,0.150120,0.319500,0.316910,1,1,27:05:2024,15:39:37,1292,28.545000,77.192600,15.000000,lev20,Almucantar
IIT_Delhi,04:06:2022,01:44:51,155,155.072812,0.669100,0.533300,0.487700,0.467600,0.302900,0.145500,0.086700,0.060700,0.366200,0.387800,0.401000,0.406900,0.470317,67.211885,67.849441,4.407172,0.117224,0.658942,4,9,7,6,4,10,7,6,4,10,7,6,4,10,7,6,0.072970,0.136750,0.294400,0.297090,1,1,28:05:2024,15:24:20,1292,28.545000,77.192600,15.000000,lev20,Almucantar
IIT_Delhi,04:06:2022,02:34:00,155,155.106944,0.625800,0.497700,0.457800,0.442200,0.280600,0.131600,0.076400,0.053600,0.345200,0.366100,0.381400,0.388600,0.466085,56.657723,57.306992,3.895152,0.292524,0.616505,4,10,8,4,4,10,8,4,4,10,8,4,4,10,7,4,0.066330,0.123280,0.266520,0.270370,1,1,28:05:2024,15:30:22,1292,28.545000,77.192600,15.000000,lev20,Almucantar
IIT_Delhi,04:06:2022,03:03:32,155,155.127454,0.608900,0.484500,0.446100,0.430400,0.277600,0.132300,0.078800,0.055800,0.331200,0.352300,0.367200,0.374600,0.464013,50.238971,50.892993,2.898590,0.271691,0.600981,3,10,8,4,3,10,8,4,3,10,8,4,3,10,8,4,0.063660,0.117860,0.255230,0.259580,1,1,28:05:2024,15:36:22,1292,28.545000,77.192600,15.000000,lev20,Almucantar
IIT_Delhi,04:06:2022,12:18:48,155,155.513056,0.764200,0.603400,0.550100,0.526500,0.356700,0.169200,0.098500,0.067600,0.407600,0.434300,0.451600,0.458900,0.489009,73.643021,73.014982,4.282870,0.094250,0.750727,4,10,7,6,4,10,7,6,4,10,7,6,4,10,7,6,0.080030,0.149930,0.319130,0.316560,1,1,28:05:2024,15:37:40,1292,28.545000,77.192600,15.000000,lev20,Almucantar
IIT_Delhi,05:06:2022,01:11:18,156,156.049514,0.450700,0.425600,0.416300,0.410800,0.103900,0.056300,0.033800,0.023500,0.346800,0.369300,0.382500,0.387300,0.118166,74.274932,74.900533,5.772076,0.172149,0.442857,4,10,7,6,4,10,7,6,4,10,7,6,4,10,7,6,0.079950,0.150960,0.323610,0.325210,1,1,29:05:2024,14:29:52,1292,28.545000,77.192600,15.000000,lev20,Almucantar
IIT_Delhi,05:06:2022,01:44:44,156,156.072731,0.469200,0.435600,0.426400,0.422300,0.117100,0.060200,0.035800,0.025200,0.352000,0.375500,0.390600,0.397100,0.143651,67.229327,67.866473,5.881450,0.320252,0.459470,4,10,7,6,4,10,7,6,4,10,7,6,4,10,7,6,0.072990,0.136790,0.294460,0.297140,1,1,29:05:2024,14:36:22,1292,28.545000,77.192600,15.000000,lev20,Almucantar
IIT_Delhi,05:06:2022,02:33:58,156,156.106921,0.458400,0.421200,0.414000,0.410400,0.118600,0.058100,0.035400,0.025600,0.339800,0.363100,0.378600,0.384900,0.154345,56.662928,57.311910,4.822186,0.391214,0.450353,4,10,8,4,4,10,8,4,4,10,8,4,4,10,7,5,0.066340,0.123280,0.266540,0.270380,1,1,29:05:2024,14:20:16,1292,28.545000,77.192600,15.000000,lev20,Almucantar
IIT_Delhi,05:06:2022,03:03:43,156,156.127581,0.431100,0.392900,0.386600,0.384200,0.115800,0.056400,0.035800,0.026700,0.315300,0.336500,0.350800,0.357600,0.165618,50.199415,50.853247,4.087256,0.422708,0.424279,3,10,8,4,3,10,8,4,3,10,8,4,3,10,8,4,0.063650,0.117840,0.255170,0.259520,1,1,29:05:2024,14:26:05,1292,28.545000,77.192600,15.000000,lev20,Almucantar
IIT_Delhi,06:06:2022,01:11:11,157,157.049433,0.412900,0.375600,0.361000,0.353700,0.118700,0.061900,0.036200,0.025000,0.294200,0.313700,0.324900,0.328700,0.199367,74.291307,74.916439,5.029196,0.166783,0.406571,4,10,7,6,4,10,7,6,4,10,7,6,4,10,7,6,0.079980,0.151020,0.323710,0.325290,1,1,30:05:2024,13:12:42,1292,28.545000,77.192600,15.000000,lev20,Almucantar
IIT_Delhi,06:06:2022,01:44:38,157,157.072662,0.400300,0.362200,0.349200,0.343500,0.114300,0.057100,0.032800,0.022600,0.286000,0.305200,0.316400,0.320900,0.203615,67.246942,67.883695,4.951368,0.249452,0.393860,4,10,7,6,4,10,7,6,4,10,7,6,4,10,7,6,0.072990,0.136800,0.294490,0.297200,1,1,30:05:2024,13:19:04,1292,28.545000,77.192600,15.000000,lev20,Almucantar
IIT_Delhi,06:06:2022,02:33:51,157,157.106840,0.413500,0.373400,0.363400,0.358000,0.117700,0.056800,0.033900,0.024100,0.295800,0.316700,0.329500,0.333800,0.194375,56.689709,57.338396,4.133285,0.359663,0.406688,4,10,8,4,4,10,8,4,4,10,8,4,4,10,7,5,0.066340,0.123300,0.266580,0.270430,1,1,30:05:2024,13:24:41,1292,28.545000,77.192600,15.000000,lev20,Almucantar
IIT_Delhi,06:06:2022,03:01:47,157,157.126238,0.408500,0.365100,0.356300,0.353000,0.120200,0.058300,0.036600,0.027100,0.288300,0.306900,0.319700,0.325900,0.206824,50.624592,51.277942,4.285632,0.439522,0.403189,3,10,8,4,3,10,8,4,3,10,8,4,3,10,8,4,0.063800,0.118150,0.255820,0.260140,1,1,30:05:2024,13:06:12,1292,28.545000,77.192600,15.000000,lev20,Almucantar
IIT_Delhi,08:06:2022,01:11:09,159,159.049410,1.223600,1.193800,1.177800,1.163600,0.192800,0.098100,0.056700,0.038300,1.030900,1.095700,1.121100,1.125300,0.056073,74.293788,74.918114,5.431923,0.085758,1.196208,4,10,7,6,4,10,7,6,4,10,7,6,4,10,7,6,0.079950,0.150970,0.323620,0.325300,1,1,01:06:2024,19:44:59,1292,28.545000,77.192600,15.000000,lev20,Almucantar
IIT_Delhi,23:06:2022,12:24:12,174,174.516806,0.481100,0.440800,0.418500,0.403400,0.152000,0.081600,0.049800,0.034600,0.329200,0.359100,0.368700,0.368800,0.204256,73.558129,72.933622,3.845920,0.081153,0.476822,4,10,7,6,4,10,7,6,4,10,7,6,4,10,7,6,0.077080,0.146370,0.327200,0.323780,1,1,15:06:2024,19:31:23,1292,28.545000,77.192600,15.000000,lev20,Almucantar
IIT_Delhi,24:06:2022,01:12:34,175,175.050394,0.585400,0.541800,0.511000,0.487300,0.205900,0.126000,0.082200,0.058400,0.379500,0.415800,0.428800,0.428900,0.197231,74.455306,75.076785,3.551726,0.154825,0.578938,4,10,7,6,4,10,7,6,4,10,7,6,4,10,7,6,0.077330,0.148020,0.333190,0.333940,1,1,17:06:2024,15:26:56,1292,28.545000,77.192600,15.000000,lev20,Almucantar
IIT_Delhi,24:06:2022,01:47:21,175,175.074549,0.646600,0.594900,0.562400,0.535500,0.345900,0.278700,0.230900,0.194200,0.300800,0.316200,0.331600,0.341400,0.203392,67.166328,67.800395,2.541688,0.078366,0.640670,4,10,7,6,4,10,7,6,4,10,7,6,4,10,7,6,0.070690,0.133880,0.301880,0.303910,1,1,17:06:2024,15:36:44,1292,28.545000,77.192600,15.000000,lev20,Almucantar
IIT_Delhi,24:06:2022,11:05:18,175,175.462014,0.479400,0.411400,0.388400,0.377600,0.182900,0.089100,0.052500,0.036900,0.296500,0.322400,0.335900,0.340700,0.313547,56.775885,56.128730,5.801503,0.431126,0.474531,4,10,7,5,4,10,8,4,4,10,8,4,4,10,8,4,0.065010,0.121330,0.272820,0.274250,1,1,17:06:2024,15:28:49,1292,28.545000,77.192600,15.000000,lev20,Almucantar
IIT_Delhi,24:06:2022,11:25:07,175,175.475775,0.425400,0.367000,0.345300,0.334200,0.163900,0.083500,0.050800,0.036000,0.261500,0.283600,0.294600,0.298200,0.309779,61.034572,60.391764,4.905898,0.313376,0.421840,3,10,8,5,3,10,7,5,3,10,5,5,3,10,5,5,0.067160,0.125810,0.282630,0.283190,1,1,17:06:2024,15:34:04,1292,28.545000,77.192600,15.000000,lev20,Almucantar
IIT_Delhi,24:06:2022,11:45:01,175,175.489595,0.415900,0.357900,0.336700,0.325100,0.164200,0.084400,0.051800,0.037100,0.251700,0.273500,0.285000,0.288100,0.313854,65.279301,64.641652,4.729553,0.231177,0.412482,3,10,7,6,3,10,6,6,3,10,4,5,3,10,5,5,0.069820,0.131320,0.294630,0.294140,1,1,17:06:2024,15:39:14,1292,28.545000,77.192600,15.000000,lev20,Almucantar
IIT_Delhi,24:06:2022,12:24:26,175,175.516968,0.384000,0.329800,0.308200,0.296700,0.148500,0.075300,0.044700,0.031000,0.235400,0.254500,0.263500,0.265700,0.325669,73.569481,72.944916,4.445331,0.149011,0.379722,4,10,7,6,4,10,7,6,4,10,7,6,4,10,7,6,0.077080,0.146380,0.327230,0.323830,1,1,17:06:2024,15:17:55,1292,28.545000,77.192600,15.000000,lev20,Almucantar
IIT_Delhi,25:06:2022,01:12:45,176,176.050521,0.388000,0.344000,0.325600,0.315400,0.137500,0.072000,0.043700,0.030900,0.250600,0.272000,0.282000,0.284500,0.259442,74.470795,75.092327,3.504145,0.106544,0.383723,4,10,7,6,4,10,7,6,4,10,7,6,4,10,7,6,0.077350,0.148070,0.333290,0.334020,1,1,18:06:2024,14:19:19,1292,28.545000,77.192600,15.000000,lev20,Almucantar
IIT_Delhi,25:06:2022,01:47:38,176,176.074745,0.394000,0.344300,0.326300,0.316600,0.147100,0.075600,0.046200,0.033200,0.246900,0.268800,0.280100,0.283400,0.280297,67.160045,67.794194,3.974471,0.195228,0.389702,4,10,7,6,4,10,7,6,4,10,7,6,4,10,7,6,0.070680,0.133870,0.301860,0.303890,1,1,18:06:2024,14:25:46,1292,28.545000,77.192600,15.000000,lev20,Almucantar
IIT_Delhi,25:06:2022,02:37:35,176,176.109433,0.418600,0.356300,0.336500,0.326500,0.167700,0.082300,0.050300,0.036000,0.250900,0.274000,0.286200,0.290500,0.325803,56.482219,57.129050,3.721670,0.302157,0.412534,4,10,8,4,4,10,8,4,4,10,8,4,4,10,7,5,0.064580,0.120890,0.272860,0.276190,1,1,18:06:2024,14:31:18,1292,28.545000,77.192600,15.000000,lev20,Almucantar
IIT_Delhi,25:06:2022,03:03:57,176,176.127743,0.432600,0.366200,0.345700,0.335000,0.178800,0.089500,0.056100,0.041300,0.253700,0.276800,0.289500,0.293700,0.334918,50.773095,51.424691,3.193436,0.295160,0.429119,3,10,8,4,3,10,8,4,3,10,8,4,3,10,8,4,0.062390,0.116250,0.262380,0.266220,1,1,18:06:2024,14:36:57,1292,28.545000,77.192600,15.000000,lev20,Almucantar
IIT_Delhi,25:06:2022,11:05:34,176,176.462199,0.968300,0.679500,0.589400,0.545800,0.579900,0.261900,0.157200,0.107300,0.388400,0.417700,0.432200,0.438500,0.737852,56.795761,56.148553,1.135572,0.029547,0.959062,4,10,7,5,4,10,8,4,4,10,8,4,4,10,8,4,0.065020,0.121360,0.272870,0.274280,1,1,18:06:2024,14:34:05,1292,28.545000,77.192600,15.000000,lev20,Almucantar
IIT_Delhi,25:06:2022,11:25:22,176,176.475949,0.957700,0.672300,0.583500,0.541100,0.570900,0.255600,0.151600,0.103200,0.386900,0.416800,0.431900,0.437900,0.736523,61.051246,60.408376,1.489583,0.032155,0.947818,3,10,8,5,3,10,8,5,3,10,8,5,3,10,8,5,0.067180,0.125830,0.282690,0.283230,1,1,18:06:2024,14:42:16,1292,28.545000,77.192600,15.000000,lev20,Almucantar
IIT_Delhi,25:06:2022,11:45:13,176,176.489734,0.925900,0.652500,0.567300,0.526900,0.549200,0.247100,0.146100,0.097600,0.376800,0.405400,0.421300,0.429300,0.728214,65.285781,64.648052,1.406788,0.037963,0.916263,3,10,7,6,3,10,7,6,3,10,8,5,3,10,8,5,0.069820,0.131320,0.294650,0.294150,1,1,18:06:2024,14:51:21,1292,28.545000,77.192600,15.000000,lev20,Almucantar
IIT_Delhi,25:06:2022,12:24:32,176,176.517037,0.797100,0.584500,0.516100,0.483800,0.441400,0.202300,0.119600,0.081000,0.355700,0.382300,0.396500,0.402900,0.646087,73.556314,72.931615,1.737486,0.035021,0.788175,4,10,7,6,4,10,7,6,4,10,7,6,4,10,7,6,0.077080,0.146380,0.327160,0.323770,1,1,18:06:2024,14:22:18,1292,28.545000,77.192600,15.000000,lev20,Almucantar
IIT_Delhi,26:06:2022,01:13:03,177,177.050729,0.910900,0.658100,0.553800,0.504600,0.600900,0.326100,0.205700,0.147500,0.310100,0.332000,0.348100,0.357200,0.732288,74.464552,75.086212,1.861012,0.020398,0.903109,4,10,7,6,4,10,7,6,4,10,7,6,4,10,7,6,0.076370,0.146110,0.338750,0.339110,1,1,19:06:2024,13:36:18,1292,28.545000,77.192600,15.000000,lev20,Almucantar
IIT_Delhi,26:06:2022,01:47:42,177,177.074792,0.922300,0.652600,0.541300,0.488400,0.630300,0.340200,0.213700,0.152100,0.292100,0.312400,0.327700,0.336400,0.783645,67.201802,67.835988,2.050180,0.035264,0.914943,4,10,7,6,4,10,7,6,4,10,7,6,4,10,7,6,0.069950,0.132310,0.306650,0.308260,1,1,19:06:2024,13:44:31,1292,28.545000,77.192600,15.000000,lev20,Almucantar
IIT_Delhi,26:06:2022,02:37:47,177,177.109572,0.985900,0.673700,0.543000,0.481100,0.732600,0.401400,0.256800,0.187500,0.253400,0.272300,0.286200,0.293600,0.875531,56.494602,57.141496,1.295935,0.019701,0.979019,4,10,8,4,4,10,8,4,4,10,8,4,4,10,7,4,0.063990,0.119530,0.276670,0.279580,1,1,19:06:2024,13:24:57,1292,28.545000,77.192600,15.000000,lev20,Almucantar
IIT_Delhi,26:06:2022,11:05:41,177,177.462280,1.004800,0.634900,0.491600,0.425200,0.786800,0.402700,0.249300,0.177400,0.218100,0.232200,0.242400,0.247800,1.050042,56.786084,56.138778,2.093556,0.020658,0.997276,4,10,7,4,4,10,7,4,4,10,7,4,4,10,8,3,0.064410,0.119960,0.276630,0.277570,1,1,19:06:2024,13:32:27,1292,28.545000,77.192600,15.000000,lev20,Almucantar
IIT_Delhi,26:06:2022,11:25:32,177,177.476065,1.054800,0.663400,0.508200,0.436900,0.832300,0.426900,0.262400,0.186600,0.222500,0.236500,0.245800,0.250200,1.071318,61.052976,60.410007,3.179221,0.040824,1.048227,3,10,8,5,3,10,8,5,3,10,8,4,3,10,8,5,0.066510,0.124360,0.286770,0.286820,1,1,19:06:2024,13:39:13,1292,28.545000,77.192600,15.000000,lev20,Almucantar
IIT_Delhi,26:06:2022,12:24:41,177,177.517141,0.891900,0.558000,0.428800,0.370500,0.695900,0.349600,0.210700,0.147100,0.196000,0.208300,0.218100,0.223400,1.075404,73.556835,72.932001,1.618932,0.009311,0.885747,4,10,7,6,4,10,7,6,4,10,7,6,4,10,7,6,0.076110,0.144480,0.332490,0.328590,1,1,19:06:2024,13:49:35,1292,28.545000,77.192600,15.000000,lev20,Almucantar
IIT_Delhi,26:06:2022,12:42:51,177,177.529757,0.899700,0.561800,0.432000,0.373600,0.696200,0.345900,0.206200,0.142500,0.203500,0.215900,0.225800,0.231100,1.077543,77.313125,76.696303,2.279230,0.012760,0.893048,4,10,7,6,4,10,7,6,4,10,7,6,4,10,7,6,0.080630,0.153880,0.353730,0.347930,1,1,19:06:2024,13:52:36,1292,28.545000,77.192600,15.000000,lev20,Almucantar
IIT_Delhi,27:06:2022,01:13:18,178,178.050903,1.088900,0.662300,0.461100,0.366200,0.985700,0.553700,0.347200,0.249400,0.103200,0.108600,0.113900,0.116900,1.248810,74.471058,75.092848,5.151503,0.145988,1.084658,4,10,7,6,4,10,7,6,4,10,7,6,4,10,7,6,0.076380,0.146140,0.338810,0.339150,1,1,20:06:2024,12:23:02,1292,28.545000,77.192600,15.000000,lev20,Almucantar
IIT_Delhi,27:06:2022,01:47:56,178,178.074954,1.156900,0.711800,0.493300,0.387800,1.071300,0.623400,0.402700,0.295700,0.085600,0.088400,0.090700,0.092100,1.236908,67.210426,67.844721,3.533458,0.047805,1.151371,4,10,7,6,4,10,7,6,4,10,7,6,4,10,7,6,0.069950,0.132320,0.306670,0.308290,1,1,20:06:2024,12:29:59,1292,28.545000,77.192600,15.000000,lev20,Almucantar
IIT_Delhi,27:06:2022,02:38:07,178,178.109803,1.196200,0.735900,0.514100,0.405800,1.103500,0.639700,0.415200,0.305300,0.092700,0.096200,0.098900,0.100500,1.226581,56.480028,57.127028,1.878113,0.024779,1.191487,4,10,8,4,4,10,8,4,4,10,8,4,4,10,7,5,0.063990,0.119520,0.276660,0.279550,1,1,20:06:2024,12:36:24,1292,28.545000,77.192600,15.000000,lev20,Almucantar
IIT_Delhi,27:06:2022,03:04:28,178,178.128102,1.202200,0.738800,0.516900,0.407700,1.099500,0.630700,0.404200,0.292300,0.102700,0.108100,0.112800,0.115400,1.226281,50.773188,51.424920,1.977410,0.028328,1.197720,3,10,8,4,3,10,8,4,3,10,8,4,3,10,8,4,0.061880,0.114980,0.265880,0.269270,1,1,20:06:2024,12:18:43,1292,28.545000,77.192600,15.000000,lev20,Almucantar
IIT_Delhi,27:06:2022,11:05:55,178,178.462442,1.275100,0.751300,0.510900,0.395800,1.179400,0.651200,0.406900,0.289600,0.095600,0.100100,0.104000,0.106200,1.329117,56.804446,56.157050,4.180467,0.042344,1.270904,4,10,7,5,4,10,8,4,4,10,8,4,4,10,5,3,0.064420,0.119980,0.276680,0.277600,1,1,20:06:2024,12:40:33,1292,28.545000,77.192600,15.000000,lev20,Almucantar
IIT_Delhi,27:06:2022,11:25:46,178,178.476227,1.275300,0.754800,0.514600,0.399900,1.190700,0.667300,0.424900,0.309100,0.084700,0.087500,0.089700,0.090900,1.318759,61.071973,60.428905,4.931227,0.072845,1.268766,3,10,8,4,3,9,8,4,3,6,7,4,3,8,5,5,0.066530,0.124400,0.286840,0.286870,1,1,20:06:2024,12:46:50,1292,28.545000,77.192600,15.000000,lev20,Almucantar
IIT_Delhi,27:06:2022,11:45:39,178,178.490035,1.210600,0.718400,0.491100,0.383400,1.108700,0.611800,0.380600,0.270600,0.101800,0.106600,0.110600,0.112800,1.311131,65.314981,64.677043,3.848794,0.049861,1.206200,3,10,7,6,3,10,7,6,3,10,7,5,3,10,6,3,0.069100,0.129790,0.299170,0.298160,1,1,20:06:2024,12:19:22,1292,28.545000,77.192600,15.000000,lev20,Almucantar
IIT_Delhi,28:06:2022,01:13:34,179,179.051088,1.461300,0.922500,0.661300,0.536800,1.293200,0.744700,0.474100,0.344300,0.168200,0.177900,0.187300,0.192600,1.152564,74.476398,75.098349,2.225310,0.014092,1.452338,4,10,7,6,4,10,7,6,4,10,7,6,4,10,7,6,0.076390,0.146150,0.338820,0.339170,1,1,21:06:2024,15:30:58,1292,28.545000,77.192600,15.000000,lev20,Almucantar
IIT_Delhi,28:06:2022,01:48:09,179,179.075104,1.556500,1.008800,0.746100,0.623300,1.388600,0.835400,0.569100,0.444300,0.167900,0.173400,0.177000,0.178900,1.070653,67.224615,67.859035,3.586589,0.070915,1.547136,4,10,7,6,4,10,7,6,4,10,7,6,4,10,7,6,0.069960,0.132350,0.306730,0.308340,1,1,21:06:2024,15:20:00,1292,28.545000,77.192600,15.000000,lev20,Almucantar
IIT_Delhi,28:06:2022,02:38:17,179,179.109919,1.485900,0.942400,0.682900,0.558000,1.346400,0.797500,0.534000,0.407000,0.139600,0.144900,0.148900,0.150900,1.131166,56.503140,57.150229,2.263567,0.035814,1.479211,4,10,8,4,4,10,8,4,4,10,8,4,4,10,7,5,0.064000,0.119530,0.276680,0.279600,1,1,21:06:2024,15:27:43,1292,28.545000,77.192600,15.000000,lev20,Almucantar
IIT_Delhi,28:06:2022,03:04:39,179,179.128229,1.508400,0.955900,0.683700,0.550700,1.393000,0.836000,0.560200,0.425000,0.115400,0.119900,0.123500,0.125700,1.149539,50.791969,51.443778,2.801587,0.024693,1.503283,3,10,8,4,3,10,8,4,3,10,7,4,3,10,8,4,0.061880,0.115000,0.265920,0.269300,1,1,21:06:2024,15:34:26,1292,28.545000,77.192600,15.000000,lev20,Almucantar
IIT_Delhi,04:07:2022,02:39:19,185,185.110637,1.216100,0.736700,0.492700,0.370800,1.183500,0.703300,0.457800,0.334300,0.032600,0.033400,0.034900,0.036500,1.307760,56.666617,57.314574,3.729542,0.101217,1.211954,4,10,8,4,4,10,8,4,4,10,8,4,4,10,7,5,0.063420,0.118220,0.279750,0.282160,1,1,10:05:2025,22:50:49,1292,28.545000,77.192600,15.000000,lev20,Almucantar
IIT_Delhi,06:07:2022,11:46:30,187,187.490625,0.751500,0.427400,0.288400,0.222800,0.693900,0.367100,0.225700,0.158600,0.057700,0.060300,0.062700,0.064200,1.394332,65.378612,64.738581,2.068126,0.021085,0.749247,3,10,7,6,3,10,7,6,3,10,8,5,3,10,8,5,0.068320,0.128180,0.302360,0.300800,1,1,10:05:2025,21:57:26,1292,28.545000,77.192600,15.000000,lev20,Almucantar
IIT_Delhi,06:07:2022,12:25:28,187,187.517685,0.681100,0.383500,0.259800,0.202400,0.613900,0.311700,0.184500,0.125400,0.067200,0.071900,0.075300,0.077000,1.404752,73.609163,72.981610,1.818197,0.006973,0.678757,4,10,7,6,4,10,7,6,4,10,7,6,4,10,7,6,0.075090,0.142560,0.336110,0.331660,1,1,10:05:2025,21:34:49,1292,28.545000,77.192600,15.000000,lev20,Almucantar
IIT_Delhi,08:07:2022,11:07:40,189,189.463657,0.511000,0.268700,0.185100,0.144500,0.461900,0.217500,0.132300,0.090600,0.049100,0.051200,0.052900,0.053900,1.489281,57.043677,56.394239,3.321269,0.045053,0.509388,4,10,7,5,4,10,4,3,4,10,5,3,4,10,4,3,0.063860,0.118730,0.279900,0.280280,1,1,10:05:2025,21:37:31,1292,28.545000,77.192600,15.000000,lev20,Almucantar
IIT_Delhi,08:07:2022,11:47:09,189,189.491076,0.485600,0.256000,0.178100,0.143600,0.425500,0.191400,0.111100,0.075600,0.060100,0.064600,0.067100,0.068000,1.472345,65.531472,64.890935,2.668164,0.030943,0.483625,3,10,7,6,3,10,5,6,3,10,5,6,3,10,6,5,0.068420,0.128400,0.302870,0.301260,1,1,10:05:2025,21:40:06,1292,28.545000,77.192600,15.000000,lev20,Almucantar
IIT_Delhi,08:07:2022,12:25:21,189,189.517604,0.465800,0.255200,0.182200,0.149200,0.407500,0.193500,0.118000,0.083900,0.058300,0.061800,0.064200,0.065400,1.378467,73.608662,72.980251,2.932992,0.023486,0.463408,4,10,7,6,4,10,7,6,4,10,7,6,4,10,7,6,0.075090,0.142550,0.336110,0.331650,1,1,10:05:2025,21:17:54,1292,28.545000,77.192600,15.000000,lev20,Almucantar
IIT_Delhi,08:07:2022,12:43:19,189,189.530081,0.402500,0.222000,0.160300,0.132900,0.343300,0.159100,0.094800,0.066400,0.059300,0.063000,0.065400,0.066600,1.353215,77.346206,76.725452,3.551576,0.010875,0.400580,4,10,7,6,4,10,7,6,4,10,7,6,4,10,7,5,0.079420,0.151710,0.357540,0.351180,1,1,10:05:2025,21:21:10,1292,28.545000,77.192600,15.000000,lev20,Almucantar
IIT_Delhi,02:08:2022,01:27:16,214,214.060602,0.745200,0.595700,0.497300,0.442600,0.633300,0.479800,0.377100,0.318800,0.111900,0.116000,0.120200,0.123900,0.585314,74.571144,75.212032,4.637587,0.148043,0.744390,4,10,7,6,4,10,7,6,4,10,7,4,4,10,7,3,0.071740,0.136360,0.350760,0.349650,1,1,18:05:2024,07:21:49,1292,28.545000,77.192600,15.000000,lev20,Almucantar
IIT_Delhi,05:08:2022,12:16:56,217,217.511759,0.924700,0.558900,0.364900,0.269000,0.910400,0.544200,0.349300,0.252800,0.014300,0.014800,0.015600,0.016300,1.342867,73.979092,73.333546,4.839857,0.029624,0.922906,4,10,7,6,4,10,7,6,4,10,7,4,4,10,4,4,0.070670,0.132800,0.347570,0.341360,1,1,18:05:2024,07:04:17,1292,28.545000,77.192600,15.000000,lev20,Almucantar
IIT_Delhi,04:11:2022,10:29:06,308,308.436875,2.006300,1.319600,0.916300,0.716200,1.803800,1.109500,0.700200,0.495500,0.202500,0.210100,0.216200,0.220700,1.130488,72.201939,71.630882,1.221171,0.004842,1.993325,4,10,7,6,4,10,7,6,4,10,7,6,4,10,7,6,0.069800,0.125800,0.298050,0.296860,1,1,03:05:2024,12:34:22,1292,28.545000,77.192600,15.000000,lev20,Almucantar
IIT_Delhi,05:11:2022,02:58:54,309,309.124236,2.133200,1.428000,0.997200,0.777700,1.994400,1.284300,0.850400,0.629200,0.138800,0.143800,0.146800,0.148600,1.095645,67.776412,68.325314,1.982334,0.020416,2.121973,4,10,7,6,4,10,7,6,4,10,7,6,4,10,7,6,0.066330,0.118700,0.282460,0.284960,1,1,03:05:2024,12:29:20,1292,28.545000,77.192600,15.000000,lev20,Almucantar
IIT_Delhi,05:11:2022,03:46:45,309,309.157465,2.056400,1.358100,0.942000,0.731400,1.903200,1.198900,0.776400,0.561200,0.153200,0.159300,0.165600,0.170200,1.125555,59.513809,60.000593,0.998067,0.008264,2.048658,3,11,7,5,3,10,8,5,3,10,8,5,3,10,8,5,0.062330,0.109570,0.259800,0.262620,1,1,03:05:2024,12:43:14,1292,28.545000,77.192600,15.000000,lev20,Almucantar
IIT_Delhi,05:11:2022,04:46:42,309,309.199097,2.034600,1.337500,0.927700,0.719100,1.886100,1.182800,0.767300,0.554800,0.148500,0.154800,0.160400,0.164300,1.132773,50.973255,51.337696,1.373542,0.021216,2.027631,3,10,8,4,3,10,8,4,3,10,8,4,3,10,8,4,0.059610,0.103330,0.244030,0.247070,1,1,03:05:2024,12:54:42,1292,28.545000,77.192600,15.000000,lev20,Almucantar
IIT_Delhi,05:11:2022,08:46:44,309,309.365787,1.639700,1.062200,0.740800,0.578700,1.492800,0.909100,0.582500,0.416800,0.146900,0.153100,0.158400,0.161900,1.148422,54.958049,54.530991,1.045863,0.015818,1.633333,4,10,8,4,4,10,8,4,4,10,8,4,4,10,8,4,0.060870,0.106000,0.250250,0.252100,1,1,03:05:2024,12:40:17,1292,28.545000,77.192600,15.000000,lev20,Almucantar
IIT_Delhi,05:11:2022,09:46:47,309,309.407488,1.477500,0.955900,0.668400,0.524400,1.339300,0.812100,0.519700,0.372500,0.138200,0.143900,0.148800,0.152000,1.147007,64.620251,64.094980,1.030651,0.010820,1.471607,3,10,8,5,3,10,8,5,3,10,8,5,3,10,8,5,0.064870,0.114910,0.271970,0.272460,1,1,03:05:2024,12:49:56,1292,28.545000,77.192600,15.000000,lev20,Almucantar
IIT_Delhi,05:11:2022,10:36:10,309,309.441782,1.523400,0.986600,0.690900,0.543200,1.373200,0.830400,0.528900,0.377400,0.150200,0.156300,0.162000,0.165900,1.143459,73.734676,73.159320,1.265226,0.012095,1.515453,4,10,7,6,4,10,7,6,4,10,7,6,4,10,7,6,0.071060,0.128600,0.304750,0.303130,1,1,03:05:2024,13:00:41,1292,28.545000,77.192600,15.000000,lev20,Almucantar
IIT_Delhi,06:11:2022,02:24:11,310,310.100127,1.306700,0.869500,0.623100,0.500800,1.158100,0.714700,0.462500,0.336500,0.148600,0.154900,0.160600,0.164300,1.071047,74.487240,75.065747,2.481691,0.028749,1.299051,4,10,7,6,4,10,7,6,4,10,7,6,4,10,7,6,0.071190,0.129750,0.309600,0.311790,1,1,03:05:2024,12:33:01,1292,28.545000,77.192600,15.000000,lev20,Almucantar
IIT_Delhi,06:11:2022,02:58:53,310,310.124225,1.208100,0.796900,0.568000,0.455400,1.072600,0.655900,0.422400,0.306900,0.135500,0.141000,0.145700,0.148600,1.091717,67.981333,68.528697,1.801216,0.017555,1.201822,4,10,7,6,4,10,7,6,4,10,7,6,4,10,7,6,0.066460,0.118980,0.283160,0.285640,1,1,03:05:2024,12:18:50,1292,28.545000,77.192600,15.000000,lev20,Almucantar
IIT_Delhi,07:11:2022,03:46:47,311,311.157488,0.858600,0.549700,0.394800,0.319400,0.758400,0.445100,0.286600,0.209000,0.100200,0.104600,0.108300,0.110400,1.128200,59.965160,60.448383,1.925248,0.020876,0.854559,3,10,8,5,3,10,8,5,3,10,8,5,3,10,8,5,0.062510,0.109970,0.260810,0.263600,1,1,03:05:2024,12:30:05,1292,28.545000,77.192600,15.000000,lev20,Almucantar
IIT_Delhi,07:11:2022,04:46:49,311,311.199178,0.725700,0.462900,0.337400,0.275000,0.618800,0.349800,0.219500,0.154400,0.106900,0.113100,0.117900,0.120600,1.114603,51.487777,51.848420,1.104211,0.021410,0.722038,3,10,8,4,3,10,8,4,3,10,8,4,3,10,8,4,0.059740,0.103640,0.244810,0.247820,1,1,03:05:2024,12:17:12,1292,28.545000,77.192600,15.000000,lev20,Almucantar
IIT_Delhi,07:11:2022,08:46:47,311,311.365822,0.820400,0.517000,0.375600,0.305300,0.697200,0.387700,0.241700,0.168800,0.123200,0.129300,0.134000,0.136400,1.137770,55.433959,55.010776,2.058021,0.013524,0.816591,4,10,8,4,4,10,8,4,4,10,8,4,4,10,7,4,0.061030,0.106350,0.251110,0.252920,1,1,03:05:2024,12:27:47,1292,28.545000,77.192600,15.000000,lev20,Almucantar
IIT_Delhi,08:11:2022,03:00:43,312,312.125498,2.045000,1.261000,0.863900,0.675500,1.887200,1.098000,0.694100,0.500100,0.157800,0.163000,0.169900,0.175500,1.248584,68.053852,68.596248,2.060396,0.021814,2.036264,4,10,7,6,4,10,7,6,4,10,7,6,4,10,7,6,0.066500,0.119080,0.283390,0.285860,1,1,17:05:2024,00:18:17,1292,28.545000,77.192600,15.000000,lev20,Almucantar
IIT_Delhi,08:11:2022,03:46:54,312,312.157569,2.087600,1.288000,0.880600,0.683700,1.935900,1.130100,0.716500,0.515300,0.151800,0.158000,0.164200,0.168500,1.250373,60.173769,60.655127,1.657926,0.025102,2.079576,3,10,8,5,3,10,8,5,3,10,8,5,3,10,8,5,0.062590,0.110170,0.261290,0.264060,1,1,17:05:2024,00:31:06,1292,28.545000,77.192600,15.000000,lev20,Almucantar
IIT_Delhi,09:11:2022,02:25:48,313,313.101250,0.956800,0.556200,0.367900,0.281400,0.903300,0.500600,0.309900,0.221800,0.053400,0.055600,0.058000,0.059600,1.386428,74.734610,75.307861,2.244876,0.021619,0.953742,4,10,7,6,4,10,7,6,4,10,5,6,4,9,5,6,0.070780,0.130180,0.298900,0.301900,1,1,17:05:2024,00:32:45,1292,28.545000,77.192600,15.000000,lev20,Almucantar
IIT_Delhi,09:11:2022,03:01:47,313,313.126238,0.992700,0.575800,0.381800,0.292800,0.931900,0.512500,0.316200,0.225400,0.060800,0.063300,0.065700,0.067400,1.386637,68.064722,68.604497,1.284760,0.009475,0.990211,4,10,7,6,4,10,7,6,4,10,7,6,4,10,7,6,0.066060,0.119120,0.272420,0.275670,1,1,17:05:2024,00:22:58,1292,28.545000,77.192600,15.000000,lev20,Almucantar
IIT_Delhi,09:11:2022,03:46:56,313,313.157593,1.077700,0.625800,0.416500,0.318300,1.007100,0.552700,0.341200,0.240900,0.070600,0.073100,0.075300,0.077400,1.380025,60.394859,60.874535,1.258244,0.012347,1.075105,3,10,8,5,3,10,8,5,3,10,8,5,3,10,8,5,0.062380,0.110490,0.251550,0.255020,1,1,17:05:2024,00:30:14,1292,28.545000,77.192600,15.000000,lev20,Almucantar
IIT_Delhi,09:11:2022,04:46:56,313,313.199259,1.073900,0.628900,0.423600,0.325500,1.001500,0.553400,0.345400,0.245400,0.072400,0.075600,0.078300,0.080100,1.351147,51.994439,52.351573,1.043126,0.016365,1.070738,3,10,8,4,3,10,8,4,3,10,8,4,3,10,8,4,0.059690,0.104130,0.235910,0.239570,1,1,17:05:2024,00:38:22,1292,28.545000,77.192600,15.000000,lev20,Almucantar
IIT_Delhi,09:11:2022,08:46:54,313,313.365903,1.314700,0.768000,0.516600,0.397300,1.216100,0.665000,0.409800,0.287900,0.098600,0.103000,0.106800,0.109400,1.356784,55.898247,55.478783,2.356482,0.028277,1.310511,4,10,8,4,4,10,8,4,4,10,8,4,4,10,8,4,0.060940,0.106840,0.242040,0.244550,1,1,17:05:2024,00:31:21,1292,28.545000,77.192600,15.000000,lev20,Almucantar
IIT_Delhi,14:11:2022,09:47:45,318,318.408160,0.911000,0.524800,0.363200,0.290900,0.787200,0.395200,0.228100,0.152100,0.123800,0.129500,0.135100,0.138800,1.341176,66.389494,65.878558,1.107922,0.011886,0.906984,4,10,7,6,4,10,7,6,4,10,7,6,3,10,7,6,0.065420,0.117120,0.266420,0.267460,1,1,17:05:2024,00:36:46,1292,28.545000,77.192600,15.000000,lev20,Almucantar
IIT_Delhi,14:11:2022,10:27:07,318,318.435498,0.963000,0.557600,0.387500,0.311800,0.827000,0.415500,0.239300,0.159700,0.136000,0.142100,0.148200,0.152100,1.327789,73.415860,72.861598,1.040812,0.005881,0.958960,4,10,7,6,4,10,7,6,4,10,7,6,4,10,7,6,0.070180,0.127970,0.291710,0.291150,1,1,17:05:2024,00:47:28,1292,28.545000,77.192600,15.000000,lev20,Almucantar
IIT_Delhi,14:11:2022,10:45:20,318,318.448148,1.002800,0.582600,0.405900,0.327300,0.881800,0.457200,0.277000,0.196000,0.121000,0.125500,0.128900,0.131300,1.319237,76.836662,76.267211,2.109470,0.005574,0.998292,4,8,7,6,4,8,7,6,4,9,7,6,4,10,7,6,0.073300,0.135070,0.308200,0.306560,1,1,17:05:2024,00:50:29,1292,28.545000,77.192600,15.000000,lev20,Almucantar
IIT_Delhi,15:11:2022,10:27:19,319,319.435637,1.070300,0.639900,0.440800,0.348100,0.943200,0.506300,0.300400,0.203500,0.127200,0.133700,0.140300,0.144600,1.289471,73.582386,73.029425,1.788913,0.008154,1.066495,4,10,7,6,4,10,7,6,4,10,6,6,4,10,7,5,0.070300,0.128260,0.292410,0.291840,1,1,17:05:2024,00:54:37,1292,28.545000,77.192600,15.000000,lev20,Almucantar
IIT_Delhi,16:11:2022,02:32:48,320,320.106111,1.141100,0.666500,0.452400,0.353800,1.049700,0.570900,0.352000,0.250000,0.091400,0.095600,0.100400,0.103700,1.345126,74.724903,75.283945,1.627058,0.014957,1.137366,4,10,7,6,4,10,7,6,4,10,7,6,4,10,7,6,0.070780,0.130180,0.298860,0.301780,1,1,16:05:2024,13:35:34,1292,28.545000,77.192600,15.000000,lev20,Almucantar
IIT_Delhi,16:11:2022,03:10:00,320,320.131944,1.047900,0.609000,0.412600,0.321900,0.967200,0.525400,0.325800,0.232700,0.080800,0.083700,0.086800,0.089200,1.355383,68.033630,68.554756,1.395022,0.009685,1.045342,4,10,7,6,4,10,7,6,4,10,7,6,4,10,7,6,0.066050,0.119090,0.272330,0.275510,1,1,17:05:2024,00:39:43,1292,28.545000,77.192600,15.000000,lev20,Almucantar
IIT_Delhi,16:11:2022,03:47:59,320,320.158322,0.981000,0.569000,0.388200,0.303900,0.901600,0.486500,0.302600,0.216000,0.079300,0.082500,0.085600,0.087900,1.349290,61.780922,62.249003,1.283893,0.011717,0.978045,3,10,8,5,3,10,8,5,3,10,8,5,3,10,8,5,0.062950,0.111810,0.254740,0.258140,1,1,17:05:2024,00:47:06,1292,28.545000,77.192600,15.000000,lev20,Almucantar
IIT_Delhi,16:11:2022,04:47:54,320,320.199931,0.849100,0.487000,0.331600,0.259700,0.774900,0.410200,0.252200,0.178000,0.074200,0.076800,0.079400,0.081700,1.369345,53.626809,53.972567,2.846832,0.066469,0.846627,4,10,8,4,4,10,8,4,4,10,8,4,4,10,8,4,0.060140,0.105180,0.238480,0.242070,1,1,17:05:2024,00:49:05,1292,28.545000,77.192600,15.000000,lev20,Almucantar
IIT_Delhi,16:11:2022,07:47:53,320,320.324919,0.458400,0.265700,0.188900,0.153900,0.393100,0.197200,0.117200,0.080200,0.065300,0.068600,0.071700,0.073700,1.296302,50.624999,50.370161,1.544599,0.075271,0.456419,3,10,8,4,3,10,8,4,3,10,8,4,3,10,8,4,0.059420,0.103360,0.233660,0.236760,1,1,17:05:2024,00:26:53,1292,28.545000,77.192600,15.000000,lev20,Almucantar
IIT_Delhi,16:11:2022,08:47:50,320,320.366551,0.430200,0.249800,0.178900,0.148300,0.361500,0.178100,0.103900,0.071300,0.068700,0.071800,0.075000,0.077100,1.283928,57.417717,57.009997,3.075813,0.175433,0.427286,4,10,7,5,4,10,7,5,4,10,7,5,4,10,8,4,0.061450,0.108020,0.244890,0.247260,1,1,17:05:2024,00:29:26,1292,28.545000,77.192600,15.000000,lev20,Almucantar
IIT_Delhi,16:11:2022,10:44:41,320,320.447697,0.443000,0.246700,0.172200,0.139600,0.382400,0.183000,0.105900,0.071900,0.060700,0.063700,0.066300,0.067700,1.382685,76.949832,76.383671,2.448366,0.008225,0.440878,4,8,7,6,4,9,7,6,4,9,7,6,4,10,7,6,0.073400,0.135300,0.308780,0.307150,1,1,16:05:2024,13:35:51,1292,28.545000,77.192600,15.000000,lev20,Almucantar
IIT_Delhi,17:11:2022,03:10:37,321,321.132373,0.816500,0.452900,0.294500,0.223000,0.771300,0.406100,0.245800,0.172900,0.045200,0.046900,0.048700,0.050100,1.481806,68.127425,68.646652,1.333660,0.006996,0.814870,4,10,7,6,4,10,7,6,4,10,7,6,4,10,7,6,0.064990,0.118720,0.264450,0.268540,1,1,17:05:2024,00:36:11,1292,28.545000,77.192600,15.000000,lev20,Almucantar
IIT_Delhi,17:11:2022,03:48:01,321,321.158345,0.916100,0.505000,0.328200,0.248500,0.868500,0.455700,0.277100,0.196000,0.047700,0.049300,0.051100,0.052500,1.492186,61.990985,62.457820,1.573280,0.014815,0.914187,3,10,8,5,3,10,8,5,3,10,8,5,3,10,8,5,0.062090,0.111680,0.247500,0.251750,1,1,17:05:2024,00:42:40,1292,28.545000,77.192600,15.000000,lev20,Almucantar
IIT_Delhi,17:11:2022,04:48:05,321,321.200058,0.841200,0.464900,0.304300,0.230900,0.789100,0.411100,0.248700,0.173800,0.052100,0.053800,0.055600,0.057100,1.478854,53.843585,54.187899,1.216405,0.029404,0.839328,4,10,8,4,4,10,8,4,4,10,8,4,4,10,8,4,0.059390,0.105130,0.231490,0.235880,1,1,16:05:2024,13:49:00,1292,28.545000,77.192600,15.000000,lev20,Almucantar
IIT_Delhi,17:11:2022,10:25:40,321,321.434491,0.896800,0.493300,0.325200,0.249600,0.833600,0.427900,0.257800,0.180900,0.063200,0.065400,0.067300,0.068700,1.476829,73.521538,72.973067,2.389267,0.013537,0.893470,4,10,7,6,4,10,7,6,4,10,7,6,4,10,7,6,0.068920,0.127440,0.283450,0.283980,1,1,17:05:2024,00:33:02,1292,28.545000,77.192600,15.000000,lev20,Almucantar
IIT_Delhi,17:11:2022,10:43:43,321,321.447025,0.856800,0.475000,0.314200,0.241900,0.795900,0.412000,0.249100,0.175200,0.060900,0.062900,0.065200,0.066700,1.460200,76.877540,76.313514,1.866028,0.008799,0.853274,4,9,7,6,4,9,7,6,4,9,7,6,4,10,7,6,0.071820,0.134270,0.299250,0.298830,1,1,17:05:2024,00:35:50,1292,28.545000,77.192600,15.000000,lev20,Almucantar
IIT_Delhi,18:11:2022,02:35:46,322,322.108171,0.543000,0.295900,0.193200,0.148600,0.505600,0.257200,0.153400,0.108000,0.037400,0.038700,0.039800,0.040600,1.504032,74.548369,75.102685,1.172442,0.004661,0.541475,4,10,7,6,4,10,7,6,4,10,7,6,4,10,7,6,0.069270,0.129080,0.289160,0.293100,1,1,16:05:2024,13:52:17,1292,28.545000,77.192600,15.000000,lev20,Almucantar
IIT_Delhi,18:11:2022,03:11:42,322,322.133125,0.598700,0.325600,0.212800,0.163100,0.558200,0.283800,0.169800,0.119100,0.040500,0.041800,0.043100,0.044000,1.505866,68.140325,68.657129,1.542342,0.010399,0.596779,4,10,7,6,4,10,7,6,4,10,7,6,4,10,7,6,0.064990,0.118720,0.264460,0.268570,1,1,17:05:2024,00:27:12,1292,28.545000,77.192600,15.000000,lev20,Almucantar
IIT_Delhi,18:11:2022,03:48:15,322,322.158507,0.670300,0.360500,0.233200,0.176500,0.628300,0.317100,0.188500,0.130800,0.042000,0.043400,0.044700,0.045700,1.536690,62.168187,62.633508,1.551823,0.011890,0.668501,3,10,8,5,3,10,8,5,3,10,8,5,3,10,8,5,0.062160,0.111850,0.247920,0.252160,1,1,17:05:2024,00:33:00,1292,28.545000,77.192600,15.000000,lev20,Almucantar
IIT_Delhi,18:11:2022,04:48:19,322,322.200220,0.603000,0.320300,0.207900,0.157800,0.567000,0.283000,0.169300,0.118300,0.036100,0.037300,0.038500,0.039500,1.551578,54.051523,54.394342,2.138271,0.020217,0.601203,4,10,8,4,4,10,8,4,4,10,8,4,4,10,8,4,0.059450,0.105260,0.231820,0.236210,1,1,17:05:2024,00:37:49,1292,28.545000,77.192600,15.000000,lev20,Almucantar
IIT_Delhi,18:11:2022,09:48:18,322,322.408542,0.588500,0.315600,0.208300,0.161300,0.531600,0.256000,0.146300,0.097900,0.057000,0.059600,0.062000,0.063400,1.514792,67.048870,66.543937,1.454351,0.019980,0.586151,4,10,7,6,4,10,7,6,4,10,7,6,4,10,7,6,0.064680,0.117480,0.260320,0.262230,1,1,16:05:2024,13:56:11,1292,28.545000,77.192600,15.000000,lev20,Almucantar
IIT_Delhi,18:11:2022,10:42:30,322,322.446181,0.596500,0.323000,0.215600,0.169400,0.532800,0.256400,0.146200,0.098200,0.063800,0.066600,0.069400,0.071200,1.484955,76.753781,76.192096,2.390613,0.013467,0.594222,4,10,7,6,4,10,7,6,4,10,7,6,4,10,7,6,0.071690,0.133980,0.298600,0.298240,1,1,17:05:2024,00:47:04,1292,28.545000,77.192600,15.000000,lev20,Almucantar
IIT_Delhi,19:11:2022,07:48:31,323,323.325359,0.709200,0.398000,0.274000,0.215900,0.643800,0.329800,0.203400,0.143900,0.065400,0.068300,0.070600,0.072000,1.388792,51.299627,51.048281,1.957561,0.006914,0.706405,3,10,8,4,3,10,8,4,3,10,8,4,3,10,8,4,0.058820,0.103590,0.227400,0.231260,1,1,16:05:2024,13:58:45,1292,28.545000,77.192600,15.000000,lev20,Almucantar
IIT_Delhi,19:11:2022,08:48:30,323,323.367014,0.674400,0.381000,0.262200,0.207400,0.599200,0.302000,0.180000,0.123200,0.075200,0.079000,0.082300,0.084300,1.378906,58.014336,57.610980,1.773429,0.029556,0.671611,4,10,7,5,4,10,7,5,4,10,7,5,4,10,7,5,0.060770,0.108240,0.238530,0.241720,1,1,16:05:2024,13:39:06,1292,28.545000,77.192600,15.000000,lev20,Almucantar
IIT_Delhi,19:11:2022,09:48:32,323,323.408704,0.796300,0.454700,0.314400,0.250800,0.698200,0.351700,0.207100,0.140800,0.098200,0.103000,0.107300,0.110000,1.356083,67.214851,66.711265,0.915321,0.007759,0.792489,4,10,7,6,4,10,7,6,4,10,7,6,4,10,7,6,0.064770,0.117690,0.260810,0.262710,1,1,16:05:2024,13:46:05,1292,28.545000,77.192600,15.000000,lev20,Almucantar
IIT_Delhi,20:11:2022,02:36:53,324,324.108947,0.726800,0.420300,0.281400,0.217700,0.679600,0.371400,0.230600,0.165200,0.047200,0.048900,0.050900,0.052500,1.378644,74.713272,75.264578,1.468810,0.004543,0.724949,4,10,6,3,4,10,6,3,4,10,6,3,4,10,7,3,0.069390,0.129370,0.289890,0.293840,1,1,16:05:2024,13:47:10,1292,28.545000,77.192600,15.000000,lev20,Almucantar
IIT_Delhi,20:11:2022,03:15:48,324,324.135972,0.743600,0.429500,0.288300,0.222900,0.697500,0.381700,0.238800,0.172000,0.046200,0.047800,0.049500,0.051000,1.377137,67.837263,68.346917,1.835063,0.008608,0.741903,4,10,6,6,4,10,6,6,4,10,6,6,4,10,7,5,0.064830,0.118330,0.263510,0.267600,1,1,16:05:2024,13:54:08,1292,28.545000,77.192600,15.000000,lev20,Almucantar
IIT_Delhi,20:11:2022,04:48:43,324,324.200498,0.733100,0.414100,0.277300,0.213600,0.683600,0.362800,0.224500,0.159300,0.049600,0.051300,0.052800,0.054300,1.414967,54.464904,54.805120,1.734463,0.043557,0.731327,4,10,8,4,4,10,8,4,4,10,8,4,4,10,8,4,0.059570,0.105540,0.232500,0.236870,1,1,16:05:2024,13:58:24,1292,28.545000,77.192600,15.000000,lev20,Almucantar
IIT_Delhi,20:11:2022,08:48:47,324,324.367211,0.788200,0.454400,0.311900,0.244900,0.725800,0.389600,0.244900,0.176600,0.062300,0.064800,0.066900,0.068400,1.350802,58.208651,57.806604,1.328714,0.012307,0.785429,4,10,7,5,4,10,7,5,4,10,7,5,4,10,7,5,0.060840,0.108390,0.238900,0.242080,1,1,16:05:2024,13:47:05,1292,28.545000,77.192600,15.000000,lev20,Almucantar
IIT_Delhi,20:11:2022,09:48:45,324,324.408854,0.732200,0.416400,0.283100,0.222000,0.657700,0.337800,0.200600,0.137100,0.074600,0.078500,0.082500,0.085000,1.384549,67.371831,66.869598,1.325563,0.011863,0.729830,4,10,7,6,4,10,7,6,4,10,7,6,4,10,7,6,0.064860,0.117890,0.261290,0.263170,1,1,16:05:2024,13:54:33,1292,28.545000,77.192600,15.000000,lev20,Almucantar
IIT_Delhi,21:11:2022,02:37:53,325,325.109641,0.560000,0.312700,0.210000,0.164200,0.520900,0.272200,0.167900,0.120800,0.039100,0.040600,0.042100,0.043400,1.429129,74.713919,75.263377,2.523672,0.014855,0.557554,4,10,6,3,4,10,6,4,4,10,7,3,4,10,7,3,0.069390,0.129370,0.289880,0.293830,1,1,16:05:2024,13:52:43,1292,28.545000,77.192600,15.000000,lev20,Almucantar
IIT_Delhi,21:11:2022,03:16:05,325,325.136169,0.618600,0.339300,0.225100,0.173900,0.578000,0.297300,0.181600,0.129200,0.040600,0.042000,0.043500,0.044700,1.472967,67.985409,68.493732,1.587884,0.008417,0.617251,4,10,6,6,4,10,6,6,4,10,6,6,4,10,7,6,0.064910,0.118530,0.263990,0.268060,1,1,16:05:2024,13:57:38,1292,28.545000,77.192600,15.000000,lev20,Almucantar
IIT_Delhi,21:11:2022,03:48:58,325,325.159005,0.639800,0.349200,0.232200,0.179100,0.595600,0.303300,0.184600,0.130200,0.044200,0.045900,0.047600,0.048900,1.477641,62.685042,63.146143,2.269915,0.023200,0.638358,3,10,8,5,3,10,8,5,3,10,8,5,3,10,8,5,0.062370,0.112360,0.249150,0.253370,1,1,16:05:2024,13:42:22,1292,28.545000,77.192600,15.000000,lev20,Almucantar
IIT_Delhi,21:11:2022,04:48:55,325,325.200637,0.646800,0.349100,0.231600,0.179300,0.599300,0.300100,0.180800,0.126900,0.047400,0.049000,0.050800,0.052400,1.498042,54.666293,55.005317,2.604769,0.085957,0.645063,4,10,8,4,4,10,8,4,4,10,8,4,4,10,7,4,0.059620,0.105670,0.232830,0.237190,1,1,16:05:2024,13:48:22,1292,28.545000,77.192600,15.000000,lev20,Almucantar
IIT_Delhi,21:11:2022,07:48:50,325,325.325579,0.559400,0.317300,0.227200,0.183300,0.494200,0.248900,0.155900,0.110200,0.065200,0.068400,0.071300,0.073100,1.320633,51.708033,51.459366,2.764872,0.048092,0.557390,3,10,8,4,3,10,8,4,3,10,8,4,3,10,6,4,0.058920,0.103830,0.227980,0.231830,1,1,16:05:2024,13:55:37,1292,28.545000,77.192600,15.000000,lev20,Almucantar
IIT_Delhi,21:11:2022,08:49:00,325,325.367361,0.515800,0.293300,0.208400,0.169600,0.444300,0.218400,0.130300,0.089500,0.071500,0.075000,0.078100,0.080100,1.326876,58.387429,57.986817,1.374279,0.054519,0.513161,4,10,7,5,4,10,7,5,4,10,7,5,4,10,7,4,0.060900,0.108540,0.239260,0.242420,1,1,16:05:2024,13:57:54,1292,28.545000,77.192600,15.000000,lev20,Almucantar
IIT_Delhi,21:11:2022,09:48:57,325,325.408993,0.476800,0.274800,0.199200,0.165400,0.396500,0.190900,0.111600,0.075500,0.080300,0.083900,0.087600,0.090000,1.279676,67.519786,67.018914,1.688007,0.031581,0.473353,4,10,7,6,4,10,7,6,4,10,7,6,4,10,7,6,0.064940,0.118080,0.261730,0.263600,1,1,16:05:2024,14:02:51,1292,28.545000,77.192600,15.000000,lev20,Almucantar
IIT_Delhi,22:11:2022,02:38:54,326,326.110347,0.315100,0.180800,0.127500,0.103600,0.274100,0.137200,0.081900,0.057000,0.041000,0.043600,0.045600,0.046600,1.322717,74.711115,75.258739,1.746763,0.006083,0.312955,4,10,6,4,4,10,6,4,4,10,7,4,4,10,6,4,0.069390,0.129380,0.289910,0.293820,1,1,17:05:2024,04:35:49,1292,28.545000,77.192600,15.000000,lev20,Almucantar
IIT_Delhi,22:11:2022,03:16:18,326,326.136319,0.342500,0.191300,0.133200,0.107400,0.302700,0.149200,0.089200,0.062600,0.039800,0.042100,0.043900,0.044800,1.381311,68.143072,68.650197,1.096567,0.010044,0.340244,4,10,6,6,4,10,6,6,4,10,7,5,4,10,6,5,0.065000,0.118730,0.264470,0.268550,1,1,17:05:2024,04:19:56,1292,28.545000,77.192600,15.000000,lev20,Almucantar
IIT_Delhi,22:11:2022,03:49:17,326,326.159225,0.359700,0.199500,0.138300,0.110700,0.323600,0.162000,0.099500,0.071000,0.036200,0.037500,0.038800,0.039700,1.398017,62.840960,63.300645,1.381432,0.018423,0.358700,3,10,8,5,3,10,8,5,3,10,8,5,3,10,8,5,0.062440,0.112530,0.249550,0.253740,1,1,17:05:2024,04:25:51,1292,28.545000,77.192600,15.000000,lev20,Almucantar
IIT_Delhi,22:11:2022,04:49:10,326,326.200810,0.415700,0.228400,0.155000,0.124300,0.373000,0.183100,0.107400,0.075600,0.042700,0.045300,0.047600,0.048800,1.440578,54.858400,55.196181,2.382233,0.094537,0.414201,4,10,8,4,4,10,8,4,4,10,8,4,4,10,8,4,0.059680,0.105810,0.233170,0.237510,1,1,17:05:2024,04:31:28,1292,28.545000,77.192600,15.000000,lev20,Almucantar
IIT_Delhi,22:11:2022,07:49:13,326,326.325845,0.603000,0.333500,0.232500,0.187000,0.536700,0.263200,0.159600,0.112700,0.066400,0.070200,0.072900,0.074300,1.395011,51.921252,51.673262,2.831130,0.061871,0.601291,3,10,8,4,3,10,8,4,3,10,8,4,3,10,8,4,0.058970,0.103960,0.228300,0.232130,1,1,17:05:2024,04:41:30,1292,28.545000,77.192600,15.000000,lev20,Almucantar
IIT_Delhi,22:11:2022,08:49:09,326,326.367465,0.523500,0.290000,0.203900,0.164600,0.454500,0.217800,0.128800,0.087800,0.069000,0.072300,0.075100,0.076800,1.381342,58.550705,58.151654,1.881997,0.026287,0.519887,4,10,7,5,4,10,7,5,4,10,7,5,4,10,7,5,0.060960,0.108670,0.239580,0.242730,1,1,17:05:2024,04:20:12,1292,28.545000,77.192600,15.000000,lev20,Almucantar
IIT_Delhi,22:11:2022,09:49:18,326,326.409236,0.547200,0.303300,0.213200,0.173700,0.466600,0.219000,0.125200,0.083300,0.080500,0.084300,0.088000,0.090400,1.380779,67.686561,67.186837,1.970389,0.038456,0.543851,4,9,7,6,4,10,7,6,4,10,7,6,4,10,7,6,0.065030,0.118300,0.262260,0.264090,1,1,17:05:2024,04:25:49,1292,28.545000,77.192600,15.000000,lev20,Almucantar
IIT_Delhi,23:11:2022,02:41:57,327,327.112465,0.384600,0.219900,0.152300,0.121900,0.346400,0.180200,0.111300,0.080100,0.038200,0.039700,0.041000,0.041800,1.351883,74.339398,74.883340,0.986123,0.004921,0.383174,4,10,6,4,4,10,6,4,4,10,7,3,4,10,6,3,0.069090,0.128640,0.288130,0.292100,1,1,17:05:2024,19:07:20,1292,28.545000,77.192600,15.000000,lev20,Almucantar
IIT_Delhi,23:11:2022,03:17:26,327,327.137106,0.379500,0.217200,0.150900,0.120800,0.341900,0.178100,0.110600,0.079700,0.037600,0.039100,0.040300,0.041100,1.346243,68.144995,68.649812,1.380299,0.011506,0.377986,4,10,6,6,4,10,6,6,4,10,7,5,4,10,6,5,0.065000,0.118730,0.264470,0.268550,1,1,17:05:2024,19:11:55,1292,28.545000,77.192600,15.000000,lev20,Almucantar
IIT_Delhi,23:11:2022,03:49:46,327,327.159560,0.364400,0.208300,0.145100,0.115800,0.327500,0.170000,0.105700,0.075600,0.036900,0.038300,0.039500,0.040200,1.344699,62.969146,63.427202,1.127812,0.013354,0.362915,3,10,8,5,3,10,8,5,3,10,8,5,3,10,8,5,0.062490,0.112650,0.249840,0.254050,1,1,17:05:2024,19:16:39,1292,28.545000,77.192600,15.000000,lev20,Almucantar
IIT_Delhi,23:11:2022,04:49:26,327,327.200995,0.371300,0.210400,0.147100,0.117400,0.335400,0.173100,0.108700,0.078200,0.036000,0.037400,0.038500,0.039200,1.353484,55.044849,55.381418,1.576767,0.051825,0.369807,4,10,8,4,4,10,8,4,4,10,8,4,4,10,8,4,0.059730,0.105940,0.233470,0.237810,1,1,17:05:2024,19:00:02,1292,28.545000,77.192600,15.000000,lev20,Almucantar
IIT_Delhi,23:11:2022,05:49:31,327,327.242720,0.351300,0.195400,0.136300,0.110100,0.309200,0.151100,0.089800,0.062200,0.042100,0.044300,0.046500,0.047900,1.385429,50.058278,50.219926,3.580370,0.127598,0.349805,3,10,8,4,3,10,8,4,3,10,8,4,3,10,8,3,0.058480,0.102860,0.225810,0.230150,1,1,17:05:2024,19:04:49,1292,28.545000,77.192600,15.000000,lev20,Almucantar
IIT_Delhi,23:11:2022,09:49:30,327,327.409375,0.599200,0.340200,0.242200,0.199800,0.504900,0.242000,0.139800,0.094500,0.094300,0.098200,0.102500,0.105300,1.326691,67.821891,67.323496,2.377862,0.038017,0.595154,4,8,7,6,4,9,7,6,4,10,7,6,4,10,7,6,0.065110,0.118480,0.262690,0.264490,1,1,17:05:2024,19:09:52,1292,28.545000,77.192600,15.000000,lev20,Almucantar
IIT_Delhi,24:11:2022,02:42:09,328,328.112604,0.305000,0.177000,0.125300,0.102400,0.263500,0.133100,0.079500,0.055600,0.041500,0.044000,0.045800,0.046800,1.300040,74.483870,75.026792,1.085573,0.005336,0.302795,4,10,6,4,4,10,6,4,4,10,6,3,4,10,5,4,0.069200,0.128930,0.288810,0.292760,1,1,18:05:2024,12:33:17,1292,28.545000,77.192600,15.000000,lev20,Almucantar
IIT_Delhi,24:11:2022,03:18:34,328,328.137894,0.328000,0.189500,0.133000,0.108600,0.284900,0.144000,0.085600,0.060200,0.043100,0.045500,0.047400,0.048400,1.318267,68.145928,68.648476,1.025914,0.012322,0.326539,4,10,6,6,4,10,6,6,4,10,7,5,4,10,6,5,0.065000,0.118730,0.264480,0.268540,1,1,18:05:2024,12:37:09,1292,28.545000,77.192600,15.000000,lev20,Almucantar
IIT_Delhi,24:11:2022,03:51:05,328,328.160475,0.351100,0.201200,0.143300,0.117000,0.304300,0.151900,0.092000,0.064700,0.046800,0.049300,0.051300,0.052300,1.311693,62.969013,63.424130,1.262967,0.016595,0.349627,3,10,8,5,3,10,8,5,3,10,8,5,3,10,8,5,0.062490,0.112660,0.249850,0.254040,1,1,18:05:2024,12:21:19,1292,28.545000,77.192600,15.000000,lev20,Almucantar
IIT_Delhi,24:11:2022,07:49:39,328,328.326146,0.543300,0.314800,0.225000,0.182800,0.472800,0.240900,0.148100,0.104100,0.070500,0.073900,0.076900,0.078700,1.289878,52.299250,52.053619,1.776125,0.054266,0.540092,3,10,8,4,3,10,8,4,3,10,8,4,3,10,8,4,0.059070,0.104190,0.228860,0.232670,1,1,18:05:2024,12:28:32,1292,28.545000,77.192600,15.000000,lev20,Almucantar
IIT_Delhi,24:11:2022,08:49:42,328,328.367847,0.539200,0.308600,0.218900,0.176700,0.460300,0.226000,0.132800,0.088500,0.078900,0.082600,0.086100,0.088200,1.319008,58.890821,58.494338,2.016467,0.053893,0.535911,3,11,7,5,3,11,7,5,4,10,7,5,4,10,7,5,0.061070,0.108960,0.240260,0.243380,1,1,18:05:2024,12:30:31,1292,28.545000,77.192600,15.000000,lev20,Almucantar
IIT_Delhi,24:11:2022,09:49:50,328,328.409606,0.593500,0.341500,0.242300,0.196700,0.505600,0.249600,0.147000,0.099400,0.087900,0.091900,0.095300,0.097400,1.310339,67.973072,67.475813,1.572911,0.023658,0.589598,4,8,7,6,4,8,7,6,4,9,7,6,4,10,7,6,0.065190,0.118680,0.263160,0.264940,1,1,18:05:2024,12:37:18,1292,28.545000,77.192600,15.000000,lev20,Almucantar
IIT_Delhi,25:11:2022,02:42:26,329,329.112801,0.480500,0.282000,0.196700,0.158900,0.420100,0.218200,0.129000,0.088700,0.060400,0.063800,0.067700,0.070200,1.301939,74.611708,75.153575,3.318372,0.020819,0.478323,3,10,6,4,4,10,6,4,4,9,7,4,4,9,6,5,0.068560,0.128540,0.281180,0.286240,1,1,19:05:2024,16:25:35,1292,28.545000,77.192600,15.000000,lev20,Almucantar
IIT_Delhi,25:11:2022,03:19:37,329,329.138623,0.456300,0.264900,0.185200,0.149100,0.407800,0.214700,0.133600,0.096400,0.048500,0.050300,0.051700,0.052700,1.315839,68.159541,68.659968,2.198618,0.024918,0.454240,4,10,6,6,4,10,6,6,4,10,7,6,4,10,7,5,0.064330,0.118280,0.256960,0.262060,1,1,19:05:2024,16:29:56,1292,28.545000,77.192600,15.000000,lev20,Almucantar
IIT_Delhi,25:11:2022,07:50:06,329,329.326458,0.418100,0.244300,0.176300,0.143800,0.361100,0.184600,0.113800,0.079700,0.057000,0.059700,0.062400,0.064100,1.264176,52.497353,52.252218,3.635321,0.118178,0.416161,3,10,8,4,3,10,8,4,3,10,8,4,3,10,8,4,0.058560,0.104080,0.222580,0.227280,1,1,19:05:2024,16:18:49,1292,28.545000,77.192600,15.000000,lev20,Almucantar
IIT_Delhi,26:11:2022,09:50:22,330,330.409977,0.786700,0.468000,0.328000,0.261100,0.694000,0.370300,0.225300,0.155200,0.092800,0.097700,0.102800,0.105900,1.274602,68.233906,67.739038,2.783063,0.017981,0.783281,4,6,7,6,4,7,7,6,4,8,7,6,4,10,7,5,0.064670,0.118560,0.256450,0.259280,1,1,20:05:2024,22:40:45,1292,28.545000,77.192600,15.000000,lev20,Almucantar
IIT_Delhi,28:11:2022,03:51:02,332,332.160440,0.660800,0.401100,0.281100,0.223300,0.605800,0.343900,0.222100,0.162900,0.055000,0.057200,0.059100,0.060400,1.243318,63.743404,64.196085,1.076940,0.012789,0.658065,3,10,8,5,3,10,8,5,3,10,8,5,3,10,8,5,0.062200,0.113080,0.244590,0.249730,1,1,20:05:2024,22:42:35,1292,28.545000,77.192600,15.000000,lev20,Almucantar
IIT_Delhi,28:11:2022,04:50:59,332,332.202072,0.791100,0.469300,0.328400,0.259700,0.720200,0.395900,0.252900,0.182300,0.070900,0.073500,0.075500,0.077400,1.281006,55.891818,56.222870,2.533973,0.049570,0.788291,4,10,8,4,4,10,8,4,4,10,8,4,4,10,8,4,0.059410,0.106270,0.228210,0.233410,1,1,20:05:2024,22:45:18,1292,28.545000,77.192600,15.000000,lev20,Almucantar
IIT_Delhi,28:11:2022,05:51:03,332,332.243785,0.743900,0.449700,0.316000,0.248800,0.668800,0.370700,0.232700,0.162600,0.075100,0.079000,0.083400,0.086200,1.246185,50.995869,51.154406,1.110145,0.022873,0.741148,3,10,8,4,3,10,8,4,3,10,8,4,3,10,8,4,0.058140,0.103170,0.220580,0.225760,1,1,20:05:2024,22:50:34,1292,28.545000,77.192600,15.000000,lev20,Almucantar
IIT_Delhi,30:11:2022,04:51:39,334,334.202535,1.083800,0.654500,0.444500,0.341100,1.020000,0.588600,0.376200,0.270500,0.063800,0.065900,0.068300,0.070500,1.292493,56.194523,56.523747,1.328328,0.014616,1.080885,4,10,8,4,4,10,8,4,4,10,8,4,4,10,8,4,0.059500,0.106490,0.228730,0.233920,1,1,20:05:2024,22:44:47,1292,28.545000,77.192600,15.000000,lev20,Almucantar
IIT_Delhi,30:11:2022,05:51:47,334,334.244294,1.030300,0.615800,0.418200,0.320200,0.968500,0.552000,0.352200,0.252100,0.061800,0.063900,0.066000,0.068100,1.308619,51.324125,51.481475,1.693941,0.023194,1.027365,3,10,8,4,3,10,8,4,3,10,8,4,3,10,8,4,0.058220,0.103360,0.221040,0.226210,1,1,20:05:2024,22:51:33,1292,28.545000,77.192600,15.000000,lev20,Almucantar
IIT_Delhi,02:12:2022,03:52:25,336,336.161400,0.781200,0.468900,0.320400,0.249500,0.727800,0.413200,0.262600,0.190200,0.053400,0.055700,0.057800,0.059300,1.293960,64.249472,64.698332,1.447380,0.013690,0.779046,3,10,8,5,3,10,8,5,3,10,8,5,3,10,8,5,0.062430,0.113620,0.245880,0.250980,1,1,20:05:2024,22:58:36,1292,28.545000,77.192600,15.000000,lev20,Almucantar
IIT_Delhi,02:12:2022,04:52:25,336,336.203067,0.765100,0.457300,0.313000,0.243000,0.705500,0.395500,0.249400,0.177700,0.059700,0.061800,0.063600,0.065300,1.298329,56.467219,56.794644,2.199348,0.028944,0.763174,4,10,8,4,4,10,8,4,4,10,8,4,4,10,7,4,0.059580,0.106690,0.229210,0.234390,1,1,20:05:2024,22:42:27,1292,28.545000,77.192600,15.000000,lev20,Almucantar
IIT_Delhi,02:12:2022,05:52:28,336,336.244769,0.857400,0.514300,0.353900,0.275100,0.778900,0.431500,0.266500,0.184500,0.078500,0.082800,0.087400,0.090600,1.285765,51.630453,51.787020,1.492032,0.021882,0.855094,3,10,8,4,3,10,8,4,3,10,8,4,3,10,8,4,0.058290,0.103530,0.221480,0.226630,1,1,20:05:2024,22:48:56,1292,28.545000,77.192600,15.000000,lev20,Almucantar
IIT_Delhi,08:12:2022,06:54:48,342,342.288056,0.437900,0.266000,0.187800,0.152200,0.395000,0.221300,0.141800,0.105400,0.042900,0.044700,0.046000,0.046900,1.232475,51.365112,51.319842,3.115356,0.146661,0.436242,3,10,8,4,3,10,8,4,3,10,8,4,3,10,8,4,0.057970,0.103730,0.216530,0.221900,1,1,20:05:2024,22:41:40,1292,28.545000,77.192600,15.000000,lev20,Almucantar
IIT_Delhi,09:12:2022,03:34:15,343,343.148785,0.355800,0.211800,0.148500,0.118600,0.326200,0.180900,0.116200,0.085400,0.029600,0.031000,0.032300,0.033200,1.273066,68.129875,68.605595,2.027269,0.012795,0.354364,4,10,5,6,4,10,6,6,4,10,5,6,4,10,6,6,0.063950,0.118720,0.251870,0.257350,1,1,20:05:2024,22:45:14,1292,28.545000,77.192600,15.000000,lev20,Almucantar
IIT_Delhi,09:12:2022,03:57:43,343,343.165081,0.351300,0.208600,0.146300,0.117200,0.321200,0.177100,0.113600,0.083700,0.030200,0.031500,0.032700,0.033500,1.276559,64.563589,65.003304,1.338311,0.012939,0.349899,3,10,8,5,3,10,8,5,3,10,8,5,3,10,8,5,0.062210,0.114380,0.241820,0.247340,1,1,20:05:2024,22:47:17,1292,28.545000,77.192600,15.000000,lev20,Almucantar
IIT_Delhi,10:12:2022,06:55:40,344,344.288657,0.549000,0.312200,0.213100,0.166300,0.508100,0.269900,0.169600,0.121700,0.040800,0.042300,0.043500,0.044600,1.379423,51.558720,51.513750,3.703121,0.062346,0.546871,3,10,8,4,3,10,8,4,3,10,8,4,3,10,8,3,0.058010,0.103840,0.216800,0.222160,1,1,20:05:2024,22:44:36,1292,28.545000,77.192600,15.000000,lev20,Almucantar
IIT_Delhi,11:12:2022,03:35:56,345,345.149954,0.367700,0.206100,0.139000,0.106100,0.348300,0.185700,0.117400,0.083700,0.019400,0.020400,0.021600,0.022400,1.417662,68.139088,68.612646,2.157652,0.038232,0.366079,4,10,5,6,4,10,5,6,4,10,5,6,4,10,6,5,0.063480,0.118870,0.247930,0.253760,1,1,20:05:2024,22:58:07,1292,28.545000,77.192600,15.000000,lev20,Almucantar
IIT_Delhi,11:12:2022,03:59:30,345,345.166319,0.359200,0.200100,0.134000,0.102400,0.340300,0.180300,0.113100,0.080700,0.019000,0.019800,0.020900,0.021700,1.436543,64.576187,65.013353,1.470172,0.035759,0.357409,3,10,8,5,3,10,8,5,3,10,8,5,3,10,8,5,0.061770,0.114530,0.238030,0.243870,1,1,20:05:2024,22:39:18,1292,28.545000,77.192600,15.000000,lev20,Almucantar
IIT_Delhi,11:12:2022,04:56:01,345,345.205567,0.368100,0.198700,0.132900,0.100900,0.345000,0.174800,0.108200,0.075400,0.023000,0.023900,0.024700,0.025500,1.487169,57.415962,57.738144,1.886859,0.034144,0.366538,4,10,7,5,4,10,7,5,4,10,7,5,4,10,7,5,0.059130,0.107850,0.222630,0.228530,1,1,20:05:2024,22:43:29,1292,28.545000,77.192600,15.000000,lev20,Almucantar
IIT_Delhi,11:12:2022,06:56:04,345,345.288935,0.438600,0.237700,0.161200,0.127100,0.404500,0.202500,0.124600,0.089400,0.034100,0.035200,0.036500,0.037600,1.462827,51.643552,51.598868,2.810509,0.140610,0.436577,3,10,8,4,3,10,8,4,3,10,5,4,3,10,8,4,0.057620,0.103950,0.213380,0.219080,1,1,20:05:2024,22:45:47,1292,28.545000,77.192600,15.000000,lev20,Almucantar
IIT_Delhi,12:12:2022,03:38:36,346,346.151806,0.188700,0.105600,0.074500,0.058000,0.174400,0.090600,0.059000,0.042000,0.014300,0.015000,0.015600,0.016000,1.361086,67.851978,68.321924,2.114024,0.060695,0.187480,4,10,5,6,4,10,7,6,4,10,5,6,4,10,5,6,0.063330,0.118490,0.247060,0.252890,1,1,20:05:2024,22:43:13,1292,28.545000,77.192600,15.000000,lev20,Almucantar
IIT_Delhi,12:12:2022,04:02:06,346,346.168125,0.185700,0.103200,0.071600,0.057000,0.170100,0.087000,0.054900,0.039800,0.015600,0.016200,0.016700,0.017200,1.393846,64.329573,64.762654,1.788618,0.023044,0.184283,3,10,8,5,3,10,8,5,3,10,8,5,3,10,8,5,0.061660,0.114250,0.237400,0.243250,1,1,20:05:2024,22:47:03,1292,28.545000,77.192600,15.000000,lev20,Almucantar
IIT_Delhi,12:12:2022,04:56:31,346,346.205914,0.208500,0.114900,0.081200,0.064800,0.184200,0.089000,0.053900,0.036600,0.024300,0.025800,0.027300,0.028100,1.382773,57.482030,57.803694,1.934860,0.061874,0.206975,4,10,7,5,4,10,7,5,4,10,7,5,4,10,7,5,0.059150,0.107900,0.222750,0.228650,1,1,20:05:2024,22:51:05,1292,28.545000,77.192600,15.000000,lev20,Almucantar
IIT_Delhi,12:12:2022,06:56:30,346,346.289236,0.331100,0.182600,0.128200,0.104500,0.291100,0.140300,0.084100,0.059300,0.040000,0.042200,0.044100,0.045200,1.390202,51.721274,51.676779,3.102445,0.209287,0.331166,3,10,8,4,3,10,8,4,3,10,8,4,3,10,8,4,0.057640,0.104000,0.213480,0.219180,1,1,20:05:2024,22:55:12,1292,28.545000,77.192600,15.000000,lev20,Almucantar
IIT_Delhi,13:12:2022,02:59:27,347,347.124618,0.242900,0.135400,0.094100,0.075900,0.220300,0.111700,0.069500,0.050700,0.022600,0.023700,0.024600,0.025200,1.386876,74.422818,74.941635,1.687577,0.005445,0.241047,4,10,5,4,4,10,7,4,4,10,5,4,4,10,5,5,0.067470,0.128920,0.270760,0.276560,1,1,20:05:2024,22:57:46,1292,28.545000,77.192600,15.000000,lev20,Almucantar
IIT_Delhi,13:12:2022,03:38:59,347,347.152072,0.255600,0.141200,0.098800,0.079900,0.225800,0.109500,0.065700,0.046200,0.029700,0.031700,0.033100,0.033800,1.392002,67.917772,68.387422,1.821301,0.006026,0.253528,4,10,5,6,4,10,6,6,4,10,6,6,4,10,6,6,0.063360,0.118570,0.247260,0.253080,1,1,20:05:2024,22:38:59,1292,28.545000,77.192600,15.000000,lev20,Almucantar
IIT_Delhi,13:12:2022,04:02:29,347,347.168391,0.253700,0.140200,0.098600,0.080100,0.222200,0.106900,0.063800,0.044400,0.031500,0.033300,0.034800,0.035600,1.384787,64.397625,64.830427,1.710478,0.008379,0.251593,3,10,8,5,3,10,8,5,3,10,8,5,3,10,8,5,0.061690,0.114330,0.237570,0.243410,1,1,20:05:2024,22:43:38,1292,28.545000,77.192600,15.000000,lev20,Almucantar
IIT_Delhi,13:12:2022,06:56:59,347,347.289572,0.188600,0.110000,0.078900,0.064700,0.157900,0.077700,0.045400,0.030300,0.030700,0.032200,0.033500,0.034300,1.275002,51.792120,51.747658,2.300411,0.150631,0.187015,3,10,8,4,3,10,8,4,3,10,8,3,2,10,8,3,0.057650,0.104040,0.213580,0.219280,1,1,20:05:2024,22:54:01,1292,28.545000,77.192600,15.000000,lev20,Almucantar
IIT_Delhi,14:12:2022,02:59:51,348,348.124896,0.241000,0.141400,0.098600,0.078500,0.221900,0.121300,0.077600,0.056800,0.019100,0.020100,0.021100,0.021700,1.302767,74.477657,74.996194,1.729951,0.007112,0.239974,4,10,5,4,4,10,7,4,4,10,5,4,4,10,5,5,0.067510,0.129030,0.270980,0.276790,1,1,20:05:2024,22:49:19,1292,28.545000,77.192600,15.000000,lev20,Almucantar
IIT_Delhi,14:12:2022,03:39:30,348,348.152431,0.229000,0.132200,0.092500,0.073900,0.209300,0.111700,0.071100,0.051700,0.019700,0.020500,0.021400,0.022100,1.323507,67.958038,68.427252,1.861889,0.014587,0.227645,4,10,5,6,4,10,6,6,4,10,6,6,4,10,5,6,0.063380,0.118620,0.247370,0.253200,1,1,20:05:2024,22:53:30,1292,28.545000,77.192600,15.000000,lev20,Almucantar
IIT_Delhi,14:12:2022,04:01:03,348,348.167396,0.201300,0.115300,0.080800,0.065000,0.184300,0.097600,0.062400,0.046200,0.017000,0.017700,0.018400,0.018900,1.333701,64.721822,65.157470,1.971224,0.039772,0.199913,3,10,8,5,3,10,8,5,3,10,8,5,3,10,8,5,0.061830,0.114680,0.238390,0.244230,1,1,20:05:2024,22:57:18,1292,28.545000,77.192600,15.000000,lev20,Almucantar
IIT_Delhi,14:12:2022,04:57:20,348,348.206481,0.246100,0.139300,0.098800,0.079600,0.222000,0.114100,0.072800,0.053000,0.024100,0.025200,0.026000,0.026600,1.336368,57.615152,57.936392,1.861296,0.030210,0.244602,4,10,7,5,4,10,7,5,4,10,7,5,4,10,7,5,0.059190,0.108010,0.222990,0.228880,1,1,20:05:2024,22:58:53,1292,28.545000,77.192600,15.000000,lev20,Almucantar
IIT_Delhi,15:12:2022,03:00:18,349,349.125208,0.194100,0.112400,0.082700,0.069600,0.160800,0.077200,0.046300,0.032700,0.033300,0.035200,0.036400,0.036900,1.252763,74.519680,75.037935,0.912281,0.008453,0.192251,4,10,5,4,4,10,7,4,4,10,5,4,4,10,5,4,0.067550,0.129130,0.271210,0.276970,1,1,20:05:2024,16:45:04,1292,28.545000,77.192600,15.000000,lev20,Almucantar
IIT_Delhi,15:12:2022,03:39:57,349,349.152743,0.230200,0.131300,0.096500,0.081400,0.189600,0.088600,0.052400,0.036600,0.040600,0.042700,0.044100,0.044800,1.277790,68.003821,68.472749,1.269450,0.022775,0.227873,4,10,5,6,4,10,6,6,4,10,6,6,4,10,6,6,0.063410,0.118690,0.247540,0.253340,1,1,20:05:2024,16:50:12,1292,28.545000,77.192600,15.000000,lev20,Almucantar
IIT_Delhi,15:12:2022,04:01:31,349,349.167720,0.258000,0.147500,0.109100,0.091900,0.213000,0.100300,0.060300,0.042200,0.045000,0.047200,0.048800,0.049700,1.265794,64.767247,65.202584,1.435488,0.025852,0.255883,3,10,8,5,3,10,8,5,3,10,8,5,3,10,8,5,0.061850,0.114730,0.238490,0.244350,1,1,20:05:2024,16:54:47,1292,28.545000,77.192600,15.000000,lev20,Almucantar
IIT_Delhi,15:12:2022,04:57:49,349,349.206817,0.307100,0.172700,0.125200,0.104000,0.252800,0.114900,0.065400,0.043400,0.054300,0.057800,0.059800,0.060600,1.317790,57.664355,57.985285,2.032255,0.042492,0.304516,4,10,7,5,4,10,7,5,4,10,7,5,4,10,7,5,0.059210,0.108040,0.223070,0.228970,1,1,20:05:2024,16:58:58,1292,28.545000,77.192600,15.000000,lev20,Almucantar
IIT_Delhi,15:12:2022,05:57:55,349,349.248553,0.379000,0.208600,0.150400,0.124900,0.312400,0.137000,0.075700,0.048900,0.066600,0.071600,0.074800,0.076100,1.358438,52.923519,53.076897,1.224045,0.035116,0.376102,3,10,8,4,3,10,8,4,3,10,8,4,3,10,8,4,0.057900,0.104720,0.215260,0.221120,1,1,20:05:2024,16:37:49,1292,28.545000,77.192600,15.000000,lev20,Almucantar
IIT_Delhi,15:12:2022,06:58:00,349,349.290278,0.351000,0.195700,0.142300,0.117900,0.300600,0.142800,0.087600,0.062100,0.050500,0.052900,0.054800,0.055800,1.327222,51.911406,51.866874,1.910056,0.032081,0.348898,3,10,8,4,3,10,8,4,3,10,8,4,3,10,8,4,0.057680,0.104110,0.213750,0.219440,1,1,20:05:2024,16:42:20,1292,28.545000,77.192600,15.000000,lev20,Almucantar
IIT_Delhi,16:12:2022,03:00:49,350,350.125567,0.333200,0.187400,0.131600,0.107000,0.295500,0.148200,0.091200,0.065900,0.037600,0.039200,0.040400,0.041100,1.359358,74.545916,75.063867,1.250493,0.003666,0.330682,4,10,5,4,4,10,5,4,4,10,5,4,4,10,5,5,0.067560,0.129170,0.271310,0.277080,1,1,20:05:2024,16:45:17,1292,28.545000,77.192600,15.000000,lev20,Almucantar
IIT_Delhi,16:12:2022,03:40:26,350,350.153079,0.375700,0.208700,0.146000,0.118200,0.333900,0.165200,0.101300,0.072700,0.041900,0.043500,0.044800,0.045500,1.383652,68.039440,68.508086,1.875719,0.009976,0.372838,4,10,5,6,4,10,5,6,4,10,5,6,4,10,6,6,0.063430,0.118730,0.247630,0.253440,1,1,20:05:2024,16:49:27,1292,28.545000,77.192600,15.000000,lev20,Almucantar
IIT_Delhi,16:12:2022,04:01:54,350,350.167986,0.398200,0.221400,0.154600,0.125200,0.349100,0.169600,0.100600,0.070000,0.049100,0.051800,0.054000,0.055200,1.384647,64.819325,65.254546,1.194857,0.020455,0.396381,3,10,8,5,3,10,8,5,3,10,8,5,3,10,8,5,0.061870,0.114790,0.238620,0.244480,1,1,20:05:2024,16:53:54,1292,28.545000,77.192600,15.000000,lev20,Almucantar
IIT_Delhi,16:12:2022,04:58:17,350,350.207141,0.419100,0.236400,0.168300,0.137500,0.362600,0.177000,0.106400,0.074100,0.056500,0.059400,0.061900,0.063300,1.336853,57.708929,58.029643,1.441982,0.063864,0.417477,4,10,7,5,4,10,7,5,4,10,7,5,4,10,7,5,0.059220,0.108080,0.223160,0.229050,1,1,20:05:2024,16:58:48,1292,28.545000,77.192600,15.000000,lev20,Almucantar
IIT_Delhi,16:12:2022,05:58:31,350,350.248970,0.398700,0.222200,0.157900,0.129200,0.352400,0.174100,0.108400,0.078900,0.046300,0.048100,0.049500,0.050300,1.358016,52.964599,53.117477,1.704244,0.055004,0.396726,3,10,8,4,3,10,8,4,3,10,8,4,3,10,8,4,0.057910,0.104740,0.215320,0.221180,1,1,20:05:2024,16:41:03,1292,28.545000,77.192600,15.000000,lev20,Almucantar
IIT_Delhi,16:12:2022,06:58:22,350,350.290532,0.383100,0.208200,0.145600,0.117700,0.340900,0.163500,0.099400,0.070600,0.042200,0.044700,0.046200,0.047000,1.418197,51.957054,51.912971,3.213514,0.079362,0.382006,3,10,8,4,3,10,8,4,3,10,8,4,3,10,8,4,0.057690,0.104140,0.213810,0.219500,1,1,20:05:2024,16:45:35,1292,28.545000,77.192600,15.000000,lev20,Almucantar
IIT_Delhi,16:12:2022,07:58:21,350,350.332187,0.403700,0.216200,0.150700,0.121300,0.355100,0.165500,0.097500,0.066500,0.048600,0.050700,0.053200,0.054800,1.445330,54.861995,54.629889,2.315256,0.058614,0.400960,4,10,8,4,4,10,8,4,4,10,8,4,4,10,8,4,0.058460,0.106030,0.218070,0.223420,1,1,20:05:2024,16:47:10,1292,28.545000,77.192600,15.000000,lev20,Almucantar
IIT_Delhi,17:12:2022,03:01:15,351,351.125868,0.420300,0.233500,0.156900,0.122800,0.389800,0.201900,0.124200,0.089200,0.030400,0.031600,0.032700,0.033700,1.436319,74.582072,75.099854,1.078913,0.004789,0.418870,4,10,5,4,4,10,5,4,4,10,7,4,4,10,5,3,0.067590,0.129210,0.271430,0.277240,1,1,20:05:2024,16:46:50,1292,28.545000,77.192600,15.000000,lev20,Almucantar
IIT_Delhi,18:12:2022,04:59:11,352,352.207766,1.024200,0.592600,0.389700,0.292000,0.981500,0.548200,0.343200,0.244000,0.042800,0.044400,0.046400,0.048000,1.401355,57.782077,58.102595,1.626521,0.013691,1.021492,4,10,7,5,4,10,7,5,4,10,7,5,4,10,7,5,0.059240,0.108140,0.223290,0.229180,1,1,20:05:2024,17:03:11,1292,28.545000,77.192600,15.000000,lev20,Almucantar
IIT_Delhi,18:12:2022,05:59:27,352,352.249618,0.953400,0.540700,0.356000,0.268300,0.901800,0.487400,0.300700,0.211300,0.051600,0.053300,0.055300,0.057000,1.430934,53.037732,53.190549,1.148389,0.015222,0.951444,3,10,8,4,3,10,8,4,3,10,8,4,4,10,8,4,0.057930,0.104790,0.215440,0.221280,1,1,20:05:2024,17:08:52,1292,28.545000,77.192600,15.000000,lev20,Almucantar
IIT_Delhi,19:12:2022,04:59:43,353,353.208137,0.913500,0.585900,0.401000,0.306300,0.889200,0.560700,0.375000,0.279600,0.024300,0.025200,0.026000,0.026700,1.188614,57.799929,58.120225,1.411004,0.013723,0.911124,4,10,7,5,4,10,7,5,4,10,7,5,4,10,7,5,0.058700,0.108190,0.220690,0.226900,1,1,20:05:2024,16:43:14,1292,28.545000,77.192600,15.000000,lev20,Almucantar
IIT_Delhi,19:12:2022,05:59:55,353,353.249942,0.710900,0.430800,0.290600,0.219100,0.677000,0.395700,0.253400,0.180100,0.033800,0.035000,0.037200,0.039100,1.295979,53.063086,53.215923,2.493365,0.035843,0.709001,3,10,8,4,3,8,8,4,3,10,6,4,4,10,6,3,0.057400,0.104830,0.212920,0.219090,1,1,20:05:2024,16:44:58,1292,28.545000,77.192600,15.000000,lev20,Almucantar
IIT_Delhi,20:12:2022,08:00:16,354,354.333519,0.413800,0.248800,0.174000,0.135300,0.387800,0.221800,0.146300,0.107000,0.026000,0.027000,0.027800,0.028300,1.260839,54.963006,54.731595,4.317551,0.117782,0.411990,4,10,8,4,4,10,8,4,4,10,8,4,4,10,8,4,0.057950,0.106130,0.215660,0.221330,1,1,20:05:2024,16:42:14,1292,28.545000,77.192600,15.000000,lev20,Almucantar
IIT_Delhi,10:03:2023,10:41:42,69,69.445625,0.534400,0.300200,0.213800,0.179000,0.451600,0.213100,0.123200,0.086500,0.082800,0.087200,0.090700,0.092500,1.343976,62.685047,62.075844,2.096603,0.015146,0.530732,3,10,8,5,3,10,8,5,3,10,8,5,3,10,8,5,0.060730,0.120000,0.244540,0.247430,1,1,11:10:2024,03:28:53,1085,28.545000,77.192600,15.000000,lev20,Almucantar
IIT_Delhi,10:03:2023,11:33:06,69,69.481319,0.575200,0.323200,0.231100,0.192800,0.476000,0.215900,0.119000,0.078900,0.099200,0.107300,0.112100,0.113900,1.338348,73.386936,72.751326,1.673203,0.008042,0.572209,4,10,7,6,4,10,7,6,4,10,7,6,4,10,4,6,0.068700,0.138090,0.280670,0.281060,1,1,11:10:2024,03:31:43,1085,28.545000,77.192600,15.000000,lev20,Almucantar
IIT_Delhi,11:03:2023,03:45:38,70,70.156690,0.610500,0.349700,0.249200,0.207600,0.528400,0.262100,0.157100,0.113400,0.082100,0.087600,0.092000,0.094200,1.312853,56.448178,57.037414,1.492186,0.036901,0.607251,4,10,8,4,4,10,8,4,4,10,8,4,4,10,8,4,0.057490,0.113010,0.231340,0.236810,1,1,11:10:2024,03:33:09,1085,28.545000,77.192600,15.000000,lev20,Almucantar
IIT_Delhi,11:03:2023,04:13:35,70,70.176100,0.590300,0.338800,0.241200,0.200800,0.510600,0.254000,0.152000,0.109200,0.079700,0.084800,0.089300,0.091600,1.311034,51.110208,51.668553,1.208507,0.019376,0.587335,3,10,8,4,3,10,8,4,3,10,8,4,3,10,8,4,0.055620,0.108610,0.222230,0.227920,1,1,11:10:2024,03:38:18,1085,28.545000,77.192600,15.000000,lev20,Almucantar
IIT_Delhi,11:03:2023,10:13:58,70,70.426366,0.445000,0.264100,0.195600,0.167700,0.351000,0.162100,0.088500,0.058600,0.094000,0.102000,0.107100,0.109100,1.206965,56.951112,56.362468,2.015353,0.050715,0.442063,4,10,7,5,4,10,7,5,4,10,8,4,4,10,8,4,0.057960,0.113670,0.231800,0.235570,1,1,11:10:2024,03:26:00,1085,28.545000,77.192600,15.000000,lev20,Almucantar
IIT_Delhi,11:03:2023,10:42:42,70,70.446319,0.476600,0.281700,0.208900,0.177800,0.392800,0.193300,0.116400,0.083100,0.083900,0.088400,0.092500,0.094700,1.211662,62.716600,62.104975,1.245410,0.011442,0.473628,3,10,8,5,3,10,8,5,3,10,8,5,3,10,8,5,0.060750,0.120030,0.244600,0.247500,1,1,11:10:2024,03:32:28,1085,28.545000,77.192600,15.000000,lev20,Almucantar
IIT_Delhi,11:03:2023,11:33:51,70,70.481840,0.389500,0.227700,0.169600,0.145000,0.308700,0.140600,0.078800,0.052700,0.080800,0.087100,0.090800,0.092300,1.223005,73.397704,72.760718,1.556759,0.016335,0.387191,4,10,7,6,4,10,7,6,4,10,7,6,4,10,7,6,0.068720,0.138130,0.280750,0.281100,1,1,11:10:2024,03:37:36,1085,28.545000,77.192600,15.000000,lev20,Almucantar
IIT_Delhi,11:03:2023,11:52:11,70,70.494572,0.353200,0.206300,0.153900,0.132600,0.276500,0.123900,0.068200,0.045400,0.076700,0.082300,0.085800,0.087200,1.222309,77.308891,76.667044,2.264159,0.014084,0.350739,4,8,4,6,4,8,4,6,4,9,4,6,4,9,6,6,0.073110,0.148040,0.300450,0.299340,1,1,11:10:2024,03:39:49,1085,28.545000,77.192600,15.000000,lev20,Almucantar
IIT_Delhi,12:03:2023,03:45:21,71,71.156493,0.419100,0.256600,0.193700,0.169000,0.322900,0.153300,0.086600,0.060700,0.096200,0.103400,0.107100,0.108200,1.133422,56.209939,56.801096,1.323745,0.041381,0.416101,4,10,8,4,4,10,8,4,4,10,8,4,4,10,8,4,0.057390,0.112790,0.230880,0.236370,1,1,11:10:2024,03:29:39,1085,28.545000,77.192600,15.000000,lev20,Almucantar
IIT_Delhi,12:03:2023,04:13:19,71,71.175914,0.484800,0.308700,0.238000,0.207900,0.373500,0.187800,0.111300,0.079000,0.111300,0.120900,0.126800,0.128900,1.044608,50.848941,51.409582,2.277858,0.167591,0.478679,3,10,8,4,3,10,8,4,3,10,8,4,3,10,8,4,0.055530,0.108420,0.221840,0.227540,1,1,11:10:2024,03:35:24,1085,28.545000,77.192600,15.000000,lev20,Almucantar
IIT_Delhi,14:03:2023,03:40:31,73,73.153137,0.591900,0.374500,0.279500,0.237700,0.468500,0.239400,0.138100,0.094700,0.123400,0.135200,0.141300,0.143000,1.097242,56.579774,57.178452,1.575764,0.038846,0.588274,4,10,8,4,4,10,8,4,4,10,8,4,4,10,7,5,0.059680,0.116970,0.234790,0.238580,1,1,11:10:2024,03:33:19,1085,28.545000,77.192600,15.000000,lev20,Almucantar
IIT_Delhi,14:03:2023,04:10:59,73,73.174294,0.583300,0.365200,0.271900,0.230900,0.480200,0.256300,0.157800,0.113900,0.103100,0.108900,0.114100,0.117100,1.116789,50.664755,51.232181,1.311647,0.012013,0.579829,3,10,8,4,3,10,8,4,3,10,8,4,3,10,8,4,0.057270,0.111630,0.224880,0.229160,1,1,11:10:2024,03:35:09,1085,28.545000,77.192600,15.000000,lev20,Almucantar
IIT_Delhi,14:03:2023,10:13:08,73,73.425787,0.400800,0.254400,0.196400,0.173600,0.293400,0.138800,0.076400,0.052300,0.107300,0.115600,0.119900,0.121300,1.047804,56.226702,55.632409,2.445513,0.070391,0.397411,4,10,8,4,4,10,8,4,4,10,8,4,4,8,7,4,0.059820,0.116800,0.233620,0.235880,1,1,11:10:2024,03:25:41,1085,28.545000,77.192600,15.000000,lev20,Almucantar
IIT_Delhi,14:03:2023,10:53:42,73,73.453958,0.418200,0.262800,0.201500,0.176400,0.312700,0.149700,0.083400,0.056000,0.105600,0.113100,0.118100,0.120400,1.072395,64.488445,63.865263,2.763381,0.045863,0.415549,3,10,8,5,3,10,8,5,3,10,8,5,3,10,8,5,0.064600,0.127120,0.252290,0.252830,1,1,11:10:2024,03:30:25,1085,28.545000,77.192600,15.000000,lev20,Almucantar
IIT_Delhi,14:03:2023,11:35:58,73,73.483310,0.521200,0.322700,0.245400,0.213800,0.388800,0.181400,0.098600,0.064700,0.132400,0.141400,0.146800,0.149100,1.106323,73.413888,72.773075,2.375923,0.020594,0.517104,4,10,7,6,4,10,7,6,4,10,7,6,4,10,6,5,0.072650,0.144420,0.283450,0.281110,1,1,11:10:2024,03:35:45,1085,28.545000,77.192600,15.000000,lev20,Almucantar
IIT_Delhi,14:03:2023,11:54:14,73,73.495995,0.533400,0.329300,0.250000,0.217100,0.402100,0.188800,0.103600,0.067900,0.131400,0.140400,0.146400,0.149200,1.113026,77.331383,76.686485,1.996874,0.004934,0.529276,4,7,4,6,4,10,4,6,4,10,4,6,4,9,4,6,0.077700,0.155250,0.302960,0.298780,1,1,11:10:2024,03:38:57,1085,28.545000,77.192600,15.000000,lev20,Almucantar
IIT_Delhi,15:03:2023,02:49:05,74,74.117419,0.447800,0.278800,0.211800,0.183700,0.343900,0.166900,0.095800,0.066600,0.103900,0.111900,0.115900,0.117200,1.099007,66.866321,67.498659,1.026773,0.010708,0.444912,4,10,7,6,4,10,7,6,4,10,7,6,4,10,6,4,0.065890,0.130680,0.260190,0.262790,1,1,11:10:2024,03:43:34,1085,28.545000,77.192600,15.000000,lev20,Almucantar
IIT_Delhi,15:03:2023,03:39:26,74,74.152384,0.436500,0.270200,0.203900,0.176600,0.337800,0.164300,0.093600,0.064600,0.098700,0.105900,0.110300,0.112000,1.116777,56.503715,57.104871,1.124500,0.021218,0.433466,4,10,8,4,4,10,8,4,4,10,8,4,4,10,7,5,0.059650,0.116890,0.234640,0.238450,1,1,11:10:2024,03:45:37,1085,28.545000,77.192600,15.000000,lev20,Almucantar
IIT_Delhi,16:03:2023,10:12:33,75,75.425382,0.932200,0.549200,0.397200,0.333200,0.775700,0.385000,0.225400,0.157000,0.156500,0.164300,0.171800,0.176300,1.249627,55.746780,55.148790,2.096118,0.011703,0.926539,4,10,8,4,4,10,8,4,4,10,8,3,4,10,8,3,0.059590,0.116310,0.232730,0.235070,1,1,11:10:2024,03:37:26,1085,28.545000,77.192600,15.000000,lev20,Almucantar
IIT_Delhi,16:03:2023,10:32:45,75,75.439410,0.929800,0.541500,0.387900,0.324000,0.777000,0.381600,0.220500,0.151700,0.152800,0.159900,0.167400,0.172300,1.280178,59.835687,59.222093,2.017911,0.020325,0.924788,3,10,8,5,3,10,8,5,3,10,8,5,3,11,7,5,0.061680,0.120820,0.240880,0.242460,1,1,11:10:2024,03:45:28,1085,28.545000,77.192600,15.000000,lev20,Almucantar
IIT_Delhi,16:03:2023,10:52:59,75,75.453461,0.993800,0.575900,0.410900,0.342600,0.832600,0.407200,0.234200,0.160800,0.161200,0.168700,0.176700,0.181800,1.293167,64.022882,63.397114,1.665505,0.019157,0.988826,3,10,8,5,3,10,8,5,3,10,8,5,3,10,8,5,0.064290,0.126430,0.251040,0.251680,1,1,11:10:2024,03:53:48,1085,28.545000,77.192600,15.000000,lev20,Almucantar
IIT_Delhi,21:03:2023,11:40:28,80,80.486435,0.727800,0.420100,0.275700,0.210600,0.694300,0.385400,0.240200,0.174600,0.033600,0.034700,0.035500,0.036100,1.409158,73.423149,72.775060,2.557794,0.005309,0.725611,4,10,7,6,4,10,5,6,4,10,5,5,4,10,5,5,0.072670,0.144440,0.283470,0.281120,1,1,11:10:2024,03:43:01,1085,28.545000,77.192600,15.000000,lev20,Almucantar
IIT_Delhi,21:03:2023,11:58:49,80,80.499178,0.735400,0.433100,0.288500,0.221900,0.701600,0.398200,0.252900,0.185700,0.033800,0.034900,0.035700,0.036200,1.358291,77.396911,76.746438,3.803889,0.011433,0.733021,4,9,5,6,3,6,5,6,4,7,5,6,4,8,5,6,0.077800,0.155460,0.303280,0.299090,1,1,11:10:2024,03:45:19,1085,28.545000,77.192600,15.000000,lev20,Almucantar
IIT_Delhi,22:03:2023,10:52:18,81,81.452986,1.453700,0.844200,0.578600,0.459100,1.330500,0.716900,0.445800,0.321700,0.123200,0.127400,0.132800,0.137400,1.342687,62.971752,62.337995,2.742184,0.019182,1.449092,3,10,8,5,3,10,8,5,3,10,8,5,3,9,8,5,0.067240,0.129530,0.251750,0.251360,1,1,11:10:2024,03:45:00,1085,28.545000,77.192600,15.000000,lev20,Almucantar
IIT_Delhi,23:03:2023,02:07:17,82,82.088391,0.471400,0.309300,0.233900,0.197500,0.424800,0.261100,0.183900,0.146000,0.046600,0.048300,0.050100,0.051600,1.023335,73.703151,74.354051,1.675618,0.018755,0.470043,4,10,7,6,4,10,7,6,4,10,7,6,4,10,7,6,0.077250,0.150210,0.288940,0.288980,1,1,11:10:2024,03:55:46,1085,28.545000,77.192600,15.000000,lev20,Almucantar
IIT_Delhi,23:03:2023,03:28:08,82,82.144537,0.398700,0.253100,0.189000,0.159800,0.332000,0.180500,0.111800,0.080500,0.066700,0.072500,0.077100,0.079300,1.091346,56.494556,57.115478,1.284132,0.023057,0.396998,4,10,8,4,4,10,8,4,4,10,8,4,4,10,7,5,0.062610,0.121070,0.238320,0.240950,1,1,11:10:2024,03:28:07,1085,28.545000,77.192600,15.000000,lev20,Almucantar
IIT_Delhi,23:03:2023,10:10:15,82,82.423785,0.490100,0.292100,0.219500,0.189500,0.376900,0.168700,0.092100,0.061200,0.113200,0.123300,0.127400,0.128200,1.181301,54.070296,53.460012,2.560814,0.049554,0.486191,4,10,8,4,4,10,8,4,4,10,8,4,4,10,8,4,0.061700,0.118780,0.233560,0.235050,1,1,11:10:2024,03:41:32,1085,28.545000,77.192600,15.000000,lev20,Almucantar
IIT_Delhi,23:03:2023,10:52:18,82,82.452986,0.493300,0.294100,0.219300,0.188600,0.397300,0.192500,0.112900,0.079400,0.096000,0.101500,0.106400,0.109300,1.190976,62.826549,62.191505,1.944941,0.019684,0.490212,3,10,8,5,3,10,8,5,3,10,8,5,3,10,6,5,0.067130,0.129320,0.251390,0.251030,1,1,11:10:2024,03:26:14,1085,28.545000,77.192600,15.000000,lev20,Almucantar
IIT_Delhi,23:03:2023,11:42:26,82,82.487801,0.343800,0.216200,0.167200,0.146900,0.254700,0.119200,0.066100,0.044400,0.089100,0.097100,0.101200,0.102500,1.059998,73.588551,72.938684,4.031661,0.020866,0.341153,4,10,7,6,4,10,7,6,4,10,7,6,4,10,7,5,0.078080,0.150520,0.287210,0.283150,1,1,11:10:2024,03:30:38,1085,28.545000,77.192600,15.000000,lev20,Almucantar
IIT_Delhi,23:03:2023,12:00:52,82,82.500602,0.333900,0.210800,0.164300,0.144900,0.254400,0.125400,0.074100,0.052100,0.079500,0.085400,0.090300,0.092800,1.043640,77.589286,76.937598,3.060566,0.020038,0.331463,4,7,5,6,4,7,5,6,4,7,5,6,4,7,5,5,0.084140,0.162240,0.307020,0.300990,1,1,11:10:2024,03:32:26,1085,28.545000,77.192600,15.000000,lev20,Almucantar
IIT_Delhi,24:03:2023,10:10:02,83,83.423634,0.898500,0.525700,0.372500,0.305400,0.784700,0.401600,0.241900,0.172100,0.113900,0.124200,0.130700,0.133400,1.287292,53.860763,53.248708,1.851251,0.023276,0.895545,4,10,8,4,4,10,8,4,4,10,8,4,4,10,8,4,0.061610,0.118600,0.233240,0.234740,1,1,11:10:2024,03:44:02,1085,28.545000,77.192600,15.000000,lev20,Almucantar
IIT_Delhi,24:03:2023,10:30:31,83,83.437859,0.895300,0.525500,0.374100,0.309000,0.766200,0.385500,0.226000,0.156800,0.129200,0.140000,0.148200,0.152200,1.276196,58.094577,57.469035,1.958372,0.018668,0.891553,4,10,7,5,4,10,7,5,4,10,7,5,4,10,7,5,0.063920,0.123090,0.240840,0.241580,1,1,11:10:2024,03:26:50,1085,28.545000,77.192600,15.000000,lev20,Almucantar
IIT_Delhi,25:03:2023,02:03:22,84,84.085671,0.595700,0.376300,0.284700,0.244500,0.483700,0.255200,0.157500,0.114400,0.112000,0.121100,0.127200,0.130200,1.081815,74.037704,74.690161,3.313712,0.019170,0.592782,4,10,7,6,4,10,5,4,4,10,5,4,4,10,4,3,0.077700,0.151100,0.290490,0.290440,1,1,11:10:2024,03:29:31,1085,28.545000,77.192600,15.000000,lev20,Almucantar
IIT_Delhi,25:03:2023,03:26:25,84,84.143345,0.507500,0.315500,0.239700,0.207800,0.405400,0.205800,0.123800,0.088500,0.102200,0.109700,0.115900,0.119300,1.101213,56.286014,56.910566,1.427911,0.024306,0.505351,4,10,8,4,4,10,8,4,4,10,8,4,4,10,8,4,0.062500,0.120840,0.237920,0.240590,1,1,11:10:2024,03:35:52,1085,28.545000,77.192600,15.000000,lev20,Almucantar
IIT_Delhi,25:03:2023,03:56:24,84,84.164167,0.563900,0.342600,0.253900,0.216300,0.466800,0.235800,0.142200,0.102800,0.097100,0.106700,0.111700,0.113500,1.169648,50.157924,50.760423,3.737208,0.041222,0.561831,3,10,8,4,3,10,7,4,3,7,8,4,3,8,7,4,0.059620,0.115110,0.228010,0.231280,1,1,11:10:2024,03:40:17,1085,28.545000,77.192600,15.000000,lev20,Almucantar
IIT_Delhi,26:03:2023,02:02:11,85,85.084850,0.570200,0.452200,0.407200,0.388200,0.273200,0.132100,0.074500,0.050300,0.297000,0.320100,0.332800,0.337800,0.498766,74.038453,74.691515,2.460998,0.047206,0.565087,4,10,7,6,4,10,7,6,4,10,7,6,4,10,7,5,0.077690,0.151080,0.290480,0.290450,1,1,11:10:2024,03:32:30,1085,28.545000,77.192600,15.000000,lev20,Almucantar
IIT_Delhi,26:03:2023,02:36:08,85,85.108426,0.580400,0.459500,0.413200,0.394000,0.282100,0.138000,0.077500,0.053700,0.298300,0.321500,0.335700,0.340300,0.503261,66.681641,67.328342,2.163994,0.082882,0.575093,4,10,7,6,4,10,7,6,4,10,7,6,4,10,7,6,0.069720,0.135210,0.262850,0.264140,1,1,11:10:2024,03:42:44,1085,28.545000,77.192600,15.000000,lev20,Almucantar
IIT_Delhi,26:03:2023,03:24:01,85,85.141678,0.581900,0.469300,0.428800,0.413000,0.266700,0.129700,0.073000,0.050800,0.315200,0.339600,0.355800,0.362100,0.453452,56.506438,57.133623,2.288336,0.166204,0.576043,4,10,8,4,4,10,8,4,4,10,8,4,4,10,7,5,0.062620,0.121090,0.238350,0.240980,1,1,11:10:2024,03:50:25,1085,28.545000,77.192600,15.000000,lev20,Almucantar
IIT_Delhi,26:03:2023,03:53:00,85,85.161806,0.573200,0.467700,0.431500,0.417400,0.254500,0.123600,0.070400,0.049500,0.318700,0.344100,0.361100,0.367900,0.422577,50.548170,51.155223,2.325846,0.199291,0.567951,3,10,8,4,3,10,8,4,3,10,8,4,3,10,8,4,0.059780,0.115430,0.228570,0.231800,1,1,11:10:2024,03:57:26,1085,28.545000,77.192600,15.000000,lev20,Almucantar
IIT_Delhi,26:03:2023,10:09:19,85,85.423137,0.563800,0.480000,0.457200,0.449200,0.204900,0.092100,0.051500,0.035700,0.359000,0.387900,0.405800,0.413600,0.314497,53.389236,52.773918,2.864194,0.295787,0.558279,4,10,8,4,3,10,8,4,4,10,8,4,3,10,8,4,0.061370,0.118130,0.232450,0.234050,1,1,11:10:2024,03:42:59,1085,28.545000,77.192600,15.000000,lev20,Almucantar
IIT_Delhi,26:03:2023,10:31:39,85,85.438646,0.578900,0.494600,0.467300,0.456900,0.214600,0.101300,0.057000,0.039900,0.364300,0.393300,0.410400,0.417000,0.319658,58.031188,57.401976,2.493476,0.135336,0.573098,4,10,7,5,4,10,7,5,4,10,7,5,4,10,7,5,0.063890,0.123020,0.240730,0.241460,1,1,11:10:2024,03:50:40,1085,28.545000,77.192600,15.000000,lev20,Almucantar
IIT_Delhi,26:03:2023,10:56:28,85,85.455880,0.586300,0.496200,0.465600,0.453900,0.226500,0.107900,0.060300,0.041800,0.359900,0.388400,0.405400,0.412000,0.343441,63.290287,62.649992,2.178915,0.074431,0.580669,3,10,8,5,3,10,8,5,3,10,8,5,3,10,8,5,0.067500,0.130040,0.252570,0.252070,1,1,11:10:2024,03:57:20,1085,28.545000,77.192600,15.000000,lev20,Almucantar
IIT_Delhi,26:03:2023,11:43:41,85,85.488669,0.499800,0.425000,0.399600,0.389600,0.187900,0.089000,0.049500,0.034100,0.312000,0.336000,0.350100,0.355500,0.333406,73.479564,72.827651,2.994561,0.056798,0.495022,4,10,7,6,4,10,7,6,4,10,7,6,4,10,7,6,0.077940,0.150240,0.286740,0.282720,1,1,11:10:2024,03:27:11,1085,28.545000,77.192600,15.000000,lev20,Almucantar
IIT_Delhi,26:03:2023,12:02:10,85,85.501505,0.470500,0.401100,0.377300,0.367800,0.175300,0.083700,0.047200,0.032700,0.295100,0.317400,0.330100,0.335100,0.328864,77.501480,76.848373,3.350209,0.034219,0.465995,4,8,4,6,4,8,5,6,4,8,5,6,4,9,6,6,0.084040,0.162020,0.306600,0.300540,1,1,11:10:2024,03:30:15,1085,28.545000,77.192600,15.000000,lev20,Almucantar
IIT_Delhi,27:03:2023,02:01:02,86,86.084051,0.749700,0.609500,0.508300,0.448300,0.631800,0.487900,0.381100,0.315300,0.117900,0.121700,0.127200,0.132900,0.560977,74.033130,74.686750,1.904595,0.027486,0.745454,4,10,7,6,4,10,7,6,4,10,7,6,4,10,7,5,0.077670,0.151050,0.290420,0.290420,1,1,11:10:2024,03:42:19,1085,28.545000,77.192600,15.000000,lev20,Almucantar
IIT_Delhi,27:03:2023,11:46:03,86,86.490313,0.270700,0.170200,0.130700,0.115000,0.209500,0.104700,0.061400,0.044000,0.061100,0.065500,0.069300,0.071000,1.069554,73.870137,73.217420,3.071415,0.032429,0.269081,4,10,7,6,4,10,7,6,4,10,7,6,4,10,7,6,0.078440,0.151220,0.288380,0.284260,1,1,11:10:2024,03:28:12,1085,28.545000,77.192600,15.000000,lev20,Almucantar
IIT_Delhi,28:03:2023,02:00:45,87,87.083854,0.307300,0.202200,0.158700,0.139100,0.222700,0.110400,0.065300,0.046300,0.084600,0.091800,0.093400,0.092900,0.970070,73.840150,74.494222,2.379112,0.013867,0.305888,4,10,7,6,4,10,7,6,4,10,7,5,4,10,7,5,0.077490,0.150660,0.289670,0.289580,1,1,11:10:2024,03:33:40,1085,28.545000,77.192600,15.000000,lev20,Almucantar
IIT_Delhi,28:03:2023,10:55:47,87,87.455405,0.374900,0.243100,0.199000,0.182500,0.247000,0.104900,0.055200,0.036700,0.127900,0.138200,0.143800,0.145800,0.937535,62.871801,62.229581,2.387636,0.073472,0.371869,3,10,8,5,3,10,7,5,3,10,8,5,3,10,8,4,0.067170,0.129410,0.251530,0.251110,1,1,11:10:2024,03:45:44,1085,28.545000,77.192600,15.000000,lev20,Almucantar
IIT_Delhi,28:03:2023,11:45:48,87,87.490139,0.399800,0.261500,0.216000,0.198700,0.258900,0.109600,0.058100,0.038300,0.140900,0.151800,0.158000,0.160500,0.912213,73.692793,73.039599,2.984385,0.039961,0.396657,4,10,7,6,4,10,5,6,4,10,5,4,4,10,5,4,0.078230,0.150820,0.287660,0.283550,1,1,11:10:2024,03:28:26,1085,28.545000,77.192600,15.000000,lev20,Almucantar
IIT_Delhi,30:03:2023,03:47:27,89,89.157951,0.890500,0.558700,0.429100,0.375000,0.679900,0.330200,0.191000,0.133500,0.210600,0.228500,0.238200,0.241500,1.072682,50.529595,51.147036,1.845178,0.026765,0.885578,3,10,8,4,3,10,8,4,3,10,8,3,3,10,8,3,0.061650,0.116640,0.232400,0.234280,1,1,11:10:2024,03:29:23,1085,28.545000,77.192600,15.000000,lev20,Almucantar
IIT_Delhi,02:04:2023,10:07:04,92,92.421574,0.300100,0.171900,0.127100,0.108700,0.243200,0.111400,0.063300,0.042900,0.056900,0.060500,0.063800,0.065700,1.264381,51.848293,51.222155,2.326819,0.119277,0.297991,3,10,8,4,3,10,8,4,3,10,8,4,3,10,8,4,0.062560,0.117930,0.233930,0.234380,1,1,11:10:2024,03:41:50,1085,28.545000,77.192600,15.000000,lev20,Almucantar
IIT_Delhi,02:04:2023,10:30:29,92,92.437836,0.287800,0.162500,0.120200,0.104300,0.227700,0.097600,0.052600,0.035700,0.060000,0.064800,0.067500,0.068600,1.286228,56.791392,56.153211,2.075838,0.055880,0.285193,4,10,7,5,4,10,8,4,4,10,8,4,4,10,8,3,0.065220,0.122830,0.242330,0.241790,1,1,11:10:2024,03:45:36,1085,28.545000,77.192600,15.000000,lev20,Almucantar
IIT_Delhi,02:04:2023,11:49:08,92,92.492454,0.325500,0.183300,0.134600,0.115700,0.255900,0.107600,0.056200,0.036600,0.069600,0.075700,0.078400,0.079100,1.299944,73.821111,73.165778,2.595815,0.010685,0.322478,4,10,7,6,4,10,7,6,4,10,5,6,4,10,7,4,0.081180,0.152410,0.292990,0.286660,1,1,11:10:2024,03:31:20,1085,28.545000,77.192600,15.000000,lev20,Almucantar
IIT_Delhi,03:04:2023,02:25:34,93,93.101088,0.634300,0.428800,0.344000,0.306300,0.458900,0.242400,0.150500,0.109800,0.175400,0.186400,0.193500,0.196600,0.899203,66.920020,67.573657,2.440539,0.033944,0.629507,4,10,7,6,4,10,7,6,4,10,7,6,4,10,7,6,0.072300,0.136860,0.267960,0.267400,1,1,11:10:2024,03:39:00,1085,28.545000,77.192600,15.000000,lev20,Almucantar
IIT_Delhi,03:04:2023,03:13:57,93,93.134687,0.617200,0.438600,0.364600,0.331700,0.394200,0.198600,0.117200,0.082400,0.223000,0.240000,0.247400,0.249200,0.774731,56.473480,57.114134,2.259641,0.049080,0.610053,4,10,8,4,4,10,8,4,4,10,8,4,4,10,7,5,0.064620,0.122270,0.242300,0.243450,1,1,11:10:2024,03:44:44,1085,28.545000,77.192600,15.000000,lev20,Almucantar
IIT_Delhi,03:04:2023,10:06:49,93,93.421400,0.542100,0.349700,0.283100,0.256800,0.370600,0.164300,0.088900,0.058900,0.171500,0.185400,0.194200,0.197900,0.960211,51.650216,51.022603,2.057968,0.031830,0.537441,3,10,8,4,3,10,8,4,3,10,8,4,3,10,8,4,0.062470,0.117760,0.233640,0.234120,1,1,11:10:2024,03:38:49,1085,28.545000,77.192600,15.000000,lev20,Almucantar
IIT_Delhi,04:04:2023,10:06:30,94,94.421181,0.370700,0.264500,0.225100,0.210200,0.223400,0.104700,0.057900,0.040000,0.147300,0.159800,0.167200,0.170200,0.737547,51.439947,50.810931,2.223680,0.070954,0.367813,3,10,8,4,3,10,8,4,3,10,8,4,3,10,8,4,0.062370,0.117580,0.233320,0.233840,1,1,11:10:2024,03:41:11,1085,28.545000,77.192600,15.000000,lev20,Almucantar
IIT_Delhi,04:04:2023,10:33:30,94,94.439931,0.391500,0.275400,0.233800,0.218100,0.234000,0.105400,0.056700,0.038000,0.157600,0.170000,0.177200,0.180000,0.762906,57.168714,56.526969,1.982151,0.100936,0.387953,4,10,7,5,4,10,7,5,4,10,8,4,4,10,8,4,0.065440,0.123250,0.243050,0.242430,1,1,11:10:2024,03:45:53,1085,28.545000,77.192600,15.000000,lev20,Almucantar
IIT_Delhi,04:04:2023,11:00:09,94,94.458438,0.388000,0.275000,0.234500,0.218500,0.229600,0.104300,0.056500,0.037600,0.158400,0.170700,0.178000,0.180900,0.745347,62.912087,62.262304,2.050458,0.059081,0.384938,3,10,8,5,3,10,8,5,3,10,8,5,3,10,8,5,0.069460,0.130690,0.255790,0.253700,1,1,11:10:2024,03:25:55,1085,28.545000,77.192600,15.000000,lev20,Almucantar
IIT_Delhi,04:04:2023,11:48:38,94,94.492106,0.362200,0.262200,0.226700,0.212600,0.204000,0.091800,0.049600,0.033100,0.158100,0.170400,0.177100,0.179500,0.694241,73.478832,72.822982,3.070237,0.042612,0.359452,4,10,7,6,4,10,7,6,4,10,7,6,4,10,7,6,0.080690,0.151500,0.291420,0.285300,1,1,11:10:2024,03:31:37,1085,28.545000,77.192600,15.000000,lev20,Almucantar
IIT_Delhi,04:04:2023,12:06:57,94,94.504826,0.347900,0.252900,0.219400,0.205900,0.196600,0.089100,0.048600,0.032700,0.151200,0.163800,0.170900,0.173300,0.683306,77.481582,76.826468,3.251359,0.029105,0.345346,4,8,5,6,4,8,5,6,4,9,5,6,4,10,6,6,0.087020,0.163230,0.311500,0.303090,1,1,11:10:2024,03:34:14,1085,28.545000,77.192600,15.000000,lev20,Almucantar
IIT_Delhi,05:04:2023,02:23:05,95,95.099363,0.483800,0.400000,0.357500,0.337300,0.229500,0.125900,0.073700,0.051500,0.254300,0.274100,0.283800,0.285800,0.443779,66.968255,67.623084,2.652486,0.141712,0.477582,4,10,7,6,4,10,7,6,4,10,7,6,4,10,7,6,0.072350,0.136940,0.268080,0.267550,1,1,11:10:2024,03:46:32,1085,28.545000,77.192600,15.000000,lev20,Almucantar
IIT_Delhi,05:04:2023,10:06:16,95,95.421019,0.320300,0.250200,0.228100,0.220000,0.148400,0.065100,0.035000,0.023900,0.171900,0.185100,0.193100,0.196200,0.506107,51.248940,50.618504,2.092588,0.159302,0.316535,3,10,8,4,3,10,8,4,3,10,8,4,3,10,8,4,0.062280,0.117410,0.233030,0.233590,1,1,11:10:2024,03:35:21,1085,28.545000,77.192600,15.000000,lev20,Almucantar
IIT_Delhi,05:04:2023,11:00:43,95,95.458831,0.240100,0.182300,0.163400,0.156200,0.123900,0.058600,0.033900,0.023900,0.116200,0.123700,0.129500,0.132300,0.572643,62.912565,62.261930,3.528176,0.147099,0.237216,3,10,8,5,3,10,8,5,3,10,8,5,3,10,8,5,0.069450,0.130690,0.255790,0.253700,1,1,11:10:2024,03:43:15,1085,28.545000,77.192600,15.000000,lev20,Almucantar
IIT_Delhi,05:04:2023,11:49:07,95,95.492442,0.224200,0.167200,0.146600,0.138600,0.120400,0.056000,0.031000,0.021300,0.103900,0.111200,0.115600,0.117300,0.629539,73.469205,72.813136,2.233886,0.050886,0.221185,4,10,7,6,4,10,7,6,4,10,7,6,4,10,7,6,0.080660,0.151450,0.291360,0.285260,1,1,11:10:2024,03:26:24,1085,28.545000,77.192600,15.000000,lev20,Almucantar
IIT_Delhi,05:04:2023,12:07:26,95,95.505162,0.226400,0.168600,0.148000,0.139700,0.120400,0.054900,0.030100,0.020200,0.106000,0.113700,0.117900,0.119400,0.630227,77.472593,76.817454,2.981197,0.033982,0.223741,4,7,5,6,4,8,5,6,4,8,4,6,4,9,6,6,0.087000,0.163190,0.311430,0.303040,1,1,11:10:2024,03:28:52,1085,28.545000,77.192600,15.000000,lev20,Almucantar
IIT_Delhi,06:04:2023,10:05:54,96,96.420764,0.273200,0.229000,0.217600,0.213200,0.102500,0.047700,0.028600,0.020600,0.170700,0.181400,0.189000,0.192600,0.341888,51.031600,50.399854,2.994121,0.352617,0.271619,3,10,8,4,3,10,8,4,3,10,8,4,3,10,8,4,0.062180,0.117230,0.232720,0.233300,1,1,11:10:2024,03:43:37,1085,28.545000,77.192600,15.000000,lev20,Almucantar
IIT_Delhi,06:04:2023,10:33:08,96,96.439676,0.277500,0.230900,0.216400,0.211100,0.105900,0.049300,0.027900,0.019600,0.171600,0.181600,0.188500,0.191500,0.371466,56.830949,56.187187,1.530139,0.165997,0.271466,4,10,7,5,4,10,8,4,4,10,8,4,4,10,8,4,0.065240,0.122880,0.242400,0.241850,1,1,11:10:2024,03:48:25,1085,28.545000,77.192600,15.000000,lev20,Almucantar
IIT_Delhi,06:04:2023,11:03:00,96,96.460417,0.284100,0.231800,0.215700,0.209700,0.116100,0.053900,0.030700,0.021600,0.168000,0.177900,0.185000,0.188100,0.411377,63.287646,62.635870,2.179839,0.138897,0.278546,3,10,8,5,3,10,8,5,3,10,8,5,3,10,8,5,0.069750,0.131240,0.256740,0.254550,1,1,11:10:2024,03:29:18,1085,28.545000,77.192600,15.000000,lev20,Almucantar
IIT_Delhi,06:04:2023,11:49:44,96,96.492870,0.273400,0.225700,0.210500,0.204900,0.109200,0.051200,0.028700,0.020100,0.164200,0.174400,0.181900,0.184800,0.390149,73.489556,72.833309,2.353707,0.063920,0.268267,4,10,7,6,4,10,7,6,4,10,7,6,4,10,7,6,0.080710,0.151530,0.291490,0.285340,1,1,11:10:2024,03:34:11,1085,28.545000,77.192600,15.000000,lev20,Almucantar
IIT_Delhi,06:04:2023,12:08:05,96,96.505613,0.275800,0.228500,0.212600,0.206900,0.108500,0.050800,0.027700,0.019100,0.167200,0.177700,0.184900,0.187900,0.387718,77.500560,76.845457,2.906830,0.046050,0.270407,4,7,5,6,4,9,5,6,4,8,5,6,4,9,6,6,0.087070,0.163300,0.311630,0.303180,1,1,11:10:2024,03:36:46,1085,28.545000,77.192600,15.000000,lev20,Almucantar
IIT_Delhi,07:04:2023,01:48:19,97,97.075220,0.236100,0.186000,0.166500,0.159300,0.114100,0.055600,0.030600,0.021100,0.122000,0.130400,0.135900,0.138200,0.516909,74.093552,74.750434,3.130314,0.144337,0.232833,4,10,7,6,4,10,7,6,4,10,7,6,4,10,7,5,0.082410,0.152020,0.295230,0.292530,1,1,11:10:2024,03:39:08,1085,28.545000,77.192600,15.000000,lev20,Almucantar
IIT_Delhi,07:04:2023,02:22:24,97,97.098889,0.254800,0.197400,0.174300,0.165800,0.128400,0.062300,0.033900,0.023100,0.126400,0.135100,0.140400,0.142600,0.560979,66.633536,67.289179,2.340495,0.164114,0.250908,4,10,7,6,4,10,7,6,4,10,7,6,4,10,7,6,0.074000,0.137110,0.268020,0.267090,1,1,11:10:2024,03:44:01,1085,28.545000,77.192600,15.000000,lev20,Almucantar
IIT_Delhi,07:04:2023,03:09:11,97,97.131377,0.261000,0.201300,0.179800,0.171400,0.134000,0.065400,0.038000,0.027300,0.126900,0.135800,0.141900,0.144100,0.552832,56.477233,57.123073,2.256511,0.282127,0.257156,4,10,8,4,4,10,8,4,4,10,8,4,4,10,7,5,0.066650,0.124110,0.244360,0.245120,1,1,11:10:2024,03:48:09,1085,28.545000,77.192600,15.000000,lev20,Almucantar
IIT_Delhi,07:04:2023,03:37:34,97,97.151088,0.279400,0.216400,0.190000,0.178700,0.154700,0.081700,0.048800,0.035000,0.124700,0.134700,0.141300,0.143800,0.568824,50.424651,51.058619,2.238884,0.217234,0.275718,3,10,8,4,3,10,8,4,3,10,8,4,3,10,8,4,0.063660,0.118850,0.234790,0.236300,1,1,11:10:2024,03:28:17,1085,28.545000,77.192600,15.000000,lev20,Almucantar
IIT_Delhi,07:04:2023,10:05:38,97,97.420579,0.164500,0.135600,0.125700,0.121300,0.074200,0.037600,0.023300,0.017100,0.090300,0.098000,0.102400,0.104100,0.400445,50.837036,50.203957,2.255380,0.259067,0.162138,3,10,8,4,3,10,8,4,3,10,8,4,3,10,8,4,0.064150,0.119330,0.234970,0.235240,1,1,11:10:2024,03:39:34,1085,28.545000,77.192600,15.000000,lev20,Almucantar
IIT_Delhi,07:04:2023,10:33:54,97,97.440208,0.162500,0.135400,0.124800,0.120100,0.071500,0.037300,0.022600,0.016200,0.091000,0.098200,0.102200,0.103900,0.391202,56.868673,56.223638,3.774981,0.244797,0.160703,4,10,7,5,4,10,8,4,4,10,7,4,4,10,8,4,0.067290,0.124730,0.244560,0.243650,1,1,11:10:2024,03:43:36,1085,28.545000,77.192600,15.000000,lev20,Almucantar
IIT_Delhi,07:04:2023,11:50:10,97,97.493171,0.211700,0.171800,0.156300,0.149600,0.093600,0.045500,0.025900,0.018000,0.118100,0.126300,0.130400,0.131700,0.449426,73.470574,72.814188,2.828977,0.098787,0.208553,4,10,7,6,4,10,7,6,4,10,7,6,4,10,6,6,0.082550,0.151040,0.291240,0.284860,1,1,11:10:2024,03:31:06,1085,28.545000,77.192600,15.000000,lev20,Almucantar
IIT_Delhi,07:04:2023,12:08:27,97,97.505868,0.220200,0.178800,0.162400,0.155300,0.099400,0.049200,0.028100,0.019400,0.120800,0.129600,0.134300,0.135900,0.450708,77.467203,76.812138,3.440078,0.061070,0.217438,4,7,5,6,4,9,5,6,4,9,5,6,4,9,6,6,0.088820,0.161850,0.310380,0.301750,1,1,11:10:2024,03:32:58,1085,28.545000,77.192600,15.000000,lev20,Almucantar
IIT_Delhi,08:04:2023,02:19:41,98,98.097002,0.245300,0.186800,0.156900,0.143300,0.148500,0.082200,0.047800,0.033100,0.096800,0.104600,0.109100,0.110200,0.653437,66.989207,67.645430,1.654953,0.071263,0.242911,4,10,7,6,4,10,7,6,4,10,7,6,4,10,7,6,0.074340,0.137710,0.269110,0.268080,1,1,11:10:2024,03:35:07,1085,28.545000,77.192600,15.000000,lev20,Almucantar
IIT_Delhi,08:04:2023,03:07:55,98,98.130498,0.228500,0.171000,0.145100,0.133300,0.141400,0.075500,0.044800,0.032100,0.087100,0.095500,0.100300,0.101200,0.667181,56.503107,57.150121,2.081991,0.187967,0.225931,4,10,8,4,4,10,8,4,4,10,8,4,4,10,7,5,0.066670,0.124160,0.244430,0.245170,1,1,11:10:2024,03:39:37,1085,28.545000,77.192600,15.000000,lev20,Almucantar
IIT_Delhi,08:04:2023,03:37:02,98,98.150718,0.239900,0.178500,0.149900,0.138100,0.155600,0.085600,0.051700,0.038500,0.084300,0.093000,0.098200,0.099600,0.689793,50.281241,50.916615,2.694490,0.213152,0.237927,3,10,8,4,3,10,8,4,3,10,8,4,3,10,8,3,0.063600,0.118750,0.234610,0.236120,1,1,11:10:2024,03:44:40,1085,28.545000,77.192600,15.000000,lev20,Almucantar
IIT_Delhi,08:04:2023,10:05:26,98,98.420440,0.251800,0.177400,0.152000,0.142000,0.152800,0.070500,0.040400,0.028900,0.099100,0.107000,0.111500,0.113100,0.748385,50.658299,50.023888,2.179972,0.152834,0.249379,3,10,8,4,3,10,8,4,3,10,8,4,3,10,8,4,0.064070,0.119190,0.234730,0.235020,1,1,11:10:2024,03:32:42,1085,28.545000,77.192600,15.000000,lev20,Almucantar
IIT_Delhi,08:04:2023,10:34:27,98,98.440590,0.260100,0.183200,0.156000,0.145800,0.153600,0.068700,0.036900,0.025200,0.106500,0.114500,0.119100,0.120600,0.756933,56.861808,56.215634,2.390584,0.165428,0.257018,4,10,7,5,4,10,8,4,4,10,8,4,4,10,8,4,0.067280,0.124710,0.244530,0.243640,1,1,11:10:2024,03:37:10,1085,28.545000,77.192600,15.000000,lev20,Almucantar
IIT_Delhi,08:04:2023,11:02:28,98,98.460046,0.243800,0.174000,0.148600,0.138600,0.143800,0.066400,0.036200,0.024300,0.100000,0.107600,0.112400,0.114300,0.732544,62.934077,62.281186,2.122986,0.110596,0.241220,3,10,8,5,3,10,8,5,3,10,8,5,3,10,8,5,0.071450,0.131900,0.257310,0.254900,1,1,11:10:2024,03:41:43,1085,28.545000,77.192600,15.000000,lev20,Almucantar
IIT_Delhi,08:04:2023,11:52:21,98,98.494687,0.276400,0.191700,0.161800,0.149400,0.168200,0.074700,0.039800,0.026200,0.108200,0.117100,0.122000,0.123300,0.792586,73.835205,73.178781,2.334652,0.039353,0.273165,4,10,7,6,4,10,7,6,4,10,7,6,4,10,7,6,0.083060,0.151920,0.292790,0.286240,1,1,11:10:2024,03:46:09,1085,28.545000,77.192600,15.000000,lev20,Almucantar
IIT_Delhi,08:04:2023,12:10:36,98,98.507361,0.284100,0.195800,0.164900,0.152400,0.175300,0.078900,0.042700,0.028300,0.108800,0.117000,0.122200,0.124100,0.805288,77.823476,77.168752,3.727354,0.042091,0.281274,4,7,5,6,4,9,5,6,4,9,5,6,4,10,6,6,0.089470,0.162950,0.312330,0.303470,1,1,11:10:2024,03:25:59,1085,28.545000,77.192600,15.000000,lev20,Almucantar
IIT_Delhi,09:04:2023,03:06:45,99,99.129688,0.359100,0.255000,0.208700,0.188500,0.238400,0.125100,0.073900,0.052300,0.120800,0.129900,0.134800,0.136100,0.796346,56.511101,57.159200,1.522321,0.070498,0.355255,4,10,8,4,4,10,8,4,4,10,8,4,4,10,7,5,0.066670,0.124160,0.244440,0.245190,1,1,11:10:2024,03:41:32,1085,28.545000,77.192600,15.000000,lev20,Almucantar
IIT_Delhi,09:04:2023,03:36:47,99,99.150544,0.362600,0.252600,0.209700,0.191200,0.244300,0.124200,0.074700,0.053500,0.118300,0.128400,0.135000,0.137700,0.807460,50.081338,50.717939,4.487285,0.290136,0.357399,3,10,8,4,3,10,8,4,3,10,8,4,3,10,8,4,0.063520,0.118600,0.234330,0.235870,1,1,11:10:2024,03:46:38,1085,28.545000,77.192600,15.000000,lev20,Almucantar
IIT_Delhi,09:04:2023,11:03:05,99,99.460475,0.378200,0.255600,0.213900,0.197800,0.234200,0.102700,0.055100,0.036500,0.144000,0.152900,0.158800,0.161400,0.844115,62.951396,62.297849,2.490139,0.101620,0.372941,3,9,8,5,3,10,8,5,3,10,8,5,3,10,8,5,0.071480,0.131950,0.257390,0.254930,1,1,11:10:2024,03:38:59,1085,28.545000,77.192600,15.000000,lev20,Almucantar
IIT_Delhi,09:04:2023,11:52:05,99,99.494502,0.392800,0.261700,0.216000,0.197400,0.253200,0.113100,0.061500,0.040300,0.139500,0.148600,0.154600,0.157000,0.884525,73.664467,73.007965,3.164504,0.045320,0.387591,4,10,7,6,4,10,7,6,4,10,7,6,4,10,7,6,0.082830,0.151510,0.292090,0.285590,1,1,11:10:2024,03:41:27,1085,28.545000,77.192600,15.000000,lev20,Almucantar
IIT_Delhi,09:04:2023,12:10:31,99,99.507303,0.387700,0.260300,0.215900,0.197600,0.245300,0.109300,0.059200,0.038200,0.142400,0.151000,0.156700,0.159400,0.866088,77.692829,77.038154,2.667514,0.032972,0.382251,4,8,5,6,4,9,5,6,4,9,5,6,4,10,6,6,0.089270,0.162600,0.311710,0.302830,1,1,11:10:2024,03:43:42,1085,28.545000,77.192600,15.000000,lev20,Almucantar
IIT_Delhi,10:04:2023,03:06:28,100,100.129491,0.337700,0.226400,0.186600,0.169900,0.230300,0.110000,0.064400,0.045400,0.107400,0.116400,0.122200,0.124500,0.876659,56.331823,56.980706,3.491041,0.245312,0.333213,4,10,8,4,4,10,8,4,4,10,8,4,4,10,7,4,0.066570,0.123980,0.244130,0.244890,1,1,11:10:2024,03:25:56,1085,28.545000,77.192600,15.000000,lev20,Almucantar
IIT_Delhi,11:04:2023,03:06:13,101,101.129317,0.423200,0.293700,0.238800,0.214600,0.290400,0.149000,0.087000,0.060600,0.132800,0.144700,0.151900,0.154000,0.840707,56.148574,56.798202,1.443595,0.059931,0.419834,4,10,8,4,4,10,8,4,4,10,8,4,4,10,8,4,0.066470,0.123800,0.243790,0.244590,1,1,11:10:2024,03:54:38,1085,28.545000,77.192600,15.000000,lev20,Almucantar
IIT_Delhi,11:04:2023,03:32:26,101,101.147523,0.411900,0.284600,0.232300,0.210100,0.316300,0.185300,0.129200,0.104600,0.095600,0.099300,0.103100,0.105500,0.842477,50.512164,51.152826,1.554063,0.103817,0.409098,3,10,8,4,3,10,8,4,3,10,8,4,3,10,8,4,0.063700,0.118920,0.234930,0.236410,1,1,11:10:2024,03:26:37,1085,28.545000,77.192600,15.000000,lev20,Almucantar
IIT_Delhi,11:04:2023,10:36:44,101,101.442176,0.497800,0.347500,0.297200,0.278600,0.290300,0.127600,0.067900,0.044200,0.207500,0.219900,0.229400,0.234500,0.765127,56.989429,56.340015,2.069922,0.082653,0.490467,4,10,7,5,4,10,7,5,4,10,8,4,4,10,8,4,0.067370,0.124860,0.244790,0.243840,1,1,11:10:2024,03:41:14,1085,28.545000,77.192600,15.000000,lev20,Almucantar
IIT_Delhi,27:04:2023,10:44:55,117,117.447859,0.969700,0.588400,0.461200,0.412100,0.685300,0.288100,0.149700,0.094900,0.284400,0.300300,0.311500,0.317200,1.097957,57.022424,56.364743,1.909439,0.059892,0.959004,4,10,7,5,4,10,7,5,4,10,8,4,4,10,8,4,0.069650,0.131040,0.250540,0.251470,1,1,10:10:2024,21:46:10,1085,28.545000,77.192600,15.000000,lev20,Almucantar
IIT_Delhi,04:05:2023,10:48:11,124,124.450127,1.143100,0.691400,0.477500,0.378000,1.062500,0.608100,0.392200,0.290900,0.080600,0.083300,0.085300,0.087100,1.269303,57.043443,56.385524,3.050235,0.004501,1.139822,4,7,7,5,2,7,7,5,3,10,7,4,4,10,7,4,0.066820,0.127810,0.249650,0.250600,1,1,10:10:2024,21:47:19,1085,28.545000,77.192600,15.000000,lev20,Almucantar
IIT_Delhi,04:05:2023,12:22:09,124,124.515382,0.851100,0.487400,0.338800,0.273400,0.763700,0.396400,0.244200,0.176600,0.087400,0.090900,0.094600,0.096800,1.345897,77.469653,76.827465,2.475364,0.004730,0.846879,4,8,4,6,4,9,4,6,4,10,4,6,4,10,5,6,0.087840,0.168980,0.318010,0.312140,1,1,10:10:2024,21:37:54,1085,28.545000,77.192600,15.000000,lev20,Almucantar
IIT_Delhi,05:05:2023,11:17:10,125,125.470255,1.221000,0.650400,0.430200,0.336400,1.125000,0.551000,0.326400,0.229300,0.096100,0.099500,0.103800,0.107100,1.523881,63.291888,62.636277,2.084073,0.017854,1.217113,3,10,8,5,3,10,7,5,3,10,5,5,3,8,5,5,0.071070,0.136170,0.263540,0.263090,1,1,10:10:2024,21:44:04,1085,28.545000,77.192600,15.000000,lev20,Almucantar
IIT_Delhi,06:05:2023,10:49:09,126,126.450799,0.498300,0.337000,0.282000,0.260400,0.314400,0.138500,0.074200,0.048200,0.183900,0.198500,0.207800,0.212200,0.843134,57.061982,56.404270,1.405893,0.050461,0.494345,4,10,7,5,4,10,7,5,4,10,8,4,4,10,8,4,0.066830,0.127830,0.249700,0.250630,1,1,10:10:2024,21:27:01,1085,28.545000,77.192600,15.000000,lev20,Almucantar
IIT_Delhi,06:05:2023,11:17:07,126,126.470220,0.539600,0.347000,0.282200,0.257000,0.365000,0.158000,0.084800,0.056100,0.174600,0.189000,0.197400,0.200900,0.959080,63.182647,62.527307,1.756381,0.052647,0.536011,3,10,8,5,3,10,8,5,3,10,8,5,3,10,8,5,0.070990,0.136000,0.263260,0.262840,1,1,10:10:2024,21:32:12,1085,28.545000,77.192600,15.000000,lev20,Almucantar
IIT_Delhi,06:05:2023,12:04:51,126,126.503368,0.701700,0.406500,0.308200,0.268900,0.538500,0.228400,0.120800,0.078200,0.163200,0.178200,0.187400,0.190700,1.213823,73.543032,72.896610,1.551623,0.011782,0.697825,4,10,7,6,4,10,7,6,4,10,7,6,4,10,7,6,0.081780,0.157120,0.298340,0.294450,1,1,10:10:2024,21:39:15,1085,28.545000,77.192600,15.000000,lev20,Almucantar
IIT_Delhi,06:05:2023,12:23:12,126,126.516111,0.727900,0.419700,0.316700,0.275200,0.562500,0.239700,0.127100,0.081700,0.165400,0.180000,0.189600,0.193400,1.227386,77.477370,76.836715,2.471905,0.009605,0.723546,3,8,5,6,4,8,5,6,4,9,5,6,4,10,6,6,0.087850,0.168990,0.318060,0.312190,1,1,10:10:2024,21:42:10,1085,28.545000,77.192600,15.000000,lev20,Almucantar
IIT_Delhi,08:05:2023,12:07:02,128,128.504884,0.654800,0.515400,0.467800,0.448800,0.295100,0.133300,0.071900,0.047500,0.359700,0.382100,0.395900,0.401400,0.500074,73.803180,73.158422,3.179509,0.071387,0.644975,4,10,7,6,4,10,7,6,4,10,7,6,4,10,7,6,0.082150,0.157860,0.299570,0.295500,1,1,10:10:2024,21:41:17,1085,28.545000,77.192600,15.000000,lev20,Almucantar
IIT_Delhi,09:05:2023,02:41:37,129,129.112234,0.581500,0.395200,0.326300,0.295400,0.392000,0.191100,0.113100,0.078500,0.189500,0.204100,0.213200,0.216900,0.853114,56.515550,57.173243,2.021101,0.341626,0.573702,4,10,8,4,4,10,8,4,4,10,8,4,4,10,7,5,0.067630,0.126430,0.252930,0.255670,1,1,10:10:2024,21:31:53,1085,28.545000,77.192600,15.000000,lev20,Almucantar
IIT_Delhi,09:05:2023,10:52:09,129,129.452882,1.060000,0.628300,0.495500,0.443800,0.757300,0.307700,0.163000,0.105200,0.302700,0.320700,0.332500,0.338600,1.126381,57.432818,56.775720,3.037619,0.082380,1.051431,4,10,7,5,4,10,7,5,4,10,7,5,4,10,8,4,0.068620,0.127720,0.254160,0.254960,1,1,10:10:2024,21:54:58,1085,28.545000,77.192600,15.000000,lev20,Almucantar
IIT_Delhi,09:05:2023,11:18:05,129,129.470891,1.031700,0.605300,0.473700,0.422400,0.745800,0.300500,0.155300,0.097600,0.285900,0.304900,0.318400,0.324800,1.152432,63.100777,62.446474,2.794945,0.065556,1.022781,3,10,8,5,3,10,8,5,3,10,8,5,3,10,8,5,0.072660,0.135260,0.267030,0.266470,1,1,10:10:2024,21:58:43,1085,28.545000,77.192600,15.000000,lev20,Almucantar
IIT_Delhi,09:05:2023,12:06:58,129,129.504838,0.983200,0.609500,0.496200,0.451200,0.650600,0.257300,0.132100,0.081200,0.332600,0.352200,0.364100,0.370000,1.014796,73.684397,73.040157,3.091409,0.044332,0.973940,4,10,7,6,4,10,7,6,4,10,7,6,4,10,7,6,0.084180,0.156730,0.303560,0.299210,1,1,10:10:2024,22:02:14,1085,28.545000,77.192600,15.000000,lev20,Almucantar
IIT_Delhi,11:05:2023,10:52:00,131,131.452778,0.951200,0.548600,0.419600,0.371000,0.714600,0.297300,0.158000,0.104700,0.236600,0.251300,0.261600,0.266400,1.209202,57.211270,56.554537,2.405412,0.276559,0.940102,4,10,7,5,4,10,7,5,4,10,7,5,4,10,8,4,0.068470,0.127440,0.253700,0.254570,1,1,10:10:2024,21:51:10,1085,28.545000,77.192600,15.000000,lev20,Almucantar
IIT_Delhi,11:05:2023,11:19:00,131,131.471528,1.027000,0.593000,0.453500,0.397700,0.767900,0.318000,0.167100,0.105700,0.259100,0.275000,0.286400,0.292000,1.207581,63.107029,62.453525,2.050768,0.084125,1.017731,3,10,8,5,3,10,8,5,3,10,8,5,3,10,8,5,0.072660,0.135250,0.267020,0.266490,1,1,10:10:2024,21:28:25,1085,28.545000,77.192600,15.000000,lev20,Almucantar
IIT_Delhi,11:05:2023,12:07:25,131,131.505150,0.960400,0.565300,0.439500,0.389100,0.699200,0.287400,0.151000,0.096000,0.261200,0.277800,0.288600,0.293100,1.156012,73.572801,72.929774,1.901303,0.012403,0.951641,4,10,7,6,4,10,7,6,4,10,7,6,4,10,7,6,0.084030,0.156450,0.303090,0.298760,1,1,10:10:2024,21:36:34,1085,28.545000,77.192600,15.000000,lev20,Almucantar
IIT_Delhi,12:05:2023,10:51:58,132,132.452755,0.785300,0.501300,0.414100,0.375300,0.516600,0.216300,0.118800,0.074600,0.268800,0.285000,0.295300,0.300800,0.950018,57.110348,56.453819,2.285324,0.105183,0.776630,4,10,7,5,4,10,7,5,4,10,8,4,4,10,8,4,0.068410,0.127340,0.253510,0.254400,1,1,10:10:2024,21:46:14,1085,28.545000,77.192600,15.000000,lev20,Almucantar
IIT_Delhi,12:05:2023,11:19:30,132,132.471875,0.846700,0.532700,0.435800,0.393300,0.565900,0.235400,0.128400,0.080100,0.280800,0.297400,0.307500,0.313200,0.985355,63.119642,62.466562,1.628056,0.051312,0.838092,3,10,8,5,3,10,8,5,3,10,8,5,3,10,8,5,0.072670,0.135280,0.267060,0.266520,1,1,10:10:2024,21:56:22,1085,28.545000,77.192600,15.000000,lev20,Almucantar
IIT_Delhi,12:05:2023,12:07:55,132,132.505498,0.890200,0.554200,0.449200,0.404900,0.601900,0.248100,0.132200,0.082600,0.288300,0.306200,0.317000,0.322300,1.013954,73.576232,72.933898,2.464912,0.025152,0.882167,4,10,7,6,4,10,7,6,4,10,7,6,4,10,7,6,0.084020,0.156450,0.303090,0.298780,1,1,10:10:2024,22:04:06,1085,28.545000,77.192600,15.000000,lev20,Almucantar
IIT_Delhi,13:05:2023,10:52:27,133,133.453090,0.822700,0.537100,0.443800,0.398300,0.545600,0.242600,0.139500,0.088500,0.277100,0.294600,0.304400,0.309800,0.914681,57.122916,56.466651,1.558956,0.071495,0.813406,4,10,7,5,4,10,7,5,4,10,8,4,4,10,8,4,0.068420,0.127340,0.253520,0.254420,1,1,10:10:2024,21:49:41,1085,28.545000,77.192600,15.000000,lev20,Almucantar
IIT_Delhi,13:05:2023,11:21:53,133,133.473530,0.870200,0.566100,0.464800,0.418700,0.578200,0.254600,0.142400,0.091400,0.292000,0.311500,0.322400,0.327300,0.928551,63.541991,62.889659,1.988356,0.049349,0.861505,3,10,8,5,3,10,8,5,3,10,8,5,3,10,8,5,0.073020,0.135940,0.268170,0.267510,1,1,10:10:2024,21:58:13,1085,28.545000,77.192600,15.000000,lev20,Almucantar
IIT_Delhi,13:05:2023,12:08:22,133,133.505810,0.909600,0.593100,0.486200,0.438500,0.596400,0.259200,0.139900,0.086300,0.313200,0.333900,0.346300,0.352300,0.927029,73.569151,72.927496,2.741247,0.032895,0.900747,4,10,7,6,4,10,7,6,4,10,7,6,4,10,7,6,0.084010,0.156440,0.303040,0.298750,1,1,10:10:2024,22:06:42,1085,28.545000,77.192600,15.000000,lev20,Almucantar
IIT_Delhi,14:05:2023,10:52:52,134,134.453380,0.962900,0.708400,0.621500,0.578100,0.529900,0.245000,0.142100,0.091000,0.433000,0.463400,0.479400,0.487200,0.649901,57.121310,56.465319,1.974229,0.075578,0.951983,4,10,7,5,4,10,7,5,4,10,8,4,4,10,8,4,0.068420,0.127340,0.253520,0.254420,1,1,10:10:2024,21:37:37,1085,28.545000,77.192600,15.000000,lev20,Almucantar
IIT_Delhi,14:05:2023,11:21:54,134,134.473542,1.003800,0.744400,0.654800,0.615200,0.535500,0.243700,0.135300,0.088000,0.468300,0.500800,0.519600,0.527200,0.634041,63.449888,62.797928,2.521707,0.097048,0.993207,3,10,8,5,3,10,8,5,3,10,8,5,3,10,8,5,0.072950,0.135790,0.267930,0.267300,1,1,10:10:2024,21:46:57,1085,28.545000,77.192600,15.000000,lev20,Almucantar
IIT_Delhi,15:05:2023,10:53:16,135,135.453657,0.773100,0.614000,0.565300,0.546600,0.337200,0.152200,0.085600,0.058400,0.436000,0.461800,0.479700,0.488200,0.467356,57.116477,56.460771,3.787943,0.311451,0.761906,4,10,7,5,4,10,7,5,4,10,8,4,4,10,8,4,0.068420,0.127340,0.253510,0.254410,1,1,10:10:2024,22:00:25,1085,28.545000,77.192600,15.000000,lev20,Almucantar
IIT_Delhi,15:05:2023,11:22:00,135,135.473611,0.759800,0.607800,0.559700,0.540800,0.322200,0.143700,0.078500,0.051600,0.437700,0.464100,0.481200,0.489300,0.455885,63.376309,62.724739,2.583795,0.162736,0.749450,3,10,8,5,3,10,8,5,3,10,8,5,3,10,8,5,0.072900,0.135700,0.267750,0.267120,1,1,10:10:2024,21:33:31,1085,28.545000,77.192600,15.000000,lev20,Almucantar
IIT_Delhi,16:05:2023,10:53:42,136,136.453958,0.828400,0.725400,0.703400,0.696100,0.243200,0.106400,0.060400,0.042300,0.585200,0.619000,0.643000,0.653800,0.247199,57.119348,56.463943,4.421321,0.388039,0.812390,4,10,7,5,3,10,7,5,4,10,8,4,4,10,8,4,0.068420,0.127350,0.253530,0.254420,1,1,10:10:2024,21:55:12,1085,28.545000,77.192600,15.000000,lev20,Almucantar
IIT_Delhi,16:05:2023,12:10:03,136,136.506979,1.161200,1.021600,0.984700,0.966700,0.330400,0.141900,0.078500,0.053500,0.830800,0.879700,0.906300,0.913200,0.247772,73.620405,72.980897,5.319056,0.133079,1.136680,4,10,7,6,4,10,7,6,4,10,7,6,4,10,7,6,0.084110,0.156600,0.303310,0.298970,1,1,10:10:2024,21:46:20,1085,28.545000,77.192600,15.000000,lev20,Almucantar
IIT_Delhi,18:05:2023,10:54:34,138,138.454560,0.798000,0.663200,0.617800,0.596700,0.328700,0.156900,0.092800,0.063500,0.469300,0.506400,0.525100,0.533200,0.381287,57.126371,56.471597,4.103238,0.317315,0.790223,4,10,7,5,4,10,7,5,4,10,8,4,4,10,8,4,0.066710,0.124280,0.253280,0.254500,1,1,10:10:2024,21:53:32,1085,28.545000,77.192600,15.000000,lev20,Almucantar
IIT_Delhi,03:06:2023,11:01:02,154,154.459051,0.328800,0.225700,0.196200,0.179200,0.199700,0.088100,0.054200,0.034100,0.129100,0.137600,0.142000,0.145100,0.769892,57.164261,56.514787,2.420158,0.347297,0.325063,4,10,7,5,4,10,7,5,4,10,8,4,4,10,8,4,0.066940,0.123990,0.266960,0.268860,1,1,10:10:2024,21:34:17,1085,28.545000,77.192600,15.000000,lev20,Almucantar
IIT_Delhi,03:06:2023,11:28:50,154,154.478356,0.295600,0.208800,0.182000,0.168200,0.173300,0.078100,0.046800,0.030600,0.122200,0.130700,0.135200,0.137600,0.721792,63.153539,62.509980,2.246701,0.209430,0.292547,3,10,8,5,3,10,8,5,3,10,8,5,3,10,8,5,0.070480,0.131010,0.281160,0.281840,1,1,10:10:2024,21:39:06,1085,28.545000,77.192600,15.000000,lev20,Almucantar
IIT_Delhi,03:06:2023,12:18:39,154,154.512951,0.324000,0.225500,0.192300,0.177200,0.193700,0.086700,0.048600,0.031200,0.130300,0.138800,0.143700,0.146000,0.773599,73.716449,73.087985,1.854903,0.036562,0.319995,4,10,7,6,4,10,7,6,4,10,7,6,4,10,7,6,0.080110,0.150100,0.319480,0.316870,1,1,10:10:2024,21:45:18,1085,28.545000,77.192600,15.000000,lev20,Almucantar
IIT_Delhi,05:06:2023,11:29:41,156,156.478947,0.571500,0.338200,0.264300,0.232400,0.424700,0.178100,0.097300,0.063400,0.146800,0.160100,0.167100,0.169000,1.140867,63.176396,62.533534,4.400856,0.088190,0.565855,3,10,8,5,3,10,8,5,3,10,7,5,3,10,5,5,0.070490,0.131050,0.281240,0.281900,1,1,10:10:2024,21:46:17,1085,28.545000,77.192600,15.000000,lev20,Almucantar
IIT_Delhi,05:06:2023,12:18:51,156,156.513090,0.475900,0.291900,0.232600,0.207500,0.338000,0.143500,0.078400,0.050900,0.138000,0.148400,0.154300,0.156700,1.059502,73.590061,72.962247,2.061809,0.021847,0.471917,4,10,7,6,4,10,7,6,4,10,7,6,4,10,7,6,0.079950,0.149790,0.318840,0.316330,1,1,10:10:2024,21:27:54,1085,28.545000,77.192600,15.000000,lev20,Almucantar
IIT_Delhi,06:06:2023,11:02:10,157,157.459838,0.904100,0.517200,0.386000,0.331600,0.710700,0.311100,0.172000,0.113600,0.193500,0.206100,0.214100,0.218000,1.254132,57.178641,56.529990,1.720361,0.025305,0.897887,4,10,7,5,4,10,7,5,4,10,7,5,4,10,8,4,0.066950,0.124020,0.267010,0.268890,1,1,10:10:2024,21:32:56,1085,28.545000,77.192600,15.000000,lev20,Almucantar
IIT_Delhi,06:06:2023,11:22:36,157,157.474028,0.925500,0.533800,0.401000,0.345600,0.722900,0.315500,0.175000,0.116900,0.202700,0.218300,0.226000,0.228700,1.232784,61.580263,60.935930,1.132557,0.011926,0.918835,3,10,8,5,3,10,8,5,3,10,8,5,3,10,8,5,0.069440,0.128950,0.277020,0.278060,1,1,10:10:2024,21:40:51,1085,28.545000,77.192600,15.000000,lev20,Almucantar
IIT_Delhi,06:06:2023,11:43:00,157,157.488194,0.892800,0.528300,0.407700,0.357400,0.673400,0.291500,0.160000,0.104700,0.219400,0.236800,0.247800,0.252700,1.157512,65.942057,65.302899,1.578869,0.010730,0.886057,4,10,7,6,3,10,7,6,3,9,6,6,3,9,6,5,0.072520,0.135050,0.289310,0.289300,1,1,10:10:2024,21:48:38,1085,28.545000,77.192600,15.000000,lev20,Almucantar
IIT_Delhi,07:06:2023,11:22:38,158,158.474051,0.320000,0.237900,0.214300,0.206500,0.157200,0.064600,0.033500,0.022100,0.162700,0.173400,0.180800,0.184500,0.598902,61.511734,60.867609,2.878414,0.163573,0.315944,3,10,8,5,3,10,8,5,3,10,8,5,3,10,8,5,0.069390,0.128860,0.276840,0.277910,1,1,10:10:2024,21:48:55,1085,28.545000,77.192600,15.000000,lev20,Almucantar
IIT_Delhi,07:06:2023,11:42:55,158,158.488137,0.355700,0.267500,0.239900,0.229700,0.176600,0.077200,0.041800,0.027900,0.179100,0.190300,0.198000,0.201900,0.586808,65.847213,65.208248,1.993629,0.101198,0.351251,4,10,7,6,3,10,7,6,3,10,7,6,3,10,8,4,0.072450,0.134910,0.289010,0.289030,1,1,10:10:2024,21:29:29,1085,28.545000,77.192600,15.000000,lev20,Almucantar
IIT_Delhi,07:06:2023,12:19:39,158,158.513646,0.349000,0.256200,0.227400,0.216300,0.180400,0.077600,0.042200,0.027400,0.168600,0.178600,0.185200,0.188900,0.638005,73.595677,72.968665,2.278718,0.077183,0.343975,4,10,7,6,4,10,7,6,4,10,7,6,4,10,7,6,0.079970,0.149830,0.318940,0.316360,1,1,10:10:2024,21:35:05,1085,28.545000,77.192600,15.000000,lev20,Almucantar
IIT_Delhi,08:06:2023,11:02:29,159,159.460058,0.425300,0.311700,0.277700,0.264700,0.220500,0.093800,0.050700,0.032900,0.204700,0.217900,0.227100,0.231900,0.635632,57.099662,56.451415,2.359222,0.180920,0.418805,4,10,7,5,4,10,7,5,4,10,8,4,4,10,8,4,0.066900,0.123920,0.266820,0.268740,1,1,10:10:2024,21:43:31,1085,28.545000,77.192600,15.000000,lev20,Almucantar
IIT_Delhi,08:06:2023,12:20:08,159,159.513981,0.490200,0.370700,0.334800,0.320500,0.234800,0.100200,0.054200,0.034600,0.255400,0.270600,0.280500,0.286000,0.568921,73.618478,72.991869,1.973581,0.058142,0.483004,4,10,7,6,4,10,7,6,4,10,7,6,4,10,7,6,0.080010,0.149890,0.319050,0.316460,1,1,10:10:2024,21:28:35,1085,28.545000,77.192600,15.000000,lev20,Almucantar
IIT_Delhi,11:06:2023,11:03:06,162,162.460486,0.650400,0.570500,0.552000,0.548100,0.194500,0.083700,0.044500,0.028700,0.455900,0.486900,0.507500,0.519400,0.247404,57.022682,56.374968,2.233150,0.229982,0.640357,4,10,7,5,3,10,7,5,4,10,8,4,4,10,8,4,0.065810,0.122820,0.270020,0.271500,1,1,10:10:2024,21:47:50,1085,28.545000,77.192600,15.000000,lev20,Almucantar
IIT_Delhi,11:06:2023,11:23:33,162,162.474687,0.677800,0.587900,0.566200,0.559800,0.215700,0.093700,0.051400,0.035200,0.462100,0.494200,0.514800,0.524600,0.270978,61.421024,60.777751,2.547879,0.116946,0.668367,3,10,8,5,3,10,8,5,3,10,8,5,3,10,8,5,0.068200,0.127680,0.280180,0.280760,1,1,10:10:2024,21:55:36,1085,28.545000,77.192600,15.000000,lev20,Almucantar
IIT_Delhi,11:06:2023,11:44:04,162,162.488935,0.777500,0.688500,0.666700,0.660200,0.225800,0.098100,0.051700,0.032600,0.551800,0.590500,0.615100,0.627600,0.231565,65.799978,65.162021,2.322718,0.080502,0.766569,4,10,7,6,3,10,7,6,3,10,7,6,3,10,8,5,0.071180,0.133730,0.292720,0.292150,1,1,10:10:2024,22:00:06,1085,28.545000,77.192600,15.000000,lev20,Almucantar
IIT_Delhi,12:06:2023,11:04:34,163,163.461505,0.890500,0.832700,0.818900,0.807400,0.211300,0.101100,0.057300,0.039100,0.679200,0.731700,0.761700,0.768400,0.126451,57.272243,56.624929,3.682498,0.177638,0.878765,4,10,7,5,3,10,7,5,4,10,7,5,4,10,8,4,0.066020,0.123210,0.270740,0.271980,1,1,10:10:2024,21:42:57,1085,28.545000,77.192600,15.000000,lev20,Almucantar
IIT_Delhi,12:06:2023,11:26:31,163,163.476748,0.908000,0.845500,0.828400,0.819000,0.223800,0.108300,0.063700,0.044900,0.684300,0.737200,0.764700,0.774100,0.137890,61.988726,61.346283,3.865858,0.120515,0.897978,3,10,8,5,3,10,8,5,3,10,8,5,3,10,8,5,0.068570,0.128430,0.281710,0.282100,1,1,10:10:2024,21:54:00,1085,28.545000,77.192600,15.000000,lev20,Almucantar
IIT_Delhi,12:06:2023,11:47:32,163,163.491343,0.944100,0.870700,0.853000,0.842000,0.224500,0.098400,0.053700,0.035500,0.719600,0.772200,0.799300,0.806500,0.153005,66.467531,65.830692,3.398123,0.128972,0.931607,4,10,7,6,4,10,7,6,4,10,7,6,3,10,7,6,0.071710,0.134820,0.294930,0.294120,1,1,10:10:2024,22:06:56,1085,28.545000,77.192600,15.000000,lev20,Almucantar
IIT_Delhi,13:06:2023,12:22:06,164,164.515347,0.847500,0.837900,0.841500,0.836900,0.119000,0.057100,0.034800,0.023500,0.728500,0.780800,0.806700,0.813400,0.012102,73.667930,73.042838,5.467110,0.112439,0.831183,4,10,7,6,4,10,7,6,4,10,7,6,4,10,7,6,0.078610,0.148830,0.323830,0.320410,1,1,11:10:2024,03:59:00,1085,28.545000,77.192600,15.000000,lev20,Almucantar
IIT_Delhi,14:06:2023,11:45:40,165,165.490046,0.493900,0.453700,0.446900,0.443200,0.134300,0.064900,0.039800,0.028100,0.359600,0.388900,0.407100,0.415100,0.152029,65.940410,65.303222,2.556156,0.082464,0.485530,4,10,5,5,3,9,4,3,3,10,5,4,3,10,7,5,0.071280,0.133940,0.293170,0.292560,1,1,11:10:2024,03:41:25,1085,28.545000,77.192600,15.000000,lev20,Almucantar
IIT_Delhi,14:06:2023,12:22:12,165,165.515417,0.486700,0.445600,0.437000,0.431700,0.129000,0.059200,0.035700,0.023700,0.357700,0.386400,0.401300,0.408000,0.162978,73.623253,72.998282,2.678404,0.055648,0.476731,2,7,7,6,4,9,7,6,4,9,7,6,4,10,7,6,0.078530,0.148680,0.323540,0.320220,1,1,11:10:2024,03:49:54,1085,28.545000,77.192600,15.000000,lev20,Almucantar
IIT_Delhi,20:06:2023,11:04:40,171,171.461574,0.658200,0.383300,0.291600,0.250400,0.517400,0.226600,0.128500,0.085400,0.140800,0.156600,0.163100,0.165000,1.201210,56.827558,56.180548,0.945645,0.010949,0.655115,4,10,7,5,4,10,8,4,4,10,8,4,4,10,8,4,0.065040,0.121400,0.272950,0.274340,1,1,11:10:2024,03:49:39,1085,28.545000,77.192600,15.000000,lev20,Almucantar
IIT_Delhi,20:06:2023,11:24:47,171,171.475544,0.674100,0.390500,0.293900,0.254100,0.531400,0.232100,0.127000,0.083700,0.142700,0.158500,0.166900,0.170400,1.223532,61.149436,60.506865,1.635561,0.029699,0.670974,3,10,8,5,3,10,8,5,3,10,8,5,3,10,8,5,0.067240,0.125960,0.282960,0.283460,1,1,11:10:2024,03:26:57,1085,28.545000,77.192600,15.000000,lev20,Almucantar
IIT_Delhi,20:06:2023,12:23:35,171,171.516377,0.645000,0.376500,0.286500,0.247700,0.504900,0.221400,0.123900,0.082200,0.140100,0.155100,0.162700,0.165500,1.197202,73.571121,72.946705,1.636649,0.040827,0.641476,4,10,7,6,4,10,7,6,4,10,7,6,4,10,7,6,0.077090,0.146410,0.327250,0.323830,1,1,11:10:2024,03:34:35,1085,28.545000,77.192600,15.000000,lev20,Almucantar
IIT_Delhi,21:06:2023,11:04:52,172,172.461713,1.166600,0.709600,0.548900,0.468200,0.890500,0.404800,0.230300,0.144500,0.276200,0.304900,0.318600,0.323700,1.111531,56.822146,56.175138,1.060941,0.028593,1.160936,4,10,7,5,4,10,8,4,4,10,8,4,4,10,8,4,0.065040,0.121390,0.272940,0.274330,1,1,11:10:2024,03:50:39,1085,28.545000,77.192600,15.000000,lev20,Almucantar
IIT_Delhi,21:06:2023,11:24:59,172,172.475683,1.145600,0.696200,0.538500,0.461100,0.878500,0.403100,0.234000,0.153300,0.267200,0.293200,0.304500,0.307700,1.113016,61.144009,60.501440,0.988176,0.010518,1.139654,3,10,8,5,3,10,8,5,3,10,8,5,3,10,8,5,0.067240,0.125970,0.282950,0.283450,1,1,11:10:2024,03:59:01,1085,28.545000,77.192600,15.000000,lev20,Almucantar
IIT_Delhi,21:06:2023,11:45:05,172,172.489641,1.184300,0.716400,0.544300,0.471900,0.912500,0.418500,0.232500,0.154600,0.271900,0.297900,0.311900,0.317300,1.143723,65.429486,64.792167,1.226715,0.028807,1.178113,3,10,7,6,3,10,7,6,3,10,8,5,3,10,8,5,0.069930,0.131560,0.295140,0.294570,1,1,11:10:2024,03:28:11,1085,28.545000,77.192600,15.000000,lev20,Almucantar
IIT_Delhi,22:06:2023,11:05:03,173,173.461840,1.174600,0.768000,0.611700,0.543200,0.858600,0.421100,0.251100,0.177400,0.316000,0.347000,0.360600,0.365800,0.960608,56.815576,56.168551,2.713705,0.026432,1.168148,4,10,7,5,4,10,8,4,4,10,8,4,4,10,8,4,0.065040,0.121390,0.272930,0.274320,1,1,11:10:2024,03:31:28,1085,28.545000,77.192600,15.000000,lev20,Almucantar
IIT_Delhi,22:06:2023,11:25:14,173,173.475856,1.151700,0.758000,0.607800,0.542200,0.825200,0.401600,0.237200,0.167000,0.326600,0.356400,0.370600,0.375200,0.941540,61.151838,60.509265,2.627282,0.076174,1.144474,3,10,8,5,3,10,8,5,3,10,8,5,3,10,8,5,0.067240,0.125970,0.282960,0.283470,1,1,11:10:2024,03:40:16,1085,28.545000,77.192600,15.000000,lev20,Almucantar
IIT_Delhi,21:11:2023,02:37:54,325,325.109653,1.479600,0.925300,0.625500,0.477500,1.430500,0.874500,0.573600,0.424600,0.049000,0.050800,0.051900,0.052900,1.244190,74.666057,75.215727,1.461481,0.009518,1.473951,4,10,7,6,4,10,7,6,4,10,7,5,4,10,7,5,0.069360,0.129300,0.289680,0.293620,1,1,19:05:2024,16:40:11,1292,28.545000,77.192600,15.000000,lev20,Almucantar
IIT_Delhi,21:11:2023,03:16:05,325,325.136169,1.488800,0.919200,0.618000,0.469500,1.445700,0.874700,0.572600,0.423300,0.043100,0.044500,0.045400,0.046200,1.271279,67.937682,68.446236,1.421852,0.012809,1.484656,4,10,7,6,4,10,7,6,4,10,7,6,4,10,7,6,0.064880,0.118450,0.263820,0.267910,1,1,19:05:2024,16:48:33,1292,28.545000,77.192600,15.000000,lev20,Almucantar
