Site,Date(dd:mm:yyyy),Time(hh:mm:ss),Day_of_Year,Day_of_Year(Fraction),Absorption_AOD[440nm],Absorption_AOD[675nm],Absorption_AOD[870nm],Absorption_AOD[1020nm],Absorption_Angstrom_Exponent_440-870nm,Average_Solar_Zenith_Angles_for_Flux_Calculation(Degrees),Solar_Zenith_Angle_for_Measurement_Start(Degrees),Sky_Residual(%),Sun_Residual(%),Coincident_AOD440nm,Scattering_Angle_Bin_3.2_to_<6_degrees[440nm],Scattering_Angle_Bin_6_to_<30_degrees[440nm],Scattering_Angle_Bin_30_to_<80_degrees[440nm],Scattering_Angle_Bin_80_degrees_and_over[440nm],Scattering_Angle_Bin_3.2_to_<6_degrees[675nm],Scattering_Angle_Bin_6_to_<30_degrees[675nm],Scattering_Angle_Bin_30_to_<80_degrees[675nm],Scattering_Angle_Bin_80_degrees_and_over[675nm],Scattering_Angle_Bin_3.2_to_<6_degrees[870nm],Scattering_Angle_Bin_6_to_<30_degrees[870nm],Scattering_Angle_Bin_30_to_<80_degrees[870nm],Scattering_Angle_Bin_80_degrees_and_over[870nm],Scattering_Angle_Bin_3.2_to_<6_degrees[1020nm],Scattering_Angle_Bin_6_to_<30_degrees[1020nm],Scattering_Angle_Bin_30_to_<80_degrees[1020nm],Scattering_Angle_Bin_80_degrees_and_over[1020nm],Surface_Albedo[440m],Surface_Albedo[675m],Surface_Albedo[870m],Surface_Albedo[1020m],If_Retrieval_is_L2(without_L2_0.4_AOD_440_threshold),If_AOD_is_L2,Last_Processing_Date(dd:mm:yyyy),Last_Processing_Time(hh:mm:ss),Instrument_Number,Latitude(Degrees),Longitude(Degrees),Elevation(m),Inversion_Data_Quality_Level,Retrieval_Measurement_Scan_Type
IIT_Delhi,01:04:2021,01:55:09,91,91.079965,-999.0,-999.0,-999.0,-999.0,-999.0,73.936420,74.592313,2.711773,0.118282,0.205580,4,10,7,6,4,10,7,6,4,10,7,6,4,10,7,6,0.080310,0.152120,0.294820,0.292630,1,1,30:06:2022,22:29:35,1170,28.545000,77.192600,15.000000,lev20,Almucantar
IIT_Delhi,01:04:2021,02:29:19,91,91.103692,-999.0,-999.0,-999.0,-999.0,-999.0,66.483868,67.136139,1.716754,0.131433,0.208548,4,10,7,6,4,10,7,6,4,10,7,6,4,10,7,6,0.071900,0.136100,0.266600,0.266130,1,1,30:06:2022,22:36:07,1170,28.545000,77.192600,15.000000,lev20,Almucantar
IIT_Delhi,01:04:2021,10:07:28,91,91.421852,0.054311,0.017332,0.019762,0.018539,1.611808,52.007712,51.382179,3.705958,0.331429,0.419625,3,10,8,4,3,10,8,4,3,10,8,4,3,10,8,4,0.062640,0.118080,0.234180,0.234600,1,1,30:06:2022,22:23:44,1170,28.545000,77.192600,15.000000,lev20,Almucantar
IIT_Delhi,01:04:2021,10:29:48,91,91.437361,0.060357,0.024549,0.027198,0.025950,1.270646,56.716261,56.079023,4.058046,0.354793,0.445318,4,10,7,5,4,10,8,4,4,10,8,4,4,10,8,3,0.065170,0.122760,0.242190,0.241670,1,1,30:06:2022,22:27:23,1170,28.545000,77.192600,15.000000,lev20,Almucantar
IIT_Delhi,01:04:2021,10:59:31,91,91.457998,0.060100,0.022361,0.023530,0.025805,1.477484,63.089285,62.441662,4.305382,0.276718,0.443055,3,10,8,5,3,10,8,5,3,10,8,5,3,10,8,5,0.069590,0.130950,0.256230,0.254110,1,1,30:06:2022,22:35:45,1170,28.545000,77.192600,15.000000,lev20,Almucantar
IIT_Delhi,01:04:2021,11:47:05,91,91.491030,0.074763,0.035127,0.032919,0.030660,1.265222,73.433976,72.778876,4.995134,0.120703,0.535918,4,10,7,6,4,10,7,6,4,10,7,6,4,10,7,6,0.080620,0.151380,0.291210,0.285120,1,1,30:06:2022,22:44:54,1170,28.545000,77.192600,15.000000,lev20,Almucantar
IIT_Delhi,01:04:2021,12:05:35,91,91.503877,0.072488,0.036184,0.033732,0.029544,1.177536,77.474102,76.819209,4.611778,0.060045,0.548705,4,9,7,5,4,9,7,6,4,10,7,6,4,10,7,6,0.087040,0.163240,0.311480,0.303050,1,1,30:06:2022,22:48:44,1170,28.545000,77.192600,15.000000,lev20,Almucantar
IIT_Delhi,02:04:2021,01:54:11,92,92.079294,-999.0,-999.0,-999.0,-999.0,-999.0,73.900859,74.557030,1.966071,0.099946,0.307889,4,10,7,6,4,10,7,6,4,10,7,6,4,10,7,6,0.080270,0.152030,0.294660,0.292480,1,1,30:06:2022,22:16:22,1170,28.545000,77.192600,15.000000,lev20,Almucantar
IIT_Delhi,02:04:2021,03:15:12,92,92.135556,-999.0,-999.0,-999.0,-999.0,-999.0,56.341463,56.981118,2.341500,0.246848,0.338232,4,10,8,4,4,10,8,4,4,10,8,4,4,10,8,4,0.064540,0.122110,0.242020,0.243210,1,1,30:06:2022,22:27:02,1170,28.545000,77.192600,15.000000,lev20,Almucantar
IIT_Delhi,02:04:2021,03:44:07,92,92.155637,-999.0,-999.0,-999.0,-999.0,-999.0,50.250994,50.875551,2.492475,0.247269,0.370364,3,10,8,4,3,10,8,4,3,10,8,4,3,10,8,4,0.061530,0.116400,0.231990,0.233920,1,1,30:06:2022,22:29:53,1170,28.545000,77.192600,15.000000,lev20,Almucantar
IIT_Delhi,02:04:2021,10:07:08,92,92.421620,-999.0,-999.0,-999.0,-999.0,-999.0,51.791408,51.164438,3.266431,0.208456,0.254096,3,10,8,4,3,10,8,4,3,10,8,4,3,10,8,4,0.062540,0.117880,0.233840,0.234310,1,1,30:06:2022,22:15:36,1170,28.545000,77.192600,15.000000,lev20,Almucantar
IIT_Delhi,02:04:2021,10:30:30,92,92.437847,-999.0,-999.0,-999.0,-999.0,-999.0,56.729397,56.090614,2.349776,0.240676,0.290854,4,10,7,5,4,10,8,4,4,10,8,4,4,10,8,4,0.065170,0.122760,0.242210,0.241690,1,1,30:06:2022,22:21:17,1170,28.545000,77.192600,15.000000,lev20,Almucantar
IIT_Delhi,02:04:2021,10:59:11,92,92.457766,-999.0,-999.0,-999.0,-999.0,-999.0,62.891169,62.242804,2.860215,0.200992,0.287462,3,10,8,5,3,10,8,5,3,10,8,5,3,10,8,5,0.069430,0.130650,0.255730,0.253660,1,1,30:06:2022,22:26:44,1170,28.545000,77.192600,15.000000,lev20,Almucantar
IIT_Delhi,02:04:2021,11:49:09,92,92.492465,-999.0,-999.0,-999.0,-999.0,-999.0,73.768029,73.112557,3.038415,0.129643,0.255577,4,10,7,6,4,10,7,6,4,10,7,6,4,10,7,6,0.081080,0.152240,0.292700,0.286450,1,1,30:06:2022,22:33:47,1170,28.545000,77.192600,15.000000,lev20,Almucantar
IIT_Delhi,02:04:2021,12:07:29,92,92.505197,-999.0,-999.0,-999.0,-999.0,-999.0,77.772701,77.117813,3.174948,0.073408,0.257518,4,8,7,5,4,8,7,5,4,9,7,6,4,10,7,6,0.087550,0.164200,0.313170,0.304560,1,1,30:06:2022,22:36:12,1170,28.545000,77.192600,15.000000,lev20,Almucantar
IIT_Delhi,03:04:2021,01:53:53,93,93.079086,-999.0,-999.0,-999.0,-999.0,-999.0,73.721272,74.377684,3.150629,0.157693,0.256203,4,10,7,6,4,10,7,6,4,10,7,6,4,10,7,6,0.080020,0.151560,0.293830,0.291700,1,1,30:06:2022,22:31:00,1170,28.545000,77.192600,15.000000,lev20,Almucantar
IIT_Delhi,03:04:2021,02:25:30,93,93.101042,-999.0,-999.0,-999.0,-999.0,-999.0,66.814194,67.468059,2.678775,0.226233,0.268169,4,10,7,6,4,10,7,6,4,10,7,6,4,10,7,6,0.072210,0.136680,0.267610,0.267090,1,1,30:06:2022,22:37:15,1170,28.545000,77.192600,15.000000,lev20,Almucantar
IIT_Delhi,03:04:2021,03:14:01,93,93.134734,-999.0,-999.0,-999.0,-999.0,-999.0,56.333484,56.974562,2.469329,0.332549,0.286950,4,10,8,4,4,10,8,4,4,10,8,4,4,10,8,4,0.064540,0.122110,0.242010,0.243200,1,1,30:06:2022,22:42:11,1170,28.545000,77.192600,15.000000,lev20,Almucantar
IIT_Delhi,03:04:2021,03:43:49,93,93.155428,-999.0,-999.0,-999.0,-999.0,-999.0,50.041896,50.667964,2.990497,0.339960,0.317982,3,10,8,4,3,10,8,4,3,10,8,4,3,10,8,4,0.061430,0.116230,0.231700,0.233650,1,1,30:06:2022,22:46:52,1170,28.545000,77.192600,15.000000,lev20,Almucantar
IIT_Delhi,03:04:2021,10:06:48,93,93.421389,-999.0,-999.0,-999.0,-999.0,-999.0,51.576837,50.948460,3.057404,0.504742,0.393545,3,10,8,4,3,10,8,4,3,10,8,4,3,10,8,4,0.062430,0.117690,0.233520,0.234020,1,1,30:06:2022,22:35:49,1170,28.545000,77.192600,15.000000,lev20,Almucantar
IIT_Delhi,03:04:2021,10:31:13,93,93.438345,0.051229,0.021552,0.019908,0.018536,1.456763,56.748469,56.108200,1.900950,0.160026,0.403748,4,10,7,5,4,10,8,4,4,10,8,4,4,10,8,4,0.065190,0.122790,0.242240,0.241720,1,1,30:06:2022,22:43:00,1170,28.545000,77.192600,15.000000,lev20,Almucantar
IIT_Delhi,03:04:2021,10:59:31,93,93.457998,-999.0,-999.0,-999.0,-999.0,-999.0,62.838616,62.189374,2.722508,0.172833,0.378705,3,10,8,5,3,10,8,5,3,10,8,5,3,10,8,5,0.069400,0.130580,0.255590,0.253540,1,1,30:06:2022,22:16:02,1170,28.545000,77.192600,15.000000,lev20,Almucantar
IIT_Delhi,03:04:2021,11:48:54,93,93.492292,-999.0,-999.0,-999.0,-999.0,-999.0,73.596911,72.941182,3.449840,0.114769,0.315771,4,10,7,6,4,10,7,6,4,10,7,6,4,10,7,6,0.080830,0.151780,0.291920,0.285760,1,1,30:06:2022,22:22:31,1170,28.545000,77.192600,15.000000,lev20,Almucantar
IIT_Delhi,03:04:2021,12:07:19,93,93.505081,-999.0,-999.0,-999.0,-999.0,-999.0,77.620923,76.965897,3.144182,0.051243,0.316481,4,8,7,6,4,8,7,6,4,9,7,6,4,10,7,6,0.087280,0.163710,0.312290,0.303790,1,1,30:06:2022,22:25:23,1170,28.545000,77.192600,15.000000,lev20,Almucantar
IIT_Delhi,04:04:2021,01:53:33,94,94.078854,-999.0,-999.0,-999.0,-999.0,-999.0,73.550822,74.207446,1.744639,0.066993,0.320769,4,10,7,6,4,10,7,6,4,10,7,6,4,10,7,6,0.079770,0.151090,0.293020,0.290970,1,1,30:06:2022,22:26:02,1170,28.545000,77.192600,15.000000,lev20,Almucantar
IIT_Delhi,04:04:2021,02:24:22,94,94.100255,-999.0,-999.0,-999.0,-999.0,-999.0,66.814509,67.468965,1.760497,0.122385,0.302736,4,10,7,6,4,10,7,6,4,10,7,6,4,10,7,6,0.072210,0.136680,0.267620,0.267090,1,1,30:06:2022,22:33:29,1170,28.545000,77.192600,15.000000,lev20,Almucantar
IIT_Delhi,04:04:2021,03:13:25,94,94.134317,-999.0,-999.0,-999.0,-999.0,-999.0,56.204041,56.846263,1.713262,0.156048,0.328155,4,10,8,4,4,10,8,4,4,10,8,4,4,10,8,4,0.064460,0.121970,0.241760,0.242980,1,1,30:06:2022,22:38:49,1170,28.545000,77.192600,15.000000,lev20,Almucantar
IIT_Delhi,04:04:2021,10:06:32,94,94.421204,-999.0,-999.0,-999.0,-999.0,-999.0,51.377998,50.748206,5.126800,0.263166,0.344731,3,10,8,4,3,10,8,4,3,10,8,4,3,10,8,4,0.062340,0.117520,0.233230,0.233760,1,1,30:06:2022,22:18:29,1170,28.545000,77.192600,15.000000,lev20,Almucantar
IIT_Delhi,05:04:2021,02:23:08,95,95.099398,0.068850,0.025930,0.022592,0.021512,1.706474,66.839179,67.494190,2.752728,0.149831,0.558497,4,10,7,6,4,10,7,6,4,10,7,6,4,10,7,6,0.072230,0.136720,0.267690,0.267170,1,1,30:06:2022,22:23:14,1170,28.545000,77.192600,15.000000,lev20,Almucantar
IIT_Delhi,05:04:2021,03:13:13,95,95.134178,0.058108,0.018835,0.017957,0.017504,1.822550,55.991827,56.635008,2.616386,0.266104,0.540914,4,10,8,4,4,10,8,4,4,10,8,4,4,10,8,4,0.064340,0.121740,0.241360,0.242610,1,1,30:06:2022,22:33:42,1170,28.545000,77.192600,15.000000,lev20,Almucantar
IIT_Delhi,05:04:2021,03:39:53,95,95.152697,0.057628,0.023956,0.021872,0.021330,1.490758,50.331471,50.962397,2.668162,0.250636,0.570943,3,10,8,4,3,10,8,4,3,10,8,4,3,10,7,4,0.061560,0.116470,0.232120,0.234040,1,1,30:06:2022,22:39:51,1170,28.545000,77.192600,15.000000,lev20,Almucantar
IIT_Delhi,06:04:2021,10:33:14,96,96.439745,0.210530,0.115880,0.094821,0.077197,1.196178,56.790697,56.146403,2.376864,0.065372,1.546514,4,10,7,5,4,10,8,4,4,10,8,4,4,10,8,4,0.065220,0.122840,0.242330,0.241780,1,1,30:06:2022,22:43:23,1170,28.545000,77.192600,15.000000,lev20,Almucantar
IIT_Delhi,06:04:2021,11:49:47,96,96.492905,0.207610,0.102600,0.084154,0.073165,1.361374,73.445366,72.789045,2.531900,0.026677,1.407386,4,10,7,6,4,10,7,6,4,10,7,6,4,10,7,6,0.080660,0.151420,0.291290,0.285160,1,1,30:06:2022,22:56:19,1170,28.545000,77.192600,15.000000,lev20,Almucantar
IIT_Delhi,06:04:2021,12:08:20,96,96.505787,0.205030,0.096911,0.079699,0.067330,1.427463,77.500218,76.845139,4.078588,0.037450,1.375559,4,9,7,6,4,8,7,6,4,9,7,6,4,9,7,6,0.087100,0.163340,0.311670,0.303180,1,1,30:06:2022,23:01:29,1170,28.545000,77.192600,15.000000,lev20,Almucantar
IIT_Delhi,07:04:2021,01:48:24,97,97.075278,0.147560,0.049253,0.034977,0.024473,2.163704,73.960632,74.617571,4.776147,0.101413,1.183497,4,10,7,6,4,10,7,6,4,10,7,6,4,10,7,6,0.082200,0.151670,0.294610,0.291980,1,1,30:06:2022,22:38:43,1170,28.545000,77.192600,15.000000,lev20,Almucantar
IIT_Delhi,07:04:2021,03:09:22,97,97.131505,0.129000,0.057466,0.049658,0.042446,1.454993,56.317635,56.963797,2.485530,0.162641,1.073304,4,10,8,4,4,10,8,4,4,10,8,4,4,10,8,4,0.066550,0.123950,0.244070,0.244860,1,1,30:06:2022,22:58:34,1170,28.545000,77.192600,15.000000,lev20,Almucantar
IIT_Delhi,07:04:2021,11:02:42,97,97.460208,0.080602,0.039141,0.032561,0.024668,1.370188,63.045763,62.393130,3.112160,0.150468,0.712922,3,10,8,5,3,10,8,5,3,10,8,5,3,10,8,5,0.071540,0.132060,0.257580,0.255140,1,1,30:06:2022,22:37:06,1170,28.545000,77.192600,15.000000,lev20,Almucantar
IIT_Delhi,07:04:2021,11:50:14,97,97.493218,0.061837,0.021570,0.018916,0.014100,1.817686,73.430395,72.773953,3.484462,0.095240,0.520651,4,10,7,6,4,10,7,6,4,10,7,6,4,10,7,6,0.082500,0.150950,0.291080,0.284720,1,1,30:06:2022,22:45:13,1170,28.545000,77.192600,15.000000,lev20,Almucantar
IIT_Delhi,07:04:2021,12:08:38,97,97.505995,0.054958,0.020642,0.018846,0.014821,1.649256,77.452569,76.797537,3.637240,0.062935,0.498671,4,8,7,6,4,9,7,6,4,8,7,6,4,9,7,6,0.088810,0.161820,0.310340,0.301680,1,1,30:06:2022,22:48:48,1170,28.545000,77.192600,15.000000,lev20,Almucantar
IIT_Delhi,08:04:2021,01:47:25,98,98.074595,-999.0,-999.0,-999.0,-999.0,-999.0,73.941187,74.598165,2.710248,0.099859,0.387644,4,10,7,6,4,10,7,6,4,10,7,6,4,10,7,6,0.082190,0.151640,0.294550,0.291900,1,1,30:06:2022,22:41:42,1170,28.545000,77.192600,15.000000,lev20,Almucantar
IIT_Delhi,08:04:2021,02:19:52,98,98.097130,0.060820,0.027340,0.026044,0.023422,1.312801,66.834558,67.490908,2.556271,0.160342,0.469277,4,10,7,6,4,10,7,6,4,10,7,6,4,10,7,6,0.074190,0.137440,0.268620,0.267650,1,1,30:06:2022,22:21:09,1170,28.545000,77.192600,15.000000,lev20,Almucantar
IIT_Delhi,08:04:2021,03:08:07,98,98.130637,0.049258,0.018416,0.017433,0.014639,1.608936,56.341375,56.988691,2.227490,0.214083,0.495932,4,10,8,4,4,10,8,4,4,10,8,4,4,10,8,4,0.066570,0.123970,0.244110,0.244900,1,1,30:06:2022,22:28:25,1170,28.545000,77.192600,15.000000,lev20,Almucantar
IIT_Delhi,08:04:2021,03:37:19,98,98.150914,0.055063,0.026959,0.026788,0.025224,1.123947,50.098227,50.733998,2.336956,0.273812,0.534711,3,10,8,4,3,10,8,4,3,10,8,4,3,10,8,4,0.063510,0.118600,0.234340,0.235890,1,1,30:06:2022,22:31:13,1170,28.545000,77.192600,15.000000,lev20,Almucantar
IIT_Delhi,08:04:2021,10:34:27,98,98.440590,-999.0,-999.0,-999.0,-999.0,-999.0,56.801809,56.155184,3.374413,0.314887,0.393703,4,10,7,5,4,10,8,4,4,10,8,4,4,10,8,4,0.067240,0.124650,0.244430,0.243540,1,1,30:06:2022,22:22:57,1170,28.545000,77.192600,15.000000,lev20,Almucantar
IIT_Delhi,08:04:2021,11:02:28,98,98.460046,-999.0,-999.0,-999.0,-999.0,-999.0,62.877345,62.224179,2.827779,0.170913,0.355452,3,10,8,5,3,10,8,5,3,10,8,5,3,10,8,5,0.071420,0.131840,0.257180,0.254770,1,1,30:06:2022,22:28:49,1170,28.545000,77.192600,15.000000,lev20,Almucantar
IIT_Delhi,08:04:2021,11:52:23,98,98.494711,-999.0,-999.0,-999.0,-999.0,-999.0,73.788096,73.131639,3.476858,0.100001,0.311024,4,10,7,6,4,10,7,6,4,10,7,6,4,10,7,6,0.082990,0.151800,0.292590,0.286060,1,1,30:06:2022,22:35:06,1170,28.545000,77.192600,15.000000,lev20,Almucantar
IIT_Delhi,08:04:2021,12:10:42,98,98.507431,-999.0,-999.0,-999.0,-999.0,-999.0,77.790872,77.136192,4.151559,0.066765,0.316771,4,8,7,6,4,8,7,6,4,8,7,6,4,10,7,6,0.089410,0.162860,0.312170,0.303310,1,1,30:06:2022,22:37:50,1170,28.545000,77.192600,15.000000,lev20,Almucantar
IIT_Delhi,09:04:2021,01:47:08,99,99.074398,-999.0,-999.0,-999.0,-999.0,-999.0,73.770795,74.427819,2.134867,0.070381,0.284457,4,10,7,6,4,10,7,6,4,10,7,6,4,10,7,6,0.081970,0.151230,0.293800,0.291200,1,1,30:06:2022,22:16:12,1170,28.545000,77.192600,15.000000,lev20,Almucantar
IIT_Delhi,09:04:2021,02:18:45,99,99.096354,-999.0,-999.0,-999.0,-999.0,-999.0,66.844654,67.501364,2.006855,0.119443,0.292641,4,10,7,6,4,10,7,6,4,10,7,6,4,10,7,6,0.074200,0.137460,0.268660,0.267680,1,1,30:06:2022,22:23:56,1170,28.545000,77.192600,15.000000,lev20,Almucantar
IIT_Delhi,09:04:2021,03:06:56,99,99.129815,-999.0,-999.0,-999.0,-999.0,-999.0,56.354459,57.002850,1.936926,0.196306,0.270173,4,10,8,4,4,10,8,4,4,10,8,4,4,10,8,4,0.066570,0.123990,0.244140,0.244920,1,1,30:06:2022,22:29:43,1170,28.545000,77.192600,15.000000,lev20,Almucantar
IIT_Delhi,09:04:2021,03:37:03,99,99.150729,-999.0,-999.0,-999.0,-999.0,-999.0,49.903322,50.540319,2.282942,0.253797,0.251232,3,10,8,4,3,10,8,4,3,10,8,4,3,10,8,4,0.063430,0.118450,0.234080,0.235650,1,1,30:06:2022,22:35:09,1170,28.545000,77.192600,15.000000,lev20,Almucantar
IIT_Delhi,10:04:2021,01:46:51,100,100.074201,-999.0,-999.0,-999.0,-999.0,-999.0,73.602859,74.259904,2.136934,0.064567,0.324610,4,10,7,6,4,10,7,6,4,10,7,6,4,10,7,6,0.081750,0.150850,0.293080,0.290510,1,1,30:06:2022,22:36:08,1170,28.545000,77.192600,15.000000,lev20,Almucantar
IIT_Delhi,10:04:2021,02:17:44,100,100.095648,-999.0,-999.0,-999.0,-999.0,-999.0,66.835766,67.492785,2.249552,0.121843,0.332998,4,10,7,6,4,10,7,6,4,10,7,6,4,10,7,6,0.074180,0.137430,0.268620,0.267650,1,1,30:06:2022,22:20:17,1170,28.545000,77.192600,15.000000,lev20,Almucantar
IIT_Delhi,10:04:2021,03:06:42,100,100.129653,-999.0,-999.0,-999.0,-999.0,-999.0,56.165826,56.814976,2.576801,0.267090,0.369895,4,10,8,4,4,10,8,4,4,10,8,4,4,10,8,4,0.066470,0.123800,0.243800,0.244610,1,1,30:06:2022,22:27:02,1170,28.545000,77.192600,15.000000,lev20,Almucantar
IIT_Delhi,10:04:2021,03:33:50,100,100.148495,-999.0,-999.0,-999.0,-999.0,-999.0,50.339457,50.978994,1.947710,0.112358,0.394136,3,10,8,4,3,10,8,3,3,10,8,4,3,10,8,4,0.063610,0.118780,0.234670,0.236190,1,1,30:06:2022,22:34:47,1170,28.545000,77.192600,15.000000,lev20,Almucantar
IIT_Delhi,10:04:2021,10:36:49,100,100.442234,0.052320,0.018449,0.018961,0.014227,1.592316,57.069407,56.420382,2.073657,0.085580,0.505736,4,10,7,5,4,10,7,5,4,10,8,4,4,10,8,4,0.067400,0.124920,0.244910,0.243970,1,1,30:06:2022,22:31:10,1170,28.545000,77.192600,15.000000,lev20,Almucantar
IIT_Delhi,10:04:2021,11:03:34,100,100.460810,0.052721,0.021625,0.020850,0.016873,1.440030,62.885467,62.231101,2.447567,0.112005,0.480562,3,10,8,5,3,10,8,5,3,10,8,5,3,10,8,5,0.071420,0.131840,0.257200,0.254790,1,1,30:06:2022,22:38:49,1170,28.545000,77.192600,15.000000,lev20,Almucantar
IIT_Delhi,10:04:2021,11:51:52,100,100.494352,0.063622,0.023755,0.021221,0.017019,1.687117,73.451479,72.794919,2.864345,0.073628,0.492308,4,10,7,6,4,10,7,6,4,10,7,6,4,10,7,6,0.082530,0.150990,0.291170,0.284790,1,1,30:06:2022,22:45:38,1170,28.545000,77.192600,15.000000,lev20,Almucantar
IIT_Delhi,10:04:2021,12:10:21,100,100.507188,0.064551,0.025573,0.024254,0.020350,1.515943,77.490472,76.835915,3.289711,0.054086,0.499457,4,9,7,6,4,8,7,6,4,9,7,6,4,10,7,6,0.088870,0.161910,0.310500,0.301860,1,1,30:06:2022,22:48:41,1170,28.545000,77.192600,15.000000,lev20,Almucantar
IIT_Delhi,11:04:2021,01:44:02,101,101.072245,-999.0,-999.0,-999.0,-999.0,-999.0,73.992333,74.649160,2.368122,0.076901,0.333989,4,10,7,6,4,10,7,6,4,10,7,6,4,10,7,6,0.082270,0.151770,0.294800,0.292110,1,1,30:06:2022,22:21:08,1170,28.545000,77.192600,15.000000,lev20,Almucantar
IIT_Delhi,11:04:2021,02:16:37,101,101.094873,-999.0,-999.0,-999.0,-999.0,-999.0,66.851750,67.509042,2.516840,0.163650,0.341414,4,10,7,6,4,10,7,6,4,10,7,6,4,10,7,6,0.074200,0.137460,0.268670,0.267700,1,1,30:06:2022,22:28:50,1170,28.545000,77.192600,15.000000,lev20,Almucantar
IIT_Delhi,11:04:2021,03:06:26,101,101.129468,-999.0,-999.0,-999.0,-999.0,-999.0,55.987681,56.637571,2.162972,0.243373,0.378197,4,10,8,4,4,10,8,4,4,10,8,4,4,10,8,4,0.066370,0.123630,0.243490,0.244320,1,1,30:06:2022,22:35:38,1170,28.545000,77.192600,15.000000,lev20,Almucantar
IIT_Delhi,11:04:2021,03:32:39,101,101.147674,0.051418,0.022541,0.021405,0.019669,1.356122,50.348412,50.989456,2.201544,0.289224,0.405483,3,10,8,4,3,10,8,4,3,10,8,4,3,10,8,4,0.063620,0.118780,0.234680,0.236210,1,1,30:06:2022,22:40:52,1170,28.545000,77.192600,15.000000,lev20,Almucantar
IIT_Delhi,11:04:2021,10:36:34,101,101.442060,0.069690,0.031248,0.028154,0.022398,1.389939,56.895765,56.246016,1.950358,0.065149,0.647137,4,10,7,5,4,10,8,4,4,10,8,4,4,10,8,4,0.067300,0.124740,0.244600,0.243690,1,1,30:06:2022,22:41:41,1170,28.545000,77.192600,15.000000,lev20,Almucantar
IIT_Delhi,11:04:2021,11:04:06,101,101.461181,0.073170,0.032777,0.030144,0.025952,1.364469,62.887791,62.232900,2.980795,0.165511,0.644446,3,10,8,5,3,10,8,5,3,10,8,5,3,10,8,5,0.071420,0.131850,0.257200,0.254790,1,1,30:06:2022,22:49:53,1170,28.545000,77.192600,15.000000,lev20,Almucantar
IIT_Delhi,11:04:2021,11:52:19,101,101.494664,0.077544,0.030435,0.026428,0.022256,1.646415,73.439022,72.782494,2.798232,0.070678,0.630974,4,10,7,6,4,10,7,6,4,10,7,6,4,10,7,6,0.082520,0.150970,0.291120,0.284750,1,1,30:06:2022,22:18:13,1170,28.545000,77.192600,15.000000,lev20,Almucantar
IIT_Delhi,11:04:2021,12:10:44,101,101.507454,0.084425,0.035552,0.030399,0.024210,1.556722,77.462636,76.808278,3.098337,0.039260,0.642679,4,8,7,6,4,8,7,6,4,8,7,6,4,9,7,6,0.088830,0.161860,0.310400,0.301730,1,1,30:06:2022,22:22:49,1170,28.545000,77.192600,15.000000,lev20,Almucantar
IIT_Delhi,12:04:2021,02:16:12,102,102.094583,0.092054,0.038705,0.032315,0.025538,1.590460,66.717388,67.374882,1.875619,0.080129,0.766562,4,10,7,6,4,10,7,6,4,10,7,6,4,10,7,6,0.074070,0.137230,0.268250,0.267330,1,1,30:06:2022,22:27:26,1170,28.545000,77.192600,15.000000,lev20,Almucantar
IIT_Delhi,12:04:2021,03:03:43,102,102.127581,0.091769,0.040303,0.034090,0.029370,1.505319,56.344192,56.995386,2.303339,0.189349,0.801820,4,10,8,4,4,10,8,4,4,10,8,4,4,10,8,4,0.066560,0.123980,0.244130,0.244910,1,1,30:06:2022,22:32:05,1170,28.545000,77.192600,15.000000,lev20,Almucantar
IIT_Delhi,12:04:2021,03:31:35,102,102.146933,0.089962,0.035381,0.032157,0.030534,1.583289,50.336870,50.979308,2.237065,0.381608,0.814436,3,10,8,4,3,10,8,4,3,10,8,4,3,10,8,4,0.063610,0.118770,0.234670,0.236190,1,1,30:06:2022,22:42:55,1170,28.545000,77.192600,15.000000,lev20,Almucantar
IIT_Delhi,12:04:2021,10:36:50,102,102.442245,0.121330,0.059760,0.051943,0.042837,1.290416,56.835457,56.184892,2.265785,0.078947,0.992932,4,10,7,5,4,10,8,4,4,10,8,4,4,10,8,4,0.067260,0.124680,0.244480,0.243590,1,1,30:06:2022,22:43:57,1170,28.545000,77.192600,15.000000,lev20,Almucantar
IIT_Delhi,12:04:2021,11:06:19,102,102.462720,0.095444,0.044193,0.038913,0.031376,1.369931,63.259181,62.603626,2.010282,0.035285,0.916090,3,10,8,5,3,10,8,5,3,10,8,5,3,10,8,5,0.071720,0.132350,0.258100,0.255590,1,1,30:06:2022,22:55:11,1170,28.545000,77.192600,15.000000,lev20,Almucantar
IIT_Delhi,12:04:2021,11:52:50,102,102.495023,0.097832,0.041020,0.035895,0.029439,1.533097,73.441671,72.785216,2.354788,0.025232,0.875937,4,10,7,6,4,10,7,6,4,10,7,6,4,10,7,6,0.082520,0.150990,0.291140,0.284760,1,1,30:06:2022,23:03:38,1170,28.545000,77.192600,15.000000,lev20,Almucantar
IIT_Delhi,12:04:2021,12:11:19,102,102.507859,0.098959,0.039450,0.032937,0.027388,1.673665,77.478708,76.824617,3.559265,0.036371,0.839915,4,8,7,6,4,9,7,6,4,9,7,6,4,10,7,6,0.088860,0.161910,0.310480,0.301810,1,1,30:06:2022,23:07:36,1170,28.545000,77.192600,15.000000,lev20,Almucantar
IIT_Delhi,13:04:2021,01:41:57,103,103.070799,0.084572,0.037821,0.031849,0.025680,1.482859,74.001640,74.658189,2.182680,0.061049,0.667777,4,10,7,6,4,10,7,6,4,10,7,6,4,10,7,6,0.082260,0.151770,0.294790,0.292150,1,1,30:06:2022,22:37:51,1170,28.545000,77.192600,15.000000,lev20,Almucantar
IIT_Delhi,13:04:2021,02:15:55,103,103.094387,0.078585,0.033625,0.029407,0.024305,1.502172,66.556832,67.214496,2.078236,0.113088,0.682777,4,10,7,6,4,10,7,6,4,10,7,6,4,10,7,6,0.073920,0.136980,0.267800,0.266880,1,1,30:06:2022,22:25:17,1170,28.545000,77.192600,15.000000,lev20,Almucantar
IIT_Delhi,13:04:2021,03:02:40,103,103.126852,0.069309,0.028412,0.024329,0.020448,1.596838,56.343618,56.995635,2.569984,0.199389,0.701758,4,10,8,4,4,10,8,4,4,10,8,4,4,10,8,4,0.066570,0.123980,0.244130,0.244910,1,1,30:06:2022,22:34:30,1170,28.545000,77.192600,15.000000,lev20,Almucantar
IIT_Delhi,13:04:2021,03:30:59,103,103.146516,0.063843,0.026535,0.023857,0.020805,1.511227,50.229701,50.873293,2.600056,0.218769,0.660597,3,10,8,4,3,10,8,4,3,10,8,4,3,10,8,4,0.063560,0.118700,0.234520,0.236060,1,1,30:06:2022,22:43:05,1170,28.545000,77.192600,15.000000,lev20,Almucantar
IIT_Delhi,13:04:2021,10:37:24,103,103.442639,0.073962,0.026382,0.021437,0.016547,1.883004,56.841770,56.190371,2.374019,0.167899,0.681011,4,10,7,5,4,10,8,4,4,10,8,4,4,10,8,4,0.067270,0.124700,0.244500,0.243600,1,1,30:06:2022,22:24:15,1170,28.545000,77.192600,15.000000,lev20,Almucantar
IIT_Delhi,13:04:2021,11:06:01,103,103.462512,0.075728,0.030836,0.026316,0.021833,1.611726,63.081808,62.425923,1.965891,0.089774,0.699049,3,10,8,5,3,10,8,5,3,10,8,5,3,10,8,5,0.071570,0.132110,0.257670,0.255210,1,1,30:06:2022,22:29:30,1170,28.545000,77.192600,15.000000,lev20,Almucantar
IIT_Delhi,13:04:2021,11:53:22,103,103.495394,0.079254,0.031773,0.027378,0.022655,1.623407,73.448439,72.792095,2.888187,0.064463,0.672799,4,10,7,6,4,10,7,6,4,10,7,6,4,10,7,6,0.082540,0.151010,0.291190,0.284780,1,1,30:06:2022,22:40:33,1170,28.545000,77.192600,15.000000,lev20,Almucantar
IIT_Delhi,13:04:2021,12:11:53,103,103.508252,0.074783,0.028680,0.023856,0.018575,1.739044,77.491395,76.837604,2.823315,0.034771,0.657402,4,8,7,6,4,8,7,6,4,9,7,6,4,10,7,6,0.088890,0.161950,0.310550,0.301870,1,1,30:06:2022,22:45:10,1170,28.545000,77.192600,15.000000,lev20,Almucantar
IIT_Delhi,14:04:2021,01:40:57,104,104.070104,0.050981,0.017933,0.015908,0.012012,1.789508,74.001282,74.657641,2.331198,0.067771,0.509615,4,10,7,6,4,10,7,6,4,10,7,6,4,10,7,6,0.082270,0.151790,0.294820,0.292150,1,1,30:06:2022,22:17:16,1170,28.545000,77.192600,15.000000,lev20,Almucantar
IIT_Delhi,14:04:2021,02:13:34,104,104.092755,0.053716,0.021148,0.017767,0.013060,1.684991,66.852537,67.510382,2.033968,0.123358,0.544400,4,10,7,6,4,10,7,6,4,10,7,6,4,10,7,6,0.074200,0.137460,0.268680,0.267700,1,1,30:06:2022,22:26:53,1170,28.545000,77.192600,15.000000,lev20,Almucantar
IIT_Delhi,15:04:2021,10:40:35,105,105.444850,0.113750,0.043842,0.033598,0.028011,1.838943,57.305452,56.652167,1.893606,0.063731,1.072937,4,10,7,5,4,9,5,5,4,9,4,5,4,10,6,4,0.071020,0.130410,0.250160,0.250490,1,1,30:06:2022,22:51:30,1170,28.545000,77.192600,15.000000,lev20,Almucantar
IIT_Delhi,16:04:2021,01:40:19,106,106.069664,0.104700,0.046716,0.038865,0.032383,1.502352,73.710241,74.366300,1.896835,0.018165,0.897179,4,10,7,6,4,10,7,6,4,10,7,6,4,10,7,6,0.086340,0.159240,0.301260,0.301000,1,1,30:06:2022,22:26:34,1170,28.545000,77.192600,15.000000,lev20,Almucantar
IIT_Delhi,16:04:2021,02:11:35,106,106.091377,0.101210,0.042973,0.034657,0.028325,1.620683,66.858228,67.516241,1.797843,0.025703,0.848557,4,10,7,6,4,10,7,6,4,10,7,6,4,10,7,6,0.078140,0.144110,0.274930,0.275860,1,1,30:06:2022,22:37:18,1170,28.545000,77.192600,15.000000,lev20,Almucantar
IIT_Delhi,16:04:2021,03:00:13,106,106.125150,0.089309,0.037829,0.030864,0.024989,1.609211,56.213148,56.867202,1.819734,0.037337,0.852235,4,10,8,4,4,10,8,4,4,10,8,4,4,10,8,4,0.069890,0.128920,0.248600,0.250870,1,1,30:06:2022,22:46:25,1170,28.545000,77.192600,15.000000,lev20,Almucantar
IIT_Delhi,16:04:2021,03:27:19,106,106.143970,0.083790,0.038371,0.034080,0.030267,1.375815,50.335390,50.982788,2.464485,0.047849,0.871868,3,10,8,4,3,10,8,4,3,10,8,4,3,10,8,4,0.066790,0.123240,0.238780,0.241610,1,1,30:06:2022,22:53:50,1170,28.545000,77.192600,15.000000,lev20,Almucantar
IIT_Delhi,17:04:2021,03:00:00,107,107.125000,0.025806,0.005619,0.005625,0.003243,2.380056,56.046723,56.701268,4.298303,0.118121,0.596048,4,10,8,4,4,9,8,4,4,10,8,4,4,10,7,4,0.069790,0.128740,0.248290,0.250580,1,1,30:06:2022,22:37:01,1170,28.545000,77.192600,15.000000,lev20,Almucantar
IIT_Delhi,17:04:2021,11:07:20,107,107.463426,-999.0,-999.0,-999.0,-999.0,-999.0,62.932041,62.274963,3.623557,0.143242,0.243361,3,10,8,5,3,10,8,5,3,10,7,5,3,10,6,5,0.075210,0.137920,0.262860,0.261940,1,1,30:06:2022,22:25:58,1170,28.545000,77.192600,15.000000,lev20,Almucantar
IIT_Delhi,17:04:2021,11:55:22,107,107.496782,-999.0,-999.0,-999.0,-999.0,-999.0,73.450294,72.794729,1.889327,0.056406,0.209381,4,10,7,6,4,10,7,6,4,10,7,6,4,10,7,6,0.087030,0.159130,0.298750,0.294340,1,1,30:06:2022,22:31:21,1170,28.545000,77.192600,15.000000,lev20,Almucantar
IIT_Delhi,17:04:2021,12:13:42,107,107.509514,-999.0,-999.0,-999.0,-999.0,-999.0,77.446120,76.793751,3.583458,0.037858,0.214116,4,8,7,6,4,9,7,6,4,9,7,6,4,10,7,6,0.093720,0.171150,0.319050,0.312600,1,1,30:06:2022,22:33:44,1170,28.545000,77.192600,15.000000,lev20,Almucantar
IIT_Delhi,18:04:2021,01:37:01,108,108.067373,0.068469,0.029520,0.024264,0.020529,1.571805,74.014400,74.669662,1.458745,0.023712,0.427945,4,10,7,6,4,10,7,6,4,10,7,6,4,10,7,6,0.086790,0.160070,0.302700,0.302360,1,1,30:06:2022,22:17:18,1170,28.545000,77.192600,15.000000,lev20,Almucantar
IIT_Delhi,18:04:2021,02:09:42,108,108.090069,0.052703,0.023191,0.020109,0.017178,1.469674,66.855494,67.513525,1.400181,0.043075,0.406584,4,10,7,6,4,10,7,6,4,10,7,6,4,10,7,6,0.078140,0.144100,0.274920,0.275850,1,1,30:06:2022,22:26:42,1170,28.545000,77.192600,15.000000,lev20,Almucantar
IIT_Delhi,18:04:2021,02:57:38,108,108.123356,0.054894,0.026609,0.023645,0.019324,1.286350,56.353534,57.008866,1.251138,0.052307,0.445256,4,10,8,4,4,10,8,4,4,10,8,4,4,10,8,4,0.069970,0.129080,0.248860,0.251130,1,1,30:06:2022,22:35:03,1170,28.545000,77.192600,15.000000,lev20,Almucantar
IIT_Delhi,18:04:2021,03:25:18,108,108.142569,0.049443,0.025788,0.023764,0.019236,1.124168,50.336968,50.986447,1.229207,0.079635,0.427221,3,10,8,4,3,10,8,4,3,10,8,4,3,10,8,4,0.066790,0.123240,0.238790,0.241620,1,1,30:06:2022,22:41:31,1170,28.545000,77.192600,15.000000,lev20,Almucantar
IIT_Delhi,18:04:2021,11:09:55,108,108.465220,0.086989,0.035182,0.028871,0.021920,1.673808,63.390743,62.733380,3.368473,0.176927,0.891571,3,10,8,5,3,10,8,5,3,10,8,5,3,10,8,5,0.075610,0.138630,0.264050,0.263020,1,1,30:06:2022,22:36:07,1170,28.545000,77.192600,15.000000,lev20,Almucantar
IIT_Delhi,18:04:2021,11:55:59,108,108.497211,0.085522,0.031025,0.025868,0.017464,1.822757,73.477037,72.821764,4.135245,0.094799,0.794949,4,10,7,6,4,10,7,6,4,10,7,6,4,10,7,6,0.087090,0.159240,0.298910,0.294450,1,1,30:06:2022,22:45:02,1170,28.545000,77.192600,15.000000,lev20,Almucantar
IIT_Delhi,19:04:2021,01:36:04,109,109.066713,0.054037,0.021179,0.018511,0.015886,1.640041,74.018031,74.672941,2.228063,0.076189,0.447664,4,10,7,6,4,10,7,6,4,10,7,6,4,10,7,6,0.086780,0.160070,0.302700,0.302370,1,1,30:06:2022,22:18:58,1170,28.545000,77.192600,15.000000,lev20,Almucantar
IIT_Delhi,19:04:2021,02:09:28,109,109.089907,0.056453,0.020712,0.018158,0.015867,1.739198,66.703976,67.361986,1.944667,0.112925,0.497914,4,10,7,6,4,10,7,6,4,10,7,6,4,10,7,6,0.077990,0.143840,0.274460,0.275390,1,1,30:06:2022,22:28:49,1170,28.545000,77.192600,15.000000,lev20,Almucantar
IIT_Delhi,19:04:2021,02:56:42,109,109.122708,0.056021,0.023432,0.019744,0.019260,1.586544,56.351839,57.007677,1.808929,0.222688,0.544981,4,10,8,4,4,10,8,4,4,10,8,4,4,10,8,4,0.069970,0.129070,0.248860,0.251130,1,1,30:06:2022,22:38:09,1170,28.545000,77.192600,15.000000,lev20,Almucantar
IIT_Delhi,19:04:2021,11:09:36,109,109.465000,0.065448,0.025958,0.021712,0.019084,1.679245,63.214847,62.557357,4.296438,0.267165,0.568115,3,10,8,5,3,10,8,5,3,10,8,5,3,10,8,5,0.075460,0.138360,0.263590,0.262600,1,1,30:06:2022,22:24:26,1170,28.545000,77.192600,15.000000,lev20,Almucantar
IIT_Delhi,19:04:2021,11:56:29,109,109.497558,0.072789,0.032469,0.028172,0.023279,1.447544,73.478545,72.823580,3.422327,0.092962,0.625257,4,10,7,6,4,10,7,6,4,10,7,6,4,10,7,6,0.087080,0.159240,0.298910,0.294460,1,1,30:06:2022,22:35:49,1170,28.545000,77.192600,15.000000,lev20,Almucantar
IIT_Delhi,19:04:2021,12:14:57,109,109.510382,0.075051,0.029734,0.025973,0.022198,1.623972,77.498446,76.847045,3.631295,0.066578,0.618947,4,8,7,6,4,8,7,6,4,9,7,6,4,10,7,6,0.093840,0.171350,0.319370,0.312870,1,1,30:06:2022,22:39:47,1170,28.545000,77.192600,15.000000,lev20,Almucantar
IIT_Delhi,21:04:2021,01:34:11,111,111.065405,0.054976,0.025924,0.021218,0.016337,1.437441,74.031293,74.685407,1.572082,0.021797,0.652731,4,10,7,6,4,10,7,6,4,10,7,6,4,10,7,6,0.086810,0.160100,0.302760,0.302420,1,1,30:06:2022,22:27:23,1170,28.545000,77.192600,15.000000,lev20,Almucantar
IIT_Delhi,21:04:2021,02:54:49,111,111.121400,0.036032,0.022792,0.015806,0.013511,1.196298,56.364767,57.021483,2.115147,0.095050,0.446651,4,10,8,4,4,10,8,4,4,10,8,4,4,10,8,4,0.069980,0.129080,0.248890,0.251150,1,1,30:06:2022,22:35:10,1170,28.545000,77.192600,15.000000,lev20,Almucantar
IIT_Delhi,21:04:2021,03:24:08,111,111.141759,-999.0,-999.0,-999.0,-999.0,-999.0,49.970882,50.622617,2.233159,0.127949,0.379420,3,10,8,4,3,10,8,4,3,10,8,4,3,10,8,4,0.066620,0.122930,0.238250,0.241120,1,1,30:06:2022,22:37:15,1170,28.545000,77.192600,15.000000,lev20,Almucantar
IIT_Delhi,21:04:2021,12:18:04,111,111.512546,0.052534,0.016507,0.013663,0.010710,2.056822,77.955024,77.305224,3.177153,0.016758,0.681363,4,8,7,6,4,8,7,6,4,9,7,6,4,8,7,6,0.094730,0.172930,0.322060,0.315270,1,1,30:06:2022,22:28:04,1170,28.545000,77.192600,15.000000,lev20,Almucantar
IIT_Delhi,22:04:2021,02:05:58,112,112.087477,0.056625,0.036758,0.033115,0.028591,0.812089,66.885180,67.542816,1.862943,0.021786,0.588690,4,10,7,6,4,10,7,6,4,10,7,6,4,10,7,6,0.078170,0.144160,0.275030,0.275940,1,1,30:06:2022,22:23:51,1170,28.545000,77.192600,15.000000,lev20,Almucantar
IIT_Delhi,22:04:2021,02:53:54,112,112.120764,0.050823,0.026649,0.023296,0.023071,1.185145,56.372186,57.029270,1.257628,0.037579,0.551056,4,10,8,4,4,10,8,4,4,10,8,4,4,10,8,4,0.069980,0.129100,0.248910,0.251170,1,1,30:06:2022,22:30:21,1170,28.545000,77.192600,15.000000,lev20,Almucantar
IIT_Delhi,22:04:2021,03:21:30,112,112.139931,0.054547,0.034004,0.028797,0.022716,0.956578,50.345803,50.998710,0.999234,0.017565,0.544889,3,10,8,4,3,10,8,4,3,10,8,4,3,10,8,4,0.066790,0.123250,0.238800,0.241640,1,1,30:06:2022,22:36:24,1170,28.545000,77.192600,15.000000,lev20,Almucantar
IIT_Delhi,22:04:2021,10:44:04,112,112.447269,0.068553,0.036053,0.030521,0.025672,1.222668,57.303807,56.647117,2.126546,0.052175,0.697035,4,10,7,5,4,10,7,5,4,10,7,5,4,10,8,4,0.071030,0.130410,0.250160,0.250480,1,1,30:06:2022,22:28:10,1170,28.545000,77.192600,15.000000,lev20,Almucantar
IIT_Delhi,22:04:2021,11:09:56,112,112.465231,0.072654,0.038636,0.034037,0.028914,1.153001,62.972567,62.314837,2.283861,0.041338,0.725842,3,10,8,5,3,10,8,5,3,10,8,5,3,10,8,5,0.075250,0.137990,0.262970,0.262030,1,1,30:06:2022,22:36:48,1170,28.545000,77.192600,15.000000,lev20,Almucantar
IIT_Delhi,22:04:2021,11:59:00,112,112.499306,0.079394,0.044322,0.039377,0.034258,1.066027,73.705758,73.052064,2.044220,0.013150,0.831790,4,10,7,6,4,10,7,6,4,10,7,6,4,10,7,6,0.087400,0.159820,0.299920,0.295390,1,1,30:06:2022,22:44:54,1170,28.545000,77.192600,15.000000,lev20,Almucantar
IIT_Delhi,22:04:2021,12:17:28,112,112.512130,0.080254,0.045913,0.040395,0.034851,1.040566,77.715794,77.066240,2.420072,0.005468,0.829098,4,8,7,6,4,8,7,6,4,9,7,6,4,9,7,6,0.094240,0.172080,0.320610,0.314010,1,1,30:06:2022,22:47:42,1170,28.545000,77.192600,15.000000,lev20,Almucantar
IIT_Delhi,23:04:2021,10:43:51,113,113.447118,0.088813,0.041455,0.035852,0.031517,1.380968,57.151433,56.494494,2.110722,0.136178,0.690168,4,10,7,5,4,10,7,5,4,10,8,4,4,10,8,4,0.069720,0.131170,0.250780,0.251700,1,1,30:06:2022,22:35:25,1170,28.545000,77.192600,15.000000,lev20,Almucantar
IIT_Delhi,23:04:2021,11:10:24,113,113.465556,0.093544,0.041050,0.035974,0.030240,1.460014,62.971053,62.313306,2.613128,0.104918,0.712332,3,10,8,5,3,10,8,5,3,10,8,4,3,10,8,4,0.073780,0.138930,0.264030,0.263600,1,1,30:06:2022,22:43:56,1170,28.545000,77.192600,15.000000,lev20,Almucantar
IIT_Delhi,24:04:2021,01:31:29,114,114.063530,-999.0,-999.0,-999.0,-999.0,-999.0,74.048985,74.701704,0.895997,0.017234,0.175769,4,10,7,6,4,10,7,6,4,10,7,6,4,10,7,6,0.084620,0.161080,0.304280,0.304350,1,1,30:06:2022,22:15:34,1170,28.545000,77.192600,15.000000,lev20,Almucantar
IIT_Delhi,24:04:2021,02:04:09,114,114.086215,-999.0,-999.0,-999.0,-999.0,-999.0,66.911176,67.568415,0.981055,0.029541,0.163296,4,10,7,6,4,10,7,6,4,10,7,6,4,10,7,6,0.076530,0.145140,0.276280,0.277690,1,1,30:06:2022,22:20:16,1170,28.545000,77.192600,15.000000,lev20,Almucantar
IIT_Delhi,24:04:2021,02:53:33,114,114.120521,-999.0,-999.0,-999.0,-999.0,-999.0,56.074954,56.732539,2.013257,0.118074,0.151982,4,10,8,4,4,10,8,4,4,10,8,4,4,10,8,4,0.068680,0.129720,0.249260,0.252130,1,1,30:06:2022,22:25:37,1170,28.545000,77.192600,15.000000,lev20,Almucantar
IIT_Delhi,24:04:2021,03:19:44,114,114.138704,-999.0,-999.0,-999.0,-999.0,-999.0,50.349783,51.004055,1.717305,0.126240,0.163738,3,10,8,4,3,10,8,3,3,10,8,4,3,10,8,3,0.065870,0.124210,0.239640,0.243080,1,1,30:06:2022,22:28:22,1170,28.545000,77.192600,15.000000,lev20,Almucantar
IIT_Delhi,25:04:2021,01:30:38,115,115.062940,-999.0,-999.0,-999.0,-999.0,-999.0,74.050929,74.703138,1.178408,0.015040,0.378713,4,10,7,6,4,10,7,6,4,10,7,6,4,10,7,6,0.084630,0.161090,0.304280,0.304360,1,1,30:06:2022,22:24:54,1170,28.545000,77.192600,15.000000,lev20,Almucantar
IIT_Delhi,25:04:2021,02:03:17,115,115.085613,-999.0,-999.0,-999.0,-999.0,-999.0,66.920752,67.577748,1.303819,0.043202,0.379945,4,10,7,6,4,10,7,6,4,10,7,6,4,10,7,6,0.076540,0.145160,0.276310,0.277720,1,1,30:06:2022,22:30:41,1170,28.545000,77.192600,15.000000,lev20,Almucantar
IIT_Delhi,25:04:2021,02:53:25,115,115.120428,-999.0,-999.0,-999.0,-999.0,-999.0,55.923618,56.581409,1.634963,0.079476,0.276479,4,10,8,4,4,10,8,4,4,10,8,4,4,10,8,3,0.068590,0.129560,0.248980,0.251860,1,1,30:06:2022,22:36:18,1170,28.545000,77.192600,15.000000,lev20,Almucantar
IIT_Delhi,26:04:2021,01:29:48,116,116.062361,0.075927,0.040615,0.035158,0.030485,1.166857,74.052817,74.704493,1.673291,0.017121,0.461478,4,10,7,6,4,10,7,6,4,10,7,6,4,10,7,6,0.084620,0.161080,0.304290,0.304360,1,1,30:06:2022,22:40:04,1170,28.545000,77.192600,15.000000,lev20,Almucantar
IIT_Delhi,26:04:2021,02:03:08,116,116.085509,0.064450,0.034209,0.029372,0.024663,1.189711,66.777268,67.434063,1.486322,0.030644,0.431391,4,10,7,6,4,10,7,6,4,10,7,6,4,10,7,6,0.076400,0.144900,0.275850,0.277280,1,1,30:06:2022,22:21:43,1170,28.545000,77.192600,15.000000,lev20,Almucantar
IIT_Delhi,26:04:2021,02:50:32,116,116.118426,0.056828,0.025946,0.023295,0.020574,1.366296,56.379764,57.037879,1.679288,0.062882,0.426571,4,10,8,4,4,10,8,4,4,10,8,4,4,10,8,4,0.068850,0.130050,0.249850,0.252680,1,1,30:06:2022,22:31:36,1170,28.545000,77.192600,15.000000,lev20,Almucantar
IIT_Delhi,26:04:2021,03:18:13,116,116.137650,0.071168,0.041258,0.032810,0.029377,1.152649,50.318462,50.973861,4.091341,0.361857,0.452805,3,10,8,4,3,10,8,4,3,10,8,4,3,10,8,4,0.065860,0.124180,0.239600,0.243040,1,1,30:06:2022,22:38:16,1170,28.545000,77.192600,15.000000,lev20,Almucantar
IIT_Delhi,26:04:2021,10:44:20,116,116.447454,0.134060,0.061398,0.049143,0.041387,1.512355,56.947522,56.289941,2.077120,0.045373,0.961257,4,10,7,5,4,10,7,5,4,10,8,4,4,10,8,4,0.069600,0.130940,0.250380,0.251340,1,1,30:06:2022,22:34:11,1170,28.545000,77.192600,15.000000,lev20,Almucantar
IIT_Delhi,26:04:2021,11:13:20,116,116.467593,0.139890,0.065065,0.052070,0.043478,1.488439,63.305970,62.648442,2.124566,0.041632,0.963428,3,10,8,5,3,10,8,5,3,10,8,5,3,10,8,5,0.074030,0.139430,0.264890,0.264390,1,1,30:06:2022,22:40:01,1170,28.545000,77.192600,15.000000,lev20,Almucantar
IIT_Delhi,26:04:2021,11:59:55,116,116.499942,0.142490,0.069678,0.057483,0.047417,1.370264,73.479368,72.827311,3.094754,0.028464,1.013001,4,10,7,6,4,10,7,6,4,10,7,6,4,10,7,6,0.084850,0.160140,0.300290,0.296270,1,1,30:06:2022,22:50:22,1170,28.545000,77.192600,15.000000,lev20,Almucantar
IIT_Delhi,26:04:2021,12:18:23,116,116.512766,0.134170,0.065412,0.054507,0.045325,1.361811,77.477631,76.830176,2.964893,0.014188,1.044277,4,9,7,6,4,8,7,6,4,9,7,6,4,9,7,6,0.091140,0.172170,0.320850,0.314710,1,1,30:06:2022,22:54:45,1170,28.545000,77.192600,15.000000,lev20,Almucantar
IIT_Delhi,27:04:2021,01:29:00,117,117.061806,0.112260,0.054606,0.045036,0.036923,1.378898,74.051090,74.702216,2.610582,0.024387,0.765565,4,10,7,6,4,10,7,6,4,10,7,6,4,10,7,6,0.084620,0.161070,0.304280,0.304350,1,1,30:06:2022,22:35:20,1170,28.545000,77.192600,15.000000,lev20,Almucantar
IIT_Delhi,27:04:2021,02:03:02,117,117.085440,0.106820,0.054094,0.044950,0.037030,1.306155,66.626870,67.283451,2.470179,0.047434,0.766365,4,10,7,6,4,10,7,6,4,10,7,6,4,10,7,6,0.076260,0.144610,0.275350,0.276820,1,1,30:06:2022,22:20:12,1170,28.545000,77.192600,15.000000,lev20,Almucantar
IIT_Delhi,27:04:2021,02:49:44,117,117.117870,0.103110,0.053345,0.045171,0.038230,1.247956,56.383585,57.041858,1.974750,0.060645,0.759248,4,10,8,4,4,10,8,4,4,10,8,4,4,10,7,5,0.068850,0.130060,0.249860,0.252690,1,1,30:06:2022,22:31:47,1170,28.545000,77.192600,15.000000,lev20,Almucantar
IIT_Delhi,27:04:2021,03:18:07,117,117.137581,0.094277,0.048056,0.042691,0.035402,1.208170,50.166161,50.821961,1.627625,0.064414,0.735279,3,10,8,4,3,10,8,4,3,10,8,4,3,10,8,4,0.065790,0.124050,0.239370,0.242830,1,1,30:06:2022,22:40:48,1170,28.545000,77.192600,15.000000,lev20,Almucantar
IIT_Delhi,27:04:2021,11:13:11,117,117.467488,0.168540,0.076286,0.060995,0.050672,1.532131,63.171422,62.513988,2.383700,0.043523,1.183139,3,10,8,5,3,10,8,5,3,10,8,5,3,10,8,5,0.073930,0.139230,0.264540,0.264070,1,1,30:06:2022,22:31:19,1170,28.545000,77.192600,15.000000,lev20,Almucantar
IIT_Delhi,27:04:2021,12:00:34,117,117.500394,0.189590,0.088730,0.069953,0.057084,1.498423,73.514540,72.863026,3.247517,0.040145,1.296952,4,10,7,6,4,10,7,6,4,10,7,6,4,10,7,6,0.084900,0.160250,0.300470,0.296420,1,1,30:06:2022,22:46:37,1170,28.545000,77.192600,15.000000,lev20,Almucantar
IIT_Delhi,27:04:2021,12:19:06,117,117.513264,0.199840,0.095044,0.074480,0.060215,1.481219,77.523266,76.876529,4.031076,0.024392,1.323049,4,8,6,6,4,7,7,6,4,8,7,6,4,9,7,6,0.091230,0.172350,0.321110,0.314950,1,1,30:06:2022,22:51:28,1170,28.545000,77.192600,15.000000,lev20,Almucantar
IIT_Delhi,28:04:2021,02:02:56,118,118.085370,0.135450,0.058579,0.047602,0.038629,1.581996,66.480566,67.136914,2.956862,0.141311,0.975781,4,10,7,6,4,10,7,6,4,10,7,6,4,10,7,6,0.076130,0.144350,0.274910,0.276380,1,1,30:06:2022,22:33:52,1170,28.545000,77.192600,15.000000,lev20,Almucantar
IIT_Delhi,28:04:2021,02:49:00,118,118.117361,0.115560,0.050961,0.041869,0.034767,1.537106,56.377261,57.035652,2.715797,0.227382,0.900869,4,10,8,4,4,10,8,4,4,10,8,4,4,10,8,4,0.068840,0.130050,0.249840,0.252680,1,1,30:06:2022,22:46:22,1170,28.545000,77.192600,15.000000,lev20,Almucantar
IIT_Delhi,28:04:2021,03:17:57,118,118.137465,0.109170,0.049803,0.042646,0.038586,1.429799,50.033105,50.689287,2.893810,0.299822,0.885560,3,10,8,4,3,10,8,4,3,10,8,4,3,10,8,4,0.065740,0.123940,0.239180,0.242640,1,1,30:06:2022,22:55:48,1170,28.545000,77.192600,15.000000,lev20,Almucantar
IIT_Delhi,28:04:2021,12:00:59,118,118.500683,0.158870,0.074858,0.059428,0.048177,1.478717,73.499104,72.848107,3.775112,0.057899,1.303262,4,10,7,6,4,10,7,6,4,10,7,6,4,10,7,6,0.084890,0.160220,0.300420,0.296360,1,1,30:06:2022,22:27:11,1170,28.545000,77.192600,15.000000,lev20,Almucantar
IIT_Delhi,28:04:2021,12:19:37,118,118.513623,0.164780,0.077505,0.060233,0.045222,1.509467,77.525701,76.879639,6.142206,0.190035,1.289796,4,8,7,6,4,9,7,6,4,9,7,6,4,10,7,6,0.091240,0.172340,0.321130,0.314970,1,1,30:06:2022,22:34:57,1170,28.545000,77.192600,15.000000,lev20,Almucantar
IIT_Delhi,29:04:2021,01:27:52,119,119.061019,0.122560,0.047669,0.032887,0.022068,1.962788,73.957567,74.607635,3.215315,0.033003,0.877028,4,10,7,6,4,10,7,6,4,10,7,6,4,10,6,6,0.084500,0.160820,0.303840,0.303930,1,1,30:06:2022,22:36:38,1170,28.545000,77.192600,15.000000,lev20,Almucantar
IIT_Delhi,29:04:2021,02:48:14,119,119.116829,0.113100,0.050534,0.041113,0.032465,1.529521,56.382758,57.041232,2.384220,0.060016,0.997651,4,10,8,4,4,10,7,4,4,10,7,4,4,10,5,5,0.068840,0.130050,0.249850,0.252690,1,1,30:06:2022,22:42:21,1170,28.545000,77.192600,15.000000,lev20,Almucantar
IIT_Delhi,29:04:2021,03:15:40,119,119.135880,0.110840,0.055025,0.048538,0.039599,1.258734,50.367959,51.024741,1.142029,0.029690,0.979910,3,10,8,4,3,10,8,4,3,10,8,4,3,10,8,4,0.065880,0.124220,0.239660,0.243110,1,1,30:06:2022,22:29:11,1170,28.545000,77.192600,15.000000,lev20,Almucantar
IIT_Delhi,30:04:2021,03:14:57,120,120.135382,0.163470,0.065700,0.054525,0.047742,1.668834,50.365068,51.022205,1.678460,0.028566,1.196842,3,10,8,4,3,10,8,4,3,10,8,4,3,10,8,4,0.065870,0.124220,0.239670,0.243100,1,1,30:06:2022,22:54:58,1170,28.545000,77.192600,15.000000,lev20,Almucantar
IIT_Delhi,30:04:2021,10:47:45,120,120.449826,0.151030,0.072666,0.057971,0.047782,1.439654,57.294282,56.636280,2.245888,0.056188,1.229161,4,10,7,5,4,10,7,5,4,10,7,5,4,10,8,4,0.069810,0.131340,0.251070,0.251960,1,1,30:06:2022,22:49:22,1170,28.545000,77.192600,15.000000,lev20,Almucantar
IIT_Delhi,30:04:2021,11:13:52,120,120.467963,0.138440,0.072494,0.059777,0.047969,1.263972,63.018884,62.361930,2.675730,0.041931,1.178711,3,10,8,5,3,10,8,5,3,10,8,5,3,10,8,5,0.073800,0.139000,0.264150,0.263720,1,1,30:06:2022,22:54:47,1170,28.545000,77.192600,15.000000,lev20,Almucantar
IIT_Delhi,01:05:2021,01:27:39,121,121.060868,0.149270,0.065198,0.043831,0.033844,1.815604,73.681071,74.330238,3.511113,0.026785,1.259726,4,10,7,6,4,10,4,6,4,10,4,5,4,10,4,5,0.080980,0.156900,0.300240,0.300420,1,1,30:06:2022,22:31:13,1170,28.545000,77.192600,15.000000,lev20,Almucantar
IIT_Delhi,02:05:2021,02:47:25,122,122.116262,0.044617,0.017031,0.016253,0.013846,1.565850,56.100899,56.759435,2.387055,0.048976,0.627455,4,10,7,3,4,10,6,3,4,10,4,3,4,9,4,3,0.065870,0.126510,0.248430,0.251240,1,1,30:06:2022,22:27:49,1170,28.545000,77.192600,15.000000,lev20,Almucantar
IIT_Delhi,02:05:2021,03:13:33,122,122.134410,0.050363,0.020817,0.019397,0.017954,1.472909,50.366665,51.024389,1.748445,0.095285,0.654368,3,10,8,4,3,10,7,4,3,10,8,4,3,10,8,3,0.063140,0.121010,0.239080,0.242440,1,1,30:06:2022,22:35:32,1170,28.545000,77.192600,15.000000,lev20,Almucantar
IIT_Delhi,03:05:2021,10:47:43,123,123.449803,0.044169,0.023509,0.021644,0.018053,1.093708,56.991867,56.333906,3.261958,0.052250,0.636250,4,10,7,5,4,6,5,5,4,7,5,4,4,10,7,4,0.066780,0.127750,0.249560,0.250510,1,1,30:06:2022,22:21:03,1170,28.545000,77.192600,15.000000,lev20,Almucantar
IIT_Delhi,03:05:2021,12:03:23,123,123.502350,0.075175,0.026904,0.022380,0.019039,1.846993,73.491326,72.843239,1.920865,0.017739,0.674588,4,10,7,6,4,10,7,6,4,10,7,6,4,10,7,6,0.081710,0.156990,0.298140,0.294240,1,1,30:06:2022,22:38:05,1170,28.545000,77.192600,15.000000,lev20,Almucantar
IIT_Delhi,03:05:2021,12:21:46,123,123.515116,0.077261,0.031396,0.025389,0.020383,1.685676,77.444078,76.801462,2.045742,0.007212,0.668522,3,8,7,6,4,8,7,6,4,8,7,6,4,10,7,6,0.087820,0.168900,0.317890,0.312010,1,1,30:06:2022,22:42:00,1170,28.545000,77.192600,15.000000,lev20,Almucantar
IIT_Delhi,04:05:2021,01:23:42,124,124.058125,0.070699,0.030158,0.025070,0.020608,1.573629,74.079879,74.726611,1.805203,0.030391,0.609419,4,10,7,6,4,10,7,6,4,10,7,6,4,10,7,6,0.081520,0.157980,0.302090,0.302170,1,1,30:06:2022,22:37:55,1170,28.545000,77.192600,15.000000,lev20,Almucantar
IIT_Delhi,04:05:2021,01:57:14,124,124.081412,0.070252,0.029482,0.025107,0.021386,1.567414,66.804047,67.457873,1.725561,0.054581,0.605373,4,10,7,6,4,10,7,6,4,10,7,6,4,10,7,6,0.073430,0.141700,0.274310,0.275730,1,1,30:06:2022,22:46:35,1170,28.545000,77.192600,15.000000,lev20,Almucantar
IIT_Delhi,04:05:2021,02:44:44,124,124.114398,0.075840,0.028037,0.023537,0.020853,1.784286,56.405399,57.063793,1.697769,0.091193,0.616637,4,10,8,4,4,10,8,4,4,10,8,4,4,10,7,5,0.066040,0.126840,0.249000,0.251780,1,1,30:06:2022,22:24:32,1170,28.545000,77.192600,15.000000,lev20,Almucantar
IIT_Delhi,04:05:2021,03:12:19,124,124.133553,0.062833,0.030283,0.026388,0.021808,1.321038,50.351323,51.009469,1.890460,0.141161,0.558734,3,10,8,4,3,10,8,4,3,10,8,4,3,10,8,4,0.063130,0.121000,0.239060,0.242420,1,1,30:06:2022,22:33:25,1170,28.545000,77.192600,15.000000,lev20,Almucantar
IIT_Delhi,05:05:2021,01:57:07,125,125.081331,0.090220,0.045115,0.036512,0.029964,1.360545,66.690747,67.344202,1.221876,0.018103,0.738981,4,10,7,6,4,10,7,6,4,10,7,6,4,10,7,6,0.073330,0.141500,0.273960,0.275390,1,1,30:06:2022,22:27:32,1170,28.545000,77.192600,15.000000,lev20,Almucantar
IIT_Delhi,05:05:2021,02:44:05,125,125.113947,0.068591,0.034265,0.030339,0.026300,1.244023,56.412723,57.071012,1.437838,0.041103,0.676283,4,10,8,4,4,10,8,4,4,10,8,4,4,10,7,5,0.066040,0.126860,0.249010,0.251790,1,1,30:06:2022,22:37:41,1170,28.545000,77.192600,15.000000,lev20,Almucantar
IIT_Delhi,05:05:2021,03:12:11,125,125.133461,0.067524,0.031124,0.027733,0.023673,1.361399,50.244954,50.903237,1.078439,0.033442,0.702820,3,10,8,4,3,10,8,4,3,10,8,4,3,10,8,4,0.063090,0.120920,0.238920,0.242280,1,1,30:06:2022,22:41:04,1170,28.545000,77.192600,15.000000,lev20,Almucantar
IIT_Delhi,05:05:2021,12:22:51,125,125.515868,0.154250,0.075721,0.052600,0.041433,1.590114,77.459033,76.817951,2.995739,0.016932,1.412516,3,8,7,6,4,8,7,6,4,9,7,6,4,10,7,6,0.087840,0.168960,0.318000,0.312090,1,1,30:06:2022,22:42:32,1170,28.545000,77.192600,15.000000,lev20,Almucantar
IIT_Delhi,06:05:2021,01:22:20,126,126.057176,0.103800,0.061483,0.053172,0.046000,1.008873,74.091588,74.736935,1.872657,0.013572,1.081167,4,10,7,6,4,10,7,6,4,10,7,6,4,10,7,6,0.081530,0.158000,0.302120,0.302210,1,1,30:06:2022,22:18:47,1170,28.545000,77.192600,15.000000,lev20,Almucantar
IIT_Delhi,06:05:2021,01:57:03,126,126.081285,0.104090,0.059139,0.048883,0.041654,1.133374,66.570956,67.224035,2.758926,0.024924,1.064719,4,10,7,6,4,10,7,6,4,10,7,6,4,10,7,5,0.073220,0.141270,0.273570,0.275040,1,1,30:06:2022,22:30:30,1170,28.545000,77.192600,15.000000,lev20,Almucantar
IIT_Delhi,07:05:2021,01:22:05,127,127.057002,0.051005,0.021130,0.018764,0.015710,1.532578,74.010342,74.655102,1.722129,0.027660,0.552902,4,10,7,6,4,10,7,6,4,10,7,6,4,10,7,6,0.081430,0.157800,0.301780,0.301850,1,1,30:06:2022,22:31:38,1170,28.545000,77.192600,15.000000,lev20,Almucantar
IIT_Delhi,07:05:2021,01:54:38,127,127.079606,0.066897,0.027492,0.024508,0.022022,1.540052,66.966920,67.619190,1.508261,0.035789,0.663040,4,10,7,6,4,10,7,6,4,10,7,6,4,10,7,6,0.073580,0.142000,0.274820,0.276210,1,1,30:06:2022,22:39:40,1170,28.545000,77.192600,15.000000,lev20,Almucantar
IIT_Delhi,07:05:2021,02:42:52,127,127.113102,0.059496,0.028993,0.026125,0.019393,1.259762,56.422932,57.080933,1.403295,0.039611,0.742593,4,10,8,4,4,10,8,4,4,10,8,4,4,10,7,5,0.066050,0.126860,0.249030,0.251810,1,1,30:06:2022,22:21:55,1170,28.545000,77.192600,15.000000,lev20,Almucantar
IIT_Delhi,07:05:2021,03:12:02,127,127.133356,0.055008,0.019073,0.016898,0.014682,1.813646,50.021186,50.679665,1.274882,0.042014,0.753395,3,10,8,4,3,10,8,4,3,10,8,4,3,10,8,4,0.063000,0.120730,0.238590,0.241980,1,1,30:06:2022,22:29:24,1170,28.545000,77.192600,15.000000,lev20,Almucantar
IIT_Delhi,07:05:2021,10:49:40,127,127.451157,0.081024,0.039604,0.029503,0.024217,1.504992,57.033612,56.376110,2.591682,0.048844,1.068068,4,10,7,5,4,10,7,5,4,10,8,4,4,10,6,4,0.066810,0.127800,0.249640,0.250580,1,1,30:06:2022,22:42:42,1170,28.545000,77.192600,15.000000,lev20,Almucantar
IIT_Delhi,07:05:2021,11:17:06,127,127.470208,0.076655,0.039317,0.033840,0.029906,1.240026,63.034391,62.379483,2.055825,0.021265,1.010135,3,10,8,5,3,10,8,5,3,10,8,4,3,10,8,3,0.070870,0.135760,0.262880,0.262500,1,1,30:06:2022,22:49:01,1170,28.545000,77.192600,15.000000,lev20,Almucantar
IIT_Delhi,07:05:2021,12:07:07,127,127.504942,0.074642,0.040628,0.036394,0.031462,1.094721,73.875675,73.230664,1.776592,0.012958,0.950801,4,10,7,6,4,10,7,6,4,10,7,6,4,10,7,6,0.082240,0.158020,0.299850,0.295800,1,1,30:06:2022,22:22:56,1170,28.545000,77.192600,15.000000,lev20,Almucantar
IIT_Delhi,08:05:2021,01:22:03,128,128.056979,0.052267,0.028988,0.025859,0.023220,1.070890,73.886818,74.531046,1.132915,0.010398,0.656330,4,10,7,6,4,10,7,6,4,10,7,6,4,10,7,6,0.081270,0.157460,0.301210,0.301300,1,1,30:06:2022,22:27:27,1170,28.545000,77.192600,15.000000,lev20,Almucantar
IIT_Delhi,08:05:2021,01:53:59,128,128.079155,0.050522,0.025390,0.021755,0.018888,1.277796,66.982506,67.634258,1.909746,0.032606,0.633091,4,10,7,6,4,10,7,6,4,10,7,6,4,10,7,6,0.073600,0.142040,0.274870,0.276250,1,1,30:06:2022,22:33:37,1170,28.545000,77.192600,15.000000,lev20,Almucantar
IIT_Delhi,08:05:2021,02:42:21,128,128.112743,0.045873,0.025816,0.022417,0.019487,1.083490,56.414863,57.072688,1.040805,0.017667,0.595228,4,10,8,4,4,10,8,4,4,10,8,4,4,10,7,5,0.066040,0.126860,0.249020,0.251790,1,1,30:06:2022,22:38:55,1170,28.545000,77.192600,15.000000,lev20,Almucantar
IIT_Delhi,08:05:2021,03:09:49,128,128.131817,0.043047,0.024220,0.021780,0.018633,1.037886,50.386720,51.045295,0.862257,0.028627,0.581079,3,10,8,4,3,10,8,4,3,10,8,4,3,10,8,4,0.063150,0.121030,0.239120,0.242470,1,1,30:06:2022,22:16:06,1170,28.545000,77.192600,15.000000,lev20,Almucantar
IIT_Delhi,08:05:2021,11:17:35,128,128.470544,0.065730,0.036786,0.028932,0.024688,1.222223,63.042466,62.387930,3.338179,0.034450,0.812394,3,10,8,5,3,10,7,5,3,10,7,5,3,10,6,5,0.070880,0.135780,0.262910,0.262520,1,1,30:06:2022,22:25:36,1170,28.545000,77.192600,15.000000,lev20,Almucantar
IIT_Delhi,09:05:2021,01:21:59,129,129.056933,0.085977,0.045757,0.038444,0.032894,1.214049,73.774838,74.418517,1.594080,0.011477,0.863002,4,10,7,6,4,10,7,6,4,10,7,6,4,10,7,6,0.083280,0.156380,0.305260,0.305050,1,1,30:06:2022,22:51:39,1170,28.545000,77.192600,15.000000,lev20,Almucantar
IIT_Delhi,09:05:2021,01:53:29,129,129.078808,0.085659,0.046561,0.038727,0.032268,1.194299,66.969802,67.621049,1.367050,0.018506,0.856962,4,10,7,6,4,10,7,6,4,10,7,6,4,10,7,6,0.075430,0.141340,0.278990,0.280190,1,1,30:06:2022,23:00:09,1170,28.545000,77.192600,15.000000,lev20,Almucantar
IIT_Delhi,09:05:2021,02:41:54,129,129.112431,0.089334,0.047797,0.040740,0.034965,1.186840,56.396807,57.054439,1.069678,0.024699,0.910542,4,10,8,4,4,10,8,4,4,10,8,4,4,10,7,5,0.067560,0.126290,0.252680,0.255460,1,1,30:06:2022,22:38:55,1170,28.545000,77.192600,15.000000,lev20,Almucantar
IIT_Delhi,09:05:2021,03:09:16,129,129.131435,0.092555,0.054387,0.046940,0.040157,1.023989,50.391310,51.049912,1.093814,0.029413,0.926701,3,10,8,4,3,10,8,4,3,10,8,4,3,10,8,4,0.064540,0.120550,0.242630,0.246060,1,1,30:06:2022,22:48:54,1170,28.545000,77.192600,15.000000,lev20,Almucantar
IIT_Delhi,11:05:2021,02:41:53,131,131.112419,0.031265,0.005277,0.003391,0.002928,3.360291,56.181037,56.838295,3.133064,0.119508,0.446224,4,10,8,4,4,8,8,3,4,9,6,3,4,10,5,3,0.067430,0.126050,0.252260,0.255070,1,1,30:06:2022,22:41:33,1170,28.545000,77.192600,15.000000,lev20,Almucantar
IIT_Delhi,11:05:2021,11:19:01,131,131.471539,0.062176,0.028588,0.025732,0.023348,1.351995,63.064681,62.411347,2.163746,0.096295,0.540485,3,10,8,5,3,10,8,5,3,10,8,5,3,10,8,5,0.072620,0.135180,0.266900,0.266390,1,1,30:06:2022,22:59:57,1170,28.545000,77.192600,15.000000,lev20,Almucantar
IIT_Delhi,12:05:2021,01:18:45,132,132.054688,0.090335,0.044227,0.037039,0.032444,1.348645,74.114496,74.755522,5.647494,0.034405,0.695788,4,9,7,6,4,10,5,5,4,9,6,5,4,9,4,4,0.083750,0.157290,0.306850,0.306550,1,1,30:06:2022,22:46:58,1170,28.545000,77.192600,15.000000,lev20,Almucantar
IIT_Delhi,12:05:2021,01:51:49,132,132.077650,0.067759,0.031086,0.027140,0.022529,1.395525,66.993919,67.643535,1.331642,0.033946,0.665822,4,10,7,6,4,10,7,6,4,10,7,6,4,10,7,6,0.075450,0.141380,0.279060,0.280260,1,1,30:06:2022,22:52:51,1170,28.545000,77.192600,15.000000,lev20,Almucantar
IIT_Delhi,12:05:2021,02:41:53,132,132.112419,0.057249,0.027782,0.025966,0.021652,1.218239,56.078354,56.735406,1.400986,0.114483,0.560142,4,10,8,4,4,10,8,4,4,10,8,4,4,10,8,4,0.067370,0.125940,0.252070,0.254890,1,1,30:06:2022,23:00:15,1170,28.545000,77.192600,15.000000,lev20,Almucantar
IIT_Delhi,11:06:2021,11:03:09,162,162.460521,0.109120,0.031151,0.021050,0.017874,2.473167,57.001834,56.354184,3.225017,0.178211,1.197546,4,10,7,5,4,10,7,5,4,10,8,4,4,10,8,4,0.065790,0.122790,0.269970,0.271460,1,1,30:06:2022,23:04:56,1170,28.545000,77.192600,15.000000,lev20,Almucantar
IIT_Delhi,11:06:2021,11:23:36,162,162.474722,0.115400,0.036622,0.021949,0.023886,2.465451,61.399703,60.756502,2.416748,0.162063,1.140696,3,10,8,5,3,10,8,5,3,10,8,5,3,10,8,5,0.068190,0.127670,0.280150,0.280710,1,1,30:06:2022,23:23:46,1170,28.545000,77.192600,15.000000,lev20,Almucantar
IIT_Delhi,11:06:2021,11:44:05,162,162.488947,0.113380,0.035434,0.025488,0.019354,2.249667,65.771054,65.133166,1.992326,0.080580,1.097826,4,10,7,6,3,10,7,6,3,10,7,6,3,10,8,5,0.071150,0.133680,0.292610,0.292070,1,1,30:06:2022,23:42:44,1170,28.545000,77.192600,15.000000,lev20,Almucantar
IIT_Delhi,11:06:2021,12:21:34,162,162.514977,0.112610,0.037441,0.026544,0.021970,2.172006,73.661405,73.035939,2.322261,0.046015,1.024814,4,10,7,6,4,10,7,6,4,10,7,6,4,10,7,6,0.078590,0.148780,0.323760,0.320380,1,1,30:06:2022,23:58:42,1170,28.545000,77.192600,15.000000,lev20,Almucantar
IIT_Delhi,12:06:2021,01:46:08,163,163.073704,0.133120,0.043550,0.029400,0.021990,2.261588,66.986366,67.621668,2.136895,0.036222,1.564142,4,10,7,6,4,10,7,6,4,10,7,6,4,10,7,6,0.071480,0.135180,0.297450,0.299740,1,1,30:06:2022,23:10:59,1170,28.545000,77.192600,15.000000,lev20,Almucantar
IIT_Delhi,12:06:2021,03:02:36,163,163.126806,0.123550,0.048354,0.037861,0.028880,1.786778,50.543463,51.195784,2.090636,0.041750,1.629824,3,10,8,4,3,10,8,4,3,10,8,4,3,10,8,4,0.062800,0.117080,0.258770,0.262770,1,1,30:06:2022,23:32:18,1170,28.545000,77.192600,15.000000,lev20,Almucantar
IIT_Delhi,13:06:2021,01:11:10,164,164.049421,0.029548,0.004013,0.002931,0.002528,3.531547,74.347520,74.970125,4.730219,0.070749,0.449693,4,10,7,6,4,10,7,6,4,10,7,5,4,10,7,4,0.078540,0.149870,0.328480,0.329440,1,1,30:06:2022,22:54:05,1170,28.545000,77.192600,15.000000,lev20,Almucantar
IIT_Delhi,13:06:2021,01:45:30,164,164.073264,0.021685,0.004326,0.003452,0.002981,2.814624,67.142055,67.776921,5.213609,0.172675,0.488023,4,10,7,6,4,10,7,5,4,10,7,5,4,10,7,6,0.071640,0.135480,0.298060,0.300250,1,1,30:06:2022,22:59:54,1170,28.545000,77.192600,15.000000,lev20,Almucantar
IIT_Delhi,13:06:2021,02:35:36,164,164.108056,0.026888,0.005444,0.004346,0.003751,2.790846,56.421400,57.068810,3.332318,0.183950,0.577191,4,10,8,4,4,10,8,4,4,10,8,4,4,10,7,5,0.065170,0.122000,0.269350,0.272830,1,1,30:06:2022,22:44:56,1170,28.545000,77.192600,15.000000,lev20,Almucantar
IIT_Delhi,13:06:2021,12:21:47,164,164.515127,0.026890,0.010130,0.007617,0.006390,1.899508,73.570889,72.945717,4.473583,0.039738,0.620881,4,10,7,6,4,10,7,6,4,10,6,5,4,10,5,4,0.078460,0.148530,0.323250,0.319990,1,1,30:06:2022,22:59:24,1170,28.545000,77.192600,15.000000,lev20,Almucantar
IIT_Delhi,13:06:2021,12:40:09,164,164.527882,0.036501,0.011832,0.008632,0.007093,2.174049,77.370393,76.753311,2.947775,0.018373,0.587919,4,10,7,6,4,10,7,6,4,10,6,6,4,10,5,6,0.083460,0.158620,0.343970,0.338780,1,1,30:06:2022,23:03:32,1170,28.545000,77.192600,15.000000,lev20,Almucantar
IIT_Delhi,14:06:2021,01:11:16,165,165.049491,0.039380,0.018717,0.016755,0.014639,1.307406,74.348616,74.970995,1.657883,0.017403,0.600925,4,10,7,6,4,10,7,6,4,10,7,6,4,10,7,6,0.078550,0.149890,0.328510,0.329440,1,1,30:06:2022,22:52:38,1170,28.545000,77.192600,15.000000,lev20,Almucantar
IIT_Delhi,14:06:2021,01:45:39,165,165.073368,0.035714,0.018008,0.014845,0.011416,1.323364,67.134950,67.769637,1.954083,0.028120,0.560056,4,10,7,6,4,10,7,6,4,10,7,6,4,10,7,6,0.071630,0.135470,0.298030,0.300220,1,1,30:06:2022,23:00:36,1170,28.545000,77.192600,15.000000,lev20,Almucantar
IIT_Delhi,14:06:2021,02:35:44,165,165.108148,0.034707,0.015655,0.012199,0.010001,1.571362,56.420524,57.067793,1.986235,0.056323,0.560845,4,10,8,4,4,10,8,4,4,10,8,4,4,10,7,5,0.065170,0.122000,0.269350,0.272830,1,1,30:06:2022,22:41:25,1170,28.545000,77.192600,15.000000,lev20,Almucantar
IIT_Delhi,14:06:2021,03:02:30,165,165.126736,0.041182,0.024143,0.019993,0.015610,1.081960,50.620966,51.272986,1.611142,0.044310,0.576685,3,10,8,4,3,10,8,4,3,10,8,4,3,10,8,4,0.062830,0.117140,0.258900,0.262890,1,1,30:06:2022,22:49:17,1170,28.545000,77.192600,15.000000,lev20,Almucantar
IIT_Delhi,17:06:2021,01:45:52,168,168.073519,0.048991,0.024868,0.020946,0.017452,1.284672,67.181265,67.815459,1.353576,0.014308,0.911065,4,10,7,6,4,10,7,6,4,10,7,6,4,10,7,6,0.071640,0.135500,0.298120,0.300370,1,1,30:06:2022,23:02:55,1170,28.545000,77.192600,15.000000,lev20,Almucantar
IIT_Delhi,17:06:2021,12:23:13,168,168.516123,0.052163,0.019869,0.013885,0.010837,1.978541,73.626666,73.002206,3.262971,0.028340,0.781657,4,10,7,6,4,10,7,5,4,10,7,5,4,10,7,5,0.078540,0.148700,0.323590,0.320230,1,1,30:06:2022,22:41:20,1170,28.545000,77.192600,15.000000,lev20,Almucantar
IIT_Delhi,22:06:2021,01:12:18,173,173.050208,0.064645,0.031807,0.025706,0.021400,1.387656,74.422215,75.043680,1.448812,0.013806,0.765393,4,10,7,6,4,10,7,6,4,10,7,6,4,10,7,6,0.077240,0.147860,0.332920,0.333770,1,1,30:06:2022,22:46:30,1170,28.545000,77.192600,15.000000,lev20,Almucantar
IIT_Delhi,22:06:2021,01:47:25,173,173.074595,0.061697,0.026114,0.021177,0.017994,1.618338,67.062952,67.697101,1.055726,0.012834,0.745038,4,10,7,6,4,10,7,6,4,10,7,6,4,10,7,6,0.070580,0.133670,0.301450,0.303570,1,1,30:06:2022,22:57:16,1170,28.545000,77.192600,15.000000,lev20,Almucantar
IIT_Delhi,23:06:2021,11:35:04,174,174.482685,0.063486,0.026161,0.022714,0.019930,1.570493,63.191271,62.551023,3.119993,0.065389,0.664079,3,10,8,5,3,10,8,5,3,10,8,5,3,10,8,5,0.068460,0.128500,0.288470,0.288470,1,1,30:06:2022,23:00:55,1170,28.545000,77.192600,15.000000,lev20,Almucantar
IIT_Delhi,23:06:2021,12:24:36,174,174.517083,0.088441,0.041806,0.035462,0.030301,1.386687,73.632462,73.008082,2.553863,0.022622,0.736791,4,10,7,6,4,10,7,6,4,10,7,6,4,10,7,6,0.077190,0.146600,0.327640,0.324110,1,1,30:06:2022,23:09:42,1170,28.545000,77.192600,15.000000,lev20,Almucantar
IIT_Delhi,27:06:2021,02:37:00,178,178.109028,0.103040,0.053018,0.043386,0.035541,1.301391,56.734495,57.381279,1.758871,0.030685,1.286291,4,10,8,4,4,10,8,4,4,10,8,4,4,10,7,5,0.064070,0.119710,0.277140,0.280070,1,1,30:06:2022,22:50:55,1170,28.545000,77.192600,15.000000,lev20,Almucantar
IIT_Delhi,28:06:2021,01:13:39,179,179.051146,0.073522,0.031926,0.025438,0.022438,1.601498,74.473552,75.095555,4.388554,0.066879,1.267731,4,10,7,6,4,10,7,6,4,10,7,6,4,10,7,6,0.076330,0.146060,0.338690,0.339160,1,1,30:06:2022,22:42:12,1170,28.545000,77.192600,15.000000,lev20,Almucantar
IIT_Delhi,28:06:2021,03:05:12,179,179.128611,0.077314,0.046757,0.037051,0.028437,1.091265,50.686259,51.338168,1.805691,0.025170,1.323322,3,10,8,4,3,10,8,4,3,10,8,4,3,10,8,4,0.061830,0.114890,0.265700,0.269130,1,1,30:06:2022,22:52:30,1170,28.545000,77.192600,15.000000,lev20,Almucantar
IIT_Delhi,29:06:2021,01:14:01,180,180.051400,0.059926,0.030688,0.026034,0.022515,1.261486,74.460857,75.083093,1.929170,0.024080,0.617384,4,10,7,6,4,10,7,6,4,10,7,6,4,10,7,6,0.076230,0.145900,0.338410,0.339100,1,1,30:06:2022,22:58:55,1170,28.545000,77.192600,15.000000,lev20,Almucantar
IIT_Delhi,29:06:2021,11:36:03,180,180.483368,0.068340,0.029171,0.023950,0.020447,1.588925,63.214337,62.573385,2.552705,0.129774,0.617728,3,10,8,5,3,10,8,5,3,10,8,5,3,10,8,5,0.067780,0.127020,0.292790,0.292270,1,1,30:06:2022,22:52:03,1170,28.545000,77.192600,15.000000,lev20,Almucantar
IIT_Delhi,29:06:2021,12:39:23,180,180.527350,0.081218,0.031498,0.026175,0.020583,1.722838,76.528526,75.909200,2.655808,0.054975,0.588882,4,10,7,6,4,10,7,6,4,10,7,6,4,10,7,6,0.079640,0.151840,0.349020,0.343510,1,1,30:06:2022,22:57:11,1170,28.545000,77.192600,15.000000,lev20,Almucantar
IIT_Delhi,01:07:2021,02:39:12,182,182.110556,0.062265,0.010976,0.015003,0.018404,2.300710,56.507182,57.154743,4.987243,0.375169,0.746060,4,10,8,4,3,10,8,4,4,10,8,4,4,10,7,5,0.063940,0.119450,0.276550,0.279610,1,1,30:06:2022,22:42:17,1170,28.545000,77.192600,15.000000,lev20,Almucantar
IIT_Delhi,01:07:2021,11:36:16,182,182.483519,0.062391,0.010654,0.008494,0.007331,3.058615,63.223841,62.582489,5.835048,0.288816,0.782600,3,10,8,5,3,10,8,5,3,10,8,5,3,10,8,5,0.067790,0.127030,0.292840,0.292300,1,1,30:06:2022,22:47:16,1170,28.545000,77.192600,15.000000,lev20,Almucantar
IIT_Delhi,02:07:2021,02:38:23,183,183.109988,0.072488,0.020900,0.017847,0.020181,2.150194,56.749124,57.396644,3.411825,0.244843,0.831382,4,10,8,4,4,10,8,4,4,10,8,4,4,10,7,5,0.064080,0.119720,0.277160,0.280100,1,1,30:06:2022,23:02:48,1170,28.545000,77.192600,15.000000,lev20,Almucantar
IIT_Delhi,09:07:2021,11:36:39,190,190.483785,0.068088,0.028511,0.025777,0.021343,1.492257,63.301837,62.658193,0.967309,0.008498,1.151194,3,10,8,5,3,10,8,5,3,10,8,5,3,10,8,5,0.067060,0.125500,0.295980,0.294890,1,1,30:06:2022,23:04:41,1170,28.545000,77.192600,15.000000,lev20,Almucantar
IIT_Delhi,15:07:2021,02:42:25,196,196.112789,0.038581,0.026206,0.020964,0.017971,0.897380,56.826751,57.477783,3.112444,0.191619,1.079040,4,10,8,4,4,10,8,4,4,10,8,4,4,10,7,5,0.062700,0.116400,0.282480,0.284460,1,1,30:06:2022,22:57:00,1170,28.545000,77.192600,15.000000,lev20,Almucantar
IIT_Delhi,16:07:2021,01:53:37,197,197.078900,0.020431,0.011497,0.009548,0.008155,1.142148,67.424343,68.064802,2.775298,0.019387,0.964458,4,10,7,6,4,10,7,6,4,10,7,6,4,10,7,5,0.068280,0.128680,0.313220,0.313950,1,1,30:06:2022,22:49:29,1170,28.545000,77.192600,15.000000,lev20,Almucantar
IIT_Delhi,16:07:2021,11:07:48,197,197.463750,0.047733,0.027066,0.020835,0.017678,1.229983,57.264671,56.612767,3.179784,0.018872,1.283112,4,10,7,5,4,10,6,4,4,10,5,3,4,10,8,4,0.063200,0.117010,0.282850,0.282650,1,1,30:06:2022,23:01:41,1170,28.545000,77.192600,15.000000,lev20,Almucantar
IIT_Delhi,25:07:2021,02:47:04,206,206.116019,0.006599,0.003711,0.002634,0.002164,1.349583,56.620093,57.274684,4.617441,0.257210,0.575254,4,10,8,4,4,10,7,4,4,8,8,3,4,7,6,4,0.061660,0.113990,0.284090,0.285690,1,1,30:06:2022,22:46:45,1170,28.545000,77.192600,15.000000,lev20,Almucantar
IIT_Delhi,11:08:2021,02:52:51,223,223.120035,0.041130,0.011639,0.009315,0.010965,2.264628,56.793311,57.451331,1.751886,0.141105,0.599084,4,10,8,4,4,10,8,4,4,10,8,4,4,10,7,5,0.059820,0.109200,0.287400,0.288430,1,1,30:06:2022,23:06:23,1170,28.545000,77.192600,15.000000,lev20,Almucantar
IIT_Delhi,11:08:2021,03:20:22,223,223.139144,0.030713,0.006301,0.005035,0.004356,2.769081,50.760141,51.417331,3.901131,0.338686,0.599968,3,10,8,4,3,10,7,4,3,10,5,4,3,10,5,3,0.057860,0.104760,0.275370,0.276860,1,1,30:06:2022,23:14:34,1170,28.545000,77.192600,15.000000,lev20,Almucantar
IIT_Delhi,15:08:2021,10:54:52,227,227.454769,0.051533,0.015395,0.011288,0.009309,2.294954,57.692390,57.033999,2.032328,0.023071,0.756595,4,10,7,5,4,10,7,5,4,10,7,5,4,10,8,3,0.059650,0.108190,0.289760,0.288230,1,1,30:06:2022,23:01:15,1170,28.545000,77.192600,15.000000,lev20,Almucantar
IIT_Delhi,16:08:2021,12:09:36,228,228.506667,0.050477,0.019269,0.019144,0.015254,1.512879,74.226960,73.574834,1.668679,0.013468,0.650415,4,10,7,6,4,10,7,6,4,10,7,6,4,10,7,6,0.069920,0.131190,0.350180,0.343650,1,1,30:06:2022,22:56:29,1170,28.545000,77.192600,15.000000,lev20,Almucantar
IIT_Delhi,22:08:2021,12:17:17,234,234.512002,0.021276,0.013882,0.011833,0.009373,0.876802,77.079786,76.427595,3.791864,0.010336,0.665483,4,9,7,6,4,9,7,6,2,10,7,6,3,10,5,6,0.072130,0.136050,0.367790,0.359570,1,1,30:06:2022,23:08:22,1170,28.545000,77.192600,15.000000,lev20,Almucantar
IIT_Delhi,05:09:2021,03:31:32,248,248.146898,0.011987,0.006608,0.005488,0.004805,1.174315,50.921058,51.555647,2.881132,0.096346,0.655081,3,10,8,4,3,10,8,4,3,10,7,4,3,10,8,4,0.055980,0.100050,0.276270,0.277150,1,1,30:06:2022,23:01:53,1170,28.545000,77.192600,15.000000,lev20,Almucantar
IIT_Delhi,19:09:2021,01:49:52,262,262.076296,0.016958,0.011916,0.014032,0.011843,0.336453,74.394609,75.046132,1.366972,0.003033,0.457612,4,10,7,6,4,10,7,6,4,10,7,6,4,10,7,6,0.066430,0.125840,0.349050,0.347710,1,1,30:06:2022,23:14:42,1170,28.545000,77.192600,15.000000,lev20,Almucantar
IIT_Delhi,20:09:2021,01:49:30,263,263.076042,0.028239,0.007053,0.004107,0.003417,2.877495,74.586202,75.237177,2.292572,0.017420,0.457548,4,10,7,6,4,10,7,6,4,10,7,6,4,10,7,6,0.066590,0.126220,0.350120,0.348760,1,1,30:06:2022,23:08:19,1170,28.545000,77.192600,15.000000,lev20,Almucantar
IIT_Delhi,21:09:2021,01:49:59,264,264.076377,0.020732,0.009586,0.008159,0.006688,1.416779,74.594572,75.244870,1.162733,0.006452,0.416373,4,10,7,6,4,10,7,6,4,10,7,6,4,10,7,6,0.066600,0.126240,0.350170,0.348810,1,1,30:06:2022,23:18:38,1170,28.545000,77.192600,15.000000,lev20,Almucantar
IIT_Delhi,24:09:2021,03:43:21,267,267.155104,0.013720,0.004963,0.003276,0.002661,2.133950,51.298170,51.887609,2.346519,0.106575,0.480046,3,10,8,4,3,10,8,4,3,10,7,3,3,10,6,3,0.051740,0.096810,0.269980,0.269120,1,1,30:06:2022,23:15:03,1170,28.545000,77.192600,15.000000,lev20,Almucantar
IIT_Delhi,25:09:2021,01:52:40,268,268.078241,0.014526,0.012246,0.010588,0.008982,0.457836,74.480712,75.127754,5.363659,0.062723,1.083760,4,10,7,6,4,10,7,6,4,10,7,5,4,10,7,4,0.063310,0.123990,0.343650,0.340910,1,1,30:06:2022,23:11:57,1170,28.545000,77.192600,15.000000,lev20,Almucantar
IIT_Delhi,29:09:2021,01:54:10,272,272.079282,0.027408,0.019591,0.018543,0.015973,0.596724,74.647481,75.290805,3.409237,0.110941,0.450560,4,10,7,6,4,9,7,6,4,10,7,6,4,10,7,6,0.063470,0.124350,0.344610,0.341800,1,1,30:06:2022,23:05:52,1170,28.545000,77.192600,15.000000,lev20,Almucantar
IIT_Delhi,30:09:2021,01:55:53,273,273.080475,0.022753,0.011074,0.010517,0.008709,1.192659,74.406206,75.048185,2.220309,0.014048,0.418189,4,10,7,6,4,10,7,6,4,10,7,6,4,10,5,6,0.065810,0.124980,0.338820,0.337790,1,1,30:06:2022,23:08:49,1170,28.545000,77.192600,15.000000,lev20,Almucantar
IIT_Delhi,01:10:2021,02:30:29,274,274.104502,0.056103,0.027607,0.022248,0.019771,1.391244,67.214215,67.842437,2.676194,0.025487,0.741421,4,10,7,6,4,10,7,6,4,10,7,6,4,10,7,6,0.060630,0.113200,0.306750,0.306430,1,1,30:06:2022,23:08:26,1170,28.545000,77.192600,15.000000,lev20,Almucantar
IIT_Delhi,01:10:2021,03:20:35,274,274.139294,0.042979,0.019255,0.013638,0.011315,1.707399,56.987117,57.582365,2.698640,0.072331,0.740101,4,10,8,4,4,10,8,4,4,10,7,5,4,10,7,5,0.055940,0.102540,0.277540,0.277980,1,1,30:06:2022,23:15:45,1170,28.545000,77.192600,15.000000,lev20,Almucantar
IIT_Delhi,01:10:2021,03:50:33,274,274.160104,0.022981,0.014381,0.011442,0.009829,1.032595,51.204537,51.768427,4.246561,0.219132,0.640127,3,10,8,4,3,10,8,4,3,10,8,4,3,10,8,4,0.054160,0.098470,0.266290,0.267040,1,1,30:06:2022,23:18:05,1170,28.545000,77.192600,15.000000,lev20,Almucantar
IIT_Delhi,02:10:2021,01:55:54,275,275.080486,0.044735,0.025456,0.019543,0.016458,1.227988,74.660062,75.300058,5.766067,0.042301,1.451561,4,10,7,6,4,10,7,6,4,10,7,6,4,10,6,6,0.066020,0.125470,0.340150,0.339140,1,1,30:06:2022,23:19:49,1170,28.545000,77.192600,15.000000,lev20,Almucantar
IIT_Delhi,02:10:2021,02:30:14,275,275.104329,0.040031,0.024258,0.018925,0.016028,1.108622,67.409629,68.036593,3.310460,0.054704,1.171270,4,10,7,6,4,10,7,6,4,10,7,6,4,10,7,6,0.060750,0.113470,0.307470,0.307130,1,1,30:06:2022,23:22:26,1170,28.545000,77.192600,15.000000,lev20,Almucantar
IIT_Delhi,02:10:2021,03:20:15,275,275.139063,0.055141,0.026500,0.020892,0.018091,1.457006,57.225201,57.818651,1.502723,0.016286,1.160533,4,10,8,4,4,10,7,5,4,10,7,5,4,10,7,5,0.056030,0.102730,0.278070,0.278490,1,1,30:06:2022,23:07:35,1170,28.545000,77.192600,15.000000,lev20,Almucantar
IIT_Delhi,02:10:2021,03:50:14,275,275.159884,0.052563,0.029078,0.024735,0.020873,1.137325,51.459683,52.021347,2.062557,0.013853,1.189021,3,10,8,4,3,10,8,4,3,10,8,4,3,10,8,4,0.054230,0.098620,0.266730,0.267460,1,1,30:06:2022,23:10:14,1170,28.545000,77.192600,15.000000,lev20,Almucantar
IIT_Delhi,02:10:2021,09:53:01,275,275.411817,0.048198,0.023583,0.019094,0.016900,1.393975,56.924874,56.335365,1.671201,0.016384,0.922013,4,10,7,5,4,10,8,4,4,10,8,4,4,10,8,4,0.056160,0.102640,0.276830,0.275380,1,1,30:06:2022,23:25:58,1170,28.545000,77.192600,15.000000,lev20,Almucantar
IIT_Delhi,03:10:2021,01:56:29,276,276.080891,0.040768,0.013036,0.011106,0.009560,1.991576,74.666823,75.305629,1.355651,0.007003,0.650399,4,10,7,6,4,10,7,6,4,10,7,6,4,10,7,6,0.066030,0.125500,0.340220,0.339170,1,1,30:06:2022,23:02:30,1170,28.545000,77.192600,15.000000,lev20,Almucantar
IIT_Delhi,03:10:2021,02:29:54,276,276.104097,0.041517,0.017103,0.015504,0.014137,1.514295,67.623925,68.249656,1.701594,0.016666,0.705455,4,10,7,6,4,10,7,6,4,10,7,6,4,10,7,5,0.060870,0.113750,0.308250,0.307900,1,1,30:06:2022,23:04:57,1170,28.545000,77.192600,15.000000,lev20,Almucantar
IIT_Delhi,03:10:2021,03:20:35,276,276.139294,0.037987,0.021264,0.014400,0.010464,1.418458,57.333818,57.924860,1.550335,0.041381,0.547135,4,10,8,4,4,10,7,5,4,10,7,5,4,10,7,5,0.056070,0.102830,0.278330,0.278720,1,1,30:06:2022,23:09:36,1170,28.545000,77.192600,15.000000,lev20,Almucantar
IIT_Delhi,03:10:2021,03:51:00,276,276.160417,0.031750,0.014183,0.011787,0.010863,1.501919,51.515433,52.073492,1.630364,0.019135,0.455645,3,10,8,4,3,10,8,4,3,10,8,4,3,10,8,4,0.054240,0.098660,0.266820,0.267540,1,1,30:06:2022,23:13:40,1170,28.545000,77.192600,15.000000,lev20,Almucantar
IIT_Delhi,03:10:2021,10:13:12,276,276.425833,-999.0,-999.0,-999.0,-999.0,-999.0,61.247416,60.642439,2.869054,0.045359,0.324693,3,10,8,5,3,10,8,5,3,10,8,5,3,10,8,5,0.057910,0.106530,0.287260,0.285040,1,1,30:06:2022,23:04:03,1170,28.545000,77.192600,15.000000,lev20,Almucantar
IIT_Delhi,04:10:2021,01:57:04,277,277.081296,-999.0,-999.0,-999.0,-999.0,-999.0,74.675514,75.313092,0.729569,0.004017,0.226575,4,10,7,6,4,10,7,6,4,10,7,6,4,10,7,6,0.066050,0.125530,0.340270,0.339210,1,1,30:06:2022,23:16:14,1170,28.545000,77.192600,15.000000,lev20,Almucantar
IIT_Delhi,04:10:2021,02:30:29,277,277.104502,-999.0,-999.0,-999.0,-999.0,-999.0,67.649160,68.273177,1.013124,0.031309,0.233493,4,10,7,6,4,10,7,6,4,10,7,6,4,10,7,6,0.060890,0.113800,0.308350,0.307980,1,1,30:06:2022,23:21:09,1170,28.545000,77.192600,15.000000,lev20,Almucantar
IIT_Delhi,04:10:2021,11:14:28,277,277.468380,-999.0,-999.0,-999.0,-999.0,-999.0,74.256383,73.620025,2.639375,0.015488,0.293017,4,9,7,6,4,7,5,6,4,9,5,6,4,9,7,5,0.066310,0.125110,0.336470,0.330510,1,1,30:06:2022,23:24:44,1170,28.545000,77.192600,15.000000,lev20,Almucantar
IIT_Delhi,04:10:2021,11:32:40,277,277.481019,-999.0,-999.0,-999.0,-999.0,-999.0,78.135028,77.493923,4.030662,0.012191,0.299966,4,9,7,6,4,9,5,6,4,8,5,6,4,10,5,6,0.070320,0.133940,0.359730,0.351840,1,1,30:06:2022,23:26:30,1170,28.545000,77.192600,15.000000,lev20,Almucantar
IIT_Delhi,06:10:2021,11:25:30,279,279.476042,0.041256,0.024205,0.021931,0.018755,0.962580,77.123303,76.485560,2.176366,0.004916,0.511658,4,10,7,6,4,10,5,6,4,10,6,6,4,10,4,6,0.069160,0.131420,0.353110,0.345780,1,1,30:06:2022,23:07:41,1170,28.545000,77.192600,15.000000,lev20,Almucantar
IIT_Delhi,07:10:2021,01:58:55,280,280.082581,0.038426,0.024276,0.023859,0.021029,0.740149,74.692323,75.325961,2.884140,0.052903,0.978104,4,10,7,6,4,10,7,6,4,10,7,6,4,10,7,6,0.066050,0.125540,0.340330,0.339280,1,1,30:06:2022,23:14:19,1170,28.545000,77.192600,15.000000,lev20,Almucantar
IIT_Delhi,07:10:2021,02:33:43,280,280.106748,0.049220,0.023039,0.020551,0.017576,1.335939,67.433869,68.051694,1.937901,0.022265,0.978831,4,10,7,6,4,10,7,6,4,10,7,6,4,10,7,6,0.060760,0.113500,0.307530,0.307180,1,1,30:06:2022,23:22:27,1170,28.545000,77.192600,15.000000,lev20,Almucantar
IIT_Delhi,07:10:2021,03:23:55,280,280.141609,0.062689,0.027028,0.020600,0.016534,1.671003,57.407970,57.987150,1.558683,0.024453,1.196225,4,10,7,5,4,10,7,5,4,10,7,5,4,10,7,5,0.056100,0.102880,0.278490,0.278860,1,1,30:06:2022,23:30:58,1170,28.545000,77.192600,15.000000,lev20,Almucantar
IIT_Delhi,07:10:2021,03:51:43,280,280.160914,0.055772,0.017638,0.012416,0.010852,2.259530,52.201099,52.747591,1.702184,0.017617,1.226377,3,10,8,4,3,10,8,4,3,10,7,4,3,10,8,4,0.054440,0.099090,0.268010,0.268690,1,1,30:06:2022,23:33:39,1170,28.545000,77.192600,15.000000,lev20,Almucantar
IIT_Delhi,07:10:2021,09:51:28,280,280.410741,0.061700,0.029837,0.025829,0.021555,1.324427,58.108804,57.528846,1.586461,0.015794,0.795935,4,10,7,5,4,10,7,5,4,10,7,5,4,10,7,5,0.056600,0.103630,0.279490,0.277870,1,1,30:06:2022,23:15:07,1170,28.545000,77.192600,15.000000,lev20,Almucantar
IIT_Delhi,07:10:2021,10:19:23,280,280.430127,0.057224,0.038839,0.031547,0.025750,0.878579,63.635139,63.031150,2.336642,0.044456,0.751568,3,10,8,5,3,10,8,5,3,10,8,5,3,10,8,5,0.059060,0.109090,0.294050,0.291310,1,1,30:06:2022,23:23:53,1170,28.545000,77.192600,15.000000,lev20,Almucantar
IIT_Delhi,07:10:2021,11:10:38,280,280.465718,0.056565,0.025834,0.023451,0.019893,1.351355,74.233013,73.600910,1.376297,0.008765,0.661562,4,10,7,6,4,10,7,6,4,10,7,6,4,10,7,6,0.066300,0.125080,0.336410,0.330420,1,1,30:06:2022,23:31:24,1170,28.545000,77.192600,15.000000,lev20,Almucantar
IIT_Delhi,07:10:2021,11:29:03,280,280.478507,0.051905,0.024179,0.023754,0.020523,1.216630,78.134600,77.496947,2.452512,0.012215,0.682004,4,9,7,6,4,9,7,6,4,10,7,6,4,10,7,6,0.070290,0.133910,0.359660,0.351850,1,1,30:06:2022,23:34:32,1170,28.545000,77.192600,15.000000,lev20,Almucantar
IIT_Delhi,08:10:2021,01:59:34,281,281.083032,0.060465,0.029624,0.025664,0.021378,1.303042,74.694986,75.327229,1.364820,0.011837,0.692169,4,10,7,6,4,10,7,6,4,10,7,6,4,10,7,6,0.070950,0.129390,0.338120,0.337490,1,1,30:06:2022,23:25:36,1170,28.545000,77.192600,15.000000,lev20,Almucantar
IIT_Delhi,08:10:2021,02:33:25,281,281.106539,0.057029,0.026293,0.021393,0.017611,1.480411,67.650761,68.267222,1.576615,0.022917,0.655633,4,10,7,6,4,10,7,6,4,10,7,6,4,10,7,6,0.065610,0.117460,0.306610,0.306660,1,1,30:06:2022,23:10:43,1170,28.545000,77.192600,15.000000,lev20,Almucantar
IIT_Delhi,08:10:2021,03:24:49,281,281.142234,0.055031,0.024966,0.018735,0.015352,1.611859,57.422342,57.998382,1.531751,0.049952,0.639256,4,10,7,5,4,10,7,5,4,10,7,5,4,10,7,5,0.060660,0.106390,0.277160,0.278010,1,1,30:06:2022,23:18:09,1170,28.545000,77.192600,15.000000,lev20,Almucantar
IIT_Delhi,08:10:2021,03:51:20,281,281.160648,0.054368,0.023777,0.018308,0.015201,1.635332,52.479998,53.024359,1.446168,0.052726,0.615823,3,10,8,4,3,10,8,4,3,10,8,4,3,10,8,4,0.059020,0.102720,0.267280,0.268420,1,1,30:06:2022,23:25:42,1170,28.545000,77.192600,15.000000,lev20,Almucantar
IIT_Delhi,08:10:2021,09:51:12,281,281.410556,0.042522,0.011467,0.009632,0.008869,2.276297,58.351166,57.773117,2.112333,0.075037,0.453105,4,10,7,5,4,10,7,5,4,10,7,5,4,10,7,5,0.061280,0.107360,0.278690,0.277530,1,1,30:06:2022,23:14:37,1170,28.545000,77.192600,15.000000,lev20,Almucantar
IIT_Delhi,08:10:2021,10:18:18,281,281.429375,0.036664,0.008440,0.006447,0.004579,2.648338,63.697183,63.095398,1.785214,0.079112,0.428206,3,10,8,5,3,10,5,5,3,10,5,5,3,10,7,5,0.063740,0.112730,0.292660,0.290440,1,1,30:06:2022,23:22:25,1170,28.545000,77.192600,15.000000,lev20,Almucantar
IIT_Delhi,08:10:2021,11:09:18,281,281.464792,-999.0,-999.0,-999.0,-999.0,-999.0,74.212149,73.581571,3.136856,0.049661,0.348706,4,10,7,6,4,10,7,6,4,10,6,6,4,10,7,6,0.071170,0.128870,0.334100,0.328670,1,1,30:06:2022,23:28:38,1170,28.545000,77.192600,15.000000,lev20,Almucantar
IIT_Delhi,08:10:2021,11:27:35,281,281.477488,-999.0,-999.0,-999.0,-999.0,-999.0,78.077025,77.440664,2.974437,0.022267,0.360917,4,9,7,6,4,10,7,6,4,10,7,6,4,10,7,5,0.075290,0.137780,0.356860,0.349520,1,1,30:06:2022,23:30:53,1170,28.545000,77.192600,15.000000,lev20,Almucantar
IIT_Delhi,09:10:2021,02:00:13,282,282.083484,0.045774,0.018099,0.015942,0.013017,1.616120,74.699753,75.330564,1.394537,0.022084,0.457121,4,10,7,6,4,10,7,6,4,10,7,6,4,10,7,6,0.070960,0.129410,0.338140,0.337510,1,1,30:06:2022,23:14:55,1170,28.545000,77.192600,15.000000,lev20,Almucantar
IIT_Delhi,09:10:2021,02:33:58,282,282.106921,0.048107,0.019496,0.015583,0.012563,1.705232,67.695139,68.309724,1.619628,0.041969,0.470927,4,10,7,6,4,10,7,6,4,10,7,6,4,10,7,6,0.065640,0.117520,0.306770,0.306820,1,1,30:06:2022,23:22:02,1170,28.545000,77.192600,15.000000,lev20,Almucantar
IIT_Delhi,09:10:2021,03:25:39,282,282.142812,0.054280,0.023028,0.018134,0.015702,1.653296,57.452957,58.025886,1.634507,0.065930,0.536537,4,10,7,5,4,10,7,5,4,10,7,5,4,10,7,5,0.060680,0.106420,0.277240,0.278070,1,1,30:06:2022,23:27:23,1170,28.545000,77.192600,15.000000,lev20,Almucantar
IIT_Delhi,09:10:2021,03:51:02,282,282.160440,0.053897,0.019488,0.015955,0.012927,1.851868,52.745187,53.287318,1.530536,0.091144,0.549971,3,10,8,4,3,10,8,4,3,10,8,4,4,10,8,4,0.059100,0.102900,0.267760,0.268870,1,1,30:06:2022,23:04:47,1170,28.545000,77.192600,15.000000,lev20,Almucantar
IIT_Delhi,09:10:2021,09:50:55,282,282.410359,-999.0,-999.0,-999.0,-999.0,-999.0,58.589013,58.012902,1.959348,0.160835,0.302066,4,10,7,5,4,10,7,5,4,10,7,5,4,10,7,5,0.061370,0.107560,0.279240,0.278040,1,1,30:06:2022,23:30:31,1170,28.545000,77.192600,15.000000,lev20,Almucantar
IIT_Delhi,09:10:2021,10:18:04,282,282.429213,-999.0,-999.0,-999.0,-999.0,-999.0,63.929111,63.328919,2.703380,0.147672,0.299790,3,10,8,5,3,10,8,5,3,10,8,5,3,10,8,5,0.063860,0.113000,0.293360,0.291080,1,1,30:06:2022,23:07:25,1170,28.545000,77.192600,15.000000,lev20,Almucantar
IIT_Delhi,09:10:2021,11:08:03,282,282.463924,-999.0,-999.0,-999.0,-999.0,-999.0,74.207976,73.578934,2.866092,0.081574,0.314401,4,10,7,6,4,10,7,6,4,10,7,6,4,10,7,6,0.071190,0.128900,0.334170,0.328660,1,1,30:06:2022,23:13:34,1170,28.545000,77.192600,15.000000,lev20,Almucantar
IIT_Delhi,09:10:2021,11:26:33,282,282.476771,-999.0,-999.0,-999.0,-999.0,-999.0,78.110290,77.475158,3.612702,0.059459,0.323608,4,9,7,6,4,10,7,6,4,10,7,6,4,10,6,6,0.075320,0.137850,0.357030,0.349720,1,1,30:06:2022,23:16:10,1170,28.545000,77.192600,15.000000,lev20,Almucantar
IIT_Delhi,10:10:2021,02:02:47,283,283.085266,-999.0,-999.0,-999.0,-999.0,-999.0,74.305154,74.933770,1.517550,0.025675,0.393310,4,10,7,6,4,10,7,6,4,10,7,6,4,10,7,6,0.070610,0.128620,0.336070,0.335420,1,1,30:06:2022,23:21:30,1170,28.545000,77.192600,15.000000,lev20,Almucantar
IIT_Delhi,10:10:2021,02:34:36,283,283.107361,-999.0,-999.0,-999.0,-999.0,-999.0,67.724882,68.337512,1.473591,0.039203,0.398109,4,10,7,6,4,10,7,6,4,10,7,6,4,10,7,6,0.065660,0.117560,0.306890,0.306920,1,1,30:06:2022,23:04:57,1170,28.545000,77.192600,15.000000,lev20,Almucantar
IIT_Delhi,10:10:2021,03:27:47,283,283.144294,0.044939,0.016747,0.014726,0.012657,1.710879,57.241059,57.809430,1.436453,0.054275,0.431367,4,10,8,4,4,10,7,5,4,10,7,5,4,10,7,5,0.060600,0.106240,0.276770,0.277600,1,1,30:06:2022,23:12:51,1170,28.545000,77.192600,15.000000,lev20,Almucantar
IIT_Delhi,10:10:2021,03:50:42,283,283.160208,0.043349,0.016770,0.015005,0.012896,1.629610,53.017712,53.557673,1.448882,0.096096,0.426844,3,10,8,4,3,10,8,4,3,10,8,4,4,10,8,4,0.059180,0.103080,0.268260,0.269350,1,1,30:06:2022,23:19:46,1170,28.545000,77.192600,15.000000,lev20,Almucantar
IIT_Delhi,10:10:2021,09:50:47,283,283.410266,-999.0,-999.0,-999.0,-999.0,-999.0,58.854230,58.279913,1.697494,0.086276,0.349151,3,11,7,5,3,11,7,5,4,10,7,5,4,10,7,5,0.061480,0.107800,0.279860,0.278620,1,1,30:06:2022,23:13:08,1170,28.545000,77.192600,15.000000,lev20,Almucantar
IIT_Delhi,10:10:2021,10:14:56,283,283.427037,-999.0,-999.0,-999.0,-999.0,-999.0,63.580768,62.984457,1.521024,0.061017,0.347746,3,10,8,5,3,10,8,5,3,10,8,5,3,10,8,5,0.063680,0.112600,0.292310,0.290130,1,1,30:06:2022,23:18:07,1170,28.545000,77.192600,15.000000,lev20,Almucantar
IIT_Delhi,10:10:2021,11:07:42,283,283.463681,-999.0,-999.0,-999.0,-999.0,-999.0,74.391302,73.763466,2.075906,0.038868,0.335602,4,10,7,6,4,10,7,6,4,10,7,6,4,10,7,6,0.071360,0.129270,0.335110,0.329550,1,1,30:06:2022,23:23:37,1170,28.545000,77.192600,15.000000,lev20,Almucantar
IIT_Delhi,10:10:2021,11:26:11,283,283.476516,-999.0,-999.0,-999.0,-999.0,-999.0,78.283107,77.649068,2.420285,0.023147,0.332014,4,9,7,6,4,9,7,6,4,10,7,6,4,10,6,6,0.075550,0.138330,0.358260,0.350790,1,1,30:06:2022,23:25:43,1170,28.545000,77.192600,15.000000,lev20,Almucantar
IIT_Delhi,11:10:2021,02:02:29,284,284.085058,-999.0,-999.0,-999.0,-999.0,-999.0,74.513592,75.141063,1.357251,0.021608,0.292285,4,10,7,6,4,10,7,6,4,10,7,6,4,10,7,6,0.070800,0.129050,0.337180,0.336500,1,1,30:06:2022,23:19:34,1170,28.545000,77.192600,15.000000,lev20,Almucantar
IIT_Delhi,11:10:2021,02:35:15,284,284.107813,-999.0,-999.0,-999.0,-999.0,-999.0,67.753699,68.364334,1.486073,0.047370,0.314659,4,10,7,6,4,10,7,6,4,10,7,6,4,10,7,6,0.065680,0.117610,0.306990,0.307010,1,1,30:06:2022,23:24:33,1170,28.545000,77.192600,15.000000,lev20,Almucantar
IIT_Delhi,11:10:2021,03:27:26,284,284.144051,-999.0,-999.0,-999.0,-999.0,-999.0,57.502323,58.068799,1.639072,0.057574,0.343602,4,10,7,5,4,10,7,5,4,10,7,5,4,10,7,5,0.060690,0.106460,0.277350,0.278160,1,1,30:06:2022,23:07:28,1170,28.545000,77.192600,15.000000,lev20,Almucantar
IIT_Delhi,11:10:2021,03:50:26,284,284.160023,-999.0,-999.0,-999.0,-999.0,-999.0,53.279586,53.817302,1.763602,0.082509,0.361190,3,10,8,4,4,10,8,4,4,10,8,4,4,10,8,4,0.059270,0.103260,0.268730,0.269800,1,1,30:06:2022,23:13:15,1170,28.545000,77.192600,15.000000,lev20,Almucantar
IIT_Delhi,11:10:2021,09:50:23,284,284.409988,0.044244,0.015774,0.014370,0.011947,1.733546,59.066688,58.494453,1.528236,0.048773,0.447761,3,10,8,5,3,11,7,5,3,11,7,5,4,10,7,5,0.061570,0.108000,0.280370,0.279090,1,1,30:06:2022,23:10:34,1170,28.545000,77.192600,15.000000,lev20,Almucantar
IIT_Delhi,11:10:2021,10:13:26,284,284.425995,0.052604,0.023739,0.020414,0.016605,1.441160,63.559552,62.965922,1.673967,0.041389,0.466124,3,10,8,5,3,10,8,5,3,10,8,5,3,10,8,5,0.063680,0.112590,0.292300,0.290080,1,1,30:06:2022,23:18:03,1170,28.545000,77.192600,15.000000,lev20,Almucantar
IIT_Delhi,11:10:2021,10:57:29,284,284.456586,0.050279,0.035009,0.031381,0.026803,0.709179,72.516792,71.894641,2.106725,0.026180,0.511317,4,10,7,6,4,10,7,6,4,10,7,6,4,10,7,6,0.069680,0.125610,0.325780,0.320970,1,1,30:06:2022,23:21:00,1170,28.545000,77.192600,15.000000,lev20,Almucantar
IIT_Delhi,11:10:2021,11:19:33,284,284.471910,0.041203,0.028136,0.028440,0.024761,0.581760,77.132707,76.501593,2.951252,0.028156,0.489423,4,10,6,6,4,10,6,6,4,10,7,6,4,10,7,6,0.074180,0.135390,0.350800,0.343980,1,1,30:06:2022,23:23:56,1170,28.545000,77.192600,15.000000,lev20,Almucantar
IIT_Delhi,12:10:2021,02:02:15,285,285.084896,0.050498,0.021718,0.018269,0.014680,1.545279,74.709414,75.335699,1.566734,0.017175,0.497459,4,10,7,6,4,10,7,6,4,10,7,6,4,10,7,6,0.070970,0.129430,0.338230,0.337540,1,1,30:06:2022,23:09:38,1170,28.545000,77.192600,15.000000,lev20,Almucantar
IIT_Delhi,12:10:2021,02:37:15,285,285.109201,0.042965,0.015526,0.013508,0.010447,1.772929,67.511752,68.119489,1.549895,0.027919,0.464202,4,10,7,6,4,10,7,6,4,10,7,6,4,10,7,6,0.065530,0.117280,0.306120,0.306130,1,1,30:06:2022,23:18:19,1170,28.545000,77.192600,15.000000,lev20,Almucantar
IIT_Delhi,12:10:2021,03:28:26,285,285.144745,0.054760,0.020537,0.016966,0.014278,1.782946,57.511905,58.074982,1.563327,0.047525,0.501118,4,10,7,5,4,10,7,5,4,10,7,5,4,10,7,5,0.060700,0.106470,0.277370,0.278170,1,1,30:06:2022,23:24:14,1170,28.545000,77.192600,15.000000,lev20,Almucantar
IIT_Delhi,12:10:2021,03:50:44,285,285.160231,0.060443,0.020594,0.016759,0.014490,1.952628,53.442086,53.976766,1.746813,0.099674,0.519007,4,10,8,4,4,10,8,4,4,10,8,4,4,10,8,4,0.059320,0.103370,0.269040,0.270090,1,1,30:06:2022,23:29:17,1170,28.545000,77.192600,15.000000,lev20,Almucantar
IIT_Delhi,12:10:2021,09:50:12,285,285.409861,-999.0,-999.0,-999.0,-999.0,-999.0,59.318912,58.748544,1.708991,0.077844,0.381666,3,10,8,5,3,10,8,5,3,11,7,5,4,10,7,5,0.061670,0.108230,0.281000,0.279660,1,1,30:06:2022,23:19:44,1170,28.545000,77.192600,15.000000,lev20,Almucantar
IIT_Delhi,12:10:2021,10:12:25,285,285.425289,-999.0,-999.0,-999.0,-999.0,-999.0,63.633753,63.042451,2.000285,0.076709,0.386009,3,10,8,5,3,10,8,5,3,10,8,5,3,10,8,5,0.063710,0.112670,0.292500,0.290290,1,1,30:06:2022,23:25:09,1170,28.545000,77.192600,15.000000,lev20,Almucantar
IIT_Delhi,12:10:2021,11:04:15,285,285.461285,-999.0,-999.0,-999.0,-999.0,-999.0,74.178772,73.554605,2.359373,0.047101,0.381294,4,10,7,6,4,10,7,6,4,10,7,6,4,10,7,6,0.071150,0.128810,0.333970,0.328540,1,1,30:06:2022,23:30:17,1170,28.545000,77.192600,15.000000,lev20,Almucantar
IIT_Delhi,12:10:2021,11:22:38,285,285.474051,-999.0,-999.0,-999.0,-999.0,-999.0,78.029290,77.398284,3.106994,0.033805,0.388856,4,10,6,6,4,10,6,6,4,10,6,6,4,10,7,6,0.075250,0.137670,0.356600,0.349260,1,1,30:06:2022,23:04:35,1170,28.545000,77.192600,15.000000,lev20,Almucantar
IIT_Delhi,13:10:2021,02:02:54,286,286.085347,-999.0,-999.0,-999.0,-999.0,-999.0,74.722746,75.347470,1.495308,0.023762,0.398363,4,10,7,6,4,10,7,6,4,10,7,6,4,10,7,6,0.071000,0.129480,0.338330,0.337590,1,1,30:06:2022,23:05:04,1170,28.545000,77.192600,15.000000,lev20,Almucantar
IIT_Delhi,13:10:2021,02:36:56,286,286.108981,0.050058,0.021603,0.018480,0.015186,1.517841,67.741386,68.347691,1.644268,0.040879,0.415121,4,10,7,6,4,10,7,6,4,10,7,6,4,10,7,6,0.065670,0.117590,0.306960,0.306950,1,1,30:06:2022,23:11:41,1170,28.545000,77.192600,15.000000,lev20,Almucantar
IIT_Delhi,13:10:2021,03:29:23,286,286.145405,0.045427,0.012221,0.010027,0.008897,2.310913,57.534429,58.094127,1.704688,0.077873,0.417875,4,10,7,5,4,10,7,5,4,10,7,5,4,10,7,5,0.060710,0.106480,0.277400,0.278220,1,1,30:06:2022,23:18:36,1170,28.545000,77.192600,15.000000,lev20,Almucantar
IIT_Delhi,13:10:2021,03:51:40,286,286.160880,0.047674,0.012749,0.010257,0.007217,2.346031,53.495133,54.025861,1.766771,0.096452,0.425974,4,10,8,4,4,10,8,4,4,10,8,4,4,10,8,4,0.059330,0.103410,0.269130,0.270180,1,1,30:06:2022,23:24:17,1170,28.545000,77.192600,15.000000,lev20,Almucantar
IIT_Delhi,13:10:2021,09:49:53,286,286.409641,0.051860,0.016205,0.016854,0.016916,1.765484,59.543852,58.975502,1.819516,0.050697,0.500511,3,10,8,5,3,10,8,5,3,10,8,4,3,11,7,5,0.061770,0.108440,0.281530,0.280170,1,1,30:06:2022,23:13:43,1170,28.545000,77.192600,15.000000,lev20,Almucantar
IIT_Delhi,13:10:2021,11:02:58,286,286.460394,0.057435,0.036618,0.033064,0.027621,0.837249,74.163198,73.540745,2.322271,0.052958,0.500635,4,10,7,6,4,10,7,6,4,10,7,6,4,10,7,6,0.071120,0.128770,0.333870,0.328480,1,1,30:06:2022,23:20:17,1170,28.545000,77.192600,15.000000,lev20,Almucantar
IIT_Delhi,13:10:2021,11:21:12,286,286.473056,0.048086,0.034348,0.033118,0.029284,0.573471,77.972661,77.343150,2.735826,0.054430,0.514477,4,10,6,6,4,10,6,6,4,10,6,6,4,10,7,6,0.075140,0.137470,0.356110,0.348920,1,1,30:06:2022,23:23:59,1170,28.545000,77.192600,15.000000,lev20,Almucantar
IIT_Delhi,14:10:2021,02:03:37,287,287.085845,0.060156,0.026826,0.022810,0.019142,1.474556,74.724386,75.347492,1.231262,0.009884,0.519617,4,10,7,6,4,10,7,6,4,10,7,6,4,10,7,6,0.071000,0.129500,0.338340,0.337590,1,1,30:06:2022,23:26:10,1170,28.545000,77.192600,15.000000,lev20,Almucantar
IIT_Delhi,14:10:2021,02:37:35,287,287.109433,0.067085,0.025948,0.021533,0.018894,1.728807,67.777856,68.382077,1.236184,0.013188,0.552115,4,10,7,6,4,10,7,6,4,10,7,6,4,10,7,6,0.065700,0.117640,0.307080,0.307070,1,1,30:06:2022,23:08:15,1170,28.545000,77.192600,15.000000,lev20,Almucantar
IIT_Delhi,14:10:2021,03:31:43,287,287.147025,0.072159,0.027929,0.022024,0.016893,1.794811,57.305130,57.859774,1.352795,0.027781,0.628543,4,10,8,4,4,10,7,5,4,10,7,5,4,10,7,5,0.060620,0.106300,0.276900,0.277710,1,1,30:06:2022,23:16:45,1170,28.545000,77.192600,15.000000,lev20,Almucantar
IIT_Delhi,14:10:2021,03:55:59,287,287.163877,0.072680,0.028820,0.022200,0.019080,1.787793,52.963194,53.484840,1.293691,0.080357,0.613899,3,10,8,4,3,10,8,4,3,10,8,4,4,10,8,4,0.059170,0.103050,0.268150,0.269220,1,1,30:06:2022,23:23:41,1170,28.545000,77.192600,15.000000,lev20,Almucantar
IIT_Delhi,14:10:2021,04:16:09,287,287.177882,0.065742,0.027209,0.020891,0.017427,1.725198,49.585439,50.072712,1.119029,0.092276,0.586668,3,10,8,4,3,10,8,4,3,10,8,4,3,10,8,4,0.058230,0.100940,0.262440,0.263660,1,1,30:06:2022,23:29:54,1170,28.545000,77.192600,15.000000,lev20,Almucantar
IIT_Delhi,14:10:2021,09:49:36,287,287.409444,-999.0,-999.0,-999.0,-999.0,-999.0,59.773191,59.206835,2.030784,0.107015,0.328143,3,10,8,5,3,10,8,5,3,10,8,4,3,11,7,5,0.061860,0.108650,0.282090,0.280690,1,1,30:06:2022,23:29:51,1170,28.545000,77.192600,15.000000,lev20,Almucantar
IIT_Delhi,14:10:2021,10:11:47,287,287.424850,-999.0,-999.0,-999.0,-999.0,-999.0,64.053850,63.466100,2.285176,0.056148,0.326609,3,10,8,5,3,10,8,5,3,10,8,5,3,10,8,5,0.063930,0.113150,0.293750,0.291460,1,1,30:06:2022,23:09:55,1170,28.545000,77.192600,15.000000,lev20,Almucantar
IIT_Delhi,14:10:2021,11:16:43,287,287.469942,-999.0,-999.0,-999.0,-999.0,-999.0,77.276179,76.649237,1.767334,0.020331,0.276126,4,10,6,6,4,10,7,6,4,10,7,6,4,10,7,6,0.074330,0.135720,0.351630,0.344820,1,1,30:06:2022,23:12:16,1170,28.545000,77.192600,15.000000,lev20,Almucantar
IIT_Delhi,15:10:2021,02:04:19,288,288.086331,-999.0,-999.0,-999.0,-999.0,-999.0,74.731687,75.353154,1.225412,0.012498,0.332283,4,10,7,6,4,10,7,6,4,10,7,6,4,10,7,6,0.071010,0.129500,0.338360,0.337630,1,1,30:06:2022,23:14:53,1170,28.545000,77.192600,15.000000,lev20,Almucantar
IIT_Delhi,15:10:2021,02:38:21,288,288.109965,-999.0,-999.0,-999.0,-999.0,-999.0,67.793382,68.395414,1.168240,0.019951,0.335426,4,10,7,6,4,10,7,6,4,10,7,6,4,10,7,6,0.065710,0.117670,0.307130,0.307120,1,1,30:06:2022,23:20:35,1170,28.545000,77.192600,15.000000,lev20,Almucantar
IIT_Delhi,15:10:2021,03:31:26,288,288.146829,-999.0,-999.0,-999.0,-999.0,-999.0,57.562327,58.114997,0.889084,0.013404,0.382697,4,10,7,5,4,10,7,5,4,10,7,5,4,10,7,5,0.060720,0.106520,0.277480,0.278260,1,1,30:06:2022,23:25:53,1170,28.545000,77.192600,15.000000,lev20,Almucantar
IIT_Delhi,15:10:2021,03:53:41,288,288.162280,-999.0,-999.0,-999.0,-999.0,-999.0,53.586070,54.108600,1.163692,0.019404,0.396925,4,10,8,4,4,10,8,4,4,10,8,4,4,10,8,4,0.059360,0.103480,0.269310,0.270330,1,1,30:06:2022,23:06:02,1170,28.545000,77.192600,15.000000,lev20,Almucantar
IIT_Delhi,15:10:2021,09:49:20,288,288.409259,0.061964,0.032195,0.027046,0.023259,1.251721,60.003587,59.439218,1.383805,0.029178,0.520524,3,10,8,5,3,10,8,5,3,10,8,5,3,10,8,5,0.061960,0.108870,0.282660,0.281220,1,1,30:06:2022,23:36:07,1170,28.545000,77.192600,15.000000,lev20,Almucantar
IIT_Delhi,15:10:2021,10:11:28,288,288.424630,0.063175,0.034856,0.029695,0.026004,1.139477,64.260758,63.674804,0.870684,0.003248,0.533049,3,10,8,5,3,10,8,5,3,10,8,5,3,10,8,5,0.064040,0.113390,0.294390,0.292050,1,1,30:06:2022,23:11:02,1170,28.545000,77.192600,15.000000,lev20,Almucantar
IIT_Delhi,15:10:2021,11:01:30,288,288.459375,0.059531,0.045960,0.041450,0.036253,0.539844,74.355261,73.735824,1.661154,0.008941,0.560616,4,10,7,6,4,10,7,6,4,10,7,6,4,10,7,6,0.071310,0.129160,0.334890,0.329420,1,1,30:06:2022,23:19:13,1170,28.545000,77.192600,15.000000,lev20,Almucantar
IIT_Delhi,15:10:2021,11:19:53,288,288.472141,0.045571,0.041951,0.042193,0.039029,0.121737,78.179064,77.552163,2.633381,0.020874,0.568471,4,10,6,6,4,10,6,6,4,10,6,6,4,10,7,6,0.075400,0.138030,0.357550,0.350190,1,1,30:06:2022,23:22:00,1170,28.545000,77.192600,15.000000,lev20,Almucantar
IIT_Delhi,16:10:2021,02:06:16,289,289.087685,0.091722,0.043618,0.035008,0.029924,1.449980,74.483336,75.102560,1.292868,0.010199,1.003683,4,10,7,6,4,10,7,6,4,10,7,6,4,10,7,6,0.072240,0.130520,0.329700,0.330390,1,1,30:06:2022,23:10:18,1170,28.545000,77.192600,15.000000,lev20,Almucantar
IIT_Delhi,16:10:2021,02:39:05,289,289.110475,0.100230,0.042102,0.032946,0.027927,1.677085,67.818135,68.417976,1.635018,0.017391,1.001770,4,10,7,6,4,10,7,6,4,10,7,6,4,10,7,6,0.067190,0.119280,0.300720,0.301910,1,1,30:06:2022,23:20:56,1170,28.545000,77.192600,15.000000,lev20,Almucantar
IIT_Delhi,16:10:2021,03:32:21,289,289.147465,0.104430,0.045620,0.034618,0.029039,1.656242,57.601397,58.150641,1.885680,0.023373,1.045998,4,10,7,5,4,10,7,5,4,10,7,5,4,10,7,5,0.062210,0.108190,0.271850,0.273640,1,1,30:06:2022,23:30:25,1170,28.545000,77.192600,15.000000,lev20,Almucantar
IIT_Delhi,16:10:2021,03:54:34,289,289.162894,0.106190,0.043617,0.033243,0.028228,1.746746,53.658632,54.177221,1.959343,0.030044,1.071199,4,10,8,4,4,10,8,4,4,10,8,4,4,10,8,4,0.060870,0.105190,0.263950,0.265910,1,1,30:06:2022,23:38:51,1170,28.545000,77.192600,15.000000,lev20,Almucantar
IIT_Delhi,16:10:2021,09:49:07,289,289.409109,0.163070,0.073837,0.057038,0.048611,1.576815,60.241145,59.678716,2.507854,0.034157,1.785050,3,10,8,5,3,10,8,5,3,10,8,5,3,10,8,5,0.063540,0.110710,0.277380,0.277010,1,1,30:06:2022,23:40:00,1170,28.545000,77.192600,15.000000,lev20,Almucantar
IIT_Delhi,16:10:2021,10:11:21,289,289.424549,0.162710,0.081587,0.068366,0.059234,1.310578,64.504436,63.920117,2.225435,0.025709,1.783704,3,10,8,5,3,10,8,5,3,10,8,5,3,10,8,5,0.065640,0.115270,0.288960,0.287760,1,1,30:06:2022,23:48:41,1170,28.545000,77.192600,15.000000,lev20,Almucantar
IIT_Delhi,16:10:2021,10:51:19,289,289.452303,0.144820,0.065064,0.050301,0.043214,1.587955,72.506986,71.894073,3.811785,0.058359,1.522448,4,10,7,6,4,10,7,6,4,10,7,6,4,10,7,6,0.071110,0.127120,0.318700,0.315380,1,1,30:06:2022,23:52:14,1170,28.545000,77.192600,15.000000,lev20,Almucantar
IIT_Delhi,19:10:2021,02:41:39,292,292.112257,0.040976,0.024869,0.018577,0.013252,1.163275,67.834915,68.427772,3.022184,0.029533,0.525651,4,10,7,6,4,10,7,6,4,10,7,6,4,10,7,6,0.067190,0.119280,0.300750,0.301940,1,1,30:06:2022,23:13:21,1170,28.545000,77.192600,15.000000,lev20,Almucantar
IIT_Delhi,19:10:2021,03:35:44,292,292.149815,0.037314,0.019696,0.012830,0.010320,1.561220,57.624484,58.162508,2.411100,0.085929,0.511159,4,10,7,5,4,10,7,5,4,10,7,4,4,9,7,4,0.062220,0.108200,0.271890,0.273670,1,1,30:06:2022,23:17:15,1170,28.545000,77.192600,15.000000,lev20,Almucantar
IIT_Delhi,19:10:2021,10:08:27,292,292.422535,0.040666,0.027847,0.022529,0.018625,0.869928,64.726616,64.149586,2.631832,0.010717,0.795421,3,10,8,5,3,10,8,5,3,10,8,5,3,6,5,5,0.065750,0.115530,0.289610,0.288400,1,1,30:06:2022,23:26:11,1170,28.545000,77.192600,15.000000,lev20,Almucantar
IIT_Delhi,20:10:2021,02:08:06,293,293.088958,0.091234,0.043806,0.034862,0.028641,1.446069,74.742969,75.355715,1.841391,0.007022,0.943691,4,10,7,6,4,10,7,6,4,10,7,6,4,10,7,6,0.072470,0.131030,0.331030,0.331700,1,1,30:06:2022,23:12:53,1170,28.545000,77.192600,15.000000,lev20,Almucantar
IIT_Delhi,20:10:2021,02:42:34,293,293.112894,0.092400,0.043569,0.035076,0.029729,1.459214,67.833719,68.424154,1.716735,0.012678,0.995540,4,10,7,6,4,10,7,6,4,10,7,6,4,10,7,6,0.067190,0.119290,0.300750,0.301930,1,1,30:06:2022,23:21:28,1170,28.545000,77.192600,15.000000,lev20,Almucantar
IIT_Delhi,20:10:2021,03:36:50,293,293.150579,0.087570,0.040671,0.030702,0.024982,1.567419,57.644272,58.178544,1.394293,0.017847,0.990027,4,10,7,5,4,10,7,5,4,10,7,5,4,10,7,5,0.062230,0.108220,0.271920,0.273700,1,1,30:06:2022,23:30:54,1170,28.545000,77.192600,15.000000,lev20,Almucantar
IIT_Delhi,20:10:2021,03:57:23,293,293.164850,0.085926,0.039990,0.029672,0.023788,1.586838,54.100314,54.604224,1.164311,0.019301,0.935323,4,10,8,4,4,10,8,4,4,10,8,4,4,10,8,4,0.061010,0.105500,0.264750,0.266680,1,1,30:06:2022,23:38:07,1170,28.545000,77.192600,15.000000,lev20,Almucantar
IIT_Delhi,20:10:2021,08:48:14,293,293.366829,0.058086,0.018930,0.016471,0.014130,1.934190,50.863194,50.401283,1.775000,0.019337,0.701391,3,10,8,4,3,10,8,4,3,10,8,4,3,10,8,4,0.060210,0.103480,0.258790,0.259750,1,1,30:06:2022,23:20:08,1170,28.545000,77.192600,15.000000,lev20,Almucantar
IIT_Delhi,20:10:2021,09:48:14,293,293.408495,0.066237,0.032015,0.024145,0.020529,1.506344,61.162661,60.608097,1.250292,0.021341,0.661385,3,10,8,5,3,10,8,5,3,10,8,5,3,10,8,5,0.063940,0.111610,0.279680,0.279180,1,1,30:06:2022,23:26:28,1170,28.545000,77.192600,15.000000,lev20,Almucantar
IIT_Delhi,20:10:2021,10:08:16,293,293.422407,0.067356,0.028731,0.024139,0.020091,1.559717,64.947661,64.372383,1.571053,0.019738,0.638699,3,10,8,5,3,10,8,5,3,10,8,5,3,10,8,5,0.065870,0.115790,0.290290,0.289040,1,1,30:06:2022,23:32:28,1170,28.545000,77.192600,15.000000,lev20,Almucantar
IIT_Delhi,20:10:2021,10:45:26,293,293.448218,0.078069,0.034680,0.026814,0.020856,1.605480,72.279706,71.675469,1.556797,0.020627,0.608629,4,10,7,6,4,10,7,6,4,10,7,6,4,10,7,6,0.070910,0.126690,0.317660,0.314450,1,1,30:06:2022,23:35:58,1170,28.545000,77.192600,15.000000,lev20,Almucantar
IIT_Delhi,20:10:2021,11:10:26,293,293.465579,0.067167,0.037281,0.032851,0.027905,1.085795,77.380487,76.762958,1.668350,0.028087,0.610802,4,10,6,6,4,10,6,6,4,10,6,6,4,10,7,6,0.075910,0.137480,0.344580,0.339380,1,1,30:06:2022,23:08:48,1170,28.545000,77.192600,15.000000,lev20,Almucantar
IIT_Delhi,21:10:2021,02:10:16,294,294.090463,-999.0,-999.0,-999.0,-999.0,-999.0,74.465241,75.075426,2.686367,0.090984,0.311841,4,10,7,6,4,10,7,6,4,10,7,6,4,10,7,6,0.072230,0.130490,0.329600,0.330250,1,1,30:06:2022,23:09:10,1170,28.545000,77.192600,15.000000,lev20,Almucantar
IIT_Delhi,21:10:2021,02:45:15,294,294.114757,-999.0,-999.0,-999.0,-999.0,-999.0,67.490027,68.076602,2.985580,0.189276,0.314405,4,10,7,6,4,10,7,6,4,10,7,6,4,10,7,6,0.066990,0.118820,0.299530,0.300710,1,1,30:06:2022,23:15:27,1170,28.545000,77.192600,15.000000,lev20,Almucantar
IIT_Delhi,21:10:2021,03:37:45,294,294.151215,-999.0,-999.0,-999.0,-999.0,-999.0,57.699740,58.230491,2.800826,0.273568,0.315584,4,10,7,5,4,10,7,5,4,10,7,5,4,10,7,5,0.062250,0.108270,0.272050,0.273810,1,1,30:06:2022,23:21:10,1170,28.545000,77.192600,15.000000,lev20,Almucantar
IIT_Delhi,21:10:2021,03:58:04,294,294.165324,-999.0,-999.0,-999.0,-999.0,-999.0,54.220490,54.720779,2.475132,0.217169,0.306485,4,10,8,4,4,10,8,4,4,10,8,4,4,10,8,4,0.061050,0.105590,0.264980,0.266890,1,1,30:06:2022,23:26:14,1170,28.545000,77.192600,15.000000,lev20,Almucantar
IIT_Delhi,21:10:2021,08:47:56,294,294.366620,-999.0,-999.0,-999.0,-999.0,-999.0,51.119151,50.659887,2.198730,0.347474,0.289746,3,10,8,4,3,10,8,4,3,10,8,4,3,10,8,4,0.060280,0.103630,0.259200,0.260140,1,1,30:06:2022,23:17:05,1170,28.545000,77.192600,15.000000,lev20,Almucantar
IIT_Delhi,21:10:2021,09:47:54,294,294.408264,-999.0,-999.0,-999.0,-999.0,-999.0,61.365230,60.812780,2.545654,0.174857,0.324883,3,10,8,5,3,10,8,5,3,10,8,5,3,10,8,5,0.064030,0.111800,0.280200,0.279670,1,1,30:06:2022,23:22:37,1170,28.545000,77.192600,15.000000,lev20,Almucantar
IIT_Delhi,21:10:2021,10:07:39,294,294.421979,-999.0,-999.0,-999.0,-999.0,-999.0,65.082652,64.509546,2.599879,0.163811,0.319192,3,10,7,6,3,10,8,5,3,10,8,5,3,10,8,5,0.065940,0.115940,0.290680,0.289430,1,1,30:06:2022,23:28:13,1170,28.545000,77.192600,15.000000,lev20,Almucantar
IIT_Delhi,21:10:2021,10:51:45,294,294.452604,-999.0,-999.0,-999.0,-999.0,-999.0,73.790409,73.183648,2.788385,0.099120,0.289210,4,10,7,6,4,10,7,6,4,10,7,6,4,10,7,6,0.072210,0.129520,0.324750,0.321080,1,1,30:06:2022,23:33:41,1170,28.545000,77.192600,15.000000,lev20,Almucantar
IIT_Delhi,21:10:2021,11:09:45,294,294.465104,-999.0,-999.0,-999.0,-999.0,-999.0,77.464672,76.848661,2.784569,0.070592,0.286940,4,10,6,6,4,10,6,6,4,10,6,6,4,10,7,6,0.075990,0.137650,0.345060,0.339870,1,1,30:06:2022,23:08:22,1170,28.545000,77.192600,15.000000,lev20,Almucantar
IIT_Delhi,22:10:2021,02:10:05,295,295.090336,-999.0,-999.0,-999.0,-999.0,-999.0,74.667552,75.276399,2.264027,0.077889,0.282014,4,10,7,6,4,10,7,6,4,10,7,6,4,10,7,6,0.072430,0.130920,0.330680,0.331290,1,1,30:06:2022,23:19:37,1170,28.545000,77.192600,15.000000,lev20,Almucantar
IIT_Delhi,22:10:2021,02:44:56,295,295.114537,-999.0,-999.0,-999.0,-999.0,-999.0,67.735357,68.320454,2.519054,0.156513,0.278323,4,10,7,6,4,10,7,6,4,10,7,6,4,10,7,6,0.067150,0.119170,0.300430,0.301560,1,1,30:06:2022,23:26:51,1170,28.545000,77.192600,15.000000,lev20,Almucantar
IIT_Delhi,22:10:2021,03:39:59,295,295.152766,-999.0,-999.0,-999.0,-999.0,-999.0,57.527974,58.053367,2.549698,0.213190,0.282771,4,10,7,5,4,10,7,5,4,10,7,5,4,10,7,5,0.062190,0.108130,0.271680,0.273430,1,1,30:06:2022,23:32:33,1170,28.545000,77.192600,15.000000,lev20,Almucantar
IIT_Delhi,22:10:2021,04:00:08,295,295.166759,-999.0,-999.0,-999.0,-999.0,-999.0,54.115597,54.609953,2.511261,0.242929,0.291745,4,10,8,4,4,10,8,4,4,10,8,4,4,10,8,4,0.061020,0.105520,0.264790,0.266690,1,1,30:06:2022,23:11:30,1170,28.545000,77.192600,15.000000,lev20,Almucantar
IIT_Delhi,22:10:2021,08:47:48,295,295.366528,-999.0,-999.0,-999.0,-999.0,-999.0,51.397791,50.940833,1.971448,0.163366,0.247862,3,10,8,4,3,10,8,4,3,10,8,4,3,10,8,4,0.060360,0.103800,0.259650,0.260570,1,1,30:06:2022,23:09:07,1170,28.545000,77.192600,15.000000,lev20,Almucantar
IIT_Delhi,22:10:2021,09:47:46,295,295.408171,-999.0,-999.0,-999.0,-999.0,-999.0,61.601705,61.051146,1.421101,0.094735,0.255579,3,10,8,5,3,10,8,5,3,10,8,5,3,10,8,5,0.064140,0.112040,0.280800,0.280250,1,1,30:06:2022,23:14:30,1170,28.545000,77.192600,15.000000,lev20,Almucantar
IIT_Delhi,22:10:2021,10:07:28,295,295.421852,-999.0,-999.0,-999.0,-999.0,-999.0,65.297755,64.726423,1.735143,0.100503,0.260077,3,10,7,6,3,10,7,6,3,10,8,5,3,10,8,5,0.066060,0.116200,0.291360,0.290060,1,1,30:06:2022,23:20:16,1170,28.545000,77.192600,15.000000,lev20,Almucantar
IIT_Delhi,22:10:2021,10:51:37,295,295.452512,-999.0,-999.0,-999.0,-999.0,-999.0,73.992453,73.387082,1.496588,0.032780,0.275814,4,10,7,6,4,10,7,6,4,10,7,6,4,10,7,6,0.072400,0.129910,0.325750,0.322010,1,1,30:06:2022,23:26:11,1170,28.545000,77.192600,15.000000,lev20,Almucantar
IIT_Delhi,22:10:2021,11:09:36,295,295.465000,-999.0,-999.0,-999.0,-999.0,-999.0,77.655309,77.040602,1.621342,0.020126,0.282529,4,10,6,6,4,10,6,6,4,10,6,6,4,10,7,6,0.076210,0.138140,0.346250,0.340970,1,1,30:06:2022,23:28:32,1170,28.545000,77.192600,15.000000,lev20,Almucantar
IIT_Delhi,23:10:2021,02:10:28,296,296.090602,-999.0,-999.0,-999.0,-999.0,-999.0,74.756406,75.363603,1.141536,0.014184,0.314488,4,10,7,6,4,10,7,6,4,10,7,6,4,10,7,6,0.072520,0.131120,0.331180,0.331740,1,1,30:06:2022,23:10:35,1170,28.545000,77.192600,15.000000,lev20,Almucantar
IIT_Delhi,23:10:2021,02:44:56,296,296.114537,-999.0,-999.0,-999.0,-999.0,-999.0,67.920130,68.503500,1.132025,0.023079,0.315118,4,10,7,6,4,10,7,6,4,10,7,6,4,10,7,6,0.067260,0.119430,0.301090,0.302210,1,1,30:06:2022,23:17:16,1170,28.545000,77.192600,15.000000,lev20,Almucantar
IIT_Delhi,23:10:2021,03:39:52,296,296.152685,-999.0,-999.0,-999.0,-999.0,-999.0,57.769853,58.293145,1.368042,0.057854,0.324995,4,10,7,5,4,10,7,5,4,10,7,5,4,10,7,5,0.062280,0.108340,0.272210,0.273940,1,1,30:06:2022,23:22:55,1170,28.545000,77.192600,15.000000,lev20,Almucantar
IIT_Delhi,23:10:2021,03:59:56,296,296.166620,-999.0,-999.0,-999.0,-999.0,-999.0,54.385803,54.878044,1.137441,0.030782,0.312575,4,10,8,4,4,10,8,4,4,10,8,4,4,10,8,4,0.061110,0.105710,0.265300,0.267170,1,1,30:06:2022,23:29:11,1170,28.545000,77.192600,15.000000,lev20,Almucantar
IIT_Delhi,23:10:2021,11:09:11,296,296.464711,0.061714,0.038641,0.031244,0.026658,1.010524,77.787835,77.174563,4.238279,0.011783,0.784829,4,10,6,6,4,10,6,6,4,9,4,5,4,10,4,6,0.076360,0.138460,0.347090,0.341750,1,1,30:06:2022,23:25:55,1170,28.545000,77.192600,15.000000,lev20,Almucantar
IIT_Delhi,25:10:2021,02:12:06,298,298.091736,0.048829,0.020174,0.016781,0.014164,1.622707,74.764841,75.368221,1.633351,0.008985,0.622025,4,10,7,6,4,10,7,6,4,10,7,6,4,10,7,6,0.071740,0.130740,0.321700,0.323190,1,1,30:06:2022,23:13:08,1170,28.545000,77.192600,15.000000,lev20,Almucantar
IIT_Delhi,25:10:2021,02:46:46,298,298.115810,0.047446,0.018638,0.014020,0.011839,1.833655,67.940020,68.518402,1.970964,0.022109,0.597673,4,10,7,6,4,10,7,6,4,10,7,6,4,10,7,6,0.066510,0.119180,0.292710,0.294590,1,1,30:06:2022,23:20:18,1170,28.545000,77.192600,15.000000,lev20,Almucantar
IIT_Delhi,25:10:2021,04:02:17,298,298.168252,0.052991,0.013760,0.007191,0.005438,2.958768,54.484216,54.967594,1.873242,0.040922,0.663456,4,10,8,4,4,10,8,4,4,10,8,4,4,10,8,4,0.060410,0.105650,0.258220,0.260720,1,1,30:06:2022,23:26:56,1170,28.545000,77.192600,15.000000,lev20,Almucantar
IIT_Delhi,25:10:2021,08:47:25,298,298.366262,0.023096,0.007130,0.005452,0.004288,2.188587,52.216152,51.766064,1.481821,0.068450,0.465580,3,10,8,4,3,10,8,4,3,10,8,4,3,10,8,4,0.059870,0.104210,0.253910,0.255390,1,1,30:06:2022,23:13:14,1170,28.545000,77.192600,15.000000,lev20,Almucantar
IIT_Delhi,25:10:2021,09:47:23,298,298.407905,0.033761,0.016019,0.012724,0.009963,1.467129,62.293919,61.749043,1.416190,0.039837,0.503861,3,10,8,5,3,10,8,5,3,10,8,5,3,10,8,5,0.063720,0.112550,0.274820,0.274920,1,1,30:06:2022,23:18:50,1170,28.545000,77.192600,15.000000,lev20,Almucantar
IIT_Delhi,25:10:2021,10:07:15,298,298.421701,0.032070,0.013688,0.012516,0.010391,1.447567,65.986001,65.419710,1.459723,0.023990,0.488536,4,10,7,6,3,10,7,6,3,10,7,6,3,10,7,6,0.065690,0.116820,0.285350,0.284750,1,1,30:06:2022,23:25:29,1170,28.545000,77.192600,15.000000,lev20,Almucantar
IIT_Delhi,25:10:2021,10:39:39,298,298.444201,0.036665,0.019533,0.017825,0.014690,1.103891,72.270151,71.676631,1.405875,0.017711,0.483127,4,10,7,6,4,10,7,6,4,10,7,6,4,10,7,6,0.070110,0.126310,0.308590,0.306420,1,1,30:06:2022,23:28:36,1170,28.545000,77.192600,15.000000,lev20,Almucantar
IIT_Delhi,25:10:2021,11:04:39,298,298.461563,0.028852,0.019100,0.017706,0.014923,0.743913,77.290025,76.681435,2.057255,0.009831,0.451670,4,10,6,5,4,10,7,6,4,10,7,6,4,10,7,6,0.075040,0.136860,0.334200,0.330120,1,1,30:06:2022,23:31:26,1170,28.545000,77.192600,15.000000,lev20,Almucantar
IIT_Delhi,26:10:2021,02:14:34,299,299.093449,0.049779,0.022672,0.018475,0.015148,1.497471,74.442150,75.042613,1.457456,0.016019,0.593728,4,10,7,6,4,10,7,6,4,10,7,6,4,10,7,6,0.071450,0.130090,0.320080,0.321560,1,1,30:06:2022,23:28:59,1170,28.545000,77.192600,15.000000,lev20,Almucantar
IIT_Delhi,26:10:2021,02:49:22,299,299.117616,0.049435,0.018728,0.014746,0.011585,1.830281,67.631563,68.205948,1.556466,0.030731,0.577976,4,10,7,6,4,10,7,6,4,10,7,6,4,10,7,6,0.066320,0.118760,0.291630,0.293520,1,1,30:06:2022,23:08:20,1170,28.545000,77.192600,15.000000,lev20,Almucantar
IIT_Delhi,26:10:2021,03:44:27,299,299.155868,0.045166,0.019972,0.016047,0.013440,1.562153,57.658295,58.168261,1.688264,0.055443,0.545796,4,10,7,5,4,10,7,5,4,10,7,5,4,10,7,5,0.061500,0.108090,0.264500,0.266860,1,1,30:06:2022,23:15:10,1170,28.545000,77.192600,15.000000,lev20,Almucantar
IIT_Delhi,26:10:2021,08:47:16,299,299.366157,0.052562,0.027709,0.021832,0.016613,1.313284,52.478479,52.030723,2.521774,0.090525,0.559952,3,10,8,4,3,10,8,4,3,10,8,4,3,10,8,4,0.059950,0.104380,0.254340,0.255810,1,1,30:06:2022,23:11:43,1170,28.545000,77.192600,15.000000,lev20,Almucantar
IIT_Delhi,26:10:2021,09:47:16,299,299.407824,0.054995,0.032046,0.024770,0.017970,1.181984,62.519515,61.976528,2.086589,0.064691,0.540080,3,10,8,5,3,10,8,5,3,10,8,5,3,10,8,5,0.063830,0.112800,0.275420,0.275480,1,1,30:06:2022,23:18:24,1170,28.545000,77.192600,15.000000,lev20,Almucantar
IIT_Delhi,26:10:2021,10:07:10,299,299.421644,0.049019,0.023709,0.018671,0.014127,1.448467,66.205965,65.641376,1.892781,0.052616,0.491979,4,10,7,6,4,10,7,6,3,10,7,6,3,10,7,6,0.065830,0.117100,0.286060,0.285410,1,1,30:06:2022,23:25:00,1170,28.545000,77.192600,15.000000,lev20,Almucantar
IIT_Delhi,26:10:2021,10:46:58,299,299.449282,0.049506,0.025131,0.021049,0.016182,1.291950,73.942350,73.345262,2.735980,0.038402,0.525961,4,10,7,6,4,10,7,6,4,10,7,6,4,10,7,6,0.071590,0.129470,0.316260,0.313550,1,1,30:06:2022,23:31:41,1170,28.545000,77.192600,15.000000,lev20,Almucantar
IIT_Delhi,26:10:2021,11:05:12,299,299.461944,0.045807,0.026287,0.025293,0.020486,0.918170,77.609815,77.002251,2.333550,0.024424,0.529098,4,10,6,5,4,10,6,5,4,10,7,5,4,10,7,6,0.075390,0.137610,0.336050,0.331900,1,1,30:06:2022,23:34:14,1170,28.545000,77.192600,15.000000,lev20,Almucantar
IIT_Delhi,27:10:2021,02:14:28,300,300.093380,0.059406,0.019050,0.013827,0.010218,2.197600,74.635270,75.234333,2.052132,0.030707,0.632601,4,10,7,6,4,10,7,6,4,10,7,6,4,10,7,6,0.071630,0.130480,0.321050,0.322520,1,1,30:06:2022,23:24:30,1170,28.545000,77.192600,15.000000,lev20,Almucantar
IIT_Delhi,27:10:2021,02:49:22,300,300.117616,0.060554,0.023229,0.018238,0.013133,1.814487,67.823228,68.395893,2.139099,0.048843,0.695688,4,10,7,6,4,10,7,6,4,10,7,6,4,10,7,6,0.066440,0.119020,0.292280,0.294170,1,1,30:06:2022,23:32:40,1170,28.545000,77.192600,15.000000,lev20,Almucantar
IIT_Delhi,27:10:2021,03:47:17,300,300.157836,0.054035,0.020957,0.015494,0.010789,1.876334,57.410628,57.914102,2.006951,0.080469,0.649538,4,10,7,5,4,10,7,5,4,10,7,5,4,10,7,5,0.061410,0.107880,0.263980,0.266340,1,1,01:07:2022,00:42:49,1170,28.545000,77.192600,15.000000,lev20,Almucantar
IIT_Delhi,27:10:2021,08:47:12,300,300.366111,0.056176,0.021224,0.017648,0.013391,1.762878,52.749541,52.303942,1.483853,0.068186,0.703165,3,10,8,4,3,10,8,4,3,10,8,4,3,10,8,4,0.060030,0.104560,0.254800,0.256240,1,1,01:07:2022,00:42:49,1170,28.545000,77.192600,15.000000,lev20,Almucantar
IIT_Delhi,27:10:2021,09:06:57,300,300.379826,0.055613,0.020110,0.015245,0.010899,1.952828,55.827926,55.345040,1.972489,0.095806,0.654037,4,10,8,4,4,10,8,4,4,10,8,4,4,10,8,4,0.061030,0.106750,0.260330,0.261390,1,1,01:07:2022,00:42:49,1170,28.545000,77.192600,15.000000,lev20,Almucantar
IIT_Delhi,27:10:2021,09:47:14,300,300.407801,0.057162,0.026297,0.021083,0.016073,1.503189,62.756405,62.215211,1.643925,0.055469,0.610417,3,10,8,5,3,10,8,5,3,10,8,5,3,10,8,5,0.063940,0.113050,0.276050,0.276070,1,1,01:07:2022,00:42:50,1170,28.545000,77.192600,15.000000,lev20,Almucantar
IIT_Delhi,27:10:2021,10:07:11,300,300.421655,0.060542,0.025197,0.020682,0.015668,1.628768,66.440888,65.877906,1.936533,0.057645,0.596062,4,10,7,6,4,10,7,6,4,10,7,6,3,10,7,6,0.065970,0.117410,0.286810,0.286110,1,1,01:07:2022,00:42:50,1170,28.545000,77.192600,15.000000,lev20,Almucantar
IIT_Delhi,27:10:2021,10:27:06,300,300.435486,0.061421,0.026915,0.022105,0.017283,1.547487,70.249041,69.668077,2.017184,0.044763,0.583788,4,10,7,6,4,10,7,6,4,10,7,6,4,10,7,6,0.068530,0.122910,0.300280,0.298660,1,1,01:07:2022,00:42:50,1170,28.545000,77.192600,15.000000,lev20,Almucantar
IIT_Delhi,27:10:2021,10:47:24,300,300.449583,0.061223,0.027488,0.023337,0.018266,1.465959,74.240642,73.644649,2.439611,0.034912,0.594724,4,10,7,6,4,10,7,6,4,10,7,6,4,10,7,6,0.071860,0.130060,0.317700,0.314910,1,1,01:07:2022,00:42:50,1170,28.545000,77.192600,15.000000,lev20,Almucantar
IIT_Delhi,27:10:2021,11:05:38,300,300.462245,0.064343,0.028972,0.025530,0.021969,1.412551,77.901489,77.295018,2.818687,0.025029,0.621728,4,10,6,5,4,10,6,5,4,10,6,5,4,10,7,6,0.075730,0.138360,0.337850,0.333560,1,1,01:07:2022,00:42:50,1170,28.545000,77.192600,15.000000,lev20,Almucantar
IIT_Delhi,28:10:2021,02:14:39,301,301.093507,0.067988,0.027365,0.022269,0.018639,1.692335,74.772973,75.370468,1.461351,0.016685,0.661070,4,10,7,6,4,10,7,6,4,10,7,6,4,10,7,6,0.071750,0.130770,0.321770,0.323200,1,1,30:06:2022,23:28:33,1170,28.545000,77.192600,15.000000,lev20,Almucantar
IIT_Delhi,28:10:2021,02:49:38,301,301.117801,0.064488,0.027270,0.021601,0.017172,1.650651,67.965173,68.535892,1.255502,0.021808,0.676104,4,10,7,6,4,10,7,6,4,10,7,6,4,10,7,6,0.066530,0.119220,0.292770,0.294650,1,1,30:06:2022,23:34:36,1170,28.545000,77.192600,15.000000,lev20,Almucantar
IIT_Delhi,28:10:2021,03:46:03,301,301.156979,0.060843,0.023090,0.017279,0.013740,1.894378,57.846344,58.349552,1.167448,0.033335,0.678938,4,10,7,5,4,10,7,5,4,10,7,5,4,10,7,5,0.061580,0.108240,0.264890,0.267240,1,1,30:06:2022,23:11:25,1170,28.545000,77.192600,15.000000,lev20,Almucantar
IIT_Delhi,28:10:2021,04:06:03,301,301.170868,0.058983,0.023266,0.015018,0.011485,2.028237,54.616951,55.086619,1.526043,0.062915,0.669024,4,10,8,4,4,10,8,4,4,10,8,4,4,10,8,4,0.060460,0.105750,0.258460,0.260930,1,1,30:06:2022,23:17:59,1170,28.545000,77.192600,15.000000,lev20,Almucantar
IIT_Delhi,28:10:2021,08:47:05,301,301.366030,0.056131,0.016287,0.012735,0.011500,2.256015,53.009192,52.565852,1.867189,0.036171,0.705307,4,10,8,4,3,10,8,4,3,10,8,4,3,10,8,4,0.060110,0.104730,0.255240,0.256650,1,1,30:06:2022,23:08:31,1170,28.545000,77.192600,15.000000,lev20,Almucantar
IIT_Delhi,28:10:2021,09:47:07,301,301.407720,0.062479,0.037978,0.030023,0.023635,1.086437,62.974259,62.434960,1.727899,0.028056,0.619450,3,10,8,5,3,10,8,5,3,10,8,5,3,10,8,5,0.064050,0.113280,0.276630,0.276630,1,1,30:06:2022,23:15:44,1170,28.545000,77.192600,15.000000,lev20,Almucantar
IIT_Delhi,28:10:2021,10:06:57,301,301.421493,0.062996,0.028222,0.022054,0.017571,1.578297,66.624840,66.063718,1.126686,0.023561,0.588764,4,10,7,6,4,10,7,6,4,10,7,6,3,10,7,6,0.066080,0.117640,0.287380,0.286670,1,1,30:06:2022,23:21:36,1170,28.545000,77.192600,15.000000,lev20,Almucantar
IIT_Delhi,28:10:2021,10:44:46,301,301.447755,0.074076,0.031992,0.025024,0.020255,1.634269,73.926361,73.333514,1.430741,0.018045,0.614243,4,10,7,6,4,10,7,6,4,10,7,6,4,10,7,6,0.071570,0.129440,0.316200,0.313500,1,1,30:06:2022,23:29:42,1170,28.545000,77.192600,15.000000,lev20,Almucantar
IIT_Delhi,28:10:2021,11:02:56,301,301.460370,0.066307,0.037879,0.031791,0.026533,1.104803,77.556399,76.952609,1.920644,0.017585,0.664245,4,10,6,5,4,10,7,5,4,10,7,5,4,10,7,6,0.075320,0.137480,0.335690,0.331630,1,1,30:06:2022,23:33:10,1170,28.545000,77.192600,15.000000,lev20,Almucantar
IIT_Delhi,29:10:2021,02:15:33,302,302.094132,0.069610,0.028961,0.023092,0.018934,1.667410,74.769752,75.365233,1.222500,0.007466,0.697322,4,10,7,6,4,10,7,6,4,10,7,6,4,10,7,6,0.071750,0.130760,0.321720,0.323180,1,1,30:06:2022,23:14:41,1170,28.545000,77.192600,15.000000,lev20,Almucantar
IIT_Delhi,29:10:2021,02:50:37,302,302.118484,0.068964,0.031834,0.026004,0.021640,1.473330,67.972800,68.540926,1.431232,0.013499,0.711885,4,10,7,6,4,10,7,6,4,10,7,6,4,10,7,6,0.066530,0.119230,0.292810,0.294670,1,1,30:06:2022,23:22:46,1170,28.545000,77.192600,15.000000,lev20,Almucantar
IIT_Delhi,29:10:2021,03:47:10,302,302.157755,0.066188,0.027531,0.020778,0.017401,1.739964,57.890608,58.389973,2.594475,0.042514,0.700856,4,10,7,5,4,10,7,5,4,10,7,5,4,10,7,5,0.061590,0.108280,0.264980,0.267330,1,1,30:06:2022,23:29:03,1170,28.545000,77.192600,15.000000,lev20,Almucantar
IIT_Delhi,29:10:2021,08:47:01,302,302.365984,0.058046,0.021007,0.014169,0.011831,2.105039,53.272233,52.831046,3.995851,0.117282,0.943767,4,10,8,4,4,10,8,4,4,10,8,4,3,10,8,4,0.060190,0.104910,0.255690,0.257080,1,1,30:06:2022,23:18:11,1170,28.545000,77.192600,15.000000,lev20,Almucantar
IIT_Delhi,29:10:2021,09:47:05,302,302.407697,0.111860,0.065126,0.053906,0.046350,1.093383,63.203079,62.665576,1.785223,0.016790,1.249687,3,10,8,5,3,10,8,5,3,10,8,5,3,10,8,5,0.064170,0.113530,0.277250,0.277210,1,1,30:06:2022,23:27:28,1170,28.545000,77.192600,15.000000,lev20,Almucantar
IIT_Delhi,29:10:2021,10:44:07,302,302.447303,0.097805,0.058240,0.049175,0.043106,1.032066,74.002791,73.411795,3.659221,0.053582,1.160124,4,10,7,6,4,10,7,6,4,10,7,5,4,10,5,3,0.071640,0.129600,0.316570,0.313850,1,1,30:06:2022,23:38:01,1170,28.545000,77.192600,15.000000,lev20,Almucantar
IIT_Delhi,29:10:2021,11:02:24,302,302.460000,0.083996,0.051317,0.041378,0.036072,1.052534,77.645712,77.043533,7.168944,0.048919,1.213895,4,10,6,5,4,10,7,5,4,10,7,5,4,10,7,6,0.075440,0.137720,0.336290,0.332140,1,1,30:06:2022,23:40:50,1170,28.545000,77.192600,15.000000,lev20,Almucantar
IIT_Delhi,30:10:2021,02:16:26,303,303.094745,0.066769,0.030160,0.025069,0.021287,1.484325,74.771780,75.365250,1.476811,0.011117,0.604164,4,10,7,6,4,10,7,6,4,10,7,6,4,10,7,6,0.071750,0.130760,0.321740,0.323180,1,1,30:06:2022,23:24:45,1170,28.545000,77.192600,15.000000,lev20,Almucantar
IIT_Delhi,30:10:2021,02:51:32,303,303.119120,0.063424,0.026535,0.020691,0.016687,1.687993,67.995120,68.560710,1.720636,0.029266,0.580826,4,10,7,6,4,10,7,6,4,10,7,6,4,10,7,6,0.066550,0.119260,0.292880,0.294730,1,1,30:06:2022,23:10:52,1170,28.545000,77.192600,15.000000,lev20,Almucantar
IIT_Delhi,30:10:2021,03:47:07,303,303.157720,0.062899,0.023754,0.018036,0.015908,1.882920,58.129428,58.626786,2.119505,0.031666,0.641981,4,10,7,5,4,10,7,5,4,10,7,5,4,10,7,5,0.061680,0.108480,0.265500,0.267820,1,1,30:06:2022,23:17:05,1170,28.545000,77.192600,15.000000,lev20,Almucantar
IIT_Delhi,30:10:2021,08:46:58,303,303.365949,-999.0,-999.0,-999.0,-999.0,-999.0,53.533529,53.094459,2.565613,0.174967,0.353504,4,10,8,4,4,10,8,4,4,10,8,4,3,10,8,4,0.060270,0.105080,0.256140,0.257510,1,1,30:06:2022,23:30:21,1170,28.545000,77.192600,15.000000,lev20,Almucantar
IIT_Delhi,30:10:2021,09:46:58,303,303.407616,-999.0,-999.0,-999.0,-999.0,-999.0,63.412744,62.877139,3.087989,0.214735,0.381154,3,10,8,5,3,10,8,5,3,10,8,5,3,10,8,5,0.064270,0.113760,0.277830,0.277760,1,1,30:06:2022,23:07:34,1170,28.545000,77.192600,15.000000,lev20,Almucantar
IIT_Delhi,30:10:2021,10:34:15,303,303.440451,0.062422,0.027634,0.022872,0.019464,1.521381,72.272558,71.690237,1.769689,0.065526,0.454299,4,10,7,6,4,10,7,6,4,10,7,6,4,10,7,6,0.070110,0.126310,0.308610,0.306470,1,1,30:06:2022,23:10:05,1170,28.545000,77.192600,15.000000,lev20,Almucantar
IIT_Delhi,30:10:2021,10:59:17,303,303.457836,0.064792,0.032448,0.029291,0.025085,1.214731,77.213942,76.614803,2.422816,0.014707,0.500613,4,10,7,5,4,10,6,5,4,10,7,6,4,10,7,6,0.074920,0.136640,0.333700,0.329760,1,1,30:06:2022,23:12:57,1170,28.545000,77.192600,15.000000,lev20,Almucantar
IIT_Delhi,31:10:2021,02:19:13,304,304.096678,0.101640,0.044295,0.034817,0.029322,1.613730,74.402124,74.992311,1.748363,0.011684,0.885613,4,10,7,6,4,10,7,6,4,10,7,6,4,10,7,6,0.071410,0.130010,0.319840,0.321310,1,1,30:06:2022,23:12:45,1170,28.545000,77.192600,15.000000,lev20,Almucantar
IIT_Delhi,31:10:2021,02:54:05,304,304.120891,0.096761,0.043231,0.032850,0.026521,1.619324,67.714055,68.275537,1.559968,0.021976,0.853631,4,10,7,6,4,10,7,6,4,10,7,6,4,10,7,6,0.066370,0.118870,0.291890,0.293760,1,1,30:06:2022,23:22:33,1170,28.545000,77.192600,15.000000,lev20,Almucantar
IIT_Delhi,31:10:2021,03:47:06,304,304.157708,0.090118,0.041941,0.031862,0.025573,1.555864,58.362779,58.858120,1.315587,0.028682,0.808332,4,10,7,5,4,10,7,5,4,10,7,5,4,10,7,5,0.061770,0.108680,0.266000,0.268310,1,1,30:06:2022,23:33:00,1170,28.545000,77.192600,15.000000,lev20,Almucantar
IIT_Delhi,31:10:2021,10:59:48,304,304.458194,0.057192,0.028678,0.023211,0.018431,1.356154,77.506405,76.908331,3.275774,0.016902,0.428590,4,10,7,5,4,10,7,6,4,10,7,6,4,10,7,6,0.075270,0.137370,0.335480,0.331380,1,1,30:06:2022,23:21:02,1170,28.545000,77.192600,15.000000,lev20,Almucantar
IIT_Delhi,01:11:2021,02:18:17,305,305.096030,0.084294,0.034450,0.025673,0.021287,1.784101,74.765024,75.354399,1.616323,0.013625,0.825222,4,10,7,6,4,10,7,6,4,10,7,6,4,10,7,6,0.071430,0.130290,0.310980,0.313190,1,1,30:06:2022,23:19:44,1170,28.545000,77.192600,15.000000,lev20,Almucantar
IIT_Delhi,01:11:2021,02:54:02,305,305.120856,0.085737,0.033187,0.024129,0.019623,1.901377,67.921354,68.481227,1.776389,0.027483,0.852859,4,10,7,6,4,10,7,6,4,10,7,6,4,10,7,6,0.066400,0.118870,0.282940,0.285480,1,1,30:06:2022,23:28:00,1170,28.545000,77.192600,15.000000,lev20,Almucantar
IIT_Delhi,01:11:2021,03:47:03,305,305.157674,0.078526,0.029836,0.021131,0.017188,1.964874,58.601532,59.094952,1.468609,0.039380,0.849115,4,10,7,5,4,10,7,5,4,10,7,5,3,11,7,5,0.061970,0.108760,0.257800,0.260690,1,1,30:06:2022,23:34:56,1170,28.545000,77.192600,15.000000,lev20,Almucantar
IIT_Delhi,01:11:2021,04:47:03,305,305.199340,0.079156,0.032962,0.023164,0.018903,1.831933,49.919440,50.290336,1.381089,0.106331,0.832766,3,10,8,4,3,10,8,4,3,10,8,4,3,10,8,4,0.059340,0.102720,0.242470,0.245570,1,1,30:06:2022,23:13:20,1170,28.545000,77.192600,15.000000,lev20,Almucantar
IIT_Delhi,01:11:2021,08:46:55,305,305.365914,0.121020,0.055691,0.039455,0.032642,1.665197,54.050294,53.615345,3.843536,0.517948,1.085558,4,10,8,4,4,10,7,4,4,10,7,4,4,10,8,4,0.060590,0.105370,0.248660,0.250580,1,1,30:06:2022,23:30:09,1170,28.545000,77.192600,15.000000,lev20,Almucantar
IIT_Delhi,01:11:2021,09:46:57,305,305.407604,0.096083,0.044093,0.032881,0.025222,1.602198,63.857823,63.325753,1.423882,0.023130,0.910627,3,10,8,5,3,10,8,5,3,10,8,5,3,10,8,5,0.064490,0.114050,0.269870,0.270460,1,1,30:06:2022,23:38:36,1170,28.545000,77.192600,15.000000,lev20,Almucantar
IIT_Delhi,01:11:2021,10:40:20,305,305.444676,0.104590,0.047956,0.038198,0.030884,1.516946,73.852019,73.268004,1.670523,0.012888,0.945953,4,10,7,6,4,10,7,6,4,10,7,6,4,10,7,6,0.071180,0.128850,0.305320,0.303600,1,1,30:06:2022,23:47:03,1170,28.545000,77.192600,15.000000,lev20,Almucantar
IIT_Delhi,01:11:2021,10:58:32,305,305.457315,0.103000,0.042770,0.035314,0.030814,1.624573,77.438818,76.842823,2.598754,0.013281,0.925985,4,10,7,5,4,10,6,5,4,10,6,5,4,10,7,6,0.074710,0.136630,0.323810,0.320820,1,1,30:06:2022,23:10:09,1170,28.545000,77.192600,15.000000,lev20,Almucantar
IIT_Delhi,02:11:2021,02:19:09,306,306.096632,0.098827,0.043849,0.033584,0.027523,1.619770,74.775753,75.363115,1.575792,0.011182,0.906631,4,10,7,6,4,10,7,6,4,10,7,6,4,10,7,6,0.071430,0.130300,0.310980,0.313230,1,1,30:06:2022,23:13:23,1170,28.545000,77.192600,15.000000,lev20,Almucantar
IIT_Delhi,02:11:2021,02:54:37,306,306.121262,0.099309,0.043406,0.031791,0.025852,1.701973,68.011583,68.569248,1.305681,0.015224,0.923771,4,10,7,6,4,10,7,6,4,10,7,6,4,10,7,6,0.066460,0.119000,0.283230,0.285770,1,1,30:06:2022,23:23:19,1170,28.545000,77.192600,15.000000,lev20,Almucantar
IIT_Delhi,02:11:2021,03:46:59,306,306.157627,0.090748,0.045581,0.033606,0.026163,1.476067,58.842799,59.334369,1.475616,0.029972,0.892557,4,10,7,5,4,10,7,5,3,11,7,5,3,11,7,5,0.062060,0.108970,0.258310,0.261190,1,1,30:06:2022,23:29:48,1170,28.545000,77.192600,15.000000,lev20,Almucantar
IIT_Delhi,02:11:2021,04:46:58,306,306.199282,0.089852,0.043305,0.032523,0.026813,1.516322,50.200977,50.570033,1.322183,0.039248,0.855715,3,10,8,4,3,10,8,4,3,10,8,4,3,10,8,4,0.059410,0.102880,0.242870,0.245960,1,1,30:06:2022,23:36:25,1170,28.545000,77.192600,15.000000,lev20,Almucantar
IIT_Delhi,02:11:2021,08:46:51,306,306.365868,0.113400,0.047482,0.034928,0.028196,1.763319,54.295786,53.862979,1.209391,0.061338,1.119922,4,10,8,4,4,10,8,4,4,10,8,4,4,10,8,4,0.060670,0.105540,0.249090,0.250990,1,1,30:06:2022,23:26:44,1170,28.545000,77.192600,15.000000,lev20,Almucantar
IIT_Delhi,02:11:2021,09:46:56,306,306.407593,0.110070,0.055015,0.042160,0.034242,1.432965,64.072077,63.541784,1.013884,0.013373,1.094548,3,10,8,5,3,10,8,5,3,10,8,5,3,10,8,5,0.064600,0.114300,0.270460,0.271010,1,1,30:06:2022,23:37:04,1170,28.545000,77.192600,15.000000,lev20,Almucantar
IIT_Delhi,02:11:2021,10:39:24,306,306.444028,0.114770,0.052862,0.040004,0.032266,1.577158,73.859515,73.277640,1.614272,0.008486,1.027045,4,10,7,6,4,10,7,6,4,10,7,6,4,10,7,6,0.071190,0.128870,0.305360,0.303650,1,1,30:06:2022,23:40:41,1170,28.545000,77.192600,15.000000,lev20,Almucantar
IIT_Delhi,02:11:2021,10:57:42,306,306.456736,0.123020,0.058574,0.045564,0.036273,1.489142,77.453976,76.859834,1.790035,0.003856,1.046032,4,10,6,5,4,10,6,5,4,10,6,6,4,10,7,6,0.074730,0.136660,0.323900,0.320910,1,1,30:06:2022,23:44:01,1170,28.545000,77.192600,15.000000,lev20,Almucantar
IIT_Delhi,03:11:2021,08:46:51,307,307.365868,0.133070,0.063875,0.049095,0.040167,1.492238,54.546274,54.115468,1.970814,0.036553,1.354246,4,10,8,4,4,10,8,4,4,10,8,4,4,10,8,4,0.060750,0.105720,0.249530,0.251400,1,1,30:06:2022,23:23:53,1170,28.545000,77.192600,15.000000,lev20,Almucantar
IIT_Delhi,03:11:2021,09:46:55,307,307.407581,0.137670,0.066719,0.049552,0.039054,1.522334,64.281667,63.753150,1.314404,0.009068,1.390772,3,10,8,5,3,10,8,5,3,10,8,5,3,10,8,5,0.064700,0.114530,0.271030,0.271560,1,1,30:06:2022,23:36:39,1170,28.545000,77.192600,15.000000,lev20,Almucantar
IIT_Delhi,03:11:2021,10:38:59,307,307.443738,0.123490,0.061167,0.049263,0.040939,1.381796,73.963495,73.383387,2.022450,0.027139,1.289025,4,10,7,6,4,10,7,6,4,10,7,6,4,10,7,6,0.071280,0.129070,0.305860,0.304100,1,1,30:06:2022,23:46:47,1170,28.545000,77.192600,15.000000,lev20,Almucantar
IIT_Delhi,03:11:2021,10:57:17,307,307.456447,0.116150,0.057191,0.047556,0.040930,1.349096,77.547707,76.955187,3.591759,0.020792,1.271068,4,10,6,5,4,10,6,5,4,10,6,6,4,10,7,6,0.074830,0.136900,0.324460,0.321420,1,1,30:06:2022,23:50:48,1170,28.545000,77.192600,15.000000,lev20,Almucantar
IIT_Delhi,04:11:2021,02:56:43,308,308.122720,0.161830,0.068569,0.052646,0.045081,1.688541,68.023793,68.576142,3.094651,0.072470,2.175994,4,10,7,6,4,10,7,6,4,10,7,6,4,10,7,6,0.066470,0.119010,0.283250,0.285790,1,1,30:06:2022,23:24:58,1170,28.545000,77.192600,15.000000,lev20,Almucantar
IIT_Delhi,04:11:2021,03:47:04,308,308.157685,0.158960,0.066629,0.049188,0.039985,1.756974,59.289164,59.776828,2.522887,0.046563,2.206156,3,11,7,5,3,11,7,5,3,10,8,5,3,10,8,5,0.062230,0.109350,0.259270,0.262130,1,1,30:06:2022,23:36:16,1170,28.545000,77.192600,15.000000,lev20,Almucantar
IIT_Delhi,04:11:2021,04:47:00,308,308.199306,0.180440,0.076150,0.055024,0.045497,1.774495,50.735236,51.100314,1.112238,0.015215,2.394037,3,10,8,4,3,10,8,4,3,10,8,4,3,10,8,4,0.059540,0.103180,0.243660,0.246720,1,1,30:06:2022,23:56:46,1170,28.545000,77.192600,15.000000,lev20,Almucantar
IIT_Delhi,04:11:2021,08:46:56,308,308.365926,0.214620,0.097999,0.067629,0.052461,1.711844,54.803920,54.374939,1.612595,0.030562,2.868800,4,10,8,4,4,10,8,4,4,10,8,4,4,10,8,4,0.060830,0.105900,0.249990,0.251840,1,1,30:06:2022,23:59:57,1170,28.545000,77.192600,15.000000,lev20,Almucantar
IIT_Delhi,04:11:2021,09:47:00,308,308.407639,0.202000,0.117020,0.113070,0.095900,0.897895,64.504117,63.977249,2.697110,0.040028,2.997277,3,10,8,5,3,10,8,5,3,10,8,5,3,10,8,4,0.064820,0.114790,0.271660,0.272150,1,1,01:07:2022,00:09:33,1170,28.545000,77.192600,15.000000,lev20,Almucantar
IIT_Delhi,05:11:2021,03:47:03,309,309.157674,0.187670,0.070498,0.051237,0.042190,1.948698,59.521168,60.007042,2.399651,0.088168,2.555757,3,11,7,5,3,10,8,5,3,10,8,5,3,10,8,5,0.062320,0.109560,0.259790,0.262630,1,1,30:06:2022,23:28:07,1170,28.545000,77.192600,15.000000,lev20,Almucantar
IIT_Delhi,05:11:2021,04:47:03,309,309.199340,0.194990,0.078738,0.066236,0.061711,1.643694,50.995946,51.359056,2.288565,0.071535,2.697413,3,10,8,4,3,10,8,4,3,10,8,4,3,10,8,4,0.059610,0.103340,0.244050,0.247100,1,1,30:06:2022,23:44:01,1170,28.545000,77.192600,15.000000,lev20,Almucantar
IIT_Delhi,05:11:2021,09:46:57,309,309.407604,0.150050,0.069677,0.051356,0.041627,1.599093,64.698171,64.173117,4.986210,0.104851,2.318495,3,10,8,5,3,10,8,5,3,10,8,5,3,10,8,5,0.064920,0.115010,0.272210,0.272670,1,1,30:06:2022,23:19:27,1170,28.545000,77.192600,15.000000,lev20,Almucantar
IIT_Delhi,06:11:2021,02:59:08,310,310.124398,0.135680,0.056700,0.043104,0.035976,1.723144,67.985091,68.531821,2.003328,0.031180,1.776219,4,10,7,6,4,10,7,6,4,10,7,6,4,10,7,6,0.066440,0.118960,0.283130,0.285650,1,1,30:06:2022,23:26:36,1170,28.545000,77.192600,15.000000,lev20,Almucantar
IIT_Delhi,06:11:2021,03:47:08,310,310.157731,0.129550,0.055345,0.043178,0.035995,1.654679,59.736506,60.220479,2.308523,0.052207,1.804264,3,10,8,5,3,10,8,5,3,10,8,5,3,10,8,5,0.062410,0.109750,0.260270,0.263100,1,1,30:06:2022,23:40:38,1170,28.545000,77.192600,15.000000,lev20,Almucantar
IIT_Delhi,06:11:2021,04:47:03,310,310.199340,0.148780,0.073693,0.055326,0.047346,1.474075,51.260862,51.622205,3.709242,0.085247,1.966374,3,10,8,4,3,10,8,4,3,10,8,4,3,10,8,3,0.059680,0.103500,0.244450,0.247490,1,1,30:06:2022,23:45:58,1170,28.545000,77.192600,15.000000,lev20,Almucantar
IIT_Delhi,06:11:2021,08:46:56,310,310.365926,0.135020,0.044812,0.031565,0.025886,2.183284,55.280164,54.855167,2.318956,0.061208,1.724027,4,10,8,4,4,10,8,4,4,10,8,4,4,10,8,4,0.060980,0.106240,0.250840,0.252650,1,1,30:06:2022,23:39:06,1170,28.545000,77.192600,15.000000,lev20,Almucantar
IIT_Delhi,06:11:2021,09:46:56,310,310.407593,0.161120,0.111550,0.078300,0.059504,1.039318,64.893147,64.369863,5.183830,0.058626,1.881272,3,10,8,5,3,10,8,5,3,10,8,5,3,10,8,5,0.065020,0.115240,0.272770,0.273200,1,1,30:06:2022,23:49:08,1170,28.545000,77.192600,15.000000,lev20,Almucantar
IIT_Delhi,06:11:2021,10:35:23,310,310.441238,0.118050,0.055325,0.041760,0.035180,1.553427,73.798624,73.225726,6.255627,0.059765,1.883381,4,10,7,6,4,10,7,6,4,10,7,6,4,10,7,6,0.071130,0.128750,0.305100,0.303420,1,1,30:06:2022,23:59:04,1170,28.545000,77.192600,15.000000,lev20,Almucantar
IIT_Delhi,07:11:2021,03:47:10,311,311.157755,0.137340,0.059570,0.044589,0.037045,1.685379,59.959232,60.441433,3.238008,0.113904,1.989112,3,10,8,5,3,10,8,5,3,10,8,5,3,10,8,5,0.062500,0.109950,0.260780,0.263580,1,1,30:06:2022,23:33:29,1170,28.545000,77.192600,15.000000,lev20,Almucantar
IIT_Delhi,07:11:2021,04:47:05,311,311.199363,0.113090,0.044089,0.032256,0.027122,1.882010,51.519885,51.879446,1.817453,0.030378,1.433261,3,10,8,4,3,10,8,4,3,10,8,4,3,10,8,4,0.059750,0.103650,0.244850,0.247870,1,1,30:06:2022,23:38:01,1170,28.545000,77.192600,15.000000,lev20,Almucantar
IIT_Delhi,07:11:2021,08:47:00,311,311.365972,0.085979,0.041379,0.030378,0.024789,1.548429,55.520086,55.096938,1.577161,0.071195,0.948949,4,10,8,4,4,10,8,4,4,10,8,4,4,10,8,4,0.061060,0.106420,0.251280,0.253070,1,1,30:06:2022,23:22:34,1170,28.545000,77.192600,15.000000,lev20,Almucantar
IIT_Delhi,07:11:2021,10:34:17,311,311.440475,0.088696,0.043352,0.034110,0.028525,1.433234,73.755853,73.185325,1.770395,0.015830,0.978438,4,10,7,6,4,10,7,6,4,10,7,6,4,10,7,6,0.071090,0.128660,0.304900,0.303240,1,1,30:06:2022,23:31:30,1170,28.545000,77.192600,15.000000,lev20,Almucantar
IIT_Delhi,07:11:2021,10:52:31,311,311.453137,0.075691,0.039916,0.032247,0.027613,1.279850,77.272506,76.688519,3.478506,0.056818,0.997756,4,10,6,6,4,10,7,6,4,10,7,6,4,10,7,6,0.074520,0.136210,0.322850,0.320000,1,1,30:06:2022,23:35:12,1170,28.545000,77.192600,15.000000,lev20,Almucantar
IIT_Delhi,08:11:2021,03:47:14,312,312.157801,0.132140,0.066446,0.052145,0.043388,1.392301,60.175859,60.656285,2.882674,0.044254,1.979776,3,10,8,5,3,10,8,5,3,10,8,5,3,10,8,5,0.062580,0.110160,0.261280,0.264060,1,1,30:06:2022,23:37:16,1170,28.545000,77.192600,15.000000,lev20,Almucantar
IIT_Delhi,08:11:2021,04:47:11,312,312.199433,0.114660,0.054825,0.049444,0.045320,1.288271,51.769008,52.126693,1.258891,0.011738,1.471243,3,10,8,4,3,10,8,4,3,10,8,4,3,10,8,4,0.059810,0.103810,0.245240,0.248250,1,1,30:06:2022,23:11:54,1170,28.545000,77.192600,15.000000,lev20,Almucantar
IIT_Delhi,08:11:2021,09:47:04,312,312.407685,0.094431,0.043751,0.036534,0.030885,1.438638,65.296862,64.776896,1.595760,0.012601,1.120392,3,10,7,6,3,10,7,6,3,10,8,5,3,10,8,5,0.065240,0.115720,0.273920,0.274300,1,1,30:06:2022,23:37:09,1170,28.545000,77.192600,15.000000,lev20,Almucantar
IIT_Delhi,08:11:2021,10:34:07,312,312.440359,0.098547,0.044581,0.034802,0.028590,1.564424,73.886633,73.317721,1.633234,0.006288,1.073675,4,10,7,6,4,10,7,6,4,10,7,6,4,10,7,6,0.071210,0.128920,0.305510,0.303820,1,1,30:06:2022,23:45:13,1170,28.545000,77.192600,15.000000,lev20,Almucantar
IIT_Delhi,08:11:2021,10:52:20,312,312.453009,0.074345,0.031388,0.025058,0.021942,1.642881,77.390609,76.808143,2.310417,0.013396,1.081569,4,10,6,6,4,10,7,6,4,10,7,6,4,9,7,6,0.074650,0.136510,0.323550,0.320630,1,1,30:06:2022,23:48:27,1170,28.545000,77.192600,15.000000,lev20,Almucantar
IIT_Delhi,09:11:2021,02:25:53,313,313.101308,0.114100,0.047527,0.034447,0.028263,1.790914,74.764159,75.337029,1.691973,0.009791,1.176957,4,10,7,6,4,10,7,6,4,10,7,6,4,10,7,6,0.070790,0.130220,0.299010,0.302030,1,1,30:06:2022,23:29:51,1170,28.545000,77.192600,15.000000,lev20,Almucantar
IIT_Delhi,09:11:2021,03:02:00,313,313.126389,0.107410,0.045251,0.034514,0.029007,1.706163,68.075319,68.614508,1.979907,0.018408,1.173928,4,10,7,6,4,10,7,6,4,10,7,6,4,10,7,6,0.066060,0.119130,0.272460,0.275710,1,1,30:06:2022,23:12:26,1170,28.545000,77.192600,15.000000,lev20,Almucantar
IIT_Delhi,09:11:2021,03:47:18,313,313.157847,0.111200,0.044021,0.031945,0.026198,1.868794,60.391617,60.870319,1.662479,0.024474,1.221662,3,10,8,5,3,10,8,5,3,10,8,5,3,10,8,5,0.062370,0.110470,0.251520,0.255010,1,1,30:06:2022,23:16:38,1170,28.545000,77.192600,15.000000,lev20,Almucantar
IIT_Delhi,09:11:2021,04:47:14,313,313.199468,0.106560,0.051450,0.037470,0.031321,1.553911,52.021913,52.377920,4.437378,0.067432,1.420113,3,10,8,4,3,10,8,4,3,10,8,4,3,10,8,4,0.059690,0.104140,0.235940,0.239610,1,1,30:06:2022,23:29:35,1170,28.545000,77.192600,15.000000,lev20,Almucantar
IIT_Delhi,09:11:2021,10:24:24,313,313.433611,0.090549,0.033614,0.024486,0.020911,1.964208,72.215422,71.656469,3.446779,0.044455,1.167461,4,10,7,6,4,10,7,6,4,10,7,6,4,9,7,5,0.069220,0.125790,0.286640,0.286390,1,1,30:06:2022,23:50:23,1170,28.545000,77.192600,15.000000,lev20,Almucantar
IIT_Delhi,10:11:2021,03:47:48,314,314.158194,0.122220,0.060321,0.049351,0.037379,1.366762,60.537878,61.014212,1.804894,0.017574,1.242467,3,10,8,5,3,10,8,5,3,10,8,5,3,10,8,5,0.062430,0.110610,0.251840,0.255330,1,1,30:06:2022,23:25:19,1170,28.545000,77.192600,15.000000,lev20,Almucantar
IIT_Delhi,10:11:2021,10:31:37,314,314.438623,0.118730,0.050204,0.035661,0.029216,1.793938,73.724265,73.160423,3.832089,0.059964,1.455432,4,10,7,6,4,10,7,6,4,10,7,3,4,10,6,3,0.070430,0.128540,0.293040,0.292380,1,1,30:06:2022,23:27:58,1170,28.545000,77.192600,15.000000,lev20,Almucantar
IIT_Delhi,11:11:2021,04:47:29,315,315.199641,0.319820,0.119710,0.078827,0.062280,2.083959,52.503311,52.855802,1.716359,0.057094,3.664129,3,10,8,4,3,10,8,4,3,10,8,4,3,10,8,4,0.059820,0.104440,0.236680,0.240330,1,1,30:06:2022,23:35:28,1170,28.545000,77.192600,15.000000,lev20,Almucantar
IIT_Delhi,12:11:2021,08:47:27,316,316.366285,0.158860,0.083750,0.059300,0.049758,1.453577,56.654128,56.239903,2.343344,0.006872,1.538630,4,10,8,4,4,10,8,4,4,10,8,4,4,10,8,4,0.061190,0.107430,0.243450,0.245880,1,1,30:06:2022,23:23:42,1170,28.545000,77.192600,15.000000,lev20,Almucantar
IIT_Delhi,13:11:2021,02:29:51,317,317.104062,0.120580,0.049181,0.038309,0.031235,1.729102,74.761021,75.325719,2.050911,0.016057,1.097408,4,10,7,6,4,10,7,6,4,10,7,6,4,10,7,6,0.070790,0.130220,0.299010,0.301980,1,1,30:06:2022,23:17:03,1170,28.545000,77.192600,15.000000,lev20,Almucantar
IIT_Delhi,13:11:2021,03:06:28,317,317.129491,0.122240,0.054263,0.040581,0.032746,1.650348,68.093891,68.622580,1.748609,0.016579,1.092694,4,10,7,6,4,10,7,6,4,10,7,6,4,10,7,6,0.066070,0.119150,0.272490,0.275730,1,1,30:06:2022,23:26:27,1170,28.545000,77.192600,15.000000,lev20,Almucantar
IIT_Delhi,13:11:2021,03:47:42,317,317.158125,0.125820,0.061712,0.049527,0.040022,1.401770,61.222617,61.694739,1.776518,0.021928,1.166596,3,10,8,5,3,10,8,5,3,10,8,5,3,10,8,5,0.062710,0.111250,0.253410,0.256860,1,1,30:06:2022,23:33:18,1170,28.545000,77.192600,15.000000,lev20,Almucantar
IIT_Delhi,13:11:2021,04:47:42,317,317.199792,0.105850,0.040902,0.027544,0.022455,2.004761,52.978684,53.328039,2.531677,0.070149,1.015503,3,10,8,4,3,10,8,4,3,10,8,3,4,10,8,4,0.059950,0.104750,0.237430,0.241050,1,1,30:06:2022,23:36:20,1170,28.545000,77.192600,15.000000,lev20,Almucantar
IIT_Delhi,13:11:2021,08:47:35,317,317.366377,0.204320,0.079502,0.058281,0.046997,1.882399,56.869866,56.457319,1.758665,0.029195,2.026521,4,10,7,5,4,10,8,4,4,10,8,4,4,10,8,4,0.061260,0.107590,0.243850,0.246260,1,1,30:06:2022,23:22:50,1170,28.545000,77.192600,15.000000,lev20,Almucantar
IIT_Delhi,13:11:2021,09:47:37,317,317.408067,0.084811,0.047179,0.039411,0.032295,1.152482,66.248881,65.736830,1.729229,0.017939,0.815294,4,10,7,6,4,10,7,6,4,10,7,5,3,10,7,6,0.065340,0.116950,0.266000,0.267060,1,1,30:06:2022,23:29:39,1170,28.545000,77.192600,15.000000,lev20,Almucantar
IIT_Delhi,13:11:2021,10:47:47,317,317.449850,0.121930,0.055713,0.047398,0.041542,1.435832,77.208806,76.636491,3.258978,0.015734,1.092977,4,10,7,6,4,10,6,6,4,10,6,6,4,10,7,6,0.073690,0.135950,0.310210,0.308440,1,1,30:06:2022,23:33:19,1170,28.545000,77.192600,15.000000,lev20,Almucantar
IIT_Delhi,14:11:2021,02:30:50,318,318.104745,0.082282,0.030952,0.023563,0.019275,1.885624,74.763708,75.326410,1.157397,0.005955,0.723141,4,10,7,6,4,10,7,6,4,10,7,6,4,10,7,6,0.070800,0.130230,0.299020,0.301980,1,1,30:06:2022,23:18:03,1170,28.545000,77.192600,15.000000,lev20,Almucantar
IIT_Delhi,14:11:2021,03:07:32,318,318.130231,0.084280,0.030391,0.021647,0.017672,2.039065,68.109080,68.635257,1.752707,0.024063,0.748936,4,10,7,6,4,10,7,6,4,10,7,6,4,10,7,6,0.066080,0.119180,0.272560,0.275770,1,1,30:06:2022,23:25:06,1170,28.545000,77.192600,15.000000,lev20,Almucantar
IIT_Delhi,14:11:2021,03:47:53,318,318.158252,0.074391,0.031391,0.024366,0.019915,1.680614,61.414039,61.884516,1.752752,0.029045,0.724507,3,10,8,5,3,10,8,5,3,10,8,5,3,10,8,5,0.062790,0.111440,0.253860,0.257290,1,1,30:06:2022,23:31:11,1170,28.545000,77.192600,15.000000,lev20,Almucantar
IIT_Delhi,14:11:2021,04:47:53,318,318.199919,0.082359,0.036541,0.026254,0.021635,1.703791,53.203707,53.551416,2.137379,0.053469,0.804099,3,10,8,4,4,10,8,4,4,10,8,4,4,10,8,4,0.060010,0.104890,0.237780,0.241400,1,1,30:06:2022,23:37:57,1170,28.545000,77.192600,15.000000,lev20,Almucantar
IIT_Delhi,14:11:2021,08:47:44,318,318.366481,0.141250,0.072038,0.057051,0.047318,1.358249,57.081965,56.671053,1.498417,0.020805,1.402681,4,10,7,5,4,10,7,5,4,10,8,4,4,10,8,4,0.061330,0.107760,0.244250,0.246650,1,1,30:06:2022,23:37:55,1170,28.545000,77.192600,15.000000,lev20,Almucantar
IIT_Delhi,14:11:2021,09:47:46,318,318.408171,0.138640,0.061362,0.049703,0.042247,1.550090,66.429179,65.918636,2.293695,0.021401,1.434555,4,10,7,6,4,10,7,6,4,10,7,6,3,10,7,6,0.065440,0.117170,0.266540,0.267570,1,1,30:06:2022,23:46:29,1170,28.545000,77.192600,15.000000,lev20,Almucantar
IIT_Delhi,14:11:2021,10:20:00,318,318.430556,0.148660,0.067200,0.052563,0.043420,1.563024,72.138224,71.591078,1.754916,0.006869,1.441021,4,10,7,6,4,10,7,6,4,10,7,6,4,10,7,6,0.069170,0.125670,0.286360,0.286140,1,1,30:06:2022,23:50:51,1170,28.545000,77.192600,15.000000,lev20,Almucantar
IIT_Delhi,14:11:2021,10:45:09,318,318.448021,0.131350,0.056329,0.043600,0.037455,1.659079,76.831467,76.262496,4.174921,0.043302,1.367415,4,10,6,6,4,10,6,6,4,10,7,6,4,10,7,6,0.073290,0.135050,0.308160,0.306540,1,1,30:06:2022,23:12:09,1170,28.545000,77.192600,15.000000,lev20,Almucantar
IIT_Delhi,15:11:2021,02:31:51,319,319.105451,0.131370,0.055072,0.045794,0.039823,1.600421,74.760682,75.321381,1.820261,0.016790,1.317760,4,10,7,6,4,10,7,6,4,10,7,6,4,10,7,6,0.070790,0.130220,0.298970,0.301960,1,1,30:06:2022,23:32:50,1170,28.545000,77.192600,15.000000,lev20,Almucantar
IIT_Delhi,15:11:2021,03:10:02,319,319.131968,0.125260,0.046998,0.033576,0.027842,1.973109,67.875653,68.397650,2.066036,0.022900,1.215126,4,10,7,6,4,10,7,6,4,10,7,6,4,10,7,6,0.065950,0.118860,0.271780,0.275010,1,1,30:06:2022,23:44:46,1170,28.545000,77.192600,15.000000,lev20,Almucantar
IIT_Delhi,15:11:2021,03:48:03,319,319.158368,0.108820,0.048526,0.037818,0.031131,1.589080,61.606553,62.075468,1.825319,0.023689,1.091261,3,10,8,5,3,10,8,5,3,10,8,5,3,10,8,5,0.062870,0.111630,0.254310,0.257730,1,1,30:06:2022,23:14:59,1170,28.545000,77.192600,15.000000,lev20,Almucantar
IIT_Delhi,15:11:2021,04:48:03,319,319.200035,0.101420,0.033304,0.022489,0.018220,2.255386,53.427818,53.773996,1.886654,0.039870,1.099633,4,10,8,4,4,10,8,4,4,10,8,4,4,10,8,4,0.060080,0.105040,0.238140,0.241750,1,1,30:06:2022,23:18:55,1170,28.545000,77.192600,15.000000,lev20,Almucantar
IIT_Delhi,15:11:2021,07:47:55,319,319.324942,0.170270,0.073277,0.052210,0.039701,1.762391,50.462431,50.206140,1.670785,0.021083,1.675474,3,10,8,4,3,10,8,4,3,10,8,4,3,10,8,4,0.059380,0.103270,0.233440,0.236530,1,1,30:06:2022,23:49:12,1170,28.545000,77.192600,15.000000,lev20,Almucantar
IIT_Delhi,15:11:2021,08:47:54,319,319.366597,0.167640,0.066073,0.047982,0.038418,1.874718,57.290319,56.881001,2.122839,0.031780,1.653820,4,10,7,5,4,10,7,5,4,10,7,5,4,10,8,4,0.061410,0.107930,0.244650,0.247030,1,1,30:06:2022,23:58:23,1170,28.545000,77.192600,15.000000,lev20,Almucantar
IIT_Delhi,15:11:2021,10:27:21,319,319.435660,0.113400,0.052989,0.043823,0.038571,1.438016,73.618929,73.066298,3.697278,0.041995,1.374546,4,10,7,6,4,10,7,6,4,10,7,6,4,10,7,6,0.070340,0.128330,0.292580,0.291990,1,1,30:06:2022,23:32:15,1170,28.545000,77.192600,15.000000,lev20,Almucantar
IIT_Delhi,15:11:2021,10:45:29,319,319.448252,0.141770,0.054405,0.043282,0.037722,1.796578,77.014263,76.446441,2.868855,0.019848,1.355494,4,10,6,6,4,10,6,6,4,10,7,6,4,10,7,6,0.073470,0.135470,0.309160,0.307470,1,1,30:06:2022,23:37:54,1170,28.545000,77.192600,15.000000,lev20,Almucantar
IIT_Delhi,16:11:2021,03:10:12,320,320.132083,0.081566,0.030581,0.025174,0.022189,1.788082,68.048028,68.568630,1.920022,0.020565,0.845842,4,10,7,6,4,10,7,6,4,10,7,6,4,10,7,6,0.066050,0.119090,0.272330,0.275560,1,1,30:06:2022,23:25:37,1170,28.545000,77.192600,15.000000,lev20,Almucantar
IIT_Delhi,16:11:2021,03:48:14,320,320.158495,0.086650,0.039485,0.029869,0.024325,1.594407,61.794835,62.262218,2.119947,0.059382,0.850959,3,10,8,5,3,10,8,5,3,10,8,5,3,10,8,5,0.062950,0.111810,0.254760,0.258170,1,1,30:06:2022,23:33:36,1170,28.545000,77.192600,15.000000,lev20,Almucantar
IIT_Delhi,16:11:2021,10:26:33,320,320.435104,0.120810,0.054286,0.044306,0.037837,1.516487,73.594135,73.043722,1.569335,0.006773,1.151858,4,10,7,6,4,10,7,6,4,10,7,6,4,10,7,6,0.070320,0.128300,0.292480,0.291900,1,1,30:06:2022,23:15:04,1170,28.545000,77.192600,15.000000,lev20,Almucantar
IIT_Delhi,17:11:2021,02:35:34,321,321.108032,0.104500,0.048338,0.038002,0.031553,1.520390,74.444488,74.999785,1.682492,0.013611,0.828202,4,10,7,6,4,10,7,6,4,10,7,6,4,10,7,6,0.069180,0.128860,0.288670,0.292630,1,1,30:06:2022,23:14:14,1170,28.545000,77.192600,15.000000,lev20,Almucantar
IIT_Delhi,17:11:2021,03:10:48,321,321.132500,0.097297,0.047727,0.038271,0.031582,1.402719,68.144567,68.663300,1.737134,0.024488,0.787598,4,10,7,6,4,10,7,6,4,10,7,6,4,10,7,6,0.064980,0.118720,0.264460,0.268590,1,1,30:06:2022,23:23:00,1170,28.545000,77.192600,15.000000,lev20,Almucantar
IIT_Delhi,17:11:2021,03:48:23,321,321.158600,0.105560,0.052812,0.042131,0.035453,1.378664,61.986503,62.452464,1.993718,0.028104,0.840601,3,10,8,5,3,10,8,5,3,10,8,5,3,10,8,5,0.062080,0.111660,0.247470,0.251730,1,1,30:06:2022,23:30:57,1170,28.545000,77.192600,15.000000,lev20,Almucantar
IIT_Delhi,17:11:2021,07:48:20,321,321.325231,0.151810,0.070469,0.052756,0.044413,1.579167,50.927540,50.673578,2.260131,0.023045,1.362895,3,10,8,4,3,10,8,4,3,10,8,4,3,10,8,4,0.058730,0.103380,0.226880,0.230760,1,1,30:06:2022,23:13:59,1170,28.545000,77.192600,15.000000,lev20,Almucantar
IIT_Delhi,17:11:2021,08:48:16,321,321.366852,0.142620,0.075552,0.061681,0.051427,1.258986,57.693106,57.286881,1.678162,0.017273,1.248421,4,10,7,5,4,10,7,5,4,10,7,5,4,10,7,5,0.060670,0.107990,0.237920,0.241130,1,1,30:06:2022,23:23:41,1170,28.545000,77.192600,15.000000,lev20,Almucantar
IIT_Delhi,17:11:2021,09:48:20,321,321.408565,0.161740,0.084007,0.063585,0.052742,1.389224,66.954479,66.448246,1.732947,0.006648,1.255377,4,10,7,6,4,10,7,6,4,10,7,6,4,10,7,6,0.064640,0.117370,0.260060,0.261960,1,1,30:06:2022,23:33:16,1170,28.545000,77.192600,15.000000,lev20,Almucantar
IIT_Delhi,17:11:2021,10:43:59,321,321.447211,0.136370,0.067971,0.054339,0.044436,1.381742,76.953492,76.389597,2.214102,0.005606,1.047691,4,10,6,6,4,10,6,6,4,10,7,6,4,10,6,5,0.071900,0.134470,0.299720,0.299210,1,1,30:06:2022,23:40:45,1170,28.545000,77.192600,15.000000,lev20,Almucantar
IIT_Delhi,18:11:2021,03:11:59,322,322.133322,0.113380,0.055133,0.043448,0.035742,1.439181,68.140221,68.656419,1.691304,0.010222,1.041263,4,10,7,6,4,10,7,6,4,10,7,6,4,10,7,6,0.064980,0.118710,0.264440,0.268570,1,1,30:06:2022,23:37:35,1170,28.545000,77.192600,15.000000,lev20,Almucantar
IIT_Delhi,18:11:2021,03:48:36,322,322.158750,0.119380,0.057936,0.046104,0.038078,1.429466,62.165975,62.630463,1.768109,0.015353,1.090761,3,10,8,5,3,10,8,5,3,10,8,5,3,10,8,5,0.062150,0.111830,0.247890,0.252150,1,1,30:06:2022,23:19:11,1170,28.545000,77.192600,15.000000,lev20,Almucantar
IIT_Delhi,18:11:2021,07:48:28,322,322.325324,0.153000,0.074421,0.058236,0.048894,1.447980,51.144149,50.891590,1.461228,0.017152,1.396730,3,10,8,4,3,10,8,4,3,10,8,4,3,10,8,4,0.058780,0.103510,0.227190,0.231050,1,1,30:06:2022,23:43:01,1170,28.545000,77.192600,15.000000,lev20,Almucantar
IIT_Delhi,19:11:2021,02:35:56,323,323.108287,0.111860,0.053070,0.040656,0.033783,1.514826,74.748329,75.301224,2.603117,0.016752,1.181099,4,10,7,6,4,10,7,6,4,10,7,6,4,10,7,6,0.069420,0.129450,0.290060,0.294010,1,1,30:06:2022,23:32:17,1170,28.545000,77.192600,15.000000,lev20,Almucantar
IIT_Delhi,19:11:2021,03:13:07,323,323.134109,0.101350,0.046343,0.038850,0.033302,1.454051,68.144304,68.658059,1.738953,0.017515,1.143193,4,10,7,6,4,10,7,6,4,10,7,6,4,10,7,6,0.064990,0.118720,0.264450,0.268570,1,1,30:06:2022,23:14:28,1170,28.545000,77.192600,15.000000,lev20,Almucantar
IIT_Delhi,19:11:2021,03:48:50,323,323.158912,0.100490,0.046491,0.035632,0.029150,1.553541,62.340890,62.803936,1.982604,0.023880,1.126282,3,10,8,5,3,10,8,5,3,10,8,5,3,10,8,5,0.062220,0.112010,0.248300,0.252560,1,1,30:06:2022,23:23:25,1170,28.545000,77.192600,15.000000,lev20,Almucantar
IIT_Delhi,19:11:2021,04:48:48,323,323.200556,0.108730,0.049478,0.038869,0.033174,1.546950,54.283854,54.624440,2.111333,0.029128,1.154302,4,10,8,4,4,10,8,4,4,10,8,4,4,10,8,4,0.059510,0.105410,0.232200,0.236580,1,1,30:06:2022,23:30:57,1170,28.545000,77.192600,15.000000,lev20,Almucantar
IIT_Delhi,20:11:2021,08:48:56,324,324.367315,0.101910,0.041086,0.029809,0.024198,1.840571,58.265674,57.863778,2.596099,0.036876,1.078174,4,10,7,5,4,10,7,5,4,10,7,5,4,10,7,5,0.060860,0.108450,0.239030,0.242190,1,1,30:06:2022,23:21:03,1170,28.545000,77.192600,15.000000,lev20,Almucantar
IIT_Delhi,20:11:2021,09:49:02,324,324.409051,0.117400,0.062315,0.049259,0.039867,1.298285,67.447586,66.945379,1.833739,0.013145,1.315077,4,10,7,6,4,10,7,6,4,10,7,6,4,10,7,6,0.064900,0.118000,0.261530,0.263380,1,1,30:06:2022,23:36:25,1170,28.545000,77.192600,15.000000,lev20,Almucantar
IIT_Delhi,20:11:2021,10:41:59,324,324.445822,0.096696,0.044779,0.035151,0.027898,1.520594,76.872404,76.314211,1.735957,0.006857,0.961478,4,10,7,6,4,10,7,6,4,10,7,6,4,10,7,6,0.071820,0.134260,0.299250,0.298830,1,1,30:06:2022,23:45:35,1170,28.545000,77.192600,15.000000,lev20,Almucantar
IIT_Delhi,21:11:2021,07:49:10,325,325.325810,-999.0,-999.0,-999.0,-999.0,-999.0,51.780667,51.531452,4.507290,0.223825,0.367443,3,10,8,4,3,10,8,4,3,10,8,3,3,10,8,4,0.058940,0.103880,0.228100,0.231930,1,1,30:06:2022,23:24:46,1170,28.545000,77.192600,15.000000,lev20,Almucantar
IIT_Delhi,21:11:2021,08:49:11,325,325.367488,-999.0,-999.0,-999.0,-999.0,-999.0,58.447302,58.046769,1.824464,0.123113,0.375523,4,10,7,5,4,10,7,5,4,10,7,5,4,10,7,5,0.060920,0.108600,0.239390,0.242530,1,1,30:06:2022,23:31:12,1170,28.545000,77.192600,15.000000,lev20,Almucantar
IIT_Delhi,21:11:2021,09:49:11,325,325.409155,0.052054,0.022871,0.018856,0.016675,1.538291,67.585538,67.084754,1.835929,0.031042,0.448204,4,10,7,6,4,10,7,6,4,10,7,6,4,10,7,6,0.064980,0.118180,0.261960,0.263790,1,1,30:06:2022,23:37:18,1170,28.545000,77.192600,15.000000,lev20,Almucantar
IIT_Delhi,21:11:2021,10:23:11,325,325.432766,0.070132,0.030523,0.025375,0.021697,1.542177,73.512610,72.972710,1.613121,0.011374,0.584728,4,10,7,6,4,10,7,6,4,10,7,6,4,10,7,6,0.068900,0.127410,0.283430,0.283980,1,1,30:06:2022,23:13:04,1170,28.545000,77.192600,15.000000,lev20,Almucantar
IIT_Delhi,22:11:2021,02:38:56,326,326.110370,0.052851,0.024152,0.020300,0.015842,1.451552,74.749525,75.296904,1.381546,0.007035,0.443111,4,10,7,6,4,10,7,6,4,10,7,6,4,10,7,6,0.069420,0.129440,0.290040,0.293990,1,1,30:06:2022,23:30:34,1170,28.545000,77.192600,15.000000,lev20,Almucantar
IIT_Delhi,22:11:2021,03:16:29,326,326.136447,0.050754,0.021347,0.017922,0.015999,1.582651,68.159372,68.666051,1.610097,0.012678,0.444553,4,10,7,6,4,10,7,6,4,10,7,6,4,10,7,6,0.065000,0.118740,0.264500,0.268600,1,1,30:06:2022,23:36:28,1170,28.545000,77.192600,15.000000,lev20,Almucantar
IIT_Delhi,22:11:2021,03:49:33,326,326.159410,0.047222,0.018428,0.014446,0.012899,1.789753,62.849848,63.308890,1.889351,0.017223,0.448714,3,10,8,5,3,10,8,5,3,10,8,5,3,10,8,5,0.062430,0.112520,0.249540,0.253760,1,1,30:06:2022,23:15:04,1170,28.545000,77.192600,15.000000,lev20,Almucantar
IIT_Delhi,22:11:2021,04:49:37,326,326.201123,0.041853,0.019648,0.013406,0.011440,1.683452,54.861458,55.197987,2.655683,0.121780,0.408351,4,10,8,4,4,10,8,4,4,10,8,4,4,10,8,4,0.059680,0.105810,0.233150,0.237510,1,1,30:06:2022,23:20:17,1170,28.545000,77.192600,15.000000,lev20,Almucantar
IIT_Delhi,22:11:2021,05:49:32,326,326.242731,0.033375,0.011526,0.008280,0.006607,2.095411,49.891399,50.052843,2.258735,0.068149,0.413811,3,10,8,4,3,10,8,4,3,10,8,4,3,10,8,4,0.058440,0.102770,0.225580,0.229930,1,1,30:06:2022,23:22:26,1170,28.545000,77.192600,15.000000,lev20,Almucantar
IIT_Delhi,22:11:2021,10:41:39,326,326.445590,0.062362,0.030567,0.025707,0.021779,1.341316,76.978335,76.423107,1.835392,0.015038,0.537043,4,10,7,6,4,10,7,6,4,10,7,6,4,10,7,6,0.071920,0.134510,0.299830,0.299370,1,1,30:06:2022,23:28:57,1170,28.545000,77.192600,15.000000,lev20,Almucantar
IIT_Delhi,23:11:2021,02:39:54,327,327.111042,0.070986,0.033568,0.028118,0.023505,1.402617,74.754968,75.300601,1.423548,0.008031,0.689341,4,10,7,6,4,10,7,6,4,10,7,6,4,10,7,6,0.069430,0.129470,0.290080,0.294010,1,1,30:06:2022,23:19:36,1170,28.545000,77.192600,15.000000,lev20,Almucantar
IIT_Delhi,23:11:2021,03:17:29,327,327.137141,0.070844,0.035915,0.028621,0.023385,1.359412,68.183342,68.687893,1.564440,0.014983,0.712452,4,10,7,6,4,10,7,6,4,10,7,6,4,10,7,6,0.065010,0.118770,0.264580,0.268670,1,1,30:06:2022,23:25:59,1170,28.545000,77.192600,15.000000,lev20,Almucantar
IIT_Delhi,24:11:2021,02:40:55,328,328.111748,0.063079,0.029482,0.024285,0.019481,1.442907,74.750579,75.294454,1.265783,0.008389,0.583233,4,10,7,6,4,10,7,6,4,10,7,6,4,10,7,6,0.069430,0.129460,0.290080,0.293980,1,1,30:06:2022,23:19:01,1170,28.545000,77.192600,15.000000,lev20,Almucantar
IIT_Delhi,24:11:2021,03:18:38,328,328.137940,0.061934,0.029377,0.023678,0.019624,1.448432,68.181064,68.683336,1.354174,0.013959,0.582128,4,10,7,6,4,10,7,6,4,10,7,6,4,10,7,6,0.065010,0.118770,0.264570,0.268650,1,1,30:06:2022,23:24:20,1170,28.545000,77.192600,15.000000,lev20,Almucantar
IIT_Delhi,24:11:2021,03:51:23,328,328.160683,0.068500,0.030573,0.024331,0.020628,1.560185,62.972051,63.426495,1.513264,0.020452,0.612346,3,10,8,5,3,10,8,5,3,10,8,5,3,10,8,5,0.062490,0.112640,0.249830,0.254040,1,1,30:06:2022,23:29:54,1170,28.545000,77.192600,15.000000,lev20,Almucantar
IIT_Delhi,24:11:2021,04:50:02,328,328.201412,0.071126,0.029940,0.022422,0.018830,1.731491,55.241674,55.576179,1.500533,0.174017,0.657529,4,10,8,4,4,10,8,4,4,10,8,4,4,10,8,4,0.059780,0.106070,0.233800,0.238140,1,1,30:06:2022,23:35:20,1170,28.545000,77.192600,15.000000,lev20,Almucantar
IIT_Delhi,24:11:2021,05:50:00,328,328.243056,0.085448,0.038056,0.026144,0.021003,1.756735,50.299258,50.459646,1.538604,0.155123,0.743098,3,10,8,4,3,10,8,4,3,10,8,4,3,10,8,4,0.058530,0.102990,0.226140,0.230470,1,1,30:06:2022,23:37:53,1170,28.545000,77.192600,15.000000,lev20,Almucantar
IIT_Delhi,24:11:2021,07:49:56,328,328.326343,0.086820,0.049769,0.038866,0.033215,1.194076,52.362471,52.116450,3.183261,0.273012,0.790544,3,10,8,4,3,10,8,4,3,10,8,4,3,10,8,4,0.059080,0.104230,0.228960,0.232760,1,1,30:06:2022,23:16:55,1170,28.545000,77.192600,15.000000,lev20,Almucantar
IIT_Delhi,24:11:2021,08:50:01,328,328.368067,0.124880,0.045959,0.031656,0.026185,2.051273,58.963427,58.566739,3.641536,0.373472,1.098251,3,11,7,5,3,11,7,5,4,10,7,5,4,10,7,5,0.061100,0.109030,0.240420,0.243520,1,1,30:06:2022,23:20:17,1170,28.545000,77.192600,15.000000,lev20,Almucantar
IIT_Delhi,24:11:2021,10:22:02,328,328.431968,0.130160,0.048425,0.035981,0.029491,1.934738,73.557820,73.023319,2.759280,0.014001,0.943218,4,10,7,6,4,10,7,6,4,10,7,6,4,10,7,6,0.068940,0.127510,0.283630,0.284180,1,1,30:06:2022,23:36:36,1170,28.545000,77.192600,15.000000,lev20,Almucantar
IIT_Delhi,24:11:2021,10:40:14,328,328.444606,0.118280,0.048192,0.040708,0.035186,1.624266,76.861719,76.310312,2.523599,0.013237,0.935807,4,10,7,6,4,10,7,6,4,10,7,6,4,10,7,6,0.071800,0.134250,0.299220,0.298810,1,1,30:06:2022,23:40:41,1170,28.545000,77.192600,15.000000,lev20,Almucantar
IIT_Delhi,25:11:2021,02:42:31,329,329.112859,0.102120,0.047975,0.039194,0.032570,1.445698,74.640213,75.181818,1.841188,0.013995,0.959037,4,10,7,6,4,10,7,6,4,10,7,6,4,10,7,6,0.068580,0.128590,0.281310,0.286360,1,1,30:06:2022,23:35:53,1170,28.545000,77.192600,15.000000,lev20,Almucantar
IIT_Delhi,25:11:2021,03:19:43,329,329.138692,0.105040,0.047520,0.037453,0.031229,1.551797,68.188676,68.688796,2.362264,0.020879,0.967022,4,10,7,6,4,10,7,6,4,10,7,6,4,10,7,6,0.064350,0.118310,0.257030,0.262150,1,1,30:06:2022,23:17:49,1170,28.545000,77.192600,15.000000,lev20,Almucantar
IIT_Delhi,25:11:2021,03:50:24,329,329.160000,0.104560,0.046765,0.037240,0.031456,1.556113,63.315994,63.771349,2.880358,0.043884,0.981146,3,10,8,5,3,10,8,5,3,10,8,5,3,10,8,5,0.062010,0.112620,0.243530,0.248690,1,1,30:06:2022,23:25:55,1170,28.545000,77.192600,15.000000,lev20,Almucantar
IIT_Delhi,25:11:2021,04:50:23,329,329.201655,0.112000,0.051860,0.038171,0.031374,1.605366,55.410064,55.743314,1.806975,0.028823,1.056866,4,10,8,4,4,10,8,4,4,10,8,4,4,10,8,4,0.059260,0.105930,0.227380,0.232610,1,1,30:06:2022,23:34:00,1170,28.545000,77.192600,15.000000,lev20,Almucantar
IIT_Delhi,25:11:2021,05:50:22,329,329.243310,0.123570,0.063518,0.047796,0.039120,1.413158,50.488066,50.647587,1.096954,0.022577,1.160196,3,10,8,4,3,10,8,4,3,10,8,4,3,10,8,4,0.058020,0.102880,0.219890,0.225090,1,1,30:06:2022,23:40:41,1170,28.545000,77.192600,15.000000,lev20,Almucantar
IIT_Delhi,25:11:2021,07:50:14,329,329.326551,0.110100,0.054064,0.040765,0.032837,1.481926,52.546349,52.301270,2.321909,0.092131,1.105304,3,10,8,4,3,10,8,4,3,10,8,4,3,10,8,4,0.058570,0.104110,0.222660,0.227350,1,1,30:06:2022,23:19:24,1170,28.545000,77.192600,15.000000,lev20,Almucantar
IIT_Delhi,25:11:2021,08:50:15,329,329.368229,0.101660,0.052176,0.041012,0.033482,1.358232,59.116062,58.720719,1.369241,0.018848,1.005252,3,11,7,5,3,11,7,5,3,11,7,5,4,10,7,5,0.060560,0.108840,0.233830,0.237880,1,1,30:06:2022,23:28:08,1170,28.545000,77.192600,15.000000,lev20,Almucantar
IIT_Delhi,25:11:2021,09:50:16,329,329.409907,0.112850,0.049741,0.037911,0.030250,1.636516,68.154911,67.659014,1.432113,0.013170,1.002507,4,10,7,6,4,10,7,6,4,10,7,6,4,10,7,6,0.064630,0.118470,0.256210,0.259050,1,1,30:06:2022,23:39:48,1170,28.545000,77.192600,15.000000,lev20,Almucantar
IIT_Delhi,25:11:2021,10:22:20,329,329.432176,0.118920,0.054620,0.045863,0.038722,1.444957,73.683494,73.150076,2.034645,0.013771,1.033394,4,10,7,6,4,10,7,6,4,10,7,6,4,10,7,6,0.068290,0.127120,0.276090,0.277800,1,1,30:06:2022,23:48:01,1170,28.545000,77.192600,15.000000,lev20,Almucantar
IIT_Delhi,25:11:2021,10:40:30,329,329.444792,0.110670,0.052098,0.046236,0.039695,1.333744,76.974831,76.424498,1.487512,0.008180,1.032764,4,10,7,6,4,10,7,6,4,10,7,6,4,10,7,6,0.071110,0.133770,0.291290,0.292140,1,1,30:06:2022,23:51:04,1170,28.545000,77.192600,15.000000,lev20,Almucantar
IIT_Delhi,26:11:2021,03:22:43,330,330.140775,0.127300,0.057261,0.042551,0.035819,1.638076,67.878728,68.374225,1.795167,0.016912,1.022273,4,10,7,6,4,10,7,6,4,10,7,6,4,10,7,6,0.064180,0.117890,0.256060,0.261190,1,1,30:06:2022,23:22:38,1170,28.545000,77.192600,15.000000,lev20,Almucantar
IIT_Delhi,26:11:2021,03:50:42,330,330.160208,0.130560,0.062483,0.046496,0.039180,1.539420,63.463261,63.917479,1.791218,0.018354,1.063895,3,10,8,5,3,10,8,5,3,10,8,5,3,10,8,5,0.062070,0.112770,0.243880,0.249050,1,1,30:06:2022,23:31:36,1170,28.545000,77.192600,15.000000,lev20,Almucantar
IIT_Delhi,27:11:2021,03:22:59,331,331.140961,0.095842,0.045999,0.035846,0.028976,1.474340,68.018524,68.513021,1.846292,0.019814,0.949882,4,10,7,6,4,10,7,6,4,10,7,6,4,10,7,6,0.064260,0.118090,0.256510,0.261610,1,1,30:06:2022,23:27:54,1170,28.545000,77.192600,15.000000,lev20,Almucantar
IIT_Delhi,27:11:2021,03:50:57,331,331.160382,0.105570,0.053839,0.041383,0.032946,1.397564,63.615023,64.068246,1.580042,0.020391,1.037645,3,10,8,5,3,10,8,5,3,10,8,5,3,10,8,5,0.062140,0.112930,0.244250,0.249410,1,1,30:06:2022,23:37:14,1170,28.545000,77.192600,15.000000,lev20,Almucantar
IIT_Delhi,27:11:2021,04:50:58,331,331.202060,0.105020,0.045344,0.033425,0.025423,1.712623,55.746912,56.078154,1.263314,0.020532,1.041249,4,10,8,4,4,10,8,4,4,10,8,4,4,10,8,4,0.059360,0.106160,0.227950,0.233170,1,1,30:06:2022,23:44:41,1170,28.545000,77.192600,15.000000,lev20,Almucantar
IIT_Delhi,27:11:2021,07:50:53,331,331.327002,0.154200,0.090957,0.073123,0.059121,1.111293,52.897140,52.653803,1.112557,0.015812,1.575320,3,10,8,4,3,10,8,4,3,10,8,4,3,10,8,4,0.058660,0.104330,0.223180,0.227850,1,1,30:06:2022,23:29:21,1170,28.545000,77.192600,15.000000,lev20,Almucantar
IIT_Delhi,27:11:2021,08:50:52,331,331.368657,0.142520,0.083201,0.063317,0.051481,1.199550,59.420720,59.027712,1.111717,0.005240,1.411566,3,10,8,5,3,10,8,5,3,11,7,5,3,11,7,5,0.060670,0.109100,0.234440,0.238470,1,1,30:06:2022,23:40:10,1170,28.545000,77.192600,15.000000,lev20,Almucantar
IIT_Delhi,27:11:2021,09:50:55,331,331.410359,0.140320,0.080462,0.067655,0.057858,1.096502,68.418878,67.925167,1.480339,0.013651,1.539464,4,10,7,6,4,10,7,6,4,10,7,6,4,10,7,6,0.064780,0.118820,0.257040,0.259830,1,1,30:06:2022,23:51:01,1170,28.545000,77.192600,15.000000,lev20,Almucantar
IIT_Delhi,27:11:2021,10:20:04,331,331.430602,0.140910,0.071286,0.058463,0.049292,1.324971,73.408262,72.879911,1.532757,0.011220,1.456829,4,10,7,6,4,10,7,6,4,10,7,6,4,10,7,6,0.068080,0.126620,0.274950,0.276740,1,1,01:07:2022,00:01:13,1170,28.545000,77.192600,15.000000,lev20,Almucantar
IIT_Delhi,27:11:2021,10:38:16,331,331.443241,0.132560,0.073861,0.059246,0.049466,1.203258,76.676976,76.131119,1.477681,0.010931,1.440259,4,9,7,6,4,9,7,6,4,10,7,6,4,10,7,6,0.070840,0.133120,0.289800,0.290740,1,1,01:07:2022,00:04:25,1170,28.545000,77.192600,15.000000,lev20,Almucantar
IIT_Delhi,28:11:2021,03:51:20,332,332.160648,0.153950,0.077985,0.060500,0.049629,1.395926,63.743611,64.195682,1.843169,0.022596,1.600121,3,10,8,5,3,10,8,5,3,10,8,5,3,10,8,5,0.062190,0.113060,0.244570,0.249730,1,1,30:06:2022,23:38:53,1170,28.545000,77.192600,15.000000,lev20,Almucantar
IIT_Delhi,28:11:2021,04:51:18,332,332.202292,0.152480,0.075737,0.057267,0.047884,1.460353,55.904142,56.234383,1.543119,0.017477,1.570672,4,10,8,4,4,10,8,4,4,10,8,4,4,10,8,4,0.059400,0.106270,0.228210,0.233430,1,1,30:06:2022,23:17:12,1170,28.545000,77.192600,15.000000,lev20,Almucantar
IIT_Delhi,29:11:2021,03:51:38,333,333.160856,0.104190,0.051576,0.039934,0.030216,1.434499,63.881430,64.332544,1.563415,0.017441,0.892406,3,10,8,5,3,10,8,5,3,10,8,5,3,10,8,5,0.062250,0.113210,0.244920,0.250070,1,1,30:06:2022,23:23:44,1170,28.545000,77.192600,15.000000,lev20,Almucantar
IIT_Delhi,29:11:2021,04:51:38,333,333.202523,0.122730,0.060279,0.048946,0.041504,1.384265,56.056788,56.386098,1.629506,0.023754,1.089992,4,10,8,4,4,10,8,4,4,10,8,4,4,10,8,4,0.059450,0.106380,0.228480,0.233690,1,1,30:06:2022,23:33:09,1170,28.545000,77.192600,15.000000,lev20,Almucantar
IIT_Delhi,04:12:2021,02:50:37,338,338.118484,0.052551,0.027829,0.023549,0.019021,1.212424,74.714052,75.242870,1.608486,0.007814,0.567095,4,10,7,6,4,10,7,6,4,10,7,6,4,10,7,6,0.068190,0.129290,0.276280,0.281760,1,1,30:06:2022,23:31:39,1170,28.545000,77.192600,15.000000,lev20,Almucantar
IIT_Delhi,04:12:2021,03:30:28,338,338.146157,0.051050,0.028355,0.023171,0.018224,1.183765,68.011199,68.492606,1.733999,0.019003,0.570868,4,10,7,6,4,10,7,6,4,10,7,6,4,10,7,6,0.063870,0.118530,0.251470,0.257000,1,1,30:06:2022,23:17:53,1170,28.545000,77.192600,15.000000,lev20,Almucantar
IIT_Delhi,04:12:2021,03:54:32,338,338.162870,0.043773,0.021728,0.018370,0.016916,1.314673,64.309539,64.754472,1.806600,0.019271,0.503117,3,10,8,5,3,10,8,5,3,10,8,5,3,10,8,5,0.062090,0.114090,0.241150,0.246710,1,1,30:06:2022,23:20:21,1170,28.545000,77.192600,15.000000,lev20,Almucantar
IIT_Delhi,04:12:2021,05:53:29,338,338.245475,0.050895,0.026417,0.023195,0.018525,1.195236,51.931476,52.086644,3.673991,0.087781,0.529972,3,10,8,4,3,10,8,4,3,10,8,4,3,10,8,4,0.058080,0.104040,0.217390,0.222950,1,1,30:06:2022,23:28:25,1170,28.545000,77.192600,15.000000,lev20,Almucantar
IIT_Delhi,04:12:2021,06:53:26,338,338.287106,0.018632,0.006461,0.004838,0.004207,2.034340,50.924754,50.878255,3.194416,0.042490,0.467818,3,10,8,4,3,10,8,4,3,10,8,4,3,10,8,4,0.057870,0.103470,0.215930,0.221320,1,1,30:06:2022,23:32:50,1170,28.545000,77.192600,15.000000,lev20,Almucantar
IIT_Delhi,05:12:2021,02:51:35,339,339.119155,0.061790,0.033708,0.028897,0.024563,1.148955,74.699798,75.227343,1.489330,0.008795,0.536354,4,10,7,6,4,10,7,6,4,10,7,6,4,10,7,6,0.068180,0.129250,0.276200,0.281690,1,1,30:06:2022,23:22:10,1170,28.545000,77.192600,15.000000,lev20,Almucantar
IIT_Delhi,05:12:2021,03:30:57,339,339.146493,0.067931,0.035631,0.029704,0.024704,1.247001,68.092722,68.573266,1.466045,0.010809,0.619449,4,10,7,6,4,10,7,6,4,10,7,6,4,10,7,6,0.063910,0.118640,0.251720,0.257250,1,1,30:06:2022,23:28:09,1170,28.545000,77.192600,15.000000,lev20,Almucantar
IIT_Delhi,05:12:2021,03:55:01,339,339.163206,0.078283,0.035218,0.028507,0.024547,1.525498,64.398150,64.842185,1.743933,0.017157,0.670401,3,10,8,5,3,10,8,5,3,10,8,5,3,10,8,5,0.062120,0.114190,0.241370,0.246930,1,1,30:06:2022,23:33:32,1170,28.545000,77.192600,15.000000,lev20,Almucantar
IIT_Delhi,07:12:2021,03:32:12,341,341.147361,0.040816,0.020964,0.016591,0.015640,1.348122,68.199583,68.678175,2.393648,0.018160,0.510716,4,10,7,6,4,10,7,6,4,10,7,6,4,10,7,6,0.063970,0.118790,0.252050,0.257570,1,1,30:06:2022,23:22:42,1170,28.545000,77.192600,15.000000,lev20,Almucantar
IIT_Delhi,07:12:2021,03:56:12,341,341.164028,0.041770,0.025934,0.021482,0.017713,0.991964,64.531067,64.973124,1.995642,0.030091,0.512850,3,10,8,5,3,10,8,5,3,10,8,5,3,10,8,5,0.062180,0.114330,0.241710,0.247260,1,1,30:06:2022,23:28:12,1170,28.545000,77.192600,15.000000,lev20,Almucantar
IIT_Delhi,12:12:2021,02:59:03,346,346.124340,0.062065,0.030281,0.024391,0.020045,1.405230,74.395751,74.914914,1.847963,0.010114,0.559925,4,10,7,6,4,10,7,6,4,10,7,6,4,8,7,5,0.067450,0.128880,0.270640,0.276440,1,1,30:06:2022,23:15:26,1170,28.545000,77.192600,15.000000,lev20,Almucantar
IIT_Delhi,12:12:2021,03:36:35,346,346.150405,0.063461,0.031347,0.025055,0.021563,1.396097,68.198775,68.671660,1.656429,0.012414,0.564724,4,10,7,6,4,10,7,6,4,10,7,6,4,10,7,6,0.063510,0.118930,0.248090,0.253930,1,1,30:06:2022,23:21:43,1170,28.545000,77.192600,15.000000,lev20,Almucantar
IIT_Delhi,12:12:2021,09:56:52,346,346.414491,0.085556,0.035777,0.031391,0.030800,1.533756,69.739369,69.257269,2.443540,0.025092,0.903563,4,10,7,6,4,10,7,6,4,10,5,6,4,9,6,6,0.064670,0.121300,0.252260,0.255730,1,1,30:06:2022,23:37:18,1170,28.545000,77.192600,15.000000,lev20,Almucantar
IIT_Delhi,13:12:2021,03:59:12,347,347.166111,0.067968,0.030106,0.022616,0.018886,1.647856,64.901159,65.339583,2.488230,0.026343,0.861743,3,10,8,5,3,10,8,5,3,10,8,5,3,10,8,5,0.061900,0.114870,0.238830,0.244690,1,1,30:06:2022,23:28:10,1170,28.545000,77.192600,15.000000,lev20,Almucantar
IIT_Delhi,14:12:2021,04:57:54,348,348.206875,0.112860,0.058706,0.049357,0.042993,1.248882,57.580538,57.900620,1.694095,0.022174,1.772931,4,10,7,5,4,10,7,5,4,10,7,5,4,10,7,5,0.059180,0.107970,0.222920,0.228820,1,1,30:06:2022,23:18:42,1170,28.545000,77.192600,15.000000,lev20,Almucantar
IIT_Delhi,14:12:2021,05:57:47,348,348.248461,0.112840,0.060069,0.052004,0.043405,1.174274,52.871886,53.024670,1.586647,0.024552,1.712821,3,10,8,4,3,10,8,4,3,10,8,4,3,10,8,4,0.057890,0.104690,0.215190,0.221040,1,1,30:06:2022,23:32:06,1170,28.545000,77.192600,15.000000,lev20,Almucantar
IIT_Delhi,14:12:2021,06:57:50,348,348.290162,0.085579,0.049890,0.047393,0.040683,0.910393,51.873632,51.828401,1.194400,0.020397,1.558415,3,10,8,4,3,10,8,4,3,10,8,4,3,10,8,4,0.057670,0.104090,0.213700,0.219380,1,1,30:06:2022,23:41:24,1170,28.545000,77.192600,15.000000,lev20,Almucantar
IIT_Delhi,14:12:2021,07:57:48,348,348.331806,0.106820,0.061772,0.051114,0.041894,1.104366,54.802421,54.569056,0.923719,0.007361,1.579997,4,10,8,4,4,10,8,4,4,10,8,4,4,10,8,4,0.058450,0.105990,0.217990,0.223320,1,1,30:06:2022,23:51:20,1170,28.545000,77.192600,15.000000,lev20,Almucantar
IIT_Delhi,14:12:2021,08:57:50,348,348.373495,0.124960,0.067555,0.055698,0.045279,1.214321,61.096473,60.716125,1.294851,0.004850,1.884372,3,10,8,5,3,10,8,5,3,9,8,5,3,10,8,5,0.060510,0.111080,0.229490,0.234170,1,1,01:07:2022,00:02:34,1170,28.545000,77.192600,15.000000,lev20,Almucantar
IIT_Delhi,15:12:2021,03:00:25,349,349.125289,0.082183,0.044532,0.035594,0.028727,1.251481,74.528401,75.046588,1.408405,0.008878,1.003952,4,10,7,6,4,10,7,6,4,10,7,6,4,10,7,6,0.067540,0.129110,0.271200,0.277010,1,1,30:06:2022,23:33:21,1170,28.545000,77.192600,15.000000,lev20,Almucantar
IIT_Delhi,15:12:2021,03:40:14,349,349.152940,0.086639,0.048733,0.038899,0.031406,1.194924,67.987534,68.456152,1.446118,0.011492,1.055886,4,10,7,6,4,10,7,6,4,10,7,6,4,10,7,6,0.063400,0.118650,0.247450,0.253290,1,1,30:06:2022,23:42:24,1170,28.545000,77.192600,15.000000,lev20,Almucantar
IIT_Delhi,15:12:2021,04:00:13,349,349.166817,0.097683,0.051042,0.038995,0.031023,1.367606,64.982301,65.419936,1.259896,0.010827,1.119277,3,10,8,5,3,10,8,5,3,10,8,5,3,10,7,6,0.061930,0.114960,0.239030,0.244900,1,1,30:06:2022,23:30:43,1170,28.545000,77.192600,15.000000,lev20,Almucantar
IIT_Delhi,15:12:2021,04:20:16,349,349.180741,0.092734,0.050064,0.039158,0.030307,1.285714,62.192095,62.593989,1.053689,0.010814,1.120510,3,10,8,5,3,10,8,5,3,10,8,5,3,10,8,5,0.060770,0.112020,0.232280,0.238160,1,1,30:06:2022,23:41:42,1170,28.545000,77.192600,15.000000,lev20,Almucantar
IIT_Delhi,15:12:2021,04:58:15,349,349.207118,0.084617,0.047373,0.036905,0.030262,1.234197,57.642303,57.962411,1.544034,0.016627,1.113893,4,10,7,5,4,10,7,5,4,10,7,5,4,10,7,5,0.059200,0.108020,0.223020,0.228930,1,1,30:06:2022,23:48:58,1170,28.545000,77.192600,15.000000,lev20,Almucantar
IIT_Delhi,15:12:2021,06:58:16,349,349.290463,0.104230,0.059315,0.043768,0.036994,1.279941,51.926255,51.881246,1.769528,0.023225,1.310131,3,10,8,4,3,10,8,4,3,10,8,4,3,10,8,4,0.057690,0.104120,0.213770,0.219450,1,1,30:06:2022,23:59:56,1170,28.545000,77.192600,15.000000,lev20,Almucantar
IIT_Delhi,15:12:2021,07:58:16,349,349.332130,0.082372,0.067224,0.060869,0.046295,0.447906,54.851309,54.618236,1.760048,0.029935,1.252420,4,10,8,4,4,10,8,4,4,10,8,4,4,10,8,4,0.058460,0.106030,0.218060,0.223400,1,1,30:06:2022,23:20:12,1170,28.545000,77.192600,15.000000,lev20,Almucantar
IIT_Delhi,15:12:2021,08:58:11,349,349.373738,0.080289,0.053346,0.043641,0.037603,0.902442,61.123760,60.744008,2.080657,0.009457,1.180588,3,10,8,5,3,10,8,5,3,10,8,5,3,10,8,5,0.060520,0.111100,0.229540,0.234230,1,1,30:06:2022,23:32:51,1170,28.545000,77.192600,15.000000,lev20,Almucantar
IIT_Delhi,15:12:2021,09:58:13,349,349.415428,0.067739,0.038222,0.033020,0.027578,1.086110,69.855364,69.374476,1.686507,0.009315,0.934130,4,10,7,6,4,10,7,6,4,10,7,6,4,10,7,6,0.064740,0.121470,0.252640,0.256090,1,1,30:06:2022,23:42:01,1170,28.545000,77.192600,15.000000,lev20,Almucantar
IIT_Delhi,16:12:2021,04:58:48,350,350.207500,0.126240,0.054891,0.043454,0.036583,1.607923,57.676553,57.996258,1.733764,0.029334,1.991132,4,10,7,5,4,10,7,5,4,10,7,5,4,10,7,5,0.059210,0.108050,0.223090,0.228990,1,1,30:06:2022,23:30:35,1170,28.545000,77.192600,15.000000,lev20,Almucantar
IIT_Delhi,16:12:2021,05:58:46,350,350.249144,0.145620,0.076091,0.062476,0.050115,1.272914,52.968560,53.121002,1.613047,0.017390,2.032150,3,10,8,4,3,10,8,4,3,10,8,4,3,10,8,4,0.057910,0.104750,0.215330,0.221180,1,1,30:06:2022,23:44:20,1170,28.545000,77.192600,15.000000,lev20,Almucantar
IIT_Delhi,17:12:2021,03:01:21,351,351.125938,0.042056,0.022708,0.020513,0.017592,1.096250,74.591513,75.109268,1.931225,0.010677,0.445374,4,10,7,6,4,10,7,6,4,10,7,6,4,10,7,6,0.067600,0.129250,0.271500,0.277280,1,1,30:06:2022,23:34:35,1170,28.545000,77.192600,15.000000,lev20,Almucantar
IIT_Delhi,17:12:2021,04:03:05,351,351.168808,0.048591,0.024342,0.018241,0.015372,1.458835,64.775006,65.208971,2.553082,0.018529,0.468201,3,10,8,5,3,10,8,5,3,10,8,5,3,10,8,5,0.061840,0.114730,0.238490,0.244360,1,1,30:06:2022,23:24:57,1170,28.545000,77.192600,15.000000,lev20,Almucantar
IIT_Delhi,17:12:2021,05:59:14,351,351.249468,0.054282,0.031185,0.021889,0.017133,1.330808,53.007049,53.159452,3.054298,0.084490,0.579296,3,10,8,4,3,10,7,4,3,8,5,3,4,10,8,4,0.057920,0.104770,0.215390,0.221240,1,1,30:06:2022,23:30:33,1170,28.545000,77.192600,15.000000,lev20,Almucantar
IIT_Delhi,17:12:2021,09:59:12,351,351.416111,0.052536,0.031087,0.024915,0.022930,1.110406,69.915254,69.434861,4.052451,0.015679,0.526000,4,10,7,6,4,10,7,6,4,10,6,5,4,9,6,5,0.064770,0.121560,0.252820,0.256290,1,1,30:06:2022,23:32:40,1170,28.545000,77.192600,15.000000,lev20,Almucantar
IIT_Delhi,17:12:2021,10:11:18,351,351.424514,0.049946,0.030654,0.023302,0.019839,1.122846,71.892810,71.396708,4.190121,0.011562,0.525588,4,10,7,6,4,10,7,6,4,10,6,6,4,10,7,6,0.066040,0.124670,0.259710,0.262800,1,1,30:06:2022,23:34:48,1170,28.545000,77.192600,15.000000,lev20,Almucantar
IIT_Delhi,18:12:2021,04:59:42,352,352.208125,0.080951,0.058188,0.049838,0.045154,0.719252,57.746538,58.066073,2.453608,0.039058,1.132866,4,10,7,5,4,10,7,5,4,10,7,5,4,10,7,5,0.059230,0.108100,0.223220,0.229120,1,1,30:06:2022,23:39:11,1170,28.545000,77.192600,15.000000,lev20,Almucantar
IIT_Delhi,18:12:2021,05:59:40,352,352.249769,0.075064,0.040577,0.038187,0.037109,1.040660,53.039722,53.192225,2.895796,0.045595,0.917052,3,10,8,4,3,10,8,4,3,10,8,4,4,10,8,4,0.057930,0.104790,0.215430,0.221280,1,1,30:06:2022,23:19:41,1170,28.545000,77.192600,15.000000,lev20,Almucantar
IIT_Delhi,18:12:2021,09:59:37,352,352.416400,0.060558,0.035311,0.028761,0.023278,1.112154,69.924082,69.443975,1.869224,0.010521,0.661294,4,10,7,6,4,10,7,6,4,10,7,6,4,10,7,6,0.064780,0.121570,0.252850,0.256310,1,1,30:06:2022,23:34:30,1170,28.545000,77.192600,15.000000,lev20,Almucantar
IIT_Delhi,18:12:2021,10:37:52,352,352.442963,0.057053,0.029945,0.028037,0.023979,1.093449,76.367943,75.843134,1.796574,0.009956,0.622181,4,10,7,6,4,10,7,6,4,10,7,6,4,10,7,6,0.069530,0.133210,0.278520,0.280540,1,1,30:06:2022,23:37:52,1170,28.545000,77.192600,15.000000,lev20,Almucantar
IIT_Delhi,19:12:2021,03:02:17,353,353.126586,0.065895,0.029524,0.023321,0.018955,1.563991,74.636359,75.153873,1.399097,0.006220,0.649150,4,10,7,6,4,10,7,6,4,10,7,6,4,10,7,6,0.067020,0.129440,0.268480,0.274620,1,1,30:06:2022,23:27:57,1170,28.545000,77.192600,15.000000,lev20,Almucantar
IIT_Delhi,19:12:2021,03:42:09,353,353.154271,0.061414,0.029398,0.023527,0.019256,1.443489,68.096651,68.564525,1.875378,0.025215,0.649008,4,10,7,6,4,10,7,6,4,10,7,6,4,10,7,6,0.062870,0.118860,0.244850,0.251030,1,1,30:06:2022,23:36:38,1170,28.545000,77.192600,15.000000,lev20,Almucantar
IIT_Delhi,19:12:2021,04:04:06,353,353.169514,0.059495,0.031673,0.024804,0.020163,1.305949,64.812684,65.246287,1.394776,0.011647,0.634587,3,10,8,5,3,10,8,5,3,10,8,5,3,10,8,5,0.061290,0.114830,0.235780,0.241970,1,1,30:06:2022,23:42:23,1170,28.545000,77.192600,15.000000,lev20,Almucantar
IIT_Delhi,19:12:2021,05:00:07,353,353.208414,0.062467,0.027776,0.020343,0.016629,1.675176,57.775080,58.094685,2.043775,0.039205,0.639898,4,10,7,5,4,10,7,5,4,10,7,5,4,10,7,5,0.058690,0.108160,0.220630,0.226860,1,1,30:06:2022,23:47:47,1170,28.545000,77.192600,15.000000,lev20,Almucantar
IIT_Delhi,19:12:2021,09:00:05,353,353.375058,0.068721,0.027173,0.019345,0.016202,1.895762,61.227763,60.848981,2.435596,0.040210,0.750479,3,10,8,5,3,10,8,5,3,10,8,5,3,10,8,5,0.060000,0.111250,0.227050,0.232070,1,1,30:06:2022,23:49:48,1170,28.545000,77.192600,15.000000,lev20,Almucantar
IIT_Delhi,19:12:2021,10:00:08,353,353.416759,0.064177,0.030379,0.027183,0.024599,1.314317,69.943042,69.463043,1.580663,0.006020,0.738981,4,10,7,6,4,10,7,3,4,10,7,4,4,10,7,5,0.064200,0.121690,0.249960,0.253760,1,1,30:06:2022,23:19:30,1170,28.545000,77.192600,15.000000,lev20,Almucantar
IIT_Delhi,20:12:2021,03:02:59,354,354.127072,-999.0,-999.0,-999.0,-999.0,-999.0,74.611543,75.128761,1.714921,0.015671,0.363719,4,10,7,6,4,10,7,6,4,10,7,6,4,10,7,6,0.067010,0.129400,0.268400,0.274510,1,1,30:06:2022,23:33:06,1170,28.545000,77.192600,15.000000,lev20,Almucantar
IIT_Delhi,20:12:2021,03:42:37,354,354.154595,-999.0,-999.0,-999.0,-999.0,-999.0,68.112555,68.580388,1.398934,0.013756,0.378985,4,10,7,6,4,10,7,6,4,10,7,6,4,10,7,6,0.062880,0.118890,0.244910,0.251070,1,1,30:06:2022,23:19:36,1170,28.545000,77.192600,15.000000,lev20,Almucantar
IIT_Delhi,20:12:2021,04:04:34,354,354.169838,-999.0,-999.0,-999.0,-999.0,-999.0,64.828864,65.262432,1.391339,0.005522,0.366470,3,10,8,5,3,10,8,5,3,10,8,5,3,10,8,5,0.061300,0.114850,0.235820,0.242010,1,1,30:06:2022,23:25:18,1170,28.545000,77.192600,15.000000,lev20,Almucantar
IIT_Delhi,20:12:2021,05:00:36,354,354.208750,-999.0,-999.0,-999.0,-999.0,-999.0,57.789863,58.109426,2.134181,0.025454,0.361111,4,10,7,5,4,10,7,5,4,10,7,5,4,10,7,5,0.058690,0.108170,0.220660,0.226880,1,1,30:06:2022,23:31:01,1170,28.545000,77.192600,15.000000,lev20,Almucantar
IIT_Delhi,20:12:2021,06:00:35,354,354.250405,0.032879,0.016979,0.013000,0.010529,1.383131,53.080057,53.232698,2.430996,0.111793,0.405051,3,10,8,4,3,10,8,4,3,10,8,4,4,10,8,4,0.057400,0.104840,0.212940,0.219120,1,1,30:06:2022,23:37:05,1170,28.545000,77.192600,15.000000,lev20,Almucantar
IIT_Delhi,20:12:2021,09:00:32,354,354.375370,0.051785,0.026960,0.022698,0.020581,1.245720,61.233584,60.854992,2.782065,0.036594,0.483324,3,10,8,5,3,10,8,5,3,10,8,5,3,10,8,5,0.060010,0.111250,0.227070,0.232090,1,1,30:06:2022,23:43:24,1170,28.545000,77.192600,15.000000,lev20,Almucantar
IIT_Delhi,20:12:2021,10:38:31,354,354.443414,0.055336,0.034987,0.031283,0.027772,0.863150,76.330597,75.806339,1.666407,0.003653,0.615775,4,10,7,6,4,10,7,6,4,10,7,6,4,10,7,6,0.068870,0.133250,0.275060,0.277490,1,1,30:06:2022,23:21:35,1170,28.545000,77.192600,15.000000,lev20,Almucantar
IIT_Delhi,21:12:2021,03:03:35,355,355.127488,0.069254,0.031756,0.025391,0.021500,1.511835,74.599037,75.116110,1.189098,0.007877,0.622611,4,10,7,6,4,10,7,6,4,10,7,6,4,10,7,6,0.067000,0.129370,0.268330,0.274460,1,1,30:06:2022,23:40:19,1170,28.545000,77.192600,15.000000,lev20,Almucantar
IIT_Delhi,21:12:2021,03:43:01,355,355.154873,0.063787,0.028423,0.022106,0.018314,1.592933,68.133284,68.601220,1.752590,0.018759,0.630952,4,10,7,6,4,10,7,6,4,10,7,6,4,10,7,6,0.062890,0.118910,0.244970,0.251130,1,1,30:06:2022,23:21:33,1170,28.545000,77.192600,15.000000,lev20,Almucantar
IIT_Delhi,21:12:2021,04:04:57,355,355.170104,0.056669,0.030962,0.024420,0.020575,1.256065,64.851131,65.284855,2.130087,0.029192,0.601118,3,10,8,5,3,10,8,5,3,10,8,5,3,10,8,5,0.061310,0.114870,0.235880,0.242070,1,1,30:06:2022,23:28:01,1170,28.545000,77.192600,15.000000,lev20,Almucantar
IIT_Delhi,21:12:2021,05:01:07,355,355.209109,0.082841,0.036994,0.026692,0.021266,1.688110,57.794328,58.113815,2.171898,0.056176,0.720114,4,10,7,5,4,10,7,5,4,10,7,5,4,10,7,5,0.058700,0.108170,0.220660,0.226890,1,1,30:06:2022,23:36:27,1170,28.545000,77.192600,15.000000,lev20,Almucantar
IIT_Delhi,21:12:2021,07:01:07,355,355.292442,0.080044,0.037625,0.027121,0.022902,1.609310,52.082096,52.037660,3.807400,0.056021,0.656071,3,10,8,4,3,10,5,4,3,10,7,4,3,10,8,3,0.057180,0.104240,0.211460,0.217460,1,1,30:06:2022,23:39:21,1170,28.545000,77.192600,15.000000,lev20,Almucantar
IIT_Delhi,21:12:2021,10:01:07,355,355.417442,0.071659,0.029629,0.022120,0.018859,1.763562,69.955418,69.475571,1.639429,0.017140,0.669003,4,10,7,6,4,10,7,6,4,10,7,6,4,10,7,6,0.064210,0.121700,0.249990,0.253800,1,1,30:06:2022,23:49:20,1170,28.545000,77.192600,15.000000,lev20,Almucantar
IIT_Delhi,21:12:2021,10:13:14,355,355.425856,0.080445,0.036263,0.028907,0.023930,1.542487,71.933587,71.437993,2.134850,0.019178,0.725117,4,10,7,6,4,10,7,6,4,10,7,6,4,10,7,6,0.065470,0.124840,0.256820,0.260250,1,1,30:06:2022,23:52:02,1170,28.545000,77.192600,15.000000,lev20,Almucantar
IIT_Delhi,21:12:2021,10:38:55,355,355.443692,0.082995,0.040783,0.032833,0.027846,1.394756,76.317203,75.793083,1.351496,0.005821,0.795652,4,10,7,6,4,10,7,6,4,10,7,6,4,10,7,6,0.068860,0.133230,0.275000,0.277430,1,1,30:06:2022,23:22:45,1170,28.545000,77.192600,15.000000,lev20,Almucantar
IIT_Delhi,22:12:2021,03:43:33,356,356.155243,0.054956,0.020099,0.015815,0.013818,1.886176,68.127694,68.595590,2.635043,0.026339,0.593641,4,10,7,6,4,10,7,6,4,10,7,6,4,10,7,6,0.062890,0.118910,0.244950,0.251120,1,1,30:06:2022,23:40:27,1170,28.545000,77.192600,15.000000,lev20,Almucantar
IIT_Delhi,22:12:2021,04:05:29,356,356.170475,0.059016,0.024766,0.018246,0.014436,1.757811,64.845864,65.279541,1.666711,0.015258,0.619437,3,10,8,5,3,10,8,5,3,10,8,5,3,10,8,5,0.061300,0.114860,0.235850,0.242060,1,1,30:06:2022,23:21:06,1170,28.545000,77.192600,15.000000,lev20,Almucantar
IIT_Delhi,22:12:2021,05:01:38,356,356.209468,0.076497,0.025475,0.018690,0.015794,2.124490,57.791917,58.111375,2.574648,0.035943,0.724804,4,10,7,5,4,10,7,5,4,10,7,5,4,10,7,5,0.058690,0.108170,0.220660,0.226890,1,1,30:06:2022,23:28:09,1170,28.545000,77.192600,15.000000,lev20,Almucantar
IIT_Delhi,22:12:2021,06:01:35,356,356.251100,0.107560,0.046099,0.033792,0.029221,1.731507,53.085950,53.238584,1.734565,0.017907,0.942152,3,10,8,4,3,10,8,4,3,10,8,4,4,10,8,4,0.057400,0.104840,0.212950,0.219130,1,1,30:06:2022,23:37:31,1170,28.545000,77.192600,15.000000,lev20,Almucantar
IIT_Delhi,22:12:2021,07:01:36,356,356.292778,0.226110,0.131010,0.095324,0.069472,1.270275,52.080789,52.036414,2.345004,0.035315,1.443081,3,10,8,4,3,10,8,4,3,10,8,4,3,10,8,4,0.057180,0.104240,0.211460,0.217460,1,1,30:06:2022,23:46:18,1170,28.545000,77.192600,15.000000,lev20,Almucantar
IIT_Delhi,22:12:2021,09:01:32,356,356.376065,0.073515,0.034017,0.025866,0.021426,1.563675,61.237972,60.859421,3.657069,0.061265,0.653123,3,10,8,5,3,10,8,5,3,10,8,5,3,10,6,5,0.060010,0.111260,0.227070,0.232100,1,1,30:06:2022,23:48:51,1170,28.545000,77.192600,15.000000,lev20,Almucantar
IIT_Delhi,22:12:2021,10:39:20,356,356.443981,0.078518,0.037503,0.032194,0.027259,1.354776,76.301601,75.777559,1.928552,0.010999,0.669681,4,10,7,6,4,10,7,6,4,9,7,6,4,10,7,6,0.068850,0.133190,0.274930,0.277360,1,1,30:06:2022,23:53:47,1170,28.545000,77.192600,15.000000,lev20,Almucantar
IIT_Delhi,23:12:2021,03:04:39,357,357.128229,0.130470,0.044513,0.025300,0.019816,2.422060,74.581841,75.098901,5.912813,0.100174,1.176949,4,10,7,6,3,6,6,3,4,8,7,4,4,10,7,4,0.066980,0.129320,0.268230,0.274390,1,1,30:06:2022,23:31:13,1170,28.545000,77.192600,15.000000,lev20,Almucantar
IIT_Delhi,23:12:2021,03:44:06,357,357.155625,0.105370,0.053346,0.046411,0.038901,1.246242,68.113808,68.581688,1.688506,0.015934,1.165298,4,10,7,6,4,10,7,6,4,10,6,6,4,10,7,6,0.062880,0.118890,0.244910,0.251080,1,1,30:06:2022,23:40:07,1170,28.545000,77.192600,15.000000,lev20,Almucantar
IIT_Delhi,23:12:2021,04:06:03,357,357.170868,0.101180,0.055178,0.044880,0.036526,1.218541,64.829748,65.263370,1.475905,0.017394,1.066583,3,10,8,5,3,10,8,5,3,10,8,5,3,10,8,5,0.061300,0.114840,0.235820,0.242020,1,1,30:06:2022,23:47:37,1170,28.545000,77.192600,15.000000,lev20,Almucantar
IIT_Delhi,23:12:2021,05:02:06,357,357.209792,0.111850,0.055986,0.044085,0.038294,1.395023,57.787835,58.107427,1.247333,0.019916,1.171397,4,10,7,5,4,10,7,5,4,10,7,5,4,10,7,5,0.058690,0.108170,0.220650,0.226880,1,1,30:06:2022,23:21:51,1170,28.545000,77.192600,15.000000,lev20,Almucantar
IIT_Delhi,23:12:2021,07:02:03,357,357.293090,0.131010,0.070076,0.045540,0.036311,1.543608,52.071104,52.026896,7.726646,0.273873,1.367756,3,10,8,4,2,9,8,3,3,10,8,4,3,7,7,4,0.057180,0.104230,0.211440,0.217450,1,1,30:06:2022,23:25:07,1170,28.545000,77.192600,15.000000,lev20,Almucantar
IIT_Delhi,24:12:2021,03:44:32,358,358.155926,0.079466,0.037023,0.029795,0.025003,1.478459,68.112238,68.580316,2.373002,0.021575,0.836241,4,10,7,6,4,10,7,6,4,10,7,6,4,10,7,6,0.062880,0.118890,0.244910,0.251070,1,1,30:06:2022,23:36:29,1170,28.545000,77.192600,15.000000,lev20,Almucantar
IIT_Delhi,24:12:2021,04:06:36,358,358.171250,0.085082,0.041323,0.032920,0.027500,1.426807,64.809885,65.243526,1.374520,0.014644,0.893479,3,10,8,5,3,10,8,5,3,10,8,5,3,10,8,5,0.061290,0.114820,0.235770,0.241970,1,1,30:06:2022,23:21:05,1170,28.545000,77.192600,15.000000,lev20,Almucantar
IIT_Delhi,24:12:2021,06:02:35,358,358.251794,0.160250,0.088160,0.068681,0.058272,1.261499,53.061248,53.213976,1.746803,0.019464,1.615401,3,10,8,4,3,10,8,4,3,10,8,4,4,10,8,4,0.057400,0.104830,0.212920,0.219090,1,1,30:06:2022,23:29:40,1170,28.545000,77.192600,15.000000,lev20,Almucantar
IIT_Delhi,24:12:2021,07:02:35,358,358.293461,0.136500,0.067154,0.049846,0.038802,1.499616,52.054968,52.010641,1.354572,0.018576,1.449243,3,10,8,4,3,10,8,4,3,10,8,4,3,10,8,4,0.057180,0.104220,0.211420,0.217430,1,1,30:06:2022,23:40:21,1170,28.545000,77.192600,15.000000,lev20,Almucantar
IIT_Delhi,24:12:2021,08:02:36,358,358.335139,0.121670,0.064918,0.054714,0.045209,1.205948,54.963156,54.731099,1.710182,0.024927,1.467459,4,10,8,4,4,10,8,4,4,10,8,4,4,10,8,4,0.057950,0.106130,0.215660,0.221320,1,1,30:06:2022,23:49:40,1170,28.545000,77.192600,15.000000,lev20,Almucantar
IIT_Delhi,25:12:2021,05:02:59,359,359.210405,0.117080,0.053621,0.042744,0.036718,1.517711,57.763910,58.084019,1.514475,0.022529,1.232754,4,10,7,5,4,10,7,5,4,10,7,5,4,10,7,5,0.058690,0.108150,0.220610,0.226840,1,1,30:06:2022,23:42:28,1170,28.545000,77.192600,15.000000,lev20,Almucantar
IIT_Delhi,25:12:2021,06:03:02,359,359.252106,0.115900,0.065993,0.055045,0.047390,1.118052,53.039829,53.192793,1.287042,0.016633,1.342207,3,10,8,4,3,10,8,4,3,10,8,4,4,10,8,4,0.057390,0.104810,0.212880,0.219060,1,1,30:06:2022,23:50:15,1170,28.545000,77.192600,15.000000,lev20,Almucantar
IIT_Delhi,27:12:2021,04:04:00,361,361.169444,0.066043,0.029147,0.021690,0.017334,1.665938,65.328941,65.769978,1.683434,0.013751,0.899443,3,10,8,5,3,10,8,5,3,10,7,6,3,10,7,6,0.061000,0.115540,0.235110,0.241600,1,1,30:06:2022,23:36:00,1170,28.545000,77.192600,15.000000,lev20,Almucantar
IIT_Delhi,29:12:2021,04:04:57,363,363.170104,0.087397,0.049053,0.041196,0.035277,1.131533,65.254642,65.696368,1.720937,0.017632,1.325647,3,10,8,5,3,10,8,5,3,10,8,5,3,10,7,6,0.060960,0.115460,0.234930,0.241410,1,1,30:06:2022,23:32:30,1170,28.545000,77.192600,15.000000,lev20,Almucantar
IIT_Delhi,01:01:2022,03:08:59,1,1.131238,0.073851,0.037991,0.032261,0.028024,1.253111,74.317367,74.836981,1.621805,0.010889,1.087970,4,10,7,6,4,10,7,6,4,10,7,6,4,10,7,6,0.067230,0.127650,0.268980,0.276590,1,1,30:06:2022,23:35:57,1170,28.545000,77.192600,15.000000,lev20,Almucantar
IIT_Delhi,01:01:2022,04:10:50,1,1.174190,0.068861,0.035275,0.028355,0.023969,1.331796,64.445217,64.880872,1.296796,0.009830,1.047000,3,10,8,5,3,10,8,5,3,10,8,5,3,10,8,5,0.061440,0.113320,0.236300,0.243690,1,1,30:06:2022,23:21:30,1170,28.545000,77.192600,15.000000,lev20,Almucantar
IIT_Delhi,03:01:2022,04:13:48,3,3.176250,0.057837,0.034622,0.028034,0.022303,1.078869,64.013054,64.446364,1.369564,0.007361,0.682234,3,10,8,5,3,10,8,5,3,10,8,5,3,10,7,5,0.061260,0.112860,0.235230,0.242610,1,1,30:06:2022,23:38:27,1170,28.545000,77.192600,15.000000,lev20,Almucantar
IIT_Delhi,21:01:2022,09:14:38,21,21.385162,0.093801,0.046460,0.029955,0.016902,1.674105,58.354308,57.953640,2.053547,0.015627,1.237587,4,10,7,5,4,10,7,5,4,10,4,5,4,7,5,4,0.057910,0.108500,0.222250,0.228310,1,1,30:06:2022,23:35:03,1170,28.545000,77.192600,15.000000,lev20,Almucantar
IIT_Delhi,24:01:2022,11:07:03,24,24.463229,0.044846,0.021367,0.014871,0.012118,1.634268,76.237177,75.677406,4.705410,0.100863,0.956250,4,10,7,6,4,10,7,6,4,10,6,4,4,10,6,3,0.068070,0.133420,0.276110,0.279420,1,1,30:06:2022,23:40:50,1170,28.545000,77.192600,15.000000,lev20,Almucantar
IIT_Delhi,27:01:2022,04:16:07,27,27.177859,0.036886,0.021394,0.017583,0.014422,1.108637,61.573553,62.043617,1.426643,0.018651,0.685094,3,10,8,5,3,10,8,5,3,10,8,5,3,10,8,5,0.058200,0.111060,0.228200,0.234890,1,1,30:06:2022,23:37:08,1170,28.545000,77.192600,15.000000,lev20,Almucantar
IIT_Delhi,29:01:2022,03:03:43,29,29.127581,-999.0,-999.0,-999.0,-999.0,-999.0,73.791841,74.353099,0.986827,0.011134,0.365915,4,10,7,6,4,10,7,6,4,10,7,6,4,10,7,6,0.064940,0.127940,0.265400,0.272040,1,1,30:06:2022,23:28:25,1170,28.545000,77.192600,15.000000,lev20,Almucantar
IIT_Delhi,29:01:2022,03:38:30,29,29.151736,-999.0,-999.0,-999.0,-999.0,-999.0,67.496502,68.022384,1.248282,0.011214,0.365046,4,10,7,6,4,10,7,6,4,10,7,6,4,10,7,6,0.060920,0.117880,0.243280,0.249950,1,1,30:06:2022,23:33:25,1170,28.545000,77.192600,15.000000,lev20,Almucantar
IIT_Delhi,29:01:2022,09:16:33,29,29.386493,0.040246,0.019748,0.015879,0.013525,1.398618,56.756035,56.343002,2.081134,0.057767,0.436262,4,10,8,4,4,10,8,4,4,10,8,4,4,10,8,4,0.056660,0.106930,0.218410,0.224080,1,1,30:06:2022,23:44:25,1170,28.545000,77.192600,15.000000,lev20,Almucantar
IIT_Delhi,29:01:2022,10:16:33,29,29.428160,0.038669,0.016536,0.011474,0.008920,1.807118,66.139715,65.627188,1.991549,0.052988,0.410913,4,10,7,6,4,10,7,6,3,10,7,6,3,10,7,6,0.060500,0.116330,0.238780,0.243370,1,1,30:06:2022,23:46:12,1170,28.545000,77.192600,15.000000,lev20,Almucantar
IIT_Delhi,29:01:2022,10:54:29,29,29.454502,0.041103,0.021479,0.017920,0.014418,1.251806,72.920310,72.365889,2.510999,0.031946,0.404983,4,10,7,6,4,10,7,6,4,10,7,6,4,10,7,5,0.064740,0.126650,0.260860,0.264240,1,1,30:06:2022,23:31:35,1170,28.545000,77.192600,15.000000,lev20,Almucantar
IIT_Delhi,29:01:2022,11:12:49,29,29.467234,-999.0,-999.0,-999.0,-999.0,-999.0,76.364935,75.795045,1.820929,0.011973,0.398558,4,9,6,6,4,10,7,6,4,10,7,6,4,10,7,6,0.067640,0.133670,0.275780,0.278300,1,1,30:06:2022,23:34:12,1170,28.545000,77.192600,15.000000,lev20,Almucantar
IIT_Delhi,30:01:2022,03:01:03,30,30.125729,0.035924,0.013646,0.012342,0.011069,1.643996,74.157391,74.722407,1.535790,0.010364,0.512368,4,10,7,6,4,10,7,6,4,10,7,6,4,10,7,6,0.065220,0.128640,0.266940,0.273590,1,1,30:06:2022,23:35:53,1170,28.545000,77.192600,15.000000,lev20,Almucantar
IIT_Delhi,30:01:2022,09:16:48,30,30.386667,0.030904,0.015798,0.010390,0.008193,1.598686,56.546837,56.131938,2.291051,0.094730,0.428337,4,10,8,4,4,10,8,4,4,10,8,4,4,10,8,4,0.056600,0.106770,0.218050,0.223730,1,1,30:06:2022,23:31:16,1170,28.545000,77.192600,15.000000,lev20,Almucantar
IIT_Delhi,30:01:2022,10:55:36,30,30.455278,0.032516,0.021104,0.017594,0.014360,0.914225,72.927427,72.370741,1.502239,0.017671,0.413613,4,10,7,6,4,10,7,6,4,10,7,6,4,10,7,6,0.064750,0.126660,0.260880,0.264260,1,1,30:06:2022,23:38:36,1170,28.545000,77.192600,15.000000,lev20,Almucantar
IIT_Delhi,30:01:2022,11:13:54,30,30.467986,0.034241,0.020690,0.018321,0.015511,0.946698,76.378735,75.806827,2.069289,0.008143,0.430677,4,10,7,6,4,10,7,6,4,10,7,6,4,10,7,6,0.067640,0.133690,0.275830,0.278360,1,1,30:06:2022,23:41:04,1170,28.545000,77.192600,15.000000,lev20,Almucantar
IIT_Delhi,31:01:2022,04:16:56,31,31.178426,0.076639,0.036675,0.029817,0.025383,1.423250,60.750364,61.226811,2.104505,0.031704,1.037892,3,10,8,5,3,10,8,5,3,10,8,5,3,10,8,5,0.057880,0.110260,0.226430,0.233160,1,1,30:06:2022,23:39:38,1170,28.545000,77.192600,15.000000,lev20,Almucantar
IIT_Delhi,01:02:2022,05:17:07,32,32.220220,0.079034,0.032973,0.028285,0.023582,1.567041,52.166300,52.521734,1.219163,0.021032,1.188609,3,10,8,4,3,10,8,4,3,10,8,4,3,10,8,4,0.055250,0.103620,0.211490,0.218270,1,1,30:06:2022,23:36:31,1170,28.545000,77.192600,15.000000,lev20,Almucantar
IIT_Delhi,01:02:2022,10:17:05,32,32.428530,0.069690,0.036726,0.032002,0.028191,1.181521,65.578797,65.061428,1.408832,0.009931,0.978671,3,10,7,6,3,10,7,6,3,10,7,5,3,10,8,5,0.060220,0.115640,0.237280,0.241930,1,1,30:06:2022,23:59:51,1170,28.545000,77.192600,15.000000,lev20,Almucantar
IIT_Delhi,02:02:2022,05:17:13,33,33.220289,0.048525,0.027796,0.025628,0.021365,0.977065,51.919917,52.277180,3.137952,0.055519,1.014508,3,10,8,4,3,10,8,3,3,10,8,4,3,10,8,4,0.055620,0.104340,0.211870,0.218630,1,1,30:06:2022,23:49:00,1170,28.545000,77.192600,15.000000,lev20,Almucantar
IIT_Delhi,02:02:2022,09:17:12,33,33.386944,0.043671,0.017560,0.014254,0.011958,1.697195,55.858822,55.438664,2.066562,0.024952,0.611076,4,10,8,4,4,10,7,4,4,10,5,4,4,9,6,4,0.056900,0.107270,0.217680,0.223350,1,1,30:06:2022,23:34:49,1170,28.545000,77.192600,15.000000,lev20,Almucantar
IIT_Delhi,07:02:2022,02:54:55,38,38.121470,0.060607,0.024231,0.020581,0.016316,1.646584,74.086223,74.668046,1.876133,0.022379,0.673072,4,10,7,6,4,10,7,6,4,10,7,6,4,10,7,6,0.066210,0.130670,0.268000,0.274490,1,1,30:06:2022,23:41:43,1170,28.545000,77.192600,15.000000,lev20,Almucantar
IIT_Delhi,08:02:2022,03:30:07,39,39.145914,0.076042,0.030888,0.025492,0.020630,1.659565,67.253135,67.805431,1.338427,0.013184,0.916183,4,10,7,6,4,10,7,6,4,10,7,6,4,10,7,6,0.061570,0.119160,0.243660,0.250250,1,1,30:06:2022,23:48:26,1170,28.545000,77.192600,15.000000,lev20,Almucantar
IIT_Delhi,14:02:2022,02:48:37,45,45.117095,-999.0,-999.0,-999.0,-999.0,-999.0,74.004886,74.601269,1.121602,0.013460,0.318056,4,10,7,6,4,10,7,6,4,10,7,6,4,10,7,6,0.065740,0.131110,0.266270,0.272750,1,1,30:06:2022,23:39:51,1170,28.545000,77.192600,15.000000,lev20,Almucantar
IIT_Delhi,16:02:2022,03:21:50,47,47.140162,0.070261,0.033049,0.026569,0.021849,1.464895,67.104494,67.678175,1.220354,0.019582,0.506523,4,10,7,6,4,10,7,6,4,10,7,6,4,10,7,6,0.060860,0.119350,0.241890,0.248480,1,1,30:06:2022,23:43:05,1170,28.545000,77.192600,15.000000,lev20,Almucantar
IIT_Delhi,21:02:2022,09:17:04,52,52.386852,-999.0,-999.0,-999.0,-999.0,-999.0,50.888116,50.427609,2.656168,0.152737,0.343659,3,10,8,4,3,10,8,4,3,10,8,4,3,10,8,4,0.055060,0.106980,0.210100,0.213560,1,1,17:05:2024,18:24:54,1292,28.545000,77.192600,15.000000,lev20,Almucantar
IIT_Delhi,21:02:2022,10:17:19,52,52.428692,-999.0,-999.0,-999.0,-999.0,-999.0,61.209935,60.656109,1.812691,0.103993,0.364812,3,10,8,5,3,10,8,5,3,10,8,4,3,10,8,5,0.059120,0.116130,0.227960,0.229790,1,1,17:05:2024,18:30:02,1292,28.545000,77.192600,15.000000,lev20,Almucantar
IIT_Delhi,21:02:2022,10:37:11,52,52.442488,-999.0,-999.0,-999.0,-999.0,-999.0,64.958197,64.383765,2.529793,0.069306,0.326414,3,10,8,5,3,10,8,5,3,10,8,5,3,10,8,5,0.061180,0.120750,0.236920,0.237970,1,1,17:05:2024,18:35:08,1292,28.545000,77.192600,15.000000,lev20,Almucantar
IIT_Delhi,21:02:2022,11:19:45,52,52.472049,-999.0,-999.0,-999.0,-999.0,-999.0,73.371607,72.764788,2.057842,0.047275,0.286879,4,10,7,6,4,10,7,6,4,10,7,6,4,10,7,6,0.067590,0.135100,0.264630,0.263260,1,1,17:05:2024,18:15:41,1292,28.545000,77.192600,15.000000,lev20,Almucantar
IIT_Delhi,21:02:2022,11:37:54,52,52.484653,-999.0,-999.0,-999.0,-999.0,-999.0,77.077389,76.461149,2.559673,0.033711,0.270959,3,10,6,6,3,10,6,6,4,10,7,6,4,10,7,6,0.071550,0.143950,0.281660,0.278820,1,1,17:05:2024,18:17:42,1292,28.545000,77.192600,15.000000,lev20,Almucantar
IIT_Delhi,23:02:2022,10:37:03,54,54.442396,0.080762,0.037183,0.029084,0.024988,1.529489,64.529676,63.951600,1.686331,0.015568,1.177090,3,10,8,5,3,10,8,5,3,10,8,5,3,10,8,5,0.060930,0.120180,0.235790,0.236940,1,1,17:05:2024,18:36:22,1292,28.545000,77.192600,15.000000,lev20,Almucantar
IIT_Delhi,23:02:2022,11:20:37,54,54.472650,0.077332,0.038339,0.033911,0.030726,1.253049,73.192391,72.582113,2.280539,0.032749,1.118355,4,10,7,6,4,10,7,6,4,10,7,6,4,10,7,6,0.067420,0.134710,0.263870,0.262570,1,1,17:05:2024,18:17:17,1292,28.545000,77.192600,15.000000,lev20,Almucantar
IIT_Delhi,23:02:2022,11:38:52,54,54.485324,0.078654,0.040756,0.036168,0.032557,1.179948,76.938363,76.319011,3.184778,0.013387,1.105559,3,10,7,6,3,10,7,6,4,10,7,6,4,10,7,6,0.071400,0.143590,0.280960,0.278150,1,1,17:05:2024,18:19:46,1292,28.545000,77.192600,15.000000,lev20,Almucantar
IIT_Delhi,25:02:2022,04:05:19,56,56.170359,0.092485,0.046903,0.035935,0.032122,1.406152,56.728786,57.271155,1.443091,0.026002,1.150637,4,10,8,4,4,10,8,4,4,10,8,4,4,10,7,5,0.056900,0.111490,0.219620,0.223540,1,1,17:05:2024,18:30:50,1292,28.545000,77.192600,15.000000,lev20,Almucantar
IIT_Delhi,25:02:2022,04:24:43,56,56.183831,0.087705,0.039029,0.031131,0.026467,1.556781,53.322531,53.837069,1.445007,0.029999,1.077618,3,10,8,4,4,10,8,4,4,10,8,4,4,10,8,4,0.055690,0.108660,0.213980,0.218140,1,1,17:05:2024,18:16:20,1292,28.545000,77.192600,15.000000,lev20,Almucantar
IIT_Delhi,25:02:2022,11:42:19,56,56.487720,0.076325,0.022580,0.011761,0.009001,2.751188,77.322255,76.698894,6.528337,0.132573,0.661939,3,9,7,6,3,10,7,6,3,10,7,6,3,10,6,6,0.071860,0.144620,0.282940,0.279940,1,1,17:05:2024,18:24:53,1292,28.545000,77.192600,15.000000,lev20,Almucantar
IIT_Delhi,27:02:2022,03:09:04,58,58.131296,0.034607,0.018423,0.013716,0.011696,1.368248,66.936999,67.537996,1.888582,0.013624,0.603825,4,10,7,6,4,10,7,6,4,10,7,6,4,10,7,5,0.061190,0.123250,0.246140,0.249650,1,1,17:05:2024,18:34:43,1292,28.545000,77.192600,15.000000,lev20,Almucantar
IIT_Delhi,27:02:2022,04:03:22,58,58.169005,0.035616,0.021541,0.017351,0.014700,1.066354,56.514290,57.062983,1.082275,0.025195,0.515575,4,10,8,4,4,10,8,4,4,10,8,4,4,10,7,5,0.056150,0.111210,0.221870,0.226030,1,1,17:05:2024,18:39:35,1292,28.545000,77.192600,15.000000,lev20,Almucantar
IIT_Delhi,27:02:2022,04:22:58,58,58.182616,0.031666,0.018727,0.015031,0.012786,1.105930,53.029444,53.550830,1.065302,0.020410,0.495445,3,10,8,4,3,10,8,4,4,10,8,4,4,10,8,4,0.054950,0.108340,0.216070,0.220420,1,1,17:05:2024,18:19:53,1292,28.545000,77.192600,15.000000,lev20,Almucantar
IIT_Delhi,27:02:2022,10:36:37,58,58.442095,-999.0,-999.0,-999.0,-999.0,-999.0,63.654912,63.069609,1.557648,0.006054,0.365933,3,10,8,5,3,10,6,5,3,10,8,5,3,10,8,5,0.059650,0.119010,0.236450,0.238070,1,1,17:05:2024,18:20:40,1292,28.545000,77.192600,15.000000,lev20,Almucantar
IIT_Delhi,27:02:2022,11:24:20,58,58.475231,-999.0,-999.0,-999.0,-999.0,-999.0,73.263954,72.645911,2.579271,0.013580,0.393747,4,10,7,6,4,10,7,6,4,10,7,6,4,10,5,6,0.066500,0.134840,0.267420,0.266700,1,1,17:05:2024,18:26:02,1292,28.545000,77.192600,15.000000,lev20,Almucantar
IIT_Delhi,27:02:2022,11:42:32,58,58.487870,-999.0,-999.0,-999.0,-999.0,-999.0,77.042803,76.416803,2.436486,0.005116,0.389878,4,9,7,6,4,9,7,6,4,9,7,6,4,10,7,6,0.070430,0.143870,0.285020,0.282920,1,1,17:05:2024,18:28:02,1292,28.545000,77.192600,15.000000,lev20,Almucantar
IIT_Delhi,28:02:2022,02:33:31,59,59.106609,-999.0,-999.0,-999.0,-999.0,-999.0,73.939836,74.562835,1.181896,0.008005,0.265159,4,10,7,6,4,10,7,6,4,10,7,6,4,10,7,6,0.066510,0.135870,0.271510,0.274490,1,1,17:05:2024,18:34:15,1292,28.545000,77.192600,15.000000,lev20,Almucantar
IIT_Delhi,28:02:2022,03:08:28,59,59.130880,-999.0,-999.0,-999.0,-999.0,-999.0,66.800845,67.403706,1.884493,0.011647,0.264047,4,10,7,6,4,10,7,6,4,10,7,6,4,10,7,6,0.061100,0.123040,0.245710,0.249260,1,1,17:05:2024,18:19:56,1292,28.545000,77.192600,15.000000,lev20,Almucantar
IIT_Delhi,28:02:2022,04:00:57,59,59.167326,-999.0,-999.0,-999.0,-999.0,-999.0,56.670582,57.224162,2.454823,0.069794,0.248242,4,10,8,4,4,10,8,4,4,10,8,4,4,10,7,5,0.056200,0.111350,0.222160,0.226310,1,1,17:05:2024,18:23:43,1292,28.545000,77.192600,15.000000,lev20,Almucantar
IIT_Delhi,28:02:2022,04:22:30,59,59.182292,-999.0,-999.0,-999.0,-999.0,-999.0,52.810594,53.334749,1.815857,0.039433,0.252781,3,10,8,4,3,10,8,4,3,10,8,4,4,10,8,4,0.054880,0.108170,0.215730,0.220100,1,1,17:05:2024,18:27:45,1292,28.545000,77.192600,15.000000,lev20,Almucantar
IIT_Delhi,28:02:2022,10:16:19,59,59.427998,-999.0,-999.0,-999.0,-999.0,-999.0,59.541509,58.973898,1.941249,0.107894,0.329980,3,10,8,5,3,10,8,5,3,10,8,5,3,11,7,5,0.057620,0.114270,0.227160,0.229490,1,1,17:05:2024,18:26:34,1292,28.545000,77.192600,15.000000,lev20,Almucantar
IIT_Delhi,28:02:2022,10:38:19,59,59.443275,-999.0,-999.0,-999.0,-999.0,-999.0,63.794661,63.205986,1.715195,0.066146,0.329686,3,10,8,5,3,10,8,5,3,10,8,5,3,10,8,5,0.059720,0.119180,0.236800,0.238380,1,1,17:05:2024,18:31:55,1292,28.545000,77.192600,15.000000,lev20,Almucantar
IIT_Delhi,28:02:2022,11:25:04,59,59.475741,-999.0,-999.0,-999.0,-999.0,-999.0,73.247357,72.627548,1.136039,0.019117,0.319433,4,10,7,6,4,10,7,6,4,10,7,6,4,10,7,6,0.066490,0.134800,0.267330,0.266640,1,1,17:05:2024,18:36:09,1292,28.545000,77.192600,15.000000,lev20,Almucantar
IIT_Delhi,01:03:2022,03:08:03,60,60.130590,0.038663,0.015431,0.012633,0.013802,1.692026,66.626080,67.230655,1.548694,0.013944,0.447875,4,10,7,6,4,10,7,6,4,10,7,6,4,10,7,6,0.061010,0.122810,0.245240,0.248760,1,1,17:05:2024,18:37:26,1292,28.545000,77.192600,15.000000,lev20,Almucantar
IIT_Delhi,01:03:2022,10:16:09,60,60.427882,0.049882,0.023841,0.019024,0.017098,1.445098,59.303517,58.733915,1.448982,0.050199,0.590139,3,10,8,5,3,10,8,5,3,11,7,5,4,10,7,5,0.057510,0.114030,0.226680,0.229040,1,1,17:05:2024,18:37:31,1292,28.545000,77.192600,15.000000,lev20,Almucantar
IIT_Delhi,01:03:2022,10:38:05,60,60.443113,0.054684,0.027079,0.021769,0.019764,1.380186,63.557109,62.966740,1.650870,0.020776,0.610981,3,10,8,5,3,10,8,5,3,10,8,5,3,10,8,5,0.059590,0.118870,0.236190,0.237830,1,1,17:05:2024,18:17:34,1292,28.545000,77.192600,15.000000,lev20,Almucantar
IIT_Delhi,01:03:2022,11:25:53,60,60.476308,0.059659,0.033457,0.027923,0.025350,1.137383,73.250243,72.628657,1.465811,0.014976,0.686930,4,10,7,6,4,10,7,6,4,10,7,6,4,10,7,6,0.066490,0.134800,0.267340,0.266640,1,1,17:05:2024,18:24:55,1292,28.545000,77.192600,15.000000,lev20,Almucantar
IIT_Delhi,01:03:2022,11:44:02,60,60.488912,0.065523,0.033905,0.027337,0.024237,1.307872,77.038264,76.409251,2.143832,0.011609,0.702578,4,9,6,6,4,9,7,6,4,9,7,6,4,10,7,6,0.070420,0.143840,0.284970,0.282880,1,1,17:05:2024,18:27:38,1292,28.545000,77.192600,15.000000,lev20,Almucantar
IIT_Delhi,02:03:2022,04:19:28,61,61.180185,0.045279,0.021449,0.018528,0.016945,1.354948,52.738862,53.271624,2.487620,0.021477,0.630202,3,10,8,4,3,10,8,4,3,10,8,4,4,10,8,3,0.054860,0.108130,0.215650,0.220010,1,1,17:05:2024,18:37:38,1292,28.545000,77.192600,15.000000,lev20,Almucantar
IIT_Delhi,03:03:2022,03:57:31,62,62.164942,0.046184,0.020239,0.015310,0.012744,1.650189,56.441640,57.004867,0.980840,0.027882,0.634143,4,10,8,4,4,10,8,4,4,10,8,4,4,10,8,4,0.056120,0.111150,0.221750,0.225930,1,1,17:05:2024,18:21:24,1292,28.545000,77.192600,15.000000,lev20,Almucantar
IIT_Delhi,03:03:2022,04:19:07,62,62.179942,0.045000,0.023805,0.019012,0.018098,1.285983,52.497151,53.032448,1.081817,0.032498,0.597177,3,10,8,4,3,10,8,4,3,10,8,4,3,10,8,4,0.054790,0.107950,0.215290,0.219660,1,1,17:05:2024,18:26:50,1292,28.545000,77.192600,15.000000,lev20,Almucantar
IIT_Delhi,03:03:2022,10:15:42,62,62.427569,0.062632,0.037143,0.031883,0.028137,1.013537,58.809328,58.235845,1.354266,0.028535,0.693211,3,11,7,5,4,10,7,5,4,10,7,5,4,10,7,5,0.057300,0.113530,0.225680,0.228120,1,1,17:05:2024,18:38:20,1292,28.545000,77.192600,15.000000,lev20,Almucantar
IIT_Delhi,03:03:2022,10:37:45,62,62.442882,0.058964,0.030958,0.025242,0.022212,1.270548,63.112447,62.518577,1.042820,0.024689,0.678625,3,10,8,5,3,10,8,5,3,10,8,4,3,10,8,5,0.059370,0.118340,0.235140,0.236810,1,1,17:05:2024,18:43:53,1292,28.545000,77.192600,15.000000,lev20,Almucantar
IIT_Delhi,03:03:2022,11:27:42,62,62.477569,0.064516,0.044613,0.038376,0.034498,0.771677,73.301149,72.676028,1.208151,0.012834,0.802921,4,10,7,6,4,10,7,6,4,10,7,6,4,10,7,6,0.066540,0.134910,0.267560,0.266820,1,1,17:05:2024,18:18:50,1292,28.545000,77.192600,15.000000,lev20,Almucantar
IIT_Delhi,03:03:2022,11:45:55,62,62.490220,0.061442,0.038302,0.035919,0.033222,0.819824,77.122648,76.490633,1.994898,0.007737,0.827953,4,10,6,6,4,10,6,6,4,10,7,6,4,10,7,6,0.070540,0.144100,0.285430,0.283280,1,1,17:05:2024,18:22:05,1292,28.545000,77.192600,15.000000,lev20,Almucantar
IIT_Delhi,04:03:2022,02:28:53,63,63.103391,0.076790,0.033441,0.026458,0.024341,1.601082,73.922010,74.551491,1.531758,0.012831,0.980935,4,10,7,6,4,10,7,6,4,10,7,6,4,10,7,6,0.066490,0.135850,0.271480,0.274440,1,1,17:05:2024,18:19:16,1292,28.545000,77.192600,15.000000,lev20,Almucantar
IIT_Delhi,04:03:2022,03:02:33,63,63.126771,0.077901,0.039152,0.033322,0.030570,1.282301,66.955575,67.567888,1.679177,0.012530,1.057632,4,10,7,6,4,10,7,6,4,10,7,6,4,10,7,6,0.061210,0.123290,0.246220,0.249730,1,1,17:05:2024,18:27:14,1292,28.545000,77.192600,15.000000,lev20,Almucantar
IIT_Delhi,04:03:2022,10:15:34,63,63.427477,0.034766,0.015162,0.011842,0.009111,1.615775,58.581935,58.006408,1.941408,0.064380,0.535680,4,10,7,5,4,10,7,5,4,10,7,5,4,10,7,5,0.057200,0.113300,0.225240,0.227700,1,1,17:05:2024,18:43:07,1292,28.545000,77.192600,15.000000,lev20,Almucantar
IIT_Delhi,04:03:2022,10:37:39,63,63.442813,0.040084,0.022051,0.017322,0.015588,1.246765,62.905574,62.309901,3.186607,0.038656,0.515977,3,10,8,5,3,10,8,5,3,10,8,5,3,10,8,5,0.059250,0.118070,0.234610,0.236340,1,1,17:05:2024,18:47:47,1292,28.545000,77.192600,15.000000,lev20,Almucantar
IIT_Delhi,05:03:2022,02:27:43,64,64.102581,0.025483,0.014958,0.013473,0.013536,0.966369,73.916523,74.547528,1.191330,0.008336,0.431800,4,10,7,6,4,10,7,6,4,10,7,6,4,10,7,6,0.066480,0.135820,0.271410,0.274420,1,1,17:05:2024,18:42:39,1292,28.545000,77.192600,15.000000,lev20,Almucantar
IIT_Delhi,05:03:2022,03:02:13,64,64.126539,-999.0,-999.0,-999.0,-999.0,-999.0,66.759598,67.373442,1.128762,0.010060,0.375568,4,10,7,6,4,10,7,6,4,10,7,6,4,10,7,6,0.061080,0.122990,0.245650,0.249170,1,1,17:05:2024,18:20:08,1292,28.545000,77.192600,15.000000,lev20,Almucantar
IIT_Delhi,05:03:2022,03:53:36,64,64.162222,-999.0,-999.0,-999.0,-999.0,-999.0,56.597805,57.169035,2.100264,0.019968,0.337184,4,10,8,4,4,10,8,4,4,10,8,4,4,10,7,5,0.056170,0.111270,0.222020,0.226210,1,1,17:05:2024,18:24:03,1292,28.545000,77.192600,15.000000,lev20,Almucantar
IIT_Delhi,05:03:2022,10:15:17,64,64.427280,-999.0,-999.0,-999.0,-999.0,-999.0,58.327157,57.749737,2.610375,0.058412,0.377223,4,10,7,5,4,10,7,5,4,10,6,5,4,10,6,5,0.057100,0.113060,0.224760,0.227240,1,1,17:05:2024,18:36:15,1292,28.545000,77.192600,15.000000,lev20,Almucantar
IIT_Delhi,05:03:2022,10:37:23,64,64.442627,-999.0,-999.0,-999.0,-999.0,-999.0,62.667036,62.069700,2.431720,0.056138,0.364945,3,10,8,5,3,10,8,5,3,9,8,5,3,10,8,5,0.059130,0.117790,0.234070,0.235810,1,1,17:05:2024,18:19:32,1292,28.545000,77.192600,15.000000,lev20,Almucantar
IIT_Delhi,05:03:2022,11:29:13,64,64.478623,-999.0,-999.0,-999.0,-999.0,-999.0,73.298730,72.670352,1.977251,0.025416,0.372922,4,10,7,6,4,10,7,6,4,10,7,6,4,10,7,6,0.066550,0.134940,0.267570,0.266800,1,1,17:05:2024,18:24:08,1292,28.545000,77.192600,15.000000,lev20,Almucantar
IIT_Delhi,05:03:2022,11:47:32,64,64.491343,-999.0,-999.0,-999.0,-999.0,-999.0,77.159327,76.524545,2.535412,0.006614,0.385055,4,9,6,6,4,8,7,6,4,10,6,6,4,10,7,6,0.070570,0.144160,0.285590,0.283440,1,1,17:05:2024,18:26:07,1292,28.545000,77.192600,15.000000,lev20,Almucantar
IIT_Delhi,07:03:2022,10:14:42,66,66.426875,0.091027,0.030597,0.023523,0.022427,2.041791,57.818658,57.237459,2.622543,0.055557,0.863034,4,10,7,5,4,10,7,5,4,10,7,5,4,9,7,5,0.058320,0.114490,0.233490,0.237180,1,1,17:05:2024,18:27:31,1292,28.545000,77.192600,15.000000,lev20,Almucantar
IIT_Delhi,07:03:2022,10:38:48,66,66.443611,0.125320,0.059311,0.046619,0.041816,1.480166,62.585955,61.983807,1.559084,0.018978,1.140188,3,10,8,5,3,10,8,5,3,10,8,5,3,10,8,5,0.060670,0.119850,0.244260,0.247210,1,1,17:05:2024,18:31:32,1292,28.545000,77.192600,15.000000,lev20,Almucantar
IIT_Delhi,07:03:2022,11:50:25,66,66.493345,0.111010,0.065368,0.058316,0.052846,0.974011,77.473465,76.835765,2.720507,0.012919,1.120124,4,8,7,6,4,9,7,6,4,9,7,6,4,9,7,6,0.073290,0.148480,0.301330,0.300230,1,1,17:05:2024,18:34:17,1292,28.545000,77.192600,15.000000,lev20,Almucantar
IIT_Delhi,08:03:2022,02:57:27,67,67.123229,0.075669,0.041754,0.034261,0.030395,1.184848,66.940328,67.560781,1.227249,0.013207,0.794785,4,10,7,6,4,10,7,6,4,10,7,6,4,10,7,6,0.062920,0.125710,0.257480,0.262370,1,1,17:05:2024,18:32:15,1292,28.545000,77.192600,15.000000,lev20,Almucantar
IIT_Delhi,08:03:2022,04:14:18,67,67.176597,0.072259,0.044488,0.035274,0.027130,1.059327,51.832282,52.384270,2.184906,0.017617,0.735863,3,10,8,4,3,10,8,4,3,10,8,4,3,10,8,4,0.055850,0.109150,0.223340,0.228980,1,1,17:05:2024,18:37:58,1292,28.545000,77.192600,15.000000,lev20,Almucantar
IIT_Delhi,08:03:2022,10:14:37,67,67.426817,-999.0,-999.0,-999.0,-999.0,-999.0,57.607225,57.023929,2.908403,0.127955,0.324670,4,10,7,5,4,10,7,5,4,10,6,5,4,10,8,4,0.058230,0.114290,0.233070,0.236780,1,1,17:05:2024,18:16:48,1292,28.545000,77.192600,15.000000,lev20,Almucantar
IIT_Delhi,08:03:2022,10:41:31,67,67.445498,-999.0,-999.0,-999.0,-999.0,-999.0,62.955478,62.349514,1.944330,0.053333,0.336397,3,10,8,5,3,10,8,5,3,10,8,5,3,10,8,5,0.060880,0.120320,0.245170,0.248080,1,1,17:05:2024,18:21:23,1292,28.545000,77.192600,15.000000,lev20,Almucantar
IIT_Delhi,08:03:2022,11:31:34,67,67.480255,-999.0,-999.0,-999.0,-999.0,-999.0,73.327509,72.694498,2.357536,0.053614,0.254792,4,10,7,6,4,10,7,6,4,10,7,5,4,10,6,6,0.068630,0.137930,0.280380,0.280830,1,1,17:05:2024,18:26:35,1292,28.545000,77.192600,15.000000,lev20,Almucantar
IIT_Delhi,08:03:2022,11:49:47,67,67.492905,-999.0,-999.0,-999.0,-999.0,-999.0,77.192245,76.553650,3.388490,0.047609,0.238284,4,9,7,6,4,10,7,6,4,10,7,6,4,10,7,6,0.072920,0.147640,0.299720,0.298750,1,1,17:05:2024,18:28:33,1292,28.545000,77.192600,15.000000,lev20,Almucantar
IIT_Delhi,09:03:2022,03:47:39,68,68.158090,0.037229,0.020330,0.016995,0.014663,1.176655,56.570598,57.154946,1.038575,0.022524,0.417104,4,10,8,4,4,10,8,4,4,10,8,4,4,10,7,5,0.057550,0.113140,0.231590,0.237030,1,1,17:05:2024,18:43:11,1292,28.545000,77.192600,15.000000,lev20,Almucantar
IIT_Delhi,09:03:2022,04:14:01,68,68.176400,0.041249,0.018617,0.016598,0.014813,1.388811,51.575286,52.129618,1.401691,0.058669,0.444813,3,10,8,4,3,10,8,4,3,10,8,4,3,10,8,4,0.055770,0.108960,0.222940,0.228600,1,1,17:05:2024,18:48:00,1292,28.545000,77.192600,15.000000,lev20,Almucantar
IIT_Delhi,09:03:2022,10:14:22,68,68.426644,0.051875,0.029577,0.024517,0.020749,1.120578,57.364997,56.779773,0.963323,0.011400,0.574988,4,10,7,5,4,10,7,5,4,10,7,5,4,10,8,4,0.058120,0.114040,0.232570,0.236330,1,1,17:05:2024,18:44:39,1292,28.545000,77.192600,15.000000,lev20,Almucantar
IIT_Delhi,09:03:2022,10:41:25,68,68.445428,0.057147,0.030075,0.025249,0.023116,1.228553,62.759312,62.151643,1.505991,0.020342,0.616858,3,10,8,5,3,10,8,5,3,10,8,5,3,10,8,5,0.060770,0.120100,0.244730,0.247610,1,1,17:05:2024,18:52:29,1292,28.545000,77.192600,15.000000,lev20,Almucantar
IIT_Delhi,10:03:2022,02:55:58,69,69.122199,0.045523,0.021683,0.015379,0.013361,1.604976,66.710893,67.334573,5.774895,0.088045,0.657397,4,10,7,6,4,10,7,5,4,10,7,4,4,10,7,4,0.062770,0.125350,0.256750,0.261670,1,1,17:05:2024,18:56:47,1292,28.545000,77.192600,15.000000,lev20,Almucantar
IIT_Delhi,10:03:2022,03:46:16,69,69.157130,0.051087,0.024249,0.018923,0.017291,1.485077,56.546799,57.134172,1.544031,0.030922,0.586916,4,10,8,4,4,10,8,4,4,10,8,3,4,10,7,4,0.057540,0.113110,0.231550,0.236990,1,1,17:05:2024,19:03:02,1292,28.545000,77.192600,15.000000,lev20,Almucantar
IIT_Delhi,10:03:2022,10:13:55,69,69.426331,0.033385,0.008469,0.006663,0.005836,2.449665,57.085156,56.498196,1.785387,0.082045,0.418424,4,10,7,5,4,10,7,5,4,10,8,4,4,10,8,4,0.058000,0.113770,0.232030,0.235810,1,1,17:05:2024,18:49:10,1292,28.545000,77.192600,15.000000,lev20,Almucantar
IIT_Delhi,10:03:2022,10:41:36,69,69.445556,0.046808,0.019482,0.015921,0.014325,1.629088,62.622521,62.012963,1.974973,0.076420,0.452521,3,10,8,5,3,10,8,5,3,10,8,5,3,10,8,5,0.060690,0.119900,0.244370,0.247280,1,1,17:05:2024,18:55:05,1292,28.545000,77.192600,15.000000,lev20,Almucantar
IIT_Delhi,10:03:2022,11:33:00,69,69.481250,0.054720,0.030638,0.025964,0.022649,1.119839,73.329388,72.693538,2.003459,0.032684,0.504852,4,10,7,6,4,10,7,6,4,10,7,6,4,10,7,6,0.068630,0.137940,0.280400,0.280830,1,1,17:05:2024,19:01:32,1292,28.545000,77.192600,15.000000,lev20,Almucantar
IIT_Delhi,10:03:2022,11:51:12,69,69.493889,0.053515,0.032141,0.027801,0.025120,0.983792,77.205982,76.565061,2.284071,0.023472,0.515504,4,8,7,6,4,9,7,6,4,9,7,6,4,10,7,6,0.072960,0.147720,0.299810,0.298810,1,1,17:05:2024,19:04:18,1292,28.545000,77.192600,15.000000,lev20,Almucantar
IIT_Delhi,11:03:2022,02:20:58,70,70.097894,0.036255,0.017992,0.013885,0.012985,1.430393,73.815066,74.454262,1.386742,0.017482,0.474094,4,10,7,6,4,10,7,6,4,10,7,6,4,10,7,6,0.068460,0.138620,0.283990,0.288480,1,1,17:05:2024,18:48:06,1292,28.545000,77.192600,15.000000,lev20,Almucantar
IIT_Delhi,11:03:2022,02:55:34,70,70.121921,0.041412,0.016178,0.010171,0.010869,2.071671,66.524448,67.149516,1.399051,0.018204,0.533785,4,10,7,6,4,10,7,6,4,10,7,6,4,10,7,6,0.062640,0.125050,0.256150,0.261100,1,1,17:05:2024,18:51:24,1292,28.545000,77.192600,15.000000,lev20,Almucantar
IIT_Delhi,11:03:2022,03:45:33,70,70.156632,0.043623,0.022110,0.017245,0.016177,1.383642,56.393521,56.983239,1.863721,0.069636,0.550370,4,10,8,4,4,10,8,4,4,10,8,4,4,10,8,4,0.057470,0.112970,0.231260,0.236710,1,1,17:05:2024,18:53:28,1292,28.545000,77.192600,15.000000,lev20,Almucantar
IIT_Delhi,11:03:2022,10:13:37,70,70.426123,0.063904,0.042164,0.033350,0.027029,0.954780,56.836234,56.247397,2.226620,0.095030,0.483012,4,10,7,5,4,10,8,4,4,10,8,4,4,10,8,4,0.057900,0.113530,0.231540,0.235360,1,1,17:05:2024,19:01:47,1292,28.545000,77.192600,15.000000,lev20,Almucantar
IIT_Delhi,11:03:2022,11:33:42,70,70.481736,-999.0,-999.0,-999.0,-999.0,-999.0,73.329917,72.692714,2.798781,0.056094,0.321184,4,10,7,6,4,10,7,6,4,10,7,6,4,10,7,6,0.068630,0.137930,0.280400,0.280820,1,1,17:05:2024,18:36:16,1292,28.545000,77.192600,15.000000,lev20,Almucantar
IIT_Delhi,11:03:2022,11:51:52,70,70.494352,-999.0,-999.0,-999.0,-999.0,-999.0,77.206679,76.564665,2.674421,0.025405,0.342781,4,8,7,6,4,9,7,6,4,9,7,6,4,10,7,6,0.072950,0.147690,0.299770,0.298810,1,1,17:05:2024,18:38:19,1292,28.545000,77.192600,15.000000,lev20,Almucantar
IIT_Delhi,12:03:2022,02:20:38,71,71.097662,-999.0,-999.0,-999.0,-999.0,-999.0,73.627589,74.267781,1.144464,0.022835,0.255216,4,10,7,6,4,10,7,6,4,10,7,6,4,10,7,6,0.068260,0.138200,0.283140,0.287640,1,1,17:05:2024,18:45:43,1292,28.545000,77.192600,15.000000,lev20,Almucantar
IIT_Delhi,12:03:2022,02:52:28,71,71.119769,-999.0,-999.0,-999.0,-999.0,-999.0,66.901143,67.528911,1.486354,0.043309,0.256927,4,10,7,6,4,10,7,6,4,10,7,6,4,10,7,6,0.062880,0.125620,0.257330,0.262270,1,1,17:05:2024,18:50:57,1292,28.545000,77.192600,15.000000,lev20,Almucantar
IIT_Delhi,12:03:2022,03:45:13,71,71.156400,-999.0,-999.0,-999.0,-999.0,-999.0,56.165047,56.756728,1.522526,0.083392,0.282122,4,10,8,4,4,10,8,4,4,10,8,4,4,10,8,4,0.057380,0.112750,0.230820,0.236290,1,1,17:05:2024,18:55:12,1292,28.545000,77.192600,15.000000,lev20,Almucantar
IIT_Delhi,12:03:2022,04:13:09,71,71.175799,-999.0,-999.0,-999.0,-999.0,-999.0,50.804776,51.366103,1.251143,0.078085,0.308963,3,10,8,4,3,10,8,4,3,10,8,4,3,10,8,4,0.055530,0.108400,0.221790,0.227480,1,1,17:05:2024,18:59:47,1292,28.545000,77.192600,15.000000,lev20,Almucantar
IIT_Delhi,13:03:2022,02:18:01,72,72.095845,0.053217,0.023670,0.019246,0.018261,1.532375,73.927247,74.569028,1.636899,0.035150,0.598432,4,10,7,6,4,10,7,6,4,10,7,6,4,10,7,6,0.068550,0.138860,0.284480,0.289010,1,1,17:05:2024,10:42:56,1292,28.545000,77.192600,15.000000,lev20,Almucantar
IIT_Delhi,13:03:2022,02:51:07,72,72.118831,0.055229,0.022501,0.017806,0.016702,1.704538,66.913928,67.543454,1.221808,0.048427,0.601259,4,10,7,6,4,10,7,6,4,10,7,6,4,10,7,6,0.062880,0.125640,0.257360,0.262320,1,1,17:05:2024,10:22:30,1292,28.545000,77.192600,15.000000,lev20,Almucantar
IIT_Delhi,13:03:2022,03:41:56,72,72.154120,0.056056,0.025484,0.020811,0.019635,1.492650,56.520123,57.116374,1.575147,0.111092,0.601982,4,10,8,4,4,10,8,4,4,10,8,4,4,10,7,5,0.057530,0.113090,0.231510,0.236960,1,1,17:05:2024,10:29:57,1292,28.545000,77.192600,15.000000,lev20,Almucantar
IIT_Delhi,13:03:2022,04:12:32,72,72.175370,0.054961,0.026499,0.022173,0.020240,1.369235,50.608968,51.173016,1.455395,0.133988,0.591018,3,10,8,4,3,10,8,4,3,10,8,4,3,10,8,4,0.055470,0.108260,0.221500,0.227200,1,1,17:05:2024,10:36:06,1292,28.545000,77.192600,15.000000,lev20,Almucantar
IIT_Delhi,13:03:2022,10:32:45,72,72.439410,0.039958,0.014998,0.013113,0.008570,1.701364,60.304028,59.695376,1.514412,0.068815,0.412499,3,10,8,5,3,10,8,5,3,10,8,5,3,10,8,5,0.059470,0.117130,0.238780,0.242090,1,1,17:05:2024,10:32:37,1292,28.545000,77.192600,15.000000,lev20,Almucantar
IIT_Delhi,13:03:2022,10:52:38,72,72.453218,0.043758,0.019345,0.017442,0.013761,1.406271,64.388448,63.767016,1.798624,0.065456,0.417177,3,10,8,5,3,10,8,5,3,10,8,5,3,10,8,5,0.061710,0.122230,0.249020,0.251610,1,1,17:05:2024,10:38:06,1292,28.545000,77.192600,15.000000,lev20,Almucantar
IIT_Delhi,13:03:2022,11:35:14,72,72.482801,0.047667,0.022198,0.018707,0.016283,1.413928,73.365517,72.725693,2.237624,0.064596,0.409197,4,10,7,6,4,10,7,6,4,10,7,6,4,10,7,6,0.068680,0.138020,0.280540,0.280960,1,1,17:05:2024,10:43:37,1292,28.545000,77.192600,15.000000,lev20,Almucantar
IIT_Delhi,13:03:2022,11:53:28,72,72.495463,0.047646,0.023286,0.021216,0.019133,1.236452,77.270605,76.626483,2.080344,0.037196,0.415567,4,8,7,6,4,8,7,6,4,10,7,6,4,10,7,6,0.073020,0.147840,0.300110,0.299120,1,1,17:05:2024,10:17:19,1292,28.545000,77.192600,15.000000,lev20,Almucantar
IIT_Delhi,14:03:2022,02:16:47,73,73.094988,0.057834,0.027539,0.023122,0.022016,1.384147,73.931783,74.574718,1.124817,0.010363,0.630331,4,10,7,6,4,10,7,6,4,10,7,6,4,10,7,6,0.072430,0.145180,0.287090,0.288730,1,1,17:05:2024,10:54:17,1292,28.545000,77.192600,15.000000,lev20,Almucantar
IIT_Delhi,14:03:2022,04:10:54,73,73.174236,0.068178,0.035214,0.029115,0.022470,1.277774,50.605420,51.173412,1.265962,0.016208,0.650859,3,10,8,4,3,10,8,4,3,10,8,4,3,10,8,4,0.057260,0.111600,0.224810,0.229080,1,1,17:05:2024,10:23:20,1292,28.545000,77.192600,15.000000,lev20,Almucantar
IIT_Delhi,14:03:2022,10:12:47,73,73.425544,0.051699,0.021880,0.020733,0.018306,1.408978,56.112547,55.518055,2.035248,0.138308,0.505532,4,10,8,4,4,10,8,4,4,10,8,4,4,10,8,4,0.059750,0.116660,0.233370,0.235690,1,1,17:05:2024,10:16:49,1292,28.545000,77.192600,15.000000,lev20,Almucantar
IIT_Delhi,14:03:2022,10:32:33,73,73.439271,0.063780,0.035208,0.029359,0.024443,1.163081,60.091658,59.481337,1.939154,0.079592,0.529648,3,10,8,5,3,10,8,5,3,10,8,5,3,10,8,5,0.061810,0.121100,0.241420,0.242980,1,1,17:05:2024,10:22:28,1292,28.545000,77.192600,15.000000,lev20,Almucantar
IIT_Delhi,14:03:2022,10:52:19,73,73.452998,0.062222,0.031773,0.027615,0.023822,1.230049,64.161908,63.539125,1.790052,0.064025,0.525052,3,10,8,5,3,10,8,5,3,10,8,5,3,10,8,5,0.064370,0.126620,0.251380,0.252020,1,1,17:05:2024,10:28:10,1292,28.545000,77.192600,15.000000,lev20,Almucantar
IIT_Delhi,14:03:2022,11:35:46,73,73.483171,0.071158,0.035419,0.029347,0.025138,1.332530,73.336489,72.695489,1.305229,0.021941,0.570009,4,10,7,6,4,10,7,6,4,10,7,6,4,10,7,6,0.072550,0.144210,0.283080,0.280800,1,1,17:05:2024,10:34:54,1292,28.545000,77.192600,15.000000,lev20,Almucantar
IIT_Delhi,14:03:2022,11:54:00,73,73.495833,0.068379,0.034988,0.029947,0.027494,1.246978,77.247895,76.602828,2.692343,0.021131,0.581251,4,8,7,6,4,8,7,6,4,8,7,6,4,10,7,6,0.077560,0.154970,0.302450,0.298360,1,1,17:05:2024,10:37:14,1292,28.545000,77.192600,15.000000,lev20,Almucantar
IIT_Delhi,15:03:2022,02:15:35,74,74.094155,0.064526,0.032739,0.027262,0.024398,1.296181,73.929239,74.573274,1.280816,0.017108,0.579559,4,10,7,6,4,10,7,6,4,10,7,6,4,10,7,6,0.072450,0.145210,0.287110,0.288720,1,1,17:05:2024,10:17:40,1292,28.545000,77.192600,15.000000,lev20,Almucantar
IIT_Delhi,15:03:2022,02:49:30,74,74.117708,0.063679,0.033082,0.027426,0.024232,1.265195,66.713248,67.345658,1.237431,0.025768,0.585585,4,10,7,6,4,10,7,6,4,10,7,6,4,10,7,6,0.065760,0.130410,0.259670,0.262330,1,1,17:05:2024,10:25:01,1292,28.545000,77.192600,15.000000,lev20,Almucantar
IIT_Delhi,15:03:2022,03:39:19,74,74.152303,0.065456,0.038884,0.032702,0.030684,1.037697,56.456422,57.058051,2.020826,0.068078,0.615597,4,10,8,4,4,10,8,4,4,10,8,4,4,10,7,5,0.059630,0.116850,0.234570,0.238360,1,1,17:05:2024,10:31:46,1292,28.545000,77.192600,15.000000,lev20,Almucantar
IIT_Delhi,15:03:2022,10:12:32,74,74.425370,0.065850,0.037591,0.032842,0.025795,1.049716,55.880277,55.283893,1.565562,0.073037,0.550773,4,10,8,4,4,10,8,4,4,10,8,4,4,10,8,4,0.059640,0.116420,0.232940,0.235300,1,1,17:05:2024,10:24:11,1292,28.545000,77.192600,15.000000,lev20,Almucantar
IIT_Delhi,15:03:2022,10:32:20,74,74.439120,0.058758,0.031186,0.028404,0.023576,1.108511,59.877615,59.265652,2.164853,0.100072,0.516378,3,10,8,5,3,10,8,5,3,10,8,5,3,11,7,5,0.061690,0.120840,0.240940,0.242550,1,1,17:05:2024,10:30:19,1292,28.545000,77.192600,15.000000,lev20,Almucantar
IIT_Delhi,15:03:2022,10:52:06,74,74.452847,0.055280,0.026244,0.022485,0.018626,1.362284,63.957710,63.333538,1.786722,0.062447,0.491488,3,10,8,5,3,10,8,5,3,10,8,5,3,10,8,5,0.064230,0.126320,0.250830,0.251520,1,1,17:05:2024,10:36:08,1292,28.545000,77.192600,15.000000,lev20,Almucantar
IIT_Delhi,15:03:2022,11:36:32,74,74.483704,0.058791,0.030051,0.026165,0.022632,1.226153,73.359251,72.717052,1.847717,0.032715,0.503146,4,10,7,6,4,10,7,6,4,10,7,6,4,10,7,6,0.072580,0.144280,0.283210,0.280890,1,1,17:05:2024,10:38:31,1292,28.545000,77.192600,15.000000,lev20,Almucantar
IIT_Delhi,15:03:2022,11:54:52,74,74.496435,0.061731,0.031953,0.027396,0.023594,1.226777,77.298558,76.652539,1.972811,0.019537,0.497619,4,8,7,6,4,8,7,6,4,8,7,6,4,10,7,6,0.077660,0.155140,0.302760,0.298610,1,1,17:05:2024,10:40:48,1292,28.545000,77.192600,15.000000,lev20,Almucantar
IIT_Delhi,16:03:2022,02:49:11,75,75.117488,0.048754,0.019094,0.015163,0.013348,1.761393,66.509513,67.143100,1.534440,0.013013,0.610351,4,10,7,6,4,10,7,6,4,10,7,6,4,10,7,6,0.065600,0.130050,0.259020,0.261730,1,1,17:05:2024,10:20:55,1292,28.545000,77.192600,15.000000,lev20,Almucantar
IIT_Delhi,16:03:2022,03:39:04,75,75.152130,0.049841,0.021539,0.020079,0.015537,1.397896,56.214492,56.817869,1.781218,0.027478,0.633366,4,10,8,4,4,10,8,4,4,10,8,4,4,10,8,4,0.059510,0.116590,0.234100,0.237930,1,1,17:05:2024,10:26:15,1292,28.545000,77.192600,15.000000,lev20,Almucantar
IIT_Delhi,16:03:2022,10:32:22,75,75.439144,0.063669,0.033691,0.028981,0.025493,1.188152,59.716523,59.102764,1.566490,0.072259,0.456769,3,10,8,5,3,10,8,5,3,10,8,5,3,11,7,5,0.061600,0.120650,0.240590,0.242230,1,1,17:05:2024,10:38:49,1292,28.545000,77.192600,15.000000,lev20,Almucantar
IIT_Delhi,16:03:2022,11:55:23,75,75.496794,0.054663,0.044693,0.043821,0.042007,0.339269,77.275461,76.628583,3.249638,0.110153,0.428372,4,10,7,6,4,9,7,6,4,9,7,6,4,10,7,6,0.077610,0.155080,0.302640,0.298490,1,1,17:05:2024,10:20:16,1292,28.545000,77.192600,15.000000,lev20,Almucantar
IIT_Delhi,17:03:2022,02:14:17,76,76.093252,0.052149,0.027675,0.026065,0.026423,1.064751,73.687950,74.333816,1.463956,0.011779,0.469883,4,10,7,6,4,10,7,6,4,10,7,6,4,10,7,6,0.072160,0.144570,0.285950,0.287670,1,1,17:05:2024,10:24:11,1292,28.545000,77.192600,15.000000,lev20,Almucantar
IIT_Delhi,17:03:2022,02:46:07,76,76.115359,0.059096,0.033225,0.029425,0.025998,1.055611,66.887554,67.523424,1.655004,0.020958,0.574602,4,10,7,6,4,10,7,6,4,10,7,6,4,10,7,6,0.065870,0.130670,0.260170,0.262860,1,1,17:05:2024,10:30:21,1292,28.545000,77.192600,15.000000,lev20,Almucantar
IIT_Delhi,17:03:2022,03:36:10,76,76.150116,0.058936,0.027771,0.024774,0.022345,1.320959,56.507224,57.114413,2.153604,0.016295,0.615183,4,10,8,4,4,10,8,4,4,10,8,4,4,10,7,5,0.059660,0.116910,0.234670,0.238460,1,1,17:05:2024,10:35:55,1292,28.545000,77.192600,15.000000,lev20,Almucantar
IIT_Delhi,17:03:2022,04:06:11,76,76.170961,0.055743,0.017553,0.015904,0.015659,1.927935,50.577840,51.156974,1.837915,0.041925,0.651469,3,10,8,4,3,10,8,4,3,10,8,4,3,10,8,4,0.057250,0.111570,0.224770,0.229050,1,1,17:05:2024,10:41:44,1292,28.545000,77.192600,15.000000,lev20,Almucantar
IIT_Delhi,17:03:2022,10:12:05,76,76.425058,0.129170,0.061159,0.051679,0.046233,1.384601,55.431139,54.830965,1.342189,0.023320,1.480263,4,10,8,4,4,10,8,4,4,10,8,4,4,10,8,4,0.059440,0.115980,0.232140,0.234550,1,1,17:05:2024,10:25:32,1292,28.545000,77.192600,15.000000,lev20,Almucantar
IIT_Delhi,17:03:2022,10:32:07,76,76.438970,0.140040,0.064226,0.051796,0.045584,1.495412,59.499228,58.883887,1.676261,0.021104,1.509535,3,10,8,5,3,10,8,5,3,11,7,5,4,10,7,5,0.061490,0.120400,0.240120,0.241790,1,1,17:05:2024,10:37:39,1292,28.545000,77.192600,15.000000,lev20,Almucantar
IIT_Delhi,17:03:2022,10:52:27,76,76.453090,0.142140,0.057079,0.044401,0.037813,1.749519,63.718075,63.090779,1.415257,0.011979,1.463162,3,10,8,5,3,10,8,5,3,10,8,5,3,10,8,5,0.064070,0.125980,0.250210,0.250940,1,1,17:05:2024,10:48:37,1292,28.545000,77.192600,15.000000,lev20,Almucantar
IIT_Delhi,17:03:2022,11:57:37,76,76.498345,0.171530,0.082174,0.061414,0.052037,1.527368,77.624624,76.976741,2.262597,0.007066,1.310913,4,8,7,6,4,9,7,6,4,9,7,6,4,10,7,6,0.078140,0.156190,0.304590,0.300270,1,1,17:05:2024,10:56:19,1292,28.545000,77.192600,15.000000,lev20,Almucantar
IIT_Delhi,18:03:2022,02:11:54,77,77.091597,0.099420,0.061020,0.051544,0.044765,0.981142,73.940856,74.587939,1.265908,0.011375,1.199177,4,10,7,6,4,10,7,6,4,10,7,6,4,10,7,6,0.072450,0.145230,0.287160,0.288790,1,1,17:05:2024,10:25:03,1292,28.545000,77.192600,15.000000,lev20,Almucantar
IIT_Delhi,18:03:2022,02:44:58,77,77.114560,0.102560,0.059579,0.049181,0.044636,1.096943,66.861765,67.499057,1.185480,0.008112,1.217196,4,10,7,6,4,10,7,6,4,10,7,6,4,10,7,6,0.065850,0.130620,0.260120,0.262790,1,1,17:05:2024,10:33:24,1292,28.545000,77.192600,15.000000,lev20,Almucantar
IIT_Delhi,18:03:2022,03:34:44,77,77.149120,0.098640,0.059800,0.048655,0.042342,1.049482,56.507390,57.117145,1.007390,0.014457,1.150409,4,10,8,4,4,10,8,4,4,10,8,4,4,10,7,5,0.059650,0.116910,0.234670,0.238470,1,1,17:05:2024,10:42:01,1292,28.545000,77.192600,15.000000,lev20,Almucantar
IIT_Delhi,18:03:2022,04:04:43,77,77.169942,0.092622,0.056404,0.048658,0.042855,0.965739,50.554322,51.136900,0.834844,0.015058,1.112050,3,10,8,4,3,10,8,4,3,10,8,4,3,10,8,4,0.057240,0.111550,0.224730,0.229030,1,1,17:05:2024,10:49:43,1292,28.545000,77.192600,15.000000,lev20,Almucantar
IIT_Delhi,18:03:2022,10:11:48,77,77.424861,0.123410,0.082511,0.067176,0.055909,0.896284,55.197611,54.595614,1.933100,0.016949,1.456578,4,10,8,4,4,10,8,4,4,10,8,4,4,10,8,4,0.059330,0.115750,0.231730,0.234170,1,1,17:05:2024,10:45:22,1292,28.545000,77.192600,15.000000,lev20,Almucantar
IIT_Delhi,18:03:2022,10:31:42,77,77.438681,0.116090,0.081174,0.071416,0.063526,0.724837,59.249318,58.632523,2.211302,0.015011,1.437524,3,10,8,5,3,11,7,5,3,11,7,5,4,10,7,5,0.061350,0.120100,0.239570,0.241300,1,1,17:05:2024,10:54:45,1292,28.545000,77.192600,15.000000,lev20,Almucantar
IIT_Delhi,18:03:2022,10:51:46,77,77.452616,0.106930,0.073487,0.061453,0.054694,0.818335,63.421158,62.792779,2.187148,0.025249,1.267223,3,10,8,5,3,10,8,5,3,10,8,5,3,10,8,5,0.063880,0.125560,0.249440,0.250220,1,1,17:05:2024,11:02:16,1292,28.545000,77.192600,15.000000,lev20,Almucantar
IIT_Delhi,18:03:2022,11:38:54,77,77.485347,0.107280,0.072175,0.059050,0.050751,0.880149,73.453452,72.807922,1.498832,0.006459,1.221656,4,10,7,6,4,10,7,6,4,10,7,6,4,10,7,6,0.072690,0.144520,0.283620,0.281250,1,1,17:05:2024,10:31:16,1292,28.545000,77.192600,15.000000,lev20,Almucantar
IIT_Delhi,18:03:2022,11:57:16,77,77.498102,0.073791,0.061210,0.059035,0.053589,0.338398,77.417488,76.768928,4.805633,0.056303,1.222189,4,9,7,6,4,9,7,6,4,9,7,6,4,10,7,6,0.077830,0.155540,0.303400,0.299200,1,1,17:05:2024,10:34:48,1292,28.545000,77.192600,15.000000,lev20,Almucantar
IIT_Delhi,19:03:2022,02:43:30,78,78.113542,0.083246,0.048470,0.039553,0.034720,1.108472,66.904254,67.543040,1.207840,0.016569,0.833236,4,10,7,6,4,10,7,6,4,10,7,6,4,10,7,6,0.065890,0.130710,0.260260,0.262920,1,1,17:05:2024,10:30:14,1292,28.545000,77.192600,15.000000,lev20,Almucantar
IIT_Delhi,19:03:2022,03:33:22,78,78.148171,0.078267,0.043916,0.034891,0.030159,1.201129,56.496182,57.108389,1.010504,0.022465,0.792985,4,10,8,4,4,10,8,4,4,10,8,4,4,10,7,5,0.059650,0.116890,0.234650,0.238450,1,1,17:05:2024,10:36:37,1292,28.545000,77.192600,15.000000,lev20,Almucantar
IIT_Delhi,19:03:2022,04:03:11,78,78.168877,0.077981,0.046758,0.040351,0.034371,0.989388,50.546757,51.132776,0.814950,0.030522,0.826415,3,10,8,4,3,10,8,4,3,10,8,4,3,10,8,4,0.057240,0.111540,0.224720,0.229020,1,1,17:05:2024,10:43:17,1292,28.545000,77.192600,15.000000,lev20,Almucantar
IIT_Delhi,19:03:2022,11:39:08,78,78.485509,0.112320,0.052213,0.038613,0.032389,1.588045,73.368808,72.722383,1.997144,0.009557,0.919308,4,10,7,6,4,10,7,6,4,10,7,6,4,10,5,6,0.072600,0.144300,0.283230,0.280910,1,1,17:05:2024,10:38:23,1292,28.545000,77.192600,15.000000,lev20,Almucantar
IIT_Delhi,19:03:2022,11:57:26,78,78.498218,0.106630,0.060121,0.047105,0.039706,1.211864,77.323189,76.673932,2.249618,0.005164,0.902716,4,9,7,6,4,9,7,6,4,9,7,6,4,10,7,6,0.077680,0.155210,0.302850,0.298720,1,1,17:05:2024,10:41:57,1292,28.545000,77.192600,15.000000,lev20,Almucantar
IIT_Delhi,20:03:2022,02:09:28,79,79.089907,0.067388,0.032943,0.026531,0.023588,1.397857,73.945957,74.594838,1.341355,0.015071,0.640410,4,10,7,6,4,10,7,6,4,10,7,6,4,10,7,6,0.072450,0.145200,0.287160,0.288820,1,1,17:05:2024,10:41:48,1292,28.545000,77.192600,15.000000,lev20,Almucantar
IIT_Delhi,20:03:2022,02:42:59,79,79.113183,0.067951,0.032942,0.026870,0.024593,1.394161,66.745547,67.385432,1.468452,0.024254,0.670213,4,10,7,6,4,10,7,6,4,10,7,6,4,10,7,6,0.065760,0.130420,0.259730,0.262450,1,1,17:05:2024,10:49:58,1292,28.545000,77.192600,15.000000,lev20,Almucantar
IIT_Delhi,20:03:2022,03:32:52,79,79.147824,0.058306,0.029353,0.023459,0.020161,1.362198,56.310009,56.923996,1.719530,0.040848,0.664450,4,10,8,4,4,10,8,4,4,10,8,4,4,10,8,4,0.059560,0.116700,0.234280,0.238120,1,1,17:05:2024,10:24:23,1292,28.545000,77.192600,15.000000,lev20,Almucantar
IIT_Delhi,20:03:2022,04:02:49,79,79.168623,0.060234,0.034060,0.028255,0.022706,1.132436,50.314036,50.902221,1.688272,0.145327,0.678263,3,10,8,4,3,10,6,4,3,10,5,4,3,10,6,3,0.057150,0.111360,0.224390,0.228710,1,1,17:05:2024,10:31:44,1292,28.545000,77.192600,15.000000,lev20,Almucantar
IIT_Delhi,20:03:2022,10:10:58,79,79.424282,0.056010,0.030435,0.027341,0.022634,1.089957,54.682032,54.076652,3.671121,0.225778,0.503180,4,10,8,4,4,10,8,4,4,10,8,4,4,10,8,4,0.059110,0.115260,0.230820,0.233350,1,1,17:05:2024,10:49:08,1292,28.545000,77.192600,15.000000,lev20,Almucantar
IIT_Delhi,20:03:2022,10:30:42,79,79.437986,0.062997,0.033707,0.029928,0.026741,1.129348,58.719688,58.100137,2.629927,0.234836,0.529404,3,11,7,5,4,10,7,5,4,10,7,5,4,10,7,5,0.061070,0.119480,0.238460,0.240280,1,1,17:05:2024,10:23:55,1292,28.545000,77.192600,15.000000,lev20,Almucantar
IIT_Delhi,20:03:2022,10:50:33,79,79.451771,0.076816,0.040866,0.035951,0.033799,1.150378,62.862613,62.232032,2.504076,0.114976,0.589361,3,10,8,5,3,10,8,5,3,10,8,5,3,10,8,5,0.063500,0.124750,0.247980,0.248910,1,1,17:05:2024,10:30:35,1292,28.545000,77.192600,15.000000,lev20,Almucantar
IIT_Delhi,20:03:2022,11:39:49,79,79.485984,0.070075,0.034456,0.030072,0.027260,1.283401,73.382761,72.735386,2.675344,0.071265,0.599925,4,10,7,6,4,10,7,6,4,10,7,6,4,10,7,6,0.072620,0.144340,0.283310,0.280960,1,1,17:05:2024,10:39:05,1292,28.545000,77.192600,15.000000,lev20,Almucantar
IIT_Delhi,20:03:2022,11:58:07,79,79.498692,0.069709,0.031132,0.026519,0.023147,1.465003,77.342052,76.692092,3.328397,0.059862,0.573454,4,9,7,6,4,10,7,6,4,10,7,5,4,10,7,6,0.077710,0.155280,0.302950,0.298810,1,1,17:05:2024,10:43:02,1292,28.545000,77.192600,15.000000,lev20,Almucantar
IIT_Delhi,21:03:2022,02:08:17,80,80.089086,0.096574,0.041041,0.030813,0.028175,1.707873,73.942219,74.591926,1.654890,0.019966,0.884759,4,10,7,6,4,10,7,6,4,10,7,6,4,10,7,5,0.072420,0.145160,0.287090,0.288810,1,1,17:05:2024,10:36:16,1292,28.545000,77.192600,15.000000,lev20,Almucantar
IIT_Delhi,21:03:2022,02:42:40,80,80.112963,0.121450,0.048087,0.035111,0.029603,1.854541,66.544756,67.185640,1.345173,0.028884,1.003064,4,10,7,6,4,10,7,6,4,10,7,6,4,10,7,6,0.065610,0.130090,0.259130,0.261860,1,1,17:05:2024,10:45:17,1292,28.545000,77.192600,15.000000,lev20,Almucantar
IIT_Delhi,21:03:2022,10:10:37,80,80.424039,0.078237,0.032290,0.027259,0.017443,1.599599,54.440270,53.833166,3.704661,0.302722,0.736337,4,10,8,4,4,10,8,4,3,6,8,4,4,10,8,4,0.059000,0.115020,0.230390,0.232970,1,1,17:05:2024,10:23:20,1292,28.545000,77.192600,15.000000,lev20,Almucantar
IIT_Delhi,21:03:2022,11:58:42,80,80.499097,0.072342,0.045681,0.040341,0.034625,0.878591,77.340631,76.690021,2.370899,0.013878,0.678797,4,8,7,6,4,9,7,6,4,10,7,5,4,10,7,5,0.077720,0.155300,0.303000,0.298800,1,1,17:05:2024,10:29:36,1292,28.545000,77.192600,15.000000,lev20,Almucantar
IIT_Delhi,22:03:2022,02:07:39,81,81.088646,0.049306,0.022132,0.017693,0.016549,1.540368,73.820014,74.470422,1.538230,0.022625,0.580002,4,10,7,6,4,10,7,6,4,10,7,6,4,10,7,6,0.077410,0.150530,0.289510,0.289480,1,1,17:05:2024,10:27:58,1292,28.545000,77.192600,15.000000,lev20,Almucantar
IIT_Delhi,22:03:2022,02:39:55,81,81.111053,0.048204,0.024384,0.019880,0.017307,1.328597,66.865115,67.507774,1.814061,0.036363,0.608371,4,10,7,6,4,10,7,6,4,10,7,6,4,10,7,6,0.069890,0.135550,0.263420,0.264660,1,1,17:05:2024,10:35:09,1292,28.545000,77.192600,15.000000,lev20,Almucantar
IIT_Delhi,22:03:2022,03:58:37,81,81.165706,0.047495,0.022948,0.018016,0.013554,1.449528,50.537091,51.132933,1.659091,0.089802,0.569257,3,10,8,4,3,10,8,4,3,10,8,4,3,10,8,4,0.059790,0.115440,0.228570,0.231770,1,1,17:05:2024,10:43:43,1292,28.545000,77.192600,15.000000,lev20,Almucantar
IIT_Delhi,22:03:2022,10:10:27,81,81.423924,0.070418,0.036603,0.030573,0.030243,1.254527,54.237535,53.628580,2.686016,0.224075,0.628854,4,10,8,4,4,10,8,4,4,10,8,4,4,10,8,4,0.061780,0.118930,0.233830,0.235300,1,1,17:05:2024,10:32:51,1292,28.545000,77.192600,15.000000,lev20,Almucantar
IIT_Delhi,22:03:2022,12:00:45,81,81.500521,0.052334,0.027612,0.026139,0.024255,1.067103,77.658926,77.007645,3.322840,0.046283,0.560005,4,8,7,6,4,8,7,5,4,8,7,5,4,10,7,5,0.084260,0.162470,0.307430,0.301350,1,1,17:05:2024,10:43:20,1292,28.545000,77.192600,15.000000,lev20,Almucantar
IIT_Delhi,23:03:2022,02:07:20,82,82.088426,0.066704,0.030968,0.024767,0.021716,1.487356,73.629680,74.280711,1.620693,0.028903,0.622858,4,10,7,6,4,10,7,6,4,10,7,6,4,10,7,6,0.077170,0.150050,0.288670,0.288670,1,1,17:05:2024,10:40:51,1292,28.545000,77.192600,15.000000,lev20,Almucantar
IIT_Delhi,23:03:2022,02:38:35,82,82.110127,0.069127,0.030745,0.023655,0.019766,1.604913,66.884437,67.528332,1.745988,0.052131,0.639996,4,10,7,6,4,10,7,6,4,10,7,6,4,10,7,6,0.069890,0.135530,0.263450,0.264720,1,1,17:05:2024,10:31:41,1292,28.545000,77.192600,15.000000,lev20,Almucantar
IIT_Delhi,23:03:2022,03:27:54,82,82.144375,0.062502,0.029895,0.024148,0.020100,1.427915,56.474205,57.095592,1.757179,0.082625,0.644734,4,10,8,4,4,10,8,4,4,10,8,4,4,10,7,5,0.062610,0.121070,0.238300,0.240920,1,1,17:05:2024,10:38:56,1292,28.545000,77.192600,15.000000,lev20,Almucantar
IIT_Delhi,23:03:2022,03:57:13,82,82.164734,0.070299,0.032483,0.027634,0.024684,1.413700,50.516321,51.115167,2.170618,0.152309,0.678488,3,10,8,4,3,10,8,4,3,10,8,4,3,10,8,4,0.059780,0.115430,0.228540,0.231750,1,1,17:05:2024,10:42:23,1292,28.545000,77.192600,15.000000,lev20,Almucantar
IIT_Delhi,24:03:2022,02:04:36,83,83.086528,0.083554,0.033757,0.027107,0.024689,1.698390,73.964795,74.616724,1.862964,0.044829,0.707700,4,10,7,6,4,10,7,6,4,10,7,6,4,10,7,6,0.077600,0.150920,0.290180,0.290120,1,1,17:05:2024,10:47:16,1292,28.545000,77.192600,15.000000,lev20,Almucantar
IIT_Delhi,24:03:2022,02:37:19,83,83.109248,0.077646,0.030457,0.024260,0.020810,1.754979,66.890997,67.536056,1.638643,0.076467,0.666307,4,10,7,6,4,10,7,6,4,10,7,6,4,10,7,6,0.069910,0.135590,0.263490,0.264740,1,1,17:05:2024,10:27:28,1292,28.545000,77.192600,15.000000,lev20,Almucantar
IIT_Delhi,24:03:2022,03:56:40,83,83.164352,0.051770,0.018271,0.017525,0.020520,1.675731,50.328834,50.929846,2.458104,0.335196,0.488064,3,10,8,4,3,10,8,4,3,10,8,4,3,10,8,4,0.059710,0.115270,0.228280,0.231510,1,1,17:05:2024,10:32:58,1292,28.545000,77.192600,15.000000,lev20,Almucantar
IIT_Delhi,24:03:2022,10:09:44,83,83.423426,0.061375,0.021375,0.019700,0.016847,1.748762,53.759597,53.147302,2.812126,0.314940,0.540992,4,10,8,4,4,10,8,4,4,10,8,4,4,10,8,4,0.061530,0.118460,0.233020,0.234590,1,1,17:05:2024,10:49:34,1292,28.545000,77.192600,15.000000,lev20,Almucantar
IIT_Delhi,24:03:2022,10:29:34,83,83.437199,0.059549,0.018385,0.016169,0.015882,1.997721,57.859198,57.233821,3.088922,0.289786,0.537017,4,10,7,5,4,10,7,5,4,10,7,5,4,10,7,5,0.063760,0.122800,0.240370,0.241160,1,1,17:05:2024,10:35:22,1292,28.545000,77.192600,15.000000,lev20,Almucantar
IIT_Delhi,24:03:2022,10:52:52,83,83.453380,0.060752,0.018370,0.014351,0.012025,2.185490,62.768893,62.132060,3.025883,0.233319,0.546147,3,10,8,5,3,10,8,5,3,10,8,5,3,10,8,5,0.067080,0.129230,0.251240,0.250900,1,1,17:05:2024,10:42:05,1292,28.545000,77.192600,15.000000,lev20,Almucantar
IIT_Delhi,24:03:2022,11:42:12,83,83.487639,0.071294,0.028763,0.023559,0.020483,1.674609,73.378945,72.728294,3.885352,0.121736,0.587715,4,10,7,6,4,10,7,6,4,10,7,6,4,10,7,6,0.077750,0.149900,0.286190,0.282330,1,1,17:05:2024,10:50:22,1292,28.545000,77.192600,15.000000,lev20,Almucantar
IIT_Delhi,25:03:2022,02:03:22,84,84.085671,0.051151,0.027222,0.022458,0.018365,1.234072,73.975496,74.628074,1.959410,0.028372,0.574906,4,10,7,6,4,10,7,6,4,10,7,6,4,10,7,6,0.077630,0.150960,0.290220,0.290170,1,1,17:05:2024,11:04:31,1292,28.545000,77.192600,15.000000,lev20,Almucantar
IIT_Delhi,25:03:2022,02:36:23,84,84.108600,0.051023,0.022556,0.018413,0.013879,1.536684,66.827414,67.473493,1.628142,0.044556,0.535096,4,10,7,6,4,10,7,6,4,10,7,6,4,10,7,6,0.069860,0.135470,0.263280,0.264560,1,1,17:05:2024,10:39:14,1292,28.545000,77.192600,15.000000,lev20,Almucantar
IIT_Delhi,25:03:2022,03:26:17,84,84.143252,0.048657,0.018111,0.014299,0.012561,1.848186,56.245836,56.870772,1.945441,0.097336,0.526930,4,10,8,4,4,10,8,4,4,10,8,4,4,10,8,4,0.062490,0.120820,0.237870,0.240520,1,1,17:05:2024,10:45:51,1292,28.545000,77.192600,15.000000,lev20,Almucantar
IIT_Delhi,25:03:2022,03:56:15,84,84.164062,0.051128,0.020892,0.016450,0.013611,1.706507,50.116550,50.719579,1.493626,0.110036,0.543495,3,10,8,4,3,10,8,4,3,10,8,4,3,10,8,4,0.059620,0.115100,0.227970,0.231230,1,1,17:05:2024,10:52:39,1292,28.545000,77.192600,15.000000,lev20,Almucantar
IIT_Delhi,25:03:2022,11:42:47,84,84.488044,0.047524,0.025047,0.021632,0.019914,1.189140,73.378993,72.727639,3.102169,0.105572,0.420954,4,10,7,6,4,10,7,6,4,10,7,6,4,10,7,6,0.077740,0.149890,0.286170,0.282330,1,1,17:05:2024,10:41:35,1292,28.545000,77.192600,15.000000,lev20,Almucantar
IIT_Delhi,26:03:2022,02:02:11,85,85.084850,0.061011,0.029599,0.023723,0.021273,1.416061,73.976457,74.629633,1.665415,0.025860,0.528144,4,10,7,6,4,10,7,6,4,10,7,6,4,10,7,6,0.077630,0.150970,0.290240,0.290170,1,1,17:05:2024,11:05:42,1292,28.545000,77.192600,15.000000,lev20,Almucantar
IIT_Delhi,26:03:2022,02:36:05,85,85.108391,0.055514,0.026227,0.020671,0.017221,1.479342,66.628797,67.275685,1.670575,0.048028,0.495070,4,10,7,6,4,10,7,6,4,10,7,6,4,10,7,6,0.069680,0.135120,0.262700,0.263990,1,1,17:05:2024,10:35:09,1292,28.545000,77.192600,15.000000,lev20,Almucantar
IIT_Delhi,26:03:2022,03:23:56,85,85.141620,0.044859,0.021310,0.017905,0.015054,1.386895,56.456479,57.084004,1.750349,0.099687,0.450565,4,10,8,4,4,10,8,4,4,10,8,4,4,10,7,5,0.062600,0.121040,0.238260,0.240900,1,1,17:05:2024,10:41:00,1292,28.545000,77.192600,15.000000,lev20,Almucantar
IIT_Delhi,26:03:2022,03:52:51,85,85.161701,0.043858,0.018166,0.014870,0.013468,1.634466,50.507815,51.115375,1.433362,0.123414,0.452609,3,10,8,4,3,10,8,4,3,10,8,4,3,10,8,4,0.059780,0.115420,0.228530,0.231750,1,1,17:05:2024,10:46:52,1292,28.545000,77.192600,15.000000,lev20,Almucantar
IIT_Delhi,26:03:2022,10:56:10,85,85.455671,-999.0,-999.0,-999.0,-999.0,-999.0,63.192823,62.552368,2.643118,0.217194,0.390146,3,10,8,5,3,10,8,5,3,10,8,5,3,10,8,5,0.067410,0.129870,0.252300,0.251840,1,1,17:05:2024,10:34:39,1292,28.545000,77.192600,15.000000,lev20,Almucantar
IIT_Delhi,26:03:2022,11:43:22,85,85.488449,-999.0,-999.0,-999.0,-999.0,-999.0,73.380427,72.728415,2.776800,0.105914,0.369529,4,10,7,6,4,10,7,6,4,10,7,6,4,10,7,6,0.077750,0.149890,0.286180,0.282330,1,1,17:05:2024,10:40:47,1292,28.545000,77.192600,15.000000,lev20,Almucantar
IIT_Delhi,26:03:2022,12:01:32,85,85.501065,-999.0,-999.0,-999.0,-999.0,-999.0,77.333993,76.680786,3.330587,0.065992,0.370627,4,8,7,5,4,8,7,5,4,9,7,6,4,10,7,6,0.083680,0.161370,0.305590,0.299710,1,1,17:05:2024,10:43:19,1292,28.545000,77.192600,15.000000,lev20,Almucantar
IIT_Delhi,27:03:2022,02:01:03,86,86.084063,-999.0,-999.0,-999.0,-999.0,-999.0,73.967743,74.621468,2.237124,0.086555,0.373079,4,10,7,6,4,10,7,6,4,10,7,6,4,10,7,6,0.077600,0.150930,0.290170,0.290130,1,1,17:05:2024,10:35:14,1292,28.545000,77.192600,15.000000,lev20,Almucantar
IIT_Delhi,27:03:2022,02:33:34,86,86.106644,-999.0,-999.0,-999.0,-999.0,-999.0,66.909861,67.558090,2.053092,0.127573,0.379084,4,10,7,6,4,10,7,6,4,10,7,6,4,10,7,6,0.069930,0.135620,0.263580,0.264810,1,1,17:05:2024,10:41:18,1292,28.545000,77.192600,15.000000,lev20,Almucantar
IIT_Delhi,27:03:2022,03:22:37,86,86.140706,0.040777,0.014014,0.010428,0.011044,2.050057,56.454835,57.084278,2.496157,0.313841,0.402075,4,10,8,4,4,10,8,4,4,10,8,4,4,10,7,5,0.062600,0.121030,0.238260,0.240900,1,1,17:05:2024,10:46:49,1292,28.545000,77.192600,15.000000,lev20,Almucantar
IIT_Delhi,27:03:2022,03:51:24,86,86.160694,0.040148,0.016259,0.013953,0.015729,1.607541,50.511066,51.121372,2.475800,0.348128,0.406328,3,10,8,4,3,10,8,4,3,10,8,4,3,10,8,4,0.059770,0.115410,0.228520,0.231760,1,1,17:05:2024,10:52:05,1292,28.545000,77.192600,15.000000,lev20,Almucantar
IIT_Delhi,27:03:2022,10:08:43,86,86.422720,-999.0,-999.0,-999.0,-999.0,-999.0,53.067944,52.450754,3.169455,0.372846,0.353256,4,10,8,4,4,10,8,4,3,10,8,4,3,10,8,4,0.061190,0.117800,0.231910,0.233590,1,1,17:05:2024,10:42:29,1292,28.545000,77.192600,15.000000,lev20,Almucantar
IIT_Delhi,27:03:2022,10:30:32,86,86.437870,-999.0,-999.0,-999.0,-999.0,-999.0,57.613513,56.983066,3.033730,0.316861,0.343942,4,10,7,5,4,10,7,5,4,10,7,5,4,10,8,4,0.063630,0.122530,0.239900,0.240720,1,1,17:05:2024,10:47:14,1292,28.545000,77.192600,15.000000,lev20,Almucantar
IIT_Delhi,27:03:2022,10:55:55,86,86.455498,-999.0,-999.0,-999.0,-999.0,-999.0,63.002781,62.361322,3.136653,0.220782,0.343806,3,10,8,5,3,10,8,5,3,10,8,5,3,10,8,5,0.067240,0.129550,0.251800,0.251410,1,1,17:05:2024,10:51:56,1292,28.545000,77.192600,15.000000,lev20,Almucantar
IIT_Delhi,27:03:2022,11:45:52,86,86.490185,-999.0,-999.0,-999.0,-999.0,-999.0,73.800312,73.147488,2.971656,0.101923,0.331610,4,10,7,6,4,10,7,6,4,10,7,6,4,10,7,6,0.078310,0.150990,0.288040,0.283980,1,1,17:05:2024,10:58:27,1292,28.545000,77.192600,15.000000,lev20,Almucantar
IIT_Delhi,27:03:2022,12:03:59,86,86.502766,-999.0,-999.0,-999.0,-999.0,-999.0,77.746327,77.092765,3.765315,0.073775,0.331512,4,9,7,5,4,9,7,5,4,9,7,5,4,8,7,6,0.084400,0.162770,0.307920,0.301780,1,1,17:05:2024,10:34:28,1292,28.545000,77.192600,15.000000,lev20,Almucantar
IIT_Delhi,28:03:2022,02:00:49,87,87.083900,0.040650,0.013772,0.010236,0.009747,2.073841,73.764096,74.418263,3.121288,0.118686,0.400739,4,10,7,6,4,10,7,6,4,10,7,6,4,10,7,6,0.077340,0.150400,0.289280,0.289260,1,1,17:05:2024,10:35:03,1292,28.545000,77.192600,15.000000,lev20,Almucantar
IIT_Delhi,28:03:2022,02:32:24,87,87.105833,-999.0,-999.0,-999.0,-999.0,-999.0,66.901734,67.550899,3.562431,0.226909,0.392264,4,10,7,6,4,10,7,6,4,10,7,6,4,10,7,6,0.069900,0.135580,0.263510,0.264790,1,1,17:05:2024,10:41:22,1292,28.545000,77.192600,15.000000,lev20,Almucantar
IIT_Delhi,28:03:2022,03:21:18,87,87.139792,0.036474,0.006918,0.006720,0.007914,2.625621,56.456045,57.087343,3.304216,0.333738,0.410462,4,10,8,4,4,10,8,4,4,10,8,4,4,10,7,5,0.062600,0.121050,0.238270,0.240900,1,1,17:05:2024,10:47:16,1292,28.545000,77.192600,15.000000,lev20,Almucantar
IIT_Delhi,28:03:2022,03:50:19,87,87.159942,0.038497,0.011648,0.010150,0.011692,2.041227,50.443294,51.055984,3.214300,0.360870,0.422596,3,10,8,4,3,10,8,4,3,10,8,4,3,10,8,4,0.059750,0.115370,0.228440,0.231670,1,1,17:05:2024,10:52:58,1292,28.545000,77.192600,15.000000,lev20,Almucantar
IIT_Delhi,28:03:2022,10:08:27,87,87.422535,0.057400,0.022714,0.020034,0.020398,1.607614,52.855887,52.237062,3.221208,0.345285,0.473453,4,10,8,4,3,10,8,4,3,10,8,4,3,10,8,4,0.061090,0.117600,0.231580,0.233280,1,1,17:05:2024,10:45:31,1292,28.545000,77.192600,15.000000,lev20,Almucantar
IIT_Delhi,28:03:2022,10:30:12,87,87.437639,0.052217,0.020187,0.016937,0.015995,1.709452,57.397880,56.766165,3.710347,0.342491,0.454059,4,10,7,5,4,10,7,5,4,10,7,5,4,10,8,4,0.063490,0.122260,0.239450,0.240340,1,1,17:05:2024,10:51:15,1292,28.545000,77.192600,15.000000,lev20,Almucantar
IIT_Delhi,28:03:2022,10:55:27,87,87.455174,-999.0,-999.0,-999.0,-999.0,-999.0,62.767746,62.125385,4.234498,0.322425,0.382143,3,10,8,5,3,10,8,5,3,10,8,5,3,10,8,5,0.067060,0.129190,0.251170,0.250880,1,1,17:05:2024,10:56:23,1292,28.545000,77.192600,15.000000,lev20,Almucantar
IIT_Delhi,28:03:2022,11:45:32,87,87.489954,0.049573,0.019609,0.016004,0.013540,1.710006,73.605041,72.951755,3.568269,0.128128,0.433276,4,10,7,6,4,10,7,6,4,10,7,6,4,10,7,6,0.078050,0.150480,0.287190,0.283210,1,1,17:05:2024,10:34:55,1292,28.545000,77.192600,15.000000,lev20,Almucantar
IIT_Delhi,28:03:2022,12:03:41,87,87.502558,0.045333,0.021254,0.019498,0.016888,1.292111,77.560701,76.906787,4.227724,0.083860,0.446018,4,9,7,5,4,9,7,5,4,9,7,5,4,9,7,6,0.084070,0.162110,0.306810,0.300840,1,1,17:05:2024,10:38:18,1292,28.545000,77.192600,15.000000,lev20,Almucantar
IIT_Delhi,29:03:2022,02:00:26,88,88.083634,0.040698,0.014491,0.010705,0.009853,2.004457,73.594292,74.248884,3.795213,0.155547,0.402007,4,10,7,6,4,10,7,6,4,10,7,6,4,10,7,6,0.077140,0.149980,0.288530,0.288530,1,1,17:05:2024,10:51:17,1292,28.545000,77.192600,15.000000,lev20,Almucantar
IIT_Delhi,29:03:2022,02:31:15,88,88.105035,0.039887,0.012816,0.008637,0.008960,2.284730,66.891900,67.541950,3.717533,0.240603,0.402641,4,10,7,6,4,10,7,6,4,10,7,6,4,10,7,6,0.069890,0.135570,0.263490,0.264760,1,1,17:05:2024,10:57:28,1292,28.545000,77.192600,15.000000,lev20,Almucantar
IIT_Delhi,29:03:2022,03:19:58,88,88.138866,-999.0,-999.0,-999.0,-999.0,-999.0,56.463709,57.096807,3.343826,0.327335,0.397753,4,10,8,4,4,10,8,4,4,10,8,4,4,10,7,5,0.062600,0.121040,0.238280,0.240920,1,1,17:05:2024,10:40:45,1292,28.545000,77.192600,15.000000,lev20,Almucantar
IIT_Delhi,29:03:2022,03:50:00,88,88.159722,-999.0,-999.0,-999.0,-999.0,-999.0,50.221921,50.836356,3.300882,0.386990,0.399177,3,10,8,4,3,10,8,4,3,10,8,4,3,10,8,4,0.059660,0.115180,0.228120,0.231380,1,1,17:05:2024,10:46:28,1292,28.545000,77.192600,15.000000,lev20,Almucantar
IIT_Delhi,29:03:2022,10:08:06,88,88.422292,-999.0,-999.0,-999.0,-999.0,-999.0,52.628426,52.008050,3.589816,0.361825,0.372408,3,10,8,4,3,10,8,4,3,10,8,4,3,10,8,4,0.060990,0.117400,0.231230,0.232970,1,1,17:05:2024,10:38:00,1292,28.545000,77.192600,15.000000,lev20,Almucantar
IIT_Delhi,29:03:2022,10:56:10,88,88.455671,-999.0,-999.0,-999.0,-999.0,-999.0,62.787995,62.144366,4.047937,0.299133,0.376356,3,10,8,5,3,10,8,5,3,10,8,5,3,10,8,5,0.067090,0.129240,0.251260,0.250920,1,1,17:05:2024,10:46:09,1292,28.545000,77.192600,15.000000,lev20,Almucantar
IIT_Delhi,29:03:2022,11:45:17,88,88.489780,-999.0,-999.0,-999.0,-999.0,-999.0,73.428859,72.775131,4.467807,0.164529,0.383378,4,10,7,6,4,10,7,6,4,10,7,6,4,10,7,6,0.077820,0.150040,0.286440,0.282510,1,1,17:05:2024,10:52:12,1292,28.545000,77.192600,15.000000,lev20,Almucantar
IIT_Delhi,30:03:2022,01:57:27,89,89.081563,0.054562,0.018132,0.013062,0.011480,2.144857,73.993418,74.648539,3.710861,0.139173,0.465296,4,10,7,6,4,10,7,6,4,10,7,6,4,10,7,6,0.080400,0.152290,0.295100,0.292880,1,1,17:05:2024,11:10:08,1292,28.545000,77.192600,15.000000,lev20,Almucantar
IIT_Delhi,30:03:2022,02:30:08,89,89.104259,0.054554,0.018603,0.013182,0.011715,2.126355,66.876823,67.527702,3.619957,0.241852,0.481088,4,10,7,6,4,10,7,6,4,10,7,6,4,10,7,6,0.072270,0.136790,0.267800,0.267270,1,1,17:05:2024,10:56:45,1292,28.545000,77.192600,15.000000,lev20,Almucantar
IIT_Delhi,30:03:2022,03:18:38,89,89.137940,0.074123,0.024888,0.018924,0.017336,2.057950,56.474418,57.109251,3.428703,0.333109,0.561711,4,10,8,4,4,10,8,4,4,10,8,4,4,10,7,5,0.064640,0.122290,0.242310,0.243440,1,1,17:05:2024,11:03:03,1292,28.545000,77.192600,15.000000,lev20,Almucantar
IIT_Delhi,30:03:2022,03:47:23,89,89.157905,0.076141,0.027907,0.022754,0.023640,1.829983,50.475004,51.092842,3.158108,0.349268,0.571590,3,10,8,4,3,10,8,4,3,10,8,4,3,10,8,4,0.061640,0.116610,0.232340,0.234210,1,1,17:05:2024,11:10:08,1292,28.545000,77.192600,15.000000,lev20,Almucantar
IIT_Delhi,30:03:2022,10:07:48,89,89.422083,-999.0,-999.0,-999.0,-999.0,-999.0,52.413109,51.791175,4.924585,0.479329,0.394862,3,10,8,4,3,10,7,4,3,10,6,4,3,10,8,4,0.062830,0.118420,0.234780,0.235160,1,1,17:05:2024,10:58:39,1292,28.545000,77.192600,15.000000,lev20,Almucantar
IIT_Delhi,30:03:2022,10:56:48,89,89.456111,0.052315,0.016463,0.012856,0.012323,2.123898,62.792398,62.147584,3.994835,0.279504,0.431066,3,10,8,5,3,10,8,5,3,10,8,5,3,10,8,5,0.069350,0.130490,0.255450,0.253440,1,1,17:05:2024,11:04:14,1292,28.545000,77.192600,15.000000,lev20,Almucantar
IIT_Delhi,30:03:2022,11:45:40,89,89.490046,0.076433,0.027847,0.022686,0.019891,1.840393,73.391731,72.737542,2.920700,0.085409,0.556564,4,10,7,6,4,10,7,6,4,10,7,6,4,10,6,6,0.080540,0.151240,0.291010,0.284960,1,1,17:05:2024,11:10:57,1292,28.545000,77.192600,15.000000,lev20,Almucantar
IIT_Delhi,30:03:2022,12:03:51,89,89.502674,0.083504,0.035943,0.030949,0.027356,1.508245,77.358977,76.704476,3.022997,0.049814,0.628213,4,9,7,5,4,10,7,6,4,10,7,6,4,10,7,6,0.086800,0.162810,0.310810,0.302480,1,1,17:05:2024,11:14:59,1292,28.545000,77.192600,15.000000,lev20,Almucantar
IIT_Delhi,31:03:2022,01:56:16,90,90.080741,0.089868,0.043862,0.034325,0.029469,1.438010,74.001402,74.656897,2.764667,0.087461,0.687364,4,10,7,6,4,10,7,6,4,10,7,6,4,10,7,6,0.080410,0.152300,0.295140,0.292910,1,1,17:05:2024,11:31:10,1292,28.545000,77.192600,15.000000,lev20,Almucantar
IIT_Delhi,31:03:2022,02:29:38,90,90.103912,0.086101,0.041695,0.030897,0.028010,1.521766,66.729923,67.381467,2.921393,0.175202,0.692197,4,10,7,6,4,10,7,6,4,10,7,6,4,10,7,6,0.072140,0.136560,0.267380,0.266840,1,1,17:05:2024,11:02:36,1292,28.545000,77.192600,15.000000,lev20,Almucantar
IIT_Delhi,31:03:2022,03:19:23,90,90.138461,0.093248,0.048536,0.037782,0.032456,1.344821,56.047053,56.682594,2.759275,0.285119,0.747014,4,10,8,4,4,10,8,4,4,10,8,4,4,10,8,4,0.064390,0.121830,0.241500,0.242700,1,1,17:05:2024,11:11:30,1292,28.545000,77.192600,15.000000,lev20,Almucantar
IIT_Delhi,31:03:2022,03:45:58,90,90.156921,0.099777,0.050572,0.040792,0.036963,1.339556,50.486508,51.106765,2.314391,0.288311,0.774179,3,10,8,4,3,10,8,4,3,10,8,4,3,10,8,4,0.061640,0.116610,0.232360,0.234230,1,1,17:05:2024,11:19:38,1292,28.545000,77.192600,15.000000,lev20,Almucantar
IIT_Delhi,31:03:2022,10:29:27,90,90.437118,0.181340,0.091064,0.070938,0.058404,1.399687,56.813519,56.178049,2.544235,0.464267,1.168666,4,10,7,5,4,10,8,4,4,10,8,4,4,10,8,4,0.065220,0.122850,0.242360,0.241840,1,1,17:05:2024,11:34:51,1292,28.545000,77.192600,15.000000,lev20,Almucantar
IIT_Delhi,31:03:2022,10:57:34,90,90.456644,0.177570,0.089642,0.071245,0.060424,1.365178,62.827485,62.181502,2.376852,0.065613,1.162233,3,10,8,5,3,10,8,5,3,10,8,5,3,10,8,5,0.069380,0.130550,0.255550,0.253520,1,1,17:05:2024,11:05:47,1292,28.545000,77.192600,15.000000,lev20,Almucantar
IIT_Delhi,31:03:2022,11:46:19,90,90.490498,0.205620,0.103800,0.082452,0.069097,1.365936,73.413870,72.759245,2.843916,0.026209,1.227812,4,10,7,6,4,10,7,6,4,10,7,6,4,10,7,6,0.080590,0.151320,0.291100,0.285050,1,1,17:05:2024,11:19:16,1292,28.545000,77.192600,15.000000,lev20,Almucantar
IIT_Delhi,31:03:2022,12:04:49,90,90.503345,0.187830,0.098370,0.080154,0.071763,1.275319,77.452060,76.797366,3.639952,0.025387,1.212577,4,9,7,6,4,10,7,6,4,10,7,6,4,10,7,6,0.086970,0.163130,0.311330,0.302940,1,1,17:05:2024,11:24:56,1292,28.545000,77.192600,15.000000,lev20,Almucantar
IIT_Delhi,01:04:2022,01:55:07,91,91.079942,-999.0,-999.0,-999.0,-999.0,-999.0,74.003777,74.659602,1.127615,0.021309,0.352920,4,10,7,6,4,10,7,6,4,10,7,6,4,10,7,6,0.080440,0.152340,0.295170,0.292930,1,1,17:05:2024,11:14:29,1292,28.545000,77.192600,15.000000,lev20,Almucantar
IIT_Delhi,01:04:2022,02:29:08,91,91.103565,-999.0,-999.0,-999.0,-999.0,-999.0,66.584883,67.237061,1.355628,0.049803,0.351740,4,10,7,6,4,10,7,6,4,10,7,6,4,10,7,6,0.072010,0.136300,0.266930,0.266420,1,1,17:05:2024,10:59:55,1292,28.545000,77.192600,15.000000,lev20,Almucantar
IIT_Delhi,01:04:2022,03:44:36,91,91.155972,-999.0,-999.0,-999.0,-999.0,-999.0,50.491645,51.114212,4.282832,0.521884,0.333990,3,10,8,4,3,10,8,4,3,10,8,4,3,10,8,4,0.061640,0.116610,0.232360,0.234240,1,1,17:05:2024,11:07:08,1292,28.545000,77.192600,15.000000,lev20,Almucantar
IIT_Delhi,02:04:2022,01:54:10,92,92.079282,-999.0,-999.0,-999.0,-999.0,-999.0,73.964173,74.620283,1.652364,0.034318,0.353505,4,10,7,6,4,10,7,6,4,10,7,6,4,10,7,6,0.080370,0.152230,0.295020,0.292750,1,1,17:05:2024,03:59:05,1292,28.545000,77.192600,15.000000,lev20,Almucantar
IIT_Delhi,02:04:2022,02:26:30,92,92.101736,-999.0,-999.0,-999.0,-999.0,-999.0,66.905965,67.559099,1.800914,0.070452,0.354952,4,10,7,6,4,10,7,6,4,10,7,6,4,10,7,6,0.072330,0.136880,0.267950,0.267360,1,1,17:05:2024,03:45:50,1292,28.545000,77.192600,15.000000,lev20,Almucantar
IIT_Delhi,02:04:2022,03:14:56,92,92.135370,-999.0,-999.0,-999.0,-999.0,-999.0,56.461714,57.101247,1.897029,0.124248,0.376957,4,10,8,4,4,10,8,4,4,10,8,4,4,10,7,5,0.064630,0.122270,0.242270,0.243420,1,1,17:05:2024,03:51:42,1292,28.545000,77.192600,15.000000,lev20,Almucantar
IIT_Delhi,02:04:2022,03:43:43,92,92.155359,-999.0,-999.0,-999.0,-999.0,-999.0,50.400292,51.024783,1.555044,0.110466,0.387321,3,10,8,4,3,10,8,4,3,10,8,4,3,10,8,4,0.061610,0.116550,0.232230,0.234120,1,1,17:05:2024,03:58:18,1292,28.545000,77.192600,15.000000,lev20,Almucantar
IIT_Delhi,02:04:2022,10:06:50,92,92.421412,0.099347,0.054038,0.045526,0.039730,1.172592,51.764016,51.137622,2.835923,0.151153,0.711037,3,10,8,4,3,10,8,4,3,10,8,4,3,10,8,4,0.062510,0.117840,0.233790,0.234270,1,1,17:05:2024,03:52:01,1292,28.545000,77.192600,15.000000,lev20,Almucantar
IIT_Delhi,02:04:2022,10:30:17,92,92.437697,0.090760,0.046306,0.038067,0.032258,1.304390,56.715960,56.077565,3.375805,0.183377,0.671672,4,10,7,5,4,10,8,4,4,10,8,4,4,10,8,4,0.065150,0.122730,0.242160,0.241670,1,1,17:05:2024,04:00:15,1292,28.545000,77.192600,15.000000,lev20,Almucantar
IIT_Delhi,02:04:2022,10:59:01,92,92.457650,0.085739,0.039975,0.032018,0.027209,1.478781,62.885559,62.237435,2.362888,0.072277,0.630235,3,10,8,5,3,10,8,5,3,10,8,5,3,10,8,5,0.069420,0.130630,0.255690,0.253640,1,1,17:05:2024,04:07:56,1292,28.545000,77.192600,15.000000,lev20,Almucantar
IIT_Delhi,02:04:2022,11:49:01,92,92.492373,0.098443,0.049197,0.040213,0.034810,1.344106,73.767233,73.111833,2.801562,0.044640,0.668242,4,10,7,6,4,10,7,6,4,10,7,6,4,10,7,6,0.081070,0.152220,0.292670,0.286440,1,1,17:05:2024,04:15:32,1292,28.545000,77.192600,15.000000,lev20,Almucantar
IIT_Delhi,02:04:2022,12:07:15,92,92.505035,0.107310,0.050625,0.041589,0.036595,1.427207,77.749824,77.094948,3.089948,0.031733,0.695483,4,8,7,6,4,9,7,6,4,9,7,6,4,10,7,6,0.087500,0.164130,0.313060,0.304450,1,1,17:05:2024,03:41:47,1292,28.545000,77.192600,15.000000,lev20,Almucantar
IIT_Delhi,03:04:2022,01:53:50,93,93.079051,0.060678,0.033327,0.026749,0.023645,1.221034,73.791467,74.447823,2.881379,0.141689,0.436648,4,10,7,6,4,10,7,6,4,10,7,6,4,10,7,6,0.080110,0.151740,0.294140,0.292000,1,1,17:05:2024,03:53:14,1292,28.545000,77.192600,15.000000,lev20,Almucantar
IIT_Delhi,03:04:2022,03:13:40,93,93.134491,-999.0,-999.0,-999.0,-999.0,-999.0,56.471008,57.112000,2.875380,0.352233,0.382427,4,10,8,4,4,10,8,4,4,10,8,4,4,10,7,5,0.064640,0.122290,0.242300,0.243440,1,1,17:05:2024,03:58:38,1292,28.545000,77.192600,15.000000,lev20,Almucantar
IIT_Delhi,03:04:2022,10:06:34,93,93.421227,0.069518,0.025758,0.022678,0.024513,1.712355,51.562812,50.934958,4.424850,0.614998,0.537627,3,10,8,4,3,10,8,4,3,10,8,4,3,10,8,4,0.062430,0.117680,0.233500,0.234000,1,1,17:05:2024,03:53:58,1292,28.545000,77.192600,15.000000,lev20,Almucantar
IIT_Delhi,03:04:2022,10:31:02,93,93.438218,0.068079,0.021218,0.016124,0.016156,2.174642,56.741545,56.101633,3.081523,0.295737,0.527288,4,10,7,5,4,10,8,4,4,10,8,4,4,10,8,4,0.065170,0.122770,0.242210,0.241710,1,1,17:05:2024,03:59:35,1292,28.545000,77.192600,15.000000,lev20,Almucantar
IIT_Delhi,03:04:2022,10:59:19,93,93.457859,0.066632,0.026674,0.022352,0.021523,1.656792,62.825378,62.176374,3.417342,0.240846,0.508370,3,10,8,5,3,10,8,5,3,10,8,5,3,10,8,5,0.069380,0.130550,0.255550,0.253510,1,1,17:05:2024,04:05:04,1292,28.545000,77.192600,15.000000,lev20,Almucantar
IIT_Delhi,03:04:2022,11:48:47,93,93.492211,0.074784,0.029975,0.024359,0.023025,1.695089,73.599543,72.943877,4.012924,0.131438,0.512587,4,10,7,6,4,10,7,6,4,10,7,6,4,10,7,6,0.080830,0.151770,0.291900,0.285770,1,1,17:05:2024,03:45:31,1292,28.545000,77.192600,15.000000,lev20,Almucantar
IIT_Delhi,03:04:2022,12:06:59,93,93.504850,0.074651,0.030935,0.025463,0.023461,1.626463,77.576046,76.921013,3.963995,0.093867,0.508603,4,8,7,6,4,9,7,6,4,9,7,6,4,10,7,6,0.087190,0.163540,0.312020,0.303560,1,1,17:05:2024,03:48:27,1292,28.545000,77.192600,15.000000,lev20,Almucantar
IIT_Delhi,04:04:2022,01:53:32,94,94.078843,0.059666,0.028167,0.021977,0.019418,1.493777,73.613282,74.269856,2.310401,0.080031,0.426908,4,10,7,6,4,10,7,6,4,10,7,6,4,10,7,6,0.079890,0.151320,0.293370,0.291240,1,1,17:05:2024,04:00:03,1292,28.545000,77.192600,15.000000,lev20,Almucantar
IIT_Delhi,04:04:2022,02:24:10,94,94.100116,0.063983,0.032013,0.025408,0.022727,1.380893,66.917702,67.572083,2.031691,0.053056,0.469434,4,10,7,6,4,10,7,6,4,10,7,6,4,10,7,6,0.072320,0.136880,0.267970,0.267400,1,1,17:05:2024,03:45:23,1292,28.545000,77.192600,15.000000,lev20,Almucantar
IIT_Delhi,04:04:2022,03:13:10,94,94.134144,0.066950,0.032692,0.024172,0.022225,1.511712,56.319690,56.961789,2.863773,0.282633,0.509942,4,10,8,4,4,10,8,4,4,10,8,4,4,10,8,4,0.064540,0.122120,0.242010,0.243180,1,1,17:05:2024,03:51:50,1292,28.545000,77.192600,15.000000,lev20,Almucantar
IIT_Delhi,04:04:2022,10:33:16,94,94.439769,0.063190,0.025116,0.019271,0.018289,1.783503,57.087040,56.445115,3.361813,0.339679,0.526801,4,10,7,5,4,10,7,5,4,10,8,4,4,10,8,4,0.065380,0.123150,0.242870,0.242290,1,1,17:05:2024,03:43:00,1292,28.545000,77.192600,15.000000,lev20,Almucantar
IIT_Delhi,04:04:2022,10:59:55,94,94.458275,0.068399,0.028220,0.021767,0.018654,1.718517,62.831744,62.181835,2.953920,0.250142,0.545153,3,10,8,5,3,10,8,5,3,10,8,5,3,10,8,5,0.069380,0.130560,0.255570,0.253520,1,1,17:05:2024,03:49:56,1292,28.545000,77.192600,15.000000,lev20,Almucantar
IIT_Delhi,04:04:2022,11:48:22,94,94.491921,0.078417,0.040388,0.032703,0.027026,1.309559,73.392542,72.736640,2.477538,0.036274,0.634791,4,10,7,6,4,10,7,6,4,10,7,6,4,10,7,6,0.080530,0.151210,0.290980,0.284960,1,1,17:05:2024,03:58:01,1292,28.545000,77.192600,15.000000,lev20,Almucantar
IIT_Delhi,04:04:2022,12:06:29,94,94.504502,0.078681,0.043136,0.036021,0.030670,1.171925,77.351921,76.696738,2.366912,0.021681,0.661874,4,8,7,6,4,9,7,6,4,9,7,6,4,10,7,6,0.086780,0.162770,0.310700,0.302440,1,1,17:05:2024,04:01:31,1292,28.545000,77.192600,15.000000,lev20,Almucantar
IIT_Delhi,05:04:2022,01:50:38,95,95.076829,0.052792,0.024294,0.018986,0.016826,1.531362,74.006222,74.662940,1.920995,0.015959,0.478451,4,10,7,6,4,10,7,6,4,10,7,6,4,10,7,6,0.080440,0.152340,0.295200,0.292940,1,1,17:05:2024,03:41:25,1292,28.545000,77.192600,15.000000,lev20,Almucantar
IIT_Delhi,05:04:2022,03:39:30,95,95.152431,0.049965,0.020357,0.018315,0.014251,1.536190,50.475801,51.106649,1.249269,0.052788,0.415994,3,10,8,4,3,10,8,4,3,10,8,4,3,10,8,4,0.061640,0.116600,0.232350,0.234230,1,1,17:05:2024,03:48:49,1292,28.545000,77.192600,15.000000,lev20,Almucantar
IIT_Delhi,06:04:2022,01:49:25,96,96.075984,0.057718,0.029033,0.023136,0.019495,1.367290,74.032865,74.689698,1.940076,0.033311,0.502790,4,10,7,6,4,10,7,6,4,10,7,6,4,10,7,6,0.080460,0.152400,0.295270,0.293060,1,1,17:05:2024,04:06:53,1292,28.545000,77.192600,15.000000,lev20,Almucantar
IIT_Delhi,06:04:2022,02:22:33,96,96.098993,0.055725,0.020183,0.014494,0.014761,2.015002,66.782960,67.438321,1.866435,0.058623,0.451163,4,10,7,6,4,10,7,6,4,10,7,6,4,10,7,6,0.072200,0.136640,0.267540,0.267000,1,1,17:05:2024,03:43:47,1292,28.545000,77.192600,15.000000,lev20,Almucantar
IIT_Delhi,06:04:2022,03:10:08,96,96.132037,0.050706,0.022957,0.019043,0.017271,1.478543,56.462126,57.107039,1.501509,0.076562,0.451498,4,10,8,4,4,10,8,4,4,10,8,4,4,10,7,4,0.064630,0.122270,0.242280,0.243430,1,1,17:05:2024,03:50:26,1292,28.545000,77.192600,15.000000,lev20,Almucantar
IIT_Delhi,06:04:2022,03:38:17,96,96.151586,0.052600,0.023137,0.017169,0.015896,1.669581,50.469754,51.102464,1.524213,0.118713,0.454355,3,10,8,4,3,10,8,4,3,10,8,4,3,10,8,4,0.061640,0.116600,0.232340,0.234220,1,1,17:05:2024,03:56:42,1292,28.545000,77.192600,15.000000,lev20,Almucantar
IIT_Delhi,06:04:2022,11:49:29,96,96.492697,0.068768,0.040066,0.033296,0.028003,1.083581,73.407280,72.750992,2.845740,0.038852,0.598727,4,10,7,6,4,10,7,6,4,10,7,6,4,10,7,6,0.080540,0.151250,0.291010,0.285010,1,1,17:05:2024,03:43:38,1292,28.545000,77.192600,15.000000,lev20,Almucantar
IIT_Delhi,06:04:2022,12:07:34,96,96.505255,0.068828,0.038705,0.032108,0.026498,1.141054,77.360288,76.705116,2.757724,0.027596,0.568822,4,7,7,6,4,7,7,6,4,9,7,6,4,10,6,6,0.086780,0.162790,0.310750,0.302480,1,1,17:05:2024,03:47:08,1292,28.545000,77.192600,15.000000,lev20,Almucantar
IIT_Delhi,07:04:2022,01:48:20,97,97.075231,0.067927,0.031383,0.025047,0.022141,1.497631,74.032505,74.689415,1.791412,0.026674,0.514097,4,10,7,6,4,10,7,6,4,10,7,6,4,10,7,6,0.082330,0.151870,0.294940,0.292280,1,1,17:05:2024,03:44:23,1292,28.545000,77.192600,15.000000,lev20,Almucantar
IIT_Delhi,07:04:2022,02:22:22,97,97.098866,0.071317,0.033569,0.026255,0.022059,1.495164,66.582808,67.238537,1.721527,0.044104,0.554708,4,10,7,6,4,10,7,6,4,10,7,6,4,10,7,6,0.073960,0.137030,0.267890,0.266950,1,1,17:05:2024,03:52:02,1292,28.545000,77.192600,15.000000,lev20,Almucantar
IIT_Delhi,07:04:2022,03:09:01,97,97.131262,0.068702,0.033527,0.026516,0.022872,1.424352,56.452948,57.099033,1.877859,0.072807,0.562843,4,10,8,4,4,10,8,4,4,10,8,4,4,10,7,5,0.066640,0.124100,0.244350,0.245080,1,1,17:05:2024,04:00:36,1292,28.545000,77.192600,15.000000,lev20,Almucantar
IIT_Delhi,07:04:2022,03:37:19,97,97.150914,0.066866,0.033900,0.029534,0.024650,1.238102,50.415053,51.049428,1.780948,0.091659,0.548105,3,10,8,4,3,10,8,4,3,10,8,4,3,10,8,4,0.063660,0.118850,0.234800,0.236280,1,1,17:05:2024,04:07:37,1292,28.545000,77.192600,15.000000,lev20,Almucantar
IIT_Delhi,07:04:2022,10:33:36,97,97.440000,0.051728,0.017992,0.016846,0.016775,1.730064,56.773633,56.128458,4.348202,0.425739,0.484709,4,10,7,5,4,10,8,4,4,10,8,4,4,10,8,3,0.067220,0.124610,0.244370,0.243500,1,1,17:05:2024,03:53:48,1292,28.545000,77.192600,15.000000,lev20,Almucantar
IIT_Delhi,07:04:2022,11:02:28,97,97.460046,0.066647,0.025228,0.020596,0.016153,1.778104,63.023606,62.371160,2.549205,0.054650,0.540803,3,10,8,5,3,10,8,5,3,10,8,5,3,10,8,5,0.071500,0.132000,0.257480,0.255090,1,1,17:05:2024,04:00:37,1292,28.545000,77.192600,15.000000,lev20,Almucantar
IIT_Delhi,07:04:2022,11:49:58,97,97.493032,0.072580,0.029705,0.023184,0.018901,1.715587,73.399410,72.742990,2.728641,0.043231,0.528593,4,10,7,6,4,10,7,6,4,10,7,6,4,10,7,6,0.082440,0.150830,0.290920,0.284600,1,1,17:05:2024,04:08:07,1292,28.545000,77.192600,15.000000,lev20,Almucantar
IIT_Delhi,07:04:2022,12:08:06,97,97.505625,0.068866,0.032895,0.028063,0.024175,1.358353,77.363458,76.708349,3.595252,0.034843,0.529807,4,8,7,6,4,7,7,6,4,7,7,6,4,10,7,6,0.088610,0.161490,0.309780,0.301260,1,1,17:05:2024,04:10:47,1292,28.545000,77.192600,15.000000,lev20,Almucantar
IIT_Delhi,08:04:2022,01:47:22,98,98.074560,0.068314,0.035009,0.028741,0.025211,1.299263,74.008862,74.665817,1.882885,0.029711,0.521921,4,10,7,6,4,10,7,6,4,10,7,6,4,10,7,6,0.082300,0.151830,0.294840,0.292180,1,1,17:05:2024,03:46:02,1292,28.545000,77.192600,15.000000,lev20,Almucantar
IIT_Delhi,08:04:2022,02:19:43,98,98.097025,0.063907,0.031049,0.024718,0.021023,1.422641,66.924570,67.580862,1.953824,0.047147,0.512290,4,10,7,6,4,10,7,6,4,10,7,6,4,10,7,6,0.074280,0.137590,0.268910,0.267900,1,1,17:05:2024,03:54:09,1292,28.545000,77.192600,15.000000,lev20,Almucantar
IIT_Delhi,08:04:2022,03:07:49,98,98.130428,0.054074,0.024227,0.020851,0.017527,1.446490,56.465279,57.112505,1.888465,0.076462,0.473103,4,10,8,4,4,10,8,4,4,10,8,4,4,10,7,5,0.066650,0.124120,0.244370,0.245110,1,1,17:05:2024,04:01:39,1292,28.545000,77.192600,15.000000,lev20,Almucantar
IIT_Delhi,08:04:2022,03:36:53,98,98.150613,0.061432,0.027747,0.025072,0.021406,1.370049,50.251380,50.887099,1.860189,0.113461,0.501383,3,10,8,4,3,10,8,4,3,10,8,4,3,10,8,4,0.063590,0.118730,0.234580,0.236080,1,1,17:05:2024,04:08:10,1292,28.545000,77.192600,15.000000,lev20,Almucantar
IIT_Delhi,08:04:2022,10:34:06,98,98.440347,0.057735,0.016156,0.011820,0.010533,2.392141,56.756301,56.110009,3.214848,0.270329,0.493275,4,10,7,5,4,10,8,4,4,10,8,3,4,10,8,4,0.067210,0.124590,0.244330,0.243470,1,1,17:05:2024,03:53:27,1292,28.545000,77.192600,15.000000,lev20,Almucantar
IIT_Delhi,08:04:2022,11:02:13,98,98.459873,0.065950,0.031743,0.026574,0.023342,1.371247,62.851237,62.198249,3.180455,0.196723,0.514250,3,10,8,5,3,10,8,5,3,10,8,5,3,10,8,5,0.071380,0.131780,0.257100,0.254720,1,1,17:05:2024,03:55:51,1292,28.545000,77.192600,15.000000,lev20,Almucantar
IIT_Delhi,08:04:2022,11:52:16,98,98.494630,0.052622,0.029199,0.026599,0.022635,1.039079,73.789751,73.133305,3.117958,0.090957,0.467185,4,10,7,6,4,10,7,6,4,10,7,6,4,10,7,6,0.082960,0.151760,0.292550,0.286070,1,1,17:05:2024,04:02:05,1292,28.545000,77.192600,15.000000,lev20,Almucantar
IIT_Delhi,08:04:2022,12:10:22,98,98.507199,0.053360,0.031495,0.029917,0.027131,0.888039,77.745347,77.090599,3.264672,0.058356,0.501828,4,7,7,6,4,7,7,6,4,8,7,6,4,9,7,6,0.089300,0.162690,0.311920,0.303090,1,1,17:05:2024,04:04:35,1292,28.545000,77.192600,15.000000,lev20,Almucantar
IIT_Delhi,09:04:2022,01:47:05,99,99.074363,0.056826,0.025665,0.020786,0.018357,1.513728,73.837901,74.494909,2.043767,0.028939,0.518919,4,10,7,6,4,10,7,6,4,10,7,6,4,10,7,6,0.082060,0.151400,0.294100,0.291470,1,1,17:05:2024,03:47:33,1292,28.545000,77.192600,15.000000,lev20,Almucantar
IIT_Delhi,09:04:2022,02:18:37,99,99.096262,0.058498,0.026241,0.020906,0.018382,1.545878,66.930387,67.587043,1.977679,0.041236,0.540815,4,10,7,6,4,10,7,6,4,10,7,6,4,10,7,6,0.074260,0.137570,0.268910,0.267920,1,1,17:05:2024,03:55:53,1292,28.545000,77.192600,15.000000,lev20,Almucantar
IIT_Delhi,09:04:2022,03:06:53,99,99.129780,0.068696,0.026793,0.023672,0.020324,1.627930,56.423701,57.071934,2.117323,0.084566,0.577062,4,10,8,4,4,10,8,4,4,10,8,4,4,10,7,5,0.066620,0.124070,0.244280,0.245040,1,1,17:05:2024,04:03:11,1292,28.545000,77.192600,15.000000,lev20,Almucantar
IIT_Delhi,09:04:2022,03:36:41,99,99.150475,0.067799,0.031924,0.027166,0.022817,1.383994,50.041723,50.678635,1.721289,0.085443,0.572478,3,10,8,4,3,10,8,4,3,10,8,4,3,10,8,4,0.063500,0.118570,0.234280,0.235820,1,1,17:05:2024,04:09:36,1292,28.545000,77.192600,15.000000,lev20,Almucantar
IIT_Delhi,09:04:2022,10:34:45,99,99.440799,0.083006,0.033349,0.027441,0.023280,1.675064,56.773202,56.125803,3.714534,0.383456,0.679731,4,10,7,5,4,10,8,4,4,10,8,4,4,10,8,4,0.067220,0.124610,0.244370,0.243500,1,1,17:05:2024,03:57:31,1292,28.545000,77.192600,15.000000,lev20,Almucantar
IIT_Delhi,09:04:2022,11:02:52,99,99.460324,0.073361,0.029337,0.024048,0.020803,1.687309,62.876081,62.222440,2.143757,0.124670,0.649582,3,10,8,5,3,10,8,5,3,10,8,5,3,10,8,5,0.071390,0.131800,0.257140,0.254770,1,1,17:05:2024,04:04:44,1292,28.545000,77.192600,15.000000,lev20,Almucantar
IIT_Delhi,09:04:2022,11:51:53,99,99.494363,0.076868,0.032491,0.026612,0.023347,1.602108,73.593639,72.937116,2.669451,0.070147,0.615913,4,10,7,6,4,10,7,6,4,10,7,6,4,10,7,6,0.082700,0.151310,0.291740,0.285330,1,1,17:05:2024,04:11:38,1292,28.545000,77.192600,15.000000,lev20,Almucantar
IIT_Delhi,09:04:2022,12:10:12,99,99.507083,0.073950,0.034454,0.029483,0.026281,1.393133,77.596641,76.941935,3.388713,0.049483,0.635675,4,8,7,6,4,8,7,6,4,9,7,6,4,10,7,6,0.089040,0.162220,0.311060,0.302370,1,1,17:05:2024,03:42:14,1292,28.545000,77.192600,15.000000,lev20,Almucantar
IIT_Delhi,10:04:2022,01:46:47,100,100.074155,0.095141,0.047677,0.037620,0.033513,1.386111,73.673021,74.330054,2.155846,0.025691,0.747417,4,10,7,6,4,10,7,6,4,10,7,6,4,10,7,6,0.081860,0.151050,0.293440,0.290790,1,1,17:05:2024,03:57:24,1292,28.545000,77.192600,15.000000,lev20,Almucantar
IIT_Delhi,10:04:2022,02:17:32,100,100.095509,0.093873,0.049950,0.038529,0.034827,1.322508,66.935439,67.592415,1.983865,0.036369,0.754692,4,10,7,6,4,10,7,6,4,10,7,6,4,10,7,6,0.074300,0.137620,0.268950,0.267930,1,1,17:05:2024,04:06:49,1292,28.545000,77.192600,15.000000,lev20,Almucantar
IIT_Delhi,10:04:2022,03:06:21,100,100.129410,0.095141,0.045981,0.035251,0.028459,1.480289,56.299189,56.948271,1.701849,0.060670,0.777184,4,10,8,4,4,10,8,4,4,10,8,4,4,10,8,4,0.066560,0.123960,0.244080,0.244830,1,1,17:05:2024,03:50:07,1292,28.545000,77.192600,15.000000,lev20,Almucantar
IIT_Delhi,10:04:2022,03:33:36,100,100.148333,0.095499,0.050331,0.041616,0.035583,1.246288,50.448713,51.088109,1.804545,0.079996,0.790082,3,10,8,4,3,10,8,4,3,10,8,4,3,10,8,4,0.063670,0.118870,0.234830,0.236330,1,1,17:05:2024,03:59:43,1292,28.545000,77.192600,15.000000,lev20,Almucantar
IIT_Delhi,10:04:2022,10:36:40,100,100.442130,0.079711,0.031426,0.024563,0.019194,1.771883,57.066016,56.417228,2.134613,0.075566,0.694392,4,10,7,5,4,10,7,5,4,10,8,4,4,10,8,4,0.067390,0.124910,0.244890,0.243960,1,1,17:05:2024,04:12:12,1292,28.545000,77.192600,15.000000,lev20,Almucantar
IIT_Delhi,10:04:2022,11:03:27,100,100.460729,0.084100,0.041090,0.033970,0.029233,1.364384,62.887743,62.233509,3.085023,0.115103,0.716724,3,10,8,5,3,10,8,5,3,10,8,5,3,10,8,5,0.071410,0.131830,0.257190,0.254800,1,1,17:05:2024,04:17:52,1292,28.545000,77.192600,15.000000,lev20,Almucantar
IIT_Delhi,10:04:2022,11:51:40,100,100.494213,0.091231,0.049737,0.041851,0.036019,1.170647,73.434588,72.778021,2.417557,0.029454,0.764957,4,10,7,6,4,10,7,6,4,10,7,6,4,10,7,6,0.082490,0.150940,0.291070,0.284730,1,1,17:05:2024,03:48:37,1292,28.545000,77.192600,15.000000,lev20,Almucantar
IIT_Delhi,10:04:2022,12:09:55,100,100.506887,0.092094,0.049662,0.042598,0.037703,1.162467,77.422922,76.768265,3.237102,0.028967,0.810271,4,8,7,6,4,8,7,6,4,9,7,6,4,10,7,6,0.088730,0.161690,0.310140,0.301540,1,1,17:05:2024,03:52:28,1292,28.545000,77.192600,15.000000,lev20,Almucantar
IIT_Delhi,11:04:2022,01:44:03,101,101.072257,0.058788,0.025822,0.019540,0.017219,1.646143,74.043620,74.700449,2.934021,0.042110,0.535414,4,10,7,6,4,10,7,6,4,10,7,6,4,10,7,6,0.082350,0.151910,0.295030,0.292320,1,1,17:05:2024,03:48:58,1292,28.545000,77.192600,15.000000,lev20,Almucantar
IIT_Delhi,11:04:2022,02:16:33,101,101.094826,0.061378,0.025819,0.019898,0.015617,1.689464,66.921542,67.578788,2.795342,0.085786,0.551961,4,10,7,6,4,10,7,6,4,10,7,6,4,10,7,6,0.074280,0.137610,0.268930,0.267900,1,1,17:05:2024,03:57:58,1292,28.545000,77.192600,15.000000,lev20,Almucantar
IIT_Delhi,11:04:2022,03:06:13,101,101.129317,0.071461,0.034845,0.029682,0.028924,1.328258,56.091490,56.741278,3.318039,0.170108,0.624020,4,10,8,4,4,10,8,4,4,10,8,4,4,10,8,4,0.066430,0.123730,0.243690,0.244490,1,1,17:05:2024,04:04:54,1292,28.545000,77.192600,15.000000,lev20,Almucantar
IIT_Delhi,11:04:2022,03:32:28,101,101.147546,0.076946,0.035220,0.028946,0.025245,1.473672,50.446202,51.087088,2.099808,0.123532,0.640359,3,10,8,4,3,10,8,4,3,10,8,4,3,10,8,4,0.063670,0.118870,0.234830,0.236330,1,1,17:05:2024,04:11:29,1292,28.545000,77.192600,15.000000,lev20,Almucantar
IIT_Delhi,13:04:2022,01:41:57,103,103.070799,0.100280,0.041746,0.029713,0.023260,1.809992,74.055275,74.711838,3.106260,0.091773,0.796960,4,10,7,6,4,10,7,6,4,10,7,6,4,10,7,6,0.082350,0.151930,0.295060,0.292370,1,1,17:05:2024,04:04:14,1292,28.545000,77.192600,15.000000,lev20,Almucantar
IIT_Delhi,13:04:2022,02:15:44,103,103.094259,0.094831,0.039523,0.029022,0.024932,1.767295,66.650773,67.308406,3.425210,0.181289,0.787846,4,10,7,6,4,10,7,6,4,10,7,6,4,10,7,6,0.074030,0.137160,0.268120,0.267140,1,1,17:05:2024,04:12:17,1292,28.545000,77.192600,15.000000,lev20,Almucantar
IIT_Delhi,13:04:2022,03:02:24,103,103.126667,0.105670,0.041936,0.031948,0.029360,1.795246,56.456653,57.108592,2.839201,0.251603,0.815051,4,10,8,4,4,10,8,4,4,10,8,4,4,10,7,5,0.066650,0.124120,0.244370,0.245100,1,1,17:05:2024,03:48:46,1292,28.545000,77.192600,15.000000,lev20,Almucantar
IIT_Delhi,13:04:2022,11:53:15,103,103.495312,0.090184,0.032119,0.021082,0.018630,2.159115,73.449391,72.793018,4.073053,0.082790,0.825162,4,10,7,6,4,10,7,6,4,10,7,6,4,10,7,6,0.082520,0.150980,0.291130,0.284790,1,1,17:05:2024,04:13:09,1292,28.545000,77.192600,15.000000,lev20,Almucantar
IIT_Delhi,14:04:2022,10:37:48,104,104.442917,0.086649,0.032016,0.024676,0.022929,1.891207,56.841082,56.189092,3.809463,0.248835,0.853428,4,10,7,5,4,10,8,4,4,10,8,4,4,10,8,4,0.067250,0.124670,0.244480,0.243600,1,1,17:05:2024,04:11:17,1292,28.545000,77.192600,15.000000,lev20,Almucantar
IIT_Delhi,14:04:2022,11:05:35,104,104.462211,0.097148,0.042604,0.033626,0.029270,1.593360,62.902806,62.246708,3.245846,0.182619,0.836231,3,10,8,5,3,10,8,5,3,10,8,5,3,10,8,5,0.071430,0.131860,0.257240,0.254820,1,1,17:05:2024,04:17:49,1292,28.545000,77.192600,15.000000,lev20,Almucantar
IIT_Delhi,14:04:2022,12:13:59,104,104.509711,0.094851,0.045036,0.035816,0.029983,1.459768,77.864693,77.211507,4.916300,0.089146,0.782382,4,9,7,6,4,8,7,6,4,8,7,6,4,9,7,6,0.089530,0.163080,0.312580,0.303680,1,1,17:05:2024,03:47:32,1292,28.545000,77.192600,15.000000,lev20,Almucantar
IIT_Delhi,15:04:2022,02:12:26,105,105.091968,0.082825,0.026201,0.015503,0.014879,2.479658,66.937003,67.594932,4.690813,0.252146,0.679570,4,10,7,6,4,10,7,6,4,10,7,6,4,10,7,6,0.078240,0.144280,0.275200,0.276100,1,1,17:05:2024,04:15:28,1292,28.545000,77.192600,15.000000,lev20,Almucantar
IIT_Delhi,15:04:2022,10:40:24,105,105.444722,0.110000,0.043098,0.031855,0.030564,1.854883,57.292786,56.639673,2.928406,0.227618,0.902695,4,10,7,5,4,10,7,5,4,10,7,5,4,10,8,4,0.071000,0.130370,0.250100,0.250470,1,1,17:05:2024,04:05:38,1292,28.545000,77.192600,15.000000,lev20,Almucantar
IIT_Delhi,15:04:2022,11:06:09,105,105.462604,0.104810,0.035524,0.026358,0.023054,2.075429,62.916591,62.260139,2.688006,0.165813,0.816826,3,10,8,5,3,10,8,5,3,10,8,5,3,10,8,5,0.075180,0.137870,0.262790,0.261910,1,1,17:05:2024,04:15:15,1292,28.545000,77.192600,15.000000,lev20,Almucantar
IIT_Delhi,15:04:2022,11:55:26,105,105.496829,0.121400,0.041226,0.029529,0.021922,2.118688,73.708084,73.052144,3.467911,0.091169,0.810993,4,10,7,6,4,10,7,6,4,10,7,6,4,10,7,6,0.087400,0.159830,0.299930,0.295390,1,1,17:05:2024,04:23:43,1292,28.545000,77.192600,15.000000,lev20,Almucantar
IIT_Delhi,15:04:2022,12:13:55,105,105.509664,0.129710,0.050025,0.035202,0.028080,1.943884,77.739750,77.086795,3.560351,0.042593,0.885483,4,8,7,6,4,8,7,6,4,8,7,6,4,9,7,6,0.094260,0.172130,0.320710,0.314120,1,1,17:05:2024,04:28:39,1292,28.545000,77.192600,15.000000,lev20,Almucantar
IIT_Delhi,16:04:2022,01:40:18,106,106.069653,0.109530,0.053498,0.040110,0.033878,1.493053,73.765400,74.421488,3.328593,0.105470,0.732222,4,10,7,6,4,10,7,6,4,10,7,6,4,10,7,6,0.086420,0.159400,0.301530,0.301240,1,1,17:05:2024,04:00:46,1292,28.545000,77.192600,15.000000,lev20,Almucantar
IIT_Delhi,16:04:2022,02:59:57,106,106.124965,0.100360,0.047785,0.036806,0.032663,1.497369,56.323702,56.977690,3.129801,0.293242,0.734532,4,10,8,4,4,10,8,4,4,10,8,4,4,10,8,4,0.069970,0.129060,0.248830,0.251070,1,1,17:05:2024,04:08:06,1292,28.545000,77.192600,15.000000,lev20,Almucantar
IIT_Delhi,16:04:2022,11:55:07,106,106.496609,0.119360,0.055352,0.042336,0.033006,1.547640,73.530097,72.874276,4.600415,0.583191,0.804217,4,10,7,6,4,10,7,6,4,10,7,6,4,10,7,6,0.087130,0.159330,0.299050,0.294670,1,1,17:05:2024,04:12:15,1292,28.545000,77.192600,15.000000,lev20,Almucantar
IIT_Delhi,16:04:2022,12:13:26,106,106.509329,0.118490,0.052438,0.038680,0.032394,1.667953,77.524471,76.871676,3.300275,0.023185,0.776216,4,8,7,6,4,8,7,6,4,8,7,6,4,10,7,6,0.093850,0.171380,0.319440,0.313000,1,1,17:05:2024,04:16:37,1292,28.545000,77.192600,15.000000,lev20,Almucantar
IIT_Delhi,17:04:2022,01:37:56,107,107.068009,0.094402,0.045114,0.034725,0.029663,1.492532,74.071967,74.727583,3.665081,0.091284,0.732003,4,10,7,6,4,10,7,6,4,10,7,6,4,10,7,6,0.086890,0.160250,0.302990,0.302620,1,1,17:05:2024,04:06:50,1292,28.545000,77.192600,15.000000,lev20,Almucantar
IIT_Delhi,17:04:2022,02:10:21,107,107.090521,0.108530,0.052150,0.038434,0.032828,1.541009,66.969723,67.627752,2.868611,0.142278,0.776077,4,10,7,6,4,10,7,6,4,10,7,6,4,10,7,6,0.078270,0.144320,0.275280,0.276200,1,1,17:05:2024,04:15:53,1292,28.545000,77.192600,15.000000,lev20,Almucantar
IIT_Delhi,17:04:2022,02:58:20,107,107.123843,0.110240,0.050811,0.038039,0.034124,1.585261,56.461779,57.116492,2.629715,0.225797,0.779980,4,10,8,4,4,10,8,4,4,10,8,4,4,10,7,5,0.070060,0.129220,0.249110,0.251320,1,1,17:05:2024,04:23:14,1292,28.545000,77.192600,15.000000,lev20,Almucantar
IIT_Delhi,17:04:2022,03:25:57,107,107.143021,0.116740,0.055052,0.045375,0.042217,1.423502,50.464070,51.112468,4.474513,0.587816,0.780224,3,10,8,4,3,10,8,4,3,10,8,4,3,10,8,4,0.066860,0.123360,0.238990,0.241790,1,1,17:05:2024,03:58:03,1292,28.545000,77.192600,15.000000,lev20,Almucantar
IIT_Delhi,17:04:2022,10:39:52,107,107.444352,0.119050,0.046547,0.035232,0.022480,1.826935,56.952242,56.298135,3.180668,0.129190,0.736268,4,10,7,5,4,10,7,5,4,6,8,4,4,8,8,4,0.070780,0.129980,0.249440,0.249870,1,1,17:05:2024,04:26:33,1292,28.545000,77.192600,15.000000,lev20,Almucantar
IIT_Delhi,18:04:2022,01:36:58,108,108.067338,0.105530,0.049132,0.037378,0.031377,1.548519,74.075348,74.730647,2.257019,0.053952,0.795025,4,10,7,6,4,10,7,6,4,10,7,6,4,10,7,6,0.086880,0.160250,0.303000,0.302630,1,1,16:05:2024,23:50:58,1292,28.545000,77.192600,15.000000,lev20,Almucantar
IIT_Delhi,18:04:2022,02:09:28,108,108.089907,0.096353,0.044354,0.033936,0.028506,1.558676,66.956453,67.614476,2.236719,0.098633,0.765752,4,10,7,6,4,10,7,6,4,10,7,6,4,10,7,6,0.078240,0.144300,0.275250,0.276160,1,1,16:05:2024,23:36:48,1292,28.545000,77.192600,15.000000,lev20,Almucantar
IIT_Delhi,18:04:2022,02:57:22,108,108.123171,0.102220,0.046363,0.035493,0.031666,1.580993,56.462302,57.117578,2.465737,0.211073,0.781048,4,10,8,4,4,10,8,4,4,10,8,4,4,10,7,5,0.070060,0.129220,0.249100,0.251330,1,1,16:05:2024,23:44:49,1292,28.545000,77.192600,15.000000,lev20,Almucantar
IIT_Delhi,18:04:2022,03:24:57,108,108.142326,0.100370,0.046374,0.037349,0.033136,1.485656,50.464465,51.113875,2.205348,0.213154,0.779405,3,10,8,4,3,10,8,4,3,10,8,4,3,10,8,4,0.066870,0.123380,0.239010,0.241790,1,1,16:05:2024,23:51:43,1292,28.545000,77.192600,15.000000,lev20,Almucantar
IIT_Delhi,18:04:2022,10:40:03,108,108.444479,0.156100,0.082888,0.066314,0.055710,1.277853,56.881740,56.227112,2.091402,0.064280,1.234229,4,10,7,5,4,10,8,4,4,10,8,4,4,10,8,4,0.070730,0.129890,0.249310,0.249740,1,1,16:05:2024,23:48:57,1292,28.545000,77.192600,15.000000,lev20,Almucantar
IIT_Delhi,18:04:2022,11:09:35,108,108.464988,0.140800,0.067265,0.053461,0.045111,1.451017,63.343455,62.686140,1.948812,0.053715,1.118345,3,10,8,5,3,10,8,5,3,10,8,5,3,10,8,5,0.075550,0.138530,0.263890,0.262900,1,1,16:05:2024,23:57:48,1292,28.545000,77.192600,15.000000,lev20,Almucantar
IIT_Delhi,18:04:2022,11:55:45,108,108.497049,0.133980,0.066262,0.053211,0.045740,1.383565,73.452049,72.796692,2.895068,0.033694,1.064481,4,10,7,6,4,10,7,6,4,10,7,6,4,10,7,6,0.087020,0.159150,0.298750,0.294350,1,1,17:05:2024,00:07:36,1292,28.545000,77.192600,15.000000,lev20,Almucantar
IIT_Delhi,18:04:2022,12:14:00,108,108.509722,0.133290,0.066603,0.055190,0.048090,1.326377,77.428064,76.776007,2.556029,0.017569,1.062131,4,7,7,6,4,8,7,6,4,8,7,6,4,10,7,6,0.093700,0.171110,0.318940,0.312510,1,1,17:05:2024,00:11:49,1292,28.545000,77.192600,15.000000,lev20,Almucantar
IIT_Delhi,19:04:2022,01:36:04,109,109.066713,0.104890,0.044101,0.033686,0.025479,1.701910,74.067273,74.722233,2.829711,0.074356,0.863402,4,10,7,6,4,10,7,6,4,10,7,6,4,10,7,6,0.086860,0.160190,0.302930,0.302590,1,1,16:05:2024,23:34:51,1292,28.545000,77.192600,15.000000,lev20,Almucantar
IIT_Delhi,19:04:2022,02:09:21,109,109.089826,0.089604,0.034669,0.025425,0.020904,1.884688,66.778495,67.436506,2.949875,0.153647,0.812135,4,10,7,6,4,10,7,6,4,10,7,6,4,10,7,6,0.078080,0.143990,0.274710,0.275620,1,1,16:05:2024,23:44:07,1292,28.545000,77.192600,15.000000,lev20,Almucantar
IIT_Delhi,19:04:2022,02:56:22,109,109.122477,0.078535,0.035259,0.028029,0.028145,1.547439,56.474260,57.130055,2.885143,0.261600,0.769342,4,10,8,4,4,10,8,4,4,10,8,4,4,10,7,5,0.070060,0.129230,0.249120,0.251350,1,1,16:05:2024,23:51:05,1292,28.545000,77.192600,15.000000,lev20,Almucantar
IIT_Delhi,19:04:2022,10:40:34,109,109.444838,0.110780,0.045901,0.034239,0.027241,1.755793,56.885175,56.230024,3.348314,0.208408,0.948690,4,10,7,5,4,10,8,4,4,10,8,4,4,10,8,4,0.070730,0.129890,0.249310,0.249750,1,1,16:05:2024,23:31:35,1292,28.545000,77.192600,15.000000,lev20,Almucantar
IIT_Delhi,19:04:2022,11:09:28,109,109.464907,0.118010,0.053504,0.043522,0.037945,1.502014,63.211196,62.553740,2.790801,0.156190,0.964048,3,10,8,5,3,10,8,5,3,10,8,5,3,10,8,5,0.075430,0.138320,0.263540,0.262590,1,1,16:05:2024,23:40:57,1292,28.545000,77.192600,15.000000,lev20,Almucantar
IIT_Delhi,19:04:2022,11:56:14,109,109.497384,0.115350,0.051623,0.040058,0.034491,1.584073,73.449864,72.794804,2.660219,0.051616,0.984430,4,10,7,6,4,10,7,6,4,10,7,6,4,10,7,6,0.087010,0.159130,0.298740,0.294340,1,1,16:05:2024,23:50:44,1292,28.545000,77.192600,15.000000,lev20,Almucantar
IIT_Delhi,19:04:2022,12:14:32,109,109.510093,0.109690,0.046941,0.035997,0.031254,1.669245,77.434362,76.782771,3.138980,0.036033,0.961088,4,7,7,6,4,8,7,6,4,8,7,6,4,10,7,6,0.093720,0.171160,0.319060,0.312540,1,1,16:05:2024,23:55:01,1292,28.545000,77.192600,15.000000,lev20,Almucantar
IIT_Delhi,20:04:2022,02:09:11,110,110.089711,0.058873,0.020182,0.015065,0.012588,2.049869,66.615068,67.273043,3.684833,0.226024,0.647655,4,10,7,6,4,10,7,5,4,10,7,4,4,10,7,5,0.077900,0.143660,0.274140,0.275130,1,1,16:05:2024,23:44:02,1292,28.545000,77.192600,15.000000,lev20,Almucantar
IIT_Delhi,20:04:2022,10:41:06,110,110.445208,0.075982,0.025247,0.018945,0.016149,2.091542,56.893433,56.237803,3.728835,0.286927,0.778533,4,10,7,5,4,10,8,4,4,10,8,4,4,10,8,4,0.070750,0.129920,0.249330,0.249760,1,1,16:05:2024,23:35:58,1292,28.545000,77.192600,15.000000,lev20,Almucantar
IIT_Delhi,20:04:2022,11:09:09,110,110.464687,0.084476,0.027100,0.020417,0.015716,2.140996,63.035807,62.378241,3.190816,0.182422,0.773859,3,10,8,5,3,10,8,5,3,10,8,5,3,10,8,5,0.075280,0.138050,0.263090,0.262180,1,1,16:05:2024,23:43:23,1292,28.545000,77.192600,15.000000,lev20,Almucantar
IIT_Delhi,20:04:2022,11:56:51,110,110.497812,0.089527,0.033815,0.023928,0.017582,1.969049,73.477002,72.822288,3.910028,0.065678,0.716742,4,10,7,6,4,10,7,6,4,10,7,6,4,10,7,6,0.087070,0.159210,0.298900,0.294450,1,1,16:05:2024,23:46:46,1292,28.545000,77.192600,15.000000,lev20,Almucantar
IIT_Delhi,20:04:2022,12:15:08,110,110.510509,0.082237,0.020857,0.012456,0.010310,2.811445,77.455167,76.804088,4.016761,0.024050,0.729337,4,7,7,6,4,7,7,6,4,8,7,6,4,9,7,6,0.093760,0.171190,0.319140,0.312650,1,1,16:05:2024,23:50:22,1292,28.545000,77.192600,15.000000,lev20,Almucantar
IIT_Delhi,22:04:2022,12:17:07,112,112.511887,0.081781,0.031962,0.024996,0.021654,1.784725,77.666330,77.016574,4.242871,0.049221,0.813877,4,8,7,6,4,9,7,6,4,9,7,6,4,10,7,6,0.094110,0.171850,0.320220,0.313750,1,1,03:05:2024,11:50:16,1292,28.545000,77.192600,15.000000,lev20,Almucantar
IIT_Delhi,23:04:2022,01:33:45,113,113.065104,0.053683,0.017358,0.012101,0.010655,2.230491,73.787808,74.441359,2.692127,0.105820,0.464870,4,10,7,6,4,10,7,6,4,10,7,6,4,10,7,6,0.084280,0.160380,0.303040,0.303180,1,1,03:05:2024,11:43:26,1292,28.545000,77.192600,15.000000,lev20,Almucantar
IIT_Delhi,23:04:2022,02:04:55,113,113.086748,0.062672,0.022387,0.015905,0.013422,2.050641,66.972726,67.630200,2.787579,0.188271,0.545229,4,10,7,6,4,10,7,6,4,10,7,6,4,10,7,6,0.076600,0.145280,0.276490,0.277880,1,1,03:05:2024,11:51:12,1292,28.545000,77.192600,15.000000,lev20,Almucantar
IIT_Delhi,23:04:2022,02:53:26,113,113.120440,0.077067,0.035814,0.024973,0.023075,1.665659,56.330943,56.988258,2.439682,0.268888,0.640588,4,10,8,4,4,10,8,4,4,10,8,4,4,10,8,4,0.068840,0.130030,0.249790,0.252590,1,1,03:05:2024,11:58:15,1292,28.545000,77.192600,15.000000,lev20,Almucantar
IIT_Delhi,23:04:2022,11:58:36,113,113.499028,0.092918,0.026512,0.017741,0.013275,2.478884,73.537548,72.884037,2.652557,0.062233,0.737436,4,10,7,6,4,10,7,6,4,10,7,6,4,10,7,6,0.084920,0.160270,0.300530,0.296510,1,1,03:05:2024,11:53:21,1292,28.545000,77.192600,15.000000,lev20,Almucantar
IIT_Delhi,23:04:2022,12:16:50,113,113.511690,0.098257,0.033097,0.022429,0.017390,2.203980,77.495858,76.846449,2.885704,0.034637,0.726359,4,8,7,6,4,9,7,6,4,9,7,6,4,10,7,6,0.091160,0.172190,0.320870,0.314790,1,1,03:05:2024,11:57:39,1292,28.545000,77.192600,15.000000,lev20,Almucantar
IIT_Delhi,24:04:2022,01:31:28,114,114.063519,0.079966,0.032455,0.024193,0.020150,1.788871,74.097693,74.750485,2.991562,0.080757,0.661684,4,10,7,6,4,10,7,6,4,10,7,6,4,10,7,6,0.084720,0.161250,0.304560,0.304570,1,1,03:05:2024,11:49:06,1292,28.545000,77.192600,15.000000,lev20,Almucantar
IIT_Delhi,24:04:2022,02:04:08,114,114.086204,0.071910,0.030128,0.022224,0.020125,1.753155,66.959285,67.616560,2.700512,0.168390,0.596841,4,10,7,6,4,10,7,6,4,10,7,6,4,10,7,6,0.076590,0.145260,0.276470,0.277840,1,1,03:05:2024,11:52:41,1292,28.545000,77.192600,15.000000,lev20,Almucantar
IIT_Delhi,24:04:2022,02:53:22,114,114.120394,0.060942,0.022088,0.014377,0.013058,2.142839,56.159710,56.817256,2.565148,0.271448,0.585255,4,10,8,4,4,10,8,4,4,10,8,4,4,10,8,4,0.068740,0.129840,0.249460,0.252280,1,1,03:05:2024,11:59:02,1292,28.545000,77.192600,15.000000,lev20,Almucantar
IIT_Delhi,24:04:2022,03:19:18,114,114.138403,0.063969,0.029016,0.023712,0.022354,1.495231,50.489563,51.143801,2.223139,0.274172,0.598185,3,10,8,4,3,10,8,4,3,10,8,4,3,10,8,4,0.065940,0.124340,0.239870,0.243270,1,1,03:05:2024,12:01:51,1292,28.545000,77.192600,15.000000,lev20,Almucantar
IIT_Delhi,24:04:2022,10:43:27,114,114.446840,0.089749,0.032613,0.023306,0.017561,2.016312,56.984646,56.327553,2.959929,0.279185,0.795052,4,10,7,5,4,10,7,5,4,10,8,4,4,10,8,4,0.069610,0.130960,0.250430,0.251410,1,1,03:05:2024,11:50:56,1292,28.545000,77.192600,15.000000,lev20,Almucantar
IIT_Delhi,24:04:2022,11:10:46,114,114.465810,0.097819,0.042387,0.031011,0.027371,1.711506,62.972955,62.315219,3.261878,0.220758,0.806375,3,10,8,5,3,10,8,5,3,10,8,5,3,10,8,5,0.073750,0.138910,0.264020,0.263610,1,1,03:05:2024,12:00:02,1292,28.545000,77.192600,15.000000,lev20,Almucantar
IIT_Delhi,24:04:2022,11:58:48,114,114.499167,0.117600,0.056630,0.045384,0.036722,1.427746,73.474546,72.821419,4.841134,0.184834,0.822530,4,10,7,6,4,10,7,6,4,10,7,6,4,10,7,6,0.084840,0.160130,0.300270,0.296250,1,1,03:05:2024,12:08:58,1292,28.545000,77.192600,15.000000,lev20,Almucantar
IIT_Delhi,25:04:2022,01:30:36,115,115.062917,0.082880,0.032639,0.023562,0.019026,1.877858,74.102378,74.754661,2.246112,0.057261,0.668934,4,10,7,6,4,10,7,6,4,10,7,6,4,10,7,6,0.084700,0.161220,0.304530,0.304600,1,1,03:05:2024,11:45:25,1292,28.545000,77.192600,15.000000,lev20,Almucantar
IIT_Delhi,25:04:2022,02:03:08,115,115.085509,0.087091,0.036399,0.026746,0.022405,1.762053,66.997130,67.654154,2.387282,0.121561,0.717856,4,10,7,6,4,10,7,6,4,10,7,6,4,10,7,6,0.076640,0.145340,0.276600,0.277950,1,1,03:05:2024,11:54:07,1292,28.545000,77.192600,15.000000,lev20,Almucantar
IIT_Delhi,25:04:2022,03:18:34,115,115.137894,0.082539,0.036119,0.025604,0.021362,1.737621,50.465022,51.119844,2.092498,0.238054,0.720070,3,10,8,4,3,10,8,4,3,10,8,4,3,10,8,4,0.065940,0.124330,0.239830,0.243240,1,1,03:05:2024,12:05:16,1292,28.545000,77.192600,15.000000,lev20,Almucantar
IIT_Delhi,26:04:2022,02:02:59,116,116.085405,0.081372,0.021415,0.010717,0.009910,2.985744,66.852675,67.509503,4.724847,0.268068,0.673274,4,10,7,6,4,10,7,6,4,10,7,6,4,10,7,6,0.076480,0.145050,0.276090,0.277510,1,1,03:05:2024,12:06:09,1292,28.545000,77.192600,15.000000,lev20,Almucantar
IIT_Delhi,26:04:2022,11:13:13,116,116.467512,0.117300,0.044519,0.032247,0.025044,1.930908,63.304884,62.647329,4.111479,0.221956,0.957847,3,10,8,5,3,10,8,5,3,10,8,5,3,10,8,5,0.074010,0.139400,0.264850,0.264390,1,1,03:05:2024,11:48:30,1292,28.545000,77.192600,15.000000,lev20,Almucantar
IIT_Delhi,26:04:2022,12:18:17,116,116.512697,0.126460,0.040378,0.024907,0.021903,2.410598,77.482209,76.834605,4.890739,0.083438,0.923387,4,9,7,6,4,8,7,6,4,9,7,6,4,10,7,6,0.091140,0.172170,0.320830,0.314740,1,1,03:05:2024,11:54:06,1292,28.545000,77.192600,15.000000,lev20,Almucantar
IIT_Delhi,27:04:2022,01:28:57,117,117.061771,0.061300,0.025943,0.020589,0.017749,1.641537,74.104339,74.755544,2.400489,0.032448,0.482840,4,10,7,6,4,10,7,6,4,10,7,6,4,10,7,6,0.084710,0.161240,0.304560,0.304600,1,1,03:05:2024,11:44:54,1292,28.545000,77.192600,15.000000,lev20,Almucantar
IIT_Delhi,27:04:2022,02:02:47,117,117.085266,0.061190,0.023667,0.018517,0.015712,1.800344,66.723183,67.379788,1.916298,0.058037,0.466965,4,10,7,6,4,10,7,6,4,10,7,6,4,10,7,6,0.076340,0.144780,0.275650,0.277110,1,1,03:05:2024,11:51:45,1292,28.545000,77.192600,15.000000,lev20,Almucantar
IIT_Delhi,27:04:2022,02:49:30,117,117.117708,0.053844,0.023932,0.018933,0.016165,1.569416,56.476179,57.134433,2.030252,0.116773,0.452061,4,10,8,4,4,10,8,4,4,10,8,4,4,10,7,5,0.068920,0.130190,0.250070,0.252860,1,1,03:05:2024,11:58:27,1292,28.545000,77.192600,15.000000,lev20,Almucantar
IIT_Delhi,27:04:2022,03:17:43,117,117.137303,0.048450,0.011765,0.010487,0.009276,2.353853,50.295543,50.951310,2.042857,0.139126,0.456908,3,10,8,4,3,10,8,4,3,10,8,4,3,10,8,3,0.065860,0.124180,0.239600,0.243000,1,1,03:05:2024,11:36:20,1292,28.545000,77.192600,15.000000,lev20,Almucantar
IIT_Delhi,27:04:2022,10:44:33,117,117.447604,0.127140,0.056068,0.042584,0.033878,1.635115,56.917650,56.259949,1.920954,0.067849,0.805871,4,10,7,5,4,10,8,4,4,10,8,4,4,10,8,4,0.069570,0.130880,0.250300,0.251290,1,1,03:05:2024,12:02:29,1292,28.545000,77.192600,15.000000,lev20,Almucantar
IIT_Delhi,27:04:2022,11:12:48,117,117.467222,0.123480,0.069796,0.055090,0.045182,1.198299,63.111774,62.454293,2.175806,0.065525,0.801877,3,10,8,5,3,10,8,5,3,10,8,5,3,10,8,5,0.073850,0.139090,0.264340,0.263930,1,1,03:05:2024,11:37:03,1292,28.545000,77.192600,15.000000,lev20,Almucantar
IIT_Delhi,27:04:2022,12:00:08,117,117.500093,0.106800,0.055661,0.045009,0.038114,1.292918,73.445890,72.794185,3.149242,0.033878,0.762237,4,10,7,6,4,10,7,6,4,10,7,6,4,10,7,6,0.084750,0.159990,0.300060,0.296140,1,1,03:05:2024,11:45:01,1292,28.545000,77.192600,15.000000,lev20,Almucantar
IIT_Delhi,27:04:2022,12:18:08,117,117.512593,0.117530,0.058548,0.046797,0.039469,1.378450,77.341075,76.693916,3.254575,0.025100,0.782891,4,9,7,6,4,8,7,6,4,9,7,6,4,10,7,6,0.090830,0.171610,0.319910,0.314010,1,1,03:05:2024,11:49:21,1292,28.545000,77.192600,15.000000,lev20,Almucantar
IIT_Delhi,28:04:2022,01:28:07,118,118.061192,0.112230,0.050464,0.036817,0.031083,1.657611,74.112596,74.763223,2.564769,0.024188,0.800556,4,10,7,6,4,10,7,6,4,10,7,6,4,10,7,6,0.084760,0.161320,0.304680,0.304630,1,1,03:05:2024,11:44:20,1292,28.545000,77.192600,15.000000,lev20,Almucantar
IIT_Delhi,28:04:2022,02:02:30,118,118.085069,0.115190,0.050257,0.035150,0.028516,1.759908,66.615992,67.272347,1.810911,0.032289,0.801097,4,10,7,6,4,10,7,6,4,10,7,6,4,10,7,6,0.076280,0.144650,0.275380,0.276790,1,1,03:05:2024,11:55:35,1292,28.545000,77.192600,15.000000,lev20,Almucantar
IIT_Delhi,28:04:2022,02:48:33,118,118.117049,0.110560,0.046296,0.033634,0.029089,1.773983,56.516342,57.174724,2.038213,0.077799,0.796169,4,10,8,4,4,10,8,4,4,10,8,4,4,10,7,5,0.068940,0.130230,0.250140,0.252930,1,1,03:05:2024,12:04:12,1292,28.545000,77.192600,15.000000,lev20,Almucantar
IIT_Delhi,28:04:2022,03:17:31,118,118.137164,0.110720,0.051458,0.040043,0.033257,1.521586,50.168703,50.824859,2.009419,0.093418,0.806081,3,10,8,4,3,10,8,4,3,10,8,4,3,10,8,4,0.065810,0.124080,0.239410,0.242830,1,1,03:05:2024,12:12:18,1292,28.545000,77.192600,15.000000,lev20,Almucantar
IIT_Delhi,28:04:2022,10:20:04,118,118.430602,0.125080,0.049642,0.037559,0.030661,1.804189,51.452709,50.796631,2.322552,0.206791,1.113449,3,10,8,4,3,10,8,4,3,10,8,4,3,10,8,4,0.066670,0.125330,0.240830,0.242790,1,1,03:05:2024,11:54:48,1292,28.545000,77.192600,15.000000,lev20,Almucantar
IIT_Delhi,28:04:2022,10:47:48,118,118.449861,0.148960,0.061637,0.043866,0.032826,1.819549,57.529198,56.871304,1.897771,0.061373,1.146123,4,10,7,5,4,10,7,5,4,10,7,5,4,10,8,4,0.069940,0.131590,0.251510,0.252380,1,1,03:05:2024,11:59:41,1292,28.545000,77.192600,15.000000,lev20,Almucantar
IIT_Delhi,29:04:2022,01:27:47,119,119.060961,0.099597,0.039518,0.027974,0.023242,1.891886,74.016149,74.666297,1.902437,0.051946,0.730422,4,10,7,6,4,10,7,6,4,10,7,6,4,10,7,6,0.084630,0.161060,0.304220,0.304190,1,1,03:05:2024,11:41:45,1292,28.545000,77.192600,15.000000,lev20,Almucantar
IIT_Delhi,29:04:2022,01:59:51,119,119.083229,0.096147,0.042773,0.031660,0.026936,1.655286,67.030512,67.686308,2.522370,0.126754,0.741530,4,10,7,6,4,10,7,6,4,10,7,6,4,10,7,6,0.076670,0.145410,0.276710,0.278050,1,1,03:05:2024,11:51:22,1292,28.545000,77.192600,15.000000,lev20,Almucantar
IIT_Delhi,29:04:2022,02:47:48,119,119.116528,0.088076,0.037005,0.027545,0.024859,1.736907,56.517117,57.175585,2.359910,0.200891,0.702664,4,10,8,4,4,10,8,4,4,10,8,4,4,10,7,5,0.068950,0.130240,0.250160,0.252930,1,1,03:05:2024,11:58:30,1292,28.545000,77.192600,15.000000,lev20,Almucantar
IIT_Delhi,29:04:2022,03:15:18,119,119.135625,0.086426,0.036537,0.028019,0.025943,1.688210,50.487869,51.144620,2.195474,0.243637,0.704884,3,10,8,4,3,10,8,4,3,10,8,4,3,10,8,4,0.065950,0.124350,0.239880,0.243270,1,1,03:05:2024,12:04:16,1292,28.545000,77.192600,15.000000,lev20,Almucantar
IIT_Delhi,29:04:2022,10:47:29,119,119.449641,0.120470,0.038080,0.028109,0.023421,2.190797,57.359351,56.701396,2.342555,0.099434,1.042298,4,10,7,5,4,10,7,5,4,10,7,5,4,10,8,4,0.069830,0.131390,0.251160,0.252070,1,1,03:05:2024,11:56:14,1292,28.545000,77.192600,15.000000,lev20,Almucantar
IIT_Delhi,29:04:2022,11:13:01,119,119.467373,0.132270,0.050190,0.037174,0.030846,1.902007,62.957122,62.299905,2.124948,0.034026,1.031564,3,10,8,5,3,10,8,5,3,10,8,5,3,10,8,5,0.073720,0.138860,0.263930,0.263570,1,1,03:05:2024,12:06:22,1292,28.545000,77.192600,15.000000,lev20,Almucantar
IIT_Delhi,29:04:2022,12:02:32,119,119.501759,0.128140,0.046863,0.033460,0.026859,2.007485,73.754681,73.104365,2.201261,0.024496,0.880716,4,10,7,6,4,10,7,6,4,10,7,6,4,10,7,6,0.085180,0.160810,0.301470,0.297410,1,1,03:05:2024,12:10:12,1292,28.545000,77.192600,15.000000,lev20,Almucantar
IIT_Delhi,30:04:2022,01:27:38,120,120.060856,0.103170,0.048970,0.037159,0.031708,1.521832,73.883911,74.533607,2.077871,0.022797,0.777358,4,10,7,6,4,10,7,6,4,10,7,6,4,10,7,6,0.084440,0.160690,0.303570,0.303590,1,1,03:05:2024,11:54:54,1292,28.545000,77.192600,15.000000,lev20,Almucantar
IIT_Delhi,30:04:2022,01:59:01,120,120.082650,0.097578,0.043371,0.032263,0.028039,1.650136,67.051552,67.706970,1.673811,0.031866,0.736908,4,10,7,6,4,10,7,6,4,10,7,6,4,10,7,6,0.076690,0.145440,0.276770,0.278110,1,1,03:05:2024,12:05:56,1292,28.545000,77.192600,15.000000,lev20,Almucantar
IIT_Delhi,30:04:2022,02:47:17,120,120.116169,0.083686,0.038179,0.029682,0.025387,1.551678,56.471193,57.129710,1.756449,0.083892,0.674519,4,10,8,4,4,10,8,4,4,10,8,4,4,10,7,5,0.068920,0.130180,0.250070,0.252850,1,1,03:05:2024,12:15:21,1292,28.545000,77.192600,15.000000,lev20,Almucantar
IIT_Delhi,30:04:2022,03:14:32,120,120.135093,0.075013,0.032691,0.026760,0.024082,1.555310,50.494822,51.151936,1.570427,0.073910,0.625139,3,10,8,4,3,10,8,4,3,10,8,4,3,10,8,4,0.065950,0.124360,0.239890,0.243280,1,1,03:05:2024,12:22:26,1292,28.545000,77.192600,15.000000,lev20,Almucantar
IIT_Delhi,30:04:2022,10:47:19,120,120.449525,0.061572,0.019657,0.016614,0.013710,1.997727,57.223046,56.565050,2.278705,0.135933,0.564790,4,10,7,5,4,10,7,5,4,10,7,5,4,10,8,4,0.069750,0.131220,0.250900,0.251830,1,1,03:05:2024,12:18:21,1292,28.545000,77.192600,15.000000,lev20,Almucantar
IIT_Delhi,30:04:2022,11:13:27,120,120.467674,0.065011,0.023641,0.020266,0.018380,1.776516,62.951646,62.294618,2.171312,0.161324,0.549645,3,10,8,5,3,10,8,5,3,10,8,5,3,10,8,5,0.073720,0.138840,0.263910,0.263560,1,1,03:05:2024,11:49:32,1292,28.545000,77.192600,15.000000,lev20,Almucantar
IIT_Delhi,30:04:2022,12:02:23,120,120.501655,0.070256,0.030533,0.026713,0.024190,1.472367,73.616454,72.966562,2.678517,0.070952,0.546422,4,10,7,6,4,10,7,6,4,10,7,6,4,10,7,6,0.084990,0.160440,0.300850,0.296850,1,1,03:05:2024,11:58:02,1292,28.545000,77.192600,15.000000,lev20,Almucantar
IIT_Delhi,30:04:2022,12:20:24,120,120.514167,0.071675,0.031305,0.026967,0.024427,1.484963,77.502736,76.857857,2.833212,0.045993,0.542366,4,7,6,6,4,8,7,6,4,9,7,6,4,10,7,6,0.091110,0.172150,0.320850,0.314860,1,1,03:05:2024,12:02:36,1292,28.545000,77.192600,15.000000,lev20,Almucantar
IIT_Delhi,01:05:2022,03:13:50,121,121.134606,0.092172,0.044643,0.034666,0.029853,1.460123,50.492060,51.149491,2.367566,0.163352,0.831918,3,10,8,4,3,10,8,4,3,10,8,4,3,10,8,4,0.063210,0.121150,0.239290,0.242610,1,1,03:05:2024,12:00:33,1292,28.545000,77.192600,15.000000,lev20,Almucantar
IIT_Delhi,01:05:2022,10:47:12,121,121.449444,0.121020,0.059721,0.047645,0.040888,1.395583,57.098337,56.440322,3.087022,0.233082,0.992017,4,10,7,4,4,10,5,4,4,10,4,4,4,10,6,4,0.066830,0.127850,0.249730,0.250690,1,1,03:05:2024,12:10:28,1292,28.545000,77.192600,15.000000,lev20,Almucantar
IIT_Delhi,01:05:2022,11:14:00,121,121.468056,0.137440,0.064263,0.049187,0.040724,1.533889,62.972095,62.315292,3.038149,0.164623,1.045701,3,10,8,5,3,10,8,5,3,10,8,4,3,10,8,3,0.070800,0.135640,0.262680,0.262350,1,1,03:05:2024,12:14:50,1292,28.545000,77.192600,15.000000,lev20,Almucantar
IIT_Delhi,01:05:2022,12:02:19,121,121.501609,0.153270,0.073589,0.055885,0.047121,1.502935,73.496509,72.847070,2.965132,0.032140,1.140834,4,10,7,6,4,10,7,6,4,10,7,6,4,10,7,6,0.081690,0.156960,0.298120,0.294250,1,1,03:05:2024,12:25:00,1292,28.545000,77.192600,15.000000,lev20,Almucantar
IIT_Delhi,01:05:2022,12:20:33,121,121.514271,0.156650,0.070925,0.053543,0.044338,1.602066,77.426317,76.782031,3.026912,0.020732,1.120232,4,8,6,6,4,8,6,6,4,9,7,6,4,9,7,6,0.087740,0.168790,0.317730,0.311910,1,1,03:05:2024,12:29:40,1292,28.545000,77.192600,15.000000,lev20,Almucantar
IIT_Delhi,02:05:2022,01:25:04,122,122.059074,0.143050,0.068885,0.047451,0.039831,1.626276,74.121850,74.770010,1.856851,0.009676,1.092753,4,10,7,6,4,10,7,6,4,10,7,6,4,8,7,6,0.081630,0.158170,0.302370,0.302360,1,1,03:05:2024,11:56:49,1292,28.545000,77.192600,15.000000,lev20,Almucantar
IIT_Delhi,02:05:2022,01:57:35,122,122.081655,0.122340,0.054290,0.038858,0.032454,1.703200,67.054884,67.709505,2.006389,0.036224,0.987484,4,10,7,6,4,10,7,6,4,10,7,6,4,10,7,6,0.073700,0.142220,0.275170,0.276480,1,1,03:05:2024,12:09:22,1292,28.545000,77.192600,15.000000,lev20,Almucantar
IIT_Delhi,02:05:2022,02:47:02,122,122.115995,0.110780,0.052933,0.040796,0.035174,1.491073,56.221020,56.879555,1.652865,0.052491,0.966567,4,10,8,4,4,10,8,4,4,10,8,4,4,10,8,4,0.065960,0.126680,0.248700,0.251450,1,1,03:05:2024,12:18:27,1292,28.545000,77.192600,15.000000,lev20,Almucantar
IIT_Delhi,02:05:2022,03:13:08,122,122.134120,0.114750,0.058077,0.046297,0.041592,1.357258,50.494188,51.151894,4.575704,0.880867,0.953357,3,10,8,4,3,10,8,4,3,10,8,4,3,10,8,4,0.063210,0.121150,0.239300,0.242610,1,1,03:05:2024,12:21:01,1292,28.545000,77.192600,15.000000,lev20,Almucantar
IIT_Delhi,02:05:2022,12:02:42,122,122.501875,0.130820,0.053713,0.039912,0.029507,1.775027,73.474078,72.825211,3.578547,0.100726,1.000687,4,10,7,6,4,10,7,6,4,10,7,6,4,10,7,6,0.081660,0.156890,0.297990,0.294170,1,1,03:05:2024,12:33:31,1292,28.545000,77.192600,15.000000,lev20,Almucantar
IIT_Delhi,03:05:2022,02:48:08,123,123.116759,0.259260,0.087843,0.054473,0.044462,2.311267,55.833896,56.492426,3.389314,0.100223,2.393662,4,10,8,4,4,10,8,4,4,10,8,4,4,10,8,4,0.065720,0.126200,0.247930,0.250780,1,1,03:05:2024,12:06:23,1292,28.545000,77.192600,15.000000,lev20,Almucantar
IIT_Delhi,03:05:2022,03:13:02,123,123.134051,0.239670,0.073288,0.043988,0.048039,2.513740,50.369647,51.027552,4.042162,0.107643,2.330396,3,10,8,4,3,10,8,4,3,10,8,4,3,10,8,4,0.063150,0.121030,0.239100,0.242450,1,1,03:05:2024,12:15:30,1292,28.545000,77.192600,15.000000,lev20,Almucantar
IIT_Delhi,03:05:2022,10:47:44,123,123.449815,0.267980,0.105210,0.071648,0.057891,1.959125,57.018874,56.360903,3.724702,0.185628,2.078748,4,10,7,5,4,10,7,5,4,10,8,4,4,10,8,4,0.066790,0.127770,0.249590,0.250550,1,1,03:05:2024,13:13:10,1292,28.545000,77.192600,15.000000,lev20,Almucantar
IIT_Delhi,03:05:2022,11:15:24,123,123.469028,0.280460,0.118600,0.085048,0.065899,1.775766,63.079618,62.423370,3.460867,0.117830,2.171211,3,10,8,5,3,10,8,5,3,10,8,5,3,10,8,5,0.070910,0.135840,0.262990,0.262600,1,1,03:05:2024,11:59:31,1292,28.545000,77.192600,15.000000,lev20,Almucantar
IIT_Delhi,04:05:2022,02:44:24,124,124.114167,0.167380,0.068700,0.049557,0.043559,1.814457,56.512320,57.170720,3.068424,0.181747,1.396489,4,10,8,4,4,10,8,4,4,10,8,4,4,10,7,5,0.066120,0.126990,0.249230,0.251970,1,1,03:05:2024,12:22:22,1292,28.545000,77.192600,15.000000,lev20,Almucantar
IIT_Delhi,04:05:2022,03:11:52,124,124.133241,0.166890,0.073630,0.056529,0.049143,1.620279,50.483891,51.142026,2.741581,0.191812,1.410550,3,10,8,4,3,10,8,4,3,10,8,4,3,10,8,4,0.063210,0.121140,0.239280,0.242600,1,1,03:05:2024,11:52:26,1292,28.545000,77.192600,15.000000,lev20,Almucantar
IIT_Delhi,05:05:2022,01:23:05,125,125.057697,0.089935,0.025999,0.014592,0.010887,2.689169,74.104009,74.750194,2.551915,0.034616,1.200820,4,10,7,6,4,10,7,6,4,10,7,6,4,10,7,6,0.081540,0.158000,0.302130,0.302270,1,1,03:05:2024,11:56:55,1292,28.545000,77.192600,15.000000,lev20,Almucantar
IIT_Delhi,05:05:2022,01:57:06,125,125.081319,0.087383,0.022301,0.012809,0.007644,2.852869,66.727869,67.381407,2.302099,0.052747,1.154472,4,10,7,6,4,10,7,6,4,10,7,6,4,10,7,6,0.073380,0.141590,0.274110,0.275500,1,1,03:05:2024,12:10:53,1292,28.545000,77.192600,15.000000,lev20,Almucantar
IIT_Delhi,05:05:2022,02:43:48,125,125.113750,0.092648,0.024982,0.014667,0.012794,2.738476,56.507549,57.165848,1.857829,0.064838,1.206906,4,10,8,4,4,10,8,4,4,10,8,4,4,10,7,5,0.066110,0.126980,0.249220,0.251960,1,1,03:05:2024,12:20:40,1292,28.545000,77.192600,15.000000,lev20,Almucantar
IIT_Delhi,05:05:2022,03:11:49,125,125.133206,0.098307,0.031328,0.017442,0.018884,2.548051,50.358097,51.016367,1.941364,0.109436,1.253834,3,10,8,4,3,10,8,4,3,10,8,4,3,10,8,4,0.063150,0.121030,0.239100,0.242430,1,1,03:05:2024,12:31:35,1292,28.545000,77.192600,15.000000,lev20,Almucantar
IIT_Delhi,05:05:2022,10:48:28,125,125.450324,0.110320,0.041288,0.029333,0.022037,1.978092,56.985499,56.327683,2.552483,0.161550,1.124559,4,10,7,5,4,10,7,5,4,10,8,4,4,10,8,4,0.066770,0.127720,0.249520,0.250500,1,1,03:05:2024,12:19:40,1292,28.545000,77.192600,15.000000,lev20,Almucantar
IIT_Delhi,05:05:2022,11:17:02,125,125.470162,0.109440,0.043587,0.030217,0.021826,1.913414,63.239204,62.583643,2.063298,0.054035,1.106184,3,10,8,5,3,10,8,5,3,10,8,5,3,10,8,5,0.071030,0.136060,0.263370,0.262970,1,1,03:05:2024,12:29:21,1292,28.545000,77.192600,15.000000,lev20,Almucantar
IIT_Delhi,05:05:2022,12:04:13,125,125.502928,0.112000,0.052433,0.042537,0.036647,1.455634,73.486299,72.839317,2.126027,0.019833,1.248538,4,10,7,6,4,10,7,6,4,10,7,6,4,10,7,6,0.081680,0.156950,0.298060,0.294220,1,1,03:05:2024,12:38:40,1292,28.545000,77.192600,15.000000,lev20,Almucantar
IIT_Delhi,05:05:2022,12:22:29,125,125.515613,0.114350,0.047359,0.044468,0.040070,1.454651,77.406651,76.765295,4.582012,0.040913,1.261360,4,8,7,6,4,8,7,6,4,9,7,6,4,10,7,6,0.087730,0.168760,0.317660,0.311830,1,1,03:05:2024,11:52:20,1292,28.545000,77.192600,15.000000,lev20,Almucantar
IIT_Delhi,06:05:2022,01:22:18,126,126.057153,0.146610,0.056923,0.034615,0.027120,2.124933,74.132417,74.777877,4.173712,0.023784,1.418093,4,10,7,6,4,10,7,6,4,10,7,5,4,10,7,6,0.081620,0.158170,0.302390,0.302390,1,1,03:05:2024,11:52:10,1292,28.545000,77.192600,15.000000,lev20,Almucantar
IIT_Delhi,07:05:2022,01:22:01,127,127.056956,0.099268,0.047979,0.035958,0.031093,1.509920,74.057299,74.702164,2.260728,0.026615,0.790375,4,10,7,6,4,10,7,6,4,10,7,6,4,10,7,6,0.081520,0.157950,0.302030,0.302060,1,1,03:05:2024,11:56:07,1292,28.545000,77.192600,15.000000,lev20,Almucantar
IIT_Delhi,07:05:2022,01:54:21,127,127.079410,0.101440,0.045879,0.032289,0.027656,1.695727,67.059981,67.712295,1.288889,0.024983,0.794196,4,10,7,6,4,10,7,6,4,10,7,6,4,10,7,6,0.073700,0.142220,0.275170,0.276490,1,1,03:05:2024,12:07:16,1292,28.545000,77.192600,15.000000,lev20,Almucantar
IIT_Delhi,07:05:2022,02:42:31,127,127.112859,0.104660,0.045868,0.032866,0.026226,1.721194,56.530125,57.188138,1.648182,0.049120,0.784670,4,10,8,4,4,10,8,4,4,10,8,4,4,10,7,5,0.066130,0.127020,0.249280,0.252000,1,1,03:05:2024,12:16:22,1292,28.545000,77.192600,15.000000,lev20,Almucantar
IIT_Delhi,07:05:2022,03:11:38,127,127.133079,0.109950,0.048270,0.038640,0.032890,1.573164,50.139337,50.797809,1.439243,0.047699,0.768543,3,10,8,4,3,10,8,4,3,10,8,4,3,10,8,4,0.063060,0.120850,0.238790,0.242140,1,1,03:05:2024,12:23:41,1292,28.545000,77.192600,15.000000,lev20,Almucantar
IIT_Delhi,07:05:2022,11:16:49,127,127.470012,0.165450,0.088764,0.069478,0.057382,1.290492,62.995877,62.340861,2.115545,0.035371,1.658329,3,10,8,5,3,10,8,5,3,10,8,5,3,10,8,5,0.070830,0.135690,0.262770,0.262410,1,1,03:05:2024,12:03:39,1292,28.545000,77.192600,15.000000,lev20,Almucantar
IIT_Delhi,07:05:2022,12:06:56,127,127.504815,0.178810,0.093934,0.075268,0.065185,1.292511,73.861354,73.216162,2.534429,0.026243,1.659175,4,10,7,6,4,10,7,6,4,10,7,6,4,10,7,6,0.082200,0.157950,0.299750,0.295740,1,1,03:05:2024,12:09:18,1292,28.545000,77.192600,15.000000,lev20,Almucantar
IIT_Delhi,08:05:2022,01:21:58,128,128.056921,0.134820,0.067835,0.049954,0.042865,1.470390,73.936293,74.580623,1.846980,0.018432,1.149571,4,10,7,6,4,10,7,6,4,10,7,6,4,10,7,6,0.081370,0.157640,0.301490,0.301520,1,1,03:05:2024,11:53:37,1292,28.545000,77.192600,15.000000,lev20,Almucantar
IIT_Delhi,08:05:2022,01:53:45,128,128.078993,0.128010,0.063454,0.044897,0.036344,1.546051,67.063596,67.715402,1.658970,0.034780,1.077447,4,10,7,6,4,10,7,6,4,10,7,6,4,10,7,6,0.073700,0.142220,0.275170,0.276500,1,1,03:05:2024,12:02:30,1292,28.545000,77.192600,15.000000,lev20,Almucantar
IIT_Delhi,08:05:2022,02:41:55,128,128.112442,0.122260,0.058373,0.042860,0.035476,1.555857,56.539193,57.197028,2.017881,0.059465,1.070473,4,10,8,4,4,10,8,4,4,10,8,4,4,10,7,5,0.066140,0.127030,0.249300,0.252010,1,1,03:05:2024,12:10:13,1292,28.545000,77.192600,15.000000,lev20,Almucantar
IIT_Delhi,08:05:2022,10:51:45,128,128.452604,0.165180,0.088787,0.070141,0.058412,1.275430,57.417525,56.760270,1.639943,0.041960,1.339459,4,10,7,5,4,10,7,5,4,10,7,5,4,10,8,4,0.067020,0.128230,0.250360,0.251240,1,1,03:05:2024,11:58:46,1292,28.545000,77.192600,15.000000,lev20,Almucantar
IIT_Delhi,08:05:2022,11:17:23,128,128.470405,0.160650,0.083484,0.065709,0.055666,1.332839,63.022078,62.367440,2.288336,0.045714,1.317958,3,10,8,5,3,10,8,5,3,10,8,5,3,10,8,5,0.070840,0.135730,0.262830,0.262470,1,1,03:05:2024,12:09:04,1292,28.545000,77.192600,15.000000,lev20,Almucantar
IIT_Delhi,08:05:2022,12:06:59,128,128.504850,0.150160,0.077664,0.061440,0.052926,1.333537,73.767422,73.122780,2.351469,0.020436,1.217888,4,10,7,6,4,10,7,6,4,10,7,6,4,10,7,6,0.082060,0.157690,0.299330,0.295360,1,1,03:05:2024,12:17:48,1292,28.545000,77.192600,15.000000,lev20,Almucantar
IIT_Delhi,09:05:2022,01:21:58,129,129.056921,0.146430,0.067644,0.048868,0.042561,1.628484,73.808924,74.452727,2.008109,0.019222,1.334625,4,10,7,6,4,10,7,6,4,10,7,6,4,10,7,6,0.083360,0.156520,0.305490,0.305200,1,1,03:05:2024,12:00:56,1292,28.545000,77.192600,15.000000,lev20,Almucantar
IIT_Delhi,09:05:2022,01:53:12,129,129.078611,0.150000,0.072210,0.053653,0.044551,1.527459,67.060651,67.711942,1.962665,0.034030,1.366379,4,10,7,6,4,10,7,6,4,10,7,6,4,10,7,6,0.075540,0.141550,0.279330,0.280460,1,1,03:05:2024,12:11:08,1292,28.545000,77.192600,15.000000,lev20,Almucantar
IIT_Delhi,09:05:2022,02:41:37,129,129.112234,0.148720,0.070157,0.052454,0.043413,1.550826,56.487102,57.144755,1.868357,0.061703,1.371225,4,10,8,4,4,10,8,4,4,10,8,4,4,10,7,5,0.067630,0.126420,0.252890,0.255620,1,1,03:05:2024,12:20:25,1292,28.545000,77.192600,15.000000,lev20,Almucantar
IIT_Delhi,09:05:2022,03:08:54,129,129.131181,0.149890,0.072361,0.054321,0.046694,1.509577,50.499819,51.158419,1.591261,0.053776,1.390286,3,10,8,4,3,10,8,4,3,10,8,4,3,10,8,4,0.064600,0.120660,0.242820,0.246210,1,1,03:05:2024,11:50:51,1292,28.545000,77.192600,15.000000,lev20,Almucantar
IIT_Delhi,09:05:2022,10:51:42,129,129.452569,0.125550,0.060407,0.047813,0.039446,1.445367,57.311641,56.654552,1.758062,0.059975,1.106345,4,10,7,5,4,10,7,5,4,10,7,5,4,10,8,4,0.068520,0.127540,0.253870,0.254750,1,1,03:05:2024,12:27:45,1292,28.545000,77.192600,15.000000,lev20,Almucantar
IIT_Delhi,09:05:2022,11:17:53,129,129.470752,0.125450,0.061773,0.048723,0.040128,1.413923,63.033995,62.379743,1.808950,0.043960,1.076175,3,10,8,5,3,10,8,5,3,10,8,5,3,10,8,5,0.072580,0.135110,0.266790,0.266320,1,1,03:05:2024,11:56:57,1292,28.545000,77.192600,15.000000,lev20,Almucantar
IIT_Delhi,09:05:2022,12:06:47,129,129.504711,0.124650,0.062445,0.050235,0.042472,1.361233,73.620119,72.975958,2.537960,0.030450,1.037447,4,10,7,6,4,10,7,6,4,10,7,6,4,10,7,6,0.084070,0.156530,0.303230,0.298950,1,1,03:05:2024,12:06:41,1292,28.545000,77.192600,15.000000,lev20,Almucantar
IIT_Delhi,09:05:2022,12:25:00,129,129.517361,0.128070,0.064155,0.051397,0.046035,1.366753,77.510967,76.872896,2.732395,0.016919,1.036002,2,9,7,6,3,9,7,6,3,8,7,6,4,9,7,5,0.090340,0.168240,0.323140,0.316740,1,1,03:05:2024,12:10:01,1292,28.545000,77.192600,15.000000,lev20,Almucantar
IIT_Delhi,12:05:2022,01:18:43,132,132.054664,0.121980,0.065318,0.051625,0.045064,1.280717,74.149065,74.790214,2.200205,0.019157,1.195196,4,10,7,6,4,10,7,6,4,10,7,6,4,10,7,6,0.083840,0.157450,0.307110,0.306710,1,1,16:05:2024,23:37:58,1292,28.545000,77.192600,15.000000,lev20,Almucantar
IIT_Delhi,12:05:2022,01:51:30,132,132.077431,0.124550,0.067289,0.051080,0.043793,1.319809,67.088638,67.738295,1.728697,0.022689,1.143334,4,10,7,6,4,10,7,6,4,10,7,6,4,10,7,6,0.075570,0.141590,0.279410,0.280540,1,1,16:05:2024,23:47:59,1292,28.545000,77.192600,15.000000,lev20,Almucantar
IIT_Delhi,12:05:2022,02:41:31,132,132.112164,0.114950,0.058738,0.045331,0.038781,1.384853,56.183473,56.840544,1.662051,0.050261,1.090377,4,10,8,4,4,10,8,4,4,10,8,4,4,10,8,4,0.067450,0.126080,0.252310,0.255080,1,1,16:05:2024,23:56:19,1292,28.545000,77.192600,15.000000,lev20,Almucantar
IIT_Delhi,12:05:2022,03:07:23,132,132.130127,0.113910,0.053865,0.041737,0.035657,1.500256,50.509879,51.168400,1.521569,0.050356,1.079301,3,10,8,4,3,10,8,4,3,10,8,4,3,10,8,4,0.064610,0.120670,0.242830,0.246230,1,1,17:05:2024,00:03:44,1292,28.545000,77.192600,15.000000,lev20,Almucantar
IIT_Delhi,12:05:2022,10:51:36,132,132.452500,0.118250,0.055618,0.044656,0.038484,1.461950,57.007867,56.351356,1.901073,0.088636,0.950900,4,10,7,5,4,10,7,5,4,10,8,4,4,10,8,4,0.068330,0.127190,0.253260,0.254220,1,1,16:05:2024,23:57:56,1292,28.545000,77.192600,15.000000,lev20,Almucantar
IIT_Delhi,12:05:2022,12:07:43,132,132.505359,0.138830,0.066800,0.054837,0.048305,1.397454,73.508735,72.866472,2.320118,0.023558,1.300557,4,10,7,6,4,10,7,6,4,10,7,6,4,10,7,6,0.083890,0.156220,0.302720,0.298500,1,1,17:05:2024,00:02:30,1292,28.545000,77.192600,15.000000,lev20,Almucantar
IIT_Delhi,13:05:2022,01:18:11,133,133.054294,0.080100,0.033109,0.026591,0.022774,1.662635,74.152844,74.793259,2.097363,0.021141,0.701321,4,10,7,6,4,10,7,6,4,10,7,6,4,10,7,6,0.083840,0.157460,0.307120,0.306720,1,1,16:05:2024,23:52:43,1292,28.545000,77.192600,15.000000,lev20,Almucantar
IIT_Delhi,13:05:2022,01:51:30,133,133.077431,0.083538,0.037824,0.028883,0.025328,1.587000,66.983958,67.633167,1.656299,0.030404,0.767411,4,10,7,6,4,10,7,6,4,10,7,6,4,10,7,6,0.075470,0.141400,0.279070,0.280230,1,1,16:05:2024,13:08:33,1292,28.545000,77.192600,15.000000,lev20,Almucantar
IIT_Delhi,13:05:2022,02:39:21,133,133.110660,0.083693,0.039680,0.030749,0.025995,1.496044,56.558741,57.215387,2.217546,0.068887,0.774247,4,10,8,4,4,10,8,4,4,10,8,4,4,10,7,5,0.067670,0.126490,0.253020,0.255750,1,1,17:05:2024,00:08:47,1292,28.545000,77.192600,15.000000,lev20,Almucantar
IIT_Delhi,13:05:2022,03:06:54,133,133.129792,0.084717,0.034208,0.027163,0.023178,1.713949,50.517971,51.176415,1.858390,0.080065,0.794317,3,10,8,4,3,10,8,4,3,10,8,4,3,10,8,4,0.064610,0.120670,0.242840,0.246240,1,1,17:05:2024,00:15:53,1292,28.545000,77.192600,15.000000,lev20,Almucantar
IIT_Delhi,13:05:2022,10:52:08,133,133.452870,0.143100,0.063355,0.050340,0.044627,1.569797,57.031518,56.375277,1.899937,0.076870,1.054936,4,10,7,5,4,10,7,5,4,10,8,4,4,10,8,4,0.068340,0.127220,0.253310,0.254260,1,1,16:05:2024,23:54:38,1292,28.545000,77.192600,15.000000,lev20,Almucantar
IIT_Delhi,13:05:2022,11:21:39,133,133.473368,0.154990,0.077635,0.063604,0.054054,1.337505,63.468404,62.816122,4.187469,0.825381,1.082901,3,10,8,5,3,10,8,5,3,10,8,5,3,10,8,5,0.072930,0.135780,0.267930,0.267340,1,1,17:05:2024,00:04:37,1292,28.545000,77.192600,15.000000,lev20,Almucantar
IIT_Delhi,13:05:2022,12:08:13,133,133.505706,0.148060,0.071146,0.057143,0.048807,1.428178,73.512467,72.870898,2.859289,0.039025,1.050865,4,10,7,6,4,10,7,6,4,10,7,6,4,10,7,6,0.083890,0.156220,0.302720,0.298520,1,1,17:05:2024,00:14:18,1292,28.545000,77.192600,15.000000,lev20,Almucantar
IIT_Delhi,14:05:2022,01:17:39,134,134.053924,0.099394,0.044180,0.034111,0.028777,1.601258,74.160873,74.800547,2.092258,0.028664,0.700105,4,10,7,6,4,10,7,6,4,10,7,6,4,10,7,6,0.083870,0.157500,0.307180,0.306760,1,1,17:05:2024,00:02:10,1292,28.545000,77.192600,15.000000,lev20,Almucantar
IIT_Delhi,14:05:2022,01:51:29,134,134.077419,0.108790,0.049358,0.037429,0.031988,1.592961,66.887409,67.536163,1.900288,0.039351,0.764407,4,10,7,6,4,10,7,6,4,10,7,6,4,10,7,6,0.075390,0.141240,0.278790,0.279930,1,1,17:05:2024,00:10:52,1292,28.545000,77.192600,15.000000,lev20,Almucantar
IIT_Delhi,14:05:2022,02:38:58,134,134.110394,0.121490,0.053980,0.041922,0.035371,1.594206,56.547984,57.204348,2.077850,0.076885,0.821172,4,10,8,4,4,10,8,4,4,10,8,4,4,10,7,5,0.067660,0.126480,0.253010,0.255730,1,1,16:05:2024,23:48:20,1292,28.545000,77.192600,15.000000,lev20,Almucantar
IIT_Delhi,14:05:2022,03:06:28,134,134.129491,0.104560,0.050002,0.040562,0.034523,1.422627,50.519857,51.178202,1.941519,0.092411,0.769417,3,10,8,4,3,10,8,4,3,10,8,4,3,10,8,4,0.064610,0.120670,0.242850,0.246240,1,1,16:05:2024,23:56:23,1292,28.545000,77.192600,15.000000,lev20,Almucantar
IIT_Delhi,14:05:2022,10:52:34,134,134.453171,0.093450,0.041043,0.032273,0.026119,1.595961,57.033702,56.377737,2.170057,0.121331,0.712925,4,10,7,5,4,10,7,5,4,10,8,4,4,10,8,4,0.068350,0.127230,0.253330,0.254270,1,1,16:05:2024,13:25:00,1292,28.545000,77.192600,15.000000,lev20,Almucantar
IIT_Delhi,14:05:2022,11:21:35,134,134.473322,0.094472,0.045377,0.039180,0.033630,1.333946,63.358339,62.706415,2.167730,0.211190,0.740026,3,10,8,5,3,10,8,5,3,10,8,5,3,10,8,5,0.072840,0.135610,0.267630,0.267080,1,1,16:05:2024,23:47:31,1292,28.545000,77.192600,15.000000,lev20,Almucantar
IIT_Delhi,14:05:2022,12:08:35,134,134.505961,0.084320,0.038591,0.030974,0.025456,1.504914,73.487947,72.847031,2.382195,0.040599,0.605037,4,10,7,6,4,10,7,6,4,10,7,6,4,10,7,6,0.083850,0.156160,0.302630,0.298430,1,1,16:05:2024,23:55:32,1292,28.545000,77.192600,15.000000,lev20,Almucantar
IIT_Delhi,15:05:2022,01:17:10,135,135.053588,0.092589,0.041699,0.033893,0.029151,1.513433,74.162503,74.801445,2.071203,0.027946,0.590887,4,10,7,6,4,10,7,6,4,10,7,6,4,10,7,6,0.083860,0.157490,0.307170,0.306760,1,1,16:05:2024,23:58:41,1292,28.545000,77.192600,15.000000,lev20,Almucantar
IIT_Delhi,15:05:2022,02:38:31,135,135.110081,0.071363,0.027153,0.021114,0.020576,1.833932,56.556389,57.212450,2.838626,0.303296,0.541134,4,10,8,4,4,10,8,4,4,10,8,4,4,10,7,5,0.067660,0.126490,0.253020,0.255740,1,1,17:05:2024,00:05:03,1292,28.545000,77.192600,15.000000,lev20,Almucantar
IIT_Delhi,15:05:2022,12:09:13,135,135.506400,0.080106,0.020711,0.016234,0.017264,2.424857,73.520597,72.880418,5.430100,0.074098,0.726944,4,10,7,6,4,10,7,5,4,10,7,4,4,10,6,4,0.083900,0.156250,0.302770,0.298560,1,1,17:05:2024,00:13:23,1292,28.545000,77.192600,15.000000,lev20,Almucantar
IIT_Delhi,16:05:2022,11:21:54,136,136.473542,0.122170,0.031273,0.019186,0.017182,2.761738,63.237231,62.586108,4.103109,0.126242,1.208926,3,10,8,5,3,10,8,5,3,10,8,5,3,10,8,5,0.072750,0.135430,0.267340,0.266800,1,1,17:05:2024,00:07:14,1292,28.545000,77.192600,15.000000,lev20,Almucantar
IIT_Delhi,16:05:2022,12:09:54,136,136.506875,0.120280,0.038108,0.026652,0.020243,2.257970,73.564113,72.924686,4.345381,0.066679,1.182785,4,10,7,6,4,10,7,6,4,10,7,6,4,10,7,6,0.083990,0.156400,0.303020,0.298740,1,1,17:05:2024,00:25:57,1292,28.545000,77.192600,15.000000,lev20,Almucantar
IIT_Delhi,17:05:2022,01:16:56,137,137.053426,0.129210,0.051144,0.034629,0.027422,1.953980,74.022636,74.660357,3.268901,0.060288,1.197857,4,10,7,6,4,10,7,6,4,10,7,6,4,10,7,6,0.079880,0.150280,0.303780,0.303970,1,1,17:05:2024,00:09:01,1292,28.545000,77.192600,15.000000,lev20,Almucantar
IIT_Delhi,17:05:2022,01:49:17,137,137.075891,0.118690,0.045437,0.030015,0.024830,2.038321,67.088885,67.735744,3.469397,0.133381,1.161234,4,10,7,6,4,10,7,6,4,10,7,6,4,10,7,6,0.072880,0.136700,0.277930,0.279470,1,1,17:05:2024,00:22:18,1292,28.545000,77.192600,15.000000,lev20,Almucantar
IIT_Delhi,17:05:2022,02:37:46,137,137.109560,0.112130,0.033551,0.021370,0.024596,2.469647,56.554028,57.209460,4.008952,0.286451,1.173682,4,10,8,4,4,10,8,4,4,10,8,4,4,10,7,5,0.066060,0.123520,0.252780,0.255750,1,1,17:05:2024,00:33:20,1292,28.545000,77.192600,15.000000,lev20,Almucantar
IIT_Delhi,18:05:2022,01:49:31,138,138.076053,0.103710,0.040332,0.032426,0.031442,1.756178,66.956151,67.602592,4.116118,0.154748,1.054852,4,10,7,6,4,10,7,6,4,10,7,6,4,10,6,6,0.072770,0.136500,0.277540,0.279080,1,1,16:05:2024,23:59:03,1292,28.545000,77.192600,15.000000,lev20,Almucantar
IIT_Delhi,18:05:2022,02:37:23,138,138.109294,0.094746,0.036082,0.026743,0.022420,1.895469,56.561443,57.216540,3.089731,0.242475,1.091697,4,10,8,4,4,10,8,4,4,10,8,4,4,10,7,5,0.066060,0.123530,0.252800,0.255770,1,1,16:05:2024,13:11:43,1292,28.545000,77.192600,15.000000,lev20,Almucantar
IIT_Delhi,18:05:2022,10:54:21,138,138.454410,0.124740,0.053720,0.041189,0.034394,1.659614,57.057553,56.402817,2.764383,0.209965,1.088279,4,10,7,5,4,10,7,5,4,10,8,4,4,10,8,4,0.066660,0.124190,0.253130,0.254390,1,1,16:05:2024,23:58:42,1292,28.545000,77.192600,15.000000,lev20,Almucantar
IIT_Delhi,18:05:2022,11:21:56,138,138.473565,0.122160,0.052509,0.040755,0.035474,1.646561,63.056487,62.406121,2.936058,0.156737,1.053262,3,10,8,5,3,10,8,5,3,10,8,5,3,10,8,5,0.070310,0.131070,0.265970,0.265920,1,1,17:05:2024,00:11:14,1292,28.545000,77.192600,15.000000,lev20,Almucantar
IIT_Delhi,18:05:2022,12:11:51,138,138.508229,0.121990,0.047906,0.036029,0.029747,1.828519,73.775798,73.138071,2.996710,0.057820,1.034988,4,10,7,6,4,10,7,6,4,10,7,6,4,10,7,6,0.080420,0.150150,0.301350,0.297730,1,1,17:05:2024,00:23:19,1292,28.545000,77.192600,15.000000,lev20,Almucantar
IIT_Delhi,19:05:2022,01:17:02,139,139.053495,0.102390,0.042863,0.031826,0.025556,1.745832,73.829772,74.466386,3.119371,0.079761,0.942508,4,10,7,6,4,10,7,6,4,10,7,6,4,10,7,6,0.079660,0.149850,0.302930,0.303140,1,1,17:05:2024,00:18:23,1292,28.545000,77.192600,15.000000,lev20,Almucantar
IIT_Delhi,19:05:2022,02:37:00,139,139.109028,0.095037,0.035492,0.025447,0.019758,1.969432,56.573332,57.228085,3.527560,0.296482,0.908581,4,10,8,4,4,10,8,4,4,10,8,4,4,10,7,5,0.066070,0.123550,0.252820,0.255780,1,1,17:05:2024,00:11:45,1292,28.545000,77.192600,15.000000,lev20,Almucantar
IIT_Delhi,19:05:2022,10:56:48,139,139.456111,0.104620,0.036512,0.027728,0.021910,1.999429,57.501560,56.847425,3.885588,0.287709,1.004207,4,10,7,5,4,10,7,5,4,10,7,5,4,10,8,4,0.066900,0.124630,0.253960,0.255130,1,1,17:05:2024,00:39:37,1292,28.545000,77.192600,15.000000,lev20,Almucantar
IIT_Delhi,19:05:2022,11:22:26,139,139.473912,0.111860,0.045683,0.036752,0.031689,1.679164,63.071556,62.421661,3.557266,0.155312,1.056306,3,10,8,5,3,10,8,5,3,10,8,5,3,10,8,5,0.070320,0.131090,0.266000,0.265960,1,1,17:05:2024,00:00:33,1292,28.545000,77.192600,15.000000,lev20,Almucantar
IIT_Delhi,19:05:2022,12:11:55,139,139.508275,0.119450,0.044836,0.034050,0.029500,1.886084,73.689134,73.051949,4.616511,0.090477,1.043267,4,10,7,6,4,10,7,6,4,10,7,6,4,10,7,6,0.080320,0.149960,0.301000,0.297390,1,1,17:05:2024,00:15:11,1292,28.545000,77.192600,15.000000,lev20,Almucantar
IIT_Delhi,20:05:2022,01:15:02,140,140.052106,0.131080,0.038415,0.028805,0.021584,2.287949,74.174852,74.810183,3.908396,0.057194,1.270017,4,10,7,6,4,10,7,6,4,10,7,6,4,10,7,6,0.080050,0.150610,0.304420,0.304620,1,1,17:05:2024,00:09:27,1292,28.545000,77.192600,15.000000,lev20,Almucantar
IIT_Delhi,20:05:2022,01:48:09,140,140.075104,0.119630,0.030644,0.019773,0.011374,2.694486,67.098963,67.744118,4.970780,0.205341,1.206681,4,10,7,6,4,10,7,6,4,10,7,6,4,10,7,6,0.072880,0.136710,0.277950,0.279490,1,1,17:05:2024,00:24:48,1292,28.545000,77.192600,15.000000,lev20,Almucantar
IIT_Delhi,20:05:2022,02:36:50,140,140.108912,0.116770,0.035774,0.023582,0.021647,2.387862,56.542384,57.196812,4.551851,0.249845,1.179900,4,10,8,4,4,10,8,4,4,10,8,4,4,10,7,5,0.066050,0.123510,0.252760,0.255730,1,1,17:05:2024,00:37:06,1292,28.545000,77.192600,15.000000,lev20,Almucantar
IIT_Delhi,20:05:2022,11:22:59,140,140.474294,0.128570,0.022748,0.014349,0.013587,3.300169,63.097860,62.448448,6.686961,0.165330,1.264760,3,10,8,5,3,10,6,4,3,10,8,4,3,10,8,4,0.070350,0.131140,0.266100,0.266020,1,1,17:05:2024,00:23:55,1292,28.545000,77.192600,15.000000,lev20,Almucantar
IIT_Delhi,20:05:2022,12:12:09,140,140.508438,0.118650,0.029284,0.015295,0.012065,3.029601,73.638441,73.001846,4.653621,0.150816,1.139388,4,10,7,6,4,10,7,5,4,10,7,5,4,10,7,4,0.080260,0.149850,0.300800,0.297200,1,1,17:05:2024,00:39:19,1292,28.545000,77.192600,15.000000,lev20,Almucantar
IIT_Delhi,22:05:2022,01:14:15,142,142.051562,0.068247,0.030872,0.023950,0.019852,1.567706,74.195059,74.828964,3.152005,0.076639,0.738083,4,10,7,6,4,10,7,6,4,10,7,6,4,10,7,6,0.080100,0.150690,0.304560,0.304700,1,1,17:05:2024,00:03:16,1292,28.545000,77.192600,15.000000,lev20,Almucantar
IIT_Delhi,22:05:2022,01:47:24,142,142.074583,0.065605,0.024531,0.016936,0.012703,2.017054,67.126119,67.770127,2.872418,0.170579,0.663551,4,10,7,6,4,10,7,6,4,10,7,6,4,10,7,6,0.072910,0.136750,0.278040,0.279570,1,1,17:05:2024,00:12:05,1292,28.545000,77.192600,15.000000,lev20,Almucantar
IIT_Delhi,22:05:2022,02:36:55,142,142.108970,0.067330,0.022927,0.016680,0.014204,2.093988,56.402970,57.056791,2.795855,0.289579,0.680262,4,10,8,4,4,10,8,4,4,10,8,4,4,10,7,5,0.065980,0.123380,0.252510,0.255490,1,1,17:05:2024,00:19:07,1292,28.545000,77.192600,15.000000,lev20,Almucantar
IIT_Delhi,22:05:2022,03:03:49,142,142.127650,0.071583,0.026720,0.021511,0.023261,1.818227,50.523645,51.180600,3.003685,0.362965,0.695560,3,10,8,4,3,10,8,4,3,10,8,4,3,10,8,4,0.063440,0.118490,0.243130,0.246690,1,1,17:05:2024,00:25:29,1292,28.545000,77.192600,15.000000,lev20,Almucantar
IIT_Delhi,22:05:2022,11:23:57,142,142.474965,0.068154,0.018453,0.012386,0.009502,2.556466,63.122987,62.474515,2.389916,0.180748,0.550246,3,10,8,5,3,10,8,5,3,10,8,5,3,10,8,5,0.070370,0.131180,0.266170,0.266080,1,1,17:05:2024,00:16:15,1292,28.545000,77.192600,15.000000,lev20,Almucantar
IIT_Delhi,22:05:2022,12:12:38,142,142.508773,0.079382,0.034297,0.028056,0.023504,1.569647,73.542478,72.907042,2.864146,0.076159,0.557154,4,10,7,6,4,10,7,6,4,10,7,6,4,10,7,6,0.080170,0.149660,0.300340,0.296830,1,1,17:05:2024,00:22:45,1292,28.545000,77.192600,15.000000,lev20,Almucantar
IIT_Delhi,22:05:2022,12:31:01,142,142.521539,0.085338,0.048204,0.041440,0.036282,1.087325,77.411525,76.783285,3.739147,0.061551,0.610489,2,10,6,5,2,10,7,6,2,10,7,6,4,10,7,6,0.085560,0.159820,0.319200,0.313700,1,1,17:05:2024,00:26:00,1292,28.545000,77.192600,15.000000,lev20,Almucantar
IIT_Delhi,24:05:2022,01:13:36,144,144.051111,0.025545,0.008780,0.005152,0.005365,2.361481,74.204227,74.836765,1.667072,0.014058,0.411193,4,10,7,6,4,10,7,6,4,10,7,6,4,10,7,6,0.080110,0.150720,0.304580,0.304730,1,1,16:05:2024,13:27:04,1292,28.545000,77.192600,15.000000,lev20,Almucantar
IIT_Delhi,25:05:2022,01:47:14,145,145.074468,0.076058,0.030601,0.019141,0.017643,2.032499,66.993463,67.636006,1.554982,0.012372,1.089997,4,10,7,6,4,10,7,6,4,10,7,6,4,10,7,6,0.071360,0.134310,0.282890,0.285610,1,1,17:05:2024,04:08:03,1292,28.545000,77.192600,15.000000,lev20,Almucantar
IIT_Delhi,25:05:2022,11:25:11,145,145.475822,0.043394,0.015111,0.011094,0.009767,2.047218,63.118002,62.470877,3.041203,0.032371,0.989050,3,10,8,5,3,10,7,5,3,10,8,5,3,10,8,5,0.069170,0.129190,0.271130,0.272000,1,1,17:05:2024,04:10:46,1292,28.545000,77.192600,15.000000,lev20,Almucantar
IIT_Delhi,25:05:2022,12:13:54,145,145.509653,0.050968,0.035754,0.029888,0.026480,0.786865,73.518348,72.884766,3.818014,0.018825,1.195534,4,10,7,6,4,10,7,6,4,10,7,6,4,10,7,6,0.077980,0.146740,0.306090,0.303840,1,1,17:05:2024,04:13:27,1292,28.545000,77.192600,15.000000,lev20,Almucantar
IIT_Delhi,26:05:2022,01:13:02,146,146.050718,0.070600,0.024432,0.019578,0.016754,1.942123,74.212903,74.844122,1.810513,0.008649,1.003308,4,10,7,6,4,10,7,6,4,10,7,6,4,10,6,6,0.078000,0.147880,0.310580,0.312170,1,1,18:05:2024,12:24:30,1292,28.545000,77.192600,15.000000,lev20,Almucantar
IIT_Delhi,26:05:2022,01:47:17,146,146.074502,0.068819,0.028159,0.019174,0.017010,1.894935,66.935256,67.577347,1.696806,0.022063,1.095566,4,10,7,6,4,10,7,6,4,10,7,6,4,10,7,6,0.071320,0.134220,0.282710,0.285440,1,1,18:05:2024,12:31:53,1292,28.545000,77.192600,15.000000,lev20,Almucantar
IIT_Delhi,26:05:2022,02:35:08,146,146.107731,0.069721,0.028634,0.020404,0.017674,1.829558,56.600998,57.253256,2.007586,0.036910,1.228337,4,10,8,4,4,10,8,4,4,10,8,4,4,10,7,5,0.065300,0.121940,0.257500,0.261360,1,1,18:05:2024,12:38:02,1292,28.545000,77.192600,15.000000,lev20,Almucantar
IIT_Delhi,26:05:2022,03:02:47,146,146.126933,0.074307,0.028307,0.017854,0.015193,2.106623,50.569094,51.225086,1.317556,0.028735,1.231469,3,10,8,4,3,10,8,4,3,10,8,4,3,10,8,4,0.062940,0.117150,0.247580,0.251910,1,1,18:05:2024,12:44:02,1292,28.545000,77.192600,15.000000,lev20,Almucantar
IIT_Delhi,26:05:2022,12:14:28,146,146.510046,0.133410,0.061220,0.046812,0.040120,1.564357,73.542307,72.909373,1.763587,0.015553,1.225186,4,10,7,6,4,10,7,6,4,10,7,6,4,10,7,6,0.078000,0.146800,0.306180,0.303940,1,1,18:05:2024,12:36:41,1292,28.545000,77.192600,15.000000,lev20,Almucantar
IIT_Delhi,26:05:2022,12:32:46,146,146.522755,0.119320,0.049785,0.039794,0.037450,1.654292,77.377800,76.752267,3.746837,0.026397,1.174795,3,10,7,6,3,10,7,6,3,10,7,6,4,10,7,6,0.082850,0.156420,0.325250,0.321280,1,1,18:05:2024,12:39:41,1292,28.545000,77.192600,15.000000,lev20,Almucantar
IIT_Delhi,27:05:2022,01:47:24,147,147.074583,0.088152,0.036149,0.025573,0.021220,1.841409,66.867059,67.508723,1.996024,0.040766,1.071403,4,10,7,6,4,10,7,6,4,10,7,6,4,10,7,6,0.071270,0.134110,0.282480,0.285230,1,1,19:05:2024,16:31:35,1292,28.545000,77.192600,15.000000,lev20,Almucantar
IIT_Delhi,27:05:2022,02:34:55,147,147.107581,0.085302,0.033046,0.023334,0.020127,1.932409,56.611085,57.262992,1.501892,0.055941,1.098104,4,10,8,4,4,10,8,4,4,10,8,4,4,10,7,5,0.065300,0.121950,0.257510,0.261370,1,1,19:05:2024,16:35:05,1292,28.545000,77.192600,15.000000,lev20,Almucantar
IIT_Delhi,28:05:2022,01:47:45,148,148.074826,0.116550,0.023406,0.016560,0.014272,2.952451,66.753210,67.394517,4.311675,0.211712,1.288436,4,10,7,6,4,10,7,6,4,10,7,6,4,10,7,6,0.071170,0.133920,0.282110,0.284900,1,1,20:05:2024,15:37:00,1292,28.545000,77.192600,15.000000,lev20,Almucantar
IIT_Delhi,28:05:2022,02:34:56,148,148.107593,0.117520,0.027379,0.017904,0.015432,2.824609,56.574583,57.226170,3.707843,0.202511,1.365051,4,10,8,4,4,10,8,4,4,10,8,4,4,10,7,5,0.065270,0.121900,0.257420,0.261310,1,1,20:05:2024,15:56:15,1292,28.545000,77.192600,15.000000,lev20,Almucantar
IIT_Delhi,28:05:2022,11:27:50,148,148.477662,0.100240,0.024799,0.015934,0.012444,2.754193,63.423830,62.778326,2.986544,0.156442,1.116274,3,10,8,5,3,10,8,5,3,10,8,5,3,10,8,5,0.069360,0.129580,0.271910,0.272710,1,1,20:05:2024,16:49:16,1292,28.545000,77.192600,15.000000,lev20,Almucantar
IIT_Delhi,28:05:2022,12:15:57,148,148.511076,0.114110,0.026554,0.014754,0.012002,3.040073,73.666378,73.034830,3.080072,0.072173,1.137837,4,10,7,6,4,10,7,6,4,10,7,6,4,10,7,6,0.078190,0.147150,0.306830,0.304450,1,1,20:05:2024,15:50:53,1292,28.545000,77.192600,15.000000,lev20,Almucantar
IIT_Delhi,29:05:2022,01:12:56,149,149.050648,0.064256,0.013927,0.009186,0.006161,2.925680,74.100059,74.729646,3.312109,0.121930,0.639314,4,10,7,6,4,10,7,6,4,10,7,6,4,10,7,6,0.077870,0.147620,0.310020,0.311660,1,1,21:05:2024,16:24:54,1292,28.545000,77.192600,15.000000,lev20,Almucantar
IIT_Delhi,29:05:2022,01:45:39,149,149.073368,0.063968,0.016389,0.009120,0.012141,2.888353,67.167141,67.807422,2.861718,0.138861,0.663695,4,10,7,6,4,10,7,6,4,10,7,6,4,10,7,6,0.071480,0.134560,0.283390,0.286130,1,1,21:05:2024,16:35:41,1292,28.545000,77.192600,15.000000,lev20,Almucantar
IIT_Delhi,29:05:2022,02:34:39,149,149.107396,0.060367,0.019669,0.015296,0.016959,2.075221,56.607333,57.258550,2.068467,0.251376,0.678975,4,10,8,4,4,10,8,4,4,10,8,4,4,10,7,5,0.065300,0.121950,0.257510,0.261370,1,1,21:05:2024,16:45:00,1292,28.545000,77.192600,15.000000,lev20,Almucantar
IIT_Delhi,30:05:2022,01:45:42,150,150.073403,0.121820,0.032973,0.022575,0.019415,2.530965,67.125534,67.765388,4.531270,0.185952,1.231614,4,10,7,6,4,10,7,6,4,10,7,6,4,10,7,6,0.071450,0.134490,0.283270,0.286000,1,1,22:05:2024,17:57:50,1292,28.545000,77.192600,15.000000,lev20,Almucantar
IIT_Delhi,30:05:2022,02:34:36,150,150.107361,0.104540,0.032896,0.022855,0.024924,2.277270,56.593413,57.244303,4.340449,0.234380,1.092742,4,10,8,4,4,10,8,4,4,10,8,4,4,10,7,5,0.065280,0.121920,0.257460,0.261340,1,1,22:05:2024,17:42:02,1292,28.545000,77.192600,15.000000,lev20,Almucantar
IIT_Delhi,31:05:2022,01:45:52,151,151.073519,0.176530,0.059322,0.033757,0.030020,2.436802,67.063142,67.702612,4.674133,0.099535,1.636286,4,10,7,6,4,10,7,6,4,10,7,6,4,10,7,6,0.071390,0.134380,0.283040,0.285820,1,1,23:05:2024,18:22:48,1292,28.545000,77.192600,15.000000,lev20,Almucantar
IIT_Delhi,31:05:2022,10:59:52,151,151.458241,0.147170,0.058766,0.041310,0.033333,1.891154,57.133019,56.482689,4.119085,0.254308,1.246410,4,10,7,5,4,10,7,5,4,10,8,4,4,10,8,4,0.065870,0.122630,0.257950,0.260000,1,1,23:05:2024,18:26:13,1292,28.545000,77.192600,15.000000,lev20,Almucantar
IIT_Delhi,31:05:2022,12:18:30,151,151.512847,0.133960,0.055753,0.042174,0.036667,1.730513,73.927422,73.297983,2.892143,0.042050,1.180772,4,10,7,6,4,10,7,6,4,10,7,6,4,10,7,6,0.078470,0.147710,0.307970,0.305520,1,1,23:05:2024,18:46:19,1292,28.545000,77.192600,15.000000,lev20,Almucantar
IIT_Delhi,01:06:2022,01:13:19,152,152.050914,0.075374,0.015454,0.010447,0.006625,2.979924,73.923937,74.552176,3.856878,0.116101,0.700057,4,10,7,6,4,10,7,6,4,10,7,6,4,10,7,6,0.077680,0.147220,0.309210,0.310870,1,1,24:05:2024,18:24:32,1292,28.545000,77.192600,15.000000,lev20,Almucantar
IIT_Delhi,01:06:2022,01:45:12,152,152.073056,0.073702,0.021816,0.012103,0.014340,2.667591,67.182439,67.821297,4.333951,0.261041,0.712226,4,10,7,6,4,10,7,6,4,10,7,6,4,10,7,6,0.071500,0.134590,0.283470,0.286170,1,1,24:05:2024,18:32:50,1292,28.545000,77.192600,15.000000,lev20,Almucantar
IIT_Delhi,02:06:2022,01:13:29,153,153.051030,0.072042,0.017362,0.010040,0.013515,2.933160,73.865435,74.493265,3.964199,0.074635,0.745555,4,10,7,6,4,10,7,6,4,10,7,6,4,10,7,6,0.079450,0.149950,0.321530,0.323260,1,1,25:05:2024,15:16:49,1292,28.545000,77.192600,15.000000,lev20,Almucantar
IIT_Delhi,02:06:2022,01:45:07,153,153.072998,0.071385,0.018789,0.011015,0.014833,2.777999,67.181284,67.819707,3.574009,0.152163,0.777066,4,10,7,6,4,10,7,6,4,10,7,6,4,10,7,6,0.072940,0.136700,0.294280,0.296990,1,1,25:05:2024,16:24:36,1292,28.545000,77.192600,15.000000,lev20,Almucantar
IIT_Delhi,02:06:2022,02:34:11,153,153.107072,0.080372,0.024272,0.016212,0.017934,2.392941,56.632968,57.282857,2.958936,0.247034,0.858841,4,10,8,4,4,10,8,4,4,10,8,4,4,10,7,5,0.066320,0.123260,0.266480,0.270320,1,1,25:05:2024,16:34:36,1292,28.545000,77.192600,15.000000,lev20,Almucantar
IIT_Delhi,02:06:2022,12:18:26,153,153.512801,0.102480,0.029980,0.023624,0.018798,2.225620,73.736894,73.108110,3.665612,0.084050,0.940244,4,10,7,6,4,10,6,6,4,10,5,5,4,10,5,5,0.080130,0.150160,0.319580,0.316960,1,1,25:05:2024,16:52:02,1292,28.545000,77.192600,15.000000,lev20,Almucantar
IIT_Delhi,03:06:2022,01:11:28,154,154.049630,0.069841,0.028145,0.021117,0.017146,1.791403,74.267789,74.894345,3.137524,0.108197,0.612388,4,10,7,6,4,10,7,6,4,10,7,6,4,10,7,6,0.079960,0.150960,0.323580,0.325180,1,1,27:05:2024,15:49:48,1292,28.545000,77.192600,15.000000,lev20,Almucantar
IIT_Delhi,03:06:2022,01:44:54,154,154.072847,0.058870,0.023412,0.017019,0.014493,1.853479,67.212404,67.850363,3.143461,0.185549,0.567644,4,10,7,6,4,10,7,6,4,10,7,6,4,10,7,6,0.072980,0.136760,0.294410,0.297090,1,1,27:05:2024,15:57:07,1292,28.545000,77.192600,15.000000,lev20,Almucantar
IIT_Delhi,03:06:2022,02:34:06,154,154.107014,0.057222,0.020009,0.015782,0.018092,1.946722,56.641699,57.291276,3.677709,0.347546,0.526381,4,10,8,4,4,10,8,4,4,10,8,4,4,10,7,5,0.066320,0.123260,0.266490,0.270340,1,1,27:05:2024,15:33:31,1292,28.545000,77.192600,15.000000,lev20,Almucantar
IIT_Delhi,03:06:2022,03:03:25,154,154.127373,0.066237,0.020378,0.017167,0.019268,2.059632,50.267573,50.921801,3.095272,0.371211,0.555526,3,10,8,4,3,10,8,4,3,10,8,4,3,10,8,4,0.063670,0.117880,0.255270,0.259620,1,1,27:05:2024,15:38:51,1292,28.545000,77.192600,15.000000,lev20,Almucantar
IIT_Delhi,03:06:2022,11:00:53,154,154.458947,0.074044,0.027563,0.021604,0.019871,1.857574,57.113239,56.463790,3.243815,0.274279,0.700365,4,10,6,5,4,10,7,5,4,10,8,4,4,10,8,4,0.066910,0.123940,0.266860,0.268760,1,1,27:05:2024,15:54:00,1292,28.545000,77.192600,15.000000,lev20,Almucantar
IIT_Delhi,03:06:2022,11:28:56,154,154.478426,0.073841,0.026728,0.023709,0.019927,1.738889,63.155865,62.512394,3.442519,0.198892,0.719761,3,10,8,5,3,10,8,5,3,10,7,5,3,10,8,5,0.070480,0.131000,0.281170,0.281840,1,1,27:05:2024,16:00:48,1292,28.545000,77.192600,15.000000,lev20,Almucantar
IIT_Delhi,03:06:2022,12:18:47,154,154.513044,0.075894,0.033133,0.027172,0.021413,1.550155,73.724073,73.095735,2.478544,0.083827,0.682747,4,10,7,6,4,10,7,6,4,10,7,6,4,10,7,6,0.080130,0.150120,0.319500,0.316910,1,1,27:05:2024,15:39:37,1292,28.545000,77.192600,15.000000,lev20,Almucantar
IIT_Delhi,04:06:2022,01:44:51,155,155.072812,0.072181,0.026957,0.020624,0.017090,1.884243,67.211885,67.849441,4.407172,0.117224,0.658942,4,9,7,6,4,10,7,6,4,10,7,6,4,10,7,6,0.072970,0.136750,0.294400,0.297090,1,1,28:05:2024,15:24:20,1292,28.545000,77.192600,15.000000,lev20,Almucantar
IIT_Delhi,04:06:2022,02:34:00,155,155.106944,0.063385,0.022273,0.016484,0.017382,2.022601,56.657723,57.306992,3.895152,0.292524,0.616505,4,10,8,4,4,10,8,4,4,10,8,4,4,10,7,4,0.066330,0.123280,0.266520,0.270370,1,1,28:05:2024,15:30:22,1292,28.545000,77.192600,15.000000,lev20,Almucantar
IIT_Delhi,04:06:2022,03:03:32,155,155.127454,0.063205,0.021811,0.016958,0.016247,1.986125,50.238971,50.892993,2.898590,0.271691,0.600981,3,10,8,4,3,10,8,4,3,10,8,4,3,10,8,4,0.063660,0.117860,0.255230,0.259580,1,1,28:05:2024,15:36:22,1292,28.545000,77.192600,15.000000,lev20,Almucantar
IIT_Delhi,04:06:2022,12:18:48,155,155.513056,0.090462,0.037883,0.029667,0.024967,1.675430,73.643021,73.014982,4.282870,0.094250,0.750727,4,10,7,6,4,10,7,6,4,10,7,6,4,10,7,6,0.080030,0.149930,0.319130,0.316560,1,1,28:05:2024,15:37:40,1292,28.545000,77.192600,15.000000,lev20,Almucantar
IIT_Delhi,05:06:2022,01:11:18,156,156.049514,0.040551,0.007360,0.005185,0.004480,3.115471,74.274932,74.900533,5.772076,0.172149,0.442857,4,10,7,6,4,10,7,6,4,10,7,6,4,10,7,6,0.079950,0.150960,0.323610,0.325210,1,1,29:05:2024,14:29:52,1292,28.545000,77.192600,15.000000,lev20,Almucantar
IIT_Delhi,05:06:2022,01:44:44,156,156.072731,0.039677,0.006652,0.005327,0.004622,3.070871,67.229327,67.866473,5.881450,0.320252,0.459470,4,10,7,6,4,10,7,6,4,10,7,6,4,10,7,6,0.072990,0.136790,0.294460,0.297140,1,1,29:05:2024,14:36:22,1292,28.545000,77.192600,15.000000,lev20,Almucantar
IIT_Delhi,05:06:2022,02:33:58,156,156.106921,0.039804,0.007074,0.005290,0.007634,3.070093,56.662928,57.311910,4.822186,0.391214,0.450353,4,10,8,4,4,10,8,4,4,10,8,4,4,10,7,5,0.066340,0.123280,0.266540,0.270380,1,1,29:05:2024,14:20:16,1292,28.545000,77.192600,15.000000,lev20,Almucantar
IIT_Delhi,05:06:2022,03:03:43,156,156.127581,0.037108,0.009183,0.008770,0.013874,2.233866,50.199415,50.853247,4.087256,0.422708,0.424279,3,10,8,4,3,10,8,4,3,10,8,4,3,10,8,4,0.063650,0.117840,0.255170,0.259520,1,1,29:05:2024,14:26:05,1292,28.545000,77.192600,15.000000,lev20,Almucantar
IIT_Delhi,06:06:2022,01:11:11,157,157.049433,0.036409,0.007942,0.006274,0.006509,2.679099,74.291307,74.916439,5.029196,0.166783,0.406571,4,10,7,6,4,10,7,6,4,10,7,6,4,10,7,6,0.079980,0.151020,0.323710,0.325290,1,1,30:05:2024,13:12:42,1292,28.545000,77.192600,15.000000,lev20,Almucantar
IIT_Delhi,06:06:2022,01:44:38,157,157.072662,-999.0,-999.0,-999.0,-999.0,-999.0,67.246942,67.883695,4.951368,0.249452,0.393860,4,10,7,6,4,10,7,6,4,10,7,6,4,10,7,6,0.072990,0.136800,0.294490,0.297200,1,1,30:05:2024,13:19:04,1292,28.545000,77.192600,15.000000,lev20,Almucantar
IIT_Delhi,06:06:2022,02:33:51,157,157.106840,0.038082,0.008926,0.006769,0.009542,2.620836,56.689709,57.338396,4.133285,0.359663,0.406688,4,10,8,4,4,10,8,4,4,10,8,4,4,10,7,5,0.066340,0.123300,0.266580,0.270430,1,1,30:05:2024,13:24:41,1292,28.545000,77.192600,15.000000,lev20,Almucantar
IIT_Delhi,06:06:2022,03:01:47,157,157.126238,0.037629,0.008791,0.008145,0.011461,2.363292,50.624592,51.277942,4.285632,0.439522,0.403189,3,10,8,4,3,10,8,4,3,10,8,4,3,10,8,4,0.063800,0.118150,0.255820,0.260140,1,1,30:05:2024,13:06:12,1292,28.545000,77.192600,15.000000,lev20,Almucantar
IIT_Delhi,08:06:2022,01:11:09,159,159.049410,0.118700,0.029808,0.016222,0.012895,2.948737,74.293788,74.918114,5.431923,0.085758,1.196208,4,10,7,6,4,10,7,6,4,10,7,6,4,10,7,6,0.079950,0.150970,0.323620,0.325300,1,1,01:06:2024,19:44:59,1292,28.545000,77.192600,15.000000,lev20,Almucantar
IIT_Delhi,23:06:2022,12:24:12,174,174.516806,0.044538,0.008010,0.004717,0.003396,3.364760,73.558129,72.933622,3.845920,0.081153,0.476822,4,10,7,6,4,10,7,6,4,10,7,6,4,10,7,6,0.077080,0.146370,0.327200,0.323780,1,1,15:06:2024,19:31:23,1292,28.545000,77.192600,15.000000,lev20,Almucantar
IIT_Delhi,24:06:2022,01:12:34,175,175.050394,0.049999,0.009961,0.004563,0.003889,3.535027,74.455306,75.076785,3.551726,0.154825,0.578938,4,10,7,6,4,10,7,6,4,10,7,6,4,10,7,6,0.077330,0.148020,0.333190,0.333940,1,1,17:06:2024,15:26:56,1292,28.545000,77.192600,15.000000,lev20,Almucantar
IIT_Delhi,24:06:2022,01:47:21,175,175.074549,0.047772,0.014524,0.008656,0.008110,2.532041,67.166328,67.800395,2.541688,0.078366,0.640670,4,10,7,6,4,10,7,6,4,10,7,6,4,10,7,6,0.070690,0.133880,0.301880,0.303910,1,1,17:06:2024,15:36:44,1292,28.545000,77.192600,15.000000,lev20,Almucantar
IIT_Delhi,24:06:2022,11:05:18,175,175.462014,0.044221,0.004775,0.003792,0.003268,3.766736,56.775885,56.128730,5.801503,0.431126,0.474531,4,10,7,5,4,10,8,4,4,10,8,4,4,10,8,4,0.065010,0.121330,0.272820,0.274250,1,1,17:06:2024,15:28:49,1292,28.545000,77.192600,15.000000,lev20,Almucantar
IIT_Delhi,24:06:2022,11:25:07,175,175.475775,0.039598,0.004287,0.003418,0.002947,3.757569,61.034572,60.391764,4.905898,0.313376,0.421840,3,10,8,5,3,10,7,5,3,10,5,5,3,10,5,5,0.067160,0.125810,0.282630,0.283190,1,1,17:06:2024,15:34:04,1292,28.545000,77.192600,15.000000,lev20,Almucantar
IIT_Delhi,24:06:2022,11:45:01,175,175.489595,0.041055,0.007319,0.005500,0.006902,3.058818,65.279301,64.641652,4.729553,0.231177,0.412482,3,10,7,6,3,10,6,6,3,10,4,5,3,10,5,5,0.069820,0.131320,0.294630,0.294140,1,1,17:06:2024,15:39:14,1292,28.545000,77.192600,15.000000,lev20,Almucantar
IIT_Delhi,24:06:2022,12:24:26,175,175.516968,-999.0,-999.0,-999.0,-999.0,-999.0,73.569481,72.944916,4.445331,0.149011,0.379722,4,10,7,6,4,10,7,6,4,10,7,6,4,10,7,6,0.077080,0.146380,0.327230,0.323830,1,1,17:06:2024,15:17:55,1292,28.545000,77.192600,15.000000,lev20,Almucantar
IIT_Delhi,25:06:2022,01:12:45,176,176.050521,-999.0,-999.0,-999.0,-999.0,-999.0,74.470795,75.092327,3.504145,0.106544,0.383723,4,10,7,6,4,10,7,6,4,10,7,6,4,10,7,6,0.077350,0.148070,0.333290,0.334020,1,1,18:06:2024,14:19:19,1292,28.545000,77.192600,15.000000,lev20,Almucantar
IIT_Delhi,25:06:2022,01:47:38,176,176.074745,-999.0,-999.0,-999.0,-999.0,-999.0,67.160045,67.794194,3.974471,0.195228,0.389702,4,10,7,6,4,10,7,6,4,10,7,6,4,10,7,6,0.070680,0.133870,0.301860,0.303890,1,1,18:06:2024,14:25:46,1292,28.545000,77.192600,15.000000,lev20,Almucantar
IIT_Delhi,25:06:2022,02:37:35,176,176.109433,0.034217,0.004108,0.003274,0.002826,3.596912,56.482219,57.129050,3.721670,0.302157,0.412534,4,10,8,4,4,10,8,4,4,10,8,4,4,10,7,5,0.064580,0.120890,0.272860,0.276190,1,1,18:06:2024,14:31:18,1292,28.545000,77.192600,15.000000,lev20,Almucantar
IIT_Delhi,25:06:2022,03:03:57,176,176.127743,0.036739,0.004118,0.003441,0.006262,3.641708,50.773095,51.424691,3.193436,0.295160,0.429119,3,10,8,4,3,10,8,4,3,10,8,4,3,10,8,4,0.062390,0.116250,0.262380,0.266220,1,1,18:06:2024,14:36:57,1292,28.545000,77.192600,15.000000,lev20,Almucantar
IIT_Delhi,25:06:2022,11:05:34,176,176.462199,0.114750,0.057800,0.046906,0.040744,1.341289,56.795761,56.148553,1.135572,0.029547,0.959062,4,10,7,5,4,10,8,4,4,10,8,4,4,10,8,4,0.065020,0.121360,0.272870,0.274280,1,1,18:06:2024,14:34:05,1292,28.545000,77.192600,15.000000,lev20,Almucantar
IIT_Delhi,25:06:2022,11:25:22,176,176.475949,0.113200,0.053729,0.042072,0.035641,1.480658,61.051246,60.408376,1.489583,0.032155,0.947818,3,10,8,5,3,10,8,5,3,10,8,5,3,10,8,5,0.067180,0.125830,0.282690,0.283230,1,1,18:06:2024,14:42:16,1292,28.545000,77.192600,15.000000,lev20,Almucantar
IIT_Delhi,25:06:2022,11:45:13,176,176.489734,0.111740,0.051410,0.040461,0.034681,1.522467,65.285781,64.648052,1.406788,0.037963,0.916263,3,10,7,6,3,10,7,6,3,10,8,5,3,10,8,5,0.069820,0.131320,0.294650,0.294150,1,1,18:06:2024,14:51:21,1292,28.545000,77.192600,15.000000,lev20,Almucantar
IIT_Delhi,25:06:2022,12:24:32,176,176.517037,0.100000,0.048051,0.038357,0.032099,1.436279,73.556314,72.931615,1.737486,0.035021,0.788175,4,10,7,6,4,10,7,6,4,10,7,6,4,10,7,6,0.077080,0.146380,0.327160,0.323770,1,1,18:06:2024,14:22:18,1292,28.545000,77.192600,15.000000,lev20,Almucantar
IIT_Delhi,26:06:2022,01:13:03,177,177.050729,0.069300,0.029270,0.021055,0.018628,1.773558,74.464552,75.086212,1.861012,0.020398,0.903109,4,10,7,6,4,10,7,6,4,10,7,6,4,10,7,6,0.076370,0.146110,0.338750,0.339110,1,1,19:06:2024,13:36:18,1292,28.545000,77.192600,15.000000,lev20,Almucantar
IIT_Delhi,26:06:2022,01:47:42,177,177.074792,0.064620,0.026712,0.018719,0.015744,1.841364,67.201802,67.835988,2.050180,0.035264,0.914943,4,10,7,6,4,10,7,6,4,10,7,6,4,10,7,6,0.069950,0.132310,0.306650,0.308260,1,1,19:06:2024,13:44:31,1292,28.545000,77.192600,15.000000,lev20,Almucantar
IIT_Delhi,26:06:2022,02:37:47,177,177.109572,0.052829,0.012459,0.007535,0.006783,2.908125,56.494602,57.141496,1.295935,0.019701,0.979019,4,10,8,4,4,10,8,4,4,10,8,4,4,10,7,4,0.063990,0.119530,0.276670,0.279580,1,1,19:06:2024,13:24:57,1292,28.545000,77.192600,15.000000,lev20,Almucantar
IIT_Delhi,26:06:2022,11:05:41,177,177.462280,0.056953,0.018140,0.014807,0.013456,2.047042,56.786084,56.138778,2.093556,0.020658,0.997276,4,10,7,4,4,10,7,4,4,10,7,4,4,10,8,3,0.064410,0.119960,0.276630,0.277570,1,1,19:06:2024,13:32:27,1292,28.545000,77.192600,15.000000,lev20,Almucantar
IIT_Delhi,26:06:2022,11:25:32,177,177.476065,0.065232,0.033321,0.029577,0.025532,1.201905,61.052976,60.410007,3.179221,0.040824,1.048227,3,10,8,5,3,10,8,5,3,10,8,4,3,10,8,5,0.066510,0.124360,0.286770,0.286820,1,1,19:06:2024,13:39:13,1292,28.545000,77.192600,15.000000,lev20,Almucantar
IIT_Delhi,26:06:2022,12:24:41,177,177.517141,0.063394,0.033132,0.026988,0.022981,1.278959,73.556835,72.932001,1.618932,0.009311,0.885747,4,10,7,6,4,10,7,6,4,10,7,6,4,10,7,6,0.076110,0.144480,0.332490,0.328590,1,1,19:06:2024,13:49:35,1292,28.545000,77.192600,15.000000,lev20,Almucantar
IIT_Delhi,26:06:2022,12:42:51,177,177.529757,0.049071,0.033766,0.031675,0.027922,0.665674,77.313125,76.696303,2.279230,0.012760,0.893048,4,10,7,6,4,10,7,6,4,10,7,6,4,10,7,6,0.080630,0.153880,0.353730,0.347930,1,1,19:06:2024,13:52:36,1292,28.545000,77.192600,15.000000,lev20,Almucantar
IIT_Delhi,27:06:2022,01:13:18,178,178.050903,0.017131,0.010985,0.008598,0.007318,1.012938,74.471058,75.092848,5.151503,0.145988,1.084658,4,10,7,6,4,10,7,6,4,10,7,6,4,10,7,6,0.076380,0.146140,0.338810,0.339150,1,1,20:06:2024,12:23:02,1292,28.545000,77.192600,15.000000,lev20,Almucantar
IIT_Delhi,27:06:2022,01:47:56,178,178.074954,0.041761,0.018539,0.014178,0.012102,1.615732,67.210426,67.844721,3.533458,0.047805,1.151371,4,10,7,6,4,10,7,6,4,10,7,6,4,10,7,6,0.069950,0.132320,0.306670,0.308290,1,1,20:06:2024,12:29:59,1292,28.545000,77.192600,15.000000,lev20,Almucantar
IIT_Delhi,27:06:2022,02:38:07,178,178.109803,0.050782,0.023180,0.018189,0.016560,1.538686,56.480028,57.127028,1.878113,0.024779,1.191487,4,10,8,4,4,10,8,4,4,10,8,4,4,10,7,5,0.063990,0.119520,0.276660,0.279550,1,1,20:06:2024,12:36:24,1292,28.545000,77.192600,15.000000,lev20,Almucantar
IIT_Delhi,27:06:2022,03:04:28,178,178.128102,0.045371,0.018242,0.013644,0.012127,1.799088,50.773188,51.424920,1.977410,0.028328,1.197720,3,10,8,4,3,10,8,4,3,10,8,4,3,10,8,4,0.061880,0.114980,0.265880,0.269270,1,1,20:06:2024,12:18:43,1292,28.545000,77.192600,15.000000,lev20,Almucantar
IIT_Delhi,27:06:2022,11:05:55,178,178.462442,0.039838,0.020602,0.015487,0.013181,1.400694,56.804446,56.157050,4.180467,0.042344,1.270904,4,10,7,5,4,10,8,4,4,10,8,4,4,10,5,3,0.064420,0.119980,0.276680,0.277600,1,1,20:06:2024,12:40:33,1292,28.545000,77.192600,15.000000,lev20,Almucantar
IIT_Delhi,27:06:2022,11:25:46,178,178.476227,0.045179,0.020919,0.014876,0.012325,1.645569,61.071973,60.428905,4.931227,0.072845,1.268766,3,10,8,4,3,9,8,4,3,6,7,4,3,8,5,5,0.066530,0.124400,0.286840,0.286870,1,1,20:06:2024,12:46:50,1292,28.545000,77.192600,15.000000,lev20,Almucantar
IIT_Delhi,27:06:2022,11:45:39,178,178.490035,0.035413,0.017346,0.014275,0.012474,1.366442,65.314981,64.677043,3.848794,0.049861,1.206200,3,10,7,6,3,10,7,6,3,10,7,5,3,10,6,3,0.069100,0.129790,0.299170,0.298160,1,1,20:06:2024,12:19:22,1292,28.545000,77.192600,15.000000,lev20,Almucantar
IIT_Delhi,28:06:2022,01:13:34,179,179.051088,0.074770,0.045276,0.037152,0.032206,1.040163,74.476398,75.098349,2.225310,0.014092,1.452338,4,10,7,6,4,10,7,6,4,10,7,6,4,10,7,6,0.076390,0.146150,0.338820,0.339170,1,1,21:06:2024,15:30:58,1292,28.545000,77.192600,15.000000,lev20,Almucantar
IIT_Delhi,28:06:2022,01:48:09,179,179.075104,0.043747,0.041265,0.044916,0.046258,-0.020284,67.224615,67.859035,3.586589,0.070915,1.547136,4,10,7,6,4,10,7,6,4,10,7,6,4,10,7,6,0.069960,0.132350,0.306730,0.308340,1,1,21:06:2024,15:20:00,1292,28.545000,77.192600,15.000000,lev20,Almucantar
IIT_Delhi,28:06:2022,02:38:17,179,179.109919,0.041050,0.018743,0.016942,0.016391,1.352727,56.503140,57.150229,2.263567,0.035814,1.479211,4,10,8,4,4,10,8,4,4,10,8,4,4,10,7,5,0.064000,0.119530,0.276680,0.279600,1,1,21:06:2024,15:27:43,1292,28.545000,77.192600,15.000000,lev20,Almucantar
IIT_Delhi,28:06:2022,03:04:39,179,179.128229,0.035959,0.010119,0.006256,0.004892,2.604145,50.791969,51.443778,2.801587,0.024693,1.503283,3,10,8,4,3,10,8,4,3,10,7,4,3,10,8,4,0.061880,0.115000,0.265920,0.269300,1,1,21:06:2024,15:34:26,1292,28.545000,77.192600,15.000000,lev20,Almucantar
IIT_Delhi,04:07:2022,02:39:19,185,185.110637,0.008610,0.003962,0.002748,0.002237,1.688050,56.666617,57.314574,3.729542,0.101217,1.211954,4,10,8,4,4,10,8,4,4,10,8,4,4,10,7,5,0.063420,0.118220,0.279750,0.282160,1,1,10:05:2025,22:50:49,1292,28.545000,77.192600,15.000000,lev20,Almucantar
IIT_Delhi,06:07:2022,11:46:30,187,187.490625,0.037171,0.021137,0.018111,0.014626,1.081278,65.378612,64.738581,2.068126,0.021085,0.749247,3,10,7,6,3,10,7,6,3,10,8,5,3,10,8,5,0.068320,0.128180,0.302360,0.300800,1,1,10:05:2025,21:57:26,1292,28.545000,77.192600,15.000000,lev20,Almucantar
IIT_Delhi,06:07:2022,12:25:28,187,187.517685,0.034284,0.021062,0.019693,0.017347,0.846472,73.609163,72.981610,1.818197,0.006973,0.678757,4,10,7,6,4,10,7,6,4,10,7,6,4,10,7,6,0.075090,0.142560,0.336110,0.331660,1,1,10:05:2025,21:34:49,1292,28.545000,77.192600,15.000000,lev20,Almucantar
IIT_Delhi,08:07:2022,11:07:40,189,189.463657,0.008934,0.005227,0.004112,0.003505,1.149054,57.043677,56.394239,3.321269,0.045053,0.509388,4,10,7,5,4,10,4,3,4,10,5,3,4,10,4,3,0.063860,0.118730,0.279900,0.280280,1,1,10:05:2025,21:37:31,1292,28.545000,77.192600,15.000000,lev20,Almucantar
IIT_Delhi,08:07:2022,11:47:09,189,189.491076,0.025712,0.011735,0.009923,0.008570,1.440792,65.531472,64.890935,2.668164,0.030943,0.483625,3,10,7,6,3,10,5,6,3,10,5,6,3,10,6,5,0.068420,0.128400,0.302870,0.301260,1,1,10:05:2025,21:40:06,1292,28.545000,77.192600,15.000000,lev20,Almucantar
IIT_Delhi,08:07:2022,12:25:21,189,189.517604,0.033196,0.022738,0.020279,0.017280,0.739067,73.608662,72.980251,2.932992,0.023486,0.463408,4,10,7,6,4,10,7,6,4,10,7,6,4,10,7,6,0.075090,0.142550,0.336110,0.331650,1,1,10:05:2025,21:17:54,1292,28.545000,77.192600,15.000000,lev20,Almucantar
IIT_Delhi,08:07:2022,12:43:19,189,189.530081,0.024162,0.015005,0.014038,0.012910,0.828870,77.346206,76.725452,3.551576,0.010875,0.400580,4,10,7,6,4,10,7,6,4,10,7,6,4,10,7,5,0.079420,0.151710,0.357540,0.351180,1,1,10:05:2025,21:21:10,1292,28.545000,77.192600,15.000000,lev20,Almucantar
IIT_Delhi,02:08:2022,01:27:16,214,214.060602,0.031943,0.013207,0.012065,0.012750,1.493300,74.571144,75.212032,4.637587,0.148043,0.744390,4,10,7,6,4,10,7,6,4,10,7,4,4,10,7,3,0.071740,0.136360,0.350760,0.349650,1,1,18:05:2024,07:21:49,1292,28.545000,77.192600,15.000000,lev20,Almucantar
IIT_Delhi,05:08:2022,12:16:56,217,217.511759,0.012768,0.006870,0.004911,0.003993,1.404929,73.979092,73.333546,4.839857,0.029624,0.922906,4,10,7,6,4,10,7,6,4,10,7,4,4,10,4,4,0.070670,0.132800,0.347570,0.341360,1,1,18:05:2024,07:04:17,1292,28.545000,77.192600,15.000000,lev20,Almucantar
IIT_Delhi,04:11:2022,10:29:06,308,308.436875,0.154440,0.076524,0.058621,0.049172,1.442504,72.201939,71.630882,1.221171,0.004842,1.993325,4,10,7,6,4,10,7,6,4,10,7,6,4,10,7,6,0.069800,0.125800,0.298050,0.296860,1,1,03:05:2024,12:34:22,1292,28.545000,77.192600,15.000000,lev20,Almucantar
IIT_Delhi,05:11:2022,02:58:54,309,309.124236,0.146820,0.067779,0.053448,0.045846,1.514636,67.776412,68.325314,1.982334,0.020416,2.121973,4,10,7,6,4,10,7,6,4,10,7,6,4,10,7,6,0.066330,0.118700,0.282460,0.284960,1,1,03:05:2024,12:29:20,1292,28.545000,77.192600,15.000000,lev20,Almucantar
IIT_Delhi,05:11:2022,03:46:45,309,309.157465,0.143360,0.073685,0.052268,0.043966,1.486338,59.513809,60.000593,0.998067,0.008264,2.048658,3,11,7,5,3,10,8,5,3,10,8,5,3,10,8,5,0.062330,0.109570,0.259800,0.262620,1,1,03:05:2024,12:43:14,1292,28.545000,77.192600,15.000000,lev20,Almucantar
IIT_Delhi,05:11:2022,04:46:42,309,309.199097,0.146160,0.071378,0.052161,0.045418,1.526922,50.973255,51.337696,1.373542,0.021216,2.027631,3,10,8,4,3,10,8,4,3,10,8,4,3,10,8,4,0.059610,0.103330,0.244030,0.247070,1,1,03:05:2024,12:54:42,1292,28.545000,77.192600,15.000000,lev20,Almucantar
IIT_Delhi,05:11:2022,08:46:44,309,309.365787,0.118060,0.060894,0.047309,0.040266,1.361560,54.958049,54.530991,1.045863,0.015818,1.633333,4,10,8,4,4,10,8,4,4,10,8,4,4,10,8,4,0.060870,0.106000,0.250250,0.252100,1,1,03:05:2024,12:40:17,1292,28.545000,77.192600,15.000000,lev20,Almucantar
IIT_Delhi,05:11:2022,09:46:47,309,309.407488,0.105150,0.052924,0.041229,0.035247,1.396084,64.620251,64.094980,1.030651,0.010820,1.471607,3,10,8,5,3,10,8,5,3,10,8,5,3,10,8,5,0.064870,0.114910,0.271970,0.272460,1,1,03:05:2024,12:49:56,1292,28.545000,77.192600,15.000000,lev20,Almucantar
IIT_Delhi,05:11:2022,10:36:10,309,309.441782,0.107220,0.055442,0.044635,0.038928,1.310937,73.734676,73.159320,1.265226,0.012095,1.515453,4,10,7,6,4,10,7,6,4,10,7,6,4,10,7,6,0.071060,0.128600,0.304750,0.303130,1,1,03:05:2024,13:00:41,1292,28.545000,77.192600,15.000000,lev20,Almucantar
IIT_Delhi,06:11:2022,02:24:11,310,310.100127,0.083423,0.037634,0.025217,0.018969,1.764115,74.487240,75.065747,2.481691,0.028749,1.299051,4,10,7,6,4,10,7,6,4,10,7,6,4,10,7,6,0.071190,0.129750,0.309600,0.311790,1,1,03:05:2024,12:33:01,1292,28.545000,77.192600,15.000000,lev20,Almucantar
IIT_Delhi,06:11:2022,02:58:53,310,310.124225,0.090120,0.040462,0.028876,0.023807,1.688851,67.981333,68.528697,1.801216,0.017555,1.201822,4,10,7,6,4,10,7,6,4,10,7,6,4,10,7,6,0.066460,0.118980,0.283160,0.285640,1,1,03:05:2024,12:18:50,1292,28.545000,77.192600,15.000000,lev20,Almucantar
IIT_Delhi,07:11:2022,03:46:47,311,311.157488,0.069566,0.028573,0.017514,0.013821,2.026933,59.965160,60.448383,1.925248,0.020876,0.854559,3,10,8,5,3,10,8,5,3,10,8,5,3,10,8,5,0.062510,0.109970,0.260810,0.263600,1,1,03:05:2024,12:30:05,1292,28.545000,77.192600,15.000000,lev20,Almucantar
IIT_Delhi,07:11:2022,04:46:49,311,311.199178,0.058888,0.023076,0.016319,0.013120,1.912581,51.487777,51.848420,1.104211,0.021410,0.722038,3,10,8,4,3,10,8,4,3,10,8,4,3,10,8,4,0.059740,0.103640,0.244810,0.247820,1,1,03:05:2024,12:17:12,1292,28.545000,77.192600,15.000000,lev20,Almucantar
IIT_Delhi,07:11:2022,08:46:47,311,311.365822,0.070630,0.021520,0.015219,0.012585,2.304200,55.433959,55.010776,2.058021,0.013524,0.816591,4,10,8,4,4,10,8,4,4,10,8,4,4,10,7,4,0.061030,0.106350,0.251110,0.252920,1,1,03:05:2024,12:27:47,1292,28.545000,77.192600,15.000000,lev20,Almucantar
IIT_Delhi,08:11:2022,03:00:43,312,312.125498,0.171960,0.075264,0.057026,0.048588,1.650003,68.053852,68.596248,2.060396,0.021814,2.036264,4,10,7,6,4,10,7,6,4,10,7,6,4,10,7,6,0.066500,0.119080,0.283390,0.285860,1,1,17:05:2024,00:18:17,1292,28.545000,77.192600,15.000000,lev20,Almucantar
IIT_Delhi,08:11:2022,03:46:54,312,312.157569,0.153310,0.062357,0.047203,0.040514,1.765345,60.173769,60.655127,1.657926,0.025102,2.079576,3,10,8,5,3,10,8,5,3,10,8,5,3,10,8,5,0.062590,0.110170,0.261290,0.264060,1,1,17:05:2024,00:31:06,1292,28.545000,77.192600,15.000000,lev20,Almucantar
IIT_Delhi,09:11:2022,02:25:48,313,313.101250,0.064881,0.031504,0.024411,0.020819,1.459013,74.734610,75.307861,2.244876,0.021619,0.953742,4,10,7,6,4,10,7,6,4,10,5,6,4,9,5,6,0.070780,0.130180,0.298900,0.301900,1,1,17:05:2024,00:32:45,1292,28.545000,77.192600,15.000000,lev20,Almucantar
IIT_Delhi,09:11:2022,03:01:47,313,313.126238,0.067693,0.034435,0.027628,0.024112,1.340898,68.064722,68.604497,1.284760,0.009475,0.990211,4,10,7,6,4,10,7,6,4,10,7,6,4,10,7,6,0.066060,0.119120,0.272420,0.275670,1,1,17:05:2024,00:22:58,1292,28.545000,77.192600,15.000000,lev20,Almucantar
IIT_Delhi,09:11:2022,03:46:56,313,313.157593,0.078912,0.033153,0.023381,0.020224,1.807785,60.394859,60.874535,1.258244,0.012347,1.075105,3,10,8,5,3,10,8,5,3,10,8,5,3,10,8,5,0.062380,0.110490,0.251550,0.255020,1,1,17:05:2024,00:30:14,1292,28.545000,77.192600,15.000000,lev20,Almucantar
IIT_Delhi,09:11:2022,04:46:56,313,313.199259,0.075722,0.032652,0.023458,0.018945,1.742974,51.994439,52.351573,1.043126,0.016365,1.070738,3,10,8,4,3,10,8,4,3,10,8,4,3,10,8,4,0.059690,0.104130,0.235910,0.239570,1,1,17:05:2024,00:38:22,1292,28.545000,77.192600,15.000000,lev20,Almucantar
IIT_Delhi,09:11:2022,08:46:54,313,313.365903,0.088336,0.035238,0.025174,0.020577,1.871531,55.898247,55.478783,2.356482,0.028277,1.310511,4,10,8,4,4,10,8,4,4,10,8,4,4,10,8,4,0.060940,0.106840,0.242040,0.244550,1,1,17:05:2024,00:31:21,1292,28.545000,77.192600,15.000000,lev20,Almucantar
IIT_Delhi,14:11:2022,09:47:45,318,318.408160,0.077607,0.040752,0.033325,0.029085,1.266489,66.389494,65.878558,1.107922,0.011886,0.906984,4,10,7,6,4,10,7,6,4,10,7,6,3,10,7,6,0.065420,0.117120,0.266420,0.267460,1,1,17:05:2024,00:36:46,1292,28.545000,77.192600,15.000000,lev20,Almucantar
IIT_Delhi,14:11:2022,10:27:07,318,318.435498,0.076449,0.043910,0.036147,0.031659,1.118198,73.415860,72.861598,1.040812,0.005881,0.958960,4,10,7,6,4,10,7,6,4,10,7,6,4,10,7,6,0.070180,0.127970,0.291710,0.291150,1,1,17:05:2024,00:47:28,1292,28.545000,77.192600,15.000000,lev20,Almucantar
IIT_Delhi,14:11:2022,10:45:20,318,318.448148,0.074561,0.044117,0.039966,0.036270,0.946397,76.836662,76.267211,2.109470,0.005574,0.998292,4,8,7,6,4,8,7,6,4,9,7,6,4,10,7,6,0.073300,0.135070,0.308200,0.306560,1,1,17:05:2024,00:50:29,1292,28.545000,77.192600,15.000000,lev20,Almucantar
IIT_Delhi,15:11:2022,10:27:19,319,319.435637,0.082054,0.043012,0.032336,0.027141,1.379511,73.582386,73.029425,1.788913,0.008154,1.066495,4,10,7,6,4,10,7,6,4,10,6,6,4,10,7,5,0.070300,0.128260,0.292410,0.291840,1,1,17:05:2024,00:54:37,1292,28.545000,77.192600,15.000000,lev20,Almucantar
IIT_Delhi,16:11:2022,02:32:48,320,320.106111,0.088254,0.036036,0.029052,0.026620,1.676684,74.724903,75.283945,1.627058,0.014957,1.137366,4,10,7,6,4,10,7,6,4,10,7,6,4,10,7,6,0.070780,0.130180,0.298860,0.301780,1,1,16:05:2024,13:35:34,1292,28.545000,77.192600,15.000000,lev20,Almucantar
IIT_Delhi,16:11:2022,03:10:00,320,320.131944,0.077948,0.035633,0.024820,0.020873,1.692652,68.033630,68.554756,1.395022,0.009685,1.045342,4,10,7,6,4,10,7,6,4,10,7,6,4,10,7,6,0.066050,0.119090,0.272330,0.275510,1,1,17:05:2024,00:39:43,1292,28.545000,77.192600,15.000000,lev20,Almucantar
IIT_Delhi,16:11:2022,03:47:59,320,320.158322,0.074359,0.030324,0.022375,0.020506,1.794811,61.780922,62.249003,1.283893,0.011717,0.978045,3,10,8,5,3,10,8,5,3,10,8,5,3,10,8,5,0.062950,0.111810,0.254740,0.258140,1,1,17:05:2024,00:47:06,1292,28.545000,77.192600,15.000000,lev20,Almucantar
IIT_Delhi,16:11:2022,04:47:54,320,320.199931,0.071383,0.032432,0.023869,0.020173,1.630004,53.626809,53.972567,2.846832,0.066469,0.846627,4,10,8,4,4,10,8,4,4,10,8,4,4,10,8,4,0.060140,0.105180,0.238480,0.242070,1,1,17:05:2024,00:49:05,1292,28.545000,77.192600,15.000000,lev20,Almucantar
IIT_Delhi,16:11:2022,07:47:53,320,320.324919,0.041541,0.016129,0.012621,0.011002,1.794189,50.624999,50.370161,1.544599,0.075271,0.456419,3,10,8,4,3,10,8,4,3,10,8,4,3,10,8,4,0.059420,0.103360,0.233660,0.236760,1,1,17:05:2024,00:26:53,1292,28.545000,77.192600,15.000000,lev20,Almucantar
IIT_Delhi,16:11:2022,08:47:50,320,320.366551,0.027509,0.009452,0.006328,0.005081,2.189059,57.417717,57.009997,3.075813,0.175433,0.427286,4,10,7,5,4,10,7,5,4,10,7,5,4,10,8,4,0.061450,0.108020,0.244890,0.247260,1,1,17:05:2024,00:29:26,1292,28.545000,77.192600,15.000000,lev20,Almucantar
IIT_Delhi,16:11:2022,10:44:41,320,320.447697,0.033121,0.024565,0.022877,0.020536,0.558515,76.949832,76.383671,2.448366,0.008225,0.440878,4,8,7,6,4,9,7,6,4,9,7,6,4,10,7,6,0.073400,0.135300,0.308780,0.307150,1,1,16:05:2024,13:35:51,1292,28.545000,77.192600,15.000000,lev20,Almucantar
IIT_Delhi,17:11:2022,03:10:37,321,321.132373,0.053363,0.027804,0.022500,0.019560,1.292335,68.127425,68.646652,1.333660,0.006996,0.814870,4,10,7,6,4,10,7,6,4,10,7,6,4,10,7,6,0.064990,0.118720,0.264450,0.268540,1,1,17:05:2024,00:36:11,1292,28.545000,77.192600,15.000000,lev20,Almucantar
IIT_Delhi,17:11:2022,03:48:01,321,321.158345,0.063089,0.029188,0.022385,0.019887,1.547757,61.990985,62.457820,1.573280,0.014815,0.914187,3,10,8,5,3,10,8,5,3,10,8,5,3,10,8,5,0.062090,0.111680,0.247500,0.251750,1,1,17:05:2024,00:42:40,1292,28.545000,77.192600,15.000000,lev20,Almucantar
IIT_Delhi,17:11:2022,04:48:05,321,321.200058,0.056408,0.029661,0.021778,0.017637,1.405653,53.843585,54.187899,1.216405,0.029404,0.839328,4,10,8,4,4,10,8,4,4,10,8,4,4,10,8,4,0.059390,0.105130,0.231490,0.235880,1,1,16:05:2024,13:49:00,1292,28.545000,77.192600,15.000000,lev20,Almucantar
IIT_Delhi,17:11:2022,10:25:40,321,321.434491,0.057927,0.030995,0.024140,0.021620,1.301186,73.521538,72.973067,2.389267,0.013537,0.893470,4,10,7,6,4,10,7,6,4,10,7,6,4,10,7,6,0.068920,0.127440,0.283450,0.283980,1,1,17:05:2024,00:33:02,1292,28.545000,77.192600,15.000000,lev20,Almucantar
IIT_Delhi,17:11:2022,10:43:43,321,321.447025,0.058780,0.028974,0.022136,0.018863,1.454118,76.877540,76.313514,1.866028,0.008799,0.853274,4,9,7,6,4,9,7,6,4,9,7,6,4,10,7,6,0.071820,0.134270,0.299250,0.298830,1,1,17:05:2024,00:35:50,1292,28.545000,77.192600,15.000000,lev20,Almucantar
IIT_Delhi,18:11:2022,02:35:46,322,322.108171,0.047945,0.024002,0.019862,0.017773,1.325267,74.548369,75.102685,1.172442,0.004661,0.541475,4,10,7,6,4,10,7,6,4,10,7,6,4,10,7,6,0.069270,0.129080,0.289160,0.293100,1,1,16:05:2024,13:52:17,1292,28.545000,77.192600,15.000000,lev20,Almucantar
IIT_Delhi,18:11:2022,03:11:42,322,322.133125,0.057971,0.023093,0.018109,0.016690,1.751466,68.140325,68.657129,1.542342,0.010399,0.596779,4,10,7,6,4,10,7,6,4,10,7,6,4,10,7,6,0.064990,0.118720,0.264460,0.268570,1,1,17:05:2024,00:27:12,1292,28.545000,77.192600,15.000000,lev20,Almucantar
IIT_Delhi,18:11:2022,03:48:15,322,322.158507,0.058742,0.028600,0.023030,0.020458,1.404365,62.168187,62.633508,1.551823,0.011890,0.668501,3,10,8,5,3,10,8,5,3,10,8,5,3,10,8,5,0.062160,0.111850,0.247920,0.252160,1,1,17:05:2024,00:33:00,1292,28.545000,77.192600,15.000000,lev20,Almucantar
IIT_Delhi,18:11:2022,04:48:19,322,322.200220,0.052371,0.024792,0.019826,0.016718,1.457150,54.051523,54.394342,2.138271,0.020217,0.601203,4,10,8,4,4,10,8,4,4,10,8,4,4,10,8,4,0.059450,0.105260,0.231820,0.236210,1,1,17:05:2024,00:37:49,1292,28.545000,77.192600,15.000000,lev20,Almucantar
IIT_Delhi,18:11:2022,09:48:18,322,322.408542,0.051669,0.024631,0.018954,0.016423,1.496734,67.048870,66.543937,1.454351,0.019980,0.586151,4,10,7,6,4,10,7,6,4,10,7,6,4,10,7,6,0.064680,0.117480,0.260320,0.262230,1,1,16:05:2024,13:56:11,1292,28.545000,77.192600,15.000000,lev20,Almucantar
IIT_Delhi,18:11:2022,10:42:30,322,322.446181,0.055607,0.026286,0.020636,0.018061,1.483620,76.753781,76.192096,2.390613,0.013467,0.594222,4,10,7,6,4,10,7,6,4,10,7,6,4,10,7,6,0.071690,0.133980,0.298600,0.298240,1,1,17:05:2024,00:47:04,1292,28.545000,77.192600,15.000000,lev20,Almucantar
IIT_Delhi,19:11:2022,07:48:31,323,323.325359,0.063822,0.022779,0.017696,0.015802,1.934739,51.299627,51.048281,1.957561,0.006914,0.706405,3,10,8,4,3,10,8,4,3,10,8,4,3,10,8,4,0.058820,0.103590,0.227400,0.231260,1,1,16:05:2024,13:58:45,1292,28.545000,77.192600,15.000000,lev20,Almucantar
IIT_Delhi,19:11:2022,08:48:30,323,323.367014,0.059036,0.022755,0.018031,0.015564,1.789073,58.014336,57.610980,1.773429,0.029556,0.671611,4,10,7,5,4,10,7,5,4,10,7,5,4,10,7,5,0.060770,0.108240,0.238530,0.241720,1,1,16:05:2024,13:39:06,1292,28.545000,77.192600,15.000000,lev20,Almucantar
IIT_Delhi,19:11:2022,09:48:32,323,323.408704,0.079758,0.039674,0.031577,0.026850,1.386273,67.214851,66.711265,0.915321,0.007759,0.792489,4,10,7,6,4,10,7,6,4,10,7,6,4,10,7,6,0.064770,0.117690,0.260810,0.262710,1,1,16:05:2024,13:46:05,1292,28.545000,77.192600,15.000000,lev20,Almucantar
IIT_Delhi,20:11:2022,02:36:53,324,324.108947,0.063416,0.033106,0.023248,0.022051,1.475343,74.713272,75.264578,1.468810,0.004543,0.724949,4,10,6,3,4,10,6,3,4,10,6,3,4,10,7,3,0.069390,0.129370,0.289890,0.293840,1,1,16:05:2024,13:47:10,1292,28.545000,77.192600,15.000000,lev20,Almucantar
IIT_Delhi,20:11:2022,03:15:48,324,324.135972,0.065054,0.028159,0.020255,0.017279,1.735429,67.837263,68.346917,1.835063,0.008608,0.741903,4,10,6,6,4,10,6,6,4,10,6,6,4,10,7,5,0.064830,0.118330,0.263510,0.267600,1,1,16:05:2024,13:54:08,1292,28.545000,77.192600,15.000000,lev20,Almucantar
IIT_Delhi,20:11:2022,04:48:43,324,324.200498,0.065394,0.029633,0.021704,0.017893,1.640425,54.464904,54.805120,1.734463,0.043557,0.731327,4,10,8,4,4,10,8,4,4,10,8,4,4,10,8,4,0.059570,0.105540,0.232500,0.236870,1,1,16:05:2024,13:58:24,1292,28.545000,77.192600,15.000000,lev20,Almucantar
IIT_Delhi,20:11:2022,08:48:47,324,324.367211,0.070685,0.030771,0.023102,0.019353,1.670422,58.208651,57.806604,1.328714,0.012307,0.785429,4,10,7,5,4,10,7,5,4,10,7,5,4,10,7,5,0.060840,0.108390,0.238900,0.242080,1,1,16:05:2024,13:47:05,1292,28.545000,77.192600,15.000000,lev20,Almucantar
IIT_Delhi,20:11:2022,09:48:45,324,324.408854,0.068541,0.034810,0.026279,0.021144,1.423280,67.371831,66.869598,1.325563,0.011863,0.729830,4,10,7,6,4,10,7,6,4,10,7,6,4,10,7,6,0.064860,0.117890,0.261290,0.263170,1,1,16:05:2024,13:54:33,1292,28.545000,77.192600,15.000000,lev20,Almucantar
IIT_Delhi,21:11:2022,02:37:53,325,325.109641,0.059946,0.026640,0.020087,0.017801,1.632655,74.713919,75.263377,2.523672,0.014855,0.557554,4,10,6,3,4,10,6,4,4,10,7,3,4,10,7,3,0.069390,0.129370,0.289880,0.293830,1,1,16:05:2024,13:52:43,1292,28.545000,77.192600,15.000000,lev20,Almucantar
IIT_Delhi,21:11:2022,03:16:05,325,325.136169,0.057688,0.023549,0.017982,0.016451,1.748291,67.985409,68.493732,1.587884,0.008417,0.617251,4,10,6,6,4,10,6,6,4,10,6,6,4,10,7,6,0.064910,0.118530,0.263990,0.268060,1,1,16:05:2024,13:57:38,1292,28.545000,77.192600,15.000000,lev20,Almucantar
IIT_Delhi,21:11:2022,03:48:58,325,325.159005,0.059254,0.024846,0.018881,0.016482,1.712865,62.685042,63.146143,2.269915,0.023200,0.638358,3,10,8,5,3,10,8,5,3,10,8,5,3,10,8,5,0.062370,0.112360,0.249150,0.253370,1,1,16:05:2024,13:42:22,1292,28.545000,77.192600,15.000000,lev20,Almucantar
IIT_Delhi,21:11:2022,04:48:55,325,325.200637,0.067521,0.034130,0.025783,0.021735,1.429766,54.666293,55.005317,2.604769,0.085957,0.645063,4,10,8,4,4,10,8,4,4,10,8,4,4,10,7,4,0.059620,0.105670,0.232830,0.237190,1,1,16:05:2024,13:48:22,1292,28.545000,77.192600,15.000000,lev20,Almucantar
IIT_Delhi,21:11:2022,07:48:50,325,325.325579,0.057971,0.026765,0.025832,0.024268,1.249450,51.708033,51.459366,2.764872,0.048092,0.557390,3,10,8,4,3,10,8,4,3,10,8,4,3,10,6,4,0.058920,0.103830,0.227980,0.231830,1,1,16:05:2024,13:55:37,1292,28.545000,77.192600,15.000000,lev20,Almucantar
IIT_Delhi,21:11:2022,08:49:00,325,325.367361,0.056607,0.025555,0.017439,0.012367,1.739044,58.387429,57.986817,1.374279,0.054519,0.513161,4,10,7,5,4,10,7,5,4,10,7,5,4,10,7,4,0.060900,0.108540,0.239260,0.242420,1,1,16:05:2024,13:57:54,1292,28.545000,77.192600,15.000000,lev20,Almucantar
IIT_Delhi,21:11:2022,09:48:57,325,325.408993,0.057117,0.027144,0.020971,0.017476,1.496335,67.519786,67.018914,1.688007,0.031581,0.473353,4,10,7,6,4,10,7,6,4,10,7,6,4,10,7,6,0.064940,0.118080,0.261730,0.263600,1,1,16:05:2024,14:02:51,1292,28.545000,77.192600,15.000000,lev20,Almucantar
IIT_Delhi,22:11:2022,02:38:54,326,326.110347,-999.0,-999.0,-999.0,-999.0,-999.0,74.711115,75.258739,1.746763,0.006083,0.312955,4,10,6,4,4,10,6,4,4,10,7,4,4,10,6,4,0.069390,0.129380,0.289910,0.293820,1,1,17:05:2024,04:35:49,1292,28.545000,77.192600,15.000000,lev20,Almucantar
IIT_Delhi,22:11:2022,03:16:18,326,326.136319,-999.0,-999.0,-999.0,-999.0,-999.0,68.143072,68.650197,1.096567,0.010044,0.340244,4,10,6,6,4,10,6,6,4,10,7,5,4,10,6,5,0.065000,0.118730,0.264470,0.268550,1,1,17:05:2024,04:19:56,1292,28.545000,77.192600,15.000000,lev20,Almucantar
IIT_Delhi,22:11:2022,03:49:17,326,326.159225,-999.0,-999.0,-999.0,-999.0,-999.0,62.840960,63.300645,1.381432,0.018423,0.358700,3,10,8,5,3,10,8,5,3,10,8,5,3,10,8,5,0.062440,0.112530,0.249550,0.253740,1,1,17:05:2024,04:25:51,1292,28.545000,77.192600,15.000000,lev20,Almucantar
IIT_Delhi,22:11:2022,04:49:10,326,326.200810,0.045238,0.023383,0.016842,0.014263,1.457530,54.858400,55.196181,2.382233,0.094537,0.414201,4,10,8,4,4,10,8,4,4,10,8,4,4,10,8,4,0.059680,0.105810,0.233170,0.237510,1,1,17:05:2024,04:31:28,1292,28.545000,77.192600,15.000000,lev20,Almucantar
IIT_Delhi,22:11:2022,07:49:13,326,326.325845,0.079025,0.051113,0.041462,0.033680,0.952655,51.921252,51.673262,2.831130,0.061871,0.601291,3,10,8,4,3,10,8,4,3,10,8,4,3,10,8,4,0.058970,0.103960,0.228300,0.232130,1,1,17:05:2024,04:41:30,1292,28.545000,77.192600,15.000000,lev20,Almucantar
IIT_Delhi,22:11:2022,08:49:09,326,326.367465,0.056572,0.028331,0.021301,0.018209,1.450453,58.550705,58.151654,1.881997,0.026287,0.519887,4,10,7,5,4,10,7,5,4,10,7,5,4,10,7,5,0.060960,0.108670,0.239580,0.242730,1,1,17:05:2024,04:20:12,1292,28.545000,77.192600,15.000000,lev20,Almucantar
IIT_Delhi,22:11:2022,09:49:18,326,326.409236,0.063847,0.031315,0.024828,0.021095,1.413266,67.686561,67.186837,1.970389,0.038456,0.543851,4,9,7,6,4,10,7,6,4,10,7,6,4,10,7,6,0.065030,0.118300,0.262260,0.264090,1,1,17:05:2024,04:25:49,1292,28.545000,77.192600,15.000000,lev20,Almucantar
IIT_Delhi,23:11:2022,02:41:57,327,327.112465,-999.0,-999.0,-999.0,-999.0,-999.0,74.339398,74.883340,0.986123,0.004921,0.383174,4,10,6,4,4,10,6,4,4,10,7,3,4,10,6,3,0.069090,0.128640,0.288130,0.292100,1,1,17:05:2024,19:07:20,1292,28.545000,77.192600,15.000000,lev20,Almucantar
IIT_Delhi,23:11:2022,03:17:26,327,327.137106,-999.0,-999.0,-999.0,-999.0,-999.0,68.144995,68.649812,1.380299,0.011506,0.377986,4,10,6,6,4,10,6,6,4,10,7,5,4,10,6,5,0.065000,0.118730,0.264470,0.268550,1,1,17:05:2024,19:11:55,1292,28.545000,77.192600,15.000000,lev20,Almucantar
IIT_Delhi,23:11:2022,03:49:46,327,327.159560,-999.0,-999.0,-999.0,-999.0,-999.0,62.969146,63.427202,1.127812,0.013354,0.362915,3,10,8,5,3,10,8,5,3,10,8,5,3,10,8,5,0.062490,0.112650,0.249840,0.254050,1,1,17:05:2024,19:16:39,1292,28.545000,77.192600,15.000000,lev20,Almucantar
IIT_Delhi,23:11:2022,04:49:26,327,327.200995,-999.0,-999.0,-999.0,-999.0,-999.0,55.044849,55.381418,1.576767,0.051825,0.369807,4,10,8,4,4,10,8,4,4,10,8,4,4,10,8,4,0.059730,0.105940,0.233470,0.237810,1,1,17:05:2024,19:00:02,1292,28.545000,77.192600,15.000000,lev20,Almucantar
IIT_Delhi,23:11:2022,05:49:31,327,327.242720,-999.0,-999.0,-999.0,-999.0,-999.0,50.058278,50.219926,3.580370,0.127598,0.349805,3,10,8,4,3,10,8,4,3,10,8,4,3,10,8,3,0.058480,0.102860,0.225810,0.230150,1,1,17:05:2024,19:04:49,1292,28.545000,77.192600,15.000000,lev20,Almucantar
IIT_Delhi,23:11:2022,09:49:30,327,327.409375,0.071771,0.034483,0.026810,0.024153,1.471026,67.821891,67.323496,2.377862,0.038017,0.595154,4,8,7,6,4,9,7,6,4,10,7,6,4,10,7,6,0.065110,0.118480,0.262690,0.264490,1,1,17:05:2024,19:09:52,1292,28.545000,77.192600,15.000000,lev20,Almucantar
IIT_Delhi,24:11:2022,02:42:09,328,328.112604,-999.0,-999.0,-999.0,-999.0,-999.0,74.483870,75.026792,1.085573,0.005336,0.302795,4,10,6,4,4,10,6,4,4,10,6,3,4,10,5,4,0.069200,0.128930,0.288810,0.292760,1,1,18:05:2024,12:33:17,1292,28.545000,77.192600,15.000000,lev20,Almucantar
IIT_Delhi,24:11:2022,03:18:34,328,328.137894,-999.0,-999.0,-999.0,-999.0,-999.0,68.145928,68.648476,1.025914,0.012322,0.326539,4,10,6,6,4,10,6,6,4,10,7,5,4,10,6,5,0.065000,0.118730,0.264480,0.268540,1,1,18:05:2024,12:37:09,1292,28.545000,77.192600,15.000000,lev20,Almucantar
IIT_Delhi,24:11:2022,03:51:05,328,328.160475,-999.0,-999.0,-999.0,-999.0,-999.0,62.969013,63.424130,1.262967,0.016595,0.349627,3,10,8,5,3,10,8,5,3,10,8,5,3,10,8,5,0.062490,0.112660,0.249850,0.254040,1,1,18:05:2024,12:21:19,1292,28.545000,77.192600,15.000000,lev20,Almucantar
IIT_Delhi,24:11:2022,07:49:39,328,328.326146,0.064083,0.034648,0.029388,0.024729,1.173089,52.299250,52.053619,1.776125,0.054266,0.540092,3,10,8,4,3,10,8,4,3,10,8,4,3,10,8,4,0.059070,0.104190,0.228860,0.232670,1,1,18:05:2024,12:28:32,1292,28.545000,77.192600,15.000000,lev20,Almucantar
IIT_Delhi,24:11:2022,08:49:42,328,328.367847,0.060707,0.024951,0.019843,0.017632,1.684360,58.890821,58.494338,2.016467,0.053893,0.535911,3,11,7,5,3,11,7,5,4,10,7,5,4,10,7,5,0.061070,0.108960,0.240260,0.243380,1,1,18:05:2024,12:30:31,1292,28.545000,77.192600,15.000000,lev20,Almucantar
IIT_Delhi,24:11:2022,09:49:50,328,328.409606,0.065144,0.033325,0.026473,0.022279,1.345191,67.973072,67.475813,1.572911,0.023658,0.589598,4,8,7,6,4,8,7,6,4,9,7,6,4,10,7,6,0.065190,0.118680,0.263160,0.264940,1,1,18:05:2024,12:37:18,1292,28.545000,77.192600,15.000000,lev20,Almucantar
IIT_Delhi,25:11:2022,02:42:26,329,329.112801,0.064840,0.038111,0.024680,0.021599,1.397031,74.611708,75.153575,3.318372,0.020819,0.478323,3,10,6,4,4,10,6,4,4,9,7,4,4,9,6,5,0.068560,0.128540,0.281180,0.286240,1,1,19:05:2024,16:25:35,1292,28.545000,77.192600,15.000000,lev20,Almucantar
IIT_Delhi,25:11:2022,03:19:37,329,329.138623,0.055406,0.026207,0.021342,0.018499,1.434600,68.159541,68.659968,2.198618,0.024918,0.454240,4,10,6,6,4,10,6,6,4,10,7,6,4,10,7,5,0.064330,0.118280,0.256960,0.262060,1,1,19:05:2024,16:29:56,1292,28.545000,77.192600,15.000000,lev20,Almucantar
IIT_Delhi,25:11:2022,07:50:06,329,329.326458,0.047155,0.019628,0.014800,0.013029,1.734516,52.497353,52.252218,3.635321,0.118178,0.416161,3,10,8,4,3,10,8,4,3,10,8,4,3,10,8,4,0.058560,0.104080,0.222580,0.227280,1,1,19:05:2024,16:18:49,1292,28.545000,77.192600,15.000000,lev20,Almucantar
IIT_Delhi,26:11:2022,09:50:22,330,330.409977,0.074840,0.044165,0.032979,0.026437,1.203973,68.233906,67.739038,2.783063,0.017981,0.783281,4,6,7,6,4,7,7,6,4,8,7,6,4,10,7,5,0.064670,0.118560,0.256450,0.259280,1,1,20:05:2024,22:40:45,1292,28.545000,77.192600,15.000000,lev20,Almucantar
IIT_Delhi,28:11:2022,03:51:02,332,332.160440,0.072725,0.037262,0.030842,0.028204,1.288843,63.743404,64.196085,1.076940,0.012789,0.658065,3,10,8,5,3,10,8,5,3,10,8,5,3,10,8,5,0.062200,0.113080,0.244590,0.249730,1,1,20:05:2024,22:42:35,1292,28.545000,77.192600,15.000000,lev20,Almucantar
IIT_Delhi,28:11:2022,04:50:59,332,332.202072,0.099092,0.044094,0.035106,0.031383,1.559288,55.891818,56.222870,2.533973,0.049570,0.788291,4,10,8,4,4,10,8,4,4,10,8,4,4,10,8,4,0.059410,0.106270,0.228210,0.233410,1,1,20:05:2024,22:45:18,1292,28.545000,77.192600,15.000000,lev20,Almucantar
IIT_Delhi,28:11:2022,05:51:03,332,332.243785,0.081610,0.032926,0.027314,0.024254,1.657875,50.995869,51.154406,1.110145,0.022873,0.741148,3,10,8,4,3,10,8,4,3,10,8,4,3,10,8,4,0.058140,0.103170,0.220580,0.225760,1,1,20:05:2024,22:50:34,1292,28.545000,77.192600,15.000000,lev20,Almucantar
IIT_Delhi,30:11:2022,04:51:39,334,334.202535,0.096449,0.050486,0.039544,0.034369,1.327925,56.194523,56.523747,1.328328,0.014616,1.080885,4,10,8,4,4,10,8,4,4,10,8,4,4,10,8,4,0.059500,0.106490,0.228730,0.233920,1,1,20:05:2024,22:44:47,1292,28.545000,77.192600,15.000000,lev20,Almucantar
IIT_Delhi,30:11:2022,05:51:47,334,334.244294,0.095053,0.048118,0.038539,0.033522,1.350761,51.324125,51.481475,1.693941,0.023194,1.027365,3,10,8,4,3,10,8,4,3,10,8,4,3,10,8,4,0.058220,0.103360,0.221040,0.226210,1,1,20:05:2024,22:51:33,1292,28.545000,77.192600,15.000000,lev20,Almucantar
IIT_Delhi,02:12:2022,03:52:25,336,336.161400,0.079808,0.041704,0.034528,0.031245,1.257850,64.249472,64.698332,1.447380,0.013690,0.779046,3,10,8,5,3,10,8,5,3,10,8,5,3,10,8,5,0.062430,0.113620,0.245880,0.250980,1,1,20:05:2024,22:58:36,1292,28.545000,77.192600,15.000000,lev20,Almucantar
IIT_Delhi,02:12:2022,04:52:25,336,336.203067,0.079535,0.037676,0.028821,0.025304,1.514349,56.467219,56.794644,2.199348,0.028944,0.763174,4,10,8,4,4,10,8,4,4,10,8,4,4,10,7,4,0.059580,0.106690,0.229210,0.234390,1,1,20:05:2024,22:42:27,1292,28.545000,77.192600,15.000000,lev20,Almucantar
IIT_Delhi,02:12:2022,05:52:28,336,336.244769,0.086636,0.040381,0.032365,0.027144,1.478368,51.630453,51.787020,1.492032,0.021882,0.855094,3,10,8,4,3,10,8,4,3,10,8,4,3,10,8,4,0.058290,0.103530,0.221480,0.226630,1,1,20:05:2024,22:48:56,1292,28.545000,77.192600,15.000000,lev20,Almucantar
IIT_Delhi,08:12:2022,06:54:48,342,342.288056,0.042845,0.019916,0.014870,0.011984,1.575570,51.365112,51.319842,3.115356,0.146661,0.436242,3,10,8,4,3,10,8,4,3,10,8,4,3,10,8,4,0.057970,0.103730,0.216530,0.221900,1,1,20:05:2024,22:41:40,1292,28.545000,77.192600,15.000000,lev20,Almucantar
IIT_Delhi,09:12:2022,03:34:15,343,343.148785,-999.0,-999.0,-999.0,-999.0,-999.0,68.129875,68.605595,2.027269,0.012795,0.354364,4,10,5,6,4,10,6,6,4,10,5,6,4,10,6,6,0.063950,0.118720,0.251870,0.257350,1,1,20:05:2024,22:45:14,1292,28.545000,77.192600,15.000000,lev20,Almucantar
IIT_Delhi,09:12:2022,03:57:43,343,343.165081,-999.0,-999.0,-999.0,-999.0,-999.0,64.563589,65.003304,1.338311,0.012939,0.349899,3,10,8,5,3,10,8,5,3,10,8,5,3,10,8,5,0.062210,0.114380,0.241820,0.247340,1,1,20:05:2024,22:47:17,1292,28.545000,77.192600,15.000000,lev20,Almucantar
IIT_Delhi,10:12:2022,06:55:40,344,344.288657,0.028339,0.013090,0.009624,0.008284,1.605573,51.558720,51.513750,3.703121,0.062346,0.546871,3,10,8,4,3,10,8,4,3,10,8,4,3,10,8,3,0.058010,0.103840,0.216800,0.222160,1,1,20:05:2024,22:44:36,1292,28.545000,77.192600,15.000000,lev20,Almucantar
IIT_Delhi,11:12:2022,03:35:56,345,345.149954,-999.0,-999.0,-999.0,-999.0,-999.0,68.139088,68.612646,2.157652,0.038232,0.366079,4,10,5,6,4,10,5,6,4,10,5,6,4,10,6,5,0.063480,0.118870,0.247930,0.253760,1,1,20:05:2024,22:58:07,1292,28.545000,77.192600,15.000000,lev20,Almucantar
IIT_Delhi,11:12:2022,03:59:30,345,345.166319,-999.0,-999.0,-999.0,-999.0,-999.0,64.576187,65.013353,1.470172,0.035759,0.357409,3,10,8,5,3,10,8,5,3,10,8,5,3,10,8,5,0.061770,0.114530,0.238030,0.243870,1,1,20:05:2024,22:39:18,1292,28.545000,77.192600,15.000000,lev20,Almucantar
IIT_Delhi,11:12:2022,04:56:01,345,345.205567,-999.0,-999.0,-999.0,-999.0,-999.0,57.415962,57.738144,1.886859,0.034144,0.366538,4,10,7,5,4,10,7,5,4,10,7,5,4,10,7,5,0.059130,0.107850,0.222630,0.228530,1,1,20:05:2024,22:43:29,1292,28.545000,77.192600,15.000000,lev20,Almucantar
IIT_Delhi,11:12:2022,06:56:04,345,345.288935,0.046943,0.022163,0.016408,0.013287,1.562477,51.643552,51.598868,2.810509,0.140610,0.436577,3,10,8,4,3,10,8,4,3,10,5,4,3,10,8,4,0.057620,0.103950,0.213380,0.219080,1,1,20:05:2024,22:45:47,1292,28.545000,77.192600,15.000000,lev20,Almucantar
IIT_Delhi,12:12:2022,03:38:36,346,346.151806,-999.0,-999.0,-999.0,-999.0,-999.0,67.851978,68.321924,2.114024,0.060695,0.187480,4,10,5,6,4,10,7,6,4,10,5,6,4,10,5,6,0.063330,0.118490,0.247060,0.252890,1,1,20:05:2024,22:43:13,1292,28.545000,77.192600,15.000000,lev20,Almucantar
IIT_Delhi,12:12:2022,04:02:06,346,346.168125,-999.0,-999.0,-999.0,-999.0,-999.0,64.329573,64.762654,1.788618,0.023044,0.184283,3,10,8,5,3,10,8,5,3,10,8,5,3,10,8,5,0.061660,0.114250,0.237400,0.243250,1,1,20:05:2024,22:47:03,1292,28.545000,77.192600,15.000000,lev20,Almucantar
IIT_Delhi,12:12:2022,04:56:31,346,346.205914,-999.0,-999.0,-999.0,-999.0,-999.0,57.482030,57.803694,1.934860,0.061874,0.206975,4,10,7,5,4,10,7,5,4,10,7,5,4,10,7,5,0.059150,0.107900,0.222750,0.228650,1,1,20:05:2024,22:51:05,1292,28.545000,77.192600,15.000000,lev20,Almucantar
IIT_Delhi,12:12:2022,06:56:30,346,346.289236,-999.0,-999.0,-999.0,-999.0,-999.0,51.721274,51.676779,3.102445,0.209287,0.331166,3,10,8,4,3,10,8,4,3,10,8,4,3,10,8,4,0.057640,0.104000,0.213480,0.219180,1,1,20:05:2024,22:55:12,1292,28.545000,77.192600,15.000000,lev20,Almucantar
IIT_Delhi,13:12:2022,02:59:27,347,347.124618,-999.0,-999.0,-999.0,-999.0,-999.0,74.422818,74.941635,1.687577,0.005445,0.241047,4,10,5,4,4,10,7,4,4,10,5,4,4,10,5,5,0.067470,0.128920,0.270760,0.276560,1,1,20:05:2024,22:57:46,1292,28.545000,77.192600,15.000000,lev20,Almucantar
IIT_Delhi,13:12:2022,03:38:59,347,347.152072,-999.0,-999.0,-999.0,-999.0,-999.0,67.917772,68.387422,1.821301,0.006026,0.253528,4,10,5,6,4,10,6,6,4,10,6,6,4,10,6,6,0.063360,0.118570,0.247260,0.253080,1,1,20:05:2024,22:38:59,1292,28.545000,77.192600,15.000000,lev20,Almucantar
IIT_Delhi,13:12:2022,04:02:29,347,347.168391,-999.0,-999.0,-999.0,-999.0,-999.0,64.397625,64.830427,1.710478,0.008379,0.251593,3,10,8,5,3,10,8,5,3,10,8,5,3,10,8,5,0.061690,0.114330,0.237570,0.243410,1,1,20:05:2024,22:43:38,1292,28.545000,77.192600,15.000000,lev20,Almucantar
IIT_Delhi,13:12:2022,06:56:59,347,347.289572,-999.0,-999.0,-999.0,-999.0,-999.0,51.792120,51.747658,2.300411,0.150631,0.187015,3,10,8,4,3,10,8,4,3,10,8,3,2,10,8,3,0.057650,0.104040,0.213580,0.219280,1,1,20:05:2024,22:54:01,1292,28.545000,77.192600,15.000000,lev20,Almucantar
IIT_Delhi,14:12:2022,02:59:51,348,348.124896,-999.0,-999.0,-999.0,-999.0,-999.0,74.477657,74.996194,1.729951,0.007112,0.239974,4,10,5,4,4,10,7,4,4,10,5,4,4,10,5,5,0.067510,0.129030,0.270980,0.276790,1,1,20:05:2024,22:49:19,1292,28.545000,77.192600,15.000000,lev20,Almucantar
IIT_Delhi,14:12:2022,03:39:30,348,348.152431,-999.0,-999.0,-999.0,-999.0,-999.0,67.958038,68.427252,1.861889,0.014587,0.227645,4,10,5,6,4,10,6,6,4,10,6,6,4,10,5,6,0.063380,0.118620,0.247370,0.253200,1,1,20:05:2024,22:53:30,1292,28.545000,77.192600,15.000000,lev20,Almucantar
IIT_Delhi,14:12:2022,04:01:03,348,348.167396,-999.0,-999.0,-999.0,-999.0,-999.0,64.721822,65.157470,1.971224,0.039772,0.199913,3,10,8,5,3,10,8,5,3,10,8,5,3,10,8,5,0.061830,0.114680,0.238390,0.244230,1,1,20:05:2024,22:57:18,1292,28.545000,77.192600,15.000000,lev20,Almucantar
IIT_Delhi,14:12:2022,04:57:20,348,348.206481,-999.0,-999.0,-999.0,-999.0,-999.0,57.615152,57.936392,1.861296,0.030210,0.244602,4,10,7,5,4,10,7,5,4,10,7,5,4,10,7,5,0.059190,0.108010,0.222990,0.228880,1,1,20:05:2024,22:58:53,1292,28.545000,77.192600,15.000000,lev20,Almucantar
IIT_Delhi,15:12:2022,03:00:18,349,349.125208,-999.0,-999.0,-999.0,-999.0,-999.0,74.519680,75.037935,0.912281,0.008453,0.192251,4,10,5,4,4,10,7,4,4,10,5,4,4,10,5,4,0.067550,0.129130,0.271210,0.276970,1,1,20:05:2024,16:45:04,1292,28.545000,77.192600,15.000000,lev20,Almucantar
IIT_Delhi,15:12:2022,03:39:57,349,349.152743,-999.0,-999.0,-999.0,-999.0,-999.0,68.003821,68.472749,1.269450,0.022775,0.227873,4,10,5,6,4,10,6,6,4,10,6,6,4,10,6,6,0.063410,0.118690,0.247540,0.253340,1,1,20:05:2024,16:50:12,1292,28.545000,77.192600,15.000000,lev20,Almucantar
IIT_Delhi,15:12:2022,04:01:31,349,349.167720,-999.0,-999.0,-999.0,-999.0,-999.0,64.767247,65.202584,1.435488,0.025852,0.255883,3,10,8,5,3,10,8,5,3,10,8,5,3,10,8,5,0.061850,0.114730,0.238490,0.244350,1,1,20:05:2024,16:54:47,1292,28.545000,77.192600,15.000000,lev20,Almucantar
IIT_Delhi,15:12:2022,04:57:49,349,349.206817,-999.0,-999.0,-999.0,-999.0,-999.0,57.664355,57.985285,2.032255,0.042492,0.304516,4,10,7,5,4,10,7,5,4,10,7,5,4,10,7,5,0.059210,0.108040,0.223070,0.228970,1,1,20:05:2024,16:58:58,1292,28.545000,77.192600,15.000000,lev20,Almucantar
IIT_Delhi,15:12:2022,05:57:55,349,349.248553,-999.0,-999.0,-999.0,-999.0,-999.0,52.923519,53.076897,1.224045,0.035116,0.376102,3,10,8,4,3,10,8,4,3,10,8,4,3,10,8,4,0.057900,0.104720,0.215260,0.221120,1,1,20:05:2024,16:37:49,1292,28.545000,77.192600,15.000000,lev20,Almucantar
IIT_Delhi,15:12:2022,06:58:00,349,349.290278,-999.0,-999.0,-999.0,-999.0,-999.0,51.911406,51.866874,1.910056,0.032081,0.348898,3,10,8,4,3,10,8,4,3,10,8,4,3,10,8,4,0.057680,0.104110,0.213750,0.219440,1,1,20:05:2024,16:42:20,1292,28.545000,77.192600,15.000000,lev20,Almucantar
IIT_Delhi,16:12:2022,03:00:49,350,350.125567,-999.0,-999.0,-999.0,-999.0,-999.0,74.545916,75.063867,1.250493,0.003666,0.330682,4,10,5,4,4,10,5,4,4,10,5,4,4,10,5,5,0.067560,0.129170,0.271310,0.277080,1,1,20:05:2024,16:45:17,1292,28.545000,77.192600,15.000000,lev20,Almucantar
IIT_Delhi,16:12:2022,03:40:26,350,350.153079,-999.0,-999.0,-999.0,-999.0,-999.0,68.039440,68.508086,1.875719,0.009976,0.372838,4,10,5,6,4,10,5,6,4,10,5,6,4,10,6,6,0.063430,0.118730,0.247630,0.253440,1,1,20:05:2024,16:49:27,1292,28.545000,77.192600,15.000000,lev20,Almucantar
IIT_Delhi,16:12:2022,04:01:54,350,350.167986,-999.0,-999.0,-999.0,-999.0,-999.0,64.819325,65.254546,1.194857,0.020455,0.396381,3,10,8,5,3,10,8,5,3,10,8,5,3,10,8,5,0.061870,0.114790,0.238620,0.244480,1,1,20:05:2024,16:53:54,1292,28.545000,77.192600,15.000000,lev20,Almucantar
IIT_Delhi,16:12:2022,04:58:17,350,350.207141,0.053900,0.027294,0.020874,0.017855,1.410836,57.708929,58.029643,1.441982,0.063864,0.417477,4,10,7,5,4,10,7,5,4,10,7,5,4,10,7,5,0.059220,0.108080,0.223160,0.229050,1,1,20:05:2024,16:58:48,1292,28.545000,77.192600,15.000000,lev20,Almucantar
IIT_Delhi,16:12:2022,05:58:31,350,350.248970,-999.0,-999.0,-999.0,-999.0,-999.0,52.964599,53.117477,1.704244,0.055004,0.396726,3,10,8,4,3,10,8,4,3,10,8,4,3,10,8,4,0.057910,0.104740,0.215320,0.221180,1,1,20:05:2024,16:41:03,1292,28.545000,77.192600,15.000000,lev20,Almucantar
IIT_Delhi,16:12:2022,06:58:22,350,350.290532,-999.0,-999.0,-999.0,-999.0,-999.0,51.957054,51.912971,3.213514,0.079362,0.382006,3,10,8,4,3,10,8,4,3,10,8,4,3,10,8,4,0.057690,0.104140,0.213810,0.219500,1,1,20:05:2024,16:45:35,1292,28.545000,77.192600,15.000000,lev20,Almucantar
IIT_Delhi,16:12:2022,07:58:21,350,350.332187,0.050430,0.025991,0.019434,0.016459,1.412993,54.861995,54.629889,2.315256,0.058614,0.400960,4,10,8,4,4,10,8,4,4,10,8,4,4,10,8,4,0.058460,0.106030,0.218070,0.223420,1,1,20:05:2024,16:47:10,1292,28.545000,77.192600,15.000000,lev20,Almucantar
IIT_Delhi,17:12:2022,03:01:15,351,351.125868,0.045368,0.022575,0.018620,0.017799,1.338978,74.582072,75.099854,1.078913,0.004789,0.418870,4,10,5,4,4,10,5,4,4,10,7,4,4,10,5,3,0.067590,0.129210,0.271430,0.277240,1,1,20:05:2024,16:46:50,1292,28.545000,77.192600,15.000000,lev20,Almucantar
IIT_Delhi,18:12:2022,04:59:11,352,352.207766,0.072976,0.037176,0.029823,0.027132,1.338837,57.782077,58.102595,1.626521,0.013691,1.021492,4,10,7,5,4,10,7,5,4,10,7,5,4,10,7,5,0.059240,0.108140,0.223290,0.229180,1,1,20:05:2024,17:03:11,1292,28.545000,77.192600,15.000000,lev20,Almucantar
IIT_Delhi,18:12:2022,05:59:27,352,352.249618,0.078093,0.035193,0.027051,0.021912,1.585695,53.037732,53.190549,1.148389,0.015222,0.951444,3,10,8,4,3,10,8,4,3,10,8,4,4,10,8,4,0.057930,0.104790,0.215440,0.221280,1,1,20:05:2024,17:08:52,1292,28.545000,77.192600,15.000000,lev20,Almucantar
IIT_Delhi,19:12:2022,04:59:43,353,353.208137,0.055936,0.035406,0.029652,0.026150,0.944425,57.799929,58.120225,1.411004,0.013723,0.911124,4,10,7,5,4,10,7,5,4,10,7,5,4,10,7,5,0.058700,0.108190,0.220690,0.226900,1,1,20:05:2024,16:43:14,1292,28.545000,77.192600,15.000000,lev20,Almucantar
IIT_Delhi,19:12:2022,05:59:55,353,353.249942,0.043806,0.018654,0.012843,0.010806,1.818334,53.063086,53.215923,2.493365,0.035843,0.709001,3,10,8,4,3,8,8,4,3,10,6,4,4,10,6,3,0.057400,0.104830,0.212920,0.219090,1,1,20:05:2024,16:44:58,1292,28.545000,77.192600,15.000000,lev20,Almucantar
IIT_Delhi,20:12:2022,08:00:16,354,354.333519,0.025967,0.009240,0.006670,0.005652,2.035815,54.963006,54.731595,4.317551,0.117782,0.411990,4,10,8,4,4,10,8,4,4,10,8,4,4,10,8,4,0.057950,0.106130,0.215660,0.221330,1,1,20:05:2024,16:42:14,1292,28.545000,77.192600,15.000000,lev20,Almucantar
IIT_Delhi,10:03:2023,10:41:42,69,69.445625,0.054915,0.025189,0.018459,0.014717,1.622019,62.685047,62.075844,2.096603,0.015146,0.530732,3,10,8,5,3,10,8,5,3,10,8,5,3,10,8,5,0.060730,0.120000,0.244540,0.247430,1,1,11:10:2024,03:28:53,1085,28.545000,77.192600,15.000000,lev20,Almucantar
IIT_Delhi,10:03:2023,11:33:06,69,69.481319,0.049836,0.042489,0.040388,0.036758,0.314975,73.386936,72.751326,1.673203,0.008042,0.572209,4,10,7,6,4,10,7,6,4,10,7,6,4,10,4,6,0.068700,0.138090,0.280670,0.281060,1,1,11:10:2024,03:31:43,1085,28.545000,77.192600,15.000000,lev20,Almucantar
IIT_Delhi,11:03:2023,03:45:38,70,70.156690,0.068725,0.037258,0.028963,0.028591,1.284246,56.448178,57.037414,1.492186,0.036901,0.607251,4,10,8,4,4,10,8,4,4,10,8,4,4,10,8,4,0.057490,0.113010,0.231340,0.236810,1,1,11:10:2024,03:33:09,1085,28.545000,77.192600,15.000000,lev20,Almucantar
IIT_Delhi,11:03:2023,04:13:35,70,70.176100,0.062475,0.029324,0.020551,0.018935,1.644852,51.110208,51.668553,1.208507,0.019376,0.587335,3,10,8,4,3,10,8,4,3,10,8,4,3,10,8,4,0.055620,0.108610,0.222230,0.227920,1,1,11:10:2024,03:38:18,1085,28.545000,77.192600,15.000000,lev20,Almucantar
IIT_Delhi,11:03:2023,10:13:58,70,70.426366,0.045296,0.019302,0.014628,0.013419,1.692520,56.951112,56.362468,2.015353,0.050715,0.442063,4,10,7,5,4,10,7,5,4,10,8,4,4,10,8,4,0.057960,0.113670,0.231800,0.235570,1,1,11:10:2024,03:26:00,1085,28.545000,77.192600,15.000000,lev20,Almucantar
IIT_Delhi,11:03:2023,10:42:42,70,70.446319,0.057731,0.029527,0.023924,0.021995,1.320484,62.716600,62.104975,1.245410,0.011442,0.473628,3,10,8,5,3,10,8,5,3,10,8,5,3,10,8,5,0.060750,0.120030,0.244600,0.247500,1,1,11:10:2024,03:32:28,1085,28.545000,77.192600,15.000000,lev20,Almucantar
IIT_Delhi,11:03:2023,11:33:51,70,70.481840,-999.0,-999.0,-999.0,-999.0,-999.0,73.397704,72.760718,1.556759,0.016335,0.387191,4,10,7,6,4,10,7,6,4,10,7,6,4,10,7,6,0.068720,0.138130,0.280750,0.281100,1,1,11:10:2024,03:37:36,1085,28.545000,77.192600,15.000000,lev20,Almucantar
IIT_Delhi,11:03:2023,11:52:11,70,70.494572,-999.0,-999.0,-999.0,-999.0,-999.0,77.308891,76.667044,2.264159,0.014084,0.350739,4,8,4,6,4,8,4,6,4,9,4,6,4,9,6,6,0.073110,0.148040,0.300450,0.299340,1,1,11:10:2024,03:39:49,1085,28.545000,77.192600,15.000000,lev20,Almucantar
IIT_Delhi,12:03:2023,03:45:21,71,71.156493,0.042363,0.021422,0.016339,0.017378,1.417620,56.209939,56.801096,1.323745,0.041381,0.416101,4,10,8,4,4,10,8,4,4,10,8,4,4,10,8,4,0.057390,0.112790,0.230880,0.236370,1,1,11:10:2024,03:29:39,1085,28.545000,77.192600,15.000000,lev20,Almucantar
IIT_Delhi,12:03:2023,04:13:19,71,71.175914,0.055390,0.036798,0.031119,0.029451,0.857037,50.848941,51.409582,2.277858,0.167591,0.478679,3,10,8,4,3,10,8,4,3,10,8,4,3,10,8,4,0.055530,0.108420,0.221840,0.227540,1,1,11:10:2024,03:35:24,1085,28.545000,77.192600,15.000000,lev20,Almucantar
IIT_Delhi,14:03:2023,03:40:31,73,73.153137,0.060337,0.031745,0.024501,0.023723,1.340327,56.579774,57.178452,1.575764,0.038846,0.588274,4,10,8,4,4,10,8,4,4,10,8,4,4,10,7,5,0.059680,0.116970,0.234790,0.238580,1,1,11:10:2024,03:33:19,1085,28.545000,77.192600,15.000000,lev20,Almucantar
IIT_Delhi,14:03:2023,04:10:59,73,73.174294,0.063985,0.041399,0.032947,0.028320,0.978017,50.664755,51.232181,1.311647,0.012013,0.579829,3,10,8,4,3,10,8,4,3,10,8,4,3,10,8,4,0.057270,0.111630,0.224880,0.229160,1,1,11:10:2024,03:35:09,1085,28.545000,77.192600,15.000000,lev20,Almucantar
IIT_Delhi,14:03:2023,10:13:08,73,73.425787,-999.0,-999.0,-999.0,-999.0,-999.0,56.226702,55.632409,2.445513,0.070391,0.397411,4,10,8,4,4,10,8,4,4,10,8,4,4,8,7,4,0.059820,0.116800,0.233620,0.235880,1,1,11:10:2024,03:25:41,1085,28.545000,77.192600,15.000000,lev20,Almucantar
IIT_Delhi,14:03:2023,10:53:42,73,73.453958,0.041661,0.021855,0.016137,0.014220,1.403097,64.488445,63.865263,2.763381,0.045863,0.415549,3,10,8,5,3,10,8,5,3,10,8,5,3,10,8,5,0.064600,0.127120,0.252290,0.252830,1,1,11:10:2024,03:30:25,1085,28.545000,77.192600,15.000000,lev20,Almucantar
IIT_Delhi,14:03:2023,11:35:58,73,73.483310,0.050761,0.032647,0.026138,0.023590,0.979455,73.413888,72.773075,2.375923,0.020594,0.517104,4,10,7,6,4,10,7,6,4,10,7,6,4,10,6,5,0.072650,0.144420,0.283450,0.281110,1,1,11:10:2024,03:35:45,1085,28.545000,77.192600,15.000000,lev20,Almucantar
IIT_Delhi,14:03:2023,11:54:14,73,73.495995,0.050236,0.035724,0.029636,0.026540,0.776336,77.331383,76.686485,1.996874,0.004934,0.529276,4,7,4,6,4,10,4,6,4,10,4,6,4,9,4,6,0.077700,0.155250,0.302960,0.298780,1,1,11:10:2024,03:38:57,1085,28.545000,77.192600,15.000000,lev20,Almucantar
IIT_Delhi,15:03:2023,02:49:05,74,74.117419,0.055566,0.024376,0.018998,0.018606,1.610502,66.866321,67.498659,1.026773,0.010708,0.444912,4,10,7,6,4,10,7,6,4,10,7,6,4,10,6,4,0.065890,0.130680,0.260190,0.262790,1,1,11:10:2024,03:43:34,1085,28.545000,77.192600,15.000000,lev20,Almucantar
IIT_Delhi,15:03:2023,03:39:26,74,74.152384,0.044108,0.023232,0.017085,0.015177,1.402107,56.503715,57.104871,1.124500,0.021218,0.433466,4,10,8,4,4,10,8,4,4,10,8,4,4,10,7,5,0.059650,0.116890,0.234640,0.238450,1,1,11:10:2024,03:45:37,1085,28.545000,77.192600,15.000000,lev20,Almucantar
IIT_Delhi,16:03:2023,10:12:33,75,75.425382,0.079142,0.052421,0.044736,0.041430,0.849723,55.746780,55.148790,2.096118,0.011703,0.926539,4,10,8,4,4,10,8,4,4,10,8,3,4,10,8,3,0.059590,0.116310,0.232730,0.235070,1,1,11:10:2024,03:37:26,1085,28.545000,77.192600,15.000000,lev20,Almucantar
IIT_Delhi,16:03:2023,10:32:45,75,75.439410,0.080703,0.047823,0.038696,0.035793,1.093039,59.835687,59.222093,2.017911,0.020325,0.924788,3,10,8,5,3,10,8,5,3,10,8,5,3,11,7,5,0.061680,0.120820,0.240880,0.242460,1,1,11:10:2024,03:45:28,1085,28.545000,77.192600,15.000000,lev20,Almucantar
IIT_Delhi,16:03:2023,10:52:59,75,75.453461,0.085460,0.058077,0.047669,0.043275,0.860980,64.022882,63.397114,1.665505,0.019157,0.988826,3,10,8,5,3,10,8,5,3,10,8,5,3,10,8,5,0.064290,0.126430,0.251040,0.251680,1,1,11:10:2024,03:53:48,1085,28.545000,77.192600,15.000000,lev20,Almucantar
IIT_Delhi,21:03:2023,11:40:28,80,80.486435,0.031845,0.018157,0.014327,0.012370,1.186109,73.423149,72.775060,2.557794,0.005309,0.725611,4,10,7,6,4,10,5,6,4,10,5,5,4,10,5,5,0.072670,0.144440,0.283470,0.281120,1,1,11:10:2024,03:43:01,1085,28.545000,77.192600,15.000000,lev20,Almucantar
IIT_Delhi,21:03:2023,11:58:49,80,80.499178,0.039195,0.024352,0.019102,0.016451,1.060152,77.396911,76.746438,3.803889,0.011433,0.733021,4,9,5,6,3,6,5,6,4,7,5,6,4,8,5,6,0.077800,0.155460,0.303280,0.299090,1,1,11:10:2024,03:45:19,1085,28.545000,77.192600,15.000000,lev20,Almucantar
IIT_Delhi,22:03:2023,10:52:18,81,81.452986,0.085619,0.051463,0.041946,0.038137,1.061309,62.971752,62.337995,2.742184,0.019182,1.449092,3,10,8,5,3,10,8,5,3,10,8,5,3,9,8,5,0.067240,0.129530,0.251750,0.251360,1,1,11:10:2024,03:45:00,1085,28.545000,77.192600,15.000000,lev20,Almucantar
IIT_Delhi,23:03:2023,02:07:17,82,82.088391,0.032771,0.015458,0.012621,0.012647,1.436420,73.703151,74.354051,1.675618,0.018755,0.470043,4,10,7,6,4,10,7,6,4,10,7,6,4,10,7,6,0.077250,0.150210,0.288940,0.288980,1,1,11:10:2024,03:55:46,1085,28.545000,77.192600,15.000000,lev20,Almucantar
IIT_Delhi,23:03:2023,03:28:08,82,82.144537,-999.0,-999.0,-999.0,-999.0,-999.0,56.494556,57.115478,1.284132,0.023057,0.396998,4,10,8,4,4,10,8,4,4,10,8,4,4,10,7,5,0.062610,0.121070,0.238320,0.240950,1,1,11:10:2024,03:28:07,1085,28.545000,77.192600,15.000000,lev20,Almucantar
IIT_Delhi,23:03:2023,10:10:15,82,82.423785,0.034521,0.014994,0.010864,0.010962,1.721838,54.070296,53.460012,2.560814,0.049554,0.486191,4,10,8,4,4,10,8,4,4,10,8,4,4,10,8,4,0.061700,0.118780,0.233560,0.235050,1,1,11:10:2024,03:41:32,1085,28.545000,77.192600,15.000000,lev20,Almucantar
IIT_Delhi,23:03:2023,10:52:18,82,82.452986,0.039545,0.026330,0.021088,0.018761,0.925044,62.826549,62.191505,1.944941,0.019684,0.490212,3,10,8,5,3,10,8,5,3,10,8,5,3,10,6,5,0.067130,0.129320,0.251390,0.251030,1,1,11:10:2024,03:26:14,1085,28.545000,77.192600,15.000000,lev20,Almucantar
IIT_Delhi,23:03:2023,11:42:26,82,82.487801,-999.0,-999.0,-999.0,-999.0,-999.0,73.588551,72.938684,4.031661,0.020866,0.341153,4,10,7,6,4,10,7,6,4,10,7,6,4,10,7,5,0.078080,0.150520,0.287210,0.283150,1,1,11:10:2024,03:30:38,1085,28.545000,77.192600,15.000000,lev20,Almucantar
IIT_Delhi,23:03:2023,12:00:52,82,82.500602,-999.0,-999.0,-999.0,-999.0,-999.0,77.589286,76.937598,3.060566,0.020038,0.331463,4,7,5,6,4,7,5,6,4,7,5,6,4,7,5,5,0.084140,0.162240,0.307020,0.300990,1,1,11:10:2024,03:32:26,1085,28.545000,77.192600,15.000000,lev20,Almucantar
IIT_Delhi,24:03:2023,10:10:02,83,83.423634,0.053102,0.027992,0.023859,0.023034,1.206884,53.860763,53.248708,1.851251,0.023276,0.895545,4,10,8,4,4,10,8,4,4,10,8,4,4,10,8,4,0.061610,0.118600,0.233240,0.234740,1,1,11:10:2024,03:44:02,1085,28.545000,77.192600,15.000000,lev20,Almucantar
IIT_Delhi,24:03:2023,10:30:31,83,83.437859,0.063322,0.040973,0.030688,0.025422,1.057662,58.094577,57.469035,1.958372,0.018668,0.891553,4,10,7,5,4,10,7,5,4,10,7,5,4,10,7,5,0.063920,0.123090,0.240840,0.241580,1,1,11:10:2024,03:26:50,1085,28.545000,77.192600,15.000000,lev20,Almucantar
IIT_Delhi,25:03:2023,02:03:22,84,84.085671,0.037234,0.016287,0.011498,0.010494,1.745012,74.037704,74.690161,3.313712,0.019170,0.592782,4,10,7,6,4,10,5,4,4,10,5,4,4,10,4,3,0.077700,0.151100,0.290490,0.290440,1,1,11:10:2024,03:29:31,1085,28.545000,77.192600,15.000000,lev20,Almucantar
IIT_Delhi,25:03:2023,03:26:25,84,84.143345,0.033268,0.024346,0.018642,0.016600,0.836980,56.286014,56.910566,1.427911,0.024306,0.505351,4,10,8,4,4,10,8,4,4,10,8,4,4,10,8,4,0.062500,0.120840,0.237920,0.240590,1,1,11:10:2024,03:35:52,1085,28.545000,77.192600,15.000000,lev20,Almucantar
IIT_Delhi,25:03:2023,03:56:24,84,84.164167,0.029656,0.017303,0.013724,0.012016,1.143434,50.157924,50.760423,3.737208,0.041222,0.561831,3,10,8,4,3,10,7,4,3,7,8,4,3,8,7,4,0.059620,0.115110,0.228010,0.231280,1,1,11:10:2024,03:40:17,1085,28.545000,77.192600,15.000000,lev20,Almucantar
IIT_Delhi,26:03:2023,02:02:11,85,85.084850,0.037281,0.013714,0.008953,0.007570,2.117445,74.038453,74.691515,2.460998,0.047206,0.565087,4,10,7,6,4,10,7,6,4,10,7,6,4,10,7,5,0.077690,0.151080,0.290480,0.290450,1,1,11:10:2024,03:32:30,1085,28.545000,77.192600,15.000000,lev20,Almucantar
IIT_Delhi,26:03:2023,02:36:08,85,85.108426,0.038841,0.014602,0.008005,0.008702,2.313283,66.681641,67.328342,2.163994,0.082882,0.575093,4,10,7,6,4,10,7,6,4,10,7,6,4,10,7,6,0.069720,0.135210,0.262850,0.264140,1,1,11:10:2024,03:42:44,1085,28.545000,77.192600,15.000000,lev20,Almucantar
IIT_Delhi,26:03:2023,03:24:01,85,85.141678,0.037142,0.015420,0.008953,0.009425,2.083295,56.506438,57.133623,2.288336,0.166204,0.576043,4,10,8,4,4,10,8,4,4,10,8,4,4,10,7,5,0.062620,0.121090,0.238350,0.240980,1,1,11:10:2024,03:50:25,1085,28.545000,77.192600,15.000000,lev20,Almucantar
IIT_Delhi,26:03:2023,03:53:00,85,85.161806,0.034626,0.014006,0.008957,0.009106,1.996837,50.548170,51.155223,2.325846,0.199291,0.567951,3,10,8,4,3,10,8,4,3,10,8,4,3,10,8,4,0.059780,0.115430,0.228570,0.231800,1,1,11:10:2024,03:57:26,1085,28.545000,77.192600,15.000000,lev20,Almucantar
IIT_Delhi,26:03:2023,10:09:19,85,85.423137,0.034433,0.006711,0.004634,0.003996,3.032782,53.389236,52.773918,2.864194,0.295787,0.558279,4,10,8,4,3,10,8,4,4,10,8,4,3,10,8,4,0.061370,0.118130,0.232450,0.234050,1,1,11:10:2024,03:42:59,1085,28.545000,77.192600,15.000000,lev20,Almucantar
IIT_Delhi,26:03:2023,10:31:39,85,85.438646,0.037542,0.012861,0.008517,0.008779,2.209534,58.031188,57.401976,2.493476,0.135336,0.573098,4,10,7,5,4,10,7,5,4,10,7,5,4,10,7,5,0.063890,0.123020,0.240730,0.241460,1,1,11:10:2024,03:50:40,1085,28.545000,77.192600,15.000000,lev20,Almucantar
IIT_Delhi,26:03:2023,10:56:28,85,85.455880,0.044075,0.019872,0.013471,0.011821,1.751208,63.290287,62.649992,2.178915,0.074431,0.580669,3,10,8,5,3,10,8,5,3,10,8,5,3,10,8,5,0.067500,0.130040,0.252570,0.252070,1,1,11:10:2024,03:57:20,1085,28.545000,77.192600,15.000000,lev20,Almucantar
IIT_Delhi,26:03:2023,11:43:41,85,85.488669,0.042340,0.015239,0.009586,0.008527,2.200226,73.479564,72.827651,2.994561,0.056798,0.495022,4,10,7,6,4,10,7,6,4,10,7,6,4,10,7,6,0.077940,0.150240,0.286740,0.282720,1,1,11:10:2024,03:27:11,1085,28.545000,77.192600,15.000000,lev20,Almucantar
IIT_Delhi,26:03:2023,12:02:10,85,85.501505,0.039630,0.013267,0.008938,0.009144,2.222854,77.501480,76.848373,3.350209,0.034219,0.465995,4,8,4,6,4,8,5,6,4,8,5,6,4,9,6,6,0.084040,0.162020,0.306600,0.300540,1,1,11:10:2024,03:30:15,1085,28.545000,77.192600,15.000000,lev20,Almucantar
IIT_Delhi,27:03:2023,02:01:02,86,86.084051,0.045903,0.025885,0.020766,0.017567,1.181532,74.033130,74.686750,1.904595,0.027486,0.745454,4,10,7,6,4,10,7,6,4,10,7,6,4,10,7,5,0.077670,0.151050,0.290420,0.290420,1,1,11:10:2024,03:42:19,1085,28.545000,77.192600,15.000000,lev20,Almucantar
IIT_Delhi,27:03:2023,11:46:03,86,86.490313,-999.0,-999.0,-999.0,-999.0,-999.0,73.870137,73.217420,3.071415,0.032429,0.269081,4,10,7,6,4,10,7,6,4,10,7,6,4,10,7,6,0.078440,0.151220,0.288380,0.284260,1,1,11:10:2024,03:28:12,1085,28.545000,77.192600,15.000000,lev20,Almucantar
IIT_Delhi,28:03:2023,02:00:45,87,87.083854,-999.0,-999.0,-999.0,-999.0,-999.0,73.840150,74.494222,2.379112,0.013867,0.305888,4,10,7,6,4,10,7,6,4,10,7,5,4,10,7,5,0.077490,0.150660,0.289670,0.289580,1,1,11:10:2024,03:33:40,1085,28.545000,77.192600,15.000000,lev20,Almucantar
IIT_Delhi,28:03:2023,10:55:47,87,87.455405,-999.0,-999.0,-999.0,-999.0,-999.0,62.871801,62.229581,2.387636,0.073472,0.371869,3,10,8,5,3,10,7,5,3,10,8,5,3,10,8,4,0.067170,0.129410,0.251530,0.251110,1,1,11:10:2024,03:45:44,1085,28.545000,77.192600,15.000000,lev20,Almucantar
IIT_Delhi,28:03:2023,11:45:48,87,87.490139,-999.0,-999.0,-999.0,-999.0,-999.0,73.692793,73.039599,2.984385,0.039961,0.396657,4,10,7,6,4,10,5,6,4,10,5,4,4,10,5,4,0.078230,0.150820,0.287660,0.283550,1,1,11:10:2024,03:28:26,1085,28.545000,77.192600,15.000000,lev20,Almucantar
IIT_Delhi,30:03:2023,03:47:27,89,89.157951,0.067938,0.028994,0.018159,0.016183,1.940752,50.529595,51.147036,1.845178,0.026765,0.885578,3,10,8,4,3,10,8,4,3,10,8,3,3,10,8,3,0.061650,0.116640,0.232400,0.234280,1,1,11:10:2024,03:29:23,1085,28.545000,77.192600,15.000000,lev20,Almucantar
IIT_Delhi,02:04:2023,10:07:04,92,92.421574,-999.0,-999.0,-999.0,-999.0,-999.0,51.848293,51.222155,2.326819,0.119277,0.297991,3,10,8,4,3,10,8,4,3,10,8,4,3,10,8,4,0.062560,0.117930,0.233930,0.234380,1,1,11:10:2024,03:41:50,1085,28.545000,77.192600,15.000000,lev20,Almucantar
IIT_Delhi,02:04:2023,10:30:29,92,92.437836,-999.0,-999.0,-999.0,-999.0,-999.0,56.791392,56.153211,2.075838,0.055880,0.285193,4,10,7,5,4,10,8,4,4,10,8,4,4,10,8,3,0.065220,0.122830,0.242330,0.241790,1,1,11:10:2024,03:45:36,1085,28.545000,77.192600,15.000000,lev20,Almucantar
IIT_Delhi,02:04:2023,11:49:08,92,92.492454,-999.0,-999.0,-999.0,-999.0,-999.0,73.821111,73.165778,2.595815,0.010685,0.322478,4,10,7,6,4,10,7,6,4,10,5,6,4,10,7,4,0.081180,0.152410,0.292990,0.286660,1,1,11:10:2024,03:31:20,1085,28.545000,77.192600,15.000000,lev20,Almucantar
IIT_Delhi,03:04:2023,02:25:34,93,93.101088,0.055156,0.031863,0.025127,0.023172,1.166485,66.920020,67.573657,2.440539,0.033944,0.629507,4,10,7,6,4,10,7,6,4,10,7,6,4,10,7,6,0.072300,0.136860,0.267960,0.267400,1,1,11:10:2024,03:39:00,1085,28.545000,77.192600,15.000000,lev20,Almucantar
IIT_Delhi,03:04:2023,03:13:57,93,93.134687,0.047474,0.011161,0.007274,0.012068,2.816686,56.473480,57.114134,2.259641,0.049080,0.610053,4,10,8,4,4,10,8,4,4,10,8,4,4,10,7,5,0.064620,0.122270,0.242300,0.243450,1,1,11:10:2024,03:44:44,1085,28.545000,77.192600,15.000000,lev20,Almucantar
IIT_Delhi,03:04:2023,10:06:49,93,93.421400,0.025109,0.003804,0.002923,0.002640,3.284632,51.650216,51.022603,2.057968,0.031830,0.537441,3,10,8,4,3,10,8,4,3,10,8,4,3,10,8,4,0.062470,0.117760,0.233640,0.234120,1,1,11:10:2024,03:38:49,1085,28.545000,77.192600,15.000000,lev20,Almucantar
IIT_Delhi,04:04:2023,10:06:30,94,94.421181,-999.0,-999.0,-999.0,-999.0,-999.0,51.439947,50.810931,2.223680,0.070954,0.367813,3,10,8,4,3,10,8,4,3,10,8,4,3,10,8,4,0.062370,0.117580,0.233320,0.233840,1,1,11:10:2024,03:41:11,1085,28.545000,77.192600,15.000000,lev20,Almucantar
IIT_Delhi,04:04:2023,10:33:30,94,94.439931,-999.0,-999.0,-999.0,-999.0,-999.0,57.168714,56.526969,1.982151,0.100936,0.387953,4,10,7,5,4,10,7,5,4,10,8,4,4,10,8,4,0.065440,0.123250,0.243050,0.242430,1,1,11:10:2024,03:45:53,1085,28.545000,77.192600,15.000000,lev20,Almucantar
IIT_Delhi,04:04:2023,11:00:09,94,94.458438,-999.0,-999.0,-999.0,-999.0,-999.0,62.912087,62.262304,2.050458,0.059081,0.384938,3,10,8,5,3,10,8,5,3,10,8,5,3,10,8,5,0.069460,0.130690,0.255790,0.253700,1,1,11:10:2024,03:25:55,1085,28.545000,77.192600,15.000000,lev20,Almucantar
IIT_Delhi,04:04:2023,11:48:38,94,94.492106,-999.0,-999.0,-999.0,-999.0,-999.0,73.478832,72.822982,3.070237,0.042612,0.359452,4,10,7,6,4,10,7,6,4,10,7,6,4,10,7,6,0.080690,0.151500,0.291420,0.285300,1,1,11:10:2024,03:31:37,1085,28.545000,77.192600,15.000000,lev20,Almucantar
IIT_Delhi,04:04:2023,12:06:57,94,94.504826,-999.0,-999.0,-999.0,-999.0,-999.0,77.481582,76.826468,3.251359,0.029105,0.345346,4,8,5,6,4,8,5,6,4,9,5,6,4,10,6,6,0.087020,0.163230,0.311500,0.303090,1,1,11:10:2024,03:34:14,1085,28.545000,77.192600,15.000000,lev20,Almucantar
IIT_Delhi,05:04:2023,02:23:05,95,95.099363,0.038782,0.017549,0.010740,0.009582,1.879956,66.968255,67.623084,2.652486,0.141712,0.477582,4,10,7,6,4,10,7,6,4,10,7,6,4,10,7,6,0.072350,0.136940,0.268080,0.267550,1,1,11:10:2024,03:46:32,1085,28.545000,77.192600,15.000000,lev20,Almucantar
IIT_Delhi,05:04:2023,10:06:16,95,95.421019,-999.0,-999.0,-999.0,-999.0,-999.0,51.248940,50.618504,2.092588,0.159302,0.316535,3,10,8,4,3,10,8,4,3,10,8,4,3,10,8,4,0.062280,0.117410,0.233030,0.233590,1,1,11:10:2024,03:35:21,1085,28.545000,77.192600,15.000000,lev20,Almucantar
IIT_Delhi,05:04:2023,11:00:43,95,95.458831,-999.0,-999.0,-999.0,-999.0,-999.0,62.912565,62.261930,3.528176,0.147099,0.237216,3,10,8,5,3,10,8,5,3,10,8,5,3,10,8,5,0.069450,0.130690,0.255790,0.253700,1,1,11:10:2024,03:43:15,1085,28.545000,77.192600,15.000000,lev20,Almucantar
IIT_Delhi,05:04:2023,11:49:07,95,95.492442,-999.0,-999.0,-999.0,-999.0,-999.0,73.469205,72.813136,2.233886,0.050886,0.221185,4,10,7,6,4,10,7,6,4,10,7,6,4,10,7,6,0.080660,0.151450,0.291360,0.285260,1,1,11:10:2024,03:26:24,1085,28.545000,77.192600,15.000000,lev20,Almucantar
IIT_Delhi,05:04:2023,12:07:26,95,95.505162,-999.0,-999.0,-999.0,-999.0,-999.0,77.472593,76.817454,2.981197,0.033982,0.223741,4,7,5,6,4,8,5,6,4,8,4,6,4,9,6,6,0.087000,0.163190,0.311430,0.303040,1,1,11:10:2024,03:28:52,1085,28.545000,77.192600,15.000000,lev20,Almucantar
IIT_Delhi,06:04:2023,10:05:54,96,96.420764,-999.0,-999.0,-999.0,-999.0,-999.0,51.031600,50.399854,2.994121,0.352617,0.271619,3,10,8,4,3,10,8,4,3,10,8,4,3,10,8,4,0.062180,0.117230,0.232720,0.233300,1,1,11:10:2024,03:43:37,1085,28.545000,77.192600,15.000000,lev20,Almucantar
IIT_Delhi,06:04:2023,10:33:08,96,96.439676,-999.0,-999.0,-999.0,-999.0,-999.0,56.830949,56.187187,1.530139,0.165997,0.271466,4,10,7,5,4,10,8,4,4,10,8,4,4,10,8,4,0.065240,0.122880,0.242400,0.241850,1,1,11:10:2024,03:48:25,1085,28.545000,77.192600,15.000000,lev20,Almucantar
IIT_Delhi,06:04:2023,11:03:00,96,96.460417,-999.0,-999.0,-999.0,-999.0,-999.0,63.287646,62.635870,2.179839,0.138897,0.278546,3,10,8,5,3,10,8,5,3,10,8,5,3,10,8,5,0.069750,0.131240,0.256740,0.254550,1,1,11:10:2024,03:29:18,1085,28.545000,77.192600,15.000000,lev20,Almucantar
IIT_Delhi,06:04:2023,11:49:44,96,96.492870,-999.0,-999.0,-999.0,-999.0,-999.0,73.489556,72.833309,2.353707,0.063920,0.268267,4,10,7,6,4,10,7,6,4,10,7,6,4,10,7,6,0.080710,0.151530,0.291490,0.285340,1,1,11:10:2024,03:34:11,1085,28.545000,77.192600,15.000000,lev20,Almucantar
IIT_Delhi,06:04:2023,12:08:05,96,96.505613,-999.0,-999.0,-999.0,-999.0,-999.0,77.500560,76.845457,2.906830,0.046050,0.270407,4,7,5,6,4,9,5,6,4,8,5,6,4,9,6,6,0.087070,0.163300,0.311630,0.303180,1,1,11:10:2024,03:36:46,1085,28.545000,77.192600,15.000000,lev20,Almucantar
IIT_Delhi,07:04:2023,01:48:19,97,97.075220,-999.0,-999.0,-999.0,-999.0,-999.0,74.093552,74.750434,3.130314,0.144337,0.232833,4,10,7,6,4,10,7,6,4,10,7,6,4,10,7,5,0.082410,0.152020,0.295230,0.292530,1,1,11:10:2024,03:39:08,1085,28.545000,77.192600,15.000000,lev20,Almucantar
IIT_Delhi,07:04:2023,02:22:24,97,97.098889,-999.0,-999.0,-999.0,-999.0,-999.0,66.633536,67.289179,2.340495,0.164114,0.250908,4,10,7,6,4,10,7,6,4,10,7,6,4,10,7,6,0.074000,0.137110,0.268020,0.267090,1,1,11:10:2024,03:44:01,1085,28.545000,77.192600,15.000000,lev20,Almucantar
IIT_Delhi,07:04:2023,03:09:11,97,97.131377,-999.0,-999.0,-999.0,-999.0,-999.0,56.477233,57.123073,2.256511,0.282127,0.257156,4,10,8,4,4,10,8,4,4,10,8,4,4,10,7,5,0.066650,0.124110,0.244360,0.245120,1,1,11:10:2024,03:48:09,1085,28.545000,77.192600,15.000000,lev20,Almucantar
IIT_Delhi,07:04:2023,03:37:34,97,97.151088,-999.0,-999.0,-999.0,-999.0,-999.0,50.424651,51.058619,2.238884,0.217234,0.275718,3,10,8,4,3,10,8,4,3,10,8,4,3,10,8,4,0.063660,0.118850,0.234790,0.236300,1,1,11:10:2024,03:28:17,1085,28.545000,77.192600,15.000000,lev20,Almucantar
IIT_Delhi,07:04:2023,10:05:38,97,97.420579,-999.0,-999.0,-999.0,-999.0,-999.0,50.837036,50.203957,2.255380,0.259067,0.162138,3,10,8,4,3,10,8,4,3,10,8,4,3,10,8,4,0.064150,0.119330,0.234970,0.235240,1,1,11:10:2024,03:39:34,1085,28.545000,77.192600,15.000000,lev20,Almucantar
IIT_Delhi,07:04:2023,10:33:54,97,97.440208,-999.0,-999.0,-999.0,-999.0,-999.0,56.868673,56.223638,3.774981,0.244797,0.160703,4,10,7,5,4,10,8,4,4,10,7,4,4,10,8,4,0.067290,0.124730,0.244560,0.243650,1,1,11:10:2024,03:43:36,1085,28.545000,77.192600,15.000000,lev20,Almucantar
IIT_Delhi,07:04:2023,11:50:10,97,97.493171,-999.0,-999.0,-999.0,-999.0,-999.0,73.470574,72.814188,2.828977,0.098787,0.208553,4,10,7,6,4,10,7,6,4,10,7,6,4,10,6,6,0.082550,0.151040,0.291240,0.284860,1,1,11:10:2024,03:31:06,1085,28.545000,77.192600,15.000000,lev20,Almucantar
IIT_Delhi,07:04:2023,12:08:27,97,97.505868,-999.0,-999.0,-999.0,-999.0,-999.0,77.467203,76.812138,3.440078,0.061070,0.217438,4,7,5,6,4,9,5,6,4,9,5,6,4,9,6,6,0.088820,0.161850,0.310380,0.301750,1,1,11:10:2024,03:32:58,1085,28.545000,77.192600,15.000000,lev20,Almucantar
IIT_Delhi,08:04:2023,02:19:41,98,98.097002,-999.0,-999.0,-999.0,-999.0,-999.0,66.989207,67.645430,1.654953,0.071263,0.242911,4,10,7,6,4,10,7,6,4,10,7,6,4,10,7,6,0.074340,0.137710,0.269110,0.268080,1,1,11:10:2024,03:35:07,1085,28.545000,77.192600,15.000000,lev20,Almucantar
IIT_Delhi,08:04:2023,03:07:55,98,98.130498,-999.0,-999.0,-999.0,-999.0,-999.0,56.503107,57.150121,2.081991,0.187967,0.225931,4,10,8,4,4,10,8,4,4,10,8,4,4,10,7,5,0.066670,0.124160,0.244430,0.245170,1,1,11:10:2024,03:39:37,1085,28.545000,77.192600,15.000000,lev20,Almucantar
IIT_Delhi,08:04:2023,03:37:02,98,98.150718,-999.0,-999.0,-999.0,-999.0,-999.0,50.281241,50.916615,2.694490,0.213152,0.237927,3,10,8,4,3,10,8,4,3,10,8,4,3,10,8,3,0.063600,0.118750,0.234610,0.236120,1,1,11:10:2024,03:44:40,1085,28.545000,77.192600,15.000000,lev20,Almucantar
IIT_Delhi,08:04:2023,10:05:26,98,98.420440,-999.0,-999.0,-999.0,-999.0,-999.0,50.658299,50.023888,2.179972,0.152834,0.249379,3,10,8,4,3,10,8,4,3,10,8,4,3,10,8,4,0.064070,0.119190,0.234730,0.235020,1,1,11:10:2024,03:32:42,1085,28.545000,77.192600,15.000000,lev20,Almucantar
IIT_Delhi,08:04:2023,10:34:27,98,98.440590,-999.0,-999.0,-999.0,-999.0,-999.0,56.861808,56.215634,2.390584,0.165428,0.257018,4,10,7,5,4,10,8,4,4,10,8,4,4,10,8,4,0.067280,0.124710,0.244530,0.243640,1,1,11:10:2024,03:37:10,1085,28.545000,77.192600,15.000000,lev20,Almucantar
IIT_Delhi,08:04:2023,11:02:28,98,98.460046,-999.0,-999.0,-999.0,-999.0,-999.0,62.934077,62.281186,2.122986,0.110596,0.241220,3,10,8,5,3,10,8,5,3,10,8,5,3,10,8,5,0.071450,0.131900,0.257310,0.254900,1,1,11:10:2024,03:41:43,1085,28.545000,77.192600,15.000000,lev20,Almucantar
IIT_Delhi,08:04:2023,11:52:21,98,98.494687,-999.0,-999.0,-999.0,-999.0,-999.0,73.835205,73.178781,2.334652,0.039353,0.273165,4,10,7,6,4,10,7,6,4,10,7,6,4,10,7,6,0.083060,0.151920,0.292790,0.286240,1,1,11:10:2024,03:46:09,1085,28.545000,77.192600,15.000000,lev20,Almucantar
IIT_Delhi,08:04:2023,12:10:36,98,98.507361,-999.0,-999.0,-999.0,-999.0,-999.0,77.823476,77.168752,3.727354,0.042091,0.281274,4,7,5,6,4,9,5,6,4,9,5,6,4,10,6,6,0.089470,0.162950,0.312330,0.303470,1,1,11:10:2024,03:25:59,1085,28.545000,77.192600,15.000000,lev20,Almucantar
IIT_Delhi,09:04:2023,03:06:45,99,99.129688,-999.0,-999.0,-999.0,-999.0,-999.0,56.511101,57.159200,1.522321,0.070498,0.355255,4,10,8,4,4,10,8,4,4,10,8,4,4,10,7,5,0.066670,0.124160,0.244440,0.245190,1,1,11:10:2024,03:41:32,1085,28.545000,77.192600,15.000000,lev20,Almucantar
IIT_Delhi,09:04:2023,03:36:47,99,99.150544,-999.0,-999.0,-999.0,-999.0,-999.0,50.081338,50.717939,4.487285,0.290136,0.357399,3,10,8,4,3,10,8,4,3,10,8,4,3,10,8,4,0.063520,0.118600,0.234330,0.235870,1,1,11:10:2024,03:46:38,1085,28.545000,77.192600,15.000000,lev20,Almucantar
IIT_Delhi,09:04:2023,11:03:05,99,99.460475,-999.0,-999.0,-999.0,-999.0,-999.0,62.951396,62.297849,2.490139,0.101620,0.372941,3,9,8,5,3,10,8,5,3,10,8,5,3,10,8,5,0.071480,0.131950,0.257390,0.254930,1,1,11:10:2024,03:38:59,1085,28.545000,77.192600,15.000000,lev20,Almucantar
IIT_Delhi,09:04:2023,11:52:05,99,99.494502,-999.0,-999.0,-999.0,-999.0,-999.0,73.664467,73.007965,3.164504,0.045320,0.387591,4,10,7,6,4,10,7,6,4,10,7,6,4,10,7,6,0.082830,0.151510,0.292090,0.285590,1,1,11:10:2024,03:41:27,1085,28.545000,77.192600,15.000000,lev20,Almucantar
IIT_Delhi,09:04:2023,12:10:31,99,99.507303,-999.0,-999.0,-999.0,-999.0,-999.0,77.692829,77.038154,2.667514,0.032972,0.382251,4,8,5,6,4,9,5,6,4,9,5,6,4,10,6,6,0.089270,0.162600,0.311710,0.302830,1,1,11:10:2024,03:43:42,1085,28.545000,77.192600,15.000000,lev20,Almucantar
IIT_Delhi,10:04:2023,03:06:28,100,100.129491,-999.0,-999.0,-999.0,-999.0,-999.0,56.331823,56.980706,3.491041,0.245312,0.333213,4,10,8,4,4,10,8,4,4,10,8,4,4,10,7,4,0.066570,0.123980,0.244130,0.244890,1,1,11:10:2024,03:25:56,1085,28.545000,77.192600,15.000000,lev20,Almucantar
IIT_Delhi,11:04:2023,03:06:13,101,101.129317,0.042931,0.012703,0.008040,0.008140,2.497121,56.148574,56.798202,1.443595,0.059931,0.419834,4,10,8,4,4,10,8,4,4,10,8,4,4,10,8,4,0.066470,0.123800,0.243790,0.244590,1,1,11:10:2024,03:54:38,1085,28.545000,77.192600,15.000000,lev20,Almucantar
IIT_Delhi,11:04:2023,03:32:26,101,101.147523,0.040365,0.017613,0.009607,0.006564,2.087924,50.512164,51.152826,1.554063,0.103817,0.409098,3,10,8,4,3,10,8,4,3,10,8,4,3,10,8,4,0.063700,0.118920,0.234930,0.236410,1,1,11:10:2024,03:26:37,1085,28.545000,77.192600,15.000000,lev20,Almucantar
IIT_Delhi,11:04:2023,10:36:44,101,101.442176,0.055701,0.025712,0.021453,0.022249,1.441604,56.989429,56.340015,2.069922,0.082653,0.490467,4,10,7,5,4,10,7,5,4,10,8,4,4,10,8,4,0.067370,0.124860,0.244790,0.243840,1,1,11:10:2024,03:41:14,1085,28.545000,77.192600,15.000000,lev20,Almucantar
IIT_Delhi,27:04:2023,10:44:55,117,117.447859,0.114390,0.066518,0.048430,0.041504,1.261189,57.022424,56.364743,1.909439,0.059892,0.959004,4,10,7,5,4,10,7,5,4,10,8,4,4,10,8,4,0.069650,0.131040,0.250540,0.251470,1,1,10:10:2024,21:46:10,1085,28.545000,77.192600,15.000000,lev20,Almucantar
IIT_Delhi,04:05:2023,10:48:11,124,124.450127,0.057079,0.034434,0.025393,0.021270,1.187172,57.043443,56.385524,3.050235,0.004501,1.139822,4,7,7,5,2,7,7,5,3,10,7,4,4,10,7,4,0.066820,0.127810,0.249650,0.250600,1,1,10:10:2024,21:47:19,1085,28.545000,77.192600,15.000000,lev20,Almucantar
IIT_Delhi,04:05:2023,12:22:09,124,124.515382,0.047784,0.031048,0.026069,0.023190,0.901017,77.469653,76.827465,2.475364,0.004730,0.846879,4,8,4,6,4,9,4,6,4,10,4,6,4,10,5,6,0.087840,0.168980,0.318010,0.312140,1,1,10:10:2024,21:37:54,1085,28.545000,77.192600,15.000000,lev20,Almucantar
IIT_Delhi,05:05:2023,11:17:10,125,125.470255,0.067967,0.038182,0.028502,0.024800,1.282122,63.291888,62.636277,2.084073,0.017854,1.217113,3,10,8,5,3,10,7,5,3,10,5,5,3,8,5,5,0.071070,0.136170,0.263540,0.263090,1,1,10:10:2024,21:44:04,1085,28.545000,77.192600,15.000000,lev20,Almucantar
IIT_Delhi,06:05:2023,10:49:09,126,126.450799,0.037131,0.016627,0.010626,0.008745,1.839343,57.061982,56.404270,1.405893,0.050461,0.494345,4,10,7,5,4,10,7,5,4,10,8,4,4,10,8,4,0.066830,0.127830,0.249700,0.250630,1,1,10:10:2024,21:27:01,1085,28.545000,77.192600,15.000000,lev20,Almucantar
IIT_Delhi,06:05:2023,11:17:07,126,126.470220,0.046620,0.025583,0.018254,0.015678,1.377968,63.182647,62.527307,1.756381,0.052647,0.536011,3,10,8,5,3,10,8,5,3,10,8,5,3,10,8,5,0.070990,0.136000,0.263260,0.262840,1,1,10:10:2024,21:32:12,1085,28.545000,77.192600,15.000000,lev20,Almucantar
IIT_Delhi,06:05:2023,12:04:51,126,126.503368,0.055128,0.033233,0.024927,0.022156,1.165982,73.543032,72.896610,1.551623,0.011782,0.697825,4,10,7,6,4,10,7,6,4,10,7,6,4,10,7,6,0.081780,0.157120,0.298340,0.294450,1,1,10:10:2024,21:39:15,1085,28.545000,77.192600,15.000000,lev20,Almucantar
IIT_Delhi,06:05:2023,12:23:12,126,126.516111,0.049823,0.033617,0.028732,0.025568,0.818950,77.477370,76.836715,2.471905,0.009605,0.723546,3,8,5,6,4,8,5,6,4,9,5,6,4,10,6,6,0.087850,0.168990,0.318060,0.312190,1,1,10:10:2024,21:42:10,1085,28.545000,77.192600,15.000000,lev20,Almucantar
IIT_Delhi,08:05:2023,12:07:02,128,128.504884,0.078614,0.038238,0.030349,0.027638,1.425823,73.803180,73.158422,3.179509,0.071387,0.644975,4,10,7,6,4,10,7,6,4,10,7,6,4,10,7,6,0.082150,0.157860,0.299570,0.295500,1,1,10:10:2024,21:41:17,1085,28.545000,77.192600,15.000000,lev20,Almucantar
IIT_Delhi,09:05:2023,02:41:37,129,129.112234,0.071404,0.026148,0.014626,0.013255,2.327664,56.515550,57.173243,2.021101,0.341626,0.573702,4,10,8,4,4,10,8,4,4,10,8,4,4,10,7,5,0.067630,0.126430,0.252930,0.255670,1,1,10:10:2024,21:31:53,1085,28.545000,77.192600,15.000000,lev20,Almucantar
IIT_Delhi,09:05:2023,10:52:09,129,129.452882,0.126230,0.069388,0.050881,0.042985,1.339400,57.432818,56.775720,3.037619,0.082380,1.051431,4,10,7,5,4,10,7,5,4,10,7,5,4,10,8,4,0.068620,0.127720,0.254160,0.254960,1,1,10:10:2024,21:54:58,1085,28.545000,77.192600,15.000000,lev20,Almucantar
IIT_Delhi,09:05:2023,11:18:05,129,129.470891,0.135430,0.066894,0.048074,0.040590,1.532397,63.100777,62.446474,2.794945,0.065556,1.022781,3,10,8,5,3,10,8,5,3,10,8,5,3,10,8,5,0.072660,0.135260,0.267030,0.266470,1,1,10:10:2024,21:58:43,1085,28.545000,77.192600,15.000000,lev20,Almucantar
IIT_Delhi,09:05:2023,12:06:58,129,129.504838,0.117770,0.057674,0.047163,0.040906,1.375989,73.684397,73.040157,3.091409,0.044332,0.973940,4,10,7,6,4,10,7,6,4,10,7,6,4,10,7,6,0.084180,0.156730,0.303560,0.299210,1,1,10:10:2024,22:02:14,1085,28.545000,77.192600,15.000000,lev20,Almucantar
IIT_Delhi,11:05:2023,10:52:00,131,131.452778,0.110410,0.057819,0.042344,0.036360,1.416564,57.211270,56.554537,2.405412,0.276559,0.940102,4,10,7,5,4,10,7,5,4,10,7,5,4,10,8,4,0.068470,0.127440,0.253700,0.254570,1,1,10:10:2024,21:51:10,1085,28.545000,77.192600,15.000000,lev20,Almucantar
IIT_Delhi,11:05:2023,11:19:00,131,131.471528,0.134510,0.067077,0.049385,0.042512,1.485760,63.107029,62.453525,2.050768,0.084125,1.017731,3,10,8,5,3,10,8,5,3,10,8,5,3,10,8,5,0.072660,0.135250,0.267020,0.266490,1,1,10:10:2024,21:28:25,1085,28.545000,77.192600,15.000000,lev20,Almucantar
IIT_Delhi,11:05:2023,12:07:25,131,131.505150,0.128900,0.063893,0.048495,0.042321,1.455134,73.572801,72.929774,1.901303,0.012403,0.951641,4,10,7,6,4,10,7,6,4,10,7,6,4,10,7,6,0.084030,0.156450,0.303090,0.298760,1,1,10:10:2024,21:36:34,1085,28.545000,77.192600,15.000000,lev20,Almucantar
IIT_Delhi,12:05:2023,10:51:58,132,132.452755,0.105820,0.051520,0.042344,0.032561,1.378444,57.110348,56.453819,2.285324,0.105183,0.776630,4,10,7,5,4,10,7,5,4,10,8,4,4,10,8,4,0.068410,0.127340,0.253510,0.254400,1,1,10:10:2024,21:46:14,1085,28.545000,77.192600,15.000000,lev20,Almucantar
IIT_Delhi,12:05:2023,11:19:30,132,132.471875,0.113940,0.056854,0.046236,0.036002,1.354079,63.119642,62.466562,1.628056,0.051312,0.838092,3,10,8,5,3,10,8,5,3,10,8,5,3,10,8,5,0.072670,0.135280,0.267060,0.266520,1,1,10:10:2024,21:56:22,1085,28.545000,77.192600,15.000000,lev20,Almucantar
IIT_Delhi,12:05:2023,12:07:55,132,132.505498,0.120660,0.062770,0.052045,0.042826,1.263731,73.576232,72.933898,2.464912,0.025152,0.882167,4,10,7,6,4,10,7,6,4,10,7,6,4,10,7,6,0.084020,0.156450,0.303090,0.298780,1,1,10:10:2024,22:04:06,1085,28.545000,77.192600,15.000000,lev20,Almucantar
IIT_Delhi,13:05:2023,10:52:27,133,133.453090,0.108440,0.051435,0.043147,0.033018,1.392233,57.122916,56.466651,1.558956,0.071495,0.813406,4,10,7,5,4,10,7,5,4,10,8,4,4,10,8,4,0.068420,0.127340,0.253520,0.254420,1,1,10:10:2024,21:49:41,1085,28.545000,77.192600,15.000000,lev20,Almucantar
IIT_Delhi,13:05:2023,11:21:53,133,133.473530,0.123530,0.061625,0.048908,0.038517,1.386505,63.541991,62.889659,1.988356,0.049349,0.861505,3,10,8,5,3,10,8,5,3,10,8,5,3,10,8,5,0.073020,0.135940,0.268170,0.267510,1,1,10:10:2024,21:58:13,1085,28.545000,77.192600,15.000000,lev20,Almucantar
IIT_Delhi,13:05:2023,12:08:22,133,133.505810,0.126870,0.064594,0.052872,0.042428,1.314198,73.569151,72.927496,2.741247,0.032895,0.900747,4,10,7,6,4,10,7,6,4,10,7,6,4,10,7,6,0.084010,0.156440,0.303040,0.298750,1,1,10:10:2024,22:06:42,1085,28.545000,77.192600,15.000000,lev20,Almucantar
IIT_Delhi,14:05:2023,10:52:52,134,134.453380,0.115410,0.057717,0.048985,0.037043,1.294474,57.121310,56.465319,1.974229,0.075578,0.951983,4,10,7,5,4,10,7,5,4,10,8,4,4,10,8,4,0.068420,0.127340,0.253520,0.254420,1,1,10:10:2024,21:37:37,1085,28.545000,77.192600,15.000000,lev20,Almucantar
IIT_Delhi,14:05:2023,11:21:54,134,134.473542,0.121990,0.061721,0.051222,0.041037,1.305838,63.449888,62.797928,2.521707,0.097048,0.993207,3,10,8,5,3,10,8,5,3,10,8,5,3,10,8,5,0.072950,0.135790,0.267930,0.267300,1,1,10:10:2024,21:46:57,1085,28.545000,77.192600,15.000000,lev20,Almucantar
IIT_Delhi,15:05:2023,10:53:16,135,135.453657,0.094926,0.041922,0.036246,0.031984,1.463690,57.116477,56.460771,3.787943,0.311451,0.761906,4,10,7,5,4,10,7,5,4,10,8,4,4,10,8,4,0.068420,0.127340,0.253510,0.254410,1,1,10:10:2024,22:00:25,1085,28.545000,77.192600,15.000000,lev20,Almucantar
IIT_Delhi,15:05:2023,11:22:00,135,135.473611,0.092503,0.041636,0.034729,0.028989,1.481285,63.376309,62.724739,2.583795,0.162736,0.749450,3,10,8,5,3,10,8,5,3,10,8,5,3,10,8,5,0.072900,0.135700,0.267750,0.267120,1,1,10:10:2024,21:33:31,1085,28.545000,77.192600,15.000000,lev20,Almucantar
IIT_Delhi,16:05:2023,10:53:42,136,136.453958,0.097004,0.038945,0.033393,0.029729,1.623030,57.119348,56.463943,4.421321,0.388039,0.812390,4,10,7,5,3,10,7,5,4,10,8,4,4,10,8,4,0.068420,0.127350,0.253530,0.254420,1,1,10:10:2024,21:55:12,1085,28.545000,77.192600,15.000000,lev20,Almucantar
IIT_Delhi,16:05:2023,12:10:03,136,136.506979,0.140470,0.059001,0.039870,0.028676,1.865683,73.620405,72.980897,5.319056,0.133079,1.136680,4,10,7,6,4,10,7,6,4,10,7,6,4,10,7,6,0.084110,0.156600,0.303310,0.298970,1,1,10:10:2024,21:46:20,1085,28.545000,77.192600,15.000000,lev20,Almucantar
IIT_Delhi,18:05:2023,10:54:34,138,138.454560,0.057114,0.014381,0.018093,0.015548,1.845484,57.126371,56.471597,4.103238,0.317315,0.790223,4,10,7,5,4,10,7,5,4,10,8,4,4,10,8,4,0.066710,0.124280,0.253280,0.254500,1,1,10:10:2024,21:53:32,1085,28.545000,77.192600,15.000000,lev20,Almucantar
IIT_Delhi,03:06:2023,11:01:02,154,154.459051,-999.0,-999.0,-999.0,-999.0,-999.0,57.164261,56.514787,2.420158,0.347297,0.325063,4,10,7,5,4,10,7,5,4,10,8,4,4,10,8,4,0.066940,0.123990,0.266960,0.268860,1,1,10:10:2024,21:34:17,1085,28.545000,77.192600,15.000000,lev20,Almucantar
IIT_Delhi,03:06:2023,11:28:50,154,154.478356,-999.0,-999.0,-999.0,-999.0,-999.0,63.153539,62.509980,2.246701,0.209430,0.292547,3,10,8,5,3,10,8,5,3,10,8,5,3,10,8,5,0.070480,0.131010,0.281160,0.281840,1,1,10:10:2024,21:39:06,1085,28.545000,77.192600,15.000000,lev20,Almucantar
IIT_Delhi,03:06:2023,12:18:39,154,154.512951,-999.0,-999.0,-999.0,-999.0,-999.0,73.716449,73.087985,1.854903,0.036562,0.319995,4,10,7,6,4,10,7,6,4,10,7,6,4,10,7,6,0.080110,0.150100,0.319480,0.316870,1,1,10:10:2024,21:45:18,1085,28.545000,77.192600,15.000000,lev20,Almucantar
IIT_Delhi,05:06:2023,11:29:41,156,156.478947,0.046583,0.020140,0.016260,0.013659,1.586814,63.176396,62.533534,4.400856,0.088190,0.565855,3,10,8,5,3,10,8,5,3,10,7,5,3,10,5,5,0.070490,0.131050,0.281240,0.281900,1,1,10:10:2024,21:46:17,1085,28.545000,77.192600,15.000000,lev20,Almucantar
IIT_Delhi,05:06:2023,12:18:51,156,156.513090,0.043690,0.020431,0.018406,0.015428,1.320575,73.590061,72.962247,2.061809,0.021847,0.471917,4,10,7,6,4,10,7,6,4,10,7,6,4,10,7,6,0.079950,0.149790,0.318840,0.316330,1,1,10:10:2024,21:27:54,1085,28.545000,77.192600,15.000000,lev20,Almucantar
IIT_Delhi,06:06:2023,11:02:10,157,157.459838,0.065181,0.030818,0.022180,0.015984,1.598554,57.178641,56.529990,1.720361,0.025305,0.897887,4,10,7,5,4,10,7,5,4,10,7,5,4,10,8,4,0.066950,0.124020,0.267010,0.268890,1,1,10:10:2024,21:32:56,1085,28.545000,77.192600,15.000000,lev20,Almucantar
IIT_Delhi,06:06:2023,11:22:36,157,157.474028,0.077770,0.044171,0.036824,0.029918,1.119848,61.580263,60.935930,1.132557,0.011926,0.918835,3,10,8,5,3,10,8,5,3,10,8,5,3,10,8,5,0.069440,0.128950,0.277020,0.278060,1,1,10:10:2024,21:40:51,1085,28.545000,77.192600,15.000000,lev20,Almucantar
IIT_Delhi,06:06:2023,11:43:00,157,157.488194,0.073988,0.039202,0.035614,0.029899,1.115101,65.942057,65.302899,1.578869,0.010730,0.886057,4,10,7,6,3,10,7,6,3,9,6,6,3,9,6,5,0.072520,0.135050,0.289310,0.289300,1,1,10:10:2024,21:48:38,1085,28.545000,77.192600,15.000000,lev20,Almucantar
IIT_Delhi,07:06:2023,11:22:38,158,158.474051,-999.0,-999.0,-999.0,-999.0,-999.0,61.511734,60.867609,2.878414,0.163573,0.315944,3,10,8,5,3,10,8,5,3,10,8,5,3,10,8,5,0.069390,0.128860,0.276840,0.277910,1,1,10:10:2024,21:48:55,1085,28.545000,77.192600,15.000000,lev20,Almucantar
IIT_Delhi,07:06:2023,11:42:55,158,158.488137,-999.0,-999.0,-999.0,-999.0,-999.0,65.847213,65.208248,1.993629,0.101198,0.351251,4,10,7,6,3,10,7,6,3,10,7,6,3,10,8,4,0.072450,0.134910,0.289010,0.289030,1,1,10:10:2024,21:29:29,1085,28.545000,77.192600,15.000000,lev20,Almucantar
IIT_Delhi,07:06:2023,12:19:39,158,158.513646,-999.0,-999.0,-999.0,-999.0,-999.0,73.595677,72.968665,2.278718,0.077183,0.343975,4,10,7,6,4,10,7,6,4,10,7,6,4,10,7,6,0.079970,0.149830,0.318940,0.316360,1,1,10:10:2024,21:35:05,1085,28.545000,77.192600,15.000000,lev20,Almucantar
IIT_Delhi,08:06:2023,11:02:29,159,159.460058,0.040492,0.015305,0.014589,0.013868,1.577776,57.099662,56.451415,2.359222,0.180920,0.418805,4,10,7,5,4,10,7,5,4,10,8,4,4,10,8,4,0.066900,0.123920,0.266820,0.268740,1,1,10:10:2024,21:43:31,1085,28.545000,77.192600,15.000000,lev20,Almucantar
IIT_Delhi,08:06:2023,12:20:08,159,159.513981,0.058013,0.028478,0.024374,0.019412,1.312357,73.618478,72.991869,1.973581,0.058142,0.483004,4,10,7,6,4,10,7,6,4,10,7,6,4,10,7,6,0.080010,0.149890,0.319050,0.316460,1,1,10:10:2024,21:28:35,1085,28.545000,77.192600,15.000000,lev20,Almucantar
IIT_Delhi,11:06:2023,11:03:06,162,162.460486,0.056804,0.020044,0.018909,0.015117,1.698463,57.022682,56.374968,2.233150,0.229982,0.640357,4,10,7,5,3,10,7,5,4,10,8,4,4,10,8,4,0.065810,0.122820,0.270020,0.271500,1,1,10:10:2024,21:47:50,1085,28.545000,77.192600,15.000000,lev20,Almucantar
IIT_Delhi,11:06:2023,11:23:33,162,162.474687,0.059409,0.015583,0.015292,0.014679,2.108402,61.421024,60.777751,2.547879,0.116946,0.668367,3,10,8,5,3,10,8,5,3,10,8,5,3,10,8,5,0.068200,0.127680,0.280180,0.280760,1,1,10:10:2024,21:55:36,1085,28.545000,77.192600,15.000000,lev20,Almucantar
IIT_Delhi,11:06:2023,11:44:04,162,162.488935,0.073274,0.031220,0.028973,0.023881,1.426487,65.799978,65.162021,2.322718,0.080502,0.766569,4,10,7,6,3,10,7,6,3,10,7,6,3,10,8,5,0.071180,0.133730,0.292720,0.292150,1,1,10:10:2024,22:00:06,1085,28.545000,77.192600,15.000000,lev20,Almucantar
IIT_Delhi,12:06:2023,11:04:34,163,163.461505,0.070132,0.018412,0.014836,0.009389,2.366060,57.272243,56.624929,3.682498,0.177638,0.878765,4,10,7,5,3,10,7,5,4,10,7,5,4,10,8,4,0.066020,0.123210,0.270740,0.271980,1,1,10:10:2024,21:42:57,1085,28.545000,77.192600,15.000000,lev20,Almucantar
IIT_Delhi,12:06:2023,11:26:31,163,163.476748,0.072223,0.018289,0.017523,0.017831,2.194654,61.988726,61.346283,3.865858,0.120515,0.897978,3,10,8,5,3,10,8,5,3,10,8,5,3,10,8,5,0.068570,0.128430,0.281710,0.282100,1,1,10:10:2024,21:54:00,1085,28.545000,77.192600,15.000000,lev20,Almucantar
IIT_Delhi,12:06:2023,11:47:32,163,163.491343,0.078357,0.022887,0.020587,0.013032,2.055358,66.467531,65.830692,3.398123,0.128972,0.931607,4,10,7,6,4,10,7,6,4,10,7,6,3,10,7,6,0.071710,0.134820,0.294930,0.294120,1,1,10:10:2024,22:06:56,1085,28.545000,77.192600,15.000000,lev20,Almucantar
IIT_Delhi,13:06:2023,12:22:06,164,164.515347,0.094468,0.020570,0.014201,0.008814,2.860449,73.667930,73.042838,5.467110,0.112439,0.831183,4,10,7,6,4,10,7,6,4,10,7,6,4,10,7,6,0.078610,0.148830,0.323830,0.320410,1,1,11:10:2024,03:59:00,1085,28.545000,77.192600,15.000000,lev20,Almucantar
IIT_Delhi,14:06:2023,11:45:40,165,165.490046,0.040416,0.009898,0.008844,0.008054,2.338404,65.940410,65.303222,2.556156,0.082464,0.485530,4,10,5,5,3,9,4,3,3,10,5,4,3,10,7,5,0.071280,0.133940,0.293170,0.292560,1,1,11:10:2024,03:41:25,1085,28.545000,77.192600,15.000000,lev20,Almucantar
IIT_Delhi,14:06:2023,12:22:12,165,165.515417,0.045863,0.012621,0.015170,0.011740,1.767166,73.623253,72.998282,2.678404,0.055648,0.476731,2,7,7,6,4,9,7,6,4,9,7,6,4,10,7,6,0.078530,0.148680,0.323540,0.320220,1,1,11:10:2024,03:49:54,1085,28.545000,77.192600,15.000000,lev20,Almucantar
IIT_Delhi,20:06:2023,11:04:40,171,171.461574,0.039145,0.021399,0.019914,0.015155,1.034819,56.827558,56.180548,0.945645,0.010949,0.655115,4,10,7,5,4,10,8,4,4,10,8,4,4,10,8,4,0.065040,0.121400,0.272950,0.274340,1,1,11:10:2024,03:49:39,1085,28.545000,77.192600,15.000000,lev20,Almucantar
IIT_Delhi,20:06:2023,11:24:47,171,171.475544,0.037602,0.013991,0.011886,0.009846,1.753579,61.149436,60.506865,1.635561,0.029699,0.670974,3,10,8,5,3,10,8,5,3,10,8,5,3,10,8,5,0.067240,0.125960,0.282960,0.283460,1,1,11:10:2024,03:26:57,1085,28.545000,77.192600,15.000000,lev20,Almucantar
IIT_Delhi,20:06:2023,12:23:35,171,171.516377,0.034998,0.027956,0.026688,0.022268,0.410792,73.571121,72.946705,1.636649,0.040827,0.641476,4,10,7,6,4,10,7,6,4,10,7,6,4,10,7,6,0.077090,0.146410,0.327250,0.323830,1,1,11:10:2024,03:34:35,1085,28.545000,77.192600,15.000000,lev20,Almucantar
IIT_Delhi,21:06:2023,11:04:52,172,172.461713,0.058878,0.030153,0.026877,0.016969,1.193054,56.822146,56.175138,1.060941,0.028593,1.160936,4,10,7,5,4,10,8,4,4,10,8,4,4,10,8,4,0.065040,0.121390,0.272940,0.274330,1,1,11:10:2024,03:50:39,1085,28.545000,77.192600,15.000000,lev20,Almucantar
IIT_Delhi,21:06:2023,11:24:59,172,172.475683,0.065145,0.041972,0.040040,0.029785,0.746395,61.144009,60.501440,0.988176,0.010518,1.139654,3,10,8,5,3,10,8,5,3,10,8,5,3,10,8,5,0.067240,0.125970,0.282950,0.283450,1,1,11:10:2024,03:59:01,1085,28.545000,77.192600,15.000000,lev20,Almucantar
IIT_Delhi,21:06:2023,11:45:05,172,172.489641,0.066752,0.039447,0.033161,0.026946,1.047143,65.429486,64.792167,1.226715,0.028807,1.178113,3,10,7,6,3,10,7,6,3,10,8,5,3,10,8,5,0.069930,0.131560,0.295140,0.294570,1,1,11:10:2024,03:28:11,1085,28.545000,77.192600,15.000000,lev20,Almucantar
IIT_Delhi,22:06:2023,11:05:03,173,173.461840,0.041403,0.016402,0.010778,0.008151,1.993537,56.815576,56.168551,2.713705,0.026432,1.168148,4,10,7,5,4,10,8,4,4,10,8,4,4,10,8,4,0.065040,0.121390,0.272930,0.274320,1,1,11:10:2024,03:31:28,1085,28.545000,77.192600,15.000000,lev20,Almucantar
IIT_Delhi,22:06:2023,11:25:14,173,173.475856,0.030711,0.010304,0.007613,0.006468,2.098162,61.151838,60.509265,2.627282,0.076174,1.144474,3,10,8,5,3,10,8,5,3,10,8,5,3,10,8,5,0.067240,0.125970,0.282960,0.283470,1,1,11:10:2024,03:40:16,1085,28.545000,77.192600,15.000000,lev20,Almucantar
IIT_Delhi,21:11:2023,02:37:54,325,325.109653,0.102000,0.050084,0.035935,0.030764,1.542501,74.666057,75.215727,1.461481,0.009518,1.473951,4,10,7,6,4,10,7,6,4,10,7,5,4,10,7,5,0.069360,0.129300,0.289680,0.293620,1,1,19:05:2024,16:40:11,1292,28.545000,77.192600,15.000000,lev20,Almucantar
IIT_Delhi,21:11:2023,03:16:05,325,325.136169,0.100360,0.046744,0.033885,0.028748,1.611215,67.937682,68.446236,1.421852,0.012809,1.484656,4,10,7,6,4,10,7,6,4,10,7,6,4,10,7,6,0.064880,0.118450,0.263820,0.267910,1,1,19:05:2024,16:48:33,1292,28.545000,77.192600,15.000000,lev20,Almucantar
