Date,Time,AOD_Site,AOD_Day_of_Year,AOD_Day_of_Year(Fraction),AOD_Extinction-Total[440nm],AOD_Extinction-Total[675nm],AOD_Extinction-Total[870nm],AOD_Extinction-Total[1020nm],AOD_Extinction-Fine[440nm],AOD_Extinction-Fine[675nm],AOD_Extinction-Fine[870nm],AOD_Extinction-Fine[1020nm],AOD_Extinction-Coarse[440nm],AOD_Extinction-Coarse[675nm],AOD_Extinction-Coarse[870nm],AOD_Extinction-Coarse[1020nm],AOD_Extinction_Angstrom_Exponent_440-870nm-Total,AOD_Average_Solar_Zenith_Angles_for_Flux_Calculation(Degrees),AOD_Solar_Zenith_Angle_for_Measurement_Start(Degrees),AOD_Sky_Residual(%),AOD_Sun_Residual(%),AOD_Coincident_AOD440nm,AOD_Scattering_Angle_Bin_3.2_to_<6_degrees[440nm],AOD_Scattering_Angle_Bin_6_to_<30_degrees[440nm],AOD_Scattering_Angle_Bin_30_to_<80_degrees[440nm],AOD_Scattering_Angle_Bin_80_degrees_and_over[440nm],AOD_Scattering_Angle_Bin_3.2_to_<6_degrees[675nm],AOD_Scattering_Angle_Bin_6_to_<30_degrees[675nm],AOD_Scattering_Angle_Bin_30_to_<80_degrees[675nm],AOD_Scattering_Angle_Bin_80_degrees_and_over[675nm],AOD_Scattering_Angle_Bin_3.2_to_<6_degrees[870nm],AOD_Scattering_Angle_Bin_6_to_<30_degrees[870nm],AOD_Scattering_Angle_Bin_30_to_<80_degrees[870nm],AOD_Scattering_Angle_Bin_80_degrees_and_over[870nm],AOD_Scattering_Angle_Bin_3.2_to_<6_degrees[1020nm],AOD_Scattering_Angle_Bin_6_to_<30_degrees[1020nm],AOD_Scattering_Angle_Bin_30_to_<80_degrees[1020nm],AOD_Scattering_Angle_Bin_80_degrees_and_over[1020nm],AOD_Surface_Albedo[440m],AOD_Surface_Albedo[675m],AOD_Surface_Albedo[870m],AOD_Surface_Albedo[1020m],AOD_If_Retrieval_is_L2(without_L2_0.4_AOD_440_threshold),AOD_If_AOD_is_L2,AOD_Last_Processing_Date(dd:mm:yyyy),AOD_Last_Processing_Time(hh:mm:ss),AOD_Instrument_Number,AOD_Latitude(Degrees),AOD_Longitude(Degrees),AOD_Elevation(m),AOD_Inversion_Data_Quality_Level,AOD_Retrieval_Measurement_Scan_Type,CAD_Site,CAD_Day_of_Year,CAD_Day_of_Year(Fraction),CAD_AOD_Coincident_Input[440nm],CAD_AOD_Coincident_Input[675nm],CAD_AOD_Coincident_Input[870nm],CAD_AOD_Coincident_Input[1020nm],CAD_Angstrom_Exponent_440-870nm_from_Coincident_Input_AOD,CAD_Average_Solar_Zenith_Angles_for_Flux_Calculation(Degrees),CAD_Solar_Zenith_Angle_for_Measurement_Start(Degrees),CAD_Sky_Residual(%),CAD_Sun_Residual(%),CAD_Coincident_AOD440nm,CAD_Scattering_Angle_Bin_3.2_to_<6_degrees[440nm],CAD_Scattering_Angle_Bin_6_to_<30_degrees[440nm],CAD_Scattering_Angle_Bin_30_to_<80_degrees[440nm],CAD_Scattering_Angle_Bin_80_degrees_and_over[440nm],CAD_Scattering_Angle_Bin_3.2_to_<6_degrees[675nm],CAD_Scattering_Angle_Bin_6_to_<30_degrees[675nm],CAD_Scattering_Angle_Bin_30_to_<80_degrees[675nm],CAD_Scattering_Angle_Bin_80_degrees_and_over[675nm],CAD_Scattering_Angle_Bin_3.2_to_<6_degrees[870nm],CAD_Scattering_Angle_Bin_6_to_<30_degrees[870nm],CAD_Scattering_Angle_Bin_30_to_<80_degrees[870nm],CAD_Scattering_Angle_Bin_80_degrees_and_over[870nm],CAD_Scattering_Angle_Bin_3.2_to_<6_degrees[1020nm],CAD_Scattering_Angle_Bin_6_to_<30_degrees[1020nm],CAD_Scattering_Angle_Bin_30_to_<80_degrees[1020nm],CAD_Scattering_Angle_Bin_80_degrees_and_over[1020nm],CAD_Surface_Albedo[440m],CAD_Surface_Albedo[675m],CAD_Surface_Albedo[870m],CAD_Surface_Albedo[1020m],CAD_If_Retrieval_is_L2(without_L2_0.4_AOD_440_threshold),CAD_If_AOD_is_L2,CAD_Last_Processing_Date(dd:mm:yyyy),CAD_Last_Processing_Time(hh:mm:ss),CAD_Instrument_Number,CAD_Latitude(Degrees),CAD_Longitude(Degrees),CAD_Elevation(m),CAD_Inversion_Data_Quality_Level,CAD_Retrieval_Measurement_Scan_Type,RIN_Site,RIN_Day_of_Year,RIN_Day_of_Year(Fraction),RIN_Refractive_Index-Real_Part[440nm],RIN_Refractive_Index-Real_Part[675nm],RIN_Refractive_Index-Real_Part[870nm],RIN_Refractive_Index-Real_Part[1020nm],RIN_Refractive_Index-Imaginary_Part[440nm],RIN_Refractive_Index-Imaginary_Part[675nm],RIN_Refractive_Index-Imaginary_Part[870nm],RIN_Refractive_Index-Imaginary_Part[1020nm],RIN_Average_Solar_Zenith_Angles_for_Flux_Calculation(Degrees),RIN_Solar_Zenith_Angle_for_Measurement_Start(Degrees),RIN_Sky_Residual(%),RIN_Sun_Residual(%),RIN_Coincident_AOD440nm,RIN_Scattering_Angle_Bin_3.2_to_<6_degrees[440nm],RIN_Scattering_Angle_Bin_6_to_<30_degrees[440nm],RIN_Scattering_Angle_Bin_30_to_<80_degrees[440nm],RIN_Scattering_Angle_Bin_80_degrees_and_over[440nm],RIN_Scattering_Angle_Bin_3.2_to_<6_degrees[675nm],RIN_Scattering_Angle_Bin_6_to_<30_degrees[675nm],RIN_Scattering_Angle_Bin_30_to_<80_degrees[675nm],RIN_Scattering_Angle_Bin_80_degrees_and_over[675nm],RIN_Scattering_Angle_Bin_3.2_to_<6_degrees[870nm],RIN_Scattering_Angle_Bin_6_to_<30_degrees[870nm],RIN_Scattering_Angle_Bin_30_to_<80_degrees[870nm],RIN_Scattering_Angle_Bin_80_degrees_and_over[870nm],RIN_Scattering_Angle_Bin_3.2_to_<6_degrees[1020nm],RIN_Scattering_Angle_Bin_6_to_<30_degrees[1020nm],RIN_Scattering_Angle_Bin_30_to_<80_degrees[1020nm],RIN_Scattering_Angle_Bin_80_degrees_and_over[1020nm],RIN_Surface_Albedo[440m],RIN_Surface_Albedo[675m],RIN_Surface_Albedo[870m],RIN_Surface_Albedo[1020m],RIN_If_Retrieval_is_L2(without_L2_0.4_AOD_440_threshold),RIN_If_AOD_is_L2,RIN_Last_Processing_Date(dd:mm:yyyy),RIN_Last_Processing_Time(hh:mm:ss),RIN_Instrument_Number,RIN_Latitude(Degrees),RIN_Longitude(Degrees),RIN_Elevation(m),RIN_Inversion_Data_Quality_Level,RIN_Retrieval_Measurement_Scan_Type,SSA_Site,SSA_Day_of_Year,SSA_Day_of_Year(Fraction),Single_Scattering_Albedo[440nm],Single_Scattering_Albedo[675nm],Single_Scattering_Albedo[870nm],Single_Scattering_Albedo[1020nm],SSA_Average_Solar_Zenith_Angles_for_Flux_Calculation(Degrees),SSA_Solar_Zenith_Angle_for_Measurement_Start(Degrees),SSA_Sky_Residual(%),SSA_Sun_Residual(%),SSA_Coincident_AOD440nm,SSA_Scattering_Angle_Bin_3.2_to_<6_degrees[440nm],SSA_Scattering_Angle_Bin_6_to_<30_degrees[440nm],SSA_Scattering_Angle_Bin_30_to_<80_degrees[440nm],SSA_Scattering_Angle_Bin_80_degrees_and_over[440nm],SSA_Scattering_Angle_Bin_3.2_to_<6_degrees[675nm],SSA_Scattering_Angle_Bin_6_to_<30_degrees[675nm],SSA_Scattering_Angle_Bin_30_to_<80_degrees[675nm],SSA_Scattering_Angle_Bin_80_degrees_and_over[675nm],SSA_Scattering_Angle_Bin_3.2_to_<6_degrees[870nm],SSA_Scattering_Angle_Bin_6_to_<30_degrees[870nm],SSA_Scattering_Angle_Bin_30_to_<80_degrees[870nm],SSA_Scattering_Angle_Bin_80_degrees_and_over[870nm],SSA_Scattering_Angle_Bin_3.2_to_<6_degrees[1020nm],SSA_Scattering_Angle_Bin_6_to_<30_degrees[1020nm],SSA_Scattering_Angle_Bin_30_to_<80_degrees[1020nm],SSA_Scattering_Angle_Bin_80_degrees_and_over[1020nm],SSA_Surface_Albedo[440m],SSA_Surface_Albedo[675m],SSA_Surface_Albedo[870m],SSA_Surface_Albedo[1020m],SSA_If_Retrieval_is_L2(without_L2_0.4_AOD_440_threshold),SSA_If_AOD_is_L2,SSA_Last_Processing_Date(dd:mm:yyyy),SSA_Last_Processing_Time(hh:mm:ss),SSA_Instrument_Number,SSA_Latitude(Degrees),SSA_Longitude(Degrees),SSA_Elevation(m),SSA_Inversion_Data_Quality_Level,SSA_Retrieval_Measurement_Scan_Type,TAB_Site,TAB_Day_of_Year,TAB_Day_of_Year(Fraction),TAB_Absorption_AOD[440nm],TAB_Absorption_AOD[675nm],TAB_Absorption_AOD[870nm],TAB_Absorption_AOD[1020nm],TAB_Absorption_Angstrom_Exponent_440-870nm,TAB_Average_Solar_Zenith_Angles_for_Flux_Calculation(Degrees),TAB_Solar_Zenith_Angle_for_Measurement_Start(Degrees),TAB_Sky_Residual(%),TAB_Sun_Residual(%),TAB_Coincident_AOD440nm,TAB_Scattering_Angle_Bin_3.2_to_<6_degrees[440nm],TAB_Scattering_Angle_Bin_6_to_<30_degrees[440nm],TAB_Scattering_Angle_Bin_30_to_<80_degrees[440nm],TAB_Scattering_Angle_Bin_80_degrees_and_over[440nm],TAB_Scattering_Angle_Bin_3.2_to_<6_degrees[675nm],TAB_Scattering_Angle_Bin_6_to_<30_degrees[675nm],TAB_Scattering_Angle_Bin_30_to_<80_degrees[675nm],TAB_Scattering_Angle_Bin_80_degrees_and_over[675nm],TAB_Scattering_Angle_Bin_3.2_to_<6_degrees[870nm],TAB_Scattering_Angle_Bin_6_to_<30_degrees[870nm],TAB_Scattering_Angle_Bin_30_to_<80_degrees[870nm],TAB_Scattering_Angle_Bin_80_degrees_and_over[870nm],TAB_Scattering_Angle_Bin_3.2_to_<6_degrees[1020nm],TAB_Scattering_Angle_Bin_6_to_<30_degrees[1020nm],TAB_Scattering_Angle_Bin_30_to_<80_degrees[1020nm],TAB_Scattering_Angle_Bin_80_degrees_and_over[1020nm],TAB_Surface_Albedo[440m],TAB_Surface_Albedo[675m],TAB_Surface_Albedo[870m],TAB_Surface_Albedo[1020m],TAB_If_Retrieval_is_L2(without_L2_0.4_AOD_440_threshold),TAB_If_AOD_is_L2,TAB_Last_Processing_Date(dd:mm:yyyy),TAB_Last_Processing_Time(hh:mm:ss),TAB_Instrument_Number,TAB_Latitude(Degrees),TAB_Longitude(Degrees),TAB_Elevation(m),TAB_Inversion_Data_Quality_Level,TAB_Retrieval_Measurement_Scan_Type,AE,AOD_Extinction-Total[500nm],FMF,Label,Source,Day_of_Year,Season
20:06:1993,18:58:26,Cuiaba,171,171.790579,0.0826,0.0736,0.0664,0.061,0.0751,0.0659,0.0585,0.053,0.0075,0.0078,0.0079,0.008,0.315275,61.64494,61.080035,3.650914,0.160667,0.080595,3,10,8,4,3,10,8,4,3,10,8,4,3,10,8,3,0.05221,0.10313,0.26543,0.28838,1,1,21:06:2023,05:09:22,3,-15.555244,-56.070214,234.0,lev20,Almucantar,Cuiaba,171,171.790579,0.080595,0.075531,0.066029,0.05938,0.278723,61.64494,61.080035,3.650914,0.160667,0.080595,3,10,8,4,3,10,8,4,3,10,8,4,3,10,8,3,0.05221,0.10313,0.26543,0.28838,1,1,21:06:2023,05:09:22,3,-15.555244,-56.070214,234.0,lev20,Almucantar,Cuiaba,171,171.790579,1.5158,1.5125,1.5098,1.5043,0.01487,0.014675,0.014854,0.014876,61.64494,61.080035,3.650914,0.160667,0.080595,3,10,8,4,3,10,8,4,3,10,8,4,3,10,8,3,0.05221,0.10313,0.26543,0.28838,1,1,21:06:2023,05:09:22,3,-15.555244,-56.070214,234.0,lev20,Almucantar,Cuiaba,171,171.790579,0.9149,0.8969,0.8712,0.8514,61.64494,61.080035,3.650914,0.160667,0.080595,3,10,8,4,3,10,8,4,3,10,8,4,3,10,8,3,0.05221,0.10313,0.26543,0.28838,1,1,21:06:2023,05:09:22,3,-15.555244,-56.070214,234.0,lev20,Almucantar,Cuiaba,171,171.790579,0.0798,0.049829,0.038157,0.032227,1.225119,61.64494,61.080035,3.650914,0.160667,0.080595,3,10,8,4,3,10,8,4,3,10,8,4,3,10,8,3,0.05221,0.10313,0.26543,0.28838,1,1,21:06:2023,05:09:22,3,-15.555244,-56.070214,234.0,lev20,Almucantar,0.32023867466199624,0.07928686602737682,0.9031247628969512,Unclassified,Unclassified,,Unknown
20:06:1993,20:26:01,Cuiaba,171,171.8514,0.0764,0.067,0.0562,0.0498,0.0695,0.0599,0.049,0.0424,0.0069,0.0071,0.0073,0.0074,0.436447,79.300504,78.668987,2.034079,0.023792,0.076361,4,10,7,5,4,10,7,5,4,10,7,5,4,10,7,5,0.06183,0.11825,0.32797,0.34658,1,1,21:06:2023,05:11:31,3,-15.555244,-56.070214,234.0,lev20,Almucantar,Cuiaba,171,171.8514,0.076361,0.067251,0.056424,0.049604,0.429542,79.300504,78.668987,2.034079,0.023792,0.076361,4,10,7,5,4,10,7,5,4,10,7,5,4,10,7,5,0.06183,0.11825,0.32797,0.34658,1,1,21:06:2023,05:11:31,3,-15.555244,-56.070214,234.0,lev20,Almucantar,Cuiaba,171,171.8514,1.5158,1.5125,1.5098,1.5043,0.01487,0.014675,0.014854,0.014876,79.300504,78.668987,2.034079,0.023792,0.076361,4,10,7,5,4,10,7,5,4,10,7,5,4,10,7,5,0.06183,0.11825,0.32797,0.34658,1,1,21:06:2023,05:11:31,3,-15.555244,-56.070214,234.0,lev20,Almucantar,Cuiaba,171,171.8514,0.9149,0.8969,0.8712,0.8514,79.300504,78.668987,2.034079,0.023792,0.076361,4,10,7,5,4,10,7,5,4,10,7,5,4,10,7,5,0.06183,0.11825,0.32797,0.34658,1,1,21:06:2023,05:11:31,3,-15.555244,-56.070214,234.0,lev20,Almucantar,Cuiaba,171,171.8514,0.0798,0.049829,0.038157,0.032227,1.225119,79.300504,78.668987,2.034079,0.023792,0.076361,4,10,7,5,4,10,7,5,4,10,7,5,4,10,7,5,0.06183,0.11825,0.32797,0.34658,1,1,21:06:2023,05:11:31,3,-15.555244,-56.070214,234.0,lev20,Almucantar,0.4504292404387382,0.07212515023020542,0.9036071383414704,Unclassified,Unclassified,,Unknown
22:06:1993,20:26:23,Cuiaba,173,173.851655,0.1431,0.0981,0.0766,0.0669,0.1337,0.0884,0.0667,0.0569,0.0094,0.0097,0.0099,0.01,0.913206,79.283772,78.652252,2.701449,0.023067,0.143157,4,10,7,5,4,10,7,5,4,10,7,3,4,10,6,3,0.06181,0.11823,0.32788,0.34649,1,1,21:06:2023,05:10:05,3,-15.555244,-56.070214,234.0,lev20,Almucantar,Cuiaba,173,173.851655,0.143157,0.098419,0.076794,0.066535,0.909745,79.283772,78.652252,2.701449,0.023067,0.143157,4,10,7,5,4,10,7,5,4,10,7,3,4,10,6,3,0.06181,0.11823,0.32788,0.34649,1,1,21:06:2023,05:10:05,3,-15.555244,-56.070214,234.0,lev20,Almucantar,Cuiaba,173,173.851655,1.5158,1.5125,1.5098,1.5043,0.01487,0.014675,0.014854,0.014876,79.283772,78.652252,2.701449,0.023067,0.143157,4,10,7,5,4,10,7,5,4,10,7,3,4,10,6,3,0.06181,0.11823,0.32788,0.34649,1,1,21:06:2023,05:10:05,3,-15.555244,-56.070214,234.0,lev20,Almucantar,Cuiaba,173,173.851655,0.9149,0.8969,0.8712,0.8514,79.283772,78.652252,2.701449,0.023067,0.143157,4,10,7,5,4,10,7,5,4,10,7,3,4,10,6,3,0.06181,0.11823,0.32788,0.34649,1,1,21:06:2023,05:10:05,3,-15.555244,-56.070214,234.0,lev20,Almucantar,Cuiaba,173,173.851655,0.0798,0.049829,0.038157,0.032227,1.225119,79.283772,78.652252,2.701449,0.023067,0.143157,4,10,7,5,4,10,7,5,4,10,7,3,4,10,6,3,0.06181,0.11823,0.32788,0.34649,1,1,21:06:2023,05:10:05,3,-15.555244,-56.070214,234.0,lev20,Almucantar,0.9167224064014906,0.12727574721145135,0.9184825575931405,Unclassified,Maritime,,Unknown
23:06:1993,12:41:10,Cuiaba,174,174.528588,0.1236,0.0926,0.0775,0.0688,0.1138,0.0824,0.0671,0.0583,0.0098,0.0102,0.0104,0.0105,0.683602,59.165233,59.717778,2.24533,0.125776,0.122765,4,10,7,4,3,11,7,4,3,10,8,4,3,10,7,4,0.05134,0.102,0.26149,0.28577,1,1,21:06:2023,05:04:39,3,-15.555244,-56.070214,234.0,lev20,Almucantar,Cuiaba,174,174.528588,0.122765,0.094726,0.077222,0.06854,0.67271,59.165233,59.717778,2.24533,0.125776,0.122765,4,10,7,4,3,11,7,4,3,10,8,4,3,10,7,4,0.05134,0.102,0.26149,0.28577,1,1,21:06:2023,05:04:39,3,-15.555244,-56.070214,234.0,lev20,Almucantar,Cuiaba,174,174.528588,1.5158,1.5125,1.5098,1.5043,0.01487,0.014675,0.014854,0.014876,59.165233,59.717778,2.24533,0.125776,0.122765,4,10,7,4,3,11,7,4,3,10,8,4,3,10,7,4,0.05134,0.102,0.26149,0.28577,1,1,21:06:2023,05:04:39,3,-15.555244,-56.070214,234.0,lev20,Almucantar,Cuiaba,174,174.528588,0.9149,0.8969,0.8712,0.8514,59.165233,59.717778,2.24533,0.125776,0.122765,4,10,7,4,3,11,7,4,3,10,8,4,3,10,7,4,0.05134,0.102,0.26149,0.28577,1,1,21:06:2023,05:04:39,3,-15.555244,-56.070214,234.0,lev20,Almucantar,Cuiaba,174,174.528588,0.0798,0.049829,0.038157,0.032227,1.225119,59.165233,59.717778,2.24533,0.125776,0.122765,4,10,7,4,3,11,7,4,3,10,8,4,3,10,7,4,0.05134,0.102,0.26149,0.28577,1,1,21:06:2023,05:04:39,3,-15.555244,-56.070214,234.0,lev20,Almucantar,0.684699944501034,0.11324153808161314,0.9061409181733705,Unclassified,Maritime,,Unknown
23:06:1993,12:52:26,Cuiaba,174,174.536412,0.1279,0.095,0.078,0.0692,0.1179,0.0846,0.0675,0.0586,0.01,0.0104,0.0106,0.0107,0.722332,57.125762,57.663116,2.912076,0.17744,0.124743,4,10,8,3,4,10,7,4,4,10,7,4,4,10,7,4,0.05082,0.10118,0.25771,0.28217,1,1,21:06:2023,05:06:27,3,-15.555244,-56.070214,234.0,lev20,Almucantar,Cuiaba,174,174.536412,0.124743,0.096553,0.077897,0.069422,0.681659,57.125762,57.663116,2.912076,0.17744,0.124743,4,10,8,3,4,10,7,4,4,10,7,4,4,10,7,4,0.05082,0.10118,0.25771,0.28217,1,1,21:06:2023,05:06:27,3,-15.555244,-56.070214,234.0,lev20,Almucantar,Cuiaba,174,174.536412,1.5158,1.5125,1.5098,1.5043,0.01487,0.014675,0.014854,0.014876,57.125762,57.663116,2.912076,0.17744,0.124743,4,10,8,3,4,10,7,4,4,10,7,4,4,10,7,4,0.05082,0.10118,0.25771,0.28217,1,1,21:06:2023,05:06:27,3,-15.555244,-56.070214,234.0,lev20,Almucantar,Cuiaba,174,174.536412,0.9149,0.8969,0.8712,0.8514,57.125762,57.663116,2.912076,0.17744,0.124743,4,10,8,3,4,10,7,4,4,10,7,4,4,10,7,4,0.05082,0.10118,0.25771,0.28217,1,1,21:06:2023,05:06:27,3,-15.555244,-56.070214,234.0,lev20,Almucantar,Cuiaba,174,174.536412,0.0798,0.049829,0.038157,0.032227,1.225119,57.125762,57.663116,2.912076,0.17744,0.124743,4,10,8,3,4,10,7,4,4,10,7,4,4,10,7,4,0.05082,0.10118,0.25771,0.28217,1,1,21:06:2023,05:06:27,3,-15.555244,-56.070214,234.0,lev20,Almucantar,0.7254312343994679,0.11657261552922285,0.9069844578123128,Unclassified,Maritime,,Unknown
23:06:1993,20:26:35,Cuiaba,174,174.851794,0.2077,0.1212,0.0865,0.0714,0.1991,0.1122,0.0774,0.0621,0.0086,0.0089,0.0091,0.0093,1.282123,79.275343,78.643753,2.255279,0.007208,0.207984,4,10,7,5,4,10,6,5,4,10,5,5,4,10,6,5,0.0618,0.11822,0.32783,0.34644,1,1,21:06:2023,05:13:20,3,-15.555244,-56.070214,234.0,lev20,Almucantar,Cuiaba,174,174.851794,0.207984,0.121295,0.086794,0.071685,1.279575,79.275343,78.643753,2.255279,0.007208,0.207984,4,10,7,5,4,10,6,5,4,10,5,5,4,10,6,5,0.0618,0.11822,0.32783,0.34644,1,1,21:06:2023,05:13:20,3,-15.555244,-56.070214,234.0,lev20,Almucantar,Cuiaba,174,174.851794,1.5158,1.5125,1.5098,1.5043,0.01487,0.014675,0.014854,0.014876,79.275343,78.643753,2.255279,0.007208,0.207984,4,10,7,5,4,10,6,5,4,10,5,5,4,10,6,5,0.0618,0.11822,0.32783,0.34644,1,1,21:06:2023,05:13:20,3,-15.555244,-56.070214,234.0,lev20,Almucantar,Cuiaba,174,174.851794,0.9149,0.8969,0.8712,0.8514,79.275343,78.643753,2.255279,0.007208,0.207984,4,10,7,5,4,10,6,5,4,10,5,5,4,10,6,5,0.0618,0.11822,0.32783,0.34644,1,1,21:06:2023,05:13:20,3,-15.555244,-56.070214,234.0,lev20,Almucantar,Cuiaba,174,174.851794,0.0798,0.049829,0.038157,0.032227,1.225119,79.275343,78.643753,2.255279,0.007208,0.207984,4,10,7,5,4,10,6,5,4,10,5,5,4,10,6,5,0.0618,0.11822,0.32783,0.34644,1,1,21:06:2023,05:13:20,3,-15.555244,-56.070214,234.0,lev20,Almucantar,1.2849150148584223,0.17623876807524172,0.9437274354728209,BCL,Maritime,,Unknown
24:06:1993,11:09:09,Cuiaba,175,175.464687,0.1414,0.0909,0.0712,0.0611,0.1328,0.0819,0.0621,0.0518,0.0087,0.009,0.0092,0.0093,1.008743,77.476944,78.106398,2.792646,0.012422,0.141431,4,10,6,5,4,10,7,5,4,10,7,5,4,10,6,5,0.05989,0.11587,0.32126,0.34363,1,1,21:06:2023,05:18:13,3,-15.555244,-56.070214,234.0,lev20,Almucantar,Cuiaba,175,175.464687,0.141431,0.090532,0.071505,0.061618,1.004349,77.476944,78.106398,2.792646,0.012422,0.141431,4,10,6,5,4,10,7,5,4,10,7,5,4,10,6,5,0.05989,0.11587,0.32126,0.34363,1,1,21:06:2023,05:18:13,3,-15.555244,-56.070214,234.0,lev20,Almucantar,Cuiaba,175,175.464687,1.5158,1.5125,1.5098,1.5043,0.01487,0.014675,0.014854,0.014876,77.476944,78.106398,2.792646,0.012422,0.141431,4,10,6,5,4,10,7,5,4,10,7,5,4,10,6,5,0.05989,0.11587,0.32126,0.34363,1,1,21:06:2023,05:18:13,3,-15.555244,-56.070214,234.0,lev20,Almucantar,Cuiaba,175,175.464687,0.9149,0.8969,0.8712,0.8514,77.476944,78.106398,2.792646,0.012422,0.141431,4,10,6,5,4,10,7,5,4,10,7,5,4,10,6,5,0.05989,0.11587,0.32126,0.34363,1,1,21:06:2023,05:18:13,3,-15.555244,-56.070214,234.0,lev20,Almucantar,Cuiaba,175,175.464687,0.0798,0.049829,0.038157,0.032227,1.225119,77.476944,78.106398,2.792646,0.012422,0.141431,4,10,6,5,4,10,7,5,4,10,7,5,4,10,6,5,0.05989,0.11587,0.32126,0.34363,1,1,21:06:2023,05:18:13,3,-15.555244,-56.070214,234.0,lev20,Almucantar,1.0064270668997841,0.1243298094466446,0.9214702827575483,Unclassified,Maritime,,Unknown
24:06:1993,12:41:20,Cuiaba,175,175.528704,0.1359,0.0921,0.0741,0.0655,0.127,0.0828,0.0647,0.056,0.0089,0.0092,0.0094,0.0095,0.891371,59.163139,59.715893,2.343045,0.120122,0.134226,4,10,7,4,3,11,7,4,3,10,7,4,3,10,7,4,0.05134,0.102,0.26148,0.28577,1,1,21:06:2023,05:20:25,3,-15.555244,-56.070214,234.0,lev20,Almucantar,Cuiaba,175,175.528704,0.134226,0.093261,0.073749,0.06498,0.875615,59.163139,59.715893,2.343045,0.120122,0.134226,4,10,7,4,3,11,7,4,3,10,7,4,3,10,7,4,0.05134,0.102,0.26148,0.28577,1,1,21:06:2023,05:20:25,3,-15.555244,-56.070214,234.0,lev20,Almucantar,Cuiaba,175,175.528704,1.5158,1.5125,1.5098,1.5043,0.01487,0.014675,0.014854,0.014876,59.163139,59.715893,2.343045,0.120122,0.134226,4,10,7,4,3,11,7,4,3,10,7,4,3,10,7,4,0.05134,0.102,0.26148,0.28577,1,1,21:06:2023,05:20:25,3,-15.555244,-56.070214,234.0,lev20,Almucantar,Cuiaba,175,175.528704,0.9149,0.8969,0.8712,0.8514,59.163139,59.715893,2.343045,0.120122,0.134226,4,10,7,4,3,11,7,4,3,10,7,4,3,10,7,4,0.05134,0.102,0.26148,0.28577,1,1,21:06:2023,05:20:25,3,-15.555244,-56.070214,234.0,lev20,Almucantar,Cuiaba,175,175.528704,0.0798,0.049829,0.038157,0.032227,1.225119,59.163139,59.715893,2.343045,0.120122,0.134226,4,10,7,4,3,11,7,4,3,10,7,4,3,10,7,4,0.05134,0.102,0.26148,0.28577,1,1,21:06:2023,05:20:25,3,-15.555244,-56.070214,234.0,lev20,Almucantar,0.8896689798423795,0.12129067481277662,0.9173432630249378,Unclassified,Maritime,,Unknown
24:06:1993,12:52:35,Cuiaba,175,175.536516,0.1402,0.0956,0.076,0.0666,0.13,0.085,0.0653,0.0558,0.0101,0.0105,0.0107,0.0108,0.897708,57.125829,57.663428,3.83208,0.226498,0.135817,4,10,8,3,4,10,7,4,4,10,7,4,4,10,7,4,0.05082,0.10118,0.25772,0.28217,1,1,21:06:2023,05:01:37,3,-15.555244,-56.070214,234.0,lev20,Almucantar,Cuiaba,175,175.536516,0.135817,0.094175,0.075163,0.066628,0.866525,57.125829,57.663428,3.83208,0.226498,0.135817,4,10,8,3,4,10,7,4,4,10,7,4,4,10,7,4,0.05082,0.10118,0.25772,0.28217,1,1,21:06:2023,05:01:37,3,-15.555244,-56.070214,234.0,lev20,Almucantar,Cuiaba,175,175.536516,1.5158,1.5125,1.5098,1.5043,0.01487,0.014675,0.014854,0.014876,57.125829,57.663428,3.83208,0.226498,0.135817,4,10,8,3,4,10,7,4,4,10,7,4,4,10,7,4,0.05082,0.10118,0.25772,0.28217,1,1,21:06:2023,05:01:37,3,-15.555244,-56.070214,234.0,lev20,Almucantar,Cuiaba,175,175.536516,0.9149,0.8969,0.8712,0.8514,57.125829,57.663428,3.83208,0.226498,0.135817,4,10,8,3,4,10,7,4,4,10,7,4,4,10,7,4,0.05082,0.10118,0.25772,0.28217,1,1,21:06:2023,05:01:37,3,-15.555244,-56.070214,234.0,lev20,Almucantar,Cuiaba,175,175.536516,0.0798,0.049829,0.038157,0.032227,1.225119,57.125829,57.663428,3.83208,0.226498,0.135817,4,10,8,3,4,10,7,4,4,10,7,4,4,10,7,4,0.05082,0.10118,0.25772,0.28217,1,1,21:06:2023,05:01:37,3,-15.555244,-56.070214,234.0,lev20,Almucantar,0.8982250709411236,0.12499163754287011,0.9090026246534941,Unclassified,Maritime,,Unknown
24:06:1993,18:59:16,Cuiaba,175,175.791157,0.2004,0.1226,0.0933,0.0808,0.187,0.1088,0.0792,0.0666,0.0134,0.0138,0.0141,0.0142,1.123795,61.61701,61.051885,4.393359,0.259517,0.19619,3,10,8,4,3,10,8,4,3,10,8,4,3,10,8,4,0.05221,0.10311,0.26538,0.28832,1,1,21:06:2023,05:03:28,3,-15.555244,-56.070214,234.0,lev20,Almucantar,Cuiaba,175,175.791157,0.19619,0.124934,0.095211,0.082279,1.059745,61.61701,61.051885,4.393359,0.259517,0.19619,3,10,8,4,3,10,8,4,3,10,8,4,3,10,8,4,0.05221,0.10311,0.26538,0.28832,1,1,21:06:2023,05:03:28,3,-15.555244,-56.070214,234.0,lev20,Almucantar,Cuiaba,175,175.791157,1.5158,1.5125,1.5098,1.5043,0.01487,0.014675,0.014854,0.014876,61.61701,61.051885,4.393359,0.259517,0.19619,3,10,8,4,3,10,8,4,3,10,8,4,3,10,8,4,0.05221,0.10311,0.26538,0.28832,1,1,21:06:2023,05:03:28,3,-15.555244,-56.070214,234.0,lev20,Almucantar,Cuiaba,175,175.791157,0.9149,0.8969,0.8712,0.8514,61.61701,61.051885,4.393359,0.259517,0.19619,3,10,8,4,3,10,8,4,3,10,8,4,3,10,8,4,0.05221,0.10311,0.26538,0.28832,1,1,21:06:2023,05:03:28,3,-15.555244,-56.070214,234.0,lev20,Almucantar,Cuiaba,175,175.791157,0.0798,0.049829,0.038157,0.032227,1.225119,61.61701,61.051885,4.393359,0.259517,0.19619,3,10,8,4,3,10,8,4,3,10,8,4,3,10,8,4,0.05221,0.10311,0.26538,0.28832,1,1,21:06:2023,05:03:28,3,-15.555244,-56.070214,234.0,lev20,Almucantar,1.1214236939065922,0.17363579919499364,0.9109550823879585,Unclassified,Maritime,,Unknown
24:06:1993,20:26:48,Cuiaba,175,175.851944,0.2307,0.1359,0.0982,0.0829,0.2119,0.1165,0.0784,0.0629,0.0188,0.0194,0.0198,0.02,1.251057,79.268155,78.63645,2.39044,0.012732,0.230142,4,10,7,5,4,10,7,5,4,10,7,5,4,10,7,5,0.0618,0.11822,0.32781,0.3464,1,1,21:06:2023,05:05:21,3,-15.555244,-56.070214,234.0,lev20,Almucantar,Cuiaba,175,175.851944,0.230142,0.135839,0.098439,0.082696,1.244179,79.268155,78.63645,2.39044,0.012732,0.230142,4,10,7,5,4,10,7,5,4,10,7,5,4,10,7,5,0.0618,0.11822,0.32781,0.3464,1,1,21:06:2023,05:05:21,3,-15.555244,-56.070214,234.0,lev20,Almucantar,Cuiaba,175,175.851944,1.5158,1.5125,1.5098,1.5043,0.01487,0.014675,0.014854,0.014876,79.268155,78.63645,2.39044,0.012732,0.230142,4,10,7,5,4,10,7,5,4,10,7,5,4,10,7,5,0.0618,0.11822,0.32781,0.3464,1,1,21:06:2023,05:05:21,3,-15.555244,-56.070214,234.0,lev20,Almucantar,Cuiaba,175,175.851944,0.9149,0.8969,0.8712,0.8514,79.268155,78.63645,2.39044,0.012732,0.230142,4,10,7,5,4,10,7,5,4,10,7,5,4,10,7,5,0.0618,0.11822,0.32781,0.3464,1,1,21:06:2023,05:05:21,3,-15.555244,-56.070214,234.0,lev20,Almucantar,Cuiaba,175,175.851944,0.0798,0.049829,0.038157,0.032227,1.225119,79.268155,78.63645,2.39044,0.012732,0.230142,4,10,7,5,4,10,7,5,4,10,7,5,4,10,7,5,0.0618,0.11822,0.32781,0.3464,1,1,21:06:2023,05:05:21,3,-15.555244,-56.070214,234.0,lev20,Almucantar,1.252880725611605,0.19655812673553708,0.8896122210634515,BCL,Maritime,,Unknown
26:06:1993,12:41:36,Cuiaba,177,177.528889,0.1962,0.128,0.1,0.0875,0.1764,0.1074,0.0791,0.0664,0.0199,0.0207,0.021,0.0211,0.989338,59.157886,59.711292,3.737076,0.362996,0.190932,4,10,7,4,3,11,7,4,3,10,7,4,3,10,7,4,0.0514,0.10245,0.25628,0.28184,1,1,21:06:2023,05:07:52,3,-15.555244,-56.070214,234.0,lev20,Almucantar,Cuiaba,177,177.528889,0.190932,0.124944,0.097286,0.084998,0.989044,59.157886,59.711292,3.737076,0.362996,0.190932,4,10,7,4,3,11,7,4,3,10,7,4,3,10,7,4,0.0514,0.10245,0.25628,0.28184,1,1,21:06:2023,05:07:52,3,-15.555244,-56.070214,234.0,lev20,Almucantar,Cuiaba,177,177.528889,1.5158,1.5125,1.5098,1.5043,0.01487,0.014675,0.014854,0.014876,59.157886,59.711292,3.737076,0.362996,0.190932,4,10,7,4,3,11,7,4,3,10,7,4,3,10,7,4,0.0514,0.10245,0.25628,0.28184,1,1,21:06:2023,05:07:52,3,-15.555244,-56.070214,234.0,lev20,Almucantar,Cuiaba,177,177.528889,0.9149,0.8969,0.8712,0.8514,59.157886,59.711292,3.737076,0.362996,0.190932,4,10,7,4,3,11,7,4,3,10,7,4,3,10,7,4,0.0514,0.10245,0.25628,0.28184,1,1,21:06:2023,05:07:52,3,-15.555244,-56.070214,234.0,lev20,Almucantar,Cuiaba,177,177.528889,0.0798,0.049829,0.038157,0.032227,1.225119,59.157886,59.711292,3.737076,0.362996,0.190932,4,10,7,4,3,11,7,4,3,10,7,4,3,10,7,4,0.0514,0.10245,0.25628,0.28184,1,1,21:06:2023,05:07:52,3,-15.555244,-56.070214,234.0,lev20,Almucantar,0.9886256222080433,0.1729072287532897,0.8700412791488817,Unclassified,Maritime,,Unknown
26:06:1993,12:52:52,Cuiaba,177,177.536713,0.1929,0.1281,0.0999,0.0871,0.1724,0.1068,0.0783,0.0654,0.0204,0.0212,0.0216,0.0217,0.964183,57.115064,57.65333,4.456515,0.240978,0.189862,4,10,8,3,4,10,7,4,4,10,7,4,4,10,7,4,0.05091,0.10171,0.25269,0.27836,1,1,21:06:2023,05:09:32,3,-15.555244,-56.070214,234.0,lev20,Almucantar,Cuiaba,177,177.536713,0.189862,0.125707,0.097594,0.085413,0.974761,57.115064,57.65333,4.456515,0.240978,0.189862,4,10,8,3,4,10,7,4,4,10,7,4,4,10,7,4,0.05091,0.10171,0.25269,0.27836,1,1,21:06:2023,05:09:32,3,-15.555244,-56.070214,234.0,lev20,Almucantar,Cuiaba,177,177.536713,1.5158,1.5125,1.5098,1.5043,0.01487,0.014675,0.014854,0.014876,57.115064,57.65333,4.456515,0.240978,0.189862,4,10,8,3,4,10,7,4,4,10,7,4,4,10,7,4,0.05091,0.10171,0.25269,0.27836,1,1,21:06:2023,05:09:32,3,-15.555244,-56.070214,234.0,lev20,Almucantar,Cuiaba,177,177.536713,0.9149,0.8969,0.8712,0.8514,57.115064,57.65333,4.456515,0.240978,0.189862,4,10,8,3,4,10,7,4,4,10,7,4,4,10,7,4,0.05091,0.10171,0.25269,0.27836,1,1,21:06:2023,05:09:32,3,-15.555244,-56.070214,234.0,lev20,Almucantar,Cuiaba,177,177.536713,0.0798,0.049829,0.038157,0.032227,1.225119,57.115064,57.65333,4.456515,0.240978,0.189862,4,10,8,3,4,10,7,4,4,10,7,4,4,10,7,4,0.05091,0.10171,0.25269,0.27836,1,1,21:06:2023,05:09:32,3,-15.555244,-56.070214,234.0,lev20,Almucantar,0.9652110790448638,0.1705085996802048,0.8647405459347945,Unclassified,Maritime,,Unknown
26:06:1993,18:48:36,Cuiaba,177,177.78375,0.1811,0.1248,0.1028,0.0926,0.1618,0.1048,0.0824,0.072,0.0193,0.02,0.0204,0.0205,0.834288,59.509992,58.957961,3.73949,0.125159,0.18199,3,10,8,4,3,10,8,4,3,11,7,4,3,11,7,4,0.05161,0.10258,0.25595,0.28052,1,1,21:06:2023,05:11:43,3,-15.555244,-56.070214,234.0,lev20,Almucantar,Cuiaba,177,177.78375,0.18199,0.125892,0.1033,0.091966,0.833493,59.509992,58.957961,3.73949,0.125159,0.18199,3,10,8,4,3,10,8,4,3,11,7,4,3,11,7,4,0.05161,0.10258,0.25595,0.28052,1,1,21:06:2023,05:11:43,3,-15.555244,-56.070214,234.0,lev20,Almucantar,Cuiaba,177,177.78375,1.5158,1.5125,1.5098,1.5043,0.01487,0.014675,0.014854,0.014876,59.509992,58.957961,3.73949,0.125159,0.18199,3,10,8,4,3,10,8,4,3,11,7,4,3,11,7,4,0.05161,0.10258,0.25595,0.28052,1,1,21:06:2023,05:11:43,3,-15.555244,-56.070214,234.0,lev20,Almucantar,Cuiaba,177,177.78375,0.9149,0.8969,0.8712,0.8514,59.509992,58.957961,3.73949,0.125159,0.18199,3,10,8,4,3,10,8,4,3,11,7,4,3,11,7,4,0.05161,0.10258,0.25595,0.28052,1,1,21:06:2023,05:11:43,3,-15.555244,-56.070214,234.0,lev20,Almucantar,Cuiaba,177,177.78375,0.0798,0.049829,0.038157,0.032227,1.225119,59.509992,58.957961,3.73949,0.125159,0.18199,3,10,8,4,3,10,8,4,3,11,7,4,3,11,7,4,0.05161,0.10258,0.25595,0.28052,1,1,21:06:2023,05:11:43,3,-15.555244,-56.070214,234.0,lev20,Almucantar,0.8306420091972782,0.16285587322824702,0.8668710877636006,Unclassified,Maritime,,Unknown
26:06:1993,20:27:16,Cuiaba,177,177.852269,0.2378,0.144,0.1067,0.0906,0.2157,0.1211,0.0834,0.0671,0.0221,0.0229,0.0233,0.0235,1.175006,79.254355,78.622281,2.274343,0.011258,0.237044,4,10,7,5,4,10,7,5,4,10,7,5,4,10,7,5,0.06111,0.11725,0.31967,0.34052,1,1,21:06:2023,05:15:58,3,-15.555244,-56.070214,234.0,lev20,Almucantar,Cuiaba,177,177.852269,0.237044,0.143928,0.106852,0.090572,1.1683,79.254355,78.622281,2.274343,0.011258,0.237044,4,10,7,5,4,10,7,5,4,10,7,5,4,10,7,5,0.06111,0.11725,0.31967,0.34052,1,1,21:06:2023,05:15:58,3,-15.555244,-56.070214,234.0,lev20,Almucantar,Cuiaba,177,177.852269,1.5158,1.5125,1.5098,1.5043,0.01487,0.014675,0.014854,0.014876,79.254355,78.622281,2.274343,0.011258,0.237044,4,10,7,5,4,10,7,5,4,10,7,5,4,10,7,5,0.06111,0.11725,0.31967,0.34052,1,1,21:06:2023,05:15:58,3,-15.555244,-56.070214,234.0,lev20,Almucantar,Cuiaba,177,177.852269,0.9149,0.8969,0.8712,0.8514,79.254355,78.622281,2.274343,0.011258,0.237044,4,10,7,5,4,10,7,5,4,10,7,5,4,10,7,5,0.06111,0.11725,0.31967,0.34052,1,1,21:06:2023,05:15:58,3,-15.555244,-56.070214,234.0,lev20,Almucantar,Cuiaba,177,177.852269,0.0798,0.049829,0.038157,0.032227,1.225119,79.254355,78.622281,2.274343,0.011258,0.237044,4,10,7,5,4,10,7,5,4,10,7,5,4,10,7,5,0.06111,0.11725,0.31967,0.34052,1,1,21:06:2023,05:15:58,3,-15.555244,-56.070214,234.0,lev20,Almucantar,1.1755715062632421,0.20461961423218133,0.8757951184010082,Unclassified,Urban,,Unknown
29:06:1993,18:49:10,Cuiaba,180,180.784144,0.149,0.1001,0.0798,0.0703,0.1372,0.0879,0.0674,0.0578,0.0118,0.0122,0.0124,0.0125,0.917082,59.417264,58.864235,4.881612,0.154247,0.147938,3,10,7,4,3,10,7,4,3,11,7,4,4,10,7,4,0.05158,0.10254,0.25578,0.28036,1,1,21:06:2023,05:14:18,3,-15.555244,-56.070214,234.0,lev20,Almucantar,Cuiaba,180,180.784144,0.147938,0.102152,0.081482,0.072431,0.873766,59.417264,58.864235,4.881612,0.154247,0.147938,3,10,7,4,3,10,7,4,3,11,7,4,4,10,7,4,0.05158,0.10254,0.25578,0.28036,1,1,21:06:2023,05:14:18,3,-15.555244,-56.070214,234.0,lev20,Almucantar,Cuiaba,180,180.784144,1.5158,1.5125,1.5098,1.5043,0.01487,0.014675,0.014854,0.014876,59.417264,58.864235,4.881612,0.154247,0.147938,3,10,7,4,3,10,7,4,3,11,7,4,4,10,7,4,0.05158,0.10254,0.25578,0.28036,1,1,21:06:2023,05:14:18,3,-15.555244,-56.070214,234.0,lev20,Almucantar,Cuiaba,180,180.784144,0.9149,0.8969,0.8712,0.8514,59.417264,58.864235,4.881612,0.154247,0.147938,3,10,7,4,3,10,7,4,3,11,7,4,4,10,7,4,0.05158,0.10254,0.25578,0.28036,1,1,21:06:2023,05:14:18,3,-15.555244,-56.070214,234.0,lev20,Almucantar,Cuiaba,180,180.784144,0.0798,0.049829,0.038157,0.032227,1.225119,59.417264,58.864235,4.881612,0.154247,0.147938,3,10,7,4,3,10,7,4,3,11,7,4,4,10,7,4,0.05158,0.10254,0.25578,0.28036,1,1,21:06:2023,05:14:18,3,-15.555244,-56.070214,234.0,lev20,Almucantar,0.9159540418376838,0.13253633213470511,0.900119795336445,Unclassified,Maritime,,Unknown
29:06:1993,20:28:02,Cuiaba,180,180.852801,0.143,0.0949,0.0725,0.0626,0.1326,0.0841,0.0615,0.0514,0.0105,0.0108,0.011,0.0111,0.99249,79.232967,78.600008,2.867129,0.008978,0.142285,4,10,6,5,4,10,5,5,4,10,5,5,4,10,6,5,0.06109,0.11723,0.31955,0.3404,1,1,21:06:2023,05:18:00,3,-15.555244,-56.070214,234.0,lev20,Almucantar,Cuiaba,180,180.852801,0.142285,0.09478,0.072693,0.062434,0.981493,79.232967,78.600008,2.867129,0.008978,0.142285,4,10,6,5,4,10,5,5,4,10,5,5,4,10,6,5,0.06109,0.11723,0.31955,0.3404,1,1,21:06:2023,05:18:00,3,-15.555244,-56.070214,234.0,lev20,Almucantar,Cuiaba,180,180.852801,1.5158,1.5125,1.5098,1.5043,0.01487,0.014675,0.014854,0.014876,79.232967,78.600008,2.867129,0.008978,0.142285,4,10,6,5,4,10,5,5,4,10,5,5,4,10,6,5,0.06109,0.11723,0.31955,0.3404,1,1,21:06:2023,05:18:00,3,-15.555244,-56.070214,234.0,lev20,Almucantar,Cuiaba,180,180.852801,0.9149,0.8969,0.8712,0.8514,79.232967,78.600008,2.867129,0.008978,0.142285,4,10,6,5,4,10,5,5,4,10,5,5,4,10,6,5,0.06109,0.11723,0.31955,0.3404,1,1,21:06:2023,05:18:00,3,-15.555244,-56.070214,234.0,lev20,Almucantar,Cuiaba,180,180.852801,0.0798,0.049829,0.038157,0.032227,1.225119,79.232967,78.600008,2.867129,0.008978,0.142285,4,10,6,5,4,10,5,5,4,10,5,5,4,10,6,5,0.06109,0.11723,0.31955,0.3404,1,1,21:06:2023,05:18:00,3,-15.555244,-56.070214,234.0,lev20,Almucantar,0.9963908616355094,0.12589807198532282,0.9080404309043622,Unclassified,Maritime,,Unknown
30:06:1993,12:41:50,Cuiaba,181,181.529051,0.2584,0.1542,0.1101,0.0918,0.2422,0.1373,0.093,0.0745,0.0163,0.0168,0.0171,0.0173,1.246817,59.148034,59.703697,1.37963,0.035504,0.258231,4,10,7,4,3,11,6,4,3,10,7,4,3,10,7,4,0.05139,0.10244,0.25626,0.28182,1,1,21:06:2023,05:19:38,3,-15.555244,-56.070214,234.0,lev20,Almucantar,Cuiaba,181,181.529051,0.258231,0.154294,0.109782,0.091968,1.249496,59.148034,59.703697,1.37963,0.035504,0.258231,4,10,7,4,3,11,6,4,3,10,7,4,3,10,7,4,0.05139,0.10244,0.25626,0.28182,1,1,21:06:2023,05:19:38,3,-15.555244,-56.070214,234.0,lev20,Almucantar,Cuiaba,181,181.529051,1.5158,1.5125,1.5098,1.5043,0.01487,0.014675,0.014854,0.014876,59.148034,59.703697,1.37963,0.035504,0.258231,4,10,7,4,3,11,6,4,3,10,7,4,3,10,7,4,0.05139,0.10244,0.25626,0.28182,1,1,21:06:2023,05:19:38,3,-15.555244,-56.070214,234.0,lev20,Almucantar,Cuiaba,181,181.529051,0.9149,0.8969,0.8712,0.8514,59.148034,59.703697,1.37963,0.035504,0.258231,4,10,7,4,3,11,6,4,3,10,7,4,3,10,7,4,0.05139,0.10244,0.25626,0.28182,1,1,21:06:2023,05:19:38,3,-15.555244,-56.070214,234.0,lev20,Almucantar,Cuiaba,181,181.529051,0.0798,0.049829,0.038157,0.032227,1.225119,59.148034,59.703697,1.37963,0.035504,0.258231,4,10,7,4,3,11,6,4,3,10,7,4,3,10,7,4,0.05139,0.10244,0.25626,0.28182,1,1,21:06:2023,05:19:38,3,-15.555244,-56.070214,234.0,lev20,Almucantar,1.2514252543845648,0.22019970012287607,0.9156038228303668,BCL,Urban,,Unknown
30:06:1993,12:53:06,Cuiaba,181,181.536875,0.261,0.1557,0.1127,0.0951,0.2482,0.1424,0.0992,0.0815,0.0128,0.0132,0.0135,0.0136,1.229236,57.096416,57.637073,1.916925,0.043921,0.260989,4,10,8,3,4,10,7,4,4,10,7,4,4,10,7,4,0.05091,0.1017,0.25266,0.27833,1,1,21:06:2023,05:01:38,3,-15.555244,-56.070214,234.0,lev20,Almucantar,Cuiaba,181,181.536875,0.260989,0.156131,0.112565,0.094625,1.230139,57.096416,57.637073,1.916925,0.043921,0.260989,4,10,8,3,4,10,7,4,4,10,7,4,4,10,7,4,0.05091,0.1017,0.25266,0.27833,1,1,21:06:2023,05:01:38,3,-15.555244,-56.070214,234.0,lev20,Almucantar,Cuiaba,181,181.536875,1.5158,1.5125,1.5098,1.5043,0.01487,0.014675,0.014854,0.014876,57.096416,57.637073,1.916925,0.043921,0.260989,4,10,8,3,4,10,7,4,4,10,7,4,4,10,7,4,0.05091,0.1017,0.25266,0.27833,1,1,21:06:2023,05:01:38,3,-15.555244,-56.070214,234.0,lev20,Almucantar,Cuiaba,181,181.536875,0.9149,0.8969,0.8712,0.8514,57.096416,57.637073,1.916925,0.043921,0.260989,4,10,8,3,4,10,7,4,4,10,7,4,4,10,7,4,0.05091,0.1017,0.25266,0.27833,1,1,21:06:2023,05:01:38,3,-15.555244,-56.070214,234.0,lev20,Almucantar,Cuiaba,181,181.536875,0.0798,0.049829,0.038157,0.032227,1.225119,57.096416,57.637073,1.916925,0.043921,0.260989,4,10,8,3,4,10,7,4,4,10,7,4,4,10,7,4,0.05091,0.1017,0.25266,0.27833,1,1,21:06:2023,05:01:38,3,-15.555244,-56.070214,234.0,lev20,Almucantar,1.2318735740336866,0.22297192241499245,0.9337311420824489,BCL,Urban,,Unknown
30:06:1993,20:28:19,Cuiaba,181,181.852998,0.1974,0.1152,0.0832,0.069,0.1857,0.1032,0.0708,0.0564,0.0117,0.0121,0.0123,0.0126,1.266251,79.228147,78.594802,3.64959,0.016732,0.196822,4,10,7,5,4,10,6,4,4,10,5,4,4,10,4,3,0.06109,0.11722,0.31953,0.34038,1,1,21:06:2023,05:03:20,3,-15.555244,-56.070214,234.0,lev20,Almucantar,Cuiaba,181,181.852998,0.196822,0.115302,0.083441,0.069617,1.25767,79.228147,78.594802,3.64959,0.016732,0.196822,4,10,7,5,4,10,6,4,4,10,5,4,4,10,4,3,0.06109,0.11722,0.31953,0.34038,1,1,21:06:2023,05:03:20,3,-15.555244,-56.070214,234.0,lev20,Almucantar,Cuiaba,181,181.852998,1.5158,1.5125,1.5098,1.5043,0.01487,0.014675,0.014854,0.014876,79.228147,78.594802,3.64959,0.016732,0.196822,4,10,7,5,4,10,6,4,4,10,5,4,4,10,4,3,0.06109,0.11722,0.31953,0.34038,1,1,21:06:2023,05:03:20,3,-15.555244,-56.070214,234.0,lev20,Almucantar,Cuiaba,181,181.852998,0.9149,0.8969,0.8712,0.8514,79.228147,78.594802,3.64959,0.016732,0.196822,4,10,7,5,4,10,6,4,4,10,5,4,4,10,4,3,0.06109,0.11722,0.31953,0.34038,1,1,21:06:2023,05:03:20,3,-15.555244,-56.070214,234.0,lev20,Almucantar,Cuiaba,181,181.852998,0.0798,0.049829,0.038157,0.032227,1.225119,79.228147,78.594802,3.64959,0.016732,0.196822,4,10,7,5,4,10,6,4,4,10,5,4,4,10,4,3,0.06109,0.11722,0.31953,0.34038,1,1,21:06:2023,05:03:20,3,-15.555244,-56.070214,234.0,lev20,Almucantar,1.2673629929609336,0.16787519940857792,0.9202177030813636,BCL,Maritime,,Unknown
01:07:1993,12:41:52,Cuiaba,182,182.529074,0.2743,0.1528,0.1091,0.091,0.2602,0.1382,0.0942,0.076,0.0141,0.0147,0.0149,0.015,1.353565,59.138595,59.694969,1.882832,0.044939,0.273702,4,10,7,4,3,11,6,4,3,10,7,4,2,10,7,4,0.05139,0.10244,0.25624,0.28181,1,1,21:06:2023,05:05:45,3,-15.555244,-56.070214,234.0,lev20,Almucantar,Cuiaba,182,182.529074,0.273702,0.153001,0.108527,0.09091,1.356862,59.138595,59.694969,1.882832,0.044939,0.273702,4,10,7,4,3,11,6,4,3,10,7,4,2,10,7,4,0.05139,0.10244,0.25624,0.28181,1,1,21:06:2023,05:05:45,3,-15.555244,-56.070214,234.0,lev20,Almucantar,Cuiaba,182,182.529074,1.5158,1.5125,1.5098,1.5043,0.01487,0.014675,0.014854,0.014876,59.138595,59.694969,1.882832,0.044939,0.273702,4,10,7,4,3,11,6,4,3,10,7,4,2,10,7,4,0.05139,0.10244,0.25624,0.28181,1,1,21:06:2023,05:05:45,3,-15.555244,-56.070214,234.0,lev20,Almucantar,Cuiaba,182,182.529074,0.9149,0.8969,0.8712,0.8514,59.138595,59.694969,1.882832,0.044939,0.273702,4,10,7,4,3,11,6,4,3,10,7,4,2,10,7,4,0.05139,0.10244,0.25624,0.28181,1,1,21:06:2023,05:05:45,3,-15.555244,-56.070214,234.0,lev20,Almucantar,Cuiaba,182,182.529074,0.0798,0.049829,0.038157,0.032227,1.225119,59.138595,59.694969,1.882832,0.044939,0.273702,4,10,7,4,3,11,6,4,3,10,7,4,2,10,7,4,0.05139,0.10244,0.25624,0.28181,1,1,21:06:2023,05:05:45,3,-15.555244,-56.070214,234.0,lev20,Almucantar,1.3524020922817288,0.23075124731492755,0.9277515045414373,BCL,Urban,,Unknown
01:07:1993,12:53:08,Cuiaba,182,182.536898,0.2744,0.1531,0.1094,0.0905,0.2578,0.1359,0.0919,0.0728,0.0166,0.0172,0.0175,0.0177,1.350049,57.084214,57.625622,2.571393,0.062378,0.273702,4,10,8,3,4,10,7,4,4,10,7,4,4,10,7,4,0.0509,0.1017,0.25263,0.27831,1,1,21:06:2023,05:07:54,3,-15.555244,-56.070214,234.0,lev20,Almucantar,Cuiaba,182,182.536898,0.273702,0.153001,0.108527,0.09091,1.356862,57.084214,57.625622,2.571393,0.062378,0.273702,4,10,8,3,4,10,7,4,4,10,7,4,4,10,7,4,0.0509,0.1017,0.25263,0.27831,1,1,21:06:2023,05:07:54,3,-15.555244,-56.070214,234.0,lev20,Almucantar,Cuiaba,182,182.536898,1.5158,1.5125,1.5098,1.5043,0.01487,0.014675,0.014854,0.014876,57.084214,57.625622,2.571393,0.062378,0.273702,4,10,8,3,4,10,7,4,4,10,7,4,4,10,7,4,0.0509,0.1017,0.25263,0.27831,1,1,21:06:2023,05:07:54,3,-15.555244,-56.070214,234.0,lev20,Almucantar,Cuiaba,182,182.536898,0.9149,0.8969,0.8712,0.8514,57.084214,57.625622,2.571393,0.062378,0.273702,4,10,8,3,4,10,7,4,4,10,7,4,4,10,7,4,0.0509,0.1017,0.25263,0.27831,1,1,21:06:2023,05:07:54,3,-15.555244,-56.070214,234.0,lev20,Almucantar,Cuiaba,182,182.536898,0.0798,0.049829,0.038157,0.032227,1.225119,57.084214,57.625622,2.571393,0.062378,0.273702,4,10,8,3,4,10,7,4,4,10,7,4,4,10,7,4,0.0509,0.1017,0.25263,0.27831,1,1,21:06:2023,05:07:54,3,-15.555244,-56.070214,234.0,lev20,Almucantar,1.3489087159188973,0.23093847818270716,0.9154957263310987,BCL,Urban,,Unknown
01:07:1993,18:49:33,Cuiaba,182,182.78441,0.1936,0.1199,0.0905,0.0775,0.1791,0.1049,0.0752,0.0621,0.0144,0.015,0.0152,0.0153,1.115659,59.339881,58.785899,4.547641,0.253497,0.1899,3,10,8,4,3,11,7,4,3,11,7,4,3,10,7,4,0.05156,0.10251,0.25564,0.28023,1,1,21:06:2023,05:09:36,3,-15.555244,-56.070214,234.0,lev20,Almucantar,Cuiaba,182,182.78441,0.1899,0.116938,0.089045,0.077704,1.112865,59.339881,58.785899,4.547641,0.253497,0.1899,3,10,8,4,3,11,7,4,3,11,7,4,3,10,7,4,0.05156,0.10251,0.25564,0.28023,1,1,21:06:2023,05:09:36,3,-15.555244,-56.070214,234.0,lev20,Almucantar,Cuiaba,182,182.78441,1.5158,1.5125,1.5098,1.5043,0.01487,0.014675,0.014854,0.014876,59.339881,58.785899,4.547641,0.253497,0.1899,3,10,8,4,3,11,7,4,3,11,7,4,3,10,7,4,0.05156,0.10251,0.25564,0.28023,1,1,21:06:2023,05:09:36,3,-15.555244,-56.070214,234.0,lev20,Almucantar,Cuiaba,182,182.78441,0.9149,0.8969,0.8712,0.8514,59.339881,58.785899,4.547641,0.253497,0.1899,3,10,8,4,3,11,7,4,3,11,7,4,3,10,7,4,0.05156,0.10251,0.25564,0.28023,1,1,21:06:2023,05:09:36,3,-15.555244,-56.070214,234.0,lev20,Almucantar,Cuiaba,182,182.78441,0.0798,0.049829,0.038157,0.032227,1.225119,59.339881,58.785899,4.547641,0.253497,0.1899,3,10,8,4,3,11,7,4,3,11,7,4,3,10,7,4,0.05156,0.10251,0.25564,0.28023,1,1,21:06:2023,05:09:36,3,-15.555244,-56.070214,234.0,lev20,Almucantar,1.115481450427039,0.16787143526833528,0.9011067440115869,Unclassified,Maritime,,Unknown
01:07:1993,19:00:36,Cuiaba,182,182.792083,0.2011,0.1222,0.0912,0.0777,0.1869,0.1074,0.0761,0.0626,0.0142,0.0148,0.015,0.0151,1.160098,61.412228,60.84482,4.501601,0.347063,0.195178,3,10,8,4,3,10,8,4,2,10,8,4,3,10,8,4,0.05214,0.10336,0.25958,0.28391,1,1,21:06:2023,05:11:20,3,-15.555244,-56.070214,234.0,lev20,Almucantar,Cuiaba,182,182.792083,0.195178,0.119216,0.08973,0.078138,1.140866,61.412228,60.84482,4.501601,0.347063,0.195178,3,10,8,4,3,10,8,4,2,10,8,4,3,10,8,4,0.05214,0.10336,0.25958,0.28391,1,1,21:06:2023,05:11:20,3,-15.555244,-56.070214,234.0,lev20,Almucantar,Cuiaba,182,182.792083,1.5158,1.5125,1.5098,1.5043,0.01487,0.014675,0.014854,0.014876,61.412228,60.84482,4.501601,0.347063,0.195178,3,10,8,4,3,10,8,4,2,10,8,4,3,10,8,4,0.05214,0.10336,0.25958,0.28391,1,1,21:06:2023,05:11:20,3,-15.555244,-56.070214,234.0,lev20,Almucantar,Cuiaba,182,182.792083,0.9149,0.8969,0.8712,0.8514,61.412228,60.84482,4.501601,0.347063,0.195178,3,10,8,4,3,10,8,4,2,10,8,4,3,10,8,4,0.05214,0.10336,0.25958,0.28391,1,1,21:06:2023,05:11:20,3,-15.555244,-56.070214,234.0,lev20,Almucantar,Cuiaba,182,182.792083,0.0798,0.049829,0.038157,0.032227,1.225119,61.412228,60.84482,4.501601,0.347063,0.195178,3,10,8,4,3,10,8,4,2,10,8,4,3,10,8,4,0.05214,0.10336,0.25958,0.28391,1,1,21:06:2023,05:11:20,3,-15.555244,-56.070214,234.0,lev20,Almucantar,1.1599324609837574,0.1733866756272567,0.9050541877471696,Unclassified,Maritime,,Unknown
01:07:1993,20:28:37,Cuiaba,182,182.853206,0.2766,0.1478,0.1012,0.0824,0.2595,0.1301,0.0831,0.0641,0.0171,0.0178,0.0181,0.0183,1.473606,79.225236,78.591459,1.865035,0.005163,0.276609,4,10,7,5,4,10,7,5,4,10,7,5,4,10,7,5,0.06108,0.11721,0.31951,0.34036,1,1,21:06:2023,05:13:51,3,-15.555244,-56.070214,234.0,lev20,Almucantar,Cuiaba,182,182.853206,0.276609,0.147779,0.101504,0.082711,1.46971,79.225236,78.591459,1.865035,0.005163,0.276609,4,10,7,5,4,10,7,5,4,10,7,5,4,10,7,5,0.06108,0.11721,0.31951,0.34036,1,1,21:06:2023,05:13:51,3,-15.555244,-56.070214,234.0,lev20,Almucantar,Cuiaba,182,182.853206,1.5158,1.5125,1.5098,1.5043,0.01487,0.014675,0.014854,0.014876,79.225236,78.591459,1.865035,0.005163,0.276609,4,10,7,5,4,10,7,5,4,10,7,5,4,10,7,5,0.06108,0.11721,0.31951,0.34036,1,1,21:06:2023,05:13:51,3,-15.555244,-56.070214,234.0,lev20,Almucantar,Cuiaba,182,182.853206,0.9149,0.8969,0.8712,0.8514,79.225236,78.591459,1.865035,0.005163,0.276609,4,10,7,5,4,10,7,5,4,10,7,5,4,10,7,5,0.06108,0.11721,0.31951,0.34036,1,1,21:06:2023,05:13:51,3,-15.555244,-56.070214,234.0,lev20,Almucantar,Cuiaba,182,182.853206,0.0798,0.049829,0.038157,0.032227,1.225119,79.225236,78.591459,1.865035,0.005163,0.276609,4,10,7,5,4,10,7,5,4,10,7,5,4,10,7,5,0.06108,0.11721,0.31951,0.34036,1,1,21:06:2023,05:13:51,3,-15.555244,-56.070214,234.0,lev20,Almucantar,1.4749103697345003,0.22907046278878396,0.9117138523619913,BCL,Urban,,Unknown
02:07:1993,12:41:50,Cuiaba,183,183.529051,0.1305,0.0907,0.073,0.0645,0.1219,0.0819,0.064,0.0554,0.0086,0.0089,0.009,0.0091,0.851769,59.136792,59.694004,3.123239,0.233246,0.126023,4,10,7,4,3,11,6,4,3,10,7,4,2,10,7,4,0.05139,0.10244,0.25624,0.28181,1,1,21:06:2023,05:06:07,3,-15.555244,-56.070214,234.0,lev20,Almucantar,Cuiaba,183,183.529051,0.126023,0.090821,0.071553,0.063986,0.82387,59.136792,59.694004,3.123239,0.233246,0.126023,4,10,7,4,3,11,6,4,3,10,7,4,2,10,7,4,0.05139,0.10244,0.25624,0.28181,1,1,21:06:2023,05:06:07,3,-15.555244,-56.070214,234.0,lev20,Almucantar,Cuiaba,183,183.529051,1.5158,1.5125,1.5098,1.5043,0.01487,0.014675,0.014854,0.014876,59.136792,59.694004,3.123239,0.233246,0.126023,4,10,7,4,3,11,6,4,3,10,7,4,2,10,7,4,0.05139,0.10244,0.25624,0.28181,1,1,21:06:2023,05:06:07,3,-15.555244,-56.070214,234.0,lev20,Almucantar,Cuiaba,183,183.529051,0.9149,0.8969,0.8712,0.8514,59.136792,59.694004,3.123239,0.233246,0.126023,4,10,7,4,3,11,6,4,3,10,7,4,2,10,7,4,0.05139,0.10244,0.25624,0.28181,1,1,21:06:2023,05:06:07,3,-15.555244,-56.070214,234.0,lev20,Almucantar,Cuiaba,183,183.529051,0.0798,0.049829,0.038157,0.032227,1.225119,59.136792,59.694004,3.123239,0.233246,0.126023,4,10,7,4,3,11,6,4,3,10,7,4,2,10,7,4,0.05139,0.10244,0.25624,0.28181,1,1,21:06:2023,05:06:07,3,-15.555244,-56.070214,234.0,lev20,Almucantar,0.8521314862674508,0.11703141299560431,0.9191724170853771,Unclassified,Maritime,,Unknown
02:07:1993,18:49:44,Cuiaba,183,183.784537,0.1371,0.0936,0.075,0.0665,0.1267,0.0828,0.064,0.0554,0.0104,0.0108,0.011,0.0111,0.88536,59.294945,58.740412,4.396295,0.298067,0.131857,3,10,8,4,3,11,7,4,2,11,7,4,3,10,7,4,0.05155,0.10249,0.25555,0.28015,1,1,21:06:2023,05:09:50,3,-15.555244,-56.070214,234.0,lev20,Almucantar,Cuiaba,183,183.784537,0.131857,0.091847,0.073557,0.06649,0.854903,59.294945,58.740412,4.396295,0.298067,0.131857,3,10,8,4,3,11,7,4,2,11,7,4,3,10,7,4,0.05155,0.10249,0.25555,0.28015,1,1,21:06:2023,05:09:50,3,-15.555244,-56.070214,234.0,lev20,Almucantar,Cuiaba,183,183.784537,1.5158,1.5125,1.5098,1.5043,0.01487,0.014675,0.014854,0.014876,59.294945,58.740412,4.396295,0.298067,0.131857,3,10,8,4,3,11,7,4,2,11,7,4,3,10,7,4,0.05155,0.10249,0.25555,0.28015,1,1,21:06:2023,05:09:50,3,-15.555244,-56.070214,234.0,lev20,Almucantar,Cuiaba,183,183.784537,0.9149,0.8969,0.8712,0.8514,59.294945,58.740412,4.396295,0.298067,0.131857,3,10,8,4,3,11,7,4,2,11,7,4,3,10,7,4,0.05155,0.10249,0.25555,0.28015,1,1,21:06:2023,05:09:50,3,-15.555244,-56.070214,234.0,lev20,Almucantar,Cuiaba,183,183.784537,0.0798,0.049829,0.038157,0.032227,1.225119,59.294945,58.740412,4.396295,0.298067,0.131857,3,10,8,4,3,11,7,4,2,11,7,4,3,10,7,4,0.05155,0.10249,0.25555,0.28015,1,1,21:06:2023,05:09:50,3,-15.555244,-56.070214,234.0,lev20,Almucantar,0.8848556794895693,0.12243698650489758,0.9048898986335029,Unclassified,Maritime,,Unknown
02:07:1993,19:00:48,Cuiaba,183,183.792222,0.1306,0.0889,0.0726,0.0659,0.1219,0.0799,0.0635,0.0567,0.0087,0.009,0.0092,0.0092,0.864766,61.372446,60.804486,2.328285,0.102783,0.12985,3,10,8,4,3,10,8,4,3,10,8,4,3,10,8,4,0.05212,0.10334,0.2595,0.28384,1,1,21:06:2023,05:12:12,3,-15.555244,-56.070214,234.0,lev20,Almucantar,Cuiaba,183,183.792222,0.12985,0.090799,0.072608,0.065366,0.850913,61.372446,60.804486,2.328285,0.102783,0.12985,3,10,8,4,3,10,8,4,3,10,8,4,3,10,8,4,0.05212,0.10334,0.2595,0.28384,1,1,21:06:2023,05:12:12,3,-15.555244,-56.070214,234.0,lev20,Almucantar,Cuiaba,183,183.792222,1.5158,1.5125,1.5098,1.5043,0.01487,0.014675,0.014854,0.014876,61.372446,60.804486,2.328285,0.102783,0.12985,3,10,8,4,3,10,8,4,3,10,8,4,3,10,8,4,0.05212,0.10334,0.2595,0.28384,1,1,21:06:2023,05:12:12,3,-15.555244,-56.070214,234.0,lev20,Almucantar,Cuiaba,183,183.792222,0.9149,0.8969,0.8712,0.8514,61.372446,60.804486,2.328285,0.102783,0.12985,3,10,8,4,3,10,8,4,3,10,8,4,3,10,8,4,0.05212,0.10334,0.2595,0.28384,1,1,21:06:2023,05:12:12,3,-15.555244,-56.070214,234.0,lev20,Almucantar,Cuiaba,183,183.792222,0.0798,0.049829,0.038157,0.032227,1.225119,61.372446,60.804486,2.328285,0.102783,0.12985,3,10,8,4,3,10,8,4,3,10,8,4,3,10,8,4,0.05212,0.10334,0.2595,0.28384,1,1,21:06:2023,05:12:12,3,-15.555244,-56.070214,234.0,lev20,Almucantar,0.8613149095387805,0.1169836788459828,0.9161165976415379,Unclassified,Maritime,,Unknown
02:07:1993,20:28:54,Cuiaba,183,183.853403,0.1879,0.1123,0.0814,0.0683,0.1755,0.0995,0.0683,0.055,0.0124,0.0128,0.0131,0.0133,1.224503,79.217282,78.583039,2.15032,0.019267,0.188399,4,10,7,5,4,10,7,5,4,10,7,5,2,10,7,5,0.06108,0.1172,0.31947,0.34031,1,1,21:06:2023,05:14:50,3,-15.555244,-56.070214,234.0,lev20,Almucantar,Cuiaba,183,183.853403,0.188399,0.112385,0.081646,0.068808,1.224441,79.217282,78.583039,2.15032,0.019267,0.188399,4,10,7,5,4,10,7,5,4,10,7,5,2,10,7,5,0.06108,0.1172,0.31947,0.34031,1,1,21:06:2023,05:14:50,3,-15.555244,-56.070214,234.0,lev20,Almucantar,Cuiaba,183,183.853403,1.5158,1.5125,1.5098,1.5043,0.01487,0.014675,0.014854,0.014876,79.217282,78.583039,2.15032,0.019267,0.188399,4,10,7,5,4,10,7,5,4,10,7,5,2,10,7,5,0.06108,0.1172,0.31947,0.34031,1,1,21:06:2023,05:14:50,3,-15.555244,-56.070214,234.0,lev20,Almucantar,Cuiaba,183,183.853403,0.9149,0.8969,0.8712,0.8514,79.217282,78.583039,2.15032,0.019267,0.188399,4,10,7,5,4,10,7,5,4,10,7,5,2,10,7,5,0.06108,0.1172,0.31947,0.34031,1,1,21:06:2023,05:14:50,3,-15.555244,-56.070214,234.0,lev20,Almucantar,Cuiaba,183,183.853403,0.0798,0.049829,0.038157,0.032227,1.225119,79.217282,78.583039,2.15032,0.019267,0.188399,4,10,7,5,4,10,7,5,4,10,7,5,2,10,7,5,0.06108,0.1172,0.31947,0.34031,1,1,21:06:2023,05:14:50,3,-15.555244,-56.070214,234.0,lev20,Almucantar,1.227096891372225,0.16062074638130178,0.9117795012316032,BCL,Maritime,,Unknown
03:07:1993,11:10:08,Cuiaba,184,184.46537,0.0936,0.0696,0.0565,0.0493,0.0879,0.0637,0.0505,0.0432,0.0057,0.0059,0.006,0.0062,0.73566,77.467683,78.100295,4.096766,0.037994,0.09416,4,9,6,5,4,9,7,5,4,9,7,5,3,9,7,5,0.05933,0.11511,0.31346,0.33787,1,1,21:06:2023,05:03:43,3,-15.555244,-56.070214,234.0,lev20,Almucantar,Cuiaba,184,184.46537,0.09416,0.068918,0.056636,0.049462,0.743941,77.467683,78.100295,4.096766,0.037994,0.09416,4,9,6,5,4,9,7,5,4,9,7,5,3,9,7,5,0.05933,0.11511,0.31346,0.33787,1,1,21:06:2023,05:03:43,3,-15.555244,-56.070214,234.0,lev20,Almucantar,Cuiaba,184,184.46537,1.5158,1.5125,1.5098,1.5043,0.01487,0.014675,0.014854,0.014876,77.467683,78.100295,4.096766,0.037994,0.09416,4,9,6,5,4,9,7,5,4,9,7,5,3,9,7,5,0.05933,0.11511,0.31346,0.33787,1,1,21:06:2023,05:03:43,3,-15.555244,-56.070214,234.0,lev20,Almucantar,Cuiaba,184,184.46537,0.9149,0.8969,0.8712,0.8514,77.467683,78.100295,4.096766,0.037994,0.09416,4,9,6,5,4,9,7,5,4,9,7,5,3,9,7,5,0.05933,0.11511,0.31346,0.33787,1,1,21:06:2023,05:03:43,3,-15.555244,-56.070214,234.0,lev20,Almucantar,Cuiaba,184,184.46537,0.0798,0.049829,0.038157,0.032227,1.225119,77.467683,78.100295,4.096766,0.037994,0.09416,4,9,6,5,4,9,7,5,4,9,7,5,3,9,7,5,0.05933,0.11511,0.31346,0.33787,1,1,21:06:2023,05:03:43,3,-15.555244,-56.070214,234.0,lev20,Almucantar,0.7404665659409184,0.08514656330979242,0.9282283381342424,Unclassified,Maritime,,Unknown
03:07:1993,18:49:55,Cuiaba,184,184.784664,0.1397,0.0955,0.0774,0.069,0.1317,0.0873,0.069,0.0606,0.0079,0.0083,0.0084,0.0085,0.868224,59.247002,58.691861,3.80314,0.23402,0.13546,3,10,8,4,3,11,7,4,3,11,7,4,4,10,7,4,0.05154,0.10248,0.25547,0.28007,1,1,21:06:2023,05:07:44,3,-15.555244,-56.070214,234.0,lev20,Almucantar,Cuiaba,184,184.784664,0.13546,0.093909,0.07656,0.068861,0.838683,59.247002,58.691861,3.80314,0.23402,0.13546,3,10,8,4,3,11,7,4,3,11,7,4,4,10,7,4,0.05154,0.10248,0.25547,0.28007,1,1,21:06:2023,05:07:44,3,-15.555244,-56.070214,234.0,lev20,Almucantar,Cuiaba,184,184.784664,1.5158,1.5125,1.5098,1.5043,0.01487,0.014675,0.014854,0.014876,59.247002,58.691861,3.80314,0.23402,0.13546,3,10,8,4,3,11,7,4,3,11,7,4,4,10,7,4,0.05154,0.10248,0.25547,0.28007,1,1,21:06:2023,05:07:44,3,-15.555244,-56.070214,234.0,lev20,Almucantar,Cuiaba,184,184.784664,0.9149,0.8969,0.8712,0.8514,59.247002,58.691861,3.80314,0.23402,0.13546,3,10,8,4,3,11,7,4,3,11,7,4,4,10,7,4,0.05154,0.10248,0.25547,0.28007,1,1,21:06:2023,05:07:44,3,-15.555244,-56.070214,234.0,lev20,Almucantar,Cuiaba,184,184.784664,0.0798,0.049829,0.038157,0.032227,1.225119,59.247002,58.691861,3.80314,0.23402,0.13546,3,10,8,4,3,11,7,4,3,11,7,4,4,10,7,4,0.05154,0.10248,0.25547,0.28007,1,1,21:06:2023,05:07:44,3,-15.555244,-56.070214,234.0,lev20,Almucantar,0.8662087047494897,0.12505665656114484,0.9285750928169922,Unclassified,Maritime,,Unknown
03:07:1993,19:00:58,Cuiaba,184,184.792338,0.1319,0.091,0.0743,0.0673,0.1231,0.082,0.0651,0.0581,0.0087,0.009,0.0092,0.0093,0.844187,61.323531,60.755001,3.388794,0.093967,0.132512,3,10,8,4,3,10,8,4,3,10,8,4,3,10,8,4,0.05211,0.10332,0.25939,0.28374,1,1,21:06:2023,05:09:47,3,-15.555244,-56.070214,234.0,lev20,Almucantar,Cuiaba,184,184.792338,0.132512,0.092302,0.0741,0.066225,0.851727,61.323531,60.755001,3.388794,0.093967,0.132512,3,10,8,4,3,10,8,4,3,10,8,4,3,10,8,4,0.05211,0.10332,0.25939,0.28374,1,1,21:06:2023,05:09:47,3,-15.555244,-56.070214,234.0,lev20,Almucantar,Cuiaba,184,184.792338,1.5158,1.5125,1.5098,1.5043,0.01487,0.014675,0.014854,0.014876,61.323531,60.755001,3.388794,0.093967,0.132512,3,10,8,4,3,10,8,4,3,10,8,4,3,10,8,4,0.05211,0.10332,0.25939,0.28374,1,1,21:06:2023,05:09:47,3,-15.555244,-56.070214,234.0,lev20,Almucantar,Cuiaba,184,184.792338,0.9149,0.8969,0.8712,0.8514,61.323531,60.755001,3.388794,0.093967,0.132512,3,10,8,4,3,10,8,4,3,10,8,4,3,10,8,4,0.05211,0.10332,0.25939,0.28374,1,1,21:06:2023,05:09:47,3,-15.555244,-56.070214,234.0,lev20,Almucantar,Cuiaba,184,184.792338,0.0798,0.049829,0.038157,0.032227,1.225119,61.323531,60.755001,3.388794,0.093967,0.132512,3,10,8,4,3,10,8,4,3,10,8,4,3,10,8,4,0.05211,0.10332,0.25939,0.28374,1,1,21:06:2023,05:09:47,3,-15.555244,-56.070214,234.0,lev20,Almucantar,0.8418916618075027,0.11844186034161858,0.9170425347666674,Unclassified,Maritime,,Unknown
03:07:1993,20:29:14,Cuiaba,184,184.853634,0.1826,0.1096,0.0801,0.0677,0.1705,0.097,0.0673,0.0547,0.0121,0.0126,0.0128,0.013,1.206961,79.218493,78.583726,1.362024,0.004606,0.182369,4,10,7,5,4,10,7,5,4,10,7,5,2,10,7,5,0.06108,0.11721,0.31947,0.34032,1,1,21:06:2023,05:12:07,3,-15.555244,-56.070214,234.0,lev20,Almucantar,Cuiaba,184,184.853634,0.182369,0.109633,0.080469,0.06778,1.198845,79.218493,78.583726,1.362024,0.004606,0.182369,4,10,7,5,4,10,7,5,4,10,7,5,2,10,7,5,0.06108,0.11721,0.31947,0.34032,1,1,21:06:2023,05:12:07,3,-15.555244,-56.070214,234.0,lev20,Almucantar,Cuiaba,184,184.853634,1.5158,1.5125,1.5098,1.5043,0.01487,0.014675,0.014854,0.014876,79.218493,78.583726,1.362024,0.004606,0.182369,4,10,7,5,4,10,7,5,4,10,7,5,2,10,7,5,0.06108,0.11721,0.31947,0.34032,1,1,21:06:2023,05:12:07,3,-15.555244,-56.070214,234.0,lev20,Almucantar,Cuiaba,184,184.853634,0.9149,0.8969,0.8712,0.8514,79.218493,78.583726,1.362024,0.004606,0.182369,4,10,7,5,4,10,7,5,4,10,7,5,2,10,7,5,0.06108,0.11721,0.31947,0.34032,1,1,21:06:2023,05:12:07,3,-15.555244,-56.070214,234.0,lev20,Almucantar,Cuiaba,184,184.853634,0.0798,0.049829,0.038157,0.032227,1.225119,79.218493,78.583726,1.362024,0.004606,0.182369,4,10,7,5,4,10,7,5,4,10,7,5,2,10,7,5,0.06108,0.11721,0.31947,0.34032,1,1,21:06:2023,05:12:07,3,-15.555244,-56.070214,234.0,lev20,Almucantar,1.2087425125420688,0.15645686320219704,0.9109547379455971,BCL,Maritime,,Unknown
04:07:1993,11:10:10,Cuiaba,185,185.465394,0.1313,0.085,0.0669,0.0572,0.1239,0.0774,0.0591,0.0493,0.0073,0.0076,0.0078,0.0079,0.991511,77.465346,78.098525,3.13571,0.021617,0.131497,4,9,6,5,4,9,7,5,4,9,7,5,4,9,7,5,0.06212,0.12006,0.30873,0.33396,1,1,21:06:2023,05:17:32,3,-15.555244,-56.070214,234.0,lev20,Almucantar,Cuiaba,185,185.465394,0.131497,0.084555,0.067359,0.057582,0.985968,77.465346,78.098525,3.13571,0.021617,0.131497,4,9,6,5,4,9,7,5,4,9,7,5,4,9,7,5,0.06212,0.12006,0.30873,0.33396,1,1,21:06:2023,05:17:32,3,-15.555244,-56.070214,234.0,lev20,Almucantar,Cuiaba,185,185.465394,1.5158,1.5125,1.5098,1.5043,0.01487,0.014675,0.014854,0.014876,77.465346,78.098525,3.13571,0.021617,0.131497,4,9,6,5,4,9,7,5,4,9,7,5,4,9,7,5,0.06212,0.12006,0.30873,0.33396,1,1,21:06:2023,05:17:32,3,-15.555244,-56.070214,234.0,lev20,Almucantar,Cuiaba,185,185.465394,0.9149,0.8969,0.8712,0.8514,77.465346,78.098525,3.13571,0.021617,0.131497,4,9,6,5,4,9,7,5,4,9,7,5,4,9,7,5,0.06212,0.12006,0.30873,0.33396,1,1,21:06:2023,05:17:32,3,-15.555244,-56.070214,234.0,lev20,Almucantar,Cuiaba,185,185.465394,0.0798,0.049829,0.038157,0.032227,1.225119,77.465346,78.098525,3.13571,0.021617,0.131497,4,9,6,5,4,9,7,5,4,9,7,5,4,9,7,5,0.06212,0.12006,0.30873,0.33396,1,1,21:06:2023,05:17:32,3,-15.555244,-56.070214,234.0,lev20,Almucantar,0.9890971556028296,0.11570515142086854,0.9282631991672338,Unclassified,Maritime,,Unknown
04:07:1993,12:41:43,Cuiaba,185,185.52897,0.1625,0.1039,0.0822,0.0719,0.1534,0.0945,0.0726,0.0622,0.0091,0.0095,0.0096,0.0097,1.003904,59.12835,59.687429,2.522732,0.105029,0.161822,4,10,7,4,3,11,6,4,2,10,7,4,2,10,7,4,0.05308,0.10542,0.25332,0.2796,1,1,21:06:2023,05:19:44,3,-15.555244,-56.070214,234.0,lev20,Almucantar,Cuiaba,185,185.52897,0.161822,0.105509,0.082483,0.071516,0.989389,59.12835,59.687429,2.522732,0.105029,0.161822,4,10,7,4,3,11,6,4,2,10,7,4,2,10,7,4,0.05308,0.10542,0.25332,0.2796,1,1,21:06:2023,05:19:44,3,-15.555244,-56.070214,234.0,lev20,Almucantar,Cuiaba,185,185.52897,1.5158,1.5125,1.5098,1.5043,0.01487,0.014675,0.014854,0.014876,59.12835,59.687429,2.522732,0.105029,0.161822,4,10,7,4,3,11,6,4,2,10,7,4,2,10,7,4,0.05308,0.10542,0.25332,0.2796,1,1,21:06:2023,05:19:44,3,-15.555244,-56.070214,234.0,lev20,Almucantar,Cuiaba,185,185.52897,0.9149,0.8969,0.8712,0.8514,59.12835,59.687429,2.522732,0.105029,0.161822,4,10,7,4,3,11,6,4,2,10,7,4,2,10,7,4,0.05308,0.10542,0.25332,0.2796,1,1,21:06:2023,05:19:44,3,-15.555244,-56.070214,234.0,lev20,Almucantar,Cuiaba,185,185.52897,0.0798,0.049829,0.038157,0.032227,1.225119,59.12835,59.687429,2.522732,0.105029,0.161822,4,10,7,4,3,11,6,4,2,10,7,4,2,10,7,4,0.05308,0.10542,0.25332,0.2796,1,1,21:06:2023,05:19:44,3,-15.555244,-56.070214,234.0,lev20,Almucantar,0.9997128066305253,0.1430052500405989,0.927341721533777,Unclassified,Maritime,,Unknown
04:07:1993,12:52:58,Cuiaba,185,185.536782,0.1681,0.1069,0.0838,0.0726,0.1584,0.0968,0.0735,0.0623,0.0097,0.0101,0.0103,0.0104,1.024473,57.066438,57.610737,2.833934,0.081169,0.16665,4,10,8,3,4,10,7,4,4,10,7,4,4,10,7,4,0.05252,0.10455,0.24983,0.27621,1,1,21:06:2023,05:02:09,3,-15.555244,-56.070214,234.0,lev20,Almucantar,Cuiaba,185,185.536782,0.16665,0.106531,0.084038,0.073023,1.008063,57.066438,57.610737,2.833934,0.081169,0.16665,4,10,8,3,4,10,7,4,4,10,7,4,4,10,7,4,0.05252,0.10455,0.24983,0.27621,1,1,21:06:2023,05:02:09,3,-15.555244,-56.070214,234.0,lev20,Almucantar,Cuiaba,185,185.536782,1.5158,1.5125,1.5098,1.5043,0.01487,0.014675,0.014854,0.014876,57.066438,57.610737,2.833934,0.081169,0.16665,4,10,8,3,4,10,7,4,4,10,7,4,4,10,7,4,0.05252,0.10455,0.24983,0.27621,1,1,21:06:2023,05:02:09,3,-15.555244,-56.070214,234.0,lev20,Almucantar,Cuiaba,185,185.536782,0.9149,0.8969,0.8712,0.8514,57.066438,57.610737,2.833934,0.081169,0.16665,4,10,8,3,4,10,7,4,4,10,7,4,4,10,7,4,0.05252,0.10455,0.24983,0.27621,1,1,21:06:2023,05:02:09,3,-15.555244,-56.070214,234.0,lev20,Almucantar,Cuiaba,185,185.536782,0.0798,0.049829,0.038157,0.032227,1.225119,57.066438,57.610737,2.833934,0.081169,0.16665,4,10,8,3,4,10,7,4,4,10,7,4,4,10,7,4,0.05252,0.10455,0.24983,0.27621,1,1,21:06:2023,05:02:09,3,-15.555244,-56.070214,234.0,lev20,Almucantar,1.0211341609664326,0.14752888953478058,0.9244411814324224,Unclassified,Maritime,,Unknown
04:07:1993,18:50:04,Cuiaba,185,185.784769,0.2166,0.1325,0.1003,0.0864,0.2062,0.1217,0.0893,0.0754,0.0104,0.0108,0.011,0.011,1.130955,59.189952,58.634189,5.042802,0.515526,0.206508,3,10,8,4,3,11,6,4,4,10,7,4,4,10,7,4,0.05324,0.10544,0.2525,0.27784,1,1,21:06:2023,05:03:42,3,-15.555244,-56.070214,234.0,lev20,Almucantar,Cuiaba,185,185.784769,0.206508,0.129656,0.098876,0.085265,1.080818,59.189952,58.634189,5.042802,0.515526,0.206508,3,10,8,4,3,11,6,4,4,10,7,4,4,10,7,4,0.05324,0.10544,0.2525,0.27784,1,1,21:06:2023,05:03:42,3,-15.555244,-56.070214,234.0,lev20,Almucantar,Cuiaba,185,185.784769,1.5158,1.5125,1.5098,1.5043,0.01487,0.014675,0.014854,0.014876,59.189952,58.634189,5.042802,0.515526,0.206508,3,10,8,4,3,11,6,4,4,10,7,4,4,10,7,4,0.05324,0.10544,0.2525,0.27784,1,1,21:06:2023,05:03:42,3,-15.555244,-56.070214,234.0,lev20,Almucantar,Cuiaba,185,185.784769,0.9149,0.8969,0.8712,0.8514,59.189952,58.634189,5.042802,0.515526,0.206508,3,10,8,4,3,11,6,4,4,10,7,4,4,10,7,4,0.05324,0.10544,0.2525,0.27784,1,1,21:06:2023,05:03:42,3,-15.555244,-56.070214,234.0,lev20,Almucantar,Cuiaba,185,185.784769,0.0798,0.049829,0.038157,0.032227,1.225119,59.189952,58.634189,5.042802,0.515526,0.206508,3,10,8,4,3,11,6,4,4,10,7,4,4,10,7,4,0.05324,0.10544,0.2525,0.27784,1,1,21:06:2023,05:03:42,3,-15.555244,-56.070214,234.0,lev20,Almucantar,1.129332205062299,0.18748259065114375,0.9356727191804435,Unclassified,Maritime,,Unknown
04:07:1993,20:29:31,Cuiaba,185,185.853831,0.2152,0.1226,0.0843,0.068,0.208,0.1151,0.0767,0.0602,0.0072,0.0075,0.0077,0.0078,1.368664,79.207795,78.572485,2.896363,0.009549,0.21489,4,10,7,5,4,10,7,5,4,10,7,5,4,10,7,4,0.06409,0.12245,0.3145,0.33628,1,1,21:06:2023,05:07:02,3,-15.555244,-56.070214,234.0,lev20,Almucantar,Cuiaba,185,185.853831,0.21489,0.122911,0.084678,0.068125,1.359939,79.207795,78.572485,2.896363,0.009549,0.21489,4,10,7,5,4,10,7,5,4,10,7,5,4,10,7,4,0.06409,0.12245,0.3145,0.33628,1,1,21:06:2023,05:07:02,3,-15.555244,-56.070214,234.0,lev20,Almucantar,Cuiaba,185,185.853831,1.5158,1.5125,1.5098,1.5043,0.01487,0.014675,0.014854,0.014876,79.207795,78.572485,2.896363,0.009549,0.21489,4,10,7,5,4,10,7,5,4,10,7,5,4,10,7,4,0.06409,0.12245,0.3145,0.33628,1,1,21:06:2023,05:07:02,3,-15.555244,-56.070214,234.0,lev20,Almucantar,Cuiaba,185,185.853831,0.9149,0.8969,0.8712,0.8514,79.207795,78.572485,2.896363,0.009549,0.21489,4,10,7,5,4,10,7,5,4,10,7,5,4,10,7,4,0.06409,0.12245,0.3145,0.33628,1,1,21:06:2023,05:07:02,3,-15.555244,-56.070214,234.0,lev20,Almucantar,Cuiaba,185,185.853831,0.0798,0.049829,0.038157,0.032227,1.225119,79.207795,78.572485,2.896363,0.009549,0.21489,4,10,7,5,4,10,7,5,4,10,7,5,4,10,7,4,0.06409,0.12245,0.3145,0.33628,1,1,21:06:2023,05:07:02,3,-15.555244,-56.070214,234.0,lev20,Almucantar,1.3747404306373,0.1805179329006945,0.9544156929842514,BCL,Maritime,,Unknown
05:07:1993,11:10:11,Cuiaba,186,186.465405,0.185,0.1104,0.0808,0.0671,0.1778,0.1029,0.0732,0.0593,0.0072,0.0075,0.0076,0.0078,1.21404,77.462887,78.096674,2.26034,0.009736,0.185579,4,9,6,5,4,9,7,5,4,9,7,5,4,9,7,5,0.06212,0.12005,0.30872,0.33395,1,1,21:06:2023,05:09:37,3,-15.555244,-56.070214,234.0,lev20,Almucantar,Cuiaba,186,186.465405,0.185579,0.110382,0.081035,0.067498,1.215074,77.462887,78.096674,2.26034,0.009736,0.185579,4,9,6,5,4,9,7,5,4,9,7,5,4,9,7,5,0.06212,0.12005,0.30872,0.33395,1,1,21:06:2023,05:09:37,3,-15.555244,-56.070214,234.0,lev20,Almucantar,Cuiaba,186,186.465405,1.5158,1.5125,1.5098,1.5043,0.01487,0.014675,0.014854,0.014876,77.462887,78.096674,2.26034,0.009736,0.185579,4,9,6,5,4,9,7,5,4,9,7,5,4,9,7,5,0.06212,0.12005,0.30872,0.33395,1,1,21:06:2023,05:09:37,3,-15.555244,-56.070214,234.0,lev20,Almucantar,Cuiaba,186,186.465405,0.9149,0.8969,0.8712,0.8514,77.462887,78.096674,2.26034,0.009736,0.185579,4,9,6,5,4,9,7,5,4,9,7,5,4,9,7,5,0.06212,0.12005,0.30872,0.33395,1,1,21:06:2023,05:09:37,3,-15.555244,-56.070214,234.0,lev20,Almucantar,Cuiaba,186,186.465405,0.0798,0.049829,0.038157,0.032227,1.225119,77.462887,78.096674,2.26034,0.009736,0.185579,4,9,6,5,4,9,7,5,4,9,7,5,4,9,7,5,0.06212,0.12005,0.30872,0.33395,1,1,21:06:2023,05:09:37,3,-15.555244,-56.070214,234.0,lev20,Almucantar,1.2151333403724243,0.15838380505586572,0.9480126627502363,BCL,Maritime,,Unknown
05:07:1993,12:52:53,Cuiaba,186,186.536725,0.1576,0.1034,0.0823,0.0724,0.15,0.0955,0.0742,0.0643,0.0076,0.0079,0.008,0.0081,0.955904,57.05579,57.601176,2.304052,0.143122,0.157101,4,10,8,3,4,10,7,4,4,10,7,4,4,10,7,4,0.05252,0.10455,0.24981,0.2762,1,1,21:06:2023,05:12:01,3,-15.555244,-56.070214,234.0,lev20,Almucantar,Cuiaba,186,186.536725,0.157101,0.105828,0.081765,0.071467,0.954374,57.05579,57.601176,2.304052,0.143122,0.157101,4,10,8,3,4,10,7,4,4,10,7,4,4,10,7,4,0.05252,0.10455,0.24981,0.2762,1,1,21:06:2023,05:12:01,3,-15.555244,-56.070214,234.0,lev20,Almucantar,Cuiaba,186,186.536725,1.5158,1.5125,1.5098,1.5043,0.01487,0.014675,0.014854,0.014876,57.05579,57.601176,2.304052,0.143122,0.157101,4,10,8,3,4,10,7,4,4,10,7,4,4,10,7,4,0.05252,0.10455,0.24981,0.2762,1,1,21:06:2023,05:12:01,3,-15.555244,-56.070214,234.0,lev20,Almucantar,Cuiaba,186,186.536725,0.9149,0.8969,0.8712,0.8514,57.05579,57.601176,2.304052,0.143122,0.157101,4,10,8,3,4,10,7,4,4,10,7,4,4,10,7,4,0.05252,0.10455,0.24981,0.2762,1,1,21:06:2023,05:12:01,3,-15.555244,-56.070214,234.0,lev20,Almucantar,Cuiaba,186,186.536725,0.0798,0.049829,0.038157,0.032227,1.225119,57.05579,57.601176,2.304052,0.143122,0.157101,4,10,8,3,4,10,7,4,4,10,7,4,4,10,7,4,0.05252,0.10455,0.24981,0.2762,1,1,21:06:2023,05:12:01,3,-15.555244,-56.070214,234.0,lev20,Almucantar,0.9530166546562744,0.13952347202537366,0.937914503870057,Unclassified,Maritime,,Unknown
05:07:1993,20:29:50,Cuiaba,186,186.854051,0.2052,0.1226,0.0886,0.0741,0.1927,0.1097,0.0755,0.0608,0.0124,0.0129,0.0131,0.0134,1.228972,79.202937,78.567031,2.32789,0.01066,0.204774,4,10,7,5,4,10,7,5,4,10,7,5,4,10,7,5,0.06409,0.12244,0.31449,0.33626,1,1,21:06:2023,05:17:26,3,-15.555244,-56.070214,234.0,lev20,Almucantar,Cuiaba,186,186.854051,0.204774,0.122793,0.088874,0.074212,1.221298,79.202937,78.567031,2.32789,0.01066,0.204774,4,10,7,5,4,10,7,5,4,10,7,5,4,10,7,5,0.06409,0.12244,0.31449,0.33626,1,1,21:06:2023,05:17:26,3,-15.555244,-56.070214,234.0,lev20,Almucantar,Cuiaba,186,186.854051,1.5158,1.5125,1.5098,1.5043,0.01487,0.014675,0.014854,0.014876,79.202937,78.567031,2.32789,0.01066,0.204774,4,10,7,5,4,10,7,5,4,10,7,5,4,10,7,5,0.06409,0.12244,0.31449,0.33626,1,1,21:06:2023,05:17:26,3,-15.555244,-56.070214,234.0,lev20,Almucantar,Cuiaba,186,186.854051,0.9149,0.8969,0.8712,0.8514,79.202937,78.567031,2.32789,0.01066,0.204774,4,10,7,5,4,10,7,5,4,10,7,5,4,10,7,5,0.06409,0.12244,0.31449,0.33626,1,1,21:06:2023,05:17:26,3,-15.555244,-56.070214,234.0,lev20,Almucantar,Cuiaba,186,186.854051,0.0798,0.049829,0.038157,0.032227,1.225119,79.202937,78.567031,2.32789,0.01066,0.204774,4,10,7,5,4,10,7,5,4,10,7,5,4,10,7,5,0.06409,0.12244,0.31449,0.33626,1,1,21:06:2023,05:17:26,3,-15.555244,-56.070214,234.0,lev20,Almucantar,1.2319649158558765,0.17530001623167235,0.9186604867851337,BCL,Maritime,,Unknown
06:07:1993,11:10:11,Cuiaba,187,187.465405,0.1526,0.0986,0.0772,0.0666,0.1424,0.088,0.0664,0.0557,0.0102,0.0106,0.0108,0.0109,1.001396,77.460267,78.094705,2.723335,0.010109,0.15273,4,9,6,5,4,9,7,5,4,9,7,5,4,9,7,5,0.06211,0.12005,0.30871,0.33394,1,1,21:06:2023,05:10:24,3,-15.555244,-56.070214,234.0,lev20,Almucantar,Cuiaba,187,187.465405,0.15273,0.098512,0.077448,0.066763,0.998672,77.460267,78.094705,2.723335,0.010109,0.15273,4,9,6,5,4,9,7,5,4,9,7,5,4,9,7,5,0.06211,0.12005,0.30871,0.33394,1,1,21:06:2023,05:10:24,3,-15.555244,-56.070214,234.0,lev20,Almucantar,Cuiaba,187,187.465405,1.5158,1.5125,1.5098,1.5043,0.01487,0.014675,0.014854,0.014876,77.460267,78.094705,2.723335,0.010109,0.15273,4,9,6,5,4,9,7,5,4,9,7,5,4,9,7,5,0.06211,0.12005,0.30871,0.33394,1,1,21:06:2023,05:10:24,3,-15.555244,-56.070214,234.0,lev20,Almucantar,Cuiaba,187,187.465405,0.9149,0.8969,0.8712,0.8514,77.460267,78.094705,2.723335,0.010109,0.15273,4,9,6,5,4,9,7,5,4,9,7,5,4,9,7,5,0.06211,0.12005,0.30871,0.33394,1,1,21:06:2023,05:10:24,3,-15.555244,-56.070214,234.0,lev20,Almucantar,Cuiaba,187,187.465405,0.0798,0.049829,0.038157,0.032227,1.225119,77.460267,78.094705,2.723335,0.010109,0.15273,4,9,6,5,4,9,7,5,4,9,7,5,4,9,7,5,0.06211,0.12005,0.30871,0.33394,1,1,21:06:2023,05:10:24,3,-15.555244,-56.070214,234.0,lev20,Almucantar,0.9995631291752172,0.1342954997470969,0.913839606527719,Unclassified,Maritime,,Unknown
06:07:1993,12:41:31,Cuiaba,187,187.528831,0.1801,0.1166,0.0934,0.0827,0.1658,0.1018,0.0782,0.0674,0.0143,0.0148,0.0151,0.0152,0.968094,59.116517,59.677728,2.681527,0.068927,0.179652,4,10,7,4,3,11,6,4,3,10,7,4,3,10,7,4,0.05307,0.10542,0.2533,0.27958,1,1,21:06:2023,05:12:43,3,-15.555244,-56.070214,234.0,lev20,Almucantar,Cuiaba,187,187.528831,0.179652,0.117652,0.093234,0.082006,0.964563,59.116517,59.677728,2.681527,0.068927,0.179652,4,10,7,4,3,11,6,4,3,10,7,4,3,10,7,4,0.05307,0.10542,0.2533,0.27958,1,1,21:06:2023,05:12:43,3,-15.555244,-56.070214,234.0,lev20,Almucantar,Cuiaba,187,187.528831,1.5158,1.5125,1.5098,1.5043,0.01487,0.014675,0.014854,0.014876,59.116517,59.677728,2.681527,0.068927,0.179652,4,10,7,4,3,11,6,4,3,10,7,4,3,10,7,4,0.05307,0.10542,0.2533,0.27958,1,1,21:06:2023,05:12:43,3,-15.555244,-56.070214,234.0,lev20,Almucantar,Cuiaba,187,187.528831,0.9149,0.8969,0.8712,0.8514,59.116517,59.677728,2.681527,0.068927,0.179652,4,10,7,4,3,11,6,4,3,10,7,4,3,10,7,4,0.05307,0.10542,0.2533,0.27958,1,1,21:06:2023,05:12:43,3,-15.555244,-56.070214,234.0,lev20,Almucantar,Cuiaba,187,187.528831,0.0798,0.049829,0.038157,0.032227,1.225119,59.116517,59.677728,2.681527,0.068927,0.179652,4,10,7,4,3,11,6,4,3,10,7,4,3,10,7,4,0.05307,0.10542,0.2533,0.27958,1,1,21:06:2023,05:12:43,3,-15.555244,-56.070214,234.0,lev20,Almucantar,0.9631848360413516,0.15923563514355754,0.8971732904354124,Unclassified,Maritime,,Unknown
06:07:1993,12:52:46,Cuiaba,187,187.536644,0.1814,0.1183,0.094,0.0831,0.1665,0.1029,0.0784,0.0674,0.0149,0.0154,0.0157,0.0158,0.967493,57.046304,57.592864,2.719577,0.066611,0.180726,4,10,8,3,3,10,7,4,4,10,7,4,4,10,7,4,0.05251,0.10455,0.2498,0.27619,1,1,21:06:2023,05:15:08,3,-15.555244,-56.070214,234.0,lev20,Almucantar,Cuiaba,187,187.536644,0.180726,0.119359,0.094021,0.082681,0.959412,57.046304,57.592864,2.719577,0.066611,0.180726,4,10,8,3,3,10,7,4,4,10,7,4,4,10,7,4,0.05251,0.10455,0.2498,0.27619,1,1,21:06:2023,05:15:08,3,-15.555244,-56.070214,234.0,lev20,Almucantar,Cuiaba,187,187.536644,1.5158,1.5125,1.5098,1.5043,0.01487,0.014675,0.014854,0.014876,57.046304,57.592864,2.719577,0.066611,0.180726,4,10,8,3,3,10,7,4,4,10,7,4,4,10,7,4,0.05251,0.10455,0.2498,0.27619,1,1,21:06:2023,05:15:08,3,-15.555244,-56.070214,234.0,lev20,Almucantar,Cuiaba,187,187.536644,0.9149,0.8969,0.8712,0.8514,57.046304,57.592864,2.719577,0.066611,0.180726,4,10,8,3,3,10,7,4,4,10,7,4,4,10,7,4,0.05251,0.10455,0.2498,0.27619,1,1,21:06:2023,05:15:08,3,-15.555244,-56.070214,234.0,lev20,Almucantar,Cuiaba,187,187.536644,0.0798,0.049829,0.038157,0.032227,1.225119,57.046304,57.592864,2.719577,0.066611,0.180726,4,10,8,3,3,10,7,4,4,10,7,4,4,10,7,4,0.05251,0.10455,0.2498,0.27619,1,1,21:06:2023,05:15:08,3,-15.555244,-56.070214,234.0,lev20,Almucantar,0.9643419829892211,0.16036130901322881,0.8942841635058497,Unclassified,Maritime,,Unknown
06:07:1993,19:01:27,Cuiaba,187,187.792674,0.2614,0.1619,0.1249,0.1095,0.2365,0.1361,0.0986,0.0831,0.0249,0.0258,0.0263,0.0265,1.086626,61.157719,60.587175,3.680883,0.088758,0.261278,3,10,8,4,2,10,8,4,3,10,8,4,3,10,8,4,0.05385,0.10638,0.25607,0.28118,1,1,21:06:2023,05:17:23,3,-15.555244,-56.070214,234.0,lev20,Almucantar,Cuiaba,187,187.792674,0.261278,0.162281,0.123778,0.108309,1.097328,61.157719,60.587175,3.680883,0.088758,0.261278,3,10,8,4,2,10,8,4,3,10,8,4,3,10,8,4,0.05385,0.10638,0.25607,0.28118,1,1,21:06:2023,05:17:23,3,-15.555244,-56.070214,234.0,lev20,Almucantar,Cuiaba,187,187.792674,1.5158,1.5125,1.5098,1.5043,0.01487,0.014675,0.014854,0.014876,61.157719,60.587175,3.680883,0.088758,0.261278,3,10,8,4,2,10,8,4,3,10,8,4,3,10,8,4,0.05385,0.10638,0.25607,0.28118,1,1,21:06:2023,05:17:23,3,-15.555244,-56.070214,234.0,lev20,Almucantar,Cuiaba,187,187.792674,0.9149,0.8969,0.8712,0.8514,61.157719,60.587175,3.680883,0.088758,0.261278,3,10,8,4,2,10,8,4,3,10,8,4,3,10,8,4,0.05385,0.10638,0.25607,0.28118,1,1,21:06:2023,05:17:23,3,-15.555244,-56.070214,234.0,lev20,Almucantar,Cuiaba,187,187.792674,0.0798,0.049829,0.038157,0.032227,1.225119,61.157719,60.587175,3.680883,0.088758,0.261278,3,10,8,4,2,10,8,4,3,10,8,4,3,10,8,4,0.05385,0.10638,0.25607,0.28118,1,1,21:06:2023,05:17:23,3,-15.555244,-56.070214,234.0,lev20,Almucantar,1.0833480396886175,0.22759409761328364,0.8730491258129299,Unclassified,Urban,,Unknown
08:07:1993,12:41:13,Cuiaba,189,189.528623,0.2199,0.1398,0.1063,0.0936,0.2072,0.1266,0.093,0.0801,0.0127,0.0132,0.0134,0.0135,1.065317,59.104456,59.668078,2.009803,0.077315,0.219328,4,10,7,4,3,11,6,4,3,11,6,4,3,10,8,4,0.05307,0.10541,0.25329,0.27957,1,1,21:06:2023,05:01:41,3,-15.555244,-56.070214,234.0,lev20,Almucantar,Cuiaba,189,189.528623,0.219328,0.140879,0.106116,0.093134,1.061837,59.104456,59.668078,2.009803,0.077315,0.219328,4,10,7,4,3,11,6,4,3,11,6,4,3,10,8,4,0.05307,0.10541,0.25329,0.27957,1,1,21:06:2023,05:01:41,3,-15.555244,-56.070214,234.0,lev20,Almucantar,Cuiaba,189,189.528623,1.5158,1.5125,1.5098,1.5043,0.01487,0.014675,0.014854,0.014876,59.104456,59.668078,2.009803,0.077315,0.219328,4,10,7,4,3,11,6,4,3,11,6,4,3,10,8,4,0.05307,0.10541,0.25329,0.27957,1,1,21:06:2023,05:01:41,3,-15.555244,-56.070214,234.0,lev20,Almucantar,Cuiaba,189,189.528623,0.9149,0.8969,0.8712,0.8514,59.104456,59.668078,2.009803,0.077315,0.219328,4,10,7,4,3,11,6,4,3,11,6,4,3,10,8,4,0.05307,0.10541,0.25329,0.27957,1,1,21:06:2023,05:01:41,3,-15.555244,-56.070214,234.0,lev20,Almucantar,Cuiaba,189,189.528623,0.0798,0.049829,0.038157,0.032227,1.225119,59.104456,59.668078,2.009803,0.077315,0.219328,4,10,7,4,3,11,6,4,3,11,6,4,3,10,8,4,0.05307,0.10541,0.25329,0.27957,1,1,21:06:2023,05:01:41,3,-15.555244,-56.070214,234.0,lev20,Almucantar,1.0662870796205108,0.19187916504396604,0.9243590060244574,Unclassified,Maritime,,Unknown
10:07:1993,11:10:02,Cuiaba,191,191.465301,0.2945,0.1656,0.1193,0.0993,0.2727,0.143,0.0964,0.0761,0.0217,0.0226,0.0229,0.0232,1.327174,77.444067,78.081485,1.738522,0.016455,0.294101,4,10,7,5,4,10,7,5,4,10,7,5,4,10,7,5,0.0621,0.12002,0.30862,0.33387,1,1,21:06:2023,05:19:56,3,-15.555244,-56.070214,234.0,lev20,Almucantar,Cuiaba,191,191.465301,0.294101,0.165105,0.119553,0.099296,1.322936,77.444067,78.081485,1.738522,0.016455,0.294101,4,10,7,5,4,10,7,5,4,10,7,5,4,10,7,5,0.0621,0.12002,0.30862,0.33387,1,1,21:06:2023,05:19:56,3,-15.555244,-56.070214,234.0,lev20,Almucantar,Cuiaba,191,191.465301,1.5158,1.5125,1.5098,1.5043,0.01487,0.014675,0.014854,0.014876,77.444067,78.081485,1.738522,0.016455,0.294101,4,10,7,5,4,10,7,5,4,10,7,5,4,10,7,5,0.0621,0.12002,0.30862,0.33387,1,1,21:06:2023,05:19:56,3,-15.555244,-56.070214,234.0,lev20,Almucantar,Cuiaba,191,191.465301,0.9149,0.8969,0.8712,0.8514,77.444067,78.081485,1.738522,0.016455,0.294101,4,10,7,5,4,10,7,5,4,10,7,5,4,10,7,5,0.0621,0.12002,0.30862,0.33387,1,1,21:06:2023,05:19:56,3,-15.555244,-56.070214,234.0,lev20,Almucantar,Cuiaba,191,191.465301,0.0798,0.049829,0.038157,0.032227,1.225119,77.444067,78.081485,1.738522,0.016455,0.294101,4,10,7,5,4,10,7,5,4,10,7,5,4,10,7,5,0.0621,0.12002,0.30862,0.33387,1,1,21:06:2023,05:19:56,3,-15.555244,-56.070214,234.0,lev20,Almucantar,1.3255290772074093,0.2485967615191413,0.8969785599504162,BCL,Urban,,Unknown
10:07:1993,12:40:49,Cuiaba,191,191.528345,0.2893,0.1715,0.126,0.1079,0.2679,0.1493,0.1034,0.0851,0.0214,0.0222,0.0226,0.0228,1.219253,59.092335,59.658633,2.079753,0.05438,0.288213,4,10,7,4,3,11,7,4,3,11,7,4,3,10,8,4,0.05307,0.10541,0.25326,0.27955,1,1,21:06:2023,05:02:50,3,-15.555244,-56.070214,234.0,lev20,Almucantar,Cuiaba,191,191.528345,0.288213,0.172042,0.126102,0.107944,1.211634,59.092335,59.658633,2.079753,0.05438,0.288213,4,10,7,4,3,11,7,4,3,11,7,4,3,10,8,4,0.05307,0.10541,0.25326,0.27955,1,1,21:06:2023,05:02:50,3,-15.555244,-56.070214,234.0,lev20,Almucantar,Cuiaba,191,191.528345,1.5158,1.5125,1.5098,1.5043,0.01487,0.014675,0.014854,0.014876,59.092335,59.658633,2.079753,0.05438,0.288213,4,10,7,4,3,11,7,4,3,11,7,4,3,10,8,4,0.05307,0.10541,0.25326,0.27955,1,1,21:06:2023,05:02:50,3,-15.555244,-56.070214,234.0,lev20,Almucantar,Cuiaba,191,191.528345,0.9149,0.8969,0.8712,0.8514,59.092335,59.658633,2.079753,0.05438,0.288213,4,10,7,4,3,11,7,4,3,11,7,4,3,10,8,4,0.05307,0.10541,0.25326,0.27955,1,1,21:06:2023,05:02:50,3,-15.555244,-56.070214,234.0,lev20,Almucantar,Cuiaba,191,191.528345,0.0798,0.049829,0.038157,0.032227,1.225119,59.092335,59.658633,2.079753,0.05438,0.288213,4,10,7,4,3,11,7,4,3,11,7,4,3,10,8,4,0.05307,0.10541,0.25326,0.27955,1,1,21:06:2023,05:02:50,3,-15.555244,-56.070214,234.0,lev20,Almucantar,1.219245661722227,0.24754785784472677,0.8993067233899913,BCL,Urban,,Unknown
10:07:1993,12:52:05,Cuiaba,191,191.536169,0.2829,0.1681,0.1234,0.1056,0.2623,0.1467,0.1016,0.0837,0.0207,0.0214,0.0218,0.022,1.21671,56.999261,57.551195,1.963145,0.059015,0.281801,4,10,8,3,4,10,8,3,4,10,7,4,4,10,6,4,0.0525,0.10453,0.24973,0.27612,1,1,21:06:2023,05:05:17,3,-15.555244,-56.070214,234.0,lev20,Almucantar,Cuiaba,191,191.536169,0.281801,0.168619,0.123732,0.105772,1.206422,56.999261,57.551195,1.963145,0.059015,0.281801,4,10,8,3,4,10,8,3,4,10,7,4,4,10,6,4,0.0525,0.10453,0.24973,0.27612,1,1,21:06:2023,05:05:17,3,-15.555244,-56.070214,234.0,lev20,Almucantar,Cuiaba,191,191.536169,1.5158,1.5125,1.5098,1.5043,0.01487,0.014675,0.014854,0.014876,56.999261,57.551195,1.963145,0.059015,0.281801,4,10,8,3,4,10,8,3,4,10,7,4,4,10,6,4,0.0525,0.10453,0.24973,0.27612,1,1,21:06:2023,05:05:17,3,-15.555244,-56.070214,234.0,lev20,Almucantar,Cuiaba,191,191.536169,0.9149,0.8969,0.8712,0.8514,56.999261,57.551195,1.963145,0.059015,0.281801,4,10,8,3,4,10,8,3,4,10,7,4,4,10,6,4,0.0525,0.10453,0.24973,0.27612,1,1,21:06:2023,05:05:17,3,-15.555244,-56.070214,234.0,lev20,Almucantar,Cuiaba,191,191.536169,0.0798,0.049829,0.038157,0.032227,1.225119,56.999261,57.551195,1.963145,0.059015,0.281801,4,10,8,3,4,10,8,3,4,10,7,4,4,10,6,4,0.0525,0.10453,0.24973,0.27612,1,1,21:06:2023,05:05:17,3,-15.555244,-56.070214,234.0,lev20,Almucantar,1.2170160930242835,0.24214051737499978,0.9008041109010924,BCL,Urban,,Unknown
10:07:1993,18:51:02,Cuiaba,191,191.78544,0.2658,0.164,0.126,0.1103,0.2375,0.1346,0.0961,0.0803,0.0283,0.0294,0.0299,0.03,1.097983,58.804307,58.243536,3.808178,0.538133,0.254825,3,11,7,4,4,10,7,4,3,10,7,4,4,10,7,4,0.05313,0.10528,0.25183,0.27721,1,1,21:06:2023,05:07:18,3,-15.555244,-56.070214,234.0,lev20,Almucantar,Cuiaba,191,191.78544,0.254825,0.160393,0.123045,0.107665,1.069061,58.804307,58.243536,3.808178,0.538133,0.254825,3,11,7,4,4,10,7,4,3,10,7,4,4,10,7,4,0.05313,0.10528,0.25183,0.27721,1,1,21:06:2023,05:07:18,3,-15.555244,-56.070214,234.0,lev20,Almucantar,Cuiaba,191,191.78544,1.5158,1.5125,1.5098,1.5043,0.01487,0.014675,0.014854,0.014876,58.804307,58.243536,3.808178,0.538133,0.254825,3,11,7,4,4,10,7,4,3,10,7,4,4,10,7,4,0.05313,0.10528,0.25183,0.27721,1,1,21:06:2023,05:07:18,3,-15.555244,-56.070214,234.0,lev20,Almucantar,Cuiaba,191,191.78544,0.9149,0.8969,0.8712,0.8514,58.804307,58.243536,3.808178,0.538133,0.254825,3,11,7,4,4,10,7,4,3,10,7,4,4,10,7,4,0.05313,0.10528,0.25183,0.27721,1,1,21:06:2023,05:07:18,3,-15.555244,-56.070214,234.0,lev20,Almucantar,Cuiaba,191,191.78544,0.0798,0.049829,0.038157,0.032227,1.225119,58.804307,58.243536,3.808178,0.538133,0.254825,3,11,7,4,4,10,7,4,3,10,7,4,4,10,7,4,0.05313,0.10528,0.25183,0.27721,1,1,21:06:2023,05:07:18,3,-15.555244,-56.070214,234.0,lev20,Almucantar,1.094971393677826,0.2310814535914438,0.8575260839775157,Unclassified,Urban,,Unknown
10:07:1993,19:02:05,Cuiaba,191,191.793113,0.2627,0.1592,0.1223,0.1072,0.2388,0.1345,0.0971,0.0818,0.0239,0.0247,0.0252,0.0254,1.125987,60.901142,60.327167,4.949104,0.241245,0.258312,3,10,8,4,3,10,8,4,3,10,8,4,3,10,8,4,0.05377,0.10625,0.25558,0.28072,1,1,21:06:2023,05:09:22,3,-15.555244,-56.070214,234.0,lev20,Almucantar,Cuiaba,191,191.793113,0.258312,0.162329,0.123384,0.107458,1.083783,60.901142,60.327167,4.949104,0.241245,0.258312,3,10,8,4,3,10,8,4,3,10,8,4,3,10,8,4,0.05377,0.10625,0.25558,0.28072,1,1,21:06:2023,05:09:22,3,-15.555244,-56.070214,234.0,lev20,Almucantar,Cuiaba,191,191.793113,1.5158,1.5125,1.5098,1.5043,0.01487,0.014675,0.014854,0.014876,60.901142,60.327167,4.949104,0.241245,0.258312,3,10,8,4,3,10,8,4,3,10,8,4,3,10,8,4,0.05377,0.10625,0.25558,0.28072,1,1,21:06:2023,05:09:22,3,-15.555244,-56.070214,234.0,lev20,Almucantar,Cuiaba,191,191.793113,0.9149,0.8969,0.8712,0.8514,60.901142,60.327167,4.949104,0.241245,0.258312,3,10,8,4,3,10,8,4,3,10,8,4,3,10,8,4,0.05377,0.10625,0.25558,0.28072,1,1,21:06:2023,05:09:22,3,-15.555244,-56.070214,234.0,lev20,Almucantar,Cuiaba,191,191.793113,0.0798,0.049829,0.038157,0.032227,1.225119,60.901142,60.327167,4.949104,0.241245,0.258312,3,10,8,4,3,10,8,4,3,10,8,4,3,10,8,4,0.05377,0.10625,0.25558,0.28072,1,1,21:06:2023,05:09:22,3,-15.555244,-56.070214,234.0,lev20,Almucantar,1.121482945110513,0.22761366744326184,0.877369907065594,Unclassified,Urban,,Unknown
10:07:1993,20:31:34,Cuiaba,191,191.855255,0.2631,0.1577,0.1151,0.0974,0.2379,0.1316,0.0885,0.0706,0.0252,0.0261,0.0266,0.0268,1.210864,79.195734,78.556245,1.682846,0.012029,0.261902,4,10,7,5,4,10,7,5,4,10,7,5,4,10,7,5,0.06408,0.12243,0.31443,0.3362,1,1,21:06:2023,05:11:39,3,-15.555244,-56.070214,234.0,lev20,Almucantar,Cuiaba,191,191.855255,0.261902,0.157583,0.115203,0.096983,1.202766,79.195734,78.556245,1.682846,0.012029,0.261902,4,10,7,5,4,10,7,5,4,10,7,5,4,10,7,5,0.06408,0.12243,0.31443,0.3362,1,1,21:06:2023,05:11:39,3,-15.555244,-56.070214,234.0,lev20,Almucantar,Cuiaba,191,191.855255,1.5158,1.5125,1.5098,1.5043,0.01487,0.014675,0.014854,0.014876,79.195734,78.556245,1.682846,0.012029,0.261902,4,10,7,5,4,10,7,5,4,10,7,5,4,10,7,5,0.06408,0.12243,0.31443,0.3362,1,1,21:06:2023,05:11:39,3,-15.555244,-56.070214,234.0,lev20,Almucantar,Cuiaba,191,191.855255,0.9149,0.8969,0.8712,0.8514,79.195734,78.556245,1.682846,0.012029,0.261902,4,10,7,5,4,10,7,5,4,10,7,5,4,10,7,5,0.06408,0.12243,0.31443,0.3362,1,1,21:06:2023,05:11:39,3,-15.555244,-56.070214,234.0,lev20,Almucantar,Cuiaba,191,191.855255,0.0798,0.049829,0.038157,0.032227,1.225119,79.195734,78.556245,1.682846,0.012029,0.261902,4,10,7,5,4,10,7,5,4,10,7,5,4,10,7,5,0.06408,0.12243,0.31443,0.3362,1,1,21:06:2023,05:11:39,3,-15.555244,-56.070214,234.0,lev20,Almucantar,1.2127188727149987,0.22531698790337218,0.8712469213908652,BCL,Urban,,Unknown
11:07:1993,11:09:57,Cuiaba,192,192.465243,0.2093,0.1252,0.0936,0.0803,0.1913,0.1066,0.0746,0.0611,0.018,0.0187,0.019,0.0192,1.182183,77.440235,78.078493,2.265459,0.014382,0.208752,4,10,7,5,4,10,7,5,4,10,7,5,4,10,7,5,0.0621,0.12002,0.30863,0.33386,1,1,21:06:2023,05:08:18,3,-15.555244,-56.070214,234.0,lev20,Almucantar,Cuiaba,192,192.465243,0.208752,0.125095,0.09371,0.080016,1.176749,77.440235,78.078493,2.265459,0.014382,0.208752,4,10,7,5,4,10,7,5,4,10,7,5,4,10,7,5,0.0621,0.12002,0.30863,0.33386,1,1,21:06:2023,05:08:18,3,-15.555244,-56.070214,234.0,lev20,Almucantar,Cuiaba,192,192.465243,1.5158,1.5125,1.5098,1.5043,0.01487,0.014675,0.014854,0.014876,77.440235,78.078493,2.265459,0.014382,0.208752,4,10,7,5,4,10,7,5,4,10,7,5,4,10,7,5,0.0621,0.12002,0.30863,0.33386,1,1,21:06:2023,05:08:18,3,-15.555244,-56.070214,234.0,lev20,Almucantar,Cuiaba,192,192.465243,0.9149,0.8969,0.8712,0.8514,77.440235,78.078493,2.265459,0.014382,0.208752,4,10,7,5,4,10,7,5,4,10,7,5,4,10,7,5,0.0621,0.12002,0.30863,0.33386,1,1,21:06:2023,05:08:18,3,-15.555244,-56.070214,234.0,lev20,Almucantar,Cuiaba,192,192.465243,0.0798,0.049829,0.038157,0.032227,1.225119,77.440235,78.078493,2.265459,0.014382,0.208752,4,10,7,5,4,10,7,5,4,10,7,5,4,10,7,5,0.0621,0.12002,0.30863,0.33386,1,1,21:06:2023,05:08:18,3,-15.555244,-56.070214,234.0,lev20,Almucantar,1.180455369755255,0.17998383469714074,0.8839819920048909,Unclassified,Maritime,,Unknown
11:07:1993,12:40:36,Cuiaba,192,192.528194,0.2027,0.1251,0.0975,0.0858,0.186,0.1078,0.0799,0.0681,0.0167,0.0173,0.0176,0.0177,1.078599,59.082397,59.650106,2.414868,0.085844,0.201443,4,10,7,4,3,11,7,4,3,11,7,4,3,10,8,4,0.05306,0.1054,0.25325,0.27953,1,1,21:06:2023,05:10:43,3,-15.555244,-56.070214,234.0,lev20,Almucantar,Cuiaba,192,192.528194,0.201443,0.12627,0.097671,0.085322,1.064527,59.082397,59.650106,2.414868,0.085844,0.201443,4,10,7,4,3,11,7,4,3,11,7,4,3,10,8,4,0.05306,0.1054,0.25325,0.27953,1,1,21:06:2023,05:10:43,3,-15.555244,-56.070214,234.0,lev20,Almucantar,Cuiaba,192,192.528194,1.5158,1.5125,1.5098,1.5043,0.01487,0.014675,0.014854,0.014876,59.082397,59.650106,2.414868,0.085844,0.201443,4,10,7,4,3,11,7,4,3,11,7,4,3,10,8,4,0.05306,0.1054,0.25325,0.27953,1,1,21:06:2023,05:10:43,3,-15.555244,-56.070214,234.0,lev20,Almucantar,Cuiaba,192,192.528194,0.9149,0.8969,0.8712,0.8514,59.082397,59.650106,2.414868,0.085844,0.201443,4,10,7,4,3,11,7,4,3,11,7,4,3,10,8,4,0.05306,0.1054,0.25325,0.27953,1,1,21:06:2023,05:10:43,3,-15.555244,-56.070214,234.0,lev20,Almucantar,Cuiaba,192,192.528194,0.0798,0.049829,0.038157,0.032227,1.225119,59.082397,59.650106,2.414868,0.085844,0.201443,4,10,7,4,3,11,7,4,3,11,7,4,3,10,8,4,0.05306,0.1054,0.25325,0.27953,1,1,21:06:2023,05:10:43,3,-15.555244,-56.070214,234.0,lev20,Almucantar,1.0735731710974945,0.1767062192617921,0.8899644868113606,Unclassified,Maritime,,Unknown
11:07:1993,12:51:53,Cuiaba,192,192.53603,0.201,0.1235,0.097,0.0857,0.1849,0.1068,0.08,0.0686,0.0161,0.0167,0.017,0.0172,1.075258,56.980764,57.534171,2.311144,0.099914,0.199688,4,10,8,3,4,10,8,3,4,10,6,4,3,10,6,4,0.0525,0.10452,0.24971,0.2761,1,1,21:06:2023,05:13:04,3,-15.555244,-56.070214,234.0,lev20,Almucantar,Cuiaba,192,192.53603,0.199688,0.124869,0.097448,0.085006,1.056505,56.980764,57.534171,2.311144,0.099914,0.199688,4,10,8,3,4,10,8,3,4,10,6,4,3,10,6,4,0.0525,0.10452,0.24971,0.2761,1,1,21:06:2023,05:13:04,3,-15.555244,-56.070214,234.0,lev20,Almucantar,Cuiaba,192,192.53603,1.5158,1.5125,1.5098,1.5043,0.01487,0.014675,0.014854,0.014876,56.980764,57.534171,2.311144,0.099914,0.199688,4,10,8,3,4,10,8,3,4,10,6,4,3,10,6,4,0.0525,0.10452,0.24971,0.2761,1,1,21:06:2023,05:13:04,3,-15.555244,-56.070214,234.0,lev20,Almucantar,Cuiaba,192,192.53603,0.9149,0.8969,0.8712,0.8514,56.980764,57.534171,2.311144,0.099914,0.199688,4,10,8,3,4,10,8,3,4,10,6,4,3,10,6,4,0.0525,0.10452,0.24971,0.2761,1,1,21:06:2023,05:13:04,3,-15.555244,-56.070214,234.0,lev20,Almucantar,Cuiaba,192,192.53603,0.0798,0.049829,0.038157,0.032227,1.225119,56.980764,57.534171,2.311144,0.099914,0.199688,4,10,8,3,4,10,8,3,4,10,6,4,3,10,6,4,0.0525,0.10452,0.24971,0.2761,1,1,21:06:2023,05:13:04,3,-15.555244,-56.070214,234.0,lev20,Almucantar,1.0687607067563982,0.17533205331832383,0.8925221961950662,Unclassified,Maritime,,Unknown
15:07:1993,18:51:40,Cuiaba,196,196.78588,0.2143,0.1392,0.1134,0.1015,0.1929,0.1171,0.0908,0.0788,0.0214,0.0221,0.0225,0.0227,0.940636,58.388761,57.822488,2.63389,0.078556,0.213142,4,10,7,4,4,10,6,4,4,10,7,4,4,10,7,4,0.05333,0.10589,0.25057,0.27646,1,1,21:06:2023,05:20:27,3,-15.555244,-56.070214,234.0,lev20,Almucantar,Cuiaba,196,196.78588,0.213142,0.140246,0.113006,0.101323,0.935155,58.388761,57.822488,2.63389,0.078556,0.213142,4,10,7,4,4,10,6,4,4,10,7,4,4,10,7,4,0.05333,0.10589,0.25057,0.27646,1,1,21:06:2023,05:20:27,3,-15.555244,-56.070214,234.0,lev20,Almucantar,Cuiaba,196,196.78588,1.5158,1.5125,1.5098,1.5043,0.01487,0.014675,0.014854,0.014876,58.388761,57.822488,2.63389,0.078556,0.213142,4,10,7,4,4,10,6,4,4,10,7,4,4,10,7,4,0.05333,0.10589,0.25057,0.27646,1,1,21:06:2023,05:20:27,3,-15.555244,-56.070214,234.0,lev20,Almucantar,Cuiaba,196,196.78588,0.9149,0.8969,0.8712,0.8514,58.388761,57.822488,2.63389,0.078556,0.213142,4,10,7,4,4,10,6,4,4,10,7,4,4,10,7,4,0.05333,0.10589,0.25057,0.27646,1,1,21:06:2023,05:20:27,3,-15.555244,-56.070214,234.0,lev20,Almucantar,Cuiaba,196,196.78588,0.0798,0.049829,0.038157,0.032227,1.225119,58.388761,57.822488,2.63389,0.078556,0.213142,4,10,7,4,4,10,6,4,4,10,7,4,4,10,7,4,0.05333,0.10589,0.25057,0.27646,1,1,21:06:2023,05:20:27,3,-15.555244,-56.070214,234.0,lev20,Almucantar,0.9336045969650508,0.1901914277044019,0.870706162353202,Unclassified,Maritime,,Unknown
16:07:1993,12:51:46,Cuiaba,197,197.535949,0.3045,0.1879,0.1437,0.1247,0.2789,0.1613,0.1167,0.0975,0.0256,0.0266,0.027,0.0272,1.103892,56.651908,57.212017,3.874007,0.389804,0.296739,4,10,8,3,4,10,7,3,4,10,7,3,4,10,6,4,0.05277,0.10523,0.24856,0.27549,1,1,21:06:2023,05:10:01,3,-15.555244,-56.070214,234.0,lev20,Almucantar,Cuiaba,197,197.535949,0.296739,0.184447,0.141655,0.125078,1.087033,56.651908,57.212017,3.874007,0.389804,0.296739,4,10,8,3,4,10,7,3,4,10,7,3,4,10,6,4,0.05277,0.10523,0.24856,0.27549,1,1,21:06:2023,05:10:01,3,-15.555244,-56.070214,234.0,lev20,Almucantar,Cuiaba,197,197.535949,1.5158,1.5125,1.5098,1.5043,0.01487,0.014675,0.014854,0.014876,56.651908,57.212017,3.874007,0.389804,0.296739,4,10,8,3,4,10,7,3,4,10,7,3,4,10,6,4,0.05277,0.10523,0.24856,0.27549,1,1,21:06:2023,05:10:01,3,-15.555244,-56.070214,234.0,lev20,Almucantar,Cuiaba,197,197.535949,0.9149,0.8969,0.8712,0.8514,56.651908,57.212017,3.874007,0.389804,0.296739,4,10,8,3,4,10,7,3,4,10,7,3,4,10,6,4,0.05277,0.10523,0.24856,0.27549,1,1,21:06:2023,05:10:01,3,-15.555244,-56.070214,234.0,lev20,Almucantar,Cuiaba,197,197.535949,0.0798,0.049829,0.038157,0.032227,1.225119,56.651908,57.212017,3.874007,0.389804,0.296739,4,10,8,3,4,10,7,3,4,10,7,3,4,10,6,4,0.05277,0.10523,0.24856,0.27549,1,1,21:06:2023,05:10:01,3,-15.555244,-56.070214,234.0,lev20,Almucantar,1.1015445684378427,0.2645041473395583,0.8879973361110124,Unclassified,Urban,,Unknown
17:07:1993,20:34:08,Cuiaba,198,198.857037,0.3021,0.1897,0.1458,0.1271,0.2707,0.1572,0.1128,0.0938,0.0314,0.0325,0.033,0.0333,1.070248,79.192097,78.546121,3.888074,0.019447,0.301222,4,10,7,5,4,10,7,5,4,10,6,4,4,9,5,4,0.06395,0.12239,0.3162,0.33809,1,1,21:06:2023,05:22:42,3,-15.555244,-56.070214,234.0,lev20,Almucantar,Cuiaba,198,198.857037,0.301222,0.189576,0.146068,0.126955,1.063453,79.192097,78.546121,3.888074,0.019447,0.301222,4,10,7,5,4,10,7,5,4,10,6,4,4,9,5,4,0.06395,0.12239,0.3162,0.33809,1,1,21:06:2023,05:22:42,3,-15.555244,-56.070214,234.0,lev20,Almucantar,Cuiaba,198,198.857037,1.5158,1.5125,1.5098,1.5043,0.01487,0.014675,0.014854,0.014876,79.192097,78.546121,3.888074,0.019447,0.301222,4,10,7,5,4,10,7,5,4,10,6,4,4,9,5,4,0.06395,0.12239,0.3162,0.33809,1,1,21:06:2023,05:22:42,3,-15.555244,-56.070214,234.0,lev20,Almucantar,Cuiaba,198,198.857037,0.9149,0.8969,0.8712,0.8514,79.192097,78.546121,3.888074,0.019447,0.301222,4,10,7,5,4,10,7,5,4,10,6,4,4,9,5,4,0.06395,0.12239,0.3162,0.33809,1,1,21:06:2023,05:22:42,3,-15.555244,-56.070214,234.0,lev20,Almucantar,Cuiaba,198,198.857037,0.0798,0.049829,0.038157,0.032227,1.225119,79.192097,78.546121,3.888074,0.019447,0.301222,4,10,7,5,4,10,7,5,4,10,6,4,4,9,5,4,0.06395,0.12239,0.3162,0.33809,1,1,21:06:2023,05:22:42,3,-15.555244,-56.070214,234.0,lev20,Almucantar,1.068655588970642,0.2635250003505869,0.8633256924866461,Unclassified,Urban,,Unknown
20:07:1993,11:08:31,Cuiaba,201,201.464248,0.1883,0.1137,0.087,0.0747,0.1734,0.0983,0.0712,0.0588,0.0149,0.0155,0.0157,0.016,1.136863,77.377555,78.024808,2.354377,0.011578,0.187936,4,9,7,5,4,9,7,5,4,10,7,5,4,10,7,5,0.0645,0.12529,0.31152,0.33942,1,1,21:06:2023,05:21:36,3,-15.555244,-56.070214,234.0,lev20,Almucantar,Cuiaba,201,201.464248,0.187936,0.11354,0.087117,0.074706,1.132404,77.377555,78.024808,2.354377,0.011578,0.187936,4,9,7,5,4,9,7,5,4,10,7,5,4,10,7,5,0.0645,0.12529,0.31152,0.33942,1,1,21:06:2023,05:21:36,3,-15.555244,-56.070214,234.0,lev20,Almucantar,Cuiaba,201,201.464248,1.5158,1.5125,1.5098,1.5043,0.01487,0.014675,0.014854,0.014876,77.377555,78.024808,2.354377,0.011578,0.187936,4,9,7,5,4,9,7,5,4,10,7,5,4,10,7,5,0.0645,0.12529,0.31152,0.33942,1,1,21:06:2023,05:21:36,3,-15.555244,-56.070214,234.0,lev20,Almucantar,Cuiaba,201,201.464248,0.9149,0.8969,0.8712,0.8514,77.377555,78.024808,2.354377,0.011578,0.187936,4,9,7,5,4,9,7,5,4,10,7,5,4,10,7,5,0.0645,0.12529,0.31152,0.33942,1,1,21:06:2023,05:21:36,3,-15.555244,-56.070214,234.0,lev20,Almucantar,Cuiaba,201,201.464248,0.0798,0.049829,0.038157,0.032227,1.225119,77.377555,78.024808,2.354377,0.011578,0.187936,4,9,7,5,4,9,7,5,4,10,7,5,4,10,7,5,0.0645,0.12529,0.31152,0.33942,1,1,21:06:2023,05:21:36,3,-15.555244,-56.070214,234.0,lev20,Almucantar,1.1326204794155896,0.1629184454831111,0.8937616950544967,Unclassified,Maritime,,Unknown
20:07:1993,18:52:10,Cuiaba,201,201.786227,0.1626,0.1102,0.0901,0.0809,0.1486,0.0957,0.0753,0.0659,0.0141,0.0146,0.0148,0.0149,0.869991,57.905261,57.332292,4.653733,0.092295,0.162272,4,10,7,4,4,10,7,4,4,10,7,4,4,10,7,4,0.05469,0.10898,0.24989,0.27706,1,1,21:06:2023,05:23:48,3,-15.555244,-56.070214,234.0,lev20,Almucantar,Cuiaba,201,201.786227,0.162272,0.111648,0.090755,0.081527,0.854308,57.905261,57.332292,4.653733,0.092295,0.162272,4,10,7,4,4,10,7,4,4,10,7,4,4,10,7,4,0.05469,0.10898,0.24989,0.27706,1,1,21:06:2023,05:23:48,3,-15.555244,-56.070214,234.0,lev20,Almucantar,Cuiaba,201,201.786227,1.5158,1.5125,1.5098,1.5043,0.01487,0.014675,0.014854,0.014876,57.905261,57.332292,4.653733,0.092295,0.162272,4,10,7,4,4,10,7,4,4,10,7,4,4,10,7,4,0.05469,0.10898,0.24989,0.27706,1,1,21:06:2023,05:23:48,3,-15.555244,-56.070214,234.0,lev20,Almucantar,Cuiaba,201,201.786227,0.9149,0.8969,0.8712,0.8514,57.905261,57.332292,4.653733,0.092295,0.162272,4,10,7,4,4,10,7,4,4,10,7,4,4,10,7,4,0.05469,0.10898,0.24989,0.27706,1,1,21:06:2023,05:23:48,3,-15.555244,-56.070214,234.0,lev20,Almucantar,Cuiaba,201,201.786227,0.0798,0.049829,0.038157,0.032227,1.225119,57.905261,57.332292,4.653733,0.092295,0.162272,4,10,7,4,4,10,7,4,4,10,7,4,4,10,7,4,0.05469,0.10898,0.24989,0.27706,1,1,21:06:2023,05:23:48,3,-15.555244,-56.070214,234.0,lev20,Almucantar,0.8660070772875762,0.14556003201281908,0.8915423396936221,Unclassified,Maritime,,Unknown
20:07:1993,19:06:24,Cuiaba,201,201.796111,0.1763,0.1188,0.096,0.0858,0.1596,0.1014,0.0783,0.0681,0.0168,0.0174,0.0177,0.0177,0.894428,60.67097,60.081843,4.021256,0.418955,0.168813,3,10,8,4,3,10,8,4,2,10,8,4,3,10,8,4,0.05558,0.11034,0.25502,0.28194,1,1,21:06:2023,05:03:30,3,-15.555244,-56.070214,234.0,lev20,Almucantar,Cuiaba,201,201.796111,0.168813,0.116038,0.09374,0.083991,0.864014,60.67097,60.081843,4.021256,0.418955,0.168813,3,10,8,4,3,10,8,4,2,10,8,4,3,10,8,4,0.05558,0.11034,0.25502,0.28194,1,1,21:06:2023,05:03:30,3,-15.555244,-56.070214,234.0,lev20,Almucantar,Cuiaba,201,201.796111,1.5158,1.5125,1.5098,1.5043,0.01487,0.014675,0.014854,0.014876,60.67097,60.081843,4.021256,0.418955,0.168813,3,10,8,4,3,10,8,4,2,10,8,4,3,10,8,4,0.05558,0.11034,0.25502,0.28194,1,1,21:06:2023,05:03:30,3,-15.555244,-56.070214,234.0,lev20,Almucantar,Cuiaba,201,201.796111,0.9149,0.8969,0.8712,0.8514,60.67097,60.081843,4.021256,0.418955,0.168813,3,10,8,4,3,10,8,4,2,10,8,4,3,10,8,4,0.05558,0.11034,0.25502,0.28194,1,1,21:06:2023,05:03:30,3,-15.555244,-56.070214,234.0,lev20,Almucantar,Cuiaba,201,201.796111,0.0798,0.049829,0.038157,0.032227,1.225119,60.67097,60.081843,4.021256,0.418955,0.168813,3,10,8,4,3,10,8,4,2,10,8,4,3,10,8,4,0.05558,0.11034,0.25502,0.28194,1,1,21:06:2023,05:03:30,3,-15.555244,-56.070214,234.0,lev20,Almucantar,0.8916274261964459,0.15730826465186365,0.8794167737842874,Unclassified,Maritime,,Unknown
20:07:1993,20:35:20,Cuiaba,201,201.85787,0.1958,0.1221,0.0905,0.0778,0.1784,0.104,0.0722,0.0593,0.0174,0.018,0.0184,0.0186,1.129072,79.210844,78.561616,2.204729,0.012094,0.195682,4,10,7,5,4,10,7,5,4,10,7,5,4,10,7,5,0.06671,0.12803,0.31808,0.34226,1,1,21:06:2023,05:06:02,3,-15.555244,-56.070214,234.0,lev20,Almucantar,Cuiaba,201,201.85787,0.195682,0.121919,0.090867,0.07739,1.123119,79.210844,78.561616,2.204729,0.012094,0.195682,4,10,7,5,4,10,7,5,4,10,7,5,4,10,7,5,0.06671,0.12803,0.31808,0.34226,1,1,21:06:2023,05:06:02,3,-15.555244,-56.070214,234.0,lev20,Almucantar,Cuiaba,201,201.85787,1.5158,1.5125,1.5098,1.5043,0.01487,0.014675,0.014854,0.014876,79.210844,78.561616,2.204729,0.012094,0.195682,4,10,7,5,4,10,7,5,4,10,7,5,4,10,7,5,0.06671,0.12803,0.31808,0.34226,1,1,21:06:2023,05:06:02,3,-15.555244,-56.070214,234.0,lev20,Almucantar,Cuiaba,201,201.85787,0.9149,0.8969,0.8712,0.8514,79.210844,78.561616,2.204729,0.012094,0.195682,4,10,7,5,4,10,7,5,4,10,7,5,4,10,7,5,0.06671,0.12803,0.31808,0.34226,1,1,21:06:2023,05:06:02,3,-15.555244,-56.070214,234.0,lev20,Almucantar,Cuiaba,201,201.85787,0.0798,0.049829,0.038157,0.032227,1.225119,79.210844,78.561616,2.204729,0.012094,0.195682,4,10,7,5,4,10,7,5,4,10,7,5,4,10,7,5,0.06671,0.12803,0.31808,0.34226,1,1,21:06:2023,05:06:02,3,-15.555244,-56.070214,234.0,lev20,Almucantar,1.1320565551175092,0.1694197094301195,0.8827633434363976,Unclassified,Maritime,,Unknown
21:07:1993,11:08:17,Cuiaba,202,202.464086,0.1804,0.1067,0.0805,0.0688,0.168,0.0939,0.0674,0.0556,0.0124,0.0128,0.0131,0.0132,1.187626,77.367113,78.015504,2.357176,0.02682,0.180471,4,10,7,5,4,10,7,5,4,10,7,5,4,10,7,5,0.06449,0.12528,0.31145,0.33938,1,1,21:06:2023,05:09:06,3,-15.555244,-56.070214,234.0,lev20,Almucantar,Cuiaba,202,202.464086,0.180471,0.106205,0.080545,0.068715,1.188548,77.367113,78.015504,2.357176,0.02682,0.180471,4,10,7,5,4,10,7,5,4,10,7,5,4,10,7,5,0.06449,0.12528,0.31145,0.33938,1,1,21:06:2023,05:09:06,3,-15.555244,-56.070214,234.0,lev20,Almucantar,Cuiaba,202,202.464086,1.5158,1.5125,1.5098,1.5043,0.01487,0.014675,0.014854,0.014876,77.367113,78.015504,2.357176,0.02682,0.180471,4,10,7,5,4,10,7,5,4,10,7,5,4,10,7,5,0.06449,0.12528,0.31145,0.33938,1,1,21:06:2023,05:09:06,3,-15.555244,-56.070214,234.0,lev20,Almucantar,Cuiaba,202,202.464086,0.9149,0.8969,0.8712,0.8514,77.367113,78.015504,2.357176,0.02682,0.180471,4,10,7,5,4,10,7,5,4,10,7,5,4,10,7,5,0.06449,0.12528,0.31145,0.33938,1,1,21:06:2023,05:09:06,3,-15.555244,-56.070214,234.0,lev20,Almucantar,Cuiaba,202,202.464086,0.0798,0.049829,0.038157,0.032227,1.225119,77.367113,78.015504,2.357176,0.02682,0.180471,4,10,7,5,4,10,7,5,4,10,7,5,4,10,7,5,0.06449,0.12528,0.31145,0.33938,1,1,21:06:2023,05:09:06,3,-15.555244,-56.070214,234.0,lev20,Almucantar,1.1836548975433878,0.1550683537073562,0.9066887729631642,Unclassified,Maritime,,Unknown
22:07:1993,11:08:03,Cuiaba,203,203.463924,0.2463,0.1389,0.0999,0.0835,0.2314,0.1235,0.0842,0.0676,0.0149,0.0154,0.0157,0.0159,1.324852,77.352817,78.002366,1.892959,0.008817,0.245837,4,10,7,5,4,10,7,5,4,10,7,4,4,10,7,4,0.06448,0.12527,0.31142,0.3393,1,1,21:06:2023,05:08:09,3,-15.555244,-56.070214,234.0,lev20,Almucantar,Cuiaba,203,203.463924,0.245837,0.138732,0.100152,0.083469,1.318878,77.352817,78.002366,1.892959,0.008817,0.245837,4,10,7,5,4,10,7,5,4,10,7,4,4,10,7,4,0.06448,0.12527,0.31142,0.3393,1,1,21:06:2023,05:08:09,3,-15.555244,-56.070214,234.0,lev20,Almucantar,Cuiaba,203,203.463924,1.5158,1.5125,1.5098,1.5043,0.01487,0.014675,0.014854,0.014876,77.352817,78.002366,1.892959,0.008817,0.245837,4,10,7,5,4,10,7,5,4,10,7,4,4,10,7,4,0.06448,0.12527,0.31142,0.3393,1,1,21:06:2023,05:08:09,3,-15.555244,-56.070214,234.0,lev20,Almucantar,Cuiaba,203,203.463924,0.9149,0.8969,0.8712,0.8514,77.352817,78.002366,1.892959,0.008817,0.245837,4,10,7,5,4,10,7,5,4,10,7,4,4,10,7,4,0.06448,0.12527,0.31142,0.3393,1,1,21:06:2023,05:08:09,3,-15.555244,-56.070214,234.0,lev20,Almucantar,Cuiaba,203,203.463924,0.0798,0.049829,0.038157,0.032227,1.225119,77.352817,78.002366,1.892959,0.008817,0.245837,4,10,7,5,4,10,7,5,4,10,7,4,4,10,7,4,0.06448,0.12527,0.31142,0.3393,1,1,21:06:2023,05:08:09,3,-15.555244,-56.070214,234.0,lev20,Almucantar,1.3236851276242132,0.20795863140503681,0.9159354733757143,BCL,Urban,,Unknown
22:07:1993,12:36:37,Cuiaba,203,203.525428,0.2525,0.1459,0.1067,0.0902,0.2377,0.1305,0.091,0.0744,0.0148,0.0154,0.0157,0.0158,1.265058,58.979667,59.566612,1.942744,0.025359,0.252055,2,10,7,4,3,9,7,4,3,11,6,4,3,10,8,4,0.05486,0.10949,0.25284,0.28098,1,1,21:06:2023,05:10:15,3,-15.555244,-56.070214,234.0,lev20,Almucantar,Cuiaba,203,203.525428,0.252055,0.145211,0.106756,0.090615,1.262699,58.979667,59.566612,1.942744,0.025359,0.252055,2,10,7,4,3,9,7,4,3,11,6,4,3,10,8,4,0.05486,0.10949,0.25284,0.28098,1,1,21:06:2023,05:10:15,3,-15.555244,-56.070214,234.0,lev20,Almucantar,Cuiaba,203,203.525428,1.5158,1.5125,1.5098,1.5043,0.01487,0.014675,0.014854,0.014876,58.979667,59.566612,1.942744,0.025359,0.252055,2,10,7,4,3,9,7,4,3,11,6,4,3,10,8,4,0.05486,0.10949,0.25284,0.28098,1,1,21:06:2023,05:10:15,3,-15.555244,-56.070214,234.0,lev20,Almucantar,Cuiaba,203,203.525428,0.9149,0.8969,0.8712,0.8514,58.979667,59.566612,1.942744,0.025359,0.252055,2,10,7,4,3,9,7,4,3,11,6,4,3,10,8,4,0.05486,0.10949,0.25284,0.28098,1,1,21:06:2023,05:10:15,3,-15.555244,-56.070214,234.0,lev20,Almucantar,Cuiaba,203,203.525428,0.0798,0.049829,0.038157,0.032227,1.225119,58.979667,59.566612,1.942744,0.025359,0.252055,2,10,7,4,3,9,7,4,3,11,6,4,3,10,8,4,0.05486,0.10949,0.25284,0.28098,1,1,21:06:2023,05:10:15,3,-15.555244,-56.070214,234.0,lev20,Almucantar,1.2635568929026155,0.2148384845162208,0.918977665842628,BCL,Urban,,Unknown
22:07:1993,19:07:37,Cuiaba,203,203.796956,0.3836,0.207,0.1427,0.1171,0.369,0.1919,0.1273,0.1015,0.0146,0.0151,0.0154,0.0156,1.44937,60.683817,60.090759,2.065963,0.032569,0.383254,3,10,8,4,3,10,8,4,3,10,8,4,2,9,8,4,0.05558,0.11034,0.25505,0.28196,1,1,21:06:2023,05:13:51,3,-15.555244,-56.070214,234.0,lev20,Almucantar,Cuiaba,203,203.796956,0.383254,0.206888,0.142626,0.117847,1.448786,60.683817,60.090759,2.065963,0.032569,0.383254,3,10,8,4,3,10,8,4,3,10,8,4,2,9,8,4,0.05558,0.11034,0.25505,0.28196,1,1,21:06:2023,05:13:51,3,-15.555244,-56.070214,234.0,lev20,Almucantar,Cuiaba,203,203.796956,1.5158,1.5125,1.5098,1.5043,0.01487,0.014675,0.014854,0.014876,60.683817,60.090759,2.065963,0.032569,0.383254,3,10,8,4,3,10,8,4,3,10,8,4,2,9,8,4,0.05558,0.11034,0.25505,0.28196,1,1,21:06:2023,05:13:51,3,-15.555244,-56.070214,234.0,lev20,Almucantar,Cuiaba,203,203.796956,0.9149,0.8969,0.8712,0.8514,60.683817,60.090759,2.065963,0.032569,0.383254,3,10,8,4,3,10,8,4,3,10,8,4,2,9,8,4,0.05558,0.11034,0.25505,0.28196,1,1,21:06:2023,05:13:51,3,-15.555244,-56.070214,234.0,lev20,Almucantar,Cuiaba,203,203.796956,0.0798,0.049829,0.038157,0.032227,1.225119,60.683817,60.090759,2.065963,0.032569,0.383254,3,10,8,4,3,10,8,4,3,10,8,4,2,9,8,4,0.05558,0.11034,0.25505,0.28196,1,1,21:06:2023,05:13:51,3,-15.555244,-56.070214,234.0,lev20,Almucantar,1.450533967710976,0.31867561209820516,0.9458297642934921,BCL,Urban,,Unknown
24:07:1993,11:07:08,Cuiaba,205,205.463287,0.3547,0.1832,0.1253,0.1014,0.3341,0.1618,0.1037,0.0796,0.0205,0.0213,0.0217,0.0218,1.527768,77.410415,78.062484,1.418486,0.005571,0.353675,4,10,7,5,4,10,7,5,4,10,7,5,4,10,7,5,0.06453,0.12534,0.3117,0.33962,1,1,21:06:2023,05:17:45,3,-15.555244,-56.070214,234.0,lev20,Almucantar,Cuiaba,205,205.463287,0.353675,0.182772,0.12547,0.101724,1.52201,77.410415,78.062484,1.418486,0.005571,0.353675,4,10,7,5,4,10,7,5,4,10,7,5,4,10,7,5,0.06453,0.12534,0.3117,0.33962,1,1,21:06:2023,05:17:45,3,-15.555244,-56.070214,234.0,lev20,Almucantar,Cuiaba,205,205.463287,1.5158,1.5125,1.5098,1.5043,0.01487,0.014675,0.014854,0.014876,77.410415,78.062484,1.418486,0.005571,0.353675,4,10,7,5,4,10,7,5,4,10,7,5,4,10,7,5,0.06453,0.12534,0.3117,0.33962,1,1,21:06:2023,05:17:45,3,-15.555244,-56.070214,234.0,lev20,Almucantar,Cuiaba,205,205.463287,0.9149,0.8969,0.8712,0.8514,77.410415,78.062484,1.418486,0.005571,0.353675,4,10,7,5,4,10,7,5,4,10,7,5,4,10,7,5,0.06453,0.12534,0.3117,0.33962,1,1,21:06:2023,05:17:45,3,-15.555244,-56.070214,234.0,lev20,Almucantar,Cuiaba,205,205.463287,0.0798,0.049829,0.038157,0.032227,1.225119,77.410415,78.062484,1.418486,0.005571,0.353675,4,10,7,5,4,10,7,5,4,10,7,5,4,10,7,5,0.06453,0.12534,0.3117,0.33962,1,1,21:06:2023,05:17:45,3,-15.555244,-56.070214,234.0,lev20,Almucantar,1.5263800574221273,0.2918237583733918,0.9150826251183137,BCL,Urban,,Unknown
24:07:1993,19:08:26,Cuiaba,205,205.797523,0.4005,0.2096,0.1442,0.1193,0.3772,0.1854,0.1197,0.0947,0.0233,0.0242,0.0245,0.0246,1.499554,60.616285,60.019557,2.374203,0.020364,0.399463,3,10,8,4,3,10,8,4,3,10,6,3,3,8,7,3,0.05556,0.11031,0.25491,0.28183,1,1,21:06:2023,05:22:42,3,-15.555244,-56.070214,234.0,lev20,Almucantar,Cuiaba,205,205.797523,0.399463,0.209178,0.144015,0.119128,1.497691,60.616285,60.019557,2.374203,0.020364,0.399463,3,10,8,4,3,10,8,4,3,10,6,3,3,8,7,3,0.05556,0.11031,0.25491,0.28183,1,1,21:06:2023,05:22:42,3,-15.555244,-56.070214,234.0,lev20,Almucantar,Cuiaba,205,205.797523,1.5158,1.5125,1.5098,1.5043,0.01487,0.014675,0.014854,0.014876,60.616285,60.019557,2.374203,0.020364,0.399463,3,10,8,4,3,10,8,4,3,10,6,3,3,8,7,3,0.05556,0.11031,0.25491,0.28183,1,1,21:06:2023,05:22:42,3,-15.555244,-56.070214,234.0,lev20,Almucantar,Cuiaba,205,205.797523,0.9149,0.8969,0.8712,0.8514,60.616285,60.019557,2.374203,0.020364,0.399463,3,10,8,4,3,10,8,4,3,10,6,3,3,8,7,3,0.05556,0.11031,0.25491,0.28183,1,1,21:06:2023,05:22:42,3,-15.555244,-56.070214,234.0,lev20,Almucantar,Cuiaba,205,205.797523,0.0798,0.049829,0.038157,0.032227,1.225119,60.616285,60.019557,2.374203,0.020364,0.399463,3,10,8,4,3,10,8,4,3,10,6,3,3,8,7,3,0.05556,0.11031,0.25491,0.28183,1,1,21:06:2023,05:22:42,3,-15.555244,-56.070214,234.0,lev20,Almucantar,1.4984374995386394,0.3306840702200249,0.9146806096733131,BCL,Urban,,Unknown
24:07:1993,20:36:33,Cuiaba,205,205.858715,0.3446,0.1728,0.1116,0.0886,0.3311,0.1588,0.0974,0.0743,0.0135,0.014,0.0142,0.0144,1.649567,79.156966,78.503169,1.929796,0.003115,0.344004,4,10,7,5,4,10,7,4,4,10,7,3,2,10,7,3,0.06665,0.12794,0.31776,0.34194,1,1,21:06:2023,05:04:05,3,-15.555244,-56.070214,234.0,lev20,Almucantar,Cuiaba,205,205.858715,0.344004,0.172509,0.111854,0.088399,1.644253,79.156966,78.503169,1.929796,0.003115,0.344004,4,10,7,5,4,10,7,4,4,10,7,3,2,10,7,3,0.06665,0.12794,0.31776,0.34194,1,1,21:06:2023,05:04:05,3,-15.555244,-56.070214,234.0,lev20,Almucantar,Cuiaba,205,205.858715,1.5158,1.5125,1.5098,1.5043,0.01487,0.014675,0.014854,0.014876,79.156966,78.503169,1.929796,0.003115,0.344004,4,10,7,5,4,10,7,4,4,10,7,3,2,10,7,3,0.06665,0.12794,0.31776,0.34194,1,1,21:06:2023,05:04:05,3,-15.555244,-56.070214,234.0,lev20,Almucantar,Cuiaba,205,205.858715,0.9149,0.8969,0.8712,0.8514,79.156966,78.503169,1.929796,0.003115,0.344004,4,10,7,5,4,10,7,4,4,10,7,3,2,10,7,3,0.06665,0.12794,0.31776,0.34194,1,1,21:06:2023,05:04:05,3,-15.555244,-56.070214,234.0,lev20,Almucantar,Cuiaba,205,205.858715,0.0798,0.049829,0.038157,0.032227,1.225119,79.156966,78.503169,1.929796,0.003115,0.344004,4,10,7,5,4,10,7,4,4,10,7,3,2,10,7,3,0.06665,0.12794,0.31776,0.34194,1,1,21:06:2023,05:04:05,3,-15.555244,-56.070214,234.0,lev20,Almucantar,1.6538546326533932,0.27893157766884924,0.9419748146027571,BCL,Urban,,Unknown
25:07:1993,20:36:58,Cuiaba,206,206.859005,0.5078,0.2598,0.1676,0.1323,0.4771,0.2281,0.135,0.0989,0.0307,0.0317,0.0326,0.0334,1.61992,79.169259,78.514234,1.612322,0.004376,0.506291,4,10,7,5,4,10,7,5,4,10,7,5,4,10,7,4,0.06666,0.12796,0.31785,0.342,1,1,21:06:2023,05:25:32,3,-15.555244,-56.070214,234.0,lev20,Almucantar,Cuiaba,206,206.859005,0.506291,0.259467,0.167717,0.131971,1.614669,79.169259,78.514234,1.612322,0.004376,0.506291,4,10,7,5,4,10,7,5,4,10,7,5,4,10,7,4,0.06666,0.12796,0.31785,0.342,1,1,21:06:2023,05:25:32,3,-15.555244,-56.070214,234.0,lev20,Almucantar,Cuiaba,206,206.859005,1.5441,1.5611,1.5518,1.5438,0.020397,0.01896,0.018948,0.019008,79.169259,78.514234,1.612322,0.004376,0.506291,4,10,7,5,4,10,7,5,4,10,7,5,4,10,7,4,0.06666,0.12796,0.31785,0.342,1,1,21:06:2023,05:25:32,3,-15.555244,-56.070214,234.0,lev20,Almucantar,Cuiaba,206,206.859005,0.8791,0.8555,0.8289,0.8136,79.169259,78.514234,1.612322,0.004376,0.506291,4,10,7,5,4,10,7,5,4,10,7,5,4,10,7,4,0.06666,0.12796,0.31785,0.342,1,1,21:06:2023,05:25:32,3,-15.555244,-56.070214,234.0,lev20,Almucantar,Cuiaba,206,206.859005,0.06138,0.037541,0.028687,0.024662,1.118747,79.169259,78.514234,1.612322,0.004376,0.506291,4,10,7,5,4,10,7,5,4,10,7,5,4,10,7,4,0.06666,0.12796,0.31785,0.342,1,1,21:06:2023,05:25:32,3,-15.555244,-56.070214,234.0,lev20,Almucantar,1.6260487371870924,0.4124951206413616,0.913247225530384,BCM,Unclassified,,Unknown
28:07:1993,11:05:52,Cuiaba,209,209.462407,0.4165,0.2025,0.1301,0.1019,0.402,0.1874,0.1148,0.0865,0.0145,0.0151,0.0153,0.0154,1.704399,77.358063,78.015143,1.395844,0.002634,0.4163,4,9,7,5,4,9,7,5,4,9,7,5,4,10,7,5,0.06874,0.13234,0.31649,0.34587,1,1,21:06:2023,05:21:09,3,-15.555244,-56.070214,234.0,lev20,Almucantar,Cuiaba,209,209.462407,0.4163,0.202386,0.1304,0.101728,1.700734,77.358063,78.015143,1.395844,0.002634,0.4163,4,9,7,5,4,9,7,5,4,9,7,5,4,10,7,5,0.06874,0.13234,0.31649,0.34587,1,1,21:06:2023,05:21:09,3,-15.555244,-56.070214,234.0,lev20,Almucantar,Cuiaba,209,209.462407,1.556,1.5344,1.5187,1.5065,0.015343,0.01995,0.023063,0.025289,77.358063,78.015143,1.395844,0.002634,0.4163,4,9,7,5,4,9,7,5,4,9,7,5,4,10,7,5,0.06874,0.13234,0.31649,0.34587,1,1,21:06:2023,05:21:09,3,-15.555244,-56.070214,234.0,lev20,Almucantar,Cuiaba,209,209.462407,0.9091,0.8597,0.8155,0.7825,77.358063,78.015143,1.395844,0.002634,0.4163,4,9,7,5,4,9,7,5,4,9,7,5,4,10,7,5,0.06874,0.13234,0.31649,0.34587,1,1,21:06:2023,05:21:09,3,-15.555244,-56.070214,234.0,lev20,Almucantar,Cuiaba,209,209.462407,0.037875,0.028411,0.024009,0.022171,0.668868,77.358063,78.015143,1.395844,0.002634,0.4163,4,9,7,5,4,9,7,5,4,9,7,5,4,10,7,5,0.06874,0.13234,0.31649,0.34587,1,1,21:06:2023,05:21:09,3,-15.555244,-56.070214,234.0,lev20,Almucantar,1.7068380895355837,0.3348543275101615,0.94749642836528,BCL,Urban,,Unknown
31:07:1993,20:39:15,Cuiaba,212,212.86059,0.431,0.2035,0.1352,0.11,0.3864,0.1515,0.0805,0.055,0.0447,0.0521,0.0548,0.055,1.705416,79.212504,78.549821,2.674693,0.005118,0.430409,4,10,7,3,4,10,7,3,4,10,7,3,4,10,6,3,0.07128,0.13547,0.32335,0.34884,1,1,21:06:2023,05:14:45,3,-15.555244,-56.070214,234.0,lev20,Almucantar,Cuiaba,212,212.86059,0.430409,0.202874,0.135168,0.109804,1.704298,79.212504,78.549821,2.674693,0.005118,0.430409,4,10,7,3,4,10,7,3,4,10,7,3,4,10,6,3,0.07128,0.13547,0.32335,0.34884,1,1,21:06:2023,05:14:45,3,-15.555244,-56.070214,234.0,lev20,Almucantar,Cuiaba,212,212.86059,1.4802,1.4692,1.4711,1.475,0.01208,0.011522,0.011341,0.01154,79.212504,78.549821,2.674693,0.005118,0.430409,4,10,7,3,4,10,7,3,4,10,7,3,4,10,6,3,0.07128,0.13547,0.32335,0.34884,1,1,21:06:2023,05:14:45,3,-15.555244,-56.070214,234.0,lev20,Almucantar,Cuiaba,212,212.86059,0.9128,0.8868,0.8712,0.863,79.212504,78.549821,2.674693,0.005118,0.430409,4,10,7,3,4,10,7,3,4,10,7,3,4,10,6,3,0.07128,0.13547,0.32335,0.34884,1,1,21:06:2023,05:14:45,3,-15.555244,-56.070214,234.0,lev20,Almucantar,Cuiaba,212,212.86059,0.037581,0.02304,0.017409,0.01507,1.12996,79.212504,78.549821,2.674693,0.005118,0.430409,4,10,7,3,4,10,7,3,4,10,7,3,4,10,6,3,0.07128,0.13547,0.32335,0.34884,1,1,21:06:2023,05:14:45,3,-15.555244,-56.070214,234.0,lev20,Almucantar,1.7006329628032641,0.34678689115968436,0.8260472821097562,BCL,Urban,,Unknown
02:08:1993,19:14:00,Cuiaba,214,214.801389,0.3375,0.1854,0.1287,0.1067,0.3197,0.1669,0.1099,0.0877,0.0179,0.0185,0.0188,0.019,1.412521,60.705847,60.089218,2.08876,0.018276,0.336726,3,10,8,3,3,10,8,3,3,10,8,3,3,10,8,3,0.05859,0.11533,0.2577,0.28547,1,1,21:06:2023,05:09:22,3,-15.555244,-56.070214,234.0,lev20,Almucantar,Cuiaba,214,214.801389,0.336726,0.185402,0.128999,0.106894,1.405884,60.705847,60.089218,2.08876,0.018276,0.336726,3,10,8,3,3,10,8,3,3,10,8,3,3,10,8,3,0.05859,0.11533,0.2577,0.28547,1,1,21:06:2023,05:09:22,3,-15.555244,-56.070214,234.0,lev20,Almucantar,Cuiaba,214,214.801389,1.5158,1.5125,1.5098,1.5043,0.01487,0.014675,0.014854,0.014876,60.705847,60.089218,2.08876,0.018276,0.336726,3,10,8,3,3,10,8,3,3,10,8,3,3,10,8,3,0.05859,0.11533,0.2577,0.28547,1,1,21:06:2023,05:09:22,3,-15.555244,-56.070214,234.0,lev20,Almucantar,Cuiaba,214,214.801389,0.9149,0.8969,0.8712,0.8514,60.705847,60.089218,2.08876,0.018276,0.336726,3,10,8,3,3,10,8,3,3,10,8,3,3,10,8,3,0.05859,0.11533,0.2577,0.28547,1,1,21:06:2023,05:09:22,3,-15.555244,-56.070214,234.0,lev20,Almucantar,Cuiaba,214,214.801389,0.0798,0.049829,0.038157,0.032227,1.225119,60.705847,60.089218,2.08876,0.018276,0.336726,3,10,8,3,3,10,8,3,3,10,8,3,3,10,8,3,0.05859,0.11533,0.2577,0.28547,1,1,21:06:2023,05:09:22,3,-15.555244,-56.070214,234.0,lev20,Almucantar,1.4141928336935063,0.2816836048424795,0.9252503674897407,BCL,Urban,,Unknown
02:08:1993,20:40:02,Cuiaba,214,214.861134,0.3932,0.2057,0.1349,0.107,0.3735,0.1853,0.1142,0.086,0.0197,0.0204,0.0208,0.021,1.563588,79.239753,78.574412,1.613178,0.005546,0.392497,4,10,7,5,4,10,7,5,4,10,7,5,4,10,7,5,0.0713,0.13551,0.32348,0.34898,1,1,21:06:2023,05:12:27,3,-15.555244,-56.070214,234.0,lev20,Almucantar,Cuiaba,214,214.861134,0.392497,0.20545,0.135139,0.10724,1.558743,79.239753,78.574412,1.613178,0.005546,0.392497,4,10,7,5,4,10,7,5,4,10,7,5,4,10,7,5,0.0713,0.13551,0.32348,0.34898,1,1,21:06:2023,05:12:27,3,-15.555244,-56.070214,234.0,lev20,Almucantar,Cuiaba,214,214.861134,1.5158,1.5125,1.5098,1.5043,0.01487,0.014675,0.014854,0.014876,79.239753,78.574412,1.613178,0.005546,0.392497,4,10,7,5,4,10,7,5,4,10,7,5,4,10,7,5,0.0713,0.13551,0.32348,0.34898,1,1,21:06:2023,05:12:27,3,-15.555244,-56.070214,234.0,lev20,Almucantar,Cuiaba,214,214.861134,0.9149,0.8969,0.8712,0.8514,79.239753,78.574412,1.613178,0.005546,0.392497,4,10,7,5,4,10,7,5,4,10,7,5,4,10,7,5,0.0713,0.13551,0.32348,0.34898,1,1,21:06:2023,05:12:27,3,-15.555244,-56.070214,234.0,lev20,Almucantar,Cuiaba,214,214.861134,0.0798,0.049829,0.038157,0.032227,1.225119,79.239753,78.574412,1.613178,0.005546,0.392497,4,10,7,5,4,10,7,5,4,10,7,5,4,10,7,5,0.0713,0.13551,0.32348,0.34898,1,1,21:06:2023,05:12:27,3,-15.555244,-56.070214,234.0,lev20,Almucantar,1.5692469091153898,0.32173115201014196,0.9283359914337517,BCL,Urban,,Unknown
03:08:1993,11:03:26,Cuiaba,215,215.460718,0.3954,0.2082,0.1425,0.1155,0.3726,0.1845,0.1183,0.0912,0.0229,0.0237,0.0241,0.0243,1.496905,77.287936,77.952988,1.293051,0.008116,0.393974,4,9,7,5,4,9,7,5,4,9,7,5,4,9,7,5,0.06866,0.13221,0.31612,0.34554,1,1,21:06:2023,05:26:08,3,-15.555244,-56.070214,234.0,lev20,Almucantar,Cuiaba,215,215.460718,0.393974,0.207884,0.142538,0.115114,1.491288,77.287936,77.952988,1.293051,0.008116,0.393974,4,9,7,5,4,9,7,5,4,9,7,5,4,9,7,5,0.06866,0.13221,0.31612,0.34554,1,1,21:06:2023,05:26:08,3,-15.555244,-56.070214,234.0,lev20,Almucantar,Cuiaba,215,215.460718,1.5158,1.5125,1.5098,1.5043,0.01487,0.014675,0.014854,0.014876,77.287936,77.952988,1.293051,0.008116,0.393974,4,9,7,5,4,9,7,5,4,9,7,5,4,9,7,5,0.06866,0.13221,0.31612,0.34554,1,1,21:06:2023,05:26:08,3,-15.555244,-56.070214,234.0,lev20,Almucantar,Cuiaba,215,215.460718,0.9149,0.8969,0.8712,0.8514,77.287936,77.952988,1.293051,0.008116,0.393974,4,9,7,5,4,9,7,5,4,9,7,5,4,9,7,5,0.06866,0.13221,0.31612,0.34554,1,1,21:06:2023,05:26:08,3,-15.555244,-56.070214,234.0,lev20,Almucantar,Cuiaba,215,215.460718,0.0798,0.049829,0.038157,0.032227,1.225119,77.287936,77.952988,1.293051,0.008116,0.393974,4,9,7,5,4,9,7,5,4,9,7,5,4,9,7,5,0.06866,0.13221,0.31612,0.34554,1,1,21:06:2023,05:26:08,3,-15.555244,-56.070214,234.0,lev20,Almucantar,1.4970342360931366,0.3265316812947178,0.9164847451521645,BCL,Urban,,Unknown
04:08:1993,18:52:06,Cuiaba,216,216.786181,0.5499,0.3075,0.2246,0.1912,0.456,0.2054,0.12,0.0864,0.0939,0.1021,0.1046,0.1048,1.317538,56.016507,55.418012,1.644965,0.015235,0.547174,4,10,8,3,4,10,8,3,4,10,8,3,4,10,8,3,0.05695,0.1128,0.24899,0.2771,1,1,21:06:2023,05:08:34,3,-15.555244,-56.070214,234.0,lev20,Almucantar,Cuiaba,216,216.786181,0.547174,0.306587,0.224353,0.191004,1.31196,56.016507,55.418012,1.644965,0.015235,0.547174,4,10,8,3,4,10,8,3,4,10,8,3,4,10,8,3,0.05695,0.1128,0.24899,0.2771,1,1,21:06:2023,05:08:34,3,-15.555244,-56.070214,234.0,lev20,Almucantar,Cuiaba,216,216.786181,1.366,1.4163,1.4494,1.4673,0.015134,0.012906,0.013554,0.014656,56.016507,55.418012,1.644965,0.015235,0.547174,4,10,8,3,4,10,8,3,4,10,8,3,4,10,8,3,0.05695,0.1128,0.24899,0.2771,1,1,21:06:2023,05:08:34,3,-15.555244,-56.070214,234.0,lev20,Almucantar,Cuiaba,216,216.786181,0.836,0.8258,0.8031,0.7843,56.016507,55.418012,1.644965,0.015235,0.547174,4,10,8,3,4,10,8,3,4,10,8,3,4,10,8,3,0.05695,0.1128,0.24899,0.2771,1,1,21:06:2023,05:08:34,3,-15.555244,-56.070214,234.0,lev20,Almucantar,Cuiaba,216,216.786181,0.090209,0.05358,0.04421,0.041241,1.062496,56.016507,55.418012,1.644965,0.015235,0.547174,4,10,8,3,4,10,8,3,4,10,8,3,4,10,8,3,0.05695,0.1128,0.24899,0.2771,1,1,21:06:2023,05:08:34,3,-15.555244,-56.070214,234.0,lev20,Almucantar,1.313467980196779,0.4649042187720424,0.7511322785937925,BCH,Arid,,Unknown
04:08:1993,19:15:11,Cuiaba,216,216.802211,0.5528,0.3102,0.2219,0.1874,0.4849,0.24,0.1496,0.1139,0.0678,0.0703,0.0723,0.0735,1.33974,60.724055,60.102816,1.460679,0.02054,0.549696,3,10,8,3,3,10,8,3,3,10,8,3,3,10,8,3,0.05861,0.11535,0.25777,0.2855,1,1,21:06:2023,05:10:58,3,-15.555244,-56.070214,234.0,lev20,Almucantar,Cuiaba,216,216.802211,0.549696,0.30902,0.221631,0.187048,1.333475,60.724055,60.102816,1.460679,0.02054,0.549696,3,10,8,3,3,10,8,3,3,10,8,3,3,10,8,3,0.05861,0.11535,0.25777,0.2855,1,1,21:06:2023,05:10:58,3,-15.555244,-56.070214,234.0,lev20,Almucantar,Cuiaba,216,216.802211,1.5674,1.585,1.5873,1.5851,0.024226,0.021094,0.020089,0.020951,60.724055,60.102816,1.460679,0.02054,0.549696,3,10,8,3,3,10,8,3,3,10,8,3,3,10,8,3,0.05861,0.11535,0.25777,0.2855,1,1,21:06:2023,05:10:58,3,-15.555244,-56.070214,234.0,lev20,Almucantar,Cuiaba,216,216.802211,0.8467,0.826,0.808,0.7927,60.724055,60.102816,1.460679,0.02054,0.549696,3,10,8,3,3,10,8,3,3,10,8,3,3,10,8,3,0.05861,0.11535,0.25777,0.2855,1,1,21:06:2023,05:10:58,3,-15.555244,-56.070214,234.0,lev20,Almucantar,Cuiaba,216,216.802211,0.084712,0.053987,0.042607,0.038851,1.012214,60.724055,60.102816,1.460679,0.02054,0.549696,3,10,8,3,3,10,8,3,3,10,8,3,3,10,8,3,0.05861,0.11535,0.25777,0.2855,1,1,21:06:2023,05:10:58,3,-15.555244,-56.070214,234.0,lev20,Almucantar,1.338924296394803,0.4658375953028349,0.8287064640385037,BCH,Arid,,Unknown
04:08:1993,20:40:48,Cuiaba,216,216.861667,0.5614,0.3084,0.2157,0.1784,0.4927,0.2374,0.1424,0.1034,0.0686,0.071,0.0733,0.075,1.402535,79.26803,78.600004,2.483353,0.010173,0.559077,4,10,7,5,4,10,7,5,4,10,7,5,4,10,7,5,0.07136,0.13559,0.32375,0.34912,1,1,21:06:2023,05:13:52,3,-15.555244,-56.070214,234.0,lev20,Almucantar,Cuiaba,216,216.861667,0.559077,0.307385,0.215387,0.17832,1.39877,79.26803,78.600004,2.483353,0.010173,0.559077,4,10,7,5,4,10,7,5,4,10,7,5,4,10,7,5,0.07136,0.13559,0.32375,0.34912,1,1,21:06:2023,05:13:52,3,-15.555244,-56.070214,234.0,lev20,Almucantar,Cuiaba,216,216.861667,1.4918,1.523,1.5191,1.5082,0.016353,0.015187,0.015521,0.015331,79.26803,78.600004,2.483353,0.010173,0.559077,4,10,7,5,4,10,7,5,4,10,7,5,4,10,7,5,0.07136,0.13559,0.32375,0.34912,1,1,21:06:2023,05:13:52,3,-15.555244,-56.070214,234.0,lev20,Almucantar,Cuiaba,216,216.861667,0.8651,0.8384,0.8106,0.8008,79.26803,78.600004,2.483353,0.010173,0.559077,4,10,7,5,4,10,7,5,4,10,7,5,4,10,7,5,0.07136,0.13559,0.32375,0.34912,1,1,21:06:2023,05:13:52,3,-15.555244,-56.070214,234.0,lev20,Almucantar,Cuiaba,216,216.861667,0.075738,0.049829,0.040863,0.03554,0.912047,79.26803,78.600004,2.483353,0.010173,0.559077,4,10,7,5,4,10,7,5,4,10,7,5,4,10,7,5,0.07136,0.13559,0.32375,0.34912,1,1,21:06:2023,05:13:52,3,-15.555244,-56.070214,234.0,lev20,Almucantar,1.4031379989683679,0.46921721340885647,0.8294453644468633,BCM,Arid,,Unknown
05:08:1993,11:02:30,Cuiaba,217,217.460069,0.3847,0.2062,0.1411,0.1144,0.3608,0.1814,0.1159,0.089,0.0239,0.0248,0.0252,0.0253,1.469623,77.264123,77.931908,2.04076,0.0122,0.383778,4,10,7,5,4,9,7,5,4,10,7,5,4,10,7,5,0.07259,0.13709,0.31725,0.34777,1,1,21:06:2023,05:23:23,3,-15.555244,-56.070214,234.0,lev20,Almucantar,Cuiaba,217,217.460069,0.383778,0.205996,0.141312,0.113823,1.46414,77.264123,77.931908,2.04076,0.0122,0.383778,4,10,7,5,4,9,7,5,4,10,7,5,4,10,7,5,0.07259,0.13709,0.31725,0.34777,1,1,21:06:2023,05:23:23,3,-15.555244,-56.070214,234.0,lev20,Almucantar,Cuiaba,217,217.460069,1.5158,1.5125,1.5098,1.5043,0.01487,0.014675,0.014854,0.014876,77.264123,77.931908,2.04076,0.0122,0.383778,4,10,7,5,4,9,7,5,4,10,7,5,4,10,7,5,0.07259,0.13709,0.31725,0.34777,1,1,21:06:2023,05:23:23,3,-15.555244,-56.070214,234.0,lev20,Almucantar,Cuiaba,217,217.460069,0.9149,0.8969,0.8712,0.8514,77.264123,77.931908,2.04076,0.0122,0.383778,4,10,7,5,4,9,7,5,4,10,7,5,4,10,7,5,0.07259,0.13709,0.31725,0.34777,1,1,21:06:2023,05:23:23,3,-15.555244,-56.070214,234.0,lev20,Almucantar,Cuiaba,217,217.460069,0.0798,0.049829,0.038157,0.032227,1.225119,77.264123,77.931908,2.04076,0.0122,0.383778,4,10,7,5,4,9,7,5,4,10,7,5,4,10,7,5,0.07259,0.13709,0.31725,0.34777,1,1,21:06:2023,05:23:23,3,-15.555244,-56.070214,234.0,lev20,Almucantar,1.4712743945727436,0.31874322568181224,0.9113698287583724,BCL,Urban,,Unknown
05:08:1993,18:52:03,Cuiaba,217,217.786146,0.392,0.2182,0.1603,0.1371,0.3284,0.1487,0.0861,0.0609,0.0636,0.0695,0.0743,0.0762,1.316985,55.879503,55.279022,3.585008,0.707727,0.379565,4,10,8,3,4,10,8,3,4,10,8,3,4,10,8,3,0.05984,0.1165,0.24993,0.27871,1,1,21:06:2023,05:25:14,3,-15.555244,-56.070214,234.0,lev20,Almucantar,Cuiaba,217,217.786146,0.379565,0.209662,0.156288,0.134608,1.309592,55.879503,55.279022,3.585008,0.707727,0.379565,4,10,8,3,4,10,8,3,4,10,8,3,4,10,8,3,0.05984,0.1165,0.24993,0.27871,1,1,21:06:2023,05:25:14,3,-15.555244,-56.070214,234.0,lev20,Almucantar,Cuiaba,217,217.786146,1.5158,1.5125,1.5098,1.5043,0.01487,0.014675,0.014854,0.014876,55.879503,55.279022,3.585008,0.707727,0.379565,4,10,8,3,4,10,8,3,4,10,8,3,4,10,8,3,0.05984,0.1165,0.24993,0.27871,1,1,21:06:2023,05:25:14,3,-15.555244,-56.070214,234.0,lev20,Almucantar,Cuiaba,217,217.786146,0.9149,0.8969,0.8712,0.8514,55.879503,55.279022,3.585008,0.707727,0.379565,4,10,8,3,4,10,8,3,4,10,8,3,4,10,8,3,0.05984,0.1165,0.24993,0.27871,1,1,21:06:2023,05:25:14,3,-15.555244,-56.070214,234.0,lev20,Almucantar,Cuiaba,217,217.786146,0.0798,0.049829,0.038157,0.032227,1.225119,55.879503,55.279022,3.585008,0.707727,0.379565,4,10,8,3,4,10,8,3,4,10,8,3,4,10,8,3,0.05984,0.1165,0.24993,0.27871,1,1,21:06:2023,05:25:14,3,-15.555244,-56.070214,234.0,lev20,Almucantar,1.3117068118239785,0.33148479311004747,0.7648454352718842,BCL,Urban,,Unknown
05:08:1993,19:15:46,Cuiaba,217,217.802616,0.4771,0.2583,0.1819,0.152,0.4355,0.2154,0.1382,0.1078,0.0416,0.0429,0.0437,0.0441,1.416059,60.733265,60.109706,2.284046,0.043773,0.475625,3,10,8,4,3,10,8,3,3,10,8,3,3,10,8,3,0.0617,0.11928,0.25894,0.28742,1,1,21:06:2023,05:04:43,3,-15.555244,-56.070214,234.0,lev20,Almucantar,Cuiaba,217,217.802616,0.475625,0.258116,0.182014,0.151503,1.410592,60.733265,60.109706,2.284046,0.043773,0.475625,3,10,8,4,3,10,8,3,3,10,8,3,3,10,8,3,0.0617,0.11928,0.25894,0.28742,1,1,21:06:2023,05:04:43,3,-15.555244,-56.070214,234.0,lev20,Almucantar,Cuiaba,217,217.802616,1.4027,1.4448,1.4641,1.4719,0.021084,0.018957,0.0188,0.01985,60.733265,60.109706,2.284046,0.043773,0.475625,3,10,8,4,3,10,8,3,3,10,8,3,3,10,8,3,0.0617,0.11928,0.25894,0.28742,1,1,21:06:2023,05:04:43,3,-15.555244,-56.070214,234.0,lev20,Almucantar,Cuiaba,217,217.802616,0.8146,0.7886,0.7655,0.7467,60.733265,60.109706,2.284046,0.043773,0.475625,3,10,8,4,3,10,8,3,3,10,8,3,3,10,8,3,0.0617,0.11928,0.25894,0.28742,1,1,21:06:2023,05:04:43,3,-15.555244,-56.070214,234.0,lev20,Almucantar,Cuiaba,217,217.802616,0.088434,0.054623,0.042673,0.038485,1.074196,60.733265,60.109706,2.284046,0.043773,0.475625,3,10,8,4,3,10,8,3,3,10,8,3,3,10,8,3,0.0617,0.11928,0.25894,0.28742,1,1,21:06:2023,05:04:43,3,-15.555244,-56.070214,234.0,lev20,Almucantar,1.414468066493676,0.3981822801195766,0.8756833349689006,BCH,Urban,,Unknown
06:08:1993,11:02:03,Cuiaba,218,218.459757,0.427,0.2201,0.1521,0.1244,0.3961,0.1879,0.1194,0.0915,0.031,0.0322,0.0327,0.0329,1.517206,77.243587,77.912736,1.546425,0.00821,0.426093,4,10,7,5,4,10,7,5,4,10,7,5,4,10,7,5,0.07257,0.13706,0.31714,0.34766,1,1,21:06:2023,05:24:54,3,-15.555244,-56.070214,234.0,lev20,Almucantar,Cuiaba,218,218.459757,0.426093,0.219782,0.152156,0.124246,1.51375,77.243587,77.912736,1.546425,0.00821,0.426093,4,10,7,5,4,10,7,5,4,10,7,5,4,10,7,5,0.07257,0.13706,0.31714,0.34766,1,1,21:06:2023,05:24:54,3,-15.555244,-56.070214,234.0,lev20,Almucantar,Cuiaba,218,218.459757,1.5625,1.5391,1.5186,1.5023,0.02537,0.025462,0.025488,0.025497,77.243587,77.912736,1.546425,0.00821,0.426093,4,10,7,5,4,10,7,5,4,10,7,5,4,10,7,5,0.07257,0.13706,0.31714,0.34766,1,1,21:06:2023,05:24:54,3,-15.555244,-56.070214,234.0,lev20,Almucantar,Cuiaba,218,218.459757,0.8425,0.7981,0.7696,0.7545,77.243587,77.912736,1.546425,0.00821,0.426093,4,10,7,5,4,10,7,5,4,10,7,5,4,10,7,5,0.07257,0.13706,0.31714,0.34766,1,1,21:06:2023,05:24:54,3,-15.555244,-56.070214,234.0,lev20,Almucantar,Cuiaba,218,218.459757,0.067244,0.044443,0.035043,0.030547,0.956979,77.243587,77.912736,1.546425,0.00821,0.426093,4,10,7,5,4,10,7,5,4,10,7,5,4,10,7,5,0.07257,0.13706,0.31714,0.34766,1,1,21:06:2023,05:24:54,3,-15.555244,-56.070214,234.0,lev20,Almucantar,1.5141819344426795,0.3518556588690759,0.8932487645320019,BCH,Urban,,Unknown
06:08:1993,20:41:26,Cuiaba,218,218.862106,0.5032,0.2721,0.192,0.1603,0.4435,0.2103,0.1282,0.0951,0.0597,0.0618,0.0638,0.0652,1.415305,79.271577,78.600873,3.924017,0.015918,0.500735,4,10,7,5,4,10,7,5,3,10,7,5,4,10,7,5,0.07554,0.1407,0.32497,0.3515,1,1,21:06:2023,05:04:30,3,-15.555244,-56.070214,234.0,lev20,Almucantar,Cuiaba,218,218.862106,0.500735,0.271256,0.191851,0.160013,1.409423,79.271577,78.600873,3.924017,0.015918,0.500735,4,10,7,5,4,10,7,5,3,10,7,5,4,10,7,5,0.07554,0.1407,0.32497,0.3515,1,1,21:06:2023,05:04:30,3,-15.555244,-56.070214,234.0,lev20,Almucantar,Cuiaba,218,218.862106,1.5515,1.5527,1.5312,1.5164,0.020516,0.022869,0.022914,0.022656,79.271577,78.600873,3.924017,0.015918,0.500735,4,10,7,5,4,10,7,5,3,10,7,5,4,10,7,5,0.07554,0.1407,0.32497,0.3515,1,1,21:06:2023,05:04:30,3,-15.555244,-56.070214,234.0,lev20,Almucantar,Cuiaba,218,218.862106,0.8513,0.7959,0.7664,0.7549,79.271577,78.600873,3.924017,0.015918,0.500735,4,10,7,5,4,10,7,5,3,10,7,5,4,10,7,5,0.07554,0.1407,0.32497,0.3515,1,1,21:06:2023,05:04:30,3,-15.555244,-56.070214,234.0,lev20,Almucantar,Cuiaba,218,218.862106,0.07482,0.055531,0.04485,0.039297,0.74532,79.271577,78.600873,3.924017,0.015918,0.500735,4,10,7,5,4,10,7,5,3,10,7,5,4,10,7,5,0.07554,0.1407,0.32497,0.3515,1,1,21:06:2023,05:04:30,3,-15.555244,-56.070214,234.0,lev20,Almucantar,1.4133287492286675,0.42002621513618926,0.8316396148434094,BCM,Unclassified,,Unknown
07:08:1993,19:16:54,Cuiaba,219,219.803403,0.9977,0.4651,0.2931,0.2269,0.967,0.4333,0.2607,0.1944,0.0307,0.0318,0.0323,0.0325,1.795182,60.748795,60.120589,2.403239,0.013204,0.995865,3,10,8,4,3,10,8,4,3,10,8,4,3,10,8,4,0.0617,0.11929,0.25896,0.28744,1,1,21:06:2023,05:22:43,3,-15.555244,-56.070214,234.0,lev20,Almucantar,Cuiaba,219,219.803403,0.995865,0.46482,0.293217,0.227236,1.791934,60.748795,60.120589,2.403239,0.013204,0.995865,3,10,8,4,3,10,8,4,3,10,8,4,3,10,8,4,0.0617,0.11929,0.25896,0.28744,1,1,21:06:2023,05:22:43,3,-15.555244,-56.070214,234.0,lev20,Almucantar,Cuiaba,219,219.803403,1.6,1.5869,1.5662,1.55,0.041896,0.041767,0.041461,0.042053,60.748795,60.120589,2.403239,0.013204,0.995865,3,10,8,4,3,10,8,4,3,10,8,4,3,10,8,4,0.0617,0.11929,0.25896,0.28744,1,1,21:06:2023,05:22:43,3,-15.555244,-56.070214,234.0,lev20,Almucantar,Cuiaba,219,219.803403,0.7994,0.7439,0.7011,0.6694,60.748795,60.120589,2.403239,0.013204,0.995865,3,10,8,4,3,10,8,4,3,10,8,4,3,10,8,4,0.0617,0.11929,0.25896,0.28744,1,1,21:06:2023,05:22:43,3,-15.555244,-56.070214,234.0,lev20,Almucantar,Cuiaba,219,219.803403,0.20009,0.11909,0.087599,0.074999,1.211483,60.748795,60.120589,2.403239,0.013204,0.995865,3,10,8,4,3,10,8,4,3,10,8,4,3,10,8,4,0.0617,0.11929,0.25896,0.28744,1,1,21:06:2023,05:22:43,3,-15.555244,-56.070214,234.0,lev20,Almucantar,1.7968396187414524,0.792947141776115,0.9525826857630979,BCH,Biomass,,Unknown
08:08:1993,12:25:41,Cuiaba,220,220.517836,1.4435,0.663,0.369,0.2582,1.4244,0.6431,0.3488,0.2379,0.0192,0.0199,0.0202,0.0203,1.982794,58.827334,59.452571,1.446039,0.017845,1.441421,4,10,7,4,4,10,7,4,3,11,7,4,3,10,8,4,0.06071,0.11811,0.2563,0.28611,1,1,21:06:2023,05:18:45,3,-15.555244,-56.070214,234.0,lev20,Almucantar,Cuiaba,220,220.517836,1.441421,0.662763,0.369178,0.258398,1.980002,58.827334,59.452571,1.446039,0.017845,1.441421,4,10,7,4,4,10,7,4,3,11,7,4,3,10,8,4,0.06071,0.11811,0.2563,0.28611,1,1,21:06:2023,05:18:45,3,-15.555244,-56.070214,234.0,lev20,Almucantar,Cuiaba,220,220.517836,1.508,1.5179,1.513,1.5065,0.014061,0.013153,0.013781,0.014072,58.827334,59.452571,1.446039,0.017845,1.441421,4,10,7,4,4,10,7,4,3,11,7,4,3,10,8,4,0.06071,0.11811,0.2563,0.28611,1,1,21:06:2023,05:18:45,3,-15.555244,-56.070214,234.0,lev20,Almucantar,Cuiaba,220,220.517836,0.9257,0.9106,0.8809,0.858,58.827334,59.452571,1.446039,0.017845,1.441421,4,10,7,4,4,10,7,4,3,11,7,4,3,10,8,4,0.06071,0.11811,0.2563,0.28611,1,1,21:06:2023,05:18:45,3,-15.555244,-56.070214,234.0,lev20,Almucantar,Cuiaba,220,220.517836,0.1072,0.059264,0.043967,0.036674,1.314613,58.827334,59.452571,1.446039,0.017845,1.441421,4,10,7,4,4,10,7,4,3,11,7,4,3,10,8,4,0.06071,0.11811,0.2563,0.28611,1,1,21:06:2023,05:18:45,3,-15.555244,-56.070214,234.0,lev20,Almucantar,2.0008689592596958,1.1177222342916961,0.9805196569927414,BCL,Biomass,,Unknown
11:08:1993,10:59:21,Cuiaba,223,223.457882,0.9284,0.4689,0.2807,0.2067,0.907,0.4466,0.258,0.1839,0.0215,0.0224,0.0227,0.0228,1.73897,77.194836,77.870893,1.05681,0.003629,0.92626,4,9,6,5,4,9,6,5,4,9,6,5,4,9,6,5,0.07252,0.13699,0.3169,0.34744,1,1,21:06:2023,05:09:19,3,-15.555244,-56.070214,234.0,lev20,Almucantar,Cuiaba,223,223.457882,0.92626,0.468409,0.2808,0.206543,1.735158,77.194836,77.870893,1.05681,0.003629,0.92626,4,9,6,5,4,9,6,5,4,9,6,5,4,9,6,5,0.07252,0.13699,0.3169,0.34744,1,1,21:06:2023,05:09:19,3,-15.555244,-56.070214,234.0,lev20,Almucantar,Cuiaba,223,223.457882,1.5776,1.5521,1.535,1.5243,0.014447,0.016456,0.019252,0.020246,77.194836,77.870893,1.05681,0.003629,0.92626,4,9,6,5,4,9,6,5,4,9,6,5,4,9,6,5,0.07252,0.13699,0.3169,0.34744,1,1,21:06:2023,05:09:19,3,-15.555244,-56.070214,234.0,lev20,Almucantar,Cuiaba,223,223.457882,0.9248,0.8983,0.8616,0.8379,77.194836,77.870893,1.05681,0.003629,0.92626,4,9,6,5,4,9,6,5,4,9,6,5,4,9,6,5,0.07252,0.13699,0.3169,0.34744,1,1,21:06:2023,05:09:19,3,-15.555244,-56.070214,234.0,lev20,Almucantar,Cuiaba,223,223.457882,0.069824,0.047702,0.038841,0.033519,0.863056,77.194836,77.870893,1.05681,0.003629,0.92626,4,9,6,5,4,9,6,5,4,9,6,5,4,9,6,5,0.07252,0.13699,0.3169,0.34744,1,1,21:06:2023,05:09:19,3,-15.555244,-56.070214,234.0,lev20,Almucantar,1.7546483157121762,0.7418596426229217,0.9671288919953626,BCL,Biomass,,Unknown
11:08:1993,12:23:16,Cuiaba,223,223.516157,0.9194,0.4639,0.2803,0.2091,0.8962,0.4399,0.2559,0.1846,0.0232,0.024,0.0244,0.0245,1.728176,58.808324,59.440758,1.422564,0.0135,0.918333,4,10,7,4,4,10,7,4,3,11,7,4,3,10,8,4,0.0607,0.1181,0.25627,0.28609,1,1,21:06:2023,05:11:49,3,-15.555244,-56.070214,234.0,lev20,Almucantar,Cuiaba,223,223.516157,0.918333,0.463347,0.280318,0.209201,1.726558,58.808324,59.440758,1.422564,0.0135,0.918333,4,10,7,4,4,10,7,4,3,11,7,4,3,10,8,4,0.0607,0.1181,0.25627,0.28609,1,1,21:06:2023,05:11:49,3,-15.555244,-56.070214,234.0,lev20,Almucantar,Cuiaba,223,223.516157,1.5073,1.5193,1.5172,1.516,0.015426,0.015007,0.016462,0.017253,58.808324,59.440758,1.422564,0.0135,0.918333,4,10,7,4,4,10,7,4,3,11,7,4,3,10,8,4,0.0607,0.1181,0.25627,0.28609,1,1,21:06:2023,05:11:49,3,-15.555244,-56.070214,234.0,lev20,Almucantar,Cuiaba,223,223.516157,0.9132,0.8965,0.8639,0.8433,58.808324,59.440758,1.422564,0.0135,0.918333,4,10,7,4,4,10,7,4,3,11,7,4,3,10,8,4,0.0607,0.1181,0.25627,0.28609,1,1,21:06:2023,05:11:49,3,-15.555244,-56.070214,234.0,lev20,Almucantar,Cuiaba,223,223.516157,0.0798,0.048028,0.038157,0.032765,1.092145,58.808324,59.440758,1.422564,0.0135,0.918333,4,10,7,4,4,10,7,4,3,11,7,4,3,10,8,4,0.0607,0.1181,0.25627,0.28609,1,1,21:06:2023,05:11:49,3,-15.555244,-56.070214,234.0,lev20,Almucantar,1.7424506622566203,0.735814420243422,0.9639079478694834,BCL,Biomass,,Unknown
11:08:1993,12:51:20,Cuiaba,223,223.535648,0.938,0.4746,0.2883,0.2118,0.91,0.4458,0.2583,0.1807,0.028,0.0288,0.03,0.0311,1.716802,53.025018,53.630397,0.855067,0.017349,0.936136,3,10,8,3,3,10,8,3,4,10,8,3,4,10,8,3,0.0588,0.11517,0.24635,0.27618,1,1,21:06:2023,05:14:21,3,-15.555244,-56.070214,234.0,lev20,Almucantar,Cuiaba,223,223.535648,0.936136,0.474099,0.288667,0.211574,1.712272,53.025018,53.630397,0.855067,0.017349,0.936136,3,10,8,3,3,10,8,3,4,10,8,3,4,10,8,3,0.0588,0.11517,0.24635,0.27618,1,1,21:06:2023,05:14:21,3,-15.555244,-56.070214,234.0,lev20,Almucantar,Cuiaba,223,223.535648,1.5003,1.5152,1.5161,1.5112,0.015159,0.015501,0.017178,0.017139,53.025018,53.630397,0.855067,0.017349,0.936136,3,10,8,3,3,10,8,3,4,10,8,3,4,10,8,3,0.0588,0.11517,0.24635,0.27618,1,1,21:06:2023,05:14:21,3,-15.555244,-56.070214,234.0,lev20,Almucantar,Cuiaba,223,223.535648,0.9142,0.8923,0.8598,0.8419,53.025018,53.630397,0.855067,0.017349,0.936136,3,10,8,3,3,10,8,3,4,10,8,3,4,10,8,3,0.0588,0.11517,0.24635,0.27618,1,1,21:06:2023,05:14:21,3,-15.555244,-56.070214,234.0,lev20,Almucantar,Cuiaba,223,223.535648,0.080518,0.05111,0.040428,0.033494,1.015393,53.025018,53.630397,0.855067,0.017349,0.936136,3,10,8,3,3,10,8,3,4,10,8,3,4,10,8,3,0.0588,0.11517,0.24635,0.27618,1,1,21:06:2023,05:14:21,3,-15.555244,-56.070214,234.0,lev20,Almucantar,1.7305506169723053,0.7518432281940955,0.958795416345264,BCL,Biomass,,Unknown
11:08:1993,18:51:20,Cuiaba,223,223.785648,0.9752,0.4964,0.3008,0.2247,0.9445,0.4648,0.2679,0.1906,0.0307,0.0316,0.033,0.0341,1.710738,54.980227,54.367583,1.380851,0.018439,0.973791,4,10,8,3,4,10,8,3,4,10,8,3,4,10,8,3,0.05955,0.11605,0.24845,0.27729,1,1,21:06:2023,05:16:48,3,-15.555244,-56.070214,234.0,lev20,Almucantar,Cuiaba,223,223.785648,0.973791,0.495942,0.300691,0.224663,1.709184,54.980227,54.367583,1.380851,0.018439,0.973791,4,10,8,3,4,10,8,3,4,10,8,3,4,10,8,3,0.05955,0.11605,0.24845,0.27729,1,1,21:06:2023,05:16:48,3,-15.555244,-56.070214,234.0,lev20,Almucantar,Cuiaba,223,223.785648,1.4794,1.5051,1.5072,1.5067,0.016503,0.017583,0.019519,0.020644,54.980227,54.367583,1.380851,0.018439,0.973791,4,10,8,3,4,10,8,3,4,10,8,3,4,10,8,3,0.05955,0.11605,0.24845,0.27729,1,1,21:06:2023,05:16:48,3,-15.555244,-56.070214,234.0,lev20,Almucantar,Cuiaba,223,223.785648,0.9039,0.8769,0.8389,0.8119,54.980227,54.367583,1.380851,0.018439,0.973791,4,10,8,3,4,10,8,3,4,10,8,3,4,10,8,3,0.05955,0.11605,0.24845,0.27729,1,1,21:06:2023,05:16:48,3,-15.555244,-56.070214,234.0,lev20,Almucantar,Cuiaba,223,223.785648,0.093736,0.061086,0.048479,0.04226,0.970228,54.980227,54.367583,1.380851,0.018439,0.973791,4,10,8,3,4,10,8,3,4,10,8,3,4,10,8,3,0.05955,0.11605,0.24845,0.27729,1,1,21:06:2023,05:16:48,3,-15.555244,-56.070214,234.0,lev20,Almucantar,1.7253411964416812,0.7821811755663525,0.9562727074902637,BCL,Biomass,,Unknown
11:08:1993,20:43:01,Cuiaba,223,223.863206,0.9964,0.5013,0.297,0.2165,0.9686,0.4726,0.2678,0.1871,0.0277,0.0288,0.0292,0.0294,1.75871,79.303737,78.626305,1.793248,0.004502,0.993631,4,10,7,5,4,10,7,5,4,10,7,5,4,10,7,5,0.07557,0.14075,0.32509,0.35164,1,1,21:06:2023,05:19:16,3,-15.555244,-56.070214,234.0,lev20,Almucantar,Cuiaba,223,223.863206,0.993631,0.50078,0.29701,0.216292,1.754585,79.303737,78.626305,1.793248,0.004502,0.993631,4,10,7,5,4,10,7,5,4,10,7,5,4,10,7,5,0.07557,0.14075,0.32509,0.35164,1,1,21:06:2023,05:19:16,3,-15.555244,-56.070214,234.0,lev20,Almucantar,Cuiaba,223,223.863206,1.5291,1.5356,1.5225,1.5108,0.01583,0.016875,0.018739,0.019343,79.303737,78.626305,1.793248,0.004502,0.993631,4,10,7,5,4,10,7,5,4,10,7,5,4,10,7,5,0.07557,0.14075,0.32509,0.35164,1,1,21:06:2023,05:19:16,3,-15.555244,-56.070214,234.0,lev20,Almucantar,Cuiaba,223,223.863206,0.9118,0.8869,0.8493,0.8233,79.303737,78.626305,1.793248,0.004502,0.993631,4,10,7,5,4,10,7,5,4,10,7,5,4,10,7,5,0.07557,0.14075,0.32509,0.35164,1,1,21:06:2023,05:19:16,3,-15.555244,-56.070214,234.0,lev20,Almucantar,Cuiaba,223,223.863206,0.087838,0.056698,0.044765,0.038269,0.991882,79.303737,78.626305,1.793248,0.004502,0.993631,4,10,7,5,4,10,7,5,4,10,7,5,4,10,7,5,0.07557,0.14075,0.32509,0.35164,1,1,21:06:2023,05:19:16,3,-15.555244,-56.070214,234.0,lev20,Almucantar,1.7755373687035856,0.7940733642709892,0.9607165198572551,BCL,Biomass,,Unknown
12:08:1993,12:51:15,Cuiaba,224,224.53559,1.1608,0.5901,0.3516,0.2579,1.1209,0.5482,0.3072,0.2119,0.04,0.0419,0.0444,0.046,1.735109,52.843315,53.450757,2.732389,0.026307,1.158203,3,10,8,3,3,10,8,3,4,10,8,3,4,10,7,3,0.05874,0.1151,0.24609,0.27591,1,1,21:06:2023,05:18:55,3,-15.555244,-56.070214,234.0,lev20,Almucantar,Cuiaba,224,224.53559,1.158203,0.589566,0.351364,0.258309,1.73273,52.843315,53.450757,2.732389,0.026307,1.158203,3,10,8,3,3,10,8,3,4,10,8,3,4,10,7,3,0.05874,0.1151,0.24609,0.27591,1,1,21:06:2023,05:18:55,3,-15.555244,-56.070214,234.0,lev20,Almucantar,Cuiaba,224,224.53559,1.5092,1.548,1.5623,1.5687,0.01559,0.012999,0.012887,0.013014,52.843315,53.450757,2.732389,0.026307,1.158203,3,10,8,3,3,10,8,3,4,10,8,3,4,10,7,3,0.05874,0.1151,0.24609,0.27591,1,1,21:06:2023,05:18:55,3,-15.555244,-56.070214,234.0,lev20,Almucantar,Cuiaba,224,224.53559,0.9141,0.9122,0.8937,0.879,52.843315,53.450757,2.732389,0.026307,1.158203,3,10,8,3,3,10,8,3,4,10,8,3,4,10,7,3,0.05874,0.1151,0.24609,0.27591,1,1,21:06:2023,05:18:55,3,-15.555244,-56.070214,234.0,lev20,Almucantar,Cuiaba,224,224.53559,0.099675,0.051786,0.037387,0.0312,1.446992,52.843315,53.450757,2.732389,0.026307,1.158203,3,10,8,3,3,10,8,3,4,10,8,3,4,10,7,3,0.05874,0.1151,0.24609,0.27591,1,1,21:06:2023,05:18:55,3,-15.555244,-56.070214,234.0,lev20,Almucantar,1.751999634014499,0.9278783923469945,0.9523023089708145,BCL,Biomass,,Unknown
14:08:1993,19:20:39,Cuiaba,226,226.806007,1.5967,0.7689,0.4592,0.3406,1.5359,0.7059,0.3947,0.2749,0.0609,0.063,0.0646,0.0657,1.81602,60.807402,60.162923,1.33292,0.01439,1.593036,3,10,8,4,3,10,8,4,3,10,8,4,3,10,8,4,0.06321,0.12336,0.25994,0.28843,1,1,21:06:2023,05:05:36,3,-15.555244,-56.070214,234.0,lev20,Almucantar,Cuiaba,226,226.806007,1.593036,0.767923,0.45899,0.34033,1.813352,60.807402,60.162923,1.33292,0.01439,1.593036,3,10,8,4,3,10,8,4,3,10,8,4,3,10,8,4,0.06321,0.12336,0.25994,0.28843,1,1,21:06:2023,05:05:36,3,-15.555244,-56.070214,234.0,lev20,Almucantar,Cuiaba,226,226.806007,1.5944,1.5841,1.5738,1.5647,0.027876,0.024211,0.023471,0.02335,60.807402,60.162923,1.33292,0.01439,1.593036,3,10,8,4,3,10,8,4,3,10,8,4,3,10,8,4,0.06321,0.12336,0.25994,0.28843,1,1,21:06:2023,05:05:36,3,-15.555244,-56.070214,234.0,lev20,Almucantar,Cuiaba,226,226.806007,0.8684,0.8505,0.8203,0.7972,60.807402,60.162923,1.33292,0.01439,1.593036,3,10,8,4,3,10,8,4,3,10,8,4,3,10,8,4,0.06321,0.12336,0.25994,0.28843,1,1,21:06:2023,05:05:36,3,-15.555244,-56.070214,234.0,lev20,Almucantar,Cuiaba,226,226.806007,0.21008,0.11497,0.082543,0.06905,1.373748,60.807402,60.162923,1.33292,0.01439,1.593036,3,10,8,4,3,10,8,4,3,10,8,4,3,10,8,4,0.06321,0.12336,0.25994,0.28843,1,1,21:06:2023,05:05:36,3,-15.555244,-56.070214,234.0,lev20,Almucantar,1.8280396692225707,1.2639661625008785,0.9446763159375254,BCM,Biomass,,Unknown
15:08:1993,12:50:48,Cuiaba,227,227.535278,1.5694,0.8035,0.4864,0.3593,1.5157,0.7481,0.429,0.3005,0.0537,0.0555,0.0574,0.0588,1.703098,52.319473,52.933378,0.859304,0.014571,1.566585,3,10,8,3,3,10,8,3,3,10,8,3,3,10,8,3,0.06038,0.1187,0.24636,0.27623,1,1,21:06:2023,05:19:56,3,-15.555244,-56.070214,234.0,lev20,Almucantar,Cuiaba,227,227.535278,1.566585,0.802499,0.486155,0.358688,1.701265,52.319473,52.933378,0.859304,0.014571,1.566585,3,10,8,3,3,10,8,3,3,10,8,3,3,10,8,3,0.06038,0.1187,0.24636,0.27623,1,1,21:06:2023,05:19:56,3,-15.555244,-56.070214,234.0,lev20,Almucantar,Cuiaba,227,227.535278,1.4939,1.5037,1.5042,1.5032,0.017372,0.016006,0.016051,0.015696,52.319473,52.933378,0.859304,0.014571,1.566585,3,10,8,3,3,10,8,3,3,10,8,3,3,10,8,3,0.06038,0.1187,0.24636,0.27623,1,1,21:06:2023,05:19:56,3,-15.555244,-56.070214,234.0,lev20,Almucantar,Cuiaba,227,227.535278,0.9037,0.8877,0.8622,0.8466,52.319473,52.933378,0.859304,0.014571,1.566585,3,10,8,3,3,10,8,3,3,10,8,3,3,10,8,3,0.06038,0.1187,0.24636,0.27623,1,1,21:06:2023,05:19:56,3,-15.555244,-56.070214,234.0,lev20,Almucantar,Cuiaba,227,227.535278,0.15113,0.090234,0.067012,0.055118,1.193908,52.319473,52.933378,0.859304,0.014571,1.566585,3,10,8,3,3,10,8,3,3,10,8,3,3,10,8,3,0.06038,0.1187,0.24636,0.27623,1,1,21:06:2023,05:19:56,3,-15.555244,-56.070214,234.0,lev20,Almucantar,1.7183300075756351,1.259901398164456,0.9526015175083278,BCL,Biomass,,Unknown
17:08:1993,12:50:28,Cuiaba,229,229.535046,2.1534,1.1537,0.6869,0.4916,2.1154,1.1144,0.647,0.4514,0.0381,0.0393,0.04,0.0403,1.654682,51.96229,52.580574,1.201656,0.006099,2.149088,3,10,8,3,3,10,8,3,3,10,8,3,3,10,8,3,0.06029,0.11855,0.24586,0.27573,1,1,21:06:2023,05:11:58,3,-15.555244,-56.070214,234.0,lev20,Almucantar,Cuiaba,229,229.535046,2.149088,1.152593,0.68657,0.491911,1.652428,51.96229,52.580574,1.201656,0.006099,2.149088,3,10,8,3,3,10,8,3,3,10,8,3,3,10,8,3,0.06029,0.11855,0.24586,0.27573,1,1,21:06:2023,05:11:58,3,-15.555244,-56.070214,234.0,lev20,Almucantar,Cuiaba,229,229.535046,1.4623,1.4825,1.4823,1.4782,0.013592,0.013899,0.015046,0.015312,51.96229,52.580574,1.201656,0.006099,2.149088,3,10,8,3,3,10,8,3,3,10,8,3,3,10,8,3,0.06029,0.11855,0.24586,0.27573,1,1,21:06:2023,05:11:58,3,-15.555244,-56.070214,234.0,lev20,Almucantar,Cuiaba,229,229.535046,0.9248,0.9099,0.8805,0.8596,51.96229,52.580574,1.201656,0.006099,2.149088,3,10,8,3,3,10,8,3,3,10,8,3,3,10,8,3,0.06029,0.11855,0.24586,0.27573,1,1,21:06:2023,05:11:58,3,-15.555244,-56.070214,234.0,lev20,Almucantar,Cuiaba,229,229.535046,0.16198,0.10394,0.082113,0.069005,1.00025,51.96229,52.580574,1.201656,0.006099,2.149088,3,10,8,3,3,10,8,3,3,10,8,3,3,10,8,3,0.06029,0.11855,0.24586,0.27573,1,1,21:06:2023,05:11:58,3,-15.555244,-56.070214,234.0,lev20,Almucantar,1.6760797480850547,1.7380939178686752,0.9763015055788956,BCL,Biomass,,Unknown
17:08:1993,18:50:28,Cuiaba,229,229.785046,2.1042,1.1579,0.709,0.5176,2.0443,1.0958,0.6446,0.4516,0.0599,0.0621,0.0644,0.066,1.57607,54.072724,53.447102,2.38483,0.017399,2.099258,4,10,8,3,4,10,8,3,4,10,8,3,2,10,8,3,0.06099,0.11951,0.24807,0.27696,1,1,21:06:2023,05:15:54,3,-15.555244,-56.070214,234.0,lev20,Almucantar,Cuiaba,229,229.785046,2.099258,1.156692,0.708478,0.516871,1.573636,54.072724,53.447102,2.38483,0.017399,2.099258,4,10,8,3,4,10,8,3,4,10,8,3,2,10,8,3,0.06099,0.11951,0.24807,0.27696,1,1,21:06:2023,05:15:54,3,-15.555244,-56.070214,234.0,lev20,Almucantar,Cuiaba,229,229.785046,1.4167,1.4486,1.457,1.4578,0.011445,0.011052,0.01193,0.012223,54.072724,53.447102,2.38483,0.017399,2.099258,4,10,8,3,4,10,8,3,4,10,8,3,2,10,8,3,0.06099,0.11951,0.24807,0.27696,1,1,21:06:2023,05:15:54,3,-15.555244,-56.070214,234.0,lev20,Almucantar,Cuiaba,229,229.785046,0.9289,0.9185,0.895,0.8777,54.072724,53.447102,2.38483,0.017399,2.099258,4,10,8,3,4,10,8,3,4,10,8,3,2,10,8,3,0.06099,0.11951,0.24807,0.27696,1,1,21:06:2023,05:15:54,3,-15.555244,-56.070214,234.0,lev20,Almucantar,Cuiaba,229,229.785046,0.14965,0.094394,0.074452,0.063283,1.028991,54.072724,53.447102,2.38483,0.017399,2.099258,4,10,8,3,4,10,8,3,4,10,8,3,2,10,8,3,0.06099,0.11951,0.24807,0.27696,1,1,21:06:2023,05:15:54,3,-15.555244,-56.070214,234.0,lev20,Almucantar,1.5957248104586994,1.7159184298253698,0.9624131946984503,BCL,Biomass,,Unknown
20:08:1993,10:53:44,Cuiaba,232,232.453981,1.075,0.5626,0.3406,0.2496,1.0524,0.5392,0.3169,0.2257,0.0226,0.0234,0.0238,0.024,1.668924,77.105108,77.793287,1.896412,0.008473,1.072005,4,10,7,5,4,10,7,5,4,10,7,5,4,9,7,5,0.07291,0.14144,0.31653,0.34713,1,1,21:06:2023,05:16:22,3,-15.555244,-56.070214,234.0,lev20,Almucantar,Cuiaba,232,232.453981,1.072005,0.561895,0.340593,0.249583,1.664909,77.105108,77.793287,1.896412,0.008473,1.072005,4,10,7,5,4,10,7,5,4,10,7,5,4,9,7,5,0.07291,0.14144,0.31653,0.34713,1,1,21:06:2023,05:16:22,3,-15.555244,-56.070214,234.0,lev20,Almucantar,Cuiaba,232,232.453981,1.5252,1.5167,1.5061,1.4983,0.012941,0.014171,0.015574,0.015767,77.105108,77.793287,1.896412,0.008473,1.072005,4,10,7,5,4,10,7,5,4,10,7,5,4,9,7,5,0.07291,0.14144,0.31653,0.34713,1,1,21:06:2023,05:16:22,3,-15.555244,-56.070214,234.0,lev20,Almucantar,Cuiaba,232,232.453981,0.9296,0.9098,0.8801,0.8626,77.105108,77.793287,1.896412,0.008473,1.072005,4,10,7,5,4,10,7,5,4,10,7,5,4,9,7,5,0.07291,0.14144,0.31653,0.34713,1,1,21:06:2023,05:16:22,3,-15.555244,-56.070214,234.0,lev20,Almucantar,Cuiaba,232,232.453981,0.075729,0.050751,0.040838,0.034293,0.908529,77.105108,77.793287,1.896412,0.008473,1.072005,4,10,7,5,4,10,7,5,4,10,7,5,4,9,7,5,0.07291,0.14144,0.31653,0.34713,1,1,21:06:2023,05:16:22,3,-15.555244,-56.070214,234.0,lev20,Almucantar,1.6859850481797207,0.8665768432251475,0.9709509440968287,BCL,Biomass,,Unknown
20:08:1993,12:15:45,Cuiaba,232,232.510938,1.1238,0.5922,0.3635,0.2705,1.0955,0.5628,0.3337,0.2404,0.0283,0.0294,0.0298,0.03,1.63998,58.693648,59.347148,0.934634,0.012196,1.121675,4,10,7,4,4,10,7,4,3,11,7,4,3,11,7,4,0.06224,0.12201,0.25697,0.28683,1,1,21:06:2023,05:18:42,3,-15.555244,-56.070214,234.0,lev20,Almucantar,Cuiaba,232,232.510938,1.121675,0.591454,0.363346,0.270105,1.637893,58.693648,59.347148,0.934634,0.012196,1.121675,4,10,7,4,4,10,7,4,3,11,7,4,3,11,7,4,0.06224,0.12201,0.25697,0.28683,1,1,21:06:2023,05:18:42,3,-15.555244,-56.070214,234.0,lev20,Almucantar,Cuiaba,232,232.510938,1.5308,1.5249,1.5178,1.5123,0.016464,0.016171,0.018036,0.018753,58.693648,59.347148,0.934634,0.012196,1.121675,4,10,7,4,4,10,7,4,3,11,7,4,3,11,7,4,0.06224,0.12201,0.25697,0.28683,1,1,21:06:2023,05:18:42,3,-15.555244,-56.070214,234.0,lev20,Almucantar,Cuiaba,232,232.510938,0.9117,0.8969,0.8671,0.8471,58.693648,59.347148,0.934634,0.012196,1.121675,4,10,7,4,4,10,7,4,3,11,7,4,3,11,7,4,0.06224,0.12201,0.25697,0.28683,1,1,21:06:2023,05:18:42,3,-15.555244,-56.070214,234.0,lev20,Almucantar,Cuiaba,232,232.510938,0.099226,0.061067,0.048315,0.041339,1.063051,58.693648,59.347148,0.934634,0.012196,1.121675,4,10,7,4,4,10,7,4,3,11,7,4,3,11,7,4,0.06224,0.12201,0.25697,0.28683,1,1,21:06:2023,05:18:42,3,-15.555244,-56.070214,234.0,lev20,Almucantar,1.6556567072419683,0.9094344290238241,0.9650454031915413,BCL,Biomass,,Unknown
20:08:1993,12:49:56,Cuiaba,232,232.534676,1.1558,0.6108,0.3789,0.2861,1.1188,0.5727,0.3392,0.2451,0.037,0.0382,0.0398,0.041,1.621564,51.413547,52.038466,0.98754,0.00532,1.153548,3,10,8,3,3,10,8,3,3,10,8,3,3,10,8,3,0.06016,0.11832,0.24511,0.27499,1,1,21:06:2023,05:21:33,3,-15.555244,-56.070214,234.0,lev20,Almucantar,Cuiaba,232,232.534676,1.153548,0.610162,0.378919,0.285709,1.618709,51.413547,52.038466,0.98754,0.00532,1.153548,3,10,8,3,3,10,8,3,3,10,8,3,3,10,8,3,0.06016,0.11832,0.24511,0.27499,1,1,21:06:2023,05:21:33,3,-15.555244,-56.070214,234.0,lev20,Almucantar,Cuiaba,232,232.534676,1.493,1.5047,1.5046,1.5043,0.015574,0.016789,0.019447,0.021158,51.413547,52.038466,0.98754,0.00532,1.153548,3,10,8,3,3,10,8,3,3,10,8,3,3,10,8,3,0.06016,0.11832,0.24511,0.27499,1,1,21:06:2023,05:21:33,3,-15.555244,-56.070214,234.0,lev20,Almucantar,Cuiaba,232,232.534676,0.9114,0.8884,0.8523,0.825,51.413547,52.038466,0.98754,0.00532,1.153548,3,10,8,3,3,10,8,3,3,10,8,3,3,10,8,3,0.06016,0.11832,0.24511,0.27499,1,1,21:06:2023,05:21:33,3,-15.555244,-56.070214,234.0,lev20,Almucantar,Cuiaba,232,232.534676,0.10242,0.068151,0.055987,0.050081,0.892143,51.413547,52.038466,0.98754,0.00532,1.153548,3,10,8,3,3,10,8,3,3,10,8,3,3,10,8,3,0.06016,0.11832,0.24511,0.27499,1,1,21:06:2023,05:21:33,3,-15.555244,-56.070214,234.0,lev20,Almucantar,1.6359769183763477,0.9376864130783311,0.9561867371899705,BCL,Biomass,,Unknown
20:08:1993,19:23:39,Cuiaba,232,232.80809,0.9657,0.513,0.3198,0.2413,0.9326,0.4789,0.2843,0.2048,0.0331,0.0341,0.0354,0.0365,1.606984,60.884813,60.22668,1.123973,0.004821,0.964159,3,10,8,4,3,10,8,4,3,10,8,4,3,10,8,4,0.06324,0.12341,0.26008,0.28856,1,1,21:06:2023,05:24:27,3,-15.555244,-56.070214,234.0,lev20,Almucantar,Cuiaba,232,232.80809,0.964159,0.512612,0.319797,0.241008,1.604692,60.884813,60.22668,1.123973,0.004821,0.964159,3,10,8,4,3,10,8,4,3,10,8,4,3,10,8,4,0.06324,0.12341,0.26008,0.28856,1,1,21:06:2023,05:24:27,3,-15.555244,-56.070214,234.0,lev20,Almucantar,Cuiaba,232,232.80809,1.4807,1.5043,1.5102,1.5105,0.015274,0.016062,0.017878,0.019865,60.884813,60.22668,1.123973,0.004821,0.964159,3,10,8,4,3,10,8,4,3,10,8,4,3,10,8,4,0.06324,0.12341,0.26008,0.28856,1,1,21:06:2023,05:24:27,3,-15.555244,-56.070214,234.0,lev20,Almucantar,Cuiaba,232,232.80809,0.9108,0.8884,0.8575,0.8291,60.884813,60.22668,1.123973,0.004821,0.964159,3,10,8,4,3,10,8,4,3,10,8,4,3,10,8,4,0.06324,0.12341,0.26008,0.28856,1,1,21:06:2023,05:24:27,3,-15.555244,-56.070214,234.0,lev20,Almucantar,Cuiaba,232,232.80809,0.086139,0.057267,0.04558,0.041227,0.935436,60.884813,60.22668,1.123973,0.004821,0.964159,3,10,8,4,3,10,8,4,3,10,8,4,3,10,8,4,0.06324,0.12341,0.26008,0.28856,1,1,21:06:2023,05:24:27,3,-15.555244,-56.070214,234.0,lev20,Almucantar,1.6211346051449302,0.7849485111392757,0.9531528348178533,BCL,Biomass,,Unknown
20:08:1993,20:45:38,Cuiaba,232,232.865023,1.0431,0.5383,0.3293,0.2434,1.013,0.5072,0.2976,0.2116,0.0301,0.0312,0.0317,0.0318,1.676885,79.400288,78.711141,2.131562,0.0028,1.039752,4,10,7,5,4,10,7,5,4,10,7,5,4,10,7,5,0.07589,0.14567,0.32555,0.35217,1,1,21:06:2023,05:04:20,3,-15.555244,-56.070214,234.0,lev20,Almucantar,Cuiaba,232,232.865023,1.039752,0.537522,0.329224,0.243184,1.672533,79.400288,78.711141,2.131562,0.0028,1.039752,4,10,7,5,4,10,7,5,4,10,7,5,4,10,7,5,0.07589,0.14567,0.32555,0.35217,1,1,21:06:2023,05:04:20,3,-15.555244,-56.070214,234.0,lev20,Almucantar,Cuiaba,232,232.865023,1.5415,1.532,1.5233,1.5149,0.018577,0.019701,0.019273,0.018923,79.400288,78.711141,2.131562,0.0028,1.039752,4,10,7,5,4,10,7,5,4,10,7,5,4,10,7,5,0.07589,0.14567,0.32555,0.35217,1,1,21:06:2023,05:04:20,3,-15.555244,-56.070214,234.0,lev20,Almucantar,Cuiaba,232,232.865023,0.9026,0.8771,0.8537,0.8365,79.400288,78.711141,2.131562,0.0028,1.039752,4,10,7,5,4,10,7,5,4,10,7,5,4,10,7,5,0.07589,0.14567,0.32555,0.35217,1,1,21:06:2023,05:04:20,3,-15.555244,-56.070214,234.0,lev20,Almucantar,Cuiaba,232,232.865023,0.10158,0.066185,0.048182,0.039789,1.084872,79.400288,78.711141,2.131562,0.0028,1.039752,4,10,7,5,4,10,7,5,4,10,7,5,4,10,7,5,0.07589,0.14567,0.32555,0.35217,1,1,21:06:2023,05:04:20,3,-15.555244,-56.070214,234.0,lev20,Almucantar,1.6912892405221511,0.8402917238701034,0.9595805467377962,BCL,Biomass,,Unknown
21:08:1993,18:49:43,Cuiaba,233,233.784525,1.4437,0.7653,0.4693,0.3459,1.4042,0.7246,0.4269,0.3022,0.0395,0.0407,0.0424,0.0437,1.632056,53.451159,52.816688,1.190572,0.004742,1.441244,4,10,8,3,4,10,8,3,4,10,8,3,3,10,8,3,0.0628,0.12261,0.25056,0.28006,1,1,21:06:2023,05:19:35,3,-15.555244,-56.070214,234.0,lev20,Almucantar,Cuiaba,233,233.784525,1.441244,0.764541,0.469116,0.346228,1.63016,53.451159,52.816688,1.190572,0.004742,1.441244,4,10,8,3,4,10,8,3,4,10,8,3,3,10,8,3,0.0628,0.12261,0.25056,0.28006,1,1,21:06:2023,05:19:35,3,-15.555244,-56.070214,234.0,lev20,Almucantar,Cuiaba,233,233.784525,1.4844,1.4973,1.4989,1.4967,0.014768,0.014947,0.016213,0.016872,53.451159,52.816688,1.190572,0.004742,1.441244,4,10,8,3,4,10,8,3,4,10,8,3,3,10,8,3,0.0628,0.12261,0.25056,0.28006,1,1,21:06:2023,05:19:35,3,-15.555244,-56.070214,234.0,lev20,Almucantar,Cuiaba,233,233.784525,0.9172,0.9008,0.8716,0.8514,53.451159,52.816688,1.190572,0.004742,1.441244,4,10,8,3,4,10,8,3,4,10,8,3,3,10,8,3,0.0628,0.12261,0.25056,0.28006,1,1,21:06:2023,05:19:35,3,-15.555244,-56.070214,234.0,lev20,Almucantar,Cuiaba,233,233.784525,0.11953,0.075918,0.06026,0.051398,1.009883,53.451159,52.816688,1.190572,0.004742,1.441244,4,10,8,3,4,10,8,3,4,10,8,3,3,10,8,3,0.0628,0.12261,0.25056,0.28006,1,1,21:06:2023,05:19:35,3,-15.555244,-56.070214,234.0,lev20,Almucantar,1.6483670957961982,1.1694025055037098,0.9630554032148149,BCL,Biomass,,Unknown
21:08:1993,19:24:07,Cuiaba,233,233.808414,1.3854,0.7239,0.4394,0.3226,1.3463,0.6836,0.3977,0.2797,0.0391,0.0403,0.0418,0.0429,1.667913,60.897695,60.23735,1.199579,0.004474,1.38292,3,10,8,4,3,10,8,4,3,10,8,4,3,10,8,4,0.06545,0.12768,0.26428,0.29353,1,1,21:06:2023,05:23:28,3,-15.555244,-56.070214,234.0,lev20,Almucantar,Cuiaba,233,233.808414,1.38292,0.723094,0.43932,0.322933,1.665626,60.897695,60.23735,1.199579,0.004474,1.38292,3,10,8,4,3,10,8,4,3,10,8,4,3,10,8,4,0.06545,0.12768,0.26428,0.29353,1,1,21:06:2023,05:23:28,3,-15.555244,-56.070214,234.0,lev20,Almucantar,Cuiaba,233,233.808414,1.4941,1.5094,1.5144,1.5144,0.015807,0.014542,0.014315,0.014379,60.897695,60.23735,1.199579,0.004474,1.38292,3,10,8,4,3,10,8,4,3,10,8,4,3,10,8,4,0.06545,0.12768,0.26428,0.29353,1,1,21:06:2023,05:23:28,3,-15.555244,-56.070214,234.0,lev20,Almucantar,Cuiaba,233,233.808414,0.9126,0.9039,0.8856,0.8702,60.897695,60.23735,1.199579,0.004474,1.38292,3,10,8,4,3,10,8,4,3,10,8,4,3,10,8,4,0.06545,0.12768,0.26428,0.29353,1,1,21:06:2023,05:23:28,3,-15.555244,-56.070214,234.0,lev20,Almucantar,Cuiaba,233,233.808414,0.12112,0.069571,0.050258,0.04187,1.29054,60.897695,60.23735,1.199579,0.004474,1.38292,3,10,8,4,3,10,8,4,3,10,8,4,3,10,8,4,0.06545,0.12768,0.26428,0.29353,1,1,21:06:2023,05:23:28,3,-15.555244,-56.070214,234.0,lev20,Almucantar,1.6844695447595959,1.1170122484267329,0.9615936405193196,BCL,Biomass,,Unknown
25:08:1993,20:46:37,Cuiaba,237,237.865706,0.5222,0.2709,0.1693,0.1281,0.5082,0.2565,0.1545,0.113,0.014,0.0144,0.0148,0.0152,1.640458,79.397347,78.702209,2.821193,0.010157,0.521011,4,9,5,5,4,10,7,5,4,9,7,4,4,10,6,3,0.07912,0.15397,0.33307,0.36137,1,1,21:06:2023,05:22:06,3,-15.555244,-56.070214,234.0,lev20,Almucantar,Cuiaba,237,237.865706,0.521011,0.270797,0.169443,0.128474,1.635886,79.397347,78.702209,2.821193,0.010157,0.521011,4,9,5,5,4,10,7,5,4,9,7,4,4,10,6,3,0.07912,0.15397,0.33307,0.36137,1,1,21:06:2023,05:22:06,3,-15.555244,-56.070214,234.0,lev20,Almucantar,Cuiaba,237,237.865706,1.3926,1.415,1.4216,1.4244,0.015014,0.014675,0.014262,0.014176,79.397347,78.702209,2.821193,0.010157,0.521011,4,9,5,5,4,10,7,5,4,9,7,4,4,10,6,3,0.07912,0.15397,0.33307,0.36137,1,1,21:06:2023,05:22:06,3,-15.555244,-56.070214,234.0,lev20,Almucantar,Cuiaba,237,237.865706,0.8964,0.8769,0.8584,0.8448,79.397347,78.702209,2.821193,0.010157,0.521011,4,9,5,5,4,10,7,5,4,9,7,4,4,10,6,3,0.07912,0.15397,0.33307,0.36137,1,1,21:06:2023,05:22:06,3,-15.555244,-56.070214,234.0,lev20,Almucantar,Cuiaba,237,237.865706,0.054106,0.033335,0.023964,0.019886,1.1883,79.397347,78.702209,2.821193,0.010157,0.521011,4,9,5,5,4,10,7,5,4,9,7,4,4,10,6,3,0.07912,0.15397,0.33307,0.36137,1,1,21:06:2023,05:22:06,3,-15.555244,-56.070214,234.0,lev20,Almucantar,1.6522632029870852,0.4227733756042138,0.9625241418441737,BCM,Unclassified,,Unknown
26:08:1993,12:48:19,Cuiaba,238,238.533553,0.7592,0.391,0.2451,0.1832,0.744,0.3753,0.2292,0.1672,0.0152,0.0157,0.0159,0.0161,1.647689,50.373041,51.011776,2.974539,0.151187,0.758625,3,10,8,3,3,10,8,3,3,10,7,3,3,10,6,3,0.06182,0.121,0.24694,0.27744,1,1,21:06:2023,05:06:25,3,-15.555244,-56.070214,234.0,lev20,Almucantar,Cuiaba,238,238.533553,0.758625,0.390107,0.245368,0.186203,1.645582,50.373041,51.011776,2.974539,0.151187,0.758625,3,10,8,3,3,10,8,3,3,10,7,3,3,10,6,3,0.06182,0.121,0.24694,0.27744,1,1,21:06:2023,05:06:25,3,-15.555244,-56.070214,234.0,lev20,Almucantar,Cuiaba,238,238.533553,1.4728,1.4761,1.4819,1.4827,0.010671,0.013077,0.015592,0.01669,50.373041,51.011776,2.974539,0.151187,0.758625,3,10,8,3,3,10,8,3,3,10,7,3,3,10,6,3,0.06182,0.121,0.24694,0.27744,1,1,21:06:2023,05:06:25,3,-15.555244,-56.070214,234.0,lev20,Almucantar,Cuiaba,238,238.533553,0.9363,0.9096,0.8733,0.8517,50.373041,51.011776,2.974539,0.151187,0.758625,3,10,8,3,3,10,8,3,3,10,7,3,3,10,6,3,0.06182,0.121,0.24694,0.27744,1,1,21:06:2023,05:06:25,3,-15.555244,-56.070214,234.0,lev20,Almucantar,Cuiaba,238,238.533553,0.048384,0.035333,0.031057,0.027175,0.658351,50.373041,51.011776,2.974539,0.151187,0.758625,3,10,8,3,3,10,8,3,3,10,7,3,3,10,6,3,0.06182,0.121,0.24694,0.27744,1,1,21:06:2023,05:06:25,3,-15.555244,-56.070214,234.0,lev20,Almucantar,1.6584543063973807,0.6141624328732708,0.9717296542370444,BCL,Arid,,Unknown
27:08:1993,10:48:36,Cuiaba,239,239.450417,0.9199,0.4352,0.2493,0.1785,0.907,0.4218,0.2357,0.1648,0.0129,0.0134,0.0136,0.0137,1.898714,77.088415,77.785288,1.495826,0.004845,0.918602,4,10,7,5,4,10,7,5,3,10,7,5,3,10,7,5,0.07588,0.14895,0.32353,0.35599,1,1,21:06:2023,05:17:20,3,-15.555244,-56.070214,234.0,lev20,Almucantar,Cuiaba,239,239.450417,0.918602,0.434977,0.249558,0.178847,1.895271,77.088415,77.785288,1.495826,0.004845,0.918602,4,10,7,5,4,10,7,5,3,10,7,5,3,10,7,5,0.07588,0.14895,0.32353,0.35599,1,1,21:06:2023,05:17:20,3,-15.555244,-56.070214,234.0,lev20,Almucantar,Cuiaba,239,239.450417,1.5273,1.5278,1.5168,1.5085,0.017855,0.017505,0.018361,0.018621,77.088415,77.785288,1.495826,0.004845,0.918602,4,10,7,5,4,10,7,5,3,10,7,5,3,10,7,5,0.07588,0.14895,0.32353,0.35599,1,1,21:06:2023,05:17:20,3,-15.555244,-56.070214,234.0,lev20,Almucantar,Cuiaba,239,239.450417,0.9086,0.8874,0.8548,0.8318,77.088415,77.785288,1.495826,0.004845,0.918602,4,10,7,5,4,10,7,5,3,10,7,5,3,10,7,5,0.07588,0.14895,0.32353,0.35599,1,1,21:06:2023,05:17:20,3,-15.555244,-56.070214,234.0,lev20,Almucantar,Cuiaba,239,239.450417,0.084095,0.049011,0.036207,0.030016,1.238351,77.088415,77.785288,1.495826,0.004845,0.918602,4,10,7,5,4,10,7,5,3,10,7,5,3,10,7,5,0.07588,0.14895,0.32353,0.35599,1,1,21:06:2023,05:17:20,3,-15.555244,-56.070214,234.0,lev20,Almucantar,1.915171741981717,0.7201374580056723,0.979506602180742,BCL,Biomass,,Unknown
27:08:1993,12:09:17,Cuiaba,239,239.506447,0.866,0.4081,0.2385,0.1742,0.8532,0.3949,0.2251,0.1606,0.0127,0.0132,0.0134,0.0135,1.878281,58.658385,59.327478,1.144805,0.014238,0.865294,4,10,7,4,4,10,7,4,3,11,7,4,3,11,7,4,0.06434,0.12596,0.26091,0.29161,1,1,21:06:2023,05:19:43,3,-15.555244,-56.070214,234.0,lev20,Almucantar,Cuiaba,239,239.506447,0.865294,0.407925,0.238745,0.17476,1.875753,58.658385,59.327478,1.144805,0.014238,0.865294,4,10,7,4,4,10,7,4,3,11,7,4,3,11,7,4,0.06434,0.12596,0.26091,0.29161,1,1,21:06:2023,05:19:43,3,-15.555244,-56.070214,234.0,lev20,Almucantar,Cuiaba,239,239.506447,1.5348,1.5299,1.5216,1.5161,0.016854,0.019704,0.022366,0.02375,58.658385,59.327478,1.144805,0.014238,0.865294,4,10,7,4,4,10,7,4,3,11,7,4,3,11,7,4,0.06434,0.12596,0.26091,0.29161,1,1,21:06:2023,05:19:43,3,-15.555244,-56.070214,234.0,lev20,Almucantar,Cuiaba,239,239.506447,0.9137,0.8778,0.8327,0.8004,58.658385,59.327478,1.144805,0.014238,0.865294,4,10,7,4,4,10,7,4,3,11,7,4,3,11,7,4,0.06434,0.12596,0.26091,0.29161,1,1,21:06:2023,05:19:43,3,-15.555244,-56.070214,234.0,lev20,Almucantar,Cuiaba,239,239.506447,0.074707,0.049858,0.039912,0.034771,0.921855,58.658385,59.327478,1.144805,0.014238,0.865294,4,10,7,4,4,10,7,4,3,11,7,4,3,11,7,4,0.06434,0.12596,0.26091,0.29161,1,1,21:06:2023,05:19:43,3,-15.555244,-56.070214,234.0,lev20,Almucantar,1.8915661333912672,0.6799910472652684,0.9782734865774039,BCL,Arid,,Unknown
27:08:1993,12:48:04,Cuiaba,239,239.53338,0.8284,0.3925,0.2346,0.1727,0.8158,0.3794,0.2214,0.1594,0.0126,0.0131,0.0132,0.0133,1.840096,50.189628,50.830633,1.407446,0.072514,0.827832,3,10,8,3,3,10,8,3,3,10,8,3,3,10,8,3,0.06178,0.12092,0.2467,0.27719,1,1,21:06:2023,05:23:10,3,-15.555244,-56.070214,234.0,lev20,Almucantar,Cuiaba,239,239.53338,0.827832,0.391795,0.234752,0.174236,1.838583,50.189628,50.830633,1.407446,0.072514,0.827832,3,10,8,3,3,10,8,3,3,10,8,3,3,10,8,3,0.06178,0.12092,0.2467,0.27719,1,1,21:06:2023,05:23:10,3,-15.555244,-56.070214,234.0,lev20,Almucantar,Cuiaba,239,239.53338,1.5349,1.5325,1.5315,1.5285,0.015356,0.018121,0.021996,0.023889,50.189628,50.830633,1.407446,0.072514,0.827832,3,10,8,3,3,10,8,3,3,10,8,3,3,10,8,3,0.06178,0.12092,0.2467,0.27719,1,1,21:06:2023,05:23:10,3,-15.555244,-56.070214,234.0,lev20,Almucantar,Cuiaba,239,239.53338,0.9199,0.8859,0.8386,0.8046,50.189628,50.830633,1.407446,0.072514,0.827832,3,10,8,3,3,10,8,3,3,10,8,3,3,10,8,3,0.06178,0.12092,0.2467,0.27719,1,1,21:06:2023,05:23:10,3,-15.555244,-56.070214,234.0,lev20,Almucantar,Cuiaba,239,239.53338,0.06636,0.04478,0.037868,0.033731,0.832045,50.189628,50.830633,1.407446,0.072514,0.827832,3,10,8,3,3,10,8,3,3,10,8,3,3,10,8,3,0.06178,0.12092,0.2467,0.27719,1,1,21:06:2023,05:23:10,3,-15.555244,-56.070214,234.0,lev20,Almucantar,1.8506380882279079,0.6538793296920272,0.9773860581450605,BCL,Arid,,Unknown
27:08:1993,18:48:04,Cuiaba,239,239.78338,1.3585,0.6392,0.3691,0.2644,1.3415,0.6215,0.3512,0.2464,0.017,0.0177,0.0179,0.018,1.896584,52.443036,51.795471,1.955147,0.048817,1.356983,3,10,8,3,3,10,7,3,3,10,6,3,3,10,6,3,0.06251,0.12206,0.24902,0.27855,1,1,21:06:2023,05:26:05,3,-15.555244,-56.070214,234.0,lev20,Almucantar,Cuiaba,239,239.78338,1.356983,0.638962,0.369277,0.265367,1.894302,52.443036,51.795471,1.955147,0.048817,1.356983,3,10,8,3,3,10,7,3,3,10,6,3,3,10,6,3,0.06251,0.12206,0.24902,0.27855,1,1,21:06:2023,05:26:05,3,-15.555244,-56.070214,234.0,lev20,Almucantar,Cuiaba,239,239.78338,1.4951,1.5123,1.5212,1.5261,0.013322,0.013827,0.015015,0.015545,52.443036,51.795471,1.955147,0.048817,1.356983,3,10,8,3,3,10,7,3,3,10,6,3,3,10,6,3,0.06251,0.12206,0.24902,0.27855,1,1,21:06:2023,05:26:05,3,-15.555244,-56.070214,234.0,lev20,Almucantar,Cuiaba,239,239.78338,0.9295,0.9079,0.8763,0.8535,52.443036,51.795471,1.955147,0.048817,1.356983,3,10,8,3,3,10,7,3,3,10,6,3,3,10,6,3,0.06251,0.12206,0.24902,0.27855,1,1,21:06:2023,05:26:05,3,-15.555244,-56.070214,234.0,lev20,Almucantar,Cuiaba,239,239.78338,0.095711,0.058883,0.045666,0.038726,1.090051,52.443036,51.795471,1.955147,0.048817,1.356983,3,10,8,3,3,10,7,3,3,10,6,3,3,10,6,3,0.06251,0.12206,0.24902,0.27855,1,1,21:06:2023,05:26:05,3,-15.555244,-56.070214,234.0,lev20,Almucantar,1.9114470973079967,1.0639989701050483,0.9815719027793086,BCL,Biomass,,Unknown
27:08:1993,19:26:29,Cuiaba,239,239.810058,1.3618,0.6395,0.3644,0.2585,1.3452,0.6223,0.3469,0.2409,0.0166,0.0172,0.0175,0.0176,1.917217,60.923549,60.250575,1.345173,0.014543,1.359915,3,10,8,4,3,10,8,4,3,10,8,4,3,10,8,4,0.06546,0.1277,0.26432,0.29356,1,1,21:06:2023,05:04:22,3,-15.555244,-56.070214,234.0,lev20,Almucantar,Cuiaba,239,239.810058,1.359915,0.639333,0.364447,0.258818,1.914957,60.923549,60.250575,1.345173,0.014543,1.359915,3,10,8,4,3,10,8,4,3,10,8,4,3,10,8,4,0.06546,0.1277,0.26432,0.29356,1,1,21:06:2023,05:04:22,3,-15.555244,-56.070214,234.0,lev20,Almucantar,Cuiaba,239,239.810058,1.5074,1.5142,1.5098,1.5043,0.015012,0.016191,0.017471,0.018115,60.923549,60.250575,1.345173,0.014543,1.359915,3,10,8,4,3,10,8,4,3,10,8,4,3,10,8,4,0.06546,0.1277,0.26432,0.29356,1,1,21:06:2023,05:04:22,3,-15.555244,-56.070214,234.0,lev20,Almucantar,Cuiaba,239,239.810058,0.9205,0.8924,0.8583,0.8323,60.923549,60.250575,1.345173,0.014543,1.359915,3,10,8,4,3,10,8,4,3,10,8,4,3,10,8,4,0.06546,0.1277,0.26432,0.29356,1,1,21:06:2023,05:04:22,3,-15.555244,-56.070214,234.0,lev20,Almucantar,Cuiaba,239,239.810058,0.10825,0.068839,0.05164,0.043353,1.08279,60.923549,60.250575,1.345173,0.014543,1.359915,3,10,8,4,3,10,8,4,3,10,8,4,3,10,8,4,0.06546,0.1277,0.26432,0.29356,1,1,21:06:2023,05:04:22,3,-15.555244,-56.070214,234.0,lev20,Almucantar,1.933804784790255,1.0635395766841234,0.982206395360146,BCL,Biomass,,Unknown
28:08:1993,10:47:53,Cuiaba,240,240.449919,1.3259,0.6462,0.3744,0.2668,1.3072,0.6269,0.3548,0.2471,0.0187,0.0193,0.0196,0.0198,1.83757,77.075404,77.773433,4.222507,0.020244,1.321711,4,10,7,5,4,10,7,5,4,7,6,4,4,7,5,5,0.07587,0.14893,0.32346,0.35592,1,1,21:06:2023,05:22:29,3,-15.555244,-56.070214,234.0,lev20,Almucantar,Cuiaba,240,240.449919,1.321711,0.645947,0.374546,0.266917,1.832234,77.075404,77.773433,4.222507,0.020244,1.321711,4,10,7,5,4,10,7,5,4,7,6,4,4,7,5,5,0.07587,0.14893,0.32346,0.35592,1,1,21:06:2023,05:22:29,3,-15.555244,-56.070214,234.0,lev20,Almucantar,Cuiaba,240,240.449919,1.5132,1.5054,1.4986,1.4928,0.017336,0.016407,0.016528,0.016581,77.075404,77.773433,4.222507,0.020244,1.321711,4,10,7,5,4,10,7,5,4,7,6,4,4,7,5,5,0.07587,0.14893,0.32346,0.35592,1,1,21:06:2023,05:22:29,3,-15.555244,-56.070214,234.0,lev20,Almucantar,Cuiaba,240,240.449919,0.912,0.8958,0.8703,0.8504,77.075404,77.773433,4.222507,0.020244,1.321711,4,10,7,5,4,10,7,5,4,7,6,4,4,7,5,5,0.07587,0.14893,0.32346,0.35592,1,1,21:06:2023,05:22:29,3,-15.555244,-56.070214,234.0,lev20,Almucantar,Cuiaba,240,240.449919,0.11674,0.067321,0.048546,0.039918,1.286765,77.075404,77.773433,4.222507,0.020244,1.321711,4,10,7,5,4,10,7,5,4,7,6,4,4,7,5,5,0.07587,0.14893,0.32346,0.35592,1,1,21:06:2023,05:22:29,3,-15.555244,-56.070214,234.0,lev20,Almucantar,1.8549035075766387,1.0459995181045343,0.9799023734893862,BCL,Biomass,,Unknown
28:08:1993,12:08:22,Cuiaba,240,240.50581,1.1461,0.5504,0.3226,0.233,1.1293,0.533,0.3048,0.2151,0.0169,0.0175,0.0178,0.0179,1.845119,58.648509,59.319711,0.97993,0.002435,1.144149,4,10,7,4,4,10,7,4,3,11,7,4,3,11,7,4,0.06433,0.12595,0.26089,0.29159,1,1,21:06:2023,05:25:57,3,-15.555244,-56.070214,234.0,lev20,Almucantar,Cuiaba,240,240.50581,1.144149,0.550174,0.322742,0.233295,1.841986,58.648509,59.319711,0.97993,0.002435,1.144149,4,10,7,4,4,10,7,4,3,11,7,4,3,11,7,4,0.06433,0.12595,0.26089,0.29159,1,1,21:06:2023,05:25:57,3,-15.555244,-56.070214,234.0,lev20,Almucantar,Cuiaba,240,240.50581,1.5345,1.5326,1.5267,1.5207,0.019446,0.020514,0.022436,0.023208,58.648509,59.319711,0.97993,0.002435,1.144149,4,10,7,4,4,10,7,4,3,11,7,4,3,11,7,4,0.06433,0.12595,0.26089,0.29159,1,1,21:06:2023,05:25:57,3,-15.555244,-56.070214,234.0,lev20,Almucantar,Cuiaba,240,240.50581,0.9041,0.8758,0.8355,0.807,58.648509,59.319711,0.97993,0.002435,1.144149,4,10,7,4,4,10,7,4,3,11,7,4,3,11,7,4,0.06433,0.12595,0.26089,0.29159,1,1,21:06:2023,05:25:57,3,-15.555244,-56.070214,234.0,lev20,Almucantar,Cuiaba,240,240.50581,0.10994,0.068352,0.053058,0.044965,1.072532,58.648509,59.319711,0.97993,0.002435,1.144149,4,10,7,4,4,10,7,4,3,11,7,4,3,11,7,4,0.06433,0.12595,0.26089,0.29159,1,1,21:06:2023,05:25:57,3,-15.555244,-56.070214,234.0,lev20,Almucantar,1.8595754936905857,0.9036158709455424,0.9786914365052578,BCL,Biomass,,Unknown
28:08:1993,12:47:49,Cuiaba,240,240.533206,1.0179,0.4874,0.29,0.2128,1.0028,0.4717,0.274,0.1968,0.0152,0.0157,0.016,0.0161,1.829766,50.004853,50.64812,1.383252,0.046412,1.016356,3,10,8,3,3,10,8,3,3,10,8,3,3,10,8,3,0.06173,0.12083,0.24645,0.27693,1,1,21:06:2023,05:04:32,3,-15.555244,-56.070214,234.0,lev20,Almucantar,Cuiaba,240,240.533206,1.016356,0.487144,0.290178,0.213413,1.826718,50.004853,50.64812,1.383252,0.046412,1.016356,3,10,8,3,3,10,8,3,3,10,8,3,3,10,8,3,0.06173,0.12083,0.24645,0.27693,1,1,21:06:2023,05:04:32,3,-15.555244,-56.070214,234.0,lev20,Almucantar,Cuiaba,240,240.533206,1.5173,1.5213,1.5191,1.5154,0.019884,0.021002,0.023964,0.025873,50.004853,50.64812,1.383252,0.046412,1.016356,3,10,8,3,3,10,8,3,3,10,8,3,3,10,8,3,0.06173,0.12083,0.24645,0.27693,1,1,21:06:2023,05:04:32,3,-15.555244,-56.070214,234.0,lev20,Almucantar,Cuiaba,240,240.533206,0.8988,0.8681,0.8192,0.78,50.004853,50.64812,1.383252,0.046412,1.016356,3,10,8,3,3,10,8,3,3,10,8,3,3,10,8,3,0.06173,0.12083,0.24645,0.27693,1,1,21:06:2023,05:04:32,3,-15.555244,-56.070214,234.0,lev20,Almucantar,Cuiaba,240,240.533206,0.10303,0.064301,0.052428,0.046819,1.001499,50.004853,50.64812,1.383252,0.046412,1.016356,3,10,8,3,3,10,8,3,3,10,8,3,3,10,8,3,0.06173,0.12083,0.24645,0.27693,1,1,21:06:2023,05:04:32,3,-15.555244,-56.070214,234.0,lev20,Almucantar,1.84183950646934,0.8043611875646964,0.9780535729175392,BCM,Biomass,,Unknown
29:08:1993,12:47:33,Cuiaba,241,241.533021,2.2384,1.0848,0.626,0.4436,2.2096,1.0552,0.5958,0.4131,0.0288,0.0297,0.0302,0.0305,1.851617,49.822425,50.467963,1.092841,0.016509,2.234249,3,10,8,3,3,10,8,3,3,10,8,3,3,10,8,3,0.06271,0.1222,0.2512,0.28126,1,1,21:06:2023,05:25:57,3,-15.555244,-56.070214,234.0,lev20,Almucantar,Cuiaba,241,241.533021,2.234249,1.084279,0.625959,0.443954,1.848934,49.822425,50.467963,1.092841,0.016509,2.234249,3,10,8,3,3,10,8,3,3,10,8,3,3,10,8,3,0.06271,0.1222,0.2512,0.28126,1,1,21:06:2023,05:25:57,3,-15.555244,-56.070214,234.0,lev20,Almucantar,Cuiaba,241,241.533021,1.4609,1.4718,1.4715,1.468,0.011794,0.012113,0.013711,0.014524,49.822425,50.467963,1.092841,0.016509,2.234249,3,10,8,3,3,10,8,3,3,10,8,3,3,10,8,3,0.06271,0.1222,0.2512,0.28126,1,1,21:06:2023,05:25:57,3,-15.555244,-56.070214,234.0,lev20,Almucantar,Cuiaba,241,241.533021,0.9339,0.9157,0.8823,0.8556,49.822425,50.467963,1.092841,0.016509,2.234249,3,10,8,3,3,10,8,3,3,10,8,3,3,10,8,3,0.06271,0.1222,0.2512,0.28126,1,1,21:06:2023,05:25:57,3,-15.555244,-56.070214,234.0,lev20,Almucantar,Cuiaba,241,241.533021,0.14799,0.091446,0.073689,0.064072,1.03251,49.822425,50.467963,1.092841,0.016509,2.234249,3,10,8,3,3,10,8,3,3,10,8,3,3,10,8,3,0.06271,0.1222,0.2512,0.28126,1,1,21:06:2023,05:25:57,3,-15.555244,-56.070214,234.0,lev20,Almucantar,1.869050438472333,1.7626781098932551,0.9817637034865813,BCL,Biomass,,Unknown
30:08:1993,19:27:38,Cuiaba,242,242.810856,1.0261,0.4815,0.2908,0.2187,0.996,0.4501,0.2574,0.184,0.0301,0.0314,0.0334,0.0347,1.841312,60.957872,60.278921,2.369744,0.115738,1.026896,3,10,8,4,3,10,8,4,3,10,7,4,3,10,6,4,0.0665,0.12943,0.27016,0.2989,1,1,21:06:2023,05:04:20,3,-15.555244,-56.070214,234.0,lev20,Almucantar,Cuiaba,242,242.810856,1.026896,0.481037,0.290529,0.219186,1.843968,60.957872,60.278921,2.369744,0.115738,1.026896,3,10,8,4,3,10,8,4,3,10,7,4,3,10,6,4,0.0665,0.12943,0.27016,0.2989,1,1,21:06:2023,05:04:20,3,-15.555244,-56.070214,234.0,lev20,Almucantar,Cuiaba,242,242.810856,1.4061,1.4335,1.448,1.4582,0.009045,0.009359,0.009956,0.010265,60.957872,60.278921,2.369744,0.115738,1.026896,3,10,8,4,3,10,8,4,3,10,7,4,3,10,6,4,0.0665,0.12943,0.27016,0.2989,1,1,21:06:2023,05:04:20,3,-15.555244,-56.070214,234.0,lev20,Almucantar,Cuiaba,242,242.810856,0.9324,0.9085,0.8825,0.8673,60.957872,60.278921,2.369744,0.115738,1.026896,3,10,8,4,3,10,8,4,3,10,7,4,3,10,6,4,0.0665,0.12943,0.27016,0.2989,1,1,21:06:2023,05:04:20,3,-15.555244,-56.070214,234.0,lev20,Almucantar,Cuiaba,242,242.810856,0.069364,0.044043,0.034162,0.029031,1.040887,60.957872,60.278921,2.369744,0.115738,1.026896,3,10,8,4,3,10,8,4,3,10,7,4,3,10,6,4,0.0665,0.12943,0.27016,0.2989,1,1,21:06:2023,05:04:20,3,-15.555244,-56.070214,234.0,lev20,Almucantar,1.8495680686969909,0.8100402718870173,0.9565201767202183,BCL,Biomass,,Unknown
31:08:1993,10:45:40,Cuiaba,243,243.44838,0.7984,0.3864,0.2329,0.1745,0.7616,0.3473,0.1895,0.1289,0.0368,0.0391,0.0433,0.0455,1.79607,77.043636,77.744996,1.403668,0.011001,0.797425,4,10,7,5,3,10,7,5,3,10,7,5,2,10,7,5,0.07689,0.15127,0.33137,0.36341,1,1,21:06:2023,05:17:04,3,-15.555244,-56.070214,234.0,lev20,Almucantar,Cuiaba,243,243.44838,0.797425,0.386077,0.233058,0.174409,1.793467,77.043636,77.744996,1.403668,0.011001,0.797425,4,10,7,5,3,10,7,5,3,10,7,5,2,10,7,5,0.07689,0.15127,0.33137,0.36341,1,1,21:06:2023,05:17:04,3,-15.555244,-56.070214,234.0,lev20,Almucantar,Cuiaba,243,243.44838,1.5341,1.5152,1.4994,1.489,0.010195,0.01293,0.01446,0.015146,77.043636,77.744996,1.403668,0.011001,0.797425,4,10,7,5,3,10,7,5,3,10,7,5,2,10,7,5,0.07689,0.15127,0.33137,0.36341,1,1,21:06:2023,05:17:04,3,-15.555244,-56.070214,234.0,lev20,Almucantar,Cuiaba,243,243.44838,0.9394,0.908,0.8756,0.8549,77.043636,77.744996,1.403668,0.011001,0.797425,4,10,7,5,3,10,7,5,3,10,7,5,2,10,7,5,0.07689,0.15127,0.33137,0.36341,1,1,21:06:2023,05:17:04,3,-15.555244,-56.070214,234.0,lev20,Almucantar,Cuiaba,243,243.44838,0.048378,0.035547,0.02897,0.025319,0.748945,77.043636,77.744996,1.403668,0.011001,0.797425,4,10,7,5,3,10,7,5,3,10,7,5,2,10,7,5,0.07689,0.15127,0.33137,0.36341,1,1,21:06:2023,05:17:04,3,-15.555244,-56.070214,234.0,lev20,Almucantar,1.807198390085427,0.6337087485904838,0.9337894053764705,BCL,Arid,,Unknown
31:08:1993,12:05:37,Cuiaba,243,243.5039,0.8086,0.3954,0.2426,0.1837,0.788,0.374,0.2208,0.1617,0.0206,0.0214,0.0218,0.022,1.756497,58.616238,59.293573,1.599532,0.030766,0.807433,4,10,7,4,4,10,7,4,3,8,7,4,3,8,7,4,0.06534,0.12757,0.26645,0.29674,1,1,21:06:2023,05:19:27,3,-15.555244,-56.070214,234.0,lev20,Almucantar,Cuiaba,243,243.5039,0.807433,0.394908,0.242718,0.184682,1.753893,58.616238,59.293573,1.599532,0.030766,0.807433,4,10,7,4,4,10,7,4,3,8,7,4,3,8,7,4,0.06534,0.12757,0.26645,0.29674,1,1,21:06:2023,05:19:27,3,-15.555244,-56.070214,234.0,lev20,Almucantar,Cuiaba,243,243.5039,1.5388,1.5116,1.5007,1.4955,0.010473,0.012521,0.013725,0.014423,58.616238,59.293573,1.599532,0.030766,0.807433,4,10,7,4,4,10,7,4,3,8,7,4,3,8,7,4,0.06534,0.12757,0.26645,0.29674,1,1,21:06:2023,05:19:27,3,-15.555244,-56.070214,234.0,lev20,Almucantar,Cuiaba,243,243.5039,0.9393,0.9129,0.8867,0.869,58.616238,59.293573,1.599532,0.030766,0.807433,4,10,7,4,4,10,7,4,3,8,7,4,3,8,7,4,0.06534,0.12757,0.26645,0.29674,1,1,21:06:2023,05:19:27,3,-15.555244,-56.070214,234.0,lev20,Almucantar,Cuiaba,243,243.5039,0.04908,0.034434,0.027497,0.024074,0.847604,58.616238,59.293573,1.599532,0.030766,0.807433,4,10,7,4,4,10,7,4,3,8,7,4,3,8,7,4,0.06534,0.12757,0.26645,0.29674,1,1,21:06:2023,05:19:27,3,-15.555244,-56.070214,234.0,lev20,Almucantar,1.7659640858386956,0.6451966887759537,0.9624714198310687,BCL,Arid,,Unknown
31:08:1993,12:47:01,Cuiaba,243,243.53265,0.8281,0.4086,0.2552,0.1945,0.8071,0.3869,0.2331,0.1721,0.021,0.0217,0.0221,0.0225,1.718953,49.454487,50.104537,1.232249,0.049286,0.8269,3,10,8,3,3,10,8,3,3,10,8,3,3,10,7,3,0.06262,0.12202,0.25069,0.28075,1,1,21:06:2023,05:22:08,3,-15.555244,-56.070214,234.0,lev20,Almucantar,Cuiaba,243,243.53265,0.8269,0.408138,0.255213,0.19566,1.716891,49.454487,50.104537,1.232249,0.049286,0.8269,3,10,8,3,3,10,8,3,3,10,8,3,3,10,7,3,0.06262,0.12202,0.25069,0.28075,1,1,21:06:2023,05:22:08,3,-15.555244,-56.070214,234.0,lev20,Almucantar,Cuiaba,243,243.53265,1.4842,1.4809,1.4809,1.4801,0.009066,0.011841,0.014247,0.015617,49.454487,50.104537,1.232249,0.049286,0.8269,3,10,8,3,3,10,8,3,3,10,8,3,3,10,7,3,0.06262,0.12202,0.25069,0.28075,1,1,21:06:2023,05:22:08,3,-15.555244,-56.070214,234.0,lev20,Almucantar,Cuiaba,243,243.53265,0.9428,0.9112,0.876,0.8505,49.454487,50.104537,1.232249,0.049286,0.8269,3,10,8,3,3,10,8,3,3,10,8,3,3,10,7,3,0.06262,0.12202,0.25069,0.28075,1,1,21:06:2023,05:22:08,3,-15.555244,-56.070214,234.0,lev20,Almucantar,Cuiaba,243,243.53265,0.047383,0.036302,0.031661,0.029089,0.594301,49.454487,50.104537,1.232249,0.049286,0.8269,3,10,8,3,3,10,8,3,3,10,8,3,3,10,7,3,0.06262,0.12202,0.25069,0.28075,1,1,21:06:2023,05:22:08,3,-15.555244,-56.070214,234.0,lev20,Almucantar,1.7266458148399733,0.6640855384359827,0.9629487663847776,BCL,Arid,,Unknown
01:09:1993,12:04:40,Cuiaba,244,244.503241,1.6346,0.8019,0.4828,0.3571,1.6047,0.7709,0.4513,0.3251,0.0299,0.031,0.0315,0.032,1.776511,58.612493,59.291822,1.387804,0.008078,1.631635,4,10,7,4,4,10,7,4,3,11,7,3,3,11,7,4,0.06534,0.12757,0.26645,0.29674,1,1,21:06:2023,05:18:14,3,-15.555244,-56.070214,234.0,lev20,Almucantar,Cuiaba,244,244.503241,1.631635,0.801073,0.482727,0.357057,1.77413,58.612493,59.291822,1.387804,0.008078,1.631635,4,10,7,4,4,10,7,4,3,11,7,3,3,11,7,4,0.06534,0.12757,0.26645,0.29674,1,1,21:06:2023,05:18:14,3,-15.555244,-56.070214,234.0,lev20,Almucantar,Cuiaba,244,244.503241,1.4724,1.4713,1.4677,1.465,0.012551,0.013451,0.015124,0.015846,58.612493,59.291822,1.387804,0.008078,1.631635,4,10,7,4,4,10,7,4,3,11,7,3,3,11,7,4,0.06534,0.12757,0.26645,0.29674,1,1,21:06:2023,05:18:14,3,-15.555244,-56.070214,234.0,lev20,Almucantar,Cuiaba,244,244.503241,0.9276,0.9042,0.8695,0.8464,58.612493,59.291822,1.387804,0.008078,1.631635,4,10,7,4,4,10,7,4,3,11,7,3,3,11,7,4,0.06534,0.12757,0.26645,0.29674,1,1,21:06:2023,05:18:14,3,-15.555244,-56.070214,234.0,lev20,Almucantar,Cuiaba,244,244.503241,0.11838,0.076815,0.062988,0.05484,0.933584,58.612493,59.291822,1.387804,0.008078,1.631635,4,10,7,4,4,10,7,4,3,11,7,3,3,11,7,4,0.06534,0.12757,0.26645,0.29674,1,1,21:06:2023,05:18:14,3,-15.555244,-56.070214,234.0,lev20,Almucantar,1.788936259122202,1.3004526194519912,0.9735577943711335,BCL,Biomass,,Unknown
02:09:1993,12:03:45,Cuiaba,245,245.502604,1.8048,0.892,0.5291,0.3858,1.7717,0.8577,0.4942,0.3507,0.0331,0.0343,0.0348,0.0351,1.784736,58.601146,59.282415,1.489666,0.012051,1.801301,4,10,7,4,4,10,7,4,4,10,7,4,3,11,6,4,0.06533,0.12756,0.26642,0.29671,1,1,21:06:2023,05:09:46,3,-15.555244,-56.070214,234.0,lev20,Almucantar,Cuiaba,245,245.502604,1.801301,0.891327,0.528933,0.385194,1.782315,58.601146,59.282415,1.489666,0.012051,1.801301,4,10,7,4,4,10,7,4,4,10,7,4,3,11,6,4,0.06533,0.12756,0.26642,0.29671,1,1,21:06:2023,05:09:46,3,-15.555244,-56.070214,234.0,lev20,Almucantar,Cuiaba,245,245.502604,1.4808,1.4958,1.4994,1.5007,0.013128,0.012325,0.013239,0.013441,58.601146,59.282415,1.489666,0.012051,1.801301,4,10,7,4,4,10,7,4,4,10,7,4,3,11,6,4,0.06533,0.12756,0.26642,0.29671,1,1,21:06:2023,05:09:46,3,-15.555244,-56.070214,234.0,lev20,Almucantar,Cuiaba,245,245.502604,0.9268,0.9144,0.8885,0.8722,58.601146,59.282415,1.489666,0.012051,1.801301,4,10,7,4,4,10,7,4,4,10,7,4,3,11,6,4,0.06533,0.12756,0.26642,0.29671,1,1,21:06:2023,05:09:46,3,-15.555244,-56.070214,234.0,lev20,Almucantar,Cuiaba,245,245.502604,0.1322,0.076348,0.058969,0.049319,1.193528,58.601146,59.282415,1.489666,0.012051,1.801301,4,10,7,4,4,10,7,4,4,10,7,4,3,11,6,4,0.06533,0.12756,0.26642,0.29671,1,1,21:06:2023,05:09:46,3,-15.555244,-56.070214,234.0,lev20,Almucantar,1.7999036829230877,1.4338484112158474,0.9737063131739435,BCL,Biomass,,Unknown
02:09:1993,19:28:41,Cuiaba,245,245.811586,1.8611,0.9186,0.5456,0.3976,1.8162,0.8721,0.4984,0.3501,0.0449,0.0465,0.0472,0.0475,1.78505,60.988716,60.304103,3.166616,0.013011,1.857425,3,10,8,4,3,10,8,4,3,10,8,4,3,10,8,3,0.06652,0.12946,0.27022,0.29896,1,1,21:06:2023,05:21:10,3,-15.555244,-56.070214,234.0,lev20,Almucantar,Cuiaba,245,245.811586,1.857425,0.9177,0.545263,0.397132,1.783026,60.988716,60.304103,3.166616,0.013011,1.857425,3,10,8,4,3,10,8,4,3,10,8,4,3,10,8,3,0.06652,0.12946,0.27022,0.29896,1,1,21:06:2023,05:21:10,3,-15.555244,-56.070214,234.0,lev20,Almucantar,Cuiaba,245,245.811586,1.4554,1.4924,1.504,1.5057,0.011806,0.011352,0.011274,0.011143,60.988716,60.304103,3.166616,0.013011,1.857425,3,10,8,4,3,10,8,4,3,10,8,4,3,10,8,3,0.06652,0.12946,0.27022,0.29896,1,1,21:06:2023,05:21:10,3,-15.555244,-56.070214,234.0,lev20,Almucantar,Cuiaba,245,245.811586,0.9264,0.9108,0.8913,0.8777,60.988716,60.304103,3.166616,0.013011,1.857425,3,10,8,4,3,10,8,4,3,10,8,4,3,10,8,3,0.06652,0.12946,0.27022,0.29896,1,1,21:06:2023,05:21:10,3,-15.555244,-56.070214,234.0,lev20,Almucantar,Cuiaba,245,245.811586,0.13695,0.081893,0.059295,0.048634,1.225119,60.988716,60.304103,3.166616,0.013011,1.857425,3,10,8,4,3,10,8,4,3,10,8,4,3,10,8,3,0.06652,0.12946,0.27022,0.29896,1,1,21:06:2023,05:21:10,3,-15.555244,-56.070214,234.0,lev20,Almucantar,1.7999172835914274,1.478574156998526,0.9654751772144793,BCL,Biomass,,Unknown
03:09:1993,12:02:48,Cuiaba,246,246.501944,1.6179,0.7922,0.4703,0.3447,1.5798,0.7527,0.4302,0.3043,0.0381,0.0395,0.0401,0.0404,1.798087,58.597405,59.280594,1.665441,0.008125,1.615178,4,10,7,4,4,10,7,4,4,10,7,4,3,11,7,4,0.06533,0.12755,0.26641,0.29671,1,1,21:06:2023,05:21:23,3,-15.555244,-56.070214,234.0,lev20,Almucantar,Cuiaba,246,246.501944,1.615178,0.791313,0.470068,0.34412,1.796383,58.597405,59.280594,1.665441,0.008125,1.615178,4,10,7,4,4,10,7,4,4,10,7,4,3,11,7,4,0.06533,0.12755,0.26641,0.29671,1,1,21:06:2023,05:21:23,3,-15.555244,-56.070214,234.0,lev20,Almucantar,Cuiaba,246,246.501944,1.4986,1.5085,1.5085,1.5071,0.018616,0.01787,0.018559,0.018717,58.597405,59.280594,1.665441,0.008125,1.615178,4,10,7,4,4,10,7,4,4,10,7,4,3,11,7,4,0.06533,0.12755,0.26641,0.29671,1,1,21:06:2023,05:21:23,3,-15.555244,-56.070214,234.0,lev20,Almucantar,Cuiaba,246,246.501944,0.9008,0.8791,0.8471,0.8256,58.597405,59.280594,1.665441,0.008125,1.615178,4,10,7,4,4,10,7,4,4,10,7,4,3,11,7,4,0.06533,0.12755,0.26641,0.29671,1,1,21:06:2023,05:21:23,3,-15.555244,-56.070214,234.0,lev20,Almucantar,Cuiaba,246,246.501944,0.16047,0.095753,0.071926,0.060111,1.179737,58.597405,59.280594,1.665441,0.008125,1.615178,4,10,7,4,4,10,7,4,4,10,7,4,3,11,7,4,0.06533,0.12755,0.26641,0.29671,1,1,21:06:2023,05:21:23,3,-15.555244,-56.070214,234.0,lev20,Almucantar,1.8123514760468387,1.2833194129042682,0.9659982809574363,BCL,Biomass,,Unknown
04:09:1993,12:01:52,Cuiaba,247,247.501296,1.6108,0.7961,0.4691,0.3419,1.572,0.7558,0.4281,0.3008,0.0389,0.0403,0.041,0.0411,1.793541,58.590034,59.275099,1.529756,0.012036,1.607788,4,10,7,4,4,10,7,4,4,10,6,4,3,11,7,4,0.06533,0.12755,0.26641,0.2967,1,1,21:06:2023,05:11:23,3,-15.555244,-56.070214,234.0,lev20,Almucantar,Cuiaba,247,247.501296,1.607788,0.795263,0.468973,0.34216,1.791236,58.590034,59.275099,1.529756,0.012036,1.607788,4,10,7,4,4,10,7,4,4,10,6,4,3,11,7,4,0.06533,0.12755,0.26641,0.2967,1,1,21:06:2023,05:11:23,3,-15.555244,-56.070214,234.0,lev20,Almucantar,Cuiaba,247,247.501296,1.53,1.5288,1.5245,1.5218,0.022044,0.019035,0.018181,0.017542,58.590034,59.275099,1.529756,0.012036,1.607788,4,10,7,4,4,10,7,4,4,10,6,4,3,11,7,4,0.06533,0.12755,0.26641,0.2967,1,1,21:06:2023,05:11:23,3,-15.555244,-56.070214,234.0,lev20,Almucantar,Cuiaba,247,247.501296,0.8914,0.8803,0.8567,0.8409,58.590034,59.275099,1.529756,0.012036,1.607788,4,10,7,4,4,10,7,4,4,10,6,4,3,11,7,4,0.06533,0.12755,0.26641,0.2967,1,1,21:06:2023,05:11:23,3,-15.555244,-56.070214,234.0,lev20,Almucantar,Cuiaba,247,247.501296,0.1749,0.095286,0.067224,0.054415,1.403931,58.590034,59.275099,1.529756,0.012036,1.607788,4,10,7,4,4,10,7,4,4,10,6,4,3,11,7,4,0.06533,0.12755,0.26641,0.2967,1,1,21:06:2023,05:11:23,3,-15.555244,-56.070214,234.0,lev20,Almucantar,1.8096476643435155,1.2781293808680014,0.9654235893183523,BCM,Biomass,,Unknown
05:09:1993,18:45:31,Cuiaba,248,248.781609,1.2949,0.6412,0.3944,0.298,1.2454,0.5902,0.3414,0.2437,0.0495,0.051,0.053,0.0544,1.733699,51.010222,50.343163,1.415647,0.012384,1.292244,3,10,8,3,3,10,8,3,3,10,8,3,3,10,8,3,0.06315,0.12279,0.252,0.28108,1,1,21:06:2023,05:14:03,3,-15.555244,-56.070214,234.0,lev20,Almucantar,Cuiaba,248,248.781609,1.292244,0.640722,0.394275,0.297322,1.731102,51.010222,50.343163,1.415647,0.012384,1.292244,3,10,8,3,3,10,8,3,3,10,8,3,3,10,8,3,0.06315,0.12279,0.252,0.28108,1,1,21:06:2023,05:14:03,3,-15.555244,-56.070214,234.0,lev20,Almucantar,Cuiaba,248,248.781609,1.4739,1.4991,1.5074,1.509,0.021119,0.021552,0.022472,0.023471,51.010222,50.343163,1.415647,0.012384,1.292244,3,10,8,3,3,10,8,3,3,10,8,3,3,10,8,3,0.06315,0.12279,0.252,0.28108,1,1,21:06:2023,05:14:03,3,-15.555244,-56.070214,234.0,lev20,Almucantar,Cuiaba,248,248.781609,0.8793,0.8447,0.8057,0.7755,51.010222,50.343163,1.415647,0.012384,1.292244,3,10,8,3,3,10,8,3,3,10,8,3,3,10,8,3,0.06315,0.12279,0.252,0.28108,1,1,21:06:2023,05:14:03,3,-15.555244,-56.070214,234.0,lev20,Almucantar,Cuiaba,248,248.781609,0.15633,0.099595,0.07664,0.066923,1.046219,51.010222,50.343163,1.415647,0.012384,1.292244,3,10,8,3,3,10,8,3,3,10,8,3,3,10,8,3,0.06315,0.12279,0.252,0.28108,1,1,21:06:2023,05:14:03,3,-15.555244,-56.070214,234.0,lev20,Almucantar,1.7438622466077494,1.0361476797090339,0.9452195173507224,BCM,Biomass,,Unknown
08:09:1993,20:48:55,Cuiaba,251,251.867303,0.7739,0.377,0.2251,0.166,0.7537,0.3562,0.2039,0.1445,0.0201,0.0208,0.0212,0.0216,1.79843,79.452928,78.744136,2.022834,0.007448,0.772655,4,10,7,5,4,10,7,5,4,10,7,3,4,10,7,3,0.07854,0.15506,0.34743,0.37564,1,1,21:06:2023,05:26:56,3,-15.555244,-56.070214,234.0,lev20,Almucantar,Cuiaba,251,251.867303,0.772655,0.376865,0.225202,0.166518,1.795414,79.452928,78.744136,2.022834,0.007448,0.772655,4,10,7,5,4,10,7,5,4,10,7,3,4,10,7,3,0.07854,0.15506,0.34743,0.37564,1,1,21:06:2023,05:26:56,3,-15.555244,-56.070214,234.0,lev20,Almucantar,Cuiaba,251,251.867303,1.4597,1.4761,1.4729,1.4666,0.010571,0.011408,0.012551,0.013021,79.452928,78.744136,2.022834,0.007448,0.772655,4,10,7,5,4,10,7,5,4,10,7,3,4,10,7,3,0.07854,0.15506,0.34743,0.37564,1,1,21:06:2023,05:26:56,3,-15.555244,-56.070214,234.0,lev20,Almucantar,Cuiaba,251,251.867303,0.9321,0.9089,0.8791,0.8592,79.452928,78.744136,2.022834,0.007448,0.772655,4,10,7,5,4,10,7,5,4,10,7,3,4,10,7,3,0.07854,0.15506,0.34743,0.37564,1,1,21:06:2023,05:26:56,3,-15.555244,-56.070214,234.0,lev20,Almucantar,Cuiaba,251,251.867303,0.05253,0.034331,0.027213,0.023386,0.967379,79.452928,78.744136,2.022834,0.007448,0.772655,4,10,7,5,4,10,7,5,4,10,7,3,4,10,7,3,0.07854,0.15506,0.34743,0.37564,1,1,21:06:2023,05:26:56,3,-15.555244,-56.070214,234.0,lev20,Almucantar,1.8114484879214696,0.6139288848681878,0.962392553883784,BCL,Arid,,Unknown
09:09:1993,19:30:32,Cuiaba,252,252.81287,1.1814,0.5885,0.3543,0.2614,1.1543,0.5604,0.3257,0.2326,0.0271,0.0282,0.0286,0.0288,1.752867,60.99334,60.296968,2.554215,0.01546,1.180642,3,10,8,4,3,9,4,4,3,8,4,4,3,7,4,4,0.06523,0.12769,0.27602,0.3054,1,1,21:06:2023,05:13:13,3,-15.555244,-56.070214,234.0,lev20,Almucantar,Cuiaba,252,252.81287,1.180642,0.587972,0.354202,0.261979,1.752443,60.99334,60.296968,2.554215,0.01546,1.180642,3,10,8,4,3,9,4,4,3,8,4,4,3,7,4,4,0.06523,0.12769,0.27602,0.3054,1,1,21:06:2023,05:13:13,3,-15.555244,-56.070214,234.0,lev20,Almucantar,Cuiaba,252,252.81287,1.487,1.4934,1.4942,1.4933,0.010699,0.011591,0.011912,0.012128,60.99334,60.296968,2.554215,0.01546,1.180642,3,10,8,4,3,9,4,4,3,8,4,4,3,7,4,4,0.06523,0.12769,0.27602,0.3054,1,1,21:06:2023,05:13:13,3,-15.555244,-56.070214,234.0,lev20,Almucantar,Cuiaba,252,252.81287,0.9371,0.9174,0.8976,0.8833,60.99334,60.296968,2.554215,0.01546,1.180642,3,10,8,4,3,9,4,4,3,8,4,4,3,7,4,4,0.06523,0.12769,0.27602,0.3054,1,1,21:06:2023,05:13:13,3,-15.555244,-56.070214,234.0,lev20,Almucantar,Cuiaba,252,252.81287,0.074279,0.048596,0.03628,0.030519,1.045131,60.99334,60.296968,2.554215,0.01546,1.180642,3,10,8,4,3,9,4,4,3,8,4,4,3,7,4,4,0.06523,0.12769,0.27602,0.3054,1,1,21:06:2023,05:13:13,3,-15.555244,-56.070214,234.0,lev20,Almucantar,1.766581763537652,0.942586179231282,0.9671004221050238,BCL,Biomass,,Unknown
09:09:1993,20:49:06,Cuiaba,252,252.867431,1.0643,0.5261,0.3139,0.2304,1.0391,0.5001,0.2874,0.2036,0.0252,0.026,0.0265,0.0269,1.776713,79.469228,78.759685,2.486136,0.007373,1.060859,4,10,7,5,4,10,7,5,4,10,7,4,4,10,7,3,0.07856,0.1551,0.34753,0.37574,1,1,21:06:2023,05:15:54,3,-15.555244,-56.070214,234.0,lev20,Almucantar,Cuiaba,252,252.867431,1.060859,0.525826,0.3139,0.230101,1.771811,79.469228,78.759685,2.486136,0.007373,1.060859,4,10,7,5,4,10,7,5,4,10,7,4,4,10,7,3,0.07856,0.1551,0.34753,0.37574,1,1,21:06:2023,05:15:54,3,-15.555244,-56.070214,234.0,lev20,Almucantar,Cuiaba,252,252.867431,1.4462,1.4617,1.4613,1.459,0.011393,0.011435,0.01204,0.012319,79.469228,78.759685,2.486136,0.007373,1.060859,4,10,7,5,4,10,7,5,4,10,7,4,4,10,7,3,0.07856,0.1551,0.34753,0.37574,1,1,21:06:2023,05:15:54,3,-15.555244,-56.070214,234.0,lev20,Almucantar,Cuiaba,252,252.867431,0.9289,0.9107,0.8856,0.8679,79.469228,78.759685,2.486136,0.007373,1.060859,4,10,7,5,4,10,7,5,4,10,7,4,4,10,7,3,0.07856,0.1551,0.34753,0.37574,1,1,21:06:2023,05:15:54,3,-15.555244,-56.070214,234.0,lev20,Almucantar,Cuiaba,252,252.867431,0.075654,0.047,0.035904,0.030444,1.094922,79.469228,78.759685,2.486136,0.007373,1.060859,4,10,7,5,4,10,7,5,4,10,7,4,4,10,7,3,0.07856,0.1551,0.34753,0.37574,1,1,21:06:2023,05:15:54,3,-15.555244,-56.070214,234.0,lev20,Almucantar,1.791059137367168,0.8465044486828834,0.9661838364030321,BCL,Biomass,,Unknown
10:09:1993,19:30:49,Cuiaba,253,253.813067,1.251,0.6339,0.3851,0.2849,1.2191,0.6009,0.3516,0.2509,0.0319,0.033,0.0336,0.034,1.714413,61.005964,60.30806,1.449359,0.009915,1.249166,3,10,8,4,3,10,8,4,3,10,8,4,3,10,8,4,0.06524,0.12769,0.27605,0.30542,1,1,21:06:2023,05:14:42,3,-15.555244,-56.070214,234.0,lev20,Almucantar,Cuiaba,253,253.813067,1.249166,0.633319,0.385027,0.284465,1.712598,61.005964,60.30806,1.449359,0.009915,1.249166,3,10,8,4,3,10,8,4,3,10,8,4,3,10,8,4,0.06524,0.12769,0.27605,0.30542,1,1,21:06:2023,05:14:42,3,-15.555244,-56.070214,234.0,lev20,Almucantar,Cuiaba,253,253.813067,1.4534,1.4645,1.465,1.463,0.011769,0.014082,0.015219,0.01559,61.005964,60.30806,1.449359,0.009915,1.249166,3,10,8,4,3,10,8,4,3,10,8,4,3,10,8,4,0.06524,0.12769,0.27605,0.30542,1,1,21:06:2023,05:14:42,3,-15.555244,-56.070214,234.0,lev20,Almucantar,Cuiaba,253,253.813067,0.928,0.8957,0.8629,0.8415,61.005964,60.30806,1.449359,0.009915,1.249166,3,10,8,4,3,10,8,4,3,10,8,4,3,10,8,4,0.06524,0.12769,0.27605,0.30542,1,1,21:06:2023,05:14:42,3,-15.555244,-56.070214,234.0,lev20,Almucantar,Cuiaba,253,253.813067,0.090077,0.06611,0.052787,0.045145,0.777841,61.005964,60.30806,1.449359,0.009915,1.249166,3,10,8,4,3,10,8,4,3,10,8,4,3,10,8,4,0.06524,0.12769,0.27605,0.30542,1,1,21:06:2023,05:14:42,3,-15.555244,-56.070214,234.0,lev20,Almucantar,1.728272734311663,1.003016842506685,0.9640108539574673,BCL,Biomass,,Unknown
10:09:1993,20:49:14,Cuiaba,253,253.867523,1.1556,0.5919,0.3576,0.2627,1.1252,0.5605,0.3256,0.2303,0.0303,0.0314,0.032,0.0324,1.705043,79.474505,78.76424,2.506963,0.003168,1.151041,4,10,7,5,4,10,7,5,4,10,7,5,4,10,7,5,0.07856,0.15512,0.34757,0.37576,1,1,21:06:2023,05:17:26,3,-15.555244,-56.070214,234.0,lev20,Almucantar,Cuiaba,253,253.867523,1.151041,0.591209,0.35757,0.262644,1.69929,79.474505,78.76424,2.506963,0.003168,1.151041,4,10,7,5,4,10,7,5,4,10,7,5,4,10,7,5,0.07856,0.15512,0.34757,0.37576,1,1,21:06:2023,05:17:26,3,-15.555244,-56.070214,234.0,lev20,Almucantar,Cuiaba,253,253.867523,1.4624,1.4617,1.4543,1.4478,0.013443,0.015225,0.015111,0.014898,79.474505,78.76424,2.506963,0.003168,1.151041,4,10,7,5,4,10,7,5,4,10,7,5,4,10,7,5,0.07856,0.15512,0.34757,0.37576,1,1,21:06:2023,05:17:26,3,-15.555244,-56.070214,234.0,lev20,Almucantar,Cuiaba,253,253.867523,0.9198,0.889,0.8651,0.8487,79.474505,78.76424,2.506963,0.003168,1.151041,4,10,7,5,4,10,7,5,4,10,7,5,4,10,7,5,0.07856,0.15512,0.34757,0.37576,1,1,21:06:2023,05:17:26,3,-15.555244,-56.070214,234.0,lev20,Almucantar,Cuiaba,253,253.867523,0.092656,0.065695,0.048241,0.039748,0.942337,79.474505,78.76424,2.506963,0.003168,1.151041,4,10,7,5,4,10,7,5,4,10,7,5,4,10,7,5,0.07856,0.15512,0.34757,0.37576,1,1,21:06:2023,05:17:26,3,-15.555244,-56.070214,234.0,lev20,Almucantar,1.7205928129503525,0.9274378538644156,0.9632895312803089,BCL,Biomass,,Unknown
14:09:1993,11:59:06,Cuiaba,257,257.499375,1.5939,0.8102,0.4904,0.363,1.5383,0.7529,0.4309,0.3018,0.0556,0.0573,0.0595,0.0612,1.714393,57.016182,57.715733,1.24578,0.003907,1.591132,4,10,8,3,4,10,8,3,4,10,7,4,4,10,7,4,0.06134,0.12151,0.27483,0.3053,1,1,21:06:2023,05:05:53,3,-15.555244,-56.070214,234.0,lev20,Almucantar,Cuiaba,257,257.499375,1.591132,0.809249,0.490126,0.362562,1.712704,57.016182,57.715733,1.24578,0.003907,1.591132,4,10,8,3,4,10,8,3,4,10,7,4,4,10,7,4,0.06134,0.12151,0.27483,0.3053,1,1,21:06:2023,05:05:53,3,-15.555244,-56.070214,234.0,lev20,Almucantar,Cuiaba,257,257.499375,1.4825,1.4993,1.5029,1.5025,0.014926,0.01502,0.015099,0.015124,57.016182,57.715733,1.24578,0.003907,1.591132,4,10,8,3,4,10,8,3,4,10,7,4,4,10,7,4,0.06134,0.12151,0.27483,0.3053,1,1,21:06:2023,05:05:53,3,-15.555244,-56.070214,234.0,lev20,Almucantar,Cuiaba,257,257.499375,0.9135,0.8921,0.8675,0.8503,57.016182,57.715733,1.24578,0.003907,1.591132,4,10,8,3,4,10,8,3,4,10,7,4,4,10,7,4,0.06134,0.12151,0.27483,0.3053,1,1,21:06:2023,05:05:53,3,-15.555244,-56.070214,234.0,lev20,Almucantar,Cuiaba,257,257.499375,0.13786,0.087416,0.06498,0.054346,1.099355,57.016182,57.715733,1.24578,0.003907,1.591132,4,10,8,3,4,10,8,3,4,10,7,4,4,10,7,4,0.06134,0.12151,0.27483,0.3053,1,1,21:06:2023,05:05:53,3,-15.555244,-56.070214,234.0,lev20,Almucantar,1.729038839190218,1.2778193328405445,0.951564233903054,BCL,Biomass,,Unknown
16:09:1993,11:59:18,Cuiaba,259,259.499514,0.7844,0.406,0.2563,0.1959,0.7592,0.3798,0.2298,0.169,0.0252,0.0261,0.0265,0.0269,1.630626,56.530826,57.232722,1.030798,0.004205,0.783147,4,10,8,3,4,10,8,3,4,10,8,3,4,10,7,4,0.06118,0.12117,0.27385,0.30429,1,1,21:06:2023,05:07:27,3,-15.555244,-56.070214,234.0,lev20,Almucantar,Cuiaba,259,259.499514,0.783147,0.405693,0.256466,0.1965,1.627459,56.530826,57.232722,1.030798,0.004205,0.783147,4,10,8,3,4,10,8,3,4,10,8,3,4,10,7,4,0.06118,0.12117,0.27385,0.30429,1,1,21:06:2023,05:07:27,3,-15.555244,-56.070214,234.0,lev20,Almucantar,Cuiaba,259,259.499514,1.4843,1.4927,1.4924,1.4887,0.011404,0.016175,0.018084,0.018975,56.530826,57.232722,1.030798,0.004205,0.783147,4,10,8,3,4,10,8,3,4,10,8,3,4,10,7,4,0.06118,0.12117,0.27385,0.30429,1,1,21:06:2023,05:07:27,3,-15.555244,-56.070214,234.0,lev20,Almucantar,Cuiaba,259,259.499514,0.9296,0.8821,0.8501,0.8297,56.530826,57.232722,1.030798,0.004205,0.783147,4,10,8,3,4,10,8,3,4,10,8,3,4,10,7,4,0.06118,0.12117,0.27385,0.30429,1,1,21:06:2023,05:07:27,3,-15.555244,-56.070214,234.0,lev20,Almucantar,Cuiaba,259,259.499514,0.055212,0.047855,0.038427,0.033363,0.512423,56.530826,57.232722,1.030798,0.004205,0.783147,4,10,8,3,4,10,8,3,4,10,8,3,4,10,7,4,0.06118,0.12117,0.27385,0.30429,1,1,21:06:2023,05:07:27,3,-15.555244,-56.070214,234.0,lev20,Almucantar,1.6408099325410113,0.6359810890109685,0.9543642431048567,BCL,Arid,,Unknown
16:09:1993,20:58:42,Cuiaba,259,259.874097,0.8799,0.4446,0.2716,0.204,0.8452,0.4086,0.235,0.1668,0.0347,0.036,0.0366,0.0371,1.711452,81.578814,80.866708,4.82149,0.00772,0.87703,4,10,6,5,2,10,4,5,4,8,4,5,4,9,4,3,0.07891,0.15812,0.37394,0.40049,1,1,21:06:2023,05:12:11,3,-15.555244,-56.070214,234.0,lev20,Almucantar,Cuiaba,259,259.874097,0.87703,0.444081,0.27179,0.20389,1.70572,81.578814,80.866708,4.82149,0.00772,0.87703,4,10,6,5,2,10,4,5,4,8,4,5,4,9,4,3,0.07891,0.15812,0.37394,0.40049,1,1,21:06:2023,05:12:11,3,-15.555244,-56.070214,234.0,lev20,Almucantar,Cuiaba,259,259.874097,1.4529,1.4712,1.4689,1.4623,0.015547,0.014742,0.01349,0.013136,81.578814,80.866708,4.82149,0.00772,0.87703,4,10,6,5,2,10,4,5,4,8,4,5,4,9,4,3,0.07891,0.15812,0.37394,0.40049,1,1,21:06:2023,05:12:11,3,-15.555244,-56.070214,234.0,lev20,Almucantar,Cuiaba,259,259.874097,0.8994,0.8794,0.8643,0.8514,81.578814,80.866708,4.82149,0.00772,0.87703,4,10,6,5,2,10,4,5,4,8,4,5,4,9,4,3,0.07891,0.15812,0.37394,0.40049,1,1,21:06:2023,05:12:11,3,-15.555244,-56.070214,234.0,lev20,Almucantar,Cuiaba,259,259.874097,0.088487,0.0536,0.036855,0.03031,1.273568,81.578814,80.866708,4.82149,0.00772,0.87703,4,10,6,5,2,10,4,5,4,8,4,5,4,9,4,3,0.07891,0.15812,0.37394,0.40049,1,1,21:06:2023,05:12:11,3,-15.555244,-56.070214,234.0,lev20,Almucantar,1.7242863370818369,0.7058388324146001,0.9438987900631528,BCM,Biomass,,Unknown
17:09:1993,10:41:42,Cuiaba,260,260.445625,1.0244,0.4975,0.2959,0.2181,0.9929,0.4648,0.2626,0.1846,0.0315,0.0327,0.0332,0.0335,1.808321,74.692726,75.408091,1.108209,0.002769,1.022567,4,10,7,5,4,10,7,5,4,10,7,5,4,10,7,5,0.07083,0.14222,0.33404,0.36552,1,1,21:06:2023,05:18:35,3,-15.555244,-56.070214,234.0,lev20,Almucantar,Cuiaba,260,260.445625,1.022567,0.497138,0.295911,0.218277,1.805662,74.692726,75.408091,1.108209,0.002769,1.022567,4,10,7,5,4,10,7,5,4,10,7,5,4,10,7,5,0.07083,0.14222,0.33404,0.36552,1,1,21:06:2023,05:18:35,3,-15.555244,-56.070214,234.0,lev20,Almucantar,Cuiaba,260,260.445625,1.5158,1.5154,1.5057,1.4964,0.01048,0.013373,0.014415,0.014572,74.692726,75.408091,1.108209,0.002769,1.022567,4,10,7,5,4,10,7,5,4,10,7,5,4,10,7,5,0.07083,0.14222,0.33404,0.36552,1,1,21:06:2023,05:18:35,3,-15.555244,-56.070214,234.0,lev20,Almucantar,Cuiaba,260,260.445625,0.9372,0.9028,0.8709,0.8522,74.692726,75.408091,1.108209,0.002769,1.022567,4,10,7,5,4,10,7,5,4,10,7,5,4,10,7,5,0.07083,0.14222,0.33404,0.36552,1,1,21:06:2023,05:18:35,3,-15.555244,-56.070214,234.0,lev20,Almucantar,Cuiaba,260,260.445625,0.064319,0.04834,0.038198,0.032227,0.754818,74.692726,75.408091,1.108209,0.002769,1.022567,4,10,7,5,4,10,7,5,4,10,7,5,4,10,7,5,0.07083,0.14222,0.33404,0.36552,1,1,21:06:2023,05:18:35,3,-15.555244,-56.070214,234.0,lev20,Almucantar,1.8216328627197629,0.8115912963500982,0.955233117622734,BCL,Biomass,,Unknown
17:09:1993,11:59:23,Cuiaba,260,260.499572,0.9127,0.4471,0.2725,0.2047,0.8811,0.4147,0.2384,0.1692,0.0316,0.0325,0.0341,0.0354,1.762557,56.293166,56.996204,1.066712,0.013987,0.912388,4,10,8,3,4,10,8,3,4,10,8,3,4,10,8,3,0.0611,0.12101,0.27336,0.30381,1,1,21:06:2023,05:20:59,3,-15.555244,-56.070214,234.0,lev20,Almucantar,Cuiaba,260,260.499572,0.912388,0.446818,0.272572,0.205065,1.761818,56.293166,56.996204,1.066712,0.013987,0.912388,4,10,8,3,4,10,8,3,4,10,8,3,4,10,8,3,0.0611,0.12101,0.27336,0.30381,1,1,21:06:2023,05:20:59,3,-15.555244,-56.070214,234.0,lev20,Almucantar,Cuiaba,260,260.499572,1.4791,1.4943,1.4965,1.4944,0.011608,0.014079,0.015612,0.016812,56.293166,56.996204,1.066712,0.013987,0.912388,4,10,8,3,4,10,8,3,4,10,8,3,4,10,8,3,0.0611,0.12101,0.27336,0.30381,1,1,21:06:2023,05:20:59,3,-15.555244,-56.070214,234.0,lev20,Almucantar,Cuiaba,260,260.499572,0.929,0.8936,0.8571,0.8326,56.293166,56.996204,1.066712,0.013987,0.912388,4,10,8,3,4,10,8,3,4,10,8,3,4,10,8,3,0.0611,0.12101,0.27336,0.30381,1,1,21:06:2023,05:20:59,3,-15.555244,-56.070214,234.0,lev20,Almucantar,Cuiaba,260,260.499572,0.064829,0.047594,0.038933,0.034262,0.745333,56.293166,56.996204,1.066712,0.013987,0.912388,4,10,8,3,4,10,8,3,4,10,8,3,4,10,8,3,0.0611,0.12101,0.27336,0.30381,1,1,21:06:2023,05:20:59,3,-15.555244,-56.070214,234.0,lev20,Almucantar,1.7731199204420347,0.727594103085955,0.950847101340692,BCL,Biomass,,Unknown
18:09:1993,10:41:54,Cuiaba,261,261.445764,1.1073,0.5322,0.3133,0.2281,1.0828,0.5067,0.2875,0.202,0.0245,0.0255,0.0259,0.0261,1.838062,74.449084,75.165016,1.951182,0.02607,1.106427,4,10,7,5,4,10,7,5,4,10,7,5,4,10,7,5,0.07062,0.14177,0.33277,0.36424,1,1,21:06:2023,05:13:56,3,-15.555244,-56.070214,234.0,lev20,Almucantar,Cuiaba,261,261.445764,1.106427,0.531873,0.313451,0.228359,1.836342,74.449084,75.165016,1.951182,0.02607,1.106427,4,10,7,5,4,10,7,5,4,10,7,5,4,10,7,5,0.07062,0.14177,0.33277,0.36424,1,1,21:06:2023,05:13:56,3,-15.555244,-56.070214,234.0,lev20,Almucantar,Cuiaba,261,261.445764,1.5306,1.5209,1.5084,1.4969,0.01238,0.01539,0.016922,0.017355,74.449084,75.165016,1.951182,0.02607,1.106427,4,10,7,5,4,10,7,5,4,10,7,5,4,10,7,5,0.07062,0.14177,0.33277,0.36424,1,1,21:06:2023,05:13:56,3,-15.555244,-56.070214,234.0,lev20,Almucantar,Cuiaba,261,261.445764,0.9324,0.895,0.8603,0.8383,74.449084,75.165016,1.951182,0.02607,1.106427,4,10,7,5,4,10,7,5,4,10,7,5,4,10,7,5,0.07062,0.14177,0.33277,0.36424,1,1,21:06:2023,05:13:56,3,-15.555244,-56.070214,234.0,lev20,Almucantar,Cuiaba,261,261.445764,0.074811,0.055897,0.043763,0.036901,0.776151,74.449084,75.165016,1.951182,0.02607,1.106427,4,10,7,5,4,10,7,5,4,10,7,5,4,10,7,5,0.07062,0.14177,0.33277,0.36424,1,1,21:06:2023,05:13:56,3,-15.555244,-56.070214,234.0,lev20,Almucantar,1.8519648931541555,0.873874683362002,0.9677688775182548,BCL,Biomass,,Unknown
18:09:1993,11:59:30,Cuiaba,261,261.499653,1.0746,0.5185,0.307,0.2258,1.046,0.4892,0.2761,0.1936,0.0286,0.0294,0.0309,0.0322,1.824381,56.048635,56.752782,1.290267,0.013447,1.073892,4,10,8,3,4,10,8,3,4,10,8,3,4,10,8,3,0.06103,0.12084,0.27288,0.30332,1,1,21:06:2023,05:16:49,3,-15.555244,-56.070214,234.0,lev20,Almucantar,Cuiaba,261,261.499653,1.073892,0.518293,0.307123,0.226121,1.822918,56.048635,56.752782,1.290267,0.013447,1.073892,4,10,8,3,4,10,8,3,4,10,8,3,4,10,8,3,0.06103,0.12084,0.27288,0.30332,1,1,21:06:2023,05:16:49,3,-15.555244,-56.070214,234.0,lev20,Almucantar,Cuiaba,261,261.499653,1.4909,1.4994,1.4975,1.4945,0.013055,0.015567,0.017217,0.018009,56.048635,56.752782,1.290267,0.013447,1.073892,4,10,8,3,4,10,8,3,4,10,8,3,4,10,8,3,0.06103,0.12084,0.27288,0.30332,1,1,21:06:2023,05:16:49,3,-15.555244,-56.070214,234.0,lev20,Almucantar,Cuiaba,261,261.499653,0.9268,0.8895,0.8541,0.8306,56.048635,56.752782,1.290267,0.013447,1.073892,4,10,8,3,4,10,8,3,4,10,8,3,4,10,8,3,0.06103,0.12084,0.27288,0.30332,1,1,21:06:2023,05:16:49,3,-15.555244,-56.070214,234.0,lev20,Almucantar,Cuiaba,261,261.499653,0.0787,0.057282,0.04479,0.038248,0.818479,56.048635,56.752782,1.290267,0.013447,1.073892,4,10,8,3,4,10,8,3,4,10,8,3,4,10,8,3,0.06103,0.12084,0.27288,0.30332,1,1,21:06:2023,05:16:49,3,-15.555244,-56.070214,234.0,lev20,Almucantar,1.8377909045434027,0.8496060494701005,0.9623450833129609,BCL,Biomass,,Unknown
19:09:1993,10:41:07,Cuiaba,262,262.44522,1.2155,0.5834,0.3395,0.2439,1.1951,0.5622,0.318,0.2223,0.0204,0.0212,0.0215,0.0216,1.855486,74.440653,75.157136,2.574759,0.036642,1.214064,4,10,7,5,4,10,7,5,4,10,7,5,4,10,7,5,0.07061,0.14177,0.33277,0.36419,1,1,21:06:2023,05:26:33,3,-15.555244,-56.070214,234.0,lev20,Almucantar,Cuiaba,262,262.44522,1.214064,0.582882,0.338551,0.243845,1.857561,74.440653,75.157136,2.574759,0.036642,1.214064,4,10,7,5,4,10,7,5,4,10,7,5,4,10,7,5,0.07061,0.14177,0.33277,0.36419,1,1,21:06:2023,05:26:33,3,-15.555244,-56.070214,234.0,lev20,Almucantar,Cuiaba,262,262.44522,1.5671,1.5489,1.5339,1.5203,0.012966,0.015251,0.016286,0.016514,74.440653,75.157136,2.574759,0.036642,1.214064,4,10,7,5,4,10,7,5,4,10,7,5,4,10,7,5,0.07061,0.14177,0.33277,0.36419,1,1,21:06:2023,05:26:33,3,-15.555244,-56.070214,234.0,lev20,Almucantar,Cuiaba,262,262.44522,0.9337,0.9038,0.8744,0.8551,74.440653,75.157136,2.574759,0.036642,1.214064,4,10,7,5,4,10,7,5,4,10,7,5,4,10,7,5,0.07061,0.14177,0.33277,0.36419,1,1,21:06:2023,05:26:33,3,-15.555244,-56.070214,234.0,lev20,Almucantar,Cuiaba,262,262.44522,0.080538,0.056091,0.042634,0.035333,0.924379,74.440653,75.157136,2.574759,0.036642,1.214064,4,10,7,5,4,10,7,5,4,10,7,5,4,10,7,5,0.07061,0.14177,0.33277,0.36419,1,1,21:06:2023,05:26:33,3,-15.555244,-56.070214,234.0,lev20,Almucantar,1.8709142781286694,0.9569446126669795,0.9756187116112419,BCL,Biomass,,Unknown
19:09:1993,11:58:38,Cuiaba,262,262.499051,1.26,0.5973,0.3499,0.2542,1.2376,0.5741,0.3264,0.2304,0.0223,0.0232,0.0235,0.0238,1.865952,56.036243,56.741738,1.302313,0.018413,1.2593,4,10,8,3,4,10,8,3,4,10,8,3,4,10,8,3,0.06103,0.12083,0.27286,0.30329,1,1,21:06:2023,05:04:44,3,-15.555244,-56.070214,234.0,lev20,Almucantar,Cuiaba,262,262.499051,1.2593,0.596913,0.35,0.254362,1.864858,56.036243,56.741738,1.302313,0.018413,1.2593,4,10,8,3,4,10,8,3,4,10,8,3,4,10,8,3,0.06103,0.12083,0.27286,0.30329,1,1,21:06:2023,05:04:44,3,-15.555244,-56.070214,234.0,lev20,Almucantar,Cuiaba,262,262.499051,1.495,1.5004,1.499,1.4953,0.012182,0.014859,0.016021,0.016675,56.036243,56.741738,1.302313,0.018413,1.2593,4,10,8,3,4,10,8,3,4,10,8,3,4,10,8,3,0.06103,0.12083,0.27286,0.30329,1,1,21:06:2023,05:04:44,3,-15.555244,-56.070214,234.0,lev20,Almucantar,Cuiaba,262,262.499051,0.9322,0.896,0.8618,0.8391,56.036243,56.741738,1.302313,0.018413,1.2593,4,10,8,3,4,10,8,3,4,10,8,3,4,10,8,3,0.06103,0.12083,0.27286,0.30329,1,1,21:06:2023,05:04:44,3,-15.555244,-56.070214,234.0,lev20,Almucantar,Cuiaba,262,262.499051,0.085432,0.062136,0.048365,0.040911,0.825648,56.036243,56.741738,1.302313,0.018413,1.2593,4,10,8,3,4,10,8,3,4,10,8,3,4,10,8,3,0.06103,0.12083,0.27286,0.30329,1,1,21:06:2023,05:04:44,3,-15.555244,-56.070214,234.0,lev20,Almucantar,1.8793968907377303,0.990903703924208,0.9739678327901327,BCL,Biomass,,Unknown
20:09:1993,11:59:45,Cuiaba,263,263.499826,1.1079,0.5478,0.3379,0.2534,1.0614,0.4968,0.2821,0.1951,0.0465,0.051,0.0558,0.0583,1.732239,55.559005,56.265292,1.195846,0.016109,1.106499,4,10,8,3,4,10,8,3,4,10,8,3,4,10,8,3,0.06088,0.12051,0.27191,0.30235,1,1,21:06:2023,05:25:05,3,-15.555244,-56.070214,234.0,lev20,Almucantar,Cuiaba,263,263.499826,1.106499,0.547553,0.336946,0.253793,1.734126,55.559005,56.265292,1.195846,0.016109,1.106499,4,10,8,3,4,10,8,3,4,10,8,3,4,10,8,3,0.06088,0.12051,0.27191,0.30235,1,1,21:06:2023,05:25:05,3,-15.555244,-56.070214,234.0,lev20,Almucantar,Cuiaba,263,263.499826,1.4603,1.4719,1.4767,1.4752,0.009566,0.01321,0.014992,0.015806,55.559005,56.265292,1.195846,0.016109,1.106499,4,10,8,3,4,10,8,3,4,10,8,3,4,10,8,3,0.06088,0.12051,0.27191,0.30235,1,1,21:06:2023,05:25:05,3,-15.555244,-56.070214,234.0,lev20,Almucantar,Cuiaba,263,263.499826,0.9385,0.9003,0.8653,0.8419,55.559005,56.265292,1.195846,0.016109,1.106499,4,10,8,3,4,10,8,3,4,10,8,3,4,10,8,3,0.06088,0.12051,0.27191,0.30235,1,1,21:06:2023,05:25:05,3,-15.555244,-56.070214,234.0,lev20,Almucantar,Cuiaba,263,263.499826,0.068169,0.054626,0.045526,0.04007,0.584851,55.559005,56.265292,1.195846,0.016109,1.106499,4,10,8,3,4,10,8,3,4,10,8,3,4,10,8,3,0.06088,0.12051,0.27191,0.30235,1,1,21:06:2023,05:25:05,3,-15.555244,-56.070214,234.0,lev20,Almucantar,1.7418797397956396,0.8867394982553857,0.9386357489500436,BCL,Biomass,,Unknown
20:09:1993,18:52:58,Cuiaba,263,263.786782,0.8624,0.4597,0.3121,0.2526,0.8201,0.4159,0.2677,0.2081,0.0423,0.0438,0.0444,0.0446,1.488624,51.644199,50.943958,2.241201,0.075326,0.860188,3,10,8,3,3,10,8,3,3,10,7,3,3,9,6,3,0.05995,0.11816,0.26386,0.29307,1,1,21:06:2023,05:30:41,3,-15.555244,-56.070214,234.0,lev20,Almucantar,Cuiaba,263,263.786782,0.860188,0.459097,0.310116,0.254007,1.493384,51.644199,50.943958,2.241201,0.075326,0.860188,3,10,8,3,3,10,8,3,3,10,7,3,3,9,6,3,0.05995,0.11816,0.26386,0.29307,1,1,21:06:2023,05:30:41,3,-15.555244,-56.070214,234.0,lev20,Almucantar,Cuiaba,263,263.786782,1.4921,1.5124,1.5309,1.5414,0.009595,0.011534,0.014193,0.016309,51.644199,50.943958,2.241201,0.075326,0.860188,3,10,8,3,3,10,8,3,3,10,7,3,3,9,6,3,0.05995,0.11816,0.26386,0.29307,1,1,21:06:2023,05:30:41,3,-15.555244,-56.070214,234.0,lev20,Almucantar,Cuiaba,263,263.786782,0.9305,0.9029,0.8697,0.8443,51.644199,50.943958,2.241201,0.075326,0.860188,3,10,8,3,3,10,8,3,3,10,7,3,3,9,6,3,0.05995,0.11816,0.26386,0.29307,1,1,21:06:2023,05:30:41,3,-15.555244,-56.070214,234.0,lev20,Almucantar,Cuiaba,263,263.786782,0.059903,0.044623,0.040662,0.039324,0.579791,51.644199,50.943958,2.241201,0.075326,0.860188,3,10,8,3,3,10,8,3,3,10,7,3,3,9,6,3,0.05995,0.11816,0.26386,0.29307,1,1,21:06:2023,05:30:41,3,-15.555244,-56.070214,234.0,lev20,Almucantar,1.490931482180836,0.7127483423624922,0.9296780750800551,BCL,Biomass,,Unknown
22:09:1993,10:40:45,Cuiaba,265,265.444965,0.8627,0.4377,0.2713,0.205,0.8203,0.3925,0.2217,0.1528,0.0424,0.0451,0.0496,0.0522,1.685838,73.946218,74.664141,1.882667,0.006527,0.86116,4,10,7,5,4,10,7,5,4,10,7,5,4,10,7,5,0.06783,0.13795,0.3351,0.36368,1,1,21:06:2023,05:21:09,3,-15.555244,-56.070214,234.0,lev20,Almucantar,Cuiaba,265,265.444965,0.86116,0.437447,0.271519,0.205533,1.682126,73.946218,74.664141,1.882667,0.006527,0.86116,4,10,7,5,4,10,7,5,4,10,7,5,4,10,7,5,0.06783,0.13795,0.3351,0.36368,1,1,21:06:2023,05:21:09,3,-15.555244,-56.070214,234.0,lev20,Almucantar,Cuiaba,265,265.444965,1.5263,1.5129,1.5039,1.4957,0.012242,0.016005,0.017947,0.018795,73.946218,74.664141,1.882667,0.006527,0.86116,4,10,7,5,4,10,7,5,4,10,7,5,4,10,7,5,0.06783,0.13795,0.3351,0.36368,1,1,21:06:2023,05:21:09,3,-15.555244,-56.070214,234.0,lev20,Almucantar,Cuiaba,265,265.444965,0.9304,0.8904,0.859,0.8391,73.946218,74.664141,1.882667,0.006527,0.86116,4,10,7,5,4,10,7,5,4,10,7,5,4,10,7,5,0.06783,0.13795,0.3351,0.36368,1,1,21:06:2023,05:21:09,3,-15.555244,-56.070214,234.0,lev20,Almucantar,Cuiaba,265,265.444965,0.060048,0.047981,0.03826,0.032997,0.647803,73.946218,74.664141,1.882667,0.006527,0.86116,4,10,7,5,4,10,7,5,4,10,7,5,4,10,7,5,0.06783,0.13795,0.3351,0.36368,1,1,21:06:2023,05:21:09,3,-15.555244,-56.070214,234.0,lev20,Almucantar,1.6969494187400456,0.6944639413910682,0.9308770135058321,BCL,Arid,,Unknown
23:09:1993,10:41:58,Cuiaba,266,266.44581,0.7859,0.3984,0.2523,0.1951,0.7485,0.3599,0.2122,0.1534,0.0374,0.0385,0.0402,0.0417,1.658697,73.462609,74.180954,2.011541,0.007741,0.783972,4,10,7,5,3,10,6,5,2,10,6,5,2,10,6,5,0.06747,0.13713,0.33266,0.36124,1,1,21:06:2023,05:09:58,3,-15.555244,-56.070214,234.0,lev20,Almucantar,Cuiaba,266,266.44581,0.783972,0.398123,0.252497,0.195394,1.654009,73.462609,74.180954,2.011541,0.007741,0.783972,4,10,7,5,3,10,6,5,2,10,6,5,2,10,6,5,0.06747,0.13713,0.33266,0.36124,1,1,21:06:2023,05:09:58,3,-15.555244,-56.070214,234.0,lev20,Almucantar,Cuiaba,266,266.44581,1.4908,1.5055,1.5098,1.5102,0.011154,0.010648,0.011007,0.011304,73.462609,74.180954,2.011541,0.007741,0.783972,4,10,7,5,3,10,6,5,2,10,6,5,2,10,6,5,0.06747,0.13713,0.33266,0.36124,1,1,21:06:2023,05:09:58,3,-15.555244,-56.070214,234.0,lev20,Almucantar,Cuiaba,266,266.44581,0.9279,0.9127,0.8944,0.8827,73.462609,74.180954,2.011541,0.007741,0.783972,4,10,7,5,3,10,6,5,2,10,6,5,2,10,6,5,0.06747,0.13713,0.33266,0.36124,1,1,21:06:2023,05:09:58,3,-15.555244,-56.070214,234.0,lev20,Almucantar,Cuiaba,266,266.44581,0.05669,0.034767,0.026646,0.022884,1.110606,73.462609,74.180954,2.011541,0.007741,0.783972,4,10,7,5,3,10,6,5,2,10,6,5,2,10,6,5,0.06747,0.13713,0.33266,0.36124,1,1,21:06:2023,05:09:58,3,-15.555244,-56.070214,234.0,lev20,Almucantar,1.6666860700785964,0.6350930085252036,0.9326701212939413,BCL,Arid,,Unknown
24:09:1993,18:53:39,Cuiaba,267,267.787257,1.4846,0.7566,0.4665,0.35,1.4315,0.7017,0.409,0.2907,0.053,0.055,0.0575,0.0593,1.685889,51.599789,50.893562,1.985033,0.0207,1.481484,3,10,8,3,3,10,8,3,3,10,8,3,3,10,8,3,0.05816,0.11611,0.26738,0.29479,1,1,21:06:2023,05:17:16,3,-15.555244,-56.070214,234.0,lev20,Almucantar,Cuiaba,267,267.787257,1.481484,0.755875,0.46652,0.350296,1.68279,51.599789,50.893562,1.985033,0.0207,1.481484,3,10,8,3,3,10,8,3,3,10,8,3,3,10,8,3,0.05816,0.11611,0.26738,0.29479,1,1,21:06:2023,05:17:16,3,-15.555244,-56.070214,234.0,lev20,Almucantar,Cuiaba,267,267.787257,1.4304,1.4437,1.4496,1.4522,0.006878,0.00748,0.007859,0.00836,51.599789,50.893562,1.985033,0.0207,1.481484,3,10,8,3,3,10,8,3,3,10,8,3,3,10,8,3,0.05816,0.11611,0.26738,0.29479,1,1,21:06:2023,05:17:16,3,-15.555244,-56.070214,234.0,lev20,Almucantar,Cuiaba,267,267.787257,0.9518,0.9361,0.9194,0.9046,51.599789,50.893562,1.985033,0.0207,1.481484,3,10,8,3,3,10,8,3,3,10,8,3,3,10,8,3,0.05816,0.11611,0.26738,0.29479,1,1,21:06:2023,05:17:16,3,-15.555244,-56.070214,234.0,lev20,Almucantar,Cuiaba,267,267.787257,0.071562,0.048349,0.037598,0.033383,0.941225,51.599789,50.893562,1.985033,0.0207,1.481484,3,10,8,3,3,10,8,3,3,10,8,3,3,10,8,3,0.05816,0.11611,0.26738,0.29479,1,1,21:06:2023,05:17:16,3,-15.555244,-56.070214,234.0,lev20,Almucantar,1.6981241675496082,1.194907095632952,0.9499747648747392,FNA,Biomass,,Unknown
01:10:1993,11:39:11,Cuiaba,274,274.485544,0.3628,0.1991,0.1334,0.1083,0.3504,0.1862,0.1203,0.0951,0.0124,0.0129,0.0131,0.0132,1.46099,58.23954,58.958103,1.584323,0.032744,0.36158,4,10,7,4,4,10,7,4,4,10,7,4,3,11,7,4,0.05997,0.12021,0.28506,0.31296,1,1,21:06:2023,05:21:34,3,-15.555244,-56.070214,234.0,lev20,Almucantar,Cuiaba,274,274.485544,0.36158,0.19943,0.133246,0.108886,1.45692,58.23954,58.958103,1.584323,0.032744,0.36158,4,10,7,4,4,10,7,4,4,10,7,4,3,11,7,4,0.05997,0.12021,0.28506,0.31296,1,1,21:06:2023,05:21:34,3,-15.555244,-56.070214,234.0,lev20,Almucantar,Cuiaba,274,274.485544,1.5158,1.5125,1.5098,1.5043,0.01487,0.014675,0.014854,0.014876,58.23954,58.958103,1.584323,0.032744,0.36158,4,10,7,4,4,10,7,4,4,10,7,4,3,11,7,4,0.05997,0.12021,0.28506,0.31296,1,1,21:06:2023,05:21:34,3,-15.555244,-56.070214,234.0,lev20,Almucantar,Cuiaba,274,274.485544,0.9149,0.8969,0.8712,0.8514,58.23954,58.958103,1.584323,0.032744,0.36158,4,10,7,4,4,10,7,4,4,10,7,4,3,11,7,4,0.05997,0.12021,0.28506,0.31296,1,1,21:06:2023,05:21:34,3,-15.555244,-56.070214,234.0,lev20,Almucantar,Cuiaba,274,274.485544,0.0798,0.049829,0.038157,0.032227,1.225119,58.23954,58.958103,1.584323,0.032744,0.36158,4,10,7,4,4,10,7,4,4,10,7,4,3,11,7,4,0.05997,0.12021,0.28506,0.31296,1,1,21:06:2023,05:21:34,3,-15.555244,-56.070214,234.0,lev20,Almucantar,1.4676139890008042,0.30073866768197494,0.951787929968633,BCL,Urban,,Unknown
04:10:1993,11:38:56,Cuiaba,277,277.48537,0.5154,0.264,0.1747,0.1387,0.4944,0.2424,0.1526,0.1162,0.021,0.0216,0.0221,0.0225,1.58437,57.755853,58.475825,1.941234,0.065581,0.514023,4,10,7,4,4,10,7,4,4,10,7,4,4,10,7,4,0.05981,0.11986,0.28399,0.31188,1,1,21:06:2023,05:07:49,3,-15.555244,-56.070214,234.0,lev20,Almucantar,Cuiaba,277,277.48537,0.514023,0.263489,0.174555,0.140354,1.581759,57.755853,58.475825,1.941234,0.065581,0.514023,4,10,7,4,4,10,7,4,4,10,7,4,4,10,7,4,0.05981,0.11986,0.28399,0.31188,1,1,21:06:2023,05:07:49,3,-15.555244,-56.070214,234.0,lev20,Almucantar,Cuiaba,277,277.48537,1.3887,1.4218,1.4438,1.4568,0.005853,0.00715,0.008788,0.009659,57.755853,58.475825,1.941234,0.065581,0.514023,4,10,7,4,4,10,7,4,4,10,7,4,4,10,7,4,0.05981,0.11986,0.28399,0.31188,1,1,21:06:2023,05:07:49,3,-15.555244,-56.070214,234.0,lev20,Almucantar,Cuiaba,277,277.48537,0.9457,0.9215,0.8919,0.8727,57.755853,58.475825,1.941234,0.065581,0.514023,4,10,7,4,4,10,7,4,4,10,7,4,4,10,7,4,0.05981,0.11986,0.28399,0.31188,1,1,21:06:2023,05:07:49,3,-15.555244,-56.070214,234.0,lev20,Almucantar,Cuiaba,277,277.48537,0.02799,0.020717,0.018882,0.017646,0.589462,57.755853,58.475825,1.941234,0.065581,0.514023,4,10,7,4,4,10,7,4,4,10,7,4,4,10,7,4,0.05981,0.11986,0.28399,0.31188,1,1,21:06:2023,05:07:49,3,-15.555244,-56.070214,234.0,lev20,Almucantar,1.586979237473228,0.42076496159111776,0.9411651266633781,BCL,Unclassified,,Unknown
07:10:1993,10:21:21,Cuiaba,280,280.431493,0.5809,0.2719,0.1653,0.1257,0.5629,0.2533,0.1464,0.1065,0.0179,0.0187,0.019,0.0192,1.836494,75.889033,76.608108,2.068588,0.010742,0.580267,4,9,6,5,4,10,7,5,4,10,7,5,4,10,7,5,0.06947,0.14155,0.34964,0.3778,1,1,21:06:2023,05:14:38,3,-15.555244,-56.070214,234.0,lev20,Almucantar,Cuiaba,280,280.431493,0.580267,0.271662,0.165545,0.126264,1.83304,75.889033,76.608108,2.068588,0.010742,0.580267,4,9,6,5,4,10,7,5,4,10,7,5,4,10,7,5,0.06947,0.14155,0.34964,0.3778,1,1,21:06:2023,05:14:38,3,-15.555244,-56.070214,234.0,lev20,Almucantar,Cuiaba,280,280.431493,1.5236,1.5104,1.4964,1.4887,0.013074,0.015344,0.016757,0.016996,75.889033,76.608108,2.068588,0.010742,0.580267,4,9,6,5,4,10,7,5,4,10,7,5,4,10,7,5,0.06947,0.14155,0.34964,0.3778,1,1,21:06:2023,05:14:38,3,-15.555244,-56.070214,234.0,lev20,Almucantar,Cuiaba,280,280.431493,0.923,0.8824,0.8467,0.8292,75.889033,76.608108,2.068588,0.010742,0.580267,4,9,6,5,4,10,7,5,4,10,7,5,4,10,7,5,0.06947,0.14155,0.34964,0.3778,1,1,21:06:2023,05:14:38,3,-15.555244,-56.070214,234.0,lev20,Almucantar,Cuiaba,280,280.431493,0.044736,0.031971,0.025333,0.021465,0.829253,75.889033,76.608108,2.068588,0.010742,0.580267,4,9,6,5,4,10,7,5,4,10,7,5,4,10,7,5,0.06947,0.14155,0.34964,0.3778,1,1,21:06:2023,05:14:38,3,-15.555244,-56.070214,234.0,lev20,Almucantar,1.8436006186008351,0.45893332689716626,0.9532753436905421,BCL,Arid,,Unknown
07:10:1993,19:40:15,Cuiaba,280,280.819618,0.2681,0.1454,0.1053,0.091,0.2466,0.1232,0.0827,0.0682,0.0215,0.0222,0.0226,0.0228,1.376294,62.274686,61.553466,1.641737,0.02332,0.266765,3,10,8,4,3,10,8,4,3,10,8,4,3,10,8,4,0.06168,0.12346,0.29324,0.31919,1,1,21:06:2023,05:21:20,3,-15.555244,-56.070214,234.0,lev20,Almucantar,Cuiaba,280,280.819618,0.266765,0.145434,0.105408,0.091611,1.367147,62.274686,61.553466,1.641737,0.02332,0.266765,3,10,8,4,3,10,8,4,3,10,8,4,3,10,8,4,0.06168,0.12346,0.29324,0.31919,1,1,21:06:2023,05:21:20,3,-15.555244,-56.070214,234.0,lev20,Almucantar,Cuiaba,280,280.819618,1.5158,1.5125,1.5098,1.5043,0.01487,0.014675,0.014854,0.014876,62.274686,61.553466,1.641737,0.02332,0.266765,3,10,8,4,3,10,8,4,3,10,8,4,3,10,8,4,0.06168,0.12346,0.29324,0.31919,1,1,21:06:2023,05:21:20,3,-15.555244,-56.070214,234.0,lev20,Almucantar,Cuiaba,280,280.819618,0.9149,0.8969,0.8712,0.8514,62.274686,61.553466,1.641737,0.02332,0.266765,3,10,8,4,3,10,8,4,3,10,8,4,3,10,8,4,0.06168,0.12346,0.29324,0.31919,1,1,21:06:2023,05:21:20,3,-15.555244,-56.070214,234.0,lev20,Almucantar,Cuiaba,280,280.819618,0.0798,0.049829,0.038157,0.032227,1.225119,62.274686,61.553466,1.641737,0.02332,0.266765,3,10,8,4,3,10,8,4,3,10,8,4,3,10,8,4,0.06168,0.12346,0.29324,0.31919,1,1,21:06:2023,05:21:20,3,-15.555244,-56.070214,234.0,lev20,Almucantar,1.3708688366627624,0.22500379302550907,0.884004865300866,BCL,Urban,,Unknown
07:10:1993,20:56:53,Cuiaba,280,280.872836,0.2492,0.1341,0.0942,0.0794,0.2118,0.0919,0.05,0.0351,0.0374,0.0422,0.0442,0.0443,1.428779,80.658221,79.943409,1.769788,0.006365,0.248245,4,10,6,5,4,10,6,5,4,10,7,5,4,10,7,5,0.07494,0.15222,0.37664,0.39947,1,1,21:06:2023,05:03:27,3,-15.555244,-56.070214,234.0,lev20,Almucantar,Cuiaba,280,280.872836,0.248245,0.134011,0.094358,0.079725,1.420757,80.658221,79.943409,1.769788,0.006365,0.248245,4,10,6,5,4,10,6,5,4,10,7,5,4,10,7,5,0.07494,0.15222,0.37664,0.39947,1,1,21:06:2023,05:03:27,3,-15.555244,-56.070214,234.0,lev20,Almucantar,Cuiaba,280,280.872836,1.5158,1.5125,1.5098,1.5043,0.01487,0.014675,0.014854,0.014876,80.658221,79.943409,1.769788,0.006365,0.248245,4,10,6,5,4,10,6,5,4,10,7,5,4,10,7,5,0.07494,0.15222,0.37664,0.39947,1,1,21:06:2023,05:03:27,3,-15.555244,-56.070214,234.0,lev20,Almucantar,Cuiaba,280,280.872836,0.9149,0.8969,0.8712,0.8514,80.658221,79.943409,1.769788,0.006365,0.248245,4,10,6,5,4,10,6,5,4,10,7,5,4,10,7,5,0.07494,0.15222,0.37664,0.39947,1,1,21:06:2023,05:03:27,3,-15.555244,-56.070214,234.0,lev20,Almucantar,Cuiaba,280,280.872836,0.0798,0.049829,0.038157,0.032227,1.225119,80.658221,79.943409,1.769788,0.006365,0.248245,4,10,6,5,4,10,6,5,4,10,7,5,4,10,7,5,0.07494,0.15222,0.37664,0.39947,1,1,21:06:2023,05:03:27,3,-15.555244,-56.070214,234.0,lev20,Almucantar,1.4270342188348573,0.20764568536498557,0.7708213680186567,BCL,Urban,,Unknown
08:10:1993,11:38:22,Cuiaba,281,281.484977,0.6298,0.3051,0.1899,0.1452,0.609,0.2835,0.168,0.1232,0.0208,0.0216,0.0219,0.0221,1.752007,57.211029,57.932352,1.413942,0.061039,0.628159,4,10,8,3,4,10,7,4,4,10,7,4,4,10,7,4,0.0586,0.11545,0.28582,0.31206,1,1,21:06:2023,05:13:10,3,-15.555244,-56.070214,234.0,lev20,Almucantar,Cuiaba,281,281.484977,0.628159,0.304554,0.189718,0.146056,1.749639,57.211029,57.932352,1.413942,0.061039,0.628159,4,10,8,3,4,10,7,4,4,10,7,4,4,10,7,4,0.0586,0.11545,0.28582,0.31206,1,1,21:06:2023,05:13:10,3,-15.555244,-56.070214,234.0,lev20,Almucantar,Cuiaba,281,281.484977,1.5225,1.5199,1.5183,1.514,0.012721,0.011985,0.013961,0.015701,57.211029,57.932352,1.413942,0.061039,0.628159,4,10,8,3,4,10,7,4,4,10,7,4,4,10,7,4,0.0586,0.11545,0.28582,0.31206,1,1,21:06:2023,05:13:10,3,-15.555244,-56.070214,234.0,lev20,Almucantar,Cuiaba,281,281.484977,0.9252,0.9083,0.8748,0.8452,57.211029,57.932352,1.413942,0.061039,0.628159,4,10,8,3,4,10,7,4,4,10,7,4,4,10,7,4,0.0586,0.11545,0.28582,0.31206,1,1,21:06:2023,05:13:10,3,-15.555244,-56.070214,234.0,lev20,Almucantar,Cuiaba,281,281.484977,0.047106,0.027986,0.023779,0.022491,1.023252,57.211029,57.932352,1.413942,0.061039,0.628159,4,10,8,3,4,10,7,4,4,10,7,4,4,10,7,4,0.0586,0.11545,0.28582,0.31206,1,1,21:06:2023,05:13:10,3,-15.555244,-56.070214,234.0,lev20,Almucantar,1.7586507006809424,0.5029989387671515,0.9507309129815361,BCL,Arid,,Unknown
08:10:1993,19:41:23,Cuiaba,281,281.820405,0.5893,0.298,0.1948,0.1569,0.531,0.2325,0.1252,0.0863,0.0583,0.0655,0.0696,0.0706,1.620509,62.519342,61.797965,1.447971,0.007282,0.587391,3,10,8,4,3,10,8,4,2,10,8,4,3,10,8,4,0.06071,0.11952,0.29717,0.32132,1,1,21:06:2023,05:19:57,3,-15.555244,-56.070214,234.0,lev20,Almucantar,Cuiaba,281,281.820405,0.587391,0.297626,0.194717,0.157187,1.616328,62.519342,61.797965,1.447971,0.007282,0.587391,3,10,8,4,3,10,8,4,2,10,8,4,3,10,8,4,0.06071,0.11952,0.29717,0.32132,1,1,21:06:2023,05:19:57,3,-15.555244,-56.070214,234.0,lev20,Almucantar,Cuiaba,281,281.820405,1.5138,1.5235,1.5226,1.5241,0.01482,0.016725,0.018101,0.019612,62.519342,61.797965,1.447971,0.007282,0.587391,3,10,8,4,3,10,8,4,2,10,8,4,3,10,8,4,0.06071,0.11952,0.29717,0.32132,1,1,21:06:2023,05:19:57,3,-15.555244,-56.070214,234.0,lev20,Almucantar,Cuiaba,281,281.820405,0.9007,0.8579,0.8231,0.7999,62.519342,61.797965,1.447971,0.007282,0.587391,3,10,8,4,3,10,8,4,2,10,8,4,3,10,8,4,0.06071,0.11952,0.29717,0.32132,1,1,21:06:2023,05:19:57,3,-15.555244,-56.070214,234.0,lev20,Almucantar,Cuiaba,281,281.820405,0.058532,0.042357,0.034467,0.031399,0.77463,62.519342,61.797965,1.447971,0.007282,0.587391,3,10,8,4,3,10,8,4,2,10,8,4,3,10,8,4,0.06071,0.11952,0.29717,0.32132,1,1,21:06:2023,05:19:57,3,-15.555244,-56.070214,234.0,lev20,Almucantar,1.6237817008344546,0.47883779257518155,0.8474472674904109,BCL,Arid,,Unknown
08:10:1993,20:58:01,Cuiaba,281,281.873623,0.6318,0.3084,0.1944,0.1518,0.5957,0.2712,0.1554,0.1115,0.0361,0.0372,0.039,0.0403,1.723467,80.897728,80.183584,2.563863,0.008674,0.630421,4,10,6,5,4,10,6,5,4,10,7,5,4,10,7,5,0.07396,0.14776,0.38361,0.40406,1,1,21:06:2023,05:22:25,3,-15.555244,-56.070214,234.0,lev20,Almucantar,Cuiaba,281,281.873623,0.630421,0.308177,0.194466,0.151433,1.719792,80.897728,80.183584,2.563863,0.008674,0.630421,4,10,6,5,4,10,6,5,4,10,7,5,4,10,7,5,0.07396,0.14776,0.38361,0.40406,1,1,21:06:2023,05:22:25,3,-15.555244,-56.070214,234.0,lev20,Almucantar,Cuiaba,281,281.873623,1.4774,1.4895,1.4844,1.4813,0.013944,0.015726,0.017592,0.018145,80.897728,80.183584,2.563863,0.008674,0.630421,4,10,6,5,4,10,6,5,4,10,7,5,4,10,7,5,0.07396,0.14776,0.38361,0.40406,1,1,21:06:2023,05:22:25,3,-15.555244,-56.070214,234.0,lev20,Almucantar,Cuiaba,281,281.873623,0.9053,0.8609,0.8199,0.7993,80.897728,80.183584,2.563863,0.008674,0.630421,4,10,6,5,4,10,6,5,4,10,7,5,4,10,7,5,0.07396,0.14776,0.38361,0.40406,1,1,21:06:2023,05:22:25,3,-15.555244,-56.070214,234.0,lev20,Almucantar,Cuiaba,281,281.873623,0.0598,0.042903,0.035,0.03046,0.784642,80.897728,80.183584,2.563863,0.008674,0.630421,4,10,6,5,4,10,6,5,4,10,7,5,4,10,7,5,0.07396,0.14776,0.38361,0.40406,1,1,21:06:2023,05:22:25,3,-15.555244,-56.070214,234.0,lev20,Almucantar,1.7289468053628183,0.5065159374699996,0.9165254716067547,BCL,Arid,,Unknown
15:10:1993,11:37:03,Cuiaba,288,288.484062,0.2617,0.1491,0.1025,0.0831,0.2529,0.14,0.0932,0.0734,0.0087,0.009,0.0093,0.0097,1.368849,56.476655,57.19879,2.878831,0.07815,0.260644,4,10,8,3,4,10,8,3,4,9,7,3,4,9,5,4,0.05838,0.11497,0.28422,0.31049,1,1,21:06:2023,05:09:39,3,-15.555244,-56.070214,234.0,lev20,Almucantar,Cuiaba,288,288.484062,0.260644,0.148925,0.102568,0.084834,1.361971,56.476655,57.19879,2.878831,0.07815,0.260644,4,10,8,3,4,10,8,3,4,9,7,3,4,9,5,4,0.05838,0.11497,0.28422,0.31049,1,1,21:06:2023,05:09:39,3,-15.555244,-56.070214,234.0,lev20,Almucantar,Cuiaba,288,288.484062,1.5158,1.5125,1.5098,1.5043,0.01487,0.014675,0.014854,0.014876,56.476655,57.19879,2.878831,0.07815,0.260644,4,10,8,3,4,10,8,3,4,9,7,3,4,9,5,4,0.05838,0.11497,0.28422,0.31049,1,1,21:06:2023,05:09:39,3,-15.555244,-56.070214,234.0,lev20,Almucantar,Cuiaba,288,288.484062,0.9149,0.8969,0.8712,0.8514,56.476655,57.19879,2.878831,0.07815,0.260644,4,10,8,3,4,10,8,3,4,9,7,3,4,9,5,4,0.05838,0.11497,0.28422,0.31049,1,1,21:06:2023,05:09:39,3,-15.555244,-56.070214,234.0,lev20,Almucantar,Cuiaba,288,288.484062,0.0798,0.049829,0.038157,0.032227,1.225119,56.476655,57.19879,2.878831,0.07815,0.260644,4,10,8,3,4,10,8,3,4,9,7,3,4,9,5,4,0.05838,0.11497,0.28422,0.31049,1,1,21:06:2023,05:09:39,3,-15.555244,-56.070214,234.0,lev20,Almucantar,1.3749605327486218,0.21951772236104697,0.9546183017584637,BCL,Urban,,Unknown
16:10:1993,11:36:30,Cuiaba,289,289.483681,0.1429,0.0958,0.0764,0.0667,0.1312,0.0837,0.0641,0.0542,0.0116,0.0121,0.0123,0.0125,0.919862,56.475016,57.197098,1.964129,0.101206,0.14225,4,10,8,3,4,10,8,3,4,10,7,3,4,10,6,4,0.0575,0.11306,0.28464,0.30983,1,1,21:06:2023,05:13:05,3,-15.555244,-56.070214,234.0,lev20,Almucantar,Cuiaba,289,289.483681,0.14225,0.096423,0.075593,0.068585,0.925396,56.475016,57.197098,1.964129,0.101206,0.14225,4,10,8,3,4,10,8,3,4,10,7,3,4,10,6,4,0.0575,0.11306,0.28464,0.30983,1,1,21:06:2023,05:13:05,3,-15.555244,-56.070214,234.0,lev20,Almucantar,Cuiaba,289,289.483681,1.5158,1.5125,1.5098,1.5043,0.01487,0.014675,0.014854,0.014876,56.475016,57.197098,1.964129,0.101206,0.14225,4,10,8,3,4,10,8,3,4,10,7,3,4,10,6,4,0.0575,0.11306,0.28464,0.30983,1,1,21:06:2023,05:13:05,3,-15.555244,-56.070214,234.0,lev20,Almucantar,Cuiaba,289,289.483681,0.9149,0.8969,0.8712,0.8514,56.475016,57.197098,1.964129,0.101206,0.14225,4,10,8,3,4,10,8,3,4,10,7,3,4,10,6,4,0.0575,0.11306,0.28464,0.30983,1,1,21:06:2023,05:13:05,3,-15.555244,-56.070214,234.0,lev20,Almucantar,Cuiaba,289,289.483681,0.0798,0.049829,0.038157,0.032227,1.225119,56.475016,57.197098,1.964129,0.101206,0.14225,4,10,8,3,4,10,8,3,4,10,7,3,4,10,6,4,0.0575,0.11306,0.28464,0.30983,1,1,21:06:2023,05:13:05,3,-15.555244,-56.070214,234.0,lev20,Almucantar,0.9185058096312824,0.12706889129656943,0.8971290145218747,Unclassified,Maritime,,Unknown
16:10:1993,19:45:33,Cuiaba,289,289.823299,0.1516,0.0965,0.0773,0.0688,0.1399,0.0844,0.065,0.0563,0.0117,0.0121,0.0124,0.0125,0.994351,63.285689,62.564846,4.128475,0.264421,0.15183,3,10,8,4,3,10,6,4,3,10,8,4,3,10,8,4,0.06008,0.1182,0.29959,0.32254,1,1,21:06:2023,05:15:08,3,-15.555244,-56.070214,234.0,lev20,Almucantar,Cuiaba,289,289.823299,0.15183,0.101039,0.078554,0.071265,0.965004,63.285689,62.564846,4.128475,0.264421,0.15183,3,10,8,4,3,10,6,4,3,10,8,4,3,10,8,4,0.06008,0.1182,0.29959,0.32254,1,1,21:06:2023,05:15:08,3,-15.555244,-56.070214,234.0,lev20,Almucantar,Cuiaba,289,289.823299,1.5158,1.5125,1.5098,1.5043,0.01487,0.014675,0.014854,0.014876,63.285689,62.564846,4.128475,0.264421,0.15183,3,10,8,4,3,10,6,4,3,10,8,4,3,10,8,4,0.06008,0.1182,0.29959,0.32254,1,1,21:06:2023,05:15:08,3,-15.555244,-56.070214,234.0,lev20,Almucantar,Cuiaba,289,289.823299,0.9149,0.8969,0.8712,0.8514,63.285689,62.564846,4.128475,0.264421,0.15183,3,10,8,4,3,10,6,4,3,10,8,4,3,10,8,4,0.06008,0.1182,0.29959,0.32254,1,1,21:06:2023,05:15:08,3,-15.555244,-56.070214,234.0,lev20,Almucantar,Cuiaba,289,289.823299,0.0798,0.049829,0.038157,0.032227,1.225119,63.285689,62.564846,4.128475,0.264421,0.15183,3,10,8,4,3,10,6,4,3,10,8,4,3,10,8,4,0.06008,0.1182,0.29959,0.32254,1,1,21:06:2023,05:15:08,3,-15.555244,-56.070214,234.0,lev20,Almucantar,0.9880200298154064,0.1336124628660994,0.8991891312483395,Unclassified,Maritime,,Unknown
17:10:1993,10:19:03,Cuiaba,290,290.429896,0.1282,0.0827,0.0628,0.0543,0.1211,0.0753,0.0553,0.0466,0.0071,0.0074,0.0076,0.0077,1.044439,74.933463,75.649658,2.243906,0.027065,0.128072,4,10,6,5,4,9,7,5,4,9,7,5,4,9,7,4,0.06638,0.13283,0.3486,0.37327,1,1,21:06:2023,05:16:56,3,-15.555244,-56.070214,234.0,lev20,Almucantar,Cuiaba,290,290.429896,0.128072,0.082868,0.062819,0.054826,1.042042,74.933463,75.649658,2.243906,0.027065,0.128072,4,10,6,5,4,9,7,5,4,9,7,5,4,9,7,4,0.06638,0.13283,0.3486,0.37327,1,1,21:06:2023,05:16:56,3,-15.555244,-56.070214,234.0,lev20,Almucantar,Cuiaba,290,290.429896,1.5158,1.5125,1.5098,1.5043,0.01487,0.014675,0.014854,0.014876,74.933463,75.649658,2.243906,0.027065,0.128072,4,10,6,5,4,9,7,5,4,9,7,5,4,9,7,4,0.06638,0.13283,0.3486,0.37327,1,1,21:06:2023,05:16:56,3,-15.555244,-56.070214,234.0,lev20,Almucantar,Cuiaba,290,290.429896,0.9149,0.8969,0.8712,0.8514,74.933463,75.649658,2.243906,0.027065,0.128072,4,10,6,5,4,9,7,5,4,9,7,5,4,9,7,4,0.06638,0.13283,0.3486,0.37327,1,1,21:06:2023,05:16:56,3,-15.555244,-56.070214,234.0,lev20,Almucantar,Cuiaba,290,290.429896,0.0798,0.049829,0.038157,0.032227,1.225119,74.933463,75.649658,2.243906,0.027065,0.128072,4,10,6,5,4,9,7,5,4,9,7,5,4,9,7,4,0.06638,0.13283,0.3486,0.37327,1,1,21:06:2023,05:16:56,3,-15.555244,-56.070214,234.0,lev20,Almucantar,1.0468198926547219,0.11214279653165601,0.9286880365372135,Unclassified,Maritime,,Unknown
30:10:1993,10:16:01,Cuiaba,303,303.427789,0.3311,0.2229,0.1844,0.1689,0.2964,0.1868,0.1479,0.1323,0.0348,0.0361,0.0366,0.0366,0.864803,74.228909,74.937024,4.662776,0.081751,0.329497,4,10,6,5,4,9,7,5,4,9,7,5,2,9,7,5,0.06594,0.13276,0.3501,0.37479,1,1,21:06:2023,05:16:34,3,-15.555244,-56.070214,234.0,lev20,Almucantar,Cuiaba,303,303.427789,0.329497,0.22197,0.183364,0.169768,0.865684,74.228909,74.937024,4.662776,0.081751,0.329497,4,10,6,5,4,9,7,5,4,9,7,5,2,9,7,5,0.06594,0.13276,0.3501,0.37479,1,1,21:06:2023,05:16:34,3,-15.555244,-56.070214,234.0,lev20,Almucantar,Cuiaba,303,303.427789,1.5158,1.5125,1.5098,1.5043,0.01487,0.014675,0.014854,0.014876,74.228909,74.937024,4.662776,0.081751,0.329497,4,10,6,5,4,9,7,5,4,9,7,5,2,9,7,5,0.06594,0.13276,0.3501,0.37479,1,1,21:06:2023,05:16:34,3,-15.555244,-56.070214,234.0,lev20,Almucantar,Cuiaba,303,303.427789,0.9149,0.8969,0.8712,0.8514,74.228909,74.937024,4.662776,0.081751,0.329497,4,10,6,5,4,9,7,5,4,9,7,5,2,9,7,5,0.06594,0.13276,0.3501,0.37479,1,1,21:06:2023,05:16:34,3,-15.555244,-56.070214,234.0,lev20,Almucantar,Cuiaba,303,303.427789,0.0798,0.049829,0.038157,0.032227,1.225119,74.228909,74.937024,4.662776,0.081751,0.329497,4,10,6,5,4,9,7,5,4,9,7,5,2,9,7,5,0.06594,0.13276,0.3501,0.37479,1,1,21:06:2023,05:16:34,3,-15.555244,-56.070214,234.0,lev20,Almucantar,0.858584806684678,0.2966831261689881,0.8659727777040944,Unclassified,Maritime,,Unknown
30:10:1993,11:33:40,Cuiaba,303,303.481713,0.3578,0.2513,0.2106,0.1918,0.3193,0.2113,0.1701,0.1512,0.0385,0.04,0.0406,0.0406,0.781971,55.757445,56.474853,5.359155,0.330596,0.353155,4,10,8,3,4,10,8,3,4,10,8,3,4,10,8,3,0.05736,0.11281,0.28725,0.31221,1,1,21:06:2023,05:18:35,3,-15.555244,-56.070214,234.0,lev20,Almucantar,Cuiaba,303,303.481713,0.353155,0.247244,0.209309,0.196051,0.773531,55.757445,56.474853,5.359155,0.330596,0.353155,4,10,8,3,4,10,8,3,4,10,8,3,4,10,8,3,0.05736,0.11281,0.28725,0.31221,1,1,21:06:2023,05:18:35,3,-15.555244,-56.070214,234.0,lev20,Almucantar,Cuiaba,303,303.481713,1.5158,1.5125,1.5098,1.5043,0.01487,0.014675,0.014854,0.014876,55.757445,56.474853,5.359155,0.330596,0.353155,4,10,8,3,4,10,8,3,4,10,8,3,4,10,8,3,0.05736,0.11281,0.28725,0.31221,1,1,21:06:2023,05:18:35,3,-15.555244,-56.070214,234.0,lev20,Almucantar,Cuiaba,303,303.481713,0.9149,0.8969,0.8712,0.8514,55.757445,56.474853,5.359155,0.330596,0.353155,4,10,8,3,4,10,8,3,4,10,8,3,4,10,8,3,0.05736,0.11281,0.28725,0.31221,1,1,21:06:2023,05:18:35,3,-15.555244,-56.070214,234.0,lev20,Almucantar,Cuiaba,303,303.481713,0.0798,0.049829,0.038157,0.032227,1.225119,55.757445,56.474853,5.359155,0.330596,0.353155,4,10,8,3,4,10,8,3,4,10,8,3,4,10,8,3,0.05736,0.11281,0.28725,0.31221,1,1,21:06:2023,05:18:35,3,-15.555244,-56.070214,234.0,lev20,Almucantar,0.7774669210850929,0.32394960167745906,0.866437137573181,Unclassified,Unclassified,,Unknown
31:10:1993,10:15:41,Cuiaba,304,304.427558,0.258,0.1577,0.1187,0.1032,0.2032,0.0938,0.052,0.0369,0.0548,0.0639,0.0667,0.0664,1.139711,74.226795,74.934103,2.128609,0.014596,0.256906,4,10,6,5,4,10,6,5,4,10,7,5,4,10,7,5,0.06595,0.13278,0.35015,0.37478,1,1,21:06:2023,05:20:27,3,-15.555244,-56.070214,234.0,lev20,Almucantar,Cuiaba,304,304.427558,0.256906,0.15747,0.118697,0.103859,1.133488,74.226795,74.934103,2.128609,0.014596,0.256906,4,10,6,5,4,10,6,5,4,10,7,5,4,10,7,5,0.06595,0.13278,0.35015,0.37478,1,1,21:06:2023,05:20:27,3,-15.555244,-56.070214,234.0,lev20,Almucantar,Cuiaba,304,304.427558,1.5158,1.5125,1.5098,1.5043,0.01487,0.014675,0.014854,0.014876,74.226795,74.934103,2.128609,0.014596,0.256906,4,10,6,5,4,10,6,5,4,10,7,5,4,10,7,5,0.06595,0.13278,0.35015,0.37478,1,1,21:06:2023,05:20:27,3,-15.555244,-56.070214,234.0,lev20,Almucantar,Cuiaba,304,304.427558,0.9149,0.8969,0.8712,0.8514,74.226795,74.934103,2.128609,0.014596,0.256906,4,10,6,5,4,10,6,5,4,10,7,5,4,10,7,5,0.06595,0.13278,0.35015,0.37478,1,1,21:06:2023,05:20:27,3,-15.555244,-56.070214,234.0,lev20,Almucantar,Cuiaba,304,304.427558,0.0798,0.049829,0.038157,0.032227,1.225119,74.226795,74.934103,2.128609,0.014596,0.256906,4,10,6,5,4,10,6,5,4,10,7,5,4,10,7,5,0.06595,0.13278,0.35015,0.37478,1,1,21:06:2023,05:20:27,3,-15.555244,-56.070214,234.0,lev20,Almucantar,1.138828271036656,0.2230462897926125,0.6905501727915997,Unclassified,Urban,,Unknown
31:10:1993,11:33:23,Cuiaba,304,304.481516,0.2499,0.1525,0.1223,0.1085,0.225,0.1268,0.096,0.082,0.0249,0.0257,0.0262,0.0265,1.058243,55.761362,56.478178,1.9702,0.049035,0.24849,4,10,8,3,4,10,8,3,4,10,8,3,4,10,8,3,0.05736,0.11281,0.28726,0.31221,1,1,21:06:2023,05:22:40,3,-15.555244,-56.070214,234.0,lev20,Almucantar,Cuiaba,304,304.481516,0.24849,0.152118,0.122369,0.10964,1.049286,55.761362,56.478178,1.9702,0.049035,0.24849,4,10,8,3,4,10,8,3,4,10,8,3,4,10,8,3,0.05736,0.11281,0.28726,0.31221,1,1,21:06:2023,05:22:40,3,-15.555244,-56.070214,234.0,lev20,Almucantar,Cuiaba,304,304.481516,1.5158,1.5125,1.5098,1.5043,0.01487,0.014675,0.014854,0.014876,55.761362,56.478178,1.9702,0.049035,0.24849,4,10,8,3,4,10,8,3,4,10,8,3,4,10,8,3,0.05736,0.11281,0.28726,0.31221,1,1,21:06:2023,05:22:40,3,-15.555244,-56.070214,234.0,lev20,Almucantar,Cuiaba,304,304.481516,0.9149,0.8969,0.8712,0.8514,55.761362,56.478178,1.9702,0.049035,0.24849,4,10,8,3,4,10,8,3,4,10,8,3,4,10,8,3,0.05736,0.11281,0.28726,0.31221,1,1,21:06:2023,05:22:40,3,-15.555244,-56.070214,234.0,lev20,Almucantar,Cuiaba,304,304.481516,0.0798,0.049829,0.038157,0.032227,1.225119,55.761362,56.478178,1.9702,0.049035,0.24849,4,10,8,3,4,10,8,3,4,10,8,3,4,10,8,3,0.05736,0.11281,0.28726,0.31221,1,1,21:06:2023,05:22:40,3,-15.555244,-56.070214,234.0,lev20,Almucantar,1.0482095045789601,0.21856089750524826,0.8660726468841456,Unclassified,Urban,,Unknown
03:11:1993,11:32:43,Cuiaba,307,307.481053,0.294,0.1756,0.128,0.1078,0.2646,0.1454,0.0967,0.0755,0.0294,0.0303,0.0313,0.0323,1.218043,55.758659,56.473547,5.39806,0.419263,0.291183,4,10,8,3,4,10,8,3,4,10,8,3,4,10,8,3,0.0566,0.11117,0.2907,0.31438,1,1,21:06:2023,05:04:26,3,-15.555244,-56.070214,234.0,lev20,Almucantar,Cuiaba,307,307.481053,0.291183,0.168041,0.128172,0.112136,1.211271,55.758659,56.473547,5.39806,0.419263,0.291183,4,10,8,3,4,10,8,3,4,10,8,3,4,10,8,3,0.0566,0.11117,0.2907,0.31438,1,1,21:06:2023,05:04:26,3,-15.555244,-56.070214,234.0,lev20,Almucantar,Cuiaba,307,307.481053,1.5158,1.5125,1.5098,1.5043,0.01487,0.014675,0.014854,0.014876,55.758659,56.473547,5.39806,0.419263,0.291183,4,10,8,3,4,10,8,3,4,10,8,3,4,10,8,3,0.0566,0.11117,0.2907,0.31438,1,1,21:06:2023,05:04:26,3,-15.555244,-56.070214,234.0,lev20,Almucantar,Cuiaba,307,307.481053,0.9149,0.8969,0.8712,0.8514,55.758659,56.473547,5.39806,0.419263,0.291183,4,10,8,3,4,10,8,3,4,10,8,3,4,10,8,3,0.0566,0.11117,0.2907,0.31438,1,1,21:06:2023,05:04:26,3,-15.555244,-56.070214,234.0,lev20,Almucantar,Cuiaba,307,307.481053,0.0798,0.049829,0.038157,0.032227,1.225119,55.758659,56.473547,5.39806,0.419263,0.291183,4,10,8,3,4,10,8,3,4,10,8,3,4,10,8,3,0.0566,0.11117,0.2907,0.31438,1,1,21:06:2023,05:04:26,3,-15.555244,-56.070214,234.0,lev20,Almucantar,1.2197842981193239,0.25155222649347875,0.8675828503248633,BCL,Urban,,Unknown
25:12:1993,09:52:29,Cuiaba,359,359.411447,0.073,0.05,0.0393,0.0342,0.0675,0.0442,0.0334,0.0281,0.0056,0.0058,0.006,0.0061,0.905838,81.311436,81.972892,4.035975,0.016793,0.073519,4,10,7,5,4,10,7,4,4,9,7,4,4,9,7,4,0.06637,0.13681,0.39827,0.42119,1,1,21:06:2023,05:26:30,3,-15.555244,-56.070214,234.0,lev20,Almucantar,Cuiaba,359,359.411447,0.073519,0.049863,0.039673,0.034531,0.904941,81.311436,81.972892,4.035975,0.016793,0.073519,4,10,7,5,4,10,7,4,4,9,7,4,4,9,7,4,0.06637,0.13681,0.39827,0.42119,1,1,21:06:2023,05:26:30,3,-15.555244,-56.070214,234.0,lev20,Almucantar,Cuiaba,359,359.411447,1.5158,1.5125,1.5098,1.5043,0.01487,0.014675,0.014854,0.014876,81.311436,81.972892,4.035975,0.016793,0.073519,4,10,7,5,4,10,7,4,4,9,7,4,4,9,7,4,0.06637,0.13681,0.39827,0.42119,1,1,21:06:2023,05:26:30,3,-15.555244,-56.070214,234.0,lev20,Almucantar,Cuiaba,359,359.411447,0.9149,0.8969,0.8712,0.8514,81.311436,81.972892,4.035975,0.016793,0.073519,4,10,7,5,4,10,7,4,4,9,7,4,4,9,7,4,0.06637,0.13681,0.39827,0.42119,1,1,21:06:2023,05:26:30,3,-15.555244,-56.070214,234.0,lev20,Almucantar,Cuiaba,359,359.411447,0.0798,0.049829,0.038157,0.032227,1.225119,81.311436,81.972892,4.035975,0.016793,0.073519,4,10,7,5,4,10,7,4,4,9,7,4,4,9,7,4,0.06637,0.13681,0.39827,0.42119,1,1,21:06:2023,05:26:30,3,-15.555244,-56.070214,234.0,lev20,Almucantar,0.9083440395674254,0.06499710692634177,0.9060195882588822,Unclassified,Maritime,,Unknown
25:12:1993,11:13:59,Cuiaba,359,359.468044,0.0818,0.0532,0.0435,0.0381,0.0751,0.0463,0.0364,0.0309,0.0066,0.0069,0.0071,0.0072,0.933811,62.965846,63.648875,1.736863,0.028721,0.081889,3,10,8,4,3,10,8,4,3,10,8,4,3,10,8,4,0.05462,0.1076,0.30542,0.32896,1,1,21:06:2023,05:28:47,3,-15.555244,-56.070214,234.0,lev20,Almucantar,Cuiaba,359,359.468044,0.081889,0.053099,0.044362,0.03876,0.909913,62.965846,63.648875,1.736863,0.028721,0.081889,3,10,8,4,3,10,8,4,3,10,8,4,3,10,8,4,0.05462,0.1076,0.30542,0.32896,1,1,21:06:2023,05:28:47,3,-15.555244,-56.070214,234.0,lev20,Almucantar,Cuiaba,359,359.468044,1.5158,1.5125,1.5098,1.5043,0.01487,0.014675,0.014854,0.014876,62.965846,63.648875,1.736863,0.028721,0.081889,3,10,8,4,3,10,8,4,3,10,8,4,3,10,8,4,0.05462,0.1076,0.30542,0.32896,1,1,21:06:2023,05:28:47,3,-15.555244,-56.070214,234.0,lev20,Almucantar,Cuiaba,359,359.468044,0.9149,0.8969,0.8712,0.8514,62.965846,63.648875,1.736863,0.028721,0.081889,3,10,8,4,3,10,8,4,3,10,8,4,3,10,8,4,0.05462,0.1076,0.30542,0.32896,1,1,21:06:2023,05:28:47,3,-15.555244,-56.070214,234.0,lev20,Almucantar,Cuiaba,359,359.468044,0.0798,0.049829,0.038157,0.032227,1.225119,62.965846,63.648875,1.736863,0.028721,0.081889,3,10,8,4,3,10,8,4,3,10,8,4,3,10,8,4,0.05462,0.1076,0.30542,0.32896,1,1,21:06:2023,05:28:47,3,-15.555244,-56.070214,234.0,lev20,Almucantar,0.926359369231895,0.07266483753082498,0.8952426274413577,Unclassified,Maritime,,Unknown
14:01:1994,11:23:25,Cuiaba,14,14.474595,0.1038,0.0609,0.0487,0.0423,0.0994,0.0564,0.0441,0.0376,0.0044,0.0046,0.0046,0.0047,1.12304,63.090446,63.782374,2.001873,0.049219,0.104248,3,10,7,4,3,10,7,4,3,10,8,4,3,10,8,4,0.05314,0.10498,0.30504,0.32829,1,1,22:01:2021,20:31:01,3,-15.555244,-56.070214,234.0,lev20,Almucantar,Cuiaba,14,14.474595,0.104248,0.060191,0.049393,0.042633,1.113656,63.090446,63.782374,2.001873,0.049219,0.104248,3,10,7,4,3,10,7,4,3,10,8,4,3,10,8,4,0.05314,0.10498,0.30504,0.32829,1,1,22:01:2021,20:31:01,3,-15.555244,-56.070214,234.0,lev20,Almucantar,Cuiaba,14,14.474595,1.5158,1.5125,1.5098,1.5043,0.01487,0.014675,0.014854,0.014876,63.090446,63.782374,2.001873,0.049219,0.104248,3,10,7,4,3,10,7,4,3,10,8,4,3,10,8,4,0.05314,0.10498,0.30504,0.32829,1,1,22:01:2021,20:31:01,3,-15.555244,-56.070214,234.0,lev20,Almucantar,Cuiaba,14,14.474595,0.9149,0.8969,0.8712,0.8514,63.090446,63.782374,2.001873,0.049219,0.104248,3,10,7,4,3,10,7,4,3,10,8,4,3,10,8,4,0.05314,0.10498,0.30504,0.32829,1,1,22:01:2021,20:31:01,3,-15.555244,-56.070214,234.0,lev20,Almucantar,Cuiaba,14,14.474595,0.0798,0.049829,0.038157,0.032227,1.225119,63.090446,63.782374,2.001873,0.049219,0.104248,3,10,7,4,3,10,7,4,3,10,8,4,3,10,8,4,0.05314,0.10498,0.30504,0.32829,1,1,22:01:2021,20:31:01,3,-15.555244,-56.070214,234.0,lev20,Almucantar,1.1101165034947773,0.09006719792316109,0.942584920788804,Unclassified,Maritime,,Unknown
11:07:1995,11:47:29,Cuiaba,192,192.491308,0.1005,0.0595,0.0438,0.0383,0.0811,0.0384,0.0214,0.0155,0.0195,0.0211,0.0224,0.0228,1.209725,69.602439,70.219146,2.320811,0.087412,0.100553,4,10,7,5,3,10,7,5,2,9,7,5,4,10,7,5,0.0571,0.11185,0.27808,0.30374,1,1,21:06:2023,05:47:44,3,-15.555244,-56.070214,234.0,lev20,Almucantar,Cuiaba,192,192.491308,0.100553,0.059358,0.042219,0.038908,1.259486,69.602439,70.219146,2.320811,0.087412,0.100553,4,10,7,5,3,10,7,5,2,9,7,5,4,10,7,5,0.0571,0.11185,0.27808,0.30374,1,1,21:06:2023,05:47:44,3,-15.555244,-56.070214,234.0,lev20,Almucantar,Cuiaba,192,192.491308,1.5158,1.5125,1.5098,1.5043,0.01487,0.014675,0.014854,0.014876,69.602439,70.219146,2.320811,0.087412,0.100553,4,10,7,5,3,10,7,5,2,9,7,5,4,10,7,5,0.0571,0.11185,0.27808,0.30374,1,1,21:06:2023,05:47:44,3,-15.555244,-56.070214,234.0,lev20,Almucantar,Cuiaba,192,192.491308,0.9149,0.8969,0.8712,0.8514,69.602439,70.219146,2.320811,0.087412,0.100553,4,10,7,5,3,10,7,5,2,9,7,5,4,10,7,5,0.0571,0.11185,0.27808,0.30374,1,1,21:06:2023,05:47:44,3,-15.555244,-56.070214,234.0,lev20,Almucantar,Cuiaba,192,192.491308,0.0798,0.049829,0.038157,0.032227,1.225119,69.602439,70.219146,2.320811,0.087412,0.100553,4,10,7,5,3,10,7,5,2,9,7,5,4,10,7,5,0.0571,0.11185,0.27808,0.30374,1,1,21:06:2023,05:47:44,3,-15.555244,-56.070214,234.0,lev20,Almucantar,1.2182798746288404,0.08600633047189134,0.728488519249072,BCL,Maritime,,Unknown
11:07:1995,20:17:57,Cuiaba,192,192.845799,0.1207,0.0685,0.0473,0.0405,0.1029,0.0493,0.0268,0.0196,0.0178,0.0192,0.0205,0.0209,1.359045,76.259757,75.625601,3.357057,0.12645,0.121046,4,10,7,5,4,10,7,5,4,10,5,3,3,9,7,3,0.06157,0.11847,0.30023,0.32288,1,1,21:06:2023,05:31:49,3,-15.555244,-56.070214,234.0,lev20,Almucantar,Cuiaba,192,192.845799,0.121046,0.068472,0.045451,0.042177,1.416056,76.259757,75.625601,3.357057,0.12645,0.121046,4,10,7,5,4,10,7,5,4,10,5,3,3,9,7,3,0.06157,0.11847,0.30023,0.32288,1,1,21:06:2023,05:31:49,3,-15.555244,-56.070214,234.0,lev20,Almucantar,Cuiaba,192,192.845799,1.5158,1.5125,1.5098,1.5043,0.01487,0.014675,0.014854,0.014876,76.259757,75.625601,3.357057,0.12645,0.121046,4,10,7,5,4,10,7,5,4,10,5,3,3,9,7,3,0.06157,0.11847,0.30023,0.32288,1,1,21:06:2023,05:31:49,3,-15.555244,-56.070214,234.0,lev20,Almucantar,Cuiaba,192,192.845799,0.9149,0.8969,0.8712,0.8514,76.259757,75.625601,3.357057,0.12645,0.121046,4,10,7,5,4,10,7,5,4,10,5,3,3,9,7,3,0.06157,0.11847,0.30023,0.32288,1,1,21:06:2023,05:31:49,3,-15.555244,-56.070214,234.0,lev20,Almucantar,Cuiaba,192,192.845799,0.0798,0.049829,0.038157,0.032227,1.225119,76.259757,75.625601,3.357057,0.12645,0.121046,4,10,7,5,4,10,7,5,4,10,5,3,3,9,7,3,0.06157,0.11847,0.30023,0.32288,1,1,21:06:2023,05:31:49,3,-15.555244,-56.070214,234.0,lev20,Almucantar,1.3741710890646253,0.10125511312959475,0.7895851399339388,BCL,Maritime,,Unknown
15:07:1995,11:46:52,Cuiaba,196,196.49088,0.0456,0.0352,0.0297,0.0268,0.0297,0.018,0.0115,0.0083,0.0159,0.0172,0.0181,0.0185,0.621928,69.56594,70.187006,3.642977,0.155689,0.045193,4,10,7,5,4,10,7,5,4,10,6,5,4,10,6,5,0.05723,0.11227,0.27846,0.30452,1,1,21:06:2023,05:47:30,3,-15.555244,-56.070214,234.0,lev20,Almucantar,Cuiaba,196,196.49088,0.045193,0.035789,0.027327,0.028459,0.714134,69.56594,70.187006,3.642977,0.155689,0.045193,4,10,7,5,4,10,7,5,4,10,6,5,4,10,6,5,0.05723,0.11227,0.27846,0.30452,1,1,21:06:2023,05:47:30,3,-15.555244,-56.070214,234.0,lev20,Almucantar,Cuiaba,196,196.49088,1.5158,1.5125,1.5098,1.5043,0.01487,0.014675,0.014854,0.014876,69.56594,70.187006,3.642977,0.155689,0.045193,4,10,7,5,4,10,7,5,4,10,6,5,4,10,6,5,0.05723,0.11227,0.27846,0.30452,1,1,21:06:2023,05:47:30,3,-15.555244,-56.070214,234.0,lev20,Almucantar,Cuiaba,196,196.49088,0.9149,0.8969,0.8712,0.8514,69.56594,70.187006,3.642977,0.155689,0.045193,4,10,7,5,4,10,7,5,4,10,6,5,4,10,6,5,0.05723,0.11227,0.27846,0.30452,1,1,21:06:2023,05:47:30,3,-15.555244,-56.070214,234.0,lev20,Almucantar,Cuiaba,196,196.49088,0.0798,0.049829,0.038157,0.032227,1.225119,69.56594,70.187006,3.642977,0.155689,0.045193,4,10,7,5,4,10,7,5,4,10,6,5,4,10,6,5,0.05723,0.11227,0.27846,0.30452,1,1,21:06:2023,05:47:30,3,-15.555244,-56.070214,234.0,lev20,Almucantar,0.6289409489571404,0.04207728618441448,0.5855006827063018,MA,Maritime,,Unknown
21:07:1995,20:22:00,Cuiaba,202,202.848611,0.0937,0.0533,0.0428,0.037,0.0762,0.0346,0.0231,0.0167,0.0175,0.0188,0.0197,0.0203,1.156704,76.288601,75.643822,4.035459,0.114529,0.093236,4,10,7,5,4,10,7,5,4,10,7,5,4,10,7,4,0.06401,0.12374,0.303,0.32797,1,1,21:06:2023,05:33:35,4,-15.555244,-56.070214,234.0,lev20,Almucantar,Cuiaba,202,202.848611,0.093236,0.051168,0.043917,0.037213,1.124151,76.288601,75.643822,4.035459,0.114529,0.093236,4,10,7,5,4,10,7,5,4,10,7,5,4,10,7,4,0.06401,0.12374,0.303,0.32797,1,1,21:06:2023,05:33:35,4,-15.555244,-56.070214,234.0,lev20,Almucantar,Cuiaba,202,202.848611,1.5158,1.5125,1.5098,1.5043,0.01487,0.014675,0.014854,0.014876,76.288601,75.643822,4.035459,0.114529,0.093236,4,10,7,5,4,10,7,5,4,10,7,5,4,10,7,4,0.06401,0.12374,0.303,0.32797,1,1,21:06:2023,05:33:35,4,-15.555244,-56.070214,234.0,lev20,Almucantar,Cuiaba,202,202.848611,0.9149,0.8969,0.8712,0.8514,76.288601,75.643822,4.035459,0.114529,0.093236,4,10,7,5,4,10,7,5,4,10,7,5,4,10,7,4,0.06401,0.12374,0.303,0.32797,1,1,21:06:2023,05:33:35,4,-15.555244,-56.070214,234.0,lev20,Almucantar,Cuiaba,202,202.848611,0.0798,0.049829,0.038157,0.032227,1.225119,76.288601,75.643822,4.035459,0.114529,0.093236,4,10,7,5,4,10,7,5,4,10,7,5,4,10,7,4,0.06401,0.12374,0.303,0.32797,1,1,21:06:2023,05:33:35,4,-15.555244,-56.070214,234.0,lev20,Almucantar,1.149389526909621,0.08089628085174426,0.7359141726382971,Unclassified,Maritime,,Unknown
22:07:1995,19:07:27,Cuiaba,203,203.79684,0.1451,0.0817,0.0691,0.0619,0.1111,0.0448,0.0308,0.0227,0.034,0.0368,0.0383,0.0391,1.104047,60.705004,60.11278,2.600937,0.157195,0.144685,3,10,8,4,3,10,8,4,3,10,8,4,3,10,8,4,0.05557,0.11034,0.25503,0.282,1,1,21:06:2023,05:29:49,4,-15.555244,-56.070214,234.0,lev20,Almucantar,Cuiaba,203,203.79684,0.144685,0.07876,0.070333,0.062571,1.08445,60.705004,60.11278,2.600937,0.157195,0.144685,3,10,8,4,3,10,8,4,3,10,8,4,3,10,8,4,0.05557,0.11034,0.25503,0.282,1,1,21:06:2023,05:29:49,4,-15.555244,-56.070214,234.0,lev20,Almucantar,Cuiaba,203,203.79684,1.5158,1.5125,1.5098,1.5043,0.01487,0.014675,0.014854,0.014876,60.705004,60.11278,2.600937,0.157195,0.144685,3,10,8,4,3,10,8,4,3,10,8,4,3,10,8,4,0.05557,0.11034,0.25503,0.282,1,1,21:06:2023,05:29:49,4,-15.555244,-56.070214,234.0,lev20,Almucantar,Cuiaba,203,203.79684,0.9149,0.8969,0.8712,0.8514,60.705004,60.11278,2.600937,0.157195,0.144685,3,10,8,4,3,10,8,4,3,10,8,4,3,10,8,4,0.05557,0.11034,0.25503,0.282,1,1,21:06:2023,05:29:49,4,-15.555244,-56.070214,234.0,lev20,Almucantar,Cuiaba,203,203.79684,0.0798,0.049829,0.038157,0.032227,1.225119,60.705004,60.11278,2.600937,0.157195,0.144685,3,10,8,4,3,10,8,4,3,10,8,4,3,10,8,4,0.05557,0.11034,0.25503,0.282,1,1,21:06:2023,05:29:49,4,-15.555244,-56.070214,234.0,lev20,Almucantar,1.0882328200378204,0.12625588608410052,0.6554570098517153,Unclassified,Maritime,,Unknown
22:07:1995,19:59:00,Cuiaba,203,203.832639,0.1511,0.0864,0.0704,0.062,0.1171,0.0496,0.0318,0.0227,0.034,0.0368,0.0385,0.0393,1.129459,71.290281,70.656468,3.362837,0.111441,0.150717,4,10,7,5,4,10,7,5,4,10,7,5,4,10,7,5,0.06046,0.11803,0.28294,0.30872,1,1,21:06:2023,05:31:49,4,-15.555244,-56.070214,234.0,lev20,Almucantar,Cuiaba,203,203.832639,0.150717,0.084292,0.071568,0.062784,1.10935,71.290281,70.656468,3.362837,0.111441,0.150717,4,10,7,5,4,10,7,5,4,10,7,5,4,10,7,5,0.06046,0.11803,0.28294,0.30872,1,1,21:06:2023,05:31:49,4,-15.555244,-56.070214,234.0,lev20,Almucantar,Cuiaba,203,203.832639,1.5158,1.5125,1.5098,1.5043,0.01487,0.014675,0.014854,0.014876,71.290281,70.656468,3.362837,0.111441,0.150717,4,10,7,5,4,10,7,5,4,10,7,5,4,10,7,5,0.06046,0.11803,0.28294,0.30872,1,1,21:06:2023,05:31:49,4,-15.555244,-56.070214,234.0,lev20,Almucantar,Cuiaba,203,203.832639,0.9149,0.8969,0.8712,0.8514,71.290281,70.656468,3.362837,0.111441,0.150717,4,10,7,5,4,10,7,5,4,10,7,5,4,10,7,5,0.06046,0.11803,0.28294,0.30872,1,1,21:06:2023,05:31:49,4,-15.555244,-56.070214,234.0,lev20,Almucantar,Cuiaba,203,203.832639,0.0798,0.049829,0.038157,0.032227,1.225119,71.290281,70.656468,3.362837,0.111441,0.150717,4,10,7,5,4,10,7,5,4,10,7,5,4,10,7,5,0.06046,0.11803,0.28294,0.30872,1,1,21:06:2023,05:31:49,4,-15.555244,-56.070214,234.0,lev20,Almucantar,1.120328439399883,0.13093833768258217,0.6756980160837197,Unclassified,Maritime,,Unknown
22:07:1995,20:22:22,Cuiaba,203,203.848866,0.1516,0.0846,0.0679,0.0597,0.1178,0.048,0.0296,0.0208,0.0337,0.0366,0.0383,0.0389,1.186816,76.283068,75.637083,3.917601,0.075405,0.151189,4,10,7,5,4,10,7,5,4,10,7,5,4,10,7,5,0.06401,0.12372,0.30296,0.32793,1,1,21:06:2023,05:33:47,4,-15.555244,-56.070214,234.0,lev20,Almucantar,Cuiaba,203,203.848866,0.151189,0.083061,0.068627,0.060062,1.17267,76.283068,75.637083,3.917601,0.075405,0.151189,4,10,7,5,4,10,7,5,4,10,7,5,4,10,7,5,0.06401,0.12372,0.30296,0.32793,1,1,21:06:2023,05:33:47,4,-15.555244,-56.070214,234.0,lev20,Almucantar,Cuiaba,203,203.848866,1.5158,1.5125,1.5098,1.5043,0.01487,0.014675,0.014854,0.014876,76.283068,75.637083,3.917601,0.075405,0.151189,4,10,7,5,4,10,7,5,4,10,7,5,4,10,7,5,0.06401,0.12372,0.30296,0.32793,1,1,21:06:2023,05:33:47,4,-15.555244,-56.070214,234.0,lev20,Almucantar,Cuiaba,203,203.848866,0.9149,0.8969,0.8712,0.8514,76.283068,75.637083,3.917601,0.075405,0.151189,4,10,7,5,4,10,7,5,4,10,7,5,4,10,7,5,0.06401,0.12372,0.30296,0.32793,1,1,21:06:2023,05:33:47,4,-15.555244,-56.070214,234.0,lev20,Almucantar,Cuiaba,203,203.848866,0.0798,0.049829,0.038157,0.032227,1.225119,76.283068,75.637083,3.917601,0.075405,0.151189,4,10,7,5,4,10,7,5,4,10,7,5,4,10,7,5,0.06401,0.12372,0.30296,0.32793,1,1,21:06:2023,05:33:47,4,-15.555244,-56.070214,234.0,lev20,Almucantar,1.1782127910970304,0.13040311793696746,0.6730427571431332,Unclassified,Maritime,,Unknown
27:07:1995,20:01:13,Cuiaba,208,208.834178,0.1349,0.0689,0.0519,0.0438,0.1149,0.0468,0.0288,0.0203,0.02,0.0221,0.0232,0.0235,1.406595,71.298684,70.657549,4.319831,0.143206,0.135109,4,10,7,5,4,10,7,5,4,10,7,5,4,10,7,5,0.06046,0.11804,0.28298,0.30873,1,1,27:06:2023,07:42:45,4,-15.555244,-56.070214,234.0,lev20,Almucantar,Cuiaba,208,208.834178,0.135109,0.066409,0.053071,0.044865,1.387718,71.298684,70.657549,4.319831,0.143206,0.135109,4,10,7,5,4,10,7,5,4,10,7,5,4,10,7,5,0.06046,0.11804,0.28298,0.30873,1,1,27:06:2023,07:42:45,4,-15.555244,-56.070214,234.0,lev20,Almucantar,Cuiaba,208,208.834178,1.5158,1.5125,1.5098,1.5043,0.01487,0.014675,0.014854,0.014876,71.298684,70.657549,4.319831,0.143206,0.135109,4,10,7,5,4,10,7,5,4,10,7,5,4,10,7,5,0.06046,0.11804,0.28298,0.30873,1,1,27:06:2023,07:42:45,4,-15.555244,-56.070214,234.0,lev20,Almucantar,Cuiaba,208,208.834178,0.9149,0.8969,0.8712,0.8514,71.298684,70.657549,4.319831,0.143206,0.135109,4,10,7,5,4,10,7,5,4,10,7,5,4,10,7,5,0.06046,0.11804,0.28298,0.30873,1,1,27:06:2023,07:42:45,4,-15.555244,-56.070214,234.0,lev20,Almucantar,Cuiaba,208,208.834178,0.0798,0.049829,0.038157,0.032227,1.225119,71.298684,70.657549,4.319831,0.143206,0.135109,4,10,7,5,4,10,7,5,4,10,7,5,4,10,7,5,0.06046,0.11804,0.28298,0.30873,1,1,27:06:2023,07:42:45,4,-15.555244,-56.070214,234.0,lev20,Almucantar,1.401186845346182,0.11277732785377656,0.7698217165585126,BCL,Maritime,,Unknown
27:07:1995,20:24:23,Cuiaba,208,208.850266,0.1482,0.0734,0.0543,0.0455,0.1298,0.0541,0.034,0.0246,0.0184,0.0193,0.0203,0.0209,1.477699,76.301479,75.649032,4.752227,0.083927,0.148234,4,10,7,5,4,10,7,5,4,10,7,5,4,10,7,5,0.06402,0.12374,0.30299,0.32799,1,1,27:06:2023,07:44:17,4,-15.555244,-56.070214,234.0,lev20,Almucantar,Cuiaba,208,208.850266,0.148234,0.071986,0.054856,0.04618,1.468939,76.301479,75.649032,4.752227,0.083927,0.148234,4,10,7,5,4,10,7,5,4,10,7,5,4,10,7,5,0.06402,0.12374,0.30299,0.32799,1,1,27:06:2023,07:44:17,4,-15.555244,-56.070214,234.0,lev20,Almucantar,Cuiaba,208,208.850266,1.5158,1.5125,1.5098,1.5043,0.01487,0.014675,0.014854,0.014876,76.301479,75.649032,4.752227,0.083927,0.148234,4,10,7,5,4,10,7,5,4,10,7,5,4,10,7,5,0.06402,0.12374,0.30299,0.32799,1,1,27:06:2023,07:44:17,4,-15.555244,-56.070214,234.0,lev20,Almucantar,Cuiaba,208,208.850266,0.9149,0.8969,0.8712,0.8514,76.301479,75.649032,4.752227,0.083927,0.148234,4,10,7,5,4,10,7,5,4,10,7,5,4,10,7,5,0.06402,0.12374,0.30299,0.32799,1,1,27:06:2023,07:44:17,4,-15.555244,-56.070214,234.0,lev20,Almucantar,Cuiaba,208,208.850266,0.0798,0.049829,0.038157,0.032227,1.225119,76.301479,75.649032,4.752227,0.083927,0.148234,4,10,7,5,4,10,7,5,4,10,7,5,4,10,7,5,0.06402,0.12374,0.30299,0.32799,1,1,27:06:2023,07:44:17,4,-15.555244,-56.070214,234.0,lev20,Almucantar,1.4728051364346417,0.12276710026844159,0.8116852658435812,BCL,Maritime,,Unknown
28:07:1995,19:10:58,Cuiaba,209,209.799282,0.2008,0.0958,0.0672,0.0538,0.1864,0.0807,0.0513,0.0374,0.0144,0.0151,0.0159,0.0164,1.605292,60.716974,60.112374,2.806292,0.207152,0.200985,3,9,5,3,3,7,7,3,3,8,5,4,3,8,4,3,0.05858,0.11532,0.25769,0.28551,1,1,21:06:2023,05:39:32,4,-15.555244,-56.070214,234.0,lev20,Almucantar,Cuiaba,209,209.799282,0.200985,0.092401,0.068872,0.054878,1.582322,60.716974,60.112374,2.806292,0.207152,0.200985,3,9,5,3,3,7,7,3,3,8,5,4,3,8,4,3,0.05858,0.11532,0.25769,0.28551,1,1,21:06:2023,05:39:32,4,-15.555244,-56.070214,234.0,lev20,Almucantar,Cuiaba,209,209.799282,1.5158,1.5125,1.5098,1.5043,0.01487,0.014675,0.014854,0.014876,60.716974,60.112374,2.806292,0.207152,0.200985,3,9,5,3,3,7,7,3,3,8,5,4,3,8,4,3,0.05858,0.11532,0.25769,0.28551,1,1,21:06:2023,05:39:32,4,-15.555244,-56.070214,234.0,lev20,Almucantar,Cuiaba,209,209.799282,0.9149,0.8969,0.8712,0.8514,60.716974,60.112374,2.806292,0.207152,0.200985,3,9,5,3,3,7,7,3,3,8,5,4,3,8,4,3,0.05858,0.11532,0.25769,0.28551,1,1,21:06:2023,05:39:32,4,-15.555244,-56.070214,234.0,lev20,Almucantar,Cuiaba,209,209.799282,0.0798,0.049829,0.038157,0.032227,1.225119,60.716974,60.112374,2.806292,0.207152,0.200985,3,9,5,3,3,7,7,3,3,8,5,4,3,8,4,3,0.05858,0.11532,0.25769,0.28551,1,1,21:06:2023,05:39:32,4,-15.555244,-56.070214,234.0,lev20,Almucantar,1.6057011285411418,0.16353829758773242,0.8905907157236281,BCL,Maritime,,Unknown
28:07:1995,20:24:48,Cuiaba,209,209.850556,0.2074,0.0983,0.0662,0.0527,0.1927,0.0829,0.0499,0.0357,0.0147,0.0154,0.0164,0.0169,1.669088,76.309957,75.656151,4.726398,0.138141,0.208419,4,10,7,5,4,10,7,4,4,10,7,3,4,10,6,3,0.06822,0.1306,0.30774,0.33394,1,1,21:06:2023,05:43:36,4,-15.555244,-56.070214,234.0,lev20,Almucantar,Cuiaba,209,209.850556,0.208419,0.096085,0.066007,0.052456,1.685512,76.309957,75.656151,4.726398,0.138141,0.208419,4,10,7,5,4,10,7,4,4,10,7,3,4,10,6,3,0.06822,0.1306,0.30774,0.33394,1,1,21:06:2023,05:43:36,4,-15.555244,-56.070214,234.0,lev20,Almucantar,Cuiaba,209,209.850556,1.5158,1.5125,1.5098,1.5043,0.01487,0.014675,0.014854,0.014876,76.309957,75.656151,4.726398,0.138141,0.208419,4,10,7,5,4,10,7,4,4,10,7,3,4,10,6,3,0.06822,0.1306,0.30774,0.33394,1,1,21:06:2023,05:43:36,4,-15.555244,-56.070214,234.0,lev20,Almucantar,Cuiaba,209,209.850556,0.9149,0.8969,0.8712,0.8514,76.309957,75.656151,4.726398,0.138141,0.208419,4,10,7,5,4,10,7,4,4,10,7,3,4,10,6,3,0.06822,0.1306,0.30774,0.33394,1,1,21:06:2023,05:43:36,4,-15.555244,-56.070214,234.0,lev20,Almucantar,Cuiaba,209,209.850556,0.0798,0.049829,0.038157,0.032227,1.225119,76.309957,75.656151,4.726398,0.138141,0.208419,4,10,7,5,4,10,7,4,4,10,7,3,4,10,6,3,0.06822,0.1306,0.30774,0.33394,1,1,21:06:2023,05:43:36,4,-15.555244,-56.070214,234.0,lev20,Almucantar,1.675132563398452,0.16742097560242652,0.89269329740696,BCL,Maritime,,Unknown
29:07:1995,19:11:34,Cuiaba,210,210.799699,0.4487,0.1991,0.1208,0.0894,0.4348,0.1848,0.106,0.0741,0.0138,0.0143,0.0148,0.0153,1.907892,60.722775,60.115993,4.454836,0.090949,0.448158,3,10,8,4,3,9,7,4,3,5,7,4,3,5,7,4,0.05858,0.11531,0.25769,0.28552,1,1,21:06:2023,05:38:00,4,-15.555244,-56.070214,234.0,lev20,Almucantar,Cuiaba,210,210.799699,0.448158,0.197365,0.121329,0.089126,1.902217,60.722775,60.115993,4.454836,0.090949,0.448158,3,10,8,4,3,9,7,4,3,5,7,4,3,5,7,4,0.05858,0.11531,0.25769,0.28552,1,1,21:06:2023,05:38:00,4,-15.555244,-56.070214,234.0,lev20,Almucantar,Cuiaba,210,210.799699,1.5422,1.4973,1.4959,1.4893,0.034144,0.030386,0.030449,0.030432,60.722775,60.115993,4.454836,0.090949,0.448158,3,10,8,4,3,9,7,4,3,5,7,4,3,5,7,4,0.05858,0.11531,0.25769,0.28552,1,1,21:06:2023,05:38:00,4,-15.555244,-56.070214,234.0,lev20,Almucantar,Cuiaba,210,210.799699,0.847,0.81,0.7686,0.7386,60.722775,60.115993,4.454836,0.090949,0.448158,3,10,8,4,3,9,7,4,3,5,7,4,3,5,7,4,0.05858,0.11531,0.25769,0.28552,1,1,21:06:2023,05:38:00,4,-15.555244,-56.070214,234.0,lev20,Almucantar,Cuiaba,210,210.799699,0.068639,0.037829,0.027957,0.023364,1.314676,60.722775,60.115993,4.454836,0.090949,0.448158,3,10,8,4,3,9,7,4,3,5,7,4,3,5,7,4,0.05858,0.11531,0.25769,0.28552,1,1,21:06:2023,05:38:00,4,-15.555244,-56.070214,234.0,lev20,Almucantar,1.9248681924603634,0.3508266133041837,0.9530483334453701,BCH,Urban,,Unknown
02:08:1995,11:17:12,Cuiaba,214,214.470278,0.7019,0.3114,0.1793,0.1237,0.6859,0.295,0.1621,0.1059,0.0159,0.0165,0.0172,0.0177,1.977093,74.419966,75.078408,2.917618,0.042758,0.700288,4,9,7,5,4,9,7,5,4,9,7,5,4,9,7,4,0.06617,0.12806,0.30215,0.33128,1,1,21:06:2023,05:38:24,4,-15.555244,-56.070214,234.0,lev20,Almucantar,Cuiaba,214,214.470278,0.700288,0.311098,0.179353,0.123372,1.973379,74.419966,75.078408,2.917618,0.042758,0.700288,4,9,7,5,4,9,7,5,4,9,7,5,4,9,7,4,0.06617,0.12806,0.30215,0.33128,1,1,21:06:2023,05:38:24,4,-15.555244,-56.070214,234.0,lev20,Almucantar,Cuiaba,214,214.470278,1.4601,1.4614,1.4715,1.463,0.009398,0.008821,0.008486,0.008404,74.419966,75.078408,2.917618,0.042758,0.700288,4,9,7,5,4,9,7,5,4,9,7,5,4,9,7,4,0.06617,0.12806,0.30215,0.33128,1,1,21:06:2023,05:38:24,4,-15.555244,-56.070214,234.0,lev20,Almucantar,Cuiaba,214,214.470278,0.9427,0.9276,0.9125,0.8968,74.419966,75.078408,2.917618,0.042758,0.700288,4,9,7,5,4,9,7,5,4,9,7,5,4,9,7,4,0.06617,0.12806,0.30215,0.33128,1,1,21:06:2023,05:38:24,4,-15.555244,-56.070214,234.0,lev20,Almucantar,Cuiaba,214,214.470278,0.040185,0.02255,0.015687,0.012765,1.366627,74.419966,75.078408,2.917618,0.042758,0.700288,4,9,7,5,4,9,7,5,4,9,7,5,4,9,7,4,0.06617,0.12806,0.30215,0.33128,1,1,21:06:2023,05:38:24,4,-15.555244,-56.070214,234.0,lev20,Almucantar,2.001897548154564,0.5434195267484948,0.9672730151440226,BCL,Arid,,Unknown
02:08:1995,20:03:54,Cuiaba,214,214.836042,0.5011,0.2223,0.1382,0.1029,0.4707,0.1891,0.1029,0.0667,0.0304,0.0332,0.0353,0.0362,1.876182,71.334925,70.684285,2.3003,0.06413,0.500884,4,10,7,5,4,10,7,5,4,10,7,4,4,10,7,4,0.06419,0.12416,0.28693,0.31376,1,1,21:06:2023,05:41:10,4,-15.555244,-56.070214,234.0,lev20,Almucantar,Cuiaba,214,214.836042,0.500884,0.221177,0.137996,0.103219,1.878582,71.334925,70.684285,2.3003,0.06413,0.500884,4,10,7,5,4,10,7,5,4,10,7,4,4,10,7,4,0.06419,0.12416,0.28693,0.31376,1,1,21:06:2023,05:41:10,4,-15.555244,-56.070214,234.0,lev20,Almucantar,Cuiaba,214,214.836042,1.6,1.5532,1.5634,1.5545,0.016397,0.01512,0.014854,0.014876,71.334925,70.684285,2.3003,0.06413,0.500884,4,10,7,5,4,10,7,5,4,10,7,4,4,10,7,4,0.06419,0.12416,0.28693,0.31376,1,1,21:06:2023,05:41:10,4,-15.555244,-56.070214,234.0,lev20,Almucantar,Cuiaba,214,214.836042,0.9139,0.8884,0.8669,0.8489,71.334925,70.684285,2.3003,0.06413,0.500884,4,10,7,5,4,10,7,5,4,10,7,4,4,10,7,4,0.06419,0.12416,0.28693,0.31376,1,1,21:06:2023,05:41:10,4,-15.555244,-56.070214,234.0,lev20,Almucantar,Cuiaba,214,214.836042,0.04316,0.024797,0.018388,0.015557,1.246244,71.334925,70.684285,2.3003,0.06413,0.500884,4,10,7,5,4,10,7,5,4,10,7,4,4,10,7,4,0.06419,0.12416,0.28693,0.31376,1,1,21:06:2023,05:41:10,4,-15.555244,-56.070214,234.0,lev20,Almucantar,1.8894951500843147,0.3935724416047787,0.9049121740316194,BCL,Urban,,Unknown
03:08:1995,11:39:31,Cuiaba,215,215.485775,0.5745,0.2533,0.1517,0.1064,0.5571,0.2351,0.1322,0.086,0.0174,0.0182,0.0194,0.0204,1.934823,69.44154,70.090519,1.875228,0.027973,0.573489,4,10,7,5,4,10,7,5,4,10,6,5,4,10,4,3,0.06266,0.12227,0.28272,0.31171,1,1,21:06:2023,05:51:38,4,-15.555244,-56.070214,234.0,lev20,Almucantar,Cuiaba,215,215.485775,0.573489,0.253263,0.151841,0.105732,1.93092,69.44154,70.090519,1.875228,0.027973,0.573489,4,10,7,5,4,10,7,5,4,10,6,5,4,10,4,3,0.06266,0.12227,0.28272,0.31171,1,1,21:06:2023,05:51:38,4,-15.555244,-56.070214,234.0,lev20,Almucantar,Cuiaba,215,215.485775,1.5614,1.5294,1.5446,1.5339,0.013738,0.011838,0.011246,0.011122,69.44154,70.090519,1.875228,0.027973,0.573489,4,10,7,5,4,10,7,5,4,10,6,5,4,10,4,3,0.06266,0.12227,0.28272,0.31171,1,1,21:06:2023,05:51:38,4,-15.555244,-56.070214,234.0,lev20,Almucantar,Cuiaba,215,215.485775,0.9314,0.9198,0.9068,0.8922,69.44154,70.090519,1.875228,0.027973,0.573489,4,10,7,5,4,10,7,5,4,10,6,5,4,10,4,3,0.06266,0.12227,0.28272,0.31171,1,1,21:06:2023,05:51:38,4,-15.555244,-56.070214,234.0,lev20,Almucantar,Cuiaba,215,215.485775,0.03939,0.020305,0.014129,0.01147,1.496841,69.44154,70.090519,1.875228,0.027973,0.573489,4,10,7,5,4,10,7,5,4,10,6,5,4,10,4,3,0.06266,0.12227,0.28272,0.31171,1,1,21:06:2023,05:51:38,4,-15.555244,-56.070214,234.0,lev20,Almucantar,1.9532919243774984,0.44755713478066284,0.9557326267285002,BCL,Unclassified,,Unknown
03:08:1995,12:29:19,Cuiaba,215,215.520359,0.6316,0.2821,0.1718,0.1216,0.6176,0.2677,0.1569,0.1063,0.014,0.0145,0.0149,0.0152,1.892887,58.961222,59.573882,4.059828,0.12635,0.629166,4,10,7,4,3,11,7,4,3,11,7,4,3,10,4,4,0.05777,0.11434,0.25544,0.28445,1,1,21:06:2023,05:31:42,4,-15.555244,-56.070214,234.0,lev20,Almucantar,Cuiaba,215,215.520359,0.629166,0.281023,0.171684,0.119734,1.888681,58.961222,59.573882,4.059828,0.12635,0.629166,4,10,7,4,3,11,7,4,3,11,7,4,3,10,4,4,0.05777,0.11434,0.25544,0.28445,1,1,21:06:2023,05:31:42,4,-15.555244,-56.070214,234.0,lev20,Almucantar,Cuiaba,215,215.520359,1.4962,1.4962,1.5255,1.5274,0.00568,0.005309,0.005241,0.005227,58.961222,59.573882,4.059828,0.12635,0.629166,4,10,7,4,3,11,7,4,3,11,7,4,3,10,4,4,0.05777,0.11434,0.25544,0.28445,1,1,21:06:2023,05:31:42,4,-15.555244,-56.070214,234.0,lev20,Almucantar,Cuiaba,215,215.520359,0.9658,0.9577,0.9503,0.9426,58.961222,59.573882,4.059828,0.12635,0.629166,4,10,7,4,3,11,7,4,3,11,7,4,3,10,4,4,0.05777,0.11434,0.25544,0.28445,1,1,21:06:2023,05:31:42,4,-15.555244,-56.070214,234.0,lev20,Almucantar,Cuiaba,215,215.520359,0.021632,0.011933,0.00854,0.006973,1.355638,58.961222,59.573882,4.059828,0.12635,0.629166,4,10,7,4,3,11,7,4,3,11,7,4,3,10,4,4,0.05777,0.11434,0.25544,0.28445,1,1,21:06:2023,05:31:42,4,-15.555244,-56.070214,234.0,lev20,Almucantar,1.9097696512291216,0.49478532867474917,0.9672364568424988,FNA,Arid,,Unknown
03:08:1995,20:27:07,Cuiaba,215,215.852164,1.0381,0.4571,0.2567,0.1784,1.02,0.4384,0.2377,0.1592,0.0181,0.0188,0.0191,0.0193,2.021575,76.339885,75.677681,4.200101,0.037112,1.035818,4,10,7,5,4,10,7,5,4,10,7,5,4,10,5,5,0.06824,0.13064,0.30785,0.33404,1,1,21:06:2023,05:36:57,4,-15.555244,-56.070214,234.0,lev20,Almucantar,Cuiaba,215,215.852164,1.035818,0.45691,0.256835,0.178599,2.01759,76.339885,75.677681,4.200101,0.037112,1.035818,4,10,7,5,4,10,7,5,4,10,7,5,4,10,5,5,0.06824,0.13064,0.30785,0.33404,1,1,21:06:2023,05:36:57,4,-15.555244,-56.070214,234.0,lev20,Almucantar,Cuiaba,215,215.852164,1.4824,1.4752,1.4778,1.4729,0.007874,0.007589,0.007463,0.00744,76.339885,75.677681,4.200101,0.037112,1.035818,4,10,7,5,4,10,7,5,4,10,7,5,4,10,5,5,0.06824,0.13064,0.30785,0.33404,1,1,21:06:2023,05:36:57,4,-15.555244,-56.070214,234.0,lev20,Almucantar,Cuiaba,215,215.852164,0.9544,0.9404,0.9247,0.9112,76.339885,75.677681,4.200101,0.037112,1.035818,4,10,7,5,4,10,7,5,4,10,7,5,4,10,5,5,0.06824,0.13064,0.30785,0.33404,1,1,21:06:2023,05:36:57,4,-15.555244,-56.070214,234.0,lev20,Almucantar,Cuiaba,215,215.852164,0.047355,0.027255,0.019333,0.015846,1.302022,76.339885,75.677681,4.200101,0.037112,1.035818,4,10,7,5,4,10,7,5,4,10,7,5,4,10,5,5,0.06824,0.13064,0.30785,0.33404,1,1,21:06:2023,05:36:57,4,-15.555244,-56.070214,234.0,lev20,Almucantar,2.0495840168724984,0.7988252117943186,0.9740070055187937,FNA,Biomass,,Unknown
06:08:1995,20:05:35,Cuiaba,218,218.837211,0.6864,0.3208,0.1871,0.1298,0.666,0.2996,0.1649,0.1069,0.0204,0.0212,0.0222,0.023,1.880089,71.356678,70.699477,2.975354,0.021707,0.686097,4,10,7,5,4,10,7,5,4,10,7,5,4,10,7,5,0.06778,0.12864,0.28819,0.31593,1,1,21:06:2023,05:32:36,4,-15.555244,-56.070214,234.0,lev20,Almucantar,Cuiaba,218,218.837211,0.686097,0.320534,0.187251,0.129502,1.878533,71.356678,70.699477,2.975354,0.021707,0.686097,4,10,7,5,4,10,7,5,4,10,7,5,4,10,7,5,0.06778,0.12864,0.28819,0.31593,1,1,21:06:2023,05:32:36,4,-15.555244,-56.070214,234.0,lev20,Almucantar,Cuiaba,218,218.837211,1.6,1.5677,1.572,1.5579,0.018937,0.016961,0.016557,0.016467,71.356678,70.699477,2.975354,0.021707,0.686097,4,10,7,5,4,10,7,5,4,10,7,5,4,10,7,5,0.06778,0.12864,0.28819,0.31593,1,1,21:06:2023,05:32:36,4,-15.555244,-56.070214,234.0,lev20,Almucantar,Cuiaba,218,218.837211,0.9137,0.8983,0.8758,0.8536,71.356678,70.699477,2.975354,0.021707,0.686097,4,10,7,5,4,10,7,5,4,10,7,5,4,10,7,5,0.06778,0.12864,0.28819,0.31593,1,1,21:06:2023,05:32:36,4,-15.555244,-56.070214,234.0,lev20,Almucantar,Cuiaba,218,218.837211,0.059241,0.032628,0.023234,0.019005,1.364613,71.356678,70.699477,2.975354,0.021707,0.686097,4,10,7,5,4,10,7,5,4,10,7,5,4,10,7,5,0.06778,0.12864,0.28819,0.31593,1,1,21:06:2023,05:32:36,4,-15.555244,-56.070214,234.0,lev20,Almucantar,1.9066775274495549,0.5379273594616159,0.9582457701123482,BCL,Arid,,Unknown
07:08:1995,11:37:12,Cuiaba,219,219.484167,0.4004,0.1837,0.1167,0.0847,0.3786,0.1603,0.092,0.0592,0.0219,0.0234,0.0246,0.0255,1.795988,69.41369,70.069396,2.539644,0.086471,0.399458,4,10,7,5,4,10,7,5,4,10,7,4,4,10,7,3,0.06608,0.12658,0.28382,0.31374,1,1,21:06:2023,05:37:18,4,-15.555244,-56.070214,234.0,lev20,Almucantar,Cuiaba,219,219.484167,0.399458,0.183182,0.117431,0.083361,1.784765,69.41369,70.069396,2.539644,0.086471,0.399458,4,10,7,5,4,10,7,5,4,10,7,4,4,10,7,3,0.06608,0.12658,0.28382,0.31374,1,1,21:06:2023,05:37:18,4,-15.555244,-56.070214,234.0,lev20,Almucantar,Cuiaba,219,219.484167,1.5158,1.5125,1.5098,1.5043,0.01487,0.014675,0.014854,0.014876,69.41369,70.069396,2.539644,0.086471,0.399458,4,10,7,5,4,10,7,5,4,10,7,4,4,10,7,3,0.06608,0.12658,0.28382,0.31374,1,1,21:06:2023,05:37:18,4,-15.555244,-56.070214,234.0,lev20,Almucantar,Cuiaba,219,219.484167,0.9149,0.8969,0.8712,0.8514,69.41369,70.069396,2.539644,0.086471,0.399458,4,10,7,5,4,10,7,5,4,10,7,4,4,10,7,3,0.06608,0.12658,0.28382,0.31374,1,1,21:06:2023,05:37:18,4,-15.555244,-56.070214,234.0,lev20,Almucantar,Cuiaba,219,219.484167,0.0798,0.049829,0.038157,0.032227,1.225119,69.41369,70.069396,2.539644,0.086471,0.399458,4,10,7,5,4,10,7,5,4,10,7,4,4,10,7,3,0.06608,0.12658,0.28382,0.31374,1,1,21:06:2023,05:37:18,4,-15.555244,-56.070214,234.0,lev20,Almucantar,1.8084554486232014,0.31775577679472156,0.9188778705751095,BCL,Urban,,Unknown
07:08:1995,19:16:50,Cuiaba,219,219.803356,0.7414,0.3588,0.2114,0.1487,0.721,0.3377,0.1897,0.1266,0.0204,0.0211,0.0217,0.0221,1.813075,60.787043,60.159793,5.264085,0.108328,0.739447,3,10,8,4,3,10,8,4,3,10,8,4,3,10,8,4,0.0617,0.11929,0.25899,0.28752,1,1,21:06:2023,05:42:37,4,-15.555244,-56.070214,234.0,lev20,Almucantar,Cuiaba,219,219.803356,0.739447,0.358132,0.211187,0.14672,1.810758,60.787043,60.159793,5.264085,0.108328,0.739447,3,10,8,4,3,10,8,4,3,10,8,4,3,10,8,4,0.0617,0.11929,0.25899,0.28752,1,1,21:06:2023,05:42:37,4,-15.555244,-56.070214,234.0,lev20,Almucantar,Cuiaba,219,219.803356,1.5826,1.5358,1.5327,1.5201,0.017828,0.016475,0.016089,0.01601,60.787043,60.159793,5.264085,0.108328,0.739447,3,10,8,4,3,10,8,4,3,10,8,4,3,10,8,4,0.0617,0.11929,0.25899,0.28752,1,1,21:06:2023,05:42:37,4,-15.555244,-56.070214,234.0,lev20,Almucantar,Cuiaba,219,219.803356,0.915,0.8993,0.8768,0.8555,60.787043,60.159793,5.264085,0.108328,0.739447,3,10,8,4,3,10,8,4,3,10,8,4,3,10,8,4,0.0617,0.11929,0.25899,0.28752,1,1,21:06:2023,05:42:37,4,-15.555244,-56.070214,234.0,lev20,Almucantar,Cuiaba,219,219.803356,0.062987,0.036113,0.02605,0.021489,1.285816,60.787043,60.159793,5.264085,0.108328,0.739447,3,10,8,4,3,10,8,4,3,10,8,4,3,10,8,4,0.0617,0.11929,0.25899,0.28752,1,1,21:06:2023,05:42:37,4,-15.555244,-56.070214,234.0,lev20,Almucantar,1.8406251926201265,0.5859573273232341,0.9614252150388739,BCL,Arid,,Unknown
07:08:1995,20:06:02,Cuiaba,219,219.837523,0.8605,0.4189,0.2378,0.1618,0.8412,0.399,0.2174,0.141,0.0193,0.0199,0.0204,0.0208,1.852992,71.371673,70.712794,3.55629,0.038356,0.859417,4,10,7,5,4,10,7,5,4,10,7,5,4,10,7,5,0.06779,0.12865,0.28823,0.31598,1,1,27:06:2023,07:46:25,4,-15.555244,-56.070214,234.0,lev20,Almucantar,Cuiaba,219,219.837523,0.859417,0.418287,0.237802,0.160916,1.851367,71.371673,70.712794,3.55629,0.038356,0.859417,4,10,7,5,4,10,7,5,4,10,7,5,4,10,7,5,0.06779,0.12865,0.28823,0.31598,1,1,27:06:2023,07:46:25,4,-15.555244,-56.070214,234.0,lev20,Almucantar,Cuiaba,219,219.837523,1.5818,1.5321,1.5179,1.4981,0.017974,0.017443,0.017008,0.016842,71.371673,70.712794,3.55629,0.038356,0.859417,4,10,7,5,4,10,7,5,4,10,7,5,4,10,7,5,0.06779,0.12865,0.28823,0.31598,1,1,27:06:2023,07:46:25,4,-15.555244,-56.070214,234.0,lev20,Almucantar,Cuiaba,219,219.837523,0.9149,0.898,0.8723,0.8467,71.371673,70.712794,3.55629,0.038356,0.859417,4,10,7,5,4,10,7,5,4,10,7,5,4,10,7,5,0.06779,0.12865,0.28823,0.31598,1,1,27:06:2023,07:46:25,4,-15.555244,-56.070214,234.0,lev20,Almucantar,Cuiaba,219,219.837523,0.073262,0.042722,0.03036,0.024796,1.279444,71.371673,70.712794,3.55629,0.038356,0.859417,4,10,7,5,4,10,7,5,4,10,7,5,4,10,7,5,0.06779,0.12865,0.28823,0.31598,1,1,27:06:2023,07:46:25,4,-15.555244,-56.070214,234.0,lev20,Almucantar,1.8865318459016827,0.6761073663068782,0.9694954057797319,BCL,Arid,,Unknown
07:08:1995,20:28:36,Cuiaba,219,219.853194,0.8286,0.4044,0.2309,0.1606,0.8034,0.3783,0.2042,0.1335,0.0252,0.0261,0.0267,0.0271,1.841456,76.368807,75.700824,3.259162,0.025595,0.827581,4,10,7,5,4,10,7,5,4,10,5,5,4,10,4,5,0.07219,0.13552,0.30922,0.33642,1,1,21:06:2023,05:47:38,4,-15.555244,-56.070214,234.0,lev20,Almucantar,Cuiaba,219,219.853194,0.827581,0.40359,0.230856,0.159952,1.840258,76.368807,75.700824,3.259162,0.025595,0.827581,4,10,7,5,4,10,7,5,4,10,5,5,4,10,4,5,0.07219,0.13552,0.30922,0.33642,1,1,21:06:2023,05:47:38,4,-15.555244,-56.070214,234.0,lev20,Almucantar,Cuiaba,219,219.853194,1.5991,1.5543,1.5382,1.52,0.018006,0.017616,0.017259,0.017101,76.368807,75.700824,3.259162,0.025595,0.827581,4,10,7,5,4,10,7,5,4,10,5,5,4,10,4,5,0.07219,0.13552,0.30922,0.33642,1,1,21:06:2023,05:47:38,4,-15.555244,-56.070214,234.0,lev20,Almucantar,Cuiaba,219,219.853194,0.9131,0.8939,0.8661,0.841,76.368807,75.700824,3.259162,0.025595,0.827581,4,10,7,5,4,10,7,5,4,10,5,5,4,10,4,5,0.07219,0.13552,0.30922,0.33642,1,1,21:06:2023,05:47:38,4,-15.555244,-56.070214,234.0,lev20,Almucantar,Cuiaba,219,219.853194,0.072039,0.042889,0.030919,0.025526,1.228658,76.368807,75.700824,3.259162,0.025595,0.827581,4,10,7,5,4,10,7,5,4,10,5,5,4,10,4,5,0.07219,0.13552,0.30922,0.33642,1,1,21:06:2023,05:47:38,4,-15.555244,-56.070214,234.0,lev20,Almucantar,1.8743115257862861,0.6520609036316807,0.9579624585884999,BCL,Arid,,Unknown
09:08:1995,11:36:00,Cuiaba,221,221.483333,0.0969,0.0525,0.0392,0.0344,0.0781,0.0324,0.0178,0.0123,0.0188,0.0201,0.0214,0.022,1.32742,69.390333,70.049414,4.32156,0.293839,0.094946,4,10,7,5,4,10,7,5,4,10,7,3,4,10,7,3,0.06606,0.12655,0.28375,0.31368,1,1,27:06:2023,07:36:13,4,-15.555244,-56.070214,234.0,lev20,Almucantar,Cuiaba,221,221.483333,0.094946,0.048854,0.043721,0.033776,1.168233,69.390333,70.049414,4.32156,0.293839,0.094946,4,10,7,5,4,10,7,5,4,10,7,3,4,10,7,3,0.06606,0.12655,0.28375,0.31368,1,1,27:06:2023,07:36:13,4,-15.555244,-56.070214,234.0,lev20,Almucantar,Cuiaba,221,221.483333,1.5158,1.5125,1.5098,1.5043,0.01487,0.014675,0.014854,0.014876,69.390333,70.049414,4.32156,0.293839,0.094946,4,10,7,5,4,10,7,5,4,10,7,3,4,10,7,3,0.06606,0.12655,0.28375,0.31368,1,1,27:06:2023,07:36:13,4,-15.555244,-56.070214,234.0,lev20,Almucantar,Cuiaba,221,221.483333,0.9149,0.8969,0.8712,0.8514,69.390333,70.049414,4.32156,0.293839,0.094946,4,10,7,5,4,10,7,5,4,10,7,3,4,10,7,3,0.06606,0.12655,0.28375,0.31368,1,1,27:06:2023,07:36:13,4,-15.555244,-56.070214,234.0,lev20,Almucantar,Cuiaba,221,221.483333,0.0798,0.049829,0.038157,0.032227,1.225119,69.390333,70.049414,4.32156,0.293839,0.094946,4,10,7,5,4,10,7,5,4,10,7,3,4,10,7,3,0.06606,0.12655,0.28375,0.31368,1,1,27:06:2023,07:36:13,4,-15.555244,-56.070214,234.0,lev20,Almucantar,1.3275315139068642,0.0817754183835537,0.7157589797257087,BCL,Maritime,,Unknown
09:08:1995,20:06:49,Cuiaba,221,221.838067,0.161,0.0793,0.0596,0.0504,0.1363,0.0523,0.0314,0.0218,0.0247,0.0269,0.0282,0.0286,1.465367,71.380156,70.717967,4.442766,0.1455,0.160742,4,10,7,5,4,10,7,5,4,10,7,5,4,10,7,5,0.0678,0.12868,0.28829,0.316,1,1,21:06:2023,05:40:31,4,-15.555244,-56.070214,234.0,lev20,Almucantar,Cuiaba,221,221.838067,0.160742,0.077119,0.061497,0.050026,1.427792,71.380156,70.717967,4.442766,0.1455,0.160742,4,10,7,5,4,10,7,5,4,10,7,5,4,10,7,5,0.0678,0.12868,0.28829,0.316,1,1,21:06:2023,05:40:31,4,-15.555244,-56.070214,234.0,lev20,Almucantar,Cuiaba,221,221.838067,1.5158,1.5125,1.5098,1.5043,0.01487,0.014675,0.014854,0.014876,71.380156,70.717967,4.442766,0.1455,0.160742,4,10,7,5,4,10,7,5,4,10,7,5,4,10,7,5,0.0678,0.12868,0.28829,0.316,1,1,21:06:2023,05:40:31,4,-15.555244,-56.070214,234.0,lev20,Almucantar,Cuiaba,221,221.838067,0.9149,0.8969,0.8712,0.8514,71.380156,70.717967,4.442766,0.1455,0.160742,4,10,7,5,4,10,7,5,4,10,7,5,4,10,7,5,0.0678,0.12868,0.28829,0.316,1,1,21:06:2023,05:40:31,4,-15.555244,-56.070214,234.0,lev20,Almucantar,Cuiaba,221,221.838067,0.0798,0.049829,0.038157,0.032227,1.225119,71.380156,70.717967,4.442766,0.1455,0.160742,4,10,7,5,4,10,7,5,4,10,7,5,4,10,7,5,0.0678,0.12868,0.28829,0.316,1,1,21:06:2023,05:40:31,4,-15.555244,-56.070214,234.0,lev20,Almucantar,1.4577113767092944,0.13362805145073528,0.7569703558904355,BCL,Maritime,,Unknown
10:08:1995,11:12:58,Cuiaba,222,222.467338,0.2939,0.1286,0.0856,0.0662,0.269,0.1014,0.057,0.0369,0.0249,0.0272,0.0286,0.0293,1.807374,74.348098,75.018324,3.925859,0.131044,0.292202,4,10,7,5,4,10,7,5,4,10,7,5,4,10,7,4,0.06984,0.13265,0.30311,0.33325,1,1,21:06:2023,05:44:06,4,-15.555244,-56.070214,234.0,lev20,Almucantar,Cuiaba,222,222.467338,0.292202,0.127768,0.086931,0.064398,1.77957,74.348098,75.018324,3.925859,0.131044,0.292202,4,10,7,5,4,10,7,5,4,10,7,5,4,10,7,4,0.06984,0.13265,0.30311,0.33325,1,1,21:06:2023,05:44:06,4,-15.555244,-56.070214,234.0,lev20,Almucantar,Cuiaba,222,222.467338,1.5158,1.5125,1.5098,1.5043,0.01487,0.014675,0.014854,0.014876,74.348098,75.018324,3.925859,0.131044,0.292202,4,10,7,5,4,10,7,5,4,10,7,5,4,10,7,4,0.06984,0.13265,0.30311,0.33325,1,1,21:06:2023,05:44:06,4,-15.555244,-56.070214,234.0,lev20,Almucantar,Cuiaba,222,222.467338,0.9149,0.8969,0.8712,0.8514,74.348098,75.018324,3.925859,0.131044,0.292202,4,10,7,5,4,10,7,5,4,10,7,5,4,10,7,4,0.06984,0.13265,0.30311,0.33325,1,1,21:06:2023,05:44:06,4,-15.555244,-56.070214,234.0,lev20,Almucantar,Cuiaba,222,222.467338,0.0798,0.049829,0.038157,0.032227,1.225119,74.348098,75.018324,3.925859,0.131044,0.292202,4,10,7,5,4,10,7,5,4,10,7,5,4,10,7,4,0.06984,0.13265,0.30311,0.33325,1,1,21:06:2023,05:44:06,4,-15.555244,-56.070214,234.0,lev20,Almucantar,1.809477545198578,0.23320734677258761,0.8626070300058505,BCL,Urban,,Unknown
10:08:1995,11:35:23,Cuiaba,222,222.482905,0.2892,0.1265,0.0851,0.0656,0.2651,0.1001,0.0575,0.0374,0.0241,0.0264,0.0276,0.0282,1.793933,69.377929,70.038698,2.960146,0.142154,0.288268,4,10,7,5,4,10,7,5,4,10,5,3,4,10,5,3,0.06605,0.12654,0.28373,0.31364,1,1,21:06:2023,05:46:30,4,-15.555244,-56.070214,234.0,lev20,Almucantar,Cuiaba,222,222.482905,0.288268,0.125311,0.086662,0.063572,1.767096,69.377929,70.038698,2.960146,0.142154,0.288268,4,10,7,5,4,10,7,5,4,10,5,3,4,10,5,3,0.06605,0.12654,0.28373,0.31364,1,1,21:06:2023,05:46:30,4,-15.555244,-56.070214,234.0,lev20,Almucantar,Cuiaba,222,222.482905,1.5158,1.5125,1.5098,1.5043,0.01487,0.014675,0.014854,0.014876,69.377929,70.038698,2.960146,0.142154,0.288268,4,10,7,5,4,10,7,5,4,10,5,3,4,10,5,3,0.06605,0.12654,0.28373,0.31364,1,1,21:06:2023,05:46:30,4,-15.555244,-56.070214,234.0,lev20,Almucantar,Cuiaba,222,222.482905,0.9149,0.8969,0.8712,0.8514,69.377929,70.038698,2.960146,0.142154,0.288268,4,10,7,5,4,10,7,5,4,10,5,3,4,10,5,3,0.06605,0.12654,0.28373,0.31364,1,1,21:06:2023,05:46:30,4,-15.555244,-56.070214,234.0,lev20,Almucantar,Cuiaba,222,222.482905,0.0798,0.049829,0.038157,0.032227,1.225119,69.377929,70.038698,2.960146,0.142154,0.288268,4,10,7,5,4,10,7,5,4,10,5,3,4,10,5,3,0.06605,0.12654,0.28373,0.31364,1,1,21:06:2023,05:46:30,4,-15.555244,-56.070214,234.0,lev20,Almucantar,1.7944231850753325,0.2299199775345659,0.8642660383168808,BCL,Urban,,Unknown
10:08:1995,19:18:30,Cuiaba,222,222.804514,0.3281,0.1465,0.0947,0.0748,0.3019,0.1182,0.0648,0.044,0.0262,0.0282,0.03,0.0308,1.814821,60.812833,60.178597,5.403631,0.427422,0.324716,3,10,8,4,3,10,8,4,3,10,8,4,3,10,8,4,0.06171,0.1193,0.25903,0.28756,1,1,21:06:2023,05:50:11,4,-15.555244,-56.070214,234.0,lev20,Almucantar,Cuiaba,222,222.804514,0.324716,0.139509,0.098824,0.075172,1.75354,60.812833,60.178597,5.403631,0.427422,0.324716,3,10,8,4,3,10,8,4,3,10,8,4,3,10,8,4,0.06171,0.1193,0.25903,0.28756,1,1,21:06:2023,05:50:11,4,-15.555244,-56.070214,234.0,lev20,Almucantar,Cuiaba,222,222.804514,1.5158,1.5125,1.5098,1.5043,0.01487,0.014675,0.014854,0.014876,60.812833,60.178597,5.403631,0.427422,0.324716,3,10,8,4,3,10,8,4,3,10,8,4,3,10,8,4,0.06171,0.1193,0.25903,0.28756,1,1,21:06:2023,05:50:11,4,-15.555244,-56.070214,234.0,lev20,Almucantar,Cuiaba,222,222.804514,0.9149,0.8969,0.8712,0.8514,60.812833,60.178597,5.403631,0.427422,0.324716,3,10,8,4,3,10,8,4,3,10,8,4,3,10,8,4,0.06171,0.1193,0.25903,0.28756,1,1,21:06:2023,05:50:11,4,-15.555244,-56.070214,234.0,lev20,Almucantar,Cuiaba,222,222.804514,0.0798,0.049829,0.038157,0.032227,1.225119,60.812833,60.178597,5.403631,0.427422,0.324716,3,10,8,4,3,10,8,4,3,10,8,4,3,10,8,4,0.06171,0.1193,0.25903,0.28756,1,1,21:06:2023,05:50:11,4,-15.555244,-56.070214,234.0,lev20,Almucantar,1.8227530389698061,0.2599033350369408,0.8718399654642067,BCL,Urban,,Unknown
11:08:1995,19:19:01,Cuiaba,223,223.804873,1.3539,0.7278,0.4219,0.2858,1.3339,0.7072,0.4009,0.2647,0.02,0.0207,0.021,0.0211,1.672884,60.816399,60.179855,6.712342,0.253842,1.347756,3,10,8,4,3,10,8,4,3,10,8,4,3,10,8,4,0.06171,0.1193,0.25904,0.28756,1,1,21:06:2023,05:48:21,4,-15.555244,-56.070214,234.0,lev20,Almucantar,Cuiaba,223,223.804873,1.347756,0.727502,0.42222,0.283484,1.664981,60.816399,60.179855,6.712342,0.253842,1.347756,3,10,8,4,3,10,8,4,3,10,8,4,3,10,8,4,0.06171,0.1193,0.25904,0.28756,1,1,21:06:2023,05:48:21,4,-15.555244,-56.070214,234.0,lev20,Almucantar,Cuiaba,223,223.804873,1.5348,1.5469,1.5496,1.537,0.015564,0.013422,0.01281,0.012667,60.816399,60.179855,6.712342,0.253842,1.347756,3,10,8,4,3,10,8,4,3,10,8,4,3,10,8,4,0.06171,0.1193,0.25904,0.28756,1,1,21:06:2023,05:48:21,4,-15.555244,-56.070214,234.0,lev20,Almucantar,Cuiaba,223,223.804873,0.9244,0.9255,0.9122,0.896,60.816399,60.179855,6.712342,0.253842,1.347756,3,10,8,4,3,10,8,4,3,10,8,4,3,10,8,4,0.06171,0.1193,0.25904,0.28756,1,1,21:06:2023,05:48:21,4,-15.555244,-56.070214,234.0,lev20,Almucantar,Cuiaba,223,223.804873,0.10235,0.054238,0.037063,0.029709,1.478219,60.816399,60.179855,6.712342,0.253842,1.347756,3,10,8,4,3,10,8,4,3,10,8,4,3,10,8,4,0.06171,0.1193,0.25904,0.28756,1,1,21:06:2023,05:48:21,4,-15.555244,-56.070214,234.0,lev20,Almucantar,1.7103486299359372,1.0880092874939515,0.9808830193680919,BCL,Biomass,,Unknown
13:08:1995,11:33:21,Cuiaba,225,225.481493,0.8294,0.3722,0.2105,0.1439,0.8075,0.3492,0.1864,0.119,0.0219,0.0229,0.0241,0.0249,1.983108,69.364708,70.03059,5.972534,0.16044,0.825778,4,10,7,5,4,10,7,5,4,10,7,5,4,10,7,5,0.06712,0.13083,0.28421,0.31418,1,1,21:06:2023,05:44:17,4,-15.555244,-56.070214,234.0,lev20,Almucantar,Cuiaba,225,225.481493,0.825778,0.371865,0.210968,0.141648,1.97365,69.364708,70.03059,5.972534,0.16044,0.825778,4,10,7,5,4,10,7,5,4,10,7,5,4,10,7,5,0.06712,0.13083,0.28421,0.31418,1,1,21:06:2023,05:44:17,4,-15.555244,-56.070214,234.0,lev20,Almucantar,Cuiaba,225,225.481493,1.524,1.5375,1.5496,1.5386,0.013602,0.012838,0.012539,0.01245,69.364708,70.03059,5.972534,0.16044,0.825778,4,10,7,5,4,10,7,5,4,10,7,5,4,10,7,5,0.06712,0.13083,0.28421,0.31418,1,1,21:06:2023,05:44:17,4,-15.555244,-56.070214,234.0,lev20,Almucantar,Cuiaba,225,225.481493,0.9284,0.9098,0.888,0.8663,69.364708,70.03059,5.972534,0.16044,0.825778,4,10,7,5,4,10,7,5,4,10,7,5,4,10,7,5,0.06712,0.13083,0.28421,0.31418,1,1,21:06:2023,05:44:17,4,-15.555244,-56.070214,234.0,lev20,Almucantar,Cuiaba,225,225.481493,0.059403,0.033557,0.023585,0.019243,1.34286,69.364708,70.03059,5.972534,0.16044,0.825778,4,10,7,5,4,10,7,5,4,10,7,5,4,10,7,5,0.06712,0.13083,0.28421,0.31418,1,1,21:06:2023,05:44:17,4,-15.555244,-56.070214,234.0,lev20,Almucantar,2.0114122257081073,0.6413510337017956,0.9622088369500742,BCL,Arid,,Unknown
13:08:1995,12:21:40,Cuiaba,225,225.515046,0.8201,0.3612,0.2078,0.1431,0.7991,0.3393,0.1848,0.1194,0.0211,0.0219,0.0229,0.0237,1.989397,58.871364,59.507704,5.068551,0.239709,0.817292,4,10,7,4,4,10,7,4,3,11,7,4,3,10,8,4,0.06232,0.12214,0.25736,0.28714,1,1,21:06:2023,05:46:24,4,-15.555244,-56.070214,234.0,lev20,Almucantar,Cuiaba,225,225.515046,0.817292,0.360673,0.208226,0.138582,1.981749,58.871364,59.507704,5.068551,0.239709,0.817292,4,10,7,4,4,10,7,4,3,11,7,4,3,10,8,4,0.06232,0.12214,0.25736,0.28714,1,1,21:06:2023,05:46:24,4,-15.555244,-56.070214,234.0,lev20,Almucantar,Cuiaba,225,225.515046,1.5568,1.5563,1.5743,1.567,0.013938,0.013061,0.012789,0.012703,58.871364,59.507704,5.068551,0.239709,0.817292,4,10,7,4,4,10,7,4,3,11,7,4,3,10,8,4,0.06232,0.12214,0.25736,0.28714,1,1,21:06:2023,05:46:24,4,-15.555244,-56.070214,234.0,lev20,Almucantar,Cuiaba,225,225.515046,0.9305,0.9126,0.8931,0.8736,58.871364,59.507704,5.068551,0.239709,0.817292,4,10,7,4,4,10,7,4,3,11,7,4,3,10,8,4,0.06232,0.12214,0.25736,0.28714,1,1,21:06:2023,05:46:24,4,-15.555244,-56.070214,234.0,lev20,Almucantar,Cuiaba,225,225.515046,0.056971,0.031553,0.022214,0.018086,1.371051,58.871364,59.507704,5.068551,0.239709,0.817292,4,10,7,4,4,10,7,4,3,11,7,4,3,10,8,4,0.06232,0.12214,0.25736,0.28714,1,1,21:06:2023,05:46:24,4,-15.555244,-56.070214,234.0,lev20,Almucantar,2.013808098379838,0.6339654167601746,0.9626659197470057,BCL,Arid,,Unknown
13:08:1995,19:20:05,Cuiaba,225,225.805613,0.4225,0.1853,0.1147,0.0832,0.4072,0.1695,0.0985,0.0667,0.0153,0.0158,0.0162,0.0164,1.899474,60.835786,60.194592,3.012262,0.121242,0.423028,3,10,8,4,3,10,8,4,3,10,8,4,3,10,8,4,0.0632,0.12335,0.25995,0.2885,1,1,21:06:2023,05:48:19,4,-15.555244,-56.070214,234.0,lev20,Almucantar,Cuiaba,225,225.805613,0.423028,0.183354,0.1158,0.08269,1.891158,60.835786,60.194592,3.012262,0.121242,0.423028,3,10,8,4,3,10,8,4,3,10,8,4,3,10,8,4,0.0632,0.12335,0.25995,0.2885,1,1,21:06:2023,05:48:19,4,-15.555244,-56.070214,234.0,lev20,Almucantar,Cuiaba,225,225.805613,1.6,1.56,1.5758,1.5628,0.026363,0.02315,0.023353,0.023369,60.835786,60.194592,3.012262,0.121242,0.423028,3,10,8,4,3,10,8,4,3,10,8,4,3,10,8,4,0.0632,0.12335,0.25995,0.2885,1,1,21:06:2023,05:48:19,4,-15.555244,-56.070214,234.0,lev20,Almucantar,Cuiaba,225,225.805613,0.8774,0.8516,0.8204,0.7925,60.835786,60.194592,3.012262,0.121242,0.423028,3,10,8,4,3,10,8,4,3,10,8,4,3,10,8,4,0.0632,0.12335,0.25995,0.2885,1,1,21:06:2023,05:48:19,4,-15.555244,-56.070214,234.0,lev20,Almucantar,Cuiaba,225,225.805613,0.051782,0.027496,0.020596,0.017258,1.354185,60.835786,60.194592,3.012262,0.121242,0.423028,3,10,8,4,3,10,8,4,3,10,8,4,3,10,8,4,0.0632,0.12335,0.25995,0.2885,1,1,21:06:2023,05:48:19,4,-15.555244,-56.070214,234.0,lev20,Almucantar,1.912621487983003,0.3308590962198361,0.9447408449983965,BCM,Urban,,Unknown
13:08:1995,20:08:22,Cuiaba,225,225.839144,0.4684,0.2101,0.1267,0.0934,0.4509,0.1919,0.1081,0.0744,0.0176,0.0182,0.0186,0.019,1.89929,71.411109,70.742284,4.399365,0.168736,0.470025,4,10,7,5,4,10,7,5,4,10,7,5,4,10,7,5,0.06873,0.13306,0.28884,0.31661,1,1,21:06:2023,05:32:19,4,-15.555244,-56.070214,234.0,lev20,Almucantar,Cuiaba,225,225.839144,0.470025,0.208551,0.127623,0.092187,1.896692,71.411109,70.742284,4.399365,0.168736,0.470025,4,10,7,5,4,10,7,5,4,10,7,5,4,10,7,5,0.06873,0.13306,0.28884,0.31661,1,1,21:06:2023,05:32:19,4,-15.555244,-56.070214,234.0,lev20,Almucantar,Cuiaba,225,225.839144,1.6,1.5541,1.5529,1.5443,0.028486,0.027097,0.026477,0.026204,71.411109,70.742284,4.399365,0.168736,0.470025,4,10,7,5,4,10,7,5,4,10,7,5,4,10,7,5,0.06873,0.13306,0.28884,0.31661,1,1,21:06:2023,05:32:19,4,-15.555244,-56.070214,234.0,lev20,Almucantar,Cuiaba,225,225.839144,0.8706,0.8316,0.7955,0.7678,71.411109,70.742284,4.399365,0.168736,0.470025,4,10,7,5,4,10,7,5,4,10,7,5,4,10,7,5,0.06873,0.13306,0.28884,0.31661,1,1,21:06:2023,05:32:19,4,-15.555244,-56.070214,234.0,lev20,Almucantar,Cuiaba,225,225.839144,0.060596,0.035374,0.025913,0.021679,1.237807,71.411109,70.742284,4.399365,0.168736,0.470025,4,10,7,5,4,10,7,5,4,10,7,5,4,10,7,5,0.06873,0.13306,0.28884,0.31661,1,1,21:06:2023,05:32:19,4,-15.555244,-56.070214,234.0,lev20,Almucantar,1.9179479120361365,0.3665536457530371,0.9432068662196988,BCM,Urban,,Unknown
13:08:1995,20:30:39,Cuiaba,225,225.854618,0.4453,0.2019,0.1218,0.0901,0.4272,0.1832,0.1026,0.0705,0.0181,0.0187,0.0192,0.0196,1.882248,76.414,75.737325,4.497841,0.164933,0.445695,4,10,7,5,4,10,7,5,4,10,7,5,4,10,7,5,0.07275,0.14016,0.30957,0.33684,1,1,21:06:2023,05:34:41,4,-15.555244,-56.070214,234.0,lev20,Almucantar,Cuiaba,225,225.854618,0.445695,0.199625,0.121741,0.088618,1.88675,76.414,75.737325,4.497841,0.164933,0.445695,4,10,7,5,4,10,7,5,4,10,7,5,4,10,7,5,0.07275,0.14016,0.30957,0.33684,1,1,21:06:2023,05:34:41,4,-15.555244,-56.070214,234.0,lev20,Almucantar,Cuiaba,225,225.854618,1.6,1.5427,1.5316,1.5183,0.031,0.03102,0.030529,0.030208,76.414,75.737325,4.497841,0.164933,0.445695,4,10,7,5,4,10,7,5,4,10,7,5,4,10,7,5,0.07275,0.14016,0.30957,0.33684,1,1,21:06:2023,05:34:41,4,-15.555244,-56.070214,234.0,lev20,Almucantar,Cuiaba,225,225.854618,0.8611,0.8142,0.7725,0.7421,76.414,75.737325,4.497841,0.164933,0.445695,4,10,7,5,4,10,7,5,4,10,7,5,4,10,7,5,0.07275,0.14016,0.30957,0.33684,1,1,21:06:2023,05:34:41,4,-15.555244,-56.070214,234.0,lev20,Almucantar,Cuiaba,225,225.854618,0.061847,0.037508,0.027704,0.023252,1.168268,76.414,75.737325,4.497841,0.164933,0.445695,4,10,7,5,4,10,7,5,4,10,7,5,4,10,7,5,0.07275,0.14016,0.30957,0.33684,1,1,21:06:2023,05:34:41,4,-15.555244,-56.070214,234.0,lev20,Almucantar,1.901617582737651,0.34920460997271063,0.9388709562498161,BCM,Urban,,Unknown
14:08:1995,11:32:37,Cuiaba,226,226.480984,0.3522,0.1474,0.0932,0.0685,0.3349,0.1291,0.074,0.0486,0.0173,0.0183,0.0193,0.0199,1.943518,69.367472,70.035064,3.497813,0.127068,0.351962,4,10,7,5,4,10,7,5,4,10,7,5,4,10,7,5,0.06712,0.13082,0.28423,0.31419,1,1,21:06:2023,05:44:10,4,-15.555244,-56.070214,234.0,lev20,Almucantar,Cuiaba,226,226.480984,0.351962,0.147232,0.094749,0.066447,1.921021,69.367472,70.035064,3.497813,0.127068,0.351962,4,10,7,5,4,10,7,5,4,10,7,5,4,10,7,5,0.06712,0.13082,0.28423,0.31419,1,1,21:06:2023,05:44:10,4,-15.555244,-56.070214,234.0,lev20,Almucantar,Cuiaba,226,226.480984,1.5158,1.5125,1.5098,1.5043,0.01487,0.014675,0.014854,0.014876,69.367472,70.035064,3.497813,0.127068,0.351962,4,10,7,5,4,10,7,5,4,10,7,5,4,10,7,5,0.06712,0.13082,0.28423,0.31419,1,1,21:06:2023,05:44:10,4,-15.555244,-56.070214,234.0,lev20,Almucantar,Cuiaba,226,226.480984,0.9149,0.8969,0.8712,0.8514,69.367472,70.035064,3.497813,0.127068,0.351962,4,10,7,5,4,10,7,5,4,10,7,5,4,10,7,5,0.06712,0.13082,0.28423,0.31419,1,1,21:06:2023,05:44:10,4,-15.555244,-56.070214,234.0,lev20,Almucantar,Cuiaba,226,226.480984,0.0798,0.049829,0.038157,0.032227,1.225119,69.367472,70.035064,3.497813,0.127068,0.351962,4,10,7,5,4,10,7,5,4,10,7,5,4,10,7,5,0.06712,0.13082,0.28423,0.31419,1,1,21:06:2023,05:44:10,4,-15.555244,-56.070214,234.0,lev20,Almucantar,1.9501473176054045,0.2744873811303424,0.9221590490682338,BCL,Urban,,Unknown
14:08:1995,12:20:50,Cuiaba,226,226.514468,0.3856,0.1614,0.1008,0.0752,0.3679,0.143,0.0815,0.0552,0.0177,0.0184,0.0193,0.02,1.959571,58.863122,59.501838,4.058444,0.286508,0.38458,4,10,7,4,4,10,7,4,3,11,7,4,3,10,8,4,0.06231,0.12213,0.25733,0.28713,1,1,21:06:2023,05:46:07,4,-15.555244,-56.070214,234.0,lev20,Almucantar,Cuiaba,226,226.514468,0.38458,0.15789,0.10452,0.072487,1.912625,58.863122,59.501838,4.058444,0.286508,0.38458,4,10,7,4,4,10,7,4,3,11,7,4,3,10,8,4,0.06231,0.12213,0.25733,0.28713,1,1,21:06:2023,05:46:07,4,-15.555244,-56.070214,234.0,lev20,Almucantar,Cuiaba,226,226.514468,1.5158,1.5125,1.5098,1.5043,0.01487,0.014675,0.014854,0.014876,58.863122,59.501838,4.058444,0.286508,0.38458,4,10,7,4,4,10,7,4,3,11,7,4,3,10,8,4,0.06231,0.12213,0.25733,0.28713,1,1,21:06:2023,05:46:07,4,-15.555244,-56.070214,234.0,lev20,Almucantar,Cuiaba,226,226.514468,0.9149,0.8969,0.8712,0.8514,58.863122,59.501838,4.058444,0.286508,0.38458,4,10,7,4,4,10,7,4,3,11,7,4,3,10,8,4,0.06231,0.12213,0.25733,0.28713,1,1,21:06:2023,05:46:07,4,-15.555244,-56.070214,234.0,lev20,Almucantar,Cuiaba,226,226.514468,0.0798,0.049829,0.038157,0.032227,1.225119,58.863122,59.501838,4.058444,0.286508,0.38458,4,10,7,4,4,10,7,4,3,11,7,4,3,10,8,4,0.06231,0.12213,0.25733,0.28713,1,1,21:06:2023,05:46:07,4,-15.555244,-56.070214,234.0,lev20,Almucantar,1.9680590113645737,0.29983038876281254,0.9272616190196484,BCL,Urban,,Unknown
14:08:1995,19:20:36,Cuiaba,226,226.805972,0.2394,0.1084,0.0729,0.0577,0.2194,0.0867,0.0498,0.0341,0.02,0.0217,0.0231,0.0237,1.74119,60.84463,60.201125,3.107027,0.296086,0.24051,3,10,8,4,3,10,8,4,3,10,8,4,3,10,8,4,0.06321,0.12336,0.25996,0.28851,1,1,21:06:2023,05:48:06,4,-15.555244,-56.070214,234.0,lev20,Almucantar,Cuiaba,226,226.805972,0.24051,0.102731,0.074999,0.056437,1.722785,60.84463,60.201125,3.107027,0.296086,0.24051,3,10,8,4,3,10,8,4,3,10,8,4,3,10,8,4,0.06321,0.12336,0.25996,0.28851,1,1,21:06:2023,05:48:06,4,-15.555244,-56.070214,234.0,lev20,Almucantar,Cuiaba,226,226.805972,1.5158,1.5125,1.5098,1.5043,0.01487,0.014675,0.014854,0.014876,60.84463,60.201125,3.107027,0.296086,0.24051,3,10,8,4,3,10,8,4,3,10,8,4,3,10,8,4,0.06321,0.12336,0.25996,0.28851,1,1,21:06:2023,05:48:06,4,-15.555244,-56.070214,234.0,lev20,Almucantar,Cuiaba,226,226.805972,0.9149,0.8969,0.8712,0.8514,60.84463,60.201125,3.107027,0.296086,0.24051,3,10,8,4,3,10,8,4,3,10,8,4,3,10,8,4,0.06321,0.12336,0.25996,0.28851,1,1,21:06:2023,05:48:06,4,-15.555244,-56.070214,234.0,lev20,Almucantar,Cuiaba,226,226.805972,0.0798,0.049829,0.038157,0.032227,1.225119,60.84463,60.201125,3.107027,0.296086,0.24051,3,10,8,4,3,10,8,4,3,10,8,4,3,10,8,4,0.06321,0.12336,0.25996,0.28851,1,1,21:06:2023,05:48:06,4,-15.555244,-56.070214,234.0,lev20,Almucantar,1.7441908657782164,0.19155404616258556,0.8656673281106444,BCL,Unclassified,,Unknown
14:08:1995,20:08:46,Cuiaba,226,226.839421,0.2436,0.108,0.0721,0.0572,0.2258,0.0895,0.0525,0.037,0.0178,0.0186,0.0195,0.0202,1.783291,71.425569,70.755086,4.440994,0.171103,0.243265,4,10,7,5,4,10,7,5,4,10,7,5,4,10,7,5,0.06874,0.13307,0.28886,0.31666,1,1,21:06:2023,05:50:08,4,-15.555244,-56.070214,234.0,lev20,Almucantar,Cuiaba,226,226.839421,0.243265,0.104973,0.072739,0.055333,1.775832,71.425569,70.755086,4.440994,0.171103,0.243265,4,10,7,5,4,10,7,5,4,10,7,5,4,10,7,5,0.06874,0.13307,0.28886,0.31666,1,1,21:06:2023,05:50:08,4,-15.555244,-56.070214,234.0,lev20,Almucantar,Cuiaba,226,226.839421,1.5158,1.5125,1.5098,1.5043,0.01487,0.014675,0.014854,0.014876,71.425569,70.755086,4.440994,0.171103,0.243265,4,10,7,5,4,10,7,5,4,10,7,5,4,10,7,5,0.06874,0.13307,0.28886,0.31666,1,1,21:06:2023,05:50:08,4,-15.555244,-56.070214,234.0,lev20,Almucantar,Cuiaba,226,226.839421,0.9149,0.8969,0.8712,0.8514,71.425569,70.755086,4.440994,0.171103,0.243265,4,10,7,5,4,10,7,5,4,10,7,5,4,10,7,5,0.06874,0.13307,0.28886,0.31666,1,1,21:06:2023,05:50:08,4,-15.555244,-56.070214,234.0,lev20,Almucantar,Cuiaba,226,226.839421,0.0798,0.049829,0.038157,0.032227,1.225119,71.425569,70.755086,4.440994,0.171103,0.243265,4,10,7,5,4,10,7,5,4,10,7,5,4,10,7,5,0.06874,0.13307,0.28886,0.31666,1,1,21:06:2023,05:50:08,4,-15.555244,-56.070214,234.0,lev20,Almucantar,1.785888924540072,0.19387843393916052,0.8843540310822522,BCL,Unclassified,,Unknown
14:08:1995,20:30:59,Cuiaba,226,226.85485,0.2237,0.1002,0.0673,0.0535,0.2062,0.082,0.0481,0.0336,0.0174,0.0182,0.0192,0.0199,1.759518,76.424831,75.746718,3.98664,0.141482,0.22319,4,10,7,5,4,10,7,5,4,10,7,5,4,10,7,5,0.07276,0.14017,0.30962,0.33689,1,1,21:06:2023,05:52:14,4,-15.555244,-56.070214,234.0,lev20,Almucantar,Cuiaba,226,226.85485,0.22319,0.098391,0.068342,0.051599,1.739804,76.424831,75.746718,3.98664,0.141482,0.22319,4,10,7,5,4,10,7,5,4,10,7,5,4,10,7,5,0.07276,0.14017,0.30962,0.33689,1,1,21:06:2023,05:52:14,4,-15.555244,-56.070214,234.0,lev20,Almucantar,Cuiaba,226,226.85485,1.5158,1.5125,1.5098,1.5043,0.01487,0.014675,0.014854,0.014876,76.424831,75.746718,3.98664,0.141482,0.22319,4,10,7,5,4,10,7,5,4,10,7,5,4,10,7,5,0.07276,0.14017,0.30962,0.33689,1,1,21:06:2023,05:52:14,4,-15.555244,-56.070214,234.0,lev20,Almucantar,Cuiaba,226,226.85485,0.9149,0.8969,0.8712,0.8514,76.424831,75.746718,3.98664,0.141482,0.22319,4,10,7,5,4,10,7,5,4,10,7,5,4,10,7,5,0.07276,0.14017,0.30962,0.33689,1,1,21:06:2023,05:52:14,4,-15.555244,-56.070214,234.0,lev20,Almucantar,Cuiaba,226,226.85485,0.0798,0.049829,0.038157,0.032227,1.225119,76.424831,75.746718,3.98664,0.141482,0.22319,4,10,7,5,4,10,7,5,4,10,7,5,4,10,7,5,0.07276,0.14017,0.30962,0.33689,1,1,21:06:2023,05:52:14,4,-15.555244,-56.070214,234.0,lev20,Almucantar,1.7619378948041655,0.1785862016416207,0.87743126388237,BCL,Unclassified,,Unknown
16:08:1995,19:22:12,Cuiaba,228,228.807083,1.2603,0.6477,0.3943,0.2775,1.2295,0.6157,0.3618,0.2447,0.0309,0.032,0.0325,0.0328,1.677573,60.990667,60.34216,4.690549,0.122704,1.256345,3,10,8,4,3,10,8,4,3,10,8,4,3,10,8,4,0.06326,0.12345,0.26025,0.28879,1,1,21:06:2023,05:36:24,4,-15.555244,-56.070214,234.0,lev20,Almucantar,Cuiaba,228,228.807083,1.256345,0.646786,0.394376,0.27565,1.672797,60.990667,60.34216,4.690549,0.122704,1.256345,3,10,8,4,3,10,8,4,3,10,8,4,3,10,8,4,0.06326,0.12345,0.26025,0.28879,1,1,21:06:2023,05:36:24,4,-15.555244,-56.070214,234.0,lev20,Almucantar,Cuiaba,228,228.807083,1.4879,1.4912,1.4951,1.4795,0.011032,0.009124,0.008568,0.008441,60.990667,60.34216,4.690549,0.122704,1.256345,3,10,8,4,3,10,8,4,3,10,8,4,3,10,8,4,0.06326,0.12345,0.26025,0.28879,1,1,21:06:2023,05:36:24,4,-15.555244,-56.070214,234.0,lev20,Almucantar,Cuiaba,228,228.807083,0.9354,0.9332,0.9246,0.9129,60.990667,60.34216,4.690549,0.122704,1.256345,3,10,8,4,3,10,8,4,3,10,8,4,3,10,8,4,0.06326,0.12345,0.26025,0.28879,1,1,21:06:2023,05:36:24,4,-15.555244,-56.070214,234.0,lev20,Almucantar,Cuiaba,228,228.807083,0.08138,0.04327,0.029734,0.024159,1.465703,60.990667,60.34216,4.690549,0.122704,1.256345,3,10,8,4,3,10,8,4,3,10,8,4,3,10,8,4,0.06326,0.12345,0.26025,0.28879,1,1,21:06:2023,05:36:24,4,-15.555244,-56.070214,234.0,lev20,Almucantar,1.7045056749624505,1.0135480347172765,0.9665914065535924,BCL,Biomass,,Unknown
16:08:1995,20:31:32,Cuiaba,228,228.855231,1.3202,0.6765,0.4005,0.2798,1.2899,0.6452,0.3686,0.2475,0.0304,0.0314,0.0319,0.0323,1.718829,76.424646,75.743708,6.729524,0.059382,1.316417,3,10,7,5,4,10,7,5,4,10,7,5,4,10,7,5,0.07277,0.14017,0.30963,0.33688,1,1,27:06:2023,07:38:43,4,-15.555244,-56.070214,234.0,lev20,Almucantar,Cuiaba,228,228.855231,1.316417,0.676593,0.401046,0.279064,1.71259,76.424646,75.743708,6.729524,0.059382,1.316417,3,10,7,5,4,10,7,5,4,10,7,5,4,10,7,5,0.07277,0.14017,0.30963,0.33688,1,1,27:06:2023,07:38:43,4,-15.555244,-56.070214,234.0,lev20,Almucantar,Cuiaba,228,228.855231,1.4663,1.4794,1.4787,1.4635,0.010169,0.009153,0.008785,0.008677,76.424646,75.743708,6.729524,0.059382,1.316417,3,10,7,5,4,10,7,5,4,10,7,5,4,10,7,5,0.07277,0.14017,0.30963,0.33688,1,1,27:06:2023,07:38:43,4,-15.555244,-56.070214,234.0,lev20,Almucantar,Cuiaba,228,228.855231,0.9379,0.9312,0.9188,0.9053,76.424646,75.743708,6.729524,0.059382,1.316417,3,10,7,5,4,10,7,5,4,10,7,5,4,10,7,5,0.07277,0.14017,0.30963,0.33688,1,1,27:06:2023,07:38:43,4,-15.555244,-56.070214,234.0,lev20,Almucantar,Cuiaba,228,228.855231,0.082021,0.046539,0.032527,0.026492,1.343427,76.424646,75.743708,6.729524,0.059382,1.316417,3,10,7,5,4,10,7,5,4,10,7,5,4,10,7,5,0.07277,0.14017,0.30963,0.33688,1,1,27:06:2023,07:38:43,4,-15.555244,-56.070214,234.0,lev20,Almucantar,1.7497321540395394,1.0555997404653323,0.968935272148673,BCL,Biomass,,Unknown
17:08:1995,19:22:06,Cuiaba,229,229.807014,0.496,0.2582,0.1774,0.1368,0.4561,0.2169,0.1351,0.0936,0.0399,0.0413,0.0423,0.0432,1.498476,60.871809,60.221432,2.632274,0.199073,0.494184,3,10,8,4,3,10,8,4,3,9,8,4,3,9,8,4,0.06322,0.12337,0.26,0.28855,1,1,21:06:2023,05:41:10,4,-15.555244,-56.070214,234.0,lev20,Almucantar,Cuiaba,229,229.807014,0.494184,0.257008,0.179025,0.133248,1.48185,60.871809,60.221432,2.632274,0.199073,0.494184,3,10,8,4,3,10,8,4,3,9,8,4,3,9,8,4,0.06322,0.12337,0.26,0.28855,1,1,21:06:2023,05:41:10,4,-15.555244,-56.070214,234.0,lev20,Almucantar,Cuiaba,229,229.807014,1.5724,1.5418,1.5587,1.5417,0.024454,0.0125,0.010879,0.010039,60.871809,60.221432,2.632274,0.199073,0.494184,3,10,8,4,3,10,8,4,3,9,8,4,3,9,8,4,0.06322,0.12337,0.26,0.28855,1,1,21:06:2023,05:41:10,4,-15.555244,-56.070214,234.0,lev20,Almucantar,Cuiaba,229,229.807014,0.8642,0.8932,0.8883,0.8813,60.871809,60.221432,2.632274,0.199073,0.494184,3,10,8,4,3,10,8,4,3,9,8,4,3,9,8,4,0.06322,0.12337,0.26,0.28855,1,1,21:06:2023,05:41:10,4,-15.555244,-56.070214,234.0,lev20,Almucantar,Cuiaba,229,229.807014,0.067365,0.027585,0.019806,0.016239,1.809631,60.871809,60.221432,2.632274,0.199073,0.494184,3,10,8,4,3,10,8,4,3,9,8,4,3,9,8,4,0.06322,0.12337,0.26,0.28855,1,1,21:06:2023,05:41:10,4,-15.555244,-56.070214,234.0,lev20,Almucantar,1.508201522872197,0.4090254753980458,0.8871873625252276,BCM,Unclassified,,Unknown
17:08:1995,20:09:48,Cuiaba,229,229.840139,0.4903,0.2564,0.1725,0.1317,0.4549,0.2198,0.1349,0.0931,0.0353,0.0366,0.0376,0.0386,1.519136,71.441447,70.766092,3.565393,0.097958,0.48995,3,10,7,5,4,10,7,5,4,10,7,5,4,10,7,5,0.06875,0.1331,0.28891,0.3167,1,1,21:06:2023,05:43:26,4,-15.555244,-56.070214,234.0,lev20,Almucantar,Cuiaba,229,229.840139,0.48995,0.255277,0.173231,0.130428,1.513435,71.441447,70.766092,3.565393,0.097958,0.48995,3,10,7,5,4,10,7,5,4,10,7,5,4,10,7,5,0.06875,0.1331,0.28891,0.3167,1,1,21:06:2023,05:43:26,4,-15.555244,-56.070214,234.0,lev20,Almucantar,Cuiaba,229,229.840139,1.6,1.5461,1.5494,1.5274,0.024802,0.017387,0.015125,0.014072,71.441447,70.766092,3.565393,0.097958,0.48995,3,10,7,5,4,10,7,5,4,10,7,5,4,10,7,5,0.06875,0.1331,0.28891,0.3167,1,1,21:06:2023,05:43:26,4,-15.555244,-56.070214,234.0,lev20,Almucantar,Cuiaba,229,229.840139,0.8672,0.8714,0.8641,0.8569,71.441447,70.766092,3.565393,0.097958,0.48995,3,10,7,5,4,10,7,5,4,10,7,5,4,10,7,5,0.06875,0.1331,0.28891,0.3167,1,1,21:06:2023,05:43:26,4,-15.555244,-56.070214,234.0,lev20,Almucantar,Cuiaba,229,229.840139,0.065101,0.032971,0.023441,0.018846,1.495702,71.441447,70.766092,3.565393,0.097958,0.48995,3,10,7,5,4,10,7,5,4,10,7,5,4,10,7,5,0.06875,0.1331,0.28891,0.3167,1,1,21:06:2023,05:43:26,4,-15.555244,-56.070214,234.0,lev20,Almucantar,1.5323337060308921,0.40307960148500543,0.8999205680241796,BCM,Unclassified,,Unknown
17:08:1995,20:31:51,Cuiaba,229,229.855451,0.4928,0.2583,0.1722,0.1314,0.4564,0.2206,0.1334,0.0917,0.0364,0.0377,0.0387,0.0397,1.52762,76.436314,75.753965,3.436231,0.127248,0.493306,4,10,7,5,4,10,7,5,4,10,7,5,4,10,7,5,0.07278,0.1402,0.30966,0.33692,1,1,21:06:2023,05:46:10,4,-15.555244,-56.070214,234.0,lev20,Almucantar,Cuiaba,229,229.855451,0.493306,0.257114,0.172354,0.130079,1.52904,76.436314,75.753965,3.436231,0.127248,0.493306,4,10,7,5,4,10,7,5,4,10,7,5,4,10,7,5,0.07278,0.1402,0.30966,0.33692,1,1,21:06:2023,05:46:10,4,-15.555244,-56.070214,234.0,lev20,Almucantar,Cuiaba,229,229.855451,1.6,1.5407,1.5374,1.515,0.021212,0.017197,0.015225,0.014364,76.436314,75.753965,3.436231,0.127248,0.493306,4,10,7,5,4,10,7,5,4,10,7,5,4,10,7,5,0.07278,0.1402,0.30966,0.33692,1,1,21:06:2023,05:46:10,4,-15.555244,-56.070214,234.0,lev20,Almucantar,Cuiaba,229,229.855451,0.8817,0.8704,0.8593,0.8493,76.436314,75.753965,3.436231,0.127248,0.493306,4,10,7,5,4,10,7,5,4,10,7,5,4,10,7,5,0.07278,0.1402,0.30966,0.33692,1,1,21:06:2023,05:46:10,4,-15.555244,-56.070214,234.0,lev20,Almucantar,Cuiaba,229,229.855451,0.058283,0.033489,0.024221,0.019794,1.278985,76.436314,75.753965,3.436231,0.127248,0.493306,4,10,7,5,4,10,7,5,4,10,7,5,4,10,7,5,0.07278,0.1402,0.30966,0.33692,1,1,21:06:2023,05:46:10,4,-15.555244,-56.070214,234.0,lev20,Almucantar,1.5423475287344774,0.40461659009225615,0.8976002680189947,BCM,Unclassified,,Unknown
18:08:1995,11:07:48,Cuiaba,230,230.46375,0.6221,0.3166,0.2066,0.1528,0.587,0.2803,0.1689,0.1138,0.0352,0.0363,0.0377,0.039,1.601135,74.29997,74.981959,5.000576,0.089716,0.618875,4,10,6,5,4,10,6,5,4,10,6,5,4,10,6,4,0.07053,0.13706,0.30319,0.33339,1,1,27:06:2023,07:42:10,4,-15.555244,-56.070214,234.0,lev20,Almucantar,Cuiaba,230,230.46375,0.618875,0.316018,0.206927,0.151617,1.591466,74.29997,74.981959,5.000576,0.089716,0.618875,4,10,6,5,4,10,6,5,4,10,6,5,4,10,6,4,0.07053,0.13706,0.30319,0.33339,1,1,27:06:2023,07:42:10,4,-15.555244,-56.070214,234.0,lev20,Almucantar,Cuiaba,230,230.46375,1.4381,1.4605,1.4833,1.4724,0.011756,0.008322,0.007346,0.007089,74.29997,74.981959,5.000576,0.089716,0.618875,4,10,6,5,4,10,6,5,4,10,6,5,4,10,6,4,0.07053,0.13706,0.30319,0.33339,1,1,27:06:2023,07:42:10,4,-15.555244,-56.070214,234.0,lev20,Almucantar,Cuiaba,230,230.46375,0.9159,0.9193,0.9157,0.9066,74.29997,74.981959,5.000576,0.089716,0.618875,4,10,6,5,4,10,6,5,4,10,6,5,4,10,6,4,0.07053,0.13706,0.30319,0.33339,1,1,27:06:2023,07:42:10,4,-15.555244,-56.070214,234.0,lev20,Almucantar,Cuiaba,230,230.46375,0.052311,0.025538,0.017422,0.014266,1.606578,74.29997,74.981959,5.000576,0.089716,0.618875,4,10,6,5,4,10,6,5,4,10,6,5,4,10,6,4,0.07053,0.13706,0.30319,0.33339,1,1,27:06:2023,07:42:10,4,-15.555244,-56.070214,234.0,lev20,Almucantar,1.6169670025330083,0.5059300952009984,0.9221002718811961,BCL,Arid,,Unknown
18:08:1995,11:29:48,Cuiaba,230,230.479028,0.6172,0.3124,0.2054,0.1525,0.5819,0.276,0.1677,0.1136,0.0353,0.0365,0.0378,0.0388,1.599596,69.329041,70.003299,4.012889,0.139862,0.614159,4,10,7,5,4,10,7,5,4,10,7,5,4,10,7,5,0.0671,0.13079,0.28412,0.31409,1,1,21:06:2023,05:40:19,4,-15.555244,-56.070214,234.0,lev20,Almucantar,Cuiaba,230,230.479028,0.614159,0.311799,0.205826,0.14986,1.589697,69.329041,70.003299,4.012889,0.139862,0.614159,4,10,7,5,4,10,7,5,4,10,7,5,4,10,7,5,0.0671,0.13079,0.28412,0.31409,1,1,21:06:2023,05:40:19,4,-15.555244,-56.070214,234.0,lev20,Almucantar,Cuiaba,230,230.479028,1.4502,1.4708,1.4964,1.4863,0.01487,0.009106,0.007779,0.007379,69.329041,70.003299,4.012889,0.139862,0.614159,4,10,7,5,4,10,7,5,4,10,7,5,4,10,7,5,0.0671,0.13079,0.28412,0.31409,1,1,21:06:2023,05:40:19,4,-15.555244,-56.070214,234.0,lev20,Almucantar,Cuiaba,230,230.479028,0.8978,0.9122,0.9122,0.9045,69.329041,70.003299,4.012889,0.139862,0.614159,4,10,7,5,4,10,7,5,4,10,7,5,4,10,7,5,0.0671,0.13079,0.28412,0.31409,1,1,21:06:2023,05:40:19,4,-15.555244,-56.070214,234.0,lev20,Almucantar,Cuiaba,230,230.479028,0.0631,0.027421,0.018037,0.014559,1.833578,69.329041,70.003299,4.012889,0.139862,0.614159,4,10,7,5,4,10,7,5,4,10,7,5,4,10,7,5,0.0671,0.13079,0.28412,0.31409,1,1,21:06:2023,05:40:19,4,-15.555244,-56.070214,234.0,lev20,Almucantar,1.6139122638285217,0.5021411595479564,0.9205461769752843,BCM,Arid,,Unknown
18:08:1995,19:22:34,Cuiaba,230,230.807338,0.5334,0.2649,0.1812,0.1413,0.4817,0.2109,0.1247,0.0829,0.0517,0.0539,0.0565,0.0583,1.576713,60.87757,60.22494,2.739597,0.206617,0.53097,3,9,8,4,3,10,8,4,3,9,8,4,3,9,8,4,0.06322,0.12337,0.26,0.28856,1,1,21:06:2023,05:43:07,4,-15.555244,-56.070214,234.0,lev20,Almucantar,Cuiaba,230,230.807338,0.53097,0.263583,0.182745,0.137186,1.559609,60.87757,60.22494,2.739597,0.206617,0.53097,3,9,8,4,3,10,8,4,3,9,8,4,3,9,8,4,0.06322,0.12337,0.26,0.28856,1,1,21:06:2023,05:43:07,4,-15.555244,-56.070214,234.0,lev20,Almucantar,Cuiaba,230,230.807338,1.5611,1.5368,1.5553,1.5399,0.025759,0.014724,0.012637,0.011686,60.87757,60.22494,2.739597,0.206617,0.53097,3,9,8,4,3,10,8,4,3,9,8,4,3,9,8,4,0.06322,0.12337,0.26,0.28856,1,1,21:06:2023,05:43:07,4,-15.555244,-56.070214,234.0,lev20,Almucantar,Cuiaba,230,230.807338,0.8535,0.8679,0.8645,0.8575,60.87757,60.22494,2.739597,0.206617,0.53097,3,9,8,4,3,10,8,4,3,9,8,4,3,9,8,4,0.06322,0.12337,0.26,0.28856,1,1,21:06:2023,05:43:07,4,-15.555244,-56.070214,234.0,lev20,Almucantar,Cuiaba,230,230.807338,0.078125,0.034974,0.024555,0.020127,1.702019,60.87757,60.22494,2.739597,0.206617,0.53097,3,9,8,4,3,10,8,4,3,9,8,4,3,9,8,4,0.06322,0.12337,0.26,0.28856,1,1,21:06:2023,05:43:07,4,-15.555244,-56.070214,234.0,lev20,Almucantar,1.5837478993350655,0.4356398100377944,0.8600645811755879,BCM,Unclassified,,Unknown
18:08:1995,20:10:07,Cuiaba,230,230.840359,0.5086,0.2555,0.1735,0.1344,0.4608,0.2057,0.1211,0.0801,0.0478,0.0498,0.0524,0.0543,1.568662,71.443786,70.766833,2.645813,0.059847,0.507085,3,10,7,5,3,10,7,5,4,10,7,5,2,10,7,5,0.06875,0.1331,0.28893,0.3167,1,1,21:06:2023,05:46:01,4,-15.555244,-56.070214,234.0,lev20,Almucantar,Cuiaba,230,230.840359,0.507085,0.254726,0.174128,0.13302,1.559984,71.443786,70.766833,2.645813,0.059847,0.507085,3,10,7,5,3,10,7,5,4,10,7,5,2,10,7,5,0.06875,0.1331,0.28893,0.3167,1,1,21:06:2023,05:46:01,4,-15.555244,-56.070214,234.0,lev20,Almucantar,Cuiaba,230,230.840359,1.6,1.5551,1.5627,1.5401,0.025864,0.01791,0.015359,0.014024,71.443786,70.766833,2.645813,0.059847,0.507085,3,10,7,5,3,10,7,5,4,10,7,5,2,10,7,5,0.06875,0.1331,0.28893,0.3167,1,1,21:06:2023,05:46:01,4,-15.555244,-56.070214,234.0,lev20,Almucantar,Cuiaba,230,230.840359,0.8579,0.8578,0.85,0.8457,71.443786,70.766833,2.645813,0.059847,0.507085,3,10,7,5,3,10,7,5,4,10,7,5,2,10,7,5,0.06875,0.1331,0.28893,0.3167,1,1,21:06:2023,05:46:01,4,-15.555244,-56.070214,234.0,lev20,Almucantar,Cuiaba,230,230.840359,0.072289,0.036337,0.026031,0.020737,1.497273,71.443786,70.766833,2.645813,0.059847,0.507085,3,10,7,5,3,10,7,5,4,10,7,5,2,10,7,5,0.06875,0.1331,0.28893,0.3167,1,1,21:06:2023,05:46:01,4,-15.555244,-56.070214,234.0,lev20,Almucantar,1.577607586828286,0.41571126977377254,0.8663745164731905,BCM,Unclassified,,Unknown
18:08:1995,20:32:07,Cuiaba,230,230.855637,0.5159,0.2613,0.1756,0.1367,0.4637,0.207,0.1186,0.0779,0.0522,0.0543,0.057,0.0588,1.569775,76.438156,75.754419,3.110155,0.090483,0.514715,4,10,7,5,4,10,7,5,4,10,7,5,4,10,7,5,0.07278,0.1402,0.30966,0.33692,1,1,27:06:2023,07:44:50,4,-15.555244,-56.070214,234.0,lev20,Almucantar,Cuiaba,230,230.855637,0.514715,0.259886,0.175684,0.134781,1.566808,76.438156,75.754419,3.110155,0.090483,0.514715,4,10,7,5,4,10,7,5,4,10,7,5,4,10,7,5,0.07278,0.1402,0.30966,0.33692,1,1,27:06:2023,07:44:50,4,-15.555244,-56.070214,234.0,lev20,Almucantar,Cuiaba,230,230.855637,1.6,1.5492,1.5467,1.5231,0.022888,0.017473,0.015189,0.014191,76.438156,75.754419,3.110155,0.090483,0.514715,4,10,7,5,4,10,7,5,4,10,7,5,4,10,7,5,0.07278,0.1402,0.30966,0.33692,1,1,27:06:2023,07:44:50,4,-15.555244,-56.070214,234.0,lev20,Almucantar,Cuiaba,230,230.855637,0.8693,0.8547,0.842,0.8331,76.438156,75.754419,3.110155,0.090483,0.514715,4,10,7,5,4,10,7,5,4,10,7,5,4,10,7,5,0.07278,0.1402,0.30966,0.33692,1,1,27:06:2023,07:44:50,4,-15.555244,-56.070214,234.0,lev20,Almucantar,Cuiaba,230,230.855637,0.067417,0.037984,0.027742,0.022811,1.296311,76.438156,75.754419,3.110155,0.090483,0.514715,4,10,7,5,4,10,7,5,4,10,7,5,4,10,7,5,0.07278,0.1402,0.30966,0.33692,1,1,27:06:2023,07:44:50,4,-15.555244,-56.070214,234.0,lev20,Almucantar,1.5808640827253293,0.42150252277568634,0.8566610659827689,BCM,Unclassified,,Unknown
19:08:1995,19:23:00,Cuiaba,231,231.807639,0.4739,0.2325,0.1635,0.131,0.4206,0.1768,0.1054,0.0711,0.0533,0.0557,0.0582,0.0599,1.559008,60.878058,60.223206,3.146292,0.242102,0.471494,3,10,8,4,3,10,8,4,3,9,8,4,3,9,8,4,0.06322,0.12338,0.26002,0.28856,1,1,21:06:2023,05:41:20,4,-15.555244,-56.070214,234.0,lev20,Almucantar,Cuiaba,231,231.807639,0.471494,0.231194,0.165604,0.126164,1.535585,60.878058,60.223206,3.146292,0.242102,0.471494,3,10,8,4,3,10,8,4,3,9,8,4,3,9,8,4,0.06322,0.12338,0.26002,0.28856,1,1,21:06:2023,05:41:20,4,-15.555244,-56.070214,234.0,lev20,Almucantar,Cuiaba,231,231.807639,1.5434,1.5239,1.5485,1.5379,0.025933,0.01436,0.012299,0.011405,60.878058,60.223206,3.146292,0.242102,0.471494,3,10,8,4,3,10,8,4,3,9,8,4,3,9,8,4,0.06322,0.12338,0.26002,0.28856,1,1,21:06:2023,05:41:20,4,-15.555244,-56.070214,234.0,lev20,Almucantar,Cuiaba,231,231.807639,0.8421,0.8567,0.8548,0.8497,60.878058,60.223206,3.146292,0.242102,0.471494,3,10,8,4,3,10,8,4,3,9,8,4,3,9,8,4,0.06322,0.12338,0.26002,0.28856,1,1,21:06:2023,05:41:20,4,-15.555244,-56.070214,234.0,lev20,Almucantar,Cuiaba,231,231.807639,0.07485,0.033325,0.023741,0.019685,1.691227,60.878058,60.223206,3.146292,0.242102,0.471494,3,10,8,4,3,10,8,4,3,9,8,4,3,9,8,4,0.06322,0.12338,0.26002,0.28856,1,1,21:06:2023,05:41:20,4,-15.555244,-56.070214,234.0,lev20,Almucantar,1.5610304876034613,0.3881704466742695,0.8334836421526013,BCH,Urban,,Unknown
19:08:1995,20:10:27,Cuiaba,231,231.84059,0.4224,0.215,0.1521,0.122,0.3696,0.1601,0.0947,0.0627,0.0528,0.0549,0.0574,0.0593,1.494546,71.451564,70.773018,3.782538,0.121785,0.420637,4,10,7,5,4,10,7,5,4,10,7,5,4,10,7,5,0.06876,0.13311,0.28896,0.31672,1,1,21:06:2023,05:43:44,4,-15.555244,-56.070214,234.0,lev20,Almucantar,Cuiaba,231,231.84059,0.420637,0.213734,0.153357,0.120523,1.478581,71.451564,70.773018,3.782538,0.121785,0.420637,4,10,7,5,4,10,7,5,4,10,7,5,4,10,7,5,0.06876,0.13311,0.28896,0.31672,1,1,21:06:2023,05:43:44,4,-15.555244,-56.070214,234.0,lev20,Almucantar,Cuiaba,231,231.84059,1.6,1.555,1.5657,1.5427,0.026084,0.016382,0.013784,0.012495,71.451564,70.773018,3.782538,0.121785,0.420637,4,10,7,5,4,10,7,5,4,10,7,5,4,10,7,5,0.06876,0.13311,0.28896,0.31672,1,1,21:06:2023,05:43:44,4,-15.555244,-56.070214,234.0,lev20,Almucantar,Cuiaba,231,231.84059,0.8464,0.8467,0.846,0.8435,71.451564,70.773018,3.782538,0.121785,0.420637,4,10,7,5,4,10,7,5,4,10,7,5,4,10,7,5,0.06876,0.13311,0.28896,0.31672,1,1,21:06:2023,05:43:44,4,-15.555244,-56.070214,234.0,lev20,Almucantar,Cuiaba,231,231.84059,0.064892,0.032957,0.023423,0.019097,1.491861,71.451564,70.773018,3.782538,0.121785,0.420637,4,10,7,5,4,10,7,5,4,10,7,5,4,10,7,5,0.06876,0.13311,0.28896,0.31672,1,1,21:06:2023,05:43:44,4,-15.555244,-56.070214,234.0,lev20,Almucantar,1.498293732671589,0.34877282988626956,0.8207513674736479,BCH,Urban,,Unknown
19:08:1995,20:32:24,Cuiaba,231,231.855833,0.4194,0.2147,0.151,0.1219,0.363,0.1561,0.0897,0.0587,0.0564,0.0587,0.0613,0.0632,1.493452,76.445346,75.760228,3.515338,0.115513,0.41789,4,10,7,5,4,10,7,5,4,10,7,5,4,10,7,5,0.07278,0.14021,0.30972,0.33695,1,1,21:06:2023,05:46:33,4,-15.555244,-56.070214,234.0,lev20,Almucantar,Cuiaba,231,231.855833,0.41789,0.213527,0.151797,0.12027,1.482177,76.445346,75.760228,3.515338,0.115513,0.41789,4,10,7,5,4,10,7,5,4,10,7,5,4,10,7,5,0.07278,0.14021,0.30972,0.33695,1,1,21:06:2023,05:46:33,4,-15.555244,-56.070214,234.0,lev20,Almucantar,Cuiaba,231,231.855833,1.6,1.5486,1.5486,1.5235,0.026072,0.017111,0.013882,0.012382,76.445346,75.760228,3.515338,0.115513,0.41789,4,10,7,5,4,10,7,5,4,10,7,5,4,10,7,5,0.07278,0.14021,0.30972,0.33695,1,1,21:06:2023,05:46:33,4,-15.555244,-56.070214,234.0,lev20,Almucantar,Cuiaba,231,231.855833,0.8426,0.837,0.8362,0.8354,76.445346,75.760228,3.515338,0.115513,0.41789,4,10,7,5,4,10,7,5,4,10,7,5,4,10,7,5,0.07278,0.14021,0.30972,0.33695,1,1,21:06:2023,05:46:33,4,-15.555244,-56.070214,234.0,lev20,Almucantar,Cuiaba,231,231.855833,0.066006,0.03501,0.024735,0.020057,1.432904,76.445346,75.760228,3.515338,0.115513,0.41789,4,10,7,5,4,10,7,5,4,10,7,5,4,10,7,5,0.07278,0.14021,0.30972,0.33695,1,1,21:06:2023,05:46:33,4,-15.555244,-56.070214,234.0,lev20,Almucantar,1.4984855252208866,0.3462872599306642,0.8076477155630909,BCH,Urban,,Unknown
19:08:1995,20:59:37,Cuiaba,231,231.874734,0.4264,0.2202,0.1525,0.1221,0.3727,0.164,0.0938,0.0619,0.0537,0.0563,0.0587,0.0602,1.500303,82.677566,81.990899,4.951466,0.06536,0.425222,3,10,5,5,4,10,6,5,4,10,7,5,4,10,7,5,0.07996,0.15279,0.34686,0.373,1,1,21:06:2023,05:49:05,4,-15.555244,-56.070214,234.0,lev20,Almucantar,Cuiaba,231,231.874734,0.425222,0.219051,0.152316,0.121688,1.498798,82.677566,81.990899,4.951466,0.06536,0.425222,3,10,5,5,4,10,6,5,4,10,7,5,4,10,7,5,0.07996,0.15279,0.34686,0.373,1,1,21:06:2023,05:49:05,4,-15.555244,-56.070214,234.0,lev20,Almucantar,Cuiaba,231,231.874734,1.6,1.5516,1.5461,1.523,0.015101,0.01722,0.016772,0.015798,82.677566,81.990899,4.951466,0.06536,0.425222,3,10,5,5,4,10,6,5,4,10,7,5,4,10,7,5,0.07996,0.15279,0.34686,0.373,1,1,21:06:2023,05:49:05,4,-15.555244,-56.070214,234.0,lev20,Almucantar,Cuiaba,231,231.874734,0.8942,0.8467,0.8228,0.8108,82.677566,81.990899,4.951466,0.06536,0.425222,3,10,5,5,4,10,6,5,4,10,7,5,4,10,7,5,0.07996,0.15279,0.34686,0.373,1,1,21:06:2023,05:49:05,4,-15.555244,-56.070214,234.0,lev20,Almucantar,Cuiaba,231,231.874734,0.045103,0.033768,0.027027,0.023093,0.738467,82.677566,81.990899,4.951466,0.06536,0.425222,3,10,5,5,4,10,6,5,4,10,7,5,4,10,7,5,0.07996,0.15279,0.34686,0.373,1,1,21:06:2023,05:49:05,4,-15.555244,-56.070214,234.0,lev20,Almucantar,1.5082666816667945,0.3516270362620941,0.8200669076932313,BCM,Urban,,Unknown
20:08:1995,19:23:30,Cuiaba,232,232.807986,0.3615,0.1772,0.1262,0.1023,0.3134,0.125,0.0713,0.046,0.0481,0.0522,0.0549,0.0563,1.543674,60.895175,60.23807,3.186403,0.221784,0.359703,3,10,8,4,3,10,8,4,3,9,8,4,3,9,8,4,0.06323,0.12339,0.26004,0.28859,1,1,21:06:2023,05:44:49,4,-15.555244,-56.070214,234.0,lev20,Almucantar,Cuiaba,232,232.807986,0.359703,0.175146,0.128345,0.098537,1.516382,60.895175,60.23807,3.186403,0.221784,0.359703,3,10,8,4,3,10,8,4,3,9,8,4,3,9,8,4,0.06323,0.12339,0.26004,0.28859,1,1,21:06:2023,05:44:49,4,-15.555244,-56.070214,234.0,lev20,Almucantar,Cuiaba,232,232.807986,1.5158,1.5125,1.5098,1.5043,0.01487,0.014675,0.014854,0.014876,60.895175,60.23807,3.186403,0.221784,0.359703,3,10,8,4,3,10,8,4,3,9,8,4,3,9,8,4,0.06323,0.12339,0.26004,0.28859,1,1,21:06:2023,05:44:49,4,-15.555244,-56.070214,234.0,lev20,Almucantar,Cuiaba,232,232.807986,0.9149,0.8969,0.8712,0.8514,60.895175,60.23807,3.186403,0.221784,0.359703,3,10,8,4,3,10,8,4,3,9,8,4,3,9,8,4,0.06323,0.12339,0.26004,0.28859,1,1,21:06:2023,05:44:49,4,-15.555244,-56.070214,234.0,lev20,Almucantar,Cuiaba,232,232.807986,0.0798,0.049829,0.038157,0.032227,1.225119,60.895175,60.23807,3.186403,0.221784,0.359703,3,10,8,4,3,10,8,4,3,9,8,4,3,9,8,4,0.06323,0.12339,0.26004,0.28859,1,1,21:06:2023,05:44:49,4,-15.555244,-56.070214,234.0,lev20,Almucantar,1.5437370631056822,0.29675916811639,0.7970212378175691,BCL,Urban,,Unknown
20:08:1995,20:10:45,Cuiaba,232,232.840799,0.3874,0.194,0.1366,0.1103,0.3341,0.1364,0.0758,0.0479,0.0534,0.0576,0.0609,0.0623,1.525786,71.453481,70.773365,3.130388,0.101676,0.385506,4,10,7,5,4,10,7,5,4,10,7,5,4,10,7,5,0.06877,0.13312,0.28898,0.31672,1,1,21:06:2023,05:47:09,4,-15.555244,-56.070214,234.0,lev20,Almucantar,Cuiaba,232,232.840799,0.385506,0.192978,0.137385,0.10816,1.511871,71.453481,70.773365,3.130388,0.101676,0.385506,4,10,7,5,4,10,7,5,4,10,7,5,4,10,7,5,0.06877,0.13312,0.28898,0.31672,1,1,21:06:2023,05:47:09,4,-15.555244,-56.070214,234.0,lev20,Almucantar,Cuiaba,232,232.840799,1.5158,1.5125,1.5098,1.5043,0.01487,0.014675,0.014854,0.014876,71.453481,70.773365,3.130388,0.101676,0.385506,4,10,7,5,4,10,7,5,4,10,7,5,4,10,7,5,0.06877,0.13312,0.28898,0.31672,1,1,21:06:2023,05:47:09,4,-15.555244,-56.070214,234.0,lev20,Almucantar,Cuiaba,232,232.840799,0.9149,0.8969,0.8712,0.8514,71.453481,70.773365,3.130388,0.101676,0.385506,4,10,7,5,4,10,7,5,4,10,7,5,4,10,7,5,0.06877,0.13312,0.28898,0.31672,1,1,21:06:2023,05:47:09,4,-15.555244,-56.070214,234.0,lev20,Almucantar,Cuiaba,232,232.840799,0.0798,0.049829,0.038157,0.032227,1.225119,71.453481,70.773365,3.130388,0.101676,0.385506,4,10,7,5,4,10,7,5,4,10,7,5,4,10,7,5,0.06877,0.13312,0.28898,0.31672,1,1,21:06:2023,05:47:09,4,-15.555244,-56.070214,234.0,lev20,Almucantar,1.5290780977420455,0.3186172510514909,0.7951399255528327,BCL,Urban,,Unknown
23:08:1995,19:24:48,Cuiaba,235,235.808889,0.319,0.1488,0.1081,0.0887,0.2857,0.114,0.0718,0.0515,0.0334,0.0348,0.0363,0.0372,1.593807,60.915215,60.251563,2.777158,0.209022,0.318819,3,10,8,4,3,10,8,4,3,10,8,4,3,10,8,4,0.06543,0.12766,0.26423,0.29356,1,1,21:06:2023,05:49:43,4,-15.555244,-56.070214,234.0,lev20,Almucantar,Cuiaba,235,235.808889,0.318819,0.147189,0.110166,0.085401,1.570405,60.915215,60.251563,2.777158,0.209022,0.318819,3,10,8,4,3,10,8,4,3,10,8,4,3,10,8,4,0.06543,0.12766,0.26423,0.29356,1,1,21:06:2023,05:49:43,4,-15.555244,-56.070214,234.0,lev20,Almucantar,Cuiaba,235,235.808889,1.5158,1.5125,1.5098,1.5043,0.01487,0.014675,0.014854,0.014876,60.915215,60.251563,2.777158,0.209022,0.318819,3,10,8,4,3,10,8,4,3,10,8,4,3,10,8,4,0.06543,0.12766,0.26423,0.29356,1,1,21:06:2023,05:49:43,4,-15.555244,-56.070214,234.0,lev20,Almucantar,Cuiaba,235,235.808889,0.9149,0.8969,0.8712,0.8514,60.915215,60.251563,2.777158,0.209022,0.318819,3,10,8,4,3,10,8,4,3,10,8,4,3,10,8,4,0.06543,0.12766,0.26423,0.29356,1,1,21:06:2023,05:49:43,4,-15.555244,-56.070214,234.0,lev20,Almucantar,Cuiaba,235,235.808889,0.0798,0.049829,0.038157,0.032227,1.225119,60.915215,60.251563,2.777158,0.209022,0.318819,3,10,8,4,3,10,8,4,3,10,8,4,3,10,8,4,0.06543,0.12766,0.26423,0.29356,1,1,21:06:2023,05:49:43,4,-15.555244,-56.070214,234.0,lev20,Almucantar,1.5873625292091553,0.2604141371177746,0.8364402727708139,BCL,Urban,,Unknown
24:08:1995,11:03:31,Cuiaba,236,236.460775,0.2521,0.1167,0.0841,0.0653,0.2242,0.0869,0.0536,0.0346,0.0279,0.0298,0.0305,0.0307,1.616152,74.259747,74.950099,2.632608,0.11462,0.249775,4,10,7,5,2,10,7,5,2,10,7,4,3,10,5,3,0.07329,0.14376,0.30943,0.34124,1,1,21:06:2023,05:42:05,4,-15.555244,-56.070214,234.0,lev20,Almucantar,Cuiaba,236,236.460775,0.249775,0.11625,0.085533,0.064601,1.580501,74.259747,74.950099,2.632608,0.11462,0.249775,4,10,7,5,2,10,7,5,2,10,7,4,3,10,5,3,0.07329,0.14376,0.30943,0.34124,1,1,21:06:2023,05:42:05,4,-15.555244,-56.070214,234.0,lev20,Almucantar,Cuiaba,236,236.460775,1.5158,1.5125,1.5098,1.5043,0.01487,0.014675,0.014854,0.014876,74.259747,74.950099,2.632608,0.11462,0.249775,4,10,7,5,2,10,7,5,2,10,7,4,3,10,5,3,0.07329,0.14376,0.30943,0.34124,1,1,21:06:2023,05:42:05,4,-15.555244,-56.070214,234.0,lev20,Almucantar,Cuiaba,236,236.460775,0.9149,0.8969,0.8712,0.8514,74.259747,74.950099,2.632608,0.11462,0.249775,4,10,7,5,2,10,7,5,2,10,7,4,3,10,5,3,0.07329,0.14376,0.30943,0.34124,1,1,21:06:2023,05:42:05,4,-15.555244,-56.070214,234.0,lev20,Almucantar,Cuiaba,236,236.460775,0.0798,0.049829,0.038157,0.032227,1.225119,74.259747,74.950099,2.632608,0.11462,0.249775,4,10,7,5,2,10,7,5,2,10,7,4,3,10,5,3,0.07329,0.14376,0.30943,0.34124,1,1,21:06:2023,05:42:05,4,-15.555244,-56.070214,234.0,lev20,Almucantar,1.610370397451655,0.20519623330361056,0.8272008660504684,BCL,Urban,,Unknown
27:08:1995,19:26:24,Cuiaba,239,239.81,1.217,0.5336,0.3125,0.2217,1.1765,0.4915,0.2682,0.1759,0.0405,0.0421,0.0443,0.0457,1.97286,60.94204,60.27,4.505711,0.168748,1.215075,2,10,8,4,3,10,8,4,3,10,8,4,3,10,8,4,0.06545,0.12768,0.26429,0.2936,1,1,21:06:2023,05:35:33,4,-15.555244,-56.070214,234.0,lev20,Almucantar,Cuiaba,239,239.81,1.215075,0.532059,0.312939,0.218066,1.969215,60.94204,60.27,4.505711,0.168748,1.215075,2,10,8,4,3,10,8,4,3,10,8,4,3,10,8,4,0.06545,0.12768,0.26429,0.2936,1,1,21:06:2023,05:35:33,4,-15.555244,-56.070214,234.0,lev20,Almucantar,Cuiaba,239,239.81,1.6,1.5683,1.5704,1.5546,0.030192,0.027866,0.026865,0.02647,60.94204,60.27,4.505711,0.168748,1.215075,2,10,8,4,3,10,8,4,3,10,8,4,3,10,8,4,0.06545,0.12768,0.26429,0.2936,1,1,21:06:2023,05:35:33,4,-15.555244,-56.070214,234.0,lev20,Almucantar,Cuiaba,239,239.81,0.8688,0.8334,0.7982,0.7662,60.94204,60.27,4.505711,0.168748,1.215075,2,10,8,4,3,10,8,4,3,10,8,4,3,10,8,4,0.06545,0.12768,0.26429,0.2936,1,1,21:06:2023,05:35:33,4,-15.555244,-56.070214,234.0,lev20,Almucantar,Cuiaba,239,239.81,0.15961,0.088877,0.063059,0.051832,1.35253,60.94204,60.27,4.505711,0.168748,1.215075,2,10,8,4,3,10,8,4,3,10,8,4,3,10,8,4,0.06545,0.12768,0.26429,0.2936,1,1,21:06:2023,05:35:33,4,-15.555244,-56.070214,234.0,lev20,Almucantar,1.9942830570846535,0.9431338055590207,0.9506277424665796,BCM,Biomass,,Unknown
28:08:1995,11:22:03,Cuiaba,240,240.473646,0.394,0.1724,0.1138,0.0856,0.3703,0.1477,0.0879,0.0589,0.0236,0.0247,0.0258,0.0267,1.818377,69.25914,69.949102,3.66808,0.216592,0.391806,4,10,7,5,4,10,7,5,4,10,7,4,2,10,7,4,0.06956,0.13634,0.28933,0.32061,1,1,27:06:2023,07:50:31,4,-15.555244,-56.070214,234.0,lev20,Almucantar,Cuiaba,240,240.473646,0.391806,0.171323,0.115443,0.081552,1.792291,69.25914,69.949102,3.66808,0.216592,0.391806,4,10,7,5,4,10,7,5,4,10,7,4,2,10,7,4,0.06956,0.13634,0.28933,0.32061,1,1,27:06:2023,07:50:31,4,-15.555244,-56.070214,234.0,lev20,Almucantar,Cuiaba,240,240.473646,1.5158,1.5125,1.5098,1.5043,0.01487,0.014675,0.014854,0.014876,69.25914,69.949102,3.66808,0.216592,0.391806,4,10,7,5,4,10,7,5,4,10,7,4,2,10,7,4,0.06956,0.13634,0.28933,0.32061,1,1,27:06:2023,07:50:31,4,-15.555244,-56.070214,234.0,lev20,Almucantar,Cuiaba,240,240.473646,0.9149,0.8969,0.8712,0.8514,69.25914,69.949102,3.66808,0.216592,0.391806,4,10,7,5,4,10,7,5,4,10,7,4,2,10,7,4,0.06956,0.13634,0.28933,0.32061,1,1,27:06:2023,07:50:31,4,-15.555244,-56.070214,234.0,lev20,Almucantar,Cuiaba,240,240.473646,0.0798,0.049829,0.038157,0.032227,1.225119,69.25914,69.949102,3.66808,0.216592,0.391806,4,10,7,5,4,10,7,5,4,10,7,4,2,10,7,4,0.06956,0.13634,0.28933,0.32061,1,1,27:06:2023,07:50:31,4,-15.555244,-56.070214,234.0,lev20,Almucantar,1.8217320131579724,0.31214654219647653,0.9066775951227228,BCL,Urban,,Unknown
28:08:1995,12:08:20,Cuiaba,240,240.505787,0.4245,0.186,0.1193,0.0913,0.3999,0.1604,0.0925,0.0636,0.0246,0.0256,0.0268,0.0277,1.854114,58.760292,59.430745,5.254369,0.487272,0.420013,4,10,7,4,4,10,7,4,3,11,7,4,2,10,8,4,0.06438,0.12605,0.26115,0.29182,1,1,21:06:2023,05:34:11,4,-15.555244,-56.070214,234.0,lev20,Almucantar,Cuiaba,240,240.505787,0.420013,0.181227,0.124686,0.085085,1.785353,58.760292,59.430745,5.254369,0.487272,0.420013,4,10,7,4,4,10,7,4,3,11,7,4,2,10,8,4,0.06438,0.12605,0.26115,0.29182,1,1,21:06:2023,05:34:11,4,-15.555244,-56.070214,234.0,lev20,Almucantar,Cuiaba,240,240.505787,1.5765,1.571,1.6,1.6,0.023627,0.021211,0.020644,0.020371,58.760292,59.430745,5.254369,0.487272,0.420013,4,10,7,4,4,10,7,4,3,11,7,4,2,10,8,4,0.06438,0.12605,0.26115,0.29182,1,1,21:06:2023,05:34:11,4,-15.555244,-56.070214,234.0,lev20,Almucantar,Cuiaba,240,240.505787,0.874,0.84,0.8153,0.797,58.760292,59.430745,5.254369,0.487272,0.420013,4,10,7,4,4,10,7,4,3,11,7,4,2,10,8,4,0.06438,0.12605,0.26115,0.29182,1,1,21:06:2023,05:34:11,4,-15.555244,-56.070214,234.0,lev20,Almucantar,Cuiaba,240,240.505787,0.053498,0.029762,0.022024,0.018525,1.298536,58.760292,59.430745,5.254369,0.487272,0.420013,4,10,7,4,4,10,7,4,3,11,7,4,2,10,8,4,0.06438,0.12605,0.26115,0.29182,1,1,21:06:2023,05:34:11,4,-15.555244,-56.070214,234.0,lev20,Almucantar,1.861869239380335,0.33458902363311205,0.9094772915782622,BCM,Urban,,Unknown
07:09:1995,19:29:58,Cuiaba,250,250.812477,1.665,0.7365,0.4168,0.2872,1.6329,0.7034,0.3831,0.2533,0.032,0.0332,0.0337,0.0339,2.004409,61.00118,60.308742,3.8906,0.106449,1.660796,3,10,8,4,3,10,8,4,3,10,8,4,3,10,8,4,0.06521,0.12765,0.27597,0.30543,1,1,27:06:2023,07:53:24,4,-15.555244,-56.070214,234.0,lev20,Almucantar,Cuiaba,250,250.812477,1.660796,0.735801,0.416843,0.28604,2.000594,61.00118,60.308742,3.8906,0.106449,1.660796,3,10,8,4,3,10,8,4,3,10,8,4,3,10,8,4,0.06521,0.12765,0.27597,0.30543,1,1,27:06:2023,07:53:24,4,-15.555244,-56.070214,234.0,lev20,Almucantar,Cuiaba,250,250.812477,1.5277,1.5225,1.5262,1.5149,0.017039,0.015764,0.015288,0.01508,61.00118,60.308742,3.8906,0.106449,1.660796,3,10,8,4,3,10,8,4,3,10,8,4,3,10,8,4,0.06521,0.12765,0.27597,0.30543,1,1,27:06:2023,07:53:24,4,-15.555244,-56.070214,234.0,lev20,Almucantar,Cuiaba,250,250.812477,0.9123,0.8891,0.8636,0.8394,61.00118,60.308742,3.8906,0.106449,1.660796,3,10,8,4,3,10,8,4,3,10,8,4,3,10,8,4,0.06521,0.12765,0.27597,0.30543,1,1,27:06:2023,07:53:24,4,-15.555244,-56.070214,234.0,lev20,Almucantar,Cuiaba,250,250.812477,0.14599,0.081717,0.056846,0.046114,1.370517,61.00118,60.308742,3.8906,0.106449,1.660796,3,10,8,4,3,10,8,4,3,10,8,4,3,10,8,4,0.06521,0.12765,0.27597,0.30543,1,1,27:06:2023,07:53:24,4,-15.555244,-56.070214,234.0,lev20,Almucantar,2.0315921351480917,1.2841793179786951,0.9714829565706903,BCL,Biomass,,Unknown
07:09:1995,20:15:12,Cuiaba,250,250.843889,1.5533,0.6963,0.3941,0.2711,1.5239,0.6659,0.3631,0.2401,0.0294,0.0305,0.031,0.031,1.983763,71.549374,70.844698,6.992728,0.150624,1.548183,2,8,4,4,3,10,7,5,3,10,7,5,3,10,7,5,0.07106,0.1397,0.30766,0.33668,1,1,21:06:2023,05:58:03,4,-15.555244,-56.070214,234.0,lev20,Almucantar,Cuiaba,250,250.843889,1.548183,0.695376,0.394599,0.269642,1.977315,71.549374,70.844698,6.992728,0.150624,1.548183,2,8,4,4,3,10,7,5,3,10,7,5,3,10,7,5,0.07106,0.1397,0.30766,0.33668,1,1,21:06:2023,05:58:03,4,-15.555244,-56.070214,234.0,lev20,Almucantar,Cuiaba,250,250.843889,1.5902,1.5889,1.5898,1.5723,0.019796,0.018958,0.01855,0.018398,71.549374,70.844698,6.992728,0.150624,1.548183,2,8,4,4,3,10,7,5,3,10,7,5,3,10,7,5,0.07106,0.1397,0.30766,0.33668,1,1,21:06:2023,05:58:03,4,-15.555244,-56.070214,234.0,lev20,Almucantar,Cuiaba,250,250.843889,0.9068,0.8835,0.8558,0.8291,71.549374,70.844698,6.992728,0.150624,1.548183,2,8,4,4,3,10,7,5,3,10,7,5,3,10,7,5,0.07106,0.1397,0.30766,0.33668,1,1,21:06:2023,05:58:03,4,-15.555244,-56.070214,234.0,lev20,Almucantar,Cuiaba,250,250.843889,0.14474,0.081119,0.056814,0.046339,1.359656,71.549374,70.844698,6.992728,0.150624,1.548183,2,8,4,4,3,10,7,5,3,10,7,5,3,10,7,5,0.07106,0.1397,0.30766,0.33668,1,1,21:06:2023,05:58:03,4,-15.555244,-56.070214,234.0,lev20,Almucantar,2.011874880176367,1.2010509329977632,0.9721146485767425,BCL,Biomass,,Unknown
07:09:1995,20:36:22,Cuiaba,250,250.858588,1.5859,0.7188,0.4054,0.2795,1.5548,0.6867,0.3727,0.2467,0.0311,0.0322,0.0327,0.0328,1.971448,76.53363,75.826209,6.50619,0.049752,1.579195,2,10,7,4,3,10,7,5,3,10,7,5,3,10,7,4,0.07531,0.14845,0.33035,0.35901,1,1,21:06:2023,05:35:04,4,-15.555244,-56.070214,234.0,lev20,Almucantar,Cuiaba,250,250.858588,1.579195,0.718327,0.405401,0.279346,1.965072,76.53363,75.826209,6.50619,0.049752,1.579195,2,10,7,4,3,10,7,5,3,10,7,5,3,10,7,4,0.07531,0.14845,0.33035,0.35901,1,1,21:06:2023,05:35:04,4,-15.555244,-56.070214,234.0,lev20,Almucantar,Cuiaba,250,250.858588,1.5359,1.5332,1.5314,1.5175,0.017328,0.016751,0.016581,0.016508,76.53363,75.826209,6.50619,0.049752,1.579195,2,10,7,4,3,10,7,5,3,10,7,5,3,10,7,4,0.07531,0.14845,0.33035,0.35901,1,1,21:06:2023,05:35:04,4,-15.555244,-56.070214,234.0,lev20,Almucantar,Cuiaba,250,250.858588,0.9118,0.8873,0.8575,0.8302,76.53363,75.826209,6.50619,0.049752,1.579195,2,10,7,4,3,10,7,5,3,10,7,5,3,10,7,4,0.07531,0.14845,0.33035,0.35901,1,1,21:06:2023,05:35:04,4,-15.555244,-56.070214,234.0,lev20,Almucantar,Cuiaba,250,250.858588,0.13991,0.080975,0.057779,0.047458,1.285662,76.53363,75.826209,6.50619,0.049752,1.579195,2,10,7,4,3,10,7,5,3,10,7,5,3,10,7,4,0.07531,0.14845,0.33035,0.35901,1,1,21:06:2023,05:35:04,4,-15.555244,-56.070214,234.0,lev20,Almucantar,2.000874473888208,1.2279836797824777,0.9713886170346718,BCL,Biomass,,Unknown
09:09:1995,19:30:29,Cuiaba,252,252.812836,2.4865,1.2044,0.6814,0.4574,2.4595,1.1765,0.6531,0.4289,0.027,0.028,0.0284,0.0285,1.865161,61.007614,60.31197,4.233721,0.045584,2.481058,3,10,8,4,3,10,6,4,3,8,6,4,3,6,4,4,0.06521,0.12767,0.27599,0.30543,1,1,21:06:2023,05:40:58,4,-15.555244,-56.070214,234.0,lev20,Almucantar,Cuiaba,252,252.812836,2.481058,1.203269,0.681225,0.45735,1.862337,61.007614,60.31197,4.233721,0.045584,2.481058,3,10,8,4,3,10,6,4,3,8,6,4,3,6,4,4,0.06521,0.12767,0.27599,0.30543,1,1,21:06:2023,05:40:58,4,-15.555244,-56.070214,234.0,lev20,Almucantar,Cuiaba,252,252.812836,1.5431,1.5407,1.5407,1.5252,0.011238,0.010727,0.01047,0.010373,61.007614,60.31197,4.233721,0.045584,2.481058,3,10,8,4,3,10,6,4,3,8,6,4,3,6,4,4,0.06521,0.12767,0.27599,0.30543,1,1,21:06:2023,05:40:58,4,-15.555244,-56.070214,234.0,lev20,Almucantar,Cuiaba,252,252.812836,0.9441,0.9346,0.9202,0.9048,61.007614,60.31197,4.233721,0.045584,2.481058,3,10,8,4,3,10,6,4,3,8,6,4,3,6,4,4,0.06521,0.12767,0.27599,0.30543,1,1,21:06:2023,05:40:58,4,-15.555244,-56.070214,234.0,lev20,Almucantar,Cuiaba,252,252.812836,0.1391,0.07874,0.054376,0.043523,1.362869,61.007614,60.31197,4.233721,0.045584,2.481058,3,10,8,4,3,10,6,4,3,8,6,4,3,6,4,4,0.06521,0.12767,0.27599,0.30543,1,1,21:06:2023,05:40:58,4,-15.555244,-56.070214,234.0,lev20,Almucantar,1.898851068162852,1.9506049693129026,0.9850571643975279,BCL,Biomass,,Unknown
10:09:1995,19:30:44,Cuiaba,253,253.813009,1.4963,0.7026,0.4085,0.2822,1.4719,0.6774,0.3828,0.2564,0.0244,0.0252,0.0257,0.0259,1.877002,61.01166,60.314475,7.500007,0.273882,1.490698,3,10,8,4,3,10,8,4,3,10,8,4,3,10,8,4,0.06522,0.12766,0.27599,0.30544,1,1,21:06:2023,05:43:45,4,-15.555244,-56.070214,234.0,lev20,Almucantar,Cuiaba,253,253.813009,1.490698,0.701179,0.408624,0.278535,1.87128,61.01166,60.314475,7.500007,0.273882,1.490698,3,10,8,4,3,10,8,4,3,10,8,4,3,10,8,4,0.06522,0.12766,0.27599,0.30544,1,1,21:06:2023,05:43:45,4,-15.555244,-56.070214,234.0,lev20,Almucantar,Cuiaba,253,253.813009,1.4683,1.4822,1.4943,1.4872,0.011437,0.010985,0.010787,0.010723,61.01166,60.314475,7.500007,0.273882,1.490698,3,10,8,4,3,10,8,4,3,10,8,4,3,10,8,4,0.06522,0.12766,0.27599,0.30544,1,1,21:06:2023,05:43:45,4,-15.555244,-56.070214,234.0,lev20,Almucantar,Cuiaba,253,253.813009,0.9346,0.9187,0.9008,0.883,61.01166,60.314475,7.500007,0.273882,1.490698,3,10,8,4,3,10,8,4,3,10,8,4,3,10,8,4,0.06522,0.12766,0.27599,0.30544,1,1,21:06:2023,05:43:45,4,-15.555244,-56.070214,234.0,lev20,Almucantar,Cuiaba,253,253.813009,0.097838,0.057106,0.040532,0.033033,1.279642,61.01166,60.314475,7.500007,0.273882,1.490698,3,10,8,4,3,10,8,4,3,10,8,4,3,10,8,4,0.06522,0.12766,0.27599,0.30544,1,1,21:06:2023,05:43:45,4,-15.555244,-56.070214,234.0,lev20,Almucantar,1.9043913110137554,1.1729836515142622,0.9766382938939107,BCL,Biomass,,Unknown
10:09:1995,20:36:47,Cuiaba,253,253.858877,1.3908,0.6712,0.3866,0.2662,1.367,0.6467,0.3616,0.2412,0.0237,0.0246,0.0249,0.025,1.84722,76.539832,75.829806,5.231048,0.016254,1.387515,3,9,7,5,4,9,7,5,4,8,7,4,3,8,7,4,0.07532,0.14846,0.3304,0.35903,1,1,21:06:2023,05:46:43,4,-15.555244,-56.070214,234.0,lev20,Almucantar,Cuiaba,253,253.858877,1.387515,0.670661,0.386677,0.26598,1.8435,76.539832,75.829806,5.231048,0.016254,1.387515,3,9,7,5,4,9,7,5,4,8,7,4,3,8,7,4,0.07532,0.14846,0.3304,0.35903,1,1,21:06:2023,05:46:43,4,-15.555244,-56.070214,234.0,lev20,Almucantar,Cuiaba,253,253.858877,1.533,1.5439,1.5481,1.5354,0.014639,0.014334,0.014077,0.014001,76.539832,75.829806,5.231048,0.016254,1.387515,3,9,7,5,4,9,7,5,4,8,7,4,3,8,7,4,0.07532,0.14846,0.3304,0.35903,1,1,21:06:2023,05:46:43,4,-15.555244,-56.070214,234.0,lev20,Almucantar,Cuiaba,253,253.858877,0.9245,0.9083,0.8882,0.8678,76.539832,75.829806,5.231048,0.016254,1.387515,3,9,7,5,4,9,7,5,4,8,7,4,3,8,7,4,0.07532,0.14846,0.3304,0.35903,1,1,21:06:2023,05:46:43,4,-15.555244,-56.070214,234.0,lev20,Almucantar,Cuiaba,253,253.858877,0.10505,0.061522,0.043221,0.035177,1.287972,76.539832,75.829806,5.231048,0.016254,1.387515,3,9,7,5,4,9,7,5,4,8,7,4,3,8,7,4,0.07532,0.14846,0.3304,0.35903,1,1,21:06:2023,05:46:43,4,-15.555244,-56.070214,234.0,lev20,Almucantar,1.8779655561997164,1.0939690933211088,0.9759913537643204,BCL,Biomass,,Unknown
11:09:1995,20:36:55,Cuiaba,254,254.85897,0.9196,0.4448,0.263,0.1825,0.8999,0.4244,0.2423,0.1617,0.0197,0.0204,0.0207,0.0208,1.809238,76.542452,75.831626,2.837365,0.018356,0.917686,4,10,7,5,4,10,7,5,4,10,7,5,4,10,7,5,0.07531,0.14846,0.33037,0.35904,1,1,21:06:2023,05:46:38,4,-15.555244,-56.070214,234.0,lev20,Almucantar,Cuiaba,254,254.85897,0.917686,0.44349,0.263056,0.182704,1.806404,76.542452,75.831626,2.837365,0.018356,0.917686,4,10,7,5,4,10,7,5,4,10,7,5,4,10,7,5,0.07531,0.14846,0.33037,0.35904,1,1,21:06:2023,05:46:38,4,-15.555244,-56.070214,234.0,lev20,Almucantar,Cuiaba,254,254.85897,1.5858,1.5525,1.5479,1.5266,0.0218,0.020767,0.019745,0.019217,76.542452,75.831626,2.837365,0.018356,0.917686,4,10,7,5,4,10,7,5,4,10,7,5,4,10,7,5,0.07531,0.14846,0.33037,0.35904,1,1,21:06:2023,05:46:38,4,-15.555244,-56.070214,234.0,lev20,Almucantar,Cuiaba,254,254.85897,0.8986,0.8798,0.8584,0.8357,76.542452,75.831626,2.837365,0.018356,0.917686,4,10,7,5,4,10,7,5,4,10,7,5,4,10,7,5,0.07531,0.14846,0.33037,0.35904,1,1,21:06:2023,05:46:38,4,-15.555244,-56.070214,234.0,lev20,Almucantar,Cuiaba,254,254.85897,0.09326,0.053481,0.037228,0.029989,1.332421,76.542452,75.831626,2.837365,0.018356,0.917686,4,10,7,5,4,10,7,5,4,10,7,5,4,10,7,5,0.07531,0.14846,0.33037,0.35904,1,1,21:06:2023,05:46:38,4,-15.555244,-56.070214,234.0,lev20,Almucantar,1.836219478771258,0.7272051800257084,0.9698063240673397,BCM,Biomass,,Unknown
12:09:1995,11:09:21,Cuiaba,255,255.464826,1.8622,0.9407,0.5542,0.3816,1.8311,0.9086,0.5216,0.3488,0.0311,0.0321,0.0327,0.0329,1.747226,69.222288,69.931038,7.208433,0.199031,1.854373,4,10,7,5,4,10,6,5,2,7,6,5,2,7,6,5,0.06915,0.13657,0.30175,0.33323,1,1,21:06:2023,05:50:28,4,-15.555244,-56.070214,234.0,lev20,Almucantar,Cuiaba,255,255.464826,1.854373,0.940594,0.554985,0.381771,1.738909,69.222288,69.931038,7.208433,0.199031,1.854373,4,10,7,5,4,10,6,5,2,7,6,5,2,7,6,5,0.06915,0.13657,0.30175,0.33323,1,1,21:06:2023,05:50:28,4,-15.555244,-56.070214,234.0,lev20,Almucantar,Cuiaba,255,255.464826,1.4545,1.4883,1.5037,1.4955,0.014048,0.012092,0.011548,0.011398,69.222288,69.931038,7.208433,0.199031,1.854373,4,10,7,5,4,10,6,5,2,7,6,5,2,7,6,5,0.06915,0.13657,0.30175,0.33323,1,1,21:06:2023,05:50:28,4,-15.555244,-56.070214,234.0,lev20,Almucantar,Cuiaba,255,255.464826,0.9201,0.9153,0.9005,0.8833,69.222288,69.931038,7.208433,0.199031,1.854373,4,10,7,5,4,10,6,5,2,7,6,5,2,7,6,5,0.06915,0.13657,0.30175,0.33323,1,1,21:06:2023,05:50:28,4,-15.555244,-56.070214,234.0,lev20,Almucantar,Cuiaba,255,255.464826,0.14877,0.079673,0.055131,0.044535,1.445476,69.222288,69.931038,7.208433,0.199031,1.854373,4,10,7,5,4,10,6,5,2,7,6,5,2,7,6,5,0.06915,0.13657,0.30175,0.33323,1,1,21:06:2023,05:50:28,4,-15.555244,-56.070214,234.0,lev20,Almucantar,1.7778426992401832,1.483628769628347,0.9772563538917136,BCL,Biomass,,Unknown
14:09:1995,11:07:37,Cuiaba,257,257.463623,1.7309,0.9181,0.5626,0.3986,1.6953,0.8814,0.5253,0.3609,0.0356,0.0367,0.0373,0.0377,1.620326,69.226042,69.93672,5.139944,0.121027,1.725768,4,10,6,5,4,10,6,5,4,10,6,5,4,10,6,5,0.06691,0.13364,0.30971,0.34056,1,1,21:06:2023,05:52:10,4,-15.555244,-56.070214,234.0,lev20,Almucantar,Cuiaba,257,257.463623,1.725768,0.91721,0.563054,0.398694,1.614912,69.226042,69.93672,5.139944,0.121027,1.725768,4,10,6,5,4,10,6,5,4,10,6,5,4,10,6,5,0.06691,0.13364,0.30971,0.34056,1,1,21:06:2023,05:52:10,4,-15.555244,-56.070214,234.0,lev20,Almucantar,Cuiaba,257,257.463623,1.4394,1.4787,1.4955,1.4871,0.015762,0.011628,0.010364,0.010059,69.226042,69.93672,5.139944,0.121027,1.725768,4,10,6,5,4,10,6,5,4,10,6,5,4,10,6,5,0.06691,0.13364,0.30971,0.34056,1,1,21:06:2023,05:52:10,4,-15.555244,-56.070214,234.0,lev20,Almucantar,Cuiaba,257,257.463623,0.9044,0.9154,0.9081,0.8956,69.226042,69.93672,5.139944,0.121027,1.725768,4,10,6,5,4,10,6,5,4,10,6,5,4,10,6,5,0.06691,0.13364,0.30971,0.34056,1,1,21:06:2023,05:52:10,4,-15.555244,-56.070214,234.0,lev20,Almucantar,Cuiaba,257,257.463623,0.16542,0.077642,0.05173,0.041601,1.698219,69.226042,69.93672,5.139944,0.121027,1.725768,4,10,6,5,4,10,6,5,4,10,6,5,4,10,6,5,0.06691,0.13364,0.30971,0.34056,1,1,21:06:2023,05:52:10,4,-15.555244,-56.070214,234.0,lev20,Almucantar,1.6485219523001122,1.402007846549423,0.9724565860312436,BCL,Biomass,,Unknown
14:09:1995,19:31:40,Cuiaba,257,257.813657,1.7764,0.9338,0.5689,0.3959,1.74,0.8961,0.5306,0.3575,0.0364,0.0377,0.0383,0.0385,1.641821,61.02974,60.32683,1.964879,0.022072,1.773315,3,10,8,4,3,10,8,4,3,10,8,4,3,10,8,4,0.06301,0.12461,0.28228,0.31115,1,1,21:06:2023,06:00:13,4,-15.555244,-56.070214,234.0,lev20,Almucantar,Cuiaba,257,257.813657,1.773315,0.932839,0.568604,0.395152,1.640059,61.02974,60.32683,1.964879,0.022072,1.773315,3,10,8,4,3,10,8,4,3,10,8,4,3,10,8,4,0.06301,0.12461,0.28228,0.31115,1,1,21:06:2023,06:00:13,4,-15.555244,-56.070214,234.0,lev20,Almucantar,Cuiaba,257,257.813657,1.5611,1.534,1.5352,1.5179,0.015779,0.013033,0.011341,0.010624,61.02974,60.32683,1.964879,0.022072,1.773315,3,10,8,4,3,10,8,4,3,10,8,4,3,10,8,4,0.06301,0.12461,0.28228,0.31115,1,1,21:06:2023,06:00:13,4,-15.555244,-56.070214,234.0,lev20,Almucantar,Cuiaba,257,257.813657,0.9184,0.9216,0.9162,0.9059,61.02974,60.32683,1.964879,0.022072,1.773315,3,10,8,4,3,10,8,4,3,10,8,4,3,10,8,4,0.06301,0.12461,0.28228,0.31115,1,1,21:06:2023,06:00:13,4,-15.555244,-56.070214,234.0,lev20,Almucantar,Cuiaba,257,257.813657,0.1449,0.073188,0.04766,0.037262,1.615494,61.02974,60.32683,1.964879,0.022072,1.773315,3,10,8,4,3,10,8,4,3,10,8,4,3,10,8,4,0.06301,0.12461,0.28228,0.31115,1,1,21:06:2023,06:00:13,4,-15.555244,-56.070214,234.0,lev20,Almucantar,1.670248756862963,1.4348715235636638,0.9724846265425806,BCL,Biomass,,Unknown
14:09:1995,20:16:18,Cuiaba,257,257.844653,1.6691,0.8926,0.5423,0.3808,1.6338,0.8561,0.5051,0.3435,0.0353,0.0366,0.0371,0.0374,1.619033,71.563337,70.8518,2.884066,0.034848,1.664441,4,10,7,5,4,10,7,5,4,10,7,5,4,10,7,5,0.0688,0.13684,0.31604,0.34421,1,1,21:06:2023,06:03:58,4,-15.555244,-56.070214,234.0,lev20,Almucantar,Cuiaba,257,257.844653,1.664441,0.89128,0.541977,0.380265,1.615846,71.563337,70.8518,2.884066,0.034848,1.664441,4,10,7,5,4,10,7,5,4,10,7,5,4,10,7,5,0.0688,0.13684,0.31604,0.34421,1,1,21:06:2023,06:03:58,4,-15.555244,-56.070214,234.0,lev20,Almucantar,Cuiaba,257,257.844653,1.5268,1.5125,1.512,1.4979,0.013918,0.012198,0.011006,0.010605,71.563337,70.8518,2.884066,0.034848,1.664441,4,10,7,5,4,10,7,5,4,10,7,5,4,10,7,5,0.0688,0.13684,0.31604,0.34421,1,1,21:06:2023,06:03:58,4,-15.555244,-56.070214,234.0,lev20,Almucantar,Cuiaba,257,257.844653,0.9263,0.9241,0.9156,0.9037,71.563337,70.8518,2.884066,0.034848,1.664441,4,10,7,5,4,10,7,5,4,10,7,5,4,10,7,5,0.0688,0.13684,0.31604,0.34421,1,1,21:06:2023,06:03:58,4,-15.555244,-56.070214,234.0,lev20,Almucantar,Cuiaba,257,257.844653,0.12299,0.067715,0.045745,0.03666,1.434528,71.563337,70.8518,2.884066,0.034848,1.664441,4,10,7,5,4,10,7,5,4,10,7,5,4,10,7,5,0.0688,0.13684,0.31604,0.34421,1,1,21:06:2023,06:03:58,4,-15.555244,-56.070214,234.0,lev20,Almucantar,1.6490978450909788,1.3518510771469445,0.9718096974792966,BCL,Biomass,,Unknown
15:09:1995,11:51:18,Cuiaba,258,258.493958,1.6411,0.9081,0.5818,0.4167,1.5749,0.8398,0.5108,0.3434,0.0662,0.0683,0.071,0.0733,1.496605,58.725493,59.428001,3.481994,0.067899,1.637194,4,10,7,4,4,10,7,4,3,11,7,4,3,10,8,4,0.06194,0.12281,0.27862,0.30905,1,1,21:06:2023,05:54:31,4,-15.555244,-56.070214,234.0,lev20,Almucantar,Cuiaba,258,258.493958,1.637194,0.906767,0.581516,0.415456,1.493907,58.725493,59.428001,3.481994,0.067899,1.637194,4,10,7,4,4,10,7,4,3,11,7,4,3,10,8,4,0.06194,0.12281,0.27862,0.30905,1,1,21:06:2023,05:54:31,4,-15.555244,-56.070214,234.0,lev20,Almucantar,Cuiaba,258,258.493958,1.4537,1.4682,1.481,1.4673,0.012926,0.008287,0.006806,0.00635,58.725493,59.428001,3.481994,0.067899,1.637194,4,10,7,4,4,10,7,4,3,11,7,4,3,10,8,4,0.06194,0.12281,0.27862,0.30905,1,1,21:06:2023,05:54:31,4,-15.555244,-56.070214,234.0,lev20,Almucantar,Cuiaba,258,258.493958,0.9206,0.9356,0.936,0.9294,58.725493,59.428001,3.481994,0.067899,1.637194,4,10,7,4,4,10,7,4,3,11,7,4,3,10,8,4,0.06194,0.12281,0.27862,0.30905,1,1,21:06:2023,05:54:31,4,-15.555244,-56.070214,234.0,lev20,Almucantar,Cuiaba,258,258.493958,0.1303,0.058516,0.037211,0.029423,1.827551,58.725493,59.428001,3.481994,0.067899,1.637194,4,10,7,4,4,10,7,4,3,11,7,4,3,10,8,4,0.06194,0.12281,0.27862,0.30905,1,1,21:06:2023,05:54:31,4,-15.555244,-56.070214,234.0,lev20,Almucantar,1.5211488390630534,1.3510920130687696,0.9479811648806823,BCL,Biomass,,Unknown
15:09:1995,19:31:51,Cuiaba,258,258.813785,1.5492,0.8494,0.5428,0.3906,1.4855,0.7836,0.4744,0.32,0.0638,0.0658,0.0684,0.0705,1.514123,61.026654,60.322434,2.12736,0.026224,1.545592,3,10,8,4,3,10,8,4,3,10,8,4,3,10,8,4,0.06301,0.12461,0.28228,0.31114,1,1,21:06:2023,05:58:47,4,-15.555244,-56.070214,234.0,lev20,Almucantar,Cuiaba,258,258.813785,1.545592,0.848095,0.542493,0.390445,1.511623,61.026654,60.322434,2.12736,0.026224,1.545592,3,10,8,4,3,10,8,4,3,10,8,4,3,10,8,4,0.06301,0.12461,0.28228,0.31114,1,1,21:06:2023,05:58:47,4,-15.555244,-56.070214,234.0,lev20,Almucantar,Cuiaba,258,258.813785,1.519,1.4809,1.4817,1.4655,0.014579,0.010513,0.008552,0.007691,61.026654,60.322434,2.12736,0.026224,1.545592,3,10,8,4,3,10,8,4,3,10,8,4,3,10,8,4,0.06301,0.12461,0.28228,0.31114,1,1,21:06:2023,05:58:47,4,-15.555244,-56.070214,234.0,lev20,Almucantar,Cuiaba,258,258.813785,0.9154,0.9247,0.9256,0.9216,61.026654,60.322434,2.12736,0.026224,1.545592,3,10,8,4,3,10,8,4,3,10,8,4,3,10,8,4,0.06301,0.12461,0.28228,0.31114,1,1,21:06:2023,05:58:47,4,-15.555244,-56.070214,234.0,lev20,Almucantar,Cuiaba,258,258.813785,0.13107,0.063956,0.040379,0.030623,1.709355,61.026654,60.322434,2.12736,0.026224,1.545592,3,10,8,4,3,10,8,4,3,10,8,4,3,10,8,4,0.06301,0.12461,0.28228,0.31114,1,1,21:06:2023,05:58:47,4,-15.555244,-56.070214,234.0,lev20,Almucantar,1.5383960434717028,1.2726232428354203,0.9464986278354678,BCL,Biomass,,Unknown
15:09:1995,20:16:26,Cuiaba,258,258.844745,1.475,0.8129,0.5151,0.3742,1.4108,0.7467,0.4465,0.3036,0.0642,0.0663,0.0687,0.0706,1.517329,71.563896,70.851528,3.112915,0.041428,1.470642,4,10,7,5,4,10,7,5,4,10,7,5,4,10,5,5,0.06881,0.13684,0.31605,0.34421,1,1,21:06:2023,06:02:16,4,-15.555244,-56.070214,234.0,lev20,Almucantar,Cuiaba,258,258.844745,1.470642,0.811101,0.514652,0.373458,1.514412,71.563896,70.851528,3.112915,0.041428,1.470642,4,10,7,5,4,10,7,5,4,10,7,5,4,10,5,5,0.06881,0.13684,0.31605,0.34421,1,1,21:06:2023,06:02:16,4,-15.555244,-56.070214,234.0,lev20,Almucantar,Cuiaba,258,258.844745,1.5261,1.4885,1.486,1.472,0.013876,0.011023,0.009192,0.008645,71.563896,70.851528,3.112915,0.041428,1.470642,4,10,7,5,4,10,7,5,4,10,7,5,4,10,5,5,0.06881,0.13684,0.31605,0.34421,1,1,21:06:2023,06:02:16,4,-15.555244,-56.070214,234.0,lev20,Almucantar,Cuiaba,258,258.844745,0.919,0.9217,0.9186,0.9115,71.563896,70.851528,3.112915,0.041428,1.470642,4,10,7,5,4,10,7,5,4,10,7,5,4,10,5,5,0.06881,0.13684,0.31605,0.34421,1,1,21:06:2023,06:02:16,4,-15.555244,-56.070214,234.0,lev20,Almucantar,Cuiaba,258,258.844745,0.11948,0.063613,0.041937,0.033131,1.518279,71.563896,70.851528,3.112915,0.041428,1.470642,4,10,7,5,4,10,7,5,4,10,7,5,4,10,5,5,0.06881,0.13684,0.31605,0.34421,1,1,21:06:2023,06:02:16,4,-15.555244,-56.070214,234.0,lev20,Almucantar,1.5432355668180204,1.2109207059292288,0.9432575006806581,BCL,Biomass,,Unknown
15:09:1995,20:37:22,Cuiaba,258,258.859282,1.4646,0.8152,0.5152,0.3753,1.4095,0.7581,0.4572,0.3165,0.0551,0.057,0.0581,0.0588,1.505566,76.541056,75.827375,4.531679,0.037999,1.45786,4,10,7,5,4,10,7,5,4,10,7,5,4,10,7,5,0.07301,0.14571,0.34017,0.36779,1,1,21:06:2023,05:37:12,4,-15.555244,-56.070214,234.0,lev20,Almucantar,Cuiaba,258,258.859282,1.45786,0.813382,0.514579,0.374547,1.500552,76.541056,75.827375,4.531679,0.037999,1.45786,4,10,7,5,4,10,7,5,4,10,7,5,4,10,7,5,0.07301,0.14571,0.34017,0.36779,1,1,21:06:2023,05:37:12,4,-15.555244,-56.070214,234.0,lev20,Almucantar,Cuiaba,258,258.859282,1.502,1.471,1.4634,1.4479,0.014426,0.012021,0.010526,0.010048,76.541056,75.827375,4.531679,0.037999,1.45786,4,10,7,5,4,10,7,5,4,10,7,5,4,10,7,5,0.07301,0.14571,0.34017,0.36779,1,1,21:06:2023,05:37:12,4,-15.555244,-56.070214,234.0,lev20,Almucantar,Cuiaba,258,258.859282,0.9136,0.9146,0.9072,0.896,76.541056,75.827375,4.531679,0.037999,1.45786,4,10,7,5,4,10,7,5,4,10,7,5,4,10,7,5,0.07301,0.14571,0.34017,0.36779,1,1,21:06:2023,05:37:12,4,-15.555244,-56.070214,234.0,lev20,Almucantar,Cuiaba,258,258.859282,0.12647,0.069605,0.047835,0.039014,1.412519,76.541056,75.827375,4.531679,0.037999,1.45786,4,10,7,5,4,10,7,5,4,10,7,5,4,10,7,5,0.07301,0.14571,0.34017,0.36779,1,1,21:06:2023,05:37:12,4,-15.555244,-56.070214,234.0,lev20,Almucantar,1.5325714282794167,1.2040229340122592,0.9504576068927832,BCL,Biomass,,Unknown
16:09:1995,10:44:58,Cuiaba,259,259.447894,1.3372,0.7391,0.4959,0.3808,1.2742,0.6742,0.4297,0.3139,0.0629,0.0649,0.0663,0.0669,1.437538,74.206504,74.920865,3.233673,0.008097,1.333472,4,10,7,5,4,10,7,5,4,10,7,5,4,10,5,5,0.07047,0.14142,0.33173,0.36296,1,1,21:06:2023,05:57:41,4,-15.555244,-56.070214,234.0,lev20,Almucantar,Cuiaba,259,259.447894,1.333472,0.738055,0.495411,0.380657,1.434854,74.206504,74.920865,3.233673,0.008097,1.333472,4,10,7,5,4,10,7,5,4,10,7,5,4,10,5,5,0.07047,0.14142,0.33173,0.36296,1,1,21:06:2023,05:57:41,4,-15.555244,-56.070214,234.0,lev20,Almucantar,Cuiaba,259,259.447894,1.4028,1.4356,1.4617,1.4664,0.013453,0.009319,0.009118,0.009128,74.206504,74.920865,3.233673,0.008097,1.333472,4,10,7,5,4,10,7,5,4,10,7,5,4,10,5,5,0.07047,0.14142,0.33173,0.36296,1,1,21:06:2023,05:57:41,4,-15.555244,-56.070214,234.0,lev20,Almucantar,Cuiaba,259,259.447894,0.9054,0.9143,0.9044,0.8945,74.206504,74.920865,3.233673,0.008097,1.333472,4,10,7,5,4,10,7,5,4,10,7,5,4,10,5,5,0.07047,0.14142,0.33173,0.36296,1,1,21:06:2023,05:57:41,4,-15.555244,-56.070214,234.0,lev20,Almucantar,Cuiaba,259,259.447894,0.12644,0.063364,0.047394,0.040179,1.445113,74.206504,74.920865,3.233673,0.008097,1.333472,4,10,7,5,4,10,7,5,4,10,7,5,4,10,5,5,0.07047,0.14142,0.33173,0.36296,1,1,21:06:2023,05:57:41,4,-15.555244,-56.070214,234.0,lev20,Almucantar,1.45508576232098,1.110232393284626,0.9360909473364833,BCL,Biomass,,Unknown
16:09:1995,11:05:52,Cuiaba,259,259.462407,1.286,0.696,0.4617,0.3478,1.2246,0.6325,0.3957,0.2796,0.0615,0.0635,0.066,0.0681,1.484885,69.23619,69.948645,1.924458,0.003935,1.283604,4,10,6,5,4,10,6,5,4,10,6,5,4,10,6,5,0.06691,0.13366,0.30975,0.34061,1,1,21:06:2023,06:02:04,4,-15.555244,-56.070214,234.0,lev20,Almucantar,Cuiaba,259,259.462407,1.283604,0.695098,0.461367,0.347692,1.483254,69.23619,69.948645,1.924458,0.003935,1.283604,4,10,6,5,4,10,6,5,4,10,6,5,4,10,6,5,0.06691,0.13366,0.30975,0.34061,1,1,21:06:2023,06:02:04,4,-15.555244,-56.070214,234.0,lev20,Almucantar,Cuiaba,259,259.462407,1.433,1.4619,1.488,1.4878,0.014898,0.011315,0.011872,0.012,69.23619,69.948645,1.924458,0.003935,1.283604,4,10,6,5,4,10,6,5,4,10,6,5,4,10,6,5,0.06691,0.13366,0.30975,0.34061,1,1,21:06:2023,06:02:04,4,-15.555244,-56.070214,234.0,lev20,Almucantar,Cuiaba,259,259.462407,0.903,0.9079,0.8908,0.8771,69.23619,69.948645,1.924458,0.003935,1.283604,4,10,6,5,4,10,6,5,4,10,6,5,4,10,6,5,0.06691,0.13366,0.30975,0.34061,1,1,21:06:2023,06:02:04,4,-15.555244,-56.070214,234.0,lev20,Almucantar,Cuiaba,259,259.462407,0.12478,0.064082,0.050405,0.042732,1.341169,69.23619,69.948645,1.924458,0.003935,1.283604,4,10,6,5,4,10,6,5,4,10,6,5,4,10,6,5,0.06691,0.13366,0.30975,0.34061,1,1,21:06:2023,06:02:04,4,-15.555244,-56.070214,234.0,lev20,Almucantar,1.502638696500702,1.0612519064705892,0.9356542178387861,BCL,Biomass,,Unknown
16:09:1995,19:32:02,Cuiaba,259,259.813912,1.3317,0.6776,0.4306,0.3145,1.2513,0.5906,0.3378,0.2182,0.0804,0.0871,0.0929,0.0963,1.636365,61.025089,60.319604,5.435529,0.163122,1.326984,3,10,8,4,3,10,8,4,3,10,8,4,3,10,8,4,0.06301,0.12461,0.28228,0.31113,1,1,21:06:2023,05:36:25,4,-15.555244,-56.070214,234.0,lev20,Almucantar,Cuiaba,259,259.813912,1.326984,0.676334,0.430811,0.312297,1.630677,61.025089,60.319604,5.435529,0.163122,1.326984,3,10,8,4,3,10,8,4,3,10,8,4,3,10,8,4,0.06301,0.12461,0.28228,0.31113,1,1,21:06:2023,05:36:25,4,-15.555244,-56.070214,234.0,lev20,Almucantar,Cuiaba,259,259.813912,1.4212,1.4545,1.4759,1.4653,0.009293,0.007007,0.006319,0.006104,61.025089,60.319604,5.435529,0.163122,1.326984,3,10,8,4,3,10,8,4,3,10,8,4,3,10,8,4,0.06301,0.12461,0.28228,0.31113,1,1,21:06:2023,05:36:25,4,-15.555244,-56.070214,234.0,lev20,Almucantar,Cuiaba,259,259.813912,0.9295,0.9314,0.9251,0.9163,61.025089,60.319604,5.435529,0.163122,1.326984,3,10,8,4,3,10,8,4,3,10,8,4,3,10,8,4,0.06301,0.12461,0.28228,0.31113,1,1,21:06:2023,05:36:25,4,-15.555244,-56.070214,234.0,lev20,Almucantar,Cuiaba,259,259.813912,0.093908,0.046509,0.032266,0.026324,1.562347,61.025089,60.319604,5.435529,0.163122,1.326984,3,10,8,4,3,10,8,4,3,10,8,4,3,10,8,4,0.06301,0.12461,0.28228,0.31113,1,1,21:06:2023,05:36:25,4,-15.555244,-56.070214,234.0,lev20,Almucantar,1.6561557898998847,1.0776086176484538,0.9157487844379896,BCL,Biomass,,Unknown
16:09:1995,20:16:34,Cuiaba,259,259.844838,1.3302,0.6762,0.422,0.3063,1.2673,0.6112,0.3552,0.2381,0.0629,0.0651,0.0668,0.0683,1.66166,71.565342,70.85218,2.692065,0.041444,1.326815,4,10,7,5,4,10,7,5,4,10,7,4,4,10,7,4,0.06881,0.13685,0.31604,0.34421,1,1,21:06:2023,05:39:58,4,-15.555244,-56.070214,234.0,lev20,Almucantar,Cuiaba,259,259.844838,1.326815,0.674886,0.421677,0.30625,1.659181,71.565342,70.85218,2.692065,0.041444,1.326815,4,10,7,5,4,10,7,5,4,10,7,4,4,10,7,4,0.06881,0.13685,0.31604,0.34421,1,1,21:06:2023,05:39:58,4,-15.555244,-56.070214,234.0,lev20,Almucantar,Cuiaba,259,259.844838,1.5723,1.5519,1.5534,1.5345,0.015195,0.012101,0.010512,0.009959,71.565342,70.85218,2.692065,0.041444,1.326815,4,10,7,5,4,10,7,5,4,10,7,4,4,10,7,4,0.06881,0.13685,0.31604,0.34421,1,1,21:06:2023,05:39:58,4,-15.555244,-56.070214,234.0,lev20,Almucantar,Cuiaba,259,259.844838,0.914,0.9124,0.9043,0.8928,71.565342,70.85218,2.692065,0.041444,1.326815,4,10,7,5,4,10,7,5,4,10,7,4,4,10,7,4,0.06881,0.13685,0.31604,0.34421,1,1,21:06:2023,05:39:58,4,-15.555244,-56.070214,234.0,lev20,Almucantar,Cuiaba,259,259.844838,0.11438,0.059261,0.040405,0.032827,1.515859,71.565342,70.85218,2.692065,0.041444,1.326815,4,10,7,5,4,10,7,5,4,10,7,4,4,10,7,4,0.06881,0.13685,0.31604,0.34421,1,1,21:06:2023,05:39:58,4,-15.555244,-56.070214,234.0,lev20,Almucantar,1.6840958511758222,1.072557149091473,0.9348708793761827,BCL,Biomass,,Unknown
17:09:1995,10:44:08,Cuiaba,260,260.447315,1.4436,0.7331,0.4451,0.3161,1.4017,0.6899,0.401,0.2715,0.0419,0.0433,0.0441,0.0447,1.699445,74.208068,74.923082,7.86466,0.077496,1.4383,4,10,7,5,4,10,7,5,4,10,7,5,4,10,7,5,0.07047,0.14143,0.33174,0.36297,1,1,21:06:2023,05:43:55,4,-15.555244,-56.070214,234.0,lev20,Almucantar,Cuiaba,260,260.447315,1.4383,0.732434,0.445669,0.316386,1.692305,74.208068,74.923082,7.86466,0.077496,1.4383,4,10,7,5,4,10,7,5,4,10,7,5,4,10,7,5,0.07047,0.14143,0.33174,0.36297,1,1,21:06:2023,05:43:55,4,-15.555244,-56.070214,234.0,lev20,Almucantar,Cuiaba,260,260.447315,1.4248,1.4512,1.4629,1.4532,0.012177,0.010088,0.009208,0.008941,74.208068,74.923082,7.86466,0.077496,1.4383,4,10,7,5,4,10,7,5,4,10,7,5,4,10,7,5,0.07047,0.14143,0.33174,0.36297,1,1,21:06:2023,05:43:55,4,-15.555244,-56.070214,234.0,lev20,Almucantar,Cuiaba,260,260.447315,0.9214,0.915,0.9047,0.8921,74.208068,74.923082,7.86466,0.077496,1.4383,4,10,7,5,4,10,7,5,4,10,7,5,4,10,7,5,0.07047,0.14143,0.33174,0.36297,1,1,21:06:2023,05:43:55,4,-15.555244,-56.070214,234.0,lev20,Almucantar,Cuiaba,260,260.447315,0.11351,0.06231,0.042402,0.034116,1.429489,74.208068,74.923082,7.86466,0.077496,1.4383,4,10,7,5,4,10,7,5,4,10,7,5,4,10,7,5,0.07047,0.14143,0.33174,0.36297,1,1,21:06:2023,05:43:55,4,-15.555244,-56.070214,234.0,lev20,Almucantar,1.7259269377181592,1.1577852748406732,0.9601325789936903,BCL,Biomass,,Unknown
17:09:1995,11:49:28,Cuiaba,260,260.492685,1.4831,0.7341,0.4482,0.3139,1.4352,0.6848,0.3969,0.2606,0.0479,0.0493,0.0514,0.0534,1.731522,58.724295,59.429495,6.831994,0.218109,1.478279,4,10,7,4,4,10,7,4,3,11,7,4,3,10,8,4,0.06194,0.12281,0.27863,0.30905,1,1,21:06:2023,05:50:14,4,-15.555244,-56.070214,234.0,lev20,Almucantar,Cuiaba,260,260.492685,1.478279,0.733315,0.449251,0.311336,1.723666,58.724295,59.429495,6.831994,0.218109,1.478279,4,10,7,4,4,10,7,4,3,11,7,4,3,10,8,4,0.06194,0.12281,0.27863,0.30905,1,1,21:06:2023,05:50:14,4,-15.555244,-56.070214,234.0,lev20,Almucantar,Cuiaba,260,260.492685,1.451,1.4732,1.4903,1.4773,0.009791,0.008736,0.008288,0.008133,58.724295,59.429495,6.831994,0.218109,1.478279,4,10,7,4,4,10,7,4,3,11,7,4,3,10,8,4,0.06194,0.12281,0.27863,0.30905,1,1,21:06:2023,05:50:14,4,-15.555244,-56.070214,234.0,lev20,Almucantar,Cuiaba,260,260.492685,0.9367,0.929,0.9189,0.9062,58.724295,59.429495,6.831994,0.218109,1.478279,4,10,7,4,4,10,7,4,3,11,7,4,3,10,8,4,0.06194,0.12281,0.27863,0.30905,1,1,21:06:2023,05:50:14,4,-15.555244,-56.070214,234.0,lev20,Almucantar,Cuiaba,260,260.492685,0.09389,0.052091,0.036331,0.029437,1.380719,58.724295,59.429495,6.831994,0.218109,1.478279,4,10,7,4,4,10,7,4,3,11,7,4,3,10,8,4,0.06194,0.12281,0.27863,0.30905,1,1,21:06:2023,05:50:14,4,-15.555244,-56.070214,234.0,lev20,Almucantar,1.7553436442961274,1.1850002618493167,0.9562656529865537,BCL,Biomass,,Unknown
17:09:1995,20:16:40,Cuiaba,260,260.844907,1.1542,0.56,0.3352,0.2379,1.1132,0.5175,0.2917,0.1934,0.0411,0.0425,0.0435,0.0445,1.788339,71.559685,70.845769,3.88375,0.087637,1.152736,4,10,7,5,4,10,7,5,4,10,7,5,4,10,7,5,0.0688,0.13684,0.31605,0.34419,1,1,21:06:2023,05:53:30,4,-15.555244,-56.070214,234.0,lev20,Almucantar,Cuiaba,260,260.844907,1.152736,0.557615,0.335159,0.23665,1.787492,71.559685,70.845769,3.88375,0.087637,1.152736,4,10,7,5,4,10,7,5,4,10,7,5,4,10,7,5,0.0688,0.13684,0.31605,0.34419,1,1,21:06:2023,05:53:30,4,-15.555244,-56.070214,234.0,lev20,Almucantar,Cuiaba,260,260.844907,1.6,1.5819,1.579,1.5568,0.017384,0.015597,0.014503,0.01406,71.559685,70.845769,3.88375,0.087637,1.152736,4,10,7,5,4,10,7,5,4,10,7,5,4,10,7,5,0.0688,0.13684,0.31605,0.34419,1,1,21:06:2023,05:53:30,4,-15.555244,-56.070214,234.0,lev20,Almucantar,Cuiaba,260,260.844907,0.9118,0.8971,0.8824,0.8661,71.559685,70.845769,3.88375,0.087637,1.152736,4,10,7,5,4,10,7,5,4,10,7,5,4,10,7,5,0.0688,0.13684,0.31605,0.34419,1,1,21:06:2023,05:53:30,4,-15.555244,-56.070214,234.0,lev20,Almucantar,Cuiaba,260,260.844907,0.10181,0.057601,0.03941,0.031847,1.375917,71.559685,70.845769,3.88375,0.087637,1.152736,4,10,7,5,4,10,7,5,4,10,7,5,4,10,7,5,0.0688,0.13684,0.31605,0.34419,1,1,21:06:2023,05:53:30,4,-15.555244,-56.070214,234.0,lev20,Almucantar,1.813703752139229,0.9153540009338038,0.9501781367829855,BCL,Biomass,,Unknown
17:09:1995,20:37:34,Cuiaba,260,260.859421,1.1926,0.5925,0.3528,0.2507,1.1585,0.5572,0.3169,0.2147,0.0341,0.0353,0.0359,0.036,1.75881,76.538337,75.823444,4.61085,0.048367,1.189665,3,10,7,5,4,10,7,5,4,10,7,5,4,10,7,5,0.07301,0.1457,0.34013,0.36777,1,1,21:06:2023,05:56:52,4,-15.555244,-56.070214,234.0,lev20,Almucantar,Cuiaba,260,260.859421,1.189665,0.590323,0.352558,0.250182,1.756737,76.538337,75.823444,4.61085,0.048367,1.189665,3,10,7,5,4,10,7,5,4,10,7,5,4,10,7,5,0.07301,0.1457,0.34013,0.36777,1,1,21:06:2023,05:56:52,4,-15.555244,-56.070214,234.0,lev20,Almucantar,Cuiaba,260,260.859421,1.6,1.5751,1.562,1.5391,0.016649,0.016156,0.015772,0.015606,76.538337,75.823444,4.61085,0.048367,1.189665,3,10,7,5,4,10,7,5,4,10,7,5,4,10,7,5,0.07301,0.1457,0.34013,0.36777,1,1,21:06:2023,05:56:52,4,-15.555244,-56.070214,234.0,lev20,Almucantar,Cuiaba,260,260.859421,0.9139,0.8966,0.8746,0.8548,76.538337,75.823444,4.61085,0.048367,1.189665,3,10,7,5,4,10,7,5,4,10,7,5,4,10,7,5,0.07301,0.1457,0.34013,0.36777,1,1,21:06:2023,05:56:52,4,-15.555244,-56.070214,234.0,lev20,Almucantar,Cuiaba,260,260.859421,0.10262,0.061285,0.044239,0.036404,1.222165,76.538337,75.823444,4.61085,0.048367,1.189665,3,10,7,5,4,10,7,5,4,10,7,5,4,10,7,5,0.07301,0.1457,0.34013,0.36777,1,1,21:06:2023,05:56:52,4,-15.555244,-56.070214,234.0,lev20,Almucantar,1.7866462180902543,0.9490847194219535,0.9598642985223623,BCL,Biomass,,Unknown
19:09:1995,11:03:22,Cuiaba,262,262.460671,1.6793,0.8503,0.5093,0.3545,1.6511,0.8212,0.4796,0.3241,0.0283,0.0291,0.0298,0.0304,1.721823,69.228016,69.942828,4.741987,0.0435,1.675807,4,10,7,5,4,10,7,5,4,10,5,5,4,10,5,4,0.06691,0.13366,0.30974,0.34058,1,1,21:06:2023,06:02:14,4,-15.555244,-56.070214,234.0,lev20,Almucantar,Cuiaba,262,262.460671,1.675807,0.84976,0.509351,0.354532,1.718629,69.228016,69.942828,4.741987,0.0435,1.675807,4,10,7,5,4,10,7,5,4,10,5,5,4,10,5,4,0.06691,0.13366,0.30974,0.34058,1,1,21:06:2023,06:02:14,4,-15.555244,-56.070214,234.0,lev20,Almucantar,Cuiaba,262,262.460671,1.4064,1.4263,1.4357,1.4262,0.011396,0.009651,0.008931,0.00867,69.228016,69.942828,4.741987,0.0435,1.675807,4,10,7,5,4,10,7,5,4,10,5,5,4,10,5,4,0.06691,0.13366,0.30974,0.34058,1,1,21:06:2023,06:02:14,4,-15.555244,-56.070214,234.0,lev20,Almucantar,Cuiaba,262,262.460671,0.9283,0.9222,0.9134,0.9012,69.228016,69.942828,4.741987,0.0435,1.675807,4,10,7,5,4,10,7,5,4,10,5,5,4,10,5,4,0.06691,0.13366,0.30974,0.34058,1,1,21:06:2023,06:02:14,4,-15.555244,-56.070214,234.0,lev20,Almucantar,Cuiaba,262,262.460671,0.12049,0.066168,0.044089,0.035027,1.456613,69.228016,69.942828,4.741987,0.0435,1.675807,4,10,7,5,4,10,7,5,4,10,5,5,4,10,5,4,0.06691,0.13366,0.30974,0.34058,1,1,21:06:2023,06:02:14,4,-15.555244,-56.070214,234.0,lev20,Almucantar,1.750128699344089,1.3426592840574632,0.9772418010439442,BCL,Biomass,,Unknown
21:09:1995,20:17:06,Cuiaba,264,264.845208,0.845,0.4332,0.2802,0.2062,0.7871,0.3715,0.2135,0.1364,0.0579,0.0617,0.0668,0.0698,1.601514,71.551997,70.835456,2.594517,0.042237,0.84223,4,10,7,5,4,10,7,4,4,10,7,4,4,10,7,5,0.0688,0.13683,0.316,0.34414,1,1,21:06:2023,05:47:32,4,-15.555244,-56.070214,234.0,lev20,Almucantar,Cuiaba,264,264.845208,0.84223,0.432441,0.280428,0.204961,1.595777,71.551997,70.835456,2.594517,0.042237,0.84223,4,10,7,5,4,10,7,4,4,10,7,4,4,10,7,5,0.0688,0.13683,0.316,0.34414,1,1,21:06:2023,05:47:32,4,-15.555244,-56.070214,234.0,lev20,Almucantar,Cuiaba,264,264.845208,1.5377,1.4894,1.4843,1.4582,0.015329,0.013198,0.011237,0.010193,71.551997,70.835456,2.594517,0.042237,0.84223,4,10,7,5,4,10,7,4,4,10,7,4,4,10,7,5,0.0688,0.13683,0.316,0.34414,1,1,21:06:2023,05:47:32,4,-15.555244,-56.070214,234.0,lev20,Almucantar,Cuiaba,264,264.845208,0.9072,0.8996,0.8961,0.8893,71.551997,70.835456,2.594517,0.042237,0.84223,4,10,7,5,4,10,7,4,4,10,7,4,4,10,7,5,0.0688,0.13683,0.316,0.34414,1,1,21:06:2023,05:47:32,4,-15.555244,-56.070214,234.0,lev20,Almucantar,Cuiaba,264,264.845208,0.078402,0.043483,0.029118,0.022832,1.434851,71.551997,70.835456,2.594517,0.042237,0.84223,4,10,7,5,4,10,7,4,4,10,7,4,4,10,7,5,0.0688,0.13683,0.316,0.34414,1,1,21:06:2023,05:47:32,4,-15.555244,-56.070214,234.0,lev20,Almucantar,1.6191918191586245,0.6870107075078125,0.9062420025022795,BCL,Arid,,Unknown
21:09:1995,20:37:57,Cuiaba,264,264.859688,0.8314,0.4262,0.2743,0.2023,0.7747,0.3665,0.2099,0.1348,0.0567,0.0597,0.0644,0.0675,1.608187,76.534376,75.817503,1.976408,0.013851,0.828827,4,10,7,5,4,10,7,5,4,10,7,5,4,10,7,5,0.07299,0.14569,0.3401,0.36774,1,1,21:06:2023,05:50:46,4,-15.555244,-56.070214,234.0,lev20,Almucantar,Cuiaba,264,264.859688,0.828827,0.425631,0.27438,0.201698,1.603331,76.534376,75.817503,1.976408,0.013851,0.828827,4,10,7,5,4,10,7,5,4,10,7,5,4,10,7,5,0.07299,0.14569,0.3401,0.36774,1,1,21:06:2023,05:50:46,4,-15.555244,-56.070214,234.0,lev20,Almucantar,Cuiaba,264,264.859688,1.5799,1.5086,1.499,1.4723,0.013695,0.014716,0.013803,0.012851,76.534376,75.817503,1.976408,0.013851,0.828827,4,10,7,5,4,10,7,5,4,10,7,5,4,10,7,5,0.07299,0.14569,0.3401,0.36774,1,1,21:06:2023,05:50:46,4,-15.555244,-56.070214,234.0,lev20,Almucantar,Cuiaba,264,264.859688,0.9186,0.8932,0.8809,0.8724,76.534376,75.817503,1.976408,0.013851,0.828827,4,10,7,5,4,10,7,5,4,10,7,5,4,10,7,5,0.07299,0.14569,0.3401,0.36774,1,1,21:06:2023,05:50:46,4,-15.555244,-56.070214,234.0,lev20,Almucantar,Cuiaba,264,264.859688,0.067674,0.045516,0.032677,0.025823,1.046545,76.534376,75.817503,1.976408,0.013851,0.828827,4,10,7,5,4,10,7,5,4,10,7,5,4,10,7,5,0.07299,0.14569,0.3401,0.36774,1,1,21:06:2023,05:50:46,4,-15.555244,-56.070214,234.0,lev20,Almucantar,1.6266078354966116,0.67531298378149,0.907339900802618,BCL,Arid,,Unknown
22:09:1995,10:39:58,Cuiaba,265,265.444421,1.1139,0.5634,0.3512,0.251,1.0847,0.5336,0.32,0.2181,0.0292,0.0299,0.0313,0.0329,1.670923,74.227321,74.945029,4.496784,0.042088,1.110199,4,10,7,5,4,10,7,5,4,10,7,5,4,8,7,5,0.06808,0.1385,0.33671,0.36513,1,1,21:06:2023,05:58:29,4,-15.555244,-56.070214,234.0,lev20,Almucantar,Cuiaba,265,265.444421,1.110199,0.563139,0.351539,0.250541,1.664634,74.227321,74.945029,4.496784,0.042088,1.110199,4,10,7,5,4,10,7,5,4,10,7,5,4,8,7,5,0.06808,0.1385,0.33671,0.36513,1,1,21:06:2023,05:58:29,4,-15.555244,-56.070214,234.0,lev20,Almucantar,Cuiaba,265,265.444421,1.3662,1.3839,1.3928,1.38,0.012964,0.009561,0.0084,0.007984,74.227321,74.945029,4.496784,0.042088,1.110199,4,10,7,5,4,10,7,5,4,10,7,5,4,8,7,5,0.06808,0.1385,0.33671,0.36513,1,1,21:06:2023,05:58:29,4,-15.555244,-56.070214,234.0,lev20,Almucantar,Cuiaba,265,265.444421,0.9059,0.9082,0.9055,0.896,74.227321,74.945029,4.496784,0.042088,1.110199,4,10,7,5,4,10,7,5,4,10,7,5,4,8,7,5,0.06808,0.1385,0.33671,0.36513,1,1,21:06:2023,05:58:29,4,-15.555244,-56.070214,234.0,lev20,Almucantar,Cuiaba,265,265.444421,0.10476,0.051731,0.033196,0.026098,1.669605,74.227321,74.945029,4.496784,0.042088,1.110199,4,10,7,5,4,10,7,5,4,10,7,5,4,8,7,5,0.06808,0.1385,0.33671,0.36513,1,1,21:06:2023,05:58:29,4,-15.555244,-56.070214,234.0,lev20,Almucantar,1.6931722022128148,0.8971102271151202,0.9648842073981669,BCL,Biomass,,Unknown
22:09:1995,11:00:49,Cuiaba,265,265.4589,1.0854,0.5457,0.3409,0.2442,1.0418,0.5006,0.2936,0.1949,0.0437,0.0451,0.0473,0.0493,1.677317,69.241698,69.95851,4.979513,0.115466,1.080917,4,10,7,5,4,10,7,5,4,10,7,5,4,10,7,5,0.06473,0.13101,0.31423,0.3426,1,1,21:06:2023,06:01:10,4,-15.555244,-56.070214,234.0,lev20,Almucantar,Cuiaba,265,265.4589,1.080917,0.545206,0.341434,0.242368,1.66909,69.241698,69.95851,4.979513,0.115466,1.080917,4,10,7,5,4,10,7,5,4,10,7,5,4,10,7,5,0.06473,0.13101,0.31423,0.3426,1,1,21:06:2023,06:01:10,4,-15.555244,-56.070214,234.0,lev20,Almucantar,Cuiaba,265,265.4589,1.4448,1.4535,1.4644,1.4505,0.01145,0.009046,0.008131,0.00784,69.241698,69.95851,4.979513,0.115466,1.080917,4,10,7,5,4,10,7,5,4,10,7,5,4,10,7,5,0.06473,0.13101,0.31423,0.3426,1,1,21:06:2023,06:01:10,4,-15.555244,-56.070214,234.0,lev20,Almucantar,Cuiaba,265,265.4589,0.9263,0.9234,0.9179,0.908,69.241698,69.95851,4.979513,0.115466,1.080917,4,10,7,5,4,10,7,5,4,10,7,5,4,10,7,5,0.06473,0.13101,0.31423,0.3426,1,1,21:06:2023,06:01:10,4,-15.555244,-56.070214,234.0,lev20,Almucantar,Cuiaba,265,265.4589,0.080001,0.041778,0.027973,0.022475,1.527582,69.241698,69.95851,4.979513,0.115466,1.080917,4,10,7,5,4,10,7,5,4,10,7,5,4,10,7,5,0.06473,0.13101,0.31423,0.3426,1,1,21:06:2023,06:01:10,4,-15.555244,-56.070214,234.0,lev20,Almucantar,1.6988166059973957,0.8735264480006608,0.9453940983443383,BCL,Biomass,,Unknown
22:09:1995,11:44:59,Cuiaba,265,265.489572,1.1567,0.5799,0.3643,0.2576,1.1136,0.5353,0.3175,0.2084,0.0431,0.0446,0.0469,0.0492,1.674301,58.727301,59.438374,4.255169,0.179385,1.153161,4,10,7,4,4,10,7,4,3,11,7,4,3,10,8,4,0.06004,0.12061,0.28253,0.31091,1,1,21:06:2023,06:04:15,4,-15.555244,-56.070214,234.0,lev20,Almucantar,Cuiaba,265,265.489572,1.153161,0.579264,0.365212,0.254652,1.666538,58.727301,59.438374,4.255169,0.179385,1.153161,4,10,7,4,4,10,7,4,3,11,7,4,3,10,8,4,0.06004,0.12061,0.28253,0.31091,1,1,21:06:2023,06:04:15,4,-15.555244,-56.070214,234.0,lev20,Almucantar,Cuiaba,265,265.489572,1.4521,1.4551,1.4658,1.4469,0.013465,0.010314,0.009123,0.008642,58.727301,59.438374,4.255169,0.179385,1.153161,4,10,7,4,4,10,7,4,3,11,7,4,3,10,8,4,0.06004,0.12061,0.28253,0.31091,1,1,21:06:2023,06:04:15,4,-15.555244,-56.070214,234.0,lev20,Almucantar,Cuiaba,265,265.489572,0.9168,0.9163,0.9113,0.9019,58.727301,59.438374,4.255169,0.179385,1.153161,4,10,7,4,4,10,7,4,3,11,7,4,3,10,8,4,0.06004,0.12061,0.28253,0.31091,1,1,21:06:2023,06:04:15,4,-15.555244,-56.070214,234.0,lev20,Almucantar,Cuiaba,265,265.489572,0.096253,0.048551,0.032333,0.025258,1.588055,58.727301,59.438374,4.255169,0.179385,1.153161,4,10,7,4,4,10,7,4,3,11,7,4,3,10,8,4,0.06004,0.12061,0.28253,0.31091,1,1,21:06:2023,06:04:15,4,-15.555244,-56.070214,234.0,lev20,Almucantar,1.6947592358944286,0.9313914169381666,0.9498855851509775,BCL,Biomass,,Unknown
24:09:1995,11:43:14,Cuiaba,267,267.488356,0.96,0.4507,0.2795,0.197,0.9239,0.4135,0.2409,0.1571,0.0361,0.0372,0.0386,0.0399,1.792312,58.732183,59.445257,6.357833,0.407429,0.955142,4,10,7,4,4,10,7,4,3,11,7,4,3,10,8,4,0.06004,0.12061,0.28254,0.31093,1,1,21:06:2023,05:38:25,4,-15.555244,-56.070214,234.0,lev20,Almucantar,Cuiaba,267,267.488356,0.955142,0.450127,0.281966,0.189841,1.773218,58.732183,59.445257,6.357833,0.407429,0.955142,4,10,7,4,4,10,7,4,3,11,7,4,3,10,8,4,0.06004,0.12061,0.28254,0.31093,1,1,21:06:2023,05:38:25,4,-15.555244,-56.070214,234.0,lev20,Almucantar,Cuiaba,267,267.488356,1.4556,1.4705,1.4923,1.4776,0.009764,0.008802,0.008425,0.008273,58.732183,59.445257,6.357833,0.407429,0.955142,4,10,7,4,4,10,7,4,3,11,7,4,3,10,8,4,0.06004,0.12061,0.28254,0.31093,1,1,21:06:2023,05:38:25,4,-15.555244,-56.070214,234.0,lev20,Almucantar,Cuiaba,267,267.488356,0.9332,0.9207,0.9092,0.8947,58.732183,59.445257,6.357833,0.407429,0.955142,4,10,7,4,4,10,7,4,3,11,7,4,3,10,8,4,0.06004,0.12061,0.28254,0.31093,1,1,21:06:2023,05:38:25,4,-15.555244,-56.070214,234.0,lev20,Almucantar,Cuiaba,267,267.488356,0.06408,0.035727,0.025395,0.020746,1.348193,58.732183,59.445257,6.357833,0.407429,0.955142,4,10,7,4,4,10,7,4,3,11,7,4,3,10,8,4,0.06004,0.12061,0.28254,0.31093,1,1,21:06:2023,05:38:25,4,-15.555244,-56.070214,234.0,lev20,Almucantar,1.8100301216623045,0.7616986701465409,0.9469167911564097,BCL,Biomass,,Unknown
24:09:1995,20:16:58,Cuiaba,267,267.845116,1.0031,0.444,0.2602,0.1816,0.9783,0.4183,0.2341,0.1553,0.0248,0.0257,0.0261,0.0263,1.957412,71.442171,70.724095,6.437221,0.123447,0.999834,4,10,7,5,4,10,7,5,4,10,7,5,4,10,6,5,0.06643,0.13389,0.3201,0.34566,1,1,21:06:2023,05:40:58,4,-15.555244,-56.070214,234.0,lev20,Almucantar,Cuiaba,267,267.845116,0.999834,0.443375,0.260924,0.179631,1.949047,71.442171,70.724095,6.437221,0.123447,0.999834,4,10,7,5,4,10,7,5,4,10,7,5,4,10,6,5,0.06643,0.13389,0.3201,0.34566,1,1,21:06:2023,05:40:58,4,-15.555244,-56.070214,234.0,lev20,Almucantar,Cuiaba,267,267.845116,1.5574,1.5271,1.5236,1.5018,0.013825,0.012957,0.012506,0.01234,71.442171,70.724095,6.437221,0.123447,0.999834,4,10,7,5,4,10,7,5,4,10,7,5,4,10,6,5,0.06643,0.13389,0.3201,0.34566,1,1,21:06:2023,05:40:58,4,-15.555244,-56.070214,234.0,lev20,Almucantar,Cuiaba,267,267.845116,0.9262,0.9065,0.8868,0.8668,71.442171,70.724095,6.437221,0.123447,0.999834,4,10,7,5,4,10,7,5,4,10,7,5,4,10,6,5,0.06643,0.13389,0.3201,0.34566,1,1,21:06:2023,05:40:58,4,-15.555244,-56.070214,234.0,lev20,Almucantar,Cuiaba,267,267.845116,0.074048,0.041496,0.029465,0.024195,1.341704,71.442171,70.724095,6.437221,0.123447,0.999834,4,10,7,5,4,10,7,5,4,10,7,5,4,10,6,5,0.06643,0.13389,0.3201,0.34566,1,1,21:06:2023,05:40:58,4,-15.555244,-56.070214,234.0,lev20,Almucantar,1.9794093134103006,0.778848010029514,0.9630375645960286,BCL,Biomass,,Unknown
30:09:1995,20:38:43,Cuiaba,273,273.86022,0.8427,0.418,0.2634,0.1872,0.8243,0.3988,0.244,0.1676,0.0184,0.0192,0.0194,0.0196,1.686651,76.510383,75.791267,3.801203,0.011792,0.841439,4,10,7,5,4,10,7,5,4,10,6,5,4,9,6,4,0.07051,0.14264,0.34903,0.37317,1,1,21:06:2023,05:50:01,4,-15.555244,-56.070214,234.0,lev20,Almucantar,Cuiaba,273,273.86022,0.841439,0.417706,0.263589,0.187186,1.683558,76.510383,75.791267,3.801203,0.011792,0.841439,4,10,7,5,4,10,7,5,4,10,6,5,4,9,6,4,0.07051,0.14264,0.34903,0.37317,1,1,21:06:2023,05:50:01,4,-15.555244,-56.070214,234.0,lev20,Almucantar,Cuiaba,273,273.86022,1.5558,1.5177,1.5197,1.4968,0.009684,0.009295,0.008968,0.008648,76.510383,75.791267,3.801203,0.011792,0.841439,4,10,7,5,4,10,7,5,4,10,6,5,4,9,6,4,0.07051,0.14264,0.34903,0.37317,1,1,21:06:2023,05:50:01,4,-15.555244,-56.070214,234.0,lev20,Almucantar,Cuiaba,273,273.86022,0.9435,0.9349,0.9273,0.9192,76.510383,75.791267,3.801203,0.011792,0.841439,4,10,7,5,4,10,7,5,4,10,6,5,4,9,6,4,0.07051,0.14264,0.34903,0.37317,1,1,21:06:2023,05:50:01,4,-15.555244,-56.070214,234.0,lev20,Almucantar,Cuiaba,273,273.86022,0.04763,0.027223,0.019149,0.015117,1.323783,76.510383,75.791267,3.801203,0.011792,0.841439,4,10,7,5,4,10,7,5,4,10,6,5,4,9,6,4,0.07051,0.14264,0.34903,0.37317,1,1,21:06:2023,05:50:01,4,-15.555244,-56.070214,234.0,lev20,Almucantar,1.7058907151665865,0.6775892383699653,0.9691090026320517,BCL,Arid,,Unknown
01:10:1995,20:18:07,Cuiaba,274,274.845914,0.8758,0.4137,0.2535,0.1763,0.8358,0.3717,0.2086,0.1294,0.04,0.0421,0.0449,0.0469,1.798652,71.543786,70.823489,3.251265,0.081624,0.873607,4,10,7,5,4,10,7,5,4,10,7,5,4,10,7,5,0.06658,0.13412,0.32443,0.34942,1,1,21:06:2023,05:53:04,4,-15.555244,-56.070214,234.0,lev20,Almucantar,Cuiaba,274,274.845914,0.873607,0.413225,0.253963,0.174829,1.792645,71.543786,70.823489,3.251265,0.081624,0.873607,4,10,7,5,4,10,7,5,4,10,7,5,4,10,7,5,0.06658,0.13412,0.32443,0.34942,1,1,21:06:2023,05:53:04,4,-15.555244,-56.070214,234.0,lev20,Almucantar,Cuiaba,274,274.845914,1.5519,1.5209,1.5232,1.4927,0.015827,0.014565,0.013475,0.012765,71.543786,70.823489,3.251265,0.081624,0.873607,4,10,7,5,4,10,7,5,4,10,7,5,4,10,7,5,0.06658,0.13412,0.32443,0.34942,1,1,21:06:2023,05:53:04,4,-15.555244,-56.070214,234.0,lev20,Almucantar,Cuiaba,274,274.845914,0.913,0.896,0.8825,0.8662,71.543786,70.823489,3.251265,0.081624,0.873607,4,10,7,5,4,10,7,5,4,10,7,5,4,10,7,5,0.06658,0.13412,0.32443,0.34942,1,1,21:06:2023,05:53:04,4,-15.555244,-56.070214,234.0,lev20,Almucantar,Cuiaba,274,274.845914,0.076162,0.043019,0.029776,0.0236,1.363205,71.543786,70.823489,3.251265,0.081624,0.873607,4,10,7,5,4,10,7,5,4,10,7,5,4,10,7,5,0.06658,0.13412,0.32443,0.34942,1,1,21:06:2023,05:53:04,4,-15.555244,-56.070214,234.0,lev20,Almucantar,1.81860101947446,0.6941304107634965,0.9369490926093982,BCL,Arid,,Unknown
01:10:1995,20:38:49,Cuiaba,274,274.860289,0.8766,0.4156,0.2532,0.1765,0.8424,0.3802,0.2168,0.1388,0.0342,0.0354,0.0365,0.0377,1.800604,76.510389,75.791214,2.923921,0.028525,0.874847,4,10,7,5,4,10,7,5,4,10,7,5,4,10,7,5,0.07051,0.14263,0.34901,0.37317,1,1,21:06:2023,05:56:10,4,-15.555244,-56.070214,234.0,lev20,Almucantar,Cuiaba,274,274.860289,0.874847,0.41499,0.253416,0.175994,1.796726,76.510389,75.791214,2.923921,0.028525,0.874847,4,10,7,5,4,10,7,5,4,10,7,5,4,10,7,5,0.07051,0.14263,0.34901,0.37317,1,1,21:06:2023,05:56:10,4,-15.555244,-56.070214,234.0,lev20,Almucantar,Cuiaba,274,274.860289,1.6,1.5497,1.5426,1.5077,0.015429,0.015542,0.0148,0.014006,76.510389,75.791214,2.923921,0.028525,0.874847,4,10,7,5,4,10,7,5,4,10,7,5,4,10,7,5,0.07051,0.14263,0.34901,0.37317,1,1,21:06:2023,05:56:10,4,-15.555244,-56.070214,234.0,lev20,Almucantar,Cuiaba,274,274.860289,0.9169,0.8928,0.8754,0.8587,76.510389,75.791214,2.923921,0.028525,0.874847,4,10,7,5,4,10,7,5,4,10,7,5,4,10,7,5,0.07051,0.14263,0.34901,0.37317,1,1,21:06:2023,05:56:10,4,-15.555244,-56.070214,234.0,lev20,Almucantar,Cuiaba,274,274.860289,0.072861,0.044561,0.031564,0.02494,1.210465,76.510389,75.791214,2.923921,0.028525,0.874847,4,10,7,5,4,10,7,5,4,10,7,5,4,10,7,5,0.07051,0.14263,0.34901,0.37317,1,1,21:06:2023,05:56:10,4,-15.555244,-56.070214,234.0,lev20,Almucantar,1.8216773133194752,0.6944913000707801,0.9457333900987636,BCL,Arid,,Unknown
