Date,Time,AOD_Site,AOD_Day_of_Year,AOD_Day_of_Year(Fraction),AOD_Extinction-Total[440nm],AOD_Extinction-Total[675nm],AOD_Extinction-Total[870nm],AOD_Extinction-Total[1020nm],AOD_Extinction-Fine[440nm],AOD_Extinction-Fine[675nm],AOD_Extinction-Fine[870nm],AOD_Extinction-Fine[1020nm],AOD_Extinction-Coarse[440nm],AOD_Extinction-Coarse[675nm],AOD_Extinction-Coarse[870nm],AOD_Extinction-Coarse[1020nm],AOD_Extinction_Angstrom_Exponent_440-870nm-Total,AOD_Average_Solar_Zenith_Angles_for_Flux_Calculation(Degrees),AOD_Solar_Zenith_Angle_for_Measurement_Start(Degrees),AOD_Sky_Residual(%),AOD_Sun_Residual(%),AOD_Coincident_AOD440nm,AOD_Scattering_Angle_Bin_3.2_to_<6_degrees[440nm],AOD_Scattering_Angle_Bin_6_to_<30_degrees[440nm],AOD_Scattering_Angle_Bin_30_to_<80_degrees[440nm],AOD_Scattering_Angle_Bin_80_degrees_and_over[440nm],AOD_Scattering_Angle_Bin_3.2_to_<6_degrees[675nm],AOD_Scattering_Angle_Bin_6_to_<30_degrees[675nm],AOD_Scattering_Angle_Bin_30_to_<80_degrees[675nm],AOD_Scattering_Angle_Bin_80_degrees_and_over[675nm],AOD_Scattering_Angle_Bin_3.2_to_<6_degrees[870nm],AOD_Scattering_Angle_Bin_6_to_<30_degrees[870nm],AOD_Scattering_Angle_Bin_30_to_<80_degrees[870nm],AOD_Scattering_Angle_Bin_80_degrees_and_over[870nm],AOD_Scattering_Angle_Bin_3.2_to_<6_degrees[1020nm],AOD_Scattering_Angle_Bin_6_to_<30_degrees[1020nm],AOD_Scattering_Angle_Bin_30_to_<80_degrees[1020nm],AOD_Scattering_Angle_Bin_80_degrees_and_over[1020nm],AOD_Surface_Albedo[440m],AOD_Surface_Albedo[675m],AOD_Surface_Albedo[870m],AOD_Surface_Albedo[1020m],AOD_If_Retrieval_is_L2(without_L2_0.4_AOD_440_threshold),AOD_If_AOD_is_L2,AOD_Last_Processing_Date(dd:mm:yyyy),AOD_Last_Processing_Time(hh:mm:ss),AOD_Instrument_Number,AOD_Latitude(Degrees),AOD_Longitude(Degrees),AOD_Elevation(m),AOD_Inversion_Data_Quality_Level,AOD_Retrieval_Measurement_Scan_Type,CAD_Site,CAD_Day_of_Year,CAD_Day_of_Year(Fraction),CAD_AOD_Coincident_Input[440nm],CAD_AOD_Coincident_Input[675nm],CAD_AOD_Coincident_Input[870nm],CAD_AOD_Coincident_Input[1020nm],CAD_Angstrom_Exponent_440-870nm_from_Coincident_Input_AOD,CAD_Average_Solar_Zenith_Angles_for_Flux_Calculation(Degrees),CAD_Solar_Zenith_Angle_for_Measurement_Start(Degrees),CAD_Sky_Residual(%),CAD_Sun_Residual(%),CAD_Coincident_AOD440nm,CAD_Scattering_Angle_Bin_3.2_to_<6_degrees[440nm],CAD_Scattering_Angle_Bin_6_to_<30_degrees[440nm],CAD_Scattering_Angle_Bin_30_to_<80_degrees[440nm],CAD_Scattering_Angle_Bin_80_degrees_and_over[440nm],CAD_Scattering_Angle_Bin_3.2_to_<6_degrees[675nm],CAD_Scattering_Angle_Bin_6_to_<30_degrees[675nm],CAD_Scattering_Angle_Bin_30_to_<80_degrees[675nm],CAD_Scattering_Angle_Bin_80_degrees_and_over[675nm],CAD_Scattering_Angle_Bin_3.2_to_<6_degrees[870nm],CAD_Scattering_Angle_Bin_6_to_<30_degrees[870nm],CAD_Scattering_Angle_Bin_30_to_<80_degrees[870nm],CAD_Scattering_Angle_Bin_80_degrees_and_over[870nm],CAD_Scattering_Angle_Bin_3.2_to_<6_degrees[1020nm],CAD_Scattering_Angle_Bin_6_to_<30_degrees[1020nm],CAD_Scattering_Angle_Bin_30_to_<80_degrees[1020nm],CAD_Scattering_Angle_Bin_80_degrees_and_over[1020nm],CAD_Surface_Albedo[440m],CAD_Surface_Albedo[675m],CAD_Surface_Albedo[870m],CAD_Surface_Albedo[1020m],CAD_If_Retrieval_is_L2(without_L2_0.4_AOD_440_threshold),CAD_If_AOD_is_L2,CAD_Last_Processing_Date(dd:mm:yyyy),CAD_Last_Processing_Time(hh:mm:ss),CAD_Instrument_Number,CAD_Latitude(Degrees),CAD_Longitude(Degrees),CAD_Elevation(m),CAD_Inversion_Data_Quality_Level,CAD_Retrieval_Measurement_Scan_Type,RIN_Site,RIN_Day_of_Year,RIN_Day_of_Year(Fraction),RIN_Refractive_Index-Real_Part[440nm],RIN_Refractive_Index-Real_Part[675nm],RIN_Refractive_Index-Real_Part[870nm],RIN_Refractive_Index-Real_Part[1020nm],RIN_Refractive_Index-Imaginary_Part[440nm],RIN_Refractive_Index-Imaginary_Part[675nm],RIN_Refractive_Index-Imaginary_Part[870nm],RIN_Refractive_Index-Imaginary_Part[1020nm],RIN_Average_Solar_Zenith_Angles_for_Flux_Calculation(Degrees),RIN_Solar_Zenith_Angle_for_Measurement_Start(Degrees),RIN_Sky_Residual(%),RIN_Sun_Residual(%),RIN_Coincident_AOD440nm,RIN_Scattering_Angle_Bin_3.2_to_<6_degrees[440nm],RIN_Scattering_Angle_Bin_6_to_<30_degrees[440nm],RIN_Scattering_Angle_Bin_30_to_<80_degrees[440nm],RIN_Scattering_Angle_Bin_80_degrees_and_over[440nm],RIN_Scattering_Angle_Bin_3.2_to_<6_degrees[675nm],RIN_Scattering_Angle_Bin_6_to_<30_degrees[675nm],RIN_Scattering_Angle_Bin_30_to_<80_degrees[675nm],RIN_Scattering_Angle_Bin_80_degrees_and_over[675nm],RIN_Scattering_Angle_Bin_3.2_to_<6_degrees[870nm],RIN_Scattering_Angle_Bin_6_to_<30_degrees[870nm],RIN_Scattering_Angle_Bin_30_to_<80_degrees[870nm],RIN_Scattering_Angle_Bin_80_degrees_and_over[870nm],RIN_Scattering_Angle_Bin_3.2_to_<6_degrees[1020nm],RIN_Scattering_Angle_Bin_6_to_<30_degrees[1020nm],RIN_Scattering_Angle_Bin_30_to_<80_degrees[1020nm],RIN_Scattering_Angle_Bin_80_degrees_and_over[1020nm],RIN_Surface_Albedo[440m],RIN_Surface_Albedo[675m],RIN_Surface_Albedo[870m],RIN_Surface_Albedo[1020m],RIN_If_Retrieval_is_L2(without_L2_0.4_AOD_440_threshold),RIN_If_AOD_is_L2,RIN_Last_Processing_Date(dd:mm:yyyy),RIN_Last_Processing_Time(hh:mm:ss),RIN_Instrument_Number,RIN_Latitude(Degrees),RIN_Longitude(Degrees),RIN_Elevation(m),RIN_Inversion_Data_Quality_Level,RIN_Retrieval_Measurement_Scan_Type,SSA_Site,SSA_Day_of_Year,SSA_Day_of_Year(Fraction),Single_Scattering_Albedo[440nm],Single_Scattering_Albedo[675nm],Single_Scattering_Albedo[870nm],Single_Scattering_Albedo[1020nm],SSA_Average_Solar_Zenith_Angles_for_Flux_Calculation(Degrees),SSA_Solar_Zenith_Angle_for_Measurement_Start(Degrees),SSA_Sky_Residual(%),SSA_Sun_Residual(%),SSA_Coincident_AOD440nm,SSA_Scattering_Angle_Bin_3.2_to_<6_degrees[440nm],SSA_Scattering_Angle_Bin_6_to_<30_degrees[440nm],SSA_Scattering_Angle_Bin_30_to_<80_degrees[440nm],SSA_Scattering_Angle_Bin_80_degrees_and_over[440nm],SSA_Scattering_Angle_Bin_3.2_to_<6_degrees[675nm],SSA_Scattering_Angle_Bin_6_to_<30_degrees[675nm],SSA_Scattering_Angle_Bin_30_to_<80_degrees[675nm],SSA_Scattering_Angle_Bin_80_degrees_and_over[675nm],SSA_Scattering_Angle_Bin_3.2_to_<6_degrees[870nm],SSA_Scattering_Angle_Bin_6_to_<30_degrees[870nm],SSA_Scattering_Angle_Bin_30_to_<80_degrees[870nm],SSA_Scattering_Angle_Bin_80_degrees_and_over[870nm],SSA_Scattering_Angle_Bin_3.2_to_<6_degrees[1020nm],SSA_Scattering_Angle_Bin_6_to_<30_degrees[1020nm],SSA_Scattering_Angle_Bin_30_to_<80_degrees[1020nm],SSA_Scattering_Angle_Bin_80_degrees_and_over[1020nm],SSA_Surface_Albedo[440m],SSA_Surface_Albedo[675m],SSA_Surface_Albedo[870m],SSA_Surface_Albedo[1020m],SSA_If_Retrieval_is_L2(without_L2_0.4_AOD_440_threshold),SSA_If_AOD_is_L2,SSA_Last_Processing_Date(dd:mm:yyyy),SSA_Last_Processing_Time(hh:mm:ss),SSA_Instrument_Number,SSA_Latitude(Degrees),SSA_Longitude(Degrees),SSA_Elevation(m),SSA_Inversion_Data_Quality_Level,SSA_Retrieval_Measurement_Scan_Type,TAB_Site,TAB_Day_of_Year,TAB_Day_of_Year(Fraction),TAB_Absorption_AOD[440nm],TAB_Absorption_AOD[675nm],TAB_Absorption_AOD[870nm],TAB_Absorption_AOD[1020nm],TAB_Absorption_Angstrom_Exponent_440-870nm,TAB_Average_Solar_Zenith_Angles_for_Flux_Calculation(Degrees),TAB_Solar_Zenith_Angle_for_Measurement_Start(Degrees),TAB_Sky_Residual(%),TAB_Sun_Residual(%),TAB_Coincident_AOD440nm,TAB_Scattering_Angle_Bin_3.2_to_<6_degrees[440nm],TAB_Scattering_Angle_Bin_6_to_<30_degrees[440nm],TAB_Scattering_Angle_Bin_30_to_<80_degrees[440nm],TAB_Scattering_Angle_Bin_80_degrees_and_over[440nm],TAB_Scattering_Angle_Bin_3.2_to_<6_degrees[675nm],TAB_Scattering_Angle_Bin_6_to_<30_degrees[675nm],TAB_Scattering_Angle_Bin_30_to_<80_degrees[675nm],TAB_Scattering_Angle_Bin_80_degrees_and_over[675nm],TAB_Scattering_Angle_Bin_3.2_to_<6_degrees[870nm],TAB_Scattering_Angle_Bin_6_to_<30_degrees[870nm],TAB_Scattering_Angle_Bin_30_to_<80_degrees[870nm],TAB_Scattering_Angle_Bin_80_degrees_and_over[870nm],TAB_Scattering_Angle_Bin_3.2_to_<6_degrees[1020nm],TAB_Scattering_Angle_Bin_6_to_<30_degrees[1020nm],TAB_Scattering_Angle_Bin_30_to_<80_degrees[1020nm],TAB_Scattering_Angle_Bin_80_degrees_and_over[1020nm],TAB_Surface_Albedo[440m],TAB_Surface_Albedo[675m],TAB_Surface_Albedo[870m],TAB_Surface_Albedo[1020m],TAB_If_Retrieval_is_L2(without_L2_0.4_AOD_440_threshold),TAB_If_AOD_is_L2,TAB_Last_Processing_Date(dd:mm:yyyy),TAB_Last_Processing_Time(hh:mm:ss),TAB_Instrument_Number,TAB_Latitude(Degrees),TAB_Longitude(Degrees),TAB_Elevation(m),TAB_Inversion_Data_Quality_Level,TAB_Retrieval_Measurement_Scan_Type,AE,AOD_Extinction-Total[500nm],FMF,Label,Source,Day_of_Year,Season
02:10:2018,13:10:36,ARM_Cordoba,275,275.549028,0.0556,0.0307,0.022,0.0181,0.0447,0.0191,0.01,0.0059,0.0109,0.0116,0.012,0.0122,1.359247,49.772663,50.347401,1.769777,0.15851,0.053448,3,10,8,4,3,10,8,4,3,10,8,4,3,10,8,4,0.0387,0.07488,0.21634,0.24442,1,1,14:02:2021,13:42:48,622,-32.12641,-64.72837,1141.0,lev20,Almucantar,ARM_Cordoba,275,275.549028,0.053448,0.027991,0.02183,0.016777,1.330618,49.772663,50.347401,1.769777,0.15851,0.053448,3,10,8,4,3,10,8,4,3,10,8,4,3,10,8,4,0.0387,0.07488,0.21634,0.24442,1,1,14:02:2021,13:42:48,622,-32.12641,-64.72837,1141.0,lev20,Almucantar,ARM_Cordoba,275,275.549028,,,,,,,,,49.772663,50.347401,1.769777,0.15851,0.053448,3,10,8,4,3,10,8,4,3,10,8,4,3,10,8,4,0.0387,0.07488,0.21634,0.24442,1,1,14:02:2021,13:42:48,622,-32.12641,-64.72837,1141.0,lev20,Almucantar,ARM_Cordoba,275,275.549028,,,,,49.772663,50.347401,1.769777,0.15851,0.053448,3,10,8,4,3,10,8,4,3,10,8,4,3,10,8,4,0.0387,0.07488,0.21634,0.24442,1,1,14:02:2021,13:42:48,622,-32.12641,-64.72837,1141.0,lev20,Almucantar,ARM_Cordoba,275,275.549028,,,,,,49.772663,50.347401,1.769777,0.15851,0.053448,3,10,8,4,3,10,8,4,3,10,8,4,3,10,8,4,0.0387,0.07488,0.21634,0.24442,1,1,14:02:2021,13:42:48,622,-32.12641,-64.72837,1141.0,lev20,Almucantar,1.3600052934706965,0.04672732630778922,0.7282149865065656,BCH,Maritime,,Unknown
02:10:2018,19:10:37,ARM_Cordoba,275,275.799039,0.0907,0.051,0.0393,0.0346,0.0674,0.0264,0.0139,0.0087,0.0233,0.0246,0.0254,0.0258,1.235884,51.794433,51.212997,1.089177,0.064363,0.089831,3,10,8,4,3,10,8,4,3,10,8,4,3,10,8,4,0.03908,0.07554,0.2187,0.24558,1,1,10:06:2019,19:56:55,622,-32.12641,-64.72837,1141.0,lev20,Almucantar,ARM_Cordoba,275,275.799039,0.089831,0.050023,0.039079,0.033025,1.233045,51.794433,51.212997,1.089177,0.064363,0.089831,3,10,8,4,3,10,8,4,3,10,8,4,3,10,8,4,0.03908,0.07554,0.2187,0.24558,1,1,10:06:2019,19:56:55,622,-32.12641,-64.72837,1141.0,lev20,Almucantar,ARM_Cordoba,275,275.799039,,,,,,,,,51.794433,51.212997,1.089177,0.064363,0.089831,3,10,8,4,3,10,8,4,3,10,8,4,3,10,8,4,0.03908,0.07554,0.2187,0.24558,1,1,10:06:2019,19:56:55,622,-32.12641,-64.72837,1141.0,lev20,Almucantar,ARM_Cordoba,275,275.799039,,,,,51.794433,51.212997,1.089177,0.064363,0.089831,3,10,8,4,3,10,8,4,3,10,8,4,3,10,8,4,0.03908,0.07554,0.2187,0.24558,1,1,10:06:2019,19:56:55,622,-32.12641,-64.72837,1141.0,lev20,Almucantar,ARM_Cordoba,275,275.799039,,,,,,51.794433,51.212997,1.089177,0.064363,0.089831,3,10,8,4,3,10,8,4,3,10,8,4,3,10,8,4,0.03908,0.07554,0.2187,0.24558,1,1,10:06:2019,19:56:55,622,-32.12641,-64.72837,1141.0,lev20,Almucantar,1.226800881846933,0.07753514087402658,0.635621747676744,BCH,Maritime,,Unknown
02:10:2018,19:25:19,ARM_Cordoba,275,275.809248,0.0914,0.0518,0.0398,0.0352,0.0678,0.0269,0.0141,0.009,0.0237,0.0249,0.0257,0.0261,1.227472,54.679266,54.086002,1.730055,0.109009,0.089831,4,10,8,4,4,10,8,4,4,10,8,4,4,10,8,4,0.03956,0.07652,0.22304,0.24978,1,1,10:06:2019,19:56:15,622,-32.12641,-64.72837,1141.0,lev20,Almucantar,ARM_Cordoba,275,275.809248,0.089831,0.050023,0.039079,0.033025,1.233045,54.679266,54.086002,1.730055,0.109009,0.089831,4,10,8,4,4,10,8,4,4,10,8,4,4,10,8,4,0.03956,0.07652,0.22304,0.24978,1,1,10:06:2019,19:56:15,622,-32.12641,-64.72837,1141.0,lev20,Almucantar,ARM_Cordoba,275,275.809248,,,,,,,,,54.679266,54.086002,1.730055,0.109009,0.089831,4,10,8,4,4,10,8,4,4,10,8,4,4,10,8,4,0.03956,0.07652,0.22304,0.24978,1,1,10:06:2019,19:56:15,622,-32.12641,-64.72837,1141.0,lev20,Almucantar,ARM_Cordoba,275,275.809248,,,,,54.679266,54.086002,1.730055,0.109009,0.089831,4,10,8,4,4,10,8,4,4,10,8,4,4,10,8,4,0.03956,0.07652,0.22304,0.24978,1,1,10:06:2019,19:56:15,622,-32.12641,-64.72837,1141.0,lev20,Almucantar,ARM_Cordoba,275,275.809248,,,,,,54.679266,54.086002,1.730055,0.109009,0.089831,4,10,8,4,4,10,8,4,4,10,8,4,4,10,8,4,0.03956,0.07652,0.22304,0.24978,1,1,10:06:2019,19:56:15,622,-32.12641,-64.72837,1141.0,lev20,Almucantar,1.2195335534891294,0.07820615810903428,0.6346079204696379,BCH,Maritime,,Unknown
02:10:2018,19:55:31,ARM_Cordoba,275,275.83022,0.0991,0.0562,0.0435,0.0386,0.0726,0.0283,0.0146,0.0093,0.0265,0.0279,0.0289,0.0294,1.216825,60.757388,60.146112,0.850854,0.053333,0.097643,3,10,8,5,3,10,8,5,3,10,8,5,3,10,8,5,0.04086,0.07916,0.23437,0.26075,1,1,14:02:2021,13:43:08,622,-32.12641,-64.72837,1141.0,lev20,Almucantar,ARM_Cordoba,275,275.83022,0.097643,0.055537,0.043443,0.037226,1.198441,60.757388,60.146112,0.850854,0.053333,0.097643,3,10,8,5,3,10,8,5,3,10,8,5,3,10,8,5,0.04086,0.07916,0.23437,0.26075,1,1,14:02:2021,13:43:08,622,-32.12641,-64.72837,1141.0,lev20,Almucantar,ARM_Cordoba,275,275.83022,,,,,,,,,60.757388,60.146112,0.850854,0.053333,0.097643,3,10,8,5,3,10,8,5,3,10,8,5,3,10,8,5,0.04086,0.07916,0.23437,0.26075,1,1,14:02:2021,13:43:08,622,-32.12641,-64.72837,1141.0,lev20,Almucantar,ARM_Cordoba,275,275.83022,,,,,60.757388,60.146112,0.850854,0.053333,0.097643,3,10,8,5,3,10,8,5,3,10,8,5,3,10,8,5,0.04086,0.07916,0.23437,0.26075,1,1,14:02:2021,13:43:08,622,-32.12641,-64.72837,1141.0,lev20,Almucantar,ARM_Cordoba,275,275.83022,,,,,,60.757388,60.146112,0.850854,0.053333,0.097643,3,10,8,5,3,10,8,5,3,10,8,5,3,10,8,5,0.04086,0.07916,0.23437,0.26075,1,1,14:02:2021,13:43:08,622,-32.12641,-64.72837,1141.0,lev20,Almucantar,1.207783743108813,0.0849221006550352,0.6205147545366778,BCH,Maritime,,Unknown
03:10:2018,11:09:41,ARM_Cordoba,276,276.465058,0.0793,0.0498,0.0393,0.0352,0.0551,0.0242,0.0128,0.0082,0.0242,0.0256,0.0266,0.027,1.032987,74.108661,74.739627,1.175244,0.048296,0.079036,4,10,7,6,4,10,7,6,4,10,7,6,4,10,7,6,0.04543,0.08902,0.27687,0.30635,1,1,10:06:2019,19:57:14,622,-32.12641,-64.72837,1141.0,lev20,Almucantar,ARM_Cordoba,276,276.465058,0.079036,0.049076,0.038848,0.034165,1.046532,74.108661,74.739627,1.175244,0.048296,0.079036,4,10,7,6,4,10,7,6,4,10,7,6,4,10,7,6,0.04543,0.08902,0.27687,0.30635,1,1,10:06:2019,19:57:14,622,-32.12641,-64.72837,1141.0,lev20,Almucantar,ARM_Cordoba,276,276.465058,,,,,,,,,74.108661,74.739627,1.175244,0.048296,0.079036,4,10,7,6,4,10,7,6,4,10,7,6,4,10,7,6,0.04543,0.08902,0.27687,0.30635,1,1,10:06:2019,19:57:14,622,-32.12641,-64.72837,1141.0,lev20,Almucantar,ARM_Cordoba,276,276.465058,,,,,74.108661,74.739627,1.175244,0.048296,0.079036,4,10,7,6,4,10,7,6,4,10,7,6,4,10,7,6,0.04543,0.08902,0.27687,0.30635,1,1,10:06:2019,19:57:14,622,-32.12641,-64.72837,1141.0,lev20,Almucantar,ARM_Cordoba,276,276.465058,,,,,,74.108661,74.739627,1.175244,0.048296,0.079036,4,10,7,6,4,10,7,6,4,10,7,6,4,10,7,6,0.04543,0.08902,0.27687,0.30635,1,1,10:06:2019,19:57:14,622,-32.12641,-64.72837,1141.0,lev20,Almucantar,1.0297705364951546,0.0695189299648727,0.5944055588256721,MA,Maritime,,Unknown
03:10:2018,11:33:30,ARM_Cordoba,276,276.481597,0.077,0.0481,0.0377,0.0338,0.0538,0.0235,0.0122,0.0079,0.0233,0.0245,0.0255,0.0259,1.050169,69.112821,69.740302,1.227715,0.056829,0.076823,4,10,7,6,4,10,7,6,4,10,7,6,4,10,7,6,0.04323,0.08439,0.25763,0.28655,1,1,10:06:2019,19:56:47,622,-32.12641,-64.72837,1141.0,lev20,Almucantar,ARM_Cordoba,276,276.481597,0.076823,0.04726,0.037369,0.032616,1.062447,69.112821,69.740302,1.227715,0.056829,0.076823,4,10,7,6,4,10,7,6,4,10,7,6,4,10,7,6,0.04323,0.08439,0.25763,0.28655,1,1,10:06:2019,19:56:47,622,-32.12641,-64.72837,1141.0,lev20,Almucantar,ARM_Cordoba,276,276.481597,,,,,,,,,69.112821,69.740302,1.227715,0.056829,0.076823,4,10,7,6,4,10,7,6,4,10,7,6,4,10,7,6,0.04323,0.08439,0.25763,0.28655,1,1,10:06:2019,19:56:47,622,-32.12641,-64.72837,1141.0,lev20,Almucantar,ARM_Cordoba,276,276.481597,,,,,69.112821,69.740302,1.227715,0.056829,0.076823,4,10,7,6,4,10,7,6,4,10,7,6,4,10,7,6,0.04323,0.08439,0.25763,0.28655,1,1,10:06:2019,19:56:47,622,-32.12641,-64.72837,1141.0,lev20,Almucantar,ARM_Cordoba,276,276.481597,,,,,,69.112821,69.740302,1.227715,0.056829,0.076823,4,10,7,6,4,10,7,6,4,10,7,6,4,10,7,6,0.04323,0.08439,0.25763,0.28655,1,1,10:06:2019,19:56:47,622,-32.12641,-64.72837,1141.0,lev20,Almucantar,1.0475663245011442,0.0673492311270979,0.5963853242505552,MA,Maritime,,Unknown
03:10:2018,12:24:16,ARM_Cordoba,276,276.516852,0.075,0.0463,0.0365,0.0326,0.0519,0.022,0.0114,0.007,0.0231,0.0243,0.0251,0.0256,1.060955,58.632405,59.242053,0.888117,0.13455,0.074226,4,10,7,5,4,10,7,5,4,10,7,5,3,11,7,5,0.04022,0.07807,0.23061,0.2589,1,1,10:06:2019,19:56:47,622,-32.12641,-64.72837,1141.0,lev20,Almucantar,ARM_Cordoba,276,276.516852,0.074226,0.045489,0.036505,0.029738,1.048979,58.632405,59.242053,0.888117,0.13455,0.074226,4,10,7,5,4,10,7,5,4,10,7,5,3,11,7,5,0.04022,0.07807,0.23061,0.2589,1,1,10:06:2019,19:56:47,622,-32.12641,-64.72837,1141.0,lev20,Almucantar,ARM_Cordoba,276,276.516852,,,,,,,,,58.632405,59.242053,0.888117,0.13455,0.074226,4,10,7,5,4,10,7,5,4,10,7,5,3,11,7,5,0.04022,0.07807,0.23061,0.2589,1,1,10:06:2019,19:56:47,622,-32.12641,-64.72837,1141.0,lev20,Almucantar,ARM_Cordoba,276,276.516852,,,,,58.632405,59.242053,0.888117,0.13455,0.074226,4,10,7,5,4,10,7,5,4,10,7,5,3,11,7,5,0.04022,0.07807,0.23061,0.2589,1,1,10:06:2019,19:56:47,622,-32.12641,-64.72837,1141.0,lev20,Almucantar,ARM_Cordoba,276,276.516852,,,,,,58.632405,59.242053,0.888117,0.13455,0.074226,4,10,7,5,4,10,7,5,4,10,7,5,3,11,7,5,0.04022,0.07807,0.23061,0.2589,1,1,10:06:2019,19:56:47,622,-32.12641,-64.72837,1141.0,lev20,Almucantar,1.0564123887977261,0.0655257605505999,0.5893440763738783,MA,Maritime,,Unknown
03:10:2018,12:54:22,ARM_Cordoba,276,276.537755,0.077,0.0468,0.0368,0.0327,0.0543,0.0229,0.0122,0.0076,0.0227,0.0238,0.0246,0.025,1.088505,52.615257,53.205646,0.988045,0.129639,0.076399,3,10,8,4,3,10,8,4,3,10,8,4,4,10,8,4,0.03911,0.07576,0.2203,0.24843,1,1,10:06:2019,19:56:49,622,-32.12641,-64.72837,1141.0,lev20,Almucantar,ARM_Cordoba,276,276.537755,0.076399,0.045666,0.036711,0.029734,1.085501,52.615257,53.205646,0.988045,0.129639,0.076399,3,10,8,4,3,10,8,4,3,10,8,4,4,10,8,4,0.03911,0.07576,0.2203,0.24843,1,1,10:06:2019,19:56:49,622,-32.12641,-64.72837,1141.0,lev20,Almucantar,ARM_Cordoba,276,276.537755,,,,,,,,,52.615257,53.205646,0.988045,0.129639,0.076399,3,10,8,4,3,10,8,4,3,10,8,4,4,10,8,4,0.03911,0.07576,0.2203,0.24843,1,1,10:06:2019,19:56:49,622,-32.12641,-64.72837,1141.0,lev20,Almucantar,ARM_Cordoba,276,276.537755,,,,,52.615257,53.205646,0.988045,0.129639,0.076399,3,10,8,4,3,10,8,4,3,10,8,4,4,10,8,4,0.03911,0.07576,0.2203,0.24843,1,1,10:06:2019,19:56:49,622,-32.12641,-64.72837,1141.0,lev20,Almucantar,ARM_Cordoba,276,276.537755,,,,,,52.615257,53.205646,0.988045,0.129639,0.076399,3,10,8,4,3,10,8,4,3,10,8,4,4,10,8,4,0.03911,0.07576,0.2203,0.24843,1,1,10:06:2019,19:56:49,622,-32.12641,-64.72837,1141.0,lev20,Almucantar,1.0830094726921828,0.06704477431689962,0.6030013631344112,Unclassified,Maritime,,Unknown
03:10:2018,13:10:16,ARM_Cordoba,276,276.548796,0.0779,0.0473,0.0372,0.0331,0.0549,0.023,0.012,0.0075,0.0231,0.0243,0.0251,0.0256,1.089808,49.528464,50.10504,0.845885,0.076596,0.077367,3,10,8,4,3,10,8,4,3,10,8,4,3,10,8,4,0.03866,0.07481,0.21601,0.24411,1,1,14:02:2021,13:18:47,622,-32.12641,-64.72837,1141.0,lev20,Almucantar,ARM_Cordoba,276,276.548796,0.077367,0.046314,0.03691,0.031135,1.094542,49.528464,50.10504,0.845885,0.076596,0.077367,3,10,8,4,3,10,8,4,3,10,8,4,3,10,8,4,0.03866,0.07481,0.21601,0.24411,1,1,14:02:2021,13:18:47,622,-32.12641,-64.72837,1141.0,lev20,Almucantar,ARM_Cordoba,276,276.548796,,,,,,,,,49.528464,50.10504,0.845885,0.076596,0.077367,3,10,8,4,3,10,8,4,3,10,8,4,3,10,8,4,0.03866,0.07481,0.21601,0.24411,1,1,14:02:2021,13:18:47,622,-32.12641,-64.72837,1141.0,lev20,Almucantar,ARM_Cordoba,276,276.548796,,,,,49.528464,50.10504,0.845885,0.076596,0.077367,3,10,8,4,3,10,8,4,3,10,8,4,3,10,8,4,0.03866,0.07481,0.21601,0.24411,1,1,14:02:2021,13:18:47,622,-32.12641,-64.72837,1141.0,lev20,Almucantar,ARM_Cordoba,276,276.548796,,,,,,49.528464,50.10504,0.845885,0.076596,0.077367,3,10,8,4,3,10,8,4,3,10,8,4,3,10,8,4,0.03866,0.07481,0.21601,0.24411,1,1,14:02:2021,13:18:47,622,-32.12641,-64.72837,1141.0,lev20,Almucantar,1.0841970815614308,0.06781811787611979,0.6000000808983231,Unclassified,Maritime,,Unknown
06:10:2018,11:05:45,ARM_Cordoba,279,279.462326,0.151,0.0824,0.0605,0.0518,0.1183,0.0478,0.0247,0.0153,0.0326,0.0346,0.0359,0.0365,1.345748,74.133392,74.76553,1.221604,0.033251,0.150284,4,10,7,6,4,10,7,6,4,10,7,6,4,10,7,6,0.04539,0.08895,0.27672,0.30647,1,1,10:06:2019,19:57:44,622,-32.12641,-64.72837,1141.0,lev20,Almucantar,ARM_Cordoba,279,279.462326,0.150284,0.081633,0.059906,0.051288,1.35356,74.133392,74.76553,1.221604,0.033251,0.150284,4,10,7,6,4,10,7,6,4,10,7,6,4,10,7,6,0.04539,0.08895,0.27672,0.30647,1,1,10:06:2019,19:57:44,622,-32.12641,-64.72837,1141.0,lev20,Almucantar,ARM_Cordoba,279,279.462326,,,,,,,,,74.133392,74.76553,1.221604,0.033251,0.150284,4,10,7,6,4,10,7,6,4,10,7,6,4,10,7,6,0.04539,0.08895,0.27672,0.30647,1,1,10:06:2019,19:57:44,622,-32.12641,-64.72837,1141.0,lev20,Almucantar,ARM_Cordoba,279,279.462326,,,,,74.133392,74.76553,1.221604,0.033251,0.150284,4,10,7,6,4,10,7,6,4,10,7,6,4,10,7,6,0.04539,0.08895,0.27672,0.30647,1,1,10:06:2019,19:57:44,622,-32.12641,-64.72837,1141.0,lev20,Almucantar,ARM_Cordoba,279,279.462326,,,,,,74.133392,74.76553,1.221604,0.033251,0.150284,4,10,7,6,4,10,7,6,4,10,7,6,4,10,7,6,0.04539,0.08895,0.27672,0.30647,1,1,10:06:2019,19:57:44,622,-32.12641,-64.72837,1141.0,lev20,Almucantar,1.3416630064415735,0.12720125678868607,0.6910985569613649,BCH,Maritime,,Unknown
06:10:2018,11:29:28,ARM_Cordoba,279,279.478796,0.1461,0.0806,0.0595,0.0512,0.1133,0.0459,0.0235,0.0146,0.0329,0.0347,0.036,0.0366,1.321711,69.144889,69.774541,1.22186,0.065394,0.145832,4,10,7,6,4,10,7,6,4,10,7,6,4,10,7,6,0.04323,0.0844,0.2577,0.28667,1,1,14:02:2021,14:34:26,622,-32.12641,-64.72837,1141.0,lev20,Almucantar,ARM_Cordoba,279,279.478796,0.145832,0.079516,0.058726,0.050174,1.339318,69.144889,69.774541,1.22186,0.065394,0.145832,4,10,7,6,4,10,7,6,4,10,7,6,4,10,7,6,0.04323,0.0844,0.2577,0.28667,1,1,14:02:2021,14:34:26,622,-32.12641,-64.72837,1141.0,lev20,Almucantar,ARM_Cordoba,279,279.478796,,,,,,,,,69.144889,69.774541,1.22186,0.065394,0.145832,4,10,7,6,4,10,7,6,4,10,7,6,4,10,7,6,0.04323,0.0844,0.2577,0.28667,1,1,14:02:2021,14:34:26,622,-32.12641,-64.72837,1141.0,lev20,Almucantar,ARM_Cordoba,279,279.478796,,,,,69.144889,69.774541,1.22186,0.065394,0.145832,4,10,7,6,4,10,7,6,4,10,7,6,4,10,7,6,0.04323,0.0844,0.2577,0.28667,1,1,14:02:2021,14:34:26,622,-32.12641,-64.72837,1141.0,lev20,Almucantar,ARM_Cordoba,279,279.478796,,,,,,69.144889,69.774541,1.22186,0.065394,0.145832,4,10,7,6,4,10,7,6,4,10,7,6,4,10,7,6,0.04323,0.0844,0.2577,0.28667,1,1,14:02:2021,14:34:26,622,-32.12641,-64.72837,1141.0,lev20,Almucantar,1.3177213561291699,0.1234507825891761,0.6808212590839758,BCH,Maritime,,Unknown
06:10:2018,12:20:03,ARM_Cordoba,279,279.513924,0.148,0.0805,0.0595,0.0508,0.1158,0.0465,0.0243,0.0149,0.0322,0.034,0.0352,0.0358,1.342091,58.643049,59.257559,1.116082,0.093877,0.147099,4,10,7,5,4,10,7,5,4,10,7,5,3,11,7,5,0.04022,0.07808,0.23065,0.25894,1,1,14:02:2021,14:34:30,622,-32.12641,-64.72837,1141.0,lev20,Almucantar,ARM_Cordoba,279,279.513924,0.147099,0.079754,0.059286,0.048834,1.339596,58.643049,59.257559,1.116082,0.093877,0.147099,4,10,7,5,4,10,7,5,4,10,7,5,3,11,7,5,0.04022,0.07808,0.23065,0.25894,1,1,14:02:2021,14:34:30,622,-32.12641,-64.72837,1141.0,lev20,Almucantar,ARM_Cordoba,279,279.513924,,,,,,,,,58.643049,59.257559,1.116082,0.093877,0.147099,4,10,7,5,4,10,7,5,4,10,7,5,3,11,7,5,0.04022,0.07808,0.23065,0.25894,1,1,14:02:2021,14:34:30,622,-32.12641,-64.72837,1141.0,lev20,Almucantar,ARM_Cordoba,279,279.513924,,,,,58.643049,59.257559,1.116082,0.093877,0.147099,4,10,7,5,4,10,7,5,4,10,7,5,3,11,7,5,0.04022,0.07808,0.23065,0.25894,1,1,14:02:2021,14:34:30,622,-32.12641,-64.72837,1141.0,lev20,Almucantar,ARM_Cordoba,279,279.513924,,,,,,58.643049,59.257559,1.116082,0.093877,0.147099,4,10,7,5,4,10,7,5,4,10,7,5,3,11,7,5,0.04022,0.07808,0.23065,0.25894,1,1,14:02:2021,14:34:30,622,-32.12641,-64.72837,1141.0,lev20,Almucantar,1.336674861566915,0.124753603451536,0.6900927255000022,BCH,Maritime,,Unknown
06:10:2018,12:49:49,ARM_Cordoba,279,279.534595,0.1408,0.0763,0.0566,0.0482,0.1096,0.0435,0.0226,0.0136,0.0312,0.0328,0.0339,0.0345,1.343123,52.632197,53.229785,0.999869,0.099868,0.139099,3,10,8,4,3,10,8,4,3,10,8,4,4,10,8,4,0.03911,0.07576,0.22033,0.24847,1,1,10:06:2019,19:57:20,622,-32.12641,-64.72837,1141.0,lev20,Almucantar,ARM_Cordoba,279,279.534595,0.139099,0.075124,0.056152,0.046172,1.338443,52.632197,53.229785,0.999869,0.099868,0.139099,3,10,8,4,3,10,8,4,3,10,8,4,4,10,8,4,0.03911,0.07576,0.22033,0.24847,1,1,10:06:2019,19:57:20,622,-32.12641,-64.72837,1141.0,lev20,Almucantar,ARM_Cordoba,279,279.534595,,,,,,,,,52.632197,53.229785,0.999869,0.099868,0.139099,3,10,8,4,3,10,8,4,3,10,8,4,4,10,8,4,0.03911,0.07576,0.22033,0.24847,1,1,10:06:2019,19:57:20,622,-32.12641,-64.72837,1141.0,lev20,Almucantar,ARM_Cordoba,279,279.534595,,,,,52.632197,53.229785,0.999869,0.099868,0.139099,3,10,8,4,3,10,8,4,3,10,8,4,4,10,8,4,0.03911,0.07576,0.22033,0.24847,1,1,10:06:2019,19:57:20,622,-32.12641,-64.72837,1141.0,lev20,Almucantar,ARM_Cordoba,279,279.534595,,,,,,52.632197,53.229785,0.999869,0.099868,0.139099,3,10,8,4,3,10,8,4,3,10,8,4,4,10,8,4,0.03911,0.07576,0.22033,0.24847,1,1,10:06:2019,19:57:20,622,-32.12641,-64.72837,1141.0,lev20,Almucantar,1.3368149447602156,0.11868238392866863,0.6850785083785051,BCH,Maritime,,Unknown
06:10:2018,19:09:17,ARM_Cordoba,279,279.798113,0.1002,0.0547,0.0414,0.0361,0.0761,0.0292,0.0151,0.0093,0.0242,0.0255,0.0263,0.0268,1.305385,50.818258,50.23024,1.190873,0.081865,0.099345,3,10,8,4,3,10,8,4,3,10,8,4,3,10,8,4,0.03893,0.07524,0.21734,0.24427,1,1,10:06:2019,19:56:55,622,-32.12641,-64.72837,1141.0,lev20,Almucantar,ARM_Cordoba,279,279.798113,0.099345,0.053678,0.041334,0.034789,1.298768,50.818258,50.23024,1.190873,0.081865,0.099345,3,10,8,4,3,10,8,4,3,10,8,4,3,10,8,4,0.03893,0.07524,0.21734,0.24427,1,1,10:06:2019,19:56:55,622,-32.12641,-64.72837,1141.0,lev20,Almucantar,ARM_Cordoba,279,279.798113,,,,,,,,,50.818258,50.23024,1.190873,0.081865,0.099345,3,10,8,4,3,10,8,4,3,10,8,4,3,10,8,4,0.03893,0.07524,0.21734,0.24427,1,1,10:06:2019,19:56:55,622,-32.12641,-64.72837,1141.0,lev20,Almucantar,ARM_Cordoba,279,279.798113,,,,,50.818258,50.23024,1.190873,0.081865,0.099345,3,10,8,4,3,10,8,4,3,10,8,4,3,10,8,4,0.03893,0.07524,0.21734,0.24427,1,1,10:06:2019,19:56:55,622,-32.12641,-64.72837,1141.0,lev20,Almucantar,ARM_Cordoba,279,279.798113,,,,,,50.818258,50.23024,1.190873,0.081865,0.099345,3,10,8,4,3,10,8,4,3,10,8,4,3,10,8,4,0.03893,0.07524,0.21734,0.24427,1,1,10:06:2019,19:56:55,622,-32.12641,-64.72837,1141.0,lev20,Almucantar,1.2965576372208372,0.0848958197296993,0.6533503468877653,BCH,Maritime,,Unknown
06:10:2018,19:28:45,ARM_Cordoba,279,279.811632,0.0994,0.0541,0.0411,0.0356,0.0756,0.029,0.0153,0.0093,0.0238,0.0251,0.0258,0.0262,1.305147,54.688409,54.086356,0.950662,0.053374,0.098482,4,10,8,4,4,10,8,4,4,10,8,4,4,10,8,4,0.03956,0.07652,0.22304,0.24978,1,1,14:02:2021,14:34:59,622,-32.12641,-64.72837,1141.0,lev20,Almucantar,ARM_Cordoba,279,279.811632,0.098482,0.053278,0.040953,0.034656,1.299168,54.688409,54.086356,0.950662,0.053374,0.098482,4,10,8,4,4,10,8,4,4,10,8,4,4,10,8,4,0.03956,0.07652,0.22304,0.24978,1,1,14:02:2021,14:34:59,622,-32.12641,-64.72837,1141.0,lev20,Almucantar,ARM_Cordoba,279,279.811632,,,,,,,,,54.688409,54.086356,0.950662,0.053374,0.098482,4,10,8,4,4,10,8,4,4,10,8,4,4,10,8,4,0.03956,0.07652,0.22304,0.24978,1,1,14:02:2021,14:34:59,622,-32.12641,-64.72837,1141.0,lev20,Almucantar,ARM_Cordoba,279,279.811632,,,,,54.688409,54.086356,0.950662,0.053374,0.098482,4,10,8,4,4,10,8,4,4,10,8,4,4,10,8,4,0.03956,0.07652,0.22304,0.24978,1,1,14:02:2021,14:34:59,622,-32.12641,-64.72837,1141.0,lev20,Almucantar,ARM_Cordoba,279,279.811632,,,,,,54.688409,54.086356,0.950662,0.053374,0.098482,4,10,8,4,4,10,8,4,4,10,8,4,4,10,8,4,0.03956,0.07652,0.22304,0.24978,1,1,14:02:2021,14:34:59,622,-32.12641,-64.72837,1141.0,lev20,Almucantar,1.2954672814863233,0.08422974824213812,0.6564397747601248,BCH,Maritime,,Unknown
06:10:2018,19:58:34,ARM_Cordoba,279,279.832338,0.1023,0.057,0.0441,0.0391,0.0751,0.0284,0.0145,0.0089,0.0272,0.0286,0.0296,0.0301,1.244815,60.760424,60.143241,1.290516,0.086261,0.101531,3,10,8,5,3,10,8,5,3,10,8,5,3,10,8,5,0.04085,0.07916,0.23436,0.26074,1,1,10:06:2019,19:56:56,622,-32.12641,-64.72837,1141.0,lev20,Almucantar,ARM_Cordoba,279,279.832338,0.101531,0.056442,0.044111,0.037576,1.235167,60.760424,60.143241,1.290516,0.086261,0.101531,3,10,8,5,3,10,8,5,3,10,8,5,3,10,8,5,0.04085,0.07916,0.23436,0.26074,1,1,10:06:2019,19:56:56,622,-32.12641,-64.72837,1141.0,lev20,Almucantar,ARM_Cordoba,279,279.832338,,,,,,,,,60.760424,60.143241,1.290516,0.086261,0.101531,3,10,8,5,3,10,8,5,3,10,8,5,3,10,8,5,0.04085,0.07916,0.23436,0.26074,1,1,10:06:2019,19:56:56,622,-32.12641,-64.72837,1141.0,lev20,Almucantar,ARM_Cordoba,279,279.832338,,,,,60.760424,60.143241,1.290516,0.086261,0.101531,3,10,8,5,3,10,8,5,3,10,8,5,3,10,8,5,0.04085,0.07916,0.23436,0.26074,1,1,10:06:2019,19:56:56,622,-32.12641,-64.72837,1141.0,lev20,Almucantar,ARM_Cordoba,279,279.832338,,,,,,60.760424,60.143241,1.290516,0.086261,0.101531,3,10,8,5,3,10,8,5,3,10,8,5,3,10,8,5,0.04085,0.07916,0.23436,0.26074,1,1,10:06:2019,19:56:56,622,-32.12641,-64.72837,1141.0,lev20,Almucantar,1.23430698938762,0.08736756020199805,0.6208624964895003,BCH,Maritime,,Unknown
07:10:2018,11:04:29,ARM_Cordoba,280,280.461447,0.069,0.0372,0.0273,0.0231,0.0551,0.0224,0.0119,0.0075,0.0139,0.0148,0.0154,0.0156,1.365183,74.13748,74.769919,1.775895,0.036523,0.06877,4,10,7,6,4,10,7,6,4,10,7,6,4,10,7,5,0.04544,0.08904,0.27699,0.30649,1,1,10:06:2019,19:57:11,622,-32.12641,-64.72837,1141.0,lev20,Almucantar,ARM_Cordoba,280,280.461447,0.06877,0.03671,0.027306,0.02282,1.362937,74.13748,74.769919,1.775895,0.036523,0.06877,4,10,7,6,4,10,7,6,4,10,7,6,4,10,7,5,0.04544,0.08904,0.27699,0.30649,1,1,10:06:2019,19:57:11,622,-32.12641,-64.72837,1141.0,lev20,Almucantar,ARM_Cordoba,280,280.461447,,,,,,,,,74.13748,74.769919,1.775895,0.036523,0.06877,4,10,7,6,4,10,7,6,4,10,7,6,4,10,7,5,0.04544,0.08904,0.27699,0.30649,1,1,10:06:2019,19:57:11,622,-32.12641,-64.72837,1141.0,lev20,Almucantar,ARM_Cordoba,280,280.461447,,,,,74.13748,74.769919,1.775895,0.036523,0.06877,4,10,7,6,4,10,7,6,4,10,7,6,4,10,7,5,0.04544,0.08904,0.27699,0.30649,1,1,10:06:2019,19:57:11,622,-32.12641,-64.72837,1141.0,lev20,Almucantar,ARM_Cordoba,280,280.461447,,,,,,74.13748,74.769919,1.775895,0.036523,0.06877,4,10,7,6,4,10,7,6,4,10,7,6,4,10,7,5,0.04544,0.08904,0.27699,0.30649,1,1,10:06:2019,19:57:11,622,-32.12641,-64.72837,1141.0,lev20,Almucantar,1.3601212570390822,0.057988088493179116,0.7090042921006354,BCH,Maritime,,Unknown
07:10:2018,11:28:07,ARM_Cordoba,280,280.477859,0.0661,0.0362,0.0267,0.0227,0.0524,0.0215,0.0115,0.0071,0.0137,0.0147,0.0153,0.0155,1.334224,69.162715,69.792997,1.334618,0.036701,0.065377,4,10,7,6,4,10,7,6,4,10,7,6,4,10,7,6,0.04325,0.08444,0.25782,0.28673,1,1,10:06:2019,19:57:21,622,-32.12641,-64.72837,1141.0,lev20,Almucantar,ARM_Cordoba,280,280.477859,0.065377,0.035382,0.026643,0.022193,1.325519,69.162715,69.792997,1.334618,0.036701,0.065377,4,10,7,6,4,10,7,6,4,10,7,6,4,10,7,6,0.04325,0.08444,0.25782,0.28673,1,1,10:06:2019,19:57:21,622,-32.12641,-64.72837,1141.0,lev20,Almucantar,ARM_Cordoba,280,280.477859,,,,,,,,,69.162715,69.792997,1.334618,0.036701,0.065377,4,10,7,6,4,10,7,6,4,10,7,6,4,10,7,6,0.04325,0.08444,0.25782,0.28673,1,1,10:06:2019,19:57:21,622,-32.12641,-64.72837,1141.0,lev20,Almucantar,ARM_Cordoba,280,280.477859,,,,,69.162715,69.792997,1.334618,0.036701,0.065377,4,10,7,6,4,10,7,6,4,10,7,6,4,10,7,6,0.04325,0.08444,0.25782,0.28673,1,1,10:06:2019,19:57:21,622,-32.12641,-64.72837,1141.0,lev20,Almucantar,ARM_Cordoba,280,280.477859,,,,,,69.162715,69.792997,1.334618,0.036701,0.065377,4,10,7,6,4,10,7,6,4,10,7,6,4,10,7,6,0.04325,0.08444,0.25782,0.28673,1,1,10:06:2019,19:57:21,622,-32.12641,-64.72837,1141.0,lev20,Almucantar,1.3297353698749388,0.05576710566280906,0.7043129978137384,BCH,Maritime,,Unknown
07:10:2018,12:18:41,ARM_Cordoba,280,280.512975,0.0628,0.0334,0.024,0.0199,0.0506,0.0205,0.0106,0.0063,0.0122,0.0129,0.0134,0.0136,1.413924,58.646454,59.262454,1.628993,0.101532,0.061664,4,10,7,5,4,10,7,5,4,10,7,5,3,11,7,5,0.04022,0.07807,0.23064,0.25894,1,1,10:06:2019,19:57:08,622,-32.12641,-64.72837,1141.0,lev20,Almucantar,ARM_Cordoba,280,280.512975,0.061664,0.032557,0.024491,0.018229,1.365297,58.646454,59.262454,1.628993,0.101532,0.061664,4,10,7,5,4,10,7,5,4,10,7,5,3,11,7,5,0.04022,0.07807,0.23064,0.25894,1,1,10:06:2019,19:57:08,622,-32.12641,-64.72837,1141.0,lev20,Almucantar,ARM_Cordoba,280,280.512975,,,,,,,,,58.646454,59.262454,1.628993,0.101532,0.061664,4,10,7,5,4,10,7,5,4,10,7,5,3,11,7,5,0.04022,0.07807,0.23064,0.25894,1,1,10:06:2019,19:57:08,622,-32.12641,-64.72837,1141.0,lev20,Almucantar,ARM_Cordoba,280,280.512975,,,,,58.646454,59.262454,1.628993,0.101532,0.061664,4,10,7,5,4,10,7,5,4,10,7,5,3,11,7,5,0.04022,0.07807,0.23064,0.25894,1,1,10:06:2019,19:57:08,622,-32.12641,-64.72837,1141.0,lev20,Almucantar,ARM_Cordoba,280,280.512975,,,,,,58.646454,59.262454,1.628993,0.101532,0.061664,4,10,7,5,4,10,7,5,4,10,7,5,3,11,7,5,0.04022,0.07807,0.23064,0.25894,1,1,10:06:2019,19:57:08,622,-32.12641,-64.72837,1141.0,lev20,Almucantar,1.4109948089470608,0.05243544793194535,0.7232957740778138,BCH,Maritime,,Unknown
07:10:2018,12:48:24,ARM_Cordoba,280,280.533611,0.0602,0.0328,0.0234,0.0194,0.0481,0.02,0.0102,0.006,0.012,0.0128,0.0132,0.0134,1.385806,52.627271,53.227054,1.757339,0.116551,0.058139,3,10,8,4,3,10,8,4,3,10,8,4,4,10,8,4,0.03911,0.07576,0.22033,0.24847,1,1,14:02:2021,15:04:52,622,-32.12641,-64.72837,1141.0,lev20,Almucantar,ARM_Cordoba,280,280.533611,0.058139,0.032194,0.024707,0.019121,1.265058,52.627271,53.227054,1.757339,0.116551,0.058139,3,10,8,4,3,10,8,4,3,10,8,4,4,10,8,4,0.03911,0.07576,0.22033,0.24847,1,1,14:02:2021,15:04:52,622,-32.12641,-64.72837,1141.0,lev20,Almucantar,ARM_Cordoba,280,280.533611,,,,,,,,,52.627271,53.227054,1.757339,0.116551,0.058139,3,10,8,4,3,10,8,4,3,10,8,4,4,10,8,4,0.03911,0.07576,0.22033,0.24847,1,1,14:02:2021,15:04:52,622,-32.12641,-64.72837,1141.0,lev20,Almucantar,ARM_Cordoba,280,280.533611,,,,,52.627271,53.227054,1.757339,0.116551,0.058139,3,10,8,4,3,10,8,4,3,10,8,4,4,10,8,4,0.03911,0.07576,0.22033,0.24847,1,1,14:02:2021,15:04:52,622,-32.12641,-64.72837,1141.0,lev20,Almucantar,ARM_Cordoba,280,280.533611,,,,,,52.627271,53.227054,1.757339,0.116551,0.058139,3,10,8,4,3,10,8,4,3,10,8,4,4,10,8,4,0.03911,0.07576,0.22033,0.24847,1,1,14:02:2021,15:04:52,622,-32.12641,-64.72837,1141.0,lev20,Almucantar,1.3861092974713827,0.05042470973928361,0.7188355533148335,BCH,Maritime,,Unknown
07:10:2018,19:29:38,ARM_Cordoba,280,280.812245,0.0978,0.0572,0.0444,0.0395,0.0708,0.0287,0.015,0.0096,0.027,0.0284,0.0294,0.0299,1.16518,54.70034,54.096255,1.079798,0.027656,0.096097,4,10,8,4,4,10,8,4,4,10,8,4,4,10,8,4,0.03957,0.07653,0.22308,0.2498,1,1,10:06:2019,19:57:04,622,-32.12641,-64.72837,1141.0,lev20,Almucantar,ARM_Cordoba,280,280.812245,0.096097,0.056665,0.044144,0.039113,1.147769,54.70034,54.096255,1.079798,0.027656,0.096097,4,10,8,4,4,10,8,4,4,10,8,4,4,10,8,4,0.03957,0.07653,0.22308,0.2498,1,1,10:06:2019,19:57:04,622,-32.12641,-64.72837,1141.0,lev20,Almucantar,ARM_Cordoba,280,280.812245,,,,,,,,,54.70034,54.096255,1.079798,0.027656,0.096097,4,10,8,4,4,10,8,4,4,10,8,4,4,10,8,4,0.03957,0.07653,0.22308,0.2498,1,1,10:06:2019,19:57:04,622,-32.12641,-64.72837,1141.0,lev20,Almucantar,ARM_Cordoba,280,280.812245,,,,,54.70034,54.096255,1.079798,0.027656,0.096097,4,10,8,4,4,10,8,4,4,10,8,4,4,10,8,4,0.03957,0.07653,0.22308,0.2498,1,1,10:06:2019,19:57:04,622,-32.12641,-64.72837,1141.0,lev20,Almucantar,ARM_Cordoba,280,280.812245,,,,,,54.70034,54.096255,1.079798,0.027656,0.096097,4,10,8,4,4,10,8,4,4,10,8,4,4,10,8,4,0.03957,0.07653,0.22308,0.2498,1,1,10:06:2019,19:57:04,622,-32.12641,-64.72837,1141.0,lev20,Almucantar,1.15837420472474,0.08433911010487424,0.6159675730852461,Unclassified,Maritime,,Unknown
07:10:2018,19:59:18,ARM_Cordoba,280,280.832847,0.1001,0.0566,0.0436,0.0388,0.0743,0.0294,0.0154,0.0102,0.0257,0.0272,0.0282,0.0286,1.227687,60.757868,60.139368,2.225606,0.088582,0.097776,3,10,8,5,3,10,8,5,3,10,8,5,3,10,8,5,0.04086,0.07916,0.23436,0.26074,1,1,10:06:2019,19:57:22,622,-32.12641,-64.72837,1141.0,lev20,Almucantar,ARM_Cordoba,280,280.832847,0.097776,0.056634,0.044104,0.038169,1.176007,60.757868,60.139368,2.225606,0.088582,0.097776,3,10,8,5,3,10,8,5,3,10,8,5,3,10,8,5,0.04086,0.07916,0.23436,0.26074,1,1,10:06:2019,19:57:22,622,-32.12641,-64.72837,1141.0,lev20,Almucantar,ARM_Cordoba,280,280.832847,,,,,,,,,60.757868,60.139368,2.225606,0.088582,0.097776,3,10,8,5,3,10,8,5,3,10,8,5,3,10,8,5,0.04086,0.07916,0.23436,0.26074,1,1,10:06:2019,19:57:22,622,-32.12641,-64.72837,1141.0,lev20,Almucantar,ARM_Cordoba,280,280.832847,,,,,60.757868,60.139368,2.225606,0.088582,0.097776,3,10,8,5,3,10,8,5,3,10,8,5,3,10,8,5,0.04086,0.07916,0.23436,0.26074,1,1,10:06:2019,19:57:22,622,-32.12641,-64.72837,1141.0,lev20,Almucantar,ARM_Cordoba,280,280.832847,,,,,,60.757868,60.139368,2.225606,0.088582,0.097776,3,10,8,5,3,10,8,5,3,10,8,5,3,10,8,5,0.04086,0.07916,0.23436,0.26074,1,1,10:06:2019,19:57:22,622,-32.12641,-64.72837,1141.0,lev20,Almucantar,1.2191433187962428,0.08565456190519889,0.6317318525475888,BCH,Maritime,,Unknown
08:10:2018,12:17:21,ARM_Cordoba,281,281.512049,0.0788,0.0428,0.0322,0.0283,0.0597,0.0227,0.0115,0.0074,0.0191,0.0201,0.0207,0.0209,1.321106,58.647043,59.264461,4.370718,0.165684,0.075631,4,10,7,5,4,10,7,5,4,10,7,5,3,11,7,5,0.03806,0.07415,0.23687,0.26546,1,1,14:02:2021,15:10:25,622,-32.12641,-64.72837,1141.0,lev20,Almucantar,ARM_Cordoba,281,281.512049,0.075631,0.042184,0.032414,0.026005,1.252201,58.647043,59.264461,4.370718,0.165684,0.075631,4,10,7,5,4,10,7,5,4,10,7,5,3,11,7,5,0.03806,0.07415,0.23687,0.26546,1,1,14:02:2021,15:10:25,622,-32.12641,-64.72837,1141.0,lev20,Almucantar,ARM_Cordoba,281,281.512049,,,,,,,,,58.647043,59.264461,4.370718,0.165684,0.075631,4,10,7,5,4,10,7,5,4,10,7,5,3,11,7,5,0.03806,0.07415,0.23687,0.26546,1,1,14:02:2021,15:10:25,622,-32.12641,-64.72837,1141.0,lev20,Almucantar,ARM_Cordoba,281,281.512049,,,,,58.647043,59.264461,4.370718,0.165684,0.075631,4,10,7,5,4,10,7,5,4,10,7,5,3,11,7,5,0.03806,0.07415,0.23687,0.26546,1,1,14:02:2021,15:10:25,622,-32.12641,-64.72837,1141.0,lev20,Almucantar,ARM_Cordoba,281,281.512049,,,,,,58.647043,59.264461,4.370718,0.165684,0.075631,4,10,7,5,4,10,7,5,4,10,7,5,3,11,7,5,0.03806,0.07415,0.23687,0.26546,1,1,14:02:2021,15:10:25,622,-32.12641,-64.72837,1141.0,lev20,Almucantar,1.3127802228505234,0.06662606550479129,0.646248160160142,BCH,Maritime,,Unknown
08:10:2018,12:46:58,ARM_Cordoba,281,281.532616,0.0773,0.044,0.0342,0.0306,0.0563,0.0218,0.0113,0.0074,0.021,0.0221,0.0229,0.0232,1.205574,52.630384,53.232308,3.812747,0.200944,0.073299,3,10,7,4,3,9,8,3,3,10,8,4,4,10,7,4,0.03701,0.07197,0.22646,0.25453,1,1,10:06:2019,19:57:02,622,-32.12641,-64.72837,1141.0,lev20,Almucantar,ARM_Cordoba,281,281.532616,0.073299,0.045161,0.036133,0.030503,1.044627,52.630384,53.232308,3.812747,0.200944,0.073299,3,10,7,4,3,9,8,3,3,10,8,4,4,10,7,4,0.03701,0.07197,0.22646,0.25453,1,1,10:06:2019,19:57:02,622,-32.12641,-64.72837,1141.0,lev20,Almucantar,ARM_Cordoba,281,281.532616,,,,,,,,,52.630384,53.232308,3.812747,0.200944,0.073299,3,10,7,4,3,9,8,3,3,10,8,4,4,10,7,4,0.03701,0.07197,0.22646,0.25453,1,1,10:06:2019,19:57:02,622,-32.12641,-64.72837,1141.0,lev20,Almucantar,ARM_Cordoba,281,281.532616,,,,,52.630384,53.232308,3.812747,0.200944,0.073299,3,10,7,4,3,9,8,3,3,10,8,4,4,10,7,4,0.03701,0.07197,0.22646,0.25453,1,1,10:06:2019,19:57:02,622,-32.12641,-64.72837,1141.0,lev20,Almucantar,ARM_Cordoba,281,281.532616,,,,,,52.630384,53.232308,3.812747,0.200944,0.073299,3,10,7,4,3,9,8,3,3,10,8,4,4,10,7,4,0.03701,0.07197,0.22646,0.25453,1,1,10:06:2019,19:57:02,622,-32.12641,-64.72837,1141.0,lev20,Almucantar,1.1961951007390188,0.06633915545494341,0.6117171446141314,Unclassified,Maritime,,Unknown
09:10:2018,12:45:35,ARM_Cordoba,282,282.531655,0.0843,0.052,0.0429,0.0396,0.0544,0.0206,0.0105,0.0067,0.0299,0.0314,0.0324,0.0329,1.002656,52.628267,53.232233,4.759398,0.258806,0.081495,3,9,6,4,3,9,7,4,3,10,6,4,4,10,8,4,0.03701,0.07196,0.22644,0.25453,1,1,14:02:2021,15:10:40,622,-32.12641,-64.72837,1141.0,lev20,Almucantar,ARM_Cordoba,282,282.531655,0.081495,0.053559,0.046267,0.041557,0.843905,52.628267,53.232233,4.759398,0.258806,0.081495,3,9,6,4,3,9,7,4,3,10,6,4,4,10,8,4,0.03701,0.07196,0.22644,0.25453,1,1,14:02:2021,15:10:40,622,-32.12641,-64.72837,1141.0,lev20,Almucantar,ARM_Cordoba,282,282.531655,,,,,,,,,52.628267,53.232233,4.759398,0.258806,0.081495,3,9,6,4,3,9,7,4,3,10,6,4,4,10,8,4,0.03701,0.07196,0.22644,0.25453,1,1,14:02:2021,15:10:40,622,-32.12641,-64.72837,1141.0,lev20,Almucantar,ARM_Cordoba,282,282.531655,,,,,52.628267,53.232233,4.759398,0.258806,0.081495,3,9,6,4,3,9,7,4,3,10,6,4,4,10,8,4,0.03701,0.07196,0.22644,0.25453,1,1,14:02:2021,15:10:40,622,-32.12641,-64.72837,1141.0,lev20,Almucantar,ARM_Cordoba,282,282.531655,,,,,,52.628267,53.232233,4.759398,0.258806,0.081495,3,9,6,4,3,9,7,4,3,10,6,4,4,10,8,4,0.03701,0.07196,0.22644,0.25453,1,1,14:02:2021,15:10:40,622,-32.12641,-64.72837,1141.0,lev20,Almucantar,0.9908929480401497,0.07427041420295925,0.5161253738290328,MA,Maritime,,Unknown
12:10:2018,12:12:09,ARM_Cordoba,285,285.508438,0.0784,0.0454,0.0339,0.0294,0.0596,0.0254,0.0132,0.0084,0.0188,0.02,0.0207,0.0211,1.231416,58.663659,59.286146,3.130054,0.2263,0.075216,4,10,7,5,4,10,7,5,4,10,7,5,3,11,7,5,0.03806,0.07415,0.23691,0.26551,1,1,10:06:2019,19:56:44,622,-32.12641,-64.72837,1141.0,lev20,Almucantar,ARM_Cordoba,285,285.508438,0.075216,0.042163,0.033114,0.02704,1.215773,58.663659,59.286146,3.130054,0.2263,0.075216,4,10,7,5,4,10,7,5,4,10,7,5,3,11,7,5,0.03806,0.07415,0.23691,0.26551,1,1,10:06:2019,19:56:44,622,-32.12641,-64.72837,1141.0,lev20,Almucantar,ARM_Cordoba,285,285.508438,,,,,,,,,58.663659,59.286146,3.130054,0.2263,0.075216,4,10,7,5,4,10,7,5,4,10,7,5,3,11,7,5,0.03806,0.07415,0.23691,0.26551,1,1,10:06:2019,19:56:44,622,-32.12641,-64.72837,1141.0,lev20,Almucantar,ARM_Cordoba,285,285.508438,,,,,58.663659,59.286146,3.130054,0.2263,0.075216,4,10,7,5,4,10,7,5,4,10,7,5,3,11,7,5,0.03806,0.07415,0.23691,0.26551,1,1,10:06:2019,19:56:44,622,-32.12641,-64.72837,1141.0,lev20,Almucantar,ARM_Cordoba,285,285.508438,,,,,,58.663659,59.286146,3.130054,0.2263,0.075216,4,10,7,5,4,10,7,5,4,10,7,5,3,11,7,5,0.03806,0.07415,0.23691,0.26551,1,1,10:06:2019,19:56:44,622,-32.12641,-64.72837,1141.0,lev20,Almucantar,1.2298462367413145,0.06699436668146488,0.6666002849017743,BCH,Maritime,,Unknown
12:10:2018,12:41:28,ARM_Cordoba,285,285.528796,0.0806,0.0472,0.0353,0.0306,0.0609,0.0263,0.0136,0.0086,0.0197,0.0209,0.0216,0.022,1.211924,52.644578,53.254265,2.923427,0.227165,0.076166,3,10,8,4,3,10,8,4,3,10,8,4,4,10,8,4,0.03701,0.07197,0.22648,0.25456,1,1,14:02:2021,15:18:08,622,-32.12641,-64.72837,1141.0,lev20,Almucantar,ARM_Cordoba,285,285.528796,0.076166,0.04458,0.035848,0.029478,1.117764,52.644578,53.254265,2.923427,0.227165,0.076166,3,10,8,4,3,10,8,4,3,10,8,4,4,10,8,4,0.03701,0.07197,0.22648,0.25456,1,1,14:02:2021,15:18:08,622,-32.12641,-64.72837,1141.0,lev20,Almucantar,ARM_Cordoba,285,285.528796,,,,,,,,,52.644578,53.254265,2.923427,0.227165,0.076166,3,10,8,4,3,10,8,4,3,10,8,4,4,10,8,4,0.03701,0.07197,0.22648,0.25456,1,1,14:02:2021,15:18:08,622,-32.12641,-64.72837,1141.0,lev20,Almucantar,ARM_Cordoba,285,285.528796,,,,,52.644578,53.254265,2.923427,0.227165,0.076166,3,10,8,4,3,10,8,4,3,10,8,4,4,10,8,4,0.03701,0.07197,0.22648,0.25456,1,1,14:02:2021,15:18:08,622,-32.12641,-64.72837,1141.0,lev20,Almucantar,ARM_Cordoba,285,285.528796,,,,,,52.644578,53.254265,2.923427,0.227165,0.076166,3,10,8,4,3,10,8,4,3,10,8,4,4,10,8,4,0.03701,0.07197,0.22648,0.25456,1,1,14:02:2021,15:18:08,622,-32.12641,-64.72837,1141.0,lev20,Almucantar,1.2110800925292002,0.06903973428908698,0.6636348789965817,BCH,Maritime,,Unknown
13:10:2018,10:57:08,ARM_Cordoba,286,286.456343,0.0663,0.0363,0.0263,0.0219,0.0535,0.0227,0.0121,0.0074,0.0127,0.0136,0.0142,0.0145,1.358012,74.170389,74.803726,1.703854,0.028179,0.065945,4,10,7,6,4,10,7,6,4,10,7,6,4,10,7,6,0.04308,0.08458,0.28373,0.31521,1,1,14:02:2021,15:44:52,622,-32.12641,-64.72837,1141.0,lev20,Almucantar,ARM_Cordoba,286,286.456343,0.065945,0.035287,0.026219,0.021813,1.360599,74.170389,74.803726,1.703854,0.028179,0.065945,4,10,7,6,4,10,7,6,4,10,7,6,4,10,7,6,0.04308,0.08458,0.28373,0.31521,1,1,14:02:2021,15:44:52,622,-32.12641,-64.72837,1141.0,lev20,Almucantar,ARM_Cordoba,286,286.456343,,,,,,,,,74.170389,74.803726,1.703854,0.028179,0.065945,4,10,7,6,4,10,7,6,4,10,7,6,4,10,7,6,0.04308,0.08458,0.28373,0.31521,1,1,14:02:2021,15:44:52,622,-32.12641,-64.72837,1141.0,lev20,Almucantar,ARM_Cordoba,286,286.456343,,,,,74.170389,74.803726,1.703854,0.028179,0.065945,4,10,7,6,4,10,7,6,4,10,7,6,4,10,7,6,0.04308,0.08458,0.28373,0.31521,1,1,14:02:2021,15:44:52,622,-32.12641,-64.72837,1141.0,lev20,Almucantar,ARM_Cordoba,286,286.456343,,,,,,74.170389,74.803726,1.703854,0.028179,0.065945,4,10,7,6,4,10,7,6,4,10,7,6,4,10,7,6,0.04308,0.08458,0.28373,0.31521,1,1,14:02:2021,15:44:52,622,-32.12641,-64.72837,1141.0,lev20,Almucantar,1.3563090611599389,0.055746149299533185,0.7290087997620495,BCH,Maritime,,Unknown
13:10:2018,11:20:46,ARM_Cordoba,286,286.472755,0.0653,0.0353,0.0253,0.0209,0.0534,0.0225,0.012,0.0074,0.012,0.0128,0.0133,0.0135,1.391985,69.180592,69.813588,1.493204,0.038673,0.064851,4,10,7,6,4,10,7,6,4,10,7,6,4,10,7,6,0.04097,0.08019,0.26436,0.29452,1,1,14:02:2021,15:45:30,622,-32.12641,-64.72837,1141.0,lev20,Almucantar,ARM_Cordoba,286,286.472755,0.064851,0.034271,0.025369,0.020759,1.384907,69.180592,69.813588,1.493204,0.038673,0.064851,4,10,7,6,4,10,7,6,4,10,7,6,4,10,7,6,0.04097,0.08019,0.26436,0.29452,1,1,14:02:2021,15:45:30,622,-32.12641,-64.72837,1141.0,lev20,Almucantar,ARM_Cordoba,286,286.472755,,,,,,,,,69.180592,69.813588,1.493204,0.038673,0.064851,4,10,7,6,4,10,7,6,4,10,7,6,4,10,7,6,0.04097,0.08019,0.26436,0.29452,1,1,14:02:2021,15:45:30,622,-32.12641,-64.72837,1141.0,lev20,Almucantar,ARM_Cordoba,286,286.472755,,,,,69.180592,69.813588,1.493204,0.038673,0.064851,4,10,7,6,4,10,7,6,4,10,7,6,4,10,7,6,0.04097,0.08019,0.26436,0.29452,1,1,14:02:2021,15:45:30,622,-32.12641,-64.72837,1141.0,lev20,Almucantar,ARM_Cordoba,286,286.472755,,,,,,69.180592,69.813588,1.493204,0.038673,0.064851,4,10,7,6,4,10,7,6,4,10,7,6,4,10,7,6,0.04097,0.08019,0.26436,0.29452,1,1,14:02:2021,15:45:30,622,-32.12641,-64.72837,1141.0,lev20,Almucantar,1.390878583724562,0.05466323362076626,0.7395845180859533,BCH,Maritime,,Unknown
13:10:2018,12:10:55,ARM_Cordoba,286,286.507581,0.0638,0.0344,0.0243,0.0199,0.053,0.0229,0.0124,0.0077,0.0109,0.0115,0.0119,0.0123,1.414997,58.664825,59.288421,1.591119,0.108154,0.062276,4,10,7,5,4,10,7,5,4,10,7,5,3,11,7,5,0.03806,0.07416,0.23691,0.26551,1,1,10:06:2019,19:57:30,622,-32.12641,-64.72837,1141.0,lev20,Almucantar,ARM_Cordoba,286,286.507581,0.062276,0.033186,0.025469,0.019379,1.324694,58.664825,59.288421,1.591119,0.108154,0.062276,4,10,7,5,4,10,7,5,4,10,7,5,3,11,7,5,0.03806,0.07416,0.23691,0.26551,1,1,10:06:2019,19:57:30,622,-32.12641,-64.72837,1141.0,lev20,Almucantar,ARM_Cordoba,286,286.507581,,,,,,,,,58.664825,59.288421,1.591119,0.108154,0.062276,4,10,7,5,4,10,7,5,4,10,7,5,3,11,7,5,0.03806,0.07416,0.23691,0.26551,1,1,10:06:2019,19:57:30,622,-32.12641,-64.72837,1141.0,lev20,Almucantar,ARM_Cordoba,286,286.507581,,,,,58.664825,59.288421,1.591119,0.108154,0.062276,4,10,7,5,4,10,7,5,4,10,7,5,3,11,7,5,0.03806,0.07416,0.23691,0.26551,1,1,10:06:2019,19:57:30,622,-32.12641,-64.72837,1141.0,lev20,Almucantar,ARM_Cordoba,286,286.507581,,,,,,58.664825,59.288421,1.591119,0.108154,0.062276,4,10,7,5,4,10,7,5,4,10,7,5,3,11,7,5,0.03806,0.07416,0.23691,0.26551,1,1,10:06:2019,19:57:30,622,-32.12641,-64.72837,1141.0,lev20,Almucantar,1.4159464084028681,0.053236698879501165,0.7616252235854096,BCH,Maritime,,Unknown
13:10:2018,12:40:10,ARM_Cordoba,286,286.527894,0.0651,0.0349,0.0244,0.02,0.0536,0.0227,0.0117,0.007,0.0115,0.0123,0.0127,0.0129,1.437437,52.645393,53.256819,1.663322,0.138179,0.062909,3,10,8,4,3,10,8,4,3,10,8,4,4,10,8,4,0.03701,0.07197,0.22647,0.25457,1,1,10:06:2019,19:57:01,622,-32.12641,-64.72837,1141.0,lev20,Almucantar,ARM_Cordoba,286,286.527894,0.062909,0.03372,0.025501,0.018733,1.334858,52.645393,53.256819,1.663322,0.138179,0.062909,3,10,8,4,3,10,8,4,3,10,8,4,4,10,8,4,0.03701,0.07197,0.22647,0.25457,1,1,10:06:2019,19:57:01,622,-32.12641,-64.72837,1141.0,lev20,Almucantar,ARM_Cordoba,286,286.527894,,,,,,,,,52.645393,53.256819,1.663322,0.138179,0.062909,3,10,8,4,3,10,8,4,3,10,8,4,4,10,8,4,0.03701,0.07197,0.22647,0.25457,1,1,10:06:2019,19:57:01,622,-32.12641,-64.72837,1141.0,lev20,Almucantar,ARM_Cordoba,286,286.527894,,,,,52.645393,53.256819,1.663322,0.138179,0.062909,3,10,8,4,3,10,8,4,3,10,8,4,4,10,8,4,0.03701,0.07197,0.22647,0.25457,1,1,10:06:2019,19:57:01,622,-32.12641,-64.72837,1141.0,lev20,Almucantar,ARM_Cordoba,286,286.527894,,,,,,52.645393,53.256819,1.663322,0.138179,0.062909,3,10,8,4,3,10,8,4,3,10,8,4,4,10,8,4,0.03701,0.07197,0.22647,0.25457,1,1,10:06:2019,19:57:01,622,-32.12641,-64.72837,1141.0,lev20,Almucantar,1.4395112335774995,0.054158069029811365,0.7521644197047312,BCH,Maritime,,Unknown
13:10:2018,19:34:32,ARM_Cordoba,286,286.815648,0.0957,0.0486,0.0343,0.0285,0.0789,0.0309,0.016,0.0098,0.0168,0.0178,0.0184,0.0187,1.509247,54.724157,54.109606,1.22771,0.071571,0.09414,4,10,8,4,4,10,8,4,4,10,8,4,4,10,8,4,0.03745,0.07271,0.22929,0.25593,1,1,10:06:2019,19:57:23,622,-32.12641,-64.72837,1141.0,lev20,Almucantar,ARM_Cordoba,286,286.815648,0.09414,0.048273,0.0349,0.027293,1.462665,54.724157,54.109606,1.22771,0.071571,0.09414,4,10,8,4,4,10,8,4,4,10,8,4,4,10,8,4,0.03745,0.07271,0.22929,0.25593,1,1,10:06:2019,19:57:23,622,-32.12641,-64.72837,1141.0,lev20,Almucantar,ARM_Cordoba,286,286.815648,,,,,,,,,54.724157,54.109606,1.22771,0.071571,0.09414,4,10,8,4,4,10,8,4,4,10,8,4,4,10,8,4,0.03745,0.07271,0.22929,0.25593,1,1,10:06:2019,19:57:23,622,-32.12641,-64.72837,1141.0,lev20,Almucantar,ARM_Cordoba,286,286.815648,,,,,54.724157,54.109606,1.22771,0.071571,0.09414,4,10,8,4,4,10,8,4,4,10,8,4,4,10,8,4,0.03745,0.07271,0.22929,0.25593,1,1,10:06:2019,19:57:23,622,-32.12641,-64.72837,1141.0,lev20,Almucantar,ARM_Cordoba,286,286.815648,,,,,,54.724157,54.109606,1.22771,0.071571,0.09414,4,10,8,4,4,10,8,4,4,10,8,4,4,10,8,4,0.03745,0.07271,0.22929,0.25593,1,1,10:06:2019,19:57:23,622,-32.12641,-64.72837,1141.0,lev20,Almucantar,1.5051270682265312,0.07894984921157087,0.7423915491560646,BCH,Maritime,,Unknown
13:10:2018,20:03:47,ARM_Cordoba,286,286.835961,0.0907,0.049,0.0354,0.0296,0.073,0.0302,0.016,0.01,0.0177,0.0188,0.0194,0.0196,1.382524,60.777761,60.15255,1.690574,0.049739,0.088984,3,10,8,5,3,10,8,5,3,10,8,5,3,10,8,5,0.03867,0.07519,0.24068,0.26736,1,1,10:06:2019,19:57:29,622,-32.12641,-64.72837,1141.0,lev20,Almucantar,ARM_Cordoba,286,286.835961,0.088984,0.047833,0.035411,0.029068,1.358334,60.777761,60.15255,1.690574,0.049739,0.088984,3,10,8,5,3,10,8,5,3,10,8,5,3,10,8,5,0.03867,0.07519,0.24068,0.26736,1,1,10:06:2019,19:57:29,622,-32.12641,-64.72837,1141.0,lev20,Almucantar,ARM_Cordoba,286,286.835961,,,,,,,,,60.777761,60.15255,1.690574,0.049739,0.088984,3,10,8,5,3,10,8,5,3,10,8,5,3,10,8,5,0.03867,0.07519,0.24068,0.26736,1,1,10:06:2019,19:57:29,622,-32.12641,-64.72837,1141.0,lev20,Almucantar,ARM_Cordoba,286,286.835961,,,,,60.777761,60.15255,1.690574,0.049739,0.088984,3,10,8,5,3,10,8,5,3,10,8,5,3,10,8,5,0.03867,0.07519,0.24068,0.26736,1,1,10:06:2019,19:57:29,622,-32.12641,-64.72837,1141.0,lev20,Almucantar,ARM_Cordoba,286,286.835961,,,,,,60.777761,60.15255,1.690574,0.049739,0.088984,3,10,8,5,3,10,8,5,3,10,8,5,3,10,8,5,0.03867,0.07519,0.24068,0.26736,1,1,10:06:2019,19:57:29,622,-32.12641,-64.72837,1141.0,lev20,Almucantar,1.3801085903446868,0.07603041236709955,0.7204877623721693,BCH,Maritime,,Unknown
13:10:2018,21:17:36,ARM_Cordoba,286,286.887222,0.1169,0.0624,0.0457,0.0392,0.0949,0.0393,0.0216,0.0147,0.022,0.0231,0.0241,0.0246,1.383331,76.302251,75.670268,2.753973,0.020033,0.115959,2,7,7,5,3,8,7,6,4,9,7,6,4,10,7,6,0.0446,0.08716,0.2926,0.31946,1,1,14:02:2021,15:45:25,622,-32.12641,-64.72837,1141.0,lev20,Almucantar,ARM_Cordoba,286,286.887222,0.115959,0.061638,0.044874,0.03876,1.397639,76.302251,75.670268,2.753973,0.020033,0.115959,2,7,7,5,3,8,7,6,4,9,7,6,4,10,7,6,0.0446,0.08716,0.2926,0.31946,1,1,14:02:2021,15:45:25,622,-32.12641,-64.72837,1141.0,lev20,Almucantar,ARM_Cordoba,286,286.887222,,,,,,,,,76.302251,75.670268,2.753973,0.020033,0.115959,2,7,7,5,3,8,7,6,4,9,7,6,4,10,7,6,0.0446,0.08716,0.2926,0.31946,1,1,14:02:2021,15:45:25,622,-32.12641,-64.72837,1141.0,lev20,Almucantar,ARM_Cordoba,286,286.887222,,,,,76.302251,75.670268,2.753973,0.020033,0.115959,2,7,7,5,3,8,7,6,4,9,7,6,4,10,7,6,0.0446,0.08716,0.2926,0.31946,1,1,14:02:2021,15:45:25,622,-32.12641,-64.72837,1141.0,lev20,Almucantar,ARM_Cordoba,286,286.887222,,,,,,76.302251,75.670268,2.753973,0.020033,0.115959,2,7,7,5,3,8,7,6,4,9,7,6,4,10,7,6,0.0446,0.08716,0.2926,0.31946,1,1,14:02:2021,15:45:25,622,-32.12641,-64.72837,1141.0,lev20,Almucantar,1.377724957745775,0.09802275465895628,0.7257967003367479,BCH,Maritime,,Unknown
15:10:2018,10:54:50,ARM_Cordoba,288,288.454745,0.0441,0.0233,0.0162,0.013,0.038,0.0168,0.0094,0.006,0.0061,0.0065,0.0068,0.007,1.467328,74.175171,74.808479,2.150202,0.03131,0.043253,4,10,7,6,4,10,7,6,4,10,7,6,4,10,7,6,0.04309,0.08461,0.28385,0.31523,1,1,10:06:2019,19:57:46,622,-32.12641,-64.72837,1141.0,lev20,Almucantar,ARM_Cordoba,288,288.454745,0.043253,0.022964,0.016421,0.012965,1.423009,74.175171,74.808479,2.150202,0.03131,0.043253,4,10,7,6,4,10,7,6,4,10,7,6,4,10,7,6,0.04309,0.08461,0.28385,0.31523,1,1,10:06:2019,19:57:46,622,-32.12641,-64.72837,1141.0,lev20,Almucantar,ARM_Cordoba,288,288.454745,,,,,,,,,74.175171,74.808479,2.150202,0.03131,0.043253,4,10,7,6,4,10,7,6,4,10,7,6,4,10,7,6,0.04309,0.08461,0.28385,0.31523,1,1,10:06:2019,19:57:46,622,-32.12641,-64.72837,1141.0,lev20,Almucantar,ARM_Cordoba,288,288.454745,,,,,74.175171,74.808479,2.150202,0.03131,0.043253,4,10,7,6,4,10,7,6,4,10,7,6,4,10,7,6,0.04309,0.08461,0.28385,0.31523,1,1,10:06:2019,19:57:46,622,-32.12641,-64.72837,1141.0,lev20,Almucantar,ARM_Cordoba,288,288.454745,,,,,,74.175171,74.808479,2.150202,0.03131,0.043253,4,10,7,6,4,10,7,6,4,10,7,6,4,10,7,6,0.04309,0.08461,0.28385,0.31523,1,1,10:06:2019,19:57:46,622,-32.12641,-64.72837,1141.0,lev20,Almucantar,1.469005993877085,0.036549656698115704,0.8041633947216188,BCH,Maritime,,Unknown
15:10:2018,11:18:25,ARM_Cordoba,288,288.471123,0.0434,0.0226,0.0152,0.0122,0.0373,0.0162,0.0085,0.0053,0.006,0.0064,0.0067,0.0069,1.533357,69.193665,69.827204,2.098206,0.090272,0.041272,4,10,7,6,4,10,7,6,4,10,7,6,4,10,7,6,0.04097,0.0802,0.26438,0.29457,1,1,10:06:2019,19:57:46,622,-32.12641,-64.72837,1141.0,lev20,Almucantar,ARM_Cordoba,288,288.471123,0.041272,0.02242,0.016149,0.012729,1.377896,69.193665,69.827204,2.098206,0.090272,0.041272,4,10,7,6,4,10,7,6,4,10,7,6,4,10,7,6,0.04097,0.0802,0.26438,0.29457,1,1,10:06:2019,19:57:46,622,-32.12641,-64.72837,1141.0,lev20,Almucantar,ARM_Cordoba,288,288.471123,,,,,,,,,69.193665,69.827204,2.098206,0.090272,0.041272,4,10,7,6,4,10,7,6,4,10,7,6,4,10,7,6,0.04097,0.0802,0.26438,0.29457,1,1,10:06:2019,19:57:46,622,-32.12641,-64.72837,1141.0,lev20,Almucantar,ARM_Cordoba,288,288.471123,,,,,69.193665,69.827204,2.098206,0.090272,0.041272,4,10,7,6,4,10,7,6,4,10,7,6,4,10,7,6,0.04097,0.0802,0.26438,0.29457,1,1,10:06:2019,19:57:46,622,-32.12641,-64.72837,1141.0,lev20,Almucantar,ARM_Cordoba,288,288.471123,,,,,,69.193665,69.827204,2.098206,0.090272,0.041272,4,10,7,6,4,10,7,6,4,10,7,6,4,10,7,6,0.04097,0.0802,0.26438,0.29457,1,1,10:06:2019,19:57:46,622,-32.12641,-64.72837,1141.0,lev20,Almucantar,1.5389989222016296,0.0356491042433628,0.8023579062827141,BCH,Maritime,,Unknown
15:10:2018,12:08:30,ARM_Cordoba,288,288.505903,0.0389,0.0203,0.0136,0.0105,0.0339,0.0151,0.0081,0.0049,0.005,0.0052,0.0055,0.0056,1.535141,58.670232,59.295871,1.862322,0.152312,0.036075,4,10,7,5,4,10,7,5,4,10,7,5,3,11,7,5,0.03806,0.07415,0.23689,0.26553,1,1,14:02:2021,16:17:33,622,-32.12641,-64.72837,1141.0,lev20,Almucantar,ARM_Cordoba,288,288.505903,0.036075,0.020662,0.015356,0.011048,1.254637,58.670232,59.295871,1.862322,0.152312,0.036075,4,10,7,5,4,10,7,5,4,10,7,5,3,11,7,5,0.03806,0.07415,0.23689,0.26553,1,1,14:02:2021,16:17:33,622,-32.12641,-64.72837,1141.0,lev20,Almucantar,ARM_Cordoba,288,288.505903,,,,,,,,,58.670232,59.295871,1.862322,0.152312,0.036075,4,10,7,5,4,10,7,5,4,10,7,5,3,11,7,5,0.03806,0.07415,0.23689,0.26553,1,1,14:02:2021,16:17:33,622,-32.12641,-64.72837,1141.0,lev20,Almucantar,ARM_Cordoba,288,288.505903,,,,,58.670232,59.295871,1.862322,0.152312,0.036075,4,10,7,5,4,10,7,5,4,10,7,5,3,11,7,5,0.03806,0.07415,0.23689,0.26553,1,1,14:02:2021,16:17:33,622,-32.12641,-64.72837,1141.0,lev20,Almucantar,ARM_Cordoba,288,288.505903,,,,,,58.670232,59.295871,1.862322,0.152312,0.036075,4,10,7,5,4,10,7,5,4,10,7,5,3,11,7,5,0.03806,0.07415,0.23689,0.26553,1,1,14:02:2021,16:17:33,622,-32.12641,-64.72837,1141.0,lev20,Almucantar,1.5415812852557085,0.03194222229280173,0.8235206935244513,BCH,Maritime,,Unknown
15:10:2018,19:36:05,ARM_Cordoba,288,288.816725,0.051,0.0271,0.0195,0.0166,0.0405,0.016,0.0081,0.0049,0.0105,0.0111,0.0115,0.0116,1.4135,54.725805,54.108355,2.044894,0.121044,0.049605,4,10,8,4,4,10,8,4,4,10,8,4,4,10,8,4,0.03744,0.0727,0.22926,0.25593,1,1,10:06:2019,19:57:01,622,-32.12641,-64.72837,1141.0,lev20,Almucantar,ARM_Cordoba,288,288.816725,0.049605,0.026286,0.019673,0.014422,1.366264,54.725805,54.108355,2.044894,0.121044,0.049605,4,10,8,4,4,10,8,4,4,10,8,4,4,10,8,4,0.03744,0.0727,0.22926,0.25593,1,1,10:06:2019,19:57:01,622,-32.12641,-64.72837,1141.0,lev20,Almucantar,ARM_Cordoba,288,288.816725,,,,,,,,,54.725805,54.108355,2.044894,0.121044,0.049605,4,10,8,4,4,10,8,4,4,10,8,4,4,10,8,4,0.03744,0.0727,0.22926,0.25593,1,1,10:06:2019,19:57:01,622,-32.12641,-64.72837,1141.0,lev20,Almucantar,ARM_Cordoba,288,288.816725,,,,,54.725805,54.108355,2.044894,0.121044,0.049605,4,10,8,4,4,10,8,4,4,10,8,4,4,10,8,4,0.03744,0.0727,0.22926,0.25593,1,1,10:06:2019,19:57:01,622,-32.12641,-64.72837,1141.0,lev20,Almucantar,ARM_Cordoba,288,288.816725,,,,,,54.725805,54.108355,2.044894,0.121044,0.049605,4,10,8,4,4,10,8,4,4,10,8,4,4,10,8,4,0.03744,0.0727,0.22926,0.25593,1,1,10:06:2019,19:57:01,622,-32.12641,-64.72837,1141.0,lev20,Almucantar,1.4102759257385877,0.04258684089500832,0.7039678134852654,BCH,Maritime,,Unknown
15:10:2018,20:05:13,ARM_Cordoba,288,288.836956,0.0462,0.0253,0.0184,0.0156,0.0375,0.0162,0.009,0.006,0.0087,0.0091,0.0094,0.0096,1.352736,60.77714,60.150162,2.362412,0.137688,0.045059,3,10,8,5,3,10,8,5,3,10,8,5,3,10,8,5,0.03867,0.07519,0.24066,0.26735,1,1,10:06:2019,19:57:17,622,-32.12641,-64.72837,1141.0,lev20,Almucantar,ARM_Cordoba,288,288.836956,0.045059,0.024311,0.018088,0.013243,1.346042,60.77714,60.150162,2.362412,0.137688,0.045059,3,10,8,5,3,10,8,5,3,10,8,5,3,10,8,5,0.03867,0.07519,0.24066,0.26735,1,1,10:06:2019,19:57:17,622,-32.12641,-64.72837,1141.0,lev20,Almucantar,ARM_Cordoba,288,288.836956,,,,,,,,,60.77714,60.150162,2.362412,0.137688,0.045059,3,10,8,5,3,10,8,5,3,10,8,5,3,10,8,5,0.03867,0.07519,0.24066,0.26735,1,1,10:06:2019,19:57:17,622,-32.12641,-64.72837,1141.0,lev20,Almucantar,ARM_Cordoba,288,288.836956,,,,,60.77714,60.150162,2.362412,0.137688,0.045059,3,10,8,5,3,10,8,5,3,10,8,5,3,10,8,5,0.03867,0.07519,0.24066,0.26735,1,1,10:06:2019,19:57:17,622,-32.12641,-64.72837,1141.0,lev20,Almucantar,ARM_Cordoba,288,288.836956,,,,,,60.77714,60.150162,2.362412,0.137688,0.045059,3,10,8,5,3,10,8,5,3,10,8,5,3,10,8,5,0.03867,0.07519,0.24066,0.26735,1,1,10:06:2019,19:57:17,622,-32.12641,-64.72837,1141.0,lev20,Almucantar,1.3504535289648738,0.03887482117204058,0.7337736061823501,BCH,Maritime,,Unknown
15:10:2018,20:55:16,ARM_Cordoba,288,288.871713,0.0425,0.0232,0.0169,0.0144,0.0343,0.0147,0.008,0.0053,0.0081,0.0085,0.0089,0.0091,1.355557,71.306639,70.673558,1.91831,0.058525,0.041774,4,10,7,6,4,10,7,6,4,10,7,6,4,10,7,6,0.04208,0.08208,0.27084,0.29768,1,1,14:02:2021,16:17:15,622,-32.12641,-64.72837,1141.0,lev20,Almucantar,ARM_Cordoba,288,288.871713,0.041774,0.022851,0.016904,0.013578,1.332202,71.306639,70.673558,1.91831,0.058525,0.041774,4,10,7,6,4,10,7,6,4,10,7,6,4,10,7,6,0.04208,0.08208,0.27084,0.29768,1,1,14:02:2021,16:17:15,622,-32.12641,-64.72837,1141.0,lev20,Almucantar,ARM_Cordoba,288,288.871713,,,,,,,,,71.306639,70.673558,1.91831,0.058525,0.041774,4,10,7,6,4,10,7,6,4,10,7,6,4,10,7,6,0.04208,0.08208,0.27084,0.29768,1,1,14:02:2021,16:17:15,622,-32.12641,-64.72837,1141.0,lev20,Almucantar,ARM_Cordoba,288,288.871713,,,,,71.306639,70.673558,1.91831,0.058525,0.041774,4,10,7,6,4,10,7,6,4,10,7,6,4,10,7,6,0.04208,0.08208,0.27084,0.29768,1,1,14:02:2021,16:17:15,622,-32.12641,-64.72837,1141.0,lev20,Almucantar,ARM_Cordoba,288,288.871713,,,,,,71.306639,70.673558,1.91831,0.058525,0.041774,4,10,7,6,4,10,7,6,4,10,7,6,4,10,7,6,0.04208,0.08208,0.27084,0.29768,1,1,14:02:2021,16:17:15,622,-32.12641,-64.72837,1141.0,lev20,Almucantar,1.3527438006291284,0.035751001227334545,0.7281914659878649,BCH,Maritime,,Unknown
15:10:2018,21:18:53,ARM_Cordoba,288,288.888113,0.0424,0.0236,0.0174,0.0149,0.0331,0.0136,0.007,0.0044,0.0093,0.01,0.0104,0.0105,1.309538,76.286607,75.654825,2.468329,0.038819,0.041878,4,10,7,5,4,10,7,6,4,10,7,5,4,10,7,6,0.04456,0.0871,0.29237,0.31939,1,1,10:06:2019,19:57:58,622,-32.12641,-64.72837,1141.0,lev20,Almucantar,ARM_Cordoba,288,288.888113,0.041878,0.023316,0.017356,0.014586,1.296596,76.286607,75.654825,2.468329,0.038819,0.041878,4,10,7,5,4,10,7,6,4,10,7,5,4,10,7,6,0.04456,0.0871,0.29237,0.31939,1,1,10:06:2019,19:57:58,622,-32.12641,-64.72837,1141.0,lev20,Almucantar,ARM_Cordoba,288,288.888113,,,,,,,,,76.286607,75.654825,2.468329,0.038819,0.041878,4,10,7,5,4,10,7,6,4,10,7,5,4,10,7,6,0.04456,0.0871,0.29237,0.31939,1,1,10:06:2019,19:57:58,622,-32.12641,-64.72837,1141.0,lev20,Almucantar,ARM_Cordoba,288,288.888113,,,,,76.286607,75.654825,2.468329,0.038819,0.041878,4,10,7,5,4,10,7,6,4,10,7,5,4,10,7,6,0.04456,0.0871,0.29237,0.31939,1,1,10:06:2019,19:57:58,622,-32.12641,-64.72837,1141.0,lev20,Almucantar,ARM_Cordoba,288,288.888113,,,,,,76.286607,75.654825,2.468329,0.038819,0.041878,4,10,7,5,4,10,7,6,4,10,7,5,4,10,7,6,0.04456,0.0871,0.29237,0.31939,1,1,10:06:2019,19:57:58,622,-32.12641,-64.72837,1141.0,lev20,Almucantar,1.3065190044860355,0.035878263297977366,0.6856970134072191,BCH,Maritime,,Unknown
16:10:2018,10:53:45,ARM_Cordoba,289,289.453993,0.0378,0.0212,0.0154,0.0131,0.0298,0.0126,0.0065,0.0041,0.008,0.0086,0.0089,0.009,1.317194,74.168669,74.801907,2.600621,0.046504,0.036947,4,10,7,6,4,10,7,6,4,10,7,6,4,10,7,6,0.04491,0.08561,0.30246,0.32789,1,1,14:02:2021,16:29:31,622,-32.12641,-64.72837,1141.0,lev20,Almucantar,ARM_Cordoba,289,289.453993,0.036947,0.020802,0.015834,0.012912,1.249975,74.168669,74.801907,2.600621,0.046504,0.036947,4,10,7,6,4,10,7,6,4,10,7,6,4,10,7,6,0.04491,0.08561,0.30246,0.32789,1,1,14:02:2021,16:29:31,622,-32.12641,-64.72837,1141.0,lev20,Almucantar,ARM_Cordoba,289,289.453993,,,,,,,,,74.168669,74.801907,2.600621,0.046504,0.036947,4,10,7,6,4,10,7,6,4,10,7,6,4,10,7,6,0.04491,0.08561,0.30246,0.32789,1,1,14:02:2021,16:29:31,622,-32.12641,-64.72837,1141.0,lev20,Almucantar,ARM_Cordoba,289,289.453993,,,,,74.168669,74.801907,2.600621,0.046504,0.036947,4,10,7,6,4,10,7,6,4,10,7,6,4,10,7,6,0.04491,0.08561,0.30246,0.32789,1,1,14:02:2021,16:29:31,622,-32.12641,-64.72837,1141.0,lev20,Almucantar,ARM_Cordoba,289,289.453993,,,,,,74.168669,74.801907,2.600621,0.046504,0.036947,4,10,7,6,4,10,7,6,4,10,7,6,4,10,7,6,0.04491,0.08561,0.30246,0.32789,1,1,14:02:2021,16:29:31,622,-32.12641,-64.72837,1141.0,lev20,Almucantar,1.3171736036367965,0.03194227475906942,0.699666796749589,BCH,Maritime,,Unknown
16:10:2018,11:26:05,ARM_Cordoba,289,289.476447,0.037,0.0207,0.0147,0.0121,0.0306,0.014,0.0077,0.0049,0.0064,0.0068,0.0071,0.0072,1.350707,67.338849,67.972172,1.936561,0.080593,0.03574,4,10,7,6,4,10,7,6,4,10,7,6,4,10,7,6,0.04146,0.07912,0.27452,0.29954,1,1,14:02:2021,16:29:22,622,-32.12641,-64.72837,1141.0,lev20,Almucantar,ARM_Cordoba,289,289.476447,0.03574,0.020278,0.015699,0.012017,1.215839,67.338849,67.972172,1.936561,0.080593,0.03574,4,10,7,6,4,10,7,6,4,10,7,6,4,10,7,6,0.04146,0.07912,0.27452,0.29954,1,1,14:02:2021,16:29:22,622,-32.12641,-64.72837,1141.0,lev20,Almucantar,ARM_Cordoba,289,289.476447,,,,,,,,,67.338849,67.972172,1.936561,0.080593,0.03574,4,10,7,6,4,10,7,6,4,10,7,6,4,10,7,6,0.04146,0.07912,0.27452,0.29954,1,1,14:02:2021,16:29:22,622,-32.12641,-64.72837,1141.0,lev20,Almucantar,ARM_Cordoba,289,289.476447,,,,,67.338849,67.972172,1.936561,0.080593,0.03574,4,10,7,6,4,10,7,6,4,10,7,6,4,10,7,6,0.04146,0.07912,0.27452,0.29954,1,1,14:02:2021,16:29:22,622,-32.12641,-64.72837,1141.0,lev20,Almucantar,ARM_Cordoba,289,289.476447,,,,,,67.338849,67.972172,1.936561,0.080593,0.03574,4,10,7,6,4,10,7,6,4,10,7,6,4,10,7,6,0.04146,0.07912,0.27452,0.29954,1,1,14:02:2021,16:29:22,622,-32.12641,-64.72837,1141.0,lev20,Almucantar,1.3540346044988971,0.031119265722923225,0.7644509795902177,BCH,Maritime,,Unknown
16:10:2018,12:07:19,ARM_Cordoba,289,289.505081,0.0358,0.0202,0.0141,0.0114,0.0299,0.0139,0.0075,0.0047,0.006,0.0063,0.0066,0.0067,1.360023,58.674611,59.301186,2.337028,0.160851,0.032838,4,10,7,5,4,10,7,5,4,10,7,5,3,11,7,5,0.03859,0.07375,0.25089,0.27566,1,1,10:06:2019,19:57:28,622,-32.12641,-64.72837,1141.0,lev20,Almucantar,ARM_Cordoba,289,289.505081,0.032838,0.019819,0.015536,0.011292,1.103446,58.674611,59.301186,2.337028,0.160851,0.032838,4,10,7,5,4,10,7,5,4,10,7,5,3,11,7,5,0.03859,0.07375,0.25089,0.27566,1,1,10:06:2019,19:57:28,622,-32.12641,-64.72837,1141.0,lev20,Almucantar,ARM_Cordoba,289,289.505081,,,,,,,,,58.674611,59.301186,2.337028,0.160851,0.032838,4,10,7,5,4,10,7,5,4,10,7,5,3,11,7,5,0.03859,0.07375,0.25089,0.27566,1,1,10:06:2019,19:57:28,622,-32.12641,-64.72837,1141.0,lev20,Almucantar,ARM_Cordoba,289,289.505081,,,,,58.674611,59.301186,2.337028,0.160851,0.032838,4,10,7,5,4,10,7,5,4,10,7,5,3,11,7,5,0.03859,0.07375,0.25089,0.27566,1,1,10:06:2019,19:57:28,622,-32.12641,-64.72837,1141.0,lev20,Almucantar,ARM_Cordoba,289,289.505081,,,,,,58.674611,59.301186,2.337028,0.160851,0.032838,4,10,7,5,4,10,7,5,4,10,7,5,3,11,7,5,0.03859,0.07375,0.25089,0.27566,1,1,10:06:2019,19:57:28,622,-32.12641,-64.72837,1141.0,lev20,Almucantar,1.3668003976493706,0.030060895983794633,0.7746366852669986,BCH,Maritime,,Unknown
16:10:2018,12:36:25,ARM_Cordoba,289,289.525289,0.0393,0.021,0.0145,0.0116,0.0334,0.0147,0.0079,0.0049,0.0059,0.0063,0.0065,0.0067,1.45884,52.647993,53.264187,1.826648,0.152425,0.036764,3,10,8,4,3,10,8,4,3,10,8,4,4,10,8,4,0.03722,0.07122,0.23936,0.26411,1,1,10:06:2019,19:57:29,622,-32.12641,-64.72837,1141.0,lev20,Almucantar,ARM_Cordoba,289,289.525289,0.036764,0.020311,0.015256,0.010124,1.296769,52.647993,53.264187,1.826648,0.152425,0.036764,3,10,8,4,3,10,8,4,3,10,8,4,4,10,8,4,0.03722,0.07122,0.23936,0.26411,1,1,10:06:2019,19:57:29,622,-32.12641,-64.72837,1141.0,lev20,Almucantar,ARM_Cordoba,289,289.525289,,,,,,,,,52.647993,53.264187,1.826648,0.152425,0.036764,3,10,8,4,3,10,8,4,3,10,8,4,4,10,8,4,0.03722,0.07122,0.23936,0.26411,1,1,10:06:2019,19:57:29,622,-32.12641,-64.72837,1141.0,lev20,Almucantar,ARM_Cordoba,289,289.525289,,,,,52.647993,53.264187,1.826648,0.152425,0.036764,3,10,8,4,3,10,8,4,3,10,8,4,4,10,8,4,0.03722,0.07122,0.23936,0.26411,1,1,10:06:2019,19:57:29,622,-32.12641,-64.72837,1141.0,lev20,Almucantar,ARM_Cordoba,289,289.525289,,,,,,52.647993,53.264187,1.826648,0.152425,0.036764,3,10,8,4,3,10,8,4,3,10,8,4,4,10,8,4,0.03722,0.07122,0.23936,0.26411,1,1,10:06:2019,19:57:29,622,-32.12641,-64.72837,1141.0,lev20,Almucantar,1.4625918055226845,0.03259818060760305,0.7883712453917544,BCH,Maritime,,Unknown
17:10:2018,19:38:48,ARM_Cordoba,290,290.818611,0.0513,0.032,0.0262,0.024,0.0332,0.013,0.0067,0.0044,0.0181,0.0189,0.0195,0.0197,0.995237,54.973323,54.352798,4.378348,0.133566,0.048097,4,10,8,4,4,10,8,4,4,10,8,4,4,10,7,4,0.03784,0.07217,0.24288,0.26596,1,1,10:06:2019,19:57:20,622,-32.12641,-64.72837,1141.0,lev20,Almucantar,ARM_Cordoba,290,290.818611,0.048097,0.03188,0.026421,0.022625,0.884982,54.973323,54.352798,4.378348,0.133566,0.048097,4,10,8,4,4,10,8,4,4,10,8,4,4,10,7,4,0.03784,0.07217,0.24288,0.26596,1,1,10:06:2019,19:57:20,622,-32.12641,-64.72837,1141.0,lev20,Almucantar,ARM_Cordoba,290,290.818611,,,,,,,,,54.973323,54.352798,4.378348,0.133566,0.048097,4,10,8,4,4,10,8,4,4,10,8,4,4,10,7,4,0.03784,0.07217,0.24288,0.26596,1,1,10:06:2019,19:57:20,622,-32.12641,-64.72837,1141.0,lev20,Almucantar,ARM_Cordoba,290,290.818611,,,,,54.973323,54.352798,4.378348,0.133566,0.048097,4,10,8,4,4,10,8,4,4,10,8,4,4,10,7,4,0.03784,0.07217,0.24288,0.26596,1,1,10:06:2019,19:57:20,622,-32.12641,-64.72837,1141.0,lev20,Almucantar,ARM_Cordoba,290,290.818611,,,,,,54.973323,54.352798,4.378348,0.133566,0.048097,4,10,8,4,4,10,8,4,4,10,8,4,4,10,7,4,0.03784,0.07217,0.24288,0.26596,1,1,10:06:2019,19:57:20,622,-32.12641,-64.72837,1141.0,lev20,Almucantar,0.985643423868086,0.045226926577000046,0.5212383978650794,MA,Maritime,,Unknown
17:10:2018,20:06:39,ARM_Cordoba,290,290.837951,0.0496,0.0314,0.0256,0.0233,0.0323,0.0133,0.007,0.0045,0.0173,0.0181,0.0186,0.0188,0.977835,60.778482,60.149952,1.953153,0.098306,0.047862,3,10,8,5,3,10,8,5,3,10,8,5,3,10,8,5,0.03936,0.07492,0.25496,0.27757,1,1,10:06:2019,19:57:47,622,-32.12641,-64.72837,1141.0,lev20,Almucantar,ARM_Cordoba,290,290.837951,0.047862,0.031006,0.025472,0.021049,0.932068,60.778482,60.149952,1.953153,0.098306,0.047862,3,10,8,5,3,10,8,5,3,10,8,5,3,10,8,5,0.03936,0.07492,0.25496,0.27757,1,1,10:06:2019,19:57:47,622,-32.12641,-64.72837,1141.0,lev20,Almucantar,ARM_Cordoba,290,290.837951,,,,,,,,,60.778482,60.149952,1.953153,0.098306,0.047862,3,10,8,5,3,10,8,5,3,10,8,5,3,10,8,5,0.03936,0.07492,0.25496,0.27757,1,1,10:06:2019,19:57:47,622,-32.12641,-64.72837,1141.0,lev20,Almucantar,ARM_Cordoba,290,290.837951,,,,,60.778482,60.149952,1.953153,0.098306,0.047862,3,10,8,5,3,10,8,5,3,10,8,5,3,10,8,5,0.03936,0.07492,0.25496,0.27757,1,1,10:06:2019,19:57:47,622,-32.12641,-64.72837,1141.0,lev20,Almucantar,ARM_Cordoba,290,290.837951,,,,,,60.778482,60.149952,1.953153,0.098306,0.047862,3,10,8,5,3,10,8,5,3,10,8,5,3,10,8,5,0.03936,0.07492,0.25496,0.27757,1,1,10:06:2019,19:57:47,622,-32.12641,-64.72837,1141.0,lev20,Almucantar,0.9701929712250399,0.043814630671609636,0.536298348108924,MA,Maritime,,Unknown
17:10:2018,20:56:37,ARM_Cordoba,290,290.87265,0.0453,0.0237,0.0165,0.0136,0.0386,0.0167,0.0092,0.0061,0.0067,0.007,0.0073,0.0075,1.480857,71.303617,70.670355,3.095319,0.07178,0.043705,4,10,7,6,4,10,7,6,4,10,7,6,4,10,7,6,0.04364,0.08274,0.28811,0.30945,1,1,10:06:2019,19:57:56,622,-32.12641,-64.72837,1141.0,lev20,Almucantar,ARM_Cordoba,290,290.87265,0.043705,0.023103,0.016007,0.012474,1.471137,71.303617,70.670355,3.095319,0.07178,0.043705,4,10,7,6,4,10,7,6,4,10,7,6,4,10,7,6,0.04364,0.08274,0.28811,0.30945,1,1,10:06:2019,19:57:56,622,-32.12641,-64.72837,1141.0,lev20,Almucantar,ARM_Cordoba,290,290.87265,,,,,,,,,71.303617,70.670355,3.095319,0.07178,0.043705,4,10,7,6,4,10,7,6,4,10,7,6,4,10,7,6,0.04364,0.08274,0.28811,0.30945,1,1,10:06:2019,19:57:56,622,-32.12641,-64.72837,1141.0,lev20,Almucantar,ARM_Cordoba,290,290.87265,,,,,71.303617,70.670355,3.095319,0.07178,0.043705,4,10,7,6,4,10,7,6,4,10,7,6,4,10,7,6,0.04364,0.08274,0.28811,0.30945,1,1,10:06:2019,19:57:56,622,-32.12641,-64.72837,1141.0,lev20,Almucantar,ARM_Cordoba,290,290.87265,,,,,,71.303617,70.670355,3.095319,0.07178,0.043705,4,10,7,6,4,10,7,6,4,10,7,6,4,10,7,6,0.04364,0.08274,0.28811,0.30945,1,1,10:06:2019,19:57:56,622,-32.12641,-64.72837,1141.0,lev20,Almucantar,1.4814717133173878,0.037484424820481366,0.7882317048516456,BCH,Maritime,,Unknown
17:10:2018,21:20:46,ARM_Cordoba,290,290.889421,0.0489,0.0248,0.0167,0.0134,0.0426,0.0182,0.0099,0.0063,0.0062,0.0066,0.0068,0.007,1.57282,76.394811,75.763462,1.865505,0.007379,0.048199,4,10,7,6,4,10,7,6,4,10,6,6,4,10,6,6,0.04686,0.08864,0.31262,0.33287,1,1,10:06:2019,19:57:28,622,-32.12641,-64.72837,1141.0,lev20,Almucantar,ARM_Cordoba,290,290.889421,0.048199,0.024501,0.016476,0.013229,1.571029,76.394811,75.763462,1.865505,0.007379,0.048199,4,10,7,6,4,10,7,6,4,10,6,6,4,10,6,6,0.04686,0.08864,0.31262,0.33287,1,1,10:06:2019,19:57:28,622,-32.12641,-64.72837,1141.0,lev20,Almucantar,ARM_Cordoba,290,290.889421,,,,,,,,,76.394811,75.763462,1.865505,0.007379,0.048199,4,10,7,6,4,10,7,6,4,10,6,6,4,10,6,6,0.04686,0.08864,0.31262,0.33287,1,1,10:06:2019,19:57:28,622,-32.12641,-64.72837,1141.0,lev20,Almucantar,ARM_Cordoba,290,290.889421,,,,,76.394811,75.763462,1.865505,0.007379,0.048199,4,10,7,6,4,10,7,6,4,10,6,6,4,10,6,6,0.04686,0.08864,0.31262,0.33287,1,1,10:06:2019,19:57:28,622,-32.12641,-64.72837,1141.0,lev20,Almucantar,ARM_Cordoba,290,290.889421,,,,,,76.394811,75.763462,1.865505,0.007379,0.048199,4,10,7,6,4,10,7,6,4,10,6,6,4,10,6,6,0.04686,0.08864,0.31262,0.33287,1,1,10:06:2019,19:57:28,622,-32.12641,-64.72837,1141.0,lev20,Almucantar,1.5759711686175928,0.03997745573464204,0.8164149530190126,BCH,Maritime,,Unknown
09:11:2018,10:32:35,ARM_Cordoba,313,313.439294,0.0489,0.0267,0.0198,0.0171,0.0395,0.0164,0.009,0.0062,0.0093,0.0104,0.0109,0.011,1.338467,74.256293,74.878635,2.334698,0.069288,0.048634,4,10,7,6,4,10,7,6,4,10,7,6,4,10,7,6,0.04004,0.07623,0.33868,0.35542,1,1,14:02:2021,20:42:35,621,-32.12641,-64.72837,1141.0,lev20,Almucantar,ARM_Cordoba,313,313.439294,0.048634,0.025619,0.019473,0.017746,1.361865,74.256293,74.878635,2.334698,0.069288,0.048634,4,10,7,6,4,10,7,6,4,10,7,6,4,10,7,6,0.04004,0.07623,0.33868,0.35542,1,1,14:02:2021,20:42:35,621,-32.12641,-64.72837,1141.0,lev20,Almucantar,ARM_Cordoba,313,313.439294,,,,,,,,,74.256293,74.878635,2.334698,0.069288,0.048634,4,10,7,6,4,10,7,6,4,10,7,6,4,10,7,6,0.04004,0.07623,0.33868,0.35542,1,1,14:02:2021,20:42:35,621,-32.12641,-64.72837,1141.0,lev20,Almucantar,ARM_Cordoba,313,313.439294,,,,,74.256293,74.878635,2.334698,0.069288,0.048634,4,10,7,6,4,10,7,6,4,10,7,6,4,10,7,6,0.04004,0.07623,0.33868,0.35542,1,1,14:02:2021,20:42:35,621,-32.12641,-64.72837,1141.0,lev20,Almucantar,ARM_Cordoba,313,313.439294,,,,,,74.256293,74.878635,2.334698,0.069288,0.048634,4,10,7,6,4,10,7,6,4,10,7,6,4,10,7,6,0.04004,0.07623,0.33868,0.35542,1,1,14:02:2021,20:42:35,621,-32.12641,-64.72837,1141.0,lev20,Almucantar,1.3262005930938279,0.04127449288034735,0.713516022097007,BCH,Maritime,,Unknown
09:11:2018,10:56:26,ARM_Cordoba,313,313.455856,0.0489,0.0265,0.0193,0.0167,0.0396,0.0162,0.0085,0.0057,0.0094,0.0103,0.0109,0.011,1.374031,69.280249,69.908546,1.642536,0.084961,0.048483,4,10,7,6,4,10,7,6,4,10,7,6,4,10,7,6,0.03782,0.07199,0.31399,0.33125,1,1,29:09:2020,04:19:08,621,-32.12641,-64.72837,1141.0,lev20,Almucantar,ARM_Cordoba,313,313.455856,0.048483,0.025442,0.019469,0.017675,1.358911,69.280249,69.908546,1.642536,0.084961,0.048483,4,10,7,6,4,10,7,6,4,10,7,6,4,10,7,6,0.03782,0.07199,0.31399,0.33125,1,1,29:09:2020,04:19:08,621,-32.12641,-64.72837,1141.0,lev20,Almucantar,ARM_Cordoba,313,313.455856,,,,,,,,,69.280249,69.908546,1.642536,0.084961,0.048483,4,10,7,6,4,10,7,6,4,10,7,6,4,10,7,6,0.03782,0.07199,0.31399,0.33125,1,1,29:09:2020,04:19:08,621,-32.12641,-64.72837,1141.0,lev20,Almucantar,ARM_Cordoba,313,313.455856,,,,,69.280249,69.908546,1.642536,0.084961,0.048483,4,10,7,6,4,10,7,6,4,10,7,6,4,10,7,6,0.03782,0.07199,0.31399,0.33125,1,1,29:09:2020,04:19:08,621,-32.12641,-64.72837,1141.0,lev20,Almucantar,ARM_Cordoba,313,313.455856,,,,,,69.280249,69.908546,1.642536,0.084961,0.048483,4,10,7,6,4,10,7,6,4,10,7,6,4,10,7,6,0.03782,0.07199,0.31399,0.33125,1,1,29:09:2020,04:19:08,621,-32.12641,-64.72837,1141.0,lev20,Almucantar,1.3637187803842055,0.041077011207322225,0.7148064333881612,BCH,Maritime,,Unknown
09:11:2018,11:46:25,ARM_Cordoba,313,313.490567,0.0515,0.0279,0.0202,0.0171,0.0421,0.0175,0.0092,0.0061,0.0094,0.0104,0.0109,0.0111,1.382327,58.745742,59.380278,0.956436,0.078558,0.050905,4,10,7,5,4,10,7,5,4,10,7,5,3,11,7,5,0.03476,0.06616,0.27893,0.29712,1,1,14:02:2021,20:43:48,621,-32.12641,-64.72837,1141.0,lev20,Almucantar,ARM_Cordoba,313,313.490567,0.050905,0.026242,0.020319,0.017574,1.371143,58.745742,59.380278,0.956436,0.078558,0.050905,4,10,7,5,4,10,7,5,4,10,7,5,3,11,7,5,0.03476,0.06616,0.27893,0.29712,1,1,14:02:2021,20:43:48,621,-32.12641,-64.72837,1141.0,lev20,Almucantar,ARM_Cordoba,313,313.490567,,,,,,,,,58.745742,59.380278,0.956436,0.078558,0.050905,4,10,7,5,4,10,7,5,4,10,7,5,3,11,7,5,0.03476,0.06616,0.27893,0.29712,1,1,14:02:2021,20:43:48,621,-32.12641,-64.72837,1141.0,lev20,Almucantar,ARM_Cordoba,313,313.490567,,,,,58.745742,59.380278,0.956436,0.078558,0.050905,4,10,7,5,4,10,7,5,4,10,7,5,3,11,7,5,0.03476,0.06616,0.27893,0.29712,1,1,14:02:2021,20:43:48,621,-32.12641,-64.72837,1141.0,lev20,Almucantar,ARM_Cordoba,313,313.490567,,,,,,58.745742,59.380278,0.956436,0.078558,0.050905,4,10,7,5,4,10,7,5,4,10,7,5,3,11,7,5,0.03476,0.06616,0.27893,0.29712,1,1,14:02:2021,20:43:48,621,-32.12641,-64.72837,1141.0,lev20,Almucantar,1.372852906613676,0.04321058083645185,0.7268547917163367,BCH,Maritime,,Unknown
09:11:2018,12:14:55,ARM_Cordoba,313,313.510359,0.0559,0.0304,0.022,0.0187,0.0459,0.0195,0.0105,0.0071,0.01,0.0109,0.0115,0.0116,1.37695,52.71636,53.350702,0.564263,0.096972,0.055001,3,10,8,4,3,10,8,4,3,10,8,4,4,10,8,4,0.03363,0.06404,0.26553,0.28418,1,1,14:02:2021,20:43:04,621,-32.12641,-64.72837,1141.0,lev20,Almucantar,ARM_Cordoba,313,313.510359,0.055001,0.028973,0.022447,0.019895,1.336656,52.71636,53.350702,0.564263,0.096972,0.055001,3,10,8,4,3,10,8,4,3,10,8,4,4,10,8,4,0.03363,0.06404,0.26553,0.28418,1,1,14:02:2021,20:43:04,621,-32.12641,-64.72837,1141.0,lev20,Almucantar,ARM_Cordoba,313,313.510359,,,,,,,,,52.71636,53.350702,0.564263,0.096972,0.055001,3,10,8,4,3,10,8,4,3,10,8,4,4,10,8,4,0.03363,0.06404,0.26553,0.28418,1,1,14:02:2021,20:43:04,621,-32.12641,-64.72837,1141.0,lev20,Almucantar,ARM_Cordoba,313,313.510359,,,,,52.71636,53.350702,0.564263,0.096972,0.055001,3,10,8,4,3,10,8,4,3,10,8,4,4,10,8,4,0.03363,0.06404,0.26553,0.28418,1,1,14:02:2021,20:43:04,621,-32.12641,-64.72837,1141.0,lev20,Almucantar,ARM_Cordoba,313,313.510359,,,,,,52.71636,53.350702,0.564263,0.096972,0.055001,3,10,8,4,3,10,8,4,3,10,8,4,4,10,8,4,0.03363,0.06404,0.26553,0.28418,1,1,14:02:2021,20:43:04,621,-32.12641,-64.72837,1141.0,lev20,Almucantar,1.367898843411033,0.0469320710345442,0.7361466627922739,BCH,Maritime,,Unknown
09:11:2018,19:54:47,ARM_Cordoba,313,313.829711,0.1044,0.0536,0.0363,0.0299,0.0909,0.0392,0.0212,0.0144,0.0135,0.0144,0.0151,0.0154,1.554282,54.83291,54.198759,2.279722,0.187549,0.103009,4,10,8,4,4,10,8,4,4,10,8,4,4,9,6,4,0.03411,0.06477,0.26919,0.28579,1,1,14:02:2021,20:43:53,621,-32.12641,-64.72837,1141.0,lev20,Almucantar,ARM_Cordoba,313,313.829711,0.103009,0.052091,0.038264,0.032389,1.470667,54.83291,54.198759,2.279722,0.187549,0.103009,4,10,8,4,4,10,8,4,4,10,8,4,4,9,6,4,0.03411,0.06477,0.26919,0.28579,1,1,14:02:2021,20:43:53,621,-32.12641,-64.72837,1141.0,lev20,Almucantar,ARM_Cordoba,313,313.829711,,,,,,,,,54.83291,54.198759,2.279722,0.187549,0.103009,4,10,8,4,4,10,8,4,4,10,8,4,4,9,6,4,0.03411,0.06477,0.26919,0.28579,1,1,14:02:2021,20:43:53,621,-32.12641,-64.72837,1141.0,lev20,Almucantar,ARM_Cordoba,313,313.829711,,,,,54.83291,54.198759,2.279722,0.187549,0.103009,4,10,8,4,4,10,8,4,4,10,8,4,4,9,6,4,0.03411,0.06477,0.26919,0.28579,1,1,14:02:2021,20:43:53,621,-32.12641,-64.72837,1141.0,lev20,Almucantar,ARM_Cordoba,313,313.829711,,,,,,54.83291,54.198759,2.279722,0.187549,0.103009,4,10,8,4,4,10,8,4,4,10,8,4,4,9,6,4,0.03411,0.06477,0.26919,0.28579,1,1,14:02:2021,20:43:53,621,-32.12641,-64.72837,1141.0,lev20,Almucantar,1.5496307608357371,0.08563851732528784,0.8092998944181485,BCH,Maritime,,Unknown
13:11:2018,10:30:22,ARM_Cordoba,317,317.437755,0.0295,0.0169,0.0123,0.0104,0.0249,0.0121,0.0071,0.0051,0.0046,0.0049,0.0052,0.0053,1.288268,74.270605,74.890064,2.406427,0.069667,0.029296,4,10,7,6,4,10,7,6,4,10,7,6,4,10,7,6,0.04005,0.07626,0.33876,0.35549,1,1,29:09:2020,04:23:07,621,-32.12641,-64.72837,1141.0,lev20,Almucantar,ARM_Cordoba,317,317.437755,0.029296,0.015843,0.012398,0.011633,1.282409,74.270605,74.890064,2.406427,0.069667,0.029296,4,10,7,6,4,10,7,6,4,10,7,6,4,10,7,6,0.04005,0.07626,0.33876,0.35549,1,1,29:09:2020,04:23:07,621,-32.12641,-64.72837,1141.0,lev20,Almucantar,ARM_Cordoba,317,317.437755,,,,,,,,,74.270605,74.890064,2.406427,0.069667,0.029296,4,10,7,6,4,10,7,6,4,10,7,6,4,10,7,6,0.04005,0.07626,0.33876,0.35549,1,1,29:09:2020,04:23:07,621,-32.12641,-64.72837,1141.0,lev20,Almucantar,ARM_Cordoba,317,317.437755,,,,,74.270605,74.890064,2.406427,0.069667,0.029296,4,10,7,6,4,10,7,6,4,10,7,6,4,10,7,6,0.04005,0.07626,0.33876,0.35549,1,1,29:09:2020,04:23:07,621,-32.12641,-64.72837,1141.0,lev20,Almucantar,ARM_Cordoba,317,317.437755,,,,,,74.270605,74.890064,2.406427,0.069667,0.029296,4,10,7,6,4,10,7,6,4,10,7,6,4,10,7,6,0.04005,0.07626,0.33876,0.35549,1,1,29:09:2020,04:23:07,621,-32.12641,-64.72837,1141.0,lev20,Almucantar,1.283214436096385,0.02503694754408027,0.7853446425574879,BCH,Maritime,,Unknown
13:11:2018,10:59:33,ARM_Cordoba,317,317.458021,0.0312,0.0173,0.012,0.0099,0.0264,0.0121,0.0065,0.0043,0.0048,0.0052,0.0055,0.0056,1.402642,68.19982,68.827108,1.868543,0.093013,0.030843,4,10,7,6,4,10,7,6,4,10,7,6,4,10,7,6,0.03742,0.07123,0.30942,0.32683,1,1,29:09:2020,04:22:51,621,-32.12641,-64.72837,1141.0,lev20,Almucantar,ARM_Cordoba,317,317.458021,0.030843,0.016035,0.012385,0.011475,1.361253,68.19982,68.827108,1.868543,0.093013,0.030843,4,10,7,6,4,10,7,6,4,10,7,6,4,10,7,6,0.03742,0.07123,0.30942,0.32683,1,1,29:09:2020,04:22:51,621,-32.12641,-64.72837,1141.0,lev20,Almucantar,ARM_Cordoba,317,317.458021,,,,,,,,,68.19982,68.827108,1.868543,0.093013,0.030843,4,10,7,6,4,10,7,6,4,10,7,6,4,10,7,6,0.03742,0.07123,0.30942,0.32683,1,1,29:09:2020,04:22:51,621,-32.12641,-64.72837,1141.0,lev20,Almucantar,ARM_Cordoba,317,317.458021,,,,,68.19982,68.827108,1.868543,0.093013,0.030843,4,10,7,6,4,10,7,6,4,10,7,6,4,10,7,6,0.03742,0.07123,0.30942,0.32683,1,1,29:09:2020,04:22:51,621,-32.12641,-64.72837,1141.0,lev20,Almucantar,ARM_Cordoba,317,317.458021,,,,,,68.19982,68.827108,1.868543,0.093013,0.030843,4,10,7,6,4,10,7,6,4,10,7,6,4,10,7,6,0.03742,0.07123,0.30942,0.32683,1,1,29:09:2020,04:22:51,621,-32.12641,-64.72837,1141.0,lev20,Almucantar,1.401621734515549,0.026081964572219347,0.7820658548881015,BCH,Maritime,,Unknown
14:11:2018,10:29:50,ARM_Cordoba,318,318.437384,0.0612,0.0393,0.0323,0.0289,0.0598,0.0378,0.0308,0.0274,0.0014,0.0015,0.0015,0.0015,0.949766,74.283404,74.902112,2.846298,0.034922,0.0609,4,10,7,6,4,10,7,6,4,10,7,6,4,10,7,6,0.04003,0.07624,0.33875,0.35555,1,1,29:09:2020,04:25:21,621,-32.12641,-64.72837,1141.0,lev20,Almucantar,ARM_Cordoba,318,318.437384,0.0609,0.038605,0.032028,0.029557,0.957558,74.283404,74.902112,2.846298,0.034922,0.0609,4,10,7,6,4,10,7,6,4,10,7,6,4,10,7,6,0.04003,0.07624,0.33875,0.35555,1,1,29:09:2020,04:25:21,621,-32.12641,-64.72837,1141.0,lev20,Almucantar,ARM_Cordoba,318,318.437384,,,,,,,,,74.283404,74.902112,2.846298,0.034922,0.0609,4,10,7,6,4,10,7,6,4,10,7,6,4,10,7,6,0.04003,0.07624,0.33875,0.35555,1,1,29:09:2020,04:25:21,621,-32.12641,-64.72837,1141.0,lev20,Almucantar,ARM_Cordoba,318,318.437384,,,,,74.283404,74.902112,2.846298,0.034922,0.0609,4,10,7,6,4,10,7,6,4,10,7,6,4,10,7,6,0.04003,0.07624,0.33875,0.35555,1,1,29:09:2020,04:25:21,621,-32.12641,-64.72837,1141.0,lev20,Almucantar,ARM_Cordoba,318,318.437384,,,,,,74.283404,74.902112,2.846298,0.034922,0.0609,4,10,7,6,4,10,7,6,4,10,7,6,4,10,7,6,0.04003,0.07624,0.33875,0.35555,1,1,29:09:2020,04:25:21,621,-32.12641,-64.72837,1141.0,lev20,Almucantar,0.9374543504374171,0.05428832742404233,0.9695079062056504,Unclassified,Maritime,,Unknown
14:11:2018,10:53:54,ARM_Cordoba,318,318.454097,0.0605,0.0386,0.0315,0.0277,0.059,0.037,0.0299,0.026,0.0015,0.0016,0.0016,0.0016,0.969237,69.287396,69.912931,2.398541,0.043803,0.06015,4,10,7,6,4,10,7,6,4,10,7,6,4,10,7,6,0.03783,0.072,0.31396,0.33127,1,1,29:09:2020,04:23:28,621,-32.12641,-64.72837,1141.0,lev20,Almucantar,ARM_Cordoba,318,318.454097,0.06015,0.037996,0.03115,0.028844,0.97871,69.287396,69.912931,2.398541,0.043803,0.06015,4,10,7,6,4,10,7,6,4,10,7,6,4,10,7,6,0.03783,0.072,0.31396,0.33127,1,1,29:09:2020,04:23:28,621,-32.12641,-64.72837,1141.0,lev20,Almucantar,ARM_Cordoba,318,318.454097,,,,,,,,,69.287396,69.912931,2.398541,0.043803,0.06015,4,10,7,6,4,10,7,6,4,10,7,6,4,10,7,6,0.03783,0.072,0.31396,0.33127,1,1,29:09:2020,04:23:28,621,-32.12641,-64.72837,1141.0,lev20,Almucantar,ARM_Cordoba,318,318.454097,,,,,69.287396,69.912931,2.398541,0.043803,0.06015,4,10,7,6,4,10,7,6,4,10,7,6,4,10,7,6,0.03783,0.072,0.31396,0.33127,1,1,29:09:2020,04:23:28,621,-32.12641,-64.72837,1141.0,lev20,Almucantar,ARM_Cordoba,318,318.454097,,,,,,69.287396,69.912931,2.398541,0.043803,0.06015,4,10,7,6,4,10,7,6,4,10,7,6,4,10,7,6,0.03783,0.072,0.31396,0.33127,1,1,29:09:2020,04:23:28,621,-32.12641,-64.72837,1141.0,lev20,Almucantar,0.9573685235447955,0.053530935417586994,0.9676328409514882,Unclassified,Maritime,,Unknown
14:11:2018,11:43:56,ARM_Cordoba,318,318.488843,0.0512,0.0238,0.015,0.0115,0.0489,0.0213,0.0123,0.0087,0.0023,0.0025,0.0027,0.0028,1.80419,58.7722,59.405871,1.040519,0.032325,0.051332,4,10,7,5,4,10,7,5,4,10,7,5,3,10,8,5,0.03476,0.06618,0.27897,0.29718,1,1,29:09:2020,04:23:38,621,-32.12641,-64.72837,1141.0,lev20,Almucantar,ARM_Cordoba,318,318.488843,0.051332,0.023435,0.015304,0.011759,1.785478,58.7722,59.405871,1.040519,0.032325,0.051332,4,10,7,5,4,10,7,5,4,10,7,5,3,10,8,5,0.03476,0.06618,0.27897,0.29718,1,1,29:09:2020,04:23:38,621,-32.12641,-64.72837,1141.0,lev20,Almucantar,ARM_Cordoba,318,318.488843,,,,,,,,,58.7722,59.405871,1.040519,0.032325,0.051332,4,10,7,5,4,10,7,5,4,10,7,5,3,10,8,5,0.03476,0.06618,0.27897,0.29718,1,1,29:09:2020,04:23:38,621,-32.12641,-64.72837,1141.0,lev20,Almucantar,ARM_Cordoba,318,318.488843,,,,,58.7722,59.405871,1.040519,0.032325,0.051332,4,10,7,5,4,10,7,5,4,10,7,5,3,10,8,5,0.03476,0.06618,0.27897,0.29718,1,1,29:09:2020,04:23:38,621,-32.12641,-64.72837,1141.0,lev20,Almucantar,ARM_Cordoba,318,318.488843,,,,,,58.7722,59.405871,1.040519,0.032325,0.051332,4,10,7,5,4,10,7,5,4,10,7,5,3,10,8,5,0.03476,0.06618,0.27897,0.29718,1,1,29:09:2020,04:23:38,621,-32.12641,-64.72837,1141.0,lev20,Almucantar,1.800874346861963,0.04067150370755985,0.9304820167791782,BCH,Unclassified,,Unknown
14:11:2018,21:17:03,ARM_Cordoba,318,318.88684,0.0573,0.0377,0.0317,0.0303,0.053,0.0331,0.0269,0.0254,0.0044,0.0046,0.0048,0.0049,0.881778,71.363601,70.740512,0.887406,0.005203,0.056694,4,10,7,6,4,10,7,6,4,10,7,6,4,10,7,6,0.03898,0.07379,0.32217,0.33484,1,1,14:02:2021,21:52:55,621,-32.12641,-64.72837,1141.0,lev20,Almucantar,ARM_Cordoba,318,318.88684,0.056694,0.037509,0.031473,0.029961,0.87589,71.363601,70.740512,0.887406,0.005203,0.056694,4,10,7,6,4,10,7,6,4,10,7,6,4,10,7,6,0.03898,0.07379,0.32217,0.33484,1,1,14:02:2021,21:52:55,621,-32.12641,-64.72837,1141.0,lev20,Almucantar,ARM_Cordoba,318,318.88684,,,,,,,,,71.363601,70.740512,0.887406,0.005203,0.056694,4,10,7,6,4,10,7,6,4,10,7,6,4,10,7,6,0.03898,0.07379,0.32217,0.33484,1,1,14:02:2021,21:52:55,621,-32.12641,-64.72837,1141.0,lev20,Almucantar,ARM_Cordoba,318,318.88684,,,,,71.363601,70.740512,0.887406,0.005203,0.056694,4,10,7,6,4,10,7,6,4,10,7,6,4,10,7,6,0.03898,0.07379,0.32217,0.33484,1,1,14:02:2021,21:52:55,621,-32.12641,-64.72837,1141.0,lev20,Almucantar,ARM_Cordoba,318,318.88684,,,,,,71.363601,70.740512,0.887406,0.005203,0.056694,4,10,7,6,4,10,7,6,4,10,7,6,4,10,7,6,0.03898,0.07379,0.32217,0.33484,1,1,14:02:2021,21:52:55,621,-32.12641,-64.72837,1141.0,lev20,Almucantar,0.8683700913089198,0.05127964794441509,0.9001365510417637,Unclassified,Maritime,,Unknown
14:11:2018,21:41:02,ARM_Cordoba,318,318.903495,0.0454,0.0237,0.0165,0.0142,0.0408,0.0188,0.0114,0.0089,0.0046,0.0049,0.0052,0.0053,1.491869,76.311796,75.696445,0.85414,0.019755,0.044816,4,10,7,6,4,10,7,6,4,10,7,6,4,10,6,6,0.04159,0.07864,0.34949,0.36012,1,1,29:09:2020,04:24:51,621,-32.12641,-64.72837,1141.0,lev20,Almucantar,ARM_Cordoba,318,318.903495,0.044816,0.023403,0.016119,0.014213,1.505557,76.311796,75.696445,0.85414,0.019755,0.044816,4,10,7,6,4,10,7,6,4,10,7,6,4,10,6,6,0.04159,0.07864,0.34949,0.36012,1,1,29:09:2020,04:24:51,621,-32.12641,-64.72837,1141.0,lev20,Almucantar,ARM_Cordoba,318,318.903495,,,,,,,,,76.311796,75.696445,0.85414,0.019755,0.044816,4,10,7,6,4,10,7,6,4,10,7,6,4,10,6,6,0.04159,0.07864,0.34949,0.36012,1,1,29:09:2020,04:24:51,621,-32.12641,-64.72837,1141.0,lev20,Almucantar,ARM_Cordoba,318,318.903495,,,,,76.311796,75.696445,0.85414,0.019755,0.044816,4,10,7,6,4,10,7,6,4,10,7,6,4,10,6,6,0.04159,0.07864,0.34949,0.36012,1,1,29:09:2020,04:24:51,621,-32.12641,-64.72837,1141.0,lev20,Almucantar,ARM_Cordoba,318,318.903495,,,,,,76.311796,75.696445,0.85414,0.019755,0.044816,4,10,7,6,4,10,7,6,4,10,7,6,4,10,6,6,0.04159,0.07864,0.34949,0.36012,1,1,29:09:2020,04:24:51,621,-32.12641,-64.72837,1141.0,lev20,Almucantar,1.4847062927041665,0.037551641561874335,0.8485107248384756,BCH,Maritime,,Unknown
15:11:2018,10:29:22,ARM_Cordoba,319,319.43706,0.0541,0.0411,0.0366,0.035,0.0514,0.0382,0.0337,0.0321,0.0027,0.0028,0.0029,0.0029,0.581721,74.287923,74.905891,2.496575,0.012512,0.053628,4,10,7,6,4,10,7,6,4,10,7,6,4,10,7,6,0.04002,0.07621,0.33864,0.35558,1,1,29:09:2020,04:27:04,621,-32.12641,-64.72837,1141.0,lev20,Almucantar,ARM_Cordoba,319,319.43706,0.053628,0.041024,0.0365,0.035448,0.572116,74.287923,74.905891,2.496575,0.012512,0.053628,4,10,7,6,4,10,7,6,4,10,7,6,4,10,7,6,0.04002,0.07621,0.33864,0.35558,1,1,29:09:2020,04:27:04,621,-32.12641,-64.72837,1141.0,lev20,Almucantar,ARM_Cordoba,319,319.43706,,,,,,,,,74.287923,74.905891,2.496575,0.012512,0.053628,4,10,7,6,4,10,7,6,4,10,7,6,4,10,7,6,0.04002,0.07621,0.33864,0.35558,1,1,29:09:2020,04:27:04,621,-32.12641,-64.72837,1141.0,lev20,Almucantar,ARM_Cordoba,319,319.43706,,,,,74.287923,74.905891,2.496575,0.012512,0.053628,4,10,7,6,4,10,7,6,4,10,7,6,4,10,7,6,0.04002,0.07621,0.33864,0.35558,1,1,29:09:2020,04:27:04,621,-32.12641,-64.72837,1141.0,lev20,Almucantar,ARM_Cordoba,319,319.43706,,,,,,74.287923,74.905891,2.496575,0.012512,0.053628,4,10,7,6,4,10,7,6,4,10,7,6,4,10,7,6,0.04002,0.07621,0.33864,0.35558,1,1,29:09:2020,04:27:04,621,-32.12641,-64.72837,1141.0,lev20,Almucantar,0.573236540001207,0.0502773876472487,0.9393254763718663,Unclassified,Maritime,,Unknown
15:11:2018,10:53:24,ARM_Cordoba,319,319.45375,0.0596,0.0474,0.0431,0.0414,0.057,0.0447,0.0404,0.0387,0.0026,0.0027,0.0027,0.0027,0.482761,69.304126,69.929063,2.694379,0.03613,0.058788,4,10,7,6,4,10,7,6,4,10,7,6,4,10,7,6,0.03784,0.07202,0.31406,0.33134,1,1,14:02:2021,21:54:31,621,-32.12641,-64.72837,1141.0,lev20,Almucantar,ARM_Cordoba,319,319.45375,0.058788,0.0471,0.042987,0.042336,0.466349,69.304126,69.929063,2.694379,0.03613,0.058788,4,10,7,6,4,10,7,6,4,10,7,6,4,10,7,6,0.03784,0.07202,0.31406,0.33134,1,1,14:02:2021,21:54:31,621,-32.12641,-64.72837,1141.0,lev20,Almucantar,ARM_Cordoba,319,319.45375,,,,,,,,,69.304126,69.929063,2.694379,0.03613,0.058788,4,10,7,6,4,10,7,6,4,10,7,6,4,10,7,6,0.03784,0.07202,0.31406,0.33134,1,1,14:02:2021,21:54:31,621,-32.12641,-64.72837,1141.0,lev20,Almucantar,ARM_Cordoba,319,319.45375,,,,,69.304126,69.929063,2.694379,0.03613,0.058788,4,10,7,6,4,10,7,6,4,10,7,6,4,10,7,6,0.03784,0.07202,0.31406,0.33134,1,1,14:02:2021,21:54:31,621,-32.12641,-64.72837,1141.0,lev20,Almucantar,ARM_Cordoba,319,319.45375,,,,,,69.304126,69.929063,2.694379,0.03613,0.058788,4,10,7,6,4,10,7,6,4,10,7,6,4,10,7,6,0.03784,0.07202,0.31406,0.33134,1,1,14:02:2021,21:54:31,621,-32.12641,-64.72837,1141.0,lev20,Almucantar,0.4754639696867997,0.05608539342069364,0.9494667115273434,Unclassified,Unclassified,,Unknown
15:11:2018,11:43:34,ARM_Cordoba,319,319.488588,0.0385,0.0213,0.015,0.0121,0.035,0.0176,0.0111,0.0081,0.0035,0.0037,0.0039,0.004,1.386147,58.767685,59.401127,0.888053,0.028604,0.03851,4,10,7,5,4,10,7,5,4,10,7,5,3,10,8,5,0.03476,0.06617,0.27898,0.29717,1,1,29:09:2020,04:25:08,621,-32.12641,-64.72837,1141.0,lev20,Almucantar,ARM_Cordoba,319,319.488588,0.03851,0.020738,0.014973,0.012193,1.395385,58.767685,59.401127,0.888053,0.028604,0.03851,4,10,7,5,4,10,7,5,4,10,7,5,3,10,8,5,0.03476,0.06617,0.27898,0.29717,1,1,29:09:2020,04:25:08,621,-32.12641,-64.72837,1141.0,lev20,Almucantar,ARM_Cordoba,319,319.488588,,,,,,,,,58.767685,59.401127,0.888053,0.028604,0.03851,4,10,7,5,4,10,7,5,4,10,7,5,3,10,8,5,0.03476,0.06617,0.27898,0.29717,1,1,29:09:2020,04:25:08,621,-32.12641,-64.72837,1141.0,lev20,Almucantar,ARM_Cordoba,319,319.488588,,,,,58.767685,59.401127,0.888053,0.028604,0.03851,4,10,7,5,4,10,7,5,4,10,7,5,3,10,8,5,0.03476,0.06617,0.27898,0.29717,1,1,29:09:2020,04:25:08,621,-32.12641,-64.72837,1141.0,lev20,Almucantar,ARM_Cordoba,319,319.488588,,,,,,58.767685,59.401127,0.888053,0.028604,0.03851,4,10,7,5,4,10,7,5,4,10,7,5,3,10,8,5,0.03476,0.06617,0.27898,0.29717,1,1,29:09:2020,04:25:08,621,-32.12641,-64.72837,1141.0,lev20,Almucantar,1.3826939730937673,0.032262443343939046,0.8732726864898086,BCH,Maritime,,Unknown
15:11:2018,12:12:05,ARM_Cordoba,319,319.508391,0.0467,0.0274,0.0203,0.0168,0.041,0.0215,0.0142,0.0106,0.0057,0.0059,0.0061,0.0063,1.227544,52.737133,53.371962,0.775516,0.039129,0.04629,3,10,8,4,3,10,8,4,3,10,8,4,4,10,8,3,0.03364,0.06405,0.26562,0.28422,1,1,29:09:2020,04:25:28,621,-32.12641,-64.72837,1141.0,lev20,Almucantar,ARM_Cordoba,319,319.508391,0.04629,0.02679,0.020637,0.017254,1.197489,52.737133,53.371962,0.775516,0.039129,0.04629,3,10,8,4,3,10,8,4,3,10,8,4,4,10,8,3,0.03364,0.06405,0.26562,0.28422,1,1,29:09:2020,04:25:28,621,-32.12641,-64.72837,1141.0,lev20,Almucantar,ARM_Cordoba,319,319.508391,,,,,,,,,52.737133,53.371962,0.775516,0.039129,0.04629,3,10,8,4,3,10,8,4,3,10,8,4,4,10,8,3,0.03364,0.06405,0.26562,0.28422,1,1,29:09:2020,04:25:28,621,-32.12641,-64.72837,1141.0,lev20,Almucantar,ARM_Cordoba,319,319.508391,,,,,52.737133,53.371962,0.775516,0.039129,0.04629,3,10,8,4,3,10,8,4,3,10,8,4,4,10,8,3,0.03364,0.06405,0.26562,0.28422,1,1,29:09:2020,04:25:28,621,-32.12641,-64.72837,1141.0,lev20,Almucantar,ARM_Cordoba,319,319.508391,,,,,,52.737133,53.371962,0.775516,0.039129,0.04629,3,10,8,4,3,10,8,4,3,10,8,4,4,10,8,3,0.03364,0.06405,0.26562,0.28422,1,1,29:09:2020,04:25:28,621,-32.12641,-64.72837,1141.0,lev20,Almucantar,1.222092839318195,0.03994565545460253,0.8361276178806016,BCH,Maritime,,Unknown
17:11:2018,10:28:32,ARM_Cordoba,321,321.436481,0.0803,0.0541,0.0449,0.0397,0.064,0.0367,0.027,0.0216,0.0163,0.0174,0.0179,0.0181,0.862034,74.29295,74.909439,4.787925,0.196769,0.079381,4,10,7,5,4,10,7,5,4,10,7,6,4,10,7,6,0.03962,0.07364,0.3491,0.36153,1,1,29:09:2020,04:25:38,621,-32.12641,-64.72837,1141.0,lev20,Almucantar,ARM_Cordoba,321,321.436481,0.079381,0.051761,0.04454,0.042768,0.865306,74.29295,74.909439,4.787925,0.196769,0.079381,4,10,7,5,4,10,7,5,4,10,7,6,4,10,7,6,0.03962,0.07364,0.3491,0.36153,1,1,29:09:2020,04:25:38,621,-32.12641,-64.72837,1141.0,lev20,Almucantar,ARM_Cordoba,321,321.436481,,,,,,,,,74.29295,74.909439,4.787925,0.196769,0.079381,4,10,7,5,4,10,7,5,4,10,7,6,4,10,7,6,0.03962,0.07364,0.3491,0.36153,1,1,29:09:2020,04:25:38,621,-32.12641,-64.72837,1141.0,lev20,Almucantar,ARM_Cordoba,321,321.436481,,,,,74.29295,74.909439,4.787925,0.196769,0.079381,4,10,7,5,4,10,7,5,4,10,7,6,4,10,7,6,0.03962,0.07364,0.3491,0.36153,1,1,29:09:2020,04:25:38,621,-32.12641,-64.72837,1141.0,lev20,Almucantar,ARM_Cordoba,321,321.436481,,,,,,74.29295,74.909439,4.787925,0.196769,0.079381,4,10,7,5,4,10,7,5,4,10,7,6,4,10,7,6,0.03962,0.07364,0.3491,0.36153,1,1,29:09:2020,04:25:38,621,-32.12641,-64.72837,1141.0,lev20,Almucantar,0.8527447021322253,0.07200678787701228,0.7392797799276346,Unclassified,Maritime,,Unknown
17:11:2018,10:52:38,ARM_Cordoba,321,321.453218,0.0679,0.0414,0.032,0.0273,0.0567,0.0295,0.0196,0.0148,0.0111,0.0119,0.0124,0.0126,1.111641,69.305838,69.929602,3.404736,0.443666,0.066748,4,10,7,5,4,10,7,6,4,10,7,6,4,10,7,4,0.03739,0.06959,0.32362,0.337,1,1,14:02:2021,22:15:18,621,-32.12641,-64.72837,1141.0,lev20,Almucantar,ARM_Cordoba,321,321.453218,0.066748,0.0426,0.036459,0.034686,0.905904,69.305838,69.929602,3.404736,0.443666,0.066748,4,10,7,5,4,10,7,6,4,10,7,6,4,10,7,4,0.03739,0.06959,0.32362,0.337,1,1,14:02:2021,22:15:18,621,-32.12641,-64.72837,1141.0,lev20,Almucantar,ARM_Cordoba,321,321.453218,,,,,,,,,69.305838,69.929602,3.404736,0.443666,0.066748,4,10,7,5,4,10,7,6,4,10,7,6,4,10,7,4,0.03739,0.06959,0.32362,0.337,1,1,14:02:2021,22:15:18,621,-32.12641,-64.72837,1141.0,lev20,Almucantar,ARM_Cordoba,321,321.453218,,,,,69.305838,69.929602,3.404736,0.443666,0.066748,4,10,7,5,4,10,7,6,4,10,7,6,4,10,7,4,0.03739,0.06959,0.32362,0.337,1,1,14:02:2021,22:15:18,621,-32.12641,-64.72837,1141.0,lev20,Almucantar,ARM_Cordoba,321,321.453218,,,,,,69.305838,69.929602,3.404736,0.443666,0.066748,4,10,7,5,4,10,7,6,4,10,7,6,4,10,7,4,0.03739,0.06959,0.32362,0.337,1,1,14:02:2021,22:15:18,621,-32.12641,-64.72837,1141.0,lev20,Almucantar,1.1035348880937286,0.058966379897322264,0.7770132724910627,Unclassified,Maritime,,Unknown
18:11:2018,10:28:12,ARM_Cordoba,322,322.43625,0.0309,0.0182,0.0137,0.0118,0.0252,0.0123,0.0074,0.0054,0.0057,0.006,0.0062,0.0064,1.20053,74.286682,74.902448,2.208688,0.047376,0.03078,4,10,7,6,4,10,7,6,4,10,7,6,4,10,7,6,0.03964,0.07367,0.34913,0.36149,1,1,29:09:2020,04:26:15,621,-32.12641,-64.72837,1141.0,lev20,Almucantar,ARM_Cordoba,322,322.43625,0.03078,0.017147,0.013279,0.012009,1.249956,74.286682,74.902448,2.208688,0.047376,0.03078,4,10,7,6,4,10,7,6,4,10,7,6,4,10,7,6,0.03964,0.07367,0.34913,0.36149,1,1,29:09:2020,04:26:15,621,-32.12641,-64.72837,1141.0,lev20,Almucantar,ARM_Cordoba,322,322.43625,,,,,,,,,74.286682,74.902448,2.208688,0.047376,0.03078,4,10,7,6,4,10,7,6,4,10,7,6,4,10,7,6,0.03964,0.07367,0.34913,0.36149,1,1,29:09:2020,04:26:15,621,-32.12641,-64.72837,1141.0,lev20,Almucantar,ARM_Cordoba,322,322.43625,,,,,74.286682,74.902448,2.208688,0.047376,0.03078,4,10,7,6,4,10,7,6,4,10,7,6,4,10,7,6,0.03964,0.07367,0.34913,0.36149,1,1,29:09:2020,04:26:15,621,-32.12641,-64.72837,1141.0,lev20,Almucantar,ARM_Cordoba,322,322.43625,,,,,,74.286682,74.902448,2.208688,0.047376,0.03078,4,10,7,6,4,10,7,6,4,10,7,6,4,10,7,6,0.03964,0.07367,0.34913,0.36149,1,1,29:09:2020,04:26:15,621,-32.12641,-64.72837,1141.0,lev20,Almucantar,1.1931029732664722,0.026528982331980273,0.7495512426349795,Unclassified,Maritime,,Unknown
18:11:2018,10:52:16,ARM_Cordoba,322,322.452963,0.0309,0.0181,0.0135,0.0115,0.0248,0.0115,0.0066,0.0046,0.0061,0.0066,0.0069,0.0069,1.221263,69.311705,69.934872,1.697269,0.063628,0.030767,4,10,7,6,4,10,7,6,4,10,7,6,4,10,7,6,0.0374,0.0696,0.32365,0.33702,1,1,29:09:2020,04:26:44,621,-32.12641,-64.72837,1141.0,lev20,Almucantar,ARM_Cordoba,322,322.452963,0.030767,0.016718,0.013013,0.011779,1.282118,69.311705,69.934872,1.697269,0.063628,0.030767,4,10,7,6,4,10,7,6,4,10,7,6,4,10,7,6,0.0374,0.0696,0.32365,0.33702,1,1,29:09:2020,04:26:44,621,-32.12641,-64.72837,1141.0,lev20,Almucantar,ARM_Cordoba,322,322.452963,,,,,,,,,69.311705,69.934872,1.697269,0.063628,0.030767,4,10,7,6,4,10,7,6,4,10,7,6,4,10,7,6,0.0374,0.0696,0.32365,0.33702,1,1,29:09:2020,04:26:44,621,-32.12641,-64.72837,1141.0,lev20,Almucantar,ARM_Cordoba,322,322.452963,,,,,69.311705,69.934872,1.697269,0.063628,0.030767,4,10,7,6,4,10,7,6,4,10,7,6,4,10,7,6,0.0374,0.0696,0.32365,0.33702,1,1,29:09:2020,04:26:44,621,-32.12641,-64.72837,1141.0,lev20,Almucantar,ARM_Cordoba,322,322.452963,,,,,,69.311705,69.934872,1.697269,0.063628,0.030767,4,10,7,6,4,10,7,6,4,10,7,6,4,10,7,6,0.0374,0.0696,0.32365,0.33702,1,1,29:09:2020,04:26:44,621,-32.12641,-64.72837,1141.0,lev20,Almucantar,1.2146751437722838,0.026455925640398396,0.7226679868832051,BCH,Maritime,,Unknown
18:11:2018,11:42:31,ARM_Cordoba,322,322.487859,0.0321,0.0184,0.0134,0.0113,0.0269,0.013,0.0078,0.0056,0.0051,0.0054,0.0056,0.0057,1.286561,58.778955,59.411608,0.954444,0.069479,0.031877,4,10,7,5,4,10,7,5,4,10,7,5,3,10,8,5,0.03424,0.06394,0.28742,0.30245,1,1,29:09:2020,04:27:01,621,-32.12641,-64.72837,1141.0,lev20,Almucantar,ARM_Cordoba,322,322.487859,0.031877,0.016538,0.013005,0.010992,1.340806,58.778955,59.411608,0.954444,0.069479,0.031877,4,10,7,5,4,10,7,5,4,10,7,5,3,10,8,5,0.03424,0.06394,0.28742,0.30245,1,1,29:09:2020,04:27:01,621,-32.12641,-64.72837,1141.0,lev20,Almucantar,ARM_Cordoba,322,322.487859,,,,,,,,,58.778955,59.411608,0.954444,0.069479,0.031877,4,10,7,5,4,10,7,5,4,10,7,5,3,10,8,5,0.03424,0.06394,0.28742,0.30245,1,1,29:09:2020,04:27:01,621,-32.12641,-64.72837,1141.0,lev20,Almucantar,ARM_Cordoba,322,322.487859,,,,,58.778955,59.411608,0.954444,0.069479,0.031877,4,10,7,5,4,10,7,5,4,10,7,5,3,10,8,5,0.03424,0.06394,0.28742,0.30245,1,1,29:09:2020,04:27:01,621,-32.12641,-64.72837,1141.0,lev20,Almucantar,ARM_Cordoba,322,322.487859,,,,,,58.778955,59.411608,0.954444,0.069479,0.031877,4,10,7,5,4,10,7,5,4,10,7,5,3,10,8,5,0.03424,0.06394,0.28742,0.30245,1,1,29:09:2020,04:27:01,621,-32.12641,-64.72837,1141.0,lev20,Almucantar,1.2814693201651983,0.027249672057584245,0.7778390397283474,BCH,Maritime,,Unknown
18:11:2018,12:11:04,ARM_Cordoba,322,322.507685,0.0323,0.0184,0.0132,0.0108,0.0276,0.0135,0.0081,0.0056,0.0047,0.0049,0.0051,0.0052,1.316098,52.745426,53.380139,0.978663,0.101625,0.032043,3,10,8,4,3,10,8,4,3,10,8,4,4,10,8,4,0.03307,0.06187,0.27356,0.28934,1,1,29:09:2020,04:27:15,621,-32.12641,-64.72837,1141.0,lev20,Almucantar,ARM_Cordoba,322,322.507685,0.032043,0.016021,0.013122,0.01099,1.34464,52.745426,53.380139,0.978663,0.101625,0.032043,3,10,8,4,3,10,8,4,3,10,8,4,4,10,8,4,0.03307,0.06187,0.27356,0.28934,1,1,29:09:2020,04:27:15,621,-32.12641,-64.72837,1141.0,lev20,Almucantar,ARM_Cordoba,322,322.507685,,,,,,,,,52.745426,53.380139,0.978663,0.101625,0.032043,3,10,8,4,3,10,8,4,3,10,8,4,4,10,8,4,0.03307,0.06187,0.27356,0.28934,1,1,29:09:2020,04:27:15,621,-32.12641,-64.72837,1141.0,lev20,Almucantar,ARM_Cordoba,322,322.507685,,,,,52.745426,53.380139,0.978663,0.101625,0.032043,3,10,8,4,3,10,8,4,3,10,8,4,4,10,8,4,0.03307,0.06187,0.27356,0.28934,1,1,29:09:2020,04:27:15,621,-32.12641,-64.72837,1141.0,lev20,Almucantar,ARM_Cordoba,322,322.507685,,,,,,52.745426,53.380139,0.978663,0.101625,0.032043,3,10,8,4,3,10,8,4,3,10,8,4,4,10,8,4,0.03307,0.06187,0.27356,0.28934,1,1,29:09:2020,04:27:15,621,-32.12641,-64.72837,1141.0,lev20,Almucantar,1.3126391915020452,0.027310415151130366,0.8023385431803288,BCH,Maritime,,Unknown
18:11:2018,20:01:26,ARM_Cordoba,322,322.834329,0.0466,0.03,0.0251,0.0232,0.0296,0.0121,0.0065,0.0044,0.0169,0.0179,0.0185,0.0188,0.922304,54.887857,54.253898,2.236327,0.077797,0.045815,4,10,8,4,4,10,8,4,4,10,8,4,4,10,8,4,0.03358,0.06261,0.27747,0.29102,1,1,29:09:2020,04:26:21,621,-32.12641,-64.72837,1141.0,lev20,Almucantar,ARM_Cordoba,322,322.834329,0.045815,0.029467,0.02557,0.02387,0.875596,54.887857,54.253898,2.236327,0.077797,0.045815,4,10,8,4,4,10,8,4,4,10,8,4,4,10,8,4,0.03358,0.06261,0.27747,0.29102,1,1,29:09:2020,04:26:21,621,-32.12641,-64.72837,1141.0,lev20,Almucantar,ARM_Cordoba,322,322.834329,,,,,,,,,54.887857,54.253898,2.236327,0.077797,0.045815,4,10,8,4,4,10,8,4,4,10,8,4,4,10,8,4,0.03358,0.06261,0.27747,0.29102,1,1,29:09:2020,04:26:21,621,-32.12641,-64.72837,1141.0,lev20,Almucantar,ARM_Cordoba,322,322.834329,,,,,54.887857,54.253898,2.236327,0.077797,0.045815,4,10,8,4,4,10,8,4,4,10,8,4,4,10,8,4,0.03358,0.06261,0.27747,0.29102,1,1,29:09:2020,04:26:21,621,-32.12641,-64.72837,1141.0,lev20,Almucantar,ARM_Cordoba,322,322.834329,,,,,,54.887857,54.253898,2.236327,0.077797,0.045815,4,10,8,4,4,10,8,4,4,10,8,4,4,10,8,4,0.03358,0.06261,0.27747,0.29102,1,1,29:09:2020,04:26:21,621,-32.12641,-64.72837,1141.0,lev20,Almucantar,0.9076073318346025,0.04149521153564571,0.513500263389235,MA,Maritime,,Unknown
18:11:2018,20:29:53,ARM_Cordoba,322,322.854086,0.0515,0.0339,0.0284,0.0263,0.0324,0.0138,0.0076,0.0052,0.0191,0.0201,0.0208,0.0211,0.8859,60.887398,60.256183,2.548437,0.124909,0.049077,3,10,8,5,3,10,8,5,3,10,8,5,3,10,8,5,0.03492,0.06492,0.2924,0.3046,1,1,14:02:2021,21:55:59,621,-32.12641,-64.72837,1141.0,lev20,Almucantar,ARM_Cordoba,322,322.854086,0.049077,0.032745,0.029021,0.027546,0.790473,60.887398,60.256183,2.548437,0.124909,0.049077,3,10,8,5,3,10,8,5,3,10,8,5,3,10,8,5,0.03492,0.06492,0.2924,0.3046,1,1,14:02:2021,21:55:59,621,-32.12641,-64.72837,1141.0,lev20,Almucantar,ARM_Cordoba,322,322.854086,,,,,,,,,60.887398,60.256183,2.548437,0.124909,0.049077,3,10,8,5,3,10,8,5,3,10,8,5,3,10,8,5,0.03492,0.06492,0.2924,0.3046,1,1,14:02:2021,21:55:59,621,-32.12641,-64.72837,1141.0,lev20,Almucantar,ARM_Cordoba,322,322.854086,,,,,60.887398,60.256183,2.548437,0.124909,0.049077,3,10,8,5,3,10,8,5,3,10,8,5,3,10,8,5,0.03492,0.06492,0.2924,0.3046,1,1,14:02:2021,21:55:59,621,-32.12641,-64.72837,1141.0,lev20,Almucantar,ARM_Cordoba,322,322.854086,,,,,,60.887398,60.256183,2.548437,0.124909,0.049077,3,10,8,5,3,10,8,5,3,10,8,5,3,10,8,5,0.03492,0.06492,0.2924,0.3046,1,1,14:02:2021,21:55:59,621,-32.12641,-64.72837,1141.0,lev20,Almucantar,0.8730769017254103,0.046061315001472286,0.5135715414434162,MA,Maritime,,Unknown
19:11:2018,10:27:58,ARM_Cordoba,323,323.436088,0.0438,0.028,0.0232,0.0214,0.0292,0.0123,0.0068,0.0047,0.0146,0.0157,0.0164,0.0167,0.946097,74.265502,74.880576,2.258707,0.05011,0.043301,4,10,7,6,4,10,7,6,4,10,7,6,4,10,7,6,0.03961,0.07361,0.34875,0.36137,1,1,29:09:2020,04:28:10,621,-32.12641,-64.72837,1141.0,lev20,Almucantar,ARM_Cordoba,323,323.436088,0.043301,0.026767,0.022531,0.021226,0.977642,74.265502,74.880576,2.258707,0.05011,0.043301,4,10,7,6,4,10,7,6,4,10,7,6,4,10,7,6,0.03961,0.07361,0.34875,0.36137,1,1,29:09:2020,04:28:10,621,-32.12641,-64.72837,1141.0,lev20,Almucantar,ARM_Cordoba,323,323.436088,,,,,,,,,74.265502,74.880576,2.258707,0.05011,0.043301,4,10,7,6,4,10,7,6,4,10,7,6,4,10,7,6,0.03961,0.07361,0.34875,0.36137,1,1,29:09:2020,04:28:10,621,-32.12641,-64.72837,1141.0,lev20,Almucantar,ARM_Cordoba,323,323.436088,,,,,74.265502,74.880576,2.258707,0.05011,0.043301,4,10,7,6,4,10,7,6,4,10,7,6,4,10,7,6,0.03961,0.07361,0.34875,0.36137,1,1,29:09:2020,04:28:10,621,-32.12641,-64.72837,1141.0,lev20,Almucantar,ARM_Cordoba,323,323.436088,,,,,,74.265502,74.880576,2.258707,0.05011,0.043301,4,10,7,6,4,10,7,6,4,10,7,6,4,10,7,6,0.03961,0.07361,0.34875,0.36137,1,1,29:09:2020,04:28:10,621,-32.12641,-64.72837,1141.0,lev20,Almucantar,0.9321758950924295,0.03887963648459558,0.5486512914838481,MA,Maritime,,Unknown
19:11:2018,10:52:04,ARM_Cordoba,323,323.452824,0.0438,0.0274,0.0226,0.0208,0.0296,0.0123,0.0068,0.0047,0.0141,0.0151,0.0158,0.0161,0.985877,69.28862,69.911224,1.546983,0.042839,0.043175,4,10,7,6,4,10,7,6,4,10,7,6,4,10,7,6,0.03737,0.06956,0.32341,0.33692,1,1,29:09:2020,04:28:09,621,-32.12641,-64.72837,1141.0,lev20,Almucantar,ARM_Cordoba,323,323.452824,0.043175,0.026234,0.022114,0.020821,1.00255,69.28862,69.911224,1.546983,0.042839,0.043175,4,10,7,6,4,10,7,6,4,10,7,6,4,10,7,6,0.03737,0.06956,0.32341,0.33692,1,1,29:09:2020,04:28:09,621,-32.12641,-64.72837,1141.0,lev20,Almucantar,ARM_Cordoba,323,323.452824,,,,,,,,,69.28862,69.911224,1.546983,0.042839,0.043175,4,10,7,6,4,10,7,6,4,10,7,6,4,10,7,6,0.03737,0.06956,0.32341,0.33692,1,1,29:09:2020,04:28:09,621,-32.12641,-64.72837,1141.0,lev20,Almucantar,ARM_Cordoba,323,323.452824,,,,,69.28862,69.911224,1.546983,0.042839,0.043175,4,10,7,6,4,10,7,6,4,10,7,6,4,10,7,6,0.03737,0.06956,0.32341,0.33692,1,1,29:09:2020,04:28:09,621,-32.12641,-64.72837,1141.0,lev20,Almucantar,ARM_Cordoba,323,323.452824,,,,,,69.28862,69.911224,1.546983,0.042839,0.043175,4,10,7,6,4,10,7,6,4,10,7,6,4,10,7,6,0.03737,0.06956,0.32341,0.33692,1,1,29:09:2020,04:28:09,621,-32.12641,-64.72837,1141.0,lev20,Almucantar,0.9706116614398224,0.03868907483880876,0.5584587991509394,MA,Maritime,,Unknown
19:11:2018,11:42:14,ARM_Cordoba,323,323.487662,0.0431,0.026,0.0208,0.0188,0.0307,0.0127,0.007,0.0046,0.0125,0.0133,0.0139,0.0142,1.082877,58.780407,59.412772,0.927134,0.042545,0.042389,4,10,7,5,4,10,7,5,4,10,7,5,3,10,8,5,0.03424,0.06394,0.28742,0.30246,1,1,14:02:2021,22:40:10,621,-32.12641,-64.72837,1141.0,lev20,Almucantar,ARM_Cordoba,323,323.487662,0.042389,0.025105,0.021115,0.019067,1.045464,58.780407,59.412772,0.927134,0.042545,0.042389,4,10,7,5,4,10,7,5,4,10,7,5,3,10,8,5,0.03424,0.06394,0.28742,0.30246,1,1,14:02:2021,22:40:10,621,-32.12641,-64.72837,1141.0,lev20,Almucantar,ARM_Cordoba,323,323.487662,,,,,,,,,58.780407,59.412772,0.927134,0.042545,0.042389,4,10,7,5,4,10,7,5,4,10,7,5,3,10,8,5,0.03424,0.06394,0.28742,0.30246,1,1,14:02:2021,22:40:10,621,-32.12641,-64.72837,1141.0,lev20,Almucantar,ARM_Cordoba,323,323.487662,,,,,58.780407,59.412772,0.927134,0.042545,0.042389,4,10,7,5,4,10,7,5,4,10,7,5,3,10,8,5,0.03424,0.06394,0.28742,0.30246,1,1,14:02:2021,22:40:10,621,-32.12641,-64.72837,1141.0,lev20,Almucantar,ARM_Cordoba,323,323.487662,,,,,,58.780407,59.412772,0.927134,0.042545,0.042389,4,10,7,5,4,10,7,5,4,10,7,5,3,10,8,5,0.03424,0.06394,0.28742,0.30246,1,1,14:02:2021,22:40:10,621,-32.12641,-64.72837,1141.0,lev20,Almucantar,1.0687256202011723,0.03759624573210658,0.6024278822765317,Unclassified,Maritime,,Unknown
19:11:2018,12:10:49,ARM_Cordoba,323,323.507512,0.0415,0.025,0.0196,0.0175,0.0304,0.0132,0.0072,0.0049,0.0111,0.0118,0.0124,0.0126,1.111713,52.741505,53.376139,0.803922,0.072828,0.041015,3,10,8,4,3,10,8,4,3,10,8,4,4,10,8,4,0.03308,0.06188,0.27358,0.28934,1,1,29:09:2020,04:27:56,621,-32.12641,-64.72837,1141.0,lev20,Almucantar,ARM_Cordoba,323,323.507512,0.041015,0.02348,0.020058,0.018072,1.077956,52.741505,53.376139,0.803922,0.072828,0.041015,3,10,8,4,3,10,8,4,3,10,8,4,4,10,8,4,0.03308,0.06188,0.27358,0.28934,1,1,29:09:2020,04:27:56,621,-32.12641,-64.72837,1141.0,lev20,Almucantar,ARM_Cordoba,323,323.507512,,,,,,,,,52.741505,53.376139,0.803922,0.072828,0.041015,3,10,8,4,3,10,8,4,3,10,8,4,4,10,8,4,0.03308,0.06188,0.27358,0.28934,1,1,29:09:2020,04:27:56,621,-32.12641,-64.72837,1141.0,lev20,Almucantar,ARM_Cordoba,323,323.507512,,,,,52.741505,53.376139,0.803922,0.072828,0.041015,3,10,8,4,3,10,8,4,3,10,8,4,4,10,8,4,0.03308,0.06188,0.27358,0.28934,1,1,29:09:2020,04:27:56,621,-32.12641,-64.72837,1141.0,lev20,Almucantar,ARM_Cordoba,323,323.507512,,,,,,52.741505,53.376139,0.803922,0.072828,0.041015,3,10,8,4,3,10,8,4,3,10,8,4,4,10,8,4,0.03308,0.06188,0.27358,0.28934,1,1,29:09:2020,04:27:56,621,-32.12641,-64.72837,1141.0,lev20,Almucantar,1.1004012327615438,0.036054274482283565,0.6315922920820615,Unclassified,Maritime,,Unknown
19:11:2018,20:02:02,ARM_Cordoba,323,323.834745,0.0649,0.044,0.0378,0.0356,0.037,0.0148,0.0076,0.005,0.0279,0.0292,0.0302,0.0306,0.806683,54.865146,54.231309,1.699936,0.063526,0.062783,4,10,8,4,4,10,8,4,4,10,8,4,4,10,8,4,0.03358,0.0626,0.27739,0.29098,1,1,14:02:2021,22:40:28,621,-32.12641,-64.72837,1141.0,lev20,Almucantar,ARM_Cordoba,323,323.834745,0.062783,0.04248,0.038137,0.035319,0.751683,54.865146,54.231309,1.699936,0.063526,0.062783,4,10,8,4,4,10,8,4,4,10,8,4,4,10,8,4,0.03358,0.0626,0.27739,0.29098,1,1,14:02:2021,22:40:28,621,-32.12641,-64.72837,1141.0,lev20,Almucantar,ARM_Cordoba,323,323.834745,,,,,,,,,54.865146,54.231309,1.699936,0.063526,0.062783,4,10,8,4,4,10,8,4,4,10,8,4,4,10,8,4,0.03358,0.0626,0.27739,0.29098,1,1,14:02:2021,22:40:28,621,-32.12641,-64.72837,1141.0,lev20,Almucantar,ARM_Cordoba,323,323.834745,,,,,54.865146,54.231309,1.699936,0.063526,0.062783,4,10,8,4,4,10,8,4,4,10,8,4,4,10,8,4,0.03358,0.0626,0.27739,0.29098,1,1,14:02:2021,22:40:28,621,-32.12641,-64.72837,1141.0,lev20,Almucantar,ARM_Cordoba,323,323.834745,,,,,,54.865146,54.231309,1.699936,0.063526,0.062783,4,10,8,4,4,10,8,4,4,10,8,4,4,10,8,4,0.03358,0.0626,0.27739,0.29098,1,1,14:02:2021,22:40:28,621,-32.12641,-64.72837,1141.0,lev20,Almucantar,0.7929057714982946,0.05864414881366397,0.445084696883836,MA,Maritime,,Unknown
19:11:2018,20:30:33,ARM_Cordoba,323,323.854549,0.067,0.0445,0.0386,0.0365,0.0381,0.0141,0.0071,0.0046,0.0289,0.0304,0.0314,0.0319,0.825999,60.876555,60.245656,2.245051,0.121298,0.064159,3,10,8,5,3,10,8,5,3,10,8,5,3,10,8,5,0.03491,0.06491,0.2924,0.30458,1,1,14:02:2021,22:41:18,621,-32.12641,-64.72837,1141.0,lev20,Almucantar,ARM_Cordoba,323,323.854549,0.064159,0.044541,0.039686,0.037388,0.721558,60.876555,60.245656,2.245051,0.121298,0.064159,3,10,8,5,3,10,8,5,3,10,8,5,3,10,8,5,0.03491,0.06491,0.2924,0.30458,1,1,14:02:2021,22:41:18,621,-32.12641,-64.72837,1141.0,lev20,Almucantar,ARM_Cordoba,323,323.854549,,,,,,,,,60.876555,60.245656,2.245051,0.121298,0.064159,3,10,8,5,3,10,8,5,3,10,8,5,3,10,8,5,0.03491,0.06491,0.2924,0.30458,1,1,14:02:2021,22:41:18,621,-32.12641,-64.72837,1141.0,lev20,Almucantar,ARM_Cordoba,323,323.854549,,,,,60.876555,60.245656,2.245051,0.121298,0.064159,3,10,8,5,3,10,8,5,3,10,8,5,3,10,8,5,0.03491,0.06491,0.2924,0.30458,1,1,14:02:2021,22:41:18,621,-32.12641,-64.72837,1141.0,lev20,Almucantar,ARM_Cordoba,323,323.854549,,,,,,60.876555,60.245656,2.245051,0.121298,0.064159,3,10,8,5,3,10,8,5,3,10,8,5,3,10,8,5,0.03491,0.06491,0.2924,0.30458,1,1,14:02:2021,22:41:18,621,-32.12641,-64.72837,1141.0,lev20,Almucantar,0.808897448531807,0.060418088062363935,0.4314774395125016,MA,Maritime,,Unknown
20:11:2018,10:27:27,ARM_Cordoba,324,324.435729,0.0512,0.0295,0.0232,0.0209,0.0377,0.0149,0.0079,0.0054,0.0135,0.0146,0.0153,0.0155,1.177068,74.308053,74.922323,2.093905,0.040355,0.050853,4,10,7,6,4,10,7,6,4,10,7,6,4,10,7,6,0.03964,0.07365,0.34895,0.3616,1,1,29:09:2020,04:28:55,621,-32.12641,-64.72837,1141.0,lev20,Almucantar,ARM_Cordoba,324,324.435729,0.050853,0.02843,0.022638,0.021001,1.207699,74.308053,74.922323,2.093905,0.040355,0.050853,4,10,7,6,4,10,7,6,4,10,7,6,4,10,7,6,0.03964,0.07365,0.34895,0.3616,1,1,29:09:2020,04:28:55,621,-32.12641,-64.72837,1141.0,lev20,Almucantar,ARM_Cordoba,324,324.435729,,,,,,,,,74.308053,74.922323,2.093905,0.040355,0.050853,4,10,7,6,4,10,7,6,4,10,7,6,4,10,7,6,0.03964,0.07365,0.34895,0.3616,1,1,29:09:2020,04:28:55,621,-32.12641,-64.72837,1141.0,lev20,Almucantar,ARM_Cordoba,324,324.435729,,,,,74.308053,74.922323,2.093905,0.040355,0.050853,4,10,7,6,4,10,7,6,4,10,7,6,4,10,7,6,0.03964,0.07365,0.34895,0.3616,1,1,29:09:2020,04:28:55,621,-32.12641,-64.72837,1141.0,lev20,Almucantar,ARM_Cordoba,324,324.435729,,,,,,74.308053,74.922323,2.093905,0.040355,0.050853,4,10,7,6,4,10,7,6,4,10,7,6,4,10,7,6,0.03964,0.07365,0.34895,0.3616,1,1,29:09:2020,04:28:55,621,-32.12641,-64.72837,1141.0,lev20,Almucantar,1.1611644265145176,0.04413724432422011,0.6180111323048667,Unclassified,Maritime,,Unknown
20:11:2018,10:51:37,ARM_Cordoba,324,324.452512,0.0515,0.0295,0.023,0.0207,0.0387,0.0156,0.0084,0.0059,0.0129,0.0139,0.0146,0.0148,1.197609,69.323119,69.945086,1.82862,0.053049,0.051045,4,10,7,6,4,10,7,6,4,10,7,6,4,10,7,6,0.0374,0.06961,0.3237,0.33706,1,1,14:02:2021,22:13:14,621,-32.12641,-64.72837,1141.0,lev20,Almucantar,ARM_Cordoba,324,324.452512,0.051045,0.028187,0.022422,0.020674,1.228281,69.323119,69.945086,1.82862,0.053049,0.051045,4,10,7,6,4,10,7,6,4,10,7,6,4,10,7,6,0.0374,0.06961,0.3237,0.33706,1,1,14:02:2021,22:13:14,621,-32.12641,-64.72837,1141.0,lev20,Almucantar,ARM_Cordoba,324,324.452512,,,,,,,,,69.323119,69.945086,1.82862,0.053049,0.051045,4,10,7,6,4,10,7,6,4,10,7,6,4,10,7,6,0.0374,0.06961,0.3237,0.33706,1,1,14:02:2021,22:13:14,621,-32.12641,-64.72837,1141.0,lev20,Almucantar,ARM_Cordoba,324,324.452512,,,,,69.323119,69.945086,1.82862,0.053049,0.051045,4,10,7,6,4,10,7,6,4,10,7,6,4,10,7,6,0.0374,0.06961,0.3237,0.33706,1,1,14:02:2021,22:13:14,621,-32.12641,-64.72837,1141.0,lev20,Almucantar,ARM_Cordoba,324,324.452512,,,,,,69.323119,69.945086,1.82862,0.053049,0.051045,4,10,7,6,4,10,7,6,4,10,7,6,4,10,7,6,0.0374,0.06961,0.3237,0.33706,1,1,14:02:2021,22:13:14,621,-32.12641,-64.72837,1141.0,lev20,Almucantar,1.1824346996433903,0.04427531035799483,0.6372245176322888,Unclassified,Maritime,,Unknown
20:11:2018,11:41:57,ARM_Cordoba,324,324.487465,0.0545,0.0312,0.0241,0.0215,0.0416,0.0174,0.0096,0.0068,0.0129,0.0138,0.0144,0.0147,1.21082,58.787716,59.41978,1.735952,0.095402,0.053733,4,10,7,5,3,10,7,5,4,10,7,5,3,10,8,5,0.03424,0.06394,0.28741,0.30247,1,1,14:02:2021,22:13:07,621,-32.12641,-64.72837,1141.0,lev20,Almucantar,ARM_Cordoba,324,324.487465,0.053733,0.029161,0.023559,0.020867,1.234907,58.787716,59.41978,1.735952,0.095402,0.053733,4,10,7,5,3,10,7,5,4,10,7,5,3,10,8,5,0.03424,0.06394,0.28741,0.30247,1,1,14:02:2021,22:13:07,621,-32.12641,-64.72837,1141.0,lev20,Almucantar,ARM_Cordoba,324,324.487465,,,,,,,,,58.787716,59.41978,1.735952,0.095402,0.053733,4,10,7,5,3,10,7,5,4,10,7,5,3,10,8,5,0.03424,0.06394,0.28741,0.30247,1,1,14:02:2021,22:13:07,621,-32.12641,-64.72837,1141.0,lev20,Almucantar,ARM_Cordoba,324,324.487465,,,,,58.787716,59.41978,1.735952,0.095402,0.053733,4,10,7,5,3,10,7,5,4,10,7,5,3,10,8,5,0.03424,0.06394,0.28741,0.30247,1,1,14:02:2021,22:13:07,621,-32.12641,-64.72837,1141.0,lev20,Almucantar,ARM_Cordoba,324,324.487465,,,,,,58.787716,59.41978,1.735952,0.095402,0.053733,4,10,7,5,3,10,7,5,4,10,7,5,3,10,8,5,0.03424,0.06394,0.28741,0.30247,1,1,14:02:2021,22:13:07,621,-32.12641,-64.72837,1141.0,lev20,Almucantar,1.1969586852088954,0.04676754303266648,0.659517815485247,Unclassified,Maritime,,Unknown
20:11:2018,12:10:27,ARM_Cordoba,324,324.507257,0.0548,0.0307,0.0238,0.0207,0.0423,0.0174,0.0099,0.0066,0.0124,0.0133,0.0138,0.0141,1.23979,52.76828,53.402811,1.050038,0.060892,0.053893,3,10,8,4,3,10,8,4,3,10,8,4,4,10,8,4,0.03309,0.06189,0.27367,0.28939,1,1,29:09:2020,04:28:26,621,-32.12641,-64.72837,1141.0,lev20,Almucantar,ARM_Cordoba,324,324.507257,0.053893,0.029175,0.02362,0.020401,1.235979,52.76828,53.402811,1.050038,0.060892,0.053893,3,10,8,4,3,10,8,4,3,10,8,4,4,10,8,4,0.03309,0.06189,0.27367,0.28939,1,1,29:09:2020,04:28:26,621,-32.12641,-64.72837,1141.0,lev20,Almucantar,ARM_Cordoba,324,324.507257,,,,,,,,,52.76828,53.402811,1.050038,0.060892,0.053893,3,10,8,4,3,10,8,4,3,10,8,4,4,10,8,4,0.03309,0.06189,0.27367,0.28939,1,1,29:09:2020,04:28:26,621,-32.12641,-64.72837,1141.0,lev20,Almucantar,ARM_Cordoba,324,324.507257,,,,,52.76828,53.402811,1.050038,0.060892,0.053893,3,10,8,4,3,10,8,4,3,10,8,4,4,10,8,4,0.03309,0.06189,0.27367,0.28939,1,1,29:09:2020,04:28:26,621,-32.12641,-64.72837,1141.0,lev20,Almucantar,ARM_Cordoba,324,324.507257,,,,,,52.76828,53.402811,1.050038,0.060892,0.053893,3,10,8,4,3,10,8,4,3,10,8,4,4,10,8,4,0.03309,0.06189,0.27367,0.28939,1,1,29:09:2020,04:28:26,621,-32.12641,-64.72837,1141.0,lev20,Almucantar,1.2233856525089237,0.04686638502830094,0.673317419870058,BCH,Maritime,,Unknown
20:11:2018,20:02:49,ARM_Cordoba,324,324.835289,0.0685,0.0389,0.0296,0.0263,0.0517,0.021,0.011,0.0073,0.0169,0.0179,0.0187,0.019,1.243205,54.881359,54.247669,1.524944,0.145126,0.06695,4,10,7,4,4,10,7,4,4,10,8,3,4,10,8,4,0.03358,0.0626,0.27742,0.29101,1,1,14:02:2021,22:12:33,621,-32.12641,-64.72837,1141.0,lev20,Almucantar,ARM_Cordoba,324,324.835289,0.06695,0.038042,0.031296,0.027334,1.139314,54.881359,54.247669,1.524944,0.145126,0.06695,4,10,7,4,4,10,7,4,4,10,8,3,4,10,8,4,0.03358,0.0626,0.27742,0.29101,1,1,14:02:2021,22:12:33,621,-32.12641,-64.72837,1141.0,lev20,Almucantar,ARM_Cordoba,324,324.835289,,,,,,,,,54.881359,54.247669,1.524944,0.145126,0.06695,4,10,7,4,4,10,7,4,4,10,8,3,4,10,8,4,0.03358,0.0626,0.27742,0.29101,1,1,14:02:2021,22:12:33,621,-32.12641,-64.72837,1141.0,lev20,Almucantar,ARM_Cordoba,324,324.835289,,,,,54.881359,54.247669,1.524944,0.145126,0.06695,4,10,7,4,4,10,7,4,4,10,8,3,4,10,8,4,0.03358,0.0626,0.27742,0.29101,1,1,14:02:2021,22:12:33,621,-32.12641,-64.72837,1141.0,lev20,Almucantar,ARM_Cordoba,324,324.835289,,,,,,54.881359,54.247669,1.524944,0.145126,0.06695,4,10,7,4,4,10,7,4,4,10,8,3,4,10,8,4,0.03358,0.0626,0.27742,0.29101,1,1,14:02:2021,22:12:33,621,-32.12641,-64.72837,1141.0,lev20,Almucantar,1.2308004003480988,0.058527479584653465,0.6498224926313004,BCH,Maritime,,Unknown
20:11:2018,20:31:17,ARM_Cordoba,324,324.855058,0.073,0.0417,0.0311,0.0274,0.0558,0.0233,0.0121,0.008,0.0173,0.0184,0.0191,0.0193,1.260528,60.879817,60.249252,2.181915,0.106989,0.071147,3,10,7,5,3,10,7,5,3,10,4,5,3,10,8,5,0.03491,0.06492,0.29241,0.30459,1,1,14:02:2021,22:13:03,621,-32.12641,-64.72837,1141.0,lev20,Almucantar,ARM_Cordoba,324,324.855058,0.071147,0.039721,0.031769,0.027932,1.203973,60.879817,60.249252,2.181915,0.106989,0.071147,3,10,7,5,3,10,7,5,3,10,4,5,3,10,8,5,0.03491,0.06492,0.29241,0.30459,1,1,14:02:2021,22:13:03,621,-32.12641,-64.72837,1141.0,lev20,Almucantar,ARM_Cordoba,324,324.855058,,,,,,,,,60.879817,60.249252,2.181915,0.106989,0.071147,3,10,7,5,3,10,7,5,3,10,4,5,3,10,8,5,0.03491,0.06492,0.29241,0.30459,1,1,14:02:2021,22:13:03,621,-32.12641,-64.72837,1141.0,lev20,Almucantar,ARM_Cordoba,324,324.855058,,,,,60.879817,60.249252,2.181915,0.106989,0.071147,3,10,7,5,3,10,7,5,3,10,4,5,3,10,8,5,0.03491,0.06492,0.29241,0.30459,1,1,14:02:2021,22:13:03,621,-32.12641,-64.72837,1141.0,lev20,Almucantar,ARM_Cordoba,324,324.855058,,,,,,60.879817,60.249252,2.181915,0.106989,0.071147,3,10,7,5,3,10,7,5,3,10,4,5,3,10,8,5,0.03491,0.06492,0.29241,0.30459,1,1,14:02:2021,22:13:03,621,-32.12641,-64.72837,1141.0,lev20,Almucantar,1.251618726890215,0.06220658108947071,0.6655721148253005,BCH,Maritime,,Unknown
23:11:2018,20:04:52,ARM_Cordoba,327,327.836713,0.0903,0.07,0.0653,0.0639,0.0393,0.0153,0.008,0.0054,0.051,0.0547,0.0573,0.0584,0.488918,54.868176,54.234986,1.285631,0.087146,0.089281,4,10,8,4,4,10,8,4,4,10,8,4,4,10,8,4,0.03358,0.0626,0.27739,0.29098,1,1,29:09:2020,04:30:39,621,-32.12641,-64.72837,1141.0,lev20,Almucantar,ARM_Cordoba,327,327.836713,0.089281,0.068501,0.064148,0.062561,0.499899,54.868176,54.234986,1.285631,0.087146,0.089281,4,10,8,4,4,10,8,4,4,10,8,4,4,10,8,4,0.03358,0.0626,0.27739,0.29098,1,1,29:09:2020,04:30:39,621,-32.12641,-64.72837,1141.0,lev20,Almucantar,ARM_Cordoba,327,327.836713,,,,,,,,,54.868176,54.234986,1.285631,0.087146,0.089281,4,10,8,4,4,10,8,4,4,10,8,4,4,10,8,4,0.03358,0.0626,0.27739,0.29098,1,1,29:09:2020,04:30:39,621,-32.12641,-64.72837,1141.0,lev20,Almucantar,ARM_Cordoba,327,327.836713,,,,,54.868176,54.234986,1.285631,0.087146,0.089281,4,10,8,4,4,10,8,4,4,10,8,4,4,10,8,4,0.03358,0.0626,0.27739,0.29098,1,1,29:09:2020,04:30:39,621,-32.12641,-64.72837,1141.0,lev20,Almucantar,ARM_Cordoba,327,327.836713,,,,,,54.868176,54.234986,1.285631,0.087146,0.089281,4,10,8,4,4,10,8,4,4,10,8,4,4,10,8,4,0.03358,0.0626,0.27739,0.29098,1,1,29:09:2020,04:30:39,621,-32.12641,-64.72837,1141.0,lev20,Almucantar,0.4754828149715327,0.08497481250354391,0.311821106361563,CA,Unclassified,,Unknown
23:11:2018,20:33:28,ARM_Cordoba,327,327.856574,0.0956,0.0736,0.0685,0.067,0.0422,0.0165,0.0086,0.0057,0.0534,0.0571,0.06,0.0613,0.502704,60.887122,60.257588,0.762637,0.014487,0.093992,3,10,8,5,3,10,8,5,3,10,8,5,3,10,8,5,0.03492,0.06493,0.2925,0.30461,1,1,14:02:2021,23:01:13,621,-32.12641,-64.72837,1141.0,lev20,Almucantar,ARM_Cordoba,327,327.856574,0.093992,0.072772,0.068128,0.067004,0.486158,60.887122,60.257588,0.762637,0.014487,0.093992,3,10,8,5,3,10,8,5,3,10,8,5,3,10,8,5,0.03492,0.06493,0.2925,0.30461,1,1,14:02:2021,23:01:13,621,-32.12641,-64.72837,1141.0,lev20,Almucantar,ARM_Cordoba,327,327.856574,,,,,,,,,60.887122,60.257588,0.762637,0.014487,0.093992,3,10,8,5,3,10,8,5,3,10,8,5,3,10,8,5,0.03492,0.06493,0.2925,0.30461,1,1,14:02:2021,23:01:13,621,-32.12641,-64.72837,1141.0,lev20,Almucantar,ARM_Cordoba,327,327.856574,,,,,60.887122,60.257588,0.762637,0.014487,0.093992,3,10,8,5,3,10,8,5,3,10,8,5,3,10,8,5,0.03492,0.06493,0.2925,0.30461,1,1,14:02:2021,23:01:13,621,-32.12641,-64.72837,1141.0,lev20,Almucantar,ARM_Cordoba,327,327.856574,,,,,,60.887122,60.257588,0.762637,0.014487,0.093992,3,10,8,5,3,10,8,5,3,10,8,5,3,10,8,5,0.03492,0.06493,0.2925,0.30461,1,1,14:02:2021,23:01:13,621,-32.12641,-64.72837,1141.0,lev20,Almucantar,0.48896880787691416,0.08980730224694788,0.3189990827777872,CA,Unclassified,,Unknown
23:11:2018,21:23:54,ARM_Cordoba,327,327.891597,0.0995,0.0765,0.0708,0.0689,0.0452,0.018,0.0096,0.0066,0.0543,0.0585,0.0613,0.0624,0.512211,71.373186,70.755653,1.708451,0.025975,0.097953,4,10,7,6,3,10,7,6,2,10,7,6,4,10,7,6,0.03858,0.07131,0.33202,0.3406,1,1,14:02:2021,23:01:44,621,-32.12641,-64.72837,1141.0,lev20,Almucantar,ARM_Cordoba,327,327.891597,0.097953,0.075299,0.069883,0.068564,0.508763,71.373186,70.755653,1.708451,0.025975,0.097953,4,10,7,6,3,10,7,6,2,10,7,6,4,10,7,6,0.03858,0.07131,0.33202,0.3406,1,1,14:02:2021,23:01:44,621,-32.12641,-64.72837,1141.0,lev20,Almucantar,ARM_Cordoba,327,327.891597,,,,,,,,,71.373186,70.755653,1.708451,0.025975,0.097953,4,10,7,6,3,10,7,6,2,10,7,6,4,10,7,6,0.03858,0.07131,0.33202,0.3406,1,1,14:02:2021,23:01:44,621,-32.12641,-64.72837,1141.0,lev20,Almucantar,ARM_Cordoba,327,327.891597,,,,,71.373186,70.755653,1.708451,0.025975,0.097953,4,10,7,6,3,10,7,6,2,10,7,6,4,10,7,6,0.03858,0.07131,0.33202,0.3406,1,1,14:02:2021,23:01:44,621,-32.12641,-64.72837,1141.0,lev20,Almucantar,ARM_Cordoba,327,327.891597,,,,,,71.373186,70.755653,1.708451,0.025975,0.097953,4,10,7,6,3,10,7,6,2,10,7,6,4,10,7,6,0.03858,0.07131,0.33202,0.3406,1,1,14:02:2021,23:01:44,621,-32.12641,-64.72837,1141.0,lev20,Almucantar,0.4991776680318343,0.09334908609769242,0.33003271258217687,CA,Unclassified,,Unknown
24:11:2018,10:26:29,ARM_Cordoba,328,328.435058,0.0765,0.0539,0.0487,0.047,0.0399,0.0148,0.0077,0.0051,0.0367,0.0391,0.0409,0.0419,0.680072,74.309012,74.920441,0.869601,0.025233,0.074678,4,10,7,6,4,10,7,6,4,10,7,6,4,10,7,6,0.03962,0.07365,0.34902,0.36159,1,1,29:09:2020,04:31:40,621,-32.12641,-64.72837,1141.0,lev20,Almucantar,ARM_Cordoba,328,328.435058,0.074678,0.052876,0.04778,0.046927,0.672266,74.309012,74.920441,0.869601,0.025233,0.074678,4,10,7,6,4,10,7,6,4,10,7,6,4,10,7,6,0.03962,0.07365,0.34902,0.36159,1,1,29:09:2020,04:31:40,621,-32.12641,-64.72837,1141.0,lev20,Almucantar,ARM_Cordoba,328,328.435058,,,,,,,,,74.309012,74.920441,0.869601,0.025233,0.074678,4,10,7,6,4,10,7,6,4,10,7,6,4,10,7,6,0.03962,0.07365,0.34902,0.36159,1,1,29:09:2020,04:31:40,621,-32.12641,-64.72837,1141.0,lev20,Almucantar,ARM_Cordoba,328,328.435058,,,,,74.309012,74.920441,0.869601,0.025233,0.074678,4,10,7,6,4,10,7,6,4,10,7,6,4,10,7,6,0.03962,0.07365,0.34902,0.36159,1,1,29:09:2020,04:31:40,621,-32.12641,-64.72837,1141.0,lev20,Almucantar,ARM_Cordoba,328,328.435058,,,,,,74.309012,74.920441,0.869601,0.025233,0.074678,4,10,7,6,4,10,7,6,4,10,7,6,4,10,7,6,0.03962,0.07365,0.34902,0.36159,1,1,29:09:2020,04:31:40,621,-32.12641,-64.72837,1141.0,lev20,Almucantar,0.6624607090104384,0.07028835619753282,0.38388496540551625,Unclassified,Maritime,,Unknown
24:11:2018,10:50:43,ARM_Cordoba,328,328.451887,0.0763,0.0536,0.0481,0.0463,0.0403,0.0153,0.008,0.0054,0.036,0.0383,0.0401,0.0409,0.69369,69.331063,69.95068,0.690007,0.038205,0.074503,4,10,7,6,4,10,7,6,4,10,7,6,4,10,7,6,0.0374,0.06961,0.32373,0.33709,1,1,14:02:2021,22:18:39,621,-32.12641,-64.72837,1141.0,lev20,Almucantar,ARM_Cordoba,328,328.451887,0.074503,0.052294,0.047256,0.046268,0.6858,69.331063,69.95068,0.690007,0.038205,0.074503,4,10,7,6,4,10,7,6,4,10,7,6,4,10,7,6,0.0374,0.06961,0.32373,0.33709,1,1,14:02:2021,22:18:39,621,-32.12641,-64.72837,1141.0,lev20,Almucantar,ARM_Cordoba,328,328.451887,,,,,,,,,69.331063,69.95068,0.690007,0.038205,0.074503,4,10,7,6,4,10,7,6,4,10,7,6,4,10,7,6,0.0374,0.06961,0.32373,0.33709,1,1,14:02:2021,22:18:39,621,-32.12641,-64.72837,1141.0,lev20,Almucantar,ARM_Cordoba,328,328.451887,,,,,69.331063,69.95068,0.690007,0.038205,0.074503,4,10,7,6,4,10,7,6,4,10,7,6,4,10,7,6,0.0374,0.06961,0.32373,0.33709,1,1,14:02:2021,22:18:39,621,-32.12641,-64.72837,1141.0,lev20,Almucantar,ARM_Cordoba,328,328.451887,,,,,,69.331063,69.95068,0.690007,0.038205,0.074503,4,10,7,6,4,10,7,6,4,10,7,6,4,10,7,6,0.0374,0.06961,0.32373,0.33709,1,1,14:02:2021,22:18:39,621,-32.12641,-64.72837,1141.0,lev20,Almucantar,0.6768054138317142,0.06997616054378424,0.39304994694214257,Unclassified,Maritime,,Unknown
24:11:2018,11:41:10,ARM_Cordoba,328,328.486921,0.0742,0.0514,0.0457,0.0438,0.0406,0.0157,0.0083,0.0056,0.0336,0.0358,0.0374,0.0382,0.72777,58.801345,59.432142,0.864462,0.043189,0.072257,4,10,7,5,4,10,7,5,3,11,7,5,3,10,8,5,0.03425,0.06395,0.28749,0.3025,1,1,14:02:2021,22:18:55,621,-32.12641,-64.72837,1141.0,lev20,Almucantar,ARM_Cordoba,328,328.486921,0.072257,0.050144,0.045592,0.043558,0.695426,58.801345,59.432142,0.864462,0.043189,0.072257,4,10,7,5,4,10,7,5,3,11,7,5,3,10,8,5,0.03425,0.06395,0.28749,0.3025,1,1,14:02:2021,22:18:55,621,-32.12641,-64.72837,1141.0,lev20,Almucantar,ARM_Cordoba,328,328.486921,,,,,,,,,58.801345,59.432142,0.864462,0.043189,0.072257,4,10,7,5,4,10,7,5,3,11,7,5,3,10,8,5,0.03425,0.06395,0.28749,0.3025,1,1,14:02:2021,22:18:55,621,-32.12641,-64.72837,1141.0,lev20,Almucantar,ARM_Cordoba,328,328.486921,,,,,58.801345,59.432142,0.864462,0.043189,0.072257,4,10,7,5,4,10,7,5,3,11,7,5,3,10,8,5,0.03425,0.06395,0.28749,0.3025,1,1,14:02:2021,22:18:55,621,-32.12641,-64.72837,1141.0,lev20,Almucantar,ARM_Cordoba,328,328.486921,,,,,,58.801345,59.432142,0.864462,0.043189,0.072257,4,10,7,5,4,10,7,5,3,11,7,5,3,10,8,5,0.03425,0.06395,0.28749,0.3025,1,1,14:02:2021,22:18:55,621,-32.12641,-64.72837,1141.0,lev20,Almucantar,0.7109472063980143,0.06775385590139005,0.4143453814586736,MA,Maritime,,Unknown
24:11:2018,12:09:42,ARM_Cordoba,328,328.506736,0.0743,0.0513,0.0453,0.0434,0.0411,0.016,0.0084,0.0057,0.0332,0.0353,0.0369,0.0376,0.741942,52.783239,53.417224,0.919215,0.069757,0.07235,3,10,8,4,3,10,8,4,3,10,8,4,4,10,8,4,0.03309,0.06189,0.27368,0.28941,1,1,14:02:2021,22:19:08,621,-32.12641,-64.72837,1141.0,lev20,Almucantar,ARM_Cordoba,328,328.506736,0.07235,0.050032,0.046072,0.043563,0.684154,52.783239,53.417224,0.919215,0.069757,0.07235,3,10,8,4,3,10,8,4,3,10,8,4,4,10,8,4,0.03309,0.06189,0.27368,0.28941,1,1,14:02:2021,22:19:08,621,-32.12641,-64.72837,1141.0,lev20,Almucantar,ARM_Cordoba,328,328.506736,,,,,,,,,52.783239,53.417224,0.919215,0.069757,0.07235,3,10,8,4,3,10,8,4,3,10,8,4,4,10,8,4,0.03309,0.06189,0.27368,0.28941,1,1,14:02:2021,22:19:08,621,-32.12641,-64.72837,1141.0,lev20,Almucantar,ARM_Cordoba,328,328.506736,,,,,52.783239,53.417224,0.919215,0.069757,0.07235,3,10,8,4,3,10,8,4,3,10,8,4,4,10,8,4,0.03309,0.06189,0.27368,0.28941,1,1,14:02:2021,22:19:08,621,-32.12641,-64.72837,1141.0,lev20,Almucantar,ARM_Cordoba,328,328.506736,,,,,,52.783239,53.417224,0.919215,0.069757,0.07235,3,10,8,4,3,10,8,4,3,10,8,4,4,10,8,4,0.03309,0.06189,0.27368,0.28941,1,1,14:02:2021,22:19:08,621,-32.12641,-64.72837,1141.0,lev20,Almucantar,0.725818545797694,0.06771631360266309,0.42067850602893997,MA,Maritime,,Unknown
28:11:2018,10:50:11,ARM_Cordoba,332,332.451516,0.0409,0.0221,0.016,0.0136,0.034,0.0145,0.0079,0.0054,0.007,0.0076,0.0081,0.0083,1.386438,69.353412,69.970767,2.026372,0.100936,0.04002,4,10,7,6,4,10,7,6,4,10,7,5,4,10,7,5,0.03504,0.06667,0.34234,0.35178,1,1,14:02:2021,23:13:33,621,-32.12641,-64.72837,1141.0,lev20,Almucantar,ARM_Cordoba,332,332.451516,0.04002,0.020303,0.016213,0.0149,1.355392,69.353412,69.970767,2.026372,0.100936,0.04002,4,10,7,6,4,10,7,6,4,10,7,5,4,10,7,5,0.03504,0.06667,0.34234,0.35178,1,1,14:02:2021,23:13:33,621,-32.12641,-64.72837,1141.0,lev20,Almucantar,ARM_Cordoba,332,332.451516,,,,,,,,,69.353412,69.970767,2.026372,0.100936,0.04002,4,10,7,6,4,10,7,6,4,10,7,5,4,10,7,5,0.03504,0.06667,0.34234,0.35178,1,1,14:02:2021,23:13:33,621,-32.12641,-64.72837,1141.0,lev20,Almucantar,ARM_Cordoba,332,332.451516,,,,,69.353412,69.970767,2.026372,0.100936,0.04002,4,10,7,6,4,10,7,6,4,10,7,5,4,10,7,5,0.03504,0.06667,0.34234,0.35178,1,1,14:02:2021,23:13:33,621,-32.12641,-64.72837,1141.0,lev20,Almucantar,ARM_Cordoba,332,332.451516,,,,,,69.353412,69.970767,2.026372,0.100936,0.04002,4,10,7,6,4,10,7,6,4,10,7,5,4,10,7,5,0.03504,0.06667,0.34234,0.35178,1,1,14:02:2021,23:13:33,621,-32.12641,-64.72837,1141.0,lev20,Almucantar,1.3767286083961578,0.034299754728830324,0.7484832135771131,BCH,Maritime,,Unknown
28:11:2018,11:40:51,ARM_Cordoba,332,332.486701,0.0426,0.0221,0.0155,0.013,0.0373,0.0166,0.0097,0.0069,0.0053,0.0056,0.0059,0.0061,1.491864,58.808297,59.437783,1.074939,0.11842,0.04181,4,10,7,5,4,10,7,5,3,11,7,5,3,10,8,5,0.0322,0.06098,0.3028,0.31432,1,1,14:02:2021,23:14:57,621,-32.12641,-64.72837,1141.0,lev20,Almucantar,ARM_Cordoba,332,332.486701,0.04181,0.020247,0.016332,0.014168,1.414682,58.808297,59.437783,1.074939,0.11842,0.04181,4,10,7,5,4,10,7,5,3,11,7,5,3,10,8,5,0.0322,0.06098,0.3028,0.31432,1,1,14:02:2021,23:14:57,621,-32.12641,-64.72837,1141.0,lev20,Almucantar,ARM_Cordoba,332,332.486701,,,,,,,,,58.808297,59.437783,1.074939,0.11842,0.04181,4,10,7,5,4,10,7,5,3,11,7,5,3,10,8,5,0.0322,0.06098,0.3028,0.31432,1,1,14:02:2021,23:14:57,621,-32.12641,-64.72837,1141.0,lev20,Almucantar,ARM_Cordoba,332,332.486701,,,,,58.808297,59.437783,1.074939,0.11842,0.04181,4,10,7,5,4,10,7,5,3,11,7,5,3,10,8,5,0.0322,0.06098,0.3028,0.31432,1,1,14:02:2021,23:14:57,621,-32.12641,-64.72837,1141.0,lev20,Almucantar,ARM_Cordoba,332,332.486701,,,,,,58.808297,59.437783,1.074939,0.11842,0.04181,4,10,7,5,4,10,7,5,3,11,7,5,3,10,8,5,0.0322,0.06098,0.3028,0.31432,1,1,14:02:2021,23:14:57,621,-32.12641,-64.72837,1141.0,lev20,Almucantar,1.483037723028982,0.03524319782254939,0.8211182314348455,BCH,Maritime,,Unknown
03:12:2018,10:25:32,ARM_Cordoba,337,337.434398,0.0486,0.028,0.0214,0.0187,0.0381,0.0164,0.0089,0.006,0.0105,0.0117,0.0125,0.0127,1.214896,74.388939,74.994579,1.689321,0.028562,0.048209,4,10,7,6,4,10,7,6,4,10,7,6,4,10,6,6,0.03599,0.06775,0.37754,0.38563,1,1,14:02:2021,23:16:18,621,-32.12641,-64.72837,1141.0,lev20,Almucantar,ARM_Cordoba,337,337.434398,0.048209,0.027419,0.021099,0.019343,1.226017,74.388939,74.994579,1.689321,0.028562,0.048209,4,10,7,6,4,10,7,6,4,10,7,6,4,10,6,6,0.03599,0.06775,0.37754,0.38563,1,1,14:02:2021,23:16:18,621,-32.12641,-64.72837,1141.0,lev20,Almucantar,ARM_Cordoba,337,337.434398,,,,,,,,,74.388939,74.994579,1.689321,0.028562,0.048209,4,10,7,6,4,10,7,6,4,10,7,6,4,10,6,6,0.03599,0.06775,0.37754,0.38563,1,1,14:02:2021,23:16:18,621,-32.12641,-64.72837,1141.0,lev20,Almucantar,ARM_Cordoba,337,337.434398,,,,,74.388939,74.994579,1.689321,0.028562,0.048209,4,10,7,6,4,10,7,6,4,10,7,6,4,10,6,6,0.03599,0.06775,0.37754,0.38563,1,1,14:02:2021,23:16:18,621,-32.12641,-64.72837,1141.0,lev20,Almucantar,ARM_Cordoba,337,337.434398,,,,,,74.388939,74.994579,1.689321,0.028562,0.048209,4,10,7,6,4,10,7,6,4,10,7,6,4,10,6,6,0.03599,0.06775,0.37754,0.38563,1,1,14:02:2021,23:16:18,621,-32.12641,-64.72837,1141.0,lev20,Almucantar,1.2031837587562184,0.04167146051927251,0.6882023141272962,BCH,Maritime,,Unknown
03:12:2018,10:50:11,ARM_Cordoba,337,337.451516,0.0488,0.028,0.0213,0.0188,0.0384,0.0165,0.0089,0.0062,0.0104,0.0115,0.0123,0.0126,1.227484,69.368396,69.98322,0.991096,0.027813,0.048325,4,10,7,6,4,10,7,6,4,10,7,6,4,10,7,6,0.03406,0.06405,0.35017,0.35876,1,1,29:09:2020,04:11:02,621,-32.12641,-64.72837,1141.0,lev20,Almucantar,ARM_Cordoba,337,337.451516,0.048325,0.027323,0.021173,0.019364,1.22599,69.368396,69.98322,0.991096,0.027813,0.048325,4,10,7,6,4,10,7,6,4,10,7,6,4,10,7,6,0.03406,0.06405,0.35017,0.35876,1,1,29:09:2020,04:11:02,621,-32.12641,-64.72837,1141.0,lev20,Almucantar,ARM_Cordoba,337,337.451516,,,,,,,,,69.368396,69.98322,0.991096,0.027813,0.048325,4,10,7,6,4,10,7,6,4,10,7,6,4,10,7,6,0.03406,0.06405,0.35017,0.35876,1,1,29:09:2020,04:11:02,621,-32.12641,-64.72837,1141.0,lev20,Almucantar,ARM_Cordoba,337,337.451516,,,,,69.368396,69.98322,0.991096,0.027813,0.048325,4,10,7,6,4,10,7,6,4,10,7,6,4,10,7,6,0.03406,0.06405,0.35017,0.35876,1,1,29:09:2020,04:11:02,621,-32.12641,-64.72837,1141.0,lev20,Almucantar,ARM_Cordoba,337,337.451516,,,,,,69.368396,69.98322,0.991096,0.027813,0.048325,4,10,7,6,4,10,7,6,4,10,7,6,4,10,7,6,0.03406,0.06405,0.35017,0.35876,1,1,29:09:2020,04:11:02,621,-32.12641,-64.72837,1141.0,lev20,Almucantar,1.2160785701217631,0.04177403144691054,0.6891256099469514,BCH,Maritime,,Unknown
03:12:2018,11:40:51,ARM_Cordoba,337,337.486701,0.0505,0.0288,0.021,0.0183,0.0404,0.0176,0.0091,0.0061,0.0101,0.0112,0.0119,0.0121,1.292863,58.857955,59.485833,1.118049,0.064608,0.049925,4,10,7,5,4,10,7,5,3,11,7,5,3,10,8,5,0.03136,0.05892,0.31129,0.32124,1,1,14:02:2021,23:16:44,621,-32.12641,-64.72837,1141.0,lev20,Almucantar,ARM_Cordoba,337,337.486701,0.049925,0.027763,0.021478,0.019013,1.254061,58.857955,59.485833,1.118049,0.064608,0.049925,4,10,7,5,4,10,7,5,3,11,7,5,3,10,8,5,0.03136,0.05892,0.31129,0.32124,1,1,14:02:2021,23:16:44,621,-32.12641,-64.72837,1141.0,lev20,Almucantar,ARM_Cordoba,337,337.486701,,,,,,,,,58.857955,59.485833,1.118049,0.064608,0.049925,4,10,7,5,4,10,7,5,3,11,7,5,3,10,8,5,0.03136,0.05892,0.31129,0.32124,1,1,14:02:2021,23:16:44,621,-32.12641,-64.72837,1141.0,lev20,Almucantar,ARM_Cordoba,337,337.486701,,,,,58.857955,59.485833,1.118049,0.064608,0.049925,4,10,7,5,4,10,7,5,3,11,7,5,3,10,8,5,0.03136,0.05892,0.31129,0.32124,1,1,14:02:2021,23:16:44,621,-32.12641,-64.72837,1141.0,lev20,Almucantar,ARM_Cordoba,337,337.486701,,,,,,58.857955,59.485833,1.118049,0.064608,0.049925,4,10,7,5,4,10,7,5,3,11,7,5,3,10,8,5,0.03136,0.05892,0.31129,0.32124,1,1,14:02:2021,23:16:44,621,-32.12641,-64.72837,1141.0,lev20,Almucantar,1.2871161897528343,0.0428384872880759,0.7107819337618504,BCH,Maritime,,Unknown
03:12:2018,20:17:02,ARM_Cordoba,337,337.845162,0.0607,0.0365,0.0287,0.0255,0.0451,0.0195,0.0109,0.0073,0.0156,0.017,0.0178,0.0182,1.110674,55.978121,55.347735,0.961898,0.063715,0.059643,4,10,8,4,4,10,8,4,4,10,8,4,4,10,8,4,0.03097,0.05801,0.30293,0.31101,1,1,14:02:2021,23:18:11,621,-32.12641,-64.72837,1141.0,lev20,Almucantar,ARM_Cordoba,337,337.845162,0.059643,0.035545,0.029284,0.026204,1.063047,55.978121,55.347735,0.961898,0.063715,0.059643,4,10,8,4,4,10,8,4,4,10,8,4,4,10,8,4,0.03097,0.05801,0.30293,0.31101,1,1,14:02:2021,23:18:11,621,-32.12641,-64.72837,1141.0,lev20,Almucantar,ARM_Cordoba,337,337.845162,,,,,,,,,55.978121,55.347735,0.961898,0.063715,0.059643,4,10,8,4,4,10,8,4,4,10,8,4,4,10,8,4,0.03097,0.05801,0.30293,0.31101,1,1,14:02:2021,23:18:11,621,-32.12641,-64.72837,1141.0,lev20,Almucantar,ARM_Cordoba,337,337.845162,,,,,55.978121,55.347735,0.961898,0.063715,0.059643,4,10,8,4,4,10,8,4,4,10,8,4,4,10,8,4,0.03097,0.05801,0.30293,0.31101,1,1,14:02:2021,23:18:11,621,-32.12641,-64.72837,1141.0,lev20,Almucantar,ARM_Cordoba,337,337.845162,,,,,,55.978121,55.347735,0.961898,0.063715,0.059643,4,10,8,4,4,10,8,4,4,10,8,4,4,10,8,4,0.03097,0.05801,0.30293,0.31101,1,1,14:02:2021,23:18:11,621,-32.12641,-64.72837,1141.0,lev20,Almucantar,1.0987623074201895,0.05274585588350646,0.6416382810184986,Unclassified,Maritime,,Unknown
03:12:2018,20:40:33,ARM_Cordoba,337,337.861493,0.0605,0.0364,0.0287,0.0258,0.044,0.0185,0.0098,0.0064,0.0165,0.0179,0.0189,0.0193,1.106184,60.90189,60.275725,1.628147,0.033807,0.059597,3,10,8,5,3,10,8,5,3,10,8,5,3,10,8,5,0.03193,0.05979,0.31654,0.32344,1,1,14:02:2021,23:18:03,621,-32.12641,-64.72837,1141.0,lev20,Almucantar,ARM_Cordoba,337,337.861493,0.059597,0.035741,0.028952,0.026176,1.075564,60.90189,60.275725,1.628147,0.033807,0.059597,3,10,8,5,3,10,8,5,3,10,8,5,3,10,8,5,0.03193,0.05979,0.31654,0.32344,1,1,14:02:2021,23:18:03,621,-32.12641,-64.72837,1141.0,lev20,Almucantar,ARM_Cordoba,337,337.861493,,,,,,,,,60.90189,60.275725,1.628147,0.033807,0.059597,3,10,8,5,3,10,8,5,3,10,8,5,3,10,8,5,0.03193,0.05979,0.31654,0.32344,1,1,14:02:2021,23:18:03,621,-32.12641,-64.72837,1141.0,lev20,Almucantar,ARM_Cordoba,337,337.861493,,,,,60.90189,60.275725,1.628147,0.033807,0.059597,3,10,8,5,3,10,8,5,3,10,8,5,3,10,8,5,0.03193,0.05979,0.31654,0.32344,1,1,14:02:2021,23:18:03,621,-32.12641,-64.72837,1141.0,lev20,Almucantar,ARM_Cordoba,337,337.861493,,,,,,60.90189,60.275725,1.628147,0.033807,0.059597,3,10,8,5,3,10,8,5,3,10,8,5,3,10,8,5,0.03193,0.05979,0.31654,0.32344,1,1,14:02:2021,23:18:03,621,-32.12641,-64.72837,1141.0,lev20,Almucantar,1.0939211110868772,0.052604609092670035,0.620477828181363,Unclassified,Maritime,,Unknown
03:12:2018,21:31:22,ARM_Cordoba,337,337.896782,0.0639,0.0382,0.0306,0.0279,0.0458,0.0184,0.0098,0.0067,0.0181,0.0198,0.0208,0.0212,1.095277,71.391801,70.779714,1.754337,0.03266,0.062994,4,10,7,6,4,10,7,6,4,10,7,6,4,10,7,6,0.03506,0.0656,0.35909,0.36254,1,1,14:02:2021,23:17:49,621,-32.12641,-64.72837,1141.0,lev20,Almucantar,ARM_Cordoba,337,337.896782,0.062994,0.03747,0.030101,0.027973,1.099303,71.391801,70.779714,1.754337,0.03266,0.062994,4,10,7,6,4,10,7,6,4,10,7,6,4,10,7,6,0.03506,0.0656,0.35909,0.36254,1,1,14:02:2021,23:17:49,621,-32.12641,-64.72837,1141.0,lev20,Almucantar,ARM_Cordoba,337,337.896782,,,,,,,,,71.391801,70.779714,1.754337,0.03266,0.062994,4,10,7,6,4,10,7,6,4,10,7,6,4,10,7,6,0.03506,0.0656,0.35909,0.36254,1,1,14:02:2021,23:17:49,621,-32.12641,-64.72837,1141.0,lev20,Almucantar,ARM_Cordoba,337,337.896782,,,,,71.391801,70.779714,1.754337,0.03266,0.062994,4,10,7,6,4,10,7,6,4,10,7,6,4,10,7,6,0.03506,0.0656,0.35909,0.36254,1,1,14:02:2021,23:17:49,621,-32.12641,-64.72837,1141.0,lev20,Almucantar,ARM_Cordoba,337,337.896782,,,,,,71.391801,70.779714,1.754337,0.03266,0.062994,4,10,7,6,4,10,7,6,4,10,7,6,4,10,7,6,0.03506,0.0656,0.35909,0.36254,1,1,14:02:2021,23:17:49,621,-32.12641,-64.72837,1141.0,lev20,Almucantar,1.0800929839975664,0.05565920282076688,0.5958117324584885,MA,Maritime,,Unknown
03:12:2018,21:55:49,ARM_Cordoba,337,337.913762,0.0642,0.0385,0.0308,0.0282,0.046,0.0186,0.0098,0.0069,0.0182,0.0199,0.021,0.0213,1.092108,76.336448,75.734341,2.119658,0.037066,0.063556,4,10,7,6,4,10,7,6,4,10,7,6,4,10,7,6,0.03735,0.06986,0.38931,0.3903,1,1,29:09:2020,04:10:47,621,-32.12641,-64.72837,1141.0,lev20,Almucantar,ARM_Cordoba,337,337.913762,0.063556,0.037849,0.03013,0.028254,1.109486,76.336448,75.734341,2.119658,0.037066,0.063556,4,10,7,6,4,10,7,6,4,10,7,6,4,10,7,6,0.03735,0.06986,0.38931,0.3903,1,1,29:09:2020,04:10:47,621,-32.12641,-64.72837,1141.0,lev20,Almucantar,ARM_Cordoba,337,337.913762,,,,,,,,,76.336448,75.734341,2.119658,0.037066,0.063556,4,10,7,6,4,10,7,6,4,10,7,6,4,10,7,6,0.03735,0.06986,0.38931,0.3903,1,1,29:09:2020,04:10:47,621,-32.12641,-64.72837,1141.0,lev20,Almucantar,ARM_Cordoba,337,337.913762,,,,,76.336448,75.734341,2.119658,0.037066,0.063556,4,10,7,6,4,10,7,6,4,10,7,6,4,10,7,6,0.03735,0.06986,0.38931,0.3903,1,1,29:09:2020,04:10:47,621,-32.12641,-64.72837,1141.0,lev20,Almucantar,ARM_Cordoba,337,337.913762,,,,,,76.336448,75.734341,2.119658,0.037066,0.063556,4,10,7,6,4,10,7,6,4,10,7,6,4,10,7,6,0.03735,0.06986,0.38931,0.3903,1,1,29:09:2020,04:10:47,621,-32.12641,-64.72837,1141.0,lev20,Almucantar,1.077407371461366,0.055939715050118605,0.5940153525131264,MA,Maritime,,Unknown
07:12:2018,10:25:59,ARM_Cordoba,341,341.434711,0.0733,0.0498,0.0426,0.0402,0.0445,0.0186,0.0094,0.0062,0.0288,0.0312,0.0332,0.034,0.809038,74.389577,74.993232,1.230533,0.014614,0.072666,4,10,7,6,4,10,7,6,4,10,6,6,4,10,6,6,0.036,0.06778,0.37765,0.38561,1,1,15:02:2021,00:09:00,621,-32.12641,-64.72837,1141.0,lev20,Almucantar,ARM_Cordoba,341,341.434711,0.072666,0.048833,0.042028,0.040213,0.818017,74.389577,74.993232,1.230533,0.014614,0.072666,4,10,7,6,4,10,7,6,4,10,6,6,4,10,6,6,0.036,0.06778,0.37765,0.38561,1,1,15:02:2021,00:09:00,621,-32.12641,-64.72837,1141.0,lev20,Almucantar,ARM_Cordoba,341,341.434711,,,,,,,,,74.389577,74.993232,1.230533,0.014614,0.072666,4,10,7,6,4,10,7,6,4,10,6,6,4,10,6,6,0.036,0.06778,0.37765,0.38561,1,1,15:02:2021,00:09:00,621,-32.12641,-64.72837,1141.0,lev20,Almucantar,ARM_Cordoba,341,341.434711,,,,,74.389577,74.993232,1.230533,0.014614,0.072666,4,10,7,6,4,10,7,6,4,10,6,6,4,10,6,6,0.036,0.06778,0.37765,0.38561,1,1,15:02:2021,00:09:00,621,-32.12641,-64.72837,1141.0,lev20,Almucantar,ARM_Cordoba,341,341.434711,,,,,,74.389577,74.993232,1.230533,0.014614,0.072666,4,10,7,6,4,10,7,6,4,10,6,6,4,10,6,6,0.036,0.06778,0.37765,0.38561,1,1,15:02:2021,00:09:00,621,-32.12641,-64.72837,1141.0,lev20,Almucantar,0.796085727127072,0.06620753554058649,0.48413568468296536,MA,Maritime,,Unknown
07:12:2018,10:59:00,ARM_Cordoba,341,341.457639,0.0728,0.0496,0.0423,0.0399,0.0443,0.0187,0.0096,0.0065,0.0286,0.0309,0.0327,0.0334,0.808656,67.66898,68.284838,0.781814,0.031824,0.072045,4,10,7,6,4,10,7,6,4,10,7,6,4,10,7,6,0.03351,0.063,0.34236,0.35124,1,1,15:02:2021,00:08:56,621,-32.12641,-64.72837,1141.0,lev20,Almucantar,ARM_Cordoba,341,341.457639,0.072045,0.048474,0.042099,0.040011,0.804168,67.66898,68.284838,0.781814,0.031824,0.072045,4,10,7,6,4,10,7,6,4,10,7,6,4,10,7,6,0.03351,0.063,0.34236,0.35124,1,1,15:02:2021,00:08:56,621,-32.12641,-64.72837,1141.0,lev20,Almucantar,ARM_Cordoba,341,341.457639,,,,,,,,,67.66898,68.284838,0.781814,0.031824,0.072045,4,10,7,6,4,10,7,6,4,10,7,6,4,10,7,6,0.03351,0.063,0.34236,0.35124,1,1,15:02:2021,00:08:56,621,-32.12641,-64.72837,1141.0,lev20,Almucantar,ARM_Cordoba,341,341.457639,,,,,67.66898,68.284838,0.781814,0.031824,0.072045,4,10,7,6,4,10,7,6,4,10,7,6,4,10,7,6,0.03351,0.063,0.34236,0.35124,1,1,15:02:2021,00:08:56,621,-32.12641,-64.72837,1141.0,lev20,Almucantar,ARM_Cordoba,341,341.457639,,,,,,67.66898,68.284838,0.781814,0.031824,0.072045,4,10,7,6,4,10,7,6,4,10,7,6,4,10,7,6,0.03351,0.063,0.34236,0.35124,1,1,15:02:2021,00:08:56,621,-32.12641,-64.72837,1141.0,lev20,Almucantar,0.7964121280361116,0.06575317163994966,0.4855227348596461,MA,Maritime,,Unknown
07:12:2018,11:41:18,ARM_Cordoba,341,341.487014,0.0771,0.0523,0.0447,0.042,0.0474,0.0202,0.0106,0.0071,0.0296,0.0321,0.0341,0.0349,0.812611,58.897687,59.52442,0.964575,0.058958,0.076205,4,10,7,5,4,10,7,5,3,11,7,5,3,10,8,5,0.03137,0.05893,0.31136,0.32135,1,1,15:02:2021,00:09:08,621,-32.12641,-64.72837,1141.0,lev20,Almucantar,ARM_Cordoba,341,341.487014,0.076205,0.051268,0.045065,0.042262,0.788426,58.897687,59.52442,0.964575,0.058958,0.076205,4,10,7,5,4,10,7,5,3,11,7,5,3,10,8,5,0.03137,0.05893,0.31136,0.32135,1,1,15:02:2021,00:09:08,621,-32.12641,-64.72837,1141.0,lev20,Almucantar,ARM_Cordoba,341,341.487014,,,,,,,,,58.897687,59.52442,0.964575,0.058958,0.076205,4,10,7,5,4,10,7,5,3,11,7,5,3,10,8,5,0.03137,0.05893,0.31136,0.32135,1,1,15:02:2021,00:09:08,621,-32.12641,-64.72837,1141.0,lev20,Almucantar,ARM_Cordoba,341,341.487014,,,,,58.897687,59.52442,0.964575,0.058958,0.076205,4,10,7,5,4,10,7,5,3,11,7,5,3,10,8,5,0.03137,0.05893,0.31136,0.32135,1,1,15:02:2021,00:09:08,621,-32.12641,-64.72837,1141.0,lev20,Almucantar,ARM_Cordoba,341,341.487014,,,,,,58.897687,59.52442,0.964575,0.058958,0.076205,4,10,7,5,4,10,7,5,3,11,7,5,3,10,8,5,0.03137,0.05893,0.31136,0.32135,1,1,15:02:2021,00:09:08,621,-32.12641,-64.72837,1141.0,lev20,Almucantar,0.7996406011502064,0.06960821044370219,0.4951564391732018,MA,Maritime,,Unknown
08:12:2018,10:50:38,ARM_Cordoba,342,342.451829,0.0431,0.0261,0.0212,0.019,0.032,0.0141,0.0083,0.0057,0.0111,0.0121,0.0129,0.0133,1.056813,69.423887,70.036551,0.922319,0.040495,0.042444,4,10,7,6,4,10,7,6,4,10,7,6,4,10,7,6,0.03408,0.06409,0.35043,0.35901,1,1,29:09:2020,04:17:31,621,-32.12641,-64.72837,1141.0,lev20,Almucantar,ARM_Cordoba,342,342.451829,0.042444,0.025295,0.021022,0.019398,1.051513,69.423887,70.036551,0.922319,0.040495,0.042444,4,10,7,6,4,10,7,6,4,10,7,6,4,10,7,6,0.03408,0.06409,0.35043,0.35901,1,1,29:09:2020,04:17:31,621,-32.12641,-64.72837,1141.0,lev20,Almucantar,ARM_Cordoba,342,342.451829,,,,,,,,,69.423887,70.036551,0.922319,0.040495,0.042444,4,10,7,6,4,10,7,6,4,10,7,6,4,10,7,6,0.03408,0.06409,0.35043,0.35901,1,1,29:09:2020,04:17:31,621,-32.12641,-64.72837,1141.0,lev20,Almucantar,ARM_Cordoba,342,342.451829,,,,,69.423887,70.036551,0.922319,0.040495,0.042444,4,10,7,6,4,10,7,6,4,10,7,6,4,10,7,6,0.03408,0.06409,0.35043,0.35901,1,1,29:09:2020,04:17:31,621,-32.12641,-64.72837,1141.0,lev20,Almucantar,ARM_Cordoba,342,342.451829,,,,,,69.423887,70.036551,0.922319,0.040495,0.042444,4,10,7,6,4,10,7,6,4,10,7,6,4,10,7,6,0.03408,0.06409,0.35043,0.35901,1,1,29:09:2020,04:17:31,621,-32.12641,-64.72837,1141.0,lev20,Almucantar,1.040784181913692,0.03773077393117957,0.6441681830212653,Unclassified,Maritime,,Unknown
08:12:2018,11:41:33,ARM_Cordoba,342,342.487188,0.0462,0.0281,0.0226,0.0205,0.0337,0.0144,0.0082,0.0057,0.0125,0.0136,0.0144,0.0147,1.063034,58.891338,59.517829,0.709223,0.051865,0.045551,4,10,7,5,4,10,7,5,3,11,7,5,3,10,8,5,0.03137,0.05893,0.31137,0.32133,1,1,29:09:2020,04:15:30,621,-32.12641,-64.72837,1141.0,lev20,Almucantar,ARM_Cordoba,342,342.487188,0.045551,0.027096,0.023027,0.020612,1.024969,58.891338,59.517829,0.709223,0.051865,0.045551,4,10,7,5,4,10,7,5,3,11,7,5,3,10,8,5,0.03137,0.05893,0.31137,0.32133,1,1,29:09:2020,04:15:30,621,-32.12641,-64.72837,1141.0,lev20,Almucantar,ARM_Cordoba,342,342.487188,,,,,,,,,58.891338,59.517829,0.709223,0.051865,0.045551,4,10,7,5,4,10,7,5,3,11,7,5,3,10,8,5,0.03137,0.05893,0.31137,0.32133,1,1,29:09:2020,04:15:30,621,-32.12641,-64.72837,1141.0,lev20,Almucantar,ARM_Cordoba,342,342.487188,,,,,58.891338,59.517829,0.709223,0.051865,0.045551,4,10,7,5,4,10,7,5,3,11,7,5,3,10,8,5,0.03137,0.05893,0.31137,0.32133,1,1,29:09:2020,04:15:30,621,-32.12641,-64.72837,1141.0,lev20,Almucantar,ARM_Cordoba,342,342.487188,,,,,,58.891338,59.517829,0.709223,0.051865,0.045551,4,10,7,5,4,10,7,5,3,11,7,5,3,10,8,5,0.03137,0.05893,0.31137,0.32133,1,1,29:09:2020,04:15:30,621,-32.12641,-64.72837,1141.0,lev20,Almucantar,1.0488638753664055,0.04040283648974464,0.620571275049128,Unclassified,Maritime,,Unknown
08:12:2018,20:19:04,ARM_Cordoba,342,342.846574,0.0764,0.0454,0.0351,0.0312,0.058,0.0253,0.0141,0.0099,0.0184,0.0201,0.021,0.0213,1.151442,55.715598,55.08603,1.269039,0.07467,0.075677,4,10,8,4,4,10,8,4,4,10,8,4,4,10,8,4,0.03092,0.05793,0.3023,0.31042,1,1,15:02:2021,00:06:26,621,-32.12641,-64.72837,1141.0,lev20,Almucantar,ARM_Cordoba,342,342.846574,0.075677,0.043682,0.03489,0.030455,1.153773,55.715598,55.08603,1.269039,0.07467,0.075677,4,10,8,4,4,10,8,4,4,10,8,4,4,10,8,4,0.03092,0.05793,0.3023,0.31042,1,1,15:02:2021,00:06:26,621,-32.12641,-64.72837,1141.0,lev20,Almucantar,ARM_Cordoba,342,342.846574,,,,,,,,,55.715598,55.08603,1.269039,0.07467,0.075677,4,10,8,4,4,10,8,4,4,10,8,4,4,10,8,4,0.03092,0.05793,0.3023,0.31042,1,1,15:02:2021,00:06:26,621,-32.12641,-64.72837,1141.0,lev20,Almucantar,ARM_Cordoba,342,342.846574,,,,,55.715598,55.08603,1.269039,0.07467,0.075677,4,10,8,4,4,10,8,4,4,10,8,4,4,10,8,4,0.03092,0.05793,0.3023,0.31042,1,1,15:02:2021,00:06:26,621,-32.12641,-64.72837,1141.0,lev20,Almucantar,ARM_Cordoba,342,342.846574,,,,,,55.715598,55.08603,1.269039,0.07467,0.075677,4,10,8,4,4,10,8,4,4,10,8,4,4,10,8,4,0.03092,0.05793,0.3023,0.31042,1,1,15:02:2021,00:06:26,621,-32.12641,-64.72837,1141.0,lev20,Almucantar,1.140913123400912,0.06603176571874998,0.658398008758435,Unclassified,Maritime,,Unknown
08:12:2018,21:34:48,ARM_Cordoba,342,342.899167,0.0896,0.0529,0.042,0.0382,0.0652,0.0268,0.0142,0.0097,0.0243,0.0261,0.0278,0.0285,1.12647,71.383795,70.77374,1.019672,0.009515,0.088703,4,10,7,6,4,10,7,6,4,10,7,6,4,10,7,6,0.03507,0.06563,0.35908,0.36251,1,1,15:02:2021,00:06:35,621,-32.12641,-64.72837,1141.0,lev20,Almucantar,ARM_Cordoba,342,342.899167,0.088703,0.052372,0.041586,0.037522,1.126267,71.383795,70.77374,1.019672,0.009515,0.088703,4,10,7,6,4,10,7,6,4,10,7,6,4,10,7,6,0.03507,0.06563,0.35908,0.36251,1,1,15:02:2021,00:06:35,621,-32.12641,-64.72837,1141.0,lev20,Almucantar,ARM_Cordoba,342,342.899167,,,,,,,,,71.383795,70.77374,1.019672,0.009515,0.088703,4,10,7,6,4,10,7,6,4,10,7,6,4,10,7,6,0.03507,0.06563,0.35908,0.36251,1,1,15:02:2021,00:06:35,621,-32.12641,-64.72837,1141.0,lev20,Almucantar,ARM_Cordoba,342,342.899167,,,,,71.383795,70.77374,1.019672,0.009515,0.088703,4,10,7,6,4,10,7,6,4,10,7,6,4,10,7,6,0.03507,0.06563,0.35908,0.36251,1,1,15:02:2021,00:06:35,621,-32.12641,-64.72837,1141.0,lev20,Almucantar,ARM_Cordoba,342,342.899167,,,,,,71.383795,70.77374,1.019672,0.009515,0.088703,4,10,7,6,4,10,7,6,4,10,7,6,4,10,7,6,0.03507,0.06563,0.35908,0.36251,1,1,15:02:2021,00:06:35,621,-32.12641,-64.72837,1141.0,lev20,Almucantar,1.1114348791504116,0.07773276482157696,0.6161779960220469,Unclassified,Maritime,,Unknown
08:12:2018,21:59:44,ARM_Cordoba,342,342.916481,0.0874,0.0523,0.0413,0.0372,0.0639,0.0267,0.0143,0.0098,0.0235,0.0256,0.027,0.0274,1.112614,76.407046,75.807492,2.385999,0.036606,0.086791,4,10,7,6,4,10,7,6,4,10,7,6,4,10,7,6,0.03741,0.06996,0.38996,0.39077,1,1,15:02:2021,00:07:09,621,-32.12641,-64.72837,1141.0,lev20,Almucantar,ARM_Cordoba,342,342.916481,0.086791,0.051368,0.040729,0.037084,1.124405,76.407046,75.807492,2.385999,0.036606,0.086791,4,10,7,6,4,10,7,6,4,10,7,6,4,10,7,6,0.03741,0.06996,0.38996,0.39077,1,1,15:02:2021,00:07:09,621,-32.12641,-64.72837,1141.0,lev20,Almucantar,ARM_Cordoba,342,342.916481,,,,,,,,,76.407046,75.807492,2.385999,0.036606,0.086791,4,10,7,6,4,10,7,6,4,10,7,6,4,10,7,6,0.03741,0.06996,0.38996,0.39077,1,1,15:02:2021,00:07:09,621,-32.12641,-64.72837,1141.0,lev20,Almucantar,ARM_Cordoba,342,342.916481,,,,,76.407046,75.807492,2.385999,0.036606,0.086791,4,10,7,6,4,10,7,6,4,10,7,6,4,10,7,6,0.03741,0.06996,0.38996,0.39077,1,1,15:02:2021,00:07:09,621,-32.12641,-64.72837,1141.0,lev20,Almucantar,ARM_Cordoba,342,342.916481,,,,,,76.407046,75.807492,2.385999,0.036606,0.086791,4,10,7,6,4,10,7,6,4,10,7,6,4,10,7,6,0.03741,0.06996,0.38996,0.39077,1,1,15:02:2021,00:07:09,621,-32.12641,-64.72837,1141.0,lev20,Almucantar,1.099622204001771,0.0759387328858434,0.6193215297434048,Unclassified,Maritime,,Unknown
09:12:2018,20:20:01,ARM_Cordoba,343,343.847234,0.1073,0.0623,0.0499,0.0454,0.0774,0.0301,0.016,0.0107,0.0299,0.0322,0.0339,0.0348,1.140934,55.781372,55.152029,1.865763,0.070491,0.106428,4,10,8,4,4,10,8,4,4,10,8,4,4,10,8,4,0.03094,0.05795,0.30245,0.31057,1,1,15:02:2021,00:48:39,621,-32.12641,-64.72837,1141.0,lev20,Almucantar,ARM_Cordoba,343,343.847234,0.106428,0.061665,0.050668,0.045858,1.11051,55.781372,55.152029,1.865763,0.070491,0.106428,4,10,8,4,4,10,8,4,4,10,8,4,4,10,8,4,0.03094,0.05795,0.30245,0.31057,1,1,15:02:2021,00:48:39,621,-32.12641,-64.72837,1141.0,lev20,Almucantar,ARM_Cordoba,343,343.847234,,,,,,,,,55.781372,55.152029,1.865763,0.070491,0.106428,4,10,8,4,4,10,8,4,4,10,8,4,4,10,8,4,0.03094,0.05795,0.30245,0.31057,1,1,15:02:2021,00:48:39,621,-32.12641,-64.72837,1141.0,lev20,Almucantar,ARM_Cordoba,343,343.847234,,,,,55.781372,55.152029,1.865763,0.070491,0.106428,4,10,8,4,4,10,8,4,4,10,8,4,4,10,8,4,0.03094,0.05795,0.30245,0.31057,1,1,15:02:2021,00:48:39,621,-32.12641,-64.72837,1141.0,lev20,Almucantar,ARM_Cordoba,343,343.847234,,,,,,55.781372,55.152029,1.865763,0.070491,0.106428,4,10,8,4,4,10,8,4,4,10,8,4,4,10,8,4,0.03094,0.05795,0.30245,0.31057,1,1,15:02:2021,00:48:39,621,-32.12641,-64.72837,1141.0,lev20,Almucantar,1.1230554312683838,0.0929502763684297,0.6003877614296401,Unclassified,Maritime,,Unknown
09:12:2018,20:44:35,ARM_Cordoba,343,343.864294,0.1053,0.0596,0.0466,0.042,0.0781,0.0306,0.0162,0.0109,0.0272,0.0291,0.0305,0.0311,1.212523,60.913996,60.289437,2.97291,0.160802,0.102725,3,10,8,5,3,10,8,5,3,10,8,5,3,10,8,5,0.03193,0.05979,0.31653,0.32347,1,1,15:02:2021,00:48:22,621,-32.12641,-64.72837,1141.0,lev20,Almucantar,ARM_Cordoba,343,343.864294,0.102725,0.059125,0.048073,0.043769,1.13475,60.913996,60.289437,2.97291,0.160802,0.102725,3,10,8,5,3,10,8,5,3,10,8,5,3,10,8,5,0.03193,0.05979,0.31653,0.32347,1,1,15:02:2021,00:48:22,621,-32.12641,-64.72837,1141.0,lev20,Almucantar,ARM_Cordoba,343,343.864294,,,,,,,,,60.913996,60.289437,2.97291,0.160802,0.102725,3,10,8,5,3,10,8,5,3,10,8,5,3,10,8,5,0.03193,0.05979,0.31653,0.32347,1,1,15:02:2021,00:48:22,621,-32.12641,-64.72837,1141.0,lev20,Almucantar,ARM_Cordoba,343,343.864294,,,,,60.913996,60.289437,2.97291,0.160802,0.102725,3,10,8,5,3,10,8,5,3,10,8,5,3,10,8,5,0.03193,0.05979,0.31653,0.32347,1,1,15:02:2021,00:48:22,621,-32.12641,-64.72837,1141.0,lev20,Almucantar,ARM_Cordoba,343,343.864294,,,,,,60.913996,60.289437,2.97291,0.160802,0.102725,3,10,8,5,3,10,8,5,3,10,8,5,3,10,8,5,0.03193,0.05979,0.31653,0.32347,1,1,15:02:2021,00:48:22,621,-32.12641,-64.72837,1141.0,lev20,Almucantar,1.1958204101266823,0.09037319106434744,0.627223988733774,Unclassified,Maritime,,Unknown
14:12:2018,10:52:03,ARM_Cordoba,348,348.452812,0.0476,0.029,0.0234,0.0213,0.0336,0.014,0.0078,0.0053,0.014,0.015,0.0156,0.0159,1.056121,69.475049,70.085888,3.230354,0.132492,0.045603,4,10,7,6,4,10,7,6,4,10,7,5,4,10,7,4,0.03383,0.06289,0.35858,0.36215,1,1,29:09:2020,04:25:28,621,-32.12641,-64.72837,1141.0,lev20,Almucantar,ARM_Cordoba,348,348.452812,0.045603,0.028749,0.024589,0.02324,0.925951,69.475049,70.085888,3.230354,0.132492,0.045603,4,10,7,6,4,10,7,6,4,10,7,5,4,10,7,4,0.03383,0.06289,0.35858,0.36215,1,1,29:09:2020,04:25:28,621,-32.12641,-64.72837,1141.0,lev20,Almucantar,ARM_Cordoba,348,348.452812,,,,,,,,,69.475049,70.085888,3.230354,0.132492,0.045603,4,10,7,6,4,10,7,6,4,10,7,5,4,10,7,4,0.03383,0.06289,0.35858,0.36215,1,1,29:09:2020,04:25:28,621,-32.12641,-64.72837,1141.0,lev20,Almucantar,ARM_Cordoba,348,348.452812,,,,,69.475049,70.085888,3.230354,0.132492,0.045603,4,10,7,6,4,10,7,6,4,10,7,5,4,10,7,4,0.03383,0.06289,0.35858,0.36215,1,1,29:09:2020,04:25:28,621,-32.12641,-64.72837,1141.0,lev20,Almucantar,ARM_Cordoba,348,348.452812,,,,,,69.475049,70.085888,3.230354,0.132492,0.045603,4,10,7,6,4,10,7,6,4,10,7,5,4,10,7,4,0.03383,0.06289,0.35858,0.36215,1,1,29:09:2020,04:25:28,621,-32.12641,-64.72837,1141.0,lev20,Almucantar,1.0416275262777601,0.04166568976401872,0.5937799333131324,MA,Maritime,,Unknown
14:12:2018,11:43:03,ARM_Cordoba,348,348.488229,0.0522,0.0298,0.0228,0.0202,0.04,0.0168,0.0092,0.0063,0.0121,0.0129,0.0136,0.0139,1.227769,58.951071,59.576323,3.076605,0.141956,0.050778,4,10,7,5,4,10,7,5,3,11,7,5,3,10,8,3,0.03101,0.05772,0.31936,0.32531,1,1,15:02:2021,01:35:01,621,-32.12641,-64.72837,1141.0,lev20,Almucantar,ARM_Cordoba,348,348.488229,0.050778,0.029879,0.024646,0.022104,1.08131,58.951071,59.576323,3.076605,0.141956,0.050778,4,10,7,5,4,10,7,5,3,11,7,5,3,10,8,3,0.03101,0.05772,0.31936,0.32531,1,1,15:02:2021,01:35:01,621,-32.12641,-64.72837,1141.0,lev20,Almucantar,ARM_Cordoba,348,348.488229,,,,,,,,,58.951071,59.576323,3.076605,0.141956,0.050778,4,10,7,5,4,10,7,5,3,11,7,5,3,10,8,3,0.03101,0.05772,0.31936,0.32531,1,1,15:02:2021,01:35:01,621,-32.12641,-64.72837,1141.0,lev20,Almucantar,ARM_Cordoba,348,348.488229,,,,,58.951071,59.576323,3.076605,0.141956,0.050778,4,10,7,5,4,10,7,5,3,11,7,5,3,10,8,3,0.03101,0.05772,0.31936,0.32531,1,1,15:02:2021,01:35:01,621,-32.12641,-64.72837,1141.0,lev20,Almucantar,ARM_Cordoba,348,348.488229,,,,,,58.951071,59.576323,3.076605,0.141956,0.050778,4,10,7,5,4,10,7,5,3,11,7,5,3,10,8,3,0.03101,0.05772,0.31936,0.32531,1,1,15:02:2021,01:35:01,621,-32.12641,-64.72837,1141.0,lev20,Almucantar,1.2150498739205806,0.04469039372096078,0.6673650175116388,BCH,Maritime,,Unknown
14:12:2018,20:21:39,ARM_Cordoba,348,348.848368,0.0627,0.0368,0.0277,0.0242,0.0473,0.0206,0.011,0.0072,0.0154,0.0162,0.0167,0.017,1.206087,55.48389,54.854992,2.184229,0.16457,0.060422,4,10,8,4,4,10,8,4,4,10,7,4,4,9,6,4,0.03049,0.05662,0.30952,0.31402,1,1,29:09:2020,04:25:31,621,-32.12641,-64.72837,1141.0,lev20,Almucantar,ARM_Cordoba,348,348.848368,0.060422,0.034113,0.028452,0.024954,1.131174,55.48389,54.854992,2.184229,0.16457,0.060422,4,10,8,4,4,10,8,4,4,10,7,4,4,9,6,4,0.03049,0.05662,0.30952,0.31402,1,1,29:09:2020,04:25:31,621,-32.12641,-64.72837,1141.0,lev20,Almucantar,ARM_Cordoba,348,348.848368,,,,,,,,,55.48389,54.854992,2.184229,0.16457,0.060422,4,10,8,4,4,10,8,4,4,10,7,4,4,9,6,4,0.03049,0.05662,0.30952,0.31402,1,1,29:09:2020,04:25:31,621,-32.12641,-64.72837,1141.0,lev20,Almucantar,ARM_Cordoba,348,348.848368,,,,,55.48389,54.854992,2.184229,0.16457,0.060422,4,10,8,4,4,10,8,4,4,10,7,4,4,9,6,4,0.03049,0.05662,0.30952,0.31402,1,1,29:09:2020,04:25:31,621,-32.12641,-64.72837,1141.0,lev20,Almucantar,ARM_Cordoba,348,348.848368,,,,,,55.48389,54.854992,2.184229,0.16457,0.060422,4,10,8,4,4,10,8,4,4,10,7,4,4,9,6,4,0.03049,0.05662,0.30952,0.31402,1,1,29:09:2020,04:25:31,621,-32.12641,-64.72837,1141.0,lev20,Almucantar,1.198337807667863,0.05379464277177974,0.6628685331372398,Unclassified,Maritime,,Unknown
14:12:2018,20:47:39,ARM_Cordoba,348,348.866424,0.0663,0.0384,0.0296,0.0267,0.0487,0.0197,0.0103,0.0071,0.0176,0.0186,0.0193,0.0196,1.195391,60.910178,60.286517,1.019646,0.068835,0.065385,3,10,8,5,3,10,8,5,3,10,8,5,3,10,8,5,0.03157,0.05854,0.32429,0.32723,1,1,15:02:2021,01:35:26,621,-32.12641,-64.72837,1141.0,lev20,Almucantar,ARM_Cordoba,348,348.866424,0.065385,0.036921,0.030001,0.026853,1.16537,60.910178,60.286517,1.019646,0.068835,0.065385,3,10,8,5,3,10,8,5,3,10,8,5,3,10,8,5,0.03157,0.05854,0.32429,0.32723,1,1,15:02:2021,01:35:26,621,-32.12641,-64.72837,1141.0,lev20,Almucantar,ARM_Cordoba,348,348.866424,,,,,,,,,60.910178,60.286517,1.019646,0.068835,0.065385,3,10,8,5,3,10,8,5,3,10,8,5,3,10,8,5,0.03157,0.05854,0.32429,0.32723,1,1,15:02:2021,01:35:26,621,-32.12641,-64.72837,1141.0,lev20,Almucantar,ARM_Cordoba,348,348.866424,,,,,60.910178,60.286517,1.019646,0.068835,0.065385,3,10,8,5,3,10,8,5,3,10,8,5,3,10,8,5,0.03157,0.05854,0.32429,0.32723,1,1,15:02:2021,01:35:26,621,-32.12641,-64.72837,1141.0,lev20,Almucantar,ARM_Cordoba,348,348.866424,,,,,,60.910178,60.286517,1.019646,0.068835,0.065385,3,10,8,5,3,10,8,5,3,10,8,5,3,10,8,5,0.03157,0.05854,0.32429,0.32723,1,1,15:02:2021,01:35:26,621,-32.12641,-64.72837,1141.0,lev20,Almucantar,1.1829157546955915,0.056995583823759424,0.6218693065795742,Unclassified,Maritime,,Unknown
14:12:2018,21:38:40,ARM_Cordoba,348,348.901852,0.0751,0.044,0.035,0.0317,0.0541,0.0217,0.0117,0.0079,0.021,0.0224,0.0234,0.0237,1.135949,71.387983,70.779591,1.690554,0.063218,0.074233,4,8,7,6,4,8,7,6,4,9,7,6,4,10,7,6,0.03482,0.06435,0.36681,0.36537,1,1,15:02:2021,01:35:30,621,-32.12641,-64.72837,1141.0,lev20,Almucantar,ARM_Cordoba,348,348.901852,0.074233,0.042785,0.034465,0.032292,1.144866,71.387983,70.779591,1.690554,0.063218,0.074233,4,8,7,6,4,8,7,6,4,9,7,6,4,10,7,6,0.03482,0.06435,0.36681,0.36537,1,1,15:02:2021,01:35:30,621,-32.12641,-64.72837,1141.0,lev20,Almucantar,ARM_Cordoba,348,348.901852,,,,,,,,,71.387983,70.779591,1.690554,0.063218,0.074233,4,8,7,6,4,8,7,6,4,9,7,6,4,10,7,6,0.03482,0.06435,0.36681,0.36537,1,1,15:02:2021,01:35:30,621,-32.12641,-64.72837,1141.0,lev20,Almucantar,ARM_Cordoba,348,348.901852,,,,,71.387983,70.779591,1.690554,0.063218,0.074233,4,8,7,6,4,8,7,6,4,9,7,6,4,10,7,6,0.03482,0.06435,0.36681,0.36537,1,1,15:02:2021,01:35:30,621,-32.12641,-64.72837,1141.0,lev20,Almucantar,ARM_Cordoba,348,348.901852,,,,,,71.387983,70.779591,1.690554,0.063218,0.074233,4,8,7,6,4,8,7,6,4,9,7,6,4,10,7,6,0.03482,0.06435,0.36681,0.36537,1,1,15:02:2021,01:35:30,621,-32.12641,-64.72837,1141.0,lev20,Almucantar,1.1199234205538287,0.06508258305934235,0.6058377881522806,Unclassified,Maritime,,Unknown
14:12:2018,22:03:23,ARM_Cordoba,348,348.919016,0.0769,0.0459,0.0367,0.0332,0.0565,0.0243,0.0143,0.0103,0.0205,0.0216,0.0225,0.0228,1.100151,76.353217,75.75545,3.224879,0.067633,0.076089,4,9,7,6,4,10,5,6,4,10,6,6,4,9,7,6,0.03721,0.06866,0.39762,0.39261,1,1,29:09:2020,04:25:22,621,-32.12641,-64.72837,1141.0,lev20,Almucantar,ARM_Cordoba,348,348.919016,0.076089,0.044539,0.035867,0.033876,1.12113,76.353217,75.75545,3.224879,0.067633,0.076089,4,9,7,6,4,10,5,6,4,10,6,6,4,9,7,6,0.03721,0.06866,0.39762,0.39261,1,1,29:09:2020,04:25:22,621,-32.12641,-64.72837,1141.0,lev20,Almucantar,ARM_Cordoba,348,348.919016,,,,,,,,,76.353217,75.75545,3.224879,0.067633,0.076089,4,9,7,6,4,10,5,6,4,10,6,6,4,9,7,6,0.03721,0.06866,0.39762,0.39261,1,1,29:09:2020,04:25:22,621,-32.12641,-64.72837,1141.0,lev20,Almucantar,ARM_Cordoba,348,348.919016,,,,,76.353217,75.75545,3.224879,0.067633,0.076089,4,9,7,6,4,10,5,6,4,10,6,6,4,9,7,6,0.03721,0.06866,0.39762,0.39261,1,1,29:09:2020,04:25:22,621,-32.12641,-64.72837,1141.0,lev20,Almucantar,ARM_Cordoba,348,348.919016,,,,,,76.353217,75.75545,3.224879,0.067633,0.076089,4,9,7,6,4,10,5,6,4,10,6,6,4,9,7,6,0.03721,0.06866,0.39762,0.39261,1,1,29:09:2020,04:25:22,621,-32.12641,-64.72837,1141.0,lev20,Almucantar,1.085094709933219,0.06693985712007709,0.6309321601388882,Unclassified,Maritime,,Unknown
15:12:2018,20:22:17,ARM_Cordoba,349,349.848808,0.059,0.0434,0.0396,0.0384,0.0281,0.0109,0.0058,0.004,0.0309,0.0325,0.0338,0.0344,0.599911,55.494879,54.866085,1.61083,0.032953,0.057605,4,10,8,4,4,10,8,4,4,10,8,3,4,10,8,4,0.0305,0.05662,0.30956,0.31404,1,1,15:02:2021,00:54:29,621,-32.12641,-64.72837,1141.0,lev20,Almucantar,ARM_Cordoba,349,349.848808,0.057605,0.042645,0.039671,0.037741,0.564407,55.494879,54.866085,1.61083,0.032953,0.057605,4,10,8,4,4,10,8,4,4,10,8,3,4,10,8,4,0.0305,0.05662,0.30956,0.31404,1,1,15:02:2021,00:54:29,621,-32.12641,-64.72837,1141.0,lev20,Almucantar,ARM_Cordoba,349,349.848808,,,,,,,,,55.494879,54.866085,1.61083,0.032953,0.057605,4,10,8,4,4,10,8,4,4,10,8,3,4,10,8,4,0.0305,0.05662,0.30956,0.31404,1,1,15:02:2021,00:54:29,621,-32.12641,-64.72837,1141.0,lev20,Almucantar,ARM_Cordoba,349,349.848808,,,,,55.494879,54.866085,1.61083,0.032953,0.057605,4,10,8,4,4,10,8,4,4,10,8,3,4,10,8,4,0.0305,0.05662,0.30956,0.31404,1,1,15:02:2021,00:54:29,621,-32.12641,-64.72837,1141.0,lev20,Almucantar,ARM_Cordoba,349,349.848808,,,,,,55.494879,54.866085,1.61083,0.032953,0.057605,4,10,8,4,4,10,8,4,4,10,8,3,4,10,8,4,0.0305,0.05662,0.30956,0.31404,1,1,15:02:2021,00:54:29,621,-32.12641,-64.72837,1141.0,lev20,Almucantar,0.5848577302396285,0.05474976674901485,0.34913607937043906,CA,Maritime,,Unknown
15:12:2018,20:48:14,ARM_Cordoba,349,349.866829,0.0585,0.0434,0.0397,0.0384,0.0275,0.0108,0.0058,0.0039,0.031,0.0326,0.0339,0.0345,0.583307,60.909718,60.286182,1.225727,0.027563,0.057352,3,10,8,5,3,10,8,5,3,10,8,5,3,10,8,5,0.03158,0.05854,0.32429,0.32723,1,1,15:02:2021,00:54:26,621,-32.12641,-64.72837,1141.0,lev20,Almucantar,ARM_Cordoba,349,349.866829,0.057352,0.042756,0.039456,0.037679,0.564129,60.909718,60.286182,1.225727,0.027563,0.057352,3,10,8,5,3,10,8,5,3,10,8,5,3,10,8,5,0.03158,0.05854,0.32429,0.32723,1,1,15:02:2021,00:54:26,621,-32.12641,-64.72837,1141.0,lev20,Almucantar,ARM_Cordoba,349,349.866829,,,,,,,,,60.909718,60.286182,1.225727,0.027563,0.057352,3,10,8,5,3,10,8,5,3,10,8,5,3,10,8,5,0.03158,0.05854,0.32429,0.32723,1,1,15:02:2021,00:54:26,621,-32.12641,-64.72837,1141.0,lev20,Almucantar,ARM_Cordoba,349,349.866829,,,,,60.909718,60.286182,1.225727,0.027563,0.057352,3,10,8,5,3,10,8,5,3,10,8,5,3,10,8,5,0.03158,0.05854,0.32429,0.32723,1,1,15:02:2021,00:54:26,621,-32.12641,-64.72837,1141.0,lev20,Almucantar,ARM_Cordoba,349,349.866829,,,,,,60.909718,60.286182,1.225727,0.027563,0.057352,3,10,8,5,3,10,8,5,3,10,8,5,3,10,8,5,0.03158,0.05854,0.32429,0.32723,1,1,15:02:2021,00:54:26,621,-32.12641,-64.72837,1141.0,lev20,Almucantar,0.5686739837993577,0.05439820960234969,0.3466497479432838,CA,Maritime,,Unknown
16:12:2018,11:43:48,ARM_Cordoba,350,350.48875,0.0984,0.05,0.0317,0.0244,0.0898,0.0409,0.0222,0.0147,0.0085,0.0091,0.0095,0.0098,1.657491,58.953699,59.57869,3.228867,0.21997,0.096159,4,10,7,5,4,10,7,5,3,11,7,5,3,10,8,5,0.03101,0.05771,0.31936,0.32531,1,1,15:02:2021,01:20:51,621,-32.12641,-64.72837,1141.0,lev20,Almucantar,ARM_Cordoba,350,350.48875,0.096159,0.047098,0.03264,0.027213,1.597328,58.953699,59.57869,3.228867,0.21997,0.096159,4,10,7,5,4,10,7,5,3,11,7,5,3,10,8,5,0.03101,0.05771,0.31936,0.32531,1,1,15:02:2021,01:20:51,621,-32.12641,-64.72837,1141.0,lev20,Almucantar,ARM_Cordoba,350,350.48875,,,,,,,,,58.953699,59.57869,3.228867,0.21997,0.096159,4,10,7,5,4,10,7,5,3,11,7,5,3,10,8,5,0.03101,0.05771,0.31936,0.32531,1,1,15:02:2021,01:20:51,621,-32.12641,-64.72837,1141.0,lev20,Almucantar,ARM_Cordoba,350,350.48875,,,,,58.953699,59.57869,3.228867,0.21997,0.096159,4,10,7,5,4,10,7,5,3,11,7,5,3,10,8,5,0.03101,0.05771,0.31936,0.32531,1,1,15:02:2021,01:20:51,621,-32.12641,-64.72837,1141.0,lev20,Almucantar,ARM_Cordoba,350,350.48875,,,,,,58.953699,59.57869,3.228867,0.21997,0.096159,4,10,7,5,4,10,7,5,3,11,7,5,3,10,8,5,0.03101,0.05771,0.31936,0.32531,1,1,15:02:2021,01:20:51,621,-32.12641,-64.72837,1141.0,lev20,Almucantar,1.6615716729656989,0.079569948892861,0.8750512973658029,BCH,Maritime,,Unknown
21:12:2018,10:29:58,ARM_Cordoba,355,355.437477,0.033,0.0195,0.0148,0.0127,0.027,0.0128,0.0077,0.0055,0.006,0.0067,0.0071,0.0072,1.184599,74.527924,75.127859,1.479981,0.028546,0.03291,4,10,7,6,4,10,7,6,4,10,7,6,4,10,7,6,0.03378,0.06476,0.39946,0.39855,1,1,29:09:2020,04:35:30,621,-32.12641,-64.72837,1141.0,lev20,Almucantar,ARM_Cordoba,355,355.437477,0.03291,0.01886,0.014678,0.012949,1.199258,74.527924,75.127859,1.479981,0.028546,0.03291,4,10,7,6,4,10,7,6,4,10,7,6,4,10,7,6,0.03378,0.06476,0.39946,0.39855,1,1,29:09:2020,04:35:30,621,-32.12641,-64.72837,1141.0,lev20,Almucantar,ARM_Cordoba,355,355.437477,,,,,,,,,74.527924,75.127859,1.479981,0.028546,0.03291,4,10,7,6,4,10,7,6,4,10,7,6,4,10,7,6,0.03378,0.06476,0.39946,0.39855,1,1,29:09:2020,04:35:30,621,-32.12641,-64.72837,1141.0,lev20,Almucantar,ARM_Cordoba,355,355.437477,,,,,74.527924,75.127859,1.479981,0.028546,0.03291,4,10,7,6,4,10,7,6,4,10,7,6,4,10,7,6,0.03378,0.06476,0.39946,0.39855,1,1,29:09:2020,04:35:30,621,-32.12641,-64.72837,1141.0,lev20,Almucantar,ARM_Cordoba,355,355.437477,,,,,,74.527924,75.127859,1.479981,0.028546,0.03291,4,10,7,6,4,10,7,6,4,10,7,6,4,10,7,6,0.03378,0.06476,0.39946,0.39855,1,1,29:09:2020,04:35:30,621,-32.12641,-64.72837,1141.0,lev20,Almucantar,1.1762632210370016,0.028392978200579382,0.7410392318011428,Unclassified,Maritime,,Unknown
21:12:2018,10:54:44,ARM_Cordoba,355,355.454676,0.0333,0.0199,0.0154,0.0134,0.0273,0.0132,0.0083,0.0062,0.0061,0.0067,0.0071,0.0072,1.14139,69.527001,70.136916,1.059644,0.03258,0.033262,4,10,7,6,4,10,7,6,4,10,7,6,4,10,7,6,0.03192,0.0611,0.37056,0.37135,1,1,29:09:2020,04:35:33,621,-32.12641,-64.72837,1141.0,lev20,Almucantar,ARM_Cordoba,355,355.454676,0.033262,0.019124,0.015144,0.01356,1.171279,69.527001,70.136916,1.059644,0.03258,0.033262,4,10,7,6,4,10,7,6,4,10,7,6,4,10,7,6,0.03192,0.0611,0.37056,0.37135,1,1,29:09:2020,04:35:33,621,-32.12641,-64.72837,1141.0,lev20,Almucantar,ARM_Cordoba,355,355.454676,,,,,,,,,69.527001,70.136916,1.059644,0.03258,0.033262,4,10,7,6,4,10,7,6,4,10,7,6,4,10,7,6,0.03192,0.0611,0.37056,0.37135,1,1,29:09:2020,04:35:33,621,-32.12641,-64.72837,1141.0,lev20,Almucantar,ARM_Cordoba,355,355.454676,,,,,69.527001,70.136916,1.059644,0.03258,0.033262,4,10,7,6,4,10,7,6,4,10,7,6,4,10,7,6,0.03192,0.0611,0.37056,0.37135,1,1,29:09:2020,04:35:33,621,-32.12641,-64.72837,1141.0,lev20,Almucantar,ARM_Cordoba,355,355.454676,,,,,,69.527001,70.136916,1.059644,0.03258,0.033262,4,10,7,6,4,10,7,6,4,10,7,6,4,10,7,6,0.03192,0.0611,0.37056,0.37135,1,1,29:09:2020,04:35:33,621,-32.12641,-64.72837,1141.0,lev20,Almucantar,1.1312439149498759,0.028816457743049823,0.7432091577222196,Unclassified,Maritime,,Unknown
21:12:2018,11:45:49,ARM_Cordoba,355,355.49015,0.0351,0.0216,0.0166,0.0147,0.0274,0.0131,0.0076,0.0055,0.0077,0.0085,0.0091,0.0092,1.104802,58.998887,59.623511,0.991132,0.061398,0.034933,4,10,7,5,4,10,7,5,3,11,7,5,3,10,8,5,0.02935,0.05605,0.32956,0.33315,1,1,15:02:2021,02:27:18,621,-32.12641,-64.72837,1141.0,lev20,Almucantar,ARM_Cordoba,355,355.49015,0.034933,0.020415,0.016995,0.014541,1.07981,58.998887,59.623511,0.991132,0.061398,0.034933,4,10,7,5,4,10,7,5,3,11,7,5,3,10,8,5,0.02935,0.05605,0.32956,0.33315,1,1,15:02:2021,02:27:18,621,-32.12641,-64.72837,1141.0,lev20,Almucantar,ARM_Cordoba,355,355.49015,,,,,,,,,58.998887,59.623511,0.991132,0.061398,0.034933,4,10,7,5,4,10,7,5,3,11,7,5,3,10,8,5,0.02935,0.05605,0.32956,0.33315,1,1,15:02:2021,02:27:18,621,-32.12641,-64.72837,1141.0,lev20,Almucantar,ARM_Cordoba,355,355.49015,,,,,58.998887,59.623511,0.991132,0.061398,0.034933,4,10,7,5,4,10,7,5,3,11,7,5,3,10,8,5,0.02935,0.05605,0.32956,0.33315,1,1,15:02:2021,02:27:18,621,-32.12641,-64.72837,1141.0,lev20,Almucantar,ARM_Cordoba,355,355.49015,,,,,,58.998887,59.623511,0.991132,0.061398,0.034933,4,10,7,5,4,10,7,5,3,11,7,5,3,10,8,5,0.02935,0.05605,0.32956,0.33315,1,1,15:02:2021,02:27:18,621,-32.12641,-64.72837,1141.0,lev20,Almucantar,1.098398315250239,0.030501905911803476,0.6954422104977475,Unclassified,Maritime,,Unknown
22:12:2018,10:30:36,ARM_Cordoba,356,356.437917,0.0513,0.0327,0.0264,0.024,0.0354,0.0156,0.0084,0.0057,0.0159,0.0172,0.018,0.0183,0.984864,74.500743,75.100733,1.725062,0.044786,0.050764,4,10,7,6,4,10,7,6,4,10,7,6,4,10,6,5,0.03375,0.0647,0.39894,0.39838,1,1,15:02:2021,01:28:34,621,-32.12641,-64.72837,1141.0,lev20,Almucantar,ARM_Cordoba,356,356.437917,0.050764,0.031838,0.026383,0.024815,0.975742,74.500743,75.100733,1.725062,0.044786,0.050764,4,10,7,6,4,10,7,6,4,10,7,6,4,10,6,5,0.03375,0.0647,0.39894,0.39838,1,1,15:02:2021,01:28:34,621,-32.12641,-64.72837,1141.0,lev20,Almucantar,ARM_Cordoba,356,356.437917,,,,,,,,,74.500743,75.100733,1.725062,0.044786,0.050764,4,10,7,6,4,10,7,6,4,10,7,6,4,10,6,5,0.03375,0.0647,0.39894,0.39838,1,1,15:02:2021,01:28:34,621,-32.12641,-64.72837,1141.0,lev20,Almucantar,ARM_Cordoba,356,356.437917,,,,,74.500743,75.100733,1.725062,0.044786,0.050764,4,10,7,6,4,10,7,6,4,10,7,6,4,10,6,5,0.03375,0.0647,0.39894,0.39838,1,1,15:02:2021,01:28:34,621,-32.12641,-64.72837,1141.0,lev20,Almucantar,ARM_Cordoba,356,356.437917,,,,,,74.500743,75.100733,1.725062,0.044786,0.050764,4,10,7,6,4,10,7,6,4,10,7,6,4,10,6,5,0.03375,0.0647,0.39894,0.39838,1,1,15:02:2021,01:28:34,621,-32.12641,-64.72837,1141.0,lev20,Almucantar,0.9744883803193396,0.0452914655834374,0.5827181668390344,MA,Maritime,,Unknown
22:12:2018,10:55:14,ARM_Cordoba,356,356.455023,0.0551,0.0363,0.031,0.0293,0.0327,0.0122,0.0061,0.0043,0.0224,0.0241,0.0248,0.025,0.859261,69.526569,70.136478,2.527382,0.045978,0.054768,4,10,7,6,4,10,7,6,4,10,7,6,4,9,7,5,0.03191,0.06108,0.37055,0.37135,1,1,15:02:2021,01:29:03,621,-32.12641,-64.72837,1141.0,lev20,Almucantar,ARM_Cordoba,356,356.455023,0.054768,0.035526,0.030192,0.028514,0.88985,69.526569,70.136478,2.527382,0.045978,0.054768,4,10,7,6,4,10,7,6,4,10,7,6,4,9,7,5,0.03191,0.06108,0.37055,0.37135,1,1,15:02:2021,01:29:03,621,-32.12641,-64.72837,1141.0,lev20,Almucantar,ARM_Cordoba,356,356.455023,,,,,,,,,69.526569,70.136478,2.527382,0.045978,0.054768,4,10,7,6,4,10,7,6,4,10,7,6,4,9,7,5,0.03191,0.06108,0.37055,0.37135,1,1,15:02:2021,01:29:03,621,-32.12641,-64.72837,1141.0,lev20,Almucantar,ARM_Cordoba,356,356.455023,,,,,69.526569,70.136478,2.527382,0.045978,0.054768,4,10,7,6,4,10,7,6,4,10,7,6,4,9,7,5,0.03191,0.06108,0.37055,0.37135,1,1,15:02:2021,01:29:03,621,-32.12641,-64.72837,1141.0,lev20,Almucantar,ARM_Cordoba,356,356.455023,,,,,,69.526569,70.136478,2.527382,0.045978,0.054768,4,10,7,6,4,10,7,6,4,10,7,6,4,9,7,5,0.03191,0.06108,0.37055,0.37135,1,1,15:02:2021,01:29:03,621,-32.12641,-64.72837,1141.0,lev20,Almucantar,0.8436950508921377,0.04946658213869014,0.4483820189092948,MA,Maritime,,Unknown
22:12:2018,11:46:15,ARM_Cordoba,356,356.490451,0.0595,0.0391,0.0328,0.0304,0.0385,0.0165,0.009,0.0062,0.021,0.0226,0.0238,0.0242,0.886774,59.01244,59.637044,1.833418,0.050938,0.058249,4,10,7,5,4,10,7,5,3,11,7,5,3,10,8,3,0.02935,0.05606,0.32959,0.33319,1,1,15:02:2021,01:29:28,621,-32.12641,-64.72837,1141.0,lev20,Almucantar,ARM_Cordoba,356,356.490451,0.058249,0.038077,0.032875,0.03028,0.856986,59.01244,59.637044,1.833418,0.050938,0.058249,4,10,7,5,4,10,7,5,3,11,7,5,3,10,8,3,0.02935,0.05606,0.32959,0.33319,1,1,15:02:2021,01:29:28,621,-32.12641,-64.72837,1141.0,lev20,Almucantar,ARM_Cordoba,356,356.490451,,,,,,,,,59.01244,59.637044,1.833418,0.050938,0.058249,4,10,7,5,4,10,7,5,3,11,7,5,3,10,8,3,0.02935,0.05606,0.32959,0.33319,1,1,15:02:2021,01:29:28,621,-32.12641,-64.72837,1141.0,lev20,Almucantar,ARM_Cordoba,356,356.490451,,,,,59.01244,59.637044,1.833418,0.050938,0.058249,4,10,7,5,4,10,7,5,3,11,7,5,3,10,8,3,0.02935,0.05606,0.32959,0.33319,1,1,15:02:2021,01:29:28,621,-32.12641,-64.72837,1141.0,lev20,Almucantar,ARM_Cordoba,356,356.490451,,,,,,59.01244,59.637044,1.833418,0.050938,0.058249,4,10,7,5,4,10,7,5,3,11,7,5,3,10,8,3,0.02935,0.05606,0.32959,0.33319,1,1,15:02:2021,01:29:28,621,-32.12641,-64.72837,1141.0,lev20,Almucantar,0.873597842065019,0.05321292697361849,0.5295997608227786,MA,Maritime,,Unknown
22:12:2018,20:26:07,ARM_Cordoba,356,356.85147,0.0652,0.0432,0.0368,0.0344,0.041,0.0174,0.0098,0.0069,0.0242,0.0258,0.027,0.0276,0.853666,55.517927,54.889391,0.62477,0.049119,0.063971,4,10,8,4,4,10,8,4,4,10,8,4,4,10,8,4,0.02887,0.05498,0.3193,0.3214,1,1,15:02:2021,01:28:55,621,-32.12641,-64.72837,1141.0,lev20,Almucantar,ARM_Cordoba,356,356.85147,0.063971,0.042146,0.037057,0.03395,0.820729,55.517927,54.889391,0.62477,0.049119,0.063971,4,10,8,4,4,10,8,4,4,10,8,4,4,10,8,4,0.02887,0.05498,0.3193,0.3214,1,1,15:02:2021,01:28:55,621,-32.12641,-64.72837,1141.0,lev20,Almucantar,ARM_Cordoba,356,356.85147,,,,,,,,,55.517927,54.889391,0.62477,0.049119,0.063971,4,10,8,4,4,10,8,4,4,10,8,4,4,10,8,4,0.02887,0.05498,0.3193,0.3214,1,1,15:02:2021,01:28:55,621,-32.12641,-64.72837,1141.0,lev20,Almucantar,ARM_Cordoba,356,356.85147,,,,,55.517927,54.889391,0.62477,0.049119,0.063971,4,10,8,4,4,10,8,4,4,10,8,4,4,10,8,4,0.02887,0.05498,0.3193,0.3214,1,1,15:02:2021,01:28:55,621,-32.12641,-64.72837,1141.0,lev20,Almucantar,ARM_Cordoba,356,356.85147,,,,,,55.517927,54.889391,0.62477,0.049119,0.063971,4,10,8,4,4,10,8,4,4,10,8,4,4,10,8,4,0.02887,0.05498,0.3193,0.3214,1,1,15:02:2021,01:28:55,621,-32.12641,-64.72837,1141.0,lev20,Almucantar,0.8389997287207889,0.058569102996346344,0.5092285626621439,MA,Maritime,,Unknown
22:12:2018,20:52:01,ARM_Cordoba,356,356.869456,0.0693,0.0455,0.0385,0.0359,0.0443,0.0187,0.0104,0.0073,0.0251,0.0268,0.0281,0.0287,0.87674,60.919734,60.29653,0.861999,0.048711,0.067902,3,10,8,5,3,10,8,5,3,10,8,5,3,10,8,5,0.02986,0.05686,0.33468,0.33504,1,1,15:02:2021,01:28:52,621,-32.12641,-64.72837,1141.0,lev20,Almucantar,ARM_Cordoba,356,356.869456,0.067902,0.044813,0.038972,0.036288,0.832518,60.919734,60.29653,0.861999,0.048711,0.067902,3,10,8,5,3,10,8,5,3,10,8,5,3,10,8,5,0.02986,0.05686,0.33468,0.33504,1,1,15:02:2021,01:28:52,621,-32.12641,-64.72837,1141.0,lev20,Almucantar,ARM_Cordoba,356,356.869456,,,,,,,,,60.919734,60.29653,0.861999,0.048711,0.067902,3,10,8,5,3,10,8,5,3,10,8,5,3,10,8,5,0.02986,0.05686,0.33468,0.33504,1,1,15:02:2021,01:28:52,621,-32.12641,-64.72837,1141.0,lev20,Almucantar,ARM_Cordoba,356,356.869456,,,,,60.919734,60.29653,0.861999,0.048711,0.067902,3,10,8,5,3,10,8,5,3,10,8,5,3,10,8,5,0.02986,0.05686,0.33468,0.33504,1,1,15:02:2021,01:28:52,621,-32.12641,-64.72837,1141.0,lev20,Almucantar,ARM_Cordoba,356,356.869456,,,,,,60.919734,60.29653,0.861999,0.048711,0.067902,3,10,8,5,3,10,8,5,3,10,8,5,3,10,8,5,0.02986,0.05686,0.33468,0.33504,1,1,15:02:2021,01:28:52,621,-32.12641,-64.72837,1141.0,lev20,Almucantar,0.8622131833926509,0.06206767288892563,0.5185703228492761,MA,Maritime,,Unknown
22:12:2018,21:43:10,ARM_Cordoba,356,356.904977,0.0725,0.0466,0.0392,0.0367,0.0464,0.0188,0.0101,0.007,0.0261,0.0278,0.0291,0.0297,0.917637,71.415016,70.807322,1.047881,0.026627,0.07126,4,10,7,6,4,10,7,6,4,10,7,6,4,10,7,6,0.03282,0.0625,0.37901,0.37457,1,1,29:09:2020,04:37:01,621,-32.12641,-64.72837,1141.0,lev20,Almucantar,ARM_Cordoba,356,356.904977,0.07126,0.045722,0.038618,0.036339,0.915038,71.415016,70.807322,1.047881,0.026627,0.07126,4,10,7,6,4,10,7,6,4,10,7,6,4,10,7,6,0.03282,0.0625,0.37901,0.37457,1,1,29:09:2020,04:37:01,621,-32.12641,-64.72837,1141.0,lev20,Almucantar,ARM_Cordoba,356,356.904977,,,,,,,,,71.415016,70.807322,1.047881,0.026627,0.07126,4,10,7,6,4,10,7,6,4,10,7,6,4,10,7,6,0.03282,0.0625,0.37901,0.37457,1,1,29:09:2020,04:37:01,621,-32.12641,-64.72837,1141.0,lev20,Almucantar,ARM_Cordoba,356,356.904977,,,,,71.415016,70.807322,1.047881,0.026627,0.07126,4,10,7,6,4,10,7,6,4,10,7,6,4,10,7,6,0.03282,0.0625,0.37901,0.37457,1,1,29:09:2020,04:37:01,621,-32.12641,-64.72837,1141.0,lev20,Almucantar,ARM_Cordoba,356,356.904977,,,,,,71.415016,70.807322,1.047881,0.026627,0.07126,4,10,7,6,4,10,7,6,4,10,7,6,4,10,7,6,0.03282,0.0625,0.37901,0.37457,1,1,29:09:2020,04:37:01,621,-32.12641,-64.72837,1141.0,lev20,Almucantar,0.9019996212982975,0.06460429593823921,0.5144054296134621,MA,Maritime,,Unknown
22:12:2018,22:07:58,ARM_Cordoba,356,356.922199,0.072,0.0464,0.0391,0.0366,0.0459,0.0185,0.0099,0.0068,0.0261,0.0279,0.0293,0.0298,0.911246,76.390599,75.793672,1.219621,0.037131,0.070943,4,10,7,6,4,10,7,6,4,10,7,6,4,10,7,6,0.03498,0.06663,0.41066,0.40282,1,1,29:09:2020,04:37:13,621,-32.12641,-64.72837,1141.0,lev20,Almucantar,ARM_Cordoba,356,356.922199,0.070943,0.045595,0.038289,0.036282,0.920037,76.390599,75.793672,1.219621,0.037131,0.070943,4,10,7,6,4,10,7,6,4,10,7,6,4,10,7,6,0.03498,0.06663,0.41066,0.40282,1,1,29:09:2020,04:37:13,621,-32.12641,-64.72837,1141.0,lev20,Almucantar,ARM_Cordoba,356,356.922199,,,,,,,,,76.390599,75.793672,1.219621,0.037131,0.070943,4,10,7,6,4,10,7,6,4,10,7,6,4,10,7,6,0.03498,0.06663,0.41066,0.40282,1,1,29:09:2020,04:37:13,621,-32.12641,-64.72837,1141.0,lev20,Almucantar,ARM_Cordoba,356,356.922199,,,,,76.390599,75.793672,1.219621,0.037131,0.070943,4,10,7,6,4,10,7,6,4,10,7,6,4,10,7,6,0.03498,0.06663,0.41066,0.40282,1,1,29:09:2020,04:37:13,621,-32.12641,-64.72837,1141.0,lev20,Almucantar,ARM_Cordoba,356,356.922199,,,,,,76.390599,75.793672,1.219621,0.037131,0.070943,4,10,7,6,4,10,7,6,4,10,7,6,4,10,7,6,0.03498,0.06663,0.41066,0.40282,1,1,29:09:2020,04:37:13,621,-32.12641,-64.72837,1141.0,lev20,Almucantar,0.8955949790049823,0.0642112990801041,0.5108365355309247,MA,Maritime,,Unknown
23:12:2018,10:31:04,ARM_Cordoba,357,357.438241,0.0833,0.0552,0.0481,0.0457,0.0493,0.019,0.0102,0.0069,0.034,0.0362,0.0379,0.0387,0.823545,74.510763,75.110755,2.296725,0.078948,0.082944,4,10,7,6,4,10,7,6,4,10,7,6,4,10,7,6,0.03375,0.06475,0.39942,0.39844,1,1,15:02:2021,01:49:44,621,-32.12641,-64.72837,1141.0,lev20,Almucantar,ARM_Cordoba,357,357.438241,0.082944,0.055262,0.047916,0.045763,0.821669,74.510763,75.110755,2.296725,0.078948,0.082944,4,10,7,6,4,10,7,6,4,10,7,6,4,10,7,6,0.03375,0.06475,0.39942,0.39844,1,1,15:02:2021,01:49:44,621,-32.12641,-64.72837,1141.0,lev20,Almucantar,ARM_Cordoba,357,357.438241,,,,,,,,,74.510763,75.110755,2.296725,0.078948,0.082944,4,10,7,6,4,10,7,6,4,10,7,6,4,10,7,6,0.03375,0.06475,0.39942,0.39844,1,1,15:02:2021,01:49:44,621,-32.12641,-64.72837,1141.0,lev20,Almucantar,ARM_Cordoba,357,357.438241,,,,,74.510763,75.110755,2.296725,0.078948,0.082944,4,10,7,6,4,10,7,6,4,10,7,6,4,10,7,6,0.03375,0.06475,0.39942,0.39844,1,1,15:02:2021,01:49:44,621,-32.12641,-64.72837,1141.0,lev20,Almucantar,ARM_Cordoba,357,357.438241,,,,,,74.510763,75.110755,2.296725,0.078948,0.082944,4,10,7,6,4,10,7,6,4,10,7,6,4,10,7,6,0.03375,0.06475,0.39942,0.39844,1,1,15:02:2021,01:49:44,621,-32.12641,-64.72837,1141.0,lev20,Almucantar,0.8055618035258205,0.07514885409670133,0.4579420638791553,MA,Maritime,,Unknown
23:12:2018,10:55:41,ARM_Cordoba,357,357.455336,0.0838,0.0556,0.0482,0.0456,0.0504,0.02,0.0109,0.0075,0.0335,0.0356,0.0373,0.0381,0.828407,69.539954,70.14986,2.308456,0.036893,0.082828,4,10,7,6,4,10,7,6,4,10,7,6,4,10,7,6,0.03191,0.06108,0.37043,0.37141,1,1,29:09:2020,04:38:12,621,-32.12641,-64.72837,1141.0,lev20,Almucantar,ARM_Cordoba,357,357.455336,0.082828,0.055072,0.047859,0.045628,0.821864,69.539954,70.14986,2.308456,0.036893,0.082828,4,10,7,6,4,10,7,6,4,10,7,6,4,10,7,6,0.03191,0.06108,0.37043,0.37141,1,1,29:09:2020,04:38:12,621,-32.12641,-64.72837,1141.0,lev20,Almucantar,ARM_Cordoba,357,357.455336,,,,,,,,,69.539954,70.14986,2.308456,0.036893,0.082828,4,10,7,6,4,10,7,6,4,10,7,6,4,10,7,6,0.03191,0.06108,0.37043,0.37141,1,1,29:09:2020,04:38:12,621,-32.12641,-64.72837,1141.0,lev20,Almucantar,ARM_Cordoba,357,357.455336,,,,,69.539954,70.14986,2.308456,0.036893,0.082828,4,10,7,6,4,10,7,6,4,10,7,6,4,10,7,6,0.03191,0.06108,0.37043,0.37141,1,1,29:09:2020,04:38:12,621,-32.12641,-64.72837,1141.0,lev20,Almucantar,ARM_Cordoba,357,357.455336,,,,,,69.539954,70.14986,2.308456,0.036893,0.082828,4,10,7,6,4,10,7,6,4,10,7,6,4,10,7,6,0.03191,0.06108,0.37043,0.37141,1,1,29:09:2020,04:38:12,621,-32.12641,-64.72837,1141.0,lev20,Almucantar,0.8112938094166579,0.07554455272607695,0.4711795078838454,MA,Maritime,,Unknown
23:12:2018,11:46:46,ARM_Cordoba,357,357.49081,0.083,0.0539,0.0458,0.0428,0.0522,0.0211,0.0114,0.0077,0.0309,0.0329,0.0344,0.0351,0.888308,59.011956,59.636574,3.064862,0.110019,0.081774,4,10,7,5,4,10,7,5,3,11,7,5,3,10,8,5,0.02934,0.05605,0.32953,0.33319,1,1,29:09:2020,04:37:44,621,-32.12641,-64.72837,1141.0,lev20,Almucantar,ARM_Cordoba,357,357.49081,0.081774,0.053589,0.047115,0.044016,0.829123,59.011956,59.636574,3.064862,0.110019,0.081774,4,10,7,5,4,10,7,5,3,11,7,5,3,10,8,5,0.02934,0.05605,0.32953,0.33319,1,1,29:09:2020,04:37:44,621,-32.12641,-64.72837,1141.0,lev20,Almucantar,ARM_Cordoba,357,357.49081,,,,,,,,,59.011956,59.636574,3.064862,0.110019,0.081774,4,10,7,5,4,10,7,5,3,11,7,5,3,10,8,5,0.02934,0.05605,0.32953,0.33319,1,1,29:09:2020,04:37:44,621,-32.12641,-64.72837,1141.0,lev20,Almucantar,ARM_Cordoba,357,357.49081,,,,,59.011956,59.636574,3.064862,0.110019,0.081774,4,10,7,5,4,10,7,5,3,11,7,5,3,10,8,5,0.02934,0.05605,0.32953,0.33319,1,1,29:09:2020,04:37:44,621,-32.12641,-64.72837,1141.0,lev20,Almucantar,ARM_Cordoba,357,357.49081,,,,,,59.011956,59.636574,3.064862,0.110019,0.081774,4,10,7,5,4,10,7,5,3,11,7,5,3,10,8,5,0.02934,0.05605,0.32953,0.33319,1,1,29:09:2020,04:37:44,621,-32.12641,-64.72837,1141.0,lev20,Almucantar,0.8721437513997049,0.0742435965055252,0.5039171676278005,MA,Maritime,,Unknown
23:12:2018,20:25:37,ARM_Cordoba,357,357.851123,0.088,0.0551,0.0457,0.0422,0.0585,0.0237,0.0129,0.0088,0.0295,0.0314,0.0328,0.0334,0.977152,55.31349,54.684756,0.961214,0.060931,0.086073,4,10,8,4,4,10,8,4,4,10,8,4,4,10,8,4,0.02885,0.05493,0.31882,0.32095,1,1,15:02:2021,01:49:29,621,-32.12641,-64.72837,1141.0,lev20,Almucantar,ARM_Cordoba,357,357.851123,0.086073,0.054057,0.046068,0.042052,0.936629,55.31349,54.684756,0.961214,0.060931,0.086073,4,10,8,4,4,10,8,4,4,10,8,4,4,10,8,4,0.02885,0.05493,0.31882,0.32095,1,1,15:02:2021,01:49:29,621,-32.12641,-64.72837,1141.0,lev20,Almucantar,ARM_Cordoba,357,357.851123,,,,,,,,,55.31349,54.684756,0.961214,0.060931,0.086073,4,10,8,4,4,10,8,4,4,10,8,4,4,10,8,4,0.02885,0.05493,0.31882,0.32095,1,1,15:02:2021,01:49:29,621,-32.12641,-64.72837,1141.0,lev20,Almucantar,ARM_Cordoba,357,357.851123,,,,,55.31349,54.684756,0.961214,0.060931,0.086073,4,10,8,4,4,10,8,4,4,10,8,4,4,10,8,4,0.02885,0.05493,0.31882,0.32095,1,1,15:02:2021,01:49:29,621,-32.12641,-64.72837,1141.0,lev20,Almucantar,ARM_Cordoba,357,357.851123,,,,,,55.31349,54.684756,0.961214,0.060931,0.086073,4,10,8,4,4,10,8,4,4,10,8,4,4,10,8,4,0.02885,0.05493,0.31882,0.32095,1,1,15:02:2021,01:49:29,621,-32.12641,-64.72837,1141.0,lev20,Almucantar,0.961157033656617,0.07782547893557182,0.5426214843854098,MA,Maritime,,Unknown
23:12:2018,20:52:31,ARM_Cordoba,357,357.869803,0.0848,0.0528,0.0438,0.0405,0.0563,0.0223,0.012,0.0082,0.0286,0.0304,0.0317,0.0323,0.985653,60.925001,60.301766,1.522997,0.047335,0.083584,3,10,8,5,3,10,8,5,3,10,8,5,3,10,8,5,0.02986,0.05686,0.33467,0.33506,1,1,29:09:2020,04:38:56,621,-32.12641,-64.72837,1141.0,lev20,Almucantar,ARM_Cordoba,357,357.869803,0.083584,0.052323,0.044116,0.040568,0.95582,60.925001,60.301766,1.522997,0.047335,0.083584,3,10,8,5,3,10,8,5,3,10,8,5,3,10,8,5,0.02986,0.05686,0.33467,0.33506,1,1,29:09:2020,04:38:56,621,-32.12641,-64.72837,1141.0,lev20,Almucantar,ARM_Cordoba,357,357.869803,,,,,,,,,60.925001,60.301766,1.522997,0.047335,0.083584,3,10,8,5,3,10,8,5,3,10,8,5,3,10,8,5,0.02986,0.05686,0.33467,0.33506,1,1,29:09:2020,04:38:56,621,-32.12641,-64.72837,1141.0,lev20,Almucantar,ARM_Cordoba,357,357.869803,,,,,60.925001,60.301766,1.522997,0.047335,0.083584,3,10,8,5,3,10,8,5,3,10,8,5,3,10,8,5,0.02986,0.05686,0.33467,0.33506,1,1,29:09:2020,04:38:56,621,-32.12641,-64.72837,1141.0,lev20,Almucantar,ARM_Cordoba,357,357.869803,,,,,,60.925001,60.301766,1.522997,0.047335,0.083584,3,10,8,5,3,10,8,5,3,10,8,5,3,10,8,5,0.02986,0.05686,0.33467,0.33506,1,1,29:09:2020,04:38:56,621,-32.12641,-64.72837,1141.0,lev20,Almucantar,0.9691122365135661,0.07491923437073122,0.5367690590403494,MA,Maritime,,Unknown
23:12:2018,21:43:46,ARM_Cordoba,357,357.905394,0.0898,0.0576,0.0483,0.0452,0.0566,0.0224,0.0115,0.0076,0.0332,0.0352,0.0368,0.0376,0.925057,71.441127,70.833432,1.156369,0.043345,0.089136,4,10,7,6,4,10,7,6,4,10,7,6,4,10,7,6,0.03286,0.06259,0.37949,0.3747,1,1,29:09:2020,04:38:41,621,-32.12641,-64.72837,1141.0,lev20,Almucantar,ARM_Cordoba,357,357.905394,0.089136,0.056435,0.047535,0.044578,0.939447,71.441127,70.833432,1.156369,0.043345,0.089136,4,10,7,6,4,10,7,6,4,10,7,6,4,10,7,6,0.03286,0.06259,0.37949,0.3747,1,1,29:09:2020,04:38:41,621,-32.12641,-64.72837,1141.0,lev20,Almucantar,ARM_Cordoba,357,357.905394,,,,,,,,,71.441127,70.833432,1.156369,0.043345,0.089136,4,10,7,6,4,10,7,6,4,10,7,6,4,10,7,6,0.03286,0.06259,0.37949,0.3747,1,1,29:09:2020,04:38:41,621,-32.12641,-64.72837,1141.0,lev20,Almucantar,ARM_Cordoba,357,357.905394,,,,,71.441127,70.833432,1.156369,0.043345,0.089136,4,10,7,6,4,10,7,6,4,10,7,6,4,10,7,6,0.03286,0.06259,0.37949,0.3747,1,1,29:09:2020,04:38:41,621,-32.12641,-64.72837,1141.0,lev20,Almucantar,ARM_Cordoba,357,357.905394,,,,,,71.441127,70.833432,1.156369,0.043345,0.089136,4,10,7,6,4,10,7,6,4,10,7,6,4,10,7,6,0.03286,0.06259,0.37949,0.3747,1,1,29:09:2020,04:38:41,621,-32.12641,-64.72837,1141.0,lev20,Almucantar,0.9096913587277775,0.07994157552144102,0.5035252441604888,MA,Maritime,,Unknown
23:12:2018,22:11:40,ARM_Cordoba,357,357.924769,0.0896,0.0585,0.0494,0.0464,0.0557,0.0224,0.0117,0.008,0.0339,0.0361,0.0377,0.0383,0.888137,77.03191,76.436554,1.470153,0.055227,0.089301,4,10,7,6,4,10,7,6,4,10,7,6,4,10,7,6,0.03535,0.06734,0.4159,0.40712,1,1,29:09:2020,04:39:06,621,-32.12641,-64.72837,1141.0,lev20,Almucantar,ARM_Cordoba,357,357.924769,0.089301,0.05735,0.048433,0.046053,0.913777,77.03191,76.436554,1.470153,0.055227,0.089301,4,10,7,6,4,10,7,6,4,10,7,6,4,10,7,6,0.03535,0.06734,0.4159,0.40712,1,1,29:09:2020,04:39:06,621,-32.12641,-64.72837,1141.0,lev20,Almucantar,ARM_Cordoba,357,357.924769,,,,,,,,,77.03191,76.436554,1.470153,0.055227,0.089301,4,10,7,6,4,10,7,6,4,10,7,6,4,10,7,6,0.03535,0.06734,0.4159,0.40712,1,1,29:09:2020,04:39:06,621,-32.12641,-64.72837,1141.0,lev20,Almucantar,ARM_Cordoba,357,357.924769,,,,,77.03191,76.436554,1.470153,0.055227,0.089301,4,10,7,6,4,10,7,6,4,10,7,6,4,10,7,6,0.03535,0.06734,0.4159,0.40712,1,1,29:09:2020,04:39:06,621,-32.12641,-64.72837,1141.0,lev20,Almucantar,ARM_Cordoba,357,357.924769,,,,,,77.03191,76.436554,1.470153,0.055227,0.089301,4,10,7,6,4,10,7,6,4,10,7,6,4,10,7,6,0.03535,0.06734,0.4159,0.40712,1,1,29:09:2020,04:39:06,621,-32.12641,-64.72837,1141.0,lev20,Almucantar,0.8733882227314119,0.08013455496242304,0.4941006232773243,MA,Maritime,,Unknown
24:12:2018,10:31:28,ARM_Cordoba,358,358.438519,0.0509,0.0301,0.0239,0.0216,0.0372,0.0154,0.0084,0.0057,0.0137,0.0147,0.0155,0.0158,1.123837,74.537846,75.137833,1.364595,0.045226,0.050646,4,10,7,6,4,10,7,6,4,10,7,6,4,10,7,6,0.03374,0.0647,0.39922,0.39861,1,1,15:02:2021,02:45:31,621,-32.12641,-64.72837,1141.0,lev20,Almucantar,ARM_Cordoba,358,358.438519,0.050646,0.029176,0.023449,0.021764,1.148667,74.537846,75.137833,1.364595,0.045226,0.050646,4,10,7,6,4,10,7,6,4,10,7,6,4,10,7,6,0.03374,0.0647,0.39922,0.39861,1,1,15:02:2021,02:45:31,621,-32.12641,-64.72837,1141.0,lev20,Almucantar,ARM_Cordoba,358,358.438519,,,,,,,,,74.537846,75.137833,1.364595,0.045226,0.050646,4,10,7,6,4,10,7,6,4,10,7,6,4,10,7,6,0.03374,0.0647,0.39922,0.39861,1,1,15:02:2021,02:45:31,621,-32.12641,-64.72837,1141.0,lev20,Almucantar,ARM_Cordoba,358,358.438519,,,,,74.537846,75.137833,1.364595,0.045226,0.050646,4,10,7,6,4,10,7,6,4,10,7,6,4,10,7,6,0.03374,0.0647,0.39922,0.39861,1,1,15:02:2021,02:45:31,621,-32.12641,-64.72837,1141.0,lev20,Almucantar,ARM_Cordoba,358,358.438519,,,,,,74.537846,75.137833,1.364595,0.045226,0.050646,4,10,7,6,4,10,7,6,4,10,7,6,4,10,7,6,0.03374,0.0647,0.39922,0.39861,1,1,15:02:2021,02:45:31,621,-32.12641,-64.72837,1141.0,lev20,Almucantar,1.1089393665354612,0.04417254602880902,0.6216141699891151,Unclassified,Maritime,,Unknown
24:12:2018,10:56:08,ARM_Cordoba,358,358.455648,0.0496,0.0286,0.0227,0.0203,0.0372,0.0153,0.0086,0.0059,0.0124,0.0134,0.0141,0.0144,1.163736,69.556863,70.166789,1.067651,0.044337,0.048811,4,10,7,6,4,10,7,6,4,10,7,6,4,10,7,6,0.03193,0.06111,0.3706,0.37149,1,1,29:09:2020,04:40:56,621,-32.12641,-64.72837,1141.0,lev20,Almucantar,ARM_Cordoba,358,358.455648,0.048811,0.028047,0.02265,0.020737,1.146317,69.556863,70.166789,1.067651,0.044337,0.048811,4,10,7,6,4,10,7,6,4,10,7,6,4,10,7,6,0.03193,0.06111,0.3706,0.37149,1,1,29:09:2020,04:40:56,621,-32.12641,-64.72837,1141.0,lev20,Almucantar,ARM_Cordoba,358,358.455648,,,,,,,,,69.556863,70.166789,1.067651,0.044337,0.048811,4,10,7,6,4,10,7,6,4,10,7,6,4,10,7,6,0.03193,0.06111,0.3706,0.37149,1,1,29:09:2020,04:40:56,621,-32.12641,-64.72837,1141.0,lev20,Almucantar,ARM_Cordoba,358,358.455648,,,,,69.556863,70.166789,1.067651,0.044337,0.048811,4,10,7,6,4,10,7,6,4,10,7,6,4,10,7,6,0.03193,0.06111,0.3706,0.37149,1,1,29:09:2020,04:40:56,621,-32.12641,-64.72837,1141.0,lev20,Almucantar,ARM_Cordoba,358,358.455648,,,,,,69.556863,70.166789,1.067651,0.044337,0.048811,4,10,7,6,4,10,7,6,4,10,7,6,4,10,7,6,0.03193,0.06111,0.3706,0.37149,1,1,29:09:2020,04:40:56,621,-32.12641,-64.72837,1141.0,lev20,Almucantar,1.1465523185070223,0.04283789830676559,0.6430657524792464,Unclassified,Maritime,,Unknown
24:12:2018,11:47:13,ARM_Cordoba,358,358.491123,0.0486,0.0279,0.0213,0.0188,0.0378,0.0162,0.0091,0.0063,0.0108,0.0116,0.0122,0.0125,1.221937,59.02856,59.653193,1.233434,0.097266,0.047042,4,10,7,5,3,11,7,5,3,11,7,5,3,10,8,5,0.02936,0.05607,0.32967,0.33323,1,1,15:02:2021,02:45:26,621,-32.12641,-64.72837,1141.0,lev20,Almucantar,ARM_Cordoba,358,358.491123,0.047042,0.026654,0.022104,0.019363,1.133147,59.02856,59.653193,1.233434,0.097266,0.047042,4,10,7,5,3,11,7,5,3,11,7,5,3,10,8,5,0.02936,0.05607,0.32967,0.33323,1,1,15:02:2021,02:45:26,621,-32.12641,-64.72837,1141.0,lev20,Almucantar,ARM_Cordoba,358,358.491123,,,,,,,,,59.02856,59.653193,1.233434,0.097266,0.047042,4,10,7,5,3,11,7,5,3,11,7,5,3,10,8,5,0.02936,0.05607,0.32967,0.33323,1,1,15:02:2021,02:45:26,621,-32.12641,-64.72837,1141.0,lev20,Almucantar,ARM_Cordoba,358,358.491123,,,,,59.02856,59.653193,1.233434,0.097266,0.047042,4,10,7,5,3,11,7,5,3,11,7,5,3,10,8,5,0.02936,0.05607,0.32967,0.33323,1,1,15:02:2021,02:45:26,621,-32.12641,-64.72837,1141.0,lev20,Almucantar,ARM_Cordoba,358,358.491123,,,,,,59.02856,59.653193,1.233434,0.097266,0.047042,4,10,7,5,3,11,7,5,3,11,7,5,3,10,8,5,0.02936,0.05607,0.32967,0.33323,1,1,15:02:2021,02:45:26,621,-32.12641,-64.72837,1141.0,lev20,Almucantar,1.210054409057329,0.04163487661063295,0.6820090005134786,BCH,Maritime,,Unknown
24:12:2018,20:27:05,ARM_Cordoba,358,358.852141,0.0787,0.0494,0.0401,0.0366,0.0532,0.0225,0.0122,0.0083,0.0254,0.0269,0.0279,0.0283,1.001671,55.524286,54.895682,2.287657,0.125664,0.076236,4,10,8,4,4,10,8,4,4,10,8,4,4,10,8,4,0.02888,0.05498,0.31929,0.32142,1,1,15:02:2021,02:45:24,621,-32.12641,-64.72837,1141.0,lev20,Almucantar,ARM_Cordoba,358,358.852141,0.076236,0.047971,0.041228,0.037624,0.922461,55.524286,54.895682,2.287657,0.125664,0.076236,4,10,8,4,4,10,8,4,4,10,8,4,4,10,8,4,0.02888,0.05498,0.31929,0.32142,1,1,15:02:2021,02:45:24,621,-32.12641,-64.72837,1141.0,lev20,Almucantar,ARM_Cordoba,358,358.852141,,,,,,,,,55.524286,54.895682,2.287657,0.125664,0.076236,4,10,8,4,4,10,8,4,4,10,8,4,4,10,8,4,0.02888,0.05498,0.31929,0.32142,1,1,15:02:2021,02:45:24,621,-32.12641,-64.72837,1141.0,lev20,Almucantar,ARM_Cordoba,358,358.852141,,,,,55.524286,54.895682,2.287657,0.125664,0.076236,4,10,8,4,4,10,8,4,4,10,8,4,4,10,8,4,0.02888,0.05498,0.31929,0.32142,1,1,15:02:2021,02:45:24,621,-32.12641,-64.72837,1141.0,lev20,Almucantar,ARM_Cordoba,358,358.852141,,,,,,55.524286,54.895682,2.287657,0.125664,0.076236,4,10,8,4,4,10,8,4,4,10,8,4,4,10,8,4,0.02888,0.05498,0.31929,0.32142,1,1,15:02:2021,02:45:24,621,-32.12641,-64.72837,1141.0,lev20,Almucantar,0.9890692950355151,0.06935283966470783,0.5633536341125853,MA,Maritime,,Unknown
24:12:2018,20:52:56,ARM_Cordoba,358,358.870093,0.0821,0.0519,0.0432,0.04,0.0534,0.0217,0.0118,0.008,0.0287,0.0303,0.0314,0.032,0.957513,60.916385,60.293084,1.091084,0.036334,0.080498,3,10,8,5,3,10,8,5,3,10,8,5,3,10,8,5,0.02986,0.05685,0.3347,0.33503,1,1,29:09:2020,04:39:50,621,-32.12641,-64.72837,1141.0,lev20,Almucantar,ARM_Cordoba,358,358.870093,0.080498,0.050792,0.04306,0.039662,0.936235,60.916385,60.293084,1.091084,0.036334,0.080498,3,10,8,5,3,10,8,5,3,10,8,5,3,10,8,5,0.02986,0.05685,0.3347,0.33503,1,1,29:09:2020,04:39:50,621,-32.12641,-64.72837,1141.0,lev20,Almucantar,ARM_Cordoba,358,358.870093,,,,,,,,,60.916385,60.293084,1.091084,0.036334,0.080498,3,10,8,5,3,10,8,5,3,10,8,5,3,10,8,5,0.02986,0.05685,0.3347,0.33503,1,1,29:09:2020,04:39:50,621,-32.12641,-64.72837,1141.0,lev20,Almucantar,ARM_Cordoba,358,358.870093,,,,,60.916385,60.293084,1.091084,0.036334,0.080498,3,10,8,5,3,10,8,5,3,10,8,5,3,10,8,5,0.02986,0.05685,0.3347,0.33503,1,1,29:09:2020,04:39:50,621,-32.12641,-64.72837,1141.0,lev20,Almucantar,ARM_Cordoba,358,358.870093,,,,,,60.916385,60.293084,1.091084,0.036334,0.080498,3,10,8,5,3,10,8,5,3,10,8,5,3,10,8,5,0.02986,0.05685,0.3347,0.33503,1,1,29:09:2020,04:39:50,621,-32.12641,-64.72837,1141.0,lev20,Almucantar,0.9418807551575643,0.0727867711680779,0.5297101618901016,MA,Maritime,,Unknown
25:12:2018,10:31:56,ARM_Cordoba,359,359.438843,0.0833,0.0407,0.0288,0.0244,0.0704,0.0267,0.014,0.0092,0.0129,0.014,0.0148,0.0151,1.573633,74.555181,75.155218,1.438459,0.057203,0.082635,4,10,7,6,4,10,7,6,4,10,7,6,4,10,7,6,0.03379,0.06479,0.39976,0.39872,1,1,15:02:2021,01:48:10,621,-32.12641,-64.72837,1141.0,lev20,Almucantar,ARM_Cordoba,359,359.438843,0.082635,0.039864,0.028648,0.024874,1.573073,74.555181,75.155218,1.438459,0.057203,0.082635,4,10,7,6,4,10,7,6,4,10,7,6,4,10,7,6,0.03379,0.06479,0.39976,0.39872,1,1,15:02:2021,01:48:10,621,-32.12641,-64.72837,1141.0,lev20,Almucantar,ARM_Cordoba,359,359.438843,,,,,,,,,74.555181,75.155218,1.438459,0.057203,0.082635,4,10,7,6,4,10,7,6,4,10,7,6,4,10,7,6,0.03379,0.06479,0.39976,0.39872,1,1,15:02:2021,01:48:10,621,-32.12641,-64.72837,1141.0,lev20,Almucantar,ARM_Cordoba,359,359.438843,,,,,74.555181,75.155218,1.438459,0.057203,0.082635,4,10,7,6,4,10,7,6,4,10,7,6,4,10,7,6,0.03379,0.06479,0.39976,0.39872,1,1,15:02:2021,01:48:10,621,-32.12641,-64.72837,1141.0,lev20,Almucantar,ARM_Cordoba,359,359.438843,,,,,,74.555181,75.155218,1.438459,0.057203,0.082635,4,10,7,6,4,10,7,6,4,10,7,6,4,10,7,6,0.03379,0.06479,0.39976,0.39872,1,1,15:02:2021,01:48:10,621,-32.12641,-64.72837,1141.0,lev20,Almucantar,1.5579351093020297,0.06825785039528867,0.7579811680999043,BCH,Maritime,,Unknown
25:12:2018,10:56:36,ARM_Cordoba,359,359.455972,0.082,0.0403,0.0285,0.0241,0.0696,0.0268,0.0144,0.0097,0.0124,0.0135,0.0142,0.0144,1.565289,69.573791,70.183764,0.926748,0.062105,0.081256,4,10,7,6,4,10,7,6,4,10,7,6,4,10,7,6,0.03194,0.06113,0.37074,0.37157,1,1,29:09:2020,04:41:47,621,-32.12641,-64.72837,1141.0,lev20,Almucantar,ARM_Cordoba,359,359.455972,0.081256,0.039232,0.028388,0.024568,1.562698,69.573791,70.183764,0.926748,0.062105,0.081256,4,10,7,6,4,10,7,6,4,10,7,6,4,10,7,6,0.03194,0.06113,0.37074,0.37157,1,1,29:09:2020,04:41:47,621,-32.12641,-64.72837,1141.0,lev20,Almucantar,ARM_Cordoba,359,359.455972,,,,,,,,,69.573791,70.183764,0.926748,0.062105,0.081256,4,10,7,6,4,10,7,6,4,10,7,6,4,10,7,6,0.03194,0.06113,0.37074,0.37157,1,1,29:09:2020,04:41:47,621,-32.12641,-64.72837,1141.0,lev20,Almucantar,ARM_Cordoba,359,359.455972,,,,,69.573791,70.183764,0.926748,0.062105,0.081256,4,10,7,6,4,10,7,6,4,10,7,6,4,10,7,6,0.03194,0.06113,0.37074,0.37157,1,1,29:09:2020,04:41:47,621,-32.12641,-64.72837,1141.0,lev20,Almucantar,ARM_Cordoba,359,359.455972,,,,,,69.573791,70.183764,0.926748,0.062105,0.081256,4,10,7,6,4,10,7,6,4,10,7,6,4,10,7,6,0.03194,0.06113,0.37074,0.37157,1,1,29:09:2020,04:41:47,621,-32.12641,-64.72837,1141.0,lev20,Almucantar,1.550222245181465,0.06725888381348384,0.7627980414261586,BCH,Maritime,,Unknown
25:12:2018,11:47:44,ARM_Cordoba,359,359.491481,0.0849,0.0416,0.0288,0.0238,0.073,0.0287,0.0152,0.01,0.012,0.013,0.0136,0.0138,1.598064,59.034359,59.659039,0.816978,0.082638,0.084252,4,10,7,5,4,10,7,5,3,11,7,5,3,10,8,5,0.02935,0.05606,0.32966,0.33325,1,1,15:02:2021,01:47:52,621,-32.12641,-64.72837,1141.0,lev20,Almucantar,ARM_Cordoba,359,359.491481,0.084252,0.040149,0.029397,0.024684,1.567514,59.034359,59.659039,0.816978,0.082638,0.084252,4,10,7,5,4,10,7,5,3,11,7,5,3,10,8,5,0.02935,0.05606,0.32966,0.33325,1,1,15:02:2021,01:47:52,621,-32.12641,-64.72837,1141.0,lev20,Almucantar,ARM_Cordoba,359,359.491481,,,,,,,,,59.034359,59.659039,0.816978,0.082638,0.084252,4,10,7,5,4,10,7,5,3,11,7,5,3,10,8,5,0.02935,0.05606,0.32966,0.33325,1,1,15:02:2021,01:47:52,621,-32.12641,-64.72837,1141.0,lev20,Almucantar,ARM_Cordoba,359,359.491481,,,,,59.034359,59.659039,0.816978,0.082638,0.084252,4,10,7,5,4,10,7,5,3,11,7,5,3,10,8,5,0.02935,0.05606,0.32966,0.33325,1,1,15:02:2021,01:47:52,621,-32.12641,-64.72837,1141.0,lev20,Almucantar,ARM_Cordoba,359,359.491481,,,,,,59.034359,59.659039,0.816978,0.082638,0.084252,4,10,7,5,4,10,7,5,3,11,7,5,3,10,8,5,0.02935,0.05606,0.32966,0.33325,1,1,15:02:2021,01:47:52,621,-32.12641,-64.72837,1141.0,lev20,Almucantar,1.5858433215193695,0.06932117359709365,0.7827926255709164,BCH,Maritime,,Unknown
29:12:2018,10:34:08,ARM_Cordoba,363,363.44037,0.0522,0.0317,0.0258,0.0237,0.0364,0.0147,0.0078,0.0053,0.0158,0.017,0.018,0.0184,1.049782,74.591386,75.192022,2.170108,0.060753,0.052579,4,10,7,6,4,10,7,6,4,10,6,6,4,10,6,6,0.03384,0.0652,0.40541,0.40624,1,1,29:09:2020,04:46:37,621,-32.12641,-64.72837,1141.0,lev20,Almucantar,ARM_Cordoba,363,363.44037,0.052579,0.030593,0.025737,0.024324,1.072783,74.591386,75.192022,2.170108,0.060753,0.052579,4,10,7,6,4,10,7,6,4,10,6,6,4,10,6,6,0.03384,0.0652,0.40541,0.40624,1,1,29:09:2020,04:46:37,621,-32.12641,-64.72837,1141.0,lev20,Almucantar,ARM_Cordoba,363,363.44037,,,,,,,,,74.591386,75.192022,2.170108,0.060753,0.052579,4,10,7,6,4,10,7,6,4,10,6,6,4,10,6,6,0.03384,0.0652,0.40541,0.40624,1,1,29:09:2020,04:46:37,621,-32.12641,-64.72837,1141.0,lev20,Almucantar,ARM_Cordoba,363,363.44037,,,,,74.591386,75.192022,2.170108,0.060753,0.052579,4,10,7,6,4,10,7,6,4,10,6,6,4,10,6,6,0.03384,0.0652,0.40541,0.40624,1,1,29:09:2020,04:46:37,621,-32.12641,-64.72837,1141.0,lev20,Almucantar,ARM_Cordoba,363,363.44037,,,,,,74.591386,75.192022,2.170108,0.060753,0.052579,4,10,7,6,4,10,7,6,4,10,6,6,4,10,6,6,0.03384,0.0652,0.40541,0.40624,1,1,29:09:2020,04:46:37,621,-32.12641,-64.72837,1141.0,lev20,Almucantar,1.0337228911045162,0.04573840022194631,0.5771114875707607,MA,Maritime,,Unknown
29:12:2018,10:58:49,ARM_Cordoba,363,363.457512,0.0541,0.0326,0.027,0.0251,0.0367,0.0139,0.0074,0.0051,0.0173,0.0186,0.0196,0.02,1.038824,69.601966,70.212479,1.013481,0.035408,0.05395,4,10,7,6,4,10,7,6,4,10,7,6,4,10,7,6,0.03194,0.06137,0.376,0.37795,1,1,29:09:2020,04:47:01,621,-32.12641,-64.72837,1141.0,lev20,Almucantar,ARM_Cordoba,363,363.457512,0.05395,0.031767,0.026918,0.025441,1.044721,69.601966,70.212479,1.013481,0.035408,0.05395,4,10,7,6,4,10,7,6,4,10,7,6,4,10,7,6,0.03194,0.06137,0.376,0.37795,1,1,29:09:2020,04:47:01,621,-32.12641,-64.72837,1141.0,lev20,Almucantar,ARM_Cordoba,363,363.457512,,,,,,,,,69.601966,70.212479,1.013481,0.035408,0.05395,4,10,7,6,4,10,7,6,4,10,7,6,4,10,7,6,0.03194,0.06137,0.376,0.37795,1,1,29:09:2020,04:47:01,621,-32.12641,-64.72837,1141.0,lev20,Almucantar,ARM_Cordoba,363,363.457512,,,,,69.601966,70.212479,1.013481,0.035408,0.05395,4,10,7,6,4,10,7,6,4,10,7,6,4,10,7,6,0.03194,0.06137,0.376,0.37795,1,1,29:09:2020,04:47:01,621,-32.12641,-64.72837,1141.0,lev20,Almucantar,ARM_Cordoba,363,363.457512,,,,,,69.601966,70.212479,1.013481,0.035408,0.05395,4,10,7,6,4,10,7,6,4,10,7,6,4,10,7,6,0.03194,0.06137,0.376,0.37795,1,1,29:09:2020,04:47:01,621,-32.12641,-64.72837,1141.0,lev20,Almucantar,1.0194784730194315,0.04748960359804552,0.5444774930478433,MA,Maritime,,Unknown
29:12:2018,11:49:53,ARM_Cordoba,363,363.492975,0.0537,0.0316,0.0254,0.0232,0.0384,0.0152,0.0082,0.0057,0.0152,0.0164,0.0171,0.0175,1.115353,59.068654,59.693698,1.55816,0.11473,0.05234,4,10,7,5,3,11,7,5,3,11,7,5,3,10,8,5,0.02932,0.05606,0.33422,0.33813,1,1,29:09:2020,04:46:39,621,-32.12641,-64.72837,1141.0,lev20,Almucantar,ARM_Cordoba,363,363.492975,0.05234,0.030681,0.026778,0.024132,1.012668,59.068654,59.693698,1.55816,0.11473,0.05234,4,10,7,5,3,11,7,5,3,11,7,5,3,10,8,5,0.02932,0.05606,0.33422,0.33813,1,1,29:09:2020,04:46:39,621,-32.12641,-64.72837,1141.0,lev20,Almucantar,ARM_Cordoba,363,363.492975,,,,,,,,,59.068654,59.693698,1.55816,0.11473,0.05234,4,10,7,5,3,11,7,5,3,11,7,5,3,10,8,5,0.02932,0.05606,0.33422,0.33813,1,1,29:09:2020,04:46:39,621,-32.12641,-64.72837,1141.0,lev20,Almucantar,ARM_Cordoba,363,363.492975,,,,,59.068654,59.693698,1.55816,0.11473,0.05234,4,10,7,5,3,11,7,5,3,11,7,5,3,10,8,5,0.02932,0.05606,0.33422,0.33813,1,1,29:09:2020,04:46:39,621,-32.12641,-64.72837,1141.0,lev20,Almucantar,ARM_Cordoba,363,363.492975,,,,,,59.068654,59.693698,1.55816,0.11473,0.05234,4,10,7,5,3,11,7,5,3,11,7,5,3,10,8,5,0.02932,0.05606,0.33422,0.33813,1,1,29:09:2020,04:46:39,621,-32.12641,-64.72837,1141.0,lev20,Almucantar,1.098200861870276,0.046666486944611396,0.593641836062964,MA,Maritime,,Unknown
31:12:2018,11:51:08,ARM_Cordoba,365,365.493843,0.0972,0.053,0.0362,0.0304,0.0797,0.0341,0.0166,0.0106,0.0176,0.0188,0.0196,0.0198,1.449165,59.064748,59.690103,2.861523,0.244843,0.095172,4,10,7,5,3,11,7,5,3,11,7,4,3,10,8,5,0.02932,0.05606,0.3342,0.33812,1,1,15:02:2021,02:37:29,621,-32.12641,-64.72837,1141.0,lev20,Almucantar,ARM_Cordoba,365,365.493843,0.095172,0.04947,0.037534,0.033079,1.385029,59.064748,59.690103,2.861523,0.244843,0.095172,4,10,7,5,3,11,7,5,3,11,7,4,3,10,8,5,0.02932,0.05606,0.3342,0.33812,1,1,15:02:2021,02:37:29,621,-32.12641,-64.72837,1141.0,lev20,Almucantar,ARM_Cordoba,365,365.493843,,,,,,,,,59.064748,59.690103,2.861523,0.244843,0.095172,4,10,7,5,3,11,7,5,3,11,7,4,3,10,8,5,0.02932,0.05606,0.3342,0.33812,1,1,15:02:2021,02:37:29,621,-32.12641,-64.72837,1141.0,lev20,Almucantar,ARM_Cordoba,365,365.493843,,,,,59.064748,59.690103,2.861523,0.244843,0.095172,4,10,7,5,3,11,7,5,3,11,7,4,3,10,8,5,0.02932,0.05606,0.3342,0.33812,1,1,15:02:2021,02:37:29,621,-32.12641,-64.72837,1141.0,lev20,Almucantar,ARM_Cordoba,365,365.493843,,,,,,59.064748,59.690103,2.861523,0.244843,0.095172,4,10,7,5,3,11,7,5,3,11,7,4,3,10,8,5,0.02932,0.05606,0.3342,0.33812,1,1,15:02:2021,02:37:29,621,-32.12641,-64.72837,1141.0,lev20,Almucantar,1.4488555243103,0.0807662051518025,0.7403704250147608,BCH,Maritime,,Unknown
03:01:2019,20:28:16,ARM_Cordoba,3,3.852963,0.072,0.0495,0.044,0.0421,0.0399,0.0152,0.0083,0.0058,0.0321,0.0343,0.0357,0.0363,0.739894,55.013588,54.383352,0.803104,0.053989,0.070391,4,10,8,4,4,10,8,4,4,10,8,4,4,10,8,3,0.02797,0.05323,0.32153,0.32276,1,1,29:09:2020,04:54:01,621,-32.12641,-64.72837,1141.0,lev20,Almucantar,ARM_Cordoba,3,3.852963,0.070391,0.04806,0.044092,0.042172,0.708971,55.013588,54.383352,0.803104,0.053989,0.070391,4,10,8,4,4,10,8,4,4,10,8,4,4,10,8,3,0.02797,0.05323,0.32153,0.32276,1,1,29:09:2020,04:54:01,621,-32.12641,-64.72837,1141.0,lev20,Almucantar,ARM_Cordoba,3,3.852963,,,,,,,,,55.013588,54.383352,0.803104,0.053989,0.070391,4,10,8,4,4,10,8,4,4,10,8,4,4,10,8,3,0.02797,0.05323,0.32153,0.32276,1,1,29:09:2020,04:54:01,621,-32.12641,-64.72837,1141.0,lev20,Almucantar,ARM_Cordoba,3,3.852963,,,,,55.013588,54.383352,0.803104,0.053989,0.070391,4,10,8,4,4,10,8,4,4,10,8,4,4,10,8,3,0.02797,0.05323,0.32153,0.32276,1,1,29:09:2020,04:54:01,621,-32.12641,-64.72837,1141.0,lev20,Almucantar,ARM_Cordoba,3,3.852963,,,,,,55.013588,54.383352,0.803104,0.053989,0.070391,4,10,8,4,4,10,8,4,4,10,8,4,4,10,8,3,0.02797,0.05323,0.32153,0.32276,1,1,29:09:2020,04:54:01,621,-32.12641,-64.72837,1141.0,lev20,Almucantar,0.7224044765168365,0.06564876043730615,0.41633574533879064,MA,Maritime,,Unknown
05:01:2019,11:54:51,ARM_Cordoba,5,5.496424,0.084,0.0471,0.0314,0.0248,0.0729,0.0351,0.0188,0.012,0.0111,0.012,0.0126,0.0129,1.43758,58.968955,59.595454,3.952998,0.272039,0.081785,4,10,7,5,4,10,7,5,3,11,7,3,3,10,8,3,0.0285,0.05445,0.33312,0.33598,1,1,15:02:2021,03:08:27,621,-32.12641,-64.72837,1141.0,lev20,Almucantar,ARM_Cordoba,5,5.496424,0.081785,0.042629,0.031863,0.02734,1.400476,58.968955,59.595454,3.952998,0.272039,0.081785,4,10,7,5,4,10,7,5,3,11,7,3,3,10,8,3,0.0285,0.05445,0.33312,0.33598,1,1,15:02:2021,03:08:27,621,-32.12641,-64.72837,1141.0,lev20,Almucantar,ARM_Cordoba,5,5.496424,,,,,,,,,58.968955,59.595454,3.952998,0.272039,0.081785,4,10,7,5,4,10,7,5,3,11,7,3,3,10,8,3,0.0285,0.05445,0.33312,0.33598,1,1,15:02:2021,03:08:27,621,-32.12641,-64.72837,1141.0,lev20,Almucantar,ARM_Cordoba,5,5.496424,,,,,58.968955,59.595454,3.952998,0.272039,0.081785,4,10,7,5,4,10,7,5,3,11,7,3,3,10,8,3,0.0285,0.05445,0.33312,0.33598,1,1,15:02:2021,03:08:27,621,-32.12641,-64.72837,1141.0,lev20,Almucantar,ARM_Cordoba,5,5.496424,,,,,,58.968955,59.595454,3.952998,0.272039,0.081785,4,10,7,5,4,10,7,5,3,11,7,3,3,10,8,3,0.0285,0.05445,0.33312,0.33598,1,1,15:02:2021,03:08:27,621,-32.12641,-64.72837,1141.0,lev20,Almucantar,1.4434241229496725,0.0698464336188501,0.8188809847297956,BCH,Maritime,,Unknown
07:01:2019,10:40:57,ARM_Cordoba,7,7.445104,0.0774,0.0427,0.0326,0.029,0.0594,0.0231,0.012,0.008,0.0179,0.0196,0.0207,0.0209,1.283957,74.460607,75.064819,2.073268,0.041281,0.076324,4,10,7,6,4,10,7,6,4,10,6,5,4,10,6,6,0.03273,0.06307,0.40315,0.4033,1,1,29:09:2020,04:11:57,621,-32.12641,-64.72837,1141.0,lev20,Almucantar,ARM_Cordoba,7,7.445104,0.076324,0.041883,0.032196,0.029413,1.28319,74.460607,75.064819,2.073268,0.041281,0.076324,4,10,7,6,4,10,7,6,4,10,6,5,4,10,6,6,0.03273,0.06307,0.40315,0.4033,1,1,29:09:2020,04:11:57,621,-32.12641,-64.72837,1141.0,lev20,Almucantar,ARM_Cordoba,7,7.445104,,,,,,,,,74.460607,75.064819,2.073268,0.041281,0.076324,4,10,7,6,4,10,7,6,4,10,6,5,4,10,6,6,0.03273,0.06307,0.40315,0.4033,1,1,29:09:2020,04:11:57,621,-32.12641,-64.72837,1141.0,lev20,Almucantar,ARM_Cordoba,7,7.445104,,,,,74.460607,75.064819,2.073268,0.041281,0.076324,4,10,7,6,4,10,7,6,4,10,6,5,4,10,6,6,0.03273,0.06307,0.40315,0.4033,1,1,29:09:2020,04:11:57,621,-32.12641,-64.72837,1141.0,lev20,Almucantar,ARM_Cordoba,7,7.445104,,,,,,74.460607,75.064819,2.073268,0.041281,0.076324,4,10,7,6,4,10,7,6,4,10,6,5,4,10,6,6,0.03273,0.06307,0.40315,0.4033,1,1,29:09:2020,04:11:57,621,-32.12641,-64.72837,1141.0,lev20,Almucantar,1.2683747200392568,0.06581489390089458,0.6549816257698171,BCH,Maritime,,Unknown
07:01:2019,11:06:10,ARM_Cordoba,7,7.462616,0.0838,0.0455,0.0347,0.0309,0.0648,0.025,0.0132,0.009,0.019,0.0206,0.0216,0.0219,1.310241,69.334858,69.94864,0.971607,0.032574,0.082628,4,10,7,6,4,10,7,6,4,10,7,6,4,10,7,6,0.03093,0.05941,0.37371,0.37466,1,1,29:09:2020,04:11:22,621,-32.12641,-64.72837,1141.0,lev20,Almucantar,ARM_Cordoba,7,7.462616,0.082628,0.044897,0.034465,0.031347,1.300417,69.334858,69.94864,0.971607,0.032574,0.082628,4,10,7,6,4,10,7,6,4,10,7,6,4,10,7,6,0.03093,0.05941,0.37371,0.37466,1,1,29:09:2020,04:11:22,621,-32.12641,-64.72837,1141.0,lev20,Almucantar,ARM_Cordoba,7,7.462616,,,,,,,,,69.334858,69.94864,0.971607,0.032574,0.082628,4,10,7,6,4,10,7,6,4,10,7,6,4,10,7,6,0.03093,0.05941,0.37371,0.37466,1,1,29:09:2020,04:11:22,621,-32.12641,-64.72837,1141.0,lev20,Almucantar,ARM_Cordoba,7,7.462616,,,,,69.334858,69.94864,0.971607,0.032574,0.082628,4,10,7,6,4,10,7,6,4,10,7,6,4,10,7,6,0.03093,0.05941,0.37371,0.37466,1,1,29:09:2020,04:11:22,621,-32.12641,-64.72837,1141.0,lev20,Almucantar,ARM_Cordoba,7,7.462616,,,,,,69.334858,69.94864,0.971607,0.032574,0.082628,4,10,7,6,4,10,7,6,4,10,7,6,4,10,7,6,0.03093,0.05941,0.37371,0.37466,1,1,29:09:2020,04:11:22,621,-32.12641,-64.72837,1141.0,lev20,Almucantar,1.293339318613677,0.07102991184284901,0.6611038101708705,BCH,Maritime,,Unknown
07:01:2019,11:56:12,ARM_Cordoba,7,7.497361,0.0881,0.049,0.0367,0.0332,0.0674,0.0269,0.0135,0.0095,0.0206,0.0221,0.0232,0.0236,1.296554,58.971822,59.598831,1.267114,0.065154,0.087697,4,10,7,5,4,10,7,5,3,11,7,4,3,10,8,5,0.0285,0.05445,0.33313,0.33599,1,1,29:09:2020,04:10:32,621,-32.12641,-64.72837,1141.0,lev20,Almucantar,ARM_Cordoba,7,7.497361,0.087697,0.048037,0.037469,0.032756,1.266792,58.971822,59.598831,1.267114,0.065154,0.087697,4,10,7,5,4,10,7,5,3,11,7,4,3,10,8,5,0.0285,0.05445,0.33313,0.33599,1,1,29:09:2020,04:10:32,621,-32.12641,-64.72837,1141.0,lev20,Almucantar,ARM_Cordoba,7,7.497361,,,,,,,,,58.971822,59.598831,1.267114,0.065154,0.087697,4,10,7,5,4,10,7,5,3,11,7,4,3,10,8,5,0.0285,0.05445,0.33313,0.33599,1,1,29:09:2020,04:10:32,621,-32.12641,-64.72837,1141.0,lev20,Almucantar,ARM_Cordoba,7,7.497361,,,,,58.971822,59.598831,1.267114,0.065154,0.087697,4,10,7,5,4,10,7,5,3,11,7,4,3,10,8,5,0.0285,0.05445,0.33313,0.33599,1,1,29:09:2020,04:10:32,621,-32.12641,-64.72837,1141.0,lev20,Almucantar,ARM_Cordoba,7,7.497361,,,,,,58.971822,59.598831,1.267114,0.065154,0.087697,4,10,7,5,4,10,7,5,3,11,7,4,3,10,8,5,0.0285,0.05445,0.33313,0.33599,1,1,29:09:2020,04:10:32,621,-32.12641,-64.72837,1141.0,lev20,Almucantar,1.2845416363036035,0.07475867392944127,0.6547110313835023,BCH,Maritime,,Unknown
16:01:2019,10:47:34,ARM_Cordoba,16,16.449699,0.0331,0.0181,0.014,0.0123,0.0264,0.0107,0.0062,0.0044,0.0067,0.0074,0.0078,0.0079,1.280533,74.521777,75.131104,1.242923,0.047459,0.032485,4,10,7,6,4,10,7,6,4,10,7,6,4,10,7,6,0.03377,0.06448,0.41622,0.41305,1,1,29:09:2020,04:22:42,621,-32.12641,-64.72837,1141.0,lev20,Almucantar,ARM_Cordoba,16,16.449699,0.032485,0.017223,0.013818,0.012591,1.28048,74.521777,75.131104,1.242923,0.047459,0.032485,4,10,7,6,4,10,7,6,4,10,7,6,4,10,7,6,0.03377,0.06448,0.41622,0.41305,1,1,29:09:2020,04:22:42,621,-32.12641,-64.72837,1141.0,lev20,Almucantar,ARM_Cordoba,16,16.449699,,,,,,,,,74.521777,75.131104,1.242923,0.047459,0.032485,4,10,7,6,4,10,7,6,4,10,7,6,4,10,7,6,0.03377,0.06448,0.41622,0.41305,1,1,29:09:2020,04:22:42,621,-32.12641,-64.72837,1141.0,lev20,Almucantar,ARM_Cordoba,16,16.449699,,,,,74.521777,75.131104,1.242923,0.047459,0.032485,4,10,7,6,4,10,7,6,4,10,7,6,4,10,7,6,0.03377,0.06448,0.41622,0.41305,1,1,29:09:2020,04:22:42,621,-32.12641,-64.72837,1141.0,lev20,Almucantar,ARM_Cordoba,16,16.449699,,,,,,74.521777,75.131104,1.242923,0.047459,0.032485,4,10,7,6,4,10,7,6,4,10,7,6,4,10,7,6,0.03377,0.06448,0.41622,0.41305,1,1,29:09:2020,04:22:42,621,-32.12641,-64.72837,1141.0,lev20,Almucantar,1.2622159616231858,0.028167813488526032,0.6942069239411757,BCH,Maritime,,Unknown
16:01:2019,11:12:00,ARM_Cordoba,16,16.466667,0.0331,0.0183,0.0139,0.0122,0.0264,0.011,0.0063,0.0044,0.0067,0.0073,0.0077,0.0078,1.28736,69.518005,70.135914,1.149741,0.0585,0.032374,4,10,7,6,4,10,7,6,4,10,7,6,4,10,7,6,0.03181,0.06059,0.38451,0.38315,1,1,29:09:2020,04:22:19,621,-32.12641,-64.72837,1141.0,lev20,Almucantar,ARM_Cordoba,16,16.466667,0.032374,0.017168,0.013871,0.012579,1.270852,69.518005,70.135914,1.149741,0.0585,0.032374,4,10,7,6,4,10,7,6,4,10,7,6,4,10,7,6,0.03181,0.06059,0.38451,0.38315,1,1,29:09:2020,04:22:19,621,-32.12641,-64.72837,1141.0,lev20,Almucantar,ARM_Cordoba,16,16.466667,,,,,,,,,69.518005,70.135914,1.149741,0.0585,0.032374,4,10,7,6,4,10,7,6,4,10,7,6,4,10,7,6,0.03181,0.06059,0.38451,0.38315,1,1,29:09:2020,04:22:19,621,-32.12641,-64.72837,1141.0,lev20,Almucantar,ARM_Cordoba,16,16.466667,,,,,69.518005,70.135914,1.149741,0.0585,0.032374,4,10,7,6,4,10,7,6,4,10,7,6,4,10,7,6,0.03181,0.06059,0.38451,0.38315,1,1,29:09:2020,04:22:19,621,-32.12641,-64.72837,1141.0,lev20,Almucantar,ARM_Cordoba,16,16.466667,,,,,,69.518005,70.135914,1.149741,0.0585,0.032374,4,10,7,6,4,10,7,6,4,10,7,6,4,10,7,6,0.03181,0.06059,0.38451,0.38315,1,1,29:09:2020,04:22:19,621,-32.12641,-64.72837,1141.0,lev20,Almucantar,1.2727312837673188,0.028129975494594117,0.7021771635489832,BCH,Maritime,,Unknown
16:01:2019,12:02:35,ARM_Cordoba,16,16.501794,0.0331,0.0181,0.0133,0.0114,0.027,0.0115,0.0064,0.0044,0.006,0.0066,0.007,0.0071,1.348238,58.98359,59.613309,1.184822,0.100394,0.032255,4,10,7,5,4,10,7,5,3,11,7,5,3,10,8,5,0.02909,0.05522,0.33964,0.34108,1,1,29:09:2020,04:24:59,621,-32.12641,-64.72837,1141.0,lev20,Almucantar,ARM_Cordoba,16,16.501794,0.032255,0.016939,0.014404,0.012139,1.218542,58.98359,59.613309,1.184822,0.100394,0.032255,4,10,7,5,4,10,7,5,3,11,7,5,3,10,8,5,0.02909,0.05522,0.33964,0.34108,1,1,29:09:2020,04:24:59,621,-32.12641,-64.72837,1141.0,lev20,Almucantar,ARM_Cordoba,16,16.501794,,,,,,,,,58.98359,59.613309,1.184822,0.100394,0.032255,4,10,7,5,4,10,7,5,3,11,7,5,3,10,8,5,0.02909,0.05522,0.33964,0.34108,1,1,29:09:2020,04:24:59,621,-32.12641,-64.72837,1141.0,lev20,Almucantar,ARM_Cordoba,16,16.501794,,,,,58.98359,59.613309,1.184822,0.100394,0.032255,4,10,7,5,4,10,7,5,3,11,7,5,3,10,8,5,0.02909,0.05522,0.33964,0.34108,1,1,29:09:2020,04:24:59,621,-32.12641,-64.72837,1141.0,lev20,Almucantar,ARM_Cordoba,16,16.501794,,,,,,58.98359,59.613309,1.184822,0.100394,0.032255,4,10,7,5,4,10,7,5,3,11,7,5,3,10,8,5,0.02909,0.05522,0.33964,0.34108,1,1,29:09:2020,04:24:59,621,-32.12641,-64.72837,1141.0,lev20,Almucantar,1.3374571286679522,0.027898184872440335,0.7299203682338786,BCH,Maritime,,Unknown
19:01:2019,10:50:01,ARM_Cordoba,19,19.4514,0.0354,0.0201,0.0156,0.0138,0.0278,0.0117,0.0065,0.0046,0.0076,0.0085,0.009,0.0092,1.217345,74.511906,75.123302,1.419822,0.061541,0.034913,4,10,7,6,4,10,7,6,4,10,7,6,4,10,7,6,0.03508,0.06659,0.41151,0.40999,1,1,29:09:2020,04:25:13,621,-32.12641,-64.72837,1141.0,lev20,Almucantar,ARM_Cordoba,19,19.4514,0.034913,0.019078,0.01562,0.014425,1.206575,74.511906,75.123302,1.419822,0.061541,0.034913,4,10,7,6,4,10,7,6,4,10,7,6,4,10,7,6,0.03508,0.06659,0.41151,0.40999,1,1,29:09:2020,04:25:13,621,-32.12641,-64.72837,1141.0,lev20,Almucantar,ARM_Cordoba,19,19.4514,,,,,,,,,74.511906,75.123302,1.419822,0.061541,0.034913,4,10,7,6,4,10,7,6,4,10,7,6,4,10,7,6,0.03508,0.06659,0.41151,0.40999,1,1,29:09:2020,04:25:13,621,-32.12641,-64.72837,1141.0,lev20,Almucantar,ARM_Cordoba,19,19.4514,,,,,74.511906,75.123302,1.419822,0.061541,0.034913,4,10,7,6,4,10,7,6,4,10,7,6,4,10,7,6,0.03508,0.06659,0.41151,0.40999,1,1,29:09:2020,04:25:13,621,-32.12641,-64.72837,1141.0,lev20,Almucantar,ARM_Cordoba,19,19.4514,,,,,,74.511906,75.123302,1.419822,0.061541,0.034913,4,10,7,6,4,10,7,6,4,10,7,6,4,10,7,6,0.03508,0.06659,0.41151,0.40999,1,1,29:09:2020,04:25:13,621,-32.12641,-64.72837,1141.0,lev20,Almucantar,1.2020224245513653,0.030357792557639127,0.6829468093675792,BCH,Maritime,,Unknown
19:01:2019,12:04:47,ARM_Cordoba,19,19.503322,0.0346,0.0197,0.015,0.0131,0.0272,0.0117,0.0065,0.0044,0.0073,0.008,0.0085,0.0086,1.238282,58.988209,59.618879,1.018103,0.082425,0.03394,4,10,7,5,4,10,7,5,3,11,7,5,3,10,8,5,0.03001,0.05662,0.33636,0.33894,1,1,29:09:2020,04:25:47,621,-32.12641,-64.72837,1141.0,lev20,Almucantar,ARM_Cordoba,19,19.503322,0.03394,0.018007,0.015436,0.013442,1.191954,58.988209,59.618879,1.018103,0.082425,0.03394,4,10,7,5,4,10,7,5,3,11,7,5,3,10,8,5,0.03001,0.05662,0.33636,0.33894,1,1,29:09:2020,04:25:47,621,-32.12641,-64.72837,1141.0,lev20,Almucantar,ARM_Cordoba,19,19.503322,,,,,,,,,58.988209,59.618879,1.018103,0.082425,0.03394,4,10,7,5,4,10,7,5,3,11,7,5,3,10,8,5,0.03001,0.05662,0.33636,0.33894,1,1,29:09:2020,04:25:47,621,-32.12641,-64.72837,1141.0,lev20,Almucantar,ARM_Cordoba,19,19.503322,,,,,58.988209,59.618879,1.018103,0.082425,0.03394,4,10,7,5,4,10,7,5,3,11,7,5,3,10,8,5,0.03001,0.05662,0.33636,0.33894,1,1,29:09:2020,04:25:47,621,-32.12641,-64.72837,1141.0,lev20,Almucantar,ARM_Cordoba,19,19.503322,,,,,,58.988209,59.618879,1.018103,0.082425,0.03394,4,10,7,5,4,10,7,5,3,11,7,5,3,10,8,5,0.03001,0.05662,0.33636,0.33894,1,1,29:09:2020,04:25:47,621,-32.12641,-64.72837,1141.0,lev20,Almucantar,1.2260243776208348,0.029580839937103014,0.6946294896047537,BCH,Maritime,,Unknown
19:01:2019,12:33:20,ARM_Cordoba,19,19.523148,0.0361,0.0203,0.0155,0.0135,0.0288,0.0123,0.0071,0.0048,0.0073,0.0079,0.0084,0.0086,1.254001,52.968399,53.602133,1.290761,0.081434,0.035557,3,10,8,4,3,10,8,4,3,10,8,4,4,10,8,4,0.02891,0.05447,0.31945,0.32312,1,1,29:09:2020,04:25:14,621,-32.12641,-64.72837,1141.0,lev20,Almucantar,ARM_Cordoba,19,19.523148,0.035557,0.018857,0.016163,0.013789,1.192715,52.968399,53.602133,1.290761,0.081434,0.035557,3,10,8,4,3,10,8,4,3,10,8,4,4,10,8,4,0.02891,0.05447,0.31945,0.32312,1,1,29:09:2020,04:25:14,621,-32.12641,-64.72837,1141.0,lev20,Almucantar,ARM_Cordoba,19,19.523148,,,,,,,,,52.968399,53.602133,1.290761,0.081434,0.035557,3,10,8,4,3,10,8,4,3,10,8,4,4,10,8,4,0.02891,0.05447,0.31945,0.32312,1,1,29:09:2020,04:25:14,621,-32.12641,-64.72837,1141.0,lev20,Almucantar,ARM_Cordoba,19,19.523148,,,,,52.968399,53.602133,1.290761,0.081434,0.035557,3,10,8,4,3,10,8,4,3,10,8,4,4,10,8,4,0.02891,0.05447,0.31945,0.32312,1,1,29:09:2020,04:25:14,621,-32.12641,-64.72837,1141.0,lev20,Almucantar,ARM_Cordoba,19,19.523148,,,,,,52.968399,53.602133,1.290761,0.081434,0.035557,3,10,8,4,3,10,8,4,3,10,8,4,4,10,8,4,0.02891,0.05447,0.31945,0.32312,1,1,29:09:2020,04:25:14,621,-32.12641,-64.72837,1141.0,lev20,Almucantar,1.2401788426503375,0.030807452426401274,0.7080401154983615,BCH,Maritime,,Unknown
20:01:2019,11:15:04,ARM_Cordoba,20,20.468796,0.0364,0.0216,0.0173,0.0155,0.0275,0.0116,0.0066,0.0047,0.0089,0.01,0.0107,0.0109,1.107006,69.526891,70.147067,1.17383,0.054916,0.036076,4,10,7,6,4,10,7,6,4,10,7,6,4,10,7,4,0.03298,0.06243,0.38045,0.38055,1,1,29:09:2020,04:26:36,621,-32.12641,-64.72837,1141.0,lev20,Almucantar,ARM_Cordoba,20,20.468796,0.036076,0.020377,0.017068,0.015834,1.124855,69.526891,70.147067,1.17383,0.054916,0.036076,4,10,7,6,4,10,7,6,4,10,7,6,4,10,7,4,0.03298,0.06243,0.38045,0.38055,1,1,29:09:2020,04:26:36,621,-32.12641,-64.72837,1141.0,lev20,Almucantar,ARM_Cordoba,20,20.468796,,,,,,,,,69.526891,70.147067,1.17383,0.054916,0.036076,4,10,7,6,4,10,7,6,4,10,7,6,4,10,7,4,0.03298,0.06243,0.38045,0.38055,1,1,29:09:2020,04:26:36,621,-32.12641,-64.72837,1141.0,lev20,Almucantar,ARM_Cordoba,20,20.468796,,,,,69.526891,70.147067,1.17383,0.054916,0.036076,4,10,7,6,4,10,7,6,4,10,7,6,4,10,7,4,0.03298,0.06243,0.38045,0.38055,1,1,29:09:2020,04:26:36,621,-32.12641,-64.72837,1141.0,lev20,Almucantar,ARM_Cordoba,20,20.468796,,,,,,69.526891,70.147067,1.17383,0.054916,0.036076,4,10,7,6,4,10,7,6,4,10,7,6,4,10,7,4,0.03298,0.06243,0.38045,0.38055,1,1,29:09:2020,04:26:36,621,-32.12641,-64.72837,1141.0,lev20,Almucantar,1.091157552265398,0.031660898252382934,0.6431537461197212,Unclassified,Maritime,,Unknown
20:01:2019,12:05:34,ARM_Cordoba,20,20.503866,0.0401,0.0237,0.0191,0.017,0.0308,0.0132,0.0078,0.0055,0.0093,0.0105,0.0113,0.0115,1.105101,58.980358,59.611345,1.976206,0.153153,0.039361,4,10,7,5,4,10,7,5,3,11,6,4,3,10,6,5,0.03001,0.05662,0.33631,0.33892,1,1,15:02:2021,04:57:20,621,-32.12641,-64.72837,1141.0,lev20,Almucantar,ARM_Cordoba,20,20.503866,0.039361,0.021739,0.018336,0.019009,1.150655,58.980358,59.611345,1.976206,0.153153,0.039361,4,10,7,5,4,10,7,5,3,11,6,4,3,10,6,5,0.03001,0.05662,0.33631,0.33892,1,1,15:02:2021,04:57:20,621,-32.12641,-64.72837,1141.0,lev20,Almucantar,ARM_Cordoba,20,20.503866,,,,,,,,,58.980358,59.611345,1.976206,0.153153,0.039361,4,10,7,5,4,10,7,5,3,11,6,4,3,10,6,5,0.03001,0.05662,0.33631,0.33892,1,1,15:02:2021,04:57:20,621,-32.12641,-64.72837,1141.0,lev20,Almucantar,ARM_Cordoba,20,20.503866,,,,,58.980358,59.611345,1.976206,0.153153,0.039361,4,10,7,5,4,10,7,5,3,11,6,4,3,10,6,5,0.03001,0.05662,0.33631,0.33892,1,1,15:02:2021,04:57:20,621,-32.12641,-64.72837,1141.0,lev20,Almucantar,ARM_Cordoba,20,20.503866,,,,,,58.980358,59.611345,1.976206,0.153153,0.039361,4,10,7,5,4,10,7,5,3,11,6,4,3,10,6,5,0.03001,0.05662,0.33631,0.33892,1,1,15:02:2021,04:57:20,621,-32.12641,-64.72837,1141.0,lev20,Almucantar,1.087968150880949,0.03489339992719099,0.6621575013761942,Unclassified,Maritime,,Unknown
23:01:2019,11:17:29,ARM_Cordoba,23,23.470475,0.1159,0.0577,0.0402,0.0338,0.0964,0.0369,0.0186,0.0118,0.0195,0.0208,0.0216,0.0219,1.564897,69.514278,70.136234,1.538443,0.112884,0.115112,4,10,7,6,4,10,7,6,4,10,7,6,4,10,7,6,0.03297,0.06242,0.38033,0.38049,1,1,15:02:2021,05:13:52,621,-32.12641,-64.72837,1141.0,lev20,Almucantar,ARM_Cordoba,23,23.470475,0.115112,0.055772,0.040489,0.035591,1.552944,69.514278,70.136234,1.538443,0.112884,0.115112,4,10,7,6,4,10,7,6,4,10,7,6,4,10,7,6,0.03297,0.06242,0.38033,0.38049,1,1,15:02:2021,05:13:52,621,-32.12641,-64.72837,1141.0,lev20,Almucantar,ARM_Cordoba,23,23.470475,,,,,,,,,69.514278,70.136234,1.538443,0.112884,0.115112,4,10,7,6,4,10,7,6,4,10,7,6,4,10,7,6,0.03297,0.06242,0.38033,0.38049,1,1,15:02:2021,05:13:52,621,-32.12641,-64.72837,1141.0,lev20,Almucantar,ARM_Cordoba,23,23.470475,,,,,69.514278,70.136234,1.538443,0.112884,0.115112,4,10,7,6,4,10,7,6,4,10,7,6,4,10,7,6,0.03297,0.06242,0.38033,0.38049,1,1,15:02:2021,05:13:52,621,-32.12641,-64.72837,1141.0,lev20,Almucantar,ARM_Cordoba,23,23.470475,,,,,,69.514278,70.136234,1.538443,0.112884,0.115112,4,10,7,6,4,10,7,6,4,10,7,6,4,10,7,6,0.03297,0.06242,0.38033,0.38049,1,1,15:02:2021,05:13:52,621,-32.12641,-64.72837,1141.0,lev20,Almucantar,1.5532228895484337,0.09502823250074288,0.7445340108717343,BCH,Maritime,,Unknown
23:01:2019,12:07:49,ARM_Cordoba,23,23.505428,0.1165,0.058,0.0397,0.0328,0.0984,0.0386,0.0196,0.0125,0.0181,0.0194,0.0201,0.0204,1.588228,58.980394,59.612275,1.166358,0.157239,0.115489,4,10,7,5,4,10,7,5,3,11,7,5,3,10,8,5,0.03,0.0566,0.33626,0.33892,1,1,15:02:2021,05:13:48,621,-32.12641,-64.72837,1141.0,lev20,Almucantar,ARM_Cordoba,23,23.505428,0.115489,0.055642,0.040669,0.034832,1.552749,58.980394,59.612275,1.166358,0.157239,0.115489,4,10,7,5,4,10,7,5,3,11,7,5,3,10,8,5,0.03,0.0566,0.33626,0.33892,1,1,15:02:2021,05:13:48,621,-32.12641,-64.72837,1141.0,lev20,Almucantar,ARM_Cordoba,23,23.505428,,,,,,,,,58.980394,59.612275,1.166358,0.157239,0.115489,4,10,7,5,4,10,7,5,3,11,7,5,3,10,8,5,0.03,0.0566,0.33626,0.33892,1,1,15:02:2021,05:13:48,621,-32.12641,-64.72837,1141.0,lev20,Almucantar,ARM_Cordoba,23,23.505428,,,,,58.980394,59.612275,1.166358,0.157239,0.115489,4,10,7,5,4,10,7,5,3,11,7,5,3,10,8,5,0.03,0.0566,0.33626,0.33892,1,1,15:02:2021,05:13:48,621,-32.12641,-64.72837,1141.0,lev20,Almucantar,ARM_Cordoba,23,23.505428,,,,,,58.980394,59.612275,1.166358,0.157239,0.115489,4,10,7,5,4,10,7,5,3,11,7,5,3,10,8,5,0.03,0.0566,0.33626,0.33892,1,1,15:02:2021,05:13:48,621,-32.12641,-64.72837,1141.0,lev20,Almucantar,1.5791563664714159,0.0952040412059237,0.7641172614853882,BCH,Maritime,,Unknown
23:01:2019,12:36:23,ARM_Cordoba,23,23.525266,0.1173,0.0591,0.0405,0.0335,0.099,0.0396,0.0203,0.0131,0.0183,0.0195,0.0202,0.0205,1.568063,52.949436,53.583618,1.405262,0.207533,0.115669,3,10,8,4,3,10,8,4,3,10,8,4,4,10,8,4,0.0289,0.05446,0.31942,0.32308,1,1,15:02:2021,05:13:45,621,-32.12641,-64.72837,1141.0,lev20,Almucantar,ARM_Cordoba,23,23.525266,0.115669,0.056189,0.04195,0.035639,1.511918,52.949436,53.583618,1.405262,0.207533,0.115669,3,10,8,4,3,10,8,4,3,10,8,4,4,10,8,4,0.0289,0.05446,0.31942,0.32308,1,1,15:02:2021,05:13:45,621,-32.12641,-64.72837,1141.0,lev20,Almucantar,ARM_Cordoba,23,23.525266,,,,,,,,,52.949436,53.583618,1.405262,0.207533,0.115669,3,10,8,4,3,10,8,4,3,10,8,4,4,10,8,4,0.0289,0.05446,0.31942,0.32308,1,1,15:02:2021,05:13:45,621,-32.12641,-64.72837,1141.0,lev20,Almucantar,ARM_Cordoba,23,23.525266,,,,,52.949436,53.583618,1.405262,0.207533,0.115669,3,10,8,4,3,10,8,4,3,10,8,4,4,10,8,4,0.0289,0.05446,0.31942,0.32308,1,1,15:02:2021,05:13:45,621,-32.12641,-64.72837,1141.0,lev20,Almucantar,ARM_Cordoba,23,23.525266,,,,,,52.949436,53.583618,1.405262,0.207533,0.115669,3,10,8,4,3,10,8,4,3,10,8,4,4,10,8,4,0.0289,0.05446,0.31942,0.32308,1,1,15:02:2021,05:13:45,621,-32.12641,-64.72837,1141.0,lev20,Almucantar,1.5599295095515189,0.0960936951972509,0.7656277244621933,BCH,Maritime,,Unknown
25:01:2019,10:54:54,ARM_Cordoba,25,25.454792,0.1057,0.0555,0.0407,0.0354,0.0844,0.0326,0.0168,0.011,0.0213,0.0229,0.024,0.0244,1.414214,74.508289,75.124026,2.535158,0.110658,0.104518,4,10,6,6,4,10,5,5,4,10,4,3,4,10,4,3,0.03585,0.06711,0.40918,0.40886,1,1,15:02:2021,05:12:35,621,-32.12641,-64.72837,1141.0,lev20,Almucantar,ARM_Cordoba,25,25.454792,0.104518,0.053723,0.040615,0.037179,1.407229,74.508289,75.124026,2.535158,0.110658,0.104518,4,10,6,6,4,10,5,5,4,10,4,3,4,10,4,3,0.03585,0.06711,0.40918,0.40886,1,1,15:02:2021,05:12:35,621,-32.12641,-64.72837,1141.0,lev20,Almucantar,ARM_Cordoba,25,25.454792,,,,,,,,,74.508289,75.124026,2.535158,0.110658,0.104518,4,10,6,6,4,10,5,5,4,10,4,3,4,10,4,3,0.03585,0.06711,0.40918,0.40886,1,1,15:02:2021,05:12:35,621,-32.12641,-64.72837,1141.0,lev20,Almucantar,ARM_Cordoba,25,25.454792,,,,,74.508289,75.124026,2.535158,0.110658,0.104518,4,10,6,6,4,10,5,5,4,10,4,3,4,10,4,3,0.03585,0.06711,0.40918,0.40886,1,1,15:02:2021,05:12:35,621,-32.12641,-64.72837,1141.0,lev20,Almucantar,ARM_Cordoba,25,25.454792,,,,,,74.508289,75.124026,2.535158,0.110658,0.104518,4,10,6,6,4,10,5,5,4,10,4,3,4,10,4,3,0.03585,0.06711,0.40918,0.40886,1,1,15:02:2021,05:12:35,621,-32.12641,-64.72837,1141.0,lev20,Almucantar,1.399957345731618,0.08837981667344086,0.6975708199913544,BCH,Maritime,,Unknown
25:01:2019,11:19:04,ARM_Cordoba,25,25.471574,0.1015,0.0546,0.04,0.0346,0.0805,0.0321,0.0166,0.0109,0.0209,0.0224,0.0234,0.0237,1.377792,69.512795,70.135933,2.272745,0.142222,0.100286,4,10,7,6,4,10,7,5,4,10,7,4,4,10,7,4,0.03351,0.06268,0.37808,0.37914,1,1,15:02:2021,05:13:15,621,-32.12641,-64.72837,1141.0,lev20,Almucantar,ARM_Cordoba,25,25.471574,0.100286,0.052146,0.039954,0.036615,1.371578,69.512795,70.135933,2.272745,0.142222,0.100286,4,10,7,6,4,10,7,5,4,10,7,4,4,10,7,4,0.03351,0.06268,0.37808,0.37914,1,1,15:02:2021,05:13:15,621,-32.12641,-64.72837,1141.0,lev20,Almucantar,ARM_Cordoba,25,25.471574,,,,,,,,,69.512795,70.135933,2.272745,0.142222,0.100286,4,10,7,6,4,10,7,5,4,10,7,4,4,10,7,4,0.03351,0.06268,0.37808,0.37914,1,1,15:02:2021,05:13:15,621,-32.12641,-64.72837,1141.0,lev20,Almucantar,ARM_Cordoba,25,25.471574,,,,,69.512795,70.135933,2.272745,0.142222,0.100286,4,10,7,6,4,10,7,5,4,10,7,4,4,10,7,4,0.03351,0.06268,0.37808,0.37914,1,1,15:02:2021,05:13:15,621,-32.12641,-64.72837,1141.0,lev20,Almucantar,ARM_Cordoba,25,25.471574,,,,,,69.512795,70.135933,2.272745,0.142222,0.100286,4,10,7,6,4,10,7,5,4,10,7,4,4,10,7,4,0.03351,0.06268,0.37808,0.37914,1,1,15:02:2021,05:13:15,621,-32.12641,-64.72837,1141.0,lev20,Almucantar,1.3659294345349469,0.08523800765678766,0.6949123793967995,BCH,Maritime,,Unknown
25:01:2019,12:37:50,ARM_Cordoba,25,25.526273,0.1035,0.0554,0.041,0.0357,0.0824,0.0328,0.0173,0.0116,0.0211,0.0226,0.0237,0.0241,1.372146,52.958665,53.592964,1.483417,0.165924,0.101216,3,10,8,4,3,10,8,4,3,10,8,4,4,10,8,4,0.02898,0.0542,0.31708,0.32131,1,1,15:02:2021,05:13:19,621,-32.12641,-64.72837,1141.0,lev20,Almucantar,ARM_Cordoba,25,25.526273,0.101216,0.053272,0.041996,0.037252,1.315064,52.958665,53.592964,1.483417,0.165924,0.101216,3,10,8,4,3,10,8,4,3,10,8,4,4,10,8,4,0.02898,0.0542,0.31708,0.32131,1,1,15:02:2021,05:13:19,621,-32.12641,-64.72837,1141.0,lev20,Almucantar,ARM_Cordoba,25,25.526273,,,,,,,,,52.958665,53.592964,1.483417,0.165924,0.101216,3,10,8,4,3,10,8,4,3,10,8,4,4,10,8,4,0.02898,0.0542,0.31708,0.32131,1,1,15:02:2021,05:13:19,621,-32.12641,-64.72837,1141.0,lev20,Almucantar,ARM_Cordoba,25,25.526273,,,,,52.958665,53.592964,1.483417,0.165924,0.101216,3,10,8,4,3,10,8,4,3,10,8,4,4,10,8,4,0.02898,0.0542,0.31708,0.32131,1,1,15:02:2021,05:13:19,621,-32.12641,-64.72837,1141.0,lev20,Almucantar,ARM_Cordoba,25,25.526273,,,,,,52.958665,53.592964,1.483417,0.165924,0.101216,3,10,8,4,3,10,8,4,3,10,8,4,4,10,8,4,0.02898,0.0542,0.31708,0.32131,1,1,15:02:2021,05:13:19,621,-32.12641,-64.72837,1141.0,lev20,Almucantar,1.358331285910895,0.08700203809853017,0.697533169778201,BCH,Maritime,,Unknown
26:01:2019,21:47:13,ARM_Cordoba,26,26.907789,0.058,0.0339,0.0257,0.0222,0.0499,0.0256,0.0173,0.0137,0.0081,0.0083,0.0085,0.0085,1.203156,71.687854,71.065262,4.355986,0.144335,0.056124,4,10,7,6,4,10,6,6,4,10,5,6,4,10,4,6,0.03477,0.06464,0.38887,0.38405,1,1,15:02:2021,05:48:43,621,-32.12641,-64.72837,1141.0,lev20,Almucantar,ARM_Cordoba,26,26.907789,0.056124,0.032215,0.025997,0.024153,1.148915,71.687854,71.065262,4.355986,0.144335,0.056124,4,10,7,6,4,10,6,6,4,10,5,6,4,10,4,6,0.03477,0.06464,0.38887,0.38405,1,1,15:02:2021,05:48:43,621,-32.12641,-64.72837,1141.0,lev20,Almucantar,ARM_Cordoba,26,26.907789,,,,,,,,,71.687854,71.065262,4.355986,0.144335,0.056124,4,10,7,6,4,10,6,6,4,10,5,6,4,10,4,6,0.03477,0.06464,0.38887,0.38405,1,1,15:02:2021,05:48:43,621,-32.12641,-64.72837,1141.0,lev20,Almucantar,ARM_Cordoba,26,26.907789,,,,,71.687854,71.065262,4.355986,0.144335,0.056124,4,10,7,6,4,10,6,6,4,10,5,6,4,10,4,6,0.03477,0.06464,0.38887,0.38405,1,1,15:02:2021,05:48:43,621,-32.12641,-64.72837,1141.0,lev20,Almucantar,ARM_Cordoba,26,26.907789,,,,,,71.687854,71.065262,4.355986,0.144335,0.056124,4,10,7,6,4,10,6,6,4,10,5,6,4,10,4,6,0.03477,0.06464,0.38887,0.38405,1,1,15:02:2021,05:48:43,621,-32.12641,-64.72837,1141.0,lev20,Almucantar,1.1939708792846777,0.04978997644479203,0.8095798032718066,Unclassified,Maritime,,Unknown
27:01:2019,11:20:36,ARM_Cordoba,27,27.472639,0.0383,0.0195,0.0131,0.0104,0.0354,0.0165,0.0098,0.0069,0.0029,0.0031,0.0034,0.0035,1.577967,69.522063,70.146358,2.438425,0.104797,0.03786,4,10,7,6,4,10,7,6,4,10,7,6,4,10,7,6,0.03352,0.0627,0.37817,0.37919,1,1,29:09:2020,04:36:34,621,-32.12641,-64.72837,1141.0,lev20,Almucantar,ARM_Cordoba,27,27.472639,0.03786,0.018469,0.013765,0.012277,1.507589,69.522063,70.146358,2.438425,0.104797,0.03786,4,10,7,6,4,10,7,6,4,10,7,6,4,10,7,6,0.03352,0.0627,0.37817,0.37919,1,1,29:09:2020,04:36:34,621,-32.12641,-64.72837,1141.0,lev20,Almucantar,ARM_Cordoba,27,27.472639,,,,,,,,,69.522063,70.146358,2.438425,0.104797,0.03786,4,10,7,6,4,10,7,6,4,10,7,6,4,10,7,6,0.03352,0.0627,0.37817,0.37919,1,1,29:09:2020,04:36:34,621,-32.12641,-64.72837,1141.0,lev20,Almucantar,ARM_Cordoba,27,27.472639,,,,,69.522063,70.146358,2.438425,0.104797,0.03786,4,10,7,6,4,10,7,6,4,10,7,6,4,10,7,6,0.03352,0.0627,0.37817,0.37919,1,1,29:09:2020,04:36:34,621,-32.12641,-64.72837,1141.0,lev20,Almucantar,ARM_Cordoba,27,27.472639,,,,,,69.522063,70.146358,2.438425,0.104797,0.03786,4,10,7,6,4,10,7,6,4,10,7,6,4,10,7,6,0.03352,0.0627,0.37817,0.37919,1,1,29:09:2020,04:36:34,621,-32.12641,-64.72837,1141.0,lev20,Almucantar,1.573725357314391,0.03132057650652926,0.8933723654911105,BCH,Maritime,,Unknown
27:01:2019,12:10:46,ARM_Cordoba,27,27.507477,0.0415,0.0208,0.0137,0.0105,0.0384,0.0175,0.0102,0.0068,0.0031,0.0033,0.0035,0.0037,1.628539,58.995215,59.628129,1.920413,0.117703,0.040563,4,10,7,5,4,10,7,5,3,11,7,5,3,10,8,5,0.03022,0.05652,0.33401,0.3373,1,1,29:09:2020,04:35:35,621,-32.12641,-64.72837,1141.0,lev20,Almucantar,ARM_Cordoba,27,27.507477,0.040563,0.019555,0.014663,0.01216,1.518089,58.995215,59.628129,1.920413,0.117703,0.040563,4,10,7,5,4,10,7,5,3,11,7,5,3,10,8,5,0.03022,0.05652,0.33401,0.3373,1,1,29:09:2020,04:35:35,621,-32.12641,-64.72837,1141.0,lev20,Almucantar,ARM_Cordoba,27,27.507477,,,,,,,,,58.995215,59.628129,1.920413,0.117703,0.040563,4,10,7,5,4,10,7,5,3,11,7,5,3,10,8,5,0.03022,0.05652,0.33401,0.3373,1,1,29:09:2020,04:35:35,621,-32.12641,-64.72837,1141.0,lev20,Almucantar,ARM_Cordoba,27,27.507477,,,,,58.995215,59.628129,1.920413,0.117703,0.040563,4,10,7,5,4,10,7,5,3,11,7,5,3,10,8,5,0.03022,0.05652,0.33401,0.3373,1,1,29:09:2020,04:35:35,621,-32.12641,-64.72837,1141.0,lev20,Almucantar,ARM_Cordoba,27,27.507477,,,,,,58.995215,59.628129,1.920413,0.117703,0.040563,4,10,7,5,4,10,7,5,3,11,7,5,3,10,8,5,0.03022,0.05652,0.33401,0.3373,1,1,29:09:2020,04:35:35,621,-32.12641,-64.72837,1141.0,lev20,Almucantar,1.625740858165588,0.033712527093739925,0.893916104558426,BCH,Maritime,,Unknown
27:01:2019,12:39:18,ARM_Cordoba,27,27.527292,0.0477,0.0239,0.0159,0.0126,0.0442,0.0202,0.012,0.0085,0.0035,0.0037,0.004,0.0041,1.615829,52.965985,53.600315,1.470798,0.147496,0.046972,3,10,8,4,3,10,8,4,3,10,8,4,4,10,8,4,0.02899,0.05421,0.3171,0.32132,1,1,15:02:2021,05:52:17,621,-32.12641,-64.72837,1141.0,lev20,Almucantar,ARM_Cordoba,27,27.527292,0.046972,0.021872,0.016536,0.01428,1.561369,52.965985,53.600315,1.470798,0.147496,0.046972,3,10,8,4,3,10,8,4,3,10,8,4,4,10,8,4,0.02899,0.05421,0.3171,0.32132,1,1,15:02:2021,05:52:17,621,-32.12641,-64.72837,1141.0,lev20,Almucantar,ARM_Cordoba,27,27.527292,,,,,,,,,52.965985,53.600315,1.470798,0.147496,0.046972,3,10,8,4,3,10,8,4,3,10,8,4,4,10,8,4,0.02899,0.05421,0.3171,0.32132,1,1,15:02:2021,05:52:17,621,-32.12641,-64.72837,1141.0,lev20,Almucantar,ARM_Cordoba,27,27.527292,,,,,52.965985,53.600315,1.470798,0.147496,0.046972,3,10,8,4,3,10,8,4,3,10,8,4,4,10,8,4,0.02899,0.05421,0.3171,0.32132,1,1,15:02:2021,05:52:17,621,-32.12641,-64.72837,1141.0,lev20,Almucantar,ARM_Cordoba,27,27.527292,,,,,,52.965985,53.600315,1.470798,0.147496,0.046972,3,10,8,4,3,10,8,4,3,10,8,4,4,10,8,4,0.02899,0.05421,0.3171,0.32132,1,1,15:02:2021,05:52:17,621,-32.12641,-64.72837,1141.0,lev20,Almucantar,1.6115336656787804,0.03881953565222407,0.8932862232544097,BCH,Maritime,,Unknown
29:01:2019,12:12:25,ARM_Cordoba,29,29.508623,0.1401,0.065,0.0407,0.0323,0.1286,0.0528,0.0278,0.019,0.0114,0.0122,0.0129,0.0133,1.815789,58.966821,59.600175,1.486252,0.105621,0.139493,4,10,7,5,4,10,7,4,3,11,7,5,3,10,8,5,0.03021,0.05649,0.33388,0.33722,1,1,15:02:2021,06:23:36,621,-32.12641,-64.72837,1141.0,lev20,Almucantar,ARM_Cordoba,29,29.508623,0.139493,0.063464,0.041751,0.033377,1.781107,58.966821,59.600175,1.486252,0.105621,0.139493,4,10,7,5,4,10,7,4,3,11,7,5,3,10,8,5,0.03021,0.05649,0.33388,0.33722,1,1,15:02:2021,06:23:36,621,-32.12641,-64.72837,1141.0,lev20,Almucantar,ARM_Cordoba,29,29.508623,,,,,,,,,58.966821,59.600175,1.486252,0.105621,0.139493,4,10,7,5,4,10,7,4,3,11,7,5,3,10,8,5,0.03021,0.05649,0.33388,0.33722,1,1,15:02:2021,06:23:36,621,-32.12641,-64.72837,1141.0,lev20,Almucantar,ARM_Cordoba,29,29.508623,,,,,58.966821,59.600175,1.486252,0.105621,0.139493,4,10,7,5,4,10,7,4,3,11,7,5,3,10,8,5,0.03021,0.05649,0.33388,0.33722,1,1,15:02:2021,06:23:36,621,-32.12641,-64.72837,1141.0,lev20,Almucantar,ARM_Cordoba,29,29.508623,,,,,,58.966821,59.600175,1.486252,0.105621,0.139493,4,10,7,5,4,10,7,4,3,11,7,5,3,10,8,5,0.03021,0.05649,0.33388,0.33722,1,1,15:02:2021,06:23:36,621,-32.12641,-64.72837,1141.0,lev20,Almucantar,1.8132534008851557,0.11111460628387512,0.8732978697708055,BCH,Unclassified,,Unknown
31:01:2019,11:23:53,ARM_Cordoba,31,31.474919,0.0558,0.0282,0.0178,0.0139,0.0508,0.0229,0.0121,0.008,0.005,0.0053,0.0057,0.0059,1.671797,69.494704,70.121289,2.479375,0.156472,0.0553,4,10,7,6,4,9,5,6,4,9,4,6,4,9,6,6,0.0335,0.06268,0.378,0.37906,1,1,15:02:2021,06:06:28,621,-32.12641,-64.72837,1141.0,lev20,Almucantar,ARM_Cordoba,31,31.474919,0.0553,0.026718,0.019018,0.016863,1.583328,69.494704,70.121289,2.479375,0.156472,0.0553,4,10,7,6,4,9,5,6,4,9,4,6,4,9,6,6,0.0335,0.06268,0.378,0.37906,1,1,15:02:2021,06:06:28,621,-32.12641,-64.72837,1141.0,lev20,Almucantar,ARM_Cordoba,31,31.474919,,,,,,,,,69.494704,70.121289,2.479375,0.156472,0.0553,4,10,7,6,4,9,5,6,4,9,4,6,4,9,6,6,0.0335,0.06268,0.378,0.37906,1,1,15:02:2021,06:06:28,621,-32.12641,-64.72837,1141.0,lev20,Almucantar,ARM_Cordoba,31,31.474919,,,,,69.494704,70.121289,2.479375,0.156472,0.0553,4,10,7,6,4,9,5,6,4,9,4,6,4,9,6,6,0.0335,0.06268,0.378,0.37906,1,1,15:02:2021,06:06:28,621,-32.12641,-64.72837,1141.0,lev20,Almucantar,ARM_Cordoba,31,31.474919,,,,,,69.494704,70.121289,2.479375,0.156472,0.0553,4,10,7,6,4,9,5,6,4,9,4,6,4,9,6,6,0.0335,0.06268,0.378,0.37906,1,1,15:02:2021,06:06:28,621,-32.12641,-64.72837,1141.0,lev20,Almucantar,1.6760223430514067,0.045038707312794926,0.8718522001279025,BCH,Maritime,,Unknown
04:02:2019,12:16:56,ARM_Cordoba,35,35.511759,0.0674,0.0362,0.0258,0.0222,0.0562,0.0238,0.0127,0.0089,0.0112,0.0124,0.0131,0.0133,1.416566,58.975458,59.609564,1.651573,0.082528,0.0666,4,10,7,5,4,10,7,5,3,11,7,5,3,10,8,5,0.02943,0.05495,0.33379,0.33724,1,1,15:02:2021,06:51:15,621,-32.12641,-64.72837,1141.0,lev20,Almucantar,ARM_Cordoba,35,35.511759,0.0666,0.034796,0.026603,0.023448,1.366978,58.975458,59.609564,1.651573,0.082528,0.0666,4,10,7,5,4,10,7,5,3,11,7,5,3,10,8,5,0.02943,0.05495,0.33379,0.33724,1,1,15:02:2021,06:51:15,621,-32.12641,-64.72837,1141.0,lev20,Almucantar,ARM_Cordoba,35,35.511759,,,,,,,,,58.975458,59.609564,1.651573,0.082528,0.0666,4,10,7,5,4,10,7,5,3,11,7,5,3,10,8,5,0.02943,0.05495,0.33379,0.33724,1,1,15:02:2021,06:51:15,621,-32.12641,-64.72837,1141.0,lev20,Almucantar,ARM_Cordoba,35,35.511759,,,,,58.975458,59.609564,1.651573,0.082528,0.0666,4,10,7,5,4,10,7,5,3,11,7,5,3,10,8,5,0.02943,0.05495,0.33379,0.33724,1,1,15:02:2021,06:51:15,621,-32.12641,-64.72837,1141.0,lev20,Almucantar,ARM_Cordoba,35,35.511759,,,,,,58.975458,59.609564,1.651573,0.082528,0.0666,4,10,7,5,4,10,7,5,3,11,7,5,3,10,8,5,0.02943,0.05495,0.33379,0.33724,1,1,15:02:2021,06:51:15,621,-32.12641,-64.72837,1141.0,lev20,Almucantar,1.4086027407077077,0.056293472129422505,0.7486938044490593,BCH,Maritime,,Unknown
04:02:2019,12:45:23,ARM_Cordoba,35,35.531516,0.0609,0.0324,0.0236,0.0199,0.0498,0.0203,0.0106,0.0064,0.0111,0.0122,0.013,0.0136,1.402627,52.963815,53.597117,2.002999,0.08872,0.060499,3,10,8,4,3,10,8,4,3,10,8,4,4,10,4,4,0.02818,0.0526,0.31733,0.32166,1,1,15:02:2021,06:50:39,621,-32.12641,-64.72837,1141.0,lev20,Almucantar,ARM_Cordoba,35,35.531516,0.060499,0.030817,0.023799,0.020748,1.393232,52.963815,53.597117,2.002999,0.08872,0.060499,3,10,8,4,3,10,8,4,3,10,8,4,4,10,4,4,0.02818,0.0526,0.31733,0.32166,1,1,15:02:2021,06:50:39,621,-32.12641,-64.72837,1141.0,lev20,Almucantar,ARM_Cordoba,35,35.531516,,,,,,,,,52.963815,53.597117,2.002999,0.08872,0.060499,3,10,8,4,3,10,8,4,3,10,8,4,4,10,4,4,0.02818,0.0526,0.31733,0.32166,1,1,15:02:2021,06:50:39,621,-32.12641,-64.72837,1141.0,lev20,Almucantar,ARM_Cordoba,35,35.531516,,,,,52.963815,53.597117,2.002999,0.08872,0.060499,3,10,8,4,3,10,8,4,3,10,8,4,4,10,4,4,0.02818,0.0526,0.31733,0.32166,1,1,15:02:2021,06:50:39,621,-32.12641,-64.72837,1141.0,lev20,Almucantar,ARM_Cordoba,35,35.531516,,,,,,52.963815,53.597117,2.002999,0.08872,0.060499,3,10,8,4,3,10,8,4,3,10,8,4,4,10,4,4,0.02818,0.0526,0.31733,0.32166,1,1,15:02:2021,06:50:39,621,-32.12641,-64.72837,1141.0,lev20,Almucantar,1.3905834797056331,0.050981876159247735,0.7362841868743772,BCH,Maritime,,Unknown
04:02:2019,20:24:45,ARM_Cordoba,35,35.850521,0.1131,0.0721,0.0597,0.0555,0.0745,0.0303,0.0159,0.0107,0.0386,0.0417,0.0439,0.0448,0.951331,55.232389,54.598023,2.07509,0.128373,0.110658,4,10,8,4,4,10,6,4,4,10,6,4,4,10,8,4,0.02876,0.05349,0.32229,0.32397,1,1,15:02:2021,06:50:47,621,-32.12641,-64.72837,1141.0,lev20,Almucantar,ARM_Cordoba,35,35.850521,0.110658,0.069169,0.059306,0.055416,0.935992,55.232389,54.598023,2.07509,0.128373,0.110658,4,10,8,4,4,10,6,4,4,10,6,4,4,10,8,4,0.02876,0.05349,0.32229,0.32397,1,1,15:02:2021,06:50:47,621,-32.12641,-64.72837,1141.0,lev20,Almucantar,ARM_Cordoba,35,35.850521,,,,,,,,,55.232389,54.598023,2.07509,0.128373,0.110658,4,10,8,4,4,10,6,4,4,10,6,4,4,10,8,4,0.02876,0.05349,0.32229,0.32397,1,1,15:02:2021,06:50:47,621,-32.12641,-64.72837,1141.0,lev20,Almucantar,ARM_Cordoba,35,35.850521,,,,,55.232389,54.598023,2.07509,0.128373,0.110658,4,10,8,4,4,10,6,4,4,10,6,4,4,10,8,4,0.02876,0.05349,0.32229,0.32397,1,1,15:02:2021,06:50:47,621,-32.12641,-64.72837,1141.0,lev20,Almucantar,ARM_Cordoba,35,35.850521,,,,,,55.232389,54.598023,2.07509,0.128373,0.110658,4,10,8,4,4,10,6,4,4,10,6,4,4,10,8,4,0.02876,0.05349,0.32229,0.32397,1,1,15:02:2021,06:50:47,621,-32.12641,-64.72837,1141.0,lev20,Almucantar,0.937249578864874,0.10032958429073367,0.534440362296176,MA,Maritime,,Unknown
04:02:2019,21:43:10,ARM_Cordoba,35,35.904977,0.1323,0.0823,0.0688,0.0649,0.0865,0.0323,0.016,0.0112,0.0458,0.05,0.0529,0.0537,0.976906,71.771873,71.143905,1.594574,0.012177,0.131211,4,10,7,6,4,10,7,6,4,10,7,6,4,10,7,6,0.03413,0.06338,0.3881,0.38341,1,1,15:02:2021,06:50:42,621,-32.12641,-64.72837,1141.0,lev20,Almucantar,ARM_Cordoba,35,35.904977,0.131211,0.081228,0.06819,0.06426,0.978905,71.771873,71.143905,1.594574,0.012177,0.131211,4,10,7,6,4,10,7,6,4,10,7,6,4,10,7,6,0.03413,0.06338,0.3881,0.38341,1,1,15:02:2021,06:50:42,621,-32.12641,-64.72837,1141.0,lev20,Almucantar,ARM_Cordoba,35,35.904977,,,,,,,,,71.771873,71.143905,1.594574,0.012177,0.131211,4,10,7,6,4,10,7,6,4,10,7,6,4,10,7,6,0.03413,0.06338,0.3881,0.38341,1,1,15:02:2021,06:50:42,621,-32.12641,-64.72837,1141.0,lev20,Almucantar,ARM_Cordoba,35,35.904977,,,,,71.771873,71.143905,1.594574,0.012177,0.131211,4,10,7,6,4,10,7,6,4,10,7,6,4,10,7,6,0.03413,0.06338,0.3881,0.38341,1,1,15:02:2021,06:50:42,621,-32.12641,-64.72837,1141.0,lev20,Almucantar,ARM_Cordoba,35,35.904977,,,,,,71.771873,71.143905,1.594574,0.012177,0.131211,4,10,7,6,4,10,7,6,4,10,7,6,4,10,7,6,0.03413,0.06338,0.3881,0.38341,1,1,15:02:2021,06:50:42,621,-32.12641,-64.72837,1141.0,lev20,Almucantar,0.9591471271818564,0.11703359848118863,0.5100130710092272,MA,Maritime,,Unknown
04:02:2019,22:08:32,ARM_Cordoba,35,35.922593,0.1468,0.0912,0.0754,0.07,0.0982,0.0378,0.0203,0.0144,0.0486,0.0534,0.0551,0.0556,0.993583,77.050494,76.429601,2.983791,0.033322,0.14588,4,10,6,6,4,9,7,6,4,6,6,6,2,8,6,6,0.03714,0.06894,0.42443,0.41635,1,1,15:02:2021,06:51:21,621,-32.12641,-64.72837,1141.0,lev20,Almucantar,ARM_Cordoba,35,35.922593,0.14588,0.089949,0.074505,0.069975,1.002848,77.050494,76.429601,2.983791,0.033322,0.14588,4,10,6,6,4,9,7,6,4,6,6,6,2,8,6,6,0.03714,0.06894,0.42443,0.41635,1,1,15:02:2021,06:51:21,621,-32.12641,-64.72837,1141.0,lev20,Almucantar,ARM_Cordoba,35,35.922593,,,,,,,,,77.050494,76.429601,2.983791,0.033322,0.14588,4,10,6,6,4,9,7,6,4,6,6,6,2,8,6,6,0.03714,0.06894,0.42443,0.41635,1,1,15:02:2021,06:51:21,621,-32.12641,-64.72837,1141.0,lev20,Almucantar,ARM_Cordoba,35,35.922593,,,,,77.050494,76.429601,2.983791,0.033322,0.14588,4,10,6,6,4,9,7,6,4,6,6,6,2,8,6,6,0.03714,0.06894,0.42443,0.41635,1,1,15:02:2021,06:51:21,621,-32.12641,-64.72837,1141.0,lev20,Almucantar,ARM_Cordoba,35,35.922593,,,,,,77.050494,76.429601,2.983791,0.033322,0.14588,4,10,6,6,4,9,7,6,4,6,6,6,2,8,6,6,0.03714,0.06894,0.42443,0.41635,1,1,15:02:2021,06:51:21,621,-32.12641,-64.72837,1141.0,lev20,Almucantar,0.9773298745510838,0.12955891804067743,0.5306772342150646,MA,Maritime,,Unknown
05:02:2019,11:03:58,ARM_Cordoba,36,36.461088,0.0463,0.0324,0.0287,0.0274,0.0264,0.0108,0.0058,0.004,0.0199,0.0217,0.023,0.0234,0.716863,74.475712,75.099361,1.854564,0.061332,0.045271,4,10,7,6,4,10,7,6,4,10,7,6,4,10,7,6,0.03511,0.0657,0.40668,0.40705,1,1,29:09:2020,04:46:10,621,-32.12641,-64.72837,1141.0,lev20,Almucantar,ARM_Cordoba,36,36.461088,0.045271,0.031206,0.028127,0.027343,0.717408,74.475712,75.099361,1.854564,0.061332,0.045271,4,10,7,6,4,10,7,6,4,10,7,6,4,10,7,6,0.03511,0.0657,0.40668,0.40705,1,1,29:09:2020,04:46:10,621,-32.12641,-64.72837,1141.0,lev20,Almucantar,ARM_Cordoba,36,36.461088,,,,,,,,,74.475712,75.099361,1.854564,0.061332,0.045271,4,10,7,6,4,10,7,6,4,10,7,6,4,10,7,6,0.03511,0.0657,0.40668,0.40705,1,1,29:09:2020,04:46:10,621,-32.12641,-64.72837,1141.0,lev20,Almucantar,ARM_Cordoba,36,36.461088,,,,,74.475712,75.099361,1.854564,0.061332,0.045271,4,10,7,6,4,10,7,6,4,10,7,6,4,10,7,6,0.03511,0.0657,0.40668,0.40705,1,1,29:09:2020,04:46:10,621,-32.12641,-64.72837,1141.0,lev20,Almucantar,ARM_Cordoba,36,36.461088,,,,,,74.475712,75.099361,1.854564,0.061332,0.045271,4,10,7,6,4,10,7,6,4,10,7,6,4,10,7,6,0.03511,0.0657,0.40668,0.40705,1,1,29:09:2020,04:46:10,621,-32.12641,-64.72837,1141.0,lev20,Almucantar,0.7015283420275602,0.04232861047233079,0.4410252488259146,MA,Maritime,,Unknown
05:02:2019,11:27:48,ARM_Cordoba,36,36.477639,0.0496,0.034,0.0299,0.0288,0.0287,0.0113,0.0058,0.0043,0.021,0.0228,0.0241,0.0245,0.758624,69.494749,70.123887,1.648987,0.022307,0.049337,4,10,7,6,4,8,7,6,4,10,7,6,4,10,7,6,0.03277,0.06126,0.37673,0.37812,1,1,15:02:2021,06:32:49,621,-32.12641,-64.72837,1141.0,lev20,Almucantar,ARM_Cordoba,36,36.477639,0.049337,0.033209,0.029792,0.028877,0.760762,69.494749,70.123887,1.648987,0.022307,0.049337,4,10,7,6,4,8,7,6,4,10,7,6,4,10,7,6,0.03277,0.06126,0.37673,0.37812,1,1,15:02:2021,06:32:49,621,-32.12641,-64.72837,1141.0,lev20,Almucantar,ARM_Cordoba,36,36.477639,,,,,,,,,69.494749,70.123887,1.648987,0.022307,0.049337,4,10,7,6,4,8,7,6,4,10,7,6,4,10,7,6,0.03277,0.06126,0.37673,0.37812,1,1,15:02:2021,06:32:49,621,-32.12641,-64.72837,1141.0,lev20,Almucantar,ARM_Cordoba,36,36.477639,,,,,69.494749,70.123887,1.648987,0.022307,0.049337,4,10,7,6,4,8,7,6,4,10,7,6,4,10,7,6,0.03277,0.06126,0.37673,0.37812,1,1,15:02:2021,06:32:49,621,-32.12641,-64.72837,1141.0,lev20,Almucantar,ARM_Cordoba,36,36.477639,,,,,,69.494749,70.123887,1.648987,0.022307,0.049337,4,10,7,6,4,8,7,6,4,10,7,6,4,10,7,6,0.03277,0.06126,0.37673,0.37812,1,1,15:02:2021,06:32:49,621,-32.12641,-64.72837,1141.0,lev20,Almucantar,0.7424360123226008,0.04510904294398848,0.43819509884271335,MA,Maritime,,Unknown
06:02:2019,12:46:56,ARM_Cordoba,37,37.532593,0.0542,0.0354,0.0301,0.0283,0.0339,0.0138,0.0076,0.0053,0.0203,0.0216,0.0226,0.023,0.878482,52.960812,53.593496,2.253386,0.116943,0.053925,3,10,8,4,3,10,8,4,3,10,8,4,4,10,8,4,0.02819,0.05261,0.31738,0.32165,1,1,15:02:2021,06:52:37,621,-32.12641,-64.72837,1141.0,lev20,Almucantar,ARM_Cordoba,37,37.532593,0.053925,0.034716,0.03206,0.028463,0.791955,52.960812,53.593496,2.253386,0.116943,0.053925,3,10,8,4,3,10,8,4,3,10,8,4,4,10,8,4,0.02819,0.05261,0.31738,0.32165,1,1,15:02:2021,06:52:37,621,-32.12641,-64.72837,1141.0,lev20,Almucantar,ARM_Cordoba,37,37.532593,,,,,,,,,52.960812,53.593496,2.253386,0.116943,0.053925,3,10,8,4,3,10,8,4,3,10,8,4,4,10,8,4,0.02819,0.05261,0.31738,0.32165,1,1,15:02:2021,06:52:37,621,-32.12641,-64.72837,1141.0,lev20,Almucantar,ARM_Cordoba,37,37.532593,,,,,52.960812,53.593496,2.253386,0.116943,0.053925,3,10,8,4,3,10,8,4,3,10,8,4,4,10,8,4,0.02819,0.05261,0.31738,0.32165,1,1,15:02:2021,06:52:37,621,-32.12641,-64.72837,1141.0,lev20,Almucantar,ARM_Cordoba,37,37.532593,,,,,,52.960812,53.593496,2.253386,0.116943,0.053925,3,10,8,4,3,10,8,4,3,10,8,4,4,10,8,4,0.02819,0.05261,0.31738,0.32165,1,1,15:02:2021,06:52:37,621,-32.12641,-64.72837,1141.0,lev20,Almucantar,0.8627545678451999,0.04854018847895015,0.4999600025770939,MA,Maritime,,Unknown
07:02:2019,11:05:33,ARM_Cordoba,38,38.462187,0.061,0.0441,0.0393,0.0377,0.0322,0.0136,0.0074,0.0051,0.0288,0.0305,0.0319,0.0326,0.658109,74.478504,75.103445,2.358006,0.061393,0.0609,4,10,7,6,4,10,7,6,4,10,7,6,4,10,7,6,0.03513,0.06574,0.40689,0.40708,1,1,29:09:2020,04:48:33,621,-32.12641,-64.72837,1141.0,lev20,Almucantar,ARM_Cordoba,38,38.462187,0.0609,0.042858,0.038736,0.037235,0.681481,74.478504,75.103445,2.358006,0.061393,0.0609,4,10,7,6,4,10,7,6,4,10,7,6,4,10,7,6,0.03513,0.06574,0.40689,0.40708,1,1,29:09:2020,04:48:33,621,-32.12641,-64.72837,1141.0,lev20,Almucantar,ARM_Cordoba,38,38.462187,,,,,,,,,74.478504,75.103445,2.358006,0.061393,0.0609,4,10,7,6,4,10,7,6,4,10,7,6,4,10,7,6,0.03513,0.06574,0.40689,0.40708,1,1,29:09:2020,04:48:33,621,-32.12641,-64.72837,1141.0,lev20,Almucantar,ARM_Cordoba,38,38.462187,,,,,74.478504,75.103445,2.358006,0.061393,0.0609,4,10,7,6,4,10,7,6,4,10,7,6,4,10,7,6,0.03513,0.06574,0.40689,0.40708,1,1,29:09:2020,04:48:33,621,-32.12641,-64.72837,1141.0,lev20,Almucantar,ARM_Cordoba,38,38.462187,,,,,,74.478504,75.103445,2.358006,0.061393,0.0609,4,10,7,6,4,10,7,6,4,10,7,6,4,10,7,6,0.03513,0.06574,0.40689,0.40708,1,1,29:09:2020,04:48:33,621,-32.12641,-64.72837,1141.0,lev20,Almucantar,0.6449133405384258,0.05617278671766074,0.408648069785512,MA,Maritime,,Unknown
07:02:2019,11:29:23,ARM_Cordoba,38,38.478738,0.0625,0.0441,0.0394,0.0378,0.0335,0.0134,0.0074,0.0051,0.029,0.0307,0.032,0.0327,0.692644,69.488993,70.119035,1.947391,0.030269,0.061887,4,10,7,6,4,10,7,6,4,10,7,6,4,10,7,6,0.03275,0.06121,0.37654,0.3781,1,1,29:09:2020,04:48:47,621,-32.12641,-64.72837,1141.0,lev20,Almucantar,ARM_Cordoba,38,38.478738,0.061887,0.043502,0.039509,0.037776,0.676884,69.488993,70.119035,1.947391,0.030269,0.061887,4,10,7,6,4,10,7,6,4,10,7,6,4,10,7,6,0.03275,0.06121,0.37654,0.3781,1,1,29:09:2020,04:48:47,621,-32.12641,-64.72837,1141.0,lev20,Almucantar,ARM_Cordoba,38,38.478738,,,,,,,,,69.488993,70.119035,1.947391,0.030269,0.061887,4,10,7,6,4,10,7,6,4,10,7,6,4,10,7,6,0.03275,0.06121,0.37654,0.3781,1,1,29:09:2020,04:48:47,621,-32.12641,-64.72837,1141.0,lev20,Almucantar,ARM_Cordoba,38,38.478738,,,,,69.488993,70.119035,1.947391,0.030269,0.061887,4,10,7,6,4,10,7,6,4,10,7,6,4,10,7,6,0.03275,0.06121,0.37654,0.3781,1,1,29:09:2020,04:48:47,621,-32.12641,-64.72837,1141.0,lev20,Almucantar,ARM_Cordoba,38,38.478738,,,,,,69.488993,70.119035,1.947391,0.030269,0.061887,4,10,7,6,4,10,7,6,4,10,7,6,4,10,7,6,0.03275,0.06121,0.37654,0.3781,1,1,29:09:2020,04:48:47,621,-32.12641,-64.72837,1141.0,lev20,Almucantar,0.6768200522198395,0.05731981454726522,0.40871419719646007,MA,Maritime,,Unknown
10:02:2019,11:07:58,ARM_Cordoba,41,41.463866,0.0674,0.0411,0.0331,0.0301,0.0476,0.0199,0.0108,0.0073,0.0198,0.0212,0.0223,0.0228,1.057245,74.469913,75.096673,2.043793,0.04446,0.067726,4,10,7,6,4,10,7,6,4,10,7,5,4,10,7,5,0.03463,0.0652,0.40725,0.40921,1,1,29:09:2020,04:10:34,621,-32.12641,-64.72837,1141.0,lev20,Almucantar,ARM_Cordoba,41,41.463866,0.067726,0.040275,0.032989,0.030326,1.074083,74.469913,75.096673,2.043793,0.04446,0.067726,4,10,7,6,4,10,7,6,4,10,7,5,4,10,7,5,0.03463,0.0652,0.40725,0.40921,1,1,29:09:2020,04:10:34,621,-32.12641,-64.72837,1141.0,lev20,Almucantar,ARM_Cordoba,41,41.463866,,,,,,,,,74.469913,75.096673,2.043793,0.04446,0.067726,4,10,7,6,4,10,7,6,4,10,7,5,4,10,7,5,0.03463,0.0652,0.40725,0.40921,1,1,29:09:2020,04:10:34,621,-32.12641,-64.72837,1141.0,lev20,Almucantar,ARM_Cordoba,41,41.463866,,,,,74.469913,75.096673,2.043793,0.04446,0.067726,4,10,7,6,4,10,7,6,4,10,7,5,4,10,7,5,0.03463,0.0652,0.40725,0.40921,1,1,29:09:2020,04:10:34,621,-32.12641,-64.72837,1141.0,lev20,Almucantar,ARM_Cordoba,41,41.463866,,,,,,74.469913,75.096673,2.043793,0.04446,0.067726,4,10,7,6,4,10,7,6,4,10,7,5,4,10,7,5,0.03463,0.0652,0.40725,0.40921,1,1,29:09:2020,04:10:34,621,-32.12641,-64.72837,1141.0,lev20,Almucantar,1.0431164057555085,0.05898598839629995,0.594480243316918,MA,Maritime,,Unknown
10:02:2019,11:31:44,ARM_Cordoba,41,41.48037,0.0687,0.0414,0.0336,0.031,0.0474,0.0187,0.0096,0.0064,0.0213,0.0228,0.024,0.0246,1.065509,69.482729,70.11396,0.941797,0.029615,0.068397,4,10,7,6,4,10,7,6,4,10,7,6,4,10,7,6,0.03234,0.06083,0.37668,0.37961,1,1,29:09:2020,04:11:01,621,-32.12641,-64.72837,1141.0,lev20,Almucantar,ARM_Cordoba,41,41.48037,0.068397,0.040838,0.033786,0.031185,1.054598,69.482729,70.11396,0.941797,0.029615,0.068397,4,10,7,6,4,10,7,6,4,10,7,6,4,10,7,6,0.03234,0.06083,0.37668,0.37961,1,1,29:09:2020,04:11:01,621,-32.12641,-64.72837,1141.0,lev20,Almucantar,ARM_Cordoba,41,41.48037,,,,,,,,,69.482729,70.11396,0.941797,0.029615,0.068397,4,10,7,6,4,10,7,6,4,10,7,6,4,10,7,6,0.03234,0.06083,0.37668,0.37961,1,1,29:09:2020,04:11:01,621,-32.12641,-64.72837,1141.0,lev20,Almucantar,ARM_Cordoba,41,41.48037,,,,,69.482729,70.11396,0.941797,0.029615,0.068397,4,10,7,6,4,10,7,6,4,10,7,6,4,10,7,6,0.03234,0.06083,0.37668,0.37961,1,1,29:09:2020,04:11:01,621,-32.12641,-64.72837,1141.0,lev20,Almucantar,ARM_Cordoba,41,41.48037,,,,,,69.482729,70.11396,0.941797,0.029615,0.068397,4,10,7,6,4,10,7,6,4,10,7,6,4,10,7,6,0.03234,0.06083,0.37668,0.37961,1,1,29:09:2020,04:11:01,621,-32.12641,-64.72837,1141.0,lev20,Almucantar,1.0491473361409316,0.060077365584780704,0.5675201418277718,MA,Maritime,,Unknown
10:02:2019,12:21:31,ARM_Cordoba,41,41.514942,0.0613,0.0362,0.0284,0.0254,0.0451,0.0189,0.0102,0.0069,0.0162,0.0174,0.0182,0.0186,1.141864,58.972564,59.606375,4.088505,0.183299,0.063315,4,10,7,5,4,10,7,5,3,11,7,4,3,10,7,5,0.02913,0.05478,0.33341,0.33786,1,1,15:02:2021,07:59:05,621,-32.12641,-64.72837,1141.0,lev20,Almucantar,ARM_Cordoba,41,41.514942,0.063315,0.036853,0.030592,0.026963,1.089864,58.972564,59.606375,4.088505,0.183299,0.063315,4,10,7,5,4,10,7,5,3,11,7,4,3,10,7,5,0.02913,0.05478,0.33341,0.33786,1,1,15:02:2021,07:59:05,621,-32.12641,-64.72837,1141.0,lev20,Almucantar,ARM_Cordoba,41,41.514942,,,,,,,,,58.972564,59.606375,4.088505,0.183299,0.063315,4,10,7,5,4,10,7,5,3,11,7,4,3,10,7,5,0.02913,0.05478,0.33341,0.33786,1,1,15:02:2021,07:59:05,621,-32.12641,-64.72837,1141.0,lev20,Almucantar,ARM_Cordoba,41,41.514942,,,,,58.972564,59.606375,4.088505,0.183299,0.063315,4,10,7,5,4,10,7,5,3,11,7,4,3,10,7,5,0.02913,0.05478,0.33341,0.33786,1,1,15:02:2021,07:59:05,621,-32.12641,-64.72837,1141.0,lev20,Almucantar,ARM_Cordoba,41,41.514942,,,,,,58.972564,59.606375,4.088505,0.183299,0.063315,4,10,7,5,4,10,7,5,3,11,7,4,3,10,7,5,0.02913,0.05478,0.33341,0.33786,1,1,15:02:2021,07:59:05,621,-32.12641,-64.72837,1141.0,lev20,Almucantar,1.1286047173454494,0.053064412022264015,0.6295681982635769,Unclassified,Maritime,,Unknown
10:02:2019,21:39:14,ARM_Cordoba,41,41.902245,0.0793,0.0394,0.0259,0.0207,0.0695,0.0288,0.0147,0.0093,0.0098,0.0106,0.0112,0.0114,1.644753,71.807762,71.176845,2.317163,0.139557,0.078835,4,10,7,6,4,10,6,6,4,10,6,6,4,10,4,5,0.03365,0.06289,0.3882,0.38524,1,1,15:02:2021,07:59:48,621,-32.12641,-64.72837,1141.0,lev20,Almucantar,ARM_Cordoba,41,41.902245,0.078835,0.037769,0.026348,0.022634,1.62306,71.807762,71.176845,2.317163,0.139557,0.078835,4,10,7,6,4,10,6,6,4,10,6,6,4,10,4,5,0.03365,0.06289,0.3882,0.38524,1,1,15:02:2021,07:59:48,621,-32.12641,-64.72837,1141.0,lev20,Almucantar,ARM_Cordoba,41,41.902245,,,,,,,,,71.807762,71.176845,2.317163,0.139557,0.078835,4,10,7,6,4,10,6,6,4,10,6,6,4,10,4,5,0.03365,0.06289,0.3882,0.38524,1,1,15:02:2021,07:59:48,621,-32.12641,-64.72837,1141.0,lev20,Almucantar,ARM_Cordoba,41,41.902245,,,,,71.807762,71.176845,2.317163,0.139557,0.078835,4,10,7,6,4,10,6,6,4,10,6,6,4,10,4,5,0.03365,0.06289,0.3882,0.38524,1,1,15:02:2021,07:59:48,621,-32.12641,-64.72837,1141.0,lev20,Almucantar,ARM_Cordoba,41,41.902245,,,,,,71.807762,71.176845,2.317163,0.139557,0.078835,4,10,7,6,4,10,6,6,4,10,6,6,4,10,4,5,0.03365,0.06289,0.3882,0.38524,1,1,15:02:2021,07:59:48,621,-32.12641,-64.72837,1141.0,lev20,Almucantar,1.6414329154770082,0.06429026531216461,0.8156065677473255,BCH,Maritime,,Unknown
14:02:2019,11:11:11,ARM_Cordoba,45,45.4661,0.0498,0.0315,0.0258,0.0237,0.0341,0.0146,0.008,0.0056,0.0157,0.0169,0.0178,0.0182,0.977887,74.451275,75.080161,1.235297,0.041878,0.049341,4,10,7,6,4,10,7,6,4,10,7,6,4,10,7,6,0.03463,0.06516,0.40714,0.4091,1,1,15:02:2021,08:28:18,621,-32.12641,-64.72837,1141.0,lev20,Almucantar,ARM_Cordoba,45,45.4661,0.049341,0.030365,0.025675,0.024531,0.978645,74.451275,75.080161,1.235297,0.041878,0.049341,4,10,7,6,4,10,7,6,4,10,7,6,4,10,7,6,0.03463,0.06516,0.40714,0.4091,1,1,15:02:2021,08:28:18,621,-32.12641,-64.72837,1141.0,lev20,Almucantar,ARM_Cordoba,45,45.4661,,,,,,,,,74.451275,75.080161,1.235297,0.041878,0.049341,4,10,7,6,4,10,7,6,4,10,7,6,4,10,7,6,0.03463,0.06516,0.40714,0.4091,1,1,15:02:2021,08:28:18,621,-32.12641,-64.72837,1141.0,lev20,Almucantar,ARM_Cordoba,45,45.4661,,,,,74.451275,75.080161,1.235297,0.041878,0.049341,4,10,7,6,4,10,7,6,4,10,7,6,4,10,7,6,0.03463,0.06516,0.40714,0.4091,1,1,15:02:2021,08:28:18,621,-32.12641,-64.72837,1141.0,lev20,Almucantar,ARM_Cordoba,45,45.4661,,,,,,74.451275,75.080161,1.235297,0.041878,0.049341,4,10,7,6,4,10,7,6,4,10,7,6,4,10,7,6,0.03463,0.06516,0.40714,0.4091,1,1,15:02:2021,08:28:18,621,-32.12641,-64.72837,1141.0,lev20,Almucantar,0.9646804462950715,0.04402231349019238,0.5701076587892647,MA,Maritime,,Unknown
14:02:2019,11:34:46,ARM_Cordoba,45,45.482477,0.0488,0.0307,0.025,0.0228,0.0338,0.0146,0.0082,0.0056,0.015,0.0161,0.0168,0.0172,0.993993,69.489876,70.122318,1.30334,0.060525,0.048016,4,10,7,6,4,10,7,6,4,10,7,6,4,10,7,6,0.03235,0.06085,0.37678,0.37965,1,1,29:09:2020,04:13:21,621,-32.12641,-64.72837,1141.0,lev20,Almucantar,ARM_Cordoba,45,45.482477,0.048016,0.029561,0.025213,0.023999,0.966608,69.489876,70.122318,1.30334,0.060525,0.048016,4,10,7,6,4,10,7,6,4,10,7,6,4,10,7,6,0.03235,0.06085,0.37678,0.37965,1,1,29:09:2020,04:13:21,621,-32.12641,-64.72837,1141.0,lev20,Almucantar,ARM_Cordoba,45,45.482477,,,,,,,,,69.489876,70.122318,1.30334,0.060525,0.048016,4,10,7,6,4,10,7,6,4,10,7,6,4,10,7,6,0.03235,0.06085,0.37678,0.37965,1,1,29:09:2020,04:13:21,621,-32.12641,-64.72837,1141.0,lev20,Almucantar,ARM_Cordoba,45,45.482477,,,,,69.489876,70.122318,1.30334,0.060525,0.048016,4,10,7,6,4,10,7,6,4,10,7,6,4,10,7,6,0.03235,0.06085,0.37678,0.37965,1,1,29:09:2020,04:13:21,621,-32.12641,-64.72837,1141.0,lev20,Almucantar,ARM_Cordoba,45,45.482477,,,,,,69.489876,70.122318,1.30334,0.060525,0.048016,4,10,7,6,4,10,7,6,4,10,7,6,4,10,7,6,0.03235,0.06085,0.37678,0.37965,1,1,29:09:2020,04:13:21,621,-32.12641,-64.72837,1141.0,lev20,Almucantar,0.9811300455636064,0.04304771498262975,0.5835175177731818,MA,Maritime,,Unknown
14:02:2019,12:53:12,ARM_Cordoba,45,45.536944,0.048,0.0298,0.0239,0.0216,0.0333,0.0138,0.0072,0.0049,0.0147,0.0161,0.0167,0.0167,1.034741,52.954546,53.582906,3.570756,0.135771,0.047268,3,10,8,4,3,10,8,4,3,10,8,4,4,10,8,3,0.02792,0.05252,0.31676,0.32191,1,1,29:09:2020,04:13:52,621,-32.12641,-64.72837,1141.0,lev20,Almucantar,ARM_Cordoba,45,45.536944,0.047268,0.028391,0.025402,0.023231,0.941902,52.954546,53.582906,3.570756,0.135771,0.047268,3,10,8,4,3,10,8,4,3,10,8,4,4,10,8,3,0.02792,0.05252,0.31676,0.32191,1,1,29:09:2020,04:13:52,621,-32.12641,-64.72837,1141.0,lev20,Almucantar,ARM_Cordoba,45,45.536944,,,,,,,,,52.954546,53.582906,3.570756,0.135771,0.047268,3,10,8,4,3,10,8,4,3,10,8,4,4,10,8,3,0.02792,0.05252,0.31676,0.32191,1,1,29:09:2020,04:13:52,621,-32.12641,-64.72837,1141.0,lev20,Almucantar,ARM_Cordoba,45,45.536944,,,,,52.954546,53.582906,3.570756,0.135771,0.047268,3,10,8,4,3,10,8,4,3,10,8,4,4,10,8,3,0.02792,0.05252,0.31676,0.32191,1,1,29:09:2020,04:13:52,621,-32.12641,-64.72837,1141.0,lev20,Almucantar,ARM_Cordoba,45,45.536944,,,,,,52.954546,53.582906,3.570756,0.135771,0.047268,3,10,8,4,3,10,8,4,3,10,8,4,4,10,8,3,0.02792,0.05252,0.31676,0.32191,1,1,29:09:2020,04:13:52,621,-32.12641,-64.72837,1141.0,lev20,Almucantar,1.0228893122065463,0.042116585646113015,0.573626456605204,MA,Maritime,,Unknown
15:02:2019,11:35:37,ARM_Cordoba,46,46.483067,0.0279,0.0161,0.0123,0.0108,0.0222,0.0099,0.0057,0.004,0.0057,0.0063,0.0066,0.0068,1.212919,69.471359,70.104039,1.409163,0.09093,0.027312,4,10,7,6,4,10,7,6,4,10,7,6,4,10,7,6,0.03234,0.06084,0.37666,0.37956,1,1,15:02:2021,07:56:23,621,-32.12641,-64.72837,1141.0,lev20,Almucantar,ARM_Cordoba,46,46.483067,0.027312,0.014971,0.012835,0.011911,1.1409,69.471359,70.104039,1.409163,0.09093,0.027312,4,10,7,6,4,10,7,6,4,10,7,6,4,10,7,6,0.03234,0.06084,0.37666,0.37956,1,1,15:02:2021,07:56:23,621,-32.12641,-64.72837,1141.0,lev20,Almucantar,ARM_Cordoba,46,46.483067,,,,,,,,,69.471359,70.104039,1.409163,0.09093,0.027312,4,10,7,6,4,10,7,6,4,10,7,6,4,10,7,6,0.03234,0.06084,0.37666,0.37956,1,1,15:02:2021,07:56:23,621,-32.12641,-64.72837,1141.0,lev20,Almucantar,ARM_Cordoba,46,46.483067,,,,,69.471359,70.104039,1.409163,0.09093,0.027312,4,10,7,6,4,10,7,6,4,10,7,6,4,10,7,6,0.03234,0.06084,0.37666,0.37956,1,1,15:02:2021,07:56:23,621,-32.12641,-64.72837,1141.0,lev20,Almucantar,ARM_Cordoba,46,46.483067,,,,,,69.471359,70.104039,1.409163,0.09093,0.027312,4,10,7,6,4,10,7,6,4,10,7,6,4,10,7,6,0.03234,0.06084,0.37666,0.37956,1,1,15:02:2021,07:56:23,621,-32.12641,-64.72837,1141.0,lev20,Almucantar,1.2014158993587132,0.0239279120049195,0.7092899946561797,BCH,Maritime,,Unknown
15:02:2019,12:25:20,ARM_Cordoba,46,46.517593,0.0277,0.0163,0.0122,0.0104,0.0225,0.0106,0.0062,0.0044,0.0052,0.0057,0.006,0.0061,1.209513,58.974332,59.606856,1.283799,0.111027,0.028176,4,10,7,5,4,10,7,5,3,11,7,4,3,10,8,4,0.02913,0.05479,0.33339,0.33787,1,1,15:02:2021,07:56:44,621,-32.12641,-64.72837,1141.0,lev20,Almucantar,ARM_Cordoba,46,46.517593,0.028176,0.014822,0.012997,0.01122,1.175317,58.974332,59.606856,1.283799,0.111027,0.028176,4,10,7,5,4,10,7,5,3,11,7,4,3,10,8,4,0.02913,0.05479,0.33339,0.33787,1,1,15:02:2021,07:56:44,621,-32.12641,-64.72837,1141.0,lev20,Almucantar,ARM_Cordoba,46,46.517593,,,,,,,,,58.974332,59.606856,1.283799,0.111027,0.028176,4,10,7,5,4,10,7,5,3,11,7,4,3,10,8,4,0.02913,0.05479,0.33339,0.33787,1,1,15:02:2021,07:56:44,621,-32.12641,-64.72837,1141.0,lev20,Almucantar,ARM_Cordoba,46,46.517593,,,,,58.974332,59.606856,1.283799,0.111027,0.028176,4,10,7,5,4,10,7,5,3,11,7,4,3,10,8,4,0.02913,0.05479,0.33339,0.33787,1,1,15:02:2021,07:56:44,621,-32.12641,-64.72837,1141.0,lev20,Almucantar,ARM_Cordoba,46,46.517593,,,,,,58.974332,59.606856,1.283799,0.111027,0.028176,4,10,7,5,4,10,7,5,3,11,7,4,3,10,8,4,0.02913,0.05479,0.33339,0.33787,1,1,15:02:2021,07:56:44,621,-32.12641,-64.72837,1141.0,lev20,Almucantar,1.2028373585487313,0.02375206937519244,0.7343235757704121,BCH,Maritime,,Unknown
15:02:2019,12:53:56,ARM_Cordoba,46,46.537454,0.0295,0.0174,0.0132,0.0114,0.0238,0.0111,0.0066,0.0047,0.0057,0.0062,0.0066,0.0067,1.188064,52.967027,53.594625,0.847279,0.087611,0.029018,3,10,8,4,3,10,8,4,3,10,8,4,4,10,8,4,0.02793,0.05252,0.31682,0.32194,1,1,15:02:2021,07:57:37,621,-32.12641,-64.72837,1141.0,lev20,Almucantar,ARM_Cordoba,46,46.537454,0.029018,0.015774,0.014062,0.011571,1.10245,52.967027,53.594625,0.847279,0.087611,0.029018,3,10,8,4,3,10,8,4,3,10,8,4,4,10,8,4,0.02793,0.05252,0.31682,0.32194,1,1,15:02:2021,07:57:37,621,-32.12641,-64.72837,1141.0,lev20,Almucantar,ARM_Cordoba,46,46.537454,,,,,,,,,52.967027,53.594625,0.847279,0.087611,0.029018,3,10,8,4,3,10,8,4,3,10,8,4,4,10,8,4,0.02793,0.05252,0.31682,0.32194,1,1,15:02:2021,07:57:37,621,-32.12641,-64.72837,1141.0,lev20,Almucantar,ARM_Cordoba,46,46.537454,,,,,52.967027,53.594625,0.847279,0.087611,0.029018,3,10,8,4,3,10,8,4,3,10,8,4,4,10,8,4,0.02793,0.05252,0.31682,0.32194,1,1,15:02:2021,07:57:37,621,-32.12641,-64.72837,1141.0,lev20,Almucantar,ARM_Cordoba,46,46.537454,,,,,,52.967027,53.594625,0.847279,0.087611,0.029018,3,10,8,4,3,10,8,4,3,10,8,4,4,10,8,4,0.02793,0.05252,0.31682,0.32194,1,1,15:02:2021,07:57:37,621,-32.12641,-64.72837,1141.0,lev20,Almucantar,1.1796268573595887,0.025370690363491117,0.725816000105689,Unclassified,Maritime,,Unknown
17:02:2019,11:13:37,ARM_Cordoba,48,48.467789,0.0186,0.0108,0.0082,0.0069,0.0164,0.0085,0.0057,0.0043,0.0022,0.0023,0.0025,0.0026,1.211434,74.426469,75.056679,1.448237,0.050132,0.018842,4,10,7,6,4,10,7,6,4,10,7,6,4,10,7,6,0.03462,0.06515,0.40693,0.40894,1,1,29:09:2020,04:16:49,621,-32.12641,-64.72837,1141.0,lev20,Almucantar,ARM_Cordoba,48,48.467789,0.018842,0.009916,0.00853,0.007559,1.200041,74.426469,75.056679,1.448237,0.050132,0.018842,4,10,7,6,4,10,7,6,4,10,7,6,4,10,7,6,0.03462,0.06515,0.40693,0.40894,1,1,29:09:2020,04:16:49,621,-32.12641,-64.72837,1141.0,lev20,Almucantar,ARM_Cordoba,48,48.467789,,,,,,,,,74.426469,75.056679,1.448237,0.050132,0.018842,4,10,7,6,4,10,7,6,4,10,7,6,4,10,7,6,0.03462,0.06515,0.40693,0.40894,1,1,29:09:2020,04:16:49,621,-32.12641,-64.72837,1141.0,lev20,Almucantar,ARM_Cordoba,48,48.467789,,,,,74.426469,75.056679,1.448237,0.050132,0.018842,4,10,7,6,4,10,7,6,4,10,7,6,4,10,7,6,0.03462,0.06515,0.40693,0.40894,1,1,29:09:2020,04:16:49,621,-32.12641,-64.72837,1141.0,lev20,Almucantar,ARM_Cordoba,48,48.467789,,,,,,74.426469,75.056679,1.448237,0.050132,0.018842,4,10,7,6,4,10,7,6,4,10,7,6,4,10,7,6,0.03462,0.06515,0.40693,0.40894,1,1,29:09:2020,04:16:49,621,-32.12641,-64.72837,1141.0,lev20,Almucantar,1.201415899358713,0.015951941336613002,0.8395496638867712,BCH,Maritime,,Unknown
17:02:2019,11:37:07,ARM_Cordoba,48,48.484109,0.0196,0.0112,0.0082,0.0069,0.0167,0.008,0.0048,0.0034,0.0029,0.0032,0.0034,0.0035,1.284395,69.475411,70.108451,1.057191,0.077172,0.019851,4,10,7,6,4,10,7,6,4,10,7,6,4,10,7,6,0.03233,0.06081,0.37646,0.37958,1,1,15:02:2021,08:04:44,621,-32.12641,-64.72837,1141.0,lev20,Almucantar,ARM_Cordoba,48,48.484109,0.019851,0.010224,0.00895,0.007934,1.210542,69.475411,70.108451,1.057191,0.077172,0.019851,4,10,7,6,4,10,7,6,4,10,7,6,4,10,7,6,0.03233,0.06081,0.37646,0.37958,1,1,15:02:2021,08:04:44,621,-32.12641,-64.72837,1141.0,lev20,Almucantar,ARM_Cordoba,48,48.484109,,,,,,,,,69.475411,70.108451,1.057191,0.077172,0.019851,4,10,7,6,4,10,7,6,4,10,7,6,4,10,7,6,0.03233,0.06081,0.37646,0.37958,1,1,15:02:2021,08:04:44,621,-32.12641,-64.72837,1141.0,lev20,Almucantar,ARM_Cordoba,48,48.484109,,,,,69.475411,70.108451,1.057191,0.077172,0.019851,4,10,7,6,4,10,7,6,4,10,7,6,4,10,7,6,0.03233,0.06081,0.37646,0.37958,1,1,15:02:2021,08:04:44,621,-32.12641,-64.72837,1141.0,lev20,Almucantar,ARM_Cordoba,48,48.484109,,,,,,69.475411,70.108451,1.057191,0.077172,0.019851,4,10,7,6,4,10,7,6,4,10,7,6,4,10,7,6,0.03233,0.06081,0.37646,0.37958,1,1,15:02:2021,08:04:44,621,-32.12641,-64.72837,1141.0,lev20,Almucantar,1.2782335105718972,0.01664531286196347,0.7896885627565108,BCH,Maritime,,Unknown
17:02:2019,12:55:35,ARM_Cordoba,48,48.5386,0.0189,0.0116,0.0083,0.007,0.017,0.0096,0.0062,0.0049,0.0019,0.002,0.0021,0.0022,1.203257,52.956029,53.581886,4.865105,0.124992,0.020242,3,10,8,4,3,10,8,4,3,10,8,3,4,9,6,4,0.02793,0.05252,0.31678,0.32191,1,1,29:09:2020,04:15:40,621,-32.12641,-64.72837,1141.0,lev20,Almucantar,ARM_Cordoba,48,48.5386,0.020242,0.00986,0.009569,0.007605,1.161437,52.956029,53.581886,4.865105,0.124992,0.020242,3,10,8,4,3,10,8,4,3,10,8,3,4,9,6,4,0.02793,0.05252,0.31678,0.32191,1,1,29:09:2020,04:15:40,621,-32.12641,-64.72837,1141.0,lev20,Almucantar,ARM_Cordoba,48,48.5386,,,,,,,,,52.956029,53.581886,4.865105,0.124992,0.020242,3,10,8,4,3,10,8,4,3,10,8,3,4,9,6,4,0.02793,0.05252,0.31678,0.32191,1,1,29:09:2020,04:15:40,621,-32.12641,-64.72837,1141.0,lev20,Almucantar,ARM_Cordoba,48,48.5386,,,,,52.956029,53.581886,4.865105,0.124992,0.020242,3,10,8,4,3,10,8,4,3,10,8,3,4,9,6,4,0.02793,0.05252,0.31678,0.32191,1,1,29:09:2020,04:15:40,621,-32.12641,-64.72837,1141.0,lev20,Almucantar,ARM_Cordoba,48,48.5386,,,,,,52.956029,53.581886,4.865105,0.124992,0.020242,3,10,8,4,3,10,8,4,3,10,8,3,4,9,6,4,0.02793,0.05252,0.31678,0.32191,1,1,29:09:2020,04:15:40,621,-32.12641,-64.72837,1141.0,lev20,Almucantar,1.2071059032253337,0.01619744485319196,0.8651628050813961,BCH,Maritime,,Unknown
17:02:2019,20:15:14,ARM_Cordoba,48,48.843912,0.0945,0.055,0.0418,0.0366,0.0706,0.0294,0.0154,0.0099,0.024,0.0256,0.0264,0.0268,1.206484,55.314669,54.686166,2.112656,0.171799,0.092107,4,10,6,4,4,9,8,4,4,10,8,3,4,9,4,4,0.02849,0.0534,0.322,0.32452,1,1,15:02:2021,08:05:10,621,-32.12641,-64.72837,1141.0,lev20,Almucantar,ARM_Cordoba,48,48.843912,0.092107,0.05166,0.0424,0.037975,1.162704,55.314669,54.686166,2.112656,0.171799,0.092107,4,10,6,4,4,9,8,4,4,10,8,3,4,9,4,4,0.02849,0.0534,0.322,0.32452,1,1,15:02:2021,08:05:10,621,-32.12641,-64.72837,1141.0,lev20,Almucantar,ARM_Cordoba,48,48.843912,,,,,,,,,55.314669,54.686166,2.112656,0.171799,0.092107,4,10,6,4,4,9,8,4,4,10,8,3,4,9,4,4,0.02849,0.0534,0.322,0.32452,1,1,15:02:2021,08:05:10,621,-32.12641,-64.72837,1141.0,lev20,Almucantar,ARM_Cordoba,48,48.843912,,,,,55.314669,54.686166,2.112656,0.171799,0.092107,4,10,6,4,4,9,8,4,4,10,8,3,4,9,4,4,0.02849,0.0534,0.322,0.32452,1,1,15:02:2021,08:05:10,621,-32.12641,-64.72837,1141.0,lev20,Almucantar,ARM_Cordoba,48,48.843912,,,,,,55.314669,54.686166,2.112656,0.171799,0.092107,4,10,6,4,4,9,8,4,4,10,8,3,4,9,4,4,0.02849,0.0534,0.322,0.32452,1,1,15:02:2021,08:05:10,621,-32.12641,-64.72837,1141.0,lev20,Almucantar,1.1965400869018348,0.08109668469351569,0.6451080433041606,Unclassified,Maritime,,Unknown
17:02:2019,21:33:39,ARM_Cordoba,48,48.898368,0.1354,0.0734,0.0549,0.0482,0.1054,0.0414,0.0215,0.0142,0.0299,0.0321,0.0334,0.0339,1.338377,71.862699,71.22947,2.640159,0.045669,0.133875,4,10,7,6,4,10,5,6,4,10,5,5,4,10,5,6,0.03369,0.06296,0.38865,0.38553,1,1,15:02:2021,08:05:11,621,-32.12641,-64.72837,1141.0,lev20,Almucantar,ARM_Cordoba,48,48.898368,0.133875,0.072162,0.054463,0.048086,1.335331,71.862699,71.22947,2.640159,0.045669,0.133875,4,10,7,6,4,10,5,6,4,10,5,5,4,10,5,6,0.03369,0.06296,0.38865,0.38553,1,1,15:02:2021,08:05:11,621,-32.12641,-64.72837,1141.0,lev20,Almucantar,ARM_Cordoba,48,48.898368,,,,,,,,,71.862699,71.22947,2.640159,0.045669,0.133875,4,10,7,6,4,10,5,6,4,10,5,5,4,10,5,6,0.03369,0.06296,0.38865,0.38553,1,1,15:02:2021,08:05:11,621,-32.12641,-64.72837,1141.0,lev20,Almucantar,ARM_Cordoba,48,48.898368,,,,,71.862699,71.22947,2.640159,0.045669,0.133875,4,10,7,6,4,10,5,6,4,10,5,5,4,10,5,6,0.03369,0.06296,0.38865,0.38553,1,1,15:02:2021,08:05:11,621,-32.12641,-64.72837,1141.0,lev20,Almucantar,ARM_Cordoba,48,48.898368,,,,,,71.862699,71.22947,2.640159,0.045669,0.133875,4,10,7,6,4,10,5,6,4,10,5,5,4,10,5,6,0.03369,0.06296,0.38865,0.38553,1,1,15:02:2021,08:05:11,621,-32.12641,-64.72837,1141.0,lev20,Almucantar,1.3241829760738362,0.11431509035055035,0.6743251281606703,BCH,Maritime,,Unknown
19:02:2019,11:15:00,ARM_Cordoba,50,50.46875,0.0902,0.0521,0.0419,0.0385,0.0636,0.0238,0.0121,0.008,0.0266,0.0283,0.0298,0.0305,1.14368,74.457174,75.088078,1.419452,0.039701,0.089981,4,10,7,6,4,10,7,6,4,10,7,6,4,10,7,6,0.03298,0.0647,0.39358,0.39653,1,1,15:02:2021,08:33:44,621,-32.12641,-64.72837,1141.0,lev20,Almucantar,ARM_Cordoba,50,50.46875,0.089981,0.051068,0.04147,0.038799,1.158311,74.457174,75.088078,1.419452,0.039701,0.089981,4,10,7,6,4,10,7,6,4,10,7,6,4,10,7,6,0.03298,0.0647,0.39358,0.39653,1,1,15:02:2021,08:33:44,621,-32.12641,-64.72837,1141.0,lev20,Almucantar,ARM_Cordoba,50,50.46875,,,,,,,,,74.457174,75.088078,1.419452,0.039701,0.089981,4,10,7,6,4,10,7,6,4,10,7,6,4,10,7,6,0.03298,0.0647,0.39358,0.39653,1,1,15:02:2021,08:33:44,621,-32.12641,-64.72837,1141.0,lev20,Almucantar,ARM_Cordoba,50,50.46875,,,,,74.457174,75.088078,1.419452,0.039701,0.089981,4,10,7,6,4,10,7,6,4,10,7,6,4,10,7,6,0.03298,0.0647,0.39358,0.39653,1,1,15:02:2021,08:33:44,621,-32.12641,-64.72837,1141.0,lev20,Almucantar,ARM_Cordoba,50,50.46875,,,,,,74.457174,75.088078,1.419452,0.039701,0.089981,4,10,7,6,4,10,7,6,4,10,7,6,4,10,7,6,0.03298,0.0647,0.39358,0.39653,1,1,15:02:2021,08:33:44,621,-32.12641,-64.72837,1141.0,lev20,Almucantar,1.1247217397032292,0.07812049599040521,0.5771733581364047,MA,Maritime,,Unknown
19:02:2019,11:38:35,ARM_Cordoba,50,50.485127,0.0936,0.0538,0.0433,0.0393,0.0665,0.0249,0.0129,0.0082,0.0271,0.029,0.0304,0.0311,1.15031,69.485161,70.118422,1.101535,0.057321,0.093129,4,10,7,6,4,10,7,6,4,10,7,6,4,10,7,5,0.03084,0.06023,0.3642,0.36813,1,1,15:02:2021,08:34:16,621,-32.12641,-64.72837,1141.0,lev20,Almucantar,ARM_Cordoba,50,50.485127,0.093129,0.052627,0.042771,0.039702,1.163957,69.485161,70.118422,1.101535,0.057321,0.093129,4,10,7,6,4,10,7,6,4,10,7,6,4,10,7,5,0.03084,0.06023,0.3642,0.36813,1,1,15:02:2021,08:34:16,621,-32.12641,-64.72837,1141.0,lev20,Almucantar,ARM_Cordoba,50,50.485127,,,,,,,,,69.485161,70.118422,1.101535,0.057321,0.093129,4,10,7,6,4,10,7,6,4,10,7,6,4,10,7,5,0.03084,0.06023,0.3642,0.36813,1,1,15:02:2021,08:34:16,621,-32.12641,-64.72837,1141.0,lev20,Almucantar,ARM_Cordoba,50,50.485127,,,,,69.485161,70.118422,1.101535,0.057321,0.093129,4,10,7,6,4,10,7,6,4,10,7,6,4,10,7,5,0.03084,0.06023,0.3642,0.36813,1,1,15:02:2021,08:34:16,621,-32.12641,-64.72837,1141.0,lev20,Almucantar,ARM_Cordoba,50,50.485127,,,,,,69.485161,70.118422,1.101535,0.057321,0.093129,4,10,7,6,4,10,7,6,4,10,7,6,4,10,7,5,0.03084,0.06023,0.3642,0.36813,1,1,15:02:2021,08:34:16,621,-32.12641,-64.72837,1141.0,lev20,Almucantar,1.1307860439977142,0.0810023519785412,0.5862611597734965,MA,Maritime,,Unknown
19:02:2019,12:28:32,ARM_Cordoba,50,50.519815,0.0966,0.0547,0.0432,0.0381,0.0715,0.0278,0.0151,0.0095,0.0251,0.0269,0.028,0.0286,1.198591,58.94965,59.580315,1.02139,0.070639,0.096199,4,10,7,5,4,10,7,5,3,11,7,5,3,10,8,4,0.02785,0.05395,0.32235,0.32787,1,1,15:02:2021,08:34:06,621,-32.12641,-64.72837,1141.0,lev20,Almucantar,ARM_Cordoba,50,50.519815,0.096199,0.053349,0.043492,0.039109,1.189214,58.94965,59.580315,1.02139,0.070639,0.096199,4,10,7,5,4,10,7,5,3,11,7,5,3,10,8,4,0.02785,0.05395,0.32235,0.32787,1,1,15:02:2021,08:34:06,621,-32.12641,-64.72837,1141.0,lev20,Almucantar,ARM_Cordoba,50,50.519815,,,,,,,,,58.94965,59.580315,1.02139,0.070639,0.096199,4,10,7,5,4,10,7,5,3,11,7,5,3,10,8,4,0.02785,0.05395,0.32235,0.32787,1,1,15:02:2021,08:34:06,621,-32.12641,-64.72837,1141.0,lev20,Almucantar,ARM_Cordoba,50,50.519815,,,,,58.94965,59.580315,1.02139,0.070639,0.096199,4,10,7,5,4,10,7,5,3,11,7,5,3,10,8,4,0.02785,0.05395,0.32235,0.32787,1,1,15:02:2021,08:34:06,621,-32.12641,-64.72837,1141.0,lev20,Almucantar,ARM_Cordoba,50,50.519815,,,,,,58.94965,59.580315,1.02139,0.070639,0.096199,4,10,7,5,4,10,7,5,3,11,7,5,3,10,8,4,0.02785,0.05395,0.32235,0.32787,1,1,15:02:2021,08:34:06,621,-32.12641,-64.72837,1141.0,lev20,Almucantar,1.180455369755255,0.08306946216791111,0.6282232351257583,Unclassified,Maritime,,Unknown
19:02:2019,12:57:09,ARM_Cordoba,50,50.539687,0.09,0.0523,0.0407,0.0363,0.0665,0.0272,0.0145,0.0096,0.0235,0.0251,0.0262,0.0267,1.177654,52.965923,53.589823,4.137174,0.189599,0.092522,3,10,8,4,3,10,8,4,3,10,8,4,4,10,8,3,0.02674,0.05162,0.30642,0.31263,1,1,15:02:2021,08:33:50,621,-32.12641,-64.72837,1141.0,lev20,Almucantar,ARM_Cordoba,50,50.539687,0.092522,0.051324,0.042343,0.037899,1.173038,52.965923,53.589823,4.137174,0.189599,0.092522,3,10,8,4,3,10,8,4,3,10,8,4,4,10,8,3,0.02674,0.05162,0.30642,0.31263,1,1,15:02:2021,08:33:50,621,-32.12641,-64.72837,1141.0,lev20,Almucantar,ARM_Cordoba,50,50.539687,,,,,,,,,52.965923,53.589823,4.137174,0.189599,0.092522,3,10,8,4,3,10,8,4,3,10,8,4,4,10,8,3,0.02674,0.05162,0.30642,0.31263,1,1,15:02:2021,08:33:50,621,-32.12641,-64.72837,1141.0,lev20,Almucantar,ARM_Cordoba,50,50.539687,,,,,52.965923,53.589823,4.137174,0.189599,0.092522,3,10,8,4,3,10,8,4,3,10,8,4,4,10,8,3,0.02674,0.05162,0.30642,0.31263,1,1,15:02:2021,08:33:50,621,-32.12641,-64.72837,1141.0,lev20,Almucantar,ARM_Cordoba,50,50.539687,,,,,,52.965923,53.589823,4.137174,0.189599,0.092522,3,10,8,4,3,10,8,4,3,10,8,4,4,10,8,3,0.02674,0.05162,0.30642,0.31263,1,1,15:02:2021,08:33:50,621,-32.12641,-64.72837,1141.0,lev20,Almucantar,1.1640898635580637,0.077555990868743,0.6312765531778199,Unclassified,Maritime,,Unknown
20:02:2019,11:15:53,ARM_Cordoba,51,51.469363,0.0714,0.0425,0.0344,0.0314,0.0501,0.0198,0.0106,0.0071,0.0213,0.0227,0.0238,0.0243,1.088288,74.431352,75.062586,1.364245,0.046066,0.070868,4,10,7,6,4,10,7,6,4,10,7,6,4,10,7,6,0.03295,0.06465,0.39334,0.39636,1,1,15:02:2021,09:18:49,621,-32.12641,-64.72837,1141.0,lev20,Almucantar,ARM_Cordoba,51,51.469363,0.070868,0.041336,0.034022,0.0318,1.09786,74.431352,75.062586,1.364245,0.046066,0.070868,4,10,7,6,4,10,7,6,4,10,7,6,4,10,7,6,0.03295,0.06465,0.39334,0.39636,1,1,15:02:2021,09:18:49,621,-32.12641,-64.72837,1141.0,lev20,Almucantar,ARM_Cordoba,51,51.469363,,,,,,,,,74.431352,75.062586,1.364245,0.046066,0.070868,4,10,7,6,4,10,7,6,4,10,7,6,4,10,7,6,0.03295,0.06465,0.39334,0.39636,1,1,15:02:2021,09:18:49,621,-32.12641,-64.72837,1141.0,lev20,Almucantar,ARM_Cordoba,51,51.469363,,,,,74.431352,75.062586,1.364245,0.046066,0.070868,4,10,7,6,4,10,7,6,4,10,7,6,4,10,7,6,0.03295,0.06465,0.39334,0.39636,1,1,15:02:2021,09:18:49,621,-32.12641,-64.72837,1141.0,lev20,Almucantar,ARM_Cordoba,51,51.469363,,,,,,74.431352,75.062586,1.364245,0.046066,0.070868,4,10,7,6,4,10,7,6,4,10,7,6,4,10,7,6,0.03295,0.06465,0.39334,0.39636,1,1,15:02:2021,09:18:49,621,-32.12641,-64.72837,1141.0,lev20,Almucantar,1.0711772107054298,0.06226289578013056,0.5813988846437464,MA,Maritime,,Unknown
20:02:2019,11:39:19,ARM_Cordoba,51,51.485637,0.073,0.0421,0.0336,0.0307,0.0523,0.0201,0.0106,0.0072,0.0207,0.022,0.023,0.0235,1.156181,69.489585,70.122904,1.82141,0.08299,0.071136,4,10,7,5,4,10,7,6,4,10,7,6,4,10,7,6,0.03084,0.06023,0.36419,0.36815,1,1,29:09:2020,04:19:41,621,-32.12641,-64.72837,1141.0,lev20,Almucantar,ARM_Cordoba,51,51.485637,0.071136,0.041376,0.034183,0.031757,1.097287,69.489585,70.122904,1.82141,0.08299,0.071136,4,10,7,5,4,10,7,6,4,10,7,6,4,10,7,6,0.03084,0.06023,0.36419,0.36815,1,1,29:09:2020,04:19:41,621,-32.12641,-64.72837,1141.0,lev20,Almucantar,ARM_Cordoba,51,51.485637,,,,,,,,,69.489585,70.122904,1.82141,0.08299,0.071136,4,10,7,5,4,10,7,6,4,10,7,6,4,10,7,6,0.03084,0.06023,0.36419,0.36815,1,1,29:09:2020,04:19:41,621,-32.12641,-64.72837,1141.0,lev20,Almucantar,ARM_Cordoba,51,51.485637,,,,,69.489585,70.122904,1.82141,0.08299,0.071136,4,10,7,5,4,10,7,6,4,10,7,6,4,10,7,6,0.03084,0.06023,0.36419,0.36815,1,1,29:09:2020,04:19:41,621,-32.12641,-64.72837,1141.0,lev20,Almucantar,ARM_Cordoba,51,51.485637,,,,,,69.489585,70.122904,1.82141,0.08299,0.071136,4,10,7,5,4,10,7,6,4,10,7,6,4,10,7,6,0.03084,0.06023,0.36419,0.36815,1,1,29:09:2020,04:19:41,621,-32.12641,-64.72837,1141.0,lev20,Almucantar,1.13820204608263,0.06311504903616895,0.5935389554699505,MA,Maritime,,Unknown
20:02:2019,12:29:12,ARM_Cordoba,51,51.520278,0.0721,0.0425,0.0334,0.03,0.052,0.021,0.011,0.0072,0.0201,0.0216,0.0225,0.0228,1.142445,58.972468,59.602567,1.633807,0.091128,0.071242,4,10,7,5,4,10,7,5,3,11,7,3,3,10,8,3,0.02785,0.05396,0.32241,0.32794,1,1,15:02:2021,09:19:43,621,-32.12641,-64.72837,1141.0,lev20,Almucantar,ARM_Cordoba,51,51.520278,0.071242,0.040873,0.034239,0.030347,1.100394,58.972468,59.602567,1.633807,0.091128,0.071242,4,10,7,5,4,10,7,5,3,11,7,3,3,10,8,3,0.02785,0.05396,0.32241,0.32794,1,1,15:02:2021,09:19:43,621,-32.12641,-64.72837,1141.0,lev20,Almucantar,ARM_Cordoba,51,51.520278,,,,,,,,,58.972468,59.602567,1.633807,0.091128,0.071242,4,10,7,5,4,10,7,5,3,11,7,3,3,10,8,3,0.02785,0.05396,0.32241,0.32794,1,1,15:02:2021,09:19:43,621,-32.12641,-64.72837,1141.0,lev20,Almucantar,ARM_Cordoba,51,51.520278,,,,,58.972468,59.602567,1.633807,0.091128,0.071242,4,10,7,5,4,10,7,5,3,11,7,3,3,10,8,3,0.02785,0.05396,0.32241,0.32794,1,1,15:02:2021,09:19:43,621,-32.12641,-64.72837,1141.0,lev20,Almucantar,ARM_Cordoba,51,51.520278,,,,,,58.972468,59.602567,1.633807,0.091128,0.071242,4,10,7,5,4,10,7,5,3,11,7,3,3,10,8,3,0.02785,0.05396,0.32241,0.32794,1,1,15:02:2021,09:19:43,621,-32.12641,-64.72837,1141.0,lev20,Almucantar,1.1287623286405057,0.062412186338076055,0.608403301158675,Unclassified,Maritime,,Unknown
20:02:2019,12:57:54,ARM_Cordoba,51,51.540208,0.0739,0.0435,0.0336,0.0295,0.0547,0.0229,0.0122,0.0076,0.0193,0.0206,0.0214,0.0219,1.167449,52.979217,53.602058,1.725957,0.150892,0.072772,3,10,8,4,3,10,8,4,3,10,8,3,4,10,8,3,0.02674,0.05164,0.3065,0.31265,1,1,15:02:2021,09:19:27,621,-32.12641,-64.72837,1141.0,lev20,Almucantar,ARM_Cordoba,51,51.540208,0.072772,0.041253,0.034771,0.030821,1.110954,52.979217,53.602058,1.725957,0.150892,0.072772,3,10,8,4,3,10,8,4,3,10,8,3,4,10,8,3,0.02674,0.05164,0.3065,0.31265,1,1,15:02:2021,09:19:27,621,-32.12641,-64.72837,1141.0,lev20,Almucantar,ARM_Cordoba,51,51.540208,,,,,,,,,52.979217,53.602058,1.725957,0.150892,0.072772,3,10,8,4,3,10,8,4,3,10,8,3,4,10,8,3,0.02674,0.05164,0.3065,0.31265,1,1,15:02:2021,09:19:27,621,-32.12641,-64.72837,1141.0,lev20,Almucantar,ARM_Cordoba,51,51.540208,,,,,52.979217,53.602058,1.725957,0.150892,0.072772,3,10,8,4,3,10,8,4,3,10,8,3,4,10,8,3,0.02674,0.05164,0.3065,0.31265,1,1,15:02:2021,09:19:27,621,-32.12641,-64.72837,1141.0,lev20,Almucantar,ARM_Cordoba,51,51.540208,,,,,,52.979217,53.602058,1.725957,0.150892,0.072772,3,10,8,4,3,10,8,4,3,10,8,3,4,10,8,3,0.02674,0.05164,0.3065,0.31265,1,1,15:02:2021,09:19:27,621,-32.12641,-64.72837,1141.0,lev20,Almucantar,1.1561763083039402,0.06374654027716957,0.6405679178661007,Unclassified,Maritime,,Unknown
20:02:2019,20:41:08,ARM_Cordoba,51,51.861898,0.1155,0.0676,0.0546,0.0495,0.0792,0.0293,0.0151,0.0094,0.0363,0.0383,0.0395,0.0402,1.117406,61.365405,60.733403,1.5354,0.096933,0.113498,3,10,8,5,3,10,8,4,3,10,8,5,3,10,8,5,0.02856,0.05521,0.32918,0.33133,1,1,15:02:2021,09:20:11,621,-32.12641,-64.72837,1141.0,lev20,Almucantar,ARM_Cordoba,51,51.861898,0.113498,0.065616,0.054715,0.050864,1.094508,61.365405,60.733403,1.5354,0.096933,0.113498,3,10,8,5,3,10,8,4,3,10,8,5,3,10,8,5,0.02856,0.05521,0.32918,0.33133,1,1,15:02:2021,09:20:11,621,-32.12641,-64.72837,1141.0,lev20,Almucantar,ARM_Cordoba,51,51.861898,,,,,,,,,61.365405,60.733403,1.5354,0.096933,0.113498,3,10,8,5,3,10,8,4,3,10,8,5,3,10,8,5,0.02856,0.05521,0.32918,0.33133,1,1,15:02:2021,09:20:11,621,-32.12641,-64.72837,1141.0,lev20,Almucantar,ARM_Cordoba,51,51.861898,,,,,61.365405,60.733403,1.5354,0.096933,0.113498,3,10,8,5,3,10,8,4,3,10,8,5,3,10,8,5,0.02856,0.05521,0.32918,0.33133,1,1,15:02:2021,09:20:11,621,-32.12641,-64.72837,1141.0,lev20,Almucantar,ARM_Cordoba,51,51.861898,,,,,,61.365405,60.733403,1.5354,0.096933,0.113498,3,10,8,5,3,10,8,4,3,10,8,5,3,10,8,5,0.02856,0.05521,0.32918,0.33133,1,1,15:02:2021,09:20:11,621,-32.12641,-64.72837,1141.0,lev20,Almucantar,1.0990411203251753,0.10036127223409444,0.5584216131427918,MA,Maritime,,Unknown
21:02:2019,11:16:29,ARM_Cordoba,52,52.46978,0.0493,0.0273,0.0211,0.0186,0.0387,0.0159,0.009,0.0063,0.0106,0.0114,0.012,0.0123,1.261907,74.46462,75.096109,1.044863,0.054165,0.049432,4,10,7,6,4,10,7,6,4,10,7,6,4,10,7,6,0.03298,0.06471,0.39363,0.39658,1,1,29:09:2020,04:21:50,621,-32.12641,-64.72837,1141.0,lev20,Almucantar,ARM_Cordoba,52,52.46978,0.049432,0.026386,0.020912,0.01891,1.286082,74.46462,75.096109,1.044863,0.054165,0.049432,4,10,7,6,4,10,7,6,4,10,7,6,4,10,7,6,0.03298,0.06471,0.39363,0.39658,1,1,29:09:2020,04:21:50,621,-32.12641,-64.72837,1141.0,lev20,Almucantar,ARM_Cordoba,52,52.46978,,,,,,,,,74.46462,75.096109,1.044863,0.054165,0.049432,4,10,7,6,4,10,7,6,4,10,7,6,4,10,7,6,0.03298,0.06471,0.39363,0.39658,1,1,29:09:2020,04:21:50,621,-32.12641,-64.72837,1141.0,lev20,Almucantar,ARM_Cordoba,52,52.46978,,,,,74.46462,75.096109,1.044863,0.054165,0.049432,4,10,7,6,4,10,7,6,4,10,7,6,4,10,7,6,0.03298,0.06471,0.39363,0.39658,1,1,29:09:2020,04:21:50,621,-32.12641,-64.72837,1141.0,lev20,Almucantar,ARM_Cordoba,52,52.46978,,,,,,74.46462,75.096109,1.044863,0.054165,0.049432,4,10,7,6,4,10,7,6,4,10,7,6,4,10,7,6,0.03298,0.06471,0.39363,0.39658,1,1,29:09:2020,04:21:50,621,-32.12641,-64.72837,1141.0,lev20,Almucantar,1.2448702207258877,0.04204700350695736,0.6846229913980646,BCH,Maritime,,Unknown
21:02:2019,11:40:10,ARM_Cordoba,52,52.486227,0.0511,0.0276,0.0213,0.0188,0.0404,0.0161,0.0092,0.0064,0.0107,0.0115,0.0121,0.0124,1.302767,69.469108,70.102451,0.774762,0.051335,0.050449,4,10,7,6,4,10,7,6,4,10,7,6,4,10,7,6,0.03084,0.06022,0.36417,0.36805,1,1,15:02:2021,09:10:23,621,-32.12641,-64.72837,1141.0,lev20,Almucantar,ARM_Cordoba,52,52.486227,0.050449,0.026788,0.021274,0.019122,1.291503,69.469108,70.102451,0.774762,0.051335,0.050449,4,10,7,6,4,10,7,6,4,10,7,6,4,10,7,6,0.03084,0.06022,0.36417,0.36805,1,1,15:02:2021,09:10:23,621,-32.12641,-64.72837,1141.0,lev20,Almucantar,ARM_Cordoba,52,52.486227,,,,,,,,,69.469108,70.102451,0.774762,0.051335,0.050449,4,10,7,6,4,10,7,6,4,10,7,6,4,10,7,6,0.03084,0.06022,0.36417,0.36805,1,1,15:02:2021,09:10:23,621,-32.12641,-64.72837,1141.0,lev20,Almucantar,ARM_Cordoba,52,52.486227,,,,,69.469108,70.102451,0.774762,0.051335,0.050449,4,10,7,6,4,10,7,6,4,10,7,6,4,10,7,6,0.03084,0.06022,0.36417,0.36805,1,1,15:02:2021,09:10:23,621,-32.12641,-64.72837,1141.0,lev20,Almucantar,ARM_Cordoba,52,52.486227,,,,,,69.469108,70.102451,0.774762,0.051335,0.050449,4,10,7,6,4,10,7,6,4,10,7,6,4,10,7,6,0.03084,0.06022,0.36417,0.36805,1,1,15:02:2021,09:10:23,621,-32.12641,-64.72837,1141.0,lev20,Almucantar,1.2836345853710345,0.04336675615494406,0.6887131471101633,BCH,Maritime,,Unknown
21:02:2019,12:29:56,ARM_Cordoba,52,52.520787,0.0519,0.0282,0.021,0.0183,0.0417,0.0173,0.0095,0.0066,0.0102,0.0109,0.0115,0.0117,1.340563,58.981733,59.611205,0.884975,0.099083,0.051181,4,10,7,5,4,10,7,5,3,11,7,5,3,10,8,5,0.02785,0.05397,0.32249,0.32796,1,1,15:02:2021,09:10:11,621,-32.12641,-64.72837,1141.0,lev20,Almucantar,ARM_Cordoba,52,52.520787,0.051181,0.02658,0.0217,0.018759,1.289735,58.981733,59.611205,0.884975,0.099083,0.051181,4,10,7,5,4,10,7,5,3,11,7,5,3,10,8,5,0.02785,0.05397,0.32249,0.32796,1,1,15:02:2021,09:10:11,621,-32.12641,-64.72837,1141.0,lev20,Almucantar,ARM_Cordoba,52,52.520787,,,,,,,,,58.981733,59.611205,0.884975,0.099083,0.051181,4,10,7,5,4,10,7,5,3,11,7,5,3,10,8,5,0.02785,0.05397,0.32249,0.32796,1,1,15:02:2021,09:10:11,621,-32.12641,-64.72837,1141.0,lev20,Almucantar,ARM_Cordoba,52,52.520787,,,,,58.981733,59.611205,0.884975,0.099083,0.051181,4,10,7,5,4,10,7,5,3,11,7,5,3,10,8,5,0.02785,0.05397,0.32249,0.32796,1,1,15:02:2021,09:10:11,621,-32.12641,-64.72837,1141.0,lev20,Almucantar,ARM_Cordoba,52,52.520787,,,,,,58.981733,59.611205,0.884975,0.099083,0.051181,4,10,7,5,4,10,7,5,3,11,7,5,3,10,8,5,0.02785,0.05397,0.32249,0.32796,1,1,15:02:2021,09:10:11,621,-32.12641,-64.72837,1141.0,lev20,Almucantar,1.3272287208089717,0.04380091326771426,0.711172682280657,BCH,Maritime,,Unknown
21:02:2019,12:58:43,ARM_Cordoba,52,52.540775,0.0554,0.0295,0.0214,0.0184,0.0451,0.0185,0.0098,0.0066,0.0103,0.0111,0.0116,0.0118,1.406641,52.979709,53.601406,1.08045,0.1212,0.054312,3,10,8,4,3,10,8,4,3,10,8,4,4,10,8,4,0.02674,0.05163,0.30649,0.31265,1,1,29:09:2020,04:21:02,621,-32.12641,-64.72837,1141.0,lev20,Almucantar,ARM_Cordoba,52,52.540775,0.054312,0.028224,0.022977,0.019646,1.29248,52.979709,53.601406,1.08045,0.1212,0.054312,3,10,8,4,3,10,8,4,3,10,8,4,4,10,8,4,0.02674,0.05163,0.30649,0.31265,1,1,29:09:2020,04:21:02,621,-32.12641,-64.72837,1141.0,lev20,Almucantar,ARM_Cordoba,52,52.540775,,,,,,,,,52.979709,53.601406,1.08045,0.1212,0.054312,3,10,8,4,3,10,8,4,3,10,8,4,4,10,8,4,0.02674,0.05163,0.30649,0.31265,1,1,29:09:2020,04:21:02,621,-32.12641,-64.72837,1141.0,lev20,Almucantar,ARM_Cordoba,52,52.540775,,,,,52.979709,53.601406,1.08045,0.1212,0.054312,3,10,8,4,3,10,8,4,3,10,8,4,4,10,8,4,0.02674,0.05163,0.30649,0.31265,1,1,29:09:2020,04:21:02,621,-32.12641,-64.72837,1141.0,lev20,Almucantar,ARM_Cordoba,52,52.540775,,,,,,52.979709,53.601406,1.08045,0.1212,0.054312,3,10,8,4,3,10,8,4,3,10,8,4,4,10,8,4,0.02674,0.05163,0.30649,0.31265,1,1,29:09:2020,04:21:02,621,-32.12641,-64.72837,1141.0,lev20,Almucantar,1.3952807398105633,0.04634976178796596,0.7255532404201503,BCH,Maritime,,Unknown
21:02:2019,20:40:11,ARM_Cordoba,52,52.861238,0.1373,0.0808,0.065,0.0594,0.0938,0.035,0.0176,0.0113,0.0435,0.0458,0.0473,0.0481,1.114172,61.374954,60.74346,2.309668,0.102498,0.134956,3,10,7,4,3,10,6,5,3,9,5,5,3,8,5,5,0.02857,0.05522,0.3292,0.33136,1,1,15:02:2021,09:11:25,621,-32.12641,-64.72837,1141.0,lev20,Almucantar,ARM_Cordoba,52,52.861238,0.134956,0.078866,0.065023,0.060518,1.092657,61.374954,60.74346,2.309668,0.102498,0.134956,3,10,7,4,3,10,6,5,3,9,5,5,3,8,5,5,0.02857,0.05522,0.3292,0.33136,1,1,15:02:2021,09:11:25,621,-32.12641,-64.72837,1141.0,lev20,Almucantar,ARM_Cordoba,52,52.861238,,,,,,,,,61.374954,60.74346,2.309668,0.102498,0.134956,3,10,7,4,3,10,6,5,3,9,5,5,3,8,5,5,0.02857,0.05522,0.3292,0.33136,1,1,15:02:2021,09:11:25,621,-32.12641,-64.72837,1141.0,lev20,Almucantar,ARM_Cordoba,52,52.861238,,,,,61.374954,60.74346,2.309668,0.102498,0.134956,3,10,7,4,3,10,6,5,3,9,5,5,3,8,5,5,0.02857,0.05522,0.3292,0.33136,1,1,15:02:2021,09:11:25,621,-32.12641,-64.72837,1141.0,lev20,Almucantar,ARM_Cordoba,52,52.861238,,,,,,61.374954,60.74346,2.309668,0.102498,0.134956,3,10,7,4,3,10,6,5,3,9,5,5,3,8,5,5,0.02857,0.05522,0.3292,0.33136,1,1,15:02:2021,09:11:25,621,-32.12641,-64.72837,1141.0,lev20,Almucantar,1.096905921756717,0.119336487693215,0.5546760109910468,MA,Maritime,,Unknown
22:02:2019,11:17:17,ARM_Cordoba,53,53.470336,0.0821,0.0448,0.0351,0.0319,0.062,0.0232,0.0124,0.0088,0.0201,0.0216,0.0227,0.0231,1.266863,74.455254,75.086994,0.92331,0.020767,0.081006,4,10,7,6,4,10,7,6,4,10,7,6,4,10,7,6,0.03297,0.06468,0.3935,0.39652,1,1,15:02:2021,09:33:59,621,-32.12641,-64.72837,1141.0,lev20,Almucantar,ARM_Cordoba,53,53.470336,0.081006,0.044181,0.034557,0.031674,1.269873,74.455254,75.086994,0.92331,0.020767,0.081006,4,10,7,6,4,10,7,6,4,10,7,6,4,10,7,6,0.03297,0.06468,0.3935,0.39652,1,1,15:02:2021,09:33:59,621,-32.12641,-64.72837,1141.0,lev20,Almucantar,ARM_Cordoba,53,53.470336,,,,,,,,,74.455254,75.086994,0.92331,0.020767,0.081006,4,10,7,6,4,10,7,6,4,10,7,6,4,10,7,6,0.03297,0.06468,0.3935,0.39652,1,1,15:02:2021,09:33:59,621,-32.12641,-64.72837,1141.0,lev20,Almucantar,ARM_Cordoba,53,53.470336,,,,,74.455254,75.086994,0.92331,0.020767,0.081006,4,10,7,6,4,10,7,6,4,10,7,6,4,10,7,6,0.03297,0.06468,0.3935,0.39652,1,1,15:02:2021,09:33:59,621,-32.12641,-64.72837,1141.0,lev20,Almucantar,ARM_Cordoba,53,53.470336,,,,,,74.455254,75.086994,0.92331,0.020767,0.081006,4,10,7,6,4,10,7,6,4,10,7,6,4,10,7,6,0.03297,0.06468,0.3935,0.39652,1,1,15:02:2021,09:33:59,621,-32.12641,-64.72837,1141.0,lev20,Almucantar,1.2464630269123869,0.07000722459794223,0.6312886261684341,BCH,Maritime,,Unknown
22:02:2019,11:40:57,ARM_Cordoba,53,53.486771,0.081,0.0444,0.0345,0.0307,0.0617,0.0237,0.0128,0.0086,0.0194,0.0208,0.0217,0.0221,1.270733,69.462466,70.09579,0.814122,0.032893,0.079838,4,10,7,6,4,10,7,6,4,10,7,6,4,10,7,6,0.03082,0.0602,0.36401,0.36802,1,1,15:02:2021,09:33:30,621,-32.12641,-64.72837,1141.0,lev20,Almucantar,ARM_Cordoba,53,53.486771,0.079838,0.043682,0.034382,0.031342,1.256617,69.462466,70.09579,0.814122,0.032893,0.079838,4,10,7,6,4,10,7,6,4,10,7,6,4,10,7,6,0.03082,0.0602,0.36401,0.36802,1,1,15:02:2021,09:33:30,621,-32.12641,-64.72837,1141.0,lev20,Almucantar,ARM_Cordoba,53,53.486771,,,,,,,,,69.462466,70.09579,0.814122,0.032893,0.079838,4,10,7,6,4,10,7,6,4,10,7,6,4,10,7,6,0.03082,0.0602,0.36401,0.36802,1,1,15:02:2021,09:33:30,621,-32.12641,-64.72837,1141.0,lev20,Almucantar,ARM_Cordoba,53,53.486771,,,,,69.462466,70.09579,0.814122,0.032893,0.079838,4,10,7,6,4,10,7,6,4,10,7,6,4,10,7,6,0.03082,0.0602,0.36401,0.36802,1,1,15:02:2021,09:33:30,621,-32.12641,-64.72837,1141.0,lev20,Almucantar,ARM_Cordoba,53,53.486771,,,,,,69.462466,70.09579,0.814122,0.032893,0.079838,4,10,7,6,4,10,7,6,4,10,7,6,4,10,7,6,0.03082,0.0602,0.36401,0.36802,1,1,15:02:2021,09:33:30,621,-32.12641,-64.72837,1141.0,lev20,Almucantar,1.2519681507026181,0.06902065757567158,0.648055054889073,BCH,Maritime,,Unknown
22:02:2019,12:30:42,ARM_Cordoba,53,53.521319,0.0807,0.045,0.0352,0.031,0.0609,0.0237,0.0131,0.0086,0.0198,0.0212,0.0221,0.0225,1.235213,58.984514,59.613302,1.026305,0.047587,0.079751,4,10,7,5,4,10,7,4,3,11,7,5,3,10,8,4,0.02785,0.05397,0.32251,0.32797,1,1,15:02:2021,09:33:50,621,-32.12641,-64.72837,1141.0,lev20,Almucantar,ARM_Cordoba,53,53.521319,0.079751,0.043749,0.035127,0.031178,1.226255,58.984514,59.613302,1.026305,0.047587,0.079751,4,10,7,5,4,10,7,4,3,11,7,5,3,10,8,4,0.02785,0.05397,0.32251,0.32797,1,1,15:02:2021,09:33:50,621,-32.12641,-64.72837,1141.0,lev20,Almucantar,ARM_Cordoba,53,53.521319,,,,,,,,,58.984514,59.613302,1.026305,0.047587,0.079751,4,10,7,5,4,10,7,4,3,11,7,5,3,10,8,4,0.02785,0.05397,0.32251,0.32797,1,1,15:02:2021,09:33:50,621,-32.12641,-64.72837,1141.0,lev20,Almucantar,ARM_Cordoba,53,53.521319,,,,,58.984514,59.613302,1.026305,0.047587,0.079751,4,10,7,5,4,10,7,4,3,11,7,5,3,10,8,4,0.02785,0.05397,0.32251,0.32797,1,1,15:02:2021,09:33:50,621,-32.12641,-64.72837,1141.0,lev20,Almucantar,ARM_Cordoba,53,53.521319,,,,,,58.984514,59.613302,1.026305,0.047587,0.079751,4,10,7,5,4,10,7,4,3,11,7,5,3,10,8,4,0.02785,0.05397,0.32251,0.32797,1,1,15:02:2021,09:33:50,621,-32.12641,-64.72837,1141.0,lev20,Almucantar,1.2170602840449058,0.06907256756851293,0.6424912603109821,BCH,Maritime,,Unknown
22:02:2019,12:59:35,ARM_Cordoba,53,53.541377,0.0829,0.0473,0.0361,0.032,0.0626,0.0255,0.0132,0.0086,0.0203,0.0219,0.0229,0.0233,1.231888,52.970979,53.591448,1.893111,0.107787,0.081741,3,10,8,4,3,10,8,4,3,10,8,4,4,10,7,3,0.02674,0.05163,0.30646,0.31263,1,1,15:02:2021,09:34:40,621,-32.12641,-64.72837,1141.0,lev20,Almucantar,ARM_Cordoba,53,53.541377,0.081741,0.04533,0.036974,0.032379,1.188572,52.970979,53.591448,1.893111,0.107787,0.081741,3,10,8,4,3,10,8,4,3,10,8,4,4,10,7,3,0.02674,0.05163,0.30646,0.31263,1,1,15:02:2021,09:34:40,621,-32.12641,-64.72837,1141.0,lev20,Almucantar,ARM_Cordoba,53,53.541377,,,,,,,,,52.970979,53.591448,1.893111,0.107787,0.081741,3,10,8,4,3,10,8,4,3,10,8,4,4,10,7,3,0.02674,0.05163,0.30646,0.31263,1,1,15:02:2021,09:34:40,621,-32.12641,-64.72837,1141.0,lev20,Almucantar,ARM_Cordoba,53,53.541377,,,,,52.970979,53.591448,1.893111,0.107787,0.081741,3,10,8,4,3,10,8,4,3,10,8,4,4,10,7,3,0.02674,0.05163,0.30646,0.31263,1,1,15:02:2021,09:34:40,621,-32.12641,-64.72837,1141.0,lev20,Almucantar,ARM_Cordoba,53,53.541377,,,,,,52.970979,53.591448,1.893111,0.107787,0.081741,3,10,8,4,3,10,8,4,3,10,8,4,4,10,7,3,0.02674,0.05163,0.30646,0.31263,1,1,15:02:2021,09:34:40,621,-32.12641,-64.72837,1141.0,lev20,Almucantar,1.2194802039495285,0.07093364028958758,0.6506423853625553,BCH,Maritime,,Unknown
24:02:2019,12:32:13,ARM_Cordoba,55,55.522373,0.0699,0.0427,0.0337,0.0302,0.0511,0.0226,0.0128,0.009,0.0188,0.0201,0.0209,0.0213,1.081182,58.995294,59.622555,1.783938,0.124639,0.068944,4,10,7,5,4,6,5,5,3,10,7,5,3,10,5,4,0.02786,0.05398,0.3225,0.328,1,1,15:02:2021,09:02:34,621,-32.12641,-64.72837,1141.0,lev20,Almucantar,ARM_Cordoba,55,55.522373,0.068944,0.040508,0.034209,0.031155,1.052539,58.995294,59.622555,1.783938,0.124639,0.068944,4,10,7,5,4,6,5,5,3,10,7,5,3,10,5,4,0.02786,0.05398,0.3225,0.328,1,1,15:02:2021,09:02:34,621,-32.12641,-64.72837,1141.0,lev20,Almucantar,ARM_Cordoba,55,55.522373,,,,,,,,,58.995294,59.622555,1.783938,0.124639,0.068944,4,10,7,5,4,6,5,5,3,10,7,5,3,10,5,4,0.02786,0.05398,0.3225,0.328,1,1,15:02:2021,09:02:34,621,-32.12641,-64.72837,1141.0,lev20,Almucantar,ARM_Cordoba,55,55.522373,,,,,58.995294,59.622555,1.783938,0.124639,0.068944,4,10,7,5,4,6,5,5,3,10,7,5,3,10,5,4,0.02786,0.05398,0.3225,0.328,1,1,15:02:2021,09:02:34,621,-32.12641,-64.72837,1141.0,lev20,Almucantar,ARM_Cordoba,55,55.522373,,,,,,58.995294,59.622555,1.783938,0.124639,0.068944,4,10,7,5,4,6,5,5,3,10,7,5,3,10,5,4,0.02786,0.05398,0.3225,0.328,1,1,15:02:2021,09:02:34,621,-32.12641,-64.72837,1141.0,lev20,Almucantar,1.070189276389701,0.060962550284876314,0.6299527120148333,Unclassified,Maritime,,Unknown
27:02:2019,12:34:35,ARM_Cordoba,58,58.524016,0.0601,0.036,0.0283,0.0255,0.0437,0.0185,0.0098,0.0067,0.0164,0.0175,0.0184,0.0188,1.117013,58.997426,59.621958,0.744077,0.052431,0.059177,4,10,7,5,4,10,7,5,3,11,7,5,3,10,8,5,0.02748,0.0533,0.31568,0.32229,1,1,15:02:2021,09:47:19,621,-32.12641,-64.72837,1141.0,lev20,Almucantar,ARM_Cordoba,58,58.524016,0.059177,0.035162,0.028879,0.025641,1.071789,58.997426,59.621958,0.744077,0.052431,0.059177,4,10,7,5,4,10,7,5,3,11,7,5,3,10,8,5,0.02748,0.0533,0.31568,0.32229,1,1,15:02:2021,09:47:19,621,-32.12641,-64.72837,1141.0,lev20,Almucantar,ARM_Cordoba,58,58.524016,,,,,,,,,58.997426,59.621958,0.744077,0.052431,0.059177,4,10,7,5,4,10,7,5,3,11,7,5,3,10,8,5,0.02748,0.0533,0.31568,0.32229,1,1,15:02:2021,09:47:19,621,-32.12641,-64.72837,1141.0,lev20,Almucantar,ARM_Cordoba,58,58.524016,,,,,58.997426,59.621958,0.744077,0.052431,0.059177,4,10,7,5,4,10,7,5,3,11,7,5,3,10,8,5,0.02748,0.0533,0.31568,0.32229,1,1,15:02:2021,09:47:19,621,-32.12641,-64.72837,1141.0,lev20,Almucantar,ARM_Cordoba,58,58.524016,,,,,,58.997426,59.621958,0.744077,0.052431,0.059177,4,10,7,5,4,10,7,5,3,11,7,5,3,10,8,5,0.02748,0.0533,0.31568,0.32229,1,1,15:02:2021,09:47:19,621,-32.12641,-64.72837,1141.0,lev20,Almucantar,1.104778664147966,0.05218433009809285,0.619902104967579,Unclassified,Maritime,,Unknown
27:02:2019,13:03:40,ARM_Cordoba,58,58.544213,0.0625,0.0361,0.0285,0.0257,0.0464,0.0187,0.0103,0.0071,0.0161,0.0174,0.0183,0.0186,1.168126,52.997844,53.611262,1.836238,0.097088,0.060798,3,10,8,4,3,10,8,4,3,10,8,4,4,10,8,4,0.02637,0.05106,0.29999,0.30729,1,1,15:02:2021,09:47:11,621,-32.12641,-64.72837,1141.0,lev20,Almucantar,ARM_Cordoba,58,58.544213,0.060798,0.03592,0.029588,0.026297,1.076806,52.997844,53.611262,1.836238,0.097088,0.060798,3,10,8,4,3,10,8,4,3,10,8,4,4,10,8,4,0.02637,0.05106,0.29999,0.30729,1,1,15:02:2021,09:47:11,621,-32.12641,-64.72837,1141.0,lev20,Almucantar,ARM_Cordoba,58,58.544213,,,,,,,,,52.997844,53.611262,1.836238,0.097088,0.060798,3,10,8,4,3,10,8,4,3,10,8,4,4,10,8,4,0.02637,0.05106,0.29999,0.30729,1,1,15:02:2021,09:47:11,621,-32.12641,-64.72837,1141.0,lev20,Almucantar,ARM_Cordoba,58,58.544213,,,,,52.997844,53.611262,1.836238,0.097088,0.060798,3,10,8,4,3,10,8,4,3,10,8,4,4,10,8,4,0.02637,0.05106,0.29999,0.30729,1,1,15:02:2021,09:47:11,621,-32.12641,-64.72837,1141.0,lev20,Almucantar,ARM_Cordoba,58,58.544213,,,,,,52.997844,53.611262,1.836238,0.097088,0.060798,3,10,8,4,3,10,8,4,3,10,8,4,4,10,8,4,0.02637,0.05106,0.29999,0.30729,1,1,15:02:2021,09:47:11,621,-32.12641,-64.72837,1141.0,lev20,Almucantar,1.1518867201781648,0.05394240987689026,0.6290986519381826,Unclassified,Maritime,,Unknown
28:02:2019,11:21:51,ARM_Cordoba,59,59.473507,0.0439,0.0292,0.0241,0.0221,0.0285,0.0128,0.0069,0.0045,0.0154,0.0164,0.0172,0.0176,0.889354,74.438405,75.070842,1.212796,0.018076,0.043744,4,10,7,6,4,10,7,6,4,10,7,6,4,10,7,6,0.03257,0.06355,0.38503,0.38931,1,1,29:09:2020,04:29:16,621,-32.12641,-64.72837,1141.0,lev20,Almucantar,ARM_Cordoba,59,59.473507,0.043744,0.028424,0.023894,0.022439,0.90156,74.438405,75.070842,1.212796,0.018076,0.043744,4,10,7,6,4,10,7,6,4,10,7,6,4,10,7,6,0.03257,0.06355,0.38503,0.38931,1,1,29:09:2020,04:29:16,621,-32.12641,-64.72837,1141.0,lev20,Almucantar,ARM_Cordoba,59,59.473507,,,,,,,,,74.438405,75.070842,1.212796,0.018076,0.043744,4,10,7,6,4,10,7,6,4,10,7,6,4,10,7,6,0.03257,0.06355,0.38503,0.38931,1,1,29:09:2020,04:29:16,621,-32.12641,-64.72837,1141.0,lev20,Almucantar,ARM_Cordoba,59,59.473507,,,,,74.438405,75.070842,1.212796,0.018076,0.043744,4,10,7,6,4,10,7,6,4,10,7,6,4,10,7,6,0.03257,0.06355,0.38503,0.38931,1,1,29:09:2020,04:29:16,621,-32.12641,-64.72837,1141.0,lev20,Almucantar,ARM_Cordoba,59,59.473507,,,,,,74.438405,75.070842,1.212796,0.018076,0.043744,4,10,7,6,4,10,7,6,4,10,7,6,4,10,7,6,0.03257,0.06355,0.38503,0.38931,1,1,29:09:2020,04:29:16,621,-32.12641,-64.72837,1141.0,lev20,Almucantar,0.8796922674268858,0.03923072699447257,0.5449817171230537,MA,Maritime,,Unknown
28:02:2019,11:45:19,ARM_Cordoba,59,59.489803,0.0436,0.0289,0.0239,0.0221,0.0283,0.0126,0.0068,0.0047,0.0153,0.0163,0.0171,0.0174,0.892135,69.489667,70.122015,0.731178,0.022611,0.043371,4,10,7,6,4,10,7,6,4,10,7,6,4,10,7,6,0.03046,0.0593,0.35652,0.36161,1,1,15:02:2021,09:33:30,621,-32.12641,-64.72837,1141.0,lev20,Almucantar,ARM_Cordoba,59,59.489803,0.043371,0.028103,0.023863,0.022308,0.892673,69.489667,70.122015,0.731178,0.022611,0.043371,4,10,7,6,4,10,7,6,4,10,7,6,4,10,7,6,0.03046,0.0593,0.35652,0.36161,1,1,15:02:2021,09:33:30,621,-32.12641,-64.72837,1141.0,lev20,Almucantar,ARM_Cordoba,59,59.489803,,,,,,,,,69.489667,70.122015,0.731178,0.022611,0.043371,4,10,7,6,4,10,7,6,4,10,7,6,4,10,7,6,0.03046,0.0593,0.35652,0.36161,1,1,15:02:2021,09:33:30,621,-32.12641,-64.72837,1141.0,lev20,Almucantar,ARM_Cordoba,59,59.489803,,,,,69.489667,70.122015,0.731178,0.022611,0.043371,4,10,7,6,4,10,7,6,4,10,7,6,4,10,7,6,0.03046,0.0593,0.35652,0.36161,1,1,15:02:2021,09:33:30,621,-32.12641,-64.72837,1141.0,lev20,Almucantar,ARM_Cordoba,59,59.489803,,,,,,69.489667,70.122015,0.731178,0.022611,0.043371,4,10,7,6,4,10,7,6,4,10,7,6,4,10,7,6,0.03046,0.0593,0.35652,0.36161,1,1,15:02:2021,09:33:30,621,-32.12641,-64.72837,1141.0,lev20,Almucantar,0.8818576947492478,0.03895185156055447,0.5391640178743222,MA,Maritime,,Unknown
28:02:2019,12:35:22,ARM_Cordoba,59,59.52456,0.0426,0.0277,0.0232,0.0215,0.0278,0.0119,0.0067,0.0046,0.0148,0.0158,0.0165,0.0168,0.905351,59.000876,59.624386,1.246567,0.056086,0.042425,4,10,7,5,4,10,7,5,3,11,7,5,3,10,8,5,0.02748,0.05331,0.3157,0.3223,1,1,29:09:2020,04:28:44,621,-32.12641,-64.72837,1141.0,lev20,Almucantar,ARM_Cordoba,59,59.52456,0.042425,0.027481,0.023796,0.021569,0.867372,59.000876,59.624386,1.246567,0.056086,0.042425,4,10,7,5,4,10,7,5,3,11,7,5,3,10,8,5,0.02748,0.05331,0.3157,0.3223,1,1,29:09:2020,04:28:44,621,-32.12641,-64.72837,1141.0,lev20,Almucantar,ARM_Cordoba,59,59.52456,,,,,,,,,59.000876,59.624386,1.246567,0.056086,0.042425,4,10,7,5,4,10,7,5,3,11,7,5,3,10,8,5,0.02748,0.05331,0.3157,0.3223,1,1,29:09:2020,04:28:44,621,-32.12641,-64.72837,1141.0,lev20,Almucantar,ARM_Cordoba,59,59.52456,,,,,59.000876,59.624386,1.246567,0.056086,0.042425,4,10,7,5,4,10,7,5,3,11,7,5,3,10,8,5,0.02748,0.05331,0.3157,0.3223,1,1,29:09:2020,04:28:44,621,-32.12641,-64.72837,1141.0,lev20,Almucantar,ARM_Cordoba,59,59.52456,,,,,,59.000876,59.624386,1.246567,0.056086,0.042425,4,10,7,5,4,10,7,5,3,11,7,5,3,10,8,5,0.02748,0.05331,0.3157,0.3223,1,1,29:09:2020,04:28:44,621,-32.12641,-64.72837,1141.0,lev20,Almucantar,0.8914265759393477,0.0380119349718027,0.5379577106717593,MA,Maritime,,Unknown
28:02:2019,13:04:27,ARM_Cordoba,59,59.544757,0.0417,0.0276,0.023,0.0211,0.0273,0.0123,0.007,0.0048,0.0144,0.0154,0.016,0.0163,0.884341,53.01418,53.625999,1.795116,0.07863,0.041676,3,10,8,4,3,10,8,4,4,10,8,4,4,10,8,4,0.02637,0.05108,0.3001,0.30733,1,1,29:09:2020,04:28:42,621,-32.12641,-64.72837,1141.0,lev20,Almucantar,ARM_Cordoba,59,59.544757,0.041676,0.027228,0.024083,0.021624,0.82596,53.01418,53.625999,1.795116,0.07863,0.041676,3,10,8,4,3,10,8,4,4,10,8,4,4,10,8,4,0.02637,0.05108,0.3001,0.30733,1,1,29:09:2020,04:28:42,621,-32.12641,-64.72837,1141.0,lev20,Almucantar,ARM_Cordoba,59,59.544757,,,,,,,,,53.01418,53.625999,1.795116,0.07863,0.041676,3,10,8,4,3,10,8,4,4,10,8,4,4,10,8,4,0.02637,0.05108,0.3001,0.30733,1,1,29:09:2020,04:28:42,621,-32.12641,-64.72837,1141.0,lev20,Almucantar,ARM_Cordoba,59,59.544757,,,,,53.01418,53.625999,1.795116,0.07863,0.041676,3,10,8,4,3,10,8,4,4,10,8,4,4,10,8,4,0.02637,0.05108,0.3001,0.30733,1,1,29:09:2020,04:28:42,621,-32.12641,-64.72837,1141.0,lev20,Almucantar,ARM_Cordoba,59,59.544757,,,,,,53.01418,53.625999,1.795116,0.07863,0.041676,3,10,8,4,3,10,8,4,4,10,8,4,4,10,8,4,0.02637,0.05108,0.3001,0.30733,1,1,29:09:2020,04:28:42,621,-32.12641,-64.72837,1141.0,lev20,Almucantar,0.8728044290976573,0.03729754832601326,0.5489313629811584,MA,Maritime,,Unknown
28:02:2019,20:03:38,ARM_Cordoba,59,59.835856,0.0936,0.0578,0.0476,0.0445,0.0611,0.0234,0.0118,0.0081,0.0325,0.0344,0.0358,0.0364,1.00814,55.366895,54.750608,1.168592,0.041429,0.092725,4,10,8,4,4,10,8,4,4,10,8,4,4,10,8,4,0.02689,0.05194,0.30498,0.30983,1,1,15:02:2021,09:34:44,621,-32.12641,-64.72837,1141.0,lev20,Almucantar,ARM_Cordoba,59,59.835856,0.092725,0.056436,0.047294,0.044091,1.007744,55.366895,54.750608,1.168592,0.041429,0.092725,4,10,8,4,4,10,8,4,4,10,8,4,4,10,8,4,0.02689,0.05194,0.30498,0.30983,1,1,15:02:2021,09:34:44,621,-32.12641,-64.72837,1141.0,lev20,Almucantar,ARM_Cordoba,59,59.835856,,,,,,,,,55.366895,54.750608,1.168592,0.041429,0.092725,4,10,8,4,4,10,8,4,4,10,8,4,4,10,8,4,0.02689,0.05194,0.30498,0.30983,1,1,15:02:2021,09:34:44,621,-32.12641,-64.72837,1141.0,lev20,Almucantar,ARM_Cordoba,59,59.835856,,,,,55.366895,54.750608,1.168592,0.041429,0.092725,4,10,8,4,4,10,8,4,4,10,8,4,4,10,8,4,0.02689,0.05194,0.30498,0.30983,1,1,15:02:2021,09:34:44,621,-32.12641,-64.72837,1141.0,lev20,Almucantar,ARM_Cordoba,59,59.835856,,,,,,55.366895,54.750608,1.168592,0.041429,0.092725,4,10,8,4,4,10,8,4,4,10,8,4,4,10,8,4,0.02689,0.05194,0.30498,0.30983,1,1,15:02:2021,09:34:44,621,-32.12641,-64.72837,1141.0,lev20,Almucantar,0.991901550839881,0.08245331579574647,0.5197367194244125,MA,Maritime,,Unknown
28:02:2019,20:32:37,ARM_Cordoba,59,59.855984,0.113,0.0694,0.0572,0.0526,0.0755,0.0295,0.016,0.0108,0.0375,0.0399,0.0412,0.0418,1.015568,61.379175,60.752743,1.072947,0.029383,0.111721,3,10,8,5,3,10,8,5,3,10,8,5,3,10,8,5,0.02819,0.05449,0.32224,0.32561,1,1,15:02:2021,09:34:43,621,-32.12641,-64.72837,1141.0,lev20,Almucantar,ARM_Cordoba,59,59.855984,0.111721,0.068093,0.056569,0.052553,1.017004,61.379175,60.752743,1.072947,0.029383,0.111721,3,10,8,5,3,10,8,5,3,10,8,5,3,10,8,5,0.02819,0.05449,0.32224,0.32561,1,1,15:02:2021,09:34:43,621,-32.12641,-64.72837,1141.0,lev20,Almucantar,ARM_Cordoba,59,59.855984,,,,,,,,,61.379175,60.752743,1.072947,0.029383,0.111721,3,10,8,5,3,10,8,5,3,10,8,5,3,10,8,5,0.02819,0.05449,0.32224,0.32561,1,1,15:02:2021,09:34:43,621,-32.12641,-64.72837,1141.0,lev20,Almucantar,ARM_Cordoba,59,59.855984,,,,,61.379175,60.752743,1.072947,0.029383,0.111721,3,10,8,5,3,10,8,5,3,10,8,5,3,10,8,5,0.02819,0.05449,0.32224,0.32561,1,1,15:02:2021,09:34:43,621,-32.12641,-64.72837,1141.0,lev20,Almucantar,ARM_Cordoba,59,59.855984,,,,,,61.379175,60.752743,1.072947,0.029383,0.111721,3,10,8,5,3,10,8,5,3,10,8,5,3,10,8,5,0.02819,0.05449,0.32224,0.32561,1,1,15:02:2021,09:34:43,621,-32.12641,-64.72837,1141.0,lev20,Almucantar,0.9987024491347388,0.09945649551083202,0.5411843377304679,MA,Maritime,,Unknown
01:03:2019,20:02:22,ARM_Cordoba,60,60.834977,0.0831,0.051,0.0425,0.0389,0.0565,0.0227,0.0133,0.0092,0.0265,0.0282,0.0292,0.0296,1.002154,55.358136,54.743386,1.263351,0.020272,0.081885,4,10,8,4,4,10,8,4,4,10,8,4,4,10,8,4,0.02689,0.05194,0.30497,0.30981,1,1,29:09:2020,04:30:03,621,-32.12641,-64.72837,1141.0,lev20,Almucantar,ARM_Cordoba,60,60.834977,0.081885,0.050168,0.041976,0.038921,0.999508,55.358136,54.743386,1.263351,0.020272,0.081885,4,10,8,4,4,10,8,4,4,10,8,4,4,10,8,4,0.02689,0.05194,0.30497,0.30981,1,1,29:09:2020,04:30:03,621,-32.12641,-64.72837,1141.0,lev20,Almucantar,ARM_Cordoba,60,60.834977,,,,,,,,,55.358136,54.743386,1.263351,0.020272,0.081885,4,10,8,4,4,10,8,4,4,10,8,4,4,10,8,4,0.02689,0.05194,0.30497,0.30981,1,1,29:09:2020,04:30:03,621,-32.12641,-64.72837,1141.0,lev20,Almucantar,ARM_Cordoba,60,60.834977,,,,,55.358136,54.743386,1.263351,0.020272,0.081885,4,10,8,4,4,10,8,4,4,10,8,4,4,10,8,4,0.02689,0.05194,0.30497,0.30981,1,1,29:09:2020,04:30:03,621,-32.12641,-64.72837,1141.0,lev20,Almucantar,ARM_Cordoba,60,60.834977,,,,,,55.358136,54.743386,1.263351,0.020272,0.081885,4,10,8,4,4,10,8,4,4,10,8,4,4,10,8,4,0.02689,0.05194,0.30497,0.30981,1,1,29:09:2020,04:30:03,621,-32.12641,-64.72837,1141.0,lev20,Almucantar,0.9836034095369809,0.0732814393378177,0.5584177990696091,MA,Maritime,,Unknown
01:03:2019,20:31:27,ARM_Cordoba,60,60.855174,0.0854,0.0517,0.0424,0.039,0.0574,0.0221,0.0117,0.0077,0.0279,0.0296,0.0307,0.0313,1.044578,61.379551,60.754062,1.018398,0.04776,0.083831,3,10,8,5,3,10,8,5,3,10,8,5,3,10,8,5,0.02818,0.05448,0.32222,0.32562,1,1,15:02:2021,10:14:26,621,-32.12641,-64.72837,1141.0,lev20,Almucantar,ARM_Cordoba,60,60.855174,0.083831,0.050688,0.042261,0.03931,1.024741,61.379551,60.754062,1.018398,0.04776,0.083831,3,10,8,5,3,10,8,5,3,10,8,5,3,10,8,5,0.02818,0.05448,0.32222,0.32562,1,1,15:02:2021,10:14:26,621,-32.12641,-64.72837,1141.0,lev20,Almucantar,ARM_Cordoba,60,60.855174,,,,,,,,,61.379551,60.754062,1.018398,0.04776,0.083831,3,10,8,5,3,10,8,5,3,10,8,5,3,10,8,5,0.02818,0.05448,0.32222,0.32562,1,1,15:02:2021,10:14:26,621,-32.12641,-64.72837,1141.0,lev20,Almucantar,ARM_Cordoba,60,60.855174,,,,,61.379551,60.754062,1.018398,0.04776,0.083831,3,10,8,5,3,10,8,5,3,10,8,5,3,10,8,5,0.02818,0.05448,0.32222,0.32562,1,1,15:02:2021,10:14:26,621,-32.12641,-64.72837,1141.0,lev20,Almucantar,ARM_Cordoba,60,60.855174,,,,,,61.379551,60.754062,1.018398,0.04776,0.083831,3,10,8,5,3,10,8,5,3,10,8,5,3,10,8,5,0.02818,0.05448,0.32222,0.32562,1,1,15:02:2021,10:14:26,621,-32.12641,-64.72837,1141.0,lev20,Almucantar,1.0271068692342076,0.07489203677643311,0.5459471097174694,MA,Maritime,,Unknown
02:03:2019,20:01:06,ARM_Cordoba,61,61.834097,0.1485,0.0946,0.0801,0.0749,0.0915,0.0346,0.018,0.0115,0.057,0.06,0.0621,0.0634,0.922948,55.354204,54.741051,1.46223,0.023106,0.146475,4,10,8,4,4,10,8,4,4,10,8,4,4,10,8,4,0.02689,0.05194,0.30497,0.30981,1,1,15:02:2021,09:49:51,621,-32.12641,-64.72837,1141.0,lev20,Almucantar,ARM_Cordoba,61,61.834097,0.146475,0.093347,0.079287,0.074205,0.918204,55.354204,54.741051,1.46223,0.023106,0.146475,4,10,8,4,4,10,8,4,4,10,8,4,4,10,8,4,0.02689,0.05194,0.30497,0.30981,1,1,15:02:2021,09:49:51,621,-32.12641,-64.72837,1141.0,lev20,Almucantar,ARM_Cordoba,61,61.834097,,,,,,,,,55.354204,54.741051,1.46223,0.023106,0.146475,4,10,8,4,4,10,8,4,4,10,8,4,4,10,8,4,0.02689,0.05194,0.30497,0.30981,1,1,15:02:2021,09:49:51,621,-32.12641,-64.72837,1141.0,lev20,Almucantar,ARM_Cordoba,61,61.834097,,,,,55.354204,54.741051,1.46223,0.023106,0.146475,4,10,8,4,4,10,8,4,4,10,8,4,4,10,8,4,0.02689,0.05194,0.30497,0.30981,1,1,15:02:2021,09:49:51,621,-32.12641,-64.72837,1141.0,lev20,Almucantar,ARM_Cordoba,61,61.834097,,,,,,55.354204,54.741051,1.46223,0.023106,0.146475,4,10,8,4,4,10,8,4,4,10,8,4,4,10,8,4,0.02689,0.05194,0.30497,0.30981,1,1,15:02:2021,09:49:51,621,-32.12641,-64.72837,1141.0,lev20,Almucantar,0.9055190932767588,0.1322678984507069,0.48493940504171373,MA,Maritime,,Unknown
02:03:2019,20:30:19,ARM_Cordoba,61,61.854387,0.1397,0.0943,0.0821,0.078,0.0788,0.0302,0.0155,0.0102,0.0609,0.0642,0.0666,0.0678,0.795876,61.391068,60.766566,0.791732,0.009723,0.137301,3,10,8,5,3,10,8,5,3,10,8,5,3,10,8,5,0.02819,0.05449,0.32225,0.32566,1,1,15:02:2021,09:50:01,621,-32.12641,-64.72837,1141.0,lev20,Almucantar,ARM_Cordoba,61,61.854387,0.137301,0.092947,0.081377,0.077764,0.783992,61.391068,60.766566,0.791732,0.009723,0.137301,3,10,8,5,3,10,8,5,3,10,8,5,3,10,8,5,0.02819,0.05449,0.32225,0.32566,1,1,15:02:2021,09:50:01,621,-32.12641,-64.72837,1141.0,lev20,Almucantar,ARM_Cordoba,61,61.854387,,,,,,,,,61.391068,60.766566,0.791732,0.009723,0.137301,3,10,8,5,3,10,8,5,3,10,8,5,3,10,8,5,0.02819,0.05449,0.32225,0.32566,1,1,15:02:2021,09:50:01,621,-32.12641,-64.72837,1141.0,lev20,Almucantar,ARM_Cordoba,61,61.854387,,,,,61.391068,60.766566,0.791732,0.009723,0.137301,3,10,8,5,3,10,8,5,3,10,8,5,3,10,8,5,0.02819,0.05449,0.32225,0.32566,1,1,15:02:2021,09:50:01,621,-32.12641,-64.72837,1141.0,lev20,Almucantar,ARM_Cordoba,61,61.854387,,,,,,61.391068,60.766566,0.791732,0.009723,0.137301,3,10,8,5,3,10,8,5,3,10,8,5,3,10,8,5,0.02819,0.05449,0.32225,0.32566,1,1,15:02:2021,09:50:01,621,-32.12641,-64.72837,1141.0,lev20,Almucantar,0.779734247649353,0.12644674210680742,0.431843596989452,MA,Maritime,,Unknown
07:03:2019,12:40:54,ARM_Cordoba,66,66.528403,0.0573,0.0314,0.023,0.0199,0.046,0.0193,0.0104,0.007,0.0113,0.0121,0.0126,0.0128,1.349097,59.042393,59.65706,2.186428,0.14156,0.055388,4,10,7,5,3,11,7,5,3,11,7,5,3,10,8,5,0.02768,0.05382,0.31509,0.32348,1,1,29:09:2020,04:37:09,621,-32.12641,-64.72837,1141.0,lev20,Almucantar,ARM_Cordoba,66,66.528403,0.055388,0.03076,0.024633,0.02102,1.210522,59.042393,59.65706,2.186428,0.14156,0.055388,4,10,7,5,3,11,7,5,3,11,7,5,3,10,8,5,0.02768,0.05382,0.31509,0.32348,1,1,29:09:2020,04:37:09,621,-32.12641,-64.72837,1141.0,lev20,Almucantar,ARM_Cordoba,66,66.528403,,,,,,,,,59.042393,59.65706,2.186428,0.14156,0.055388,4,10,7,5,3,11,7,5,3,11,7,5,3,10,8,5,0.02768,0.05382,0.31509,0.32348,1,1,29:09:2020,04:37:09,621,-32.12641,-64.72837,1141.0,lev20,Almucantar,ARM_Cordoba,66,66.528403,,,,,59.042393,59.65706,2.186428,0.14156,0.055388,4,10,7,5,3,11,7,5,3,11,7,5,3,10,8,5,0.02768,0.05382,0.31509,0.32348,1,1,29:09:2020,04:37:09,621,-32.12641,-64.72837,1141.0,lev20,Almucantar,ARM_Cordoba,66,66.528403,,,,,,59.042393,59.65706,2.186428,0.14156,0.055388,4,10,7,5,3,11,7,5,3,11,7,5,3,10,8,5,0.02768,0.05382,0.31509,0.32348,1,1,29:09:2020,04:37:09,621,-32.12641,-64.72837,1141.0,lev20,Almucantar,1.3389785200625777,0.04828565338269507,0.7142389931272761,BCH,Maritime,,Unknown
13:03:2019,11:31:11,ARM_Cordoba,72,72.479988,0.0563,0.0294,0.0194,0.0157,0.0495,0.0218,0.0113,0.0075,0.0068,0.0076,0.0081,0.0082,1.562103,74.490198,75.118977,3.051051,0.116594,0.05589,4,10,7,6,4,10,7,6,4,10,7,6,4,10,7,6,0.03245,0.06374,0.3853,0.39173,1,1,15:02:2021,11:48:48,621,-32.12641,-64.72837,1141.0,lev20,Almucantar,ARM_Cordoba,72,72.479988,0.05589,0.027773,0.019794,0.017234,1.537814,74.490198,75.118977,3.051051,0.116594,0.05589,4,10,7,6,4,10,7,6,4,10,7,6,4,10,7,6,0.03245,0.06374,0.3853,0.39173,1,1,15:02:2021,11:48:48,621,-32.12641,-64.72837,1141.0,lev20,Almucantar,ARM_Cordoba,72,72.479988,,,,,,,,,74.490198,75.118977,3.051051,0.116594,0.05589,4,10,7,6,4,10,7,6,4,10,7,6,4,10,7,6,0.03245,0.06374,0.3853,0.39173,1,1,15:02:2021,11:48:48,621,-32.12641,-64.72837,1141.0,lev20,Almucantar,ARM_Cordoba,72,72.479988,,,,,74.490198,75.118977,3.051051,0.116594,0.05589,4,10,7,6,4,10,7,6,4,10,7,6,4,10,7,6,0.03245,0.06374,0.3853,0.39173,1,1,15:02:2021,11:48:48,621,-32.12641,-64.72837,1141.0,lev20,Almucantar,ARM_Cordoba,72,72.479988,,,,,,74.490198,75.118977,3.051051,0.116594,0.05589,4,10,7,6,4,10,7,6,4,10,7,6,4,10,7,6,0.03245,0.06374,0.3853,0.39173,1,1,15:02:2021,11:48:48,621,-32.12641,-64.72837,1141.0,lev20,Almucantar,1.5628466778166497,0.046104500739782596,0.8189561815283664,BCH,Maritime,,Unknown
13:03:2019,11:54:50,ARM_Cordoba,72,72.496412,0.0524,0.0276,0.0177,0.0141,0.046,0.0204,0.0101,0.0064,0.0064,0.0072,0.0077,0.0078,1.586334,69.549509,70.174106,2.820639,0.153711,0.051615,4,10,7,6,4,10,7,6,4,10,7,6,4,10,7,6,0.03047,0.05962,0.35648,0.36356,1,1,29:09:2020,04:10:17,621,-32.12641,-64.72837,1141.0,lev20,Almucantar,ARM_Cordoba,72,72.496412,0.051615,0.025534,0.018467,0.016067,1.525468,69.549509,70.174106,2.820639,0.153711,0.051615,4,10,7,6,4,10,7,6,4,10,7,6,4,10,7,6,0.03047,0.05962,0.35648,0.36356,1,1,29:09:2020,04:10:17,621,-32.12641,-64.72837,1141.0,lev20,Almucantar,ARM_Cordoba,72,72.496412,,,,,,,,,69.549509,70.174106,2.820639,0.153711,0.051615,4,10,7,6,4,10,7,6,4,10,7,6,4,10,7,6,0.03047,0.05962,0.35648,0.36356,1,1,29:09:2020,04:10:17,621,-32.12641,-64.72837,1141.0,lev20,Almucantar,ARM_Cordoba,72,72.496412,,,,,69.549509,70.174106,2.820639,0.153711,0.051615,4,10,7,6,4,10,7,6,4,10,7,6,4,10,7,6,0.03047,0.05962,0.35648,0.36356,1,1,29:09:2020,04:10:17,621,-32.12641,-64.72837,1141.0,lev20,Almucantar,ARM_Cordoba,72,72.496412,,,,,,69.549509,70.174106,2.820639,0.153711,0.051615,4,10,7,6,4,10,7,6,4,10,7,6,4,10,7,6,0.03047,0.05962,0.35648,0.36356,1,1,29:09:2020,04:10:17,621,-32.12641,-64.72837,1141.0,lev20,Almucantar,1.5920676584954352,0.04275077034000584,0.8201437779410158,BCH,Maritime,,Unknown
14:03:2019,11:31:48,ARM_Cordoba,73,73.480417,0.0579,0.032,0.0238,0.0208,0.046,0.0192,0.0101,0.0067,0.0119,0.0129,0.0137,0.014,1.315675,74.515529,75.143726,1.79474,0.047991,0.058175,4,10,7,6,4,10,7,6,4,10,7,6,4,6,7,6,0.03205,0.06335,0.37162,0.38182,1,1,15:02:2021,11:51:03,621,-32.12641,-64.72837,1141.0,lev20,Almucantar,ARM_Cordoba,73,73.480417,0.058175,0.031098,0.023372,0.021135,1.353893,74.515529,75.143726,1.79474,0.047991,0.058175,4,10,7,6,4,10,7,6,4,10,7,6,4,6,7,6,0.03205,0.06335,0.37162,0.38182,1,1,15:02:2021,11:51:03,621,-32.12641,-64.72837,1141.0,lev20,Almucantar,ARM_Cordoba,73,73.480417,,,,,,,,,74.515529,75.143726,1.79474,0.047991,0.058175,4,10,7,6,4,10,7,6,4,10,7,6,4,6,7,6,0.03205,0.06335,0.37162,0.38182,1,1,15:02:2021,11:51:03,621,-32.12641,-64.72837,1141.0,lev20,Almucantar,ARM_Cordoba,73,73.480417,,,,,74.515529,75.143726,1.79474,0.047991,0.058175,4,10,7,6,4,10,7,6,4,10,7,6,4,6,7,6,0.03205,0.06335,0.37162,0.38182,1,1,15:02:2021,11:51:03,621,-32.12641,-64.72837,1141.0,lev20,Almucantar,ARM_Cordoba,73,73.480417,,,,,,74.515529,75.143726,1.79474,0.047991,0.058175,4,10,7,6,4,10,7,6,4,10,7,6,4,6,7,6,0.03205,0.06335,0.37162,0.38182,1,1,15:02:2021,11:51:03,621,-32.12641,-64.72837,1141.0,lev20,Almucantar,1.304104001588549,0.04900926555805636,0.7030253901942141,BCH,Maritime,,Unknown
16:03:2019,12:48:25,ARM_Cordoba,75,75.533623,0.0383,0.0216,0.0158,0.0129,0.0341,0.0171,0.0109,0.0079,0.0041,0.0046,0.0049,0.005,1.306084,59.108498,59.707181,1.109698,0.08286,0.037957,4,10,7,5,3,11,7,5,3,11,7,5,3,10,8,5,0.02755,0.0539,0.30507,0.31633,1,1,15:02:2021,11:35:23,621,-32.12641,-64.72837,1141.0,lev20,Almucantar,ARM_Cordoba,75,75.533623,0.037957,0.02077,0.015638,0.014771,1.31504,59.108498,59.707181,1.109698,0.08286,0.037957,4,10,7,5,3,11,7,5,3,11,7,5,3,10,8,5,0.02755,0.0539,0.30507,0.31633,1,1,15:02:2021,11:35:23,621,-32.12641,-64.72837,1141.0,lev20,Almucantar,ARM_Cordoba,75,75.533623,,,,,,,,,59.108498,59.707181,1.109698,0.08286,0.037957,4,10,7,5,3,11,7,5,3,11,7,5,3,10,8,5,0.02755,0.0539,0.30507,0.31633,1,1,15:02:2021,11:35:23,621,-32.12641,-64.72837,1141.0,lev20,Almucantar,ARM_Cordoba,75,75.533623,,,,,59.108498,59.707181,1.109698,0.08286,0.037957,4,10,7,5,3,11,7,5,3,11,7,5,3,10,8,5,0.02755,0.0539,0.30507,0.31633,1,1,15:02:2021,11:35:23,621,-32.12641,-64.72837,1141.0,lev20,Almucantar,ARM_Cordoba,75,75.533623,,,,,,59.108498,59.707181,1.109698,0.08286,0.037957,4,10,7,5,3,11,7,5,3,11,7,5,3,10,8,5,0.02755,0.0539,0.30507,0.31633,1,1,15:02:2021,11:35:23,621,-32.12641,-64.72837,1141.0,lev20,Almucantar,1.298835187806522,0.03244075215757708,0.8467511111685782,BCH,Maritime,,Unknown
16:03:2019,13:18:56,ARM_Cordoba,75,75.554815,0.0396,0.023,0.0169,0.0143,0.0351,0.0181,0.0117,0.0089,0.0045,0.0049,0.0052,0.0053,1.25425,53.142281,53.717453,1.025259,0.096953,0.039316,3,10,8,4,3,10,8,4,4,10,8,4,4,10,8,4,0.02659,0.05187,0.29012,0.30171,1,1,15:02:2021,11:35:24,621,-32.12641,-64.72837,1141.0,lev20,Almucantar,ARM_Cordoba,75,75.554815,0.039316,0.021509,0.016892,0.015999,1.259727,53.142281,53.717453,1.025259,0.096953,0.039316,3,10,8,4,3,10,8,4,4,10,8,4,4,10,8,4,0.02659,0.05187,0.29012,0.30171,1,1,15:02:2021,11:35:24,621,-32.12641,-64.72837,1141.0,lev20,Almucantar,ARM_Cordoba,75,75.554815,,,,,,,,,53.142281,53.717453,1.025259,0.096953,0.039316,3,10,8,4,3,10,8,4,4,10,8,4,4,10,8,4,0.02659,0.05187,0.29012,0.30171,1,1,15:02:2021,11:35:24,621,-32.12641,-64.72837,1141.0,lev20,Almucantar,ARM_Cordoba,75,75.554815,,,,,53.142281,53.717453,1.025259,0.096953,0.039316,3,10,8,4,3,10,8,4,4,10,8,4,4,10,8,4,0.02659,0.05187,0.29012,0.30171,1,1,15:02:2021,11:35:24,621,-32.12641,-64.72837,1141.0,lev20,Almucantar,ARM_Cordoba,75,75.554815,,,,,,53.142281,53.717453,1.025259,0.096953,0.039316,3,10,8,4,3,10,8,4,4,10,8,4,4,10,8,4,0.02659,0.05187,0.29012,0.30171,1,1,15:02:2021,11:35:24,621,-32.12641,-64.72837,1141.0,lev20,Almucantar,1.2490720369138286,0.033755927398594836,0.841069632584241,BCH,Maritime,,Unknown
16:03:2019,13:29:58,ARM_Cordoba,75,75.562477,0.0406,0.0238,0.0174,0.0149,0.0358,0.0186,0.0119,0.0093,0.0047,0.0052,0.0055,0.0056,1.246465,51.052156,51.616358,1.251712,0.126236,0.040531,3,10,8,4,3,10,8,4,3,10,8,4,3,10,8,4,0.02631,0.05129,0.28574,0.29746,1,1,29:09:2020,04:14:10,621,-32.12641,-64.72837,1141.0,lev20,Almucantar,ARM_Cordoba,75,75.562477,0.040531,0.022395,0.017867,0.017334,1.223444,51.052156,51.616358,1.251712,0.126236,0.040531,3,10,8,4,3,10,8,4,3,10,8,4,3,10,8,4,0.02631,0.05129,0.28574,0.29746,1,1,29:09:2020,04:14:10,621,-32.12641,-64.72837,1141.0,lev20,Almucantar,ARM_Cordoba,75,75.562477,,,,,,,,,51.052156,51.616358,1.251712,0.126236,0.040531,3,10,8,4,3,10,8,4,3,10,8,4,3,10,8,4,0.02631,0.05129,0.28574,0.29746,1,1,29:09:2020,04:14:10,621,-32.12641,-64.72837,1141.0,lev20,Almucantar,ARM_Cordoba,75,75.562477,,,,,51.052156,51.616358,1.251712,0.126236,0.040531,3,10,8,4,3,10,8,4,3,10,8,4,3,10,8,4,0.02631,0.05129,0.28574,0.29746,1,1,29:09:2020,04:14:10,621,-32.12641,-64.72837,1141.0,lev20,Almucantar,ARM_Cordoba,75,75.562477,,,,,,51.052156,51.616358,1.251712,0.126236,0.040531,3,10,8,4,3,10,8,4,3,10,8,4,3,10,8,4,0.02631,0.05129,0.28574,0.29746,1,1,29:09:2020,04:14:10,621,-32.12641,-64.72837,1141.0,lev20,Almucantar,1.2428852662179528,0.03463573153884286,0.8337556434964088,BCH,Maritime,,Unknown
18:03:2019,11:34:44,ARM_Cordoba,77,77.482454,0.0332,0.0209,0.017,0.0155,0.0233,0.0102,0.0058,0.0041,0.0099,0.0107,0.0112,0.0114,0.99447,74.521932,75.147283,1.367465,0.051939,0.032656,4,10,7,6,4,10,7,6,4,10,7,6,4,10,7,5,0.03205,0.06336,0.37168,0.38184,1,1,29:09:2020,04:16:44,621,-32.12641,-64.72837,1141.0,lev20,Almucantar,ARM_Cordoba,77,77.482454,0.032656,0.019936,0.016577,0.01613,1.013286,74.521932,75.147283,1.367465,0.051939,0.032656,4,10,7,6,4,10,7,6,4,10,7,6,4,10,7,5,0.03205,0.06336,0.37168,0.38184,1,1,29:09:2020,04:16:44,621,-32.12641,-64.72837,1141.0,lev20,Almucantar,ARM_Cordoba,77,77.482454,,,,,,,,,74.521932,75.147283,1.367465,0.051939,0.032656,4,10,7,6,4,10,7,6,4,10,7,6,4,10,7,5,0.03205,0.06336,0.37168,0.38184,1,1,29:09:2020,04:16:44,621,-32.12641,-64.72837,1141.0,lev20,Almucantar,ARM_Cordoba,77,77.482454,,,,,74.521932,75.147283,1.367465,0.051939,0.032656,4,10,7,6,4,10,7,6,4,10,7,6,4,10,7,5,0.03205,0.06336,0.37168,0.38184,1,1,29:09:2020,04:16:44,621,-32.12641,-64.72837,1141.0,lev20,Almucantar,ARM_Cordoba,77,77.482454,,,,,,74.521932,75.147283,1.367465,0.051939,0.032656,4,10,7,6,4,10,7,6,4,10,7,6,4,10,7,5,0.03205,0.06336,0.37168,0.38184,1,1,29:09:2020,04:16:44,621,-32.12641,-64.72837,1141.0,lev20,Almucantar,0.9818371466414249,0.029283913067916865,0.5924077571441805,MA,Maritime,,Unknown
18:03:2019,11:58:36,ARM_Cordoba,77,77.499028,0.0334,0.021,0.017,0.0155,0.0237,0.0105,0.006,0.0042,0.0098,0.0105,0.011,0.0113,1.002693,69.571037,70.190426,1.283236,0.046745,0.033362,4,10,7,6,4,10,7,6,4,10,7,6,4,10,7,6,0.03018,0.05942,0.34415,0.35471,1,1,29:09:2020,04:16:40,621,-32.12641,-64.72837,1141.0,lev20,Almucantar,ARM_Cordoba,77,77.499028,0.033362,0.020073,0.016803,0.016468,1.027174,69.571037,70.190426,1.283236,0.046745,0.033362,4,10,7,6,4,10,7,6,4,10,7,6,4,10,7,6,0.03018,0.05942,0.34415,0.35471,1,1,29:09:2020,04:16:40,621,-32.12641,-64.72837,1141.0,lev20,Almucantar,ARM_Cordoba,77,77.499028,,,,,,,,,69.571037,70.190426,1.283236,0.046745,0.033362,4,10,7,6,4,10,7,6,4,10,7,6,4,10,7,6,0.03018,0.05942,0.34415,0.35471,1,1,29:09:2020,04:16:40,621,-32.12641,-64.72837,1141.0,lev20,Almucantar,ARM_Cordoba,77,77.499028,,,,,69.571037,70.190426,1.283236,0.046745,0.033362,4,10,7,6,4,10,7,6,4,10,7,6,4,10,7,6,0.03018,0.05942,0.34415,0.35471,1,1,29:09:2020,04:16:40,621,-32.12641,-64.72837,1141.0,lev20,Almucantar,ARM_Cordoba,77,77.499028,,,,,,69.571037,70.190426,1.283236,0.046745,0.033362,4,10,7,6,4,10,7,6,4,10,7,6,4,10,7,6,0.03018,0.05942,0.34415,0.35471,1,1,29:09:2020,04:16:40,621,-32.12641,-64.72837,1141.0,lev20,Almucantar,0.990647270167025,0.029427161825693264,0.6043571879068286,Unclassified,Maritime,,Unknown
18:03:2019,12:50:13,ARM_Cordoba,77,77.534873,0.0348,0.0218,0.0174,0.0156,0.0249,0.0112,0.0064,0.0044,0.0098,0.0106,0.011,0.0112,1.027076,59.115624,59.709992,1.376795,0.05431,0.034926,4,10,7,5,3,11,7,4,3,11,7,5,3,10,7,3,0.02756,0.05391,0.3051,0.31634,1,1,15:02:2021,12:47:31,621,-32.12641,-64.72837,1141.0,lev20,Almucantar,ARM_Cordoba,77,77.534873,0.034926,0.020745,0.017616,0.016238,1.028341,59.115624,59.709992,1.376795,0.05431,0.034926,4,10,7,5,3,11,7,4,3,11,7,5,3,10,7,3,0.02756,0.05391,0.3051,0.31634,1,1,15:02:2021,12:47:31,621,-32.12641,-64.72837,1141.0,lev20,Almucantar,ARM_Cordoba,77,77.534873,,,,,,,,,59.115624,59.709992,1.376795,0.05431,0.034926,4,10,7,5,3,11,7,4,3,11,7,5,3,10,7,3,0.02756,0.05391,0.3051,0.31634,1,1,15:02:2021,12:47:31,621,-32.12641,-64.72837,1141.0,lev20,Almucantar,ARM_Cordoba,77,77.534873,,,,,59.115624,59.709992,1.376795,0.05431,0.034926,4,10,7,5,3,11,7,4,3,11,7,5,3,10,7,3,0.02756,0.05391,0.3051,0.31634,1,1,15:02:2021,12:47:31,621,-32.12641,-64.72837,1141.0,lev20,Almucantar,ARM_Cordoba,77,77.534873,,,,,,59.115624,59.709992,1.376795,0.05431,0.034926,4,10,7,5,3,11,7,4,3,11,7,5,3,10,7,3,0.02756,0.05391,0.3051,0.31634,1,1,15:02:2021,12:47:31,621,-32.12641,-64.72837,1141.0,lev20,Almucantar,1.0167645385588204,0.030558440975114023,0.6160249673518701,Unclassified,Maritime,,Unknown
18:03:2019,13:20:58,ARM_Cordoba,77,77.556227,0.0366,0.0222,0.0172,0.0153,0.0273,0.0123,0.0069,0.0048,0.0093,0.0099,0.0104,0.0105,1.116635,53.157564,53.726633,1.537575,0.115249,0.036616,3,10,8,4,3,10,8,4,4,10,8,4,4,10,8,4,0.02659,0.05188,0.29016,0.30173,1,1,29:09:2020,04:16:24,621,-32.12641,-64.72837,1141.0,lev20,Almucantar,ARM_Cordoba,77,77.556227,0.036616,0.020933,0.01801,0.017143,1.07064,53.157564,53.726633,1.537575,0.115249,0.036616,3,10,8,4,3,10,8,4,4,10,8,4,4,10,8,4,0.02659,0.05188,0.29016,0.30173,1,1,29:09:2020,04:16:24,621,-32.12641,-64.72837,1141.0,lev20,Almucantar,ARM_Cordoba,77,77.556227,,,,,,,,,53.157564,53.726633,1.537575,0.115249,0.036616,3,10,8,4,3,10,8,4,4,10,8,4,4,10,8,4,0.02659,0.05188,0.29016,0.30173,1,1,29:09:2020,04:16:24,621,-32.12641,-64.72837,1141.0,lev20,Almucantar,ARM_Cordoba,77,77.556227,,,,,53.157564,53.726633,1.537575,0.115249,0.036616,3,10,8,4,3,10,8,4,4,10,8,4,4,10,8,4,0.02659,0.05188,0.29016,0.30173,1,1,29:09:2020,04:16:24,621,-32.12641,-64.72837,1141.0,lev20,Almucantar,ARM_Cordoba,77,77.556227,,,,,,53.157564,53.726633,1.537575,0.115249,0.036616,3,10,8,4,3,10,8,4,4,10,8,4,4,10,8,4,0.02659,0.05188,0.29016,0.30173,1,1,29:09:2020,04:16:24,621,-32.12641,-64.72837,1141.0,lev20,Almucantar,1.1076989600479858,0.03176761414495728,0.6520900743112177,Unclassified,Maritime,,Unknown
18:03:2019,13:30:20,ARM_Cordoba,77,77.562731,0.0373,0.0228,0.0177,0.0157,0.0278,0.0127,0.0072,0.005,0.0095,0.0101,0.0105,0.0107,1.101966,51.400736,51.960009,1.419289,0.132184,0.037353,3,10,8,4,3,10,8,4,3,10,8,4,3,10,8,4,0.02635,0.05138,0.28645,0.29813,1,1,29:09:2020,04:16:14,621,-32.12641,-64.72837,1141.0,lev20,Almucantar,ARM_Cordoba,77,77.562731,0.037353,0.021289,0.01836,0.017851,1.07229,51.400736,51.960009,1.419289,0.132184,0.037353,3,10,8,4,3,10,8,4,3,10,8,4,3,10,8,4,0.02635,0.05138,0.28645,0.29813,1,1,29:09:2020,04:16:14,621,-32.12641,-64.72837,1141.0,lev20,Almucantar,ARM_Cordoba,77,77.562731,,,,,,,,,51.400736,51.960009,1.419289,0.132184,0.037353,3,10,8,4,3,10,8,4,3,10,8,4,3,10,8,4,0.02635,0.05138,0.28645,0.29813,1,1,29:09:2020,04:16:14,621,-32.12641,-64.72837,1141.0,lev20,Almucantar,ARM_Cordoba,77,77.562731,,,,,51.400736,51.960009,1.419289,0.132184,0.037353,3,10,8,4,3,10,8,4,3,10,8,4,3,10,8,4,0.02635,0.05138,0.28645,0.29813,1,1,29:09:2020,04:16:14,621,-32.12641,-64.72837,1141.0,lev20,Almucantar,ARM_Cordoba,77,77.562731,,,,,,51.400736,51.960009,1.419289,0.132184,0.037353,3,10,8,4,3,10,8,4,3,10,8,4,3,10,8,4,0.02635,0.05138,0.28645,0.29813,1,1,29:09:2020,04:16:14,621,-32.12641,-64.72837,1141.0,lev20,Almucantar,1.0934552953457113,0.03243419442143466,0.6538483075724312,Unclassified,Maritime,,Unknown
22:03:2019,20:54:41,ARM_Cordoba,81,81.871308,0.0724,0.042,0.033,0.0298,0.054,0.022,0.0121,0.0085,0.0184,0.02,0.0209,0.0213,1.167662,71.873637,71.255859,1.949253,0.048522,0.07179,4,10,7,6,4,9,7,6,4,9,7,6,4,10,5,6,0.03059,0.05984,0.33797,0.34475,1,1,15:02:2021,12:48:46,621,-32.12641,-64.72837,1141.0,lev20,Almucantar,ARM_Cordoba,81,81.871308,0.07179,0.041028,0.03224,0.030179,1.190828,71.873637,71.255859,1.949253,0.048522,0.07179,4,10,7,6,4,9,7,6,4,9,7,6,4,10,5,6,0.03059,0.05984,0.33797,0.34475,1,1,15:02:2021,12:48:46,621,-32.12641,-64.72837,1141.0,lev20,Almucantar,ARM_Cordoba,81,81.871308,,,,,,,,,71.873637,71.255859,1.949253,0.048522,0.07179,4,10,7,6,4,9,7,6,4,9,7,6,4,10,5,6,0.03059,0.05984,0.33797,0.34475,1,1,15:02:2021,12:48:46,621,-32.12641,-64.72837,1141.0,lev20,Almucantar,ARM_Cordoba,81,81.871308,,,,,71.873637,71.255859,1.949253,0.048522,0.07179,4,10,7,6,4,9,7,6,4,9,7,6,4,10,5,6,0.03059,0.05984,0.33797,0.34475,1,1,15:02:2021,12:48:46,621,-32.12641,-64.72837,1141.0,lev20,Almucantar,ARM_Cordoba,81,81.871308,,,,,,71.873637,71.255859,1.949253,0.048522,0.07179,4,10,7,6,4,9,7,6,4,9,7,6,4,10,5,6,0.03059,0.05984,0.33797,0.34475,1,1,15:02:2021,12:48:46,621,-32.12641,-64.72837,1141.0,lev20,Almucantar,1.1525266741580078,0.06248177591599338,0.6325658491995393,Unclassified,Maritime,,Unknown
23:03:2019,12:54:41,ARM_Cordoba,82,82.537975,0.0256,0.0177,0.015,0.0139,0.0162,0.0077,0.0045,0.0032,0.0093,0.01,0.0105,0.0107,0.794061,59.174267,59.756806,2.092685,0.061856,0.026145,4,10,7,5,3,11,7,5,3,9,7,5,3,8,8,5,0.02729,0.05348,0.29364,0.30588,1,1,29:09:2020,04:26:37,621,-32.12641,-64.72837,1141.0,lev20,Almucantar,ARM_Cordoba,82,82.537975,0.026145,0.017584,0.015599,0.014346,0.776765,59.174267,59.756806,2.092685,0.061856,0.026145,4,10,7,5,3,11,7,5,3,9,7,5,3,8,8,5,0.02729,0.05348,0.29364,0.30588,1,1,29:09:2020,04:26:37,621,-32.12641,-64.72837,1141.0,lev20,Almucantar,ARM_Cordoba,82,82.537975,,,,,,,,,59.174267,59.756806,2.092685,0.061856,0.026145,4,10,7,5,3,11,7,5,3,9,7,5,3,8,8,5,0.02729,0.05348,0.29364,0.30588,1,1,29:09:2020,04:26:37,621,-32.12641,-64.72837,1141.0,lev20,Almucantar,ARM_Cordoba,82,82.537975,,,,,59.174267,59.756806,2.092685,0.061856,0.026145,4,10,7,5,3,11,7,5,3,9,7,5,3,8,8,5,0.02729,0.05348,0.29364,0.30588,1,1,29:09:2020,04:26:37,621,-32.12641,-64.72837,1141.0,lev20,Almucantar,ARM_Cordoba,82,82.537975,,,,,,59.174267,59.756806,2.092685,0.061856,0.026145,4,10,7,5,3,11,7,5,3,9,7,5,3,8,8,5,0.02729,0.05348,0.29364,0.30588,1,1,29:09:2020,04:26:37,621,-32.12641,-64.72837,1141.0,lev20,Almucantar,0.7841098083031427,0.02315838576607558,0.5314299156134863,MA,Maritime,,Unknown
23:03:2019,13:26:12,ARM_Cordoba,82,82.559861,0.0267,0.0177,0.0146,0.0134,0.0179,0.0082,0.0047,0.0033,0.0088,0.0095,0.0099,0.0101,0.895359,53.218323,53.770706,2.657101,0.196946,0.027336,3,10,8,4,4,10,8,4,4,10,8,3,4,10,8,3,0.02643,0.05173,0.28017,0.29282,1,1,29:09:2020,04:26:01,621,-32.12641,-64.72837,1141.0,lev20,Almucantar,ARM_Cordoba,82,82.559861,0.027336,0.018303,0.016781,0.016331,0.740239,53.218323,53.770706,2.657101,0.196946,0.027336,3,10,8,4,4,10,8,4,4,10,8,3,4,10,8,3,0.02643,0.05173,0.28017,0.29282,1,1,29:09:2020,04:26:01,621,-32.12641,-64.72837,1141.0,lev20,Almucantar,ARM_Cordoba,82,82.559861,,,,,,,,,53.218323,53.770706,2.657101,0.196946,0.027336,3,10,8,4,4,10,8,4,4,10,8,3,4,10,8,3,0.02643,0.05173,0.28017,0.29282,1,1,29:09:2020,04:26:01,621,-32.12641,-64.72837,1141.0,lev20,Almucantar,ARM_Cordoba,82,82.559861,,,,,53.218323,53.770706,2.657101,0.196946,0.027336,3,10,8,4,4,10,8,4,4,10,8,3,4,10,8,3,0.02643,0.05173,0.28017,0.29282,1,1,29:09:2020,04:26:01,621,-32.12641,-64.72837,1141.0,lev20,Almucantar,ARM_Cordoba,82,82.559861,,,,,,53.218323,53.770706,2.657101,0.196946,0.027336,3,10,8,4,4,10,8,4,4,10,8,3,4,10,8,3,0.02643,0.05173,0.28017,0.29282,1,1,29:09:2020,04:26:01,621,-32.12641,-64.72837,1141.0,lev20,Almucantar,0.8854711295167416,0.023842526300067852,0.5650391606391509,MA,Maritime,,Unknown
23:03:2019,19:27:50,ARM_Cordoba,82,82.810995,0.0515,0.0337,0.0285,0.0265,0.0338,0.0147,0.0086,0.0063,0.0177,0.019,0.0199,0.0203,0.882679,54.951227,54.391626,0.882622,0.074038,0.05122,4,10,8,4,4,10,8,4,4,10,8,4,4,10,8,4,0.02673,0.05222,0.28311,0.29401,1,1,15:02:2021,13:19:57,621,-32.12641,-64.72837,1141.0,lev20,Almucantar,ARM_Cordoba,82,82.810995,0.05122,0.032592,0.027976,0.02737,0.906715,54.951227,54.391626,0.882622,0.074038,0.05122,4,10,8,4,4,10,8,4,4,10,8,4,4,10,8,4,0.02673,0.05222,0.28311,0.29401,1,1,15:02:2021,13:19:57,621,-32.12641,-64.72837,1141.0,lev20,Almucantar,ARM_Cordoba,82,82.810995,,,,,,,,,54.951227,54.391626,0.882622,0.074038,0.05122,4,10,8,4,4,10,8,4,4,10,8,4,4,10,8,4,0.02673,0.05222,0.28311,0.29401,1,1,15:02:2021,13:19:57,621,-32.12641,-64.72837,1141.0,lev20,Almucantar,ARM_Cordoba,82,82.810995,,,,,54.951227,54.391626,0.882622,0.074038,0.05122,4,10,8,4,4,10,8,4,4,10,8,4,4,10,8,4,0.02673,0.05222,0.28311,0.29401,1,1,15:02:2021,13:19:57,621,-32.12641,-64.72837,1141.0,lev20,Almucantar,ARM_Cordoba,82,82.810995,,,,,,54.951227,54.391626,0.882622,0.074038,0.05122,4,10,8,4,4,10,8,4,4,10,8,4,4,10,8,4,0.02673,0.05222,0.28311,0.29401,1,1,15:02:2021,13:19:57,621,-32.12641,-64.72837,1141.0,lev20,Almucantar,0.8679208993781893,0.046091684443564644,0.5393629337556329,MA,Maritime,,Unknown
23:03:2019,19:42:56,ARM_Cordoba,82,82.821481,0.0516,0.0334,0.0285,0.0264,0.0339,0.0144,0.0086,0.0061,0.0177,0.019,0.0199,0.0203,0.887849,57.813388,57.239045,1.042454,0.086916,0.051312,4,10,7,5,4,10,7,5,4,10,7,5,4,10,7,5,0.02716,0.05308,0.28955,0.29994,1,1,15:02:2021,13:20:10,621,-32.12641,-64.72837,1141.0,lev20,Almucantar,ARM_Cordoba,82,82.821481,0.051312,0.032553,0.028023,0.027622,0.907547,57.813388,57.239045,1.042454,0.086916,0.051312,4,10,7,5,4,10,7,5,4,10,7,5,4,10,7,5,0.02716,0.05308,0.28955,0.29994,1,1,15:02:2021,13:20:10,621,-32.12641,-64.72837,1141.0,lev20,Almucantar,ARM_Cordoba,82,82.821481,,,,,,,,,57.813388,57.239045,1.042454,0.086916,0.051312,4,10,7,5,4,10,7,5,4,10,7,5,4,10,7,5,0.02716,0.05308,0.28955,0.29994,1,1,15:02:2021,13:20:10,621,-32.12641,-64.72837,1141.0,lev20,Almucantar,ARM_Cordoba,82,82.821481,,,,,57.813388,57.239045,1.042454,0.086916,0.051312,4,10,7,5,4,10,7,5,4,10,7,5,4,10,7,5,0.02716,0.05308,0.28955,0.29994,1,1,15:02:2021,13:20:10,621,-32.12641,-64.72837,1141.0,lev20,Almucantar,ARM_Cordoba,82,82.821481,,,,,,57.813388,57.239045,1.042454,0.086916,0.051312,4,10,7,5,4,10,7,5,4,10,7,5,4,10,7,5,0.02716,0.05308,0.28955,0.29994,1,1,15:02:2021,13:20:10,621,-32.12641,-64.72837,1141.0,lev20,Almucantar,0.8707664505276157,0.046164387214209714,0.5390452800948856,MA,Maritime,,Unknown
23:03:2019,20:00:56,ARM_Cordoba,82,82.833981,0.0537,0.0345,0.0291,0.0272,0.0353,0.0148,0.0083,0.0059,0.0184,0.0197,0.0208,0.0213,0.914799,61.311693,60.722848,1.054689,0.046195,0.053463,3,10,8,5,3,10,8,5,3,10,8,5,3,10,8,5,0.02779,0.05432,0.29865,0.30836,1,1,15:02:2021,13:21:03,621,-32.12641,-64.72837,1141.0,lev20,Almucantar,ARM_Cordoba,82,82.833981,0.053463,0.033798,0.028593,0.027446,0.936034,61.311693,60.722848,1.054689,0.046195,0.053463,3,10,8,5,3,10,8,5,3,10,8,5,3,10,8,5,0.02779,0.05432,0.29865,0.30836,1,1,15:02:2021,13:21:03,621,-32.12641,-64.72837,1141.0,lev20,Almucantar,ARM_Cordoba,82,82.833981,,,,,,,,,61.311693,60.722848,1.054689,0.046195,0.053463,3,10,8,5,3,10,8,5,3,10,8,5,3,10,8,5,0.02779,0.05432,0.29865,0.30836,1,1,15:02:2021,13:21:03,621,-32.12641,-64.72837,1141.0,lev20,Almucantar,ARM_Cordoba,82,82.833981,,,,,61.311693,60.722848,1.054689,0.046195,0.053463,3,10,8,5,3,10,8,5,3,10,8,5,3,10,8,5,0.02779,0.05432,0.29865,0.30836,1,1,15:02:2021,13:21:03,621,-32.12641,-64.72837,1141.0,lev20,Almucantar,ARM_Cordoba,82,82.833981,,,,,,61.311693,60.722848,1.054689,0.046195,0.053463,3,10,8,5,3,10,8,5,3,10,8,5,3,10,8,5,0.02779,0.05432,0.29865,0.30836,1,1,15:02:2021,13:21:03,621,-32.12641,-64.72837,1141.0,lev20,Almucantar,0.8987211599144838,0.047871792391250854,0.536913938906973,MA,Maritime,,Unknown
23:03:2019,20:53:12,ARM_Cordoba,82,82.870278,0.0544,0.0354,0.0298,0.0277,0.0356,0.0149,0.0084,0.0059,0.0189,0.0204,0.0214,0.0218,0.897449,71.852165,71.235701,1.759483,0.056189,0.054235,4,10,7,6,4,10,7,6,4,10,7,6,4,10,7,6,0.03057,0.05982,0.33788,0.34466,1,1,15:02:2021,13:21:11,621,-32.12641,-64.72837,1141.0,lev20,Almucantar,ARM_Cordoba,82,82.870278,0.054235,0.03434,0.028631,0.027524,0.952831,71.852165,71.235701,1.759483,0.056189,0.054235,4,10,7,6,4,10,7,6,4,10,7,6,4,10,7,6,0.03057,0.05982,0.33788,0.34466,1,1,15:02:2021,13:21:11,621,-32.12641,-64.72837,1141.0,lev20,Almucantar,ARM_Cordoba,82,82.870278,,,,,,,,,71.852165,71.235701,1.759483,0.056189,0.054235,4,10,7,6,4,10,7,6,4,10,7,6,4,10,7,6,0.03057,0.05982,0.33788,0.34466,1,1,15:02:2021,13:21:11,621,-32.12641,-64.72837,1141.0,lev20,Almucantar,ARM_Cordoba,82,82.870278,,,,,71.852165,71.235701,1.759483,0.056189,0.054235,4,10,7,6,4,10,7,6,4,10,7,6,4,10,7,6,0.03057,0.05982,0.33788,0.34466,1,1,15:02:2021,13:21:11,621,-32.12641,-64.72837,1141.0,lev20,Almucantar,ARM_Cordoba,82,82.870278,,,,,,71.852165,71.235701,1.759483,0.056189,0.054235,4,10,7,6,4,10,7,6,4,10,7,6,4,10,7,6,0.03057,0.05982,0.33788,0.34466,1,1,15:02:2021,13:21:11,621,-32.12641,-64.72837,1141.0,lev20,Almucantar,0.882850874409436,0.048594305343825965,0.5311847117508394,MA,Maritime,,Unknown
23:03:2019,21:17:32,ARM_Cordoba,82,82.887176,0.0589,0.0378,0.0315,0.0291,0.0392,0.0164,0.0091,0.0066,0.0197,0.0214,0.0223,0.0226,0.932454,76.885006,76.261976,2.611162,0.054494,0.058821,4,10,7,6,4,10,7,5,4,10,7,6,4,10,7,6,0.03266,0.06391,0.36624,0.37091,1,1,29:09:2020,04:27:56,621,-32.12641,-64.72837,1141.0,lev20,Almucantar,ARM_Cordoba,82,82.887176,0.058821,0.036871,0.030399,0.02925,0.983283,76.885006,76.261976,2.611162,0.054494,0.058821,4,10,7,6,4,10,7,5,4,10,7,6,4,10,7,6,0.03266,0.06391,0.36624,0.37091,1,1,29:09:2020,04:27:56,621,-32.12641,-64.72837,1141.0,lev20,Almucantar,ARM_Cordoba,82,82.887176,,,,,,,,,76.885006,76.261976,2.611162,0.054494,0.058821,4,10,7,6,4,10,7,5,4,10,7,6,4,10,7,6,0.03266,0.06391,0.36624,0.37091,1,1,29:09:2020,04:27:56,621,-32.12641,-64.72837,1141.0,lev20,Almucantar,ARM_Cordoba,82,82.887176,,,,,76.885006,76.261976,2.611162,0.054494,0.058821,4,10,7,6,4,10,7,5,4,10,7,6,4,10,7,6,0.03266,0.06391,0.36624,0.37091,1,1,29:09:2020,04:27:56,621,-32.12641,-64.72837,1141.0,lev20,Almucantar,ARM_Cordoba,82,82.887176,,,,,,76.885006,76.261976,2.611162,0.054494,0.058821,4,10,7,6,4,10,7,5,4,10,7,6,4,10,7,6,0.03266,0.06391,0.36624,0.37091,1,1,29:09:2020,04:27:56,621,-32.12641,-64.72837,1141.0,lev20,Almucantar,0.9180527722789028,0.05237782472857472,0.5406437833836402,MA,Maritime,,Unknown
24:03:2019,12:55:40,ARM_Cordoba,83,83.538657,0.0676,0.0449,0.0387,0.0365,0.0399,0.0158,0.0084,0.0056,0.0276,0.0292,0.0303,0.0308,0.834344,59.174769,59.754694,2.415875,0.117869,0.067112,4,10,7,5,3,11,7,5,3,11,7,5,3,10,8,5,0.02729,0.05348,0.29364,0.30588,1,1,15:02:2021,13:35:13,621,-32.12641,-64.72837,1141.0,lev20,Almucantar,ARM_Cordoba,83,83.538657,0.067112,0.044955,0.03935,0.03765,0.800764,59.174769,59.754694,2.415875,0.117869,0.067112,4,10,7,5,3,11,7,5,3,11,7,5,3,10,8,5,0.02729,0.05348,0.29364,0.30588,1,1,15:02:2021,13:35:13,621,-32.12641,-64.72837,1141.0,lev20,Almucantar,ARM_Cordoba,83,83.538657,,,,,,,,,59.174769,59.754694,2.415875,0.117869,0.067112,4,10,7,5,3,11,7,5,3,11,7,5,3,10,8,5,0.02729,0.05348,0.29364,0.30588,1,1,15:02:2021,13:35:13,621,-32.12641,-64.72837,1141.0,lev20,Almucantar,ARM_Cordoba,83,83.538657,,,,,59.174769,59.754694,2.415875,0.117869,0.067112,4,10,7,5,3,11,7,5,3,11,7,5,3,10,8,5,0.02729,0.05348,0.29364,0.30588,1,1,15:02:2021,13:35:13,621,-32.12641,-64.72837,1141.0,lev20,Almucantar,ARM_Cordoba,83,83.538657,,,,,,59.174769,59.754694,2.415875,0.117869,0.067112,4,10,7,5,3,11,7,5,3,11,7,5,3,10,8,5,0.02729,0.05348,0.29364,0.30588,1,1,15:02:2021,13:35:13,621,-32.12641,-64.72837,1141.0,lev20,Almucantar,0.8181799313083287,0.06088685367015963,0.4632344639813426,MA,Maritime,,Unknown
24:03:2019,13:27:19,ARM_Cordoba,83,83.560637,0.0728,0.0458,0.038,0.0351,0.0473,0.0189,0.01,0.0067,0.0255,0.0269,0.0279,0.0284,0.969269,53.226744,53.7755,1.896907,0.139285,0.071523,3,10,8,4,4,10,8,4,4,10,8,4,4,10,8,4,0.02643,0.05173,0.28016,0.29283,1,1,29:09:2020,04:27:52,621,-32.12641,-64.72837,1141.0,lev20,Almucantar,ARM_Cordoba,83,83.560637,0.071523,0.045031,0.038544,0.037165,0.926971,53.226744,53.7755,1.896907,0.139285,0.071523,3,10,8,4,4,10,8,4,4,10,8,4,4,10,8,4,0.02643,0.05173,0.28016,0.29283,1,1,29:09:2020,04:27:52,621,-32.12641,-64.72837,1141.0,lev20,Almucantar,ARM_Cordoba,83,83.560637,,,,,,,,,53.226744,53.7755,1.896907,0.139285,0.071523,3,10,8,4,4,10,8,4,4,10,8,4,4,10,8,4,0.02643,0.05173,0.28016,0.29283,1,1,29:09:2020,04:27:52,621,-32.12641,-64.72837,1141.0,lev20,Almucantar,ARM_Cordoba,83,83.560637,,,,,53.226744,53.7755,1.896907,0.139285,0.071523,3,10,8,4,4,10,8,4,4,10,8,4,4,10,8,4,0.02643,0.05173,0.28016,0.29283,1,1,29:09:2020,04:27:52,621,-32.12641,-64.72837,1141.0,lev20,Almucantar,ARM_Cordoba,83,83.560637,,,,,,53.226744,53.7755,1.896907,0.139285,0.071523,3,10,8,4,4,10,8,4,4,10,8,4,4,10,8,4,0.02643,0.05173,0.28016,0.29283,1,1,29:09:2020,04:27:52,621,-32.12641,-64.72837,1141.0,lev20,Almucantar,0.9536631469333183,0.06444460256818126,0.5259178802259524,MA,Maritime,,Unknown
24:03:2019,13:36:45,ARM_Cordoba,83,83.567188,0.0704,0.0461,0.0386,0.0357,0.0447,0.0189,0.0104,0.0071,0.0256,0.0272,0.0282,0.0287,0.894738,51.525118,52.062196,2.843778,0.111662,0.070381,3,10,8,4,3,10,8,4,3,10,8,4,3,10,8,4,0.02623,0.05132,0.27694,0.28971,1,1,29:09:2020,04:27:30,621,-32.12641,-64.72837,1141.0,lev20,Almucantar,ARM_Cordoba,83,83.567188,0.070381,0.044378,0.038087,0.037171,0.921108,51.525118,52.062196,2.843778,0.111662,0.070381,3,10,8,4,3,10,8,4,3,10,8,4,3,10,8,4,0.02623,0.05132,0.27694,0.28971,1,1,29:09:2020,04:27:30,621,-32.12641,-64.72837,1141.0,lev20,Almucantar,ARM_Cordoba,83,83.567188,,,,,,,,,51.525118,52.062196,2.843778,0.111662,0.070381,3,10,8,4,3,10,8,4,3,10,8,4,3,10,8,4,0.02623,0.05132,0.27694,0.28971,1,1,29:09:2020,04:27:30,621,-32.12641,-64.72837,1141.0,lev20,Almucantar,ARM_Cordoba,83,83.567188,,,,,51.525118,52.062196,2.843778,0.111662,0.070381,3,10,8,4,3,10,8,4,3,10,8,4,3,10,8,4,0.02623,0.05132,0.27694,0.28971,1,1,29:09:2020,04:27:30,621,-32.12641,-64.72837,1141.0,lev20,Almucantar,ARM_Cordoba,83,83.567188,,,,,,51.525118,52.062196,2.843778,0.111662,0.070381,3,10,8,4,3,10,8,4,3,10,8,4,3,10,8,4,0.02623,0.05132,0.27694,0.28971,1,1,29:09:2020,04:27:30,621,-32.12641,-64.72837,1141.0,lev20,Almucantar,0.8815090101680982,0.06289753629748672,0.517815238042577,MA,Maritime,,Unknown
24:03:2019,19:27:32,ARM_Cordoba,83,83.810787,0.0742,0.0457,0.0376,0.0349,0.0488,0.0189,0.0098,0.0064,0.0254,0.0268,0.0279,0.0284,1.013471,55.212973,54.655269,1.016371,0.081748,0.072973,4,10,8,4,4,10,8,4,4,10,8,4,4,10,8,4,0.02677,0.0523,0.28368,0.29453,1,1,29:09:2020,04:27:45,621,-32.12641,-64.72837,1141.0,lev20,Almucantar,ARM_Cordoba,83,83.810787,0.072973,0.044187,0.036999,0.036456,1.016793,55.212973,54.655269,1.016371,0.081748,0.072973,4,10,8,4,4,10,8,4,4,10,8,4,4,10,8,4,0.02677,0.0523,0.28368,0.29453,1,1,29:09:2020,04:27:45,621,-32.12641,-64.72837,1141.0,lev20,Almucantar,ARM_Cordoba,83,83.810787,,,,,,,,,55.212973,54.655269,1.016371,0.081748,0.072973,4,10,8,4,4,10,8,4,4,10,8,4,4,10,8,4,0.02677,0.0523,0.28368,0.29453,1,1,29:09:2020,04:27:45,621,-32.12641,-64.72837,1141.0,lev20,Almucantar,ARM_Cordoba,83,83.810787,,,,,55.212973,54.655269,1.016371,0.081748,0.072973,4,10,8,4,4,10,8,4,4,10,8,4,4,10,8,4,0.02677,0.0523,0.28368,0.29453,1,1,29:09:2020,04:27:45,621,-32.12641,-64.72837,1141.0,lev20,Almucantar,ARM_Cordoba,83,83.810787,,,,,,55.212973,54.655269,1.016371,0.081748,0.072973,4,10,8,4,4,10,8,4,4,10,8,4,4,10,8,4,0.02677,0.0523,0.28368,0.29453,1,1,29:09:2020,04:27:45,621,-32.12641,-64.72837,1141.0,lev20,Almucantar,0.9971272820046915,0.06531998300294933,0.5317731461739115,MA,Maritime,,Unknown
24:03:2019,19:42:18,ARM_Cordoba,83,83.821042,0.0753,0.0462,0.0377,0.0349,0.0497,0.0192,0.0097,0.0063,0.0257,0.027,0.0281,0.0286,1.030309,58.002412,57.430075,1.159193,0.092816,0.073924,4,10,7,5,4,10,7,5,4,10,7,5,4,10,7,5,0.0272,0.05314,0.29001,0.30037,1,1,15:02:2021,13:35:40,621,-32.12641,-64.72837,1141.0,lev20,Almucantar,ARM_Cordoba,83,83.821042,0.073924,0.044659,0.037235,0.036589,1.026037,58.002412,57.430075,1.159193,0.092816,0.073924,4,10,7,5,4,10,7,5,4,10,7,5,4,10,7,5,0.0272,0.05314,0.29001,0.30037,1,1,15:02:2021,13:35:40,621,-32.12641,-64.72837,1141.0,lev20,Almucantar,ARM_Cordoba,83,83.821042,,,,,,,,,58.002412,57.430075,1.159193,0.092816,0.073924,4,10,7,5,4,10,7,5,4,10,7,5,4,10,7,5,0.0272,0.05314,0.29001,0.30037,1,1,15:02:2021,13:35:40,621,-32.12641,-64.72837,1141.0,lev20,Almucantar,ARM_Cordoba,83,83.821042,,,,,58.002412,57.430075,1.159193,0.092816,0.073924,4,10,7,5,4,10,7,5,4,10,7,5,4,10,7,5,0.0272,0.05314,0.29001,0.30037,1,1,15:02:2021,13:35:40,621,-32.12641,-64.72837,1141.0,lev20,Almucantar,ARM_Cordoba,83,83.821042,,,,,,58.002412,57.430075,1.159193,0.092816,0.073924,4,10,7,5,4,10,7,5,4,10,7,5,4,10,7,5,0.0272,0.05314,0.29001,0.30037,1,1,15:02:2021,13:35:40,621,-32.12641,-64.72837,1141.0,lev20,Almucantar,1.0148177815942128,0.06613860107196821,0.5337755802104177,MA,Maritime,,Unknown
24:03:2019,19:59:26,ARM_Cordoba,83,83.83294,0.0798,0.0488,0.0386,0.0354,0.054,0.0216,0.0104,0.0067,0.0258,0.0271,0.0282,0.0287,1.076574,61.319828,60.733354,1.611965,0.102681,0.07844,3,10,8,5,3,10,5,5,3,10,8,5,3,10,8,5,0.02779,0.05432,0.29866,0.30838,1,1,15:02:2021,13:36:09,621,-32.12641,-64.72837,1141.0,lev20,Almucantar,ARM_Cordoba,83,83.83294,0.07844,0.046767,0.038302,0.037128,1.070196,61.319828,60.733354,1.611965,0.102681,0.07844,3,10,8,5,3,10,5,5,3,10,8,5,3,10,8,5,0.02779,0.05432,0.29866,0.30838,1,1,15:02:2021,13:36:09,621,-32.12641,-64.72837,1141.0,lev20,Almucantar,ARM_Cordoba,83,83.83294,,,,,,,,,61.319828,60.733354,1.611965,0.102681,0.07844,3,10,8,5,3,10,5,5,3,10,8,5,3,10,8,5,0.02779,0.05432,0.29866,0.30838,1,1,15:02:2021,13:36:09,621,-32.12641,-64.72837,1141.0,lev20,Almucantar,ARM_Cordoba,83,83.83294,,,,,61.319828,60.733354,1.611965,0.102681,0.07844,3,10,8,5,3,10,5,5,3,10,8,5,3,10,8,5,0.02779,0.05432,0.29866,0.30838,1,1,15:02:2021,13:36:09,621,-32.12641,-64.72837,1141.0,lev20,Almucantar,ARM_Cordoba,83,83.83294,,,,,,61.319828,60.733354,1.611965,0.102681,0.07844,3,10,8,5,3,10,5,5,3,10,8,5,3,10,8,5,0.02779,0.05432,0.29866,0.30838,1,1,15:02:2021,13:36:09,621,-32.12641,-64.72837,1141.0,lev20,Almucantar,1.0653535795877496,0.06963976668041152,0.5576917837517801,MA,Maritime,,Unknown
25:03:2019,11:39:49,ARM_Cordoba,84,84.485984,0.0875,0.052,0.0417,0.0381,0.061,0.0237,0.012,0.0079,0.0264,0.0283,0.0296,0.0302,1.103055,74.561023,75.179641,1.077274,0.021211,0.08674,4,10,7,6,4,10,7,6,4,10,7,6,4,10,7,6,0.03131,0.06166,0.3535,0.36458,1,1,15:02:2021,13:37:10,621,-32.12641,-64.72837,1141.0,lev20,Almucantar,ARM_Cordoba,84,84.485984,0.08674,0.051169,0.041134,0.038852,1.111349,74.561023,75.179641,1.077274,0.021211,0.08674,4,10,7,6,4,10,7,6,4,10,7,6,4,10,7,6,0.03131,0.06166,0.3535,0.36458,1,1,15:02:2021,13:37:10,621,-32.12641,-64.72837,1141.0,lev20,Almucantar,ARM_Cordoba,84,84.485984,,,,,,,,,74.561023,75.179641,1.077274,0.021211,0.08674,4,10,7,6,4,10,7,6,4,10,7,6,4,10,7,6,0.03131,0.06166,0.3535,0.36458,1,1,15:02:2021,13:37:10,621,-32.12641,-64.72837,1141.0,lev20,Almucantar,ARM_Cordoba,84,84.485984,,,,,74.561023,75.179641,1.077274,0.021211,0.08674,4,10,7,6,4,10,7,6,4,10,7,6,4,10,7,6,0.03131,0.06166,0.3535,0.36458,1,1,15:02:2021,13:37:10,621,-32.12641,-64.72837,1141.0,lev20,Almucantar,ARM_Cordoba,84,84.485984,,,,,,74.561023,75.179641,1.077274,0.021211,0.08674,4,10,7,6,4,10,7,6,4,10,7,6,4,10,7,6,0.03131,0.06166,0.3535,0.36458,1,1,15:02:2021,13:37:10,621,-32.12641,-64.72837,1141.0,lev20,Almucantar,1.0871608752775315,0.07614682262849887,0.5732171600033173,MA,Maritime,,Unknown
25:03:2019,13:27:10,ARM_Cordoba,84,84.560532,0.0871,0.0515,0.0416,0.0381,0.0614,0.0241,0.0128,0.0087,0.0256,0.0275,0.0288,0.0294,1.101394,53.468093,54.014667,1.563793,0.105959,0.086185,4,10,8,4,4,10,8,4,4,10,8,4,4,10,8,4,0.02646,0.0518,0.28066,0.29329,1,1,15:02:2021,13:37:20,621,-32.12641,-64.72837,1141.0,lev20,Almucantar,ARM_Cordoba,84,84.560532,0.086185,0.050591,0.041736,0.039901,1.08488,53.468093,54.014667,1.563793,0.105959,0.086185,4,10,8,4,4,10,8,4,4,10,8,4,4,10,8,4,0.02646,0.0518,0.28066,0.29329,1,1,15:02:2021,13:37:20,621,-32.12641,-64.72837,1141.0,lev20,Almucantar,ARM_Cordoba,84,84.560532,,,,,,,,,53.468093,54.014667,1.563793,0.105959,0.086185,4,10,8,4,4,10,8,4,4,10,8,4,4,10,8,4,0.02646,0.0518,0.28066,0.29329,1,1,15:02:2021,13:37:20,621,-32.12641,-64.72837,1141.0,lev20,Almucantar,ARM_Cordoba,84,84.560532,,,,,53.468093,54.014667,1.563793,0.105959,0.086185,4,10,8,4,4,10,8,4,4,10,8,4,4,10,8,4,0.02646,0.0518,0.28066,0.29329,1,1,15:02:2021,13:37:20,621,-32.12641,-64.72837,1141.0,lev20,Almucantar,ARM_Cordoba,84,84.560532,,,,,,53.468093,54.014667,1.563793,0.105959,0.086185,4,10,8,4,4,10,8,4,4,10,8,4,4,10,8,4,0.02646,0.0518,0.28066,0.29329,1,1,15:02:2021,13:37:20,621,-32.12641,-64.72837,1141.0,lev20,Almucantar,1.0839616837983435,0.07582972811339789,0.5828369057954643,MA,Maritime,,Unknown
01:04:2019,21:05:00,ARM_Cordoba,91,91.878472,0.0298,0.0171,0.0135,0.0122,0.0267,0.0138,0.01,0.0086,0.0032,0.0033,0.0035,0.0035,1.178352,76.811492,76.198714,2.314396,0.067149,0.03026,4,10,7,6,4,10,7,5,4,10,6,5,4,10,6,5,0.03383,0.0661,0.35623,0.36271,1,1,15:02:2021,15:14:25,621,-32.12641,-64.72837,1141.0,lev20,Almucantar,ARM_Cordoba,91,91.878472,0.03026,0.0161,0.012891,0.012781,1.277567,76.811492,76.198714,2.314396,0.067149,0.03026,4,10,7,6,4,10,7,5,4,10,6,5,4,10,6,5,0.03383,0.0661,0.35623,0.36271,1,1,15:02:2021,15:14:25,621,-32.12641,-64.72837,1141.0,lev20,Almucantar,ARM_Cordoba,91,91.878472,,,,,,,,,76.811492,76.198714,2.314396,0.067149,0.03026,4,10,7,6,4,10,7,5,4,10,6,5,4,10,6,5,0.03383,0.0661,0.35623,0.36271,1,1,15:02:2021,15:14:25,621,-32.12641,-64.72837,1141.0,lev20,Almucantar,ARM_Cordoba,91,91.878472,,,,,76.811492,76.198714,2.314396,0.067149,0.03026,4,10,7,6,4,10,7,5,4,10,6,5,4,10,6,5,0.03383,0.0661,0.35623,0.36271,1,1,15:02:2021,15:14:25,621,-32.12641,-64.72837,1141.0,lev20,Almucantar,ARM_Cordoba,91,91.878472,,,,,,76.811492,76.198714,2.314396,0.067149,0.03026,4,10,7,6,4,10,7,5,4,10,6,5,4,10,6,5,0.03383,0.0661,0.35623,0.36271,1,1,15:02:2021,15:14:25,621,-32.12641,-64.72837,1141.0,lev20,Almucantar,1.1615039430436411,0.025688140556459876,0.850941124516756,Unclassified,Maritime,,Unknown
02:04:2019,11:45:49,ARM_Cordoba,92,92.49015,0.0325,0.0186,0.0144,0.0123,0.0292,0.0152,0.0108,0.0087,0.0032,0.0034,0.0036,0.0036,1.208282,74.608352,75.216613,2.02957,0.06071,0.032638,4,10,7,6,4,10,7,6,4,10,7,6,4,10,7,6,0.0325,0.0639,0.34449,0.35706,1,1,15:02:2021,15:51:43,621,-32.12641,-64.72837,1141.0,lev20,Almucantar,ARM_Cordoba,92,92.49015,0.032638,0.017648,0.014077,0.01376,1.257398,74.608352,75.216613,2.02957,0.06071,0.032638,4,10,7,6,4,10,7,6,4,10,7,6,4,10,7,6,0.0325,0.0639,0.34449,0.35706,1,1,15:02:2021,15:51:43,621,-32.12641,-64.72837,1141.0,lev20,Almucantar,ARM_Cordoba,92,92.49015,,,,,,,,,74.608352,75.216613,2.02957,0.06071,0.032638,4,10,7,6,4,10,7,6,4,10,7,6,4,10,7,6,0.0325,0.0639,0.34449,0.35706,1,1,15:02:2021,15:51:43,621,-32.12641,-64.72837,1141.0,lev20,Almucantar,ARM_Cordoba,92,92.49015,,,,,74.608352,75.216613,2.02957,0.06071,0.032638,4,10,7,6,4,10,7,6,4,10,7,6,4,10,7,6,0.0325,0.0639,0.34449,0.35706,1,1,15:02:2021,15:51:43,621,-32.12641,-64.72837,1141.0,lev20,Almucantar,ARM_Cordoba,92,92.49015,,,,,,74.608352,75.216613,2.02957,0.06071,0.032638,4,10,7,6,4,10,7,6,4,10,7,6,4,10,7,6,0.0325,0.0639,0.34449,0.35706,1,1,15:02:2021,15:51:43,621,-32.12641,-64.72837,1141.0,lev20,Almucantar,1.1940586928174366,0.02789924258177407,0.8588891972101391,Unclassified,Maritime,,Unknown
02:04:2019,12:10:24,ARM_Cordoba,92,92.507222,0.0372,0.0221,0.0163,0.0139,0.0345,0.0192,0.0132,0.0109,0.0028,0.0029,0.003,0.0031,1.214021,69.675312,70.271707,4.792805,0.133108,0.03733,4,10,7,6,4,10,7,6,4,10,7,5,4,10,6,5,0.03072,0.0603,0.32,0.33312,1,1,15:02:2021,15:51:17,621,-32.12641,-64.72837,1141.0,lev20,Almucantar,ARM_Cordoba,92,92.507222,0.03733,0.020782,0.016824,0.016486,1.192462,69.675312,70.271707,4.792805,0.133108,0.03733,4,10,7,6,4,10,7,6,4,10,7,5,4,10,6,5,0.03072,0.0603,0.32,0.33312,1,1,15:02:2021,15:51:17,621,-32.12641,-64.72837,1141.0,lev20,Almucantar,ARM_Cordoba,92,92.507222,,,,,,,,,69.675312,70.271707,4.792805,0.133108,0.03733,4,10,7,6,4,10,7,6,4,10,7,5,4,10,6,5,0.03072,0.0603,0.32,0.33312,1,1,15:02:2021,15:51:17,621,-32.12641,-64.72837,1141.0,lev20,Almucantar,ARM_Cordoba,92,92.507222,,,,,69.675312,70.271707,4.792805,0.133108,0.03733,4,10,7,6,4,10,7,6,4,10,7,5,4,10,6,5,0.03072,0.0603,0.32,0.33312,1,1,15:02:2021,15:51:17,621,-32.12641,-64.72837,1141.0,lev20,Almucantar,ARM_Cordoba,92,92.507222,,,,,,69.675312,70.271707,4.792805,0.133108,0.03733,4,10,7,6,4,10,7,6,4,10,7,5,4,10,6,5,0.03072,0.0603,0.32,0.33312,1,1,15:02:2021,15:51:17,621,-32.12641,-64.72837,1141.0,lev20,Almucantar,1.2103876775257694,0.03186731331920289,0.8974059149450888,BCH,Maritime,,Unknown
02:04:2019,13:04:36,ARM_Cordoba,92,92.544861,0.0376,0.02,0.0136,0.0109,0.0335,0.0155,0.0089,0.0061,0.0041,0.0045,0.0047,0.0048,1.493683,59.268269,59.822069,4.817498,0.291652,0.036721,3,11,7,5,3,11,7,5,3,10,8,4,3,10,8,4,0.02825,0.05529,0.28515,0.29931,1,1,15:02:2021,15:51:26,621,-32.12641,-64.72837,1141.0,lev20,Almucantar,ARM_Cordoba,92,92.544861,0.036721,0.019594,0.016392,0.015625,1.215219,59.268269,59.822069,4.817498,0.291652,0.036721,3,11,7,5,3,11,7,5,3,10,8,4,3,10,8,4,0.02825,0.05529,0.28515,0.29931,1,1,15:02:2021,15:51:26,621,-32.12641,-64.72837,1141.0,lev20,Almucantar,ARM_Cordoba,92,92.544861,,,,,,,,,59.268269,59.822069,4.817498,0.291652,0.036721,3,11,7,5,3,11,7,5,3,10,8,4,3,10,8,4,0.02825,0.05529,0.28515,0.29931,1,1,15:02:2021,15:51:26,621,-32.12641,-64.72837,1141.0,lev20,Almucantar,ARM_Cordoba,92,92.544861,,,,,59.268269,59.822069,4.817498,0.291652,0.036721,3,11,7,5,3,11,7,5,3,10,8,4,3,10,8,4,0.02825,0.05529,0.28515,0.29931,1,1,15:02:2021,15:51:26,621,-32.12641,-64.72837,1141.0,lev20,Almucantar,ARM_Cordoba,92,92.544861,,,,,,59.268269,59.822069,4.817498,0.291652,0.036721,3,11,7,5,3,11,7,5,3,10,8,4,3,10,8,4,0.02825,0.05529,0.28515,0.29931,1,1,15:02:2021,15:51:26,621,-32.12641,-64.72837,1141.0,lev20,Almucantar,1.4917217009997548,0.031072159831475352,0.8411410384023064,BCH,Maritime,,Unknown
02:04:2019,13:24:37,ARM_Cordoba,92,92.558762,0.0385,0.0214,0.0149,0.012,0.0343,0.0169,0.0101,0.0071,0.0042,0.0046,0.0048,0.0049,1.393853,55.65931,56.189979,3.417706,0.27421,0.037835,4,10,8,4,4,10,8,4,4,10,8,4,4,10,8,4,0.02766,0.05411,0.27663,0.29107,1,1,15:02:2021,15:51:41,621,-32.12641,-64.72837,1141.0,lev20,Almucantar,ARM_Cordoba,92,92.558762,0.037835,0.020285,0.017016,0.016667,1.204251,55.65931,56.189979,3.417706,0.27421,0.037835,4,10,8,4,4,10,8,4,4,10,8,4,4,10,8,4,0.02766,0.05411,0.27663,0.29107,1,1,15:02:2021,15:51:41,621,-32.12641,-64.72837,1141.0,lev20,Almucantar,ARM_Cordoba,92,92.558762,,,,,,,,,55.65931,56.189979,3.417706,0.27421,0.037835,4,10,8,4,4,10,8,4,4,10,8,4,4,10,8,4,0.02766,0.05411,0.27663,0.29107,1,1,15:02:2021,15:51:41,621,-32.12641,-64.72837,1141.0,lev20,Almucantar,ARM_Cordoba,92,92.558762,,,,,55.65931,56.189979,3.417706,0.27421,0.037835,4,10,8,4,4,10,8,4,4,10,8,4,4,10,8,4,0.02766,0.05411,0.27663,0.29107,1,1,15:02:2021,15:51:41,621,-32.12641,-64.72837,1141.0,lev20,Almucantar,ARM_Cordoba,92,92.558762,,,,,,55.65931,56.189979,3.417706,0.27421,0.037835,4,10,8,4,4,10,8,4,4,10,8,4,4,10,8,4,0.02766,0.05411,0.27663,0.29107,1,1,15:02:2021,15:51:41,621,-32.12641,-64.72837,1141.0,lev20,Almucantar,1.3925059237751156,0.032222002098982516,0.8474749470663082,BCH,Maritime,,Unknown
02:04:2019,19:24:41,ARM_Cordoba,92,92.808808,0.048,0.0266,0.0202,0.0182,0.0427,0.021,0.0142,0.0122,0.0054,0.0057,0.006,0.006,1.283992,57.558075,57.01784,4.505149,0.149363,0.047853,4,10,7,5,4,9,7,5,4,10,7,4,4,10,7,3,0.02805,0.05476,0.28035,0.29283,1,1,15:02:2021,15:52:43,621,-32.12641,-64.72837,1141.0,lev20,Almucantar,ARM_Cordoba,92,92.808808,0.047853,0.026038,0.021393,0.02033,1.208612,57.558075,57.01784,4.505149,0.149363,0.047853,4,10,7,5,4,9,7,5,4,10,7,4,4,10,7,3,0.02805,0.05476,0.28035,0.29283,1,1,15:02:2021,15:52:43,621,-32.12641,-64.72837,1141.0,lev20,Almucantar,ARM_Cordoba,92,92.808808,,,,,,,,,57.558075,57.01784,4.505149,0.149363,0.047853,4,10,7,5,4,9,7,5,4,10,7,4,4,10,7,3,0.02805,0.05476,0.28035,0.29283,1,1,15:02:2021,15:52:43,621,-32.12641,-64.72837,1141.0,lev20,Almucantar,ARM_Cordoba,92,92.808808,,,,,57.558075,57.01784,4.505149,0.149363,0.047853,4,10,7,5,4,9,7,5,4,10,7,4,4,10,7,3,0.02805,0.05476,0.28035,0.29283,1,1,15:02:2021,15:52:43,621,-32.12641,-64.72837,1141.0,lev20,Almucantar,ARM_Cordoba,92,92.808808,,,,,,57.558075,57.01784,4.505149,0.149363,0.047853,4,10,7,5,4,9,7,5,4,10,7,4,4,10,7,3,0.02805,0.05476,0.28035,0.29283,1,1,15:02:2021,15:52:43,621,-32.12641,-64.72837,1141.0,lev20,Almucantar,1.2696126419918043,0.04080897963839956,0.8367406712869836,BCH,Maritime,,Unknown
02:04:2019,19:44:39,ARM_Cordoba,92,92.822674,0.0497,0.0289,0.0222,0.0191,0.0443,0.0233,0.0164,0.0132,0.0054,0.0056,0.0058,0.0059,1.193775,61.237783,60.676195,2.15697,0.142827,0.049348,3,10,8,5,3,10,8,5,3,10,7,5,3,10,7,4,0.02874,0.0561,0.28966,0.30146,1,1,15:02:2021,15:52:20,621,-32.12641,-64.72837,1141.0,lev20,Almucantar,ARM_Cordoba,92,92.822674,0.049348,0.026951,0.021993,0.020945,1.211809,61.237783,60.676195,2.15697,0.142827,0.049348,3,10,8,5,3,10,8,5,3,10,7,5,3,10,7,4,0.02874,0.0561,0.28966,0.30146,1,1,15:02:2021,15:52:20,621,-32.12641,-64.72837,1141.0,lev20,Almucantar,ARM_Cordoba,92,92.822674,,,,,,,,,61.237783,60.676195,2.15697,0.142827,0.049348,3,10,8,5,3,10,8,5,3,10,7,5,3,10,7,4,0.02874,0.0561,0.28966,0.30146,1,1,15:02:2021,15:52:20,621,-32.12641,-64.72837,1141.0,lev20,Almucantar,ARM_Cordoba,92,92.822674,,,,,61.237783,60.676195,2.15697,0.142827,0.049348,3,10,8,5,3,10,8,5,3,10,7,5,3,10,7,4,0.02874,0.0561,0.28966,0.30146,1,1,15:02:2021,15:52:20,621,-32.12641,-64.72837,1141.0,lev20,Almucantar,ARM_Cordoba,92,92.822674,,,,,,61.237783,60.676195,2.15697,0.142827,0.049348,3,10,8,5,3,10,8,5,3,10,7,5,3,10,7,4,0.02874,0.0561,0.28966,0.30146,1,1,15:02:2021,15:52:20,621,-32.12641,-64.72837,1141.0,lev20,Almucantar,1.1821780724283322,0.04272922551393606,0.8506008555906475,Unclassified,Maritime,,Unknown
03:04:2019,11:46:33,ARM_Cordoba,93,93.49066,0.0484,0.031,0.0256,0.0237,0.0325,0.014,0.0077,0.0054,0.016,0.0171,0.018,0.0183,0.947519,74.621532,75.228325,2.015346,0.072847,0.048848,4,10,7,6,4,10,7,6,4,10,7,6,4,10,7,6,0.0325,0.06391,0.34454,0.35712,1,1,15:02:2021,15:47:43,621,-32.12641,-64.72837,1141.0,lev20,Almucantar,ARM_Cordoba,93,93.49066,0.048848,0.029813,0.024826,0.02401,1.011788,74.621532,75.228325,2.015346,0.072847,0.048848,4,10,7,6,4,10,7,6,4,10,7,6,4,10,7,6,0.0325,0.06391,0.34454,0.35712,1,1,15:02:2021,15:47:43,621,-32.12641,-64.72837,1141.0,lev20,Almucantar,ARM_Cordoba,93,93.49066,,,,,,,,,74.621532,75.228325,2.015346,0.072847,0.048848,4,10,7,6,4,10,7,6,4,10,7,6,4,10,7,6,0.0325,0.06391,0.34454,0.35712,1,1,15:02:2021,15:47:43,621,-32.12641,-64.72837,1141.0,lev20,Almucantar,ARM_Cordoba,93,93.49066,,,,,74.621532,75.228325,2.015346,0.072847,0.048848,4,10,7,6,4,10,7,6,4,10,7,6,4,10,7,6,0.0325,0.06391,0.34454,0.35712,1,1,15:02:2021,15:47:43,621,-32.12641,-64.72837,1141.0,lev20,Almucantar,ARM_Cordoba,93,93.49066,,,,,,74.621532,75.228325,2.015346,0.072847,0.048848,4,10,7,6,4,10,7,6,4,10,7,6,4,10,7,6,0.0325,0.06391,0.34454,0.35712,1,1,15:02:2021,15:47:43,621,-32.12641,-64.72837,1141.0,lev20,Almucantar,0.934267555446167,0.04295139992598056,0.5575805819620138,MA,Maritime,,Unknown
03:04:2019,12:11:19,ARM_Cordoba,93,93.507859,0.0486,0.0299,0.0246,0.0226,0.0332,0.0135,0.0073,0.0049,0.0154,0.0164,0.0173,0.0177,1.015209,69.665968,70.260406,2.238611,0.042174,0.04808,4,10,7,6,4,10,7,6,4,10,7,4,4,10,7,5,0.03071,0.06029,0.31988,0.33307,1,1,15:02:2021,15:48:13,621,-32.12641,-64.72837,1141.0,lev20,Almucantar,ARM_Cordoba,93,93.507859,0.04808,0.029047,0.024332,0.023596,1.01981,69.665968,70.260406,2.238611,0.042174,0.04808,4,10,7,6,4,10,7,6,4,10,7,4,4,10,7,5,0.03071,0.06029,0.31988,0.33307,1,1,15:02:2021,15:48:13,621,-32.12641,-64.72837,1141.0,lev20,Almucantar,ARM_Cordoba,93,93.507859,,,,,,,,,69.665968,70.260406,2.238611,0.042174,0.04808,4,10,7,6,4,10,7,6,4,10,7,4,4,10,7,5,0.03071,0.06029,0.31988,0.33307,1,1,15:02:2021,15:48:13,621,-32.12641,-64.72837,1141.0,lev20,Almucantar,ARM_Cordoba,93,93.507859,,,,,69.665968,70.260406,2.238611,0.042174,0.04808,4,10,7,6,4,10,7,6,4,10,7,4,4,10,7,5,0.03071,0.06029,0.31988,0.33307,1,1,15:02:2021,15:48:13,621,-32.12641,-64.72837,1141.0,lev20,Almucantar,ARM_Cordoba,93,93.507859,,,,,,69.665968,70.260406,2.238611,0.042174,0.04808,4,10,7,6,4,10,7,6,4,10,7,4,4,10,7,5,0.03071,0.06029,0.31988,0.33307,1,1,15:02:2021,15:48:13,621,-32.12641,-64.72837,1141.0,lev20,Almucantar,0.9987657709347326,0.042774748281882616,0.5648725978942511,MA,Maritime,,Unknown
03:04:2019,13:05:41,ARM_Cordoba,93,93.545613,0.0465,0.0287,0.0224,0.0198,0.0339,0.0153,0.0084,0.0055,0.0126,0.0134,0.014,0.0143,1.079797,59.273929,59.824478,1.370207,0.109807,0.046144,3,11,7,5,3,11,7,5,3,10,8,5,3,10,8,5,0.02825,0.0553,0.28518,0.29932,1,1,29:09:2020,04:41:39,621,-32.12641,-64.72837,1141.0,lev20,Almucantar,ARM_Cordoba,93,93.545613,0.046144,0.026995,0.022923,0.021628,1.052031,59.273929,59.824478,1.370207,0.109807,0.046144,3,11,7,5,3,11,7,5,3,10,8,5,3,10,8,5,0.02825,0.0553,0.28518,0.29932,1,1,29:09:2020,04:41:39,621,-32.12641,-64.72837,1141.0,lev20,Almucantar,ARM_Cordoba,93,93.545613,,,,,,,,,59.273929,59.824478,1.370207,0.109807,0.046144,3,11,7,5,3,11,7,5,3,10,8,5,3,10,8,5,0.02825,0.0553,0.28518,0.29932,1,1,29:09:2020,04:41:39,621,-32.12641,-64.72837,1141.0,lev20,Almucantar,ARM_Cordoba,93,93.545613,,,,,59.273929,59.824478,1.370207,0.109807,0.046144,3,11,7,5,3,11,7,5,3,10,8,5,3,10,8,5,0.02825,0.0553,0.28518,0.29932,1,1,29:09:2020,04:41:39,621,-32.12641,-64.72837,1141.0,lev20,Almucantar,ARM_Cordoba,93,93.545613,,,,,,59.273929,59.824478,1.370207,0.109807,0.046144,3,11,7,5,3,11,7,5,3,10,8,5,3,10,8,5,0.02825,0.0553,0.28518,0.29932,1,1,29:09:2020,04:41:39,621,-32.12641,-64.72837,1141.0,lev20,Almucantar,1.0713973144131772,0.040548223993653584,0.6365356809844879,Unclassified,Maritime,,Unknown
03:04:2019,13:24:20,ARM_Cordoba,93,93.558565,0.0476,0.0286,0.0227,0.0204,0.0343,0.0143,0.0077,0.0053,0.0133,0.0143,0.0149,0.0151,1.09954,55.928254,56.456903,1.784048,0.107638,0.047285,4,10,8,4,4,10,8,4,4,10,8,4,4,10,7,3,0.0277,0.05419,0.2772,0.29163,1,1,29:09:2020,04:40:57,621,-32.12641,-64.72837,1141.0,lev20,Almucantar,ARM_Cordoba,93,93.558565,0.047285,0.026961,0.022991,0.022231,1.086517,55.928254,56.456903,1.784048,0.107638,0.047285,4,10,8,4,4,10,8,4,4,10,8,4,4,10,7,3,0.0277,0.05419,0.2772,0.29163,1,1,29:09:2020,04:40:57,621,-32.12641,-64.72837,1141.0,lev20,Almucantar,ARM_Cordoba,93,93.558565,,,,,,,,,55.928254,56.456903,1.784048,0.107638,0.047285,4,10,8,4,4,10,8,4,4,10,8,4,4,10,7,3,0.0277,0.05419,0.2772,0.29163,1,1,29:09:2020,04:40:57,621,-32.12641,-64.72837,1141.0,lev20,Almucantar,ARM_Cordoba,93,93.558565,,,,,55.928254,56.456903,1.784048,0.107638,0.047285,4,10,8,4,4,10,8,4,4,10,8,4,4,10,7,3,0.0277,0.05419,0.2772,0.29163,1,1,29:09:2020,04:40:57,621,-32.12641,-64.72837,1141.0,lev20,Almucantar,ARM_Cordoba,93,93.558565,,,,,,55.928254,56.456903,1.784048,0.107638,0.047285,4,10,8,4,4,10,8,4,4,10,8,4,4,10,7,3,0.0277,0.05419,0.2772,0.29163,1,1,29:09:2020,04:40:57,621,-32.12641,-64.72837,1141.0,lev20,Almucantar,1.0861783174860193,0.041429074827176775,0.6077644118198453,Unclassified,Maritime,,Unknown
03:04:2019,19:24:22,ARM_Cordoba,93,93.808588,0.0613,0.0355,0.028,0.0252,0.0444,0.0173,0.0091,0.006,0.017,0.0182,0.0189,0.0191,1.16527,57.817873,57.279597,2.264015,0.128412,0.061257,4,10,7,5,4,10,7,5,4,10,7,4,4,10,7,3,0.02809,0.05484,0.28093,0.2934,1,1,15:02:2021,15:47:59,621,-32.12641,-64.72837,1141.0,lev20,Almucantar,ARM_Cordoba,93,93.808588,0.061257,0.033774,0.027792,0.026788,1.185963,57.817873,57.279597,2.264015,0.128412,0.061257,4,10,7,5,4,10,7,5,4,10,7,4,4,10,7,3,0.02809,0.05484,0.28093,0.2934,1,1,15:02:2021,15:47:59,621,-32.12641,-64.72837,1141.0,lev20,Almucantar,ARM_Cordoba,93,93.808588,,,,,,,,,57.817873,57.279597,2.264015,0.128412,0.061257,4,10,7,5,4,10,7,5,4,10,7,4,4,10,7,3,0.02809,0.05484,0.28093,0.2934,1,1,15:02:2021,15:47:59,621,-32.12641,-64.72837,1141.0,lev20,Almucantar,ARM_Cordoba,93,93.808588,,,,,57.817873,57.279597,2.264015,0.128412,0.061257,4,10,7,5,4,10,7,5,4,10,7,4,4,10,7,3,0.02809,0.05484,0.28093,0.2934,1,1,15:02:2021,15:47:59,621,-32.12641,-64.72837,1141.0,lev20,Almucantar,ARM_Cordoba,93,93.808588,,,,,,57.817873,57.279597,2.264015,0.128412,0.061257,4,10,7,5,4,10,7,5,4,10,7,4,4,10,7,3,0.02809,0.05484,0.28093,0.2934,1,1,15:02:2021,15:47:59,621,-32.12641,-64.72837,1141.0,lev20,Almucantar,1.149411891141599,0.05292345612739365,0.6047492457290448,Unclassified,Maritime,,Unknown
03:04:2019,19:43:04,ARM_Cordoba,93,93.821574,0.0618,0.0366,0.0288,0.0262,0.0431,0.0165,0.0082,0.0054,0.0188,0.02,0.0206,0.0208,1.133439,61.248632,60.690028,2.939341,0.105157,0.061893,3,10,8,5,3,10,8,5,3,10,8,5,3,10,8,4,0.02874,0.05612,0.28975,0.3015,1,1,15:02:2021,15:48:35,621,-32.12641,-64.72837,1141.0,lev20,Almucantar,ARM_Cordoba,93,93.821574,0.061893,0.034622,0.028386,0.026966,1.168196,61.248632,60.690028,2.939341,0.105157,0.061893,3,10,8,5,3,10,8,5,3,10,8,5,3,10,8,4,0.02874,0.05612,0.28975,0.3015,1,1,15:02:2021,15:48:35,621,-32.12641,-64.72837,1141.0,lev20,Almucantar,ARM_Cordoba,93,93.821574,,,,,,,,,61.248632,60.690028,2.939341,0.105157,0.061893,3,10,8,5,3,10,8,5,3,10,8,5,3,10,8,4,0.02874,0.05612,0.28975,0.3015,1,1,15:02:2021,15:48:35,621,-32.12641,-64.72837,1141.0,lev20,Almucantar,ARM_Cordoba,93,93.821574,,,,,61.248632,60.690028,2.939341,0.105157,0.061893,3,10,8,5,3,10,8,5,3,10,8,5,3,10,8,4,0.02874,0.05612,0.28975,0.3015,1,1,15:02:2021,15:48:35,621,-32.12641,-64.72837,1141.0,lev20,Almucantar,ARM_Cordoba,93,93.821574,,,,,,61.248632,60.690028,2.939341,0.105157,0.061893,3,10,8,5,3,10,8,5,3,10,8,5,3,10,8,4,0.02874,0.05612,0.28975,0.3015,1,1,15:02:2021,15:48:35,621,-32.12641,-64.72837,1141.0,lev20,Almucantar,1.1200048031806926,0.053556082419033785,0.5696451838238942,MA,Maritime,,Unknown
03:04:2019,20:37:24,ARM_Cordoba,93,93.859306,0.0665,0.0409,0.0344,0.0325,0.042,0.0148,0.0073,0.005,0.0245,0.0261,0.0271,0.0275,0.986597,71.788641,71.189527,1.534849,0.019295,0.066205,4,10,7,6,4,10,7,6,4,10,7,6,4,10,7,4,0.03167,0.06188,0.32846,0.33707,1,1,29:09:2020,04:41:29,621,-32.12641,-64.72837,1141.0,lev20,Almucantar,ARM_Cordoba,93,93.859306,0.066205,0.040405,0.033872,0.03261,1.003,71.788641,71.189527,1.534849,0.019295,0.066205,4,10,7,6,4,10,7,6,4,10,7,6,4,10,7,4,0.03167,0.06188,0.32846,0.33707,1,1,29:09:2020,04:41:29,621,-32.12641,-64.72837,1141.0,lev20,Almucantar,ARM_Cordoba,93,93.859306,,,,,,,,,71.788641,71.189527,1.534849,0.019295,0.066205,4,10,7,6,4,10,7,6,4,10,7,6,4,10,7,4,0.03167,0.06188,0.32846,0.33707,1,1,29:09:2020,04:41:29,621,-32.12641,-64.72837,1141.0,lev20,Almucantar,ARM_Cordoba,93,93.859306,,,,,71.788641,71.189527,1.534849,0.019295,0.066205,4,10,7,6,4,10,7,6,4,10,7,6,4,10,7,4,0.03167,0.06188,0.32846,0.33707,1,1,29:09:2020,04:41:29,621,-32.12641,-64.72837,1141.0,lev20,Almucantar,ARM_Cordoba,93,93.859306,,,,,,71.788641,71.189527,1.534849,0.019295,0.066205,4,10,7,6,4,10,7,6,4,10,7,6,4,10,7,4,0.03167,0.06188,0.32846,0.33707,1,1,29:09:2020,04:41:29,621,-32.12641,-64.72837,1141.0,lev20,Almucantar,0.9668879428102973,0.058768229958623096,0.4822654040117201,MA,Maritime,,Unknown
03:04:2019,21:02:26,ARM_Cordoba,93,93.87669,0.0665,0.0413,0.0345,0.0321,0.0428,0.016,0.0082,0.0055,0.0237,0.0253,0.0263,0.0267,0.980432,76.842511,76.232405,2.470558,0.043777,0.066361,4,10,7,6,4,10,7,6,4,10,7,6,4,10,6,5,0.03387,0.06619,0.35683,0.3629,1,1,15:02:2021,15:48:13,621,-32.12641,-64.72837,1141.0,lev20,Almucantar,ARM_Cordoba,93,93.87669,0.066361,0.040456,0.033616,0.032577,1.016368,76.842511,76.232405,2.470558,0.043777,0.066361,4,10,7,6,4,10,7,6,4,10,7,6,4,10,6,5,0.03387,0.06619,0.35683,0.3629,1,1,15:02:2021,15:48:13,621,-32.12641,-64.72837,1141.0,lev20,Almucantar,ARM_Cordoba,93,93.87669,,,,,,,,,76.842511,76.232405,2.470558,0.043777,0.066361,4,10,7,6,4,10,7,6,4,10,7,6,4,10,6,5,0.03387,0.06619,0.35683,0.3629,1,1,15:02:2021,15:48:13,621,-32.12641,-64.72837,1141.0,lev20,Almucantar,ARM_Cordoba,93,93.87669,,,,,76.842511,76.232405,2.470558,0.043777,0.066361,4,10,7,6,4,10,7,6,4,10,7,6,4,10,6,5,0.03387,0.06619,0.35683,0.3629,1,1,15:02:2021,15:48:13,621,-32.12641,-64.72837,1141.0,lev20,Almucantar,ARM_Cordoba,93,93.87669,,,,,,76.842511,76.232405,2.470558,0.043777,0.066361,4,10,7,6,4,10,7,6,4,10,7,6,4,10,6,5,0.03387,0.06619,0.35683,0.3629,1,1,15:02:2021,15:48:13,621,-32.12641,-64.72837,1141.0,lev20,Almucantar,0.9626299393631935,0.05880022709145248,0.5059722492572853,MA,Maritime,,Unknown
05:04:2019,20:34:29,ARM_Cordoba,95,95.85728,0.0285,0.0183,0.0138,0.0119,0.0226,0.0122,0.0074,0.0054,0.0059,0.0062,0.0064,0.0065,1.063508,71.775189,71.179828,3.968401,0.036729,0.028427,4,10,7,6,4,10,7,6,4,10,7,6,4,10,6,4,0.03167,0.06186,0.32829,0.33703,1,1,15:02:2021,16:05:45,621,-32.12641,-64.72837,1141.0,lev20,Almucantar,ARM_Cordoba,95,95.85728,0.028427,0.017782,0.013342,0.012542,1.110913,71.775189,71.179828,3.968401,0.036729,0.028427,4,10,7,6,4,10,7,6,4,10,7,6,4,10,6,4,0.03167,0.06186,0.32829,0.33703,1,1,15:02:2021,16:05:45,621,-32.12641,-64.72837,1141.0,lev20,Almucantar,ARM_Cordoba,95,95.85728,,,,,,,,,71.775189,71.179828,3.968401,0.036729,0.028427,4,10,7,6,4,10,7,6,4,10,7,6,4,10,6,4,0.03167,0.06186,0.32829,0.33703,1,1,15:02:2021,16:05:45,621,-32.12641,-64.72837,1141.0,lev20,Almucantar,ARM_Cordoba,95,95.85728,,,,,71.775189,71.179828,3.968401,0.036729,0.028427,4,10,7,6,4,10,7,6,4,10,7,6,4,10,6,4,0.03167,0.06186,0.32829,0.33703,1,1,15:02:2021,16:05:45,621,-32.12641,-64.72837,1141.0,lev20,Almucantar,ARM_Cordoba,95,95.85728,,,,,,71.775189,71.179828,3.968401,0.036729,0.028427,4,10,7,6,4,10,7,6,4,10,7,6,4,10,6,4,0.03167,0.06186,0.32829,0.33703,1,1,15:02:2021,16:05:45,621,-32.12641,-64.72837,1141.0,lev20,Almucantar,1.0638342825513305,0.02487617614674943,0.7347252162112886,Unclassified,Maritime,,Unknown
05:04:2019,20:59:38,ARM_Cordoba,95,95.874745,0.0284,0.0185,0.014,0.0121,0.0221,0.0118,0.007,0.0051,0.0063,0.0067,0.0069,0.007,1.036427,76.825165,76.217968,3.17686,0.038306,0.02807,4,10,7,6,4,10,7,5,4,10,7,4,4,10,6,3,0.0339,0.06621,0.35694,0.36282,1,1,29:09:2020,04:44:02,621,-32.12641,-64.72837,1141.0,lev20,Almucantar,ARM_Cordoba,95,95.874745,0.02807,0.017879,0.013224,0.012703,1.101639,76.825165,76.217968,3.17686,0.038306,0.02807,4,10,7,6,4,10,7,5,4,10,7,4,4,10,6,3,0.0339,0.06621,0.35694,0.36282,1,1,29:09:2020,04:44:02,621,-32.12641,-64.72837,1141.0,lev20,Almucantar,ARM_Cordoba,95,95.874745,,,,,,,,,76.825165,76.217968,3.17686,0.038306,0.02807,4,10,7,6,4,10,7,5,4,10,7,4,4,10,6,3,0.0339,0.06621,0.35694,0.36282,1,1,29:09:2020,04:44:02,621,-32.12641,-64.72837,1141.0,lev20,Almucantar,ARM_Cordoba,95,95.874745,,,,,76.825165,76.217968,3.17686,0.038306,0.02807,4,10,7,6,4,10,7,5,4,10,7,4,4,10,6,3,0.0339,0.06621,0.35694,0.36282,1,1,29:09:2020,04:44:02,621,-32.12641,-64.72837,1141.0,lev20,Almucantar,ARM_Cordoba,95,95.874745,,,,,,76.825165,76.217968,3.17686,0.038306,0.02807,4,10,7,6,4,10,7,5,4,10,7,4,4,10,6,3,0.0339,0.06621,0.35694,0.36282,1,1,29:09:2020,04:44:02,621,-32.12641,-64.72837,1141.0,lev20,Almucantar,1.0375717123549701,0.02487225325389018,0.7109537880897426,Unclassified,Maritime,,Unknown
07:04:2019,11:49:47,ARM_Cordoba,97,97.492905,0.0162,0.0122,0.0103,0.0094,0.0107,0.0061,0.0039,0.0029,0.0056,0.0061,0.0064,0.0064,0.665764,74.623599,75.224024,1.764311,0.049105,0.016298,4,10,7,6,4,10,7,6,4,10,7,6,4,10,7,6,0.03306,0.0663,0.33256,0.34879,1,1,29:09:2020,04:10:44,621,-32.12641,-64.72837,1141.0,lev20,Almucantar,ARM_Cordoba,97,97.492905,0.016298,0.010949,0.009798,0.009586,0.766993,74.623599,75.224024,1.764311,0.049105,0.016298,4,10,7,6,4,10,7,6,4,10,7,6,4,10,7,6,0.03306,0.0663,0.33256,0.34879,1,1,29:09:2020,04:10:44,621,-32.12641,-64.72837,1141.0,lev20,Almucantar,ARM_Cordoba,97,97.492905,,,,,,,,,74.623599,75.224024,1.764311,0.049105,0.016298,4,10,7,6,4,10,7,6,4,10,7,6,4,10,7,6,0.03306,0.0663,0.33256,0.34879,1,1,29:09:2020,04:10:44,621,-32.12641,-64.72837,1141.0,lev20,Almucantar,ARM_Cordoba,97,97.492905,,,,,74.623599,75.224024,1.764311,0.049105,0.016298,4,10,7,6,4,10,7,6,4,10,7,6,4,10,7,6,0.03306,0.0663,0.33256,0.34879,1,1,29:09:2020,04:10:44,621,-32.12641,-64.72837,1141.0,lev20,Almucantar,ARM_Cordoba,97,97.492905,,,,,,74.623599,75.224024,1.764311,0.049105,0.016298,4,10,7,6,4,10,7,6,4,10,7,6,4,10,7,6,0.03306,0.0663,0.33256,0.34879,1,1,29:09:2020,04:10:44,621,-32.12641,-64.72837,1141.0,lev20,Almucantar,0.6643025781791876,0.0148810888773217,0.580831006579033,MA,Maritime,,Unknown
07:04:2019,12:14:40,ARM_Cordoba,97,97.510185,0.0163,0.0112,0.0091,0.0082,0.0119,0.0065,0.0042,0.0032,0.0044,0.0047,0.0049,0.005,0.859372,69.705043,70.291453,1.978493,0.106375,0.017041,4,10,7,6,4,10,7,6,4,10,7,6,4,10,7,6,0.03128,0.06257,0.30929,0.32589,1,1,29:09:2020,04:10:07,621,-32.12641,-64.72837,1141.0,lev20,Almucantar,ARM_Cordoba,97,97.510185,0.017041,0.010854,0.009834,0.009579,0.833804,69.705043,70.291453,1.978493,0.106375,0.017041,4,10,7,6,4,10,7,6,4,10,7,6,4,10,7,6,0.03128,0.06257,0.30929,0.32589,1,1,29:09:2020,04:10:07,621,-32.12641,-64.72837,1141.0,lev20,Almucantar,ARM_Cordoba,97,97.510185,,,,,,,,,69.705043,70.291453,1.978493,0.106375,0.017041,4,10,7,6,4,10,7,6,4,10,7,6,4,10,7,6,0.03128,0.06257,0.30929,0.32589,1,1,29:09:2020,04:10:07,621,-32.12641,-64.72837,1141.0,lev20,Almucantar,ARM_Cordoba,97,97.510185,,,,,69.705043,70.291453,1.978493,0.106375,0.017041,4,10,7,6,4,10,7,6,4,10,7,6,4,10,7,6,0.03128,0.06257,0.30929,0.32589,1,1,29:09:2020,04:10:07,621,-32.12641,-64.72837,1141.0,lev20,Almucantar,ARM_Cordoba,97,97.510185,,,,,,69.705043,70.291453,1.978493,0.106375,0.017041,4,10,7,6,4,10,7,6,4,10,7,6,4,10,7,6,0.03128,0.06257,0.30929,0.32589,1,1,29:09:2020,04:10:07,621,-32.12641,-64.72837,1141.0,lev20,Almucantar,0.8550313763537813,0.014612298895807648,0.6565610046374646,Unclassified,Maritime,,Unknown
07:04:2019,13:10:07,ARM_Cordoba,97,97.548692,0.0174,0.0117,0.0094,0.0084,0.0126,0.0065,0.0039,0.0028,0.0048,0.0052,0.0055,0.0056,0.907946,59.304286,59.841248,1.355562,0.146247,0.018032,3,11,7,5,3,11,7,5,3,10,8,5,3,10,8,5,0.02879,0.05736,0.27629,0.29348,1,1,29:09:2020,04:10:37,621,-32.12641,-64.72837,1141.0,lev20,Almucantar,ARM_Cordoba,97,97.548692,0.018032,0.010914,0.010739,0.010318,0.804536,59.304286,59.841248,1.355562,0.146247,0.018032,3,11,7,5,3,11,7,5,3,10,8,5,3,10,8,5,0.02879,0.05736,0.27629,0.29348,1,1,29:09:2020,04:10:37,621,-32.12641,-64.72837,1141.0,lev20,Almucantar,ARM_Cordoba,97,97.548692,,,,,,,,,59.304286,59.841248,1.355562,0.146247,0.018032,3,11,7,5,3,11,7,5,3,10,8,5,3,10,8,5,0.02879,0.05736,0.27629,0.29348,1,1,29:09:2020,04:10:37,621,-32.12641,-64.72837,1141.0,lev20,Almucantar,ARM_Cordoba,97,97.548692,,,,,59.304286,59.841248,1.355562,0.146247,0.018032,3,11,7,5,3,11,7,5,3,10,8,5,3,10,8,5,0.02879,0.05736,0.27629,0.29348,1,1,29:09:2020,04:10:37,621,-32.12641,-64.72837,1141.0,lev20,Almucantar,ARM_Cordoba,97,97.548692,,,,,,59.304286,59.841248,1.355562,0.146247,0.018032,3,11,7,5,3,11,7,5,3,10,8,5,3,10,8,5,0.02879,0.05736,0.27629,0.29348,1,1,29:09:2020,04:10:37,621,-32.12641,-64.72837,1141.0,lev20,Almucantar,0.9032474998572044,0.015502557851778837,0.6422164469285261,Unclassified,Maritime,,Unknown
07:04:2019,19:23:10,ARM_Cordoba,97,97.807755,0.0235,0.0169,0.0144,0.0133,0.0144,0.0072,0.0043,0.003,0.0091,0.0097,0.0101,0.0103,0.725534,58.860654,58.33015,4.219571,0.193564,0.024862,3,11,7,5,4,10,7,5,4,10,7,5,4,10,6,3,0.02881,0.05725,0.27459,0.29003,1,1,15:02:2021,16:13:59,621,-32.12641,-64.72837,1141.0,lev20,Almucantar,ARM_Cordoba,97,97.807755,0.024862,0.017015,0.016324,0.01593,0.646207,58.860654,58.33015,4.219571,0.193564,0.024862,3,11,7,5,4,10,7,5,4,10,7,5,4,10,6,3,0.02881,0.05725,0.27459,0.29003,1,1,15:02:2021,16:13:59,621,-32.12641,-64.72837,1141.0,lev20,Almucantar,ARM_Cordoba,97,97.807755,,,,,,,,,58.860654,58.33015,4.219571,0.193564,0.024862,3,11,7,5,4,10,7,5,4,10,7,5,4,10,6,3,0.02881,0.05725,0.27459,0.29003,1,1,15:02:2021,16:13:59,621,-32.12641,-64.72837,1141.0,lev20,Almucantar,ARM_Cordoba,97,97.807755,,,,,58.860654,58.33015,4.219571,0.193564,0.024862,3,11,7,5,4,10,7,5,4,10,7,5,4,10,6,3,0.02881,0.05725,0.27459,0.29003,1,1,15:02:2021,16:13:59,621,-32.12641,-64.72837,1141.0,lev20,Almucantar,ARM_Cordoba,97,97.807755,,,,,,58.860654,58.33015,4.219571,0.193564,0.024862,3,11,7,5,4,10,7,5,4,10,7,5,4,10,6,3,0.02881,0.05725,0.27459,0.29003,1,1,15:02:2021,16:13:59,621,-32.12641,-64.72837,1141.0,lev20,Almucantar,0.7184376330320486,0.021437894268703246,0.5193687778175807,MA,Maritime,,Unknown
07:04:2019,19:38:15,ARM_Cordoba,97,97.818229,0.0246,0.0181,0.0157,0.0146,0.0142,0.0071,0.0042,0.0029,0.0104,0.0111,0.0115,0.0117,0.666349,61.581109,61.0333,2.875174,0.149783,0.025696,3,10,8,5,3,10,8,5,3,10,8,5,3,10,8,4,0.02934,0.05834,0.28144,0.29638,1,1,29:09:2020,04:10:09,621,-32.12641,-64.72837,1141.0,lev20,Almucantar,ARM_Cordoba,97,97.818229,0.025696,0.017648,0.01683,0.016814,0.648625,61.581109,61.0333,2.875174,0.149783,0.025696,3,10,8,5,3,10,8,5,3,10,8,5,3,10,8,4,0.02934,0.05834,0.28144,0.29638,1,1,29:09:2020,04:10:09,621,-32.12641,-64.72837,1141.0,lev20,Almucantar,ARM_Cordoba,97,97.818229,,,,,,,,,61.581109,61.0333,2.875174,0.149783,0.025696,3,10,8,5,3,10,8,5,3,10,8,5,3,10,8,4,0.02934,0.05834,0.28144,0.29638,1,1,29:09:2020,04:10:09,621,-32.12641,-64.72837,1141.0,lev20,Almucantar,ARM_Cordoba,97,97.818229,,,,,61.581109,61.0333,2.875174,0.149783,0.025696,3,10,8,5,3,10,8,5,3,10,8,5,3,10,8,4,0.02934,0.05834,0.28144,0.29638,1,1,29:09:2020,04:10:09,621,-32.12641,-64.72837,1141.0,lev20,Almucantar,ARM_Cordoba,97,97.818229,,,,,,61.581109,61.0333,2.875174,0.149783,0.025696,3,10,8,5,3,10,8,5,3,10,8,5,3,10,8,4,0.02934,0.05834,0.28144,0.29638,1,1,29:09:2020,04:10:09,621,-32.12641,-64.72837,1141.0,lev20,Almucantar,0.6587553963095979,0.02261323873771091,0.4840327818922968,MA,Maritime,,Unknown
07:04:2019,20:31:36,ARM_Cordoba,97,97.855278,0.028,0.0209,0.0184,0.0173,0.0156,0.0077,0.0047,0.0034,0.0124,0.0132,0.0137,0.014,0.624316,71.768501,71.177042,2.112671,0.060358,0.028114,4,10,7,6,4,10,7,6,4,10,7,6,4,10,5,4,0.0322,0.06415,0.31703,0.32954,1,1,29:09:2020,04:10:18,621,-32.12641,-64.72837,1141.0,lev20,Almucantar,ARM_Cordoba,97,97.855278,0.028114,0.019949,0.018422,0.018171,0.640241,71.768501,71.177042,2.112671,0.060358,0.028114,4,10,7,6,4,10,7,6,4,10,7,6,4,10,5,4,0.0322,0.06415,0.31703,0.32954,1,1,29:09:2020,04:10:18,621,-32.12641,-64.72837,1141.0,lev20,Almucantar,ARM_Cordoba,97,97.855278,,,,,,,,,71.768501,71.177042,2.112671,0.060358,0.028114,4,10,7,6,4,10,7,6,4,10,7,6,4,10,5,4,0.0322,0.06415,0.31703,0.32954,1,1,29:09:2020,04:10:18,621,-32.12641,-64.72837,1141.0,lev20,Almucantar,ARM_Cordoba,97,97.855278,,,,,71.768501,71.177042,2.112671,0.060358,0.028114,4,10,7,6,4,10,7,6,4,10,7,6,4,10,5,4,0.0322,0.06415,0.31703,0.32954,1,1,29:09:2020,04:10:18,621,-32.12641,-64.72837,1141.0,lev20,Almucantar,ARM_Cordoba,97,97.855278,,,,,,71.768501,71.177042,2.112671,0.060358,0.028114,4,10,7,6,4,10,7,6,4,10,7,6,4,10,5,4,0.0322,0.06415,0.31703,0.32954,1,1,29:09:2020,04:10:18,621,-32.12641,-64.72837,1141.0,lev20,Almucantar,0.6158756949690993,0.02588011837600177,0.45839474590134904,MA,Maritime,,Unknown
07:04:2019,20:56:37,ARM_Cordoba,97,97.87265,0.0289,0.022,0.0196,0.0184,0.0152,0.0074,0.0044,0.003,0.0137,0.0146,0.0152,0.0154,0.577969,76.762703,76.15866,2.239139,0.047768,0.028767,4,10,7,6,4,10,7,4,4,10,7,4,4,10,7,3,0.03435,0.0685,0.34344,0.35394,1,1,29:09:2020,04:10:56,621,-32.12641,-64.72837,1141.0,lev20,Almucantar,ARM_Cordoba,97,97.87265,0.028767,0.020771,0.019057,0.018869,0.621582,76.762703,76.15866,2.239139,0.047768,0.028767,4,10,7,6,4,10,7,4,4,10,7,4,4,10,7,3,0.03435,0.0685,0.34344,0.35394,1,1,29:09:2020,04:10:56,621,-32.12641,-64.72837,1141.0,lev20,Almucantar,ARM_Cordoba,97,97.87265,,,,,,,,,76.762703,76.15866,2.239139,0.047768,0.028767,4,10,7,6,4,10,7,4,4,10,7,4,4,10,7,3,0.03435,0.0685,0.34344,0.35394,1,1,29:09:2020,04:10:56,621,-32.12641,-64.72837,1141.0,lev20,Almucantar,ARM_Cordoba,97,97.87265,,,,,76.762703,76.15866,2.239139,0.047768,0.028767,4,10,7,6,4,10,7,4,4,10,7,4,4,10,7,3,0.03435,0.0685,0.34344,0.35394,1,1,29:09:2020,04:10:56,621,-32.12641,-64.72837,1141.0,lev20,Almucantar,ARM_Cordoba,97,97.87265,,,,,,76.762703,76.15866,2.239139,0.047768,0.028767,4,10,7,6,4,10,7,4,4,10,7,4,4,10,7,3,0.03435,0.0685,0.34344,0.35394,1,1,29:09:2020,04:10:56,621,-32.12641,-64.72837,1141.0,lev20,Almucantar,0.5696075984093456,0.026870438327131946,0.4282037798321993,Unclassified,Maritime,,Unknown
08:04:2019,11:50:32,ARM_Cordoba,98,98.493426,0.014,0.0097,0.0077,0.0067,0.0113,0.0068,0.0047,0.0036,0.0027,0.0029,0.003,0.0031,0.877106,74.638335,75.237108,2.156421,0.058435,0.01461,4,10,7,6,4,10,7,6,4,10,7,6,4,10,7,6,0.03305,0.06628,0.33258,0.34886,1,1,29:09:2020,04:10:46,621,-32.12641,-64.72837,1141.0,lev20,Almucantar,ARM_Cordoba,98,98.493426,0.01461,0.008477,0.007612,0.007234,0.991114,74.638335,75.237108,2.156421,0.058435,0.01461,4,10,7,6,4,10,7,6,4,10,7,6,4,10,7,6,0.03305,0.06628,0.33258,0.34886,1,1,29:09:2020,04:10:46,621,-32.12641,-64.72837,1141.0,lev20,Almucantar,ARM_Cordoba,98,98.493426,,,,,,,,,74.638335,75.237108,2.156421,0.058435,0.01461,4,10,7,6,4,10,7,6,4,10,7,6,4,10,7,6,0.03305,0.06628,0.33258,0.34886,1,1,29:09:2020,04:10:46,621,-32.12641,-64.72837,1141.0,lev20,Almucantar,ARM_Cordoba,98,98.493426,,,,,74.638335,75.237108,2.156421,0.058435,0.01461,4,10,7,6,4,10,7,6,4,10,7,6,4,10,7,6,0.03305,0.06628,0.33258,0.34886,1,1,29:09:2020,04:10:46,621,-32.12641,-64.72837,1141.0,lev20,Almucantar,ARM_Cordoba,98,98.493426,,,,,,74.638335,75.237108,2.156421,0.058435,0.01461,4,10,7,6,4,10,7,6,4,10,7,6,4,10,7,6,0.03305,0.06628,0.33258,0.34886,1,1,29:09:2020,04:10:46,621,-32.12641,-64.72837,1141.0,lev20,Almucantar,0.8769558316830061,0.012515315183008158,0.7591941868514612,Unclassified,Maritime,,Unknown
08:04:2019,12:15:34,ARM_Cordoba,98,98.51081,0.0137,0.009,0.0071,0.0061,0.0118,0.007,0.0049,0.0039,0.0019,0.002,0.0021,0.0022,0.968362,69.706075,70.290348,1.59368,0.069299,0.014349,4,10,7,6,4,10,7,6,4,10,7,6,4,10,7,6,0.03127,0.06255,0.30924,0.32588,1,1,29:09:2020,04:11:11,621,-32.12641,-64.72837,1141.0,lev20,Almucantar,ARM_Cordoba,98,98.51081,0.014349,0.007867,0.007237,0.006965,1.047607,69.706075,70.290348,1.59368,0.069299,0.014349,4,10,7,6,4,10,7,6,4,10,7,6,4,10,7,6,0.03127,0.06255,0.30924,0.32588,1,1,29:09:2020,04:11:11,621,-32.12641,-64.72837,1141.0,lev20,Almucantar,ARM_Cordoba,98,98.51081,,,,,,,,,69.706075,70.290348,1.59368,0.069299,0.014349,4,10,7,6,4,10,7,6,4,10,7,6,4,10,7,6,0.03127,0.06255,0.30924,0.32588,1,1,29:09:2020,04:11:11,621,-32.12641,-64.72837,1141.0,lev20,Almucantar,ARM_Cordoba,98,98.51081,,,,,69.706075,70.290348,1.59368,0.069299,0.014349,4,10,7,6,4,10,7,6,4,10,7,6,4,10,7,6,0.03127,0.06255,0.30924,0.32588,1,1,29:09:2020,04:11:11,621,-32.12641,-64.72837,1141.0,lev20,Almucantar,ARM_Cordoba,98,98.51081,,,,,,69.706075,70.290348,1.59368,0.069299,0.014349,4,10,7,6,4,10,7,6,4,10,7,6,4,10,7,6,0.03127,0.06255,0.30924,0.32588,1,1,29:09:2020,04:11:11,621,-32.12641,-64.72837,1141.0,lev20,Almucantar,0.9641825232904496,0.012111326996473555,0.8211055497176749,Unclassified,Maritime,,Unknown
08:04:2019,13:11:15,ARM_Cordoba,98,98.549479,0.013,0.0086,0.0066,0.0056,0.012,0.0075,0.0054,0.0045,0.0011,0.0011,0.0011,0.0012,0.993851,59.313894,59.84732,0.992244,0.092157,0.013521,3,11,7,5,3,11,7,5,3,10,8,5,3,10,8,5,0.02879,0.05736,0.27629,0.29349,1,1,29:09:2020,04:10:49,621,-32.12641,-64.72837,1141.0,lev20,Almucantar,ARM_Cordoba,98,98.549479,0.013521,0.006862,0.006981,0.006505,1.035168,59.313894,59.84732,0.992244,0.092157,0.013521,3,11,7,5,3,11,7,5,3,10,8,5,3,10,8,5,0.02879,0.05736,0.27629,0.29349,1,1,29:09:2020,04:10:49,621,-32.12641,-64.72837,1141.0,lev20,Almucantar,ARM_Cordoba,98,98.549479,,,,,,,,,59.313894,59.84732,0.992244,0.092157,0.013521,3,11,7,5,3,11,7,5,3,10,8,5,3,10,8,5,0.02879,0.05736,0.27629,0.29349,1,1,29:09:2020,04:10:49,621,-32.12641,-64.72837,1141.0,lev20,Almucantar,ARM_Cordoba,98,98.549479,,,,,59.313894,59.84732,0.992244,0.092157,0.013521,3,11,7,5,3,11,7,5,3,10,8,5,3,10,8,5,0.02879,0.05736,0.27629,0.29349,1,1,29:09:2020,04:10:49,621,-32.12641,-64.72837,1141.0,lev20,Almucantar,ARM_Cordoba,98,98.549479,,,,,,59.313894,59.84732,0.992244,0.092157,0.013521,3,11,7,5,3,11,7,5,3,10,8,5,3,10,8,5,0.02879,0.05736,0.27629,0.29349,1,1,29:09:2020,04:10:49,621,-32.12641,-64.72837,1141.0,lev20,Almucantar,0.9943689713670439,0.011448237858399506,0.8955177937862938,Unclassified,Maritime,,Unknown
08:04:2019,13:22:53,ARM_Cordoba,98,98.557558,0.0131,0.0083,0.0063,0.0054,0.0121,0.0072,0.0052,0.0043,0.001,0.0011,0.0011,0.0011,1.075721,57.280758,57.799474,0.886691,0.098214,0.013607,4,10,8,4,4,10,7,5,4,10,7,5,4,10,7,5,0.02844,0.05664,0.27156,0.28888,1,1,29:09:2020,04:11:57,621,-32.12641,-64.72837,1141.0,lev20,Almucantar,ARM_Cordoba,98,98.557558,0.013607,0.006757,0.006942,0.00665,1.056246,57.280758,57.799474,0.886691,0.098214,0.013607,4,10,8,4,4,10,7,5,4,10,7,5,4,10,7,5,0.02844,0.05664,0.27156,0.28888,1,1,29:09:2020,04:11:57,621,-32.12641,-64.72837,1141.0,lev20,Almucantar,ARM_Cordoba,98,98.557558,,,,,,,,,57.280758,57.799474,0.886691,0.098214,0.013607,4,10,8,4,4,10,7,5,4,10,7,5,4,10,7,5,0.02844,0.05664,0.27156,0.28888,1,1,29:09:2020,04:11:57,621,-32.12641,-64.72837,1141.0,lev20,Almucantar,ARM_Cordoba,98,98.557558,,,,,57.280758,57.799474,0.886691,0.098214,0.013607,4,10,8,4,4,10,7,5,4,10,7,5,4,10,7,5,0.02844,0.05664,0.27156,0.28888,1,1,29:09:2020,04:11:57,621,-32.12641,-64.72837,1141.0,lev20,Almucantar,ARM_Cordoba,98,98.557558,,,,,,57.280758,57.799474,0.886691,0.098214,0.013607,4,10,8,4,4,10,7,5,4,10,7,5,4,10,7,5,0.02844,0.05664,0.27156,0.28888,1,1,29:09:2020,04:11:57,621,-32.12641,-64.72837,1141.0,lev20,Almucantar,1.0738488293929256,0.01141968378030707,0.8964486045138871,Unclassified,Maritime,,Unknown
08:04:2019,19:22:54,ARM_Cordoba,98,98.807569,0.0472,0.0342,0.0299,0.0282,0.0264,0.0121,0.007,0.0049,0.0208,0.0221,0.0229,0.0233,0.679859,59.124436,58.595836,2.877376,0.145308,0.046249,3,10,8,5,3,11,7,5,3,11,7,5,4,10,7,5,0.02885,0.05734,0.27521,0.29062,1,1,29:09:2020,04:10:28,621,-32.12641,-64.72837,1141.0,lev20,Almucantar,ARM_Cordoba,98,98.807569,0.046249,0.032681,0.030665,0.030085,0.625668,59.124436,58.595836,2.877376,0.145308,0.046249,3,10,8,5,3,11,7,5,3,11,7,5,4,10,7,5,0.02885,0.05734,0.27521,0.29062,1,1,29:09:2020,04:10:28,621,-32.12641,-64.72837,1141.0,lev20,Almucantar,ARM_Cordoba,98,98.807569,,,,,,,,,59.124436,58.595836,2.877376,0.145308,0.046249,3,10,8,5,3,11,7,5,3,11,7,5,4,10,7,5,0.02885,0.05734,0.27521,0.29062,1,1,29:09:2020,04:10:28,621,-32.12641,-64.72837,1141.0,lev20,Almucantar,ARM_Cordoba,98,98.807569,,,,,59.124436,58.595836,2.877376,0.145308,0.046249,3,10,8,5,3,11,7,5,3,11,7,5,4,10,7,5,0.02885,0.05734,0.27521,0.29062,1,1,29:09:2020,04:10:28,621,-32.12641,-64.72837,1141.0,lev20,Almucantar,ARM_Cordoba,98,98.807569,,,,,,59.124436,58.595836,2.877376,0.145308,0.046249,3,10,8,5,3,11,7,5,3,11,7,5,4,10,7,5,0.02885,0.05734,0.27521,0.29062,1,1,29:09:2020,04:10:28,621,-32.12641,-64.72837,1141.0,lev20,Almucantar,0.6696831938941032,0.04332743478051192,0.4510303899289573,MA,Maritime,,Unknown
08:04:2019,19:37:39,ARM_Cordoba,98,98.817813,0.0476,0.0357,0.0317,0.0301,0.0249,0.0116,0.0068,0.0048,0.0228,0.0241,0.0249,0.0253,0.605567,61.774907,61.229221,2.435515,0.104913,0.046891,3,10,8,5,3,10,8,5,3,10,8,5,3,10,8,5,0.02938,0.05842,0.28196,0.29687,1,1,15:02:2021,16:24:44,621,-32.12641,-64.72837,1141.0,lev20,Almucantar,ARM_Cordoba,98,98.817813,0.046891,0.033463,0.031412,0.030764,0.609734,61.774907,61.229221,2.435515,0.104913,0.046891,3,10,8,5,3,10,8,5,3,10,8,5,3,10,8,5,0.02938,0.05842,0.28196,0.29687,1,1,15:02:2021,16:24:44,621,-32.12641,-64.72837,1141.0,lev20,Almucantar,ARM_Cordoba,98,98.817813,,,,,,,,,61.774907,61.229221,2.435515,0.104913,0.046891,3,10,8,5,3,10,8,5,3,10,8,5,3,10,8,5,0.02938,0.05842,0.28196,0.29687,1,1,15:02:2021,16:24:44,621,-32.12641,-64.72837,1141.0,lev20,Almucantar,ARM_Cordoba,98,98.817813,,,,,61.774907,61.229221,2.435515,0.104913,0.046891,3,10,8,5,3,10,8,5,3,10,8,5,3,10,8,5,0.02938,0.05842,0.28196,0.29687,1,1,15:02:2021,16:24:44,621,-32.12641,-64.72837,1141.0,lev20,Almucantar,ARM_Cordoba,98,98.817813,,,,,,61.774907,61.229221,2.435515,0.104913,0.046891,3,10,8,5,3,10,8,5,3,10,8,5,3,10,8,5,0.02938,0.05842,0.28196,0.29687,1,1,15:02:2021,16:24:44,621,-32.12641,-64.72837,1141.0,lev20,Almucantar,0.5963107785046684,0.04410637562300185,0.4176685758169007,Unclassified,Maritime,,Unknown
12:04:2019,11:53:48,ARM_Cordoba,102,102.495694,0.032,0.0207,0.0173,0.016,0.0216,0.0095,0.0054,0.0039,0.0103,0.0112,0.0118,0.012,0.916265,74.654589,75.246306,1.466993,0.043776,0.03171,4,10,7,6,4,10,7,6,4,10,7,6,4,10,7,6,0.03306,0.06631,0.33264,0.3489,1,1,29:09:2020,04:14:35,621,-32.12641,-64.72837,1141.0,lev20,Almucantar,ARM_Cordoba,102,102.495694,0.03171,0.019561,0.017131,0.016338,0.928584,74.654589,75.246306,1.466993,0.043776,0.03171,4,10,7,6,4,10,7,6,4,10,7,6,4,10,7,6,0.03306,0.06631,0.33264,0.3489,1,1,29:09:2020,04:14:35,621,-32.12641,-64.72837,1141.0,lev20,Almucantar,ARM_Cordoba,102,102.495694,,,,,,,,,74.654589,75.246306,1.466993,0.043776,0.03171,4,10,7,6,4,10,7,6,4,10,7,6,4,10,7,6,0.03306,0.06631,0.33264,0.3489,1,1,29:09:2020,04:14:35,621,-32.12641,-64.72837,1141.0,lev20,Almucantar,ARM_Cordoba,102,102.495694,,,,,74.654589,75.246306,1.466993,0.043776,0.03171,4,10,7,6,4,10,7,6,4,10,7,6,4,10,7,6,0.03306,0.06631,0.33264,0.3489,1,1,29:09:2020,04:14:35,621,-32.12641,-64.72837,1141.0,lev20,Almucantar,ARM_Cordoba,102,102.495694,,,,,,74.654589,75.246306,1.466993,0.043776,0.03171,4,10,7,6,4,10,7,6,4,10,7,6,4,10,7,6,0.03306,0.06631,0.33264,0.3489,1,1,29:09:2020,04:14:35,621,-32.12641,-64.72837,1141.0,lev20,Almucantar,0.9021750400883973,0.028514360162648293,0.5616497718036286,MA,Maritime,,Unknown
12:04:2019,12:19:08,ARM_Cordoba,102,102.513287,0.0323,0.0204,0.017,0.0156,0.0222,0.0095,0.0054,0.0038,0.0101,0.0109,0.0116,0.0119,0.95741,69.731031,70.306445,1.567961,0.057269,0.031983,4,10,7,6,4,10,7,6,4,10,7,6,4,10,7,6,0.03128,0.06258,0.30939,0.32595,1,1,29:09:2020,04:15:44,621,-32.12641,-64.72837,1141.0,lev20,Almucantar,ARM_Cordoba,102,102.513287,0.031983,0.019302,0.017021,0.016365,0.953641,69.731031,70.306445,1.567961,0.057269,0.031983,4,10,7,6,4,10,7,6,4,10,7,6,4,10,7,6,0.03128,0.06258,0.30939,0.32595,1,1,29:09:2020,04:15:44,621,-32.12641,-64.72837,1141.0,lev20,Almucantar,ARM_Cordoba,102,102.513287,,,,,,,,,69.731031,70.306445,1.567961,0.057269,0.031983,4,10,7,6,4,10,7,6,4,10,7,6,4,10,7,6,0.03128,0.06258,0.30939,0.32595,1,1,29:09:2020,04:15:44,621,-32.12641,-64.72837,1141.0,lev20,Almucantar,ARM_Cordoba,102,102.513287,,,,,69.731031,70.306445,1.567961,0.057269,0.031983,4,10,7,6,4,10,7,6,4,10,7,6,4,10,7,6,0.03128,0.06258,0.30939,0.32595,1,1,29:09:2020,04:15:44,621,-32.12641,-64.72837,1141.0,lev20,Almucantar,ARM_Cordoba,102,102.513287,,,,,,69.731031,70.306445,1.567961,0.057269,0.031983,4,10,7,6,4,10,7,6,4,10,7,6,4,10,7,6,0.03128,0.06258,0.30939,0.32595,1,1,29:09:2020,04:15:44,621,-32.12641,-64.72837,1141.0,lev20,Almucantar,0.9415233715140543,0.02863727306340276,0.5725550618404888,MA,Maritime,,Unknown
12:04:2019,13:15:59,ARM_Cordoba,102,102.552766,0.0281,0.0181,0.0146,0.0133,0.0197,0.0089,0.005,0.0035,0.0085,0.0091,0.0096,0.0098,0.969712,59.343423,59.862071,4.485546,0.205025,0.031164,3,11,7,5,3,11,7,4,3,10,8,5,3,10,8,4,0.0288,0.05737,0.27635,0.29353,1,1,29:09:2020,04:14:18,621,-32.12641,-64.72837,1141.0,lev20,Almucantar,ARM_Cordoba,102,102.552766,0.031164,0.017732,0.015862,0.015513,1.026621,59.343423,59.862071,4.485546,0.205025,0.031164,3,11,7,5,3,11,7,4,3,10,8,5,3,10,8,4,0.0288,0.05737,0.27635,0.29353,1,1,29:09:2020,04:14:18,621,-32.12641,-64.72837,1141.0,lev20,Almucantar,ARM_Cordoba,102,102.552766,,,,,,,,,59.343423,59.862071,4.485546,0.205025,0.031164,3,11,7,5,3,11,7,4,3,10,8,5,3,10,8,4,0.0288,0.05737,0.27635,0.29353,1,1,29:09:2020,04:14:18,621,-32.12641,-64.72837,1141.0,lev20,Almucantar,ARM_Cordoba,102,102.552766,,,,,59.343423,59.862071,4.485546,0.205025,0.031164,3,11,7,5,3,11,7,4,3,10,8,5,3,10,8,4,0.0288,0.05737,0.27635,0.29353,1,1,29:09:2020,04:14:18,621,-32.12641,-64.72837,1141.0,lev20,Almucantar,ARM_Cordoba,102,102.552766,,,,,,59.343423,59.862071,4.485546,0.205025,0.031164,3,11,7,5,3,11,7,4,3,10,8,5,3,10,8,4,0.0288,0.05737,0.27635,0.29353,1,1,29:09:2020,04:14:18,621,-32.12641,-64.72837,1141.0,lev20,Almucantar,0.9604375739916383,0.024853376116453586,0.5951553536000176,MA,Maritime,,Unknown
12:04:2019,13:25:21,ARM_Cordoba,102,102.559271,0.0311,0.0192,0.0156,0.0143,0.0224,0.0098,0.0056,0.004,0.0087,0.0095,0.01,0.0103,1.026336,57.750024,58.255963,1.236774,0.098377,0.030984,4,10,7,5,4,10,7,5,4,10,7,5,4,10,7,5,0.02852,0.0568,0.27262,0.28987,1,1,29:09:2020,04:14:38,621,-32.12641,-64.72837,1141.0,lev20,Almucantar,ARM_Cordoba,102,102.559271,0.030984,0.017577,0.015845,0.01546,1.021129,57.750024,58.255963,1.236774,0.098377,0.030984,4,10,7,5,4,10,7,5,4,10,7,5,4,10,7,5,0.02852,0.0568,0.27262,0.28987,1,1,29:09:2020,04:14:38,621,-32.12641,-64.72837,1141.0,lev20,Almucantar,ARM_Cordoba,102,102.559271,,,,,,,,,57.750024,58.255963,1.236774,0.098377,0.030984,4,10,7,5,4,10,7,5,4,10,7,5,4,10,7,5,0.02852,0.0568,0.27262,0.28987,1,1,29:09:2020,04:14:38,621,-32.12641,-64.72837,1141.0,lev20,Almucantar,ARM_Cordoba,102,102.559271,,,,,57.750024,58.255963,1.236774,0.098377,0.030984,4,10,7,5,4,10,7,5,4,10,7,5,4,10,7,5,0.02852,0.0568,0.27262,0.28987,1,1,29:09:2020,04:14:38,621,-32.12641,-64.72837,1141.0,lev20,Almucantar,ARM_Cordoba,102,102.559271,,,,,,57.750024,58.255963,1.236774,0.098377,0.030984,4,10,7,5,4,10,7,5,4,10,7,5,4,10,7,5,0.02852,0.0568,0.27262,0.28987,1,1,29:09:2020,04:14:38,621,-32.12641,-64.72837,1141.0,lev20,Almucantar,1.01205544572633,0.02732585597833463,0.6137418238056004,Unclassified,Maritime,,Unknown
12:04:2019,18:21:43,ARM_Cordoba,102,102.765081,0.0685,0.0456,0.0384,0.0356,0.0429,0.0185,0.0102,0.007,0.0256,0.0271,0.0281,0.0286,0.861536,50.607761,50.189366,2.542368,0.165287,0.067268,3,10,8,4,3,10,8,4,3,10,8,4,3,10,8,4,0.02757,0.05474,0.25846,0.27511,1,1,15:02:2021,16:41:18,621,-32.12641,-64.72837,1141.0,lev20,Almucantar,ARM_Cordoba,102,102.765081,0.067268,0.043311,0.038713,0.037906,0.834877,50.607761,50.189366,2.542368,0.165287,0.067268,3,10,8,4,3,10,8,4,3,10,8,4,3,10,8,4,0.02757,0.05474,0.25846,0.27511,1,1,15:02:2021,16:41:18,621,-32.12641,-64.72837,1141.0,lev20,Almucantar,ARM_Cordoba,102,102.765081,,,,,,,,,50.607761,50.189366,2.542368,0.165287,0.067268,3,10,8,4,3,10,8,4,3,10,8,4,3,10,8,4,0.02757,0.05474,0.25846,0.27511,1,1,15:02:2021,16:41:18,621,-32.12641,-64.72837,1141.0,lev20,Almucantar,ARM_Cordoba,102,102.765081,,,,,50.607761,50.189366,2.542368,0.165287,0.067268,3,10,8,4,3,10,8,4,3,10,8,4,3,10,8,4,0.02757,0.05474,0.25846,0.27511,1,1,15:02:2021,16:41:18,621,-32.12641,-64.72837,1141.0,lev20,Almucantar,ARM_Cordoba,102,102.765081,,,,,,50.607761,50.189366,2.542368,0.165287,0.067268,3,10,8,4,3,10,8,4,3,10,8,4,3,10,8,4,0.02757,0.05474,0.25846,0.27511,1,1,15:02:2021,16:41:18,621,-32.12641,-64.72837,1141.0,lev20,Almucantar,0.8489960278814497,0.061454909105581025,0.5112941198005246,MA,Maritime,,Unknown
12:04:2019,19:21:49,ARM_Cordoba,102,102.806817,0.058,0.0389,0.033,0.0308,0.0356,0.0151,0.0083,0.0057,0.0224,0.0237,0.0247,0.0251,0.840154,60.160961,59.63999,2.56814,0.112466,0.057328,3,10,8,5,3,10,8,5,3,10,8,5,3,10,8,5,0.02905,0.05774,0.27773,0.29301,1,1,15:02:2021,16:41:19,621,-32.12641,-64.72837,1141.0,lev20,Almucantar,ARM_Cordoba,102,102.806817,0.057328,0.037096,0.03323,0.032412,0.824208,60.160961,59.63999,2.56814,0.112466,0.057328,3,10,8,5,3,10,8,5,3,10,8,5,3,10,8,5,0.02905,0.05774,0.27773,0.29301,1,1,15:02:2021,16:41:19,621,-32.12641,-64.72837,1141.0,lev20,Almucantar,ARM_Cordoba,102,102.806817,,,,,,,,,60.160961,59.63999,2.56814,0.112466,0.057328,3,10,8,5,3,10,8,5,3,10,8,5,3,10,8,5,0.02905,0.05774,0.27773,0.29301,1,1,15:02:2021,16:41:19,621,-32.12641,-64.72837,1141.0,lev20,Almucantar,ARM_Cordoba,102,102.806817,,,,,60.160961,59.63999,2.56814,0.112466,0.057328,3,10,8,5,3,10,8,5,3,10,8,5,3,10,8,5,0.02905,0.05774,0.27773,0.29301,1,1,15:02:2021,16:41:19,621,-32.12641,-64.72837,1141.0,lev20,Almucantar,ARM_Cordoba,102,102.806817,,,,,,60.160961,59.63999,2.56814,0.112466,0.057328,3,10,8,5,3,10,8,5,3,10,8,5,3,10,8,5,0.02905,0.05774,0.27773,0.29301,1,1,15:02:2021,16:41:19,621,-32.12641,-64.72837,1141.0,lev20,Almucantar,0.8272262843189003,0.05217982289677605,0.4950251789087822,MA,Maritime,,Unknown
12:04:2019,19:36:50,ARM_Cordoba,102,102.817245,0.0579,0.0379,0.0325,0.0306,0.0355,0.0141,0.0077,0.0052,0.0224,0.0238,0.0249,0.0255,0.863859,62.823475,62.284606,2.654971,0.099109,0.057386,3,10,8,5,3,10,8,5,3,10,8,5,3,10,8,5,0.02961,0.05888,0.28484,0.29961,1,1,29:09:2020,04:14:51,621,-32.12641,-64.72837,1141.0,lev20,Almucantar,ARM_Cordoba,102,102.817245,0.057386,0.036995,0.032937,0.032318,0.838091,62.823475,62.284606,2.654971,0.099109,0.057386,3,10,8,5,3,10,8,5,3,10,8,5,3,10,8,5,0.02961,0.05888,0.28484,0.29961,1,1,29:09:2020,04:14:51,621,-32.12641,-64.72837,1141.0,lev20,Almucantar,ARM_Cordoba,102,102.817245,,,,,,,,,62.823475,62.284606,2.654971,0.099109,0.057386,3,10,8,5,3,10,8,5,3,10,8,5,3,10,8,5,0.02961,0.05888,0.28484,0.29961,1,1,29:09:2020,04:14:51,621,-32.12641,-64.72837,1141.0,lev20,Almucantar,ARM_Cordoba,102,102.817245,,,,,62.823475,62.284606,2.654971,0.099109,0.057386,3,10,8,5,3,10,8,5,3,10,8,5,3,10,8,5,0.02961,0.05888,0.28484,0.29961,1,1,29:09:2020,04:14:51,621,-32.12641,-64.72837,1141.0,lev20,Almucantar,ARM_Cordoba,102,102.817245,,,,,,62.823475,62.284606,2.654971,0.099109,0.057386,3,10,8,5,3,10,8,5,3,10,8,5,3,10,8,5,0.02961,0.05888,0.28484,0.29961,1,1,29:09:2020,04:14:51,621,-32.12641,-64.72837,1141.0,lev20,Almucantar,0.8470905632940499,0.051957752783608604,0.48536369192287104,MA,Maritime,,Unknown
12:04:2019,20:24:22,ARM_Cordoba,102,102.850255,0.0582,0.0391,0.0339,0.032,0.0344,0.0139,0.0076,0.0054,0.0237,0.0252,0.0262,0.0267,0.808776,71.742154,71.161159,1.196065,0.051446,0.058003,4,10,7,6,4,10,7,6,4,10,7,6,4,10,7,6,0.03218,0.06411,0.31688,0.32947,1,1,15:02:2021,16:42:07,621,-32.12641,-64.72837,1141.0,lev20,Almucantar,ARM_Cordoba,102,102.850255,0.058003,0.037962,0.033361,0.032224,0.831727,71.742154,71.161159,1.196065,0.051446,0.058003,4,10,7,6,4,10,7,6,4,10,7,6,4,10,7,6,0.03218,0.06411,0.31688,0.32947,1,1,15:02:2021,16:42:07,621,-32.12641,-64.72837,1141.0,lev20,Almucantar,ARM_Cordoba,102,102.850255,,,,,,,,,71.742154,71.161159,1.196065,0.051446,0.058003,4,10,7,6,4,10,7,6,4,10,7,6,4,10,7,6,0.03218,0.06411,0.31688,0.32947,1,1,15:02:2021,16:42:07,621,-32.12641,-64.72837,1141.0,lev20,Almucantar,ARM_Cordoba,102,102.850255,,,,,71.742154,71.161159,1.196065,0.051446,0.058003,4,10,7,6,4,10,7,6,4,10,7,6,4,10,7,6,0.03218,0.06411,0.31688,0.32947,1,1,15:02:2021,16:42:07,621,-32.12641,-64.72837,1141.0,lev20,Almucantar,ARM_Cordoba,102,102.850255,,,,,,71.742154,71.161159,1.196065,0.051446,0.058003,4,10,7,6,4,10,7,6,4,10,7,6,4,10,7,6,0.03218,0.06411,0.31688,0.32947,1,1,15:02:2021,16:42:07,621,-32.12641,-64.72837,1141.0,lev20,Almucantar,0.7928057584649956,0.05259064865322052,0.4620154613587521,MA,Maritime,,Unknown
12:04:2019,20:49:50,ARM_Cordoba,102,102.86794,0.0606,0.0412,0.0361,0.0343,0.0343,0.0133,0.007,0.0047,0.0262,0.0279,0.0291,0.0296,0.776264,76.748037,76.152237,1.976441,0.038675,0.059994,4,10,7,6,4,10,7,6,4,10,7,6,4,10,7,6,0.03436,0.06852,0.34334,0.3539,1,1,29:09:2020,04:14:50,621,-32.12641,-64.72837,1141.0,lev20,Almucantar,ARM_Cordoba,102,102.86794,0.059994,0.040224,0.035605,0.03469,0.784561,76.748037,76.152237,1.976441,0.038675,0.059994,4,10,7,6,4,10,7,6,4,10,7,6,4,10,7,6,0.03436,0.06852,0.34334,0.3539,1,1,29:09:2020,04:14:50,621,-32.12641,-64.72837,1141.0,lev20,Almucantar,ARM_Cordoba,102,102.86794,,,,,,,,,76.748037,76.152237,1.976441,0.038675,0.059994,4,10,7,6,4,10,7,6,4,10,7,6,4,10,7,6,0.03436,0.06852,0.34334,0.3539,1,1,29:09:2020,04:14:50,621,-32.12641,-64.72837,1141.0,lev20,Almucantar,ARM_Cordoba,102,102.86794,,,,,76.748037,76.152237,1.976441,0.038675,0.059994,4,10,7,6,4,10,7,6,4,10,7,6,4,10,7,6,0.03436,0.06852,0.34334,0.3539,1,1,29:09:2020,04:14:50,621,-32.12641,-64.72837,1141.0,lev20,Almucantar,ARM_Cordoba,102,102.86794,,,,,,76.748037,76.152237,1.976441,0.038675,0.059994,4,10,7,6,4,10,7,6,4,10,7,6,4,10,7,6,0.03436,0.06852,0.34334,0.3539,1,1,29:09:2020,04:14:50,621,-32.12641,-64.72837,1141.0,lev20,Almucantar,0.7598474140491999,0.054990532623872865,0.4334298831260646,MA,Maritime,,Unknown
14:04:2019,11:55:26,ARM_Cordoba,104,104.496829,0.057,0.0361,0.0295,0.027,0.0393,0.0172,0.0098,0.0069,0.0177,0.0189,0.0197,0.0201,0.97893,74.669049,75.257064,1.716306,0.068364,0.057646,4,10,7,6,4,10,7,6,4,10,7,6,4,10,7,6,0.03305,0.06629,0.33254,0.34896,1,1,15:02:2021,17:52:27,621,-32.12641,-64.72837,1141.0,lev20,Almucantar,ARM_Cordoba,104,104.496829,0.057646,0.034947,0.028945,0.027509,1.029372,74.669049,75.257064,1.716306,0.068364,0.057646,4,10,7,6,4,10,7,6,4,10,7,6,4,10,7,6,0.03305,0.06629,0.33254,0.34896,1,1,15:02:2021,17:52:27,621,-32.12641,-64.72837,1141.0,lev20,Almucantar,ARM_Cordoba,104,104.496829,,,,,,,,,74.669049,75.257064,1.716306,0.068364,0.057646,4,10,7,6,4,10,7,6,4,10,7,6,4,10,7,6,0.03305,0.06629,0.33254,0.34896,1,1,15:02:2021,17:52:27,621,-32.12641,-64.72837,1141.0,lev20,Almucantar,ARM_Cordoba,104,104.496829,,,,,74.669049,75.257064,1.716306,0.068364,0.057646,4,10,7,6,4,10,7,6,4,10,7,6,4,10,7,6,0.03305,0.06629,0.33254,0.34896,1,1,15:02:2021,17:52:27,621,-32.12641,-64.72837,1141.0,lev20,Almucantar,ARM_Cordoba,104,104.496829,,,,,,74.669049,75.257064,1.716306,0.068364,0.057646,4,10,7,6,4,10,7,6,4,10,7,6,4,10,7,6,0.03305,0.06629,0.33254,0.34896,1,1,15:02:2021,17:52:27,621,-32.12641,-64.72837,1141.0,lev20,Almucantar,0.9661774166847409,0.05037734404943761,0.5807072134355435,MA,Maritime,,Unknown
14:04:2019,12:21:02,ARM_Cordoba,104,104.514606,0.0583,0.0366,0.0299,0.0275,0.04,0.0171,0.0096,0.0068,0.0183,0.0195,0.0204,0.0207,0.993027,69.729775,70.300493,1.396937,0.071584,0.058635,4,10,7,6,4,10,7,5,4,10,7,6,4,10,7,6,0.03128,0.06256,0.30925,0.32592,1,1,15:02:2021,17:52:30,621,-32.12641,-64.72837,1141.0,lev20,Almucantar,ARM_Cordoba,104,104.514606,0.058635,0.03517,0.029317,0.02807,1.037507,69.729775,70.300493,1.396937,0.071584,0.058635,4,10,7,6,4,10,7,5,4,10,7,6,4,10,7,6,0.03128,0.06256,0.30925,0.32592,1,1,15:02:2021,17:52:30,621,-32.12641,-64.72837,1141.0,lev20,Almucantar,ARM_Cordoba,104,104.514606,,,,,,,,,69.729775,70.300493,1.396937,0.071584,0.058635,4,10,7,6,4,10,7,5,4,10,7,6,4,10,7,6,0.03128,0.06256,0.30925,0.32592,1,1,15:02:2021,17:52:30,621,-32.12641,-64.72837,1141.0,lev20,Almucantar,ARM_Cordoba,104,104.514606,,,,,69.729775,70.300493,1.396937,0.071584,0.058635,4,10,7,6,4,10,7,5,4,10,7,6,4,10,7,6,0.03128,0.06256,0.30925,0.32592,1,1,15:02:2021,17:52:30,621,-32.12641,-64.72837,1141.0,lev20,Almucantar,ARM_Cordoba,104,104.514606,,,,,,69.729775,70.300493,1.396937,0.071584,0.058635,4,10,7,6,4,10,7,5,4,10,7,6,4,10,7,6,0.03128,0.06256,0.30925,0.32592,1,1,15:02:2021,17:52:30,621,-32.12641,-64.72837,1141.0,lev20,Almucantar,0.979500523912122,0.051438619320560285,0.572901543592965,MA,Maritime,,Unknown
14:04:2019,13:18:26,ARM_Cordoba,104,104.554468,0.0631,0.0385,0.0309,0.0278,0.0445,0.0186,0.0101,0.0066,0.0186,0.0199,0.0208,0.0212,1.060873,59.359573,59.870508,2.178329,0.097549,0.062443,3,11,7,5,3,11,7,5,3,10,8,5,3,10,8,4,0.0288,0.05737,0.27637,0.29355,1,1,15:02:2021,17:53:59,621,-32.12641,-64.72837,1141.0,lev20,Almucantar,ARM_Cordoba,104,104.554468,0.062443,0.03684,0.031295,0.029319,1.038327,59.359573,59.870508,2.178329,0.097549,0.062443,3,11,7,5,3,11,7,5,3,10,8,5,3,10,8,4,0.0288,0.05737,0.27637,0.29355,1,1,15:02:2021,17:53:59,621,-32.12641,-64.72837,1141.0,lev20,Almucantar,ARM_Cordoba,104,104.554468,,,,,,,,,59.359573,59.870508,2.178329,0.097549,0.062443,3,11,7,5,3,11,7,5,3,10,8,5,3,10,8,4,0.0288,0.05737,0.27637,0.29355,1,1,15:02:2021,17:53:59,621,-32.12641,-64.72837,1141.0,lev20,Almucantar,ARM_Cordoba,104,104.554468,,,,,59.359573,59.870508,2.178329,0.097549,0.062443,3,11,7,5,3,11,7,5,3,10,8,5,3,10,8,4,0.0288,0.05737,0.27637,0.29355,1,1,15:02:2021,17:53:59,621,-32.12641,-64.72837,1141.0,lev20,Almucantar,ARM_Cordoba,104,104.554468,,,,,,59.359573,59.870508,2.178329,0.097549,0.062443,3,11,7,5,3,11,7,5,3,10,8,5,3,10,8,4,0.0288,0.05737,0.27637,0.29355,1,1,15:02:2021,17:53:59,621,-32.12641,-64.72837,1141.0,lev20,Almucantar,1.0473011978245206,0.055193253490735394,0.5956548294843393,MA,Maritime,,Unknown
14:04:2019,13:28:00,ARM_Cordoba,104,104.561111,0.0644,0.0385,0.0311,0.0286,0.0459,0.0187,0.0103,0.0074,0.0185,0.0197,0.0207,0.0212,1.084165,57.758245,58.255682,2.573064,0.075977,0.063542,4,10,7,5,4,10,7,5,4,10,7,5,4,10,6,4,0.02852,0.0568,0.27263,0.28987,1,1,15:02:2021,17:52:59,621,-32.12641,-64.72837,1141.0,lev20,Almucantar,ARM_Cordoba,104,104.561111,0.063542,0.037111,0.031301,0.02964,1.063566,57.758245,58.255682,2.573064,0.075977,0.063542,4,10,7,5,4,10,7,5,4,10,7,5,4,10,6,4,0.02852,0.0568,0.27263,0.28987,1,1,15:02:2021,17:52:59,621,-32.12641,-64.72837,1141.0,lev20,Almucantar,ARM_Cordoba,104,104.561111,,,,,,,,,57.758245,58.255682,2.573064,0.075977,0.063542,4,10,7,5,4,10,7,5,4,10,7,5,4,10,6,4,0.02852,0.0568,0.27263,0.28987,1,1,15:02:2021,17:52:59,621,-32.12641,-64.72837,1141.0,lev20,Almucantar,ARM_Cordoba,104,104.561111,,,,,57.758245,58.255682,2.573064,0.075977,0.063542,4,10,7,5,4,10,7,5,4,10,7,5,4,10,6,4,0.02852,0.0568,0.27263,0.28987,1,1,15:02:2021,17:52:59,621,-32.12641,-64.72837,1141.0,lev20,Almucantar,ARM_Cordoba,104,104.561111,,,,,,57.758245,58.255682,2.573064,0.075977,0.063542,4,10,7,5,4,10,7,5,4,10,7,5,4,10,6,4,0.02852,0.0568,0.27263,0.28987,1,1,15:02:2021,17:52:59,621,-32.12641,-64.72837,1141.0,lev20,Almucantar,1.0677513229037077,0.056183289991134824,0.5938037222702477,MA,Maritime,,Unknown
17:04:2019,14:20:29,ARM_Cordoba,107,107.597558,0.0381,0.0204,0.0143,0.0119,0.0322,0.014,0.0076,0.0051,0.0059,0.0063,0.0066,0.0068,1.44329,50.71171,51.102545,4.74724,0.218831,0.040293,3,10,8,4,3,10,8,4,3,10,8,4,3,10,8,3,0.02774,0.05567,0.25007,0.26936,1,1,15:02:2021,18:17:49,621,-32.12641,-64.72837,1141.0,lev20,Almucantar,ARM_Cordoba,107,107.597558,0.040293,0.019526,0.016471,0.014857,1.354559,50.71171,51.102545,4.74724,0.218831,0.040293,3,10,8,4,3,10,8,4,3,10,8,4,3,10,8,3,0.02774,0.05567,0.25007,0.26936,1,1,15:02:2021,18:17:49,621,-32.12641,-64.72837,1141.0,lev20,Almucantar,ARM_Cordoba,107,107.597558,,,,,,,,,50.71171,51.102545,4.74724,0.218831,0.040293,3,10,8,4,3,10,8,4,3,10,8,4,3,10,8,3,0.02774,0.05567,0.25007,0.26936,1,1,15:02:2021,18:17:49,621,-32.12641,-64.72837,1141.0,lev20,Almucantar,ARM_Cordoba,107,107.597558,,,,,50.71171,51.102545,4.74724,0.218831,0.040293,3,10,8,4,3,10,8,4,3,10,8,4,3,10,8,3,0.02774,0.05567,0.25007,0.26936,1,1,15:02:2021,18:17:49,621,-32.12641,-64.72837,1141.0,lev20,Almucantar,ARM_Cordoba,107,107.597558,,,,,,50.71171,51.102545,4.74724,0.218831,0.040293,3,10,8,4,3,10,8,4,3,10,8,4,3,10,8,3,0.02774,0.05567,0.25007,0.26936,1,1,15:02:2021,18:17:49,621,-32.12641,-64.72837,1141.0,lev20,Almucantar,1.4374771504777724,0.03170443991604223,0.7732036261331439,BCH,Maritime,,Unknown
17:04:2019,18:20:29,ARM_Cordoba,107,107.764225,0.0446,0.0235,0.0163,0.0134,0.0391,0.0178,0.0103,0.0073,0.0054,0.0057,0.006,0.0061,1.482269,52.084185,51.676671,1.201701,0.190901,0.04385,3,10,8,4,3,10,8,4,3,10,8,4,3,10,8,4,0.02792,0.05596,0.25177,0.27013,1,1,15:02:2021,18:18:27,621,-32.12641,-64.72837,1141.0,lev20,Almucantar,ARM_Cordoba,107,107.764225,0.04385,0.021481,0.017244,0.015981,1.402986,52.084185,51.676671,1.201701,0.190901,0.04385,3,10,8,4,3,10,8,4,3,10,8,4,3,10,8,4,0.02792,0.05596,0.25177,0.27013,1,1,15:02:2021,18:18:27,621,-32.12641,-64.72837,1141.0,lev20,Almucantar,ARM_Cordoba,107,107.764225,,,,,,,,,52.084185,51.676671,1.201701,0.190901,0.04385,3,10,8,4,3,10,8,4,3,10,8,4,3,10,8,4,0.02792,0.05596,0.25177,0.27013,1,1,15:02:2021,18:18:27,621,-32.12641,-64.72837,1141.0,lev20,Almucantar,ARM_Cordoba,107,107.764225,,,,,52.084185,51.676671,1.201701,0.190901,0.04385,3,10,8,4,3,10,8,4,3,10,8,4,3,10,8,4,0.02792,0.05596,0.25177,0.27013,1,1,15:02:2021,18:18:27,621,-32.12641,-64.72837,1141.0,lev20,Almucantar,ARM_Cordoba,107,107.764225,,,,,,52.084185,51.676671,1.201701,0.190901,0.04385,3,10,8,4,3,10,8,4,3,10,8,4,3,10,8,4,0.02792,0.05596,0.25177,0.27013,1,1,15:02:2021,18:18:27,621,-32.12641,-64.72837,1141.0,lev20,Almucantar,1.4765167349138641,0.03692857888142414,0.8231760157295921,BCH,Maritime,,Unknown
17:04:2019,19:20:32,ARM_Cordoba,107,107.805926,0.0547,0.0286,0.0189,0.0155,0.0467,0.0201,0.01,0.0063,0.008,0.0085,0.0089,0.0091,1.558215,61.423841,60.912283,2.300286,0.168413,0.05414,3,10,8,5,3,10,8,5,3,10,8,5,3,10,8,5,0.02917,0.05848,0.26891,0.28573,1,1,29:09:2020,04:20:31,621,-32.12641,-64.72837,1141.0,lev20,Almucantar,ARM_Cordoba,107,107.805926,0.05414,0.026822,0.019922,0.017749,1.488053,61.423841,60.912283,2.300286,0.168413,0.05414,3,10,8,5,3,10,8,5,3,10,8,5,3,10,8,5,0.02917,0.05848,0.26891,0.28573,1,1,29:09:2020,04:20:31,621,-32.12641,-64.72837,1141.0,lev20,Almucantar,ARM_Cordoba,107,107.805926,,,,,,,,,61.423841,60.912283,2.300286,0.168413,0.05414,3,10,8,5,3,10,8,5,3,10,8,5,3,10,8,5,0.02917,0.05848,0.26891,0.28573,1,1,29:09:2020,04:20:31,621,-32.12641,-64.72837,1141.0,lev20,Almucantar,ARM_Cordoba,107,107.805926,,,,,61.423841,60.912283,2.300286,0.168413,0.05414,3,10,8,5,3,10,8,5,3,10,8,5,3,10,8,5,0.02917,0.05848,0.26891,0.28573,1,1,29:09:2020,04:20:31,621,-32.12641,-64.72837,1141.0,lev20,Almucantar,ARM_Cordoba,107,107.805926,,,,,,61.423841,60.912283,2.300286,0.168413,0.05414,3,10,8,5,3,10,8,5,3,10,8,5,3,10,8,5,0.02917,0.05848,0.26891,0.28573,1,1,29:09:2020,04:20:31,621,-32.12641,-64.72837,1141.0,lev20,Almucantar,1.5588572279558683,0.04481709871167973,0.7914967842620063,BCH,Maritime,,Unknown
28:04:2019,14:18:27,ARM_Cordoba,118,118.596146,0.0409,0.0278,0.0279,0.0226,0.0383,0.0251,0.0252,0.0198,0.0026,0.0027,0.0028,0.0028,0.597466,53.849403,54.218765,2.815801,0.199387,0.039684,4,10,8,4,4,10,8,4,4,8,8,4,4,8,8,4,0.02843,0.05818,0.24653,0.26738,1,1,29:09:2020,04:36:11,621,-32.12641,-64.72837,1141.0,lev20,Almucantar,ARM_Cordoba,118,118.596146,0.039684,0.028285,0.026964,0.026448,0.591287,53.849403,54.218765,2.815801,0.199387,0.039684,4,10,8,4,4,10,8,4,4,8,8,4,4,8,8,4,0.02843,0.05818,0.24653,0.26738,1,1,29:09:2020,04:36:11,621,-32.12641,-64.72837,1141.0,lev20,Almucantar,ARM_Cordoba,118,118.596146,,,,,,,,,53.849403,54.218765,2.815801,0.199387,0.039684,4,10,8,4,4,10,8,4,4,8,8,4,4,8,8,4,0.02843,0.05818,0.24653,0.26738,1,1,29:09:2020,04:36:11,621,-32.12641,-64.72837,1141.0,lev20,Almucantar,ARM_Cordoba,118,118.596146,,,,,53.849403,54.218765,2.815801,0.199387,0.039684,4,10,8,4,4,10,8,4,4,8,8,4,4,8,8,4,0.02843,0.05818,0.24653,0.26738,1,1,29:09:2020,04:36:11,621,-32.12641,-64.72837,1141.0,lev20,Almucantar,ARM_Cordoba,118,118.596146,,,,,,53.849403,54.218765,2.815801,0.199387,0.039684,4,10,8,4,4,10,8,4,4,8,8,4,4,8,8,4,0.02843,0.05818,0.24653,0.26738,1,1,29:09:2020,04:36:11,621,-32.12641,-64.72837,1141.0,lev20,Almucantar,0.5610869923372871,0.038069156786002555,0.9230823471857794,Unclassified,Maritime,,Unknown
28:04:2019,20:29:15,ARM_Cordoba,118,118.853646,0.061,0.037,0.0303,0.0275,0.0485,0.0236,0.0165,0.0136,0.0126,0.0134,0.0138,0.0139,1.043492,76.678189,76.113309,2.30665,0.049842,0.061073,4,10,7,6,4,10,7,6,4,10,7,5,4,10,6,6,0.03392,0.07052,0.31526,0.32948,1,1,29:09:2020,04:35:54,621,-32.12641,-64.72837,1141.0,lev20,Almucantar,ARM_Cordoba,118,118.853646,0.061073,0.03603,0.029875,0.028286,1.070375,76.678189,76.113309,2.30665,0.049842,0.061073,4,10,7,6,4,10,7,6,4,10,7,5,4,10,6,6,0.03392,0.07052,0.31526,0.32948,1,1,29:09:2020,04:35:54,621,-32.12641,-64.72837,1141.0,lev20,Almucantar,ARM_Cordoba,118,118.853646,,,,,,,,,76.678189,76.113309,2.30665,0.049842,0.061073,4,10,7,6,4,10,7,6,4,10,7,5,4,10,6,6,0.03392,0.07052,0.31526,0.32948,1,1,29:09:2020,04:35:54,621,-32.12641,-64.72837,1141.0,lev20,Almucantar,ARM_Cordoba,118,118.853646,,,,,76.678189,76.113309,2.30665,0.049842,0.061073,4,10,7,6,4,10,7,6,4,10,7,5,4,10,6,6,0.03392,0.07052,0.31526,0.32948,1,1,29:09:2020,04:35:54,621,-32.12641,-64.72837,1141.0,lev20,Almucantar,ARM_Cordoba,118,118.853646,,,,,,76.678189,76.113309,2.30665,0.049842,0.061073,4,10,7,6,4,10,7,6,4,10,7,5,4,10,6,6,0.03392,0.07052,0.31526,0.32948,1,1,29:09:2020,04:35:54,621,-32.12641,-64.72837,1141.0,lev20,Almucantar,1.026415107298477,0.05349904270827841,0.7131392255837498,Unclassified,Maritime,,Unknown
30:04:2019,19:59:27,ARM_Cordoba,120,120.832951,0.0471,0.0293,0.0234,0.0213,0.0413,0.0232,0.0171,0.015,0.0059,0.0061,0.0063,0.0064,1.037183,71.632102,71.094769,2.746221,0.167435,0.047657,4,10,7,6,4,10,7,6,4,10,7,6,4,10,7,6,0.03204,0.0663,0.29205,0.30826,1,1,29:09:2020,04:40:09,621,-32.12641,-64.72837,1141.0,lev20,Almucantar,ARM_Cordoba,120,120.832951,0.047657,0.030044,0.024758,0.023969,0.975033,71.632102,71.094769,2.746221,0.167435,0.047657,4,10,7,6,4,10,7,6,4,10,7,6,4,10,7,6,0.03204,0.0663,0.29205,0.30826,1,1,29:09:2020,04:40:09,621,-32.12641,-64.72837,1141.0,lev20,Almucantar,ARM_Cordoba,120,120.832951,,,,,,,,,71.632102,71.094769,2.746221,0.167435,0.047657,4,10,7,6,4,10,7,6,4,10,7,6,4,10,7,6,0.03204,0.0663,0.29205,0.30826,1,1,29:09:2020,04:40:09,621,-32.12641,-64.72837,1141.0,lev20,Almucantar,ARM_Cordoba,120,120.832951,,,,,71.632102,71.094769,2.746221,0.167435,0.047657,4,10,7,6,4,10,7,6,4,10,7,6,4,10,7,6,0.03204,0.0663,0.29205,0.30826,1,1,29:09:2020,04:40:09,621,-32.12641,-64.72837,1141.0,lev20,Almucantar,ARM_Cordoba,120,120.832951,,,,,,71.632102,71.094769,2.746221,0.167435,0.047657,4,10,7,6,4,10,7,6,4,10,7,6,4,10,7,6,0.03204,0.0663,0.29205,0.30826,1,1,29:09:2020,04:40:09,621,-32.12641,-64.72837,1141.0,lev20,Almucantar,1.0261376129903323,0.041309742594558295,0.8325012700365046,Unclassified,Maritime,,Unknown
30:04:2019,20:26:48,ARM_Cordoba,120,120.851944,0.0432,0.0277,0.0223,0.0204,0.0364,0.0206,0.015,0.0131,0.0068,0.007,0.0073,0.0074,0.979391,76.653806,76.093144,2.453441,0.056481,0.044463,4,10,7,6,4,10,7,5,4,10,7,5,4,10,7,5,0.0339,0.07051,0.3152,0.32938,1,1,29:09:2020,04:38:31,621,-32.12641,-64.72837,1141.0,lev20,Almucantar,ARM_Cordoba,120,120.851944,0.044463,0.026954,0.021738,0.021122,1.064569,76.653806,76.093144,2.453441,0.056481,0.044463,4,10,7,6,4,10,7,5,4,10,7,5,4,10,7,5,0.0339,0.07051,0.3152,0.32938,1,1,29:09:2020,04:38:31,621,-32.12641,-64.72837,1141.0,lev20,Almucantar,ARM_Cordoba,120,120.851944,,,,,,,,,76.653806,76.093144,2.453441,0.056481,0.044463,4,10,7,6,4,10,7,5,4,10,7,5,4,10,7,5,0.0339,0.07051,0.3152,0.32938,1,1,29:09:2020,04:38:31,621,-32.12641,-64.72837,1141.0,lev20,Almucantar,ARM_Cordoba,120,120.851944,,,,,76.653806,76.093144,2.453441,0.056481,0.044463,4,10,7,6,4,10,7,5,4,10,7,5,4,10,7,5,0.0339,0.07051,0.3152,0.32938,1,1,29:09:2020,04:38:31,621,-32.12641,-64.72837,1141.0,lev20,Almucantar,ARM_Cordoba,120,120.851944,,,,,,76.653806,76.093144,2.453441,0.056481,0.044463,4,10,7,6,4,10,7,5,4,10,7,5,4,10,7,5,0.0339,0.07051,0.3152,0.32938,1,1,29:09:2020,04:38:31,621,-32.12641,-64.72837,1141.0,lev20,Almucantar,0.969980764185606,0.0381621651561946,0.7907695508135067,Unclassified,Maritime,,Unknown
