Date,Time,AOD_Site,AOD_Day_of_Year,AOD_Day_of_Year(Fraction),AOD_Extinction-Total[440nm],AOD_Extinction-Total[675nm],AOD_Extinction-Total[870nm],AOD_Extinction-Total[1020nm],AOD_Extinction-Fine[440nm],AOD_Extinction-Fine[675nm],AOD_Extinction-Fine[870nm],AOD_Extinction-Fine[1020nm],AOD_Extinction-Coarse[440nm],AOD_Extinction-Coarse[675nm],AOD_Extinction-Coarse[870nm],AOD_Extinction-Coarse[1020nm],AOD_Extinction_Angstrom_Exponent_440-870nm-Total,AOD_Average_Solar_Zenith_Angles_for_Flux_Calculation(Degrees),AOD_Solar_Zenith_Angle_for_Measurement_Start(Degrees),AOD_Sky_Residual(%),AOD_Sun_Residual(%),AOD_Coincident_AOD440nm,AOD_Scattering_Angle_Bin_3.2_to_<6_degrees[440nm],AOD_Scattering_Angle_Bin_6_to_<30_degrees[440nm],AOD_Scattering_Angle_Bin_30_to_<80_degrees[440nm],AOD_Scattering_Angle_Bin_80_degrees_and_over[440nm],AOD_Scattering_Angle_Bin_3.2_to_<6_degrees[675nm],AOD_Scattering_Angle_Bin_6_to_<30_degrees[675nm],AOD_Scattering_Angle_Bin_30_to_<80_degrees[675nm],AOD_Scattering_Angle_Bin_80_degrees_and_over[675nm],AOD_Scattering_Angle_Bin_3.2_to_<6_degrees[870nm],AOD_Scattering_Angle_Bin_6_to_<30_degrees[870nm],AOD_Scattering_Angle_Bin_30_to_<80_degrees[870nm],AOD_Scattering_Angle_Bin_80_degrees_and_over[870nm],AOD_Scattering_Angle_Bin_3.2_to_<6_degrees[1020nm],AOD_Scattering_Angle_Bin_6_to_<30_degrees[1020nm],AOD_Scattering_Angle_Bin_30_to_<80_degrees[1020nm],AOD_Scattering_Angle_Bin_80_degrees_and_over[1020nm],AOD_Surface_Albedo[440m],AOD_Surface_Albedo[675m],AOD_Surface_Albedo[870m],AOD_Surface_Albedo[1020m],AOD_If_Retrieval_is_L2(without_L2_0.4_AOD_440_threshold),AOD_If_AOD_is_L2,AOD_Last_Processing_Date(dd:mm:yyyy),AOD_Last_Processing_Time(hh:mm:ss),AOD_Instrument_Number,AOD_Latitude(Degrees),AOD_Longitude(Degrees),AOD_Elevation(m),AOD_Inversion_Data_Quality_Level,AOD_Retrieval_Measurement_Scan_Type,CAD_Site,CAD_Day_of_Year,CAD_Day_of_Year(Fraction),CAD_AOD_Coincident_Input[440nm],CAD_AOD_Coincident_Input[675nm],CAD_AOD_Coincident_Input[870nm],CAD_AOD_Coincident_Input[1020nm],CAD_Angstrom_Exponent_440-870nm_from_Coincident_Input_AOD,CAD_Average_Solar_Zenith_Angles_for_Flux_Calculation(Degrees),CAD_Solar_Zenith_Angle_for_Measurement_Start(Degrees),CAD_Sky_Residual(%),CAD_Sun_Residual(%),CAD_Coincident_AOD440nm,CAD_Scattering_Angle_Bin_3.2_to_<6_degrees[440nm],CAD_Scattering_Angle_Bin_6_to_<30_degrees[440nm],CAD_Scattering_Angle_Bin_30_to_<80_degrees[440nm],CAD_Scattering_Angle_Bin_80_degrees_and_over[440nm],CAD_Scattering_Angle_Bin_3.2_to_<6_degrees[675nm],CAD_Scattering_Angle_Bin_6_to_<30_degrees[675nm],CAD_Scattering_Angle_Bin_30_to_<80_degrees[675nm],CAD_Scattering_Angle_Bin_80_degrees_and_over[675nm],CAD_Scattering_Angle_Bin_3.2_to_<6_degrees[870nm],CAD_Scattering_Angle_Bin_6_to_<30_degrees[870nm],CAD_Scattering_Angle_Bin_30_to_<80_degrees[870nm],CAD_Scattering_Angle_Bin_80_degrees_and_over[870nm],CAD_Scattering_Angle_Bin_3.2_to_<6_degrees[1020nm],CAD_Scattering_Angle_Bin_6_to_<30_degrees[1020nm],CAD_Scattering_Angle_Bin_30_to_<80_degrees[1020nm],CAD_Scattering_Angle_Bin_80_degrees_and_over[1020nm],CAD_Surface_Albedo[440m],CAD_Surface_Albedo[675m],CAD_Surface_Albedo[870m],CAD_Surface_Albedo[1020m],CAD_If_Retrieval_is_L2(without_L2_0.4_AOD_440_threshold),CAD_If_AOD_is_L2,CAD_Last_Processing_Date(dd:mm:yyyy),CAD_Last_Processing_Time(hh:mm:ss),CAD_Instrument_Number,CAD_Latitude(Degrees),CAD_Longitude(Degrees),CAD_Elevation(m),CAD_Inversion_Data_Quality_Level,CAD_Retrieval_Measurement_Scan_Type,RIN_Site,RIN_Day_of_Year,RIN_Day_of_Year(Fraction),RIN_Refractive_Index-Real_Part[440nm],RIN_Refractive_Index-Real_Part[675nm],RIN_Refractive_Index-Real_Part[870nm],RIN_Refractive_Index-Real_Part[1020nm],RIN_Refractive_Index-Imaginary_Part[440nm],RIN_Refractive_Index-Imaginary_Part[675nm],RIN_Refractive_Index-Imaginary_Part[870nm],RIN_Refractive_Index-Imaginary_Part[1020nm],RIN_Average_Solar_Zenith_Angles_for_Flux_Calculation(Degrees),RIN_Solar_Zenith_Angle_for_Measurement_Start(Degrees),RIN_Sky_Residual(%),RIN_Sun_Residual(%),RIN_Coincident_AOD440nm,RIN_Scattering_Angle_Bin_3.2_to_<6_degrees[440nm],RIN_Scattering_Angle_Bin_6_to_<30_degrees[440nm],RIN_Scattering_Angle_Bin_30_to_<80_degrees[440nm],RIN_Scattering_Angle_Bin_80_degrees_and_over[440nm],RIN_Scattering_Angle_Bin_3.2_to_<6_degrees[675nm],RIN_Scattering_Angle_Bin_6_to_<30_degrees[675nm],RIN_Scattering_Angle_Bin_30_to_<80_degrees[675nm],RIN_Scattering_Angle_Bin_80_degrees_and_over[675nm],RIN_Scattering_Angle_Bin_3.2_to_<6_degrees[870nm],RIN_Scattering_Angle_Bin_6_to_<30_degrees[870nm],RIN_Scattering_Angle_Bin_30_to_<80_degrees[870nm],RIN_Scattering_Angle_Bin_80_degrees_and_over[870nm],RIN_Scattering_Angle_Bin_3.2_to_<6_degrees[1020nm],RIN_Scattering_Angle_Bin_6_to_<30_degrees[1020nm],RIN_Scattering_Angle_Bin_30_to_<80_degrees[1020nm],RIN_Scattering_Angle_Bin_80_degrees_and_over[1020nm],RIN_Surface_Albedo[440m],RIN_Surface_Albedo[675m],RIN_Surface_Albedo[870m],RIN_Surface_Albedo[1020m],RIN_If_Retrieval_is_L2(without_L2_0.4_AOD_440_threshold),RIN_If_AOD_is_L2,RIN_Last_Processing_Date(dd:mm:yyyy),RIN_Last_Processing_Time(hh:mm:ss),RIN_Instrument_Number,RIN_Latitude(Degrees),RIN_Longitude(Degrees),RIN_Elevation(m),RIN_Inversion_Data_Quality_Level,RIN_Retrieval_Measurement_Scan_Type,SSA_Site,SSA_Day_of_Year,SSA_Day_of_Year(Fraction),Single_Scattering_Albedo[440nm],Single_Scattering_Albedo[675nm],Single_Scattering_Albedo[870nm],Single_Scattering_Albedo[1020nm],SSA_Average_Solar_Zenith_Angles_for_Flux_Calculation(Degrees),SSA_Solar_Zenith_Angle_for_Measurement_Start(Degrees),SSA_Sky_Residual(%),SSA_Sun_Residual(%),SSA_Coincident_AOD440nm,SSA_Scattering_Angle_Bin_3.2_to_<6_degrees[440nm],SSA_Scattering_Angle_Bin_6_to_<30_degrees[440nm],SSA_Scattering_Angle_Bin_30_to_<80_degrees[440nm],SSA_Scattering_Angle_Bin_80_degrees_and_over[440nm],SSA_Scattering_Angle_Bin_3.2_to_<6_degrees[675nm],SSA_Scattering_Angle_Bin_6_to_<30_degrees[675nm],SSA_Scattering_Angle_Bin_30_to_<80_degrees[675nm],SSA_Scattering_Angle_Bin_80_degrees_and_over[675nm],SSA_Scattering_Angle_Bin_3.2_to_<6_degrees[870nm],SSA_Scattering_Angle_Bin_6_to_<30_degrees[870nm],SSA_Scattering_Angle_Bin_30_to_<80_degrees[870nm],SSA_Scattering_Angle_Bin_80_degrees_and_over[870nm],SSA_Scattering_Angle_Bin_3.2_to_<6_degrees[1020nm],SSA_Scattering_Angle_Bin_6_to_<30_degrees[1020nm],SSA_Scattering_Angle_Bin_30_to_<80_degrees[1020nm],SSA_Scattering_Angle_Bin_80_degrees_and_over[1020nm],SSA_Surface_Albedo[440m],SSA_Surface_Albedo[675m],SSA_Surface_Albedo[870m],SSA_Surface_Albedo[1020m],SSA_If_Retrieval_is_L2(without_L2_0.4_AOD_440_threshold),SSA_If_AOD_is_L2,SSA_Last_Processing_Date(dd:mm:yyyy),SSA_Last_Processing_Time(hh:mm:ss),SSA_Instrument_Number,SSA_Latitude(Degrees),SSA_Longitude(Degrees),SSA_Elevation(m),SSA_Inversion_Data_Quality_Level,SSA_Retrieval_Measurement_Scan_Type,TAB_Site,TAB_Day_of_Year,TAB_Day_of_Year(Fraction),TAB_Absorption_AOD[440nm],TAB_Absorption_AOD[675nm],TAB_Absorption_AOD[870nm],TAB_Absorption_AOD[1020nm],TAB_Absorption_Angstrom_Exponent_440-870nm,TAB_Average_Solar_Zenith_Angles_for_Flux_Calculation(Degrees),TAB_Solar_Zenith_Angle_for_Measurement_Start(Degrees),TAB_Sky_Residual(%),TAB_Sun_Residual(%),TAB_Coincident_AOD440nm,TAB_Scattering_Angle_Bin_3.2_to_<6_degrees[440nm],TAB_Scattering_Angle_Bin_6_to_<30_degrees[440nm],TAB_Scattering_Angle_Bin_30_to_<80_degrees[440nm],TAB_Scattering_Angle_Bin_80_degrees_and_over[440nm],TAB_Scattering_Angle_Bin_3.2_to_<6_degrees[675nm],TAB_Scattering_Angle_Bin_6_to_<30_degrees[675nm],TAB_Scattering_Angle_Bin_30_to_<80_degrees[675nm],TAB_Scattering_Angle_Bin_80_degrees_and_over[675nm],TAB_Scattering_Angle_Bin_3.2_to_<6_degrees[870nm],TAB_Scattering_Angle_Bin_6_to_<30_degrees[870nm],TAB_Scattering_Angle_Bin_30_to_<80_degrees[870nm],TAB_Scattering_Angle_Bin_80_degrees_and_over[870nm],TAB_Scattering_Angle_Bin_3.2_to_<6_degrees[1020nm],TAB_Scattering_Angle_Bin_6_to_<30_degrees[1020nm],TAB_Scattering_Angle_Bin_30_to_<80_degrees[1020nm],TAB_Scattering_Angle_Bin_80_degrees_and_over[1020nm],TAB_Surface_Albedo[440m],TAB_Surface_Albedo[675m],TAB_Surface_Albedo[870m],TAB_Surface_Albedo[1020m],TAB_If_Retrieval_is_L2(without_L2_0.4_AOD_440_threshold),TAB_If_AOD_is_L2,TAB_Last_Processing_Date(dd:mm:yyyy),TAB_Last_Processing_Time(hh:mm:ss),TAB_Instrument_Number,TAB_Latitude(Degrees),TAB_Longitude(Degrees),TAB_Elevation(m),TAB_Inversion_Data_Quality_Level,TAB_Retrieval_Measurement_Scan_Type,AE,AOD_Extinction-Total[500nm],FMF,Label,Source,Day_of_Year,Season
30:12:2013,12:38:54,ARM_Manacapuru,364,364.527014,0.176,0.1176,0.0939,0.0812,0.1278,0.0624,0.0359,0.023,0.0482,0.0552,0.058,0.0582,0.924839,52.922337,53.590711,1.750052,0.137263,0.174225,3,10,8,4,3,10,8,4,3,10,8,4,4,10,6,3,0.0257,0.04075,0.34178,0.34377,1,1,03:02:2021,04:04:25,620,-3.212972,-60.598056,49.99,lev20,Almucantar,ARM_Manacapuru,364,364.527014,0.174225,0.115696,0.095742,0.080347,0.887468,52.922337,53.590711,1.750052,0.137263,0.174225,3,10,8,4,3,10,8,4,3,10,8,4,4,10,6,3,0.0257,0.04075,0.34178,0.34377,1,1,03:02:2021,04:04:25,620,-3.212972,-60.598056,49.99,lev20,Almucantar,ARM_Manacapuru,364,364.527014,1.4874,1.4884,1.4857,1.4715500000000001,0.0108375,0.009917,0.011362500000000001,0.011211,52.922337,53.590711,1.750052,0.137263,0.174225,3,10,8,4,3,10,8,4,3,10,8,4,4,10,6,3,0.0257,0.04075,0.34178,0.34377,1,1,03:02:2021,04:04:25,620,-3.212972,-60.598056,49.99,lev20,Almucantar,ARM_Manacapuru,364,364.527014,0.92575,0.91445,0.88515,0.8743000000000001,52.922337,53.590711,1.750052,0.137263,0.174225,3,10,8,4,3,10,8,4,3,10,8,4,4,10,6,3,0.0257,0.04075,0.34178,0.34377,1,1,03:02:2021,04:04:25,620,-3.212972,-60.598056,49.99,lev20,Almucantar,ARM_Manacapuru,364,364.527014,0.0495225,0.028158000000000002,0.0253755,0.021417,1.041159,52.922337,53.590711,1.750052,0.137263,0.174225,3,10,8,4,3,10,8,4,3,10,8,4,4,10,6,3,0.0257,0.04075,0.34178,0.34377,1,1,03:02:2021,04:04:25,620,-3.212972,-60.598056,49.99,lev20,Almucantar,0.921573380934408,0.1564405651831085,0.6345524474160726,Unclassified,Maritime,,Unknown
10:03:2014,11:32:23,ARM_Manacapuru,69,69.480822,0.1427,0.1023,0.0885,0.0818,0.0892,0.0412,0.024,0.0165,0.0536,0.061,0.0645,0.0652,0.70969,69.129976,69.876101,1.80107,0.091421,0.142221,4,10,7,6,4,10,7,5,4,10,7,4,4,10,7,4,0.02935,0.04651,0.39082,0.3902,1,1,03:02:2021,07:58:46,620,-3.212972,-60.598056,49.99,lev20,Almucantar,ARM_Manacapuru,69,69.480822,0.142221,0.101376,0.08946,0.080131,0.692483,69.129976,69.876101,1.80107,0.091421,0.142221,4,10,7,6,4,10,7,5,4,10,7,4,4,10,7,4,0.02935,0.04651,0.39082,0.3902,1,1,03:02:2021,07:58:46,620,-3.212972,-60.598056,49.99,lev20,Almucantar,ARM_Manacapuru,69,69.480822,1.4874,1.4884,1.4857,1.4715500000000001,0.0108375,0.009917,0.011362500000000001,0.011211,69.129976,69.876101,1.80107,0.091421,0.142221,4,10,7,6,4,10,7,5,4,10,7,4,4,10,7,4,0.02935,0.04651,0.39082,0.3902,1,1,03:02:2021,07:58:46,620,-3.212972,-60.598056,49.99,lev20,Almucantar,ARM_Manacapuru,69,69.480822,0.92575,0.91445,0.88515,0.8743000000000001,69.129976,69.876101,1.80107,0.091421,0.142221,4,10,7,6,4,10,7,5,4,10,7,4,4,10,7,4,0.02935,0.04651,0.39082,0.3902,1,1,03:02:2021,07:58:46,620,-3.212972,-60.598056,49.99,lev20,Almucantar,ARM_Manacapuru,69,69.480822,0.0495225,0.028158000000000002,0.0253755,0.021417,1.041159,69.129976,69.876101,1.80107,0.091421,0.142221,4,10,7,6,4,10,7,5,4,10,7,4,4,10,7,4,0.02935,0.04651,0.39082,0.3902,1,1,03:02:2021,07:58:46,620,-3.212972,-60.598056,49.99,lev20,Almucantar,0.7007906975761258,0.13047218821046488,0.5092360200137444,MA,Maritime,,Unknown
29:03:2014,19:43:55,ARM_Manacapuru,88,88.822164,0.068,0.044,0.0348,0.0302,0.0521,0.0252,0.0151,0.0107,0.0159,0.0188,0.0198,0.0195,0.987453,55.320781,54.577376,4.551265,0.248296,0.067821,4,10,7,4,4,10,7,4,4,10,6,4,4,10,5,3,0.02575,0.04044,0.34419,0.34276,1,1,03:02:2021,10:17:14,620,-3.212972,-60.598056,49.99,lev20,Almucantar,ARM_Manacapuru,88,88.822164,0.067821,0.043784,0.039097,0.027777,0.831406,55.320781,54.577376,4.551265,0.248296,0.067821,4,10,7,4,4,10,7,4,4,10,6,4,4,10,5,3,0.02575,0.04044,0.34419,0.34276,1,1,03:02:2021,10:17:14,620,-3.212972,-60.598056,49.99,lev20,Almucantar,ARM_Manacapuru,88,88.822164,1.4874,1.4884,1.4857,1.4715500000000001,0.0108375,0.009917,0.011362500000000001,0.011211,55.320781,54.577376,4.551265,0.248296,0.067821,4,10,7,4,4,10,7,4,4,10,6,4,4,10,5,3,0.02575,0.04044,0.34419,0.34276,1,1,03:02:2021,10:17:14,620,-3.212972,-60.598056,49.99,lev20,Almucantar,ARM_Manacapuru,88,88.822164,0.92575,0.91445,0.88515,0.8743000000000001,55.320781,54.577376,4.551265,0.248296,0.067821,4,10,7,4,4,10,7,4,4,10,6,4,4,10,5,3,0.02575,0.04044,0.34419,0.34276,1,1,03:02:2021,10:17:14,620,-3.212972,-60.598056,49.99,lev20,Almucantar,ARM_Manacapuru,88,88.822164,0.0495225,0.028158000000000002,0.0253755,0.021417,1.041159,55.320781,54.577376,4.551265,0.248296,0.067821,4,10,7,4,4,10,7,4,4,10,6,4,4,10,5,3,0.02575,0.04044,0.34419,0.34276,1,1,03:02:2021,10:17:14,620,-3.212972,-60.598056,49.99,lev20,Almucantar,0.9826494856667715,0.05997287090640649,0.6691131669762774,Unclassified,Maritime,,Unknown
29:03:2014,20:08:28,ARM_Manacapuru,88,88.839213,0.0664,0.0427,0.0338,0.0299,0.0499,0.0234,0.0136,0.0099,0.0165,0.0194,0.0202,0.02,0.995995,61.408357,60.664142,4.210318,0.222647,0.065882,3,10,8,4,3,10,8,3,3,10,6,4,3,10,6,4,0.02728,0.04268,0.36058,0.35762,1,1,03:02:2021,10:17:34,620,-3.212972,-60.598056,49.99,lev20,Almucantar,ARM_Manacapuru,88,88.839213,0.065882,0.040956,0.035756,0.026321,0.920014,61.408357,60.664142,4.210318,0.222647,0.065882,3,10,8,4,3,10,8,3,3,10,6,4,3,10,6,4,0.02728,0.04268,0.36058,0.35762,1,1,03:02:2021,10:17:34,620,-3.212972,-60.598056,49.99,lev20,Almucantar,ARM_Manacapuru,88,88.839213,1.4874,1.4884,1.4857,1.4715500000000001,0.0108375,0.009917,0.011362500000000001,0.011211,61.408357,60.664142,4.210318,0.222647,0.065882,3,10,8,4,3,10,8,3,3,10,6,4,3,10,6,4,0.02728,0.04268,0.36058,0.35762,1,1,03:02:2021,10:17:34,620,-3.212972,-60.598056,49.99,lev20,Almucantar,ARM_Manacapuru,88,88.839213,0.92575,0.91445,0.88515,0.8743000000000001,61.408357,60.664142,4.210318,0.222647,0.065882,3,10,8,4,3,10,8,3,3,10,6,4,3,10,6,4,0.02728,0.04268,0.36058,0.35762,1,1,03:02:2021,10:17:34,620,-3.212972,-60.598056,49.99,lev20,Almucantar,ARM_Manacapuru,88,88.839213,0.0495225,0.028158000000000002,0.0253755,0.021417,1.041159,61.408357,60.664142,4.210318,0.222647,0.065882,3,10,8,4,3,10,8,3,3,10,6,4,3,10,6,4,0.02728,0.04268,0.36058,0.35762,1,1,03:02:2021,10:17:34,620,-3.212972,-60.598056,49.99,lev20,Almucantar,0.9904913378644639,0.058503068702314344,0.6459884049633012,Unclassified,Maritime,,Unknown
30:03:2014,20:07:46,ARM_Manacapuru,89,89.838727,0.0946,0.0607,0.048,0.0422,0.069,0.0314,0.0173,0.0113,0.0256,0.0292,0.0307,0.0308,1.000772,61.347996,60.604406,2.586191,0.204542,0.093921,3,10,8,5,3,10,8,5,3,10,8,5,3,10,8,5,0.02743,0.04272,0.3606,0.35778,1,1,03:02:2021,10:16:24,620,-3.212972,-60.598056,49.99,lev20,Almucantar,ARM_Manacapuru,89,89.838727,0.093921,0.058628,0.051001,0.041039,0.91828,61.347996,60.604406,2.586191,0.204542,0.093921,3,10,8,5,3,10,8,5,3,10,8,5,3,10,8,5,0.02743,0.04272,0.3606,0.35778,1,1,03:02:2021,10:16:24,620,-3.212972,-60.598056,49.99,lev20,Almucantar,ARM_Manacapuru,89,89.838727,1.4874,1.4884,1.4857,1.4715500000000001,0.0108375,0.009917,0.011362500000000001,0.011211,61.347996,60.604406,2.586191,0.204542,0.093921,3,10,8,5,3,10,8,5,3,10,8,5,3,10,8,5,0.02743,0.04272,0.3606,0.35778,1,1,03:02:2021,10:16:24,620,-3.212972,-60.598056,49.99,lev20,Almucantar,ARM_Manacapuru,89,89.838727,0.92575,0.91445,0.88515,0.8743000000000001,61.347996,60.604406,2.586191,0.204542,0.093921,3,10,8,5,3,10,8,5,3,10,8,5,3,10,8,5,0.02743,0.04272,0.3606,0.35778,1,1,03:02:2021,10:16:24,620,-3.212972,-60.598056,49.99,lev20,Almucantar,ARM_Manacapuru,89,89.838727,0.0495225,0.028158000000000002,0.0253755,0.021417,1.041159,61.347996,60.604406,2.586191,0.204542,0.093921,3,10,8,5,3,10,8,5,3,10,8,5,3,10,8,5,0.02743,0.04272,0.3606,0.35778,1,1,03:02:2021,10:16:24,620,-3.212972,-60.598056,49.99,lev20,Almucantar,0.9952150049332423,0.08329893688446918,0.626112548949408,Unclassified,Maritime,,Unknown
05:04:2014,12:09:31,ARM_Manacapuru,95,95.506609,0.0607,0.0388,0.031,0.0273,0.0457,0.0214,0.0124,0.0086,0.015,0.0175,0.0186,0.0187,0.993155,58.786298,59.524916,1.642931,0.150639,0.060469,4,10,7,5,4,10,7,5,3,11,7,4,3,10,8,4,0.02653,0.04161,0.35406,0.35482,1,1,03:02:2021,10:49:54,620,-3.212972,-60.598056,49.99,lev20,Almucantar,ARM_Manacapuru,95,95.506609,0.060469,0.037638,0.033285,0.025421,0.901102,58.786298,59.524916,1.642931,0.150639,0.060469,4,10,7,5,4,10,7,5,3,11,7,4,3,10,8,4,0.02653,0.04161,0.35406,0.35482,1,1,03:02:2021,10:49:54,620,-3.212972,-60.598056,49.99,lev20,Almucantar,ARM_Manacapuru,95,95.506609,1.4874,1.4884,1.4857,1.4715500000000001,0.0108375,0.009917,0.011362500000000001,0.011211,58.786298,59.524916,1.642931,0.150639,0.060469,4,10,7,5,4,10,7,5,3,11,7,4,3,10,8,4,0.02653,0.04161,0.35406,0.35482,1,1,03:02:2021,10:49:54,620,-3.212972,-60.598056,49.99,lev20,Almucantar,ARM_Manacapuru,95,95.506609,0.92575,0.91445,0.88515,0.8743000000000001,58.786298,59.524916,1.642931,0.150639,0.060469,4,10,7,5,4,10,7,5,3,11,7,4,3,10,8,4,0.02653,0.04161,0.35406,0.35482,1,1,03:02:2021,10:49:54,620,-3.212972,-60.598056,49.99,lev20,Almucantar,ARM_Manacapuru,95,95.506609,0.0495225,0.028158000000000002,0.0253755,0.021417,1.041159,58.786298,59.524916,1.642931,0.150639,0.060469,4,10,7,5,4,10,7,5,3,11,7,4,3,10,8,4,0.02653,0.04161,0.35406,0.35482,1,1,03:02:2021,10:49:54,620,-3.212972,-60.598056,49.99,lev20,Almucantar,0.9856803191132597,0.0535138693045303,0.6527716688904095,Unclassified,Maritime,,Unknown
10:05:2014,11:27:07,ARM_Manacapuru,130,130.477164,0.0552,0.0326,0.023,0.0194,0.0459,0.0221,0.0116,0.0078,0.0092,0.0106,0.0113,0.0115,1.280151,69.34246,70.04366,4.004697,0.143403,0.054613,4,10,7,6,4,10,7,5,4,10,7,5,4,10,4,4,0.03127,0.04736,0.39765,0.39706,1,1,03:02:2021,14:36:20,620,-3.212972,-60.598056,49.99,lev20,Almucantar,ARM_Manacapuru,130,130.477164,0.054613,0.02984,0.02418,0.018943,1.219345,69.34246,70.04366,4.004697,0.143403,0.054613,4,10,7,6,4,10,7,5,4,10,7,5,4,10,4,4,0.03127,0.04736,0.39765,0.39706,1,1,03:02:2021,14:36:20,620,-3.212972,-60.598056,49.99,lev20,Almucantar,ARM_Manacapuru,130,130.477164,1.4874,1.4884,1.4857,1.4715500000000001,0.0108375,0.009917,0.011362500000000001,0.011211,69.34246,70.04366,4.004697,0.143403,0.054613,4,10,7,6,4,10,7,5,4,10,7,5,4,10,4,4,0.03127,0.04736,0.39765,0.39706,1,1,03:02:2021,14:36:20,620,-3.212972,-60.598056,49.99,lev20,Almucantar,ARM_Manacapuru,130,130.477164,0.92575,0.91445,0.88515,0.8743000000000001,69.34246,70.04366,4.004697,0.143403,0.054613,4,10,7,6,4,10,7,5,4,10,7,5,4,10,4,4,0.03127,0.04736,0.39765,0.39706,1,1,03:02:2021,14:36:20,620,-3.212972,-60.598056,49.99,lev20,Almucantar,ARM_Manacapuru,130,130.477164,0.0495225,0.028158000000000002,0.0253755,0.021417,1.041159,69.34246,70.04366,4.004697,0.143403,0.054613,4,10,7,6,4,10,7,5,4,10,7,5,4,10,4,4,0.03127,0.04736,0.39765,0.39706,1,1,03:02:2021,14:36:20,620,-3.212972,-60.598056,49.99,lev20,Almucantar,1.2842085948315112,0.046842843281517964,0.7621020149517482,BCL,Maritime,,Unknown
08:06:2014,12:21:23,ARM_Manacapuru,159,159.51485,0.1143,0.0645,0.0483,0.0423,0.0883,0.0353,0.0174,0.011,0.026,0.0292,0.0309,0.0313,1.272772,58.939796,59.593417,1.283555,0.179898,0.113212,4,10,7,5,4,10,7,5,3,11,7,5,3,10,8,4,0.02819,0.0426,0.35691,0.35732,1,1,03:02:2021,18:07:29,620,-3.212972,-60.598056,49.99,lev20,Almucantar,ARM_Manacapuru,159,159.51485,0.113212,0.062778,0.050619,0.040176,1.202805,58.939796,59.593417,1.283555,0.179898,0.113212,4,10,7,5,4,10,7,5,3,11,7,5,3,10,8,4,0.02819,0.0426,0.35691,0.35732,1,1,03:02:2021,18:07:29,620,-3.212972,-60.598056,49.99,lev20,Almucantar,ARM_Manacapuru,159,159.51485,1.4874,1.4884,1.4857,1.4715500000000001,0.0108375,0.009917,0.011362500000000001,0.011211,58.939796,59.593417,1.283555,0.179898,0.113212,4,10,7,5,4,10,7,5,3,11,7,5,3,10,8,4,0.02819,0.0426,0.35691,0.35732,1,1,03:02:2021,18:07:29,620,-3.212972,-60.598056,49.99,lev20,Almucantar,ARM_Manacapuru,159,159.51485,0.92575,0.91445,0.88515,0.8743000000000001,58.939796,59.593417,1.283555,0.179898,0.113212,4,10,7,5,4,10,7,5,3,11,7,5,3,10,8,4,0.02819,0.0426,0.35691,0.35732,1,1,03:02:2021,18:07:29,620,-3.212972,-60.598056,49.99,lev20,Almucantar,ARM_Manacapuru,159,159.51485,0.0495225,0.028158000000000002,0.0253755,0.021417,1.041159,58.939796,59.593417,1.283555,0.179898,0.113212,4,10,7,5,4,10,7,5,3,11,7,5,3,10,8,4,0.02819,0.0426,0.35691,0.35732,1,1,03:02:2021,18:07:29,620,-3.212972,-60.598056,49.99,lev20,Almucantar,1.2635641095684993,0.09725154901589735,0.6637714100860894,BCL,Maritime,,Unknown
08:06:2014,12:49:18,ARM_Manacapuru,159,159.534236,0.1216,0.0681,0.0512,0.045,0.0941,0.0372,0.0188,0.0122,0.0275,0.0309,0.0324,0.0328,1.279368,52.945514,53.581097,1.280367,0.246707,0.12043,3,10,8,4,3,10,8,4,3,10,8,4,4,10,8,3,0.02668,0.0405,0.34149,0.34243,1,1,03:02:2021,18:07:41,620,-3.212972,-60.598056,49.99,lev20,Almucantar,ARM_Manacapuru,159,159.534236,0.12043,0.066435,0.05435,0.041431,1.191806,52.945514,53.581097,1.280367,0.246707,0.12043,3,10,8,4,3,10,8,4,3,10,8,4,4,10,8,3,0.02668,0.0405,0.34149,0.34243,1,1,03:02:2021,18:07:41,620,-3.212972,-60.598056,49.99,lev20,Almucantar,ARM_Manacapuru,159,159.534236,1.4874,1.4884,1.4857,1.4715500000000001,0.0108375,0.009917,0.011362500000000001,0.011211,52.945514,53.581097,1.280367,0.246707,0.12043,3,10,8,4,3,10,8,4,3,10,8,4,4,10,8,3,0.02668,0.0405,0.34149,0.34243,1,1,03:02:2021,18:07:41,620,-3.212972,-60.598056,49.99,lev20,Almucantar,ARM_Manacapuru,159,159.534236,0.92575,0.91445,0.88515,0.8743000000000001,52.945514,53.581097,1.280367,0.246707,0.12043,3,10,8,4,3,10,8,4,3,10,8,4,4,10,8,3,0.02668,0.0405,0.34149,0.34243,1,1,03:02:2021,18:07:41,620,-3.212972,-60.598056,49.99,lev20,Almucantar,ARM_Manacapuru,159,159.534236,0.0495225,0.028158000000000002,0.0253755,0.021417,1.041159,52.945514,53.581097,1.280367,0.246707,0.12043,3,10,8,4,3,10,8,4,3,10,8,4,4,10,8,3,0.02668,0.0405,0.34149,0.34243,1,1,03:02:2021,18:07:41,620,-3.212972,-60.598056,49.99,lev20,Almucantar,1.2688484423613233,0.10339284839355346,0.6620450752940584,BCL,Maritime,,Unknown
08:06:2014,13:03:22,ARM_Manacapuru,159,159.544005,0.1218,0.0683,0.0515,0.0446,0.0941,0.0373,0.0188,0.0115,0.0276,0.031,0.0327,0.0331,1.273531,49.998254,50.62198,1.126468,0.215337,0.120539,3,10,8,4,3,10,8,4,3,10,8,4,3,10,8,3,0.02607,0.03967,0.33533,0.33651,1,1,03:02:2021,18:07:39,620,-3.212972,-60.598056,49.99,lev20,Almucantar,ARM_Manacapuru,159,159.544005,0.120539,0.066479,0.054328,0.041599,1.193601,49.998254,50.62198,1.126468,0.215337,0.120539,3,10,8,4,3,10,8,4,3,10,8,4,3,10,8,3,0.02607,0.03967,0.33533,0.33651,1,1,03:02:2021,18:07:39,620,-3.212972,-60.598056,49.99,lev20,Almucantar,ARM_Manacapuru,159,159.544005,1.4874,1.4884,1.4857,1.4715500000000001,0.0108375,0.009917,0.011362500000000001,0.011211,49.998254,50.62198,1.126468,0.215337,0.120539,3,10,8,4,3,10,8,4,3,10,8,4,3,10,8,3,0.02607,0.03967,0.33533,0.33651,1,1,03:02:2021,18:07:39,620,-3.212972,-60.598056,49.99,lev20,Almucantar,ARM_Manacapuru,159,159.544005,0.92575,0.91445,0.88515,0.8743000000000001,49.998254,50.62198,1.126468,0.215337,0.120539,3,10,8,4,3,10,8,4,3,10,8,4,3,10,8,3,0.02607,0.03967,0.33533,0.33651,1,1,03:02:2021,18:07:39,620,-3.212972,-60.598056,49.99,lev20,Almucantar,ARM_Manacapuru,159,159.544005,0.0495225,0.028158000000000002,0.0253755,0.021417,1.041159,49.998254,50.62198,1.126468,0.215337,0.120539,3,10,8,4,3,10,8,4,3,10,8,4,3,10,8,3,0.02607,0.03967,0.33533,0.33651,1,1,03:02:2021,18:07:39,620,-3.212972,-60.598056,49.99,lev20,Almucantar,1.2626891699130747,0.10364447587532988,0.665834144899997,BCL,Maritime,,Unknown
12:06:2014,11:13:10,ARM_Manacapuru,163,163.467477,0.0834,0.0501,0.039,0.0345,0.0627,0.0266,0.0143,0.0095,0.0207,0.0236,0.0248,0.0249,1.124246,74.339456,75.01511,3.978783,0.088833,0.082992,4,10,7,6,4,10,7,6,4,10,7,6,4,10,7,6,0.03646,0.05278,0.41988,0.418,1,1,03:02:2021,18:50:38,620,-3.212972,-60.598056,49.99,lev20,Almucantar,ARM_Manacapuru,163,163.467477,0.082992,0.048349,0.039407,0.033243,1.111639,74.339456,75.01511,3.978783,0.088833,0.082992,4,10,7,6,4,10,7,6,4,10,7,6,4,10,7,6,0.03646,0.05278,0.41988,0.418,1,1,03:02:2021,18:50:38,620,-3.212972,-60.598056,49.99,lev20,Almucantar,ARM_Manacapuru,163,163.467477,1.4874,1.4884,1.4857,1.4715500000000001,0.0108375,0.009917,0.011362500000000001,0.011211,74.339456,75.01511,3.978783,0.088833,0.082992,4,10,7,6,4,10,7,6,4,10,7,6,4,10,7,6,0.03646,0.05278,0.41988,0.418,1,1,03:02:2021,18:50:38,620,-3.212972,-60.598056,49.99,lev20,Almucantar,ARM_Manacapuru,163,163.467477,0.92575,0.91445,0.88515,0.8743000000000001,74.339456,75.01511,3.978783,0.088833,0.082992,4,10,7,6,4,10,7,6,4,10,7,6,4,10,7,6,0.03646,0.05278,0.41988,0.418,1,1,03:02:2021,18:50:38,620,-3.212972,-60.598056,49.99,lev20,Almucantar,ARM_Manacapuru,163,163.467477,0.0495225,0.028158000000000002,0.0253755,0.021417,1.041159,74.339456,75.01511,3.978783,0.088833,0.082992,4,10,7,6,4,10,7,6,4,10,7,6,4,10,7,6,0.03646,0.05278,0.41988,0.418,1,1,03:02:2021,18:50:38,620,-3.212972,-60.598056,49.99,lev20,Almucantar,1.1149568043897822,0.0723213672867267,0.6425428712522243,Unclassified,Maritime,,Unknown
12:06:2014,11:35:14,ARM_Manacapuru,163,163.482801,0.0831,0.0499,0.0381,0.0337,0.0624,0.0264,0.0134,0.0088,0.0208,0.0235,0.0247,0.0249,1.150308,69.389114,70.059677,3.279066,0.131383,0.082784,4,10,7,6,4,10,7,6,4,10,7,6,4,10,7,6,0.03342,0.04869,0.39195,0.39044,1,1,03:02:2021,18:50:50,620,-3.212972,-60.598056,49.99,lev20,Almucantar,ARM_Manacapuru,163,163.482801,0.082784,0.047887,0.03928,0.032681,1.114325,69.389114,70.059677,3.279066,0.131383,0.082784,4,10,7,6,4,10,7,6,4,10,7,6,4,10,7,6,0.03342,0.04869,0.39195,0.39044,1,1,03:02:2021,18:50:50,620,-3.212972,-60.598056,49.99,lev20,Almucantar,ARM_Manacapuru,163,163.482801,1.4874,1.4884,1.4857,1.4715500000000001,0.0108375,0.009917,0.011362500000000001,0.011211,69.389114,70.059677,3.279066,0.131383,0.082784,4,10,7,6,4,10,7,6,4,10,7,6,4,10,7,6,0.03342,0.04869,0.39195,0.39044,1,1,03:02:2021,18:50:50,620,-3.212972,-60.598056,49.99,lev20,Almucantar,ARM_Manacapuru,163,163.482801,0.92575,0.91445,0.88515,0.8743000000000001,69.389114,70.059677,3.279066,0.131383,0.082784,4,10,7,6,4,10,7,6,4,10,7,6,4,10,7,6,0.03342,0.04869,0.39195,0.39044,1,1,03:02:2021,18:50:50,620,-3.212972,-60.598056,49.99,lev20,Almucantar,ARM_Manacapuru,163,163.482801,0.0495225,0.028158000000000002,0.0253755,0.021417,1.041159,69.389114,70.059677,3.279066,0.131383,0.082784,4,10,7,6,4,10,7,6,4,10,7,6,4,10,7,6,0.03342,0.04869,0.39195,0.39044,1,1,03:02:2021,18:50:50,620,-3.212972,-60.598056,49.99,lev20,Almucantar,1.1439185487692514,0.0717949211183882,0.6408514907209933,Unclassified,Maritime,,Unknown
12:06:2014,12:22:35,ARM_Manacapuru,163,163.515683,0.0803,0.048,0.0361,0.0317,0.0608,0.026,0.0128,0.0082,0.0195,0.022,0.0233,0.0235,1.177257,58.950551,59.601858,2.066399,0.19094,0.08012,4,10,7,5,4,10,7,5,3,11,7,5,3,10,8,5,0.02902,0.04283,0.35209,0.35174,1,1,03:02:2021,18:50:51,620,-3.212972,-60.598056,49.99,lev20,Almucantar,ARM_Manacapuru,163,163.515683,0.08012,0.046013,0.038587,0.030091,1.096485,58.950551,59.601858,2.066399,0.19094,0.08012,4,10,7,5,4,10,7,5,3,11,7,5,3,10,8,5,0.02902,0.04283,0.35209,0.35174,1,1,03:02:2021,18:50:51,620,-3.212972,-60.598056,49.99,lev20,Almucantar,ARM_Manacapuru,163,163.515683,1.4874,1.4884,1.4857,1.4715500000000001,0.0108375,0.009917,0.011362500000000001,0.011211,58.950551,59.601858,2.066399,0.19094,0.08012,4,10,7,5,4,10,7,5,3,11,7,5,3,10,8,5,0.02902,0.04283,0.35209,0.35174,1,1,03:02:2021,18:50:51,620,-3.212972,-60.598056,49.99,lev20,Almucantar,ARM_Manacapuru,163,163.515683,0.92575,0.91445,0.88515,0.8743000000000001,58.950551,59.601858,2.066399,0.19094,0.08012,4,10,7,5,4,10,7,5,3,11,7,5,3,10,8,5,0.02902,0.04283,0.35209,0.35174,1,1,03:02:2021,18:50:51,620,-3.212972,-60.598056,49.99,lev20,Almucantar,ARM_Manacapuru,163,163.515683,0.0495225,0.028158000000000002,0.0253755,0.021417,1.041159,58.950551,59.601858,2.066399,0.19094,0.08012,4,10,7,5,4,10,7,5,3,11,7,5,3,10,8,5,0.02902,0.04283,0.35209,0.35174,1,1,03:02:2021,18:50:51,620,-3.212972,-60.598056,49.99,lev20,Almucantar,1.1727373886936705,0.06912072729583697,0.6526393687888807,Unclassified,Maritime,,Unknown
12:06:2014,12:50:37,ARM_Manacapuru,163,163.53515,0.0854,0.0503,0.0379,0.033,0.0652,0.0273,0.0138,0.0088,0.0203,0.023,0.0241,0.0242,1.197859,52.955007,53.587826,1.831929,0.212175,0.085201,3,10,8,4,3,10,8,4,3,10,8,4,4,10,8,4,0.02734,0.0406,0.33691,0.33707,1,1,03:02:2021,18:51:02,620,-3.212972,-60.598056,49.99,lev20,Almucantar,ARM_Manacapuru,163,163.53515,0.085201,0.048451,0.040802,0.030749,1.106348,52.955007,53.587826,1.831929,0.212175,0.085201,3,10,8,4,3,10,8,4,3,10,8,4,4,10,8,4,0.02734,0.0406,0.33691,0.33707,1,1,03:02:2021,18:51:02,620,-3.212972,-60.598056,49.99,lev20,Almucantar,ARM_Manacapuru,163,163.53515,1.4874,1.4884,1.4857,1.4715500000000001,0.0108375,0.009917,0.011362500000000001,0.011211,52.955007,53.587826,1.831929,0.212175,0.085201,3,10,8,4,3,10,8,4,3,10,8,4,4,10,8,4,0.02734,0.0406,0.33691,0.33707,1,1,03:02:2021,18:51:02,620,-3.212972,-60.598056,49.99,lev20,Almucantar,ARM_Manacapuru,163,163.53515,0.92575,0.91445,0.88515,0.8743000000000001,52.955007,53.587826,1.831929,0.212175,0.085201,3,10,8,4,3,10,8,4,3,10,8,4,4,10,8,4,0.02734,0.0406,0.33691,0.33707,1,1,03:02:2021,18:51:02,620,-3.212972,-60.598056,49.99,lev20,Almucantar,ARM_Manacapuru,163,163.53515,0.0495225,0.028158000000000002,0.0253755,0.021417,1.041159,52.955007,53.587826,1.831929,0.212175,0.085201,3,10,8,4,3,10,8,4,3,10,8,4,4,10,8,4,0.02734,0.0406,0.33691,0.33707,1,1,03:02:2021,18:51:02,620,-3.212972,-60.598056,49.99,lev20,Almucantar,1.1916869014052986,0.073332855840982,0.6563486927512954,Unclassified,Maritime,,Unknown
12:06:2014,13:04:05,ARM_Manacapuru,163,163.544502,0.0883,0.0524,0.0385,0.0333,0.0705,0.0329,0.0174,0.0116,0.0178,0.0195,0.0211,0.0216,1.219283,50.145298,50.766581,2.975574,0.229185,0.088119,3,10,8,4,3,10,8,4,3,6,8,4,3,10,8,4,0.02671,0.03976,0.33114,0.33149,1,1,03:02:2021,18:51:33,620,-3.212972,-60.598056,49.99,lev20,Almucantar,ARM_Manacapuru,163,163.544502,0.088119,0.050045,0.041896,0.031503,1.116159,50.145298,50.766581,2.975574,0.229185,0.088119,3,10,8,4,3,10,8,4,3,6,8,4,3,10,8,4,0.02671,0.03976,0.33114,0.33149,1,1,03:02:2021,18:51:33,620,-3.212972,-60.598056,49.99,lev20,Almucantar,ARM_Manacapuru,163,163.544502,1.4874,1.4884,1.4857,1.4715500000000001,0.0108375,0.009917,0.011362500000000001,0.011211,50.145298,50.766581,2.975574,0.229185,0.088119,3,10,8,4,3,10,8,4,3,6,8,4,3,10,8,4,0.02671,0.03976,0.33114,0.33149,1,1,03:02:2021,18:51:33,620,-3.212972,-60.598056,49.99,lev20,Almucantar,ARM_Manacapuru,163,163.544502,0.92575,0.91445,0.88515,0.8743000000000001,50.145298,50.766581,2.975574,0.229185,0.088119,3,10,8,4,3,10,8,4,3,6,8,4,3,10,8,4,0.02671,0.03976,0.33114,0.33149,1,1,03:02:2021,18:51:33,620,-3.212972,-60.598056,49.99,lev20,Almucantar,ARM_Manacapuru,163,163.544502,0.0495225,0.028158000000000002,0.0253755,0.021417,1.041159,50.145298,50.766581,2.975574,0.229185,0.088119,3,10,8,4,3,10,8,4,3,6,8,4,3,10,8,4,0.02671,0.03976,0.33114,0.33149,1,1,03:02:2021,18:51:33,620,-3.212972,-60.598056,49.99,lev20,Almucantar,1.2176314489070041,0.07557202494092503,0.7205915430565568,BCL,Maritime,,Unknown
13:06:2014,13:04:21,ARM_Manacapuru,164,164.544688,0.0776,0.0442,0.0334,0.0294,0.06,0.0244,0.0126,0.0084,0.0176,0.0198,0.0208,0.021,1.246317,50.158429,50.779171,1.066097,0.238897,0.077119,3,10,8,4,3,10,8,4,3,10,8,3,3,10,8,4,0.02671,0.03977,0.33119,0.33152,1,1,03:02:2021,18:39:52,620,-3.212972,-60.598056,49.99,lev20,Almucantar,ARM_Manacapuru,164,164.544688,0.077119,0.04289,0.035905,0.025635,1.148868,50.158429,50.779171,1.066097,0.238897,0.077119,3,10,8,4,3,10,8,4,3,10,8,3,3,10,8,4,0.02671,0.03977,0.33119,0.33152,1,1,03:02:2021,18:39:52,620,-3.212972,-60.598056,49.99,lev20,Almucantar,ARM_Manacapuru,164,164.544688,1.4874,1.4884,1.4857,1.4715500000000001,0.0108375,0.009917,0.011362500000000001,0.011211,50.158429,50.779171,1.066097,0.238897,0.077119,3,10,8,4,3,10,8,4,3,10,8,3,3,10,8,4,0.02671,0.03977,0.33119,0.33152,1,1,03:02:2021,18:39:52,620,-3.212972,-60.598056,49.99,lev20,Almucantar,ARM_Manacapuru,164,164.544688,0.92575,0.91445,0.88515,0.8743000000000001,50.158429,50.779171,1.066097,0.238897,0.077119,3,10,8,4,3,10,8,4,3,10,8,3,3,10,8,4,0.02671,0.03977,0.33119,0.33152,1,1,03:02:2021,18:39:52,620,-3.212972,-60.598056,49.99,lev20,Almucantar,ARM_Manacapuru,164,164.544688,0.0495225,0.028158000000000002,0.0253755,0.021417,1.041159,50.158429,50.779171,1.066097,0.238897,0.077119,3,10,8,4,3,10,8,4,3,10,8,3,3,10,8,4,0.02671,0.03977,0.33119,0.33152,1,1,03:02:2021,18:39:52,620,-3.212972,-60.598056,49.99,lev20,Almucantar,1.2365977248403075,0.06625354486435703,0.663378412114095,BCL,Maritime,,Unknown
14:06:2014,12:23:11,ARM_Manacapuru,165,165.5161,0.0662,0.0372,0.0272,0.0235,0.0518,0.021,0.0103,0.0066,0.0144,0.0162,0.0168,0.0168,1.310716,58.94716,59.597602,1.94005,0.1874,0.066179,4,10,7,5,4,10,7,5,3,11,7,5,3,10,8,5,0.02902,0.04283,0.35211,0.35173,1,1,03:02:2021,18:44:11,620,-3.212972,-60.598056,49.99,lev20,Almucantar,ARM_Manacapuru,165,165.5161,0.066179,0.035751,0.029417,0.021276,1.216909,58.94716,59.597602,1.94005,0.1874,0.066179,4,10,7,5,4,10,7,5,3,11,7,5,3,10,8,5,0.02902,0.04283,0.35211,0.35173,1,1,03:02:2021,18:44:11,620,-3.212972,-60.598056,49.99,lev20,Almucantar,ARM_Manacapuru,165,165.5161,1.4874,1.4884,1.4857,1.4715500000000001,0.0108375,0.009917,0.011362500000000001,0.011211,58.94716,59.597602,1.94005,0.1874,0.066179,4,10,7,5,4,10,7,5,3,11,7,5,3,10,8,5,0.02902,0.04283,0.35211,0.35173,1,1,03:02:2021,18:44:11,620,-3.212972,-60.598056,49.99,lev20,Almucantar,ARM_Manacapuru,165,165.5161,0.92575,0.91445,0.88515,0.8743000000000001,58.94716,59.597602,1.94005,0.1874,0.066179,4,10,7,5,4,10,7,5,3,11,7,5,3,10,8,5,0.02902,0.04283,0.35211,0.35173,1,1,03:02:2021,18:44:11,620,-3.212972,-60.598056,49.99,lev20,Almucantar,ARM_Manacapuru,165,165.5161,0.0495225,0.028158000000000002,0.0253755,0.021417,1.041159,58.94716,59.597602,1.94005,0.1874,0.066179,4,10,7,5,4,10,7,5,3,11,7,5,3,10,8,5,0.02902,0.04283,0.35211,0.35173,1,1,03:02:2021,18:44:11,620,-3.212972,-60.598056,49.99,lev20,Almucantar,1.304737233265782,0.05603023767432499,0.6765732868175082,BCL,Maritime,,Unknown
14:06:2014,13:04:30,ARM_Manacapuru,165,165.544792,0.0611,0.0353,0.026,0.0223,0.0479,0.0205,0.0104,0.0067,0.0132,0.0148,0.0155,0.0156,1.257838,50.193226,50.813596,2.408401,0.265119,0.061085,3,10,8,4,3,10,8,4,3,10,8,3,3,10,7,3,0.02672,0.03977,0.3312,0.33158,1,1,03:02:2021,18:43:32,620,-3.212972,-60.598056,49.99,lev20,Almucantar,ARM_Manacapuru,165,165.544792,0.061085,0.032941,0.027894,0.018372,1.181907,50.193226,50.813596,2.408401,0.265119,0.061085,3,10,8,4,3,10,8,4,3,10,8,3,3,10,7,3,0.02672,0.03977,0.3312,0.33158,1,1,03:02:2021,18:43:32,620,-3.212972,-60.598056,49.99,lev20,Almucantar,ARM_Manacapuru,165,165.544792,1.4874,1.4884,1.4857,1.4715500000000001,0.0108375,0.009917,0.011362500000000001,0.011211,50.193226,50.813596,2.408401,0.265119,0.061085,3,10,8,4,3,10,8,4,3,10,8,3,3,10,7,3,0.02672,0.03977,0.3312,0.33158,1,1,03:02:2021,18:43:32,620,-3.212972,-60.598056,49.99,lev20,Almucantar,ARM_Manacapuru,165,165.544792,0.92575,0.91445,0.88515,0.8743000000000001,50.193226,50.813596,2.408401,0.265119,0.061085,3,10,8,4,3,10,8,4,3,10,8,3,3,10,7,3,0.02672,0.03977,0.3312,0.33158,1,1,03:02:2021,18:43:32,620,-3.212972,-60.598056,49.99,lev20,Almucantar,ARM_Manacapuru,165,165.544792,0.0495225,0.028158000000000002,0.0253755,0.021417,1.041159,50.193226,50.813596,2.408401,0.265119,0.061085,3,10,8,4,3,10,8,4,3,10,8,3,3,10,7,3,0.02672,0.03977,0.3312,0.33158,1,1,03:02:2021,18:43:32,620,-3.212972,-60.598056,49.99,lev20,Almucantar,1.2533257455774305,0.05205469592647432,0.6869075258088486,BCL,Maritime,,Unknown
16:06:2014,11:36:07,ARM_Manacapuru,167,167.483414,0.1109,0.0571,0.0394,0.033,0.0929,0.0365,0.0179,0.0115,0.018,0.0205,0.0215,0.0215,1.523322,69.424084,70.093491,3.829643,0.139325,0.110555,4,10,7,6,4,10,7,6,4,10,7,6,4,10,7,6,0.03343,0.04871,0.39211,0.3906,1,1,03:02:2021,18:51:56,620,-3.212972,-60.598056,49.99,lev20,Almucantar,ARM_Manacapuru,167,167.483414,0.110555,0.055298,0.041077,0.032034,1.471495,69.424084,70.093491,3.829643,0.139325,0.110555,4,10,7,6,4,10,7,6,4,10,7,6,4,10,7,6,0.03343,0.04871,0.39211,0.3906,1,1,03:02:2021,18:51:56,620,-3.212972,-60.598056,49.99,lev20,Almucantar,ARM_Manacapuru,167,167.483414,1.4874,1.4884,1.4857,1.4715500000000001,0.0108375,0.009917,0.011362500000000001,0.011211,69.424084,70.093491,3.829643,0.139325,0.110555,4,10,7,6,4,10,7,6,4,10,7,6,4,10,7,6,0.03343,0.04871,0.39211,0.3906,1,1,03:02:2021,18:51:56,620,-3.212972,-60.598056,49.99,lev20,Almucantar,ARM_Manacapuru,167,167.483414,0.92575,0.91445,0.88515,0.8743000000000001,69.424084,70.093491,3.829643,0.139325,0.110555,4,10,7,6,4,10,7,6,4,10,7,6,4,10,7,6,0.03343,0.04871,0.39211,0.3906,1,1,03:02:2021,18:51:56,620,-3.212972,-60.598056,49.99,lev20,Almucantar,ARM_Manacapuru,167,167.483414,0.0495225,0.028158000000000002,0.0253755,0.021417,1.041159,69.424084,70.093491,3.829643,0.139325,0.110555,4,10,7,6,4,10,7,6,4,10,7,6,4,10,7,6,0.03343,0.04871,0.39211,0.3906,1,1,03:02:2021,18:51:56,620,-3.212972,-60.598056,49.99,lev20,Almucantar,1.5180211498191973,0.09133875093356264,0.7442768049536762,BCL,Maritime,,Unknown
16:06:2014,12:23:45,ARM_Manacapuru,167,167.516493,0.1116,0.0572,0.0384,0.0312,0.0969,0.0415,0.0213,0.0135,0.0147,0.0157,0.017,0.0177,1.566518,58.944018,59.59381,3.049105,0.196732,0.110869,4,10,7,5,4,10,5,5,3,11,7,5,3,10,8,4,0.02901,0.04282,0.35208,0.35172,1,1,03:02:2021,18:52:18,620,-3.212972,-60.598056,49.99,lev20,Almucantar,ARM_Manacapuru,167,167.516493,0.110869,0.055061,0.041304,0.030124,1.46973,58.944018,59.59381,3.049105,0.196732,0.110869,4,10,7,5,4,10,5,5,3,11,7,5,3,10,8,4,0.02901,0.04282,0.35208,0.35172,1,1,03:02:2021,18:52:18,620,-3.212972,-60.598056,49.99,lev20,Almucantar,ARM_Manacapuru,167,167.516493,1.4874,1.4884,1.4857,1.4715500000000001,0.0108375,0.009917,0.011362500000000001,0.011211,58.944018,59.59381,3.049105,0.196732,0.110869,4,10,7,5,4,10,5,5,3,11,7,5,3,10,8,4,0.02901,0.04282,0.35208,0.35172,1,1,03:02:2021,18:52:18,620,-3.212972,-60.598056,49.99,lev20,Almucantar,ARM_Manacapuru,167,167.516493,0.92575,0.91445,0.88515,0.8743000000000001,58.944018,59.59381,3.049105,0.196732,0.110869,4,10,7,5,4,10,5,5,3,11,7,5,3,10,8,4,0.02901,0.04282,0.35208,0.35172,1,1,03:02:2021,18:52:18,620,-3.212972,-60.598056,49.99,lev20,Almucantar,ARM_Manacapuru,167,167.516493,0.0495225,0.028158000000000002,0.0253755,0.021417,1.041159,58.944018,59.59381,3.049105,0.196732,0.110869,4,10,7,5,4,10,5,5,3,11,7,5,3,10,8,4,0.02901,0.04282,0.35208,0.35172,1,1,03:02:2021,18:52:18,620,-3.212972,-60.598056,49.99,lev20,Almucantar,1.5649620983450003,0.09136538333856169,0.8100159027705257,BCL,Maritime,,Unknown
16:06:2014,12:51:49,ARM_Manacapuru,167,167.535984,0.1188,0.0608,0.0396,0.0318,0.1039,0.0446,0.0222,0.0139,0.015,0.0162,0.0174,0.0179,1.608635,52.956834,53.587869,2.343562,0.254746,0.117924,3,10,8,4,3,10,8,4,3,10,8,3,4,10,8,4,0.02735,0.04061,0.33693,0.33707,1,1,03:02:2021,18:52:31,620,-3.212972,-60.598056,49.99,lev20,Almucantar,ARM_Manacapuru,167,167.535984,0.117924,0.057738,0.043354,0.029933,1.490624,52.956834,53.587869,2.343562,0.254746,0.117924,3,10,8,4,3,10,8,4,3,10,8,3,4,10,8,4,0.02735,0.04061,0.33693,0.33707,1,1,03:02:2021,18:52:31,620,-3.212972,-60.598056,49.99,lev20,Almucantar,ARM_Manacapuru,167,167.535984,1.4874,1.4884,1.4857,1.4715500000000001,0.0108375,0.009917,0.011362500000000001,0.011211,52.956834,53.587869,2.343562,0.254746,0.117924,3,10,8,4,3,10,8,4,3,10,8,3,4,10,8,4,0.02735,0.04061,0.33693,0.33707,1,1,03:02:2021,18:52:31,620,-3.212972,-60.598056,49.99,lev20,Almucantar,ARM_Manacapuru,167,167.535984,0.92575,0.91445,0.88515,0.8743000000000001,52.956834,53.587869,2.343562,0.254746,0.117924,3,10,8,4,3,10,8,4,3,10,8,3,4,10,8,4,0.02735,0.04061,0.33693,0.33707,1,1,03:02:2021,18:52:31,620,-3.212972,-60.598056,49.99,lev20,Almucantar,ARM_Manacapuru,167,167.535984,0.0495225,0.028158000000000002,0.0253755,0.021417,1.041159,52.956834,53.587869,2.343562,0.254746,0.117924,3,10,8,4,3,10,8,4,3,10,8,3,4,10,8,4,0.02735,0.04061,0.33693,0.33707,1,1,03:02:2021,18:52:31,620,-3.212972,-60.598056,49.99,lev20,Almucantar,1.6115336656787804,0.09668261709610523,0.8175516823805596,BCL,Maritime,,Unknown
16:06:2014,13:04:55,ARM_Manacapuru,167,167.545081,0.1292,0.0651,0.0432,0.0348,0.1138,0.0483,0.0252,0.0163,0.0154,0.0168,0.018,0.0186,1.608381,50.231077,50.850775,1.897936,0.245166,0.128046,3,10,8,4,3,10,7,4,3,10,6,4,3,10,5,3,0.02673,0.03979,0.33129,0.33165,1,1,03:02:2021,18:52:36,620,-3.212972,-60.598056,49.99,lev20,Almucantar,ARM_Manacapuru,167,167.545081,0.128046,0.062646,0.046707,0.0324,1.501142,50.231077,50.850775,1.897936,0.245166,0.128046,3,10,8,4,3,10,7,4,3,10,6,4,3,10,5,3,0.02673,0.03979,0.33129,0.33165,1,1,03:02:2021,18:52:36,620,-3.212972,-60.598056,49.99,lev20,Almucantar,ARM_Manacapuru,167,167.545081,1.4874,1.4884,1.4857,1.4715500000000001,0.0108375,0.009917,0.011362500000000001,0.011211,50.231077,50.850775,1.897936,0.245166,0.128046,3,10,8,4,3,10,7,4,3,10,6,4,3,10,5,3,0.02673,0.03979,0.33129,0.33165,1,1,03:02:2021,18:52:36,620,-3.212972,-60.598056,49.99,lev20,Almucantar,ARM_Manacapuru,167,167.545081,0.92575,0.91445,0.88515,0.8743000000000001,50.231077,50.850775,1.897936,0.245166,0.128046,3,10,8,4,3,10,7,4,3,10,6,4,3,10,5,3,0.02673,0.03979,0.33129,0.33165,1,1,03:02:2021,18:52:36,620,-3.212972,-60.598056,49.99,lev20,Almucantar,ARM_Manacapuru,167,167.545081,0.0495225,0.028158000000000002,0.0253755,0.021417,1.041159,50.231077,50.850775,1.897936,0.245166,0.128046,3,10,8,4,3,10,7,4,3,10,6,4,3,10,5,3,0.02673,0.03979,0.33129,0.33165,1,1,03:02:2021,18:52:36,620,-3.212972,-60.598056,49.99,lev20,Almucantar,1.6069992535440292,0.10520738092790578,0.8226619837381479,BCL,Maritime,,Unknown
27:03:2015,11:28:40,ARM_Manacapuru,86,86.478241,0.1589,0.1118,0.0913,0.0779,0.1494,0.102,0.0814,0.0679,0.0095,0.0098,0.0099,0.01,0.810109,69.218358,69.963786,4.873306,0.079257,0.158536,4,10,7,6,4,10,7,3,4,10,7,4,4,10,6,3,0.02967,0.04658,0.39148,0.39085,1,1,05:02:2021,02:42:58,628,-3.212972,-60.598056,49.99,lev20,Almucantar,ARM_Manacapuru,86,86.478241,0.158536,0.111215,0.09055,0.078822,0.818608,69.218358,69.963786,4.873306,0.079257,0.158536,4,10,7,6,4,10,7,3,4,10,7,4,4,10,6,3,0.02967,0.04658,0.39148,0.39085,1,1,05:02:2021,02:42:58,628,-3.212972,-60.598056,49.99,lev20,Almucantar,ARM_Manacapuru,86,86.478241,1.4874,1.4884,1.4857,1.4715500000000001,0.0108375,0.009917,0.011362500000000001,0.011211,69.218358,69.963786,4.873306,0.079257,0.158536,4,10,7,6,4,10,7,3,4,10,7,4,4,10,6,3,0.02967,0.04658,0.39148,0.39085,1,1,05:02:2021,02:42:58,628,-3.212972,-60.598056,49.99,lev20,Almucantar,ARM_Manacapuru,86,86.478241,0.92575,0.91445,0.88515,0.8743000000000001,69.218358,69.963786,4.873306,0.079257,0.158536,4,10,7,6,4,10,7,3,4,10,7,4,4,10,6,3,0.02967,0.04658,0.39148,0.39085,1,1,05:02:2021,02:42:58,628,-3.212972,-60.598056,49.99,lev20,Almucantar,ARM_Manacapuru,86,86.478241,0.0495225,0.028158000000000002,0.0253755,0.021417,1.041159,69.218358,69.963786,4.873306,0.079257,0.158536,4,10,7,6,4,10,7,3,4,10,7,4,4,10,6,3,0.02967,0.04658,0.39148,0.39085,1,1,05:02:2021,02:42:58,628,-3.212972,-60.598056,49.99,lev20,Almucantar,0.8128344739780288,0.14321796524148253,0.9276500676562579,Unclassified,Maritime,,Unknown
05:04:2015,21:09:35,ARM_Manacapuru,95,95.881655,0.1822,0.1277,0.1104,0.1009,0.1139,0.0495,0.0293,0.0201,0.0683,0.0782,0.0811,0.0808,0.741857,77.263203,76.523712,4.174371,0.053286,0.180862,4,10,6,6,4,10,6,5,4,10,6,5,4,10,7,5,0.0348,0.0535,0.43799,0.42739,1,1,05:02:2021,03:50:03,628,-3.212972,-60.598056,49.99,lev20,Almucantar,ARM_Manacapuru,95,95.881655,0.180862,0.127052,0.110706,0.099873,0.728067,77.263203,76.523712,4.174371,0.053286,0.180862,4,10,6,6,4,10,6,5,4,10,6,5,4,10,7,5,0.0348,0.0535,0.43799,0.42739,1,1,05:02:2021,03:50:03,628,-3.212972,-60.598056,49.99,lev20,Almucantar,ARM_Manacapuru,95,95.881655,1.4874,1.4884,1.4857,1.4715500000000001,0.0108375,0.009917,0.011362500000000001,0.011211,77.263203,76.523712,4.174371,0.053286,0.180862,4,10,6,6,4,10,6,5,4,10,6,5,4,10,7,5,0.0348,0.0535,0.43799,0.42739,1,1,05:02:2021,03:50:03,628,-3.212972,-60.598056,49.99,lev20,Almucantar,ARM_Manacapuru,95,95.881655,0.92575,0.91445,0.88515,0.8743000000000001,77.263203,76.523712,4.174371,0.053286,0.180862,4,10,6,6,4,10,6,5,4,10,6,5,4,10,7,5,0.0348,0.0535,0.43799,0.42739,1,1,05:02:2021,03:50:03,628,-3.212972,-60.598056,49.99,lev20,Almucantar,ARM_Manacapuru,95,95.881655,0.0495225,0.028158000000000002,0.0253755,0.021417,1.041159,77.263203,76.523712,4.174371,0.053286,0.180862,4,10,6,6,4,10,6,5,4,10,6,5,4,10,7,5,0.0348,0.0535,0.43799,0.42739,1,1,05:02:2021,03:50:03,628,-3.212972,-60.598056,49.99,lev20,Almucantar,0.7348999069265951,0.16586268578908858,0.49887445768528277,MA,Maritime,,Unknown
07:04:2015,12:33:57,ARM_Manacapuru,97,97.523576,0.1927,0.1725,0.1632,0.157,0.0835,0.0492,0.033,0.0248,0.1092,0.1232,0.1302,0.1322,0.244251,52.761555,53.496073,2.834112,0.148125,0.191061,3,10,8,4,3,10,8,4,3,10,7,4,4,10,8,4,0.02527,0.03969,0.33963,0.34106,1,1,05:02:2021,04:51:47,628,-3.212972,-60.598056,49.99,lev20,Almucantar,ARM_Manacapuru,97,97.523576,0.191061,0.170228,0.164933,0.156097,0.220545,52.761555,53.496073,2.834112,0.148125,0.191061,3,10,8,4,3,10,8,4,3,10,7,4,4,10,8,4,0.02527,0.03969,0.33963,0.34106,1,1,05:02:2021,04:51:47,628,-3.212972,-60.598056,49.99,lev20,Almucantar,ARM_Manacapuru,97,97.523576,1.4874,1.4884,1.4857,1.4715500000000001,0.0108375,0.009917,0.011362500000000001,0.011211,52.761555,53.496073,2.834112,0.148125,0.191061,3,10,8,4,3,10,8,4,3,10,7,4,4,10,8,4,0.02527,0.03969,0.33963,0.34106,1,1,05:02:2021,04:51:47,628,-3.212972,-60.598056,49.99,lev20,Almucantar,ARM_Manacapuru,97,97.523576,0.92575,0.91445,0.88515,0.8743000000000001,52.761555,53.496073,2.834112,0.148125,0.191061,3,10,8,4,3,10,8,4,3,10,7,4,4,10,8,4,0.02527,0.03969,0.33963,0.34106,1,1,05:02:2021,04:51:47,628,-3.212972,-60.598056,49.99,lev20,Almucantar,ARM_Manacapuru,97,97.523576,0.0495225,0.028158000000000002,0.0253755,0.021417,1.041159,52.761555,53.496073,2.834112,0.148125,0.191061,3,10,8,4,3,10,8,4,3,10,7,4,4,10,8,4,0.02527,0.03969,0.33963,0.34106,1,1,05:02:2021,04:51:47,628,-3.212972,-60.598056,49.99,lev20,Almucantar,0.24373423430726146,0.18678854590625982,0.35522310776919097,CA,Unclassified,,Unknown
01:06:2015,12:19:12,ARM_Manacapuru,152,152.513333,0.1155,0.0694,0.0524,0.0456,0.0876,0.0382,0.0194,0.0122,0.0279,0.0312,0.033,0.0334,1.157473,58.883223,59.542937,2.145368,0.159596,0.114932,4,10,7,4,4,10,7,3,3,9,6,4,3,10,7,4,0.02783,0.04207,0.3579,0.35867,1,1,05:02:2021,12:23:10,628,-3.212972,-60.598056,49.99,lev20,Almucantar,ARM_Manacapuru,152,152.513333,0.114932,0.067439,0.054696,0.044751,1.101134,58.883223,59.542937,2.145368,0.159596,0.114932,4,10,7,4,4,10,7,3,3,9,6,4,3,10,7,4,0.02783,0.04207,0.3579,0.35867,1,1,05:02:2021,12:23:10,628,-3.212972,-60.598056,49.99,lev20,Almucantar,ARM_Manacapuru,152,152.513333,1.4874,1.4884,1.4857,1.4715500000000001,0.0108375,0.009917,0.011362500000000001,0.011211,58.883223,59.542937,2.145368,0.159596,0.114932,4,10,7,4,4,10,7,3,3,9,6,4,3,10,7,4,0.02783,0.04207,0.3579,0.35867,1,1,05:02:2021,12:23:10,628,-3.212972,-60.598056,49.99,lev20,Almucantar,ARM_Manacapuru,152,152.513333,0.92575,0.91445,0.88515,0.8743000000000001,58.883223,59.542937,2.145368,0.159596,0.114932,4,10,7,4,4,10,7,3,3,9,6,4,3,10,7,4,0.02783,0.04207,0.3579,0.35867,1,1,05:02:2021,12:23:10,628,-3.212972,-60.598056,49.99,lev20,Almucantar,ARM_Manacapuru,152,152.513333,0.0495225,0.028158000000000002,0.0253755,0.021417,1.041159,58.883223,59.542937,2.145368,0.159596,0.114932,4,10,7,4,4,10,7,3,3,9,6,4,3,10,7,4,0.02783,0.04207,0.3579,0.35867,1,1,05:02:2021,12:23:10,628,-3.212972,-60.598056,49.99,lev20,Almucantar,1.1593699691751083,0.09959025893745724,0.660597921019417,Unclassified,Maritime,,Unknown
05:06:2015,12:48:14,ARM_Manacapuru,156,156.533495,0.1256,0.0737,0.0566,0.0491,0.0975,0.0421,0.0234,0.0157,0.0281,0.0316,0.0332,0.0334,1.172188,52.91949,53.557953,3.297482,0.197974,0.12465,3,10,8,4,3,10,8,4,3,10,8,3,4,10,8,3,0.02666,0.04049,0.34141,0.34239,1,1,05:02:2021,13:14:52,628,-3.212972,-60.598056,49.99,lev20,Almucantar,ARM_Manacapuru,156,156.533495,0.12465,0.071442,0.059568,0.049719,1.101612,52.91949,53.557953,3.297482,0.197974,0.12465,3,10,8,4,3,10,8,4,3,10,8,3,4,10,8,3,0.02666,0.04049,0.34141,0.34239,1,1,05:02:2021,13:14:52,628,-3.212972,-60.598056,49.99,lev20,Almucantar,ARM_Manacapuru,156,156.533495,1.4874,1.4884,1.4857,1.4715500000000001,0.0108375,0.009917,0.011362500000000001,0.011211,52.91949,53.557953,3.297482,0.197974,0.12465,3,10,8,4,3,10,8,4,3,10,8,3,4,10,8,3,0.02666,0.04049,0.34141,0.34239,1,1,05:02:2021,13:14:52,628,-3.212972,-60.598056,49.99,lev20,Almucantar,ARM_Manacapuru,156,156.533495,0.92575,0.91445,0.88515,0.8743000000000001,52.91949,53.557953,3.297482,0.197974,0.12465,3,10,8,4,3,10,8,4,3,10,8,3,4,10,8,3,0.02666,0.04049,0.34141,0.34239,1,1,05:02:2021,13:14:52,628,-3.212972,-60.598056,49.99,lev20,Almucantar,ARM_Manacapuru,156,156.533495,0.0495225,0.028158000000000002,0.0253755,0.021417,1.041159,52.91949,53.557953,3.297482,0.197974,0.12465,3,10,8,4,3,10,8,4,3,10,8,3,4,10,8,3,0.02666,0.04049,0.34141,0.34239,1,1,05:02:2021,13:14:52,628,-3.212972,-60.598056,49.99,lev20,Almucantar,1.169241096833781,0.10816244554939557,0.6764678361872858,Unclassified,Maritime,,Unknown
05:06:2015,13:02:54,ARM_Manacapuru,156,156.543681,0.1264,0.075,0.0578,0.0493,0.0978,0.0425,0.0239,0.0154,0.0286,0.0325,0.0339,0.0339,1.150334,49.832999,50.459306,2.718818,0.214889,0.125522,3,10,8,4,3,10,8,4,3,10,8,4,3,10,8,3,0.02604,0.03962,0.33501,0.3362,1,1,05:02:2021,13:14:23,628,-3.212972,-60.598056,49.99,lev20,Almucantar,ARM_Manacapuru,156,156.543681,0.125522,0.072381,0.060558,0.050975,1.087681,49.832999,50.459306,2.718818,0.214889,0.125522,3,10,8,4,3,10,8,4,3,10,8,4,3,10,8,3,0.02604,0.03962,0.33501,0.3362,1,1,05:02:2021,13:14:23,628,-3.212972,-60.598056,49.99,lev20,Almucantar,ARM_Manacapuru,156,156.543681,1.4874,1.4884,1.4857,1.4715500000000001,0.0108375,0.009917,0.011362500000000001,0.011211,49.832999,50.459306,2.718818,0.214889,0.125522,3,10,8,4,3,10,8,4,3,10,8,4,3,10,8,3,0.02604,0.03962,0.33501,0.3362,1,1,05:02:2021,13:14:23,628,-3.212972,-60.598056,49.99,lev20,Almucantar,ARM_Manacapuru,156,156.543681,0.92575,0.91445,0.88515,0.8743000000000001,49.832999,50.459306,2.718818,0.214889,0.125522,3,10,8,4,3,10,8,4,3,10,8,4,3,10,8,3,0.02604,0.03962,0.33501,0.3362,1,1,05:02:2021,13:14:23,628,-3.212972,-60.598056,49.99,lev20,Almucantar,ARM_Manacapuru,156,156.543681,0.0495225,0.028158000000000002,0.0253755,0.021417,1.041159,49.832999,50.459306,2.718818,0.214889,0.125522,3,10,8,4,3,10,8,4,3,10,8,4,3,10,8,3,0.02604,0.03962,0.33501,0.3362,1,1,05:02:2021,13:14:23,628,-3.212972,-60.598056,49.99,lev20,Almucantar,1.1477797999522765,0.10915041882441225,0.6753370409871629,Unclassified,Maritime,,Unknown
18:06:2015,11:14:32,ARM_Manacapuru,169,169.468426,0.1989,0.1335,0.1131,0.1042,0.1268,0.0542,0.0307,0.0207,0.0721,0.0792,0.0825,0.0835,0.835488,74.35265,75.026912,2.431766,0.031028,0.19754,4,10,7,6,4,10,7,6,4,10,7,5,4,10,7,5,0.03638,0.05334,0.42028,0.41874,1,1,05:02:2021,15:45:15,628,-3.212972,-60.598056,49.99,lev20,Almucantar,ARM_Manacapuru,169,169.468426,0.19754,0.132908,0.113095,0.103427,0.826,74.35265,75.026912,2.431766,0.031028,0.19754,4,10,7,6,4,10,7,6,4,10,7,5,4,10,7,5,0.03638,0.05334,0.42028,0.41874,1,1,05:02:2021,15:45:15,628,-3.212972,-60.598056,49.99,lev20,Almucantar,ARM_Manacapuru,169,169.468426,1.4874,1.4884,1.4857,1.4715500000000001,0.0108375,0.009917,0.011362500000000001,0.011211,74.35265,75.026912,2.431766,0.031028,0.19754,4,10,7,6,4,10,7,6,4,10,7,5,4,10,7,5,0.03638,0.05334,0.42028,0.41874,1,1,05:02:2021,15:45:15,628,-3.212972,-60.598056,49.99,lev20,Almucantar,ARM_Manacapuru,169,169.468426,0.92575,0.91445,0.88515,0.8743000000000001,74.35265,75.026912,2.431766,0.031028,0.19754,4,10,7,6,4,10,7,6,4,10,7,5,4,10,7,5,0.03638,0.05334,0.42028,0.41874,1,1,05:02:2021,15:45:15,628,-3.212972,-60.598056,49.99,lev20,Almucantar,ARM_Manacapuru,169,169.468426,0.0495225,0.028158000000000002,0.0253755,0.021417,1.041159,74.35265,75.026912,2.431766,0.031028,0.19754,4,10,7,6,4,10,7,6,4,10,7,5,4,10,7,5,0.03638,0.05334,0.42028,0.41874,1,1,05:02:2021,15:45:15,628,-3.212972,-60.598056,49.99,lev20,Almucantar,0.8280981305006015,0.178920864424073,0.5173118017187879,MA,Maritime,,Unknown
18:06:2015,11:36:49,ARM_Manacapuru,169,169.4839,0.1897,0.1274,0.1079,0.0992,0.1233,0.0533,0.0296,0.02,0.0664,0.0742,0.0784,0.0792,0.834961,69.364599,70.033622,1.993977,0.037881,0.18847,4,10,7,6,4,10,7,6,4,10,7,6,4,10,6,6,0.0332,0.0491,0.39169,0.39025,1,1,05:02:2021,15:45:49,628,-3.212972,-60.598056,49.99,lev20,Almucantar,ARM_Manacapuru,169,169.4839,0.18847,0.12683,0.108182,0.098883,0.822576,69.364599,70.033622,1.993977,0.037881,0.18847,4,10,7,6,4,10,7,6,4,10,7,6,4,10,6,6,0.0332,0.0491,0.39169,0.39025,1,1,05:02:2021,15:45:49,628,-3.212972,-60.598056,49.99,lev20,Almucantar,ARM_Manacapuru,169,169.4839,1.4874,1.4884,1.4857,1.4715500000000001,0.0108375,0.009917,0.011362500000000001,0.011211,69.364599,70.033622,1.993977,0.037881,0.18847,4,10,7,6,4,10,7,6,4,10,7,6,4,10,6,6,0.0332,0.0491,0.39169,0.39025,1,1,05:02:2021,15:45:49,628,-3.212972,-60.598056,49.99,lev20,Almucantar,ARM_Manacapuru,169,169.4839,0.92575,0.91445,0.88515,0.8743000000000001,69.364599,70.033622,1.993977,0.037881,0.18847,4,10,7,6,4,10,7,6,4,10,7,6,4,10,6,6,0.0332,0.0491,0.39169,0.39025,1,1,05:02:2021,15:45:49,628,-3.212972,-60.598056,49.99,lev20,Almucantar,ARM_Manacapuru,169,169.4839,0.0495225,0.028158000000000002,0.0253755,0.021417,1.041159,69.364599,70.033622,1.993977,0.037881,0.18847,4,10,7,6,4,10,7,6,4,10,7,6,4,10,6,6,0.0332,0.0491,0.39169,0.39025,1,1,05:02:2021,15:45:49,628,-3.212972,-60.598056,49.99,lev20,Almucantar,0.8276715643043154,0.17065429275821833,0.529499383906145,MA,Maritime,,Unknown
18:06:2015,12:24:15,ARM_Manacapuru,169,169.51684,0.1802,0.1208,0.1008,0.0923,0.116,0.0496,0.0266,0.0175,0.0642,0.0713,0.0742,0.0748,0.857162,58.93492,59.584306,1.767815,0.135722,0.179081,4,10,7,5,4,10,7,5,3,11,6,4,3,10,8,4,0.02865,0.04304,0.35112,0.35065,1,1,05:02:2021,15:45:43,628,-3.212972,-60.598056,49.99,lev20,Almucantar,ARM_Manacapuru,169,169.51684,0.179081,0.119385,0.102296,0.090136,0.831243,58.93492,59.584306,1.767815,0.135722,0.179081,4,10,7,5,4,10,7,5,3,11,6,4,3,10,8,4,0.02865,0.04304,0.35112,0.35065,1,1,05:02:2021,15:45:43,628,-3.212972,-60.598056,49.99,lev20,Almucantar,ARM_Manacapuru,169,169.51684,1.4874,1.4884,1.4857,1.4715500000000001,0.0108375,0.009917,0.011362500000000001,0.011211,58.93492,59.584306,1.767815,0.135722,0.179081,4,10,7,5,4,10,7,5,3,11,6,4,3,10,8,4,0.02865,0.04304,0.35112,0.35065,1,1,05:02:2021,15:45:43,628,-3.212972,-60.598056,49.99,lev20,Almucantar,ARM_Manacapuru,169,169.51684,0.92575,0.91445,0.88515,0.8743000000000001,58.93492,59.584306,1.767815,0.135722,0.179081,4,10,7,5,4,10,7,5,3,11,6,4,3,10,8,4,0.02865,0.04304,0.35112,0.35065,1,1,05:02:2021,15:45:43,628,-3.212972,-60.598056,49.99,lev20,Almucantar,ARM_Manacapuru,169,169.51684,0.0495225,0.028158000000000002,0.0253755,0.021417,1.041159,58.93492,59.584306,1.767815,0.135722,0.179081,4,10,7,5,4,10,7,5,3,11,6,4,3,10,8,4,0.02865,0.04304,0.35112,0.35065,1,1,05:02:2021,15:45:43,628,-3.212972,-60.598056,49.99,lev20,Almucantar,0.8521537886150512,0.16160153637787858,0.5232153143645866,MA,Maritime,,Unknown
18:06:2015,12:52:28,ARM_Manacapuru,169,169.536435,0.1817,0.1226,0.1034,0.0931,0.1151,0.0495,0.0276,0.0169,0.0666,0.0731,0.0758,0.0761,0.833152,52.920416,53.550856,1.346051,0.137971,0.180186,3,10,8,3,3,10,8,3,3,10,8,4,4,10,8,3,0.0269,0.04073,0.33561,0.33561,1,1,05:02:2021,15:45:54,628,-3.212972,-60.598056,49.99,lev20,Almucantar,ARM_Manacapuru,169,169.536435,0.180186,0.120941,0.104947,0.09165,0.804224,52.920416,53.550856,1.346051,0.137971,0.180186,3,10,8,3,3,10,8,3,3,10,8,4,4,10,8,3,0.0269,0.04073,0.33561,0.33561,1,1,05:02:2021,15:45:54,628,-3.212972,-60.598056,49.99,lev20,Almucantar,ARM_Manacapuru,169,169.536435,1.4874,1.4884,1.4857,1.4715500000000001,0.0108375,0.009917,0.011362500000000001,0.011211,52.920416,53.550856,1.346051,0.137971,0.180186,3,10,8,3,3,10,8,3,3,10,8,4,4,10,8,3,0.0269,0.04073,0.33561,0.33561,1,1,05:02:2021,15:45:54,628,-3.212972,-60.598056,49.99,lev20,Almucantar,ARM_Manacapuru,169,169.536435,0.92575,0.91445,0.88515,0.8743000000000001,52.920416,53.550856,1.346051,0.137971,0.180186,3,10,8,3,3,10,8,3,3,10,8,4,4,10,8,3,0.0269,0.04073,0.33561,0.33561,1,1,05:02:2021,15:45:54,628,-3.212972,-60.598056,49.99,lev20,Almucantar,ARM_Manacapuru,169,169.536435,0.0495225,0.028158000000000002,0.0253755,0.021417,1.041159,52.920416,53.550856,1.346051,0.137971,0.180186,3,10,8,3,3,10,8,3,3,10,8,4,4,10,8,3,0.0269,0.04073,0.33561,0.33561,1,1,05:02:2021,15:45:54,628,-3.212972,-60.598056,49.99,lev20,Almucantar,0.8269572058704651,0.16347241290336972,0.5198685013262713,MA,Maritime,,Unknown
18:06:2015,13:05:22,ARM_Manacapuru,169,169.545394,0.1865,0.1252,0.1049,0.0943,0.1219,0.0539,0.0313,0.0206,0.0646,0.0713,0.0736,0.0737,0.849635,50.238603,50.857832,1.802933,0.131356,0.185591,3,10,8,4,3,10,8,4,3,10,8,4,3,10,8,4,0.02625,0.03988,0.32994,0.33016,1,1,05:02:2021,15:45:56,628,-3.212972,-60.598056,49.99,lev20,Almucantar,ARM_Manacapuru,169,169.545394,0.185591,0.123568,0.106487,0.093308,0.825772,50.238603,50.857832,1.802933,0.131356,0.185591,3,10,8,4,3,10,8,4,3,10,8,4,3,10,8,4,0.02625,0.03988,0.32994,0.33016,1,1,05:02:2021,15:45:56,628,-3.212972,-60.598056,49.99,lev20,Almucantar,ARM_Manacapuru,169,169.545394,1.4874,1.4884,1.4857,1.4715500000000001,0.0108375,0.009917,0.011362500000000001,0.011211,50.238603,50.857832,1.802933,0.131356,0.185591,3,10,8,4,3,10,8,4,3,10,8,4,3,10,8,4,0.02625,0.03988,0.32994,0.33016,1,1,05:02:2021,15:45:56,628,-3.212972,-60.598056,49.99,lev20,Almucantar,ARM_Manacapuru,169,169.545394,0.92575,0.91445,0.88515,0.8743000000000001,50.238603,50.857832,1.802933,0.131356,0.185591,3,10,8,4,3,10,8,4,3,10,8,4,3,10,8,4,0.02625,0.03988,0.32994,0.33016,1,1,05:02:2021,15:45:56,628,-3.212972,-60.598056,49.99,lev20,Almucantar,ARM_Manacapuru,169,169.545394,0.0495225,0.028158000000000002,0.0253755,0.021417,1.041159,50.238603,50.857832,1.802933,0.131356,0.185591,3,10,8,4,3,10,8,4,3,10,8,4,3,10,8,4,0.02625,0.03988,0.32994,0.33016,1,1,05:02:2021,15:45:56,628,-3.212972,-60.598056,49.99,lev20,Almucantar,0.8440782178646413,0.1674240598911841,0.5408191854365594,MA,Maritime,,Unknown
22:06:2015,19:21:07,ARM_Manacapuru,173,173.806331,0.0889,0.0525,0.0399,0.0349,0.0677,0.0282,0.0145,0.0097,0.0212,0.0243,0.0254,0.0252,1.17585,55.405243,54.768439,4.266972,0.146938,0.088371,4,10,8,4,4,10,8,4,4,10,8,4,4,10,5,4,0.02778,0.04169,0.34084,0.33831,1,1,05:02:2021,16:16:20,628,-3.212972,-60.598056,49.99,lev20,Almucantar,ARM_Manacapuru,173,173.806331,0.088371,0.050126,0.041359,0.03517,1.131396,55.405243,54.768439,4.266972,0.146938,0.088371,4,10,8,4,4,10,8,4,4,10,8,4,4,10,5,4,0.02778,0.04169,0.34084,0.33831,1,1,05:02:2021,16:16:20,628,-3.212972,-60.598056,49.99,lev20,Almucantar,ARM_Manacapuru,173,173.806331,1.4874,1.4884,1.4857,1.4715500000000001,0.0108375,0.009917,0.011362500000000001,0.011211,55.405243,54.768439,4.266972,0.146938,0.088371,4,10,8,4,4,10,8,4,4,10,8,4,4,10,5,4,0.02778,0.04169,0.34084,0.33831,1,1,05:02:2021,16:16:20,628,-3.212972,-60.598056,49.99,lev20,Almucantar,ARM_Manacapuru,173,173.806331,0.92575,0.91445,0.88515,0.8743000000000001,55.405243,54.768439,4.266972,0.146938,0.088371,4,10,8,4,4,10,8,4,4,10,8,4,4,10,5,4,0.02778,0.04169,0.34084,0.33831,1,1,05:02:2021,16:16:20,628,-3.212972,-60.598056,49.99,lev20,Almucantar,ARM_Manacapuru,173,173.806331,0.0495225,0.028158000000000002,0.0253755,0.021417,1.041159,55.405243,54.768439,4.266972,0.146938,0.088371,4,10,8,4,4,10,8,4,4,10,8,4,4,10,5,4,0.02778,0.04169,0.34084,0.33831,1,1,05:02:2021,16:16:20,628,-3.212972,-60.598056,49.99,lev20,Almucantar,1.1751710369624309,0.0764996424346102,0.647894233282143,Unclassified,Maritime,,Unknown
22:06:2015,19:47:08,ARM_Manacapuru,173,173.824398,0.0908,0.052,0.0397,0.0346,0.0697,0.0281,0.0148,0.0097,0.0211,0.0239,0.0249,0.0249,1.217652,61.008211,60.35554,3.718831,0.144474,0.090456,3,10,8,5,3,9,7,4,3,10,8,4,3,10,7,3,0.02966,0.04413,0.35672,0.35291,1,1,05:02:2021,16:16:59,628,-3.212972,-60.598056,49.99,lev20,Almucantar,ARM_Manacapuru,173,173.824398,0.090456,0.050721,0.041553,0.033555,1.158551,61.008211,60.35554,3.718831,0.144474,0.090456,3,10,8,5,3,9,7,4,3,10,8,4,3,10,7,3,0.02966,0.04413,0.35672,0.35291,1,1,05:02:2021,16:16:59,628,-3.212972,-60.598056,49.99,lev20,Almucantar,ARM_Manacapuru,173,173.824398,1.4874,1.4884,1.4857,1.4715500000000001,0.0108375,0.009917,0.011362500000000001,0.011211,61.008211,60.35554,3.718831,0.144474,0.090456,3,10,8,5,3,9,7,4,3,10,8,4,3,10,7,3,0.02966,0.04413,0.35672,0.35291,1,1,05:02:2021,16:16:59,628,-3.212972,-60.598056,49.99,lev20,Almucantar,ARM_Manacapuru,173,173.824398,0.92575,0.91445,0.88515,0.8743000000000001,61.008211,60.35554,3.718831,0.144474,0.090456,3,10,8,5,3,9,7,4,3,10,8,4,3,10,7,3,0.02966,0.04413,0.35672,0.35291,1,1,05:02:2021,16:16:59,628,-3.212972,-60.598056,49.99,lev20,Almucantar,ARM_Manacapuru,173,173.824398,0.0495225,0.028158000000000002,0.0253755,0.021417,1.041159,61.008211,60.35554,3.718831,0.144474,0.090456,3,10,8,5,3,9,7,4,3,10,8,4,3,10,7,3,0.02966,0.04413,0.35672,0.35291,1,1,05:02:2021,16:16:59,628,-3.212972,-60.598056,49.99,lev20,Almucantar,1.2135626603026497,0.07775209369130083,0.6547936894050174,BCL,Maritime,,Unknown
22:06:2015,20:34:52,ARM_Manacapuru,173,173.857546,0.0945,0.0535,0.0411,0.0362,0.0725,0.0285,0.015,0.0101,0.022,0.025,0.0261,0.0261,1.227421,71.561673,70.890867,4.71131,0.091804,0.094199,4,10,7,6,4,10,7,6,4,10,7,6,4,10,7,4,0.03509,0.05112,0.40215,0.39458,1,1,05:02:2021,16:16:12,628,-3.212972,-60.598056,49.99,lev20,Almucantar,ARM_Manacapuru,173,173.857546,0.094199,0.0523,0.042047,0.034833,1.198485,71.561673,70.890867,4.71131,0.091804,0.094199,4,10,7,6,4,10,7,6,4,10,7,6,4,10,7,4,0.03509,0.05112,0.40215,0.39458,1,1,05:02:2021,16:16:12,628,-3.212972,-60.598056,49.99,lev20,Almucantar,ARM_Manacapuru,173,173.857546,1.4874,1.4884,1.4857,1.4715500000000001,0.0108375,0.009917,0.011362500000000001,0.011211,71.561673,70.890867,4.71131,0.091804,0.094199,4,10,7,6,4,10,7,6,4,10,7,6,4,10,7,4,0.03509,0.05112,0.40215,0.39458,1,1,05:02:2021,16:16:12,628,-3.212972,-60.598056,49.99,lev20,Almucantar,ARM_Manacapuru,173,173.857546,0.92575,0.91445,0.88515,0.8743000000000001,71.561673,70.890867,4.71131,0.091804,0.094199,4,10,7,6,4,10,7,6,4,10,7,6,4,10,7,4,0.03509,0.05112,0.40215,0.39458,1,1,05:02:2021,16:16:12,628,-3.212972,-60.598056,49.99,lev20,Almucantar,ARM_Manacapuru,173,173.857546,0.0495225,0.028158000000000002,0.0253755,0.021417,1.041159,71.561673,70.890867,4.71131,0.091804,0.094199,4,10,7,6,4,10,7,6,4,10,7,6,4,10,7,4,0.03509,0.05112,0.40215,0.39458,1,1,05:02:2021,16:16:12,628,-3.212972,-60.598056,49.99,lev20,Almucantar,1.2213130957121412,0.0808402725339439,0.6478324839695224,BCL,Maritime,,Unknown
25:06:2015,12:53:49,ARM_Manacapuru,176,176.537373,0.0819,0.045,0.0333,0.0279,0.0663,0.0275,0.015,0.0095,0.0157,0.0174,0.0183,0.0184,1.32267,52.94862,53.579369,1.102384,0.137177,0.080846,3,10,8,4,3,10,8,4,3,10,8,4,4,10,8,3,0.02691,0.04073,0.33569,0.33567,1,1,05:02:2021,16:40:09,628,-3.212972,-60.598056,49.99,lev20,Almucantar,ARM_Manacapuru,176,176.537373,0.080846,0.044066,0.035296,0.026824,1.231958,52.94862,53.579369,1.102384,0.137177,0.080846,3,10,8,4,3,10,8,4,3,10,8,4,4,10,8,3,0.02691,0.04073,0.33569,0.33567,1,1,05:02:2021,16:40:09,628,-3.212972,-60.598056,49.99,lev20,Almucantar,ARM_Manacapuru,176,176.537373,1.4874,1.4884,1.4857,1.4715500000000001,0.0108375,0.009917,0.011362500000000001,0.011211,52.94862,53.579369,1.102384,0.137177,0.080846,3,10,8,4,3,10,8,4,3,10,8,4,4,10,8,3,0.02691,0.04073,0.33569,0.33567,1,1,05:02:2021,16:40:09,628,-3.212972,-60.598056,49.99,lev20,Almucantar,ARM_Manacapuru,176,176.537373,0.92575,0.91445,0.88515,0.8743000000000001,52.94862,53.579369,1.102384,0.137177,0.080846,3,10,8,4,3,10,8,4,3,10,8,4,4,10,8,3,0.02691,0.04073,0.33569,0.33567,1,1,05:02:2021,16:40:09,628,-3.212972,-60.598056,49.99,lev20,Almucantar,ARM_Manacapuru,176,176.537373,0.0495225,0.028158000000000002,0.0253755,0.021417,1.041159,52.94862,53.579369,1.102384,0.137177,0.080846,3,10,8,4,3,10,8,4,3,10,8,4,4,10,8,3,0.02691,0.04073,0.33569,0.33567,1,1,05:02:2021,16:40:09,628,-3.212972,-60.598056,49.99,lev20,Almucantar,1.320107366929779,0.06918231147249639,0.718195021342953,BCL,Maritime,,Unknown
25:06:2015,13:06:44,ARM_Manacapuru,176,176.546343,0.0834,0.0448,0.0318,0.0263,0.0676,0.0271,0.0137,0.0086,0.0158,0.0177,0.0181,0.0177,1.412034,50.261944,50.881505,3.545723,0.200439,0.082316,3,10,8,4,3,10,8,4,3,10,7,4,3,10,8,3,0.02627,0.0399,0.32999,0.33021,1,1,05:02:2021,16:39:50,628,-3.212972,-60.598056,49.99,lev20,Almucantar,ARM_Manacapuru,176,176.546343,0.082316,0.044665,0.03556,0.027281,1.246888,50.261944,50.881505,3.545723,0.200439,0.082316,3,10,8,4,3,10,8,4,3,10,7,4,3,10,8,3,0.02627,0.0399,0.32999,0.33021,1,1,05:02:2021,16:39:50,628,-3.212972,-60.598056,49.99,lev20,Almucantar,ARM_Manacapuru,176,176.546343,1.4874,1.4884,1.4857,1.4715500000000001,0.0108375,0.009917,0.011362500000000001,0.011211,50.261944,50.881505,3.545723,0.200439,0.082316,3,10,8,4,3,10,8,4,3,10,7,4,3,10,8,3,0.02627,0.0399,0.32999,0.33021,1,1,05:02:2021,16:39:50,628,-3.212972,-60.598056,49.99,lev20,Almucantar,ARM_Manacapuru,176,176.546343,0.92575,0.91445,0.88515,0.8743000000000001,50.261944,50.881505,3.545723,0.200439,0.082316,3,10,8,4,3,10,8,4,3,10,7,4,3,10,8,3,0.02627,0.0399,0.32999,0.33021,1,1,05:02:2021,16:39:50,628,-3.212972,-60.598056,49.99,lev20,Almucantar,ARM_Manacapuru,176,176.546343,0.0495225,0.028158000000000002,0.0253755,0.021417,1.041159,50.261944,50.881505,3.545723,0.200439,0.082316,3,10,8,4,3,10,8,4,3,10,7,4,3,10,8,3,0.02627,0.0399,0.32999,0.33021,1,1,05:02:2021,16:39:50,628,-3.212972,-60.598056,49.99,lev20,Almucantar,1.414340436949571,0.06960583519583333,0.7130601630930665,BCL,Maritime,,Unknown
26:06:2015,13:06:56,ARM_Manacapuru,177,177.546481,0.0964,0.0534,0.0385,0.0326,0.0768,0.0313,0.0157,0.0101,0.0197,0.0221,0.0228,0.0225,1.343957,50.251203,50.871038,2.375322,0.128636,0.095572,3,10,8,4,3,10,8,4,3,9,8,4,3,10,7,4,0.02656,0.04094,0.33817,0.33868,1,1,05:02:2021,17:00:30,628,-3.212972,-60.598056,49.99,lev20,Almucantar,ARM_Manacapuru,177,177.546481,0.095572,0.051752,0.040011,0.030888,1.288258,50.251203,50.871038,2.375322,0.128636,0.095572,3,10,8,4,3,10,8,4,3,9,8,4,3,10,7,4,0.02656,0.04094,0.33817,0.33868,1,1,05:02:2021,17:00:30,628,-3.212972,-60.598056,49.99,lev20,Almucantar,ARM_Manacapuru,177,177.546481,1.4874,1.4884,1.4857,1.4715500000000001,0.0108375,0.009917,0.011362500000000001,0.011211,50.251203,50.871038,2.375322,0.128636,0.095572,3,10,8,4,3,10,8,4,3,9,8,4,3,10,7,4,0.02656,0.04094,0.33817,0.33868,1,1,05:02:2021,17:00:30,628,-3.212972,-60.598056,49.99,lev20,Almucantar,ARM_Manacapuru,177,177.546481,0.92575,0.91445,0.88515,0.8743000000000001,50.251203,50.871038,2.375322,0.128636,0.095572,3,10,8,4,3,10,8,4,3,9,8,4,3,10,7,4,0.02656,0.04094,0.33817,0.33868,1,1,05:02:2021,17:00:30,628,-3.212972,-60.598056,49.99,lev20,Almucantar,ARM_Manacapuru,177,177.546481,0.0495225,0.028158000000000002,0.0253755,0.021417,1.041159,50.251203,50.871038,2.375322,0.128636,0.095572,3,10,8,4,3,10,8,4,3,9,8,4,3,10,7,4,0.02656,0.04094,0.33817,0.33868,1,1,05:02:2021,17:00:30,628,-3.212972,-60.598056,49.99,lev20,Almucantar,1.346373878475321,0.08115774171063707,0.6946848516382884,BCL,Maritime,,Unknown
29:06:2015,12:26:16,ARM_Manacapuru,180,180.518241,0.1263,0.0806,0.0652,0.0583,0.0926,0.0435,0.0259,0.0181,0.0337,0.0371,0.0394,0.0402,0.97409,58.948373,59.599248,1.428342,0.081045,0.125099,4,10,7,5,4,10,7,5,3,11,7,5,3,10,7,4,0.02897,0.04424,0.36108,0.36101,1,1,05:02:2021,18:03:44,628,-3.212972,-60.598056,49.99,lev20,Almucantar,ARM_Manacapuru,180,180.518241,0.125099,0.079875,0.066435,0.057539,0.937071,58.948373,59.599248,1.428342,0.081045,0.125099,4,10,7,5,4,10,7,5,3,11,7,5,3,10,7,4,0.02897,0.04424,0.36108,0.36101,1,1,05:02:2021,18:03:44,628,-3.212972,-60.598056,49.99,lev20,Almucantar,ARM_Manacapuru,180,180.518241,1.4874,1.4884,1.4857,1.4715500000000001,0.0108375,0.009917,0.011362500000000001,0.011211,58.948373,59.599248,1.428342,0.081045,0.125099,4,10,7,5,4,10,7,5,3,11,7,5,3,10,7,4,0.02897,0.04424,0.36108,0.36101,1,1,05:02:2021,18:03:44,628,-3.212972,-60.598056,49.99,lev20,Almucantar,ARM_Manacapuru,180,180.518241,0.92575,0.91445,0.88515,0.8743000000000001,58.948373,59.599248,1.428342,0.081045,0.125099,4,10,7,5,4,10,7,5,3,11,7,5,3,10,7,4,0.02897,0.04424,0.36108,0.36101,1,1,05:02:2021,18:03:44,628,-3.212972,-60.598056,49.99,lev20,Almucantar,ARM_Manacapuru,180,180.518241,0.0495225,0.028158000000000002,0.0253755,0.021417,1.041159,58.948373,59.599248,1.428342,0.081045,0.125099,4,10,7,5,4,10,7,5,3,11,7,5,3,10,7,4,0.02897,0.04424,0.36108,0.36101,1,1,05:02:2021,18:03:44,628,-3.212972,-60.598056,49.99,lev20,Almucantar,0.9699026434343785,0.11157244428055481,0.6385440269675402,Unclassified,Maritime,,Unknown
29:06:2015,12:54:21,ARM_Manacapuru,180,180.537743,0.113,0.0706,0.0564,0.0507,0.0816,0.0361,0.0198,0.0133,0.0313,0.0345,0.0367,0.0374,1.023335,52.946585,53.578883,1.281227,0.11016,0.112168,3,10,8,4,3,10,8,4,3,10,8,3,4,10,7,4,0.0272,0.04182,0.3443,0.34466,1,1,05:02:2021,18:02:48,628,-3.212972,-60.598056,49.99,lev20,Almucantar,ARM_Manacapuru,180,180.537743,0.112168,0.069981,0.058112,0.049434,0.975111,52.946585,53.578883,1.281227,0.11016,0.112168,3,10,8,4,3,10,8,4,3,10,8,3,4,10,7,4,0.0272,0.04182,0.3443,0.34466,1,1,05:02:2021,18:02:48,628,-3.212972,-60.598056,49.99,lev20,Almucantar,ARM_Manacapuru,180,180.537743,1.4874,1.4884,1.4857,1.4715500000000001,0.0108375,0.009917,0.011362500000000001,0.011211,52.946585,53.578883,1.281227,0.11016,0.112168,3,10,8,4,3,10,8,4,3,10,8,3,4,10,7,4,0.0272,0.04182,0.3443,0.34466,1,1,05:02:2021,18:02:48,628,-3.212972,-60.598056,49.99,lev20,Almucantar,ARM_Manacapuru,180,180.537743,0.92575,0.91445,0.88515,0.8743000000000001,52.946585,53.578883,1.281227,0.11016,0.112168,3,10,8,4,3,10,8,4,3,10,8,3,4,10,7,4,0.0272,0.04182,0.3443,0.34466,1,1,05:02:2021,18:02:48,628,-3.212972,-60.598056,49.99,lev20,Almucantar,ARM_Manacapuru,180,180.537743,0.0495225,0.028158000000000002,0.0253755,0.021417,1.041159,52.946585,53.578883,1.281227,0.11016,0.112168,3,10,8,4,3,10,8,4,3,10,8,3,4,10,7,4,0.0272,0.04182,0.3443,0.34466,1,1,05:02:2021,18:02:48,628,-3.212972,-60.598056,49.99,lev20,Almucantar,1.019363088675981,0.0991941656247096,0.618330748018079,Unclassified,Maritime,,Unknown
30:06:2015,13:07:43,ARM_Manacapuru,181,181.547025,0.1695,0.092,0.0624,0.0479,0.1544,0.0763,0.0456,0.0302,0.0151,0.0158,0.0168,0.0176,1.455169,50.176211,50.797712,3.331266,0.140919,0.168657,3,9,8,4,3,10,8,4,3,9,6,4,3,10,4,4,0.02654,0.04091,0.338,0.33853,1,1,05:02:2021,18:14:50,628,-3.212972,-60.598056,49.99,lev20,Almucantar,ARM_Manacapuru,181,181.547025,0.168657,0.090097,0.064305,0.047994,1.413494,50.176211,50.797712,3.331266,0.140919,0.168657,3,9,8,4,3,10,8,4,3,9,6,4,3,10,4,4,0.02654,0.04091,0.338,0.33853,1,1,05:02:2021,18:14:50,628,-3.212972,-60.598056,49.99,lev20,Almucantar,ARM_Manacapuru,181,181.547025,1.4874,1.4884,1.4857,1.4715500000000001,0.0108375,0.009917,0.011362500000000001,0.011211,50.176211,50.797712,3.331266,0.140919,0.168657,3,9,8,4,3,10,8,4,3,9,6,4,3,10,4,4,0.02654,0.04091,0.338,0.33853,1,1,05:02:2021,18:14:50,628,-3.212972,-60.598056,49.99,lev20,Almucantar,ARM_Manacapuru,181,181.547025,0.92575,0.91445,0.88515,0.8743000000000001,50.176211,50.797712,3.331266,0.140919,0.168657,3,9,8,4,3,10,8,4,3,9,6,4,3,10,4,4,0.02654,0.04091,0.338,0.33853,1,1,05:02:2021,18:14:50,628,-3.212972,-60.598056,49.99,lev20,Almucantar,ARM_Manacapuru,181,181.547025,0.0495225,0.028158000000000002,0.0253755,0.021417,1.041159,50.176211,50.797712,3.331266,0.140919,0.168657,3,9,8,4,3,10,8,4,3,9,6,4,3,10,4,4,0.02654,0.04091,0.338,0.33853,1,1,05:02:2021,18:14:50,628,-3.212972,-60.598056,49.99,lev20,Almucantar,1.4658362268578224,0.140536907324265,0.8815460395930679,BCL,Maritime,,Unknown
02:07:2015,12:28:02,ARM_Manacapuru,183,183.519468,0.083,0.0433,0.0306,0.0251,0.0726,0.0318,0.0185,0.0128,0.0104,0.0116,0.0122,0.0123,1.463221,58.629522,59.281121,1.216625,0.055449,0.082789,4,10,7,5,4,10,7,5,4,10,7,4,3,11,6,5,0.02887,0.0441,0.36012,0.36003,1,1,05:02:2021,18:33:15,628,-3.212972,-60.598056,49.99,lev20,Almucantar,ARM_Manacapuru,183,183.519468,0.082789,0.042758,0.031306,0.024991,1.432716,58.629522,59.281121,1.216625,0.055449,0.082789,4,10,7,5,4,10,7,5,4,10,7,4,3,11,6,5,0.02887,0.0441,0.36012,0.36003,1,1,05:02:2021,18:33:15,628,-3.212972,-60.598056,49.99,lev20,Almucantar,ARM_Manacapuru,183,183.519468,1.4874,1.4884,1.4857,1.4715500000000001,0.0108375,0.009917,0.011362500000000001,0.011211,58.629522,59.281121,1.216625,0.055449,0.082789,4,10,7,5,4,10,7,5,4,10,7,4,3,11,6,5,0.02887,0.0441,0.36012,0.36003,1,1,05:02:2021,18:33:15,628,-3.212972,-60.598056,49.99,lev20,Almucantar,ARM_Manacapuru,183,183.519468,0.92575,0.91445,0.88515,0.8743000000000001,58.629522,59.281121,1.216625,0.055449,0.082789,4,10,7,5,4,10,7,5,4,10,7,4,3,11,6,5,0.02887,0.0441,0.36012,0.36003,1,1,05:02:2021,18:33:15,628,-3.212972,-60.598056,49.99,lev20,Almucantar,ARM_Manacapuru,183,183.519468,0.0495225,0.028158000000000002,0.0253755,0.021417,1.041159,58.629522,59.281121,1.216625,0.055449,0.082789,4,10,7,5,4,10,7,5,4,10,7,4,3,11,6,5,0.02887,0.0441,0.36012,0.36003,1,1,05:02:2021,18:33:15,628,-3.212972,-60.598056,49.99,lev20,Almucantar,1.463713572654864,0.06883615852788551,0.8112769385016126,BCL,Maritime,,Unknown
02:07:2015,12:54:38,ARM_Manacapuru,183,183.53794,0.0874,0.0459,0.0315,0.0249,0.0778,0.0357,0.0206,0.0136,0.0096,0.0102,0.0109,0.0114,1.491083,52.93407,53.568158,1.548106,0.117699,0.08719,3,10,8,4,3,10,8,4,3,10,8,4,4,10,7,4,0.0272,0.04181,0.34426,0.34464,1,1,05:02:2021,18:32:48,628,-3.212972,-60.598056,49.99,lev20,Almucantar,ARM_Manacapuru,183,183.53794,0.08719,0.044466,0.033137,0.023966,1.42931,52.93407,53.568158,1.548106,0.117699,0.08719,3,10,8,4,3,10,8,4,3,10,8,4,4,10,7,4,0.0272,0.04181,0.34426,0.34464,1,1,05:02:2021,18:32:48,628,-3.212972,-60.598056,49.99,lev20,Almucantar,ARM_Manacapuru,183,183.53794,1.4874,1.4884,1.4857,1.4715500000000001,0.0108375,0.009917,0.011362500000000001,0.011211,52.93407,53.568158,1.548106,0.117699,0.08719,3,10,8,4,3,10,8,4,3,10,8,4,4,10,7,4,0.0272,0.04181,0.34426,0.34464,1,1,05:02:2021,18:32:48,628,-3.212972,-60.598056,49.99,lev20,Almucantar,ARM_Manacapuru,183,183.53794,0.92575,0.91445,0.88515,0.8743000000000001,52.93407,53.568158,1.548106,0.117699,0.08719,3,10,8,4,3,10,8,4,3,10,8,4,4,10,7,4,0.0272,0.04181,0.34426,0.34464,1,1,05:02:2021,18:32:48,628,-3.212972,-60.598056,49.99,lev20,Almucantar,ARM_Manacapuru,183,183.53794,0.0495225,0.028158000000000002,0.0253755,0.021417,1.041159,52.93407,53.568158,1.548106,0.117699,0.08719,3,10,8,4,3,10,8,4,3,10,8,4,4,10,7,4,0.0272,0.04181,0.34426,0.34464,1,1,05:02:2021,18:32:48,628,-3.212972,-60.598056,49.99,lev20,Almucantar,1.496963570269945,0.07217786229332498,0.8452854898450739,BCL,Maritime,,Unknown
02:07:2015,13:08:07,ARM_Manacapuru,183,183.547303,0.0876,0.0457,0.0318,0.0254,0.0786,0.0361,0.0216,0.0148,0.009,0.0096,0.0102,0.0106,1.48338,50.114914,50.737562,1.126081,0.103641,0.08727,3,10,8,4,3,10,8,4,3,10,8,4,3,10,7,3,0.02653,0.04089,0.33787,0.3384,1,1,05:02:2021,18:33:45,628,-3.212972,-60.598056,49.99,lev20,Almucantar,ARM_Manacapuru,183,183.547303,0.08727,0.044614,0.03311,0.024041,1.430962,50.114914,50.737562,1.126081,0.103641,0.08727,3,10,8,4,3,10,8,4,3,10,8,4,3,10,7,3,0.02653,0.04089,0.33787,0.3384,1,1,05:02:2021,18:33:45,628,-3.212972,-60.598056,49.99,lev20,Almucantar,ARM_Manacapuru,183,183.547303,1.4874,1.4884,1.4857,1.4715500000000001,0.0108375,0.009917,0.011362500000000001,0.011211,50.114914,50.737562,1.126081,0.103641,0.08727,3,10,8,4,3,10,8,4,3,10,8,4,3,10,7,3,0.02653,0.04089,0.33787,0.3384,1,1,05:02:2021,18:33:45,628,-3.212972,-60.598056,49.99,lev20,Almucantar,ARM_Manacapuru,183,183.547303,0.92575,0.91445,0.88515,0.8743000000000001,50.114914,50.737562,1.126081,0.103641,0.08727,3,10,8,4,3,10,8,4,3,10,8,4,3,10,7,3,0.02653,0.04089,0.33787,0.3384,1,1,05:02:2021,18:33:45,628,-3.212972,-60.598056,49.99,lev20,Almucantar,ARM_Manacapuru,183,183.547303,0.0495225,0.028158000000000002,0.0253755,0.021417,1.041159,50.114914,50.737562,1.126081,0.103641,0.08727,3,10,8,4,3,10,8,4,3,10,8,4,3,10,7,3,0.02653,0.04089,0.33787,0.3384,1,1,05:02:2021,18:33:45,628,-3.212972,-60.598056,49.99,lev20,Almucantar,1.4864122520429353,0.07244067190547743,0.8528498589535365,BCL,Maritime,,Unknown
02:07:2015,19:49:31,ARM_Manacapuru,183,183.826053,0.1129,0.0551,0.0366,0.0293,0.1008,0.0423,0.0228,0.015,0.012,0.0128,0.0138,0.0142,1.647504,60.95102,60.295309,3.707445,0.1571,0.112492,3,10,8,5,3,10,7,5,3,10,8,5,3,10,4,3,0.02995,0.04532,0.36682,0.36323,1,1,05:02:2021,18:32:56,628,-3.212972,-60.598056,49.99,lev20,Almucantar,ARM_Manacapuru,183,183.826053,0.112492,0.053566,0.038718,0.028205,1.575672,60.95102,60.295309,3.707445,0.1571,0.112492,3,10,8,5,3,10,7,5,3,10,8,5,3,10,4,3,0.02995,0.04532,0.36682,0.36323,1,1,05:02:2021,18:32:56,628,-3.212972,-60.598056,49.99,lev20,Almucantar,ARM_Manacapuru,183,183.826053,1.4874,1.4884,1.4857,1.4715500000000001,0.0108375,0.009917,0.011362500000000001,0.011211,60.95102,60.295309,3.707445,0.1571,0.112492,3,10,8,5,3,10,7,5,3,10,8,5,3,10,4,3,0.02995,0.04532,0.36682,0.36323,1,1,05:02:2021,18:32:56,628,-3.212972,-60.598056,49.99,lev20,Almucantar,ARM_Manacapuru,183,183.826053,0.92575,0.91445,0.88515,0.8743000000000001,60.95102,60.295309,3.707445,0.1571,0.112492,3,10,8,5,3,10,7,5,3,10,8,5,3,10,4,3,0.02995,0.04532,0.36682,0.36323,1,1,05:02:2021,18:32:56,628,-3.212972,-60.598056,49.99,lev20,Almucantar,ARM_Manacapuru,183,183.826053,0.0495225,0.028158000000000002,0.0253755,0.021417,1.041159,60.95102,60.295309,3.707445,0.1571,0.112492,3,10,8,5,3,10,7,5,3,10,8,5,3,10,4,3,0.02995,0.04532,0.36682,0.36323,1,1,05:02:2021,18:32:56,628,-3.212972,-60.598056,49.99,lev20,Almucantar,1.6523744859052627,0.09140259498934832,0.8412744551032111,BCL,Maritime,,Unknown
03:07:2015,12:54:36,ARM_Manacapuru,184,184.537917,0.0984,0.0535,0.0382,0.0316,0.081,0.0337,0.0178,0.0118,0.0174,0.0199,0.0204,0.0198,1.385583,52.949865,53.584746,3.899638,0.148667,0.097254,3,10,8,3,3,10,8,3,3,9,8,4,4,10,6,4,0.0272,0.04182,0.3443,0.34468,1,1,05:02:2021,18:24:47,628,-3.212972,-60.598056,49.99,lev20,Almucantar,ARM_Manacapuru,184,184.537917,0.097254,0.052209,0.040387,0.030981,1.300984,52.949865,53.584746,3.899638,0.148667,0.097254,3,10,8,3,3,10,8,3,3,9,8,4,4,10,6,4,0.0272,0.04182,0.3443,0.34468,1,1,05:02:2021,18:24:47,628,-3.212972,-60.598056,49.99,lev20,Almucantar,ARM_Manacapuru,184,184.537917,1.4874,1.4884,1.4857,1.4715500000000001,0.0108375,0.009917,0.011362500000000001,0.011211,52.949865,53.584746,3.899638,0.148667,0.097254,3,10,8,3,3,10,8,3,3,9,8,4,4,10,6,4,0.0272,0.04182,0.3443,0.34468,1,1,05:02:2021,18:24:47,628,-3.212972,-60.598056,49.99,lev20,Almucantar,ARM_Manacapuru,184,184.537917,0.92575,0.91445,0.88515,0.8743000000000001,52.949865,53.584746,3.899638,0.148667,0.097254,3,10,8,3,3,10,8,3,3,9,8,4,4,10,6,4,0.0272,0.04182,0.3443,0.34468,1,1,05:02:2021,18:24:47,628,-3.212972,-60.598056,49.99,lev20,Almucantar,ARM_Manacapuru,184,184.537917,0.0495225,0.028158000000000002,0.0253755,0.021417,1.041159,52.949865,53.584746,3.899638,0.148667,0.097254,3,10,8,3,3,10,8,3,3,9,8,4,4,10,6,4,0.0272,0.04182,0.3443,0.34468,1,1,05:02:2021,18:24:47,628,-3.212972,-60.598056,49.99,lev20,Almucantar,1.3879707087767392,0.08240217471984719,0.7289863354744232,BCL,Maritime,,Unknown
04:07:2015,19:23:19,ARM_Manacapuru,185,185.807859,0.0758,0.0458,0.0342,0.0291,0.059,0.0265,0.014,0.0092,0.0167,0.0193,0.0202,0.0199,1.163253,55.142293,54.501194,4.121256,0.180607,0.075372,4,10,8,4,4,10,8,4,4,10,8,4,4,10,7,3,0.02783,0.04269,0.35063,0.35015,1,1,05:02:2021,19:06:42,628,-3.212972,-60.598056,49.99,lev20,Almucantar,ARM_Manacapuru,185,185.807859,0.075372,0.044495,0.037196,0.030346,1.052307,55.142293,54.501194,4.121256,0.180607,0.075372,4,10,8,4,4,10,8,4,4,10,8,4,4,10,7,3,0.02783,0.04269,0.35063,0.35015,1,1,05:02:2021,19:06:42,628,-3.212972,-60.598056,49.99,lev20,Almucantar,ARM_Manacapuru,185,185.807859,1.4874,1.4884,1.4857,1.4715500000000001,0.0108375,0.009917,0.011362500000000001,0.011211,55.142293,54.501194,4.121256,0.180607,0.075372,4,10,8,4,4,10,8,4,4,10,8,4,4,10,7,3,0.02783,0.04269,0.35063,0.35015,1,1,05:02:2021,19:06:42,628,-3.212972,-60.598056,49.99,lev20,Almucantar,ARM_Manacapuru,185,185.807859,0.92575,0.91445,0.88515,0.8743000000000001,55.142293,54.501194,4.121256,0.180607,0.075372,4,10,8,4,4,10,8,4,4,10,8,4,4,10,7,3,0.02783,0.04269,0.35063,0.35015,1,1,05:02:2021,19:06:42,628,-3.212972,-60.598056,49.99,lev20,Almucantar,ARM_Manacapuru,185,185.807859,0.0495225,0.028158000000000002,0.0253755,0.021417,1.041159,55.142293,54.501194,4.121256,0.180607,0.075372,4,10,8,4,4,10,8,4,4,10,8,4,4,10,7,3,0.02783,0.04269,0.35063,0.35015,1,1,05:02:2021,19:06:42,628,-3.212972,-60.598056,49.99,lev20,Almucantar,1.167450591995605,0.06529132293268716,0.6812452130709816,Unclassified,Maritime,,Unknown
06:07:2015,19:23:40,ARM_Manacapuru,187,187.808102,0.1132,0.0671,0.0497,0.0419,0.0939,0.0462,0.0273,0.0191,0.0193,0.0209,0.0225,0.0229,1.203598,55.073515,54.430954,3.586471,0.185941,0.111813,4,10,8,3,2,10,8,4,4,10,7,4,4,10,7,4,0.02781,0.04267,0.3505,0.34999,1,1,05:02:2021,19:42:11,628,-3.212972,-60.598056,49.99,lev20,Almucantar,ARM_Manacapuru,187,187.808102,0.111813,0.065598,0.052869,0.042766,1.109602,55.073515,54.430954,3.586471,0.185941,0.111813,4,10,8,3,2,10,8,4,4,10,7,4,4,10,7,4,0.02781,0.04267,0.3505,0.34999,1,1,05:02:2021,19:42:11,628,-3.212972,-60.598056,49.99,lev20,Almucantar,ARM_Manacapuru,187,187.808102,1.4874,1.4884,1.4857,1.4715500000000001,0.0108375,0.009917,0.011362500000000001,0.011211,55.073515,54.430954,3.586471,0.185941,0.111813,4,10,8,3,2,10,8,4,4,10,7,4,4,10,7,4,0.02781,0.04267,0.3505,0.34999,1,1,05:02:2021,19:42:11,628,-3.212972,-60.598056,49.99,lev20,Almucantar,ARM_Manacapuru,187,187.808102,0.92575,0.91445,0.88515,0.8743000000000001,55.073515,54.430954,3.586471,0.185941,0.111813,4,10,8,3,2,10,8,4,4,10,7,4,4,10,7,4,0.02781,0.04267,0.3505,0.34999,1,1,05:02:2021,19:42:11,628,-3.212972,-60.598056,49.99,lev20,Almucantar,ARM_Manacapuru,187,187.808102,0.0495225,0.028158000000000002,0.0253755,0.021417,1.041159,55.073515,54.430954,3.586471,0.185941,0.111813,4,10,8,3,2,10,8,4,4,10,7,4,4,10,7,4,0.02781,0.04267,0.3505,0.34999,1,1,05:02:2021,19:42:11,628,-3.212972,-60.598056,49.99,lev20,Almucantar,1.2074650329965466,0.09700881392880893,0.765438271940116,BCL,Maritime,,Unknown
14:07:2015,12:54:11,ARM_Manacapuru,195,195.537627,0.2497,0.1732,0.1424,0.1261,0.1746,0.0887,0.0539,0.0373,0.0751,0.0846,0.0885,0.0889,0.823448,52.896755,53.543231,2.024916,0.072407,0.247152,3,10,8,4,3,10,8,4,3,10,8,4,4,10,8,4,0.0257,0.04039,0.34003,0.34287,1,1,05:02:2021,20:49:56,628,-3.212972,-60.598056,49.99,lev20,Almucantar,ARM_Manacapuru,195,195.537627,0.247152,0.172198,0.143105,0.125669,0.802532,52.896755,53.543231,2.024916,0.072407,0.247152,3,10,8,4,3,10,8,4,3,10,8,4,4,10,8,4,0.0257,0.04039,0.34003,0.34287,1,1,05:02:2021,20:49:56,628,-3.212972,-60.598056,49.99,lev20,Almucantar,ARM_Manacapuru,195,195.537627,1.4874,1.4884,1.4857,1.4715500000000001,0.0108375,0.009917,0.011362500000000001,0.011211,52.896755,53.543231,2.024916,0.072407,0.247152,3,10,8,4,3,10,8,4,3,10,8,4,4,10,8,4,0.0257,0.04039,0.34003,0.34287,1,1,05:02:2021,20:49:56,628,-3.212972,-60.598056,49.99,lev20,Almucantar,ARM_Manacapuru,195,195.537627,0.92575,0.91445,0.88515,0.8743000000000001,52.896755,53.543231,2.024916,0.072407,0.247152,3,10,8,4,3,10,8,4,3,10,8,4,4,10,8,4,0.0257,0.04039,0.34003,0.34287,1,1,05:02:2021,20:49:56,628,-3.212972,-60.598056,49.99,lev20,Almucantar,ARM_Manacapuru,195,195.537627,0.0495225,0.028158000000000002,0.0253755,0.021417,1.041159,52.896755,53.543231,2.024916,0.072407,0.247152,3,10,8,4,3,10,8,4,3,10,8,4,4,10,8,4,0.0257,0.04039,0.34003,0.34287,1,1,05:02:2021,20:49:56,628,-3.212972,-60.598056,49.99,lev20,Almucantar,0.8238300865863677,0.22474068349973486,0.607516661232642,Unclassified,Maritime,,Unknown
15:07:2015,12:26:37,ARM_Manacapuru,196,196.518484,0.1867,0.1255,0.0991,0.0857,0.1443,0.0801,0.0505,0.0357,0.0424,0.0454,0.0486,0.05,0.924803,58.884072,59.547922,2.074227,0.074166,0.185012,4,10,6,5,4,10,7,5,3,11,7,5,3,10,8,5,0.0272,0.04247,0.35477,0.35745,1,1,05:02:2021,20:32:28,628,-3.212972,-60.598056,49.99,lev20,Almucantar,ARM_Manacapuru,196,196.518484,0.185012,0.123923,0.099496,0.085598,0.90867,58.884072,59.547922,2.074227,0.074166,0.185012,4,10,6,5,4,10,7,5,3,11,7,5,3,10,8,5,0.0272,0.04247,0.35477,0.35745,1,1,05:02:2021,20:32:28,628,-3.212972,-60.598056,49.99,lev20,Almucantar,ARM_Manacapuru,196,196.518484,1.4874,1.4884,1.4857,1.4715500000000001,0.0108375,0.009917,0.011362500000000001,0.011211,58.884072,59.547922,2.074227,0.074166,0.185012,4,10,6,5,4,10,7,5,3,11,7,5,3,10,8,5,0.0272,0.04247,0.35477,0.35745,1,1,05:02:2021,20:32:28,628,-3.212972,-60.598056,49.99,lev20,Almucantar,ARM_Manacapuru,196,196.518484,0.92575,0.91445,0.88515,0.8743000000000001,58.884072,59.547922,2.074227,0.074166,0.185012,4,10,6,5,4,10,7,5,3,11,7,5,3,10,8,5,0.0272,0.04247,0.35477,0.35745,1,1,05:02:2021,20:32:28,628,-3.212972,-60.598056,49.99,lev20,Almucantar,ARM_Manacapuru,196,196.518484,0.0495225,0.028158000000000002,0.0253755,0.021417,1.041159,58.884072,59.547922,2.074227,0.074166,0.185012,4,10,6,5,4,10,7,5,3,11,7,5,3,10,8,5,0.0272,0.04247,0.35477,0.35745,1,1,05:02:2021,20:32:28,628,-3.212972,-60.598056,49.99,lev20,Almucantar,0.9290838130298216,0.16579218961317552,0.7129847125139652,Unclassified,Maritime,,Unknown
15:07:2015,12:54:11,ARM_Manacapuru,196,196.537627,0.2048,0.1388,0.1112,0.0942,0.1494,0.0763,0.0464,0.0298,0.0554,0.0625,0.0648,0.0644,0.893211,52.861751,53.509486,1.589596,0.069794,0.203148,3,10,8,3,3,10,8,4,3,10,8,4,3,10,8,4,0.02569,0.04037,0.3399,0.3428,1,1,05:02:2021,20:33:04,628,-3.212972,-60.598056,49.99,lev20,Almucantar,ARM_Manacapuru,196,196.537627,0.203148,0.137823,0.112014,0.094101,0.872897,52.861751,53.509486,1.589596,0.069794,0.203148,3,10,8,3,3,10,8,4,3,10,8,4,3,10,8,4,0.02569,0.04037,0.3399,0.3428,1,1,05:02:2021,20:33:04,628,-3.212972,-60.598056,49.99,lev20,Almucantar,ARM_Manacapuru,196,196.537627,1.4874,1.4884,1.4857,1.4715500000000001,0.0108375,0.009917,0.011362500000000001,0.011211,52.861751,53.509486,1.589596,0.069794,0.203148,3,10,8,3,3,10,8,4,3,10,8,4,3,10,8,4,0.02569,0.04037,0.3399,0.3428,1,1,05:02:2021,20:33:04,628,-3.212972,-60.598056,49.99,lev20,Almucantar,ARM_Manacapuru,196,196.537627,0.92575,0.91445,0.88515,0.8743000000000001,52.861751,53.509486,1.589596,0.069794,0.203148,3,10,8,3,3,10,8,4,3,10,8,4,3,10,8,4,0.02569,0.04037,0.3399,0.3428,1,1,05:02:2021,20:33:04,628,-3.212972,-60.598056,49.99,lev20,Almucantar,ARM_Manacapuru,196,196.537627,0.0495225,0.028158000000000002,0.0253755,0.021417,1.041159,52.861751,53.509486,1.589596,0.069794,0.203148,3,10,8,3,3,10,8,4,3,10,8,4,3,10,8,4,0.02569,0.04037,0.3399,0.3428,1,1,05:02:2021,20:33:04,628,-3.212972,-60.598056,49.99,lev20,Almucantar,0.8958294736354127,0.18263999799663505,0.6472806793618933,Unclassified,Maritime,,Unknown
15:07:2015,13:10:00,ARM_Manacapuru,196,196.548611,0.2174,0.148,0.1173,0.1001,0.1675,0.0945,0.06,0.0412,0.0499,0.0535,0.0572,0.0589,0.900298,49.48408,50.119563,2.711303,0.122699,0.215641,3,11,7,4,3,10,8,4,3,10,8,4,3,10,8,4,0.02502,0.03944,0.33329,0.33622,1,1,05:02:2021,20:32:56,628,-3.212972,-60.598056,49.99,lev20,Almucantar,ARM_Manacapuru,196,196.548611,0.215641,0.146201,0.118397,0.10114,0.878621,49.48408,50.119563,2.711303,0.122699,0.215641,3,11,7,4,3,10,8,4,3,10,8,4,3,10,8,4,0.02502,0.03944,0.33329,0.33622,1,1,05:02:2021,20:32:56,628,-3.212972,-60.598056,49.99,lev20,Almucantar,ARM_Manacapuru,196,196.548611,1.4874,1.4884,1.4857,1.4715500000000001,0.0108375,0.009917,0.011362500000000001,0.011211,49.48408,50.119563,2.711303,0.122699,0.215641,3,11,7,4,3,10,8,4,3,10,8,4,3,10,8,4,0.02502,0.03944,0.33329,0.33622,1,1,05:02:2021,20:32:56,628,-3.212972,-60.598056,49.99,lev20,Almucantar,ARM_Manacapuru,196,196.548611,0.92575,0.91445,0.88515,0.8743000000000001,49.48408,50.119563,2.711303,0.122699,0.215641,3,11,7,4,3,10,8,4,3,10,8,4,3,10,8,4,0.02502,0.03944,0.33329,0.33622,1,1,05:02:2021,20:32:56,628,-3.212972,-60.598056,49.99,lev20,Almucantar,ARM_Manacapuru,196,196.548611,0.0495225,0.028158000000000002,0.0253755,0.021417,1.041159,49.48408,50.119563,2.711303,0.122699,0.215641,3,11,7,4,3,10,8,4,3,10,8,4,3,10,8,4,0.02502,0.03944,0.33329,0.33622,1,1,05:02:2021,20:32:56,628,-3.212972,-60.598056,49.99,lev20,Almucantar,0.9050718630085647,0.1936477112678992,0.7139548133909179,Unclassified,Maritime,,Unknown
24:07:2015,12:52:04,ARM_Manacapuru,205,205.536157,0.1554,0.0891,0.0691,0.0589,0.1265,0.0571,0.0354,0.0248,0.029,0.032,0.0337,0.0341,1.195392,52.846215,53.508003,2.072008,0.101691,0.154974,3,10,8,4,3,10,8,4,3,10,8,4,4,10,6,3,0.02545,0.03995,0.33542,0.33699,1,1,05:02:2021,22:58:23,628,-3.212972,-60.598056,49.99,lev20,Almucantar,ARM_Manacapuru,205,205.536157,0.154974,0.088032,0.070385,0.05959,1.170147,52.846215,53.508003,2.072008,0.101691,0.154974,3,10,8,4,3,10,8,4,3,10,8,4,4,10,6,3,0.02545,0.03995,0.33542,0.33699,1,1,05:02:2021,22:58:23,628,-3.212972,-60.598056,49.99,lev20,Almucantar,ARM_Manacapuru,205,205.536157,1.4874,1.4884,1.4857,1.4715500000000001,0.0108375,0.009917,0.011362500000000001,0.011211,52.846215,53.508003,2.072008,0.101691,0.154974,3,10,8,4,3,10,8,4,3,10,8,4,4,10,6,3,0.02545,0.03995,0.33542,0.33699,1,1,05:02:2021,22:58:23,628,-3.212972,-60.598056,49.99,lev20,Almucantar,ARM_Manacapuru,205,205.536157,0.92575,0.91445,0.88515,0.8743000000000001,52.846215,53.508003,2.072008,0.101691,0.154974,3,10,8,4,3,10,8,4,3,10,8,4,4,10,6,3,0.02545,0.03995,0.33542,0.33699,1,1,05:02:2021,22:58:23,628,-3.212972,-60.598056,49.99,lev20,Almucantar,ARM_Manacapuru,205,205.536157,0.0495225,0.028158000000000002,0.0253755,0.021417,1.041159,52.846215,53.508003,2.072008,0.101691,0.154974,3,10,8,4,3,10,8,4,3,10,8,4,4,10,6,3,0.02545,0.03995,0.33542,0.33699,1,1,05:02:2021,22:58:23,628,-3.212972,-60.598056,49.99,lev20,Almucantar,1.1888304707967405,0.1334904888453165,0.7317834903916708,Unclassified,Maritime,,Unknown
24:07:2015,19:10:37,ARM_Manacapuru,205,205.799039,0.1216,0.0655,0.0468,0.039,0.101,0.0423,0.0226,0.015,0.0207,0.0232,0.0242,0.024,1.39919,50.821325,50.167504,3.930632,0.208069,0.121624,3,10,7,4,3,10,8,3,3,10,7,4,3,10,7,3,0.02517,0.03948,0.33072,0.33047,1,1,05:02:2021,22:58:38,628,-3.212972,-60.598056,49.99,lev20,Almucantar,ARM_Manacapuru,205,205.799039,0.121624,0.063284,0.050024,0.03935,1.321326,50.821325,50.167504,3.930632,0.208069,0.121624,3,10,7,4,3,10,8,3,3,10,7,4,3,10,7,3,0.02517,0.03948,0.33072,0.33047,1,1,05:02:2021,22:58:38,628,-3.212972,-60.598056,49.99,lev20,Almucantar,ARM_Manacapuru,205,205.799039,1.4874,1.4884,1.4857,1.4715500000000001,0.0108375,0.009917,0.011362500000000001,0.011211,50.821325,50.167504,3.930632,0.208069,0.121624,3,10,7,4,3,10,8,3,3,10,7,4,3,10,7,3,0.02517,0.03948,0.33072,0.33047,1,1,05:02:2021,22:58:38,628,-3.212972,-60.598056,49.99,lev20,Almucantar,ARM_Manacapuru,205,205.799039,0.92575,0.91445,0.88515,0.8743000000000001,50.821325,50.167504,3.930632,0.208069,0.121624,3,10,7,4,3,10,8,3,3,10,7,4,3,10,7,3,0.02517,0.03948,0.33072,0.33047,1,1,05:02:2021,22:58:38,628,-3.212972,-60.598056,49.99,lev20,Almucantar,ARM_Manacapuru,205,205.799039,0.0495225,0.028158000000000002,0.0253755,0.021417,1.041159,50.821325,50.167504,3.930632,0.208069,0.121624,3,10,7,4,3,10,8,3,3,10,7,4,3,10,7,3,0.02517,0.03948,0.33072,0.33047,1,1,05:02:2021,22:58:38,628,-3.212972,-60.598056,49.99,lev20,Almucantar,1.4006569984350463,0.10166532214953673,0.7428644313398001,BCL,Maritime,,Unknown
24:07:2015,19:29:14,ARM_Manacapuru,205,205.811968,0.1248,0.0669,0.048,0.0402,0.1067,0.0477,0.0275,0.0191,0.0181,0.0192,0.0205,0.0211,1.401258,54.922911,54.25722,4.989099,0.184626,0.12524,4,10,8,4,4,10,8,4,4,10,8,3,4,10,5,4,0.02611,0.04062,0.33938,0.3386,1,1,05:02:2021,22:58:37,628,-3.212972,-60.598056,49.99,lev20,Almucantar,ARM_Manacapuru,205,205.811968,0.12524,0.064839,0.050748,0.040374,1.342037,54.922911,54.25722,4.989099,0.184626,0.12524,4,10,8,4,4,10,8,4,4,10,8,3,4,10,5,4,0.02611,0.04062,0.33938,0.3386,1,1,05:02:2021,22:58:37,628,-3.212972,-60.598056,49.99,lev20,Almucantar,ARM_Manacapuru,205,205.811968,1.4874,1.4884,1.4857,1.4715500000000001,0.0108375,0.009917,0.011362500000000001,0.011211,54.922911,54.25722,4.989099,0.184626,0.12524,4,10,8,4,4,10,8,4,4,10,8,3,4,10,5,4,0.02611,0.04062,0.33938,0.3386,1,1,05:02:2021,22:58:37,628,-3.212972,-60.598056,49.99,lev20,Almucantar,ARM_Manacapuru,205,205.811968,0.92575,0.91445,0.88515,0.8743000000000001,54.922911,54.25722,4.989099,0.184626,0.12524,4,10,8,4,4,10,8,4,4,10,8,3,4,10,5,4,0.02611,0.04062,0.33938,0.3386,1,1,05:02:2021,22:58:37,628,-3.212972,-60.598056,49.99,lev20,Almucantar,ARM_Manacapuru,205,205.811968,0.0495225,0.028158000000000002,0.0253755,0.021417,1.041159,54.922911,54.25722,4.989099,0.184626,0.12524,4,10,8,4,4,10,8,4,4,10,8,3,4,10,5,4,0.02611,0.04062,0.33938,0.3386,1,1,05:02:2021,22:58:37,628,-3.212972,-60.598056,49.99,lev20,Almucantar,1.401621734515549,0.10432785828887739,0.7912621120612915,BCL,Maritime,,Unknown
24:07:2015,19:56:08,ARM_Manacapuru,205,205.830648,0.1209,0.0642,0.0462,0.0388,0.1003,0.0412,0.0222,0.0147,0.0206,0.023,0.024,0.0241,1.41206,60.958521,60.28014,4.829748,0.147569,0.12161,3,10,8,5,3,10,8,4,3,10,8,5,3,10,5,5,0.02789,0.04277,0.3557,0.35382,1,1,05:02:2021,22:58:55,628,-3.212972,-60.598056,49.99,lev20,Almucantar,ARM_Manacapuru,205,205.830648,0.12161,0.062492,0.048358,0.038229,1.368424,60.958521,60.28014,4.829748,0.147569,0.12161,3,10,8,5,3,10,8,4,3,10,8,5,3,10,5,5,0.02789,0.04277,0.3557,0.35382,1,1,05:02:2021,22:58:55,628,-3.212972,-60.598056,49.99,lev20,Almucantar,ARM_Manacapuru,205,205.830648,1.4874,1.4884,1.4857,1.4715500000000001,0.0108375,0.009917,0.011362500000000001,0.011211,60.958521,60.28014,4.829748,0.147569,0.12161,3,10,8,5,3,10,8,4,3,10,8,5,3,10,5,5,0.02789,0.04277,0.3557,0.35382,1,1,05:02:2021,22:58:55,628,-3.212972,-60.598056,49.99,lev20,Almucantar,ARM_Manacapuru,205,205.830648,0.92575,0.91445,0.88515,0.8743000000000001,60.958521,60.28014,4.829748,0.147569,0.12161,3,10,8,5,3,10,8,4,3,10,8,5,3,10,5,5,0.02789,0.04277,0.3557,0.35382,1,1,05:02:2021,22:58:55,628,-3.212972,-60.598056,49.99,lev20,Almucantar,ARM_Manacapuru,205,205.830648,0.0495225,0.028158000000000002,0.0253755,0.021417,1.041159,60.958521,60.28014,4.829748,0.147569,0.12161,3,10,8,5,3,10,8,4,3,10,8,5,3,10,5,5,0.02789,0.04277,0.3557,0.35382,1,1,05:02:2021,22:58:55,628,-3.212972,-60.598056,49.99,lev20,Almucantar,1.4111161440856828,0.10094502112456635,0.7412172986801977,BCL,Maritime,,Unknown
26:07:2015,19:10:45,ARM_Manacapuru,207,207.799132,0.17,0.0907,0.0631,0.0515,0.1425,0.0599,0.0309,0.0192,0.0275,0.0308,0.0322,0.0323,1.448781,50.688177,50.030978,3.131976,0.23867,0.169175,3,10,8,4,3,10,8,4,3,9,6,4,3,9,7,4,0.02514,0.03944,0.33042,0.33022,1,1,05:02:2021,23:16:19,628,-3.212972,-60.598056,49.99,lev20,Almucantar,ARM_Manacapuru,207,207.799132,0.169175,0.088108,0.06685,0.052832,1.373273,50.688177,50.030978,3.131976,0.23867,0.169175,3,10,8,4,3,10,8,4,3,9,6,4,3,9,7,4,0.02514,0.03944,0.33042,0.33022,1,1,05:02:2021,23:16:19,628,-3.212972,-60.598056,49.99,lev20,Almucantar,ARM_Manacapuru,207,207.799132,1.4874,1.4884,1.4857,1.4715500000000001,0.0108375,0.009917,0.011362500000000001,0.011211,50.688177,50.030978,3.131976,0.23867,0.169175,3,10,8,4,3,10,8,4,3,9,6,4,3,9,7,4,0.02514,0.03944,0.33042,0.33022,1,1,05:02:2021,23:16:19,628,-3.212972,-60.598056,49.99,lev20,Almucantar,ARM_Manacapuru,207,207.799132,0.92575,0.91445,0.88515,0.8743000000000001,50.688177,50.030978,3.131976,0.23867,0.169175,3,10,8,4,3,10,8,4,3,9,6,4,3,9,7,4,0.02514,0.03944,0.33042,0.33022,1,1,05:02:2021,23:16:19,628,-3.212972,-60.598056,49.99,lev20,Almucantar,ARM_Manacapuru,207,207.799132,0.0495225,0.028158000000000002,0.0253755,0.021417,1.041159,50.688177,50.030978,3.131976,0.23867,0.169175,3,10,8,4,3,10,8,4,3,9,6,4,3,9,7,4,0.02514,0.03944,0.33042,0.33022,1,1,05:02:2021,23:16:19,628,-3.212972,-60.598056,49.99,lev20,Almucantar,1.453793156109632,0.14116863327358964,0.7599129864197119,BCL,Maritime,,Unknown
27:07:2015,12:24:25,ARM_Manacapuru,208,208.516956,0.1212,0.074,0.0579,0.0493,0.0972,0.0473,0.0297,0.0204,0.0241,0.0267,0.0282,0.0289,1.086181,58.825899,59.505854,2.13264,0.08052,0.121672,4,10,7,5,4,10,7,5,3,11,7,3,3,10,6,3,0.02697,0.04185,0.35025,0.35161,1,1,05:02:2021,23:46:58,628,-3.212972,-60.598056,49.99,lev20,Almucantar,ARM_Manacapuru,208,208.516956,0.121672,0.072865,0.058752,0.050001,1.077069,58.825899,59.505854,2.13264,0.08052,0.121672,4,10,7,5,4,10,7,5,3,11,7,3,3,10,6,3,0.02697,0.04185,0.35025,0.35161,1,1,05:02:2021,23:46:58,628,-3.212972,-60.598056,49.99,lev20,Almucantar,ARM_Manacapuru,208,208.516956,1.4874,1.4884,1.4857,1.4715500000000001,0.0108375,0.009917,0.011362500000000001,0.011211,58.825899,59.505854,2.13264,0.08052,0.121672,4,10,7,5,4,10,7,5,3,11,7,3,3,10,6,3,0.02697,0.04185,0.35025,0.35161,1,1,05:02:2021,23:46:58,628,-3.212972,-60.598056,49.99,lev20,Almucantar,ARM_Manacapuru,208,208.516956,0.92575,0.91445,0.88515,0.8743000000000001,58.825899,59.505854,2.13264,0.08052,0.121672,4,10,7,5,4,10,7,5,3,11,7,3,3,10,6,3,0.02697,0.04185,0.35025,0.35161,1,1,05:02:2021,23:46:58,628,-3.212972,-60.598056,49.99,lev20,Almucantar,ARM_Manacapuru,208,208.516956,0.0495225,0.028158000000000002,0.0253755,0.021417,1.041159,58.825899,59.505854,2.13264,0.08052,0.121672,4,10,7,5,4,10,7,5,3,11,7,3,3,10,6,3,0.02697,0.04185,0.35025,0.35161,1,1,05:02:2021,23:46:58,628,-3.212972,-60.598056,49.99,lev20,Almucantar,1.0836213269792605,0.10552196243260849,0.7278835261818535,Unclassified,Maritime,,Unknown
30:07:2015,12:50:12,ARM_Manacapuru,211,211.534861,0.1412,0.0877,0.0714,0.0621,0.1063,0.0487,0.0299,0.0198,0.0349,0.039,0.0415,0.0423,1.007826,52.788713,53.461046,2.153075,0.121111,0.140746,3,10,8,4,3,10,8,4,3,10,8,4,4,10,8,4,0.02556,0.04036,0.33534,0.33727,1,1,06:02:2021,00:53:47,628,-3.212972,-60.598056,49.99,lev20,Almucantar,ARM_Manacapuru,211,211.534861,0.140746,0.086367,0.073253,0.062427,0.973284,52.788713,53.461046,2.153075,0.121111,0.140746,3,10,8,4,3,10,8,4,3,10,8,4,4,10,8,4,0.02556,0.04036,0.33534,0.33727,1,1,06:02:2021,00:53:47,628,-3.212972,-60.598056,49.99,lev20,Almucantar,ARM_Manacapuru,211,211.534861,1.4874,1.4884,1.4857,1.4715500000000001,0.0108375,0.009917,0.011362500000000001,0.011211,52.788713,53.461046,2.153075,0.121111,0.140746,3,10,8,4,3,10,8,4,3,10,8,4,4,10,8,4,0.02556,0.04036,0.33534,0.33727,1,1,06:02:2021,00:53:47,628,-3.212972,-60.598056,49.99,lev20,Almucantar,ARM_Manacapuru,211,211.534861,0.92575,0.91445,0.88515,0.8743000000000001,52.788713,53.461046,2.153075,0.121111,0.140746,3,10,8,4,3,10,8,4,3,10,8,4,4,10,8,4,0.02556,0.04036,0.33534,0.33727,1,1,06:02:2021,00:53:47,628,-3.212972,-60.598056,49.99,lev20,Almucantar,ARM_Manacapuru,211,211.534861,0.0495225,0.028158000000000002,0.0253755,0.021417,1.041159,52.788713,53.461046,2.153075,0.121111,0.140746,3,10,8,4,3,10,8,4,3,10,8,4,4,10,8,4,0.02556,0.04036,0.33534,0.33727,1,1,06:02:2021,00:53:47,628,-3.212972,-60.598056,49.99,lev20,Almucantar,1.0002361252934815,0.12425224942747076,0.659883027362331,Unclassified,Maritime,,Unknown
04:08:2015,12:21:54,ARM_Manacapuru,216,216.515208,0.1068,0.0638,0.0505,0.0441,0.0834,0.0374,0.0224,0.0156,0.0234,0.0264,0.0281,0.0285,1.105022,58.780891,59.473209,1.782054,0.074565,0.106878,4,10,7,5,4,10,7,5,4,10,7,5,3,10,7,5,0.02697,0.04219,0.35054,0.35225,1,1,06:02:2021,01:27:25,628,-3.212972,-60.598056,49.99,lev20,Almucantar,ARM_Manacapuru,216,216.515208,0.106878,0.063066,0.051573,0.04441,1.081677,58.780891,59.473209,1.782054,0.074565,0.106878,4,10,7,5,4,10,7,5,4,10,7,5,3,10,7,5,0.02697,0.04219,0.35054,0.35225,1,1,06:02:2021,01:27:25,628,-3.212972,-60.598056,49.99,lev20,Almucantar,ARM_Manacapuru,216,216.515208,1.4874,1.4884,1.4857,1.4715500000000001,0.0108375,0.009917,0.011362500000000001,0.011211,58.780891,59.473209,1.782054,0.074565,0.106878,4,10,7,5,4,10,7,5,4,10,7,5,3,10,7,5,0.02697,0.04219,0.35054,0.35225,1,1,06:02:2021,01:27:25,628,-3.212972,-60.598056,49.99,lev20,Almucantar,ARM_Manacapuru,216,216.515208,0.92575,0.91445,0.88515,0.8743000000000001,58.780891,59.473209,1.782054,0.074565,0.106878,4,10,7,5,4,10,7,5,4,10,7,5,3,10,7,5,0.02697,0.04219,0.35054,0.35225,1,1,06:02:2021,01:27:25,628,-3.212972,-60.598056,49.99,lev20,Almucantar,ARM_Manacapuru,216,216.515208,0.0495225,0.028158000000000002,0.0253755,0.021417,1.041159,58.780891,59.473209,1.782054,0.074565,0.106878,4,10,7,5,4,10,7,5,4,10,7,5,3,10,7,5,0.02697,0.04219,0.35054,0.35225,1,1,06:02:2021,01:27:25,628,-3.212972,-60.598056,49.99,lev20,Almucantar,1.0986713827108197,0.09280597834077399,0.6859597678385343,Unclassified,Maritime,,Unknown
04:08:2015,19:32:44,ARM_Manacapuru,216,216.814398,0.1284,0.0693,0.0515,0.0436,0.105,0.0429,0.0236,0.0158,0.0233,0.0264,0.0279,0.0278,1.344906,54.997714,54.312745,3.122753,0.151832,0.12826,4,10,8,4,4,10,8,4,4,10,8,4,4,10,8,3,0.02621,0.04104,0.33971,0.33914,1,1,06:02:2021,01:27:54,628,-3.212972,-60.598056,49.99,lev20,Almucantar,ARM_Manacapuru,216,216.814398,0.12826,0.068189,0.054056,0.043425,1.284165,54.997714,54.312745,3.122753,0.151832,0.12826,4,10,8,4,4,10,8,4,4,10,8,4,4,10,8,3,0.02621,0.04104,0.33971,0.33914,1,1,06:02:2021,01:27:54,628,-3.212972,-60.598056,49.99,lev20,Almucantar,ARM_Manacapuru,216,216.814398,1.4874,1.4884,1.4857,1.4715500000000001,0.0108375,0.009917,0.011362500000000001,0.011211,54.997714,54.312745,3.122753,0.151832,0.12826,4,10,8,4,4,10,8,4,4,10,8,4,4,10,8,3,0.02621,0.04104,0.33971,0.33914,1,1,06:02:2021,01:27:54,628,-3.212972,-60.598056,49.99,lev20,Almucantar,ARM_Manacapuru,216,216.814398,0.92575,0.91445,0.88515,0.8743000000000001,54.997714,54.312745,3.122753,0.151832,0.12826,4,10,8,4,4,10,8,4,4,10,8,4,4,10,8,3,0.02621,0.04104,0.33971,0.33914,1,1,06:02:2021,01:27:54,628,-3.212972,-60.598056,49.99,lev20,Almucantar,ARM_Manacapuru,216,216.814398,0.0495225,0.028158000000000002,0.0253755,0.021417,1.041159,54.997714,54.312745,3.122753,0.151832,0.12826,4,10,8,4,4,10,8,4,4,10,8,4,4,10,8,3,0.02621,0.04104,0.33971,0.33914,1,1,06:02:2021,01:27:54,628,-3.212972,-60.598056,49.99,lev20,Almucantar,1.3400965413744408,0.10818484936156228,0.7216265102455741,BCL,Maritime,,Unknown
04:08:2015,19:59:01,ARM_Manacapuru,216,216.83265,0.1279,0.069,0.0509,0.043,0.1047,0.0428,0.0232,0.0153,0.0232,0.0262,0.0277,0.0278,1.3552,61.049015,60.354278,3.723273,0.148946,0.127864,3,10,8,5,3,10,8,5,3,10,8,5,3,10,8,3,0.02788,0.04315,0.35661,0.35483,1,1,06:02:2021,01:27:54,628,-3.212972,-60.598056,49.99,lev20,Almucantar,ARM_Manacapuru,216,216.83265,0.127864,0.0679,0.053395,0.043008,1.296447,61.049015,60.354278,3.723273,0.148946,0.127864,3,10,8,5,3,10,8,5,3,10,8,5,3,10,8,3,0.02788,0.04315,0.35661,0.35483,1,1,06:02:2021,01:27:54,628,-3.212972,-60.598056,49.99,lev20,Almucantar,ARM_Manacapuru,216,216.83265,1.4874,1.4884,1.4857,1.4715500000000001,0.0108375,0.009917,0.011362500000000001,0.011211,61.049015,60.354278,3.723273,0.148946,0.127864,3,10,8,5,3,10,8,5,3,10,8,5,3,10,8,3,0.02788,0.04315,0.35661,0.35483,1,1,06:02:2021,01:27:54,628,-3.212972,-60.598056,49.99,lev20,Almucantar,ARM_Manacapuru,216,216.83265,0.92575,0.91445,0.88515,0.8743000000000001,61.049015,60.354278,3.723273,0.148946,0.127864,3,10,8,5,3,10,8,5,3,10,8,5,3,10,8,3,0.02788,0.04315,0.35661,0.35483,1,1,06:02:2021,01:27:54,628,-3.212972,-60.598056,49.99,lev20,Almucantar,ARM_Manacapuru,216,216.83265,0.0495225,0.028158000000000002,0.0253755,0.021417,1.041159,61.049015,60.354278,3.723273,0.148946,0.127864,3,10,8,5,3,10,8,5,3,10,8,5,3,10,8,3,0.02788,0.04315,0.35661,0.35483,1,1,06:02:2021,01:27:54,628,-3.212972,-60.598056,49.99,lev20,Almucantar,1.3515634468745508,0.107605718944953,0.7239221078829626,BCL,Maritime,,Unknown
04:08:2015,20:44:10,ARM_Manacapuru,216,216.864005,0.1276,0.0672,0.0494,0.0416,0.1058,0.0425,0.0232,0.0154,0.0218,0.0247,0.0261,0.0262,1.397152,71.59453,70.889681,4.284395,0.09226,0.127531,4,10,7,6,4,10,7,5,4,10,7,5,4,10,7,5,0.03235,0.0488,0.40156,0.39661,1,1,06:02:2021,01:28:10,628,-3.212972,-60.598056,49.99,lev20,Almucantar,ARM_Manacapuru,216,216.864005,0.127531,0.066347,0.05068,0.041427,1.366183,71.59453,70.889681,4.284395,0.09226,0.127531,4,10,7,6,4,10,7,5,4,10,7,5,4,10,7,5,0.03235,0.0488,0.40156,0.39661,1,1,06:02:2021,01:28:10,628,-3.212972,-60.598056,49.99,lev20,Almucantar,ARM_Manacapuru,216,216.864005,1.4874,1.4884,1.4857,1.4715500000000001,0.0108375,0.009917,0.011362500000000001,0.011211,71.59453,70.889681,4.284395,0.09226,0.127531,4,10,7,6,4,10,7,5,4,10,7,5,4,10,7,5,0.03235,0.0488,0.40156,0.39661,1,1,06:02:2021,01:28:10,628,-3.212972,-60.598056,49.99,lev20,Almucantar,ARM_Manacapuru,216,216.864005,0.92575,0.91445,0.88515,0.8743000000000001,71.59453,70.889681,4.284395,0.09226,0.127531,4,10,7,6,4,10,7,5,4,10,7,5,4,10,7,5,0.03235,0.0488,0.40156,0.39661,1,1,06:02:2021,01:28:10,628,-3.212972,-60.598056,49.99,lev20,Almucantar,ARM_Manacapuru,216,216.864005,0.0495225,0.028158000000000002,0.0253755,0.021417,1.041159,71.59453,70.889681,4.284395,0.09226,0.127531,4,10,7,6,4,10,7,5,4,10,7,5,4,10,7,5,0.03235,0.0488,0.40156,0.39661,1,1,06:02:2021,01:28:10,628,-3.212972,-60.598056,49.99,lev20,Almucantar,1.3919967962785267,0.10679987192395243,0.735080191296225,BCL,Maritime,,Unknown
05:08:2015,12:21:33,ARM_Manacapuru,217,217.514965,0.2293,0.1163,0.0835,0.0677,0.1965,0.0798,0.0449,0.0284,0.0327,0.0365,0.0387,0.0393,1.486369,58.771288,59.465186,1.103918,0.049849,0.229424,4,10,7,5,4,10,7,5,4,10,7,5,3,10,8,5,0.02724,0.04303,0.35263,0.35687,1,1,06:02:2021,01:51:15,628,-3.212972,-60.598056,49.99,lev20,Almucantar,ARM_Manacapuru,217,217.514965,0.229424,0.115558,0.083845,0.068207,1.483446,58.771288,59.465186,1.103918,0.049849,0.229424,4,10,7,5,4,10,7,5,4,10,7,5,3,10,8,5,0.02724,0.04303,0.35263,0.35687,1,1,06:02:2021,01:51:15,628,-3.212972,-60.598056,49.99,lev20,Almucantar,ARM_Manacapuru,217,217.514965,1.4874,1.4884,1.4857,1.4715500000000001,0.0108375,0.009917,0.011362500000000001,0.011211,58.771288,59.465186,1.103918,0.049849,0.229424,4,10,7,5,4,10,7,5,4,10,7,5,3,10,8,5,0.02724,0.04303,0.35263,0.35687,1,1,06:02:2021,01:51:15,628,-3.212972,-60.598056,49.99,lev20,Almucantar,ARM_Manacapuru,217,217.514965,0.92575,0.91445,0.88515,0.8743000000000001,58.771288,59.465186,1.103918,0.049849,0.229424,4,10,7,5,4,10,7,5,4,10,7,5,3,10,8,5,0.02724,0.04303,0.35263,0.35687,1,1,06:02:2021,01:51:15,628,-3.212972,-60.598056,49.99,lev20,Almucantar,ARM_Manacapuru,217,217.514965,0.0495225,0.028158000000000002,0.0253755,0.021417,1.041159,58.771288,59.465186,1.103918,0.049849,0.229424,4,10,7,5,4,10,7,5,4,10,7,5,3,10,8,5,0.02724,0.04303,0.35263,0.35687,1,1,06:02:2021,01:51:15,628,-3.212972,-60.598056,49.99,lev20,Almucantar,1.4818206937688827,0.1897305778672753,0.7827679462493814,BCL,Maritime,,Unknown
05:08:2015,12:47:48,ARM_Manacapuru,217,217.533194,0.2262,0.1147,0.0819,0.0652,0.1941,0.0789,0.044,0.027,0.0321,0.0359,0.0379,0.0383,1.493903,52.747723,53.431209,1.48919,0.097646,0.226366,3,10,8,4,3,10,8,4,3,10,8,4,4,10,8,4,0.02595,0.04116,0.33739,0.34168,1,1,06:02:2021,01:51:44,628,-3.212972,-60.598056,49.99,lev20,Almucantar,ARM_Manacapuru,217,217.533194,0.226366,0.11344,0.082691,0.066,1.485289,52.747723,53.431209,1.48919,0.097646,0.226366,3,10,8,4,3,10,8,4,3,10,8,4,4,10,8,4,0.02595,0.04116,0.33739,0.34168,1,1,06:02:2021,01:51:44,628,-3.212972,-60.598056,49.99,lev20,Almucantar,ARM_Manacapuru,217,217.533194,1.4874,1.4884,1.4857,1.4715500000000001,0.0108375,0.009917,0.011362500000000001,0.011211,52.747723,53.431209,1.48919,0.097646,0.226366,3,10,8,4,3,10,8,4,3,10,8,4,4,10,8,4,0.02595,0.04116,0.33739,0.34168,1,1,06:02:2021,01:51:44,628,-3.212972,-60.598056,49.99,lev20,Almucantar,ARM_Manacapuru,217,217.533194,0.92575,0.91445,0.88515,0.8743000000000001,52.747723,53.431209,1.48919,0.097646,0.226366,3,10,8,4,3,10,8,4,3,10,8,4,4,10,8,4,0.02595,0.04116,0.33739,0.34168,1,1,06:02:2021,01:51:44,628,-3.212972,-60.598056,49.99,lev20,Almucantar,ARM_Manacapuru,217,217.533194,0.0495225,0.028158000000000002,0.0253755,0.021417,1.041159,52.747723,53.431209,1.48919,0.097646,0.226366,3,10,8,4,3,10,8,4,3,10,8,4,4,10,8,4,0.02595,0.04116,0.33739,0.34168,1,1,06:02:2021,01:51:44,628,-3.212972,-60.598056,49.99,lev20,Almucantar,1.490234745821712,0.18696432659459605,0.7856244881150461,BCL,Maritime,,Unknown
06:08:2015,12:21:22,ARM_Manacapuru,218,218.514838,0.1905,0.1007,0.0724,0.0603,0.1589,0.0651,0.0346,0.0224,0.0316,0.0356,0.0378,0.0379,1.420316,58.720589,59.416014,3.211689,0.176942,0.189782,4,10,7,5,4,10,7,5,4,10,7,4,3,10,8,5,0.02724,0.04302,0.35257,0.35673,1,1,06:02:2021,01:53:51,628,-3.212972,-60.598056,49.99,lev20,Almucantar,ARM_Manacapuru,218,218.514838,0.189782,0.098277,0.073788,0.061932,1.395827,58.720589,59.416014,3.211689,0.176942,0.189782,4,10,7,5,4,10,7,5,4,10,7,4,3,10,8,5,0.02724,0.04302,0.35257,0.35673,1,1,06:02:2021,01:53:51,628,-3.212972,-60.598056,49.99,lev20,Almucantar,ARM_Manacapuru,218,218.514838,1.4874,1.4884,1.4857,1.4715500000000001,0.0108375,0.009917,0.011362500000000001,0.011211,58.720589,59.416014,3.211689,0.176942,0.189782,4,10,7,5,4,10,7,5,4,10,7,4,3,10,8,5,0.02724,0.04302,0.35257,0.35673,1,1,06:02:2021,01:53:51,628,-3.212972,-60.598056,49.99,lev20,Almucantar,ARM_Manacapuru,218,218.514838,0.92575,0.91445,0.88515,0.8743000000000001,58.720589,59.416014,3.211689,0.176942,0.189782,4,10,7,5,4,10,7,5,4,10,7,4,3,10,8,5,0.02724,0.04302,0.35257,0.35673,1,1,06:02:2021,01:53:51,628,-3.212972,-60.598056,49.99,lev20,Almucantar,ARM_Manacapuru,218,218.514838,0.0495225,0.028158000000000002,0.0253755,0.021417,1.041159,58.720589,59.416014,3.211689,0.176942,0.189782,4,10,7,5,4,10,7,5,4,10,7,4,3,10,8,5,0.02724,0.04302,0.35257,0.35673,1,1,06:02:2021,01:53:51,628,-3.212972,-60.598056,49.99,lev20,Almucantar,1.4191281545626226,0.15889446790091732,0.7471557336328023,BCL,Maritime,,Unknown
06:08:2015,12:47:21,ARM_Manacapuru,218,218.532882,0.2129,0.1099,0.0781,0.0631,0.1808,0.0739,0.04,0.0246,0.0321,0.036,0.0381,0.0385,1.472375,52.74341,53.428785,2.225185,0.147943,0.212524,3,10,8,4,3,10,8,4,3,10,8,4,4,10,8,4,0.02594,0.04115,0.33737,0.34168,1,1,06:02:2021,01:54:19,628,-3.212972,-60.598056,49.99,lev20,Almucantar,ARM_Manacapuru,218,218.532882,0.212524,0.107897,0.079651,0.064138,1.448623,52.74341,53.428785,2.225185,0.147943,0.212524,3,10,8,4,3,10,8,4,3,10,8,4,4,10,8,4,0.02594,0.04115,0.33737,0.34168,1,1,06:02:2021,01:54:19,628,-3.212972,-60.598056,49.99,lev20,Almucantar,ARM_Manacapuru,218,218.532882,1.4874,1.4884,1.4857,1.4715500000000001,0.0108375,0.009917,0.011362500000000001,0.011211,52.74341,53.428785,2.225185,0.147943,0.212524,3,10,8,4,3,10,8,4,3,10,8,4,4,10,8,4,0.02594,0.04115,0.33737,0.34168,1,1,06:02:2021,01:54:19,628,-3.212972,-60.598056,49.99,lev20,Almucantar,ARM_Manacapuru,218,218.532882,0.92575,0.91445,0.88515,0.8743000000000001,52.74341,53.428785,2.225185,0.147943,0.212524,3,10,8,4,3,10,8,4,3,10,8,4,4,10,8,4,0.02594,0.04115,0.33737,0.34168,1,1,06:02:2021,01:54:19,628,-3.212972,-60.598056,49.99,lev20,Almucantar,ARM_Manacapuru,218,218.532882,0.0495225,0.028158000000000002,0.0253755,0.021417,1.041159,52.74341,53.428785,2.225185,0.147943,0.212524,3,10,8,4,3,10,8,4,3,10,8,4,4,10,8,4,0.02594,0.04115,0.33737,0.34168,1,1,06:02:2021,01:54:19,628,-3.212972,-60.598056,49.99,lev20,Almucantar,1.4710361204913969,0.17640369057912364,0.7729966288996807,BCL,Maritime,,Unknown
07:08:2015,12:20:53,ARM_Manacapuru,219,219.514502,0.1206,0.0793,0.0632,0.0554,0.0899,0.0448,0.026,0.0178,0.0307,0.0345,0.0372,0.0376,0.94701,58.736944,59.433992,2.930805,0.124034,0.119941,4,10,7,5,4,10,7,5,4,10,7,5,3,10,8,4,0.02724,0.04302,0.35257,0.35678,1,1,06:02:2021,02:31:49,628,-3.212972,-60.598056,49.99,lev20,Almucantar,ARM_Manacapuru,219,219.514502,0.119941,0.078814,0.065165,0.056526,0.900161,58.736944,59.433992,2.930805,0.124034,0.119941,4,10,7,5,4,10,7,5,4,10,7,5,3,10,8,4,0.02724,0.04302,0.35257,0.35678,1,1,06:02:2021,02:31:49,628,-3.212972,-60.598056,49.99,lev20,Almucantar,ARM_Manacapuru,219,219.514502,1.4874,1.4884,1.4857,1.4715500000000001,0.0108375,0.009917,0.011362500000000001,0.011211,58.736944,59.433992,2.930805,0.124034,0.119941,4,10,7,5,4,10,7,5,4,10,7,5,3,10,8,4,0.02724,0.04302,0.35257,0.35678,1,1,06:02:2021,02:31:49,628,-3.212972,-60.598056,49.99,lev20,Almucantar,ARM_Manacapuru,219,219.514502,0.92575,0.91445,0.88515,0.8743000000000001,58.736944,59.433992,2.930805,0.124034,0.119941,4,10,7,5,4,10,7,5,4,10,7,5,3,10,8,4,0.02724,0.04302,0.35257,0.35678,1,1,06:02:2021,02:31:49,628,-3.212972,-60.598056,49.99,lev20,Almucantar,ARM_Manacapuru,219,219.514502,0.0495225,0.028158000000000002,0.0253755,0.021417,1.041159,58.736944,59.433992,2.930805,0.124034,0.119941,4,10,7,5,4,10,7,5,4,10,7,5,3,10,8,4,0.02724,0.04302,0.35257,0.35678,1,1,06:02:2021,02:31:49,628,-3.212972,-60.598056,49.99,lev20,Almucantar,0.9478619072360976,0.10683770432404752,0.6589168131286296,Unclassified,Maritime,,Unknown
07:08:2015,12:46:56,ARM_Manacapuru,219,219.532593,0.1212,0.0794,0.0632,0.056,0.09,0.0445,0.0253,0.0178,0.0312,0.0349,0.0379,0.0382,0.954404,52.729176,53.416421,3.054618,0.127844,0.120754,3,10,8,4,3,10,7,4,3,10,5,4,4,10,4,4,0.02594,0.04114,0.33732,0.34165,1,1,06:02:2021,02:31:52,628,-3.212972,-60.598056,49.99,lev20,Almucantar,ARM_Manacapuru,219,219.532593,0.120754,0.079226,0.065477,0.056357,0.903101,52.729176,53.416421,3.054618,0.127844,0.120754,3,10,8,4,3,10,7,4,3,10,5,4,4,10,4,4,0.02594,0.04114,0.33732,0.34165,1,1,06:02:2021,02:31:52,628,-3.212972,-60.598056,49.99,lev20,Almucantar,ARM_Manacapuru,219,219.532593,1.4874,1.4884,1.4857,1.4715500000000001,0.0108375,0.009917,0.011362500000000001,0.011211,52.729176,53.416421,3.054618,0.127844,0.120754,3,10,8,4,3,10,7,4,3,10,5,4,4,10,4,4,0.02594,0.04114,0.33732,0.34165,1,1,06:02:2021,02:31:52,628,-3.212972,-60.598056,49.99,lev20,Almucantar,ARM_Manacapuru,219,219.532593,0.92575,0.91445,0.88515,0.8743000000000001,52.729176,53.416421,3.054618,0.127844,0.120754,3,10,8,4,3,10,7,4,3,10,5,4,4,10,4,4,0.02594,0.04114,0.33732,0.34165,1,1,06:02:2021,02:31:52,628,-3.212972,-60.598056,49.99,lev20,Almucantar,ARM_Manacapuru,219,219.532593,0.0495225,0.028158000000000002,0.0253755,0.021417,1.041159,52.729176,53.416421,3.054618,0.127844,0.120754,3,10,8,4,3,10,7,4,3,10,5,4,4,10,4,4,0.02594,0.04114,0.33732,0.34165,1,1,06:02:2021,02:31:52,628,-3.212972,-60.598056,49.99,lev20,Almucantar,0.9551417294108601,0.10726936340651892,0.6526216004223997,Unclassified,Maritime,,Unknown
07:08:2015,19:33:33,ARM_Manacapuru,219,219.814965,0.1532,0.0869,0.0643,0.0541,0.1248,0.055,0.0303,0.0198,0.0284,0.032,0.0341,0.0343,1.273308,55.028392,54.337957,3.922563,0.179606,0.153336,4,10,8,4,4,10,8,4,4,10,8,3,4,10,7,3,0.02657,0.0419,0.34211,0.3437,1,1,06:02:2021,02:32:33,628,-3.212972,-60.598056,49.99,lev20,Almucantar,ARM_Manacapuru,219,219.814965,0.153336,0.085785,0.067502,0.054608,1.214606,55.028392,54.337957,3.922563,0.179606,0.153336,4,10,8,4,4,10,8,4,4,10,8,3,4,10,7,3,0.02657,0.0419,0.34211,0.3437,1,1,06:02:2021,02:32:33,628,-3.212972,-60.598056,49.99,lev20,Almucantar,ARM_Manacapuru,219,219.814965,1.4874,1.4884,1.4857,1.4715500000000001,0.0108375,0.009917,0.011362500000000001,0.011211,55.028392,54.337957,3.922563,0.179606,0.153336,4,10,8,4,4,10,8,4,4,10,8,3,4,10,7,3,0.02657,0.0419,0.34211,0.3437,1,1,06:02:2021,02:32:33,628,-3.212972,-60.598056,49.99,lev20,Almucantar,ARM_Manacapuru,219,219.814965,0.92575,0.91445,0.88515,0.8743000000000001,55.028392,54.337957,3.922563,0.179606,0.153336,4,10,8,4,4,10,8,4,4,10,8,3,4,10,7,3,0.02657,0.0419,0.34211,0.3437,1,1,06:02:2021,02:32:33,628,-3.212972,-60.598056,49.99,lev20,Almucantar,ARM_Manacapuru,219,219.814965,0.0495225,0.028158000000000002,0.0253755,0.021417,1.041159,55.028392,54.337957,3.922563,0.179606,0.153336,4,10,8,4,4,10,8,4,4,10,8,3,4,10,7,3,0.02657,0.0419,0.34211,0.3437,1,1,06:02:2021,02:32:33,628,-3.212972,-60.598056,49.99,lev20,Almucantar,1.2735236692294134,0.13018355719458036,0.7309939619502746,BCL,Maritime,,Unknown
07:08:2015,19:59:42,ARM_Manacapuru,219,219.833125,0.1515,0.0871,0.0656,0.0558,0.1217,0.0535,0.0299,0.0199,0.0299,0.0337,0.0357,0.0359,1.229317,61.092518,60.393128,3.994627,0.134017,0.151835,3,10,8,5,3,10,8,5,3,10,8,5,3,10,8,5,0.02809,0.04402,0.35888,0.35962,1,1,06:02:2021,02:32:27,628,-3.212972,-60.598056,49.99,lev20,Almucantar,ARM_Manacapuru,219,219.833125,0.151835,0.085975,0.067807,0.055785,1.19291,61.092518,60.393128,3.994627,0.134017,0.151835,3,10,8,5,3,10,8,5,3,10,8,5,3,10,8,5,0.02809,0.04402,0.35888,0.35962,1,1,06:02:2021,02:32:27,628,-3.212972,-60.598056,49.99,lev20,Almucantar,ARM_Manacapuru,219,219.833125,1.4874,1.4884,1.4857,1.4715500000000001,0.0108375,0.009917,0.011362500000000001,0.011211,61.092518,60.393128,3.994627,0.134017,0.151835,3,10,8,5,3,10,8,5,3,10,8,5,3,10,8,5,0.02809,0.04402,0.35888,0.35962,1,1,06:02:2021,02:32:27,628,-3.212972,-60.598056,49.99,lev20,Almucantar,ARM_Manacapuru,219,219.833125,0.92575,0.91445,0.88515,0.8743000000000001,61.092518,60.393128,3.994627,0.134017,0.151835,3,10,8,5,3,10,8,5,3,10,8,5,3,10,8,5,0.02809,0.04402,0.35888,0.35962,1,1,06:02:2021,02:32:27,628,-3.212972,-60.598056,49.99,lev20,Almucantar,ARM_Manacapuru,219,219.833125,0.0495225,0.028158000000000002,0.0253755,0.021417,1.041159,61.092518,60.393128,3.994627,0.134017,0.151835,3,10,8,5,3,10,8,5,3,10,8,5,3,10,8,5,0.02809,0.04402,0.35888,0.35962,1,1,06:02:2021,02:32:27,628,-3.212972,-60.598056,49.99,lev20,Almucantar,1.2277940935151876,0.12949374339954817,0.7138802971058247,BCL,Maritime,,Unknown
08:08:2015,12:20:27,ARM_Manacapuru,220,220.514201,0.169,0.0987,0.0761,0.0653,0.1363,0.0622,0.037,0.0253,0.0327,0.0366,0.0391,0.04,1.174357,58.739443,59.438094,1.000182,0.032083,0.168609,4,10,7,5,4,10,7,5,4,10,7,5,3,10,7,5,0.02724,0.04302,0.35261,0.3568,1,1,06:02:2021,02:13:03,628,-3.212972,-60.598056,49.99,lev20,Almucantar,ARM_Manacapuru,220,220.514201,0.168609,0.098549,0.076483,0.065161,1.164602,58.739443,59.438094,1.000182,0.032083,0.168609,4,10,7,5,4,10,7,5,4,10,7,5,3,10,7,5,0.02724,0.04302,0.35261,0.3568,1,1,06:02:2021,02:13:03,628,-3.212972,-60.598056,49.99,lev20,Almucantar,ARM_Manacapuru,220,220.514201,1.4874,1.4884,1.4857,1.4715500000000001,0.0108375,0.009917,0.011362500000000001,0.011211,58.739443,59.438094,1.000182,0.032083,0.168609,4,10,7,5,4,10,7,5,4,10,7,5,3,10,7,5,0.02724,0.04302,0.35261,0.3568,1,1,06:02:2021,02:13:03,628,-3.212972,-60.598056,49.99,lev20,Almucantar,ARM_Manacapuru,220,220.514201,0.92575,0.91445,0.88515,0.8743000000000001,58.739443,59.438094,1.000182,0.032083,0.168609,4,10,7,5,4,10,7,5,4,10,7,5,3,10,7,5,0.02724,0.04302,0.35261,0.3568,1,1,06:02:2021,02:13:03,628,-3.212972,-60.598056,49.99,lev20,Almucantar,ARM_Manacapuru,220,220.514201,0.0495225,0.028158000000000002,0.0253755,0.021417,1.041159,58.739443,59.438094,1.000182,0.032083,0.168609,4,10,7,5,4,10,7,5,4,10,7,5,3,10,7,5,0.02724,0.04302,0.35261,0.3568,1,1,06:02:2021,02:13:03,628,-3.212972,-60.598056,49.99,lev20,Almucantar,1.1703517917135966,0.14551638610308892,0.724324813672181,Unclassified,Maritime,,Unknown
08:08:2015,19:33:47,ARM_Manacapuru,220,220.815127,0.1724,0.097,0.0701,0.0579,0.1443,0.0655,0.0364,0.0239,0.028,0.0315,0.0337,0.034,1.316657,55.034346,54.342096,3.511181,0.180876,0.172244,4,10,8,4,4,10,8,4,4,10,8,4,4,10,7,3,0.02656,0.04188,0.34196,0.34371,1,1,06:02:2021,02:13:30,628,-3.212972,-60.598056,49.99,lev20,Almucantar,ARM_Manacapuru,220,220.815127,0.172244,0.095517,0.073134,0.057912,1.263909,55.034346,54.342096,3.511181,0.180876,0.172244,4,10,8,4,4,10,8,4,4,10,8,4,4,10,7,3,0.02656,0.04188,0.34196,0.34371,1,1,06:02:2021,02:13:30,628,-3.212972,-60.598056,49.99,lev20,Almucantar,ARM_Manacapuru,220,220.815127,1.4874,1.4884,1.4857,1.4715500000000001,0.0108375,0.009917,0.011362500000000001,0.011211,55.034346,54.342096,3.511181,0.180876,0.172244,4,10,8,4,4,10,8,4,4,10,8,4,4,10,7,3,0.02656,0.04188,0.34196,0.34371,1,1,06:02:2021,02:13:30,628,-3.212972,-60.598056,49.99,lev20,Almucantar,ARM_Manacapuru,220,220.815127,0.92575,0.91445,0.88515,0.8743000000000001,55.034346,54.342096,3.511181,0.180876,0.172244,4,10,8,4,4,10,8,4,4,10,8,4,4,10,7,3,0.02656,0.04188,0.34196,0.34371,1,1,06:02:2021,02:13:30,628,-3.212972,-60.598056,49.99,lev20,Almucantar,ARM_Manacapuru,220,220.815127,0.0495225,0.028158000000000002,0.0253755,0.021417,1.041159,55.034346,54.342096,3.511181,0.180876,0.172244,4,10,8,4,4,10,8,4,4,10,8,4,4,10,7,3,0.02656,0.04188,0.34196,0.34371,1,1,06:02:2021,02:13:30,628,-3.212972,-60.598056,49.99,lev20,Almucantar,1.3200383799730953,0.14563047229352025,0.7645720119876421,BCL,Maritime,,Unknown
08:08:2015,19:59:48,ARM_Manacapuru,220,220.833194,0.1752,0.097,0.07,0.0582,0.1477,0.0661,0.0368,0.0245,0.0276,0.0309,0.0332,0.0337,1.343548,61.081803,60.380893,3.955951,0.133998,0.175523,3,10,8,5,3,10,8,5,3,10,8,5,3,10,8,4,0.02812,0.04404,0.35901,0.35959,1,1,06:02:2021,02:13:13,628,-3.212972,-60.598056,49.99,lev20,Almucantar,ARM_Manacapuru,220,220.833194,0.175523,0.095868,0.072099,0.057625,1.310867,61.081803,60.380893,3.955951,0.133998,0.175523,3,10,8,5,3,10,8,5,3,10,8,5,3,10,8,4,0.02812,0.04404,0.35901,0.35959,1,1,06:02:2021,02:13:13,628,-3.212972,-60.598056,49.99,lev20,Almucantar,ARM_Manacapuru,220,220.833194,1.4874,1.4884,1.4857,1.4715500000000001,0.0108375,0.009917,0.011362500000000001,0.011211,61.081803,60.380893,3.955951,0.133998,0.175523,3,10,8,5,3,10,8,5,3,10,8,5,3,10,8,4,0.02812,0.04404,0.35901,0.35959,1,1,06:02:2021,02:13:13,628,-3.212972,-60.598056,49.99,lev20,Almucantar,ARM_Manacapuru,220,220.833194,0.92575,0.91445,0.88515,0.8743000000000001,61.081803,60.380893,3.955951,0.133998,0.175523,3,10,8,5,3,10,8,5,3,10,8,5,3,10,8,4,0.02812,0.04404,0.35901,0.35959,1,1,06:02:2021,02:13:13,628,-3.212972,-60.598056,49.99,lev20,Almucantar,ARM_Manacapuru,220,220.833194,0.0495225,0.028158000000000002,0.0253755,0.021417,1.041159,61.081803,60.380893,3.955951,0.133998,0.175523,3,10,8,5,3,10,8,5,3,10,8,5,3,10,8,4,0.02812,0.04404,0.35901,0.35959,1,1,06:02:2021,02:13:13,628,-3.212972,-60.598056,49.99,lev20,Almucantar,1.3457650877807426,0.1475097816822675,0.7701205059147489,BCL,Maritime,,Unknown
08:08:2015,20:44:39,ARM_Manacapuru,220,220.86434,0.1879,0.1043,0.0757,0.0629,0.1586,0.0712,0.0405,0.0275,0.0293,0.0331,0.0351,0.0354,1.332086,71.639328,70.929487,4.770826,0.084905,0.188275,4,10,7,6,4,10,7,6,4,10,7,6,4,10,7,6,0.03226,0.04985,0.4042,0.40189,1,1,06:02:2021,02:13:32,628,-3.212972,-60.598056,49.99,lev20,Almucantar,ARM_Manacapuru,220,220.86434,0.188275,0.103479,0.076513,0.061862,1.323245,71.639328,70.929487,4.770826,0.084905,0.188275,4,10,7,6,4,10,7,6,4,10,7,6,4,10,7,6,0.03226,0.04985,0.4042,0.40189,1,1,06:02:2021,02:13:32,628,-3.212972,-60.598056,49.99,lev20,Almucantar,ARM_Manacapuru,220,220.86434,1.4874,1.4884,1.4857,1.4715500000000001,0.0108375,0.009917,0.011362500000000001,0.011211,71.639328,70.929487,4.770826,0.084905,0.188275,4,10,7,6,4,10,7,6,4,10,7,6,4,10,7,6,0.03226,0.04985,0.4042,0.40189,1,1,06:02:2021,02:13:32,628,-3.212972,-60.598056,49.99,lev20,Almucantar,ARM_Manacapuru,220,220.86434,0.92575,0.91445,0.88515,0.8743000000000001,71.639328,70.929487,4.770826,0.084905,0.188275,4,10,7,6,4,10,7,6,4,10,7,6,4,10,7,6,0.03226,0.04985,0.4042,0.40189,1,1,06:02:2021,02:13:32,628,-3.212972,-60.598056,49.99,lev20,Almucantar,ARM_Manacapuru,220,220.86434,0.0495225,0.028158000000000002,0.0253755,0.021417,1.041159,71.639328,70.929487,4.770826,0.084905,0.188275,4,10,7,6,4,10,7,6,4,10,7,6,4,10,7,6,0.03226,0.04985,0.4042,0.40189,1,1,06:02:2021,02:13:32,628,-3.212972,-60.598056,49.99,lev20,Almucantar,1.3335882278850832,0.15844900824966687,0.7694720152994055,BCL,Maritime,,Unknown
09:08:2015,12:20:06,ARM_Manacapuru,221,221.513958,0.2435,0.1475,0.1107,0.0912,0.2028,0.1023,0.0621,0.0414,0.0406,0.0452,0.0486,0.0498,1.152745,58.720297,59.42052,1.370339,0.038104,0.242864,4,10,7,5,4,10,7,5,4,10,7,5,3,10,8,5,0.02724,0.04301,0.35255,0.35675,1,1,06:02:2021,02:15:59,628,-3.212972,-60.598056,49.99,lev20,Almucantar,ARM_Manacapuru,221,221.513958,0.242864,0.147143,0.11074,0.091805,1.14882,58.720297,59.42052,1.370339,0.038104,0.242864,4,10,7,5,4,10,7,5,4,10,7,5,3,10,8,5,0.02724,0.04301,0.35255,0.35675,1,1,06:02:2021,02:15:59,628,-3.212972,-60.598056,49.99,lev20,Almucantar,ARM_Manacapuru,221,221.513958,1.4874,1.4884,1.4857,1.4715500000000001,0.0108375,0.009917,0.011362500000000001,0.011211,58.720297,59.42052,1.370339,0.038104,0.242864,4,10,7,5,4,10,7,5,4,10,7,5,3,10,8,5,0.02724,0.04301,0.35255,0.35675,1,1,06:02:2021,02:15:59,628,-3.212972,-60.598056,49.99,lev20,Almucantar,ARM_Manacapuru,221,221.513958,0.92575,0.91445,0.88515,0.8743000000000001,58.720297,59.42052,1.370339,0.038104,0.242864,4,10,7,5,4,10,7,5,4,10,7,5,3,10,8,5,0.02724,0.04301,0.35255,0.35675,1,1,06:02:2021,02:15:59,628,-3.212972,-60.598056,49.99,lev20,Almucantar,ARM_Manacapuru,221,221.513958,0.0495225,0.028158000000000002,0.0253755,0.021417,1.041159,58.720297,59.42052,1.370339,0.038104,0.242864,4,10,7,5,4,10,7,5,4,10,7,5,3,10,8,5,0.02724,0.04301,0.35255,0.35675,1,1,06:02:2021,02:15:59,628,-3.212972,-60.598056,49.99,lev20,Almucantar,1.156332299120438,0.21004023049185644,0.7734302434455318,Unclassified,Urban,,Unknown
09:08:2015,12:45:59,ARM_Manacapuru,221,221.531933,0.2459,0.1513,0.1134,0.0917,0.2028,0.1029,0.0616,0.0391,0.0432,0.0484,0.0518,0.0526,1.130208,52.720853,53.411876,1.167698,0.054699,0.245333,3,10,8,4,3,10,8,4,3,10,8,4,4,10,8,4,0.02593,0.04115,0.33737,0.34164,1,1,06:02:2021,02:16:48,628,-3.212972,-60.598056,49.99,lev20,Almucantar,ARM_Manacapuru,221,221.531933,0.245333,0.150446,0.113919,0.091806,1.122092,52.720853,53.411876,1.167698,0.054699,0.245333,3,10,8,4,3,10,8,4,3,10,8,4,4,10,8,4,0.02593,0.04115,0.33737,0.34164,1,1,06:02:2021,02:16:48,628,-3.212972,-60.598056,49.99,lev20,Almucantar,ARM_Manacapuru,221,221.531933,1.4874,1.4884,1.4857,1.4715500000000001,0.0108375,0.009917,0.011362500000000001,0.011211,52.720853,53.411876,1.167698,0.054699,0.245333,3,10,8,4,3,10,8,4,3,10,8,4,4,10,8,4,0.02593,0.04115,0.33737,0.34164,1,1,06:02:2021,02:16:48,628,-3.212972,-60.598056,49.99,lev20,Almucantar,ARM_Manacapuru,221,221.531933,0.92575,0.91445,0.88515,0.8743000000000001,52.720853,53.411876,1.167698,0.054699,0.245333,3,10,8,4,3,10,8,4,3,10,8,4,4,10,8,4,0.02593,0.04115,0.33737,0.34164,1,1,06:02:2021,02:16:48,628,-3.212972,-60.598056,49.99,lev20,Almucantar,ARM_Manacapuru,221,221.531933,0.0495225,0.028158000000000002,0.0253755,0.021417,1.041159,52.720853,53.411876,1.167698,0.054699,0.245333,3,10,8,4,3,10,8,4,3,10,8,4,4,10,8,4,0.02593,0.04115,0.33737,0.34164,1,1,06:02:2021,02:16:48,628,-3.212972,-60.598056,49.99,lev20,Almucantar,1.1353712349869272,0.21267955926417936,0.7650869676700331,Unclassified,Urban,,Unknown
10:08:2015,12:19:41,ARM_Manacapuru,222,222.513669,0.2042,0.1295,0.0982,0.0823,0.1678,0.0891,0.0544,0.0374,0.0364,0.0404,0.0438,0.0449,1.068022,58.714507,59.416318,1.362076,0.032359,0.20451,4,10,7,5,4,10,7,5,4,10,7,5,3,10,8,4,0.02723,0.04301,0.3525,0.35673,1,1,06:02:2021,02:39:01,628,-3.212972,-60.598056,49.99,lev20,Almucantar,ARM_Manacapuru,222,222.513669,0.20451,0.129195,0.098515,0.08195,1.066796,58.714507,59.416318,1.362076,0.032359,0.20451,4,10,7,5,4,10,7,5,4,10,7,5,3,10,8,4,0.02723,0.04301,0.3525,0.35673,1,1,06:02:2021,02:39:01,628,-3.212972,-60.598056,49.99,lev20,Almucantar,ARM_Manacapuru,222,222.513669,1.4874,1.4884,1.4857,1.4715500000000001,0.0108375,0.009917,0.011362500000000001,0.011211,58.714507,59.416318,1.362076,0.032359,0.20451,4,10,7,5,4,10,7,5,4,10,7,5,3,10,8,4,0.02723,0.04301,0.3525,0.35673,1,1,06:02:2021,02:39:01,628,-3.212972,-60.598056,49.99,lev20,Almucantar,ARM_Manacapuru,222,222.513669,0.92575,0.91445,0.88515,0.8743000000000001,58.714507,59.416318,1.362076,0.032359,0.20451,4,10,7,5,4,10,7,5,4,10,7,5,3,10,8,4,0.02723,0.04301,0.3525,0.35673,1,1,06:02:2021,02:39:01,628,-3.212972,-60.598056,49.99,lev20,Almucantar,ARM_Manacapuru,222,222.513669,0.0495225,0.028158000000000002,0.0253755,0.021417,1.041159,58.714507,59.416318,1.362076,0.032359,0.20451,4,10,7,5,4,10,7,5,4,10,7,5,3,10,8,4,0.02723,0.04301,0.3525,0.35673,1,1,06:02:2021,02:39:01,628,-3.212972,-60.598056,49.99,lev20,Almucantar,1.0738944399509815,0.17800655203960583,0.7634791687691889,Unclassified,Maritime,,Unknown
10:08:2015,12:45:35,ARM_Manacapuru,222,222.531655,0.1959,0.122,0.092,0.0754,0.1621,0.0844,0.0515,0.0341,0.0338,0.0377,0.0405,0.0413,1.103483,52.696299,53.389169,2.124996,0.079694,0.195267,3,10,8,4,3,10,8,3,3,10,8,3,4,10,8,4,0.02594,0.04115,0.33731,0.34159,1,1,06:02:2021,02:39:41,628,-3.212972,-60.598056,49.99,lev20,Almucantar,ARM_Manacapuru,222,222.531655,0.195267,0.121261,0.093063,0.076453,1.085015,52.696299,53.389169,2.124996,0.079694,0.195267,3,10,8,4,3,10,8,3,3,10,8,3,4,10,8,4,0.02594,0.04115,0.33731,0.34159,1,1,06:02:2021,02:39:41,628,-3.212972,-60.598056,49.99,lev20,Almucantar,ARM_Manacapuru,222,222.531655,1.4874,1.4884,1.4857,1.4715500000000001,0.0108375,0.009917,0.011362500000000001,0.011211,52.696299,53.389169,2.124996,0.079694,0.195267,3,10,8,4,3,10,8,3,3,10,8,3,4,10,8,4,0.02594,0.04115,0.33731,0.34159,1,1,06:02:2021,02:39:41,628,-3.212972,-60.598056,49.99,lev20,Almucantar,ARM_Manacapuru,222,222.531655,0.92575,0.91445,0.88515,0.8743000000000001,52.696299,53.389169,2.124996,0.079694,0.195267,3,10,8,4,3,10,8,3,3,10,8,3,4,10,8,4,0.02594,0.04115,0.33731,0.34159,1,1,06:02:2021,02:39:41,628,-3.212972,-60.598056,49.99,lev20,Almucantar,ARM_Manacapuru,222,222.531655,0.0495225,0.028158000000000002,0.0253755,0.021417,1.041159,52.696299,53.389169,2.124996,0.079694,0.195267,3,10,8,4,3,10,8,3,3,10,8,3,4,10,8,4,0.02594,0.04115,0.33731,0.34159,1,1,06:02:2021,02:39:41,628,-3.212972,-60.598056,49.99,lev20,Almucantar,1.1086918791615161,0.1700132719116783,0.7702297043600767,Unclassified,Maritime,,Unknown
11:08:2015,12:19:15,ARM_Manacapuru,223,223.513368,0.2581,0.1539,0.1142,0.0937,0.2175,0.1085,0.0658,0.0442,0.0407,0.0454,0.0484,0.0495,1.192007,58.710535,59.41393,1.056954,0.032725,0.258174,4,10,7,5,4,10,7,5,4,10,7,5,3,10,8,4,0.02721,0.04299,0.35256,0.35673,1,1,06:02:2021,03:04:52,628,-3.212972,-60.598056,49.99,lev20,Almucantar,ARM_Manacapuru,223,223.513368,0.258174,0.153644,0.11437,0.093673,1.190932,58.710535,59.41393,1.056954,0.032725,0.258174,4,10,7,5,4,10,7,5,4,10,7,5,3,10,8,4,0.02721,0.04299,0.35256,0.35673,1,1,06:02:2021,03:04:52,628,-3.212972,-60.598056,49.99,lev20,Almucantar,ARM_Manacapuru,223,223.513368,1.4874,1.4884,1.4857,1.4715500000000001,0.0108375,0.009917,0.011362500000000001,0.011211,58.710535,59.41393,1.056954,0.032725,0.258174,4,10,7,5,4,10,7,5,4,10,7,5,3,10,8,4,0.02721,0.04299,0.35256,0.35673,1,1,06:02:2021,03:04:52,628,-3.212972,-60.598056,49.99,lev20,Almucantar,ARM_Manacapuru,223,223.513368,0.92575,0.91445,0.88515,0.8743000000000001,58.710535,59.41393,1.056954,0.032725,0.258174,4,10,7,5,4,10,7,5,4,10,7,5,3,10,8,4,0.02721,0.04299,0.35256,0.35673,1,1,06:02:2021,03:04:52,628,-3.212972,-60.598056,49.99,lev20,Almucantar,ARM_Manacapuru,223,223.513368,0.0495225,0.028158000000000002,0.0253755,0.021417,1.041159,58.710535,59.41393,1.056954,0.032725,0.258174,4,10,7,5,4,10,7,5,4,10,7,5,3,10,8,4,0.02721,0.04299,0.35256,0.35673,1,1,06:02:2021,03:04:52,628,-3.212972,-60.598056,49.99,lev20,Almucantar,1.1960887488888319,0.22150541792167952,0.7834673058282791,Unclassified,Urban,,Unknown
11:08:2015,12:45:05,ARM_Manacapuru,223,223.531308,0.2416,0.1445,0.1072,0.0876,0.202,0.1005,0.0602,0.0393,0.0395,0.0439,0.047,0.0483,1.187585,52.692839,53.387589,1.189528,0.067539,0.241589,3,10,8,4,3,10,8,3,3,10,8,4,4,10,8,4,0.02593,0.04114,0.33728,0.34159,1,1,06:02:2021,03:04:44,628,-3.212972,-60.598056,49.99,lev20,Almucantar,ARM_Manacapuru,223,223.531308,0.241589,0.144126,0.108066,0.087214,1.17768,52.692839,53.387589,1.189528,0.067539,0.241589,3,10,8,4,3,10,8,3,3,10,8,4,4,10,8,4,0.02593,0.04114,0.33728,0.34159,1,1,06:02:2021,03:04:44,628,-3.212972,-60.598056,49.99,lev20,Almucantar,ARM_Manacapuru,223,223.531308,1.4874,1.4884,1.4857,1.4715500000000001,0.0108375,0.009917,0.011362500000000001,0.011211,52.692839,53.387589,1.189528,0.067539,0.241589,3,10,8,4,3,10,8,3,3,10,8,4,4,10,8,4,0.02593,0.04114,0.33728,0.34159,1,1,06:02:2021,03:04:44,628,-3.212972,-60.598056,49.99,lev20,Almucantar,ARM_Manacapuru,223,223.531308,0.92575,0.91445,0.88515,0.8743000000000001,52.692839,53.387589,1.189528,0.067539,0.241589,3,10,8,4,3,10,8,3,3,10,8,4,4,10,8,4,0.02593,0.04114,0.33728,0.34159,1,1,06:02:2021,03:04:44,628,-3.212972,-60.598056,49.99,lev20,Almucantar,ARM_Manacapuru,223,223.531308,0.0495225,0.028158000000000002,0.0253755,0.021417,1.041159,52.692839,53.387589,1.189528,0.067539,0.241589,3,10,8,4,3,10,8,3,3,10,8,4,4,10,8,4,0.02593,0.04114,0.33728,0.34159,1,1,06:02:2021,03:04:44,628,-3.212972,-60.598056,49.99,lev20,Almucantar,1.1919688780893973,0.20745409071799675,0.7774805571346695,Unclassified,Urban,,Unknown
11:08:2015,19:34:29,ARM_Manacapuru,223,223.815613,0.2899,0.1546,0.1041,0.0801,0.2656,0.1292,0.077,0.0518,0.0243,0.0254,0.0271,0.0284,1.492027,55.066978,54.369292,3.092978,0.136169,0.289763,4,10,8,4,4,10,8,4,4,10,8,4,4,10,8,4,0.02658,0.0419,0.3421,0.34377,1,1,06:02:2021,03:05:39,628,-3.212972,-60.598056,49.99,lev20,Almucantar,ARM_Manacapuru,223,223.815613,0.289763,0.152845,0.105919,0.079913,1.471591,55.066978,54.369292,3.092978,0.136169,0.289763,4,10,8,4,4,10,8,4,4,10,8,4,4,10,8,4,0.02658,0.0419,0.3421,0.34377,1,1,06:02:2021,03:05:39,628,-3.212972,-60.598056,49.99,lev20,Almucantar,ARM_Manacapuru,223,223.815613,1.4874,1.4884,1.4857,1.4715500000000001,0.0108375,0.009917,0.011362500000000001,0.011211,55.066978,54.369292,3.092978,0.136169,0.289763,4,10,8,4,4,10,8,4,4,10,8,4,4,10,8,4,0.02658,0.0419,0.3421,0.34377,1,1,06:02:2021,03:05:39,628,-3.212972,-60.598056,49.99,lev20,Almucantar,ARM_Manacapuru,223,223.815613,0.92575,0.91445,0.88515,0.8743000000000001,55.066978,54.369292,3.092978,0.136169,0.289763,4,10,8,4,4,10,8,4,4,10,8,4,4,10,8,4,0.02658,0.0419,0.3421,0.34377,1,1,06:02:2021,03:05:39,628,-3.212972,-60.598056,49.99,lev20,Almucantar,ARM_Manacapuru,223,223.815613,0.0495225,0.028158000000000002,0.0253755,0.021417,1.041159,55.066978,54.369292,3.092978,0.136169,0.289763,4,10,8,4,4,10,8,4,4,10,8,4,4,10,8,4,0.02658,0.0419,0.3421,0.34377,1,1,06:02:2021,03:05:39,628,-3.212972,-60.598056,49.99,lev20,Almucantar,1.5023562999070268,0.23924419456590534,0.8858830359321347,BCL,Urban,,Unknown
11:08:2015,20:00:16,ARM_Manacapuru,223,223.833519,0.2942,0.157,0.1062,0.082,0.2701,0.1318,0.079,0.0535,0.0241,0.0253,0.0272,0.0285,1.485018,61.102755,60.397242,2.673988,0.089067,0.294155,3,10,8,5,3,10,8,5,3,10,8,5,3,10,8,5,0.02811,0.04403,0.35896,0.35964,1,1,06:02:2021,03:06:01,628,-3.212972,-60.598056,49.99,lev20,Almucantar,ARM_Manacapuru,223,223.833519,0.294155,0.156069,0.107459,0.081281,1.470916,61.102755,60.397242,2.673988,0.089067,0.294155,3,10,8,5,3,10,8,5,3,10,8,5,3,10,8,5,0.02811,0.04403,0.35896,0.35964,1,1,06:02:2021,03:06:01,628,-3.212972,-60.598056,49.99,lev20,Almucantar,ARM_Manacapuru,223,223.833519,1.4874,1.4884,1.4857,1.4715500000000001,0.0108375,0.009917,0.011362500000000001,0.011211,61.102755,60.397242,2.673988,0.089067,0.294155,3,10,8,5,3,10,8,5,3,10,8,5,3,10,8,5,0.02811,0.04403,0.35896,0.35964,1,1,06:02:2021,03:06:01,628,-3.212972,-60.598056,49.99,lev20,Almucantar,ARM_Manacapuru,223,223.833519,0.92575,0.91445,0.88515,0.8743000000000001,61.102755,60.397242,2.673988,0.089067,0.294155,3,10,8,5,3,10,8,5,3,10,8,5,3,10,8,5,0.02811,0.04403,0.35896,0.35964,1,1,06:02:2021,03:06:01,628,-3.212972,-60.598056,49.99,lev20,Almucantar,ARM_Manacapuru,223,223.833519,0.0495225,0.028158000000000002,0.0253755,0.021417,1.041159,61.102755,60.397242,2.673988,0.089067,0.294155,3,10,8,5,3,10,8,5,3,10,8,5,3,10,8,5,0.02811,0.04403,0.35896,0.35964,1,1,06:02:2021,03:06:01,628,-3.212972,-60.598056,49.99,lev20,Almucantar,1.4946575781256777,0.24303189520204552,0.8884754674139865,BCL,Urban,,Unknown
11:08:2015,20:44:57,ARM_Manacapuru,223,223.864549,0.2656,0.1396,0.0941,0.0736,0.2431,0.1159,0.0686,0.047,0.0225,0.0237,0.0255,0.0266,1.513189,71.682089,70.968519,4.245305,0.08867,0.266115,4,10,7,6,4,10,7,6,4,10,7,6,4,10,7,5,0.03229,0.04989,0.40448,0.4021,1,1,06:02:2021,03:05:49,628,-3.212972,-60.598056,49.99,lev20,Almucantar,ARM_Manacapuru,223,223.864549,0.266115,0.138939,0.094831,0.072554,1.507312,71.682089,70.968519,4.245305,0.08867,0.266115,4,10,7,6,4,10,7,6,4,10,7,6,4,10,7,5,0.03229,0.04989,0.40448,0.4021,1,1,06:02:2021,03:05:49,628,-3.212972,-60.598056,49.99,lev20,Almucantar,ARM_Manacapuru,223,223.864549,1.4874,1.4884,1.4857,1.4715500000000001,0.0108375,0.009917,0.011362500000000001,0.011211,71.682089,70.968519,4.245305,0.08867,0.266115,4,10,7,6,4,10,7,6,4,10,7,6,4,10,7,5,0.03229,0.04989,0.40448,0.4021,1,1,06:02:2021,03:05:49,628,-3.212972,-60.598056,49.99,lev20,Almucantar,ARM_Manacapuru,223,223.864549,0.92575,0.91445,0.88515,0.8743000000000001,71.682089,70.968519,4.245305,0.08867,0.266115,4,10,7,6,4,10,7,6,4,10,7,6,4,10,7,5,0.03229,0.04989,0.40448,0.4021,1,1,06:02:2021,03:05:49,628,-3.212972,-60.598056,49.99,lev20,Almucantar,ARM_Manacapuru,223,223.864549,0.0495225,0.028158000000000002,0.0253755,0.021417,1.041159,71.682089,70.968519,4.245305,0.08867,0.266115,4,10,7,6,4,10,7,6,4,10,7,6,4,10,7,5,0.03229,0.04989,0.40448,0.4021,1,1,06:02:2021,03:05:49,628,-3.212972,-60.598056,49.99,lev20,Almucantar,1.5220848403608775,0.21863817198375649,0.881797774125087,BCL,Urban,,Unknown
15:08:2015,12:17:29,ARM_Manacapuru,227,227.512141,0.2674,0.1445,0.1024,0.0844,0.2311,0.1051,0.0608,0.0419,0.0363,0.0394,0.0416,0.0425,1.404904,58.68329,59.392931,1.135455,0.091526,0.267425,4,10,7,5,4,10,7,5,4,10,7,5,3,10,8,4,0.02857,0.04416,0.35671,0.3622,1,1,06:02:2021,03:59:15,628,-3.212972,-60.598056,49.99,lev20,Almucantar,ARM_Manacapuru,227,227.512141,0.267425,0.143489,0.103688,0.08393,1.390522,58.68329,59.392931,1.135455,0.091526,0.267425,4,10,7,5,4,10,7,5,4,10,7,5,3,10,8,4,0.02857,0.04416,0.35671,0.3622,1,1,06:02:2021,03:59:15,628,-3.212972,-60.598056,49.99,lev20,Almucantar,ARM_Manacapuru,227,227.512141,1.4874,1.4884,1.4857,1.4715500000000001,0.0108375,0.009917,0.011362500000000001,0.011211,58.68329,59.392931,1.135455,0.091526,0.267425,4,10,7,5,4,10,7,5,4,10,7,5,3,10,8,4,0.02857,0.04416,0.35671,0.3622,1,1,06:02:2021,03:59:15,628,-3.212972,-60.598056,49.99,lev20,Almucantar,ARM_Manacapuru,227,227.512141,0.92575,0.91445,0.88515,0.8743000000000001,58.68329,59.392931,1.135455,0.091526,0.267425,4,10,7,5,4,10,7,5,4,10,7,5,3,10,8,4,0.02857,0.04416,0.35671,0.3622,1,1,06:02:2021,03:59:15,628,-3.212972,-60.598056,49.99,lev20,Almucantar,ARM_Manacapuru,227,227.512141,0.0495225,0.028158000000000002,0.0253755,0.021417,1.041159,58.68329,59.392931,1.135455,0.091526,0.267425,4,10,7,5,4,10,7,5,4,10,7,5,3,10,8,4,0.02857,0.04416,0.35671,0.3622,1,1,06:02:2021,03:59:15,628,-3.212972,-60.598056,49.99,lev20,Almucantar,1.407999010667421,0.2233536531990991,0.8033167897089569,BCL,Urban,,Unknown
15:08:2015,12:43:08,ARM_Manacapuru,227,227.529954,0.256,0.1374,0.0984,0.0786,0.2199,0.0982,0.057,0.0361,0.0361,0.0392,0.0414,0.0425,1.401763,52.649811,53.351936,1.068789,0.065925,0.25581,3,10,8,3,3,10,8,4,3,10,8,4,4,10,7,3,0.02723,0.04226,0.34183,0.34726,1,1,06:02:2021,03:58:58,628,-3.212972,-60.598056,49.99,lev20,Almucantar,ARM_Manacapuru,227,227.529954,0.25581,0.13679,0.099162,0.078256,1.391673,52.649811,53.351936,1.068789,0.065925,0.25581,3,10,8,3,3,10,8,4,3,10,8,4,4,10,7,3,0.02723,0.04226,0.34183,0.34726,1,1,06:02:2021,03:58:58,628,-3.212972,-60.598056,49.99,lev20,Almucantar,ARM_Manacapuru,227,227.529954,1.4874,1.4884,1.4857,1.4715500000000001,0.0108375,0.009917,0.011362500000000001,0.011211,52.649811,53.351936,1.068789,0.065925,0.25581,3,10,8,3,3,10,8,4,3,10,8,4,4,10,7,3,0.02723,0.04226,0.34183,0.34726,1,1,06:02:2021,03:58:58,628,-3.212972,-60.598056,49.99,lev20,Almucantar,ARM_Manacapuru,227,227.529954,0.92575,0.91445,0.88515,0.8743000000000001,52.649811,53.351936,1.068789,0.065925,0.25581,3,10,8,3,3,10,8,4,3,10,8,4,4,10,7,3,0.02723,0.04226,0.34183,0.34726,1,1,06:02:2021,03:58:58,628,-3.212972,-60.598056,49.99,lev20,Almucantar,ARM_Manacapuru,227,227.529954,0.0495225,0.028158000000000002,0.0253755,0.021417,1.041159,52.649811,53.351936,1.068789,0.065925,0.25581,3,10,8,3,3,10,8,4,3,10,8,4,4,10,7,3,0.02723,0.04226,0.34183,0.34726,1,1,06:02:2021,03:58:58,628,-3.212972,-60.598056,49.99,lev20,Almucantar,1.402538821858663,0.21398077578534147,0.7999604725012698,BCL,Urban,,Unknown
15:08:2015,19:35:09,ARM_Manacapuru,227,227.816076,0.3253,0.1687,0.1188,0.0958,0.2795,0.1185,0.0654,0.0412,0.0459,0.0502,0.0534,0.0546,1.477043,55.084362,54.379598,2.084092,0.115907,0.324563,4,10,8,4,4,10,8,4,4,10,8,3,4,10,8,3,0.0279,0.04304,0.34661,0.34951,1,1,06:02:2021,03:59:01,628,-3.212972,-60.598056,49.99,lev20,Almucantar,ARM_Manacapuru,227,227.816076,0.324563,0.167754,0.120238,0.09428,1.459253,55.084362,54.379598,2.084092,0.115907,0.324563,4,10,8,4,4,10,8,4,4,10,8,3,4,10,8,3,0.0279,0.04304,0.34661,0.34951,1,1,06:02:2021,03:59:01,628,-3.212972,-60.598056,49.99,lev20,Almucantar,ARM_Manacapuru,227,227.816076,1.4874,1.4884,1.4857,1.4715500000000001,0.0108375,0.009917,0.011362500000000001,0.011211,55.084362,54.379598,2.084092,0.115907,0.324563,4,10,8,4,4,10,8,4,4,10,8,3,4,10,8,3,0.0279,0.04304,0.34661,0.34951,1,1,06:02:2021,03:59:01,628,-3.212972,-60.598056,49.99,lev20,Almucantar,ARM_Manacapuru,227,227.816076,0.92575,0.91445,0.88515,0.8743000000000001,55.084362,54.379598,2.084092,0.115907,0.324563,4,10,8,4,4,10,8,4,4,10,8,3,4,10,8,3,0.0279,0.04304,0.34661,0.34951,1,1,06:02:2021,03:59:01,628,-3.212972,-60.598056,49.99,lev20,Almucantar,ARM_Manacapuru,227,227.816076,0.0495225,0.028158000000000002,0.0253755,0.021417,1.041159,55.084362,54.379598,2.084092,0.115907,0.324563,4,10,8,4,4,10,8,4,4,10,8,3,4,10,8,3,0.0279,0.04304,0.34661,0.34951,1,1,06:02:2021,03:59:01,628,-3.212972,-60.598056,49.99,lev20,Almucantar,1.4775988169667582,0.26930953208255487,0.7932678140173663,BCL,Urban,,Unknown
15:08:2015,20:00:48,ARM_Manacapuru,227,227.833889,0.3653,0.183,0.1246,0.098,0.3217,0.1347,0.0733,0.0459,0.0436,0.0482,0.0513,0.0521,1.574712,61.144268,60.432714,2.279916,0.083091,0.364536,3,10,8,5,3,10,8,5,3,10,8,5,3,10,8,5,0.02949,0.04524,0.36324,0.36523,1,1,06:02:2021,03:58:46,628,-3.212972,-60.598056,49.99,lev20,Almucantar,ARM_Manacapuru,227,227.833889,0.364536,0.182033,0.125604,0.097092,1.562329,61.144268,60.432714,2.279916,0.083091,0.364536,3,10,8,5,3,10,8,5,3,10,8,5,3,10,8,5,0.02949,0.04524,0.36324,0.36523,1,1,06:02:2021,03:58:46,628,-3.212972,-60.598056,49.99,lev20,Almucantar,ARM_Manacapuru,227,227.833889,1.4874,1.4884,1.4857,1.4715500000000001,0.0108375,0.009917,0.011362500000000001,0.011211,61.144268,60.432714,2.279916,0.083091,0.364536,3,10,8,5,3,10,8,5,3,10,8,5,3,10,8,5,0.02949,0.04524,0.36324,0.36523,1,1,06:02:2021,03:58:46,628,-3.212972,-60.598056,49.99,lev20,Almucantar,ARM_Manacapuru,227,227.833889,0.92575,0.91445,0.88515,0.8743000000000001,61.144268,60.432714,2.279916,0.083091,0.364536,3,10,8,5,3,10,8,5,3,10,8,5,3,10,8,5,0.02949,0.04524,0.36324,0.36523,1,1,06:02:2021,03:58:46,628,-3.212972,-60.598056,49.99,lev20,Almucantar,ARM_Manacapuru,227,227.833889,0.0495225,0.028158000000000002,0.0253755,0.021417,1.041159,61.144268,60.432714,2.279916,0.083091,0.364536,3,10,8,5,3,10,8,5,3,10,8,5,3,10,8,5,0.02949,0.04524,0.36324,0.36523,1,1,06:02:2021,03:58:46,628,-3.212972,-60.598056,49.99,lev20,Almucantar,1.577792522178583,0.2985759669646419,0.8209613710289335,BCL,Urban,,Unknown
16:08:2015,12:42:36,ARM_Manacapuru,228,228.529583,0.6675,0.3432,0.2246,0.1692,0.6319,0.3061,0.1856,0.1287,0.0356,0.0371,0.039,0.0405,1.585918,52.645825,53.349772,2.21532,0.038556,0.666371,3,10,8,4,3,10,8,4,3,10,8,4,4,10,8,4,0.02721,0.04223,0.34172,0.34726,1,1,06:02:2021,03:51:22,628,-3.212972,-60.598056,49.99,lev20,Almucantar,ARM_Manacapuru,228,228.529583,0.666371,0.342576,0.224963,0.169053,1.581639,52.645825,53.349772,2.21532,0.038556,0.666371,3,10,8,4,3,10,8,4,3,10,8,4,4,10,8,4,0.02721,0.04223,0.34172,0.34726,1,1,06:02:2021,03:51:22,628,-3.212972,-60.598056,49.99,lev20,Almucantar,ARM_Manacapuru,228,228.529583,1.4218,1.4316,1.4327,1.4227,0.014934,0.013389,0.015488,0.01573,52.645825,53.349772,2.21532,0.038556,0.666371,3,10,8,4,3,10,8,4,3,10,8,4,4,10,8,4,0.02721,0.04223,0.34172,0.34726,1,1,06:02:2021,03:51:22,628,-3.212972,-60.598056,49.99,lev20,Almucantar,ARM_Manacapuru,228,228.529583,0.8962,0.884,0.8434,0.8217,52.645825,53.349772,2.21532,0.038556,0.666371,3,10,8,4,3,10,8,4,3,10,8,4,4,10,8,4,0.02721,0.04223,0.34172,0.34726,1,1,06:02:2021,03:51:22,628,-3.212972,-60.598056,49.99,lev20,Almucantar,ARM_Manacapuru,228,228.529583,0.069289,0.039817,0.03517,0.03016,1.02239,52.645825,53.349772,2.21532,0.038556,0.666371,3,10,8,4,3,10,8,4,3,10,8,4,4,10,8,4,0.02721,0.04223,0.34172,0.34726,1,1,06:02:2021,03:51:22,628,-3.212972,-60.598056,49.99,lev20,Almucantar,1.5977538710738544,0.5441871024729338,0.9257832212808361,BCM,Arid,,Unknown
16:08:2015,20:45:03,ARM_Manacapuru,228,228.864618,0.4817,0.2441,0.1611,0.1224,0.4452,0.2056,0.1199,0.0794,0.0365,0.0385,0.0412,0.043,1.597478,71.704302,70.984675,2.962068,0.02846,0.481285,4,10,7,6,4,10,7,6,4,10,7,6,4,10,7,6,0.03378,0.05118,0.40768,0.40697,1,1,06:02:2021,03:51:28,628,-3.212972,-60.598056,49.99,lev20,Almucantar,ARM_Manacapuru,228,228.864618,0.481285,0.243754,0.161231,0.122034,1.595438,71.704302,70.984675,2.962068,0.02846,0.481285,4,10,7,6,4,10,7,6,4,10,7,6,4,10,7,6,0.03378,0.05118,0.40768,0.40697,1,1,06:02:2021,03:51:28,628,-3.212972,-60.598056,49.99,lev20,Almucantar,ARM_Manacapuru,228,228.864618,1.557,1.517,1.4968,1.4695,0.02078,0.026206,0.032501,0.032099,71.704302,70.984675,2.962068,0.02846,0.481285,4,10,7,6,4,10,7,6,4,10,7,6,4,10,7,6,0.03378,0.05118,0.40768,0.40697,1,1,06:02:2021,03:51:28,628,-3.212972,-60.598056,49.99,lev20,Almucantar,ARM_Manacapuru,228,228.864618,0.8856,0.8239,0.7635,0.7375,71.704302,70.984675,2.962068,0.02846,0.481285,4,10,7,6,4,10,7,6,4,10,7,6,4,10,7,6,0.03378,0.05118,0.40768,0.40697,1,1,06:02:2021,03:51:28,628,-3.212972,-60.598056,49.99,lev20,Almucantar,ARM_Manacapuru,228,228.864618,0.055123,0.042981,0.038092,0.032122,0.543883,71.704302,70.984675,2.962068,0.02846,0.481285,4,10,7,6,4,10,7,6,4,10,7,6,4,10,7,6,0.03378,0.05118,0.40768,0.40697,1,1,06:02:2021,03:51:28,628,-3.212972,-60.598056,49.99,lev20,Almucantar,1.606669392097955,0.3922641827335118,0.8935913425462847,BCM,Urban,,Unknown
16:08:2015,21:09:57,ARM_Manacapuru,228,228.88191,0.467,0.2324,0.1522,0.1161,0.4317,0.1952,0.1122,0.0745,0.0352,0.0372,0.0401,0.0416,1.635686,77.682616,76.962282,3.629876,0.028474,0.466511,4,10,7,6,4,10,7,6,4,10,7,6,4,10,7,6,0.03767,0.05657,0.44767,0.44391,1,1,06:02:2021,03:53:24,628,-3.212972,-60.598056,49.99,lev20,Almucantar,ARM_Manacapuru,228,228.88191,0.466511,0.232157,0.152287,0.115804,1.633573,77.682616,76.962282,3.629876,0.028474,0.466511,4,10,7,6,4,10,7,6,4,10,7,6,4,10,7,6,0.03767,0.05657,0.44767,0.44391,1,1,06:02:2021,03:53:24,628,-3.212972,-60.598056,49.99,lev20,Almucantar,ARM_Manacapuru,228,228.88191,1.5816,1.5159,1.4892,1.4627,0.019746,0.024811,0.028911,0.028276,77.682616,76.962282,3.629876,0.028474,0.466511,4,10,7,6,4,10,7,6,4,10,7,6,4,10,7,6,0.03767,0.05657,0.44767,0.44391,1,1,06:02:2021,03:53:24,628,-3.212972,-60.598056,49.99,lev20,Almucantar,ARM_Manacapuru,228,228.88191,0.8903,0.8319,0.7793,0.7565,77.682616,76.962282,3.629876,0.028474,0.466511,4,10,7,6,4,10,7,6,4,10,7,6,4,10,7,6,0.03767,0.05657,0.44767,0.44391,1,1,06:02:2021,03:53:24,628,-3.212972,-60.598056,49.99,lev20,Almucantar,ARM_Manacapuru,228,228.88191,0.051214,0.039066,0.033601,0.028275,0.616999,77.682616,76.962282,3.629876,0.028474,0.466511,4,10,7,6,4,10,7,6,4,10,7,6,4,10,7,6,0.03767,0.05657,0.44767,0.44391,1,1,06:02:2021,03:53:24,628,-3.212972,-60.598056,49.99,lev20,Almucantar,1.6445700642471912,0.37845543379261215,0.8922376963429597,BCM,Urban,,Unknown
17:08:2015,19:35:30,ARM_Manacapuru,229,229.816319,0.2825,0.1431,0.0976,0.0748,0.2538,0.1117,0.0641,0.0402,0.0287,0.0314,0.0335,0.0346,1.55524,55.113034,54.404792,1.264797,0.08111,0.282142,4,10,8,4,4,10,8,4,4,10,8,4,4,10,7,4,0.02791,0.04305,0.34672,0.34957,1,1,06:02:2021,04:18:03,628,-3.212972,-60.598056,49.99,lev20,Almucantar,ARM_Manacapuru,229,229.816319,0.282142,0.141961,0.098492,0.07417,1.543419,55.113034,54.404792,1.264797,0.08111,0.282142,4,10,8,4,4,10,8,4,4,10,8,4,4,10,7,4,0.02791,0.04305,0.34672,0.34957,1,1,06:02:2021,04:18:03,628,-3.212972,-60.598056,49.99,lev20,Almucantar,ARM_Manacapuru,229,229.816319,1.4874,1.4884,1.4857,1.4715500000000001,0.0108375,0.009917,0.011362500000000001,0.011211,55.113034,54.404792,1.264797,0.08111,0.282142,4,10,8,4,4,10,8,4,4,10,8,4,4,10,7,4,0.02791,0.04305,0.34672,0.34957,1,1,06:02:2021,04:18:03,628,-3.212972,-60.598056,49.99,lev20,Almucantar,ARM_Manacapuru,229,229.816319,0.92575,0.91445,0.88515,0.8743000000000001,55.113034,54.404792,1.264797,0.08111,0.282142,4,10,8,4,4,10,8,4,4,10,8,4,4,10,7,4,0.02791,0.04305,0.34672,0.34957,1,1,06:02:2021,04:18:03,628,-3.212972,-60.598056,49.99,lev20,Almucantar,ARM_Manacapuru,229,229.816319,0.0495225,0.028158000000000002,0.0253755,0.021417,1.041159,55.113034,54.404792,1.264797,0.08111,0.282142,4,10,8,4,4,10,8,4,4,10,8,4,4,10,7,4,0.02791,0.04305,0.34672,0.34957,1,1,06:02:2021,04:18:03,628,-3.212972,-60.598056,49.99,lev20,Almucantar,1.5590028449624957,0.2314551135378474,0.8533426004115706,BCL,Urban,,Unknown
17:08:2015,20:01:05,ARM_Manacapuru,229,229.834086,0.3032,0.1524,0.1016,0.0791,0.2739,0.1197,0.0669,0.0438,0.0293,0.0326,0.0347,0.0354,1.596983,61.184282,60.469766,3.168306,0.113499,0.3027,3,10,8,5,3,10,8,5,3,10,6,5,3,9,7,3,0.02952,0.04527,0.36351,0.36534,1,1,06:02:2021,04:17:53,628,-3.212972,-60.598056,49.99,lev20,Almucantar,ARM_Manacapuru,229,229.834086,0.3027,0.15099,0.103267,0.078443,1.575546,61.184282,60.469766,3.168306,0.113499,0.3027,3,10,8,5,3,10,8,5,3,10,6,5,3,9,7,3,0.02952,0.04527,0.36351,0.36534,1,1,06:02:2021,04:17:53,628,-3.212972,-60.598056,49.99,lev20,Almucantar,ARM_Manacapuru,229,229.834086,1.4874,1.4884,1.4857,1.4715500000000001,0.0108375,0.009917,0.011362500000000001,0.011211,61.184282,60.469766,3.168306,0.113499,0.3027,3,10,8,5,3,10,8,5,3,10,6,5,3,9,7,3,0.02952,0.04527,0.36351,0.36534,1,1,06:02:2021,04:17:53,628,-3.212972,-60.598056,49.99,lev20,Almucantar,ARM_Manacapuru,229,229.834086,0.92575,0.91445,0.88515,0.8743000000000001,61.184282,60.469766,3.168306,0.113499,0.3027,3,10,8,5,3,10,8,5,3,10,6,5,3,9,7,3,0.02952,0.04527,0.36351,0.36534,1,1,06:02:2021,04:17:53,628,-3.212972,-60.598056,49.99,lev20,Almucantar,ARM_Manacapuru,229,229.834086,0.0495225,0.028158000000000002,0.0253755,0.021417,1.041159,61.184282,60.469766,3.168306,0.113499,0.3027,3,10,8,5,3,10,8,5,3,10,6,5,3,9,7,3,0.02952,0.04527,0.36351,0.36534,1,1,06:02:2021,04:17:53,628,-3.212972,-60.598056,49.99,lev20,Almucantar,1.603813220711955,0.24699591610229418,0.8545624044534592,BCL,Urban,,Unknown
19:08:2015,12:41:01,ARM_Manacapuru,231,231.528484,0.5103,0.2487,0.1631,0.122,0.4855,0.2232,0.1365,0.0944,0.0247,0.0255,0.0266,0.0277,1.666331,52.622185,53.331473,2.145041,0.147492,0.50911,3,10,8,4,3,10,8,4,3,10,8,3,4,10,8,4,0.02721,0.04223,0.34169,0.34722,1,1,06:02:2021,04:59:02,628,-3.212972,-60.598056,49.99,lev20,Almucantar,ARM_Manacapuru,231,231.528484,0.50911,0.247182,0.162889,0.124563,1.665924,52.622185,53.331473,2.145041,0.147492,0.50911,3,10,8,4,3,10,8,4,3,10,8,3,4,10,8,4,0.02721,0.04223,0.34169,0.34722,1,1,06:02:2021,04:59:02,628,-3.212972,-60.598056,49.99,lev20,Almucantar,ARM_Manacapuru,231,231.528484,1.5052,1.4882,1.484,1.4619,0.016581,0.018387,0.023569,0.025988,52.622185,53.331473,2.145041,0.147492,0.50911,3,10,8,4,3,10,8,4,3,10,8,3,4,10,8,4,0.02721,0.04223,0.34169,0.34722,1,1,06:02:2021,04:59:02,628,-3.212972,-60.598056,49.99,lev20,Almucantar,ARM_Manacapuru,231,231.528484,0.9008,0.863,0.8046,0.7578,52.622185,53.331473,2.145041,0.147492,0.50911,3,10,8,4,3,10,8,4,3,10,8,3,4,10,8,4,0.02721,0.04223,0.34169,0.34722,1,1,06:02:2021,04:59:02,628,-3.212972,-60.598056,49.99,lev20,Almucantar,ARM_Manacapuru,231,231.528484,0.050619,0.034082,0.031879,0.029566,0.701614,52.622185,53.331473,2.145041,0.147492,0.50911,3,10,8,4,3,10,8,4,3,10,8,3,4,10,8,4,0.02721,0.04223,0.34169,0.34722,1,1,06:02:2021,04:59:02,628,-3.212972,-60.598056,49.99,lev20,Almucantar,1.6731763975626042,0.41203611696291337,0.9306865820944599,BCL,Unclassified,,Unknown
19:08:2015,19:35:44,ARM_Manacapuru,231,231.816481,0.378,0.1687,0.1007,0.0698,0.3651,0.1553,0.0869,0.0554,0.0129,0.0134,0.0138,0.0144,1.925671,55.125136,54.413512,2.359667,0.212604,0.377687,4,10,8,4,4,10,8,4,4,10,8,4,4,10,8,3,0.02793,0.04307,0.34683,0.34959,1,1,06:02:2021,04:57:45,628,-3.212972,-60.598056,49.99,lev20,Almucantar,ARM_Manacapuru,231,231.816481,0.377687,0.166633,0.103567,0.071916,1.890897,55.125136,54.413512,2.359667,0.212604,0.377687,4,10,8,4,4,10,8,4,4,10,8,4,4,10,8,3,0.02793,0.04307,0.34683,0.34959,1,1,06:02:2021,04:57:45,628,-3.212972,-60.598056,49.99,lev20,Almucantar,ARM_Manacapuru,231,231.816481,1.4874,1.4884,1.4857,1.4715500000000001,0.0108375,0.009917,0.011362500000000001,0.011211,55.125136,54.413512,2.359667,0.212604,0.377687,4,10,8,4,4,10,8,4,4,10,8,4,4,10,8,3,0.02793,0.04307,0.34683,0.34959,1,1,06:02:2021,04:57:45,628,-3.212972,-60.598056,49.99,lev20,Almucantar,ARM_Manacapuru,231,231.816481,0.92575,0.91445,0.88515,0.8743000000000001,55.125136,54.413512,2.359667,0.212604,0.377687,4,10,8,4,4,10,8,4,4,10,8,4,4,10,8,3,0.02793,0.04307,0.34683,0.34959,1,1,06:02:2021,04:57:45,628,-3.212972,-60.598056,49.99,lev20,Almucantar,ARM_Manacapuru,231,231.816481,0.0495225,0.028158000000000002,0.0253755,0.021417,1.041159,55.125136,54.413512,2.359667,0.212604,0.377687,4,10,8,4,4,10,8,4,4,10,8,4,4,10,8,3,0.02793,0.04307,0.34683,0.34959,1,1,06:02:2021,04:57:45,628,-3.212972,-60.598056,49.99,lev20,Almucantar,1.9403146980922605,0.2949651535998222,0.9510034765305049,BCL,Urban,,Unknown
19:08:2015,20:01:13,ARM_Manacapuru,231,231.834178,0.4693,0.2112,0.1251,0.088,0.4505,0.1913,0.1037,0.0655,0.0187,0.0199,0.0214,0.0225,1.922773,61.198859,60.481468,4.49339,0.170752,0.469333,3,10,8,5,3,10,8,4,3,8,8,4,3,5,6,4,0.02952,0.04527,0.36356,0.36538,1,1,06:02:2021,04:58:50,628,-3.212972,-60.598056,49.99,lev20,Almucantar,ARM_Manacapuru,231,231.834178,0.469333,0.21019,0.127977,0.089287,1.894462,61.198859,60.481468,4.49339,0.170752,0.469333,3,10,8,5,3,10,8,4,3,8,8,4,3,5,6,4,0.02952,0.04527,0.36356,0.36538,1,1,06:02:2021,04:58:50,628,-3.212972,-60.598056,49.99,lev20,Almucantar,ARM_Manacapuru,231,231.834178,1.5014,1.5052,1.4993,1.4762,0.013876,0.014642,0.015494,0.015668,61.198859,60.481468,4.49339,0.170752,0.469333,3,10,8,5,3,10,8,4,3,8,8,4,3,5,6,4,0.02952,0.04527,0.36356,0.36538,1,1,06:02:2021,04:58:50,628,-3.212972,-60.598056,49.99,lev20,Almucantar,ARM_Manacapuru,231,231.834178,0.9205,0.8887,0.8531,0.8255,61.198859,60.481468,4.49339,0.170752,0.469333,3,10,8,5,3,10,8,4,3,8,8,4,3,5,6,4,0.02952,0.04527,0.36356,0.36538,1,1,06:02:2021,04:58:50,628,-3.212972,-60.598056,49.99,lev20,Almucantar,ARM_Manacapuru,231,231.834178,0.037318,0.023514,0.018373,0.015358,1.039025,61.198859,60.481468,4.49339,0.170752,0.469333,3,10,8,5,3,10,8,4,3,8,8,4,3,5,6,4,0.02952,0.04527,0.36356,0.36538,1,1,06:02:2021,04:58:50,628,-3.212972,-60.598056,49.99,lev20,Almucantar,1.9394058323633165,0.3662519324104755,0.9425444455620473,BCL,Urban,,Unknown
21:08:2015,12:40:03,ARM_Manacapuru,233,233.527813,0.6402,0.286,0.1704,0.1202,0.6189,0.2633,0.1463,0.0952,0.0213,0.0228,0.0241,0.0249,1.926575,52.579781,53.292493,0.987053,0.052372,0.639541,3,10,8,4,3,10,8,4,3,10,8,4,4,10,8,4,0.02741,0.04291,0.34089,0.34615,1,1,06:02:2021,05:34:09,628,-3.212972,-60.598056,49.99,lev20,Almucantar,ARM_Manacapuru,233,233.527813,0.639541,0.285449,0.170911,0.12053,1.921557,52.579781,53.292493,0.987053,0.052372,0.639541,3,10,8,4,3,10,8,4,3,10,8,4,4,10,8,4,0.02741,0.04291,0.34089,0.34615,1,1,06:02:2021,05:34:09,628,-3.212972,-60.598056,49.99,lev20,Almucantar,ARM_Manacapuru,233,233.527813,1.4687,1.4713,1.4704,1.4576,0.013371,0.013205,0.01574,0.015984,52.579781,53.292493,0.987053,0.052372,0.639541,3,10,8,4,3,10,8,4,3,10,8,4,4,10,8,4,0.02741,0.04291,0.34089,0.34615,1,1,06:02:2021,05:34:09,628,-3.212972,-60.598056,49.99,lev20,Almucantar,ARM_Manacapuru,233,233.527813,0.9213,0.8955,0.8449,0.8157,52.579781,53.292493,0.987053,0.052372,0.639541,3,10,8,4,3,10,8,4,3,10,8,4,4,10,8,4,0.02741,0.04291,0.34089,0.34615,1,1,06:02:2021,05:34:09,628,-3.212972,-60.598056,49.99,lev20,Almucantar,ARM_Manacapuru,233,233.527813,0.050387,0.029883,0.026431,0.022149,0.971618,52.579781,53.292493,0.987053,0.052372,0.639541,3,10,8,4,3,10,8,4,3,10,8,4,4,10,8,4,0.02741,0.04291,0.34089,0.34615,1,1,06:02:2021,05:34:09,628,-3.212972,-60.598056,49.99,lev20,Almucantar,1.9416108595801187,0.49948519858916296,0.9507386935471005,BCL,Arid,,Unknown
23:08:2015,12:13:43,ARM_Manacapuru,235,235.509525,0.1749,0.1029,0.0794,0.0691,0.1378,0.0613,0.0347,0.0235,0.037,0.0416,0.0447,0.0456,1.161914,58.609636,59.331057,2.172791,0.08027,0.173989,4,10,7,5,4,10,7,5,4,10,7,5,3,11,6,5,0.02883,0.04494,0.35567,0.36094,1,1,06:02:2021,05:39:46,628,-3.212972,-60.598056,49.99,lev20,Almucantar,ARM_Manacapuru,235,235.509525,0.173989,0.102481,0.080665,0.069488,1.134233,58.609636,59.331057,2.172791,0.08027,0.173989,4,10,7,5,4,10,7,5,4,10,7,5,3,11,6,5,0.02883,0.04494,0.35567,0.36094,1,1,06:02:2021,05:39:46,628,-3.212972,-60.598056,49.99,lev20,Almucantar,ARM_Manacapuru,235,235.509525,1.4874,1.4884,1.4857,1.4715500000000001,0.0108375,0.009917,0.011362500000000001,0.011211,58.609636,59.331057,2.172791,0.08027,0.173989,4,10,7,5,4,10,7,5,4,10,7,5,3,11,6,5,0.02883,0.04494,0.35567,0.36094,1,1,06:02:2021,05:39:46,628,-3.212972,-60.598056,49.99,lev20,Almucantar,ARM_Manacapuru,235,235.509525,0.92575,0.91445,0.88515,0.8743000000000001,58.609636,59.331057,2.172791,0.08027,0.173989,4,10,7,5,4,10,7,5,4,10,7,5,3,11,6,5,0.02883,0.04494,0.35567,0.36094,1,1,06:02:2021,05:39:46,628,-3.212972,-60.598056,49.99,lev20,Almucantar,ARM_Manacapuru,235,235.509525,0.0495225,0.028158000000000002,0.0253755,0.021417,1.041159,58.609636,59.331057,2.172791,0.08027,0.173989,4,10,7,5,4,10,7,5,4,10,7,5,3,11,6,5,0.02883,0.04494,0.35567,0.36094,1,1,06:02:2021,05:39:46,628,-3.212972,-60.598056,49.99,lev20,Almucantar,1.1584195404015125,0.15082643016340755,0.6962461401736375,Unclassified,Maritime,,Unknown
23:08:2015,12:38:45,ARM_Manacapuru,235,235.52691,0.1714,0.0998,0.0762,0.0647,0.1353,0.0591,0.0328,0.0208,0.0362,0.0407,0.0434,0.0438,1.191775,52.61318,53.329304,2.106908,0.116417,0.170877,3,10,8,4,3,10,8,4,3,10,8,4,4,10,8,3,0.02742,0.04292,0.34096,0.34622,1,1,06:02:2021,05:39:26,628,-3.212972,-60.598056,49.99,lev20,Almucantar,ARM_Manacapuru,235,235.52691,0.170877,0.09921,0.078184,0.06453,1.155028,52.61318,53.329304,2.106908,0.116417,0.170877,3,10,8,4,3,10,8,4,3,10,8,4,4,10,8,3,0.02742,0.04292,0.34096,0.34622,1,1,06:02:2021,05:39:26,628,-3.212972,-60.598056,49.99,lev20,Almucantar,ARM_Manacapuru,235,235.52691,1.4874,1.4884,1.4857,1.4715500000000001,0.0108375,0.009917,0.011362500000000001,0.011211,52.61318,53.329304,2.106908,0.116417,0.170877,3,10,8,4,3,10,8,4,3,10,8,4,4,10,8,3,0.02742,0.04292,0.34096,0.34622,1,1,06:02:2021,05:39:26,628,-3.212972,-60.598056,49.99,lev20,Almucantar,ARM_Manacapuru,235,235.52691,0.92575,0.91445,0.88515,0.8743000000000001,52.61318,53.329304,2.106908,0.116417,0.170877,3,10,8,4,3,10,8,4,3,10,8,4,4,10,8,3,0.02742,0.04292,0.34096,0.34622,1,1,06:02:2021,05:39:26,628,-3.212972,-60.598056,49.99,lev20,Almucantar,ARM_Manacapuru,235,235.52691,0.0495225,0.028158000000000002,0.0253755,0.021417,1.041159,52.61318,53.329304,2.106908,0.116417,0.170877,3,10,8,4,3,10,8,4,3,10,8,4,4,10,8,3,0.02742,0.04292,0.34096,0.34622,1,1,06:02:2021,05:39:26,628,-3.212972,-60.598056,49.99,lev20,Almucantar,1.1891104049857477,0.14722941463228492,0.6988316981196662,Unclassified,Maritime,,Unknown
23:08:2015,20:01:17,ARM_Manacapuru,235,235.834225,0.2276,0.1216,0.0885,0.0758,0.1841,0.073,0.0367,0.0232,0.0435,0.0486,0.0518,0.0526,1.387863,61.210626,60.487734,5.102973,0.178919,0.227181,3,10,8,5,3,10,8,5,3,10,5,4,3,10,5,4,0.02989,0.04617,0.36267,0.36429,1,1,06:02:2021,05:40:02,628,-3.212972,-60.598056,49.99,lev20,Almucantar,ARM_Manacapuru,235,235.834225,0.227181,0.120615,0.091459,0.074379,1.344185,61.210626,60.487734,5.102973,0.178919,0.227181,3,10,8,5,3,10,8,5,3,10,5,4,3,10,5,4,0.02989,0.04617,0.36267,0.36429,1,1,06:02:2021,05:40:02,628,-3.212972,-60.598056,49.99,lev20,Almucantar,ARM_Manacapuru,235,235.834225,1.4874,1.4884,1.4857,1.4715500000000001,0.0108375,0.009917,0.011362500000000001,0.011211,61.210626,60.487734,5.102973,0.178919,0.227181,3,10,8,5,3,10,8,5,3,10,5,4,3,10,5,4,0.02989,0.04617,0.36267,0.36429,1,1,06:02:2021,05:40:02,628,-3.212972,-60.598056,49.99,lev20,Almucantar,ARM_Manacapuru,235,235.834225,0.92575,0.91445,0.88515,0.8743000000000001,61.210626,60.487734,5.102973,0.178919,0.227181,3,10,8,5,3,10,8,5,3,10,5,4,3,10,5,4,0.02989,0.04617,0.36267,0.36429,1,1,06:02:2021,05:40:02,628,-3.212972,-60.598056,49.99,lev20,Almucantar,ARM_Manacapuru,235,235.834225,0.0495225,0.028158000000000002,0.0253755,0.021417,1.041159,61.210626,60.487734,5.102973,0.178919,0.227181,3,10,8,5,3,10,8,5,3,10,5,4,3,10,5,4,0.02989,0.04617,0.36267,0.36429,1,1,06:02:2021,05:40:02,628,-3.212972,-60.598056,49.99,lev20,Almucantar,1.385597092330044,0.1906547411587391,0.711491385086862,BCL,Maritime,,Unknown
23:08:2015,20:44:57,ARM_Manacapuru,235,235.864549,0.2084,0.1082,0.0777,0.0649,0.1749,0.0704,0.0374,0.0242,0.0335,0.0378,0.0403,0.0406,1.449783,71.773733,71.04616,5.085517,0.112498,0.208664,4,10,7,5,4,10,7,6,4,10,7,5,4,10,7,6,0.03442,0.05248,0.40662,0.40593,1,1,06:02:2021,05:39:57,628,-3.212972,-60.598056,49.99,lev20,Almucantar,ARM_Manacapuru,235,235.864549,0.208664,0.107473,0.079249,0.064003,1.427727,71.773733,71.04616,5.085517,0.112498,0.208664,4,10,7,5,4,10,7,6,4,10,7,5,4,10,7,6,0.03442,0.05248,0.40662,0.40593,1,1,06:02:2021,05:39:57,628,-3.212972,-60.598056,49.99,lev20,Almucantar,ARM_Manacapuru,235,235.864549,1.4874,1.4884,1.4857,1.4715500000000001,0.0108375,0.009917,0.011362500000000001,0.011211,71.773733,71.04616,5.085517,0.112498,0.208664,4,10,7,5,4,10,7,6,4,10,7,5,4,10,7,6,0.03442,0.05248,0.40662,0.40593,1,1,06:02:2021,05:39:57,628,-3.212972,-60.598056,49.99,lev20,Almucantar,ARM_Manacapuru,235,235.864549,0.92575,0.91445,0.88515,0.8743000000000001,71.773733,71.04616,5.085517,0.112498,0.208664,4,10,7,5,4,10,7,6,4,10,7,5,4,10,7,6,0.03442,0.05248,0.40662,0.40593,1,1,06:02:2021,05:39:57,628,-3.212972,-60.598056,49.99,lev20,Almucantar,ARM_Manacapuru,235,235.864549,0.0495225,0.028158000000000002,0.0253755,0.021417,1.041159,71.773733,71.04616,5.085517,0.112498,0.208664,4,10,7,5,4,10,7,6,4,10,7,5,4,10,7,6,0.03442,0.05248,0.40662,0.40593,1,1,06:02:2021,05:39:57,628,-3.212972,-60.598056,49.99,lev20,Almucantar,1.447230894563776,0.17320136986942178,0.7522967930294242,BCL,Maritime,,Unknown
24:08:2015,12:13:05,ARM_Manacapuru,236,236.509086,0.2483,0.1287,0.0911,0.0756,0.2109,0.0869,0.0467,0.0304,0.0375,0.0418,0.0444,0.0452,1.471148,58.634317,59.357142,2.532543,0.090704,0.247706,4,10,7,5,4,10,7,5,4,10,7,5,3,11,7,4,0.02884,0.04495,0.35574,0.36101,1,1,06:02:2021,05:34:53,628,-3.212972,-60.598056,49.99,lev20,Almucantar,ARM_Manacapuru,236,236.509086,0.247706,0.127791,0.092383,0.074999,1.450987,58.634317,59.357142,2.532543,0.090704,0.247706,4,10,7,5,4,10,7,5,4,10,7,5,3,11,7,4,0.02884,0.04495,0.35574,0.36101,1,1,06:02:2021,05:34:53,628,-3.212972,-60.598056,49.99,lev20,Almucantar,ARM_Manacapuru,236,236.509086,1.4874,1.4884,1.4857,1.4715500000000001,0.0108375,0.009917,0.011362500000000001,0.011211,58.634317,59.357142,2.532543,0.090704,0.247706,4,10,7,5,4,10,7,5,4,10,7,5,3,11,7,4,0.02884,0.04495,0.35574,0.36101,1,1,06:02:2021,05:34:53,628,-3.212972,-60.598056,49.99,lev20,Almucantar,ARM_Manacapuru,236,236.509086,0.92575,0.91445,0.88515,0.8743000000000001,58.634317,59.357142,2.532543,0.090704,0.247706,4,10,7,5,4,10,7,5,4,10,7,5,3,11,7,4,0.02884,0.04495,0.35574,0.36101,1,1,06:02:2021,05:34:53,628,-3.212972,-60.598056,49.99,lev20,Almucantar,ARM_Manacapuru,236,236.509086,0.0495225,0.028158000000000002,0.0253755,0.021417,1.041159,58.634317,59.357142,2.532543,0.090704,0.247706,4,10,7,5,4,10,7,5,4,10,7,5,3,11,7,4,0.02884,0.04495,0.35574,0.36101,1,1,06:02:2021,05:34:53,628,-3.212972,-60.598056,49.99,lev20,Almucantar,1.4708122351061501,0.20574114596257057,0.7709847328910313,BCL,Urban,,Unknown
24:08:2015,12:38:12,ARM_Manacapuru,236,236.526528,0.2548,0.1316,0.0916,0.0737,0.2159,0.0881,0.0459,0.0276,0.0389,0.0434,0.0457,0.0461,1.498576,52.605103,53.322862,2.465316,0.157124,0.254158,3,10,8,4,3,10,8,4,3,10,8,3,4,10,7,4,0.02741,0.04291,0.34096,0.34621,1,1,06:02:2021,05:34:44,628,-3.212972,-60.598056,49.99,lev20,Almucantar,ARM_Manacapuru,236,236.526528,0.254158,0.130417,0.094236,0.073385,1.459965,52.605103,53.322862,2.465316,0.157124,0.254158,3,10,8,4,3,10,8,4,3,10,8,3,4,10,7,4,0.02741,0.04291,0.34096,0.34621,1,1,06:02:2021,05:34:44,628,-3.212972,-60.598056,49.99,lev20,Almucantar,ARM_Manacapuru,236,236.526528,1.4874,1.4884,1.4857,1.4715500000000001,0.0108375,0.009917,0.011362500000000001,0.011211,52.605103,53.322862,2.465316,0.157124,0.254158,3,10,8,4,3,10,8,4,3,10,8,3,4,10,7,4,0.02741,0.04291,0.34096,0.34621,1,1,06:02:2021,05:34:44,628,-3.212972,-60.598056,49.99,lev20,Almucantar,ARM_Manacapuru,236,236.526528,0.92575,0.91445,0.88515,0.8743000000000001,52.605103,53.322862,2.465316,0.157124,0.254158,3,10,8,4,3,10,8,4,3,10,8,3,4,10,7,4,0.02741,0.04291,0.34096,0.34621,1,1,06:02:2021,05:34:44,628,-3.212972,-60.598056,49.99,lev20,Almucantar,ARM_Manacapuru,236,236.526528,0.0495225,0.028158000000000002,0.0253755,0.021417,1.041159,52.605103,53.322862,2.465316,0.157124,0.254158,3,10,8,4,3,10,8,4,3,10,8,3,4,10,7,4,0.02741,0.04291,0.34096,0.34621,1,1,06:02:2021,05:34:44,628,-3.212972,-60.598056,49.99,lev20,Almucantar,1.500689324000979,0.21032222254740532,0.7718882717234079,BCL,Urban,,Unknown
25:08:2015,11:08:53,ARM_Manacapuru,237,237.464502,0.5055,0.2506,0.1671,0.1302,0.4606,0.2013,0.1163,0.0791,0.0449,0.0493,0.0508,0.0512,1.618172,74.074942,74.804637,6.05146,0.304124,0.510304,4,10,7,6,4,10,7,6,4,10,7,6,4,7,7,5,0.03516,0.05405,0.42149,0.42756,1,1,06:02:2021,06:12:18,628,-3.212972,-60.598056,49.99,lev20,Almucantar,ARM_Manacapuru,237,237.464502,0.510304,0.252534,0.167852,0.132176,1.62509,74.074942,74.804637,6.05146,0.304124,0.510304,4,10,7,6,4,10,7,6,4,10,7,6,4,7,7,5,0.03516,0.05405,0.42149,0.42756,1,1,06:02:2021,06:12:18,628,-3.212972,-60.598056,49.99,lev20,Almucantar,ARM_Manacapuru,237,237.464502,1.3447,1.3919,1.4234,1.4368,0.004902,0.004964,0.005201,0.005275,74.074942,74.804637,6.05146,0.304124,0.510304,4,10,7,6,4,10,7,6,4,10,7,6,4,7,7,5,0.03516,0.05405,0.42149,0.42756,1,1,06:02:2021,06:12:18,628,-3.212972,-60.598056,49.99,lev20,Almucantar,ARM_Manacapuru,237,237.464502,0.9468,0.9327,0.9203,0.9133,74.074942,74.804637,6.05146,0.304124,0.510304,4,10,7,6,4,10,7,6,4,10,7,6,4,7,7,5,0.03516,0.05405,0.42149,0.42756,1,1,06:02:2021,06:12:18,628,-3.212972,-60.598056,49.99,lev20,Almucantar,ARM_Manacapuru,237,237.464502,0.026891,0.016872,0.013319,0.011293,1.032284,74.074942,74.804637,6.05146,0.304124,0.510304,4,10,7,6,4,10,7,6,4,10,7,6,4,7,7,5,0.03516,0.05405,0.42149,0.42756,1,1,06:02:2021,06:12:18,628,-3.212972,-60.598056,49.99,lev20,Almucantar,1.623772316057016,0.4107462999055663,0.8646859455963689,BCL,Unclassified,,Unknown
03:09:2015,12:07:51,ARM_Manacapuru,246,246.505451,0.4552,0.2488,0.1747,0.1403,0.416,0.2056,0.1284,0.0925,0.0392,0.0433,0.0463,0.0479,1.399194,58.587602,59.322651,1.83292,0.028453,0.455519,4,10,7,5,4,10,7,5,4,10,7,5,3,11,7,5,0.02867,0.0453,0.35511,0.35899,1,1,06:02:2021,08:07:56,628,-3.212972,-60.598056,49.99,lev20,Almucantar,ARM_Manacapuru,246,246.505451,0.455519,0.248595,0.17432,0.140388,1.40333,58.587602,59.322651,1.83292,0.028453,0.455519,4,10,7,5,4,10,7,5,4,10,7,5,3,11,7,5,0.02867,0.0453,0.35511,0.35899,1,1,06:02:2021,08:07:56,628,-3.212972,-60.598056,49.99,lev20,Almucantar,ARM_Manacapuru,246,246.505451,1.401,1.431,1.4425,1.4461,0.018143,0.019397,0.024326,0.024523,58.587602,59.322651,1.83292,0.028453,0.455519,4,10,7,5,4,10,7,5,4,10,7,5,3,11,7,5,0.02867,0.0453,0.35511,0.35899,1,1,06:02:2021,08:07:56,628,-3.212972,-60.598056,49.99,lev20,Almucantar,ARM_Manacapuru,246,246.505451,0.8667,0.833,0.7758,0.7608,58.587602,59.322651,1.83292,0.028453,0.455519,4,10,7,5,4,10,7,5,4,10,7,5,3,11,7,5,0.02867,0.0453,0.35511,0.35899,1,1,06:02:2021,08:07:56,628,-3.212972,-60.598056,49.99,lev20,Almucantar,ARM_Manacapuru,246,246.505451,0.060689,0.041546,0.039173,0.033569,0.665396,58.587602,59.322651,1.83292,0.028453,0.455519,4,10,7,5,4,10,7,5,4,10,7,5,3,11,7,5,0.02867,0.0453,0.35511,0.35899,1,1,06:02:2021,08:07:56,628,-3.212972,-60.598056,49.99,lev20,Almucantar,1.4047831870695422,0.3803754197636277,0.8763358598535338,BCM,Urban,,Unknown
03:09:2015,12:32:38,ARM_Manacapuru,246,246.522662,0.4497,0.2425,0.171,0.1363,0.3982,0.1844,0.1086,0.072,0.0516,0.0581,0.0624,0.0643,1.414629,52.527405,53.259672,1.37463,0.036844,0.449494,3,10,8,4,3,10,8,4,3,10,8,4,4,10,8,4,0.02726,0.04324,0.34032,0.34429,1,1,06:02:2021,08:08:43,628,-3.212972,-60.598056,49.99,lev20,Almucantar,ARM_Manacapuru,246,246.522662,0.449494,0.241941,0.171329,0.136526,1.411995,52.527405,53.259672,1.37463,0.036844,0.449494,3,10,8,4,3,10,8,4,3,10,8,4,4,10,8,4,0.02726,0.04324,0.34032,0.34429,1,1,06:02:2021,08:08:43,628,-3.212972,-60.598056,49.99,lev20,Almucantar,ARM_Manacapuru,246,246.522662,1.5243,1.5184,1.5224,1.5139,0.022448,0.02242,0.025569,0.022326,52.527405,53.259672,1.37463,0.036844,0.449494,3,10,8,4,3,10,8,4,3,10,8,4,4,10,8,4,0.02726,0.04324,0.34032,0.34429,1,1,06:02:2021,08:08:43,628,-3.212972,-60.598056,49.99,lev20,Almucantar,ARM_Manacapuru,246,246.522662,0.8701,0.841,0.8009,0.8113,52.527405,53.259672,1.37463,0.036844,0.449494,3,10,8,4,3,10,8,4,3,10,8,4,4,10,8,4,0.02726,0.04324,0.34032,0.34429,1,1,06:02:2021,08:08:43,628,-3.212972,-60.598056,49.99,lev20,Almucantar,ARM_Manacapuru,246,246.522662,0.058441,0.038574,0.034038,0.025723,0.808431,52.527405,53.259672,1.37463,0.036844,0.449494,3,10,8,4,3,10,8,4,3,10,8,4,4,10,8,4,0.02726,0.04324,0.34032,0.34429,1,1,06:02:2021,08:08:43,628,-3.212972,-60.598056,49.99,lev20,Almucantar,1.4183525295606283,0.37512822765421533,0.8334853986441685,BCM,Urban,,Unknown
05:09:2015,11:24:09,ARM_Manacapuru,248,248.475104,0.1752,0.1005,0.0753,0.064,0.1448,0.0663,0.0391,0.027,0.0304,0.0342,0.0361,0.037,1.23957,69.073325,69.812451,1.792589,0.026375,0.175411,4,10,7,6,4,10,7,5,4,10,7,4,4,10,4,3,0.03236,0.05071,0.3938,0.39751,1,1,06:02:2021,08:19:38,628,-3.212972,-60.598056,49.99,lev20,Almucantar,ARM_Manacapuru,248,248.475104,0.175411,0.100059,0.075468,0.064069,1.23964,69.073325,69.812451,1.792589,0.026375,0.175411,4,10,7,6,4,10,7,5,4,10,7,4,4,10,4,3,0.03236,0.05071,0.3938,0.39751,1,1,06:02:2021,08:19:38,628,-3.212972,-60.598056,49.99,lev20,Almucantar,ARM_Manacapuru,248,248.475104,1.4874,1.4884,1.4857,1.4715500000000001,0.0108375,0.009917,0.011362500000000001,0.011211,69.073325,69.812451,1.792589,0.026375,0.175411,4,10,7,6,4,10,7,5,4,10,7,4,4,10,4,3,0.03236,0.05071,0.3938,0.39751,1,1,06:02:2021,08:19:38,628,-3.212972,-60.598056,49.99,lev20,Almucantar,ARM_Manacapuru,248,248.475104,0.92575,0.91445,0.88515,0.8743000000000001,69.073325,69.812451,1.792589,0.026375,0.175411,4,10,7,6,4,10,7,5,4,10,7,4,4,10,4,3,0.03236,0.05071,0.3938,0.39751,1,1,06:02:2021,08:19:38,628,-3.212972,-60.598056,49.99,lev20,Almucantar,ARM_Manacapuru,248,248.475104,0.0495225,0.028158000000000002,0.0253755,0.021417,1.041159,69.073325,69.812451,1.792589,0.026375,0.175411,4,10,7,6,4,10,7,5,4,10,7,4,4,10,4,3,0.03236,0.05071,0.3938,0.39751,1,1,06:02:2021,08:19:38,628,-3.212972,-60.598056,49.99,lev20,Almucantar,1.23870492381186,0.14954245789160428,0.7491173847418147,BCL,Maritime,,Unknown
05:09:2015,21:07:58,ARM_Manacapuru,248,248.880532,0.1701,0.0913,0.0671,0.0565,0.1408,0.0583,0.032,0.0208,0.0293,0.033,0.0352,0.0357,1.367964,77.893948,77.155663,4.467735,0.05059,0.169855,4,10,6,6,4,10,5,5,4,10,6,4,4,10,5,4,0.03837,0.05884,0.4468,0.44115,1,1,06:02:2021,08:20:21,628,-3.212972,-60.598056,49.99,lev20,Almucantar,ARM_Manacapuru,248,248.880532,0.169855,0.091143,0.067509,0.055593,1.358233,77.893948,77.155663,4.467735,0.05059,0.169855,4,10,6,6,4,10,5,5,4,10,6,4,4,10,5,4,0.03837,0.05884,0.4468,0.44115,1,1,06:02:2021,08:20:21,628,-3.212972,-60.598056,49.99,lev20,Almucantar,ARM_Manacapuru,248,248.880532,1.4874,1.4884,1.4857,1.4715500000000001,0.0108375,0.009917,0.011362500000000001,0.011211,77.893948,77.155663,4.467735,0.05059,0.169855,4,10,6,6,4,10,5,5,4,10,6,4,4,10,5,4,0.03837,0.05884,0.4468,0.44115,1,1,06:02:2021,08:20:21,628,-3.212972,-60.598056,49.99,lev20,Almucantar,ARM_Manacapuru,248,248.880532,0.92575,0.91445,0.88515,0.8743000000000001,77.893948,77.155663,4.467735,0.05059,0.169855,4,10,6,6,4,10,5,5,4,10,6,4,4,10,5,4,0.03837,0.05884,0.4468,0.44115,1,1,06:02:2021,08:20:21,628,-3.212972,-60.598056,49.99,lev20,Almucantar,ARM_Manacapuru,248,248.880532,0.0495225,0.028158000000000002,0.0253755,0.021417,1.041159,77.893948,77.155663,4.467735,0.05059,0.169855,4,10,6,6,4,10,5,5,4,10,6,4,4,10,5,4,0.03837,0.05884,0.4468,0.44115,1,1,06:02:2021,08:20:21,628,-3.212972,-60.598056,49.99,lev20,Almucantar,1.364496454550395,0.14287331338320747,0.74083334272631,BCL,Maritime,,Unknown
08:09:2015,19:35:37,ARM_Manacapuru,251,251.8164,0.1948,0.1142,0.0885,0.0769,0.1538,0.0687,0.0401,0.0273,0.041,0.0456,0.0484,0.0495,1.161837,55.25465,54.515855,3.265445,0.160822,0.194459,4,8,6,3,4,6,5,3,4,10,4,4,4,10,6,3,0.02831,0.04452,0.34883,0.35126,1,1,06:02:2021,09:47:05,628,-3.212972,-60.598056,49.99,lev20,Almucantar,ARM_Manacapuru,251,251.8164,0.194459,0.112353,0.090873,0.076694,1.128722,55.25465,54.515855,3.265445,0.160822,0.194459,4,8,6,3,4,6,5,3,4,10,4,4,4,10,6,3,0.02831,0.04452,0.34883,0.35126,1,1,06:02:2021,09:47:05,628,-3.212972,-60.598056,49.99,lev20,Almucantar,ARM_Manacapuru,251,251.8164,1.4874,1.4884,1.4857,1.4715500000000001,0.0108375,0.009917,0.011362500000000001,0.011211,55.25465,54.515855,3.265445,0.160822,0.194459,4,8,6,3,4,6,5,3,4,10,4,4,4,10,6,3,0.02831,0.04452,0.34883,0.35126,1,1,06:02:2021,09:47:05,628,-3.212972,-60.598056,49.99,lev20,Almucantar,ARM_Manacapuru,251,251.8164,0.92575,0.91445,0.88515,0.8743000000000001,55.25465,54.515855,3.265445,0.160822,0.194459,4,8,6,3,4,6,5,3,4,10,4,4,4,10,6,3,0.02831,0.04452,0.34883,0.35126,1,1,06:02:2021,09:47:05,628,-3.212972,-60.598056,49.99,lev20,Almucantar,ARM_Manacapuru,251,251.8164,0.0495225,0.028158000000000002,0.0253755,0.021417,1.041159,55.25465,54.515855,3.265445,0.160822,0.194459,4,8,6,3,4,6,5,3,4,10,4,4,4,10,6,3,0.02831,0.04452,0.34883,0.35126,1,1,06:02:2021,09:47:05,628,-3.212972,-60.598056,49.99,lev20,Almucantar,1.1573264578555646,0.1680108311007943,0.700741055024964,Unclassified,Maritime,,Unknown
08:09:2015,20:42:47,ARM_Manacapuru,251,251.863044,0.1802,0.1021,0.0777,0.0664,0.1437,0.0612,0.0338,0.0217,0.0365,0.0409,0.0438,0.0448,1.23845,71.836519,71.095022,2.960033,0.079195,0.180296,4,10,7,6,4,10,7,5,4,10,7,5,4,10,7,3,0.03429,0.05321,0.40822,0.40671,1,1,06:02:2021,09:47:24,628,-3.212972,-60.598056,49.99,lev20,Almucantar,ARM_Manacapuru,251,251.863044,0.180296,0.101276,0.078674,0.066177,1.225086,71.836519,71.095022,2.960033,0.079195,0.180296,4,10,7,6,4,10,7,5,4,10,7,5,4,10,7,3,0.03429,0.05321,0.40822,0.40671,1,1,06:02:2021,09:47:24,628,-3.212972,-60.598056,49.99,lev20,Almucantar,ARM_Manacapuru,251,251.863044,1.4874,1.4884,1.4857,1.4715500000000001,0.0108375,0.009917,0.011362500000000001,0.011211,71.836519,71.095022,2.960033,0.079195,0.180296,4,10,7,6,4,10,7,5,4,10,7,5,4,10,7,3,0.03429,0.05321,0.40822,0.40671,1,1,06:02:2021,09:47:24,628,-3.212972,-60.598056,49.99,lev20,Almucantar,ARM_Manacapuru,251,251.863044,0.92575,0.91445,0.88515,0.8743000000000001,71.836519,71.095022,2.960033,0.079195,0.180296,4,10,7,6,4,10,7,5,4,10,7,5,4,10,7,3,0.03429,0.05321,0.40822,0.40671,1,1,06:02:2021,09:47:24,628,-3.212972,-60.598056,49.99,lev20,Almucantar,ARM_Manacapuru,251,251.863044,0.0495225,0.028158000000000002,0.0253755,0.021417,1.041159,71.836519,71.095022,2.960033,0.079195,0.180296,4,10,7,6,4,10,7,5,4,10,7,5,4,10,7,3,0.03429,0.05321,0.40822,0.40671,1,1,06:02:2021,09:47:24,628,-3.212972,-60.598056,49.99,lev20,Almucantar,1.2339581610817003,0.15390358164806045,0.7059932424661639,BCL,Maritime,,Unknown
08:09:2015,21:07:15,ARM_Manacapuru,251,251.880035,0.172,0.0967,0.0741,0.0633,0.1386,0.0587,0.0335,0.0221,0.0333,0.038,0.0406,0.0411,1.241527,77.879348,77.139224,3.494675,0.026254,0.172078,4,10,6,6,4,10,6,5,4,10,6,4,4,10,5,4,0.03831,0.05896,0.44712,0.44289,1,1,06:02:2021,09:47:46,628,-3.212972,-60.598056,49.99,lev20,Almucantar,ARM_Manacapuru,251,251.880035,0.172078,0.096498,0.074259,0.063137,1.239966,77.879348,77.139224,3.494675,0.026254,0.172078,4,10,6,6,4,10,6,5,4,10,6,4,4,10,5,4,0.03831,0.05896,0.44712,0.44289,1,1,06:02:2021,09:47:46,628,-3.212972,-60.598056,49.99,lev20,Almucantar,ARM_Manacapuru,251,251.880035,1.4874,1.4884,1.4857,1.4715500000000001,0.0108375,0.009917,0.011362500000000001,0.011211,77.879348,77.139224,3.494675,0.026254,0.172078,4,10,6,6,4,10,6,5,4,10,6,4,4,10,5,4,0.03831,0.05896,0.44712,0.44289,1,1,06:02:2021,09:47:46,628,-3.212972,-60.598056,49.99,lev20,Almucantar,ARM_Manacapuru,251,251.880035,0.92575,0.91445,0.88515,0.8743000000000001,77.879348,77.139224,3.494675,0.026254,0.172078,4,10,6,6,4,10,6,5,4,10,6,4,4,10,5,4,0.03831,0.05896,0.44712,0.44289,1,1,06:02:2021,09:47:46,628,-3.212972,-60.598056,49.99,lev20,Almucantar,ARM_Manacapuru,251,251.880035,0.0495225,0.028158000000000002,0.0253755,0.021417,1.041159,77.879348,77.139224,3.494675,0.026254,0.172078,4,10,6,6,4,10,6,5,4,10,6,4,4,10,5,4,0.03831,0.05896,0.44712,0.44289,1,1,06:02:2021,09:47:46,628,-3.212972,-60.598056,49.99,lev20,Almucantar,1.2352297368570164,0.1468763233590132,0.7121216983375038,BCL,Maritime,,Unknown
09:09:2015,12:04:43,ARM_Manacapuru,252,252.503275,0.1182,0.0705,0.0531,0.0452,0.0935,0.0423,0.0231,0.0154,0.0247,0.0282,0.0299,0.0298,1.172141,58.559311,59.300012,3.262559,0.122735,0.118214,4,10,7,5,4,10,7,5,4,10,7,5,3,10,6,4,0.02891,0.04561,0.358,0.36291,1,1,06:02:2021,09:37:07,628,-3.212972,-60.598056,49.99,lev20,Almucantar,ARM_Manacapuru,252,252.503275,0.118214,0.069719,0.054979,0.046131,1.129829,58.559311,59.300012,3.262559,0.122735,0.118214,4,10,7,5,4,10,7,5,4,10,7,5,3,10,6,4,0.02891,0.04561,0.358,0.36291,1,1,06:02:2021,09:37:07,628,-3.212972,-60.598056,49.99,lev20,Almucantar,ARM_Manacapuru,252,252.503275,1.4874,1.4884,1.4857,1.4715500000000001,0.0108375,0.009917,0.011362500000000001,0.011211,58.559311,59.300012,3.262559,0.122735,0.118214,4,10,7,5,4,10,7,5,4,10,7,5,3,10,6,4,0.02891,0.04561,0.358,0.36291,1,1,06:02:2021,09:37:07,628,-3.212972,-60.598056,49.99,lev20,Almucantar,ARM_Manacapuru,252,252.503275,0.92575,0.91445,0.88515,0.8743000000000001,58.559311,59.300012,3.262559,0.122735,0.118214,4,10,7,5,4,10,7,5,4,10,7,5,3,10,6,4,0.02891,0.04561,0.358,0.36291,1,1,06:02:2021,09:37:07,628,-3.212972,-60.598056,49.99,lev20,Almucantar,ARM_Manacapuru,252,252.503275,0.0495225,0.028158000000000002,0.0253755,0.021417,1.041159,58.559311,59.300012,3.262559,0.122735,0.118214,4,10,7,5,4,10,7,5,4,10,7,5,3,10,6,4,0.02891,0.04561,0.358,0.36291,1,1,06:02:2021,09:37:07,628,-3.212972,-60.598056,49.99,lev20,Almucantar,1.1738000283703751,0.10173051323538652,0.6990629644761167,Unclassified,Maritime,,Unknown
09:09:2015,12:29:05,ARM_Manacapuru,252,252.520197,0.1196,0.0708,0.0532,0.0458,0.0951,0.0431,0.0237,0.0159,0.0245,0.0277,0.0295,0.0299,1.186918,52.550237,53.289285,3.731109,0.137087,0.119888,3,10,8,4,3,10,8,4,3,10,8,4,4,10,8,3,0.02755,0.04358,0.34354,0.34868,1,1,06:02:2021,09:37:10,628,-3.212972,-60.598056,49.99,lev20,Almucantar,ARM_Manacapuru,252,252.520197,0.119888,0.069913,0.055357,0.044195,1.142039,52.550237,53.289285,3.731109,0.137087,0.119888,3,10,8,4,3,10,8,4,3,10,8,4,4,10,8,3,0.02755,0.04358,0.34354,0.34868,1,1,06:02:2021,09:37:10,628,-3.212972,-60.598056,49.99,lev20,Almucantar,ARM_Manacapuru,252,252.520197,1.4874,1.4884,1.4857,1.4715500000000001,0.0108375,0.009917,0.011362500000000001,0.011211,52.550237,53.289285,3.731109,0.137087,0.119888,3,10,8,4,3,10,8,4,3,10,8,4,4,10,8,3,0.02755,0.04358,0.34354,0.34868,1,1,06:02:2021,09:37:10,628,-3.212972,-60.598056,49.99,lev20,Almucantar,ARM_Manacapuru,252,252.520197,0.92575,0.91445,0.88515,0.8743000000000001,52.550237,53.289285,3.731109,0.137087,0.119888,3,10,8,4,3,10,8,4,3,10,8,4,4,10,8,3,0.02755,0.04358,0.34354,0.34868,1,1,06:02:2021,09:37:10,628,-3.212972,-60.598056,49.99,lev20,Almucantar,ARM_Manacapuru,252,252.520197,0.0495225,0.028158000000000002,0.0253755,0.021417,1.041159,52.550237,53.289285,3.731109,0.137087,0.119888,3,10,8,4,3,10,8,4,3,10,8,4,4,10,8,3,0.02755,0.04358,0.34354,0.34868,1,1,06:02:2021,09:37:10,628,-3.212972,-60.598056,49.99,lev20,Almucantar,1.188312277438485,0.10274465953375343,0.7070285689332482,Unclassified,Maritime,,Unknown
10:09:2015,12:06:53,ARM_Manacapuru,253,253.50478,0.2604,0.1469,0.1052,0.086,0.2234,0.1057,0.0606,0.0403,0.037,0.0412,0.0446,0.0457,1.324413,57.892214,58.633583,3.189932,0.081819,0.259469,4,10,7,5,4,10,7,5,4,10,7,4,4,10,7,4,0.02874,0.04536,0.35622,0.36113,1,1,06:02:2021,09:37:53,628,-3.212972,-60.598056,49.99,lev20,Almucantar,ARM_Manacapuru,253,253.50478,0.259469,0.14577,0.105813,0.08634,1.313215,57.892214,58.633583,3.189932,0.081819,0.259469,4,10,7,5,4,10,7,5,4,10,7,4,4,10,7,4,0.02874,0.04536,0.35622,0.36113,1,1,06:02:2021,09:37:53,628,-3.212972,-60.598056,49.99,lev20,Almucantar,ARM_Manacapuru,253,253.50478,1.4874,1.4884,1.4857,1.4715500000000001,0.0108375,0.009917,0.011362500000000001,0.011211,57.892214,58.633583,3.189932,0.081819,0.259469,4,10,7,5,4,10,7,5,4,10,7,4,4,10,7,4,0.02874,0.04536,0.35622,0.36113,1,1,06:02:2021,09:37:53,628,-3.212972,-60.598056,49.99,lev20,Almucantar,ARM_Manacapuru,253,253.50478,0.92575,0.91445,0.88515,0.8743000000000001,57.892214,58.633583,3.189932,0.081819,0.259469,4,10,7,5,4,10,7,5,4,10,7,4,4,10,7,4,0.02874,0.04536,0.35622,0.36113,1,1,06:02:2021,09:37:53,628,-3.212972,-60.598056,49.99,lev20,Almucantar,ARM_Manacapuru,253,253.50478,0.0495225,0.028158000000000002,0.0253755,0.021417,1.041159,57.892214,58.633583,3.189932,0.081819,0.259469,4,10,7,5,4,10,7,5,4,10,7,4,4,10,7,4,0.02874,0.04536,0.35622,0.36113,1,1,06:02:2021,09:37:53,628,-3.212972,-60.598056,49.99,lev20,Almucantar,1.3295159663763085,0.21969987312015443,0.7985981259746334,BCL,Urban,,Unknown
10:09:2015,12:28:34,ARM_Manacapuru,253,253.519838,0.2382,0.1345,0.0957,0.0765,0.2056,0.0976,0.0562,0.0362,0.0326,0.0369,0.0395,0.0403,1.331396,52.539049,53.279057,2.187492,0.084646,0.23768,3,10,8,4,3,10,8,4,3,10,8,4,4,10,7,4,0.02754,0.04357,0.34353,0.34866,1,1,06:02:2021,09:37:17,628,-3.212972,-60.598056,49.99,lev20,Almucantar,ARM_Manacapuru,253,253.519838,0.23768,0.133644,0.097035,0.075848,1.311557,52.539049,53.279057,2.187492,0.084646,0.23768,3,10,8,4,3,10,8,4,3,10,8,4,4,10,7,4,0.02754,0.04357,0.34353,0.34866,1,1,06:02:2021,09:37:17,628,-3.212972,-60.598056,49.99,lev20,Almucantar,ARM_Manacapuru,253,253.519838,1.4874,1.4884,1.4857,1.4715500000000001,0.0108375,0.009917,0.011362500000000001,0.011211,52.539049,53.279057,2.187492,0.084646,0.23768,3,10,8,4,3,10,8,4,3,10,8,4,4,10,7,4,0.02754,0.04357,0.34353,0.34866,1,1,06:02:2021,09:37:17,628,-3.212972,-60.598056,49.99,lev20,Almucantar,ARM_Manacapuru,253,253.519838,0.92575,0.91445,0.88515,0.8743000000000001,52.539049,53.279057,2.187492,0.084646,0.23768,3,10,8,4,3,10,8,4,3,10,8,4,4,10,7,4,0.02754,0.04357,0.34353,0.34866,1,1,06:02:2021,09:37:17,628,-3.212972,-60.598056,49.99,lev20,Almucantar,ARM_Manacapuru,253,253.519838,0.0495225,0.028158000000000002,0.0253755,0.021417,1.041159,52.539049,53.279057,2.187492,0.084646,0.23768,3,10,8,4,3,10,8,4,3,10,8,4,4,10,7,4,0.02754,0.04357,0.34353,0.34866,1,1,06:02:2021,09:37:17,628,-3.212972,-60.598056,49.99,lev20,Almucantar,1.337637718324443,0.2007611549238588,0.8061182588885807,BCL,Urban,,Unknown
17:09:2015,11:18:15,ARM_Manacapuru,260,260.471007,0.4392,0.2346,0.1605,0.1295,0.3911,0.1803,0.1027,0.0706,0.048,0.0543,0.0578,0.0588,1.46879,69.084319,69.83018,1.09037,0.012489,0.438469,4,10,7,6,4,10,7,6,4,10,7,6,4,10,7,6,0.0316,0.04999,0.39446,0.39984,1,1,06:02:2021,11:27:25,628,-3.212972,-60.598056,49.99,lev20,Almucantar,ARM_Manacapuru,260,260.471007,0.438469,0.234371,0.160277,0.129308,1.468263,69.084319,69.83018,1.09037,0.012489,0.438469,4,10,7,6,4,10,7,6,4,10,7,6,4,10,7,6,0.0316,0.04999,0.39446,0.39984,1,1,06:02:2021,11:27:25,628,-3.212972,-60.598056,49.99,lev20,Almucantar,ARM_Manacapuru,260,260.471007,1.534,1.5021,1.4895,1.481,0.016347,0.016774,0.022136,0.024227,69.084319,69.83018,1.09037,0.012489,0.438469,4,10,7,6,4,10,7,6,4,10,7,6,4,10,7,6,0.0316,0.04999,0.39446,0.39984,1,1,06:02:2021,11:27:25,628,-3.212972,-60.598056,49.99,lev20,Almucantar,ARM_Manacapuru,260,260.471007,0.8976,0.8731,0.8236,0.797,69.084319,69.83018,1.09037,0.012489,0.438469,4,10,7,6,4,10,7,6,4,10,7,6,4,10,7,6,0.0316,0.04999,0.39446,0.39984,1,1,06:02:2021,11:27:25,628,-3.212972,-60.598056,49.99,lev20,Almucantar,ARM_Manacapuru,260,260.471007,0.044979,0.029773,0.028315,0.026275,0.70644,69.084319,69.83018,1.09037,0.012489,0.438469,4,10,7,6,4,10,7,6,4,10,7,6,4,10,7,6,0.0316,0.04999,0.39446,0.39984,1,1,06:02:2021,11:27:25,628,-3.212972,-60.598056,49.99,lev20,Almucantar,1.476651976093343,0.3636491355846221,0.8371153319331652,BCM,Urban,,Unknown
17:09:2015,12:00:31,ARM_Manacapuru,260,260.500359,0.4754,0.2505,0.1698,0.132,0.4329,0.2051,0.1208,0.0807,0.0425,0.0454,0.049,0.0513,1.502009,58.573879,59.319775,1.094704,0.019435,0.474464,4,10,7,5,4,10,7,5,4,10,7,5,3,11,7,4,0.02822,0.04489,0.35722,0.36253,1,1,06:02:2021,11:27:24,628,-3.212972,-60.598056,49.99,lev20,Almucantar,ARM_Manacapuru,260,260.500359,0.474464,0.249947,0.169699,0.132405,1.500276,58.573879,59.319775,1.094704,0.019435,0.474464,4,10,7,5,4,10,7,5,4,10,7,5,3,11,7,4,0.02822,0.04489,0.35722,0.36253,1,1,06:02:2021,11:27:24,628,-3.212972,-60.598056,49.99,lev20,Almucantar,ARM_Manacapuru,260,260.500359,1.5151,1.4894,1.4825,1.4627,0.014382,0.010489,0.013425,0.015125,58.573879,59.319775,1.094704,0.019435,0.474464,4,10,7,5,4,10,7,5,4,10,7,5,3,11,7,4,0.02822,0.04489,0.35722,0.36253,1,1,06:02:2021,11:27:24,628,-3.212972,-60.598056,49.99,lev20,Almucantar,ARM_Manacapuru,260,260.500359,0.908,0.9115,0.8777,0.8507,58.573879,59.319775,1.094704,0.019435,0.474464,4,10,7,5,4,10,7,5,4,10,7,5,3,11,7,4,0.02822,0.04489,0.35722,0.36253,1,1,06:02:2021,11:27:24,628,-3.212972,-60.598056,49.99,lev20,Almucantar,ARM_Manacapuru,260,260.500359,0.043717,0.022158,0.020773,0.019716,1.139853,58.573879,59.319775,1.094704,0.019435,0.474464,4,10,7,5,4,10,7,5,4,10,7,5,3,11,7,4,0.02822,0.04489,0.35722,0.36253,1,1,06:02:2021,11:27:24,628,-3.212972,-60.598056,49.99,lev20,Almucantar,1.510205904783488,0.3919372860571504,0.87538763652921,BCL,Urban,,Unknown
17:09:2015,12:24:44,ARM_Manacapuru,260,260.517176,0.4795,0.2484,0.1671,0.128,0.4381,0.2044,0.1193,0.0776,0.0414,0.044,0.0478,0.0504,1.538345,52.555101,53.300447,1.803627,0.054383,0.479043,3,10,8,4,3,10,8,4,3,10,8,4,4,10,8,4,0.02694,0.04297,0.34303,0.34839,1,1,06:02:2021,11:27:30,628,-3.212972,-60.598056,49.99,lev20,Almucantar,ARM_Manacapuru,260,260.517176,0.479043,0.247535,0.167446,0.128021,1.53504,52.555101,53.300447,1.803627,0.054383,0.479043,3,10,8,4,3,10,8,4,3,10,8,4,4,10,8,4,0.02694,0.04297,0.34303,0.34839,1,1,06:02:2021,11:27:30,628,-3.212972,-60.598056,49.99,lev20,Almucantar,ARM_Manacapuru,260,260.517176,1.527,1.497,1.4884,1.4652,0.016265,0.013745,0.014478,0.013077,52.555101,53.300447,1.803627,0.054383,0.479043,3,10,8,4,3,10,8,4,3,10,8,4,4,10,8,4,0.02694,0.04297,0.34303,0.34839,1,1,06:02:2021,11:27:30,628,-3.212972,-60.598056,49.99,lev20,Almucantar,ARM_Manacapuru,260,260.517176,0.8986,0.8911,0.8685,0.8678,52.555101,53.300447,1.803627,0.054383,0.479043,3,10,8,4,3,10,8,4,3,10,8,4,4,10,8,4,0.02694,0.04297,0.34303,0.34839,1,1,06:02:2021,11:27:30,628,-3.212972,-60.598056,49.99,lev20,Almucantar,ARM_Manacapuru,260,260.517176,0.04863,0.02705,0.021965,0.016923,1.182595,52.555101,53.300447,1.803627,0.054383,0.479043,3,10,8,4,3,10,8,4,3,10,8,4,4,10,8,4,0.02694,0.04297,0.34303,0.34839,1,1,06:02:2021,11:27:30,628,-3.212972,-60.598056,49.99,lev20,Almucantar,1.546314911982874,0.39349692199650643,0.8806564241370591,BCM,Urban,,Unknown
18:09:2015,11:18:07,ARM_Manacapuru,261,261.470914,0.5074,0.2744,0.1945,0.1603,0.4316,0.187,0.1031,0.0687,0.0757,0.0873,0.0914,0.0916,1.403423,69.000135,69.746326,3.308343,0.034372,0.506142,4,10,7,6,4,8,4,6,4,8,4,6,4,9,7,4,0.03154,0.04989,0.39384,0.39945,1,1,06:02:2021,12:07:30,628,-3.212972,-60.598056,49.99,lev20,Almucantar,ARM_Manacapuru,261,261.470914,0.506142,0.273581,0.194384,0.160037,1.40109,69.000135,69.746326,3.308343,0.034372,0.506142,4,10,7,6,4,8,4,6,4,8,4,6,4,9,7,4,0.03154,0.04989,0.39384,0.39945,1,1,06:02:2021,12:07:30,628,-3.212972,-60.598056,49.99,lev20,Almucantar,ARM_Manacapuru,261,261.470914,1.5174,1.4686,1.4553,1.4449,0.009825,0.008101,0.009915,0.010728,69.000135,69.746326,3.308343,0.034372,0.506142,4,10,7,6,4,8,4,6,4,8,4,6,4,9,7,4,0.03154,0.04989,0.39384,0.39945,1,1,06:02:2021,12:07:30,628,-3.212972,-60.598056,49.99,lev20,Almucantar,ARM_Manacapuru,261,261.470914,0.9218,0.9197,0.8927,0.8821,69.000135,69.746326,3.308343,0.034372,0.506142,4,10,7,6,4,8,4,6,4,8,4,6,4,9,7,4,0.03154,0.04989,0.39384,0.39945,1,1,06:02:2021,12:07:30,628,-3.212972,-60.598056,49.99,lev20,Almucantar,ARM_Manacapuru,261,261.470914,0.039685,0.022032,0.020872,0.018899,0.984752,69.000135,69.746326,3.308343,0.034372,0.506142,4,10,7,6,4,8,4,6,4,8,4,6,4,9,7,4,0.03154,0.04989,0.39384,0.39945,1,1,06:02:2021,12:07:30,628,-3.212972,-60.598056,49.99,lev20,Almucantar,1.4065446450048285,0.42389945938221324,0.7725980154132897,BCL,Unclassified,,Unknown
18:09:2015,12:00:06,ARM_Manacapuru,261,261.500069,0.485,0.2642,0.1882,0.1553,0.414,0.1834,0.1026,0.0685,0.071,0.0808,0.0856,0.0869,1.385674,58.554765,59.301106,3.570308,0.089047,0.48419,4,10,7,5,4,10,6,5,4,10,5,5,3,11,7,4,0.02822,0.04489,0.35719,0.36248,1,1,06:02:2021,12:06:46,628,-3.212972,-60.598056,49.99,lev20,Almucantar,ARM_Manacapuru,261,261.500069,0.48419,0.263051,0.189366,0.15567,1.376123,58.554765,59.301106,3.570308,0.089047,0.48419,4,10,7,5,4,10,6,5,4,10,5,5,3,11,7,4,0.02822,0.04489,0.35719,0.36248,1,1,06:02:2021,12:06:46,628,-3.212972,-60.598056,49.99,lev20,Almucantar,ARM_Manacapuru,261,261.500069,1.5337,1.4985,1.4925,1.4854,0.008315,0.006317,0.006425,0.006064,58.554765,59.301106,3.570308,0.089047,0.48419,4,10,7,5,4,10,6,5,4,10,5,5,3,11,7,4,0.02822,0.04489,0.35719,0.36248,1,1,06:02:2021,12:06:46,628,-3.212972,-60.598056,49.99,lev20,Almucantar,ARM_Manacapuru,261,261.500069,0.9331,0.9339,0.9262,0.9262,58.554765,59.301106,3.570308,0.089047,0.48419,4,10,7,5,4,10,6,5,4,10,5,5,3,11,7,4,0.02822,0.04489,0.35719,0.36248,1,1,06:02:2021,12:06:46,628,-3.212972,-60.598056,49.99,lev20,Almucantar,ARM_Manacapuru,261,261.500069,0.032468,0.017474,0.013898,0.011467,1.260856,58.554765,59.301106,3.570308,0.089047,0.48419,4,10,7,5,4,10,6,5,4,10,5,5,3,11,7,4,0.02822,0.04489,0.35719,0.36248,1,1,06:02:2021,12:06:46,628,-3.212972,-60.598056,49.99,lev20,Almucantar,1.388613753303682,0.40611554517014686,0.7817172588861345,BCL,Unclassified,,Unknown
18:09:2015,12:24:13,ARM_Manacapuru,261,261.516817,0.4647,0.255,0.1853,0.1525,0.3888,0.1668,0.0926,0.0599,0.076,0.0882,0.0927,0.0926,1.348366,52.556794,53.302694,1.810895,0.055472,0.463562,3,10,8,4,3,10,8,4,3,10,8,4,4,10,8,4,0.02693,0.04297,0.343,0.34839,1,1,06:02:2021,12:07:08,628,-3.212972,-60.598056,49.99,lev20,Almucantar,ARM_Manacapuru,261,261.516817,0.463562,0.254008,0.18563,0.15299,1.343219,52.556794,53.302694,1.810895,0.055472,0.463562,3,10,8,4,3,10,8,4,3,10,8,4,4,10,8,4,0.02693,0.04297,0.343,0.34839,1,1,06:02:2021,12:07:08,628,-3.212972,-60.598056,49.99,lev20,Almucantar,ARM_Manacapuru,261,261.516817,1.4922,1.4685,1.46,1.4458,0.010787,0.009234,0.011383,0.010202,52.556794,53.302694,1.810895,0.055472,0.463562,3,10,8,4,3,10,8,4,3,10,8,4,4,10,8,4,0.02693,0.04297,0.343,0.34839,1,1,06:02:2021,12:07:08,628,-3.212972,-60.598056,49.99,lev20,Almucantar,ARM_Manacapuru,261,261.516817,0.9125,0.9044,0.8788,0.8823,52.556794,53.302694,1.810895,0.055472,0.463562,3,10,8,4,3,10,8,4,3,10,8,4,4,10,8,4,0.02693,0.04297,0.343,0.34839,1,1,06:02:2021,12:07:08,628,-3.212972,-60.598056,49.99,lev20,Almucantar,ARM_Manacapuru,261,261.516817,0.040674,0.024385,0.022457,0.017951,0.902186,52.556794,53.302694,1.810895,0.055472,0.463562,3,10,8,4,3,10,8,4,3,10,8,4,4,10,8,4,0.02693,0.04297,0.343,0.34839,1,1,06:02:2021,12:07:08,628,-3.212972,-60.598056,49.99,lev20,Almucantar,1.3486738637507145,0.39110908428647534,0.7528541122617615,BCL,Urban,,Unknown
18:09:2015,19:34:03,ARM_Manacapuru,261,261.815313,0.4034,0.1997,0.1369,0.1077,0.3569,0.148,0.0816,0.0507,0.0465,0.0518,0.0553,0.057,1.584293,55.311455,54.56537,1.990828,0.13354,0.402984,4,10,6,4,4,10,6,4,4,10,6,4,4,10,6,4,0.02767,0.04388,0.34834,0.35104,1,1,06:02:2021,12:08:04,628,-3.212972,-60.598056,49.99,lev20,Almucantar,ARM_Manacapuru,261,261.815313,0.402984,0.197947,0.138569,0.108505,1.569118,55.311455,54.56537,1.990828,0.13354,0.402984,4,10,6,4,4,10,6,4,4,10,6,4,4,10,6,4,0.02767,0.04388,0.34834,0.35104,1,1,06:02:2021,12:08:04,628,-3.212972,-60.598056,49.99,lev20,Almucantar,ARM_Manacapuru,261,261.815313,1.4978,1.5145,1.5225,1.5012,0.009207,0.00768,0.010409,0.011106,55.311455,54.56537,1.990828,0.13354,0.402984,4,10,6,4,4,10,6,4,4,10,6,4,4,10,6,4,0.02767,0.04388,0.34834,0.35104,1,1,06:02:2021,12:08:04,628,-3.212972,-60.598056,49.99,lev20,Almucantar,ARM_Manacapuru,261,261.815313,0.9288,0.9213,0.8838,0.8687,55.311455,54.56537,1.990828,0.13354,0.402984,4,10,6,4,4,10,6,4,4,10,6,4,4,10,6,4,0.02767,0.04388,0.34834,0.35104,1,1,06:02:2021,12:08:04,628,-3.212972,-60.598056,49.99,lev20,Almucantar,ARM_Manacapuru,261,261.815313,0.028703,0.015709,0.015915,0.014148,0.919514,55.311455,54.56537,1.990828,0.13354,0.402984,4,10,6,4,4,10,6,4,4,10,6,4,4,10,6,4,0.02767,0.04388,0.34834,0.35104,1,1,06:02:2021,12:08:04,628,-3.212972,-60.598056,49.99,lev20,Almucantar,1.5852260389326196,0.3294036295516305,0.827031288872059,BCL,Urban,,Unknown
19:09:2015,11:17:11,ARM_Manacapuru,262,262.470266,0.5041,0.2545,0.1815,0.1519,0.4368,0.1789,0.1003,0.0687,0.0673,0.0756,0.0812,0.0832,1.502294,69.116006,69.862468,1.873204,0.027903,0.502589,4,10,7,6,4,10,7,6,4,10,7,6,4,10,7,6,0.03163,0.05004,0.39481,0.39999,1,1,06:02:2021,12:11:51,628,-3.212972,-60.598056,49.99,lev20,Almucantar,ARM_Manacapuru,262,262.470266,0.502589,0.253702,0.181071,0.151635,1.501499,69.116006,69.862468,1.873204,0.027903,0.502589,4,10,7,6,4,10,7,6,4,10,7,6,4,10,7,6,0.03163,0.05004,0.39481,0.39999,1,1,06:02:2021,12:11:51,628,-3.212972,-60.598056,49.99,lev20,Almucantar,ARM_Manacapuru,262,262.470266,1.5217,1.5267,1.5292,1.5284,0.015185,0.013899,0.017664,0.018833,69.116006,69.862468,1.873204,0.027903,0.502589,4,10,7,6,4,10,7,6,4,10,7,6,4,10,7,6,0.03163,0.05004,0.39481,0.39999,1,1,06:02:2021,12:11:51,628,-3.212972,-60.598056,49.99,lev20,Almucantar,ARM_Manacapuru,262,262.470266,0.8898,0.866,0.821,0.8062,69.116006,69.862468,1.873204,0.027903,0.502589,4,10,7,6,4,10,7,6,4,10,7,6,4,10,7,6,0.03163,0.05004,0.39481,0.39999,1,1,06:02:2021,12:11:51,628,-3.212972,-60.598056,49.99,lev20,Almucantar,ARM_Manacapuru,262,262.470266,0.055578,0.034118,0.032483,0.029431,0.8221,69.116006,69.862468,1.873204,0.027903,0.502589,4,10,7,6,4,10,7,6,4,10,7,6,4,10,7,6,0.03163,0.05004,0.39481,0.39999,1,1,06:02:2021,12:11:51,628,-3.212972,-60.598056,49.99,lev20,Almucantar,1.4984469839904464,0.41622381445359946,0.7911371167333051,BCM,Unclassified,,Unknown
19:09:2015,11:59:33,ARM_Manacapuru,262,262.499687,0.4874,0.248,0.1789,0.1487,0.4208,0.173,0.0976,0.0653,0.0666,0.075,0.0813,0.0834,1.475239,58.570471,59.317214,1.442735,0.047579,0.486042,4,10,7,5,4,10,7,5,4,10,7,5,3,11,7,4,0.02821,0.04489,0.35719,0.36252,1,1,06:02:2021,12:11:50,628,-3.212972,-60.598056,49.99,lev20,Almucantar,ARM_Manacapuru,262,262.499687,0.486042,0.24705,0.178559,0.14948,1.474355,58.570471,59.317214,1.442735,0.047579,0.486042,4,10,7,5,4,10,7,5,4,10,7,5,3,11,7,4,0.02821,0.04489,0.35719,0.36252,1,1,06:02:2021,12:11:50,628,-3.212972,-60.598056,49.99,lev20,Almucantar,ARM_Manacapuru,262,262.499687,1.54,1.5401,1.5392,1.5272,0.01655,0.01504,0.02046,0.021825,58.570471,59.317214,1.442735,0.047579,0.486042,4,10,7,5,4,10,7,5,4,10,7,5,3,11,7,4,0.02821,0.04489,0.35719,0.36252,1,1,06:02:2021,12:11:50,628,-3.212972,-60.598056,49.99,lev20,Almucantar,ARM_Manacapuru,262,262.499687,0.8855,0.8614,0.8122,0.7942,58.570471,59.317214,1.442735,0.047579,0.486042,4,10,7,5,4,10,7,5,4,10,7,5,3,11,7,4,0.02821,0.04489,0.35719,0.36252,1,1,06:02:2021,12:11:50,628,-3.212972,-60.598056,49.99,lev20,Almucantar,ARM_Manacapuru,262,262.499687,0.055815,0.034376,0.033601,0.030597,0.782735,58.570471,59.317214,1.442735,0.047579,0.486042,4,10,7,5,4,10,7,5,4,10,7,5,3,11,7,4,0.02821,0.04489,0.35719,0.36252,1,1,06:02:2021,12:11:50,628,-3.212972,-60.598056,49.99,lev20,Almucantar,1.470193596208689,0.4038911201324105,0.788431631477726,BCM,Unclassified,,Unknown
19:09:2015,12:23:41,ARM_Manacapuru,262,262.516447,0.4804,0.2438,0.1751,0.1442,0.4146,0.1698,0.0955,0.0627,0.0658,0.074,0.0796,0.0815,1.485019,52.564698,53.311098,1.697463,0.062222,0.47871,3,10,8,4,3,10,8,4,3,10,8,4,4,10,8,3,0.02693,0.04297,0.34301,0.34841,1,1,06:02:2021,12:11:56,628,-3.212972,-60.598056,49.99,lev20,Almucantar,ARM_Manacapuru,262,262.516447,0.47871,0.242548,0.175413,0.144766,1.478507,52.564698,53.311098,1.697463,0.062222,0.47871,3,10,8,4,3,10,8,4,3,10,8,4,4,10,8,3,0.02693,0.04297,0.34301,0.34841,1,1,06:02:2021,12:11:56,628,-3.212972,-60.598056,49.99,lev20,Almucantar,ARM_Manacapuru,262,262.516447,1.5271,1.5287,1.5314,1.5168,0.015128,0.012508,0.017049,0.018485,52.564698,53.311098,1.697463,0.062222,0.47871,3,10,8,4,3,10,8,4,3,10,8,4,4,10,8,3,0.02693,0.04297,0.34301,0.34841,1,1,06:02:2021,12:11:56,628,-3.212972,-60.598056,49.99,lev20,Almucantar,ARM_Manacapuru,262,262.516447,0.8917,0.8782,0.8281,0.8096,52.564698,53.311098,1.697463,0.062222,0.47871,3,10,8,4,3,10,8,4,3,10,8,4,4,10,8,3,0.02693,0.04297,0.34301,0.34841,1,1,06:02:2021,12:11:56,628,-3.212972,-60.598056,49.99,lev20,Almucantar,ARM_Manacapuru,262,262.516447,0.05204,0.029703,0.030111,0.027459,0.853455,52.564698,53.311098,1.697463,0.062222,0.47871,3,10,8,4,3,10,8,4,3,10,8,4,4,10,8,3,0.02693,0.04297,0.34301,0.34841,1,1,06:02:2021,12:11:56,628,-3.212972,-60.598056,49.99,lev20,Almucantar,1.4804671921202022,0.39756799561928485,0.7888695494999655,BCM,Urban,,Unknown
19:09:2015,19:57:58,ARM_Manacapuru,262,262.831921,0.3825,0.1818,0.1208,0.0979,0.3434,0.1396,0.0752,0.0506,0.0391,0.0423,0.0455,0.0473,1.688196,61.319338,60.572557,5.455664,0.253196,0.38383,3,10,8,5,3,10,8,5,3,10,8,5,3,10,5,5,0.0292,0.0461,0.36428,0.36602,1,1,06:02:2021,12:12:50,628,-3.212972,-60.598056,49.99,lev20,Almucantar,ARM_Manacapuru,262,262.831921,0.38383,0.18111,0.125163,0.09863,1.648315,61.319338,60.572557,5.455664,0.253196,0.38383,3,10,8,5,3,10,8,5,3,10,8,5,3,10,5,5,0.0292,0.0461,0.36428,0.36602,1,1,06:02:2021,12:12:50,628,-3.212972,-60.598056,49.99,lev20,Almucantar,ARM_Manacapuru,262,262.831921,1.4874,1.4884,1.4857,1.4715500000000001,0.0108375,0.009917,0.011362500000000001,0.011211,61.319338,60.572557,5.455664,0.253196,0.38383,3,10,8,5,3,10,8,5,3,10,8,5,3,10,5,5,0.0292,0.0461,0.36428,0.36602,1,1,06:02:2021,12:12:50,628,-3.212972,-60.598056,49.99,lev20,Almucantar,ARM_Manacapuru,262,262.831921,0.92575,0.91445,0.88515,0.8743000000000001,61.319338,60.572557,5.455664,0.253196,0.38383,3,10,8,5,3,10,8,5,3,10,8,5,3,10,5,5,0.0292,0.0461,0.36428,0.36602,1,1,06:02:2021,12:12:50,628,-3.212972,-60.598056,49.99,lev20,Almucantar,ARM_Manacapuru,262,262.831921,0.0495225,0.028158000000000002,0.0253755,0.021417,1.041159,61.319338,60.572557,5.455664,0.253196,0.38383,3,10,8,5,3,10,8,5,3,10,8,5,3,10,5,5,0.0292,0.0461,0.36428,0.36602,1,1,06:02:2021,12:12:50,628,-3.212972,-60.598056,49.99,lev20,Almucantar,1.6907160265893035,0.3081537119706425,0.8422086757179115,BCL,Urban,,Unknown
19:09:2015,21:05:27,ARM_Manacapuru,262,262.878785,0.4547,0.2161,0.1489,0.121,0.4054,0.1627,0.0918,0.0617,0.0493,0.0534,0.0571,0.0593,1.641014,78.103499,77.359327,5.401808,0.09931,0.453145,4,10,7,6,4,10,7,6,4,10,6,6,4,6,6,6,0.0373,0.05793,0.44727,0.44329,1,1,06:02:2021,12:12:49,628,-3.212972,-60.598056,49.99,lev20,Almucantar,ARM_Manacapuru,262,262.878785,0.453145,0.215327,0.149235,0.122075,1.633662,78.103499,77.359327,5.401808,0.09931,0.453145,4,10,7,6,4,10,7,6,4,10,6,6,4,6,6,6,0.0373,0.05793,0.44727,0.44329,1,1,06:02:2021,12:12:49,628,-3.212972,-60.598056,49.99,lev20,Almucantar,ARM_Manacapuru,262,262.878785,1.5879,1.5833,1.6,1.6,0.015839,0.013192,0.013812,0.014238,78.103499,77.359327,5.401808,0.09931,0.453145,4,10,7,6,4,10,7,6,4,10,6,6,4,6,6,6,0.0373,0.05793,0.44727,0.44329,1,1,06:02:2021,12:12:49,628,-3.212972,-60.598056,49.99,lev20,Almucantar,ARM_Manacapuru,262,262.878785,0.9001,0.8847,0.8631,0.8508,78.103499,77.359327,5.401808,0.09931,0.453145,4,10,7,6,4,10,7,6,4,10,6,6,4,6,6,6,0.0373,0.05793,0.44727,0.44329,1,1,06:02:2021,12:12:49,628,-3.212972,-60.598056,49.99,lev20,Almucantar,ARM_Manacapuru,262,262.878785,0.045415,0.024915,0.020375,0.018052,1.194846,78.103499,77.359327,5.401808,0.09931,0.453145,4,10,7,6,4,10,7,6,4,10,6,6,4,6,6,6,0.0373,0.05793,0.44727,0.44329,1,1,06:02:2021,12:12:49,628,-3.212972,-60.598056,49.99,lev20,Almucantar,1.6375717339875158,0.36881735366664314,0.8317399214519581,BCL,Urban,,Unknown
21:09:2015,11:16:13,ARM_Manacapuru,264,264.469595,0.2768,0.14,0.0961,0.0776,0.2456,0.1053,0.0585,0.0388,0.0312,0.0347,0.0376,0.0387,1.549243,69.127405,69.874314,2.075222,0.038416,0.276119,4,10,7,6,4,10,6,5,4,10,5,5,4,10,7,5,0.03164,0.05005,0.39489,0.40004,1,1,06:02:2021,12:48:56,628,-3.212972,-60.598056,49.99,lev20,Almucantar,ARM_Manacapuru,264,264.469595,0.276119,0.139532,0.096297,0.078035,1.543585,69.127405,69.874314,2.075222,0.038416,0.276119,4,10,7,6,4,10,6,5,4,10,5,5,4,10,7,5,0.03164,0.05005,0.39489,0.40004,1,1,06:02:2021,12:48:56,628,-3.212972,-60.598056,49.99,lev20,Almucantar,ARM_Manacapuru,264,264.469595,1.4874,1.4884,1.4857,1.4715500000000001,0.0108375,0.009917,0.011362500000000001,0.011211,69.127405,69.874314,2.075222,0.038416,0.276119,4,10,7,6,4,10,6,5,4,10,5,5,4,10,7,5,0.03164,0.05005,0.39489,0.40004,1,1,06:02:2021,12:48:56,628,-3.212972,-60.598056,49.99,lev20,Almucantar,ARM_Manacapuru,264,264.469595,0.92575,0.91445,0.88515,0.8743000000000001,69.127405,69.874314,2.075222,0.038416,0.276119,4,10,7,6,4,10,6,5,4,10,5,5,4,10,7,5,0.03164,0.05005,0.39489,0.40004,1,1,06:02:2021,12:48:56,628,-3.212972,-60.598056,49.99,lev20,Almucantar,ARM_Manacapuru,264,264.469595,0.0495225,0.028158000000000002,0.0253755,0.021417,1.041159,69.127405,69.874314,2.075222,0.038416,0.276119,4,10,7,6,4,10,6,5,4,10,5,5,4,10,7,5,0.03164,0.05005,0.39489,0.40004,1,1,06:02:2021,12:48:56,628,-3.212972,-60.598056,49.99,lev20,Almucantar,1.5518222425440733,0.22699331200062833,0.8297899257352733,BCL,Urban,,Unknown
21:09:2015,11:58:27,ARM_Manacapuru,264,264.498924,0.2473,0.1263,0.0876,0.0701,0.2195,0.0954,0.0539,0.0356,0.0278,0.031,0.0337,0.0344,1.52064,58.607268,59.354672,2.118553,0.069556,0.246782,4,10,7,5,4,10,7,5,4,10,7,5,3,11,6,4,0.02823,0.04491,0.35734,0.36263,1,1,06:02:2021,12:48:33,628,-3.212972,-60.598056,49.99,lev20,Almucantar,ARM_Manacapuru,264,264.498924,0.246782,0.125557,0.088397,0.070998,1.507069,58.607268,59.354672,2.118553,0.069556,0.246782,4,10,7,5,4,10,7,5,4,10,7,5,3,11,6,4,0.02823,0.04491,0.35734,0.36263,1,1,06:02:2021,12:48:33,628,-3.212972,-60.598056,49.99,lev20,Almucantar,ARM_Manacapuru,264,264.498924,1.4874,1.4884,1.4857,1.4715500000000001,0.0108375,0.009917,0.011362500000000001,0.011211,58.607268,59.354672,2.118553,0.069556,0.246782,4,10,7,5,4,10,7,5,4,10,7,5,3,11,6,4,0.02823,0.04491,0.35734,0.36263,1,1,06:02:2021,12:48:33,628,-3.212972,-60.598056,49.99,lev20,Almucantar,ARM_Manacapuru,264,264.498924,0.92575,0.91445,0.88515,0.8743000000000001,58.607268,59.354672,2.118553,0.069556,0.246782,4,10,7,5,4,10,7,5,4,10,7,5,3,11,6,4,0.02823,0.04491,0.35734,0.36263,1,1,06:02:2021,12:48:33,628,-3.212972,-60.598056,49.99,lev20,Almucantar,ARM_Manacapuru,264,264.498924,0.0495225,0.028158000000000002,0.0253755,0.021417,1.041159,58.607268,59.354672,2.118553,0.069556,0.246782,4,10,7,5,4,10,7,5,4,10,7,5,3,11,6,4,0.02823,0.04491,0.35734,0.36263,1,1,06:02:2021,12:48:33,628,-3.212972,-60.598056,49.99,lev20,Almucantar,1.5223603288187744,0.20356670116726838,0.8314255559357767,BCL,Urban,,Unknown
21:09:2015,12:22:41,ARM_Manacapuru,264,264.515752,0.1986,0.1023,0.071,0.0565,0.1749,0.0753,0.0416,0.0267,0.0238,0.0271,0.0294,0.0298,1.506497,52.570496,53.317734,2.004862,0.122824,0.198219,3,10,8,4,3,10,8,4,3,10,8,4,4,10,8,4,0.02693,0.04297,0.34301,0.34842,1,1,06:02:2021,12:48:41,628,-3.212972,-60.598056,49.99,lev20,Almucantar,ARM_Manacapuru,264,264.515752,0.198219,0.101527,0.073126,0.056264,1.46698,52.570496,53.317734,2.004862,0.122824,0.198219,3,10,8,4,3,10,8,4,3,10,8,4,4,10,8,4,0.02693,0.04297,0.34301,0.34842,1,1,06:02:2021,12:48:41,628,-3.212972,-60.598056,49.99,lev20,Almucantar,ARM_Manacapuru,264,264.515752,1.4874,1.4884,1.4857,1.4715500000000001,0.0108375,0.009917,0.011362500000000001,0.011211,52.570496,53.317734,2.004862,0.122824,0.198219,3,10,8,4,3,10,8,4,3,10,8,4,4,10,8,4,0.02693,0.04297,0.34301,0.34842,1,1,06:02:2021,12:48:41,628,-3.212972,-60.598056,49.99,lev20,Almucantar,ARM_Manacapuru,264,264.515752,0.92575,0.91445,0.88515,0.8743000000000001,52.570496,53.317734,2.004862,0.122824,0.198219,3,10,8,4,3,10,8,4,3,10,8,4,4,10,8,4,0.02693,0.04297,0.34301,0.34842,1,1,06:02:2021,12:48:41,628,-3.212972,-60.598056,49.99,lev20,Almucantar,ARM_Manacapuru,264,264.515752,0.0495225,0.028158000000000002,0.0253755,0.021417,1.041159,52.570496,53.317734,2.004862,0.122824,0.198219,3,10,8,4,3,10,8,4,3,10,8,4,4,10,8,4,0.02693,0.04297,0.34301,0.34842,1,1,06:02:2021,12:48:41,628,-3.212972,-60.598056,49.99,lev20,Almucantar,1.5088528440997273,0.16376148434120336,0.8191426357771362,BCL,Maritime,,Unknown
21:09:2015,20:39:49,ARM_Manacapuru,264,264.860984,0.3394,0.1584,0.1046,0.0807,0.3154,0.1325,0.0766,0.0515,0.0241,0.0259,0.028,0.0292,1.724616,71.861551,71.114845,2.426519,0.039009,0.339652,4,10,6,6,4,10,6,6,4,10,6,6,4,10,6,6,0.03335,0.05216,0.40696,0.40598,1,1,06:02:2021,12:48:33,628,-3.212972,-60.598056,49.99,lev20,Almucantar,ARM_Manacapuru,264,264.860984,0.339652,0.158131,0.105066,0.080106,1.720401,71.861551,71.114845,2.426519,0.039009,0.339652,4,10,6,6,4,10,6,6,4,10,6,6,4,10,6,6,0.03335,0.05216,0.40696,0.40598,1,1,06:02:2021,12:48:33,628,-3.212972,-60.598056,49.99,lev20,Almucantar,ARM_Manacapuru,264,264.860984,1.4874,1.4884,1.4857,1.4715500000000001,0.0108375,0.009917,0.011362500000000001,0.011211,71.861551,71.114845,2.426519,0.039009,0.339652,4,10,6,6,4,10,6,6,4,10,6,6,4,10,6,6,0.03335,0.05216,0.40696,0.40598,1,1,06:02:2021,12:48:33,628,-3.212972,-60.598056,49.99,lev20,Almucantar,ARM_Manacapuru,264,264.860984,0.92575,0.91445,0.88515,0.8743000000000001,71.861551,71.114845,2.426519,0.039009,0.339652,4,10,6,6,4,10,6,6,4,10,6,6,4,10,6,6,0.03335,0.05216,0.40696,0.40598,1,1,06:02:2021,12:48:33,628,-3.212972,-60.598056,49.99,lev20,Almucantar,ARM_Manacapuru,264,264.860984,0.0495225,0.028158000000000002,0.0253755,0.021417,1.041159,71.861551,71.114845,2.426519,0.039009,0.339652,4,10,6,6,4,10,6,6,4,10,6,6,4,10,6,6,0.03335,0.05216,0.40696,0.40598,1,1,06:02:2021,12:48:33,628,-3.212972,-60.598056,49.99,lev20,Almucantar,1.7265716384741443,0.27218061702417434,0.8922749916877091,BCL,Urban,,Unknown
21:09:2015,21:04:34,ARM_Manacapuru,264,264.878171,0.3168,0.1494,0.0992,0.0774,0.2866,0.1158,0.0629,0.0401,0.0303,0.0337,0.0363,0.0373,1.701285,78.013638,77.269103,3.22676,0.01828,0.317063,4,10,7,6,4,10,7,6,4,10,7,6,4,10,7,6,0.03726,0.05782,0.44648,0.44265,1,1,06:02:2021,12:48:39,628,-3.212972,-60.598056,49.99,lev20,Almucantar,ARM_Manacapuru,264,264.878171,0.317063,0.149439,0.099385,0.077042,1.700084,78.013638,77.269103,3.22676,0.01828,0.317063,4,10,7,6,4,10,7,6,4,10,7,6,4,10,7,6,0.03726,0.05782,0.44648,0.44265,1,1,06:02:2021,12:48:39,628,-3.212972,-60.598056,49.99,lev20,Almucantar,ARM_Manacapuru,264,264.878171,1.4874,1.4884,1.4857,1.4715500000000001,0.0108375,0.009917,0.011362500000000001,0.011211,78.013638,77.269103,3.22676,0.01828,0.317063,4,10,7,6,4,10,7,6,4,10,7,6,4,10,7,6,0.03726,0.05782,0.44648,0.44265,1,1,06:02:2021,12:48:39,628,-3.212972,-60.598056,49.99,lev20,Almucantar,ARM_Manacapuru,264,264.878171,0.92575,0.91445,0.88515,0.8743000000000001,78.013638,77.269103,3.22676,0.01828,0.317063,4,10,7,6,4,10,7,6,4,10,7,6,4,10,7,6,0.03726,0.05782,0.44648,0.44265,1,1,06:02:2021,12:48:39,628,-3.212972,-60.598056,49.99,lev20,Almucantar,ARM_Manacapuru,264,264.878171,0.0495225,0.028158000000000002,0.0253755,0.021417,1.041159,78.013638,77.269103,3.22676,0.01828,0.317063,4,10,7,6,4,10,7,6,4,10,7,6,4,10,7,6,0.03726,0.05782,0.44648,0.44265,1,1,06:02:2021,12:48:39,628,-3.212972,-60.598056,49.99,lev20,Almucantar,1.703243599296784,0.25481538132393794,0.8519634785467339,BCL,Urban,,Unknown
22:09:2015,11:15:48,ARM_Manacapuru,265,265.469306,0.2184,0.1107,0.0763,0.062,0.1924,0.0815,0.0444,0.0295,0.026,0.0292,0.0319,0.0325,1.540561,69.118447,69.865521,2.428851,0.050017,0.219005,4,10,7,6,4,10,6,6,4,10,6,6,4,10,7,6,0.03227,0.05066,0.39332,0.39757,1,1,06:02:2021,13:14:10,628,-3.212972,-60.598056,49.99,lev20,Almucantar,ARM_Manacapuru,265,265.469306,0.219005,0.110314,0.076598,0.062287,1.540652,69.118447,69.865521,2.428851,0.050017,0.219005,4,10,7,6,4,10,6,6,4,10,6,6,4,10,7,6,0.03227,0.05066,0.39332,0.39757,1,1,06:02:2021,13:14:10,628,-3.212972,-60.598056,49.99,lev20,Almucantar,ARM_Manacapuru,265,265.469306,1.4874,1.4884,1.4857,1.4715500000000001,0.0108375,0.009917,0.011362500000000001,0.011211,69.118447,69.865521,2.428851,0.050017,0.219005,4,10,7,6,4,10,6,6,4,10,6,6,4,10,7,6,0.03227,0.05066,0.39332,0.39757,1,1,06:02:2021,13:14:10,628,-3.212972,-60.598056,49.99,lev20,Almucantar,ARM_Manacapuru,265,265.469306,0.92575,0.91445,0.88515,0.8743000000000001,69.118447,69.865521,2.428851,0.050017,0.219005,4,10,7,6,4,10,6,6,4,10,6,6,4,10,7,6,0.03227,0.05066,0.39332,0.39757,1,1,06:02:2021,13:14:10,628,-3.212972,-60.598056,49.99,lev20,Almucantar,ARM_Manacapuru,265,265.469306,0.0495225,0.028158000000000002,0.0253755,0.021417,1.041159,69.118447,69.865521,2.428851,0.050017,0.219005,4,10,7,6,4,10,6,6,4,10,6,6,4,10,7,6,0.03227,0.05066,0.39332,0.39757,1,1,06:02:2021,13:14:10,628,-3.212972,-60.598056,49.99,lev20,Almucantar,1.5426533519728476,0.17931170584022565,0.8173113150739415,BCL,Maritime,,Unknown
22:09:2015,11:57:59,ARM_Manacapuru,265,265.4986,0.1865,0.0973,0.0675,0.0546,0.162,0.0694,0.0375,0.0247,0.0244,0.0279,0.03,0.0299,1.487262,58.607773,59.355436,3.405345,0.095698,0.186609,4,10,7,5,4,10,7,5,4,10,7,5,3,8,6,4,0.02869,0.04529,0.3556,0.35995,1,1,06:02:2021,13:13:54,628,-3.212972,-60.598056,49.99,lev20,Almucantar,ARM_Manacapuru,265,265.4986,0.186609,0.096082,0.068608,0.0553,1.470122,58.607773,59.355436,3.405345,0.095698,0.186609,4,10,7,5,4,10,7,5,4,10,7,5,3,8,6,4,0.02869,0.04529,0.3556,0.35995,1,1,06:02:2021,13:13:54,628,-3.212972,-60.598056,49.99,lev20,Almucantar,ARM_Manacapuru,265,265.4986,1.4874,1.4884,1.4857,1.4715500000000001,0.0108375,0.009917,0.011362500000000001,0.011211,58.607773,59.355436,3.405345,0.095698,0.186609,4,10,7,5,4,10,7,5,4,10,7,5,3,8,6,4,0.02869,0.04529,0.3556,0.35995,1,1,06:02:2021,13:13:54,628,-3.212972,-60.598056,49.99,lev20,Almucantar,ARM_Manacapuru,265,265.4986,0.92575,0.91445,0.88515,0.8743000000000001,58.607773,59.355436,3.405345,0.095698,0.186609,4,10,7,5,4,10,7,5,4,10,7,5,3,8,6,4,0.02869,0.04529,0.3556,0.35995,1,1,06:02:2021,13:13:54,628,-3.212972,-60.598056,49.99,lev20,Almucantar,ARM_Manacapuru,265,265.4986,0.0495225,0.028158000000000002,0.0253755,0.021417,1.041159,58.607773,59.355436,3.405345,0.095698,0.186609,4,10,7,5,4,10,7,5,4,10,7,5,3,8,6,4,0.02869,0.04529,0.3556,0.35995,1,1,06:02:2021,13:13:54,628,-3.212972,-60.598056,49.99,lev20,Almucantar,1.4907966616138852,0.15413944436394844,0.7983795007362549,BCL,Maritime,,Unknown
22:09:2015,12:22:09,ARM_Manacapuru,265,265.515382,0.1931,0.1038,0.0741,0.0601,0.1657,0.0726,0.0405,0.0263,0.0275,0.0312,0.0336,0.0338,1.403535,52.585177,53.332754,2.462201,0.105773,0.192887,3,10,8,4,3,10,8,4,3,10,8,3,4,10,7,3,0.02733,0.04325,0.34114,0.3457,1,1,06:02:2021,13:14:16,628,-3.212972,-60.598056,49.99,lev20,Almucantar,ARM_Manacapuru,265,265.515382,0.192887,0.103133,0.075884,0.060293,1.372437,52.585177,53.332754,2.462201,0.105773,0.192887,3,10,8,4,3,10,8,4,3,10,8,3,4,10,7,3,0.02733,0.04325,0.34114,0.3457,1,1,06:02:2021,13:14:16,628,-3.212972,-60.598056,49.99,lev20,Almucantar,ARM_Manacapuru,265,265.515382,1.4874,1.4884,1.4857,1.4715500000000001,0.0108375,0.009917,0.011362500000000001,0.011211,52.585177,53.332754,2.462201,0.105773,0.192887,3,10,8,4,3,10,8,4,3,10,8,3,4,10,7,3,0.02733,0.04325,0.34114,0.3457,1,1,06:02:2021,13:14:16,628,-3.212972,-60.598056,49.99,lev20,Almucantar,ARM_Manacapuru,265,265.515382,0.92575,0.91445,0.88515,0.8743000000000001,52.585177,53.332754,2.462201,0.105773,0.192887,3,10,8,4,3,10,8,4,3,10,8,3,4,10,7,3,0.02733,0.04325,0.34114,0.3457,1,1,06:02:2021,13:14:16,628,-3.212972,-60.598056,49.99,lev20,Almucantar,ARM_Manacapuru,265,265.515382,0.0495225,0.028158000000000002,0.0253755,0.021417,1.041159,52.585177,53.332754,2.462201,0.105773,0.192887,3,10,8,4,3,10,8,4,3,10,8,3,4,10,7,3,0.02733,0.04325,0.34114,0.3457,1,1,06:02:2021,13:14:16,628,-3.212972,-60.598056,49.99,lev20,Almucantar,1.4049680015686914,0.1613549171246014,0.7878563553574838,BCL,Maritime,,Unknown
22:09:2015,21:04:30,ARM_Manacapuru,265,265.878125,0.556,0.2682,0.1788,0.1401,0.5063,0.215,0.1211,0.0794,0.0497,0.0532,0.0577,0.0607,1.660917,78.062014,77.317412,4.628838,0.028357,0.555077,4,10,7,6,4,10,6,6,4,8,4,5,4,6,5,6,0.03825,0.05894,0.44587,0.44083,1,1,06:02:2021,13:15:12,628,-3.212972,-60.598056,49.99,lev20,Almucantar,ARM_Manacapuru,265,265.878125,0.555077,0.268391,0.178803,0.139652,1.658138,78.062014,77.317412,4.628838,0.028357,0.555077,4,10,7,6,4,10,6,6,4,8,4,5,4,6,5,6,0.03825,0.05894,0.44587,0.44083,1,1,06:02:2021,13:15:12,628,-3.212972,-60.598056,49.99,lev20,Almucantar,ARM_Manacapuru,265,265.878125,1.4873,1.477,1.4659,1.4446,0.015779,0.014943,0.016249,0.016145,78.062014,77.317412,4.628838,0.028357,0.555077,4,10,7,6,4,10,6,6,4,8,4,5,4,6,5,6,0.03825,0.05894,0.44587,0.44083,1,1,06:02:2021,13:15:12,628,-3.212972,-60.598056,49.99,lev20,Almucantar,ARM_Manacapuru,265,265.878125,0.8905,0.8642,0.8311,0.8184,78.062014,77.317412,4.628838,0.028357,0.555077,4,10,7,6,4,10,6,6,4,8,4,5,4,6,5,6,0.03825,0.05894,0.44587,0.44083,1,1,06:02:2021,13:15:12,628,-3.212972,-60.598056,49.99,lev20,Almucantar,ARM_Manacapuru,265,265.878125,0.06088,0.036418,0.03019,0.025447,1.042678,78.062014,77.317412,4.628838,0.028357,0.555077,4,10,7,6,4,10,6,6,4,8,4,5,4,6,5,6,0.03825,0.05894,0.44587,0.44083,1,1,06:02:2021,13:15:12,628,-3.212972,-60.598056,49.99,lev20,Almucantar,1.664177306194029,0.4494528249774824,0.8680770495019805,BCM,Unclassified,,Unknown
23:09:2015,10:55:48,ARM_Manacapuru,266,266.455417,0.2653,0.1401,0.0995,0.0819,0.228,0.098,0.0537,0.0355,0.0372,0.0421,0.0458,0.0465,1.437839,73.9866,74.732883,2.100616,0.017679,0.265288,4,10,7,6,4,10,7,6,4,10,7,6,4,10,7,6,0.03476,0.05441,0.4195,0.42361,1,1,06:02:2021,13:08:51,628,-3.212972,-60.598056,49.99,lev20,Almucantar,ARM_Manacapuru,266,266.455417,0.265288,0.139953,0.099524,0.082152,1.43771,73.9866,74.732883,2.100616,0.017679,0.265288,4,10,7,6,4,10,7,6,4,10,7,6,4,10,7,6,0.03476,0.05441,0.4195,0.42361,1,1,06:02:2021,13:08:51,628,-3.212972,-60.598056,49.99,lev20,Almucantar,ARM_Manacapuru,266,266.455417,1.4874,1.4884,1.4857,1.4715500000000001,0.0108375,0.009917,0.011362500000000001,0.011211,73.9866,74.732883,2.100616,0.017679,0.265288,4,10,7,6,4,10,7,6,4,10,7,6,4,10,7,6,0.03476,0.05441,0.4195,0.42361,1,1,06:02:2021,13:08:51,628,-3.212972,-60.598056,49.99,lev20,Almucantar,ARM_Manacapuru,266,266.455417,0.92575,0.91445,0.88515,0.8743000000000001,73.9866,74.732883,2.100616,0.017679,0.265288,4,10,7,6,4,10,7,6,4,10,7,6,4,10,7,6,0.03476,0.05441,0.4195,0.42361,1,1,06:02:2021,13:08:51,628,-3.212972,-60.598056,49.99,lev20,Almucantar,ARM_Manacapuru,266,266.455417,0.0495225,0.028158000000000002,0.0253755,0.021417,1.041159,73.9866,74.732883,2.100616,0.017679,0.265288,4,10,7,6,4,10,7,6,4,10,7,6,4,10,7,6,0.03476,0.05441,0.4195,0.42361,1,1,06:02:2021,13:08:51,628,-3.212972,-60.598056,49.99,lev20,Almucantar,1.438575656868783,0.22073508779706205,0.7875642776540112,BCL,Urban,,Unknown
23:09:2015,11:15:24,ARM_Manacapuru,266,266.469028,0.2495,0.1329,0.0943,0.0776,0.2146,0.0933,0.0513,0.0341,0.035,0.0396,0.043,0.0434,1.425606,69.106747,69.853949,3.063492,0.048756,0.249373,4,10,7,6,4,10,7,5,4,10,7,6,4,10,7,6,0.03227,0.05066,0.39326,0.39751,1,1,06:02:2021,13:08:49,628,-3.212972,-60.598056,49.99,lev20,Almucantar,ARM_Manacapuru,266,266.469028,0.249373,0.132321,0.094552,0.078144,1.422436,69.106747,69.853949,3.063492,0.048756,0.249373,4,10,7,6,4,10,7,5,4,10,7,6,4,10,7,6,0.03227,0.05066,0.39326,0.39751,1,1,06:02:2021,13:08:49,628,-3.212972,-60.598056,49.99,lev20,Almucantar,ARM_Manacapuru,266,266.469028,1.4874,1.4884,1.4857,1.4715500000000001,0.0108375,0.009917,0.011362500000000001,0.011211,69.106747,69.853949,3.063492,0.048756,0.249373,4,10,7,6,4,10,7,5,4,10,7,6,4,10,7,6,0.03227,0.05066,0.39326,0.39751,1,1,06:02:2021,13:08:49,628,-3.212972,-60.598056,49.99,lev20,Almucantar,ARM_Manacapuru,266,266.469028,0.92575,0.91445,0.88515,0.8743000000000001,69.106747,69.853949,3.063492,0.048756,0.249373,4,10,7,6,4,10,7,5,4,10,7,6,4,10,7,6,0.03227,0.05066,0.39326,0.39751,1,1,06:02:2021,13:08:49,628,-3.212972,-60.598056,49.99,lev20,Almucantar,ARM_Manacapuru,266,266.469028,0.0495225,0.028158000000000002,0.0253755,0.021417,1.041159,69.106747,69.853949,3.063492,0.048756,0.249373,4,10,7,6,4,10,7,5,4,10,7,6,4,10,7,6,0.03227,0.05066,0.39326,0.39751,1,1,06:02:2021,13:08:49,628,-3.212972,-60.598056,49.99,lev20,Almucantar,1.4272426923094117,0.20789011978870417,0.788842084463374,BCL,Urban,,Unknown
23:09:2015,11:57:34,ARM_Manacapuru,266,266.49831,0.2349,0.1253,0.0888,0.0721,0.2022,0.0884,0.0485,0.0313,0.0328,0.0369,0.0403,0.0409,1.424985,58.597838,59.345714,2.094189,0.079464,0.235154,4,10,7,5,4,10,7,4,4,10,7,5,3,11,7,5,0.02868,0.04527,0.35547,0.35993,1,1,06:02:2021,13:09:01,628,-3.212972,-60.598056,49.99,lev20,Almucantar,ARM_Manacapuru,266,266.49831,0.235154,0.124469,0.089765,0.072713,1.414257,58.597838,59.345714,2.094189,0.079464,0.235154,4,10,7,5,4,10,7,4,4,10,7,5,3,11,7,5,0.02868,0.04527,0.35547,0.35993,1,1,06:02:2021,13:09:01,628,-3.212972,-60.598056,49.99,lev20,Almucantar,ARM_Manacapuru,266,266.49831,1.4874,1.4884,1.4857,1.4715500000000001,0.0108375,0.009917,0.011362500000000001,0.011211,58.597838,59.345714,2.094189,0.079464,0.235154,4,10,7,5,4,10,7,4,4,10,7,5,3,11,7,5,0.02868,0.04527,0.35547,0.35993,1,1,06:02:2021,13:09:01,628,-3.212972,-60.598056,49.99,lev20,Almucantar,ARM_Manacapuru,266,266.49831,0.92575,0.91445,0.88515,0.8743000000000001,58.597838,59.345714,2.094189,0.079464,0.235154,4,10,7,5,4,10,7,4,4,10,7,5,3,11,7,5,0.02868,0.04527,0.35547,0.35993,1,1,06:02:2021,13:09:01,628,-3.212972,-60.598056,49.99,lev20,Almucantar,ARM_Manacapuru,266,266.49831,0.0495225,0.028158000000000002,0.0253755,0.021417,1.041159,58.597838,59.345714,2.094189,0.079464,0.235154,4,10,7,5,4,10,7,4,4,10,7,5,3,11,7,5,0.02868,0.04527,0.35547,0.35993,1,1,06:02:2021,13:09:01,628,-3.212972,-60.598056,49.99,lev20,Almucantar,1.426942738750872,0.19573251160475502,0.7931334948136961,BCL,Maritime,,Unknown
23:09:2015,12:21:41,ARM_Manacapuru,266,266.515058,0.2299,0.1249,0.0887,0.0721,0.1963,0.0867,0.0475,0.0305,0.0335,0.0382,0.0413,0.0416,1.393828,52.585689,53.333549,2.204515,0.12994,0.229699,3,10,8,4,3,10,8,4,3,10,8,4,4,10,7,3,0.02733,0.04325,0.34113,0.3457,1,1,06:02:2021,13:09:11,628,-3.212972,-60.598056,49.99,lev20,Almucantar,ARM_Manacapuru,266,266.515058,0.229699,0.124113,0.090982,0.072194,1.360961,52.585689,53.333549,2.204515,0.12994,0.229699,3,10,8,4,3,10,8,4,3,10,8,4,4,10,7,3,0.02733,0.04325,0.34113,0.3457,1,1,06:02:2021,13:09:11,628,-3.212972,-60.598056,49.99,lev20,Almucantar,ARM_Manacapuru,266,266.515058,1.4874,1.4884,1.4857,1.4715500000000001,0.0108375,0.009917,0.011362500000000001,0.011211,52.585689,53.333549,2.204515,0.12994,0.229699,3,10,8,4,3,10,8,4,3,10,8,4,4,10,7,3,0.02733,0.04325,0.34113,0.3457,1,1,06:02:2021,13:09:11,628,-3.212972,-60.598056,49.99,lev20,Almucantar,ARM_Manacapuru,266,266.515058,0.92575,0.91445,0.88515,0.8743000000000001,52.585689,53.333549,2.204515,0.12994,0.229699,3,10,8,4,3,10,8,4,3,10,8,4,4,10,7,3,0.02733,0.04325,0.34113,0.3457,1,1,06:02:2021,13:09:11,628,-3.212972,-60.598056,49.99,lev20,Almucantar,ARM_Manacapuru,266,266.515058,0.0495225,0.028158000000000002,0.0253755,0.021417,1.041159,52.585689,53.333549,2.204515,0.12994,0.229699,3,10,8,4,3,10,8,4,3,10,8,4,4,10,7,3,0.02733,0.04325,0.34113,0.3457,1,1,06:02:2021,13:09:11,628,-3.212972,-60.598056,49.99,lev20,Almucantar,1.3970349400485578,0.19230001782061193,0.7840064780241254,BCL,Maritime,,Unknown
23:09:2015,19:57:02,ARM_Manacapuru,266,266.831273,0.51,0.2491,0.1686,0.1327,0.4529,0.1848,0.099,0.0612,0.0571,0.0643,0.0696,0.0715,1.621805,61.331383,60.583594,1.573847,0.066543,0.509257,3,10,8,5,3,10,8,4,3,10,7,5,3,10,5,5,0.02971,0.04654,0.36258,0.3634,1,1,06:02:2021,13:10:52,628,-3.212972,-60.598056,49.99,lev20,Almucantar,ARM_Manacapuru,266,266.831273,0.509257,0.248853,0.1695,0.132246,1.612855,61.331383,60.583594,1.573847,0.066543,0.509257,3,10,8,5,3,10,8,4,3,10,7,5,3,10,5,5,0.02971,0.04654,0.36258,0.3634,1,1,06:02:2021,13:10:52,628,-3.212972,-60.598056,49.99,lev20,Almucantar,ARM_Manacapuru,266,266.831273,1.5385,1.5267,1.5153,1.4899,0.014325,0.012497,0.015636,0.014638,61.331383,60.583594,1.573847,0.066543,0.509257,3,10,8,5,3,10,8,4,3,10,7,5,3,10,5,5,0.02971,0.04654,0.36258,0.3634,1,1,06:02:2021,13:10:52,628,-3.212972,-60.598056,49.99,lev20,Almucantar,ARM_Manacapuru,266,266.831273,0.9073,0.8925,0.8497,0.8487,61.331383,60.583594,1.573847,0.066543,0.509257,3,10,8,5,3,10,8,4,3,10,7,5,3,10,5,5,0.02971,0.04654,0.36258,0.3634,1,1,06:02:2021,13:10:52,628,-3.212972,-60.598056,49.99,lev20,Almucantar,ARM_Manacapuru,266,266.831273,0.047284,0.026777,0.025351,0.020078,0.954745,61.331383,60.583594,1.573847,0.066543,0.509257,3,10,8,5,3,10,8,4,3,10,7,5,3,10,5,5,0.02971,0.04654,0.36258,0.3634,1,1,06:02:2021,13:10:52,628,-3.212972,-60.598056,49.99,lev20,Almucantar,1.6236638802287136,0.41440853953125245,0.8289684646044647,BCL,Unclassified,,Unknown
23:09:2015,20:39:11,ARM_Manacapuru,266,266.860544,0.4835,0.2364,0.1604,0.1259,0.4321,0.178,0.097,0.0611,0.0514,0.0583,0.0633,0.0648,1.616985,71.832625,71.085673,1.852733,0.02363,0.482535,4,10,7,6,4,10,7,6,4,10,7,6,4,10,7,6,0.03408,0.05288,0.40534,0.40343,1,1,06:02:2021,13:11:07,628,-3.212972,-60.598056,49.99,lev20,Almucantar,ARM_Manacapuru,266,266.860544,0.482535,0.236268,0.160446,0.125606,1.613651,71.832625,71.085673,1.852733,0.02363,0.482535,4,10,7,6,4,10,7,6,4,10,7,6,4,10,7,6,0.03408,0.05288,0.40534,0.40343,1,1,06:02:2021,13:11:07,628,-3.212972,-60.598056,49.99,lev20,Almucantar,ARM_Manacapuru,266,266.860544,1.5595,1.5403,1.5297,1.5047,0.016534,0.012047,0.014737,0.014548,71.832625,71.085673,1.852733,0.02363,0.482535,4,10,7,6,4,10,7,6,4,10,7,6,4,10,7,6,0.03408,0.05288,0.40534,0.40343,1,1,06:02:2021,13:11:07,628,-3.212972,-60.598056,49.99,lev20,Almucantar,ARM_Manacapuru,266,266.860544,0.8979,0.8993,0.864,0.8552,71.832625,71.085673,1.852733,0.02363,0.482535,4,10,7,6,4,10,7,6,4,10,7,6,4,10,7,6,0.03408,0.05288,0.40534,0.40343,1,1,06:02:2021,13:11:07,628,-3.212972,-60.598056,49.99,lev20,Almucantar,ARM_Manacapuru,266,266.860544,0.049369,0.023798,0.021814,0.018237,1.247139,71.832625,71.085673,1.852733,0.02363,0.482535,4,10,7,6,4,10,7,6,4,10,7,6,4,10,7,6,0.03408,0.05288,0.40534,0.40343,1,1,06:02:2021,13:11:07,628,-3.212972,-60.598056,49.99,lev20,Almucantar,1.6185282402716488,0.39313355669491845,0.8357985618329289,BCM,Urban,,Unknown
23:09:2015,21:03:53,ARM_Manacapuru,266,266.877697,0.5009,0.2387,0.1585,0.1236,0.4539,0.1856,0.102,0.0655,0.047,0.0531,0.0566,0.0581,1.685011,77.974001,77.22928,4.441325,0.066207,0.499,4,10,7,6,4,10,7,6,4,10,7,6,4,10,7,6,0.03811,0.05873,0.44493,0.4402,1,1,06:02:2021,13:10:44,628,-3.212972,-60.598056,49.99,lev20,Almucantar,ARM_Manacapuru,266,266.877697,0.499,0.23879,0.158608,0.123848,1.678124,77.974001,77.22928,4.441325,0.066207,0.499,4,10,7,6,4,10,7,6,4,10,7,6,4,10,7,6,0.03811,0.05873,0.44493,0.4402,1,1,06:02:2021,13:10:44,628,-3.212972,-60.598056,49.99,lev20,Almucantar,ARM_Manacapuru,266,266.877697,1.4817,1.4827,1.4907,1.4811,0.018314,0.012086,0.011446,0.011239,77.974001,77.22928,4.441325,0.066207,0.499,4,10,7,6,4,10,7,6,4,10,7,6,4,10,7,6,0.03811,0.05873,0.44493,0.4402,1,1,06:02:2021,13:10:44,628,-3.212972,-60.598056,49.99,lev20,Almucantar,ARM_Manacapuru,266,266.877697,0.8874,0.8944,0.8838,0.8764,77.974001,77.22928,4.441325,0.066207,0.499,4,10,7,6,4,10,7,6,4,10,7,6,4,10,7,6,0.03811,0.05873,0.44493,0.4402,1,1,06:02:2021,13:10:44,628,-3.212972,-60.598056,49.99,lev20,Almucantar,ARM_Manacapuru,266,266.877697,0.056422,0.025209,0.018422,0.015278,1.660349,77.974001,77.22928,4.441325,0.066207,0.499,4,10,7,6,4,10,7,6,4,10,7,6,4,10,7,6,0.03811,0.05873,0.44493,0.4402,1,1,06:02:2021,13:10:44,628,-3.212972,-60.598056,49.99,lev20,Almucantar,1.687869571985112,0.4036872410406379,0.853524102000324,BCM,Unclassified,,Unknown
24:09:2015,10:54:54,ARM_Manacapuru,267,267.454792,0.2787,0.1491,0.1074,0.0902,0.2372,0.1028,0.0569,0.0382,0.0415,0.0463,0.0505,0.052,1.399239,74.101303,74.847604,2.307089,0.023919,0.278649,4,10,7,6,4,10,7,6,4,10,7,5,4,10,7,5,0.03476,0.05444,0.42016,0.42432,1,1,06:02:2021,13:43:08,628,-3.212972,-60.598056,49.99,lev20,Almucantar,ARM_Manacapuru,267,267.454792,0.278649,0.148861,0.107525,0.089827,1.397842,74.101303,74.847604,2.307089,0.023919,0.278649,4,10,7,6,4,10,7,6,4,10,7,5,4,10,7,5,0.03476,0.05444,0.42016,0.42432,1,1,06:02:2021,13:43:08,628,-3.212972,-60.598056,49.99,lev20,Almucantar,ARM_Manacapuru,267,267.454792,1.4874,1.4884,1.4857,1.4715500000000001,0.0108375,0.009917,0.011362500000000001,0.011211,74.101303,74.847604,2.307089,0.023919,0.278649,4,10,7,6,4,10,7,6,4,10,7,5,4,10,7,5,0.03476,0.05444,0.42016,0.42432,1,1,06:02:2021,13:43:08,628,-3.212972,-60.598056,49.99,lev20,Almucantar,ARM_Manacapuru,267,267.454792,0.92575,0.91445,0.88515,0.8743000000000001,74.101303,74.847604,2.307089,0.023919,0.278649,4,10,7,6,4,10,7,6,4,10,7,5,4,10,7,5,0.03476,0.05444,0.42016,0.42432,1,1,06:02:2021,13:43:08,628,-3.212972,-60.598056,49.99,lev20,Almucantar,ARM_Manacapuru,267,267.454792,0.0495225,0.028158000000000002,0.0253755,0.021417,1.041159,74.101303,74.847604,2.307089,0.023919,0.278649,4,10,7,6,4,10,7,6,4,10,7,5,4,10,7,5,0.03476,0.05444,0.42016,0.42432,1,1,06:02:2021,13:43:08,628,-3.212972,-60.598056,49.99,lev20,Almucantar,1.3987823034928641,0.2330667461309538,0.7784241694288683,BCL,Urban,,Unknown
24:09:2015,11:14:55,ARM_Manacapuru,267,267.468692,0.28,0.1486,0.107,0.0894,0.2381,0.1018,0.0558,0.037,0.042,0.0468,0.0511,0.0524,1.412173,69.117309,69.864596,1.833903,0.02348,0.27961,4,10,7,6,4,10,7,6,2,9,7,6,2,10,7,6,0.03227,0.05066,0.39325,0.39756,1,1,06:02:2021,13:43:27,628,-3.212972,-60.598056,49.99,lev20,Almucantar,ARM_Manacapuru,267,267.468692,0.27961,0.148322,0.107032,0.089391,1.410093,69.117309,69.864596,1.833903,0.02348,0.27961,4,10,7,6,4,10,7,6,2,9,7,6,2,10,7,6,0.03227,0.05066,0.39325,0.39756,1,1,06:02:2021,13:43:27,628,-3.212972,-60.598056,49.99,lev20,Almucantar,ARM_Manacapuru,267,267.468692,1.4874,1.4884,1.4857,1.4715500000000001,0.0108375,0.009917,0.011362500000000001,0.011211,69.117309,69.864596,1.833903,0.02348,0.27961,4,10,7,6,4,10,7,6,2,9,7,6,2,10,7,6,0.03227,0.05066,0.39325,0.39756,1,1,06:02:2021,13:43:27,628,-3.212972,-60.598056,49.99,lev20,Almucantar,ARM_Manacapuru,267,267.468692,0.92575,0.91445,0.88515,0.8743000000000001,69.117309,69.864596,1.833903,0.02348,0.27961,4,10,7,6,4,10,7,6,2,9,7,6,2,10,7,6,0.03227,0.05066,0.39325,0.39756,1,1,06:02:2021,13:43:27,628,-3.212972,-60.598056,49.99,lev20,Almucantar,ARM_Manacapuru,267,267.468692,0.0495225,0.028158000000000002,0.0253755,0.021417,1.041159,69.117309,69.864596,1.833903,0.02348,0.27961,4,10,7,6,4,10,7,6,2,9,7,6,2,10,7,6,0.03227,0.05066,0.39325,0.39756,1,1,06:02:2021,13:43:27,628,-3.212972,-60.598056,49.99,lev20,Almucantar,1.4110821259004207,0.23378601181379344,0.7759837945007739,BCL,Urban,,Unknown
24:09:2015,11:57:05,ARM_Manacapuru,267,267.497975,0.2874,0.1542,0.1122,0.0938,0.2427,0.1039,0.0573,0.0375,0.0446,0.0503,0.0548,0.0563,1.381597,58.606637,59.354678,1.896945,0.05679,0.286926,4,10,7,5,4,10,7,5,4,10,7,5,3,11,7,5,0.02869,0.04529,0.35559,0.35995,1,1,06:02:2021,13:43:15,628,-3.212972,-60.598056,49.99,lev20,Almucantar,ARM_Manacapuru,267,267.497975,0.286926,0.154008,0.112982,0.092844,1.370291,58.606637,59.354678,1.896945,0.05679,0.286926,4,10,7,5,4,10,7,5,4,10,7,5,3,11,7,5,0.02869,0.04529,0.35559,0.35995,1,1,06:02:2021,13:43:15,628,-3.212972,-60.598056,49.99,lev20,Almucantar,ARM_Manacapuru,267,267.497975,1.4874,1.4884,1.4857,1.4715500000000001,0.0108375,0.009917,0.011362500000000001,0.011211,58.606637,59.354678,1.896945,0.05679,0.286926,4,10,7,5,4,10,7,5,4,10,7,5,3,11,7,5,0.02869,0.04529,0.35559,0.35995,1,1,06:02:2021,13:43:15,628,-3.212972,-60.598056,49.99,lev20,Almucantar,ARM_Manacapuru,267,267.497975,0.92575,0.91445,0.88515,0.8743000000000001,58.606637,59.354678,1.896945,0.05679,0.286926,4,10,7,5,4,10,7,5,4,10,7,5,3,11,7,5,0.02869,0.04529,0.35559,0.35995,1,1,06:02:2021,13:43:15,628,-3.212972,-60.598056,49.99,lev20,Almucantar,ARM_Manacapuru,267,267.497975,0.0495225,0.028158000000000002,0.0253755,0.021417,1.041159,58.606637,59.354678,1.896945,0.05679,0.286926,4,10,7,5,4,10,7,5,4,10,7,5,3,11,7,5,0.02869,0.04529,0.35559,0.35995,1,1,06:02:2021,13:43:15,628,-3.212972,-60.598056,49.99,lev20,Almucantar,1.3797366532024344,0.2409281088519167,0.7681953704221698,BCL,Urban,,Unknown
24:09:2015,12:21:12,ARM_Manacapuru,267,267.514722,0.2692,0.1522,0.1161,0.0965,0.2242,0.1005,0.0606,0.0405,0.045,0.0517,0.0555,0.056,1.238715,52.592886,53.340974,2.540608,0.082911,0.26865,3,10,8,4,3,10,8,4,3,10,8,4,4,10,7,3,0.02733,0.04325,0.34114,0.34572,1,1,06:02:2021,13:43:36,628,-3.212972,-60.598056,49.99,lev20,Almucantar,ARM_Manacapuru,267,267.514722,0.26865,0.151565,0.116587,0.098102,1.231126,52.592886,53.340974,2.540608,0.082911,0.26865,3,10,8,4,3,10,8,4,3,10,8,4,4,10,7,3,0.02733,0.04325,0.34114,0.34572,1,1,06:02:2021,13:43:36,628,-3.212972,-60.598056,49.99,lev20,Almucantar,ARM_Manacapuru,267,267.514722,1.4874,1.4884,1.4857,1.4715500000000001,0.0108375,0.009917,0.011362500000000001,0.011211,52.592886,53.340974,2.540608,0.082911,0.26865,3,10,8,4,3,10,8,4,3,10,8,4,4,10,7,3,0.02733,0.04325,0.34114,0.34572,1,1,06:02:2021,13:43:36,628,-3.212972,-60.598056,49.99,lev20,Almucantar,ARM_Manacapuru,267,267.514722,0.92575,0.91445,0.88515,0.8743000000000001,52.592886,53.340974,2.540608,0.082911,0.26865,3,10,8,4,3,10,8,4,3,10,8,4,4,10,7,3,0.02733,0.04325,0.34114,0.34572,1,1,06:02:2021,13:43:36,628,-3.212972,-60.598056,49.99,lev20,Almucantar,ARM_Manacapuru,267,267.514722,0.0495225,0.028158000000000002,0.0253755,0.021417,1.041159,52.592886,53.340974,2.540608,0.082911,0.26865,3,10,8,4,3,10,8,4,3,10,8,4,4,10,7,3,0.02733,0.04325,0.34114,0.34572,1,1,06:02:2021,13:43:36,628,-3.212972,-60.598056,49.99,lev20,Almucantar,1.233651027362142,0.22992492156971617,0.7536066667606763,BCL,Urban,,Unknown
27:09:2015,12:19:52,ARM_Manacapuru,270,270.513796,0.4588,0.2428,0.1664,0.1316,0.4003,0.1757,0.0943,0.0586,0.0585,0.0671,0.0722,0.0731,1.480971,52.601449,53.349895,2.335276,0.073093,0.457543,3,10,8,4,3,10,8,4,3,10,8,3,4,6,8,4,0.02733,0.04325,0.34114,0.34573,1,1,06:02:2021,13:39:32,628,-3.212972,-60.598056,49.99,lev20,Almucantar,ARM_Manacapuru,270,270.513796,0.457543,0.242111,0.167464,0.131559,1.469119,52.601449,53.349895,2.335276,0.073093,0.457543,3,10,8,4,3,10,8,4,3,10,8,3,4,6,8,4,0.02733,0.04325,0.34114,0.34573,1,1,06:02:2021,13:39:32,628,-3.212972,-60.598056,49.99,lev20,Almucantar,ARM_Manacapuru,270,270.513796,1.5011,1.4954,1.4804,1.4566,0.017706,0.014579,0.015546,0.014021,52.601449,53.349895,2.335276,0.073093,0.457543,3,10,8,4,3,10,8,4,3,10,8,3,4,6,8,4,0.02733,0.04325,0.34114,0.34573,1,1,06:02:2021,13:39:32,628,-3.212972,-60.598056,49.99,lev20,Almucantar,ARM_Manacapuru,270,270.513796,0.8844,0.8763,0.8512,0.8556,52.601449,53.349895,2.335276,0.073093,0.457543,3,10,8,4,3,10,8,4,3,10,8,3,4,6,8,4,0.02733,0.04325,0.34114,0.34573,1,1,06:02:2021,13:39:32,628,-3.212972,-60.598056,49.99,lev20,Almucantar,ARM_Manacapuru,270,270.513796,0.053052,0.030021,0.02477,0.019004,1.135096,52.601449,53.349895,2.335276,0.073093,0.457543,3,10,8,4,3,10,8,4,3,10,8,3,4,6,8,4,0.02733,0.04325,0.34114,0.34573,1,1,06:02:2021,13:39:32,628,-3.212972,-60.598056,49.99,lev20,Almucantar,1.4877399976331738,0.3793394935326862,0.8108774665718875,BCM,Urban,,Unknown
27:09:2015,19:31:45,ARM_Manacapuru,270,270.813715,0.6463,0.3163,0.2054,0.1541,0.6076,0.2743,0.1596,0.1059,0.0388,0.042,0.0458,0.0482,1.672669,55.284894,54.536567,3.943129,0.10089,0.646229,4,10,8,4,4,9,8,3,4,9,7,3,4,8,4,4,0.02809,0.04419,0.34636,0.34824,1,1,06:02:2021,13:40:33,628,-3.212972,-60.598056,49.99,lev20,Almucantar,ARM_Manacapuru,270,270.813715,0.646229,0.315085,0.206744,0.154072,1.664968,55.284894,54.536567,3.943129,0.10089,0.646229,4,10,8,4,4,9,8,3,4,9,7,3,4,8,4,4,0.02809,0.04419,0.34636,0.34824,1,1,06:02:2021,13:40:33,628,-3.212972,-60.598056,49.99,lev20,Almucantar,ARM_Manacapuru,270,270.813715,1.4785,1.4969,1.5027,1.4873,0.011361,0.010668,0.011342,0.011313,55.284894,54.536567,3.943129,0.10089,0.646229,4,10,8,4,4,9,8,3,4,9,7,3,4,8,4,4,0.02809,0.04419,0.34636,0.34824,1,1,06:02:2021,13:40:33,628,-3.212972,-60.598056,49.99,lev20,Almucantar,ARM_Manacapuru,270,270.813715,0.9231,0.9076,0.888,0.8757,55.284894,54.536567,3.943129,0.10089,0.646229,4,10,8,4,4,9,8,3,4,9,7,3,4,8,4,4,0.02809,0.04419,0.34636,0.34824,1,1,06:02:2021,13:40:33,628,-3.212972,-60.598056,49.99,lev20,Almucantar,ARM_Manacapuru,270,270.813715,0.049676,0.029223,0.02301,0.019165,1.135724,55.284894,54.536567,3.943129,0.10089,0.646229,4,10,8,4,4,9,8,3,4,9,7,3,4,8,4,4,0.02809,0.04419,0.34636,0.34824,1,1,06:02:2021,13:40:33,628,-3.212972,-60.598056,49.99,lev20,Almucantar,1.68149246417715,0.5212933532747851,0.9133365159350036,BCL,Arid,,Unknown
29:09:2015,10:52:43,ARM_Manacapuru,272,272.453275,1.157,0.5952,0.3839,0.2898,1.1211,0.5582,0.3458,0.2504,0.0359,0.0371,0.0382,0.0395,1.604004,74.12021,74.866228,3.864179,0.011697,1.155139,4,10,7,6,4,10,7,6,4,10,7,6,4,9,5,6,0.03472,0.0544,0.41961,0.42443,1,1,06:02:2021,13:54:54,628,-3.212972,-60.598056,49.99,lev20,Almucantar,ARM_Manacapuru,272,272.453275,1.155139,0.594621,0.383346,0.289464,1.603628,74.12021,74.866228,3.864179,0.011697,1.155139,4,10,7,6,4,10,7,6,4,10,7,6,4,9,5,6,0.03472,0.0544,0.41961,0.42443,1,1,06:02:2021,13:54:54,628,-3.212972,-60.598056,49.99,lev20,Almucantar,ARM_Manacapuru,272,272.453275,1.4847,1.4427,1.4287,1.4176,0.010388,0.009697,0.009731,0.009635,74.12021,74.866228,3.864179,0.011697,1.155139,4,10,7,6,4,10,7,6,4,10,7,6,4,9,5,6,0.03472,0.0544,0.41961,0.42443,1,1,06:02:2021,13:54:54,628,-3.212972,-60.598056,49.99,lev20,Almucantar,ARM_Manacapuru,272,272.453275,0.9319,0.9224,0.9092,0.9,74.12021,74.866228,3.864179,0.011697,1.155139,4,10,7,6,4,10,7,6,4,10,7,6,4,9,5,6,0.03472,0.0544,0.41961,0.42443,1,1,06:02:2021,13:54:54,628,-3.212972,-60.598056,49.99,lev20,Almucantar,ARM_Manacapuru,272,272.453275,0.078765,0.046184,0.034877,0.028975,1.195235,74.12021,74.866228,3.864179,0.011697,1.155139,4,10,7,6,4,10,7,6,4,10,7,6,4,9,5,6,0.03472,0.0544,0.41961,0.42443,1,1,06:02:2021,13:54:54,628,-3.212972,-60.598056,49.99,lev20,Almucantar,1.6182686107061117,0.9407872217028942,0.9567039077793371,BCL,Biomass,,Unknown
29:09:2015,11:15:25,ARM_Manacapuru,272,272.469039,1.14,0.5832,0.3755,0.2839,1.0915,0.5332,0.3223,0.2277,0.0486,0.0501,0.0532,0.0562,1.614938,68.469299,69.21653,4.366534,0.064184,1.137777,4,10,7,6,4,10,5,6,4,8,4,5,4,10,4,4,0.03196,0.05022,0.39036,0.3946,1,1,06:02:2021,13:55:18,628,-3.212972,-60.598056,49.99,lev20,Almucantar,ARM_Manacapuru,272,272.469039,1.137777,0.583238,0.37511,0.283052,1.613242,68.469299,69.21653,4.366534,0.064184,1.137777,4,10,7,6,4,10,5,6,4,8,4,5,4,10,4,4,0.03196,0.05022,0.39036,0.3946,1,1,06:02:2021,13:55:18,628,-3.212972,-60.598056,49.99,lev20,Almucantar,ARM_Manacapuru,272,272.469039,1.4829,1.4714,1.4666,1.4584,0.009683,0.007829,0.008127,0.00822,68.469299,69.21653,4.366534,0.064184,1.137777,4,10,7,6,4,10,5,6,4,8,4,5,4,10,4,4,0.03196,0.05022,0.39036,0.3946,1,1,06:02:2021,13:55:18,628,-3.212972,-60.598056,49.99,lev20,Almucantar,ARM_Manacapuru,272,272.469039,0.9365,0.9382,0.9256,0.9172,68.469299,69.21653,4.366534,0.064184,1.137777,4,10,7,6,4,10,5,6,4,8,4,5,4,10,4,4,0.03196,0.05022,0.39036,0.3946,1,1,06:02:2021,13:55:18,628,-3.212972,-60.598056,49.99,lev20,Almucantar,ARM_Manacapuru,272,272.469039,0.072359,0.036042,0.027929,0.023504,1.415069,68.469299,69.21653,4.366534,0.064184,1.137777,4,10,7,6,4,10,5,6,4,8,4,5,4,10,4,4,0.03196,0.05022,0.39036,0.3946,1,1,06:02:2021,13:55:18,628,-3.212972,-60.598056,49.99,lev20,Almucantar,1.6290083004187341,0.9256923260299637,0.9413904324113839,BCL,Biomass,,Unknown
01:10:2015,11:54:20,ARM_Manacapuru,274,274.496065,1.2088,0.6468,0.4396,0.3474,1.1498,0.5857,0.3775,0.2848,0.059,0.0611,0.0621,0.0627,1.474685,58.576951,59.324828,2.421394,0.022687,1.206309,4,10,7,5,4,10,7,5,4,10,7,5,3,11,7,5,0.0285,0.04443,0.35594,0.36026,1,1,06:02:2021,14:35:16,628,-3.212972,-60.598056,49.99,lev20,Almucantar,ARM_Manacapuru,274,274.496065,1.206309,0.646019,0.438755,0.347811,1.474289,58.576951,59.324828,2.421394,0.022687,1.206309,4,10,7,5,4,10,7,5,4,10,7,5,3,11,7,5,0.0285,0.04443,0.35594,0.36026,1,1,06:02:2021,14:35:16,628,-3.212972,-60.598056,49.99,lev20,Almucantar,ARM_Manacapuru,274,274.496065,1.4598,1.483,1.4921,1.4915,0.00975,0.007037,0.008515,0.009048,58.576951,59.324828,2.421394,0.022687,1.206309,4,10,7,5,4,10,7,5,4,10,7,5,3,11,7,5,0.0285,0.04443,0.35594,0.36026,1,1,06:02:2021,14:35:16,628,-3.212972,-60.598056,49.99,lev20,Almucantar,ARM_Manacapuru,274,274.496065,0.9271,0.9347,0.913,0.901,58.576951,59.324828,2.421394,0.022687,1.206309,4,10,7,5,4,10,7,5,4,10,7,5,3,11,7,5,0.0285,0.04443,0.35594,0.36026,1,1,06:02:2021,14:35:16,628,-3.212972,-60.598056,49.99,lev20,Almucantar,ARM_Manacapuru,274,274.496065,0.088182,0.042227,0.038235,0.0344,1.273398,58.576951,59.324828,2.421394,0.022687,1.206309,4,10,7,5,4,10,7,5,4,10,7,5,3,11,7,5,0.0285,0.04443,0.35594,0.36026,1,1,06:02:2021,14:35:16,628,-3.212972,-60.598056,49.99,lev20,Almucantar,1.4837769711060456,0.9999519203470454,0.9311213243095712,BCL,Biomass,,Unknown
03:10:2015,11:53:26,ARM_Manacapuru,276,276.49544,0.3918,0.2299,0.1773,0.1537,0.3137,0.1407,0.0817,0.0558,0.0781,0.0892,0.0956,0.0979,1.166738,58.620906,59.36831,2.30278,0.066569,0.390603,4,10,7,5,4,10,7,5,4,10,7,4,3,11,7,4,0.02854,0.04447,0.35614,0.36038,1,1,06:02:2021,15:00:44,628,-3.212972,-60.598056,49.99,lev20,Almucantar,ARM_Manacapuru,276,276.49544,0.390603,0.22886,0.177558,0.153871,1.161227,58.620906,59.36831,2.30278,0.066569,0.390603,4,10,7,5,4,10,7,5,4,10,7,4,3,11,7,4,0.02854,0.04447,0.35614,0.36038,1,1,06:02:2021,15:00:44,628,-3.212972,-60.598056,49.99,lev20,Almucantar,ARM_Manacapuru,276,276.49544,1.4874,1.4884,1.4857,1.4715500000000001,0.0108375,0.009917,0.011362500000000001,0.011211,58.620906,59.36831,2.30278,0.066569,0.390603,4,10,7,5,4,10,7,5,4,10,7,4,3,11,7,4,0.02854,0.04447,0.35614,0.36038,1,1,06:02:2021,15:00:44,628,-3.212972,-60.598056,49.99,lev20,Almucantar,ARM_Manacapuru,276,276.49544,0.92575,0.91445,0.88515,0.8743000000000001,58.620906,59.36831,2.30278,0.066569,0.390603,4,10,7,5,4,10,7,5,4,10,7,4,3,11,7,4,0.02854,0.04447,0.35614,0.36038,1,1,06:02:2021,15:00:44,628,-3.212972,-60.598056,49.99,lev20,Almucantar,ARM_Manacapuru,276,276.49544,0.0495225,0.028158000000000002,0.0253755,0.021417,1.041159,58.620906,59.36831,2.30278,0.066569,0.390603,4,10,7,5,4,10,7,5,4,10,7,4,3,11,7,4,0.02854,0.04447,0.35614,0.36038,1,1,06:02:2021,15:00:44,628,-3.212972,-60.598056,49.99,lev20,Almucantar,1.1631022338157104,0.3376697090470867,0.7111819011108889,Unclassified,Urban,,Unknown
03:10:2015,12:17:31,ARM_Manacapuru,276,276.512164,0.3762,0.215,0.1622,0.1369,0.3092,0.14,0.0829,0.0559,0.067,0.075,0.0794,0.081,1.236388,52.619503,53.367199,3.517343,0.101547,0.374775,3,10,8,4,3,10,8,4,3,10,6,3,4,10,5,4,0.02719,0.04251,0.34172,0.34613,1,1,06:02:2021,15:01:45,628,-3.212972,-60.598056,49.99,lev20,Almucantar,ARM_Manacapuru,276,276.512164,0.374775,0.213718,0.163073,0.137413,1.224997,52.619503,53.367199,3.517343,0.101547,0.374775,3,10,8,4,3,10,8,4,3,10,6,3,4,10,5,4,0.02719,0.04251,0.34172,0.34613,1,1,06:02:2021,15:01:45,628,-3.212972,-60.598056,49.99,lev20,Almucantar,ARM_Manacapuru,276,276.512164,1.4874,1.4884,1.4857,1.4715500000000001,0.0108375,0.009917,0.011362500000000001,0.011211,52.619503,53.367199,3.517343,0.101547,0.374775,3,10,8,4,3,10,8,4,3,10,6,3,4,10,5,4,0.02719,0.04251,0.34172,0.34613,1,1,06:02:2021,15:01:45,628,-3.212972,-60.598056,49.99,lev20,Almucantar,ARM_Manacapuru,276,276.512164,0.92575,0.91445,0.88515,0.8743000000000001,52.619503,53.367199,3.517343,0.101547,0.374775,3,10,8,4,3,10,8,4,3,10,6,3,4,10,5,4,0.02719,0.04251,0.34172,0.34613,1,1,06:02:2021,15:01:45,628,-3.212972,-60.598056,49.99,lev20,Almucantar,ARM_Manacapuru,276,276.512164,0.0495225,0.028158000000000002,0.0253755,0.021417,1.041159,52.619503,53.367199,3.517343,0.101547,0.374775,3,10,8,4,3,10,8,4,3,10,6,3,4,10,5,4,0.02719,0.04251,0.34172,0.34613,1,1,06:02:2021,15:01:45,628,-3.212972,-60.598056,49.99,lev20,Almucantar,1.234073586124065,0.32129674317177453,0.7438912350838494,BCL,Urban,,Unknown
03:10:2015,19:30:03,ARM_Manacapuru,276,276.812535,0.5871,0.3018,0.2102,0.169,0.513,0.2194,0.1215,0.0774,0.074,0.0824,0.0887,0.0917,1.505086,55.272057,54.524559,2.2955,0.092616,0.586694,4,10,8,3,4,10,8,4,4,10,8,4,4,10,8,4,0.02794,0.0434,0.3469,0.34858,1,1,06:02:2021,15:02:23,628,-3.212972,-60.598056,49.99,lev20,Almucantar,ARM_Manacapuru,276,276.812535,0.586694,0.301396,0.211127,0.167341,1.498616,55.272057,54.524559,2.2955,0.092616,0.586694,4,10,8,3,4,10,8,4,4,10,8,4,4,10,8,4,0.02794,0.0434,0.3469,0.34858,1,1,06:02:2021,15:02:23,628,-3.212972,-60.598056,49.99,lev20,Almucantar,ARM_Manacapuru,276,276.812535,1.5646,1.5232,1.5133,1.4919,0.017635,0.014561,0.016265,0.015574,55.272057,54.524559,2.2955,0.092616,0.586694,4,10,8,3,4,10,8,4,4,10,8,4,4,10,8,4,0.02794,0.0434,0.3469,0.34858,1,1,06:02:2021,15:02:23,628,-3.212972,-60.598056,49.99,lev20,Almucantar,ARM_Manacapuru,276,276.812535,0.8912,0.8802,0.8516,0.8476,55.272057,54.524559,2.2955,0.092616,0.586694,4,10,8,3,4,10,8,4,4,10,8,4,4,10,8,4,0.02794,0.0434,0.3469,0.34858,1,1,06:02:2021,15:02:23,628,-3.212972,-60.598056,49.99,lev20,Almucantar,ARM_Manacapuru,276,276.812535,0.063878,0.036163,0.031196,0.025752,1.076418,55.272057,54.524559,2.2955,0.092616,0.586694,4,10,8,3,4,10,8,4,4,10,8,4,4,10,8,4,0.02794,0.0434,0.3469,0.34858,1,1,06:02:2021,15:02:23,628,-3.212972,-60.598056,49.99,lev20,Almucantar,1.5066860113446512,0.4842447256484569,0.812990055297307,BCM,Arid,,Unknown
03:10:2015,21:02:19,ARM_Manacapuru,276,276.876609,0.5598,0.2823,0.193,0.1538,0.497,0.2119,0.1182,0.0772,0.0628,0.0704,0.0747,0.0766,1.559083,78.22161,77.478424,3.150892,0.022587,0.559072,4,10,7,5,4,10,7,6,4,10,6,6,4,10,4,6,0.03829,0.05799,0.44809,0.44244,1,1,06:02:2021,15:02:53,628,-3.212972,-60.598056,49.99,lev20,Almucantar,ARM_Manacapuru,276,276.876609,0.559072,0.282155,0.19282,0.153272,1.558407,78.22161,77.478424,3.150892,0.022587,0.559072,4,10,7,5,4,10,7,6,4,10,6,6,4,10,4,6,0.03829,0.05799,0.44809,0.44244,1,1,06:02:2021,15:02:53,628,-3.212972,-60.598056,49.99,lev20,Almucantar,ARM_Manacapuru,276,276.876609,1.5111,1.5033,1.5071,1.4983,0.015931,0.011133,0.01126,0.010877,78.22161,77.478424,3.150892,0.022587,0.559072,4,10,7,5,4,10,7,6,4,10,6,6,4,10,4,6,0.03829,0.05799,0.44809,0.44244,1,1,06:02:2021,15:02:53,628,-3.212972,-60.598056,49.99,lev20,Almucantar,ARM_Manacapuru,276,276.876609,0.8959,0.9015,0.8873,0.8827,78.22161,77.478424,3.150892,0.022587,0.559072,4,10,7,5,4,10,7,6,4,10,6,6,4,10,4,6,0.03829,0.05799,0.44809,0.44244,1,1,06:02:2021,15:02:53,628,-3.212972,-60.598056,49.99,lev20,Almucantar,ARM_Manacapuru,276,276.876609,0.058273,0.027819,0.021759,0.018034,1.468892,78.22161,77.478424,3.150892,0.022587,0.559072,4,10,7,5,4,10,7,6,4,10,6,6,4,10,4,6,0.03829,0.05799,0.44809,0.44244,1,1,06:02:2021,15:02:53,628,-3.212972,-60.598056,49.99,lev20,Almucantar,1.5620661783703125,0.4584702439864902,0.8297745650454953,BCM,Arid,,Unknown
04:10:2015,11:10:49,ARM_Manacapuru,277,277.465845,0.3438,0.1844,0.1305,0.1067,0.298,0.1327,0.0739,0.0488,0.0458,0.0517,0.0565,0.0579,1.418283,69.142243,69.888218,1.43782,0.020717,0.343143,4,10,7,6,4,10,7,6,4,10,7,6,4,10,7,6,0.03212,0.0497,0.39408,0.3981,1,1,06:02:2021,15:08:38,628,-3.212972,-60.598056,49.99,lev20,Almucantar,ARM_Manacapuru,277,277.465845,0.343143,0.184123,0.130422,0.106719,1.416469,69.142243,69.888218,1.43782,0.020717,0.343143,4,10,7,6,4,10,7,6,4,10,7,6,4,10,7,6,0.03212,0.0497,0.39408,0.3981,1,1,06:02:2021,15:08:38,628,-3.212972,-60.598056,49.99,lev20,Almucantar,ARM_Manacapuru,277,277.465845,1.4874,1.4884,1.4857,1.4715500000000001,0.0108375,0.009917,0.011362500000000001,0.011211,69.142243,69.888218,1.43782,0.020717,0.343143,4,10,7,6,4,10,7,6,4,10,7,6,4,10,7,6,0.03212,0.0497,0.39408,0.3981,1,1,06:02:2021,15:08:38,628,-3.212972,-60.598056,49.99,lev20,Almucantar,ARM_Manacapuru,277,277.465845,0.92575,0.91445,0.88515,0.8743000000000001,69.142243,69.888218,1.43782,0.020717,0.343143,4,10,7,6,4,10,7,6,4,10,7,6,4,10,7,6,0.03212,0.0497,0.39408,0.3981,1,1,06:02:2021,15:08:38,628,-3.212972,-60.598056,49.99,lev20,Almucantar,ARM_Manacapuru,277,277.465845,0.0495225,0.028158000000000002,0.0253755,0.021417,1.041159,69.142243,69.888218,1.43782,0.020717,0.343143,4,10,7,6,4,10,7,6,4,10,7,6,4,10,7,6,0.03212,0.0497,0.39408,0.3981,1,1,06:02:2021,15:08:38,628,-3.212972,-60.598056,49.99,lev20,Almucantar,1.4209485115555767,0.28669400260989164,0.802751101927481,BCL,Urban,,Unknown
04:10:2015,11:53:03,ARM_Manacapuru,277,277.495174,0.3418,0.1829,0.1297,0.1043,0.2955,0.1305,0.0725,0.0459,0.0463,0.0524,0.0572,0.0584,1.419278,58.63065,59.37775,1.253391,0.040526,0.341024,4,10,7,5,4,10,7,5,4,10,7,5,3,11,7,4,0.02853,0.04447,0.35614,0.36041,1,1,06:02:2021,15:08:23,628,-3.212972,-60.598056,49.99,lev20,Almucantar,ARM_Manacapuru,277,277.495174,0.341024,0.18242,0.130015,0.105031,1.413248,58.63065,59.37775,1.253391,0.040526,0.341024,4,10,7,5,4,10,7,5,4,10,7,5,3,11,7,4,0.02853,0.04447,0.35614,0.36041,1,1,06:02:2021,15:08:23,628,-3.212972,-60.598056,49.99,lev20,Almucantar,ARM_Manacapuru,277,277.495174,1.4874,1.4884,1.4857,1.4715500000000001,0.0108375,0.009917,0.011362500000000001,0.011211,58.63065,59.37775,1.253391,0.040526,0.341024,4,10,7,5,4,10,7,5,4,10,7,5,3,11,7,4,0.02853,0.04447,0.35614,0.36041,1,1,06:02:2021,15:08:23,628,-3.212972,-60.598056,49.99,lev20,Almucantar,ARM_Manacapuru,277,277.495174,0.92575,0.91445,0.88515,0.8743000000000001,58.63065,59.37775,1.253391,0.040526,0.341024,4,10,7,5,4,10,7,5,4,10,7,5,3,11,7,4,0.02853,0.04447,0.35614,0.36041,1,1,06:02:2021,15:08:23,628,-3.212972,-60.598056,49.99,lev20,Almucantar,ARM_Manacapuru,277,277.495174,0.0495225,0.028158000000000002,0.0253755,0.021417,1.041159,58.63065,59.37775,1.253391,0.040526,0.341024,4,10,7,5,4,10,7,5,4,10,7,5,3,11,7,4,0.02853,0.04447,0.35614,0.36041,1,1,06:02:2021,15:08:23,628,-3.212972,-60.598056,49.99,lev20,Almucantar,1.421410305067327,0.2850093820173206,0.8011762681388134,BCL,Urban,,Unknown
04:10:2015,12:17:08,ARM_Manacapuru,277,277.511898,0.3233,0.1742,0.1234,0.0992,0.2787,0.1232,0.0679,0.0426,0.0446,0.051,0.0554,0.0566,1.409921,52.631721,53.379105,1.915422,0.089195,0.322607,3,10,8,4,3,10,8,4,3,10,8,3,4,10,8,4,0.02719,0.04251,0.34174,0.34616,1,1,06:02:2021,15:08:17,628,-3.212972,-60.598056,49.99,lev20,Almucantar,ARM_Manacapuru,277,277.511898,0.322607,0.173361,0.124729,0.099478,1.393837,52.631721,53.379105,1.915422,0.089195,0.322607,3,10,8,4,3,10,8,4,3,10,8,3,4,10,8,4,0.02719,0.04251,0.34174,0.34616,1,1,06:02:2021,15:08:17,628,-3.212972,-60.598056,49.99,lev20,Almucantar,ARM_Manacapuru,277,277.511898,1.4874,1.4884,1.4857,1.4715500000000001,0.0108375,0.009917,0.011362500000000001,0.011211,52.631721,53.379105,1.915422,0.089195,0.322607,3,10,8,4,3,10,8,4,3,10,8,3,4,10,8,4,0.02719,0.04251,0.34174,0.34616,1,1,06:02:2021,15:08:17,628,-3.212972,-60.598056,49.99,lev20,Almucantar,ARM_Manacapuru,277,277.511898,0.92575,0.91445,0.88515,0.8743000000000001,52.631721,53.379105,1.915422,0.089195,0.322607,3,10,8,4,3,10,8,4,3,10,8,3,4,10,8,4,0.02719,0.04251,0.34174,0.34616,1,1,06:02:2021,15:08:17,628,-3.212972,-60.598056,49.99,lev20,Almucantar,ARM_Manacapuru,277,277.511898,0.0495225,0.028158000000000002,0.0253755,0.021417,1.041159,52.631721,53.379105,1.915422,0.089195,0.322607,3,10,8,4,3,10,8,4,3,10,8,3,4,10,8,4,0.02719,0.04251,0.34174,0.34616,1,1,06:02:2021,15:08:17,628,-3.212972,-60.598056,49.99,lev20,Almucantar,1.4128259608988456,0.2698791803847985,0.7971767354491666,BCL,Urban,,Unknown
05:10:2015,19:53:59,ARM_Manacapuru,278,278.829155,1.4379,0.6876,0.4247,0.3086,1.3795,0.6233,0.3542,0.2343,0.0585,0.0643,0.0705,0.0743,1.773912,61.369653,60.623186,2.097868,0.022186,1.436139,3,10,8,5,3,10,8,5,3,10,8,5,3,10,8,5,0.02962,0.04576,0.36347,0.36391,1,1,06:02:2021,15:36:47,628,-3.212972,-60.598056,49.99,lev20,Almucantar,ARM_Manacapuru,278,278.829155,1.436139,0.687477,0.424362,0.307848,1.773091,61.369653,60.623186,2.097868,0.022186,1.436139,3,10,8,5,3,10,8,5,3,10,8,5,3,10,8,5,0.02962,0.04576,0.36347,0.36391,1,1,06:02:2021,15:36:47,628,-3.212972,-60.598056,49.99,lev20,Almucantar,ARM_Manacapuru,278,278.829155,1.4506,1.4746,1.482,1.4736,0.009657,0.008323,0.009132,0.009254,61.369653,60.623186,2.097868,0.022186,1.436139,3,10,8,5,3,10,8,5,3,10,8,5,3,10,8,5,0.02962,0.04576,0.36347,0.36391,1,1,06:02:2021,15:36:47,628,-3.212972,-60.598056,49.99,lev20,Almucantar,ARM_Manacapuru,278,278.829155,0.9357,0.9307,0.909,0.8953,61.369653,60.623186,2.097868,0.022186,1.436139,3,10,8,5,3,10,8,5,3,10,8,5,3,10,8,5,0.02962,0.04576,0.36347,0.36391,1,1,06:02:2021,15:36:47,628,-3.212972,-60.598056,49.99,lev20,Almucantar,ARM_Manacapuru,278,278.829155,0.092439,0.047673,0.038661,0.032311,1.301787,61.369653,60.623186,2.097868,0.022186,1.436139,3,10,8,5,3,10,8,5,3,10,8,5,3,10,8,5,0.02962,0.04576,0.36347,0.36391,1,1,06:02:2021,15:36:47,628,-3.212972,-60.598056,49.99,lev20,Almucantar,1.7889436546321225,1.1439612466052,0.940913343140646,BCL,Biomass,,Unknown
05:10:2015,20:36:00,ARM_Manacapuru,278,278.858333,1.5529,0.7261,0.4435,0.3209,1.5242,0.6965,0.4134,0.2903,0.0287,0.0296,0.0301,0.0306,1.823354,71.815693,71.070521,2.685681,0.022275,1.549905,4,10,7,6,4,10,7,6,4,10,7,6,4,10,7,6,0.03391,0.05181,0.40601,0.40379,1,1,06:02:2021,15:36:42,628,-3.212972,-60.598056,49.99,lev20,Almucantar,ARM_Manacapuru,278,278.858333,1.549905,0.725877,0.442983,0.320591,1.821952,71.815693,71.070521,2.685681,0.022275,1.549905,4,10,7,6,4,10,7,6,4,10,7,6,4,10,7,6,0.03391,0.05181,0.40601,0.40379,1,1,06:02:2021,15:36:42,628,-3.212972,-60.598056,49.99,lev20,Almucantar,ARM_Manacapuru,278,278.858333,1.4611,1.4719,1.4711,1.4612,0.011069,0.010207,0.010621,0.010616,71.815693,71.070521,2.685681,0.022275,1.549905,4,10,7,6,4,10,7,6,4,10,7,6,4,10,7,6,0.03391,0.05181,0.40601,0.40379,1,1,06:02:2021,15:36:42,628,-3.212972,-60.598056,49.99,lev20,Almucantar,ARM_Manacapuru,278,278.858333,0.93,0.9161,0.8963,0.8818,71.815693,71.070521,2.685681,0.022275,1.549905,4,10,7,6,4,10,7,6,4,10,7,6,4,10,7,6,0.03391,0.05181,0.40601,0.40379,1,1,06:02:2021,15:36:42,628,-3.212972,-60.598056,49.99,lev20,Almucantar,ARM_Manacapuru,278,278.858333,0.10875,0.060887,0.04599,0.037939,1.266734,71.815693,71.070521,2.685681,0.022275,1.549905,4,10,7,6,4,10,7,6,4,10,7,6,4,10,7,6,0.03391,0.05181,0.40601,0.40379,1,1,06:02:2021,15:36:42,628,-3.212972,-60.598056,49.99,lev20,Almucantar,1.8382685168207213,1.2276872174293143,0.9728513002810985,BCL,Biomass,,Unknown
08:10:2015,11:09:18,ARM_Manacapuru,281,281.464792,0.8474,0.4685,0.325,0.2598,0.8,0.4192,0.2749,0.209,0.0475,0.0493,0.0501,0.0508,1.397209,69.18503,69.929398,1.944283,0.021377,0.845094,4,10,7,6,4,10,7,6,4,10,7,6,4,10,7,6,0.03195,0.04932,0.39359,0.39771,1,1,06:02:2021,15:59:27,628,-3.212972,-60.598056,49.99,lev20,Almucantar,ARM_Manacapuru,281,281.464792,0.845094,0.467646,0.324309,0.259479,1.396207,69.18503,69.929398,1.944283,0.021377,0.845094,4,10,7,6,4,10,7,6,4,10,7,6,4,10,7,6,0.03195,0.04932,0.39359,0.39771,1,1,06:02:2021,15:59:27,628,-3.212972,-60.598056,49.99,lev20,Almucantar,ARM_Manacapuru,281,281.464792,1.5148,1.4906,1.4867,1.48,0.0097,0.00562,0.007236,0.008384,69.18503,69.929398,1.944283,0.021377,0.845094,4,10,7,6,4,10,7,6,4,10,7,6,4,10,7,6,0.03195,0.04932,0.39359,0.39771,1,1,06:02:2021,15:59:27,628,-3.212972,-60.598056,49.99,lev20,Almucantar,ARM_Manacapuru,281,281.464792,0.9288,0.9473,0.9283,0.9132,69.18503,69.929398,1.944283,0.021377,0.845094,4,10,7,6,4,10,7,6,4,10,7,6,4,10,7,6,0.03195,0.04932,0.39359,0.39771,1,1,06:02:2021,15:59:27,628,-3.212972,-60.598056,49.99,lev20,Almucantar,ARM_Manacapuru,281,281.464792,0.060304,0.024709,0.023312,0.022542,1.462034,69.18503,69.929398,1.944283,0.021377,0.845094,4,10,7,6,4,10,7,6,4,10,7,6,4,10,7,6,0.03195,0.04932,0.39359,0.39771,1,1,06:02:2021,15:59:27,628,-3.212972,-60.598056,49.99,lev20,Almucantar,1.4057821187486128,0.7080161968540266,0.9223860838122617,BCL,Biomass,,Unknown
08:10:2015,12:15:58,ARM_Manacapuru,281,281.511088,0.9538,0.5362,0.3782,0.3042,0.8977,0.4782,0.3193,0.2445,0.0561,0.058,0.0589,0.0597,1.349617,52.624245,53.369862,1.687229,0.027001,0.951262,3,10,8,4,3,10,8,4,3,10,7,4,4,8,8,3,0.02723,0.04234,0.34178,0.34583,1,1,06:02:2021,15:59:11,628,-3.212972,-60.598056,49.99,lev20,Almucantar,ARM_Manacapuru,281,281.511088,0.951262,0.535124,0.377312,0.303867,1.349045,52.624245,53.369862,1.687229,0.027001,0.951262,3,10,8,4,3,10,8,4,3,10,7,4,4,8,8,3,0.02723,0.04234,0.34178,0.34583,1,1,06:02:2021,15:59:11,628,-3.212972,-60.598056,49.99,lev20,Almucantar,ARM_Manacapuru,281,281.511088,1.4772,1.4787,1.4837,1.4797,0.007525,0.005094,0.006995,0.008334,52.624245,53.369862,1.687229,0.027001,0.951262,3,10,8,4,3,10,8,4,3,10,7,4,4,8,8,3,0.02723,0.04234,0.34178,0.34583,1,1,06:02:2021,15:59:11,628,-3.212972,-60.598056,49.99,lev20,Almucantar,ARM_Manacapuru,281,281.511088,0.9405,0.9495,0.9271,0.9104,52.624245,53.369862,1.687229,0.027001,0.951262,3,10,8,4,3,10,8,4,3,10,7,4,4,8,8,3,0.02723,0.04234,0.34178,0.34583,1,1,06:02:2021,15:59:11,628,-3.212972,-60.598056,49.99,lev20,Almucantar,ARM_Manacapuru,281,281.511088,0.056779,0.027083,0.027574,0.027264,1.126694,52.624245,53.369862,1.687229,0.027001,0.951262,3,10,8,4,3,10,8,4,3,10,7,4,4,8,8,3,0.02723,0.04234,0.34178,0.34583,1,1,06:02:2021,15:59:11,628,-3.212972,-60.598056,49.99,lev20,Almucantar,1.3569103234710636,0.8019093602847162,0.9193854151886225,BCL,Biomass,,Unknown
08:10:2015,19:28:38,ARM_Manacapuru,281,281.811551,0.679,0.3615,0.2537,0.2027,0.6026,0.2736,0.1591,0.1053,0.0764,0.088,0.0946,0.0974,1.440701,55.27378,54.528355,2.721634,0.061441,0.677424,4,10,8,4,4,10,8,4,4,10,8,4,4,10,8,3,0.02799,0.04324,0.34711,0.34826,1,1,06:02:2021,15:58:39,628,-3.212972,-60.598056,49.99,lev20,Almucantar,ARM_Manacapuru,281,281.811551,0.677424,0.360397,0.253867,0.203363,1.437,55.27378,54.528355,2.721634,0.061441,0.677424,4,10,8,4,4,10,8,4,4,10,8,4,4,10,8,3,0.02799,0.04324,0.34711,0.34826,1,1,06:02:2021,15:58:39,628,-3.212972,-60.598056,49.99,lev20,Almucantar,ARM_Manacapuru,281,281.811551,1.4823,1.5099,1.5281,1.5232,0.005855,0.004895,0.006986,0.007509,55.27378,54.528355,2.721634,0.061441,0.677424,4,10,8,4,4,10,8,4,4,10,8,4,4,10,8,3,0.02799,0.04324,0.34711,0.34826,1,1,06:02:2021,15:58:39,628,-3.212972,-60.598056,49.99,lev20,Almucantar,ARM_Manacapuru,281,281.811551,0.9512,0.9503,0.9256,0.9164,55.27378,54.528355,2.721634,0.061441,0.677424,4,10,8,4,4,10,8,4,4,10,8,4,4,10,8,3,0.02799,0.04324,0.34711,0.34826,1,1,06:02:2021,15:58:39,628,-3.212972,-60.598056,49.99,lev20,Almucantar,ARM_Manacapuru,281,281.811551,0.033104,0.017964,0.018868,0.016942,0.885753,55.27378,54.528355,2.721634,0.061441,0.677424,4,10,8,4,4,10,8,4,4,10,8,4,4,10,8,3,0.02799,0.04324,0.34711,0.34826,1,1,06:02:2021,15:58:39,628,-3.212972,-60.598056,49.99,lev20,Almucantar,1.4440985289319774,0.5645433328090591,0.832514652659331,FNA,Arid,,Unknown
08:10:2015,19:52:57,ARM_Manacapuru,281,281.828438,0.7728,0.4003,0.2715,0.2122,0.6977,0.3137,0.1807,0.1205,0.0751,0.0866,0.0909,0.0917,1.527826,61.314762,60.569613,1.935702,0.016707,0.77146,3,10,8,5,3,10,8,5,3,10,8,5,3,10,7,3,0.02954,0.04546,0.36319,0.36336,1,1,06:02:2021,15:59:51,628,-3.212972,-60.598056,49.99,lev20,Almucantar,ARM_Manacapuru,281,281.828438,0.77146,0.40005,0.271445,0.211453,1.525553,61.314762,60.569613,1.935702,0.016707,0.77146,3,10,8,5,3,10,8,5,3,10,8,5,3,10,7,3,0.02954,0.04546,0.36319,0.36336,1,1,06:02:2021,15:59:51,628,-3.212972,-60.598056,49.99,lev20,Almucantar,ARM_Manacapuru,281,281.828438,1.4463,1.4712,1.4836,1.4813,0.008312,0.007231,0.009491,0.009361,61.314762,60.569613,1.935702,0.016707,0.77146,3,10,8,5,3,10,8,5,3,10,8,5,3,10,7,3,0.02954,0.04546,0.36319,0.36336,1,1,06:02:2021,15:59:51,628,-3.212972,-60.598056,49.99,lev20,Almucantar,ARM_Manacapuru,281,281.828438,0.9371,0.9317,0.9005,0.8944,61.314762,60.569613,1.935702,0.016707,0.77146,3,10,8,5,3,10,8,5,3,10,8,5,3,10,7,3,0.02954,0.04546,0.36319,0.36336,1,1,06:02:2021,15:59:51,628,-3.212972,-60.598056,49.99,lev20,Almucantar,ARM_Manacapuru,281,281.828438,0.048626,0.027326,0.02703,0.022416,0.909586,61.314762,60.569613,1.935702,0.016707,0.77146,3,10,8,5,3,10,8,5,3,10,8,5,3,10,7,3,0.02954,0.04546,0.36319,0.36336,1,1,06:02:2021,15:59:51,628,-3.212972,-60.598056,49.99,lev20,Almucantar,1.5344429804172262,0.6351538565487779,0.8519601366289937,BCL,Arid,,Unknown
08:10:2015,20:35:15,ARM_Manacapuru,281,281.857813,0.716,0.3688,0.2488,0.194,0.6603,0.3061,0.1814,0.1244,0.0557,0.0627,0.0674,0.0696,1.543531,71.813034,71.069148,2.58369,0.016071,0.714471,4,10,7,6,4,10,7,6,4,10,7,6,4,10,7,5,0.03372,0.05146,0.40603,0.40317,1,1,06:02:2021,15:59:35,628,-3.212972,-60.598056,49.99,lev20,Almucantar,ARM_Manacapuru,281,281.857813,0.714471,0.368661,0.24864,0.193728,1.541143,71.813034,71.069148,2.58369,0.016071,0.714471,4,10,7,6,4,10,7,6,4,10,7,6,4,10,7,5,0.03372,0.05146,0.40603,0.40317,1,1,06:02:2021,15:59:35,628,-3.212972,-60.598056,49.99,lev20,Almucantar,ARM_Manacapuru,281,281.857813,1.3898,1.4258,1.4401,1.4387,0.007274,0.007088,0.008871,0.009078,71.813034,71.069148,2.58369,0.016071,0.714471,4,10,7,6,4,10,7,6,4,10,7,6,4,10,7,5,0.03372,0.05146,0.40603,0.40317,1,1,06:02:2021,15:59:35,628,-3.212972,-60.598056,49.99,lev20,Almucantar,ARM_Manacapuru,281,281.857813,0.9355,0.9227,0.8928,0.8816,71.813034,71.069148,2.58369,0.016071,0.714471,4,10,7,6,4,10,7,6,4,10,7,6,4,10,7,5,0.03372,0.05146,0.40603,0.40317,1,1,06:02:2021,15:59:35,628,-3.212972,-60.598056,49.99,lev20,Almucantar,ARM_Manacapuru,281,281.857813,0.046196,0.028497,0.026669,0.02297,0.836931,71.813034,71.069148,2.58369,0.016071,0.714471,4,10,7,6,4,10,7,6,4,10,7,6,4,10,7,5,0.03372,0.05146,0.40603,0.40317,1,1,06:02:2021,15:59:35,628,-3.212972,-60.598056,49.99,lev20,Almucantar,1.5505385723910117,0.5872611402714957,0.8842933334004861,BCL,Arid,,Unknown
08:10:2015,21:00:31,ARM_Manacapuru,281,281.875359,0.6506,0.3321,0.2229,0.1744,0.5969,0.273,0.1588,0.1073,0.0537,0.0591,0.0641,0.0671,1.56422,78.06791,77.32662,1.794649,0.007312,0.649049,4,10,7,6,4,10,7,6,4,10,7,6,4,10,7,6,0.03778,0.0573,0.44737,0.44053,1,1,06:02:2021,16:00:14,628,-3.212972,-60.598056,49.99,lev20,Almucantar,ARM_Manacapuru,281,281.875359,0.649049,0.33213,0.222535,0.173666,1.562624,78.06791,77.32662,1.794649,0.007312,0.649049,4,10,7,6,4,10,7,6,4,10,7,6,4,10,7,6,0.03778,0.0573,0.44737,0.44053,1,1,06:02:2021,16:00:14,628,-3.212972,-60.598056,49.99,lev20,Almucantar,ARM_Manacapuru,281,281.875359,1.4167,1.4433,1.4503,1.4438,0.007685,0.00643,0.008708,0.009064,78.06791,77.32662,1.794649,0.007312,0.649049,4,10,7,6,4,10,7,6,4,10,7,6,4,10,7,6,0.03778,0.0573,0.44737,0.44053,1,1,06:02:2021,16:00:14,628,-3.212972,-60.598056,49.99,lev20,Almucantar,ARM_Manacapuru,281,281.875359,0.9366,0.9316,0.899,0.8867,78.06791,77.32662,1.794649,0.007312,0.649049,4,10,7,6,4,10,7,6,4,10,7,6,4,10,7,6,0.03778,0.0573,0.44737,0.44053,1,1,06:02:2021,16:00:14,628,-3.212972,-60.598056,49.99,lev20,Almucantar,ARM_Manacapuru,281,281.875359,0.041226,0.022732,0.022504,0.019754,0.938011,78.06791,77.32662,1.794649,0.007312,0.649049,4,10,7,6,4,10,7,6,4,10,7,6,4,10,7,6,0.03778,0.0573,0.44737,0.44053,1,1,06:02:2021,16:00:14,628,-3.212972,-60.598056,49.99,lev20,Almucantar,1.571281691242008,0.5322071418060007,0.8795652623428611,BCL,Arid,,Unknown
11:10:2015,10:48:12,ARM_Manacapuru,284,284.450139,1.4311,0.8281,0.6125,0.5204,1.3325,0.7258,0.5083,0.4156,0.0986,0.1024,0.1042,0.1048,1.242861,74.185473,74.927094,4.05606,0.090288,1.42777,4,10,7,6,4,10,7,6,4,10,7,6,4,10,7,6,0.03449,0.0531,0.42127,0.42452,1,1,06:02:2021,16:35:33,628,-3.212972,-60.598056,49.99,lev20,Almucantar,ARM_Manacapuru,284,284.450139,1.42777,0.826462,0.610766,0.520648,1.243431,74.185473,74.927094,4.05606,0.090288,1.42777,4,10,7,6,4,10,7,6,4,10,7,6,4,10,7,6,0.03449,0.0531,0.42127,0.42452,1,1,06:02:2021,16:35:33,628,-3.212972,-60.598056,49.99,lev20,Almucantar,ARM_Manacapuru,284,284.450139,1.4841,1.5044,1.5251,1.5412,0.003522,0.00268,0.002976,0.003027,74.185473,74.927094,4.05606,0.090288,1.42777,4,10,7,6,4,10,7,6,4,10,7,6,4,10,7,6,0.03449,0.0531,0.42127,0.42452,1,1,06:02:2021,16:35:33,628,-3.212972,-60.598056,49.99,lev20,Almucantar,ARM_Manacapuru,284,284.450139,0.9662,0.9708,0.9662,0.9654,74.185473,74.927094,4.05606,0.090288,1.42777,4,10,7,6,4,10,7,6,4,10,7,6,4,10,7,6,0.03449,0.0531,0.42127,0.42452,1,1,06:02:2021,16:35:33,628,-3.212972,-60.598056,49.99,lev20,Almucantar,ARM_Manacapuru,284,284.450139,0.048323,0.024187,0.020679,0.017996,1.279416,74.185473,74.927094,4.05606,0.090288,1.42777,4,10,7,6,4,10,7,6,4,10,7,6,4,10,7,6,0.03449,0.0531,0.42127,0.42452,1,1,06:02:2021,16:35:33,628,-3.212972,-60.598056,49.99,lev20,Almucantar,1.2448682775943676,1.220557437438547,0.9048770181101278,FNA,Biomass,,Unknown
15:10:2015,11:07:14,ARM_Manacapuru,288,288.463356,0.5821,0.3646,0.3027,0.2778,0.4285,0.1895,0.1145,0.0859,0.1536,0.1751,0.1882,0.1919,0.969264,69.221872,69.962071,4.535583,0.0835,0.57802,4,10,7,6,4,10,7,6,4,10,7,5,4,9,7,4,0.03197,0.04937,0.39417,0.39787,1,1,06:02:2021,17:32:04,628,-3.212972,-60.598056,49.99,lev20,Almucantar,ARM_Manacapuru,288,288.463356,0.57802,0.362167,0.30112,0.278259,0.96683,69.221872,69.962071,4.535583,0.0835,0.57802,4,10,7,6,4,10,7,6,4,10,7,5,4,9,7,4,0.03197,0.04937,0.39417,0.39787,1,1,06:02:2021,17:32:04,628,-3.212972,-60.598056,49.99,lev20,Almucantar,ARM_Manacapuru,288,288.463356,1.5364,1.5119,1.5134,1.5219,0.007376,0.009284,0.015396,0.021029,69.221872,69.962071,4.535583,0.0835,0.57802,4,10,7,6,4,10,7,6,4,10,7,5,4,9,7,4,0.03197,0.04937,0.39417,0.39787,1,1,06:02:2021,17:32:04,628,-3.212972,-60.598056,49.99,lev20,Almucantar,ARM_Manacapuru,288,288.463356,0.913,0.8806,0.8314,0.8026,69.221872,69.962071,4.535583,0.0835,0.57802,4,10,7,6,4,10,7,6,4,10,7,5,4,9,7,4,0.03197,0.04937,0.39417,0.39787,1,1,06:02:2021,17:32:04,628,-3.212972,-60.598056,49.99,lev20,Almucantar,ARM_Manacapuru,288,288.463356,0.050663,0.043516,0.051049,0.054837,0.028251,69.221872,69.962071,4.535583,0.0835,0.57802,4,10,7,6,4,10,7,6,4,10,7,5,4,9,7,4,0.03197,0.04937,0.39417,0.39787,1,1,06:02:2021,17:32:04,628,-3.212972,-60.598056,49.99,lev20,Almucantar,0.9591936450174656,0.5149270791239295,0.6225078471882547,Unclassified,Desert,,Unknown
15:10:2015,11:49:47,ARM_Manacapuru,288,288.492905,0.5274,0.3178,0.2589,0.2328,0.3997,0.1714,0.102,0.0729,0.1277,0.1464,0.1569,0.1599,1.054035,58.716125,59.457008,3.531623,0.117153,0.524167,4,10,7,5,4,10,7,5,4,10,7,5,3,10,8,4,0.02856,0.0443,0.35646,0.36025,1,1,06:02:2021,17:31:47,628,-3.212972,-60.598056,49.99,lev20,Almucantar,ARM_Manacapuru,288,288.492905,0.524167,0.315241,0.258027,0.233668,1.05091,58.716125,59.457008,3.531623,0.117153,0.524167,4,10,7,5,4,10,7,5,4,10,7,5,3,10,8,4,0.02856,0.0443,0.35646,0.36025,1,1,06:02:2021,17:31:47,628,-3.212972,-60.598056,49.99,lev20,Almucantar,ARM_Manacapuru,288,288.492905,1.5093,1.4957,1.5015,1.5029,0.006452,0.007029,0.012848,0.016168,58.716125,59.457008,3.531623,0.117153,0.524167,4,10,7,5,4,10,7,5,4,10,7,5,3,10,8,4,0.02856,0.0443,0.35646,0.36025,1,1,06:02:2021,17:31:47,628,-3.212972,-60.598056,49.99,lev20,Almucantar,ARM_Manacapuru,288,288.492905,0.9241,0.9063,0.854,0.8272,58.716125,59.457008,3.531623,0.117153,0.524167,4,10,7,5,4,10,7,5,4,10,7,5,3,10,8,4,0.02856,0.0443,0.35646,0.36025,1,1,06:02:2021,17:31:47,628,-3.212972,-60.598056,49.99,lev20,Almucantar,ARM_Manacapuru,288,288.492905,0.040033,0.029771,0.037791,0.040219,0.149368,58.716125,59.457008,3.531623,0.117153,0.524167,4,10,7,5,4,10,7,5,4,10,7,5,3,10,8,4,0.02856,0.0443,0.35646,0.36025,1,1,06:02:2021,17:31:47,628,-3.212972,-60.598056,49.99,lev20,Almucantar,1.0437114484828696,0.4615258754766129,0.6464959153209495,Unclassified,Unclassified,,Unknown
15:10:2015,12:14:15,ARM_Manacapuru,288,288.509896,0.4935,0.289,0.2317,0.2057,0.3772,0.1563,0.0898,0.0609,0.1163,0.1327,0.1419,0.1448,1.119255,52.674695,53.415326,3.268909,0.116364,0.490585,3,10,8,4,3,10,8,3,3,10,8,4,4,10,8,4,0.02726,0.04236,0.34188,0.34592,1,1,06:02:2021,17:32:08,628,-3.212972,-60.598056,49.99,lev20,Almucantar,ARM_Manacapuru,288,288.509896,0.490585,0.286265,0.231699,0.20611,1.11244,52.674695,53.415326,3.268909,0.116364,0.490585,3,10,8,4,3,10,8,3,3,10,8,4,4,10,8,4,0.02726,0.04236,0.34188,0.34592,1,1,06:02:2021,17:32:08,628,-3.212972,-60.598056,49.99,lev20,Almucantar,ARM_Manacapuru,288,288.509896,1.4785,1.4798,1.4878,1.484,0.005762,0.004624,0.008498,0.010119,52.674695,53.415326,3.268909,0.116364,0.490585,3,10,8,4,3,10,8,3,3,10,8,4,4,10,8,4,0.02726,0.04236,0.34188,0.34592,1,1,06:02:2021,17:32:08,628,-3.212972,-60.598056,49.99,lev20,Almucantar,ARM_Manacapuru,288,288.509896,0.9292,0.9308,0.8863,0.8698,52.674695,53.415326,3.268909,0.116364,0.490585,3,10,8,4,3,10,8,3,3,10,8,4,4,10,8,4,0.02726,0.04236,0.34188,0.34592,1,1,06:02:2021,17:32:08,628,-3.212972,-60.598056,49.99,lev20,Almucantar,ARM_Manacapuru,288,288.509896,0.034921,0.019998,0.02633,0.026775,0.507709,52.674695,53.415326,3.268909,0.116364,0.490585,3,10,8,4,3,10,8,3,3,10,8,4,4,10,8,4,0.02726,0.04236,0.34188,0.34592,1,1,06:02:2021,17:32:08,628,-3.212972,-60.598056,49.99,lev20,Almucantar,1.1090786657012017,0.42826646933979595,0.6534422140442344,Unclassified,Unclassified,,Unknown
16:10:2015,20:33:28,ARM_Manacapuru,289,289.856574,1.1622,0.5202,0.3248,0.244,1.0793,0.4247,0.2253,0.1443,0.0829,0.0955,0.0996,0.0997,1.862549,71.811871,71.072913,2.258153,0.026427,1.160504,4,10,7,6,4,10,7,6,4,10,7,6,4,10,6,5,0.03366,0.05149,0.40678,0.40368,1,1,06:02:2021,17:36:06,628,-3.212972,-60.598056,49.99,lev20,Almucantar,ARM_Manacapuru,289,289.856574,1.160504,0.520037,0.324459,0.243297,1.861727,71.811871,71.072913,2.258153,0.026427,1.160504,4,10,7,6,4,10,7,6,4,10,7,6,4,10,6,5,0.03366,0.05149,0.40678,0.40368,1,1,06:02:2021,17:36:06,628,-3.212972,-60.598056,49.99,lev20,Almucantar,ARM_Manacapuru,289,289.856574,1.414,1.4339,1.4428,1.439,0.009674,0.00774,0.00776,0.007704,71.811871,71.072913,2.258153,0.026427,1.160504,4,10,7,6,4,10,7,6,4,10,7,6,4,10,6,5,0.03366,0.05149,0.40678,0.40368,1,1,06:02:2021,17:36:06,628,-3.212972,-60.598056,49.99,lev20,Almucantar,ARM_Manacapuru,289,289.856574,0.9248,0.9188,0.9028,0.893,71.811871,71.072913,2.258153,0.026427,1.160504,4,10,7,6,4,10,7,6,4,10,7,6,4,10,6,5,0.03366,0.05149,0.40678,0.40368,1,1,06:02:2021,17:36:06,628,-3.212972,-60.598056,49.99,lev20,Almucantar,ARM_Manacapuru,289,289.856574,0.087426,0.042242,0.031559,0.026109,1.509937,71.811871,71.072913,2.258153,0.026427,1.160504,4,10,7,6,4,10,7,6,4,10,7,6,4,10,6,5,0.03366,0.05149,0.40678,0.40368,1,1,06:02:2021,17:36:06,628,-3.212972,-60.598056,49.99,lev20,Almucantar,1.8700687452337124,0.9150812388681127,0.8823362222604272,BCL,Biomass,,Unknown
17:10:2015,11:06:51,ARM_Manacapuru,290,290.46309,1.0565,0.5499,0.3871,0.3196,0.9313,0.4099,0.2386,0.1669,0.1253,0.14,0.1485,0.1527,1.471865,69.209059,69.947776,3.45944,0.044078,1.053024,4,10,7,6,4,10,7,6,4,10,7,6,4,10,6,5,0.03196,0.0494,0.39502,0.39832,1,1,06:02:2021,18:02:57,628,-3.212972,-60.598056,49.99,lev20,Almucantar,ARM_Manacapuru,290,290.46309,1.053024,0.548887,0.386149,0.319235,1.470414,69.209059,69.947776,3.45944,0.044078,1.053024,4,10,7,6,4,10,7,6,4,10,7,6,4,10,6,5,0.03196,0.0494,0.39502,0.39832,1,1,06:02:2021,18:02:57,628,-3.212972,-60.598056,49.99,lev20,Almucantar,ARM_Manacapuru,290,290.46309,1.4844,1.5073,1.5323,1.5474,0.005396,0.003101,0.002935,0.002871,69.209059,69.947776,3.45944,0.044078,1.053024,4,10,7,6,4,10,7,6,4,10,7,6,4,10,6,5,0.03196,0.0494,0.39502,0.39832,1,1,06:02:2021,18:02:57,628,-3.212972,-60.598056,49.99,lev20,Almucantar,ARM_Manacapuru,290,290.46309,0.954,0.9648,0.9632,0.9628,69.209059,69.947776,3.45944,0.044078,1.053024,4,10,7,6,4,10,7,6,4,10,7,6,4,10,6,5,0.03196,0.0494,0.39502,0.39832,1,1,06:02:2021,18:02:57,628,-3.212972,-60.598056,49.99,lev20,Almucantar,ARM_Manacapuru,290,290.46309,0.048614,0.019355,0.014232,0.011888,1.831414,69.209059,69.947776,3.45944,0.044078,1.053024,4,10,7,6,4,10,7,6,4,10,7,6,4,10,6,5,0.03196,0.0494,0.39502,0.39832,1,1,06:02:2021,18:02:57,628,-3.212972,-60.598056,49.99,lev20,Almucantar,1.4727982326324225,0.8751926848964653,0.8202667829188585,FNA,Biomass,,Unknown
18:10:2015,20:33:00,ARM_Manacapuru,291,291.85625,1.2936,0.583,0.363,0.2726,1.2571,0.5449,0.3245,0.2337,0.0366,0.0381,0.0385,0.0389,1.855514,71.792075,71.054655,3.270164,0.013852,1.291398,4,10,7,5,4,10,7,6,4,9,7,6,4,5,7,6,0.03366,0.05148,0.40672,0.40359,1,1,06:02:2021,18:19:59,628,-3.212972,-60.598056,49.99,lev20,Almucantar,ARM_Manacapuru,291,291.85625,1.291398,0.582478,0.362718,0.272153,1.854104,71.792075,71.054655,3.270164,0.013852,1.291398,4,10,7,5,4,10,7,6,4,9,7,6,4,5,7,6,0.03366,0.05148,0.40672,0.40359,1,1,06:02:2021,18:19:59,628,-3.212972,-60.598056,49.99,lev20,Almucantar,ARM_Manacapuru,291,291.85625,1.5676,1.5307,1.5167,1.5007,0.014968,0.013047,0.013086,0.013196,71.792075,71.054655,3.270164,0.013852,1.291398,4,10,7,5,4,10,7,6,4,9,7,6,4,5,7,6,0.03366,0.05148,0.40672,0.40359,1,1,06:02:2021,18:19:59,628,-3.212972,-60.598056,49.99,lev20,Almucantar,ARM_Manacapuru,291,291.85625,0.9167,0.9033,0.884,0.8701,71.792075,71.054655,3.270164,0.013852,1.291398,4,10,7,5,4,10,7,6,4,9,7,6,4,5,7,6,0.03366,0.05148,0.40672,0.40359,1,1,06:02:2021,18:19:59,628,-3.212972,-60.598056,49.99,lev20,Almucantar,ARM_Manacapuru,291,291.85625,0.10776,0.056385,0.042123,0.035413,1.38622,71.792075,71.054655,3.270164,0.013852,1.291398,4,10,7,5,4,10,7,6,4,9,7,6,4,5,7,6,0.03366,0.05148,0.40672,0.40359,1,1,06:02:2021,18:19:59,628,-3.212972,-60.598056,49.99,lev20,Almucantar,1.8640853995466524,1.0193209882983765,0.956141906845834,BCL,Biomass,,Unknown
19:10:2015,10:46:12,ARM_Manacapuru,292,292.44875,1.2292,0.5798,0.3603,0.268,1.1822,0.531,0.3082,0.2132,0.047,0.0487,0.0521,0.0548,1.787284,74.186986,74.923065,2.958006,0.019382,1.227593,4,10,7,6,4,10,7,6,4,10,7,6,4,10,7,5,0.03442,0.05308,0.42187,0.42483,1,1,06:02:2021,17:50:27,628,-3.212972,-60.598056,49.99,lev20,Almucantar,ARM_Manacapuru,292,292.44875,1.227593,0.579484,0.359745,0.267721,1.787397,74.186986,74.923065,2.958006,0.019382,1.227593,4,10,7,6,4,10,7,6,4,10,7,6,4,10,7,5,0.03442,0.05308,0.42187,0.42483,1,1,06:02:2021,17:50:27,628,-3.212972,-60.598056,49.99,lev20,Almucantar,ARM_Manacapuru,292,292.44875,1.4265,1.4422,1.4473,1.4441,0.005603,0.00568,0.006121,0.006179,74.186986,74.923065,2.958006,0.019382,1.227593,4,10,7,6,4,10,7,6,4,10,7,6,4,10,7,5,0.03442,0.05308,0.42187,0.42483,1,1,06:02:2021,17:50:27,628,-3.212972,-60.598056,49.99,lev20,Almucantar,ARM_Manacapuru,292,292.44875,0.958,0.9447,0.9291,0.9203,74.186986,74.923065,2.958006,0.019382,1.227593,4,10,7,6,4,10,7,6,4,10,7,6,4,10,7,5,0.03442,0.05308,0.42187,0.42483,1,1,06:02:2021,17:50:27,628,-3.212972,-60.598056,49.99,lev20,Almucantar,ARM_Manacapuru,292,292.44875,0.051664,0.032035,0.02553,0.021357,1.038248,74.186986,74.923065,2.958006,0.019382,1.227593,4,10,7,6,4,10,7,6,4,10,7,6,4,10,7,5,0.03442,0.05308,0.42187,0.42483,1,1,06:02:2021,17:50:27,628,-3.212972,-60.598056,49.99,lev20,Almucantar,1.8001298776238048,0.9765267647936676,0.9446971765046134,FNA,Biomass,,Unknown
22:10:2015,12:13:24,ARM_Manacapuru,295,295.509306,0.736,0.3541,0.2204,0.1582,0.7052,0.3207,0.1838,0.1196,0.0308,0.0334,0.0366,0.0386,1.754447,52.709009,53.442516,1.028386,0.042612,0.735393,3,10,8,4,3,10,8,4,3,10,8,4,4,10,8,4,0.02724,0.04236,0.34281,0.34681,1,1,06:02:2021,18:47:04,628,-3.212972,-60.598056,49.99,lev20,Almucantar,ARM_Manacapuru,295,295.509306,0.735393,0.353523,0.22051,0.159074,1.752923,52.709009,53.442516,1.028386,0.042612,0.735393,3,10,8,4,3,10,8,4,3,10,8,4,4,10,8,4,0.02724,0.04236,0.34281,0.34681,1,1,06:02:2021,18:47:04,628,-3.212972,-60.598056,49.99,lev20,Almucantar,ARM_Manacapuru,295,295.509306,1.4952,1.4886,1.4847,1.4645,0.010942,0.010137,0.012642,0.013381,52.709009,53.442516,1.028386,0.042612,0.735393,3,10,8,4,3,10,8,4,3,10,8,4,4,10,8,4,0.02724,0.04236,0.34281,0.34681,1,1,06:02:2021,18:47:04,628,-3.212972,-60.598056,49.99,lev20,Almucantar,ARM_Manacapuru,295,295.509306,0.9356,0.9238,0.8922,0.8697,52.709009,53.442516,1.028386,0.042612,0.735393,3,10,8,4,3,10,8,4,3,10,8,4,4,10,8,4,0.02724,0.04236,0.34281,0.34681,1,1,06:02:2021,18:47:04,628,-3.212972,-60.598056,49.99,lev20,Almucantar,ARM_Manacapuru,295,295.509306,0.047375,0.02699,0.02377,0.020601,1.03964,52.709009,53.442516,1.028386,0.042612,0.735393,3,10,8,4,3,10,8,4,3,10,8,4,4,10,8,4,0.02724,0.04236,0.34281,0.34681,1,1,06:02:2021,18:47:04,628,-3.212972,-60.598056,49.99,lev20,Almucantar,1.7687448242165456,0.5870591048828934,0.9405516703631238,BCL,Arid,,Unknown
22:10:2015,19:49:14,ARM_Manacapuru,295,295.825856,0.5629,0.2583,0.1594,0.1155,0.5483,0.2432,0.144,0.0998,0.0146,0.0152,0.0154,0.0158,1.839145,61.246313,60.511945,2.579265,0.071547,0.563037,3,9,8,5,3,8,8,5,3,10,8,5,3,10,8,4,0.02949,0.04544,0.36386,0.36393,1,1,06:02:2021,18:47:55,628,-3.212972,-60.598056,49.99,lev20,Almucantar,ARM_Manacapuru,295,295.825856,0.563037,0.257671,0.160448,0.115598,1.831598,61.246313,60.511945,2.579265,0.071547,0.563037,3,9,8,5,3,8,8,5,3,10,8,5,3,10,8,4,0.02949,0.04544,0.36386,0.36393,1,1,06:02:2021,18:47:55,628,-3.212972,-60.598056,49.99,lev20,Almucantar,ARM_Manacapuru,295,295.825856,1.4737,1.4742,1.471,1.4547,0.013978,0.014114,0.015738,0.015912,61.246313,60.511945,2.579265,0.071547,0.563037,3,9,8,5,3,8,8,5,3,10,8,5,3,10,8,4,0.02949,0.04544,0.36386,0.36393,1,1,06:02:2021,18:47:55,628,-3.212972,-60.598056,49.99,lev20,Almucantar,ARM_Manacapuru,295,295.825856,0.9146,0.8867,0.847,0.8231,61.246313,60.511945,2.579265,0.071547,0.563037,3,9,8,5,3,8,8,5,3,10,8,5,3,10,8,4,0.02949,0.04544,0.36386,0.36393,1,1,06:02:2021,18:47:55,628,-3.212972,-60.598056,49.99,lev20,Almucantar,ARM_Manacapuru,295,295.825856,0.048097,0.029276,0.024382,0.020439,1.009629,61.246313,60.511945,2.579265,0.071547,0.563037,3,9,8,5,3,8,8,5,3,10,8,5,3,10,8,4,0.02949,0.04544,0.36386,0.36393,1,1,06:02:2021,18:47:55,628,-3.212972,-60.598056,49.99,lev20,Almucantar,1.8507422849211215,0.4443068229234529,0.9614581843152997,BCL,Unclassified,,Unknown
22:10:2015,20:32:04,ARM_Manacapuru,295,295.855602,0.5285,0.2404,0.1484,0.1079,0.5042,0.2148,0.1207,0.0786,0.0242,0.0256,0.0278,0.0293,1.852345,71.731037,70.997019,2.337387,0.025068,0.528407,3,10,7,6,4,10,7,6,4,10,7,6,4,10,7,5,0.0336,0.0514,0.40629,0.4033,1,1,06:02:2021,18:48:35,628,-3.212972,-60.598056,49.99,lev20,Almucantar,ARM_Manacapuru,295,295.855602,0.528407,0.24038,0.148691,0.108096,1.849538,71.731037,70.997019,2.337387,0.025068,0.528407,3,10,7,6,4,10,7,6,4,10,7,6,4,10,7,5,0.0336,0.0514,0.40629,0.4033,1,1,06:02:2021,18:48:35,628,-3.212972,-60.598056,49.99,lev20,Almucantar,ARM_Manacapuru,295,295.855602,1.5483,1.5286,1.5224,1.5025,0.01444,0.013321,0.014869,0.014809,71.731037,70.997019,2.337387,0.025068,0.528407,3,10,7,6,4,10,7,6,4,10,7,6,4,10,7,5,0.0336,0.0514,0.40629,0.4033,1,1,06:02:2021,18:48:35,628,-3.212972,-60.598056,49.99,lev20,Almucantar,ARM_Manacapuru,295,295.855602,0.9204,0.9028,0.8698,0.8519,71.731037,70.997019,2.337387,0.025068,0.528407,3,10,7,6,4,10,7,6,4,10,7,6,4,10,7,5,0.0336,0.0514,0.40629,0.4033,1,1,06:02:2021,18:48:35,628,-3.212972,-60.598056,49.99,lev20,Almucantar,ARM_Manacapuru,295,295.855602,0.042044,0.023359,0.019327,0.015988,1.159991,71.731037,70.997019,2.337387,0.025068,0.528407,3,10,7,6,4,10,7,6,4,10,7,6,4,10,7,5,0.0336,0.0514,0.40629,0.4033,1,1,06:02:2021,18:48:35,628,-3.212972,-60.598056,49.99,lev20,Almucantar,1.8631319276435319,0.4164941306504732,0.9331918699747892,BCL,Unclassified,,Unknown
22:10:2015,20:56:35,ARM_Manacapuru,295,295.872627,0.545,0.2463,0.1508,0.1102,0.5162,0.2136,0.1156,0.0741,0.0289,0.0327,0.0352,0.0361,1.873126,77.721219,76.98941,2.88612,0.011181,0.544968,4,10,7,6,4,10,7,6,4,10,7,6,4,10,7,6,0.03734,0.05679,0.4442,0.43837,1,1,06:02:2021,18:48:20,628,-3.212972,-60.598056,49.99,lev20,Almucantar,ARM_Manacapuru,295,295.872627,0.544968,0.246361,0.150682,0.109942,1.873993,77.721219,76.98941,2.88612,0.011181,0.544968,4,10,7,6,4,10,7,6,4,10,7,6,4,10,7,6,0.03734,0.05679,0.4442,0.43837,1,1,06:02:2021,18:48:20,628,-3.212972,-60.598056,49.99,lev20,Almucantar,ARM_Manacapuru,295,295.872627,1.5475,1.5348,1.5332,1.5193,0.013681,0.013235,0.014358,0.014658,77.721219,76.98941,2.88612,0.011181,0.544968,4,10,7,6,4,10,7,6,4,10,7,6,4,10,7,6,0.03734,0.05679,0.4442,0.43837,1,1,06:02:2021,18:48:20,628,-3.212972,-60.598056,49.99,lev20,Almucantar,ARM_Manacapuru,295,295.872627,0.9258,0.9048,0.8757,0.856,77.721219,76.98941,2.88612,0.011181,0.544968,4,10,7,6,4,10,7,6,4,10,7,6,4,10,7,6,0.03734,0.05679,0.4442,0.43837,1,1,06:02:2021,18:48:20,628,-3.212972,-60.598056,49.99,lev20,Almucantar,ARM_Manacapuru,295,295.872627,0.040451,0.023438,0.018751,0.015874,1.138553,77.721219,76.98941,2.88612,0.011181,0.544968,4,10,7,6,4,10,7,6,4,10,7,6,4,10,7,6,0.03734,0.05679,0.4442,0.43837,1,1,06:02:2021,18:48:20,628,-3.212972,-60.598056,49.99,lev20,Almucantar,1.884694881914989,0.42831499462543876,0.9171228541402207,BCL,Unclassified,,Unknown
23:10:2015,10:45:39,ARM_Manacapuru,296,296.448368,0.8509,0.3967,0.2404,0.174,0.8342,0.3794,0.2227,0.1559,0.0167,0.0173,0.0176,0.0181,1.838169,74.152562,74.885228,2.286988,0.016156,0.850568,4,10,7,5,4,10,7,6,4,10,7,6,4,10,7,6,0.03435,0.053,0.42152,0.4246,1,1,06:02:2021,19:13:15,628,-3.212972,-60.598056,49.99,lev20,Almucantar,ARM_Manacapuru,296,296.448368,0.850568,0.396818,0.240114,0.173893,1.839041,74.152562,74.885228,2.286988,0.016156,0.850568,4,10,7,5,4,10,7,6,4,10,7,6,4,10,7,6,0.03435,0.053,0.42152,0.4246,1,1,06:02:2021,19:13:15,628,-3.212972,-60.598056,49.99,lev20,Almucantar,ARM_Manacapuru,296,296.448368,1.4791,1.4712,1.4631,1.4506,0.010888,0.01192,0.013715,0.014179,74.152562,74.885228,2.286988,0.016156,0.850568,4,10,7,5,4,10,7,6,4,10,7,6,4,10,7,6,0.03435,0.053,0.42152,0.4246,1,1,06:02:2021,19:13:15,628,-3.212972,-60.598056,49.99,lev20,Almucantar,ARM_Manacapuru,296,296.448368,0.9351,0.9106,0.8769,0.855,74.152562,74.885228,2.286988,0.016156,0.850568,4,10,7,5,4,10,7,6,4,10,7,6,4,10,7,6,0.03435,0.053,0.42152,0.4246,1,1,06:02:2021,19:13:15,628,-3.212972,-60.598056,49.99,lev20,Almucantar,ARM_Manacapuru,296,296.448368,0.055237,0.035444,0.029587,0.025231,0.924637,74.152562,74.885228,2.286988,0.016156,0.850568,4,10,7,5,4,10,7,6,4,10,7,6,4,10,7,6,0.03435,0.053,0.42152,0.4246,1,1,06:02:2021,19:13:15,628,-3.212972,-60.598056,49.99,lev20,Almucantar,1.8541237160135824,0.6713400080516317,0.9711545220539278,BCL,Arid,,Unknown
23:10:2015,11:06:10,ARM_Manacapuru,296,296.462616,0.8463,0.3953,0.24,0.1739,0.8145,0.3607,0.2019,0.1339,0.0319,0.0346,0.038,0.04,1.832803,69.137453,69.871044,1.232779,0.009836,0.845916,4,10,7,6,4,10,7,6,4,10,7,6,4,10,7,6,0.03196,0.04939,0.39483,0.39796,1,1,06:02:2021,19:14:36,628,-3.212972,-60.598056,49.99,lev20,Almucantar,ARM_Manacapuru,296,296.462616,0.845916,0.39524,0.239702,0.173908,1.833754,69.137453,69.871044,1.232779,0.009836,0.845916,4,10,7,6,4,10,7,6,4,10,7,6,4,10,7,6,0.03196,0.04939,0.39483,0.39796,1,1,06:02:2021,19:14:36,628,-3.212972,-60.598056,49.99,lev20,Almucantar,ARM_Manacapuru,296,296.462616,1.4875,1.4763,1.4682,1.4543,0.01183,0.01182,0.014093,0.015051,69.137453,69.871044,1.232779,0.009836,0.845916,4,10,7,6,4,10,7,6,4,10,7,6,4,10,7,6,0.03196,0.04939,0.39483,0.39796,1,1,06:02:2021,19:14:36,628,-3.212972,-60.598056,49.99,lev20,Almucantar,ARM_Manacapuru,296,296.462616,0.932,0.9131,0.8764,0.8495,69.137453,69.871044,1.232779,0.009836,0.845916,4,10,7,6,4,10,7,6,4,10,7,6,4,10,7,6,0.03196,0.04939,0.39483,0.39796,1,1,06:02:2021,19:14:36,628,-3.212972,-60.598056,49.99,lev20,Almucantar,ARM_Manacapuru,296,296.462616,0.057528,0.034333,0.029669,0.026183,0.992157,69.137453,69.871044,1.232779,0.009836,0.845916,4,10,7,6,4,10,7,6,4,10,7,6,4,10,7,6,0.03196,0.04939,0.39483,0.39796,1,1,06:02:2021,19:14:36,628,-3.212972,-60.598056,49.99,lev20,Almucantar,1.8486149511135923,0.6681810868192101,0.9448933915658847,BCL,Arid,,Unknown
23:10:2015,11:48:42,ARM_Manacapuru,296,296.492153,0.8228,0.3828,0.2326,0.1663,0.7939,0.3518,0.1987,0.1304,0.0289,0.031,0.034,0.0358,1.837914,58.735095,59.468536,1.710938,0.035296,0.822248,4,10,7,5,4,10,7,5,4,10,7,5,3,10,8,5,0.02855,0.04431,0.35733,0.36103,1,1,06:02:2021,19:14:37,628,-3.212972,-60.598056,49.99,lev20,Almucantar,ARM_Manacapuru,296,296.492153,0.822248,0.382405,0.232834,0.166414,1.83582,58.735095,59.468536,1.710938,0.035296,0.822248,4,10,7,5,4,10,7,5,4,10,7,5,3,10,8,5,0.02855,0.04431,0.35733,0.36103,1,1,06:02:2021,19:14:37,628,-3.212972,-60.598056,49.99,lev20,Almucantar,ARM_Manacapuru,296,296.492153,1.5302,1.5075,1.5001,1.4829,0.01154,0.010947,0.012306,0.012597,58.735095,59.468536,1.710938,0.035296,0.822248,4,10,7,5,4,10,7,5,4,10,7,5,3,10,8,5,0.02855,0.04431,0.35733,0.36103,1,1,06:02:2021,19:14:37,628,-3.212972,-60.598056,49.99,lev20,Almucantar,ARM_Manacapuru,296,296.492153,0.9369,0.9236,0.8988,0.8815,58.735095,59.468536,1.710938,0.035296,0.822248,4,10,7,5,4,10,7,5,4,10,7,5,3,10,8,5,0.02855,0.04431,0.35733,0.36103,1,1,06:02:2021,19:14:37,628,-3.212972,-60.598056,49.99,lev20,Almucantar,ARM_Manacapuru,296,296.492153,0.05189,0.029261,0.02355,0.019699,1.172922,58.735095,59.468536,1.710938,0.035296,0.822248,4,10,7,5,4,10,7,5,4,10,7,5,3,10,8,5,0.02855,0.04431,0.35733,0.36103,1,1,06:02:2021,19:14:37,628,-3.212972,-60.598056,49.99,lev20,Almucantar,1.8532472655232424,0.6492425083751524,0.9495728759451664,BCL,Arid,,Unknown
23:10:2015,12:13:15,ARM_Manacapuru,296,296.509201,0.8879,0.415,0.2543,0.1827,0.8706,0.3969,0.236,0.1642,0.0173,0.0181,0.0183,0.0185,1.819755,52.737637,53.46998,1.892674,0.048702,0.887094,3,10,8,4,3,10,8,4,3,10,8,4,4,10,8,4,0.02726,0.04238,0.34294,0.34687,1,1,06:02:2021,19:14:45,628,-3.212972,-60.598056,49.99,lev20,Almucantar,ARM_Manacapuru,296,296.509201,0.887094,0.414725,0.254363,0.183055,1.818186,52.737637,53.46998,1.892674,0.048702,0.887094,3,10,8,4,3,10,8,4,3,10,8,4,4,10,8,4,0.02726,0.04238,0.34294,0.34687,1,1,06:02:2021,19:14:45,628,-3.212972,-60.598056,49.99,lev20,Almucantar,ARM_Manacapuru,296,296.509201,1.5207,1.5053,1.5031,1.4886,0.010285,0.008578,0.009234,0.009409,52.737637,53.46998,1.892674,0.048702,0.887094,3,10,8,4,3,10,8,4,3,10,8,4,4,10,8,4,0.02726,0.04238,0.34294,0.34687,1,1,06:02:2021,19:14:45,628,-3.212972,-60.598056,49.99,lev20,Almucantar,ARM_Manacapuru,296,296.509201,0.9423,0.9388,0.9212,0.9085,52.737637,53.46998,1.892674,0.048702,0.887094,3,10,8,4,3,10,8,4,3,10,8,4,4,10,8,4,0.02726,0.04238,0.34294,0.34687,1,1,06:02:2021,19:14:45,628,-3.212972,-60.598056,49.99,lev20,Almucantar,ARM_Manacapuru,296,296.509201,0.051262,0.025412,0.020045,0.016725,1.399324,52.737637,53.46998,1.892674,0.048702,0.887094,3,10,8,4,3,10,8,4,3,10,8,4,4,10,8,4,0.02726,0.04238,0.34294,0.34687,1,1,06:02:2021,19:14:45,628,-3.212972,-60.598056,49.99,lev20,Almucantar,1.8341067164899008,0.702326979790923,0.9711157655313507,BCL,Biomass,,Unknown
27:10:2015,12:13:25,ARM_Manacapuru,300,300.509317,0.9596,0.542,0.4022,0.3354,0.8224,0.3905,0.2432,0.173,0.1372,0.1516,0.159,0.1624,1.276178,52.707998,53.435326,3.725217,0.273323,0.954924,3,10,8,4,3,10,8,4,3,10,8,4,4,10,8,4,0.02731,0.04238,0.34327,0.34691,1,1,06:02:2021,19:33:41,628,-3.212972,-60.598056,49.99,lev20,Almucantar,ARM_Manacapuru,300,300.509317,0.954924,0.538564,0.399734,0.339236,1.278199,52.707998,53.435326,3.725217,0.273323,0.954924,3,10,8,4,3,10,8,4,3,10,8,4,4,10,8,4,0.02731,0.04238,0.34327,0.34691,1,1,06:02:2021,19:33:41,628,-3.212972,-60.598056,49.99,lev20,Almucantar,ARM_Manacapuru,300,300.509317,1.5198,1.5513,1.587,1.6,0.008164,0.007577,0.010082,0.011145,52.707998,53.435326,3.725217,0.273323,0.954924,3,10,8,4,3,10,8,4,3,10,8,4,4,10,8,4,0.02731,0.04238,0.34327,0.34691,1,1,06:02:2021,19:33:41,628,-3.212972,-60.598056,49.99,lev20,Almucantar,ARM_Manacapuru,300,300.509317,0.9335,0.9234,0.8947,0.883,52.707998,53.435326,3.725217,0.273323,0.954924,3,10,8,4,3,10,8,4,3,10,8,4,4,10,8,4,0.02731,0.04238,0.34327,0.34691,1,1,06:02:2021,19:33:41,628,-3.212972,-60.598056,49.99,lev20,Almucantar,ARM_Manacapuru,300,300.509317,0.063815,0.041535,0.042336,0.039262,0.64233,52.707998,53.435326,3.725217,0.273323,0.954924,3,10,8,4,3,10,8,4,3,10,8,4,4,10,8,4,0.02731,0.04238,0.34327,0.34691,1,1,06:02:2021,19:33:41,628,-3.212972,-60.598056,49.99,lev20,Almucantar,1.2755515261747992,0.8152203777532652,0.7948195763643596,BCL,Biomass,,Unknown
31:10:2015,12:13:34,ARM_Manacapuru,304,304.509421,0.4152,0.2255,0.1576,0.1288,0.3668,0.1726,0.1019,0.0721,0.0484,0.0529,0.0557,0.0567,1.415162,52.750948,53.472844,5.415972,0.550878,0.411822,3,10,8,4,3,10,7,4,3,10,5,3,4,10,5,3,0.02732,0.0424,0.34341,0.34699,1,1,06:02:2021,20:04:18,628,-3.212972,-60.598056,49.99,lev20,Almucantar,ARM_Manacapuru,304,304.509421,0.411822,0.222597,0.164907,0.136017,1.346675,52.750948,53.472844,5.415972,0.550878,0.411822,3,10,8,4,3,10,7,4,3,10,5,3,4,10,5,3,0.02732,0.0424,0.34341,0.34699,1,1,06:02:2021,20:04:18,628,-3.212972,-60.598056,49.99,lev20,Almucantar,ARM_Manacapuru,304,304.509421,1.59,1.6,1.6,1.6,0.018896,0.024098,0.032602,0.034804,52.750948,53.472844,5.415972,0.550878,0.411822,3,10,8,4,3,10,7,4,3,10,5,3,4,10,5,3,0.02732,0.0424,0.34341,0.34699,1,1,06:02:2021,20:04:18,628,-3.212972,-60.598056,49.99,lev20,Almucantar,ARM_Manacapuru,304,304.509421,0.8902,0.8382,0.7768,0.7522,52.750948,53.472844,5.415972,0.550878,0.411822,3,10,8,4,3,10,7,4,3,10,5,3,4,10,5,3,0.02732,0.0424,0.34341,0.34699,1,1,06:02:2021,20:04:18,628,-3.212972,-60.598056,49.99,lev20,Almucantar,ARM_Manacapuru,304,304.509421,0.045568,0.036479,0.035176,0.031921,0.393026,52.750948,53.472844,5.415972,0.550878,0.411822,3,10,8,4,3,10,7,4,3,10,5,3,4,10,5,3,0.02732,0.0424,0.34341,0.34699,1,1,06:02:2021,20:04:18,628,-3.212972,-60.598056,49.99,lev20,Almucantar,1.4209680038272359,0.3462334301225692,0.8307220081042751,BCM,Urban,,Unknown
08:11:2015,20:30:56,ARM_Manacapuru,312,312.854815,0.5121,0.2347,0.147,0.1092,0.4833,0.2035,0.1133,0.0739,0.0288,0.0312,0.0337,0.0352,1.821738,71.743704,71.027557,2.577249,0.025429,0.511797,4,10,7,6,4,10,7,5,4,10,7,5,4,10,7,5,0.03334,0.05103,0.40653,0.40235,1,1,06:02:2021,20:53:58,628,-3.212972,-60.598056,49.99,lev20,Almucantar,ARM_Manacapuru,312,312.854815,0.511797,0.234649,0.147205,0.108767,1.819061,71.743704,71.027557,2.577249,0.025429,0.511797,4,10,7,6,4,10,7,5,4,10,7,5,4,10,7,5,0.03334,0.05103,0.40653,0.40235,1,1,06:02:2021,20:53:58,628,-3.212972,-60.598056,49.99,lev20,Almucantar,ARM_Manacapuru,312,312.854815,1.4579,1.4607,1.465,1.4554,0.007464,0.006657,0.007128,0.007219,71.743704,71.027557,2.577249,0.025429,0.511797,4,10,7,6,4,10,7,5,4,10,7,5,4,10,7,5,0.03334,0.05103,0.40653,0.40235,1,1,06:02:2021,20:53:58,628,-3.212972,-60.598056,49.99,lev20,Almucantar,ARM_Manacapuru,312,312.854815,0.9488,0.9379,0.9218,0.9117,71.743704,71.027557,2.577249,0.025429,0.511797,4,10,7,6,4,10,7,5,4,10,7,5,4,10,7,5,0.03334,0.05103,0.40653,0.40235,1,1,06:02:2021,20:53:58,628,-3.212972,-60.598056,49.99,lev20,Almucantar,ARM_Manacapuru,312,312.854815,0.026229,0.014562,0.011492,0.009645,1.222708,71.743704,71.027557,2.577249,0.025429,0.511797,4,10,7,6,4,10,7,5,4,10,7,5,4,10,7,5,0.03334,0.05103,0.40653,0.40235,1,1,06:02:2021,20:53:58,628,-3.212972,-60.598056,49.99,lev20,Almucantar,1.8307957898083225,0.4052414734252204,0.9155907427158071,BCL,Unclassified,,Unknown
08:11:2015,20:56:06,ARM_Manacapuru,312,312.872292,0.5346,0.2452,0.1527,0.1139,0.505,0.2124,0.1174,0.0773,0.0295,0.0328,0.0353,0.0367,1.828003,77.74599,77.031438,4.055609,0.017904,0.534503,4,10,7,5,4,10,7,6,4,10,7,6,4,10,7,5,0.03701,0.05638,0.4446,0.43727,1,1,06:02:2021,20:54:20,628,-3.212972,-60.598056,49.99,lev20,Almucantar,ARM_Manacapuru,312,312.872292,0.534503,0.245329,0.152894,0.113486,1.825933,77.74599,77.031438,4.055609,0.017904,0.534503,4,10,7,5,4,10,7,6,4,10,7,6,4,10,7,5,0.03701,0.05638,0.4446,0.43727,1,1,06:02:2021,20:54:20,628,-3.212972,-60.598056,49.99,lev20,Almucantar,ARM_Manacapuru,312,312.872292,1.4152,1.4244,1.4295,1.4243,0.005894,0.00541,0.005459,0.005469,77.74599,77.031438,4.055609,0.017904,0.534503,4,10,7,5,4,10,7,6,4,10,7,6,4,10,7,5,0.03701,0.05638,0.4446,0.43727,1,1,06:02:2021,20:54:20,628,-3.212972,-60.598056,49.99,lev20,Almucantar,ARM_Manacapuru,312,312.872292,0.9539,0.9442,0.9325,0.9247,77.74599,77.031438,4.055609,0.017904,0.534503,4,10,7,5,4,10,7,6,4,10,7,6,4,10,7,5,0.03701,0.05638,0.4446,0.43727,1,1,06:02:2021,20:54:20,628,-3.212972,-60.598056,49.99,lev20,Almucantar,ARM_Manacapuru,312,312.872292,0.024656,0.013686,0.010306,0.00858,1.284094,77.74599,77.031438,4.055609,0.017904,0.534503,4,10,7,5,4,10,7,6,4,10,7,6,4,10,7,5,0.03701,0.05638,0.4446,0.43727,1,1,06:02:2021,20:54:20,628,-3.212972,-60.598056,49.99,lev20,Almucantar,1.8380660339067796,0.42265347088273564,0.9146963035799371,FNA,Unclassified,,Unknown
10:11:2015,12:15:35,ARM_Manacapuru,314,314.510822,0.6311,0.3173,0.2149,0.1689,0.5618,0.2384,0.1319,0.0851,0.0693,0.0789,0.083,0.0838,1.575995,52.755106,53.462166,1.499782,0.036283,0.630731,3,10,8,4,3,10,8,4,3,10,8,4,4,10,8,3,0.02701,0.04205,0.34309,0.34606,1,1,06:02:2021,21:40:50,628,-3.212972,-60.598056,49.99,lev20,Almucantar,ARM_Manacapuru,314,314.510822,0.630731,0.316591,0.215062,0.16819,1.574664,52.755106,53.462166,1.499782,0.036283,0.630731,3,10,8,4,3,10,8,4,3,10,8,4,4,10,8,3,0.02701,0.04205,0.34309,0.34606,1,1,06:02:2021,21:40:50,628,-3.212972,-60.598056,49.99,lev20,Almucantar,ARM_Manacapuru,314,314.510822,1.4716,1.4668,1.4659,1.4542,0.010004,0.008727,0.01124,0.011183,52.755106,53.462166,1.499782,0.036283,0.630731,3,10,8,4,3,10,8,4,3,10,8,4,4,10,8,3,0.02701,0.04205,0.34309,0.34606,1,1,06:02:2021,21:40:50,628,-3.212972,-60.598056,49.99,lev20,Almucantar,ARM_Manacapuru,314,314.510822,0.9257,0.9158,0.8818,0.8729,52.755106,53.462166,1.499782,0.036283,0.630731,3,10,8,4,3,10,8,4,3,10,8,4,4,10,8,3,0.02701,0.04205,0.34309,0.34606,1,1,06:02:2021,21:40:50,628,-3.212972,-60.598056,49.99,lev20,Almucantar,ARM_Manacapuru,314,314.510822,0.046866,0.026713,0.0254,0.021477,0.939034,52.755106,53.462166,1.499782,0.036283,0.630731,3,10,8,4,3,10,8,4,3,10,8,4,4,10,8,3,0.02701,0.04205,0.34309,0.34606,1,1,06:02:2021,21:40:50,628,-3.212972,-60.598056,49.99,lev20,Almucantar,1.5802586391043916,0.5156635608109943,0.831094086018965,BCL,Arid,,Unknown
14:11:2015,10:45:51,ARM_Manacapuru,318,318.448507,0.9015,0.4388,0.2843,0.2195,0.8501,0.3856,0.2287,0.162,0.0514,0.0532,0.0556,0.0574,1.684099,74.201774,74.911251,2.832005,0.018402,0.899736,4,10,7,6,4,10,7,6,4,10,7,6,4,10,7,6,0.03397,0.05256,0.42161,0.4232,1,1,06:02:2021,21:41:21,628,-3.212972,-60.598056,49.99,lev20,Almucantar,ARM_Manacapuru,318,318.448507,0.899736,0.438519,0.283671,0.219444,1.684102,74.201774,74.911251,2.832005,0.018402,0.899736,4,10,7,6,4,10,7,6,4,10,7,6,4,10,7,6,0.03397,0.05256,0.42161,0.4232,1,1,06:02:2021,21:41:21,628,-3.212972,-60.598056,49.99,lev20,Almucantar,ARM_Manacapuru,318,318.448507,1.4177,1.4429,1.4582,1.4642,0.005322,0.00477,0.005156,0.005185,74.201774,74.911251,2.832005,0.018402,0.899736,4,10,7,6,4,10,7,6,4,10,7,6,4,10,7,6,0.03397,0.05256,0.42161,0.4232,1,1,06:02:2021,21:41:21,628,-3.212972,-60.598056,49.99,lev20,Almucantar,ARM_Manacapuru,318,318.448507,0.9546,0.9467,0.9325,0.9257,74.201774,74.911251,2.832005,0.018402,0.899736,4,10,7,6,4,10,7,6,4,10,7,6,4,10,7,6,0.03397,0.05256,0.42161,0.4232,1,1,06:02:2021,21:41:21,628,-3.212972,-60.598056,49.99,lev20,Almucantar,ARM_Manacapuru,318,318.448507,0.040953,0.023368,0.019203,0.01631,1.127432,74.201774,74.911251,2.832005,0.018402,0.899736,4,10,7,6,4,10,7,6,4,10,7,6,4,10,7,6,0.03397,0.05256,0.42161,0.4232,1,1,06:02:2021,21:41:21,628,-3.212972,-60.598056,49.99,lev20,Almucantar,1.692824897410223,0.7260802374572937,0.9167958132921765,FNA,Biomass,,Unknown
14:11:2015,11:07:08,ARM_Manacapuru,318,318.463287,0.8709,0.425,0.2768,0.2143,0.814,0.3624,0.2108,0.1468,0.0569,0.0627,0.066,0.0675,1.673293,69.167254,69.876737,2.987228,0.02326,0.869152,4,10,7,6,4,10,7,6,4,10,7,6,4,10,7,5,0.03161,0.04899,0.39466,0.39672,1,1,06:02:2021,21:42:13,628,-3.212972,-60.598056,49.99,lev20,Almucantar,ARM_Manacapuru,318,318.463287,0.869152,0.424682,0.276026,0.21446,1.674006,69.167254,69.876737,2.987228,0.02326,0.869152,4,10,7,6,4,10,7,6,4,10,7,6,4,10,7,5,0.03161,0.04899,0.39466,0.39672,1,1,06:02:2021,21:42:13,628,-3.212972,-60.598056,49.99,lev20,Almucantar,ARM_Manacapuru,318,318.463287,1.3651,1.3999,1.4213,1.4321,0.004834,0.004239,0.004591,0.004729,69.167254,69.876737,2.987228,0.02326,0.869152,4,10,7,6,4,10,7,6,4,10,7,6,4,10,7,5,0.03161,0.04899,0.39466,0.39672,1,1,06:02:2021,21:42:13,628,-3.212972,-60.598056,49.99,lev20,Almucantar,ARM_Manacapuru,318,318.463287,0.9535,0.9464,0.933,0.9251,69.167254,69.876737,2.987228,0.02326,0.869152,4,10,7,6,4,10,7,6,4,10,7,6,4,10,7,5,0.03161,0.04899,0.39466,0.39672,1,1,06:02:2021,21:42:13,628,-3.212972,-60.598056,49.99,lev20,Almucantar,ARM_Manacapuru,318,318.463287,0.040486,0.022777,0.018543,0.016043,1.161604,69.167254,69.876737,2.987228,0.02326,0.869152,4,10,7,6,4,10,7,6,4,10,7,6,4,10,7,5,0.03161,0.04899,0.39466,0.39672,1,1,06:02:2021,21:42:13,628,-3.212972,-60.598056,49.99,lev20,Almucantar,1.6813860290124345,0.7024610218801306,0.9002628064797351,FNA,Biomass,,Unknown
14:11:2015,11:51:13,ARM_Manacapuru,318,318.4939,0.8189,0.401,0.2633,0.2022,0.7732,0.3535,0.2136,0.1508,0.0457,0.0475,0.0498,0.0515,1.657364,58.765229,59.470938,4.430566,0.264271,0.822338,4,10,7,5,4,10,7,5,4,10,7,5,3,10,8,5,0.02828,0.04395,0.35751,0.36013,1,1,06:02:2021,21:42:08,628,-3.212972,-60.598056,49.99,lev20,Almucantar,ARM_Manacapuru,318,318.4939,0.822338,0.400889,0.262784,0.203191,1.666501,58.765229,59.470938,4.430566,0.264271,0.822338,4,10,7,5,4,10,7,5,4,10,7,5,3,10,8,5,0.02828,0.04395,0.35751,0.36013,1,1,06:02:2021,21:42:08,628,-3.212972,-60.598056,49.99,lev20,Almucantar,ARM_Manacapuru,318,318.4939,1.4067,1.431,1.4503,1.4552,0.003104,0.003068,0.003185,0.003225,58.765229,59.470938,4.430566,0.264271,0.822338,4,10,7,5,4,10,7,5,4,10,7,5,3,10,8,5,0.02828,0.04395,0.35751,0.36013,1,1,06:02:2021,21:42:08,628,-3.212972,-60.598056,49.99,lev20,Almucantar,ARM_Manacapuru,318,318.4939,0.9717,0.9641,0.9567,0.952,58.765229,59.470938,4.430566,0.264271,0.822338,4,10,7,5,4,10,7,5,4,10,7,5,3,10,8,5,0.02828,0.04395,0.35751,0.36013,1,1,06:02:2021,21:42:08,628,-3.212972,-60.598056,49.99,lev20,Almucantar,ARM_Manacapuru,318,318.4939,0.023194,0.014414,0.011397,0.009713,1.04503,58.765229,59.470938,4.430566,0.264271,0.822338,4,10,7,5,4,10,7,5,4,10,7,5,3,10,8,5,0.02828,0.04395,0.35751,0.36013,1,1,06:02:2021,21:42:08,628,-3.212972,-60.598056,49.99,lev20,Almucantar,1.6644229769018946,0.6619520858981509,0.9188413316952688,FNA,Arid,,Unknown
14:11:2015,12:16:50,ARM_Manacapuru,318,318.51169,0.8166,0.4046,0.2692,0.2086,0.7555,0.3379,0.1984,0.1354,0.0611,0.0667,0.0708,0.0732,1.621882,52.760328,53.461296,2.989493,0.048283,0.815328,3,10,8,4,3,10,8,3,3,10,8,4,4,10,8,4,0.02701,0.04205,0.34311,0.34606,1,1,06:02:2021,21:42:02,628,-3.212972,-60.598056,49.99,lev20,Almucantar,ARM_Manacapuru,318,318.51169,0.815328,0.403713,0.268897,0.207782,1.621477,52.760328,53.461296,2.989493,0.048283,0.815328,3,10,8,4,3,10,8,3,3,10,8,4,4,10,8,4,0.02701,0.04205,0.34311,0.34606,1,1,06:02:2021,21:42:02,628,-3.212972,-60.598056,49.99,lev20,Almucantar,ARM_Manacapuru,318,318.51169,1.388,1.4237,1.4481,1.4548,0.004914,0.00477,0.005153,0.005089,52.760328,53.461296,2.989493,0.048283,0.815328,3,10,8,4,3,10,8,3,3,10,8,4,4,10,8,4,0.02701,0.04205,0.34311,0.34606,1,1,06:02:2021,21:42:02,628,-3.212972,-60.598056,49.99,lev20,Almucantar,ARM_Manacapuru,318,318.51169,0.9533,0.941,0.9267,0.9209,52.760328,53.461296,2.989493,0.048283,0.815328,3,10,8,4,3,10,8,3,3,10,8,4,4,10,8,4,0.02701,0.04205,0.34311,0.34606,1,1,06:02:2021,21:42:02,628,-3.212972,-60.598056,49.99,lev20,Almucantar,ARM_Manacapuru,318,318.51169,0.038163,0.023857,0.019734,0.016503,0.977078,52.760328,53.461296,2.989493,0.048283,0.815328,3,10,8,4,3,10,8,3,3,10,8,4,4,10,8,4,0.02701,0.04205,0.34311,0.34606,1,1,06:02:2021,21:42:02,628,-3.212972,-60.598056,49.99,lev20,Almucantar,1.627790365027456,0.6631912753905531,0.8885472207919971,FNA,Arid,,Unknown
23:11:2015,20:32:42,ARM_Manacapuru,327,327.856042,0.7105,0.3204,0.1984,0.146,0.6834,0.2919,0.1678,0.1134,0.0271,0.0285,0.0307,0.0325,1.861751,71.712355,71.012651,6.467993,0.052322,0.709678,4,10,7,5,4,10,7,6,4,10,7,5,4,10,7,3,0.03276,0.05077,0.40649,0.40135,1,1,06:02:2021,22:49:19,628,-3.212972,-60.598056,49.99,lev20,Almucantar,ARM_Manacapuru,327,327.856042,0.709678,0.320071,0.198696,0.146641,1.858267,71.712355,71.012651,6.467993,0.052322,0.709678,4,10,7,5,4,10,7,6,4,10,7,5,4,10,7,3,0.03276,0.05077,0.40649,0.40135,1,1,06:02:2021,22:49:19,628,-3.212972,-60.598056,49.99,lev20,Almucantar,ARM_Manacapuru,327,327.856042,1.3875,1.4093,1.4185,1.4126,0.006717,0.00699,0.007232,0.007276,71.712355,71.012651,6.467993,0.052322,0.709678,4,10,7,5,4,10,7,6,4,10,7,5,4,10,7,3,0.03276,0.05077,0.40649,0.40135,1,1,06:02:2021,22:49:19,628,-3.212972,-60.598056,49.99,lev20,Almucantar,ARM_Manacapuru,327,327.856042,0.9413,0.9192,0.9003,0.887,71.712355,71.012651,6.467993,0.052322,0.709678,4,10,7,5,4,10,7,6,4,10,7,5,4,10,7,3,0.03276,0.05077,0.40649,0.40135,1,1,06:02:2021,22:49:19,628,-3.212972,-60.598056,49.99,lev20,Almucantar,ARM_Manacapuru,327,327.856042,0.0417,0.025878,0.01978,0.016494,1.091357,71.712355,71.012651,6.467993,0.052322,0.709678,4,10,7,5,4,10,7,6,4,10,7,5,4,10,7,3,0.03276,0.05077,0.40649,0.40135,1,1,06:02:2021,22:49:19,628,-3.212972,-60.598056,49.99,lev20,Almucantar,1.871276459783537,0.5593399168914792,0.9437040326579257,BCL,Arid,,Unknown
30:11:2015,11:57:49,ARM_Manacapuru,334,334.498484,1.5221,0.7193,0.4537,0.3422,1.4353,0.6238,0.352,0.2371,0.0868,0.0955,0.1017,0.1051,1.764965,58.713511,59.399921,7.452238,0.239439,1.523186,4,10,7,5,4,10,7,5,4,10,7,5,3,10,7,4,0.02789,0.04346,0.35676,0.35907,1,1,06:02:2021,23:48:47,628,-3.212972,-60.598056,49.99,lev20,Almucantar,ARM_Manacapuru,334,334.498484,1.523186,0.719111,0.452522,0.341086,1.769526,58.713511,59.399921,7.452238,0.239439,1.523186,4,10,7,5,4,10,7,5,4,10,7,5,3,10,7,4,0.02789,0.04346,0.35676,0.35907,1,1,06:02:2021,23:48:47,628,-3.212972,-60.598056,49.99,lev20,Almucantar,ARM_Manacapuru,334,334.498484,1.3879,1.4215,1.4397,1.4446,0.004992,0.004864,0.00489,0.004901,58.713511,59.399921,7.452238,0.239439,1.523186,4,10,7,5,4,10,7,5,4,10,7,5,3,10,7,4,0.02789,0.04346,0.35676,0.35907,1,1,06:02:2021,23:48:47,628,-3.212972,-60.598056,49.99,lev20,Almucantar,ARM_Manacapuru,334,334.498484,0.9565,0.9444,0.9335,0.9262,58.713511,59.399921,7.452238,0.239439,1.523186,4,10,7,5,4,10,7,5,4,10,7,5,3,10,7,4,0.02789,0.04346,0.35676,0.35907,1,1,06:02:2021,23:48:47,628,-3.212972,-60.598056,49.99,lev20,Almucantar,ARM_Manacapuru,334,334.498484,0.066157,0.039979,0.030176,0.025265,1.149032,58.713511,59.399921,7.452238,0.239439,1.523186,4,10,7,5,4,10,7,5,4,10,7,5,3,10,7,4,0.02789,0.04346,0.35676,0.35907,1,1,06:02:2021,23:48:47,628,-3.212972,-60.598056,49.99,lev20,Almucantar,1.775527699067555,1.2130274606422107,0.9132064331515101,FNA,Biomass,,Unknown
